"Gene_Symbol","logFC","adjPval"
"SAA1",8.37803320459313,1.31204460468821e-05
"CRP",5.78639760936032,0.00206589708442527
"S100A9",4.38654564197893,0.00349034070418489
"MYH7",4.30998983831714,0.0429763878449077
"S100A8",4.29568224711388,0.00630570947066884
"APCS",4.23982577451193,0.0269535462050828
"C9",3.954434200655,0.000911364975653027
"MPO",3.89737245462223,0.00869144531393956
"IGKV3-11",3.78713417270497,0.0198422604347506
"ORM1",3.67387763883086,0.00126668993242097
"MPZ",3.66727848689833,0.33437388418394
"CTSG",3.53348705348235,0.0178227380912881
"IGHA1",3.41407888370268,0.027328777997485
"ELANE",3.39365441461132,0.0315443308410022
"PRX",3.37778371234562,0.315254338891942
"LRG1",3.32991733973543,0.00171608753807437
"SERPINA3",3.32543572131089,0.00481601076149044
"LYZ",3.2491397328097,0.0264834605611339
"IGHG3",3.24733201388732,0.00314536759011681
"CFB",3.24140074892387,0.00225240815421283
"ORM2",3.09978588333046,0.00314536759011681
"LSP1",3.06237443556649,0.000750780822344059
"MB",2.93290484828458,0.12551345807154
"SERPINA1",2.88179747581622,0.00969371673496565
"FGA",2.87254677746133,0.00916793311603189
"HLA-DRB1",2.84103464209592,0.000893577671309511
"LUM",2.78121585246654,0.313461802767091
"MMP9",2.76926563609531,0.00517857199981344
"NQO1",2.64145735701491,0.237434741350958
"C4BPA",2.62330536085432,0.0131070552605153
"PRTN3",2.61002823241919,0.0287026633513182
"COL28A1",2.50873903466364,0.292675034059673
"FGB",2.48827656060871,0.0114479780763783
"FGG",2.48436418373098,0.0152845228122847
"HLA-C",2.47226073268201,0.0377454518609556
"RNASE3",2.46918332974661,0.0318183902303468
"NA",2.46640567640883,0.00915610425881052
"HP",2.4590143385754,0.0180908474060927
"OGN",2.42003906653434,0.409581738043034
"APOH",2.41860336169258,0.0377454518609556
"MYL2",2.34800735916749,0.136316876633185
"C3",2.32361191659033,0.0087384453114778
"VTN",2.30953341352572,0.0644353569481964
"TYMP",2.28221036383496,0.000215909296843116
"ITIH3",2.28206044893574,0.00517857199981344
"IGKC",2.26796935287568,0.0292432500326729
"CD163",2.25464810433299,0.0250969985984746
"HPX",2.22022717256874,0.0339645111760267
"C6",2.21825691757717,0.010923831135306
"DCN",2.1966296401105,0.375004655914577
"SAA4",2.16224307509348,0.0185513673607691
"ITIH4",2.15306618376596,0.0363016599273841
"HLA-B",2.15112557434638,0.00931245219451135
"CA3",2.14637289149193,0.148423019434446
"PLIN2",2.14348485642231,0.112632262172695
"C8A",2.1322174675195,0.0257019987961915
"CKM",2.12804250619232,0.220845270433452
"C8G",2.08557252711364,0.00915610425881052
"LTF",2.0724240577035,0.114269435093895
"ASPN",2.02676150003193,0.448893921728092
"CFH",2.02447217189073,0.0389045722231351
"COL1A1",2.01635529749541,0.442914144631366
"AMBP",2.01287843373507,0.129581247596785
"S100A4",1.99474755423625,0.037991818107561
"IQGAP2",1.95503867908418,0.016969105006159
"JCHAIN",1.9447840139916,0.039242224361504
"PPBP",1.94081780444529,0.0619935649029396
"CFI",1.93817149344962,0.0142025441243236
"THBS1",1.93013482021441,0.1714982856305
"LBP",1.92246451048285,0.0131070552605153
"TGFBI",1.91392846328529,0.216955002275542
"F9",1.88189204458454,0.00915610425881052
"GC",1.84181369044372,0.0659539407538292
"C1S",1.81644167199525,0.015298009265666
"F2",1.7991323850555,0.109524545223952
"ADH1B",1.7987554985518,0.304435895718494
"C5",1.7930523427893,0.06105963411142
"HRG",1.79254100990933,0.14659716478252
"EPX",1.780455373702,0.21600792342502
"COL1A2",1.76011686508755,0.470709673231944
"FCGBP",1.73322722683884,0.0701555248294044
"PRELP",1.72949372999996,0.508051150995399
"IGKV1D-33",1.7261386114659,0.00314536759011681
"IGLV3-10",1.69877211770839,0.0561191213567778
"EMILIN2",1.69401098303856,0.0315885087507525
"IGHG2",1.68208281852474,0.124900394803576
"CP",1.65709952782969,0.0451276491588058
"CAMP",1.64934854319055,0.0159751522768199
"TNNC1",1.6452141829716,0.037991818107561
"SERPINF1",1.64367437704101,0.212366423328658
"MME",1.63621265429236,0.423810669869909
"PRG4",1.6333459134329,0.148167394231813
"DRP2",1.61471350347738,0.348946843884408
"FERMT3",1.60026524477026,0.0102889431358438
"C1R",1.59550526960207,0.0114479780763783
"APOA1",1.5840740561243,0.373569125560321
"FGL2",1.57398089406198,0.330076048353737
"SERPINC1",1.56425418466112,0.230125014115377
"KNG1",1.56133296816073,0.18982482063622
"HLA-DRB5",1.54980082438105,0.00971971638159165
"A1BG",1.53790174467894,0.0900419114582075
"SPTA1",1.52800519681513,0.253789920004342
"SLC4A1",1.49675601153987,0.272886011468294
"IGHV3-7",1.48544782443919,0.113677252719064
"AHSG",1.48221921500815,0.230503914900092
"APOE",1.48033851976096,0.0242990089992697
"SERPING1",1.47499259349746,0.153219988781872
"GPNMB",1.47037622660639,0.193966458484739
"IFI30",1.4698873540917,0.0257019987961915
"MFGE8",1.45675610340996,0.252265297655543
"PMP2",1.44533732842879,0.18568011661651
"BGN",1.42585388894179,0.564506191521506
"GSTZ1",1.4193830847706,0.080611771926514
"LCN2",1.41077210821506,0.12425960321783
"PLG",1.40722590906073,0.211168922969156
"GSTA1",1.39531066072444,0.453715390976134
"FBN1",1.37762873836589,0.50681937506682
"IGLC2",1.37740360741071,0.223913575506187
"THNSL2",1.37588495688093,0.0609318611592551
"CD177",1.37155644433043,0.432752437164427
"FBLN1",1.33352359240248,0.430069958222972
"APOB",1.33128775647532,0.214477679461328
"ITIH2",1.3151922318762,0.228238996407462
"A2M",1.30863064823176,0.0969126621110331
"EPB42",1.30718886227497,0.301680220767496
"GBP2",1.30644877795542,0.0335756402450224
"IL4I1",1.30556778020393,0.019548218433067
"H1-5",1.30542160235582,0.0518956863053184
"SERPINF2",1.30303803915574,0.0696532061489031
"COL8A1",1.29612771915827,0.250055577554182
"NPL",1.28241382481985,0.0250279298896245
"CD14",1.27958003301708,0.0723723141281031
"COL6A3",1.27717300466463,0.50681937506682
"TPMT",1.27211375569233,0.000478150847789477
"DES",1.26793288176517,0.201102085846558
"LPL",1.26468106652821,0.365260618240614
"FAS",1.26142772219186,0.0100125173172194
"ITIH1",1.25526642686158,0.23331779566109
"HBZ",1.24291185157246,0.433493422089967
"CA1",1.24030071319447,0.360147047397402
"IGHG1",1.22355302175809,0.279970496991802
"HBA1; HBA2",1.21732636383425,0.374654354404016
"APOC1",1.2148556053587,0.327877608999584
"IGHV3-30",1.20937953198133,0.238168385564332
"DPT",1.20934816156332,0.413532075559401
"C1QB",1.20925459342568,0.0778351439491619
"SAA2",1.20423462229878,0.214684197087691
"GGT5",1.19963430974251,0.051375879852855
"STAB1",1.18436470166846,0.0419101504209956
"FBP1",1.18179661065524,0.137812677522182
"C4A",1.16941433960007,0.0489731427675968
"BPI",1.163250530774,0.295075655735616
"CYBB",1.15962159354908,0.00913542147355235
"MYH2",1.15427730158884,0.304435895718494
"RHAG",1.15233405519085,0.35741096691237
"HBD",1.14961090401505,0.407599268002013
"ACTN1",1.14653684108566,0.12183723724232
"ANG",1.14426969801267,0.261356654377088
"COL12A1",1.14218764280512,0.606799481634583
"AZGP1",1.13946953460814,0.286826827114111
"IGHG4",1.13877014102828,0.362363937509841
"SPTB",1.13613307092013,0.285369770592774
"APOC3",1.13355201699731,0.549283368151531
"CPM",1.12480216166095,0.0157143207996479
"COL16A1",1.12477062965992,0.514574054686481
"CNN1",1.11420868203571,0.554889670928159
"PCOLCE",1.11252859672612,0.497169865765909
"C2",1.10959328140975,0.13083429355844
"OSBPL11",1.10884713036423,0.000417444972119161
"COL6A1",1.10345678578568,0.54448926744331
"HLA-A",1.09929774028022,0.136479312569207
"OMD",1.09622219432902,0.500829563461932
"C1QC",1.092582049612,0.13227161578678
"TIMP3",1.08391534125346,0.395058433904598
"GPX3",1.07732872846982,0.44156639568392
"CAPG",1.07628130600843,0.0115284402381449
"IGHV5-51",1.07526444713721,0.0492076309324332
"ACTN2",1.07524693539207,0.0810635655831017
"COMP",1.06968942710592,0.534421440345541
"HLA-DRA",1.06709017350446,0.037991818107561
"CES1",1.06639108730637,0.487929343003953
"COMMD2",1.06149512585137,0.0574886084707308
"CSTA",1.0561732319032,0.230186755738941
"COL6A2",1.05150639688893,0.555263679131429
"FBLN5",1.0391162307142,0.385753058924108
"SOD3",1.03519719596568,0.433493422089967
"IGHV4-39",1.0337526212546,0.105979781480214
"ICAM1",1.03328361188009,0.117473248357864
"CFHR1",1.0293238590898,0.284320378644779
"LGALS3",1.02823900186394,0.276550164801263
"IGLL5",1.02541490662101,0.381746972115222
"FN1",1.022390097348,0.512160737574462
"CPN1",1.02094807804365,0.021001010780125
"VIM",1.01677078099789,0.299669913130843
"CDH1",1.01622107850357,0.374706421223817
"IQGAP1",1.01538407398242,0.0327157982678146
"KLKB1",1.01437170862855,0.178560507743454
"GSTM1",1.00716125554651,0.708934218196562
"IGHV4-28",1.00506511148206,0.236489379247855
"TLR7",1.00410723595812,0.389538300535693
"HBB",1.00331954663801,0.438762396089913
"F10",1.00107451221323,0.044803262243137
"MYH11",0.998963442832583,0.57873863425795
"EMILIN1",0.994691397428992,0.425651296011011
"COL3A1",0.992439887605688,0.369530646176941
"TNFSF13",0.9921185102914,0.037991818107561
"ASAH1",0.991813730311295,0.0159751522768199
"F13A1",0.987123225008546,0.301808622922724
"ARG1",0.982441171394518,0.245070222503924
"PIR",0.978282792082419,0.00314536759011681
"CPN2",0.976798091360104,0.121649501410959
"HHATL",0.972482032844448,0.114759869674274
"RGN",0.965139609506192,0.107956593658813
"LAMA4",0.964070551123466,0.44827491675576
"ITGB2",0.955594036665232,0.00798666366872113
"TAP2",0.95444974421954,0.00255493731545243
"SYNPO2",0.950674017877876,0.0894352746385587
"CYP4F11",0.948465484531319,0.12183723724232
"C7",0.946033447998174,0.270425522264237
"SERPINA5",0.943092497202864,0.233010392497932
"RFTN1",0.941758405651862,0.162402024738268
"APOBR",0.939006938764027,0.046964608485584
"NAMPT",0.934617473045469,0.0986409557202121
"ADGRE5",0.932143714727687,0.0810635655831017
"TAP1",0.931821010113929,0.00125169480102774
"PTPRC",0.926565378689887,0.00915610425881052
"CAT",0.920630514147962,0.285929000357483
"IGHV5-10-1",0.919159274756646,0.168217162051088
"LAMB1",0.918154474796406,0.554889670928159
"ITPR3",0.911399451185908,0.486048978198828
"IGHV3-9",0.910301596791664,0.281634952095458
"TNFAIP8",0.906918229598651,0.00916793311603189
"NNMT",0.906866560535244,0.253560784383785
"CTSZ",0.903885514293666,0.0650943058375784
"FPGT",0.903024310439852,0.00571773491618526
"TNC",0.902975362060673,0.230711114135335
"ARPC1B",0.901248124511246,0.0272356329760419
"ANXA3",0.897638142913419,0.343838380153365
"YBX3",0.897033680608303,0.129979870676096
"HBG1",0.892369274467013,0.782751518694788
"PBLD",0.891299162961587,0.0292432500326729
"FOLR2",0.889854365751354,0.114759869674274
"IGFBP5",0.888404587572114,0.117860616473206
"CD9",0.887493024178589,0.242067563410106
"HMBS",0.887336921443934,0.109524545223952
"FABP1",0.885573825099261,0.676992631054944
"PROS1",0.884617473531214,0.128318511945358
"DGLUCY",0.88257612486793,0.716450154236241
"PLEK",0.882164218372218,0.047100477231259
"VWA1",0.877169838435249,0.424227987721938
"SERPINH1",0.872345420637069,0.140823585371237
"C4BPB",0.872206459077801,0.078041077839558
"APOL1",0.871887024461268,0.391402175209589
"ASPA",0.868948438032444,0.0709623793217767
"SPP1",0.866933589452971,0.0393729034668001
"CYBA",0.866205280755597,0.249884827398819
"MRC1",0.865823140713822,0.157036635909514
"HCLS1",0.862330580792849,0.0531810544089119
"CYB5R2",0.855403266879209,0.245070222503924
"ANK1",0.851727261230431,0.390853581731288
"PLIN3",0.851154181833536,0.0642949659460076
"SVIP",0.850244227422035,0.427631557498202
"MAMDC2",0.847721371609666,0.462774709239472
"IGHV3-15",0.845775390968384,0.342557800436002
"SKAP2",0.844093923518763,0.00314536759011681
"CALD1",0.844047992513408,0.467111502826428
"NRIP2",0.838198154640331,0.283886627965035
"MLIP",0.836302652495611,0.487274070011444
"C1QA",0.835989149783544,0.142975290474718
"CAVIN1",0.833920663070469,0.574859127970616
"CAVIN3",0.833813606563778,0.617707052504786
"MBLAC1",0.828864888106969,0.000507834787670496
"LCP1",0.828317893268482,0.0192807070874754
"GALC",0.825692642456135,0.274733572882132
"ITGB3",0.824669118237863,0.304435895718494
"CLEC3B",0.817968304346699,0.536029447321552
"CNTF",0.816583974190371,0.225138904984363
"ITGAX",0.813173305385114,0.0403327349581752
"NAAA",0.812691513135007,0.0280018910545559
"VAMP8",0.811030852036666,0.037991818107561
"CD151",0.809398083388068,0.203359878221793
"CARS2",0.808128762399868,0.001201958833955
"PYCARD",0.80586159821331,0.0252306427760858
"HCK",0.803549408224757,0.0217679317505945
"CLIC2",0.803018368810902,0.171548482666665
"ALPL",0.799305099981916,0.239249856159241
"SERPINA6",0.795752001690926,0.128318511945358
"AHNAK2",0.794736570224083,0.176030352694158
"EPB41",0.792986994737493,0.284364171539487
"STK10",0.791086888924681,0.205249215414601
"IGHM",0.790240396430308,0.549663331900537
"IGHV1-69",0.786356432726815,0.160077936002963
"ABCA1",0.78199482155476,0.0394658074706044
"EHD4",0.779154929874132,0.184575353456882
"PLXDC2",0.776188181875726,0.0612228422528812
"HSPG2",0.772676160864728,0.536029447321552
"KYNU",0.77235532055056,0.0695102977075202
"APOA2",0.772069628195933,0.649728255268844
"SMC2",0.771160121291434,0.0852907353390916
"GIMAP8",0.767272368855359,0.00915610425881052
"NGFR",0.764982167026705,0.245702087610643
"SLPI",0.764756953345063,0.470226013007378
"SAMHD1",0.762550664399308,0.294817512390879
"SQOR",0.761551556667936,0.386778512230448
"CTSC",0.76153980914804,0.223566002285638
"NEFH",0.758517776623778,0.274733572882132
"CD74",0.757585997040675,0.126204674865287
"TAPBP",0.756751812524941,0.0488635992533625
"SERPIND1",0.75653275354426,0.613562326134971
"SYNM",0.75650745635064,0.238168385564332
"DHRS3",0.756011691258144,0.160983897052015
"CCS",0.754164233449107,0.0257019987961915
"GBP1",0.752801999393453,0.159183263956845
"RAB27A",0.749645003123575,0.100171017920477
"PTPN6",0.749624077376236,0.112178086760072
"UAP1L1",0.744846053758328,0.0350084597481138
"APOM",0.744842926766198,0.382862870387618
"PLTP",0.7426013422178,0.134281036044078
"EMILIN3",0.742500057490716,0.521720090821816
"ABCC1",0.741084468269843,0.001201958833955
"RAB20",0.741068871478492,0.0821134231198722
"SYPL1",0.737259515922508,0.0249801424238077
"CD5L",0.734234816451067,0.451102735368269
"CZIB",0.732953979836706,0.0178227380912881
"MGLL",0.732608607973933,0.219074953706419
"COL15A1",0.732324307639821,0.632414059887628
"ADA",0.731709730464107,0.0680016720041215
"GMFG",0.731475217112598,0.0114479780763783
"ITGAM",0.729776894678766,0.0393729034668001
"GLIPR2",0.726093357195385,0.224738169261899
"ERAP1",0.725831262989248,0.247924799744101
"ARHGAP25",0.725008455396111,0.0666774886928342
"AKR1C2",0.724913485496425,0.18271227024368
"FCGR2A",0.722533224508576,0.186269924435869
"TTC39C",0.721446151512083,0.00931245219451135
"SELENOP",0.721354559864579,0.037991818107561
"NIBAN1",0.720575640172736,0.39679674979294
"S100A11",0.719410050782008,0.314933445982141
"DSG2",0.71284722868121,0.391319961115969
"DUSP15",0.712242349292576,0.197232228215078
"S100A6",0.711297985926143,0.276396528674354
"PSMB10",0.709216110325048,0.00314536759011681
"GCAT",0.709038682119983,0.393206547794753
"FLAD1",0.702990507845588,0.0190926494631171
"ATIC",0.701821423469951,0.0257019987961915
"LCP2",0.697225686042099,0.00913900259021857
"EFEMP1",0.697063861034529,0.564615710314184
"ACSL1",0.696257920543763,0.0217974085884292
"HNMT",0.695785374763796,0.111314923616262
"B2M",0.69548421970433,0.166380830524107
"L3HYPDH",0.693438977631056,0.0335987274519159
"PNPO",0.693219506797989,0.233139404021217
"BTN3A3",0.693059811310734,0.0167453731211564
"ACSF3",0.693051438030771,0.00314536759011681
"HSPB6",0.692321384001561,0.13227161578678
"DAB2",0.691067038827724,0.16477446888836
"FLNB",0.690547834475428,0.196241027928115
"CPNE1",0.690020918386946,0.693581117413567
"FCGR1A",0.689673244496719,0.129979870676096
"MX2",0.688844828228226,0.179429998735
"BPGM",0.687724694355898,0.2788699813997
"FLNA",0.686718815714922,0.359158530762323
"ACE",0.684569337384483,0.257309178276953
"ALDH1A3",0.684564869582738,0.395058433904598
"PSMB8",0.679832493348401,0.0178227380912881
"NEXN",0.676043942505306,0.0462194197421628
"NCF1B",0.675176647047865,0.11404868224268
"PLK1",0.672491826075666,0.113677252719064
"ANO6",0.670021787278493,0.200563212010352
"AKR1B1",0.667521858199603,0.115511414611018
"ANXA1",0.667137238810096,0.374706421223817
"TGM2",0.664483928770849,0.471037869801138
"PSME2",0.663791992817888,0.022921127410555
"TSPAN8",0.662799464400253,0.423563789769501
"EHBP1",0.65894798745553,0.0339645111760267
"RAB32",0.658418196825194,0.0112951718049906
"SCRN3",0.657472127627498,0.083756405515525
"SUSD2",0.65507970735449,0.315254338891942
"SCIN",0.654967448585476,0.247566182485652
"MYO1C",0.652677831061036,0.550909836728725
"IGLV9-49",0.646338229377086,0.446676151485157
"LSS",0.644458182780898,0.257564084434212
"GALM",0.644347355903664,0.0670002051524449
"LMO7",0.642986042285928,0.438172406355971
"HABP2",0.642617552182914,0.168694915158579
"PIGR",0.640637496477622,0.579334283353691
"IGHV2-70D",0.636833074377725,0.332702658054758
"MYO1B",0.635667738591705,0.566434514654581
"COCH",0.635314133577646,0.472426177027928
"ABI3BP",0.635243286541549,0.83680157478072
"TRIP10",0.632534641481864,0.072616388644497
"SLC2A1",0.627748232560627,0.437645721326966
"DMD",0.627645307856158,0.457725271162789
"CAV1",0.627519745555533,0.692278449661626
"GPX1",0.627086624701766,0.0257019987961915
"MATN2",0.62632361381616,0.660262691405908
"MICAL1",0.625665607124123,0.294165413102732
"FRZB",0.624102983384134,0.717226229265132
"LTBP2",0.623058836043336,0.726736102771862
"GJB1",0.622641178245919,0.333178406134462
"CSPG4",0.622547927265336,0.289909666035081
"ENO3",0.621957964673728,0.339952619990609
"CD84",0.619702770191976,0.0810635655831017
"HAAO",0.616781329926582,0.442897363557386
"JMJD7",0.614134534058024,0.0343734877308686
"INF2",0.61290781820977,0.0969126621110331
"PPIL3",0.612826793674477,0.210177149518475
"PLD1",0.612443768966475,0.126956115700226
"LMNA",0.611924178177729,0.47142211705359
"DPYD",0.611734185540696,0.184271666506466
"COL5A2",0.609853783991514,0.657449645722544
"AACS",0.609644007249786,0.0666774886928342
"NEFL",0.607186308065922,0.310161926309741
"UGT8",0.606513438392867,0.214140401638372
"COL14A1",0.605415927393468,0.772079234890771
"LDAH",0.604704464956091,0.0780197091556399
"TF",0.604292098630843,0.451102735368269
"PSME1",0.603599742827852,0.0308429218406238
"TMEM63A",0.602445842950641,0.0670002051524449
"S100A7",0.602100967223367,0.739576362730669
"ENPP6",0.601399089435375,0.170006103938487
"NEFM",0.600771977550078,0.256625556698464
"PARVG",0.600676602925883,0.0996423429304799
"ELMOD2",0.600566841696258,0.0705283508412552
"C2orf88",0.60003432276223,0.0890123605520186
"TCIRG1",0.599166926341806,0.00916793311603189
"HACD2",0.599079476790402,0.099603346872245
"APRT",0.598986519867415,0.0392946560414652
"LTBP4",0.598865254984635,0.44827491675576
"LHFPL2",0.597562944847986,0.114086059716493
"DOCK2",0.597239992124678,0.06105963411142
"PDLIM7",0.5965817478397,0.63197009951776
"FCER1G",0.596047804112412,0.22302074572174
"CMTM6",0.596014425532378,0.443930337584841
"SSC5D",0.595677743638439,0.641152090529765
"COL18A1",0.593645544835976,0.66123118008283
"PALLD",0.592149687929766,0.236141523346574
"CAMK1",0.591908190022265,0.0558229642535018
"PRKCD",0.591888270757021,0.151371238211
"NUDT14",0.591191884383303,0.0574628471675681
"STX11",0.590139967834762,0.128318511945358
"SDC2",0.589330186895653,0.218035914190663
"COL2A1",0.587923022698815,0.460364321707459
"IGF2R",0.58680173472793,0.037991818107561
"CASP1",0.586774855965806,0.0431026416450187
"ARHGAP9",0.584768563379307,0.019548218433067
"ARHGDIB",0.584651722707779,0.151532880461562
"ALDH3B1",0.58391675351455,0.319921518119691
"AOC3",0.58268799575824,0.725473368865604
"HPD",0.581813468667507,0.544564961886229
"MBP",0.581531893114644,0.50681937506682
"PLIN1",0.58026106033449,0.593861498093761
"PKP2",0.579972923620149,0.755970983211956
"MNDA",0.578825197829726,0.281634952095458
"GRAP2",0.578650375663806,0.00255493731545243
"M6PR",0.576682012719965,0.0301046991430989
"VASP",0.573551629100207,0.0960237251342035
"FMOD",0.570223274386397,0.839907499162735
"SLC30A7",0.567808212757594,0.0791767843393455
"NPC2",0.564930685324603,0.141465707478214
"KANK2",0.562621525423038,0.629352766157039
"TRAP1",0.561995550488332,0.0948474425348991
"ARHGEF10",0.560066118599252,0.0666257154650942
"RCSD1",0.558713364574244,0.0335756402450224
"CD53",0.557822622365221,0.0393729034668001
"HVCN1",0.557390549131389,0.0778351439491619
"LRRFIP1",0.556106181942665,0.0595782202308319
"PRG2",0.554563917291573,0.596121490650835
"ACADM",0.552539269188433,0.098155257402935
"FNTB",0.550863221614769,0.110663479572443
"ACOX3",0.54959288242946,0.0451276491588058
"KLHL41",0.548279291420183,0.408403652535049
"PDLIM1",0.547322874438231,0.330781463045685
"ITGAL",0.546773467358355,0.0531810544089119
"NES",0.545802083156119,0.652016035366919
"FTL",0.545059623922569,0.162070818073534
"P2RX4",0.544734038973711,0.111314923616262
"TAGLN2",0.542378397646791,0.294165413102732
"FKBP5",0.542260038406289,0.441644080883498
"TNXB",0.541053271755006,0.762072004000713
"DPYSL5",0.540863844825543,0.241369710290036
"MTHFS",0.540629512341356,0.037991818107561
"FGD3",0.539961320310942,0.122332759346535
"GLRX3",0.539780420302863,0.258343193833035
"OSBPL9",0.536865949941717,0.0177126210832516
"SLC39A14",0.534715831365644,0.00787657175798794
"FCGR2C",0.533189241640491,0.224738169261899
"BID",0.532154403058682,0.0126536883679375
"SCPEP1",0.531897429701958,0.00915610425881052
"STAT6",0.53165666089196,0.198204058460192
"EFEMP2",0.530955982354942,0.381682089153875
"CTSS",0.530715434321368,0.343855846879605
"SP100",0.528992647087628,0.219837924046378
"RAI14",0.527587540078839,0.0771126446596072
"SORBS2",0.526846895215522,0.580214061969265
"PRPH",0.525908461032689,0.691191383636264
"DDX24",0.52563120843152,0.0431245370036151
"PDIA5",0.524813006620694,0.169065499138568
"PLEKHA4",0.524656136436588,0.602588768188395
"IGFBP6",0.523914755950979,0.601773661118112
"UBL3",0.520859225056778,0.17011660706975
"ABCB9",0.520803871689766,0.161220954602505
"USP26",0.520440007199196,0.166380830524107
"CEMIP2",0.519670670518057,0.342557800436002
"C4B; C4B_2",0.518077582973116,0.488931629953942
"HDDC2",0.517100618632755,0.00314536759011681
"AGPAT4",0.517000497907043,0.216955002275542
"COL5A3",0.516639021796956,0.278418895538546
"SNX18",0.516622006468765,0.0451656225854988
"RNASE4",0.516170725630047,0.483447748865497
"PECAM1",0.514075338133592,0.256625556698464
"BCAS1",0.512529178850178,0.361995403067671
"MYO1A",0.512375905593284,0.647124352651114
"STEAP3",0.512139410741108,0.407599268002013
"ATP2A3",0.511155982570748,0.343838380153365
"SVIL",0.510749292652985,0.413049268974915
"FKBP15",0.509600018651101,0.114759869674274
"CLU",0.508223761084164,0.571923723116453
"LIMA1",0.507050893115927,0.294165413102732
"ARPC5",0.505625774048896,0.0284125728172484
"SFN",0.505336575048567,0.563063491292662
"TIGAR",0.504715948148567,0.019548218433067
"MICALL1",0.503245801005834,0.266026066851607
"RSU1",0.500635901792105,0.18568011661651
"SNX30",0.500472880129546,0.100171017920477
"VAV1",0.498934708352371,0.0935916716072622
"PLP1",0.497956639238959,0.382185293189493
"CALU",0.496956501292763,0.0615713788728533
"MMAA",0.496784011248128,0.082488908637415
"ANPEP",0.496401844155141,0.768938259397277
"C5AR1",0.493924387905772,0.136479312569207
"FCGRT",0.493689003220108,0.416268749492239
"CCL14",0.49290374646233,0.451510043039519
"GNG2",0.492659564379702,0.554889670928159
"CAV2",0.492617499433122,0.648112395518102
"ASS1",0.49258873897077,0.46938507268869
"KIF13B",0.492214193836528,0.237608071847969
"GSDMD",0.490840939680798,0.23758805395615
"MRC2",0.490621673738236,0.322848443940048
"TMEM178A",0.488983533105446,0.127215098071034
"GJC3",0.488557210255809,0.669526285257879
"DDX39A",0.486881276550292,0.099603346872245
"SCAMP2",0.484809148795001,0.0720856988627041
"F12",0.484315956769608,0.720749661826307
"DAG1",0.484237078797412,0.491598921362858
"PAQR8",0.483175184927052,0.136792801668405
"KNTC1",0.483055829978866,0.0525971734106764
"EFHD1",0.482891189106585,0.362177440141695
"HK2",0.48281406503072,0.214140401638372
"LACTB",0.480367546446876,0.169065499138568
"UTRN",0.480297627583772,0.36171527521218
"MYH9",0.47987246891314,0.276550164801263
"LTA4H",0.477514088477919,0.0391494929781274
"GIMAP4",0.477143229252581,0.218607645595177
"FMNL1",0.476965843728566,0.0238458464886946
"NFKBIA",0.47655590509392,0.230125014115377
"LGMN",0.476358680173018,0.438113971479743
"LILRB1",0.475826984583795,0.131428264152756
"ADHFE1",0.475395143354969,0.194926538516082
"YOD1",0.475195127947518,0.097284136624976
"GPD1",0.47311328346041,0.51582532079804
"STX3",0.472742213905105,0.0703280055689271
"MYO1F",0.472714023153516,0.11404868224268
"RARRES2",0.472070577244976,0.481379713822571
"AIF1",0.471871392411849,0.267476288509919
"PTMS",0.4711340939004,0.479037350587948
"CORO1C",0.47103814008689,0.107956593658813
"FAIM",0.470864063696498,0.130747460288946
"TOR1AIP2",0.470192185322736,0.00481601076149044
"PLA2G4A",0.470168336336974,0.11622617440133
"MMP2",0.46975743601977,0.458974530821066
"SNTB2",0.468808926916834,0.427241994218217
"IL18",0.468790591625922,0.359149104386261
"DDI2",0.468168267874635,0.374706421223817
"EXD2",0.46810011789308,0.00798666366872113
"CTSB",0.466642149597737,0.179161510674229
"GSTM3",0.465796252882292,0.54567939256263
"CMTM5",0.464907880171671,0.283886627965035
"LYAR",0.46439297506638,0.108953571943107
"TAGLN",0.463082266453455,0.816999572565101
"LPP",0.462872937790607,0.516677490606992
"CPS1",0.462232993794299,0.742081690670105
"BHMT",0.461285416933906,0.657449645722544
"RRBP1",0.4611031932352,0.250055577554182
"EBNA1BP2",0.460257310882436,0.12183723724232
"CORO1A",0.460237681022624,0.128318511945358
"LPCAT3",0.459918277922452,0.225138904984363
"F11R",0.459111867981193,0.266858928111606
"FCHO2",0.458167830519502,0.129111309456091
"MYL9",0.458071033615624,0.726481037402316
"GCLM",0.457871672209976,0.0257019987961915
"IGKV3D-7",0.457527870028632,0.364430390232175
"SYT12",0.456278089469576,0.635277755158832
"SLC25A35",0.455949794943143,0.183868556095308
"CBX1",0.455070465921803,0.110663479572443
"CYB5R3",0.454250067437371,0.147853105134244
"ADPRH",0.453213678920067,0.0927131442688106
"MFAP4",0.452876230737285,0.596642947439643
"CARHSP1",0.451828789592405,0.269050912340398
"PTPN12",0.450971747470492,0.0398949837009876
"SERPINA4",0.450947305064378,0.659797473898017
"TXNDC5",0.449814150646478,0.304435895718494
"MFAP2",0.44874493385834,0.711567978483414
"PPP1R21",0.448185333296902,0.0683903572959588
"CD2AP",0.447753086470936,0.0252017499979474
"KIF21B",0.446772259638292,0.14659716478252
"CA2",0.445744301912701,0.331251907076768
"FHL3",0.445694804425715,0.520126400433373
"AIF1L",0.444897048115036,0.375485682011185
"SULT1A1",0.444760769679329,0.57511841737239
"PTPDC1",0.44305573244181,0.193323652664109
"AHNAK",0.441402555334419,0.725043268755578
"SMOC1",0.440389802362864,0.39957042629503
"ZFYVE19",0.440339820623485,0.12183723724232
"MYL6",0.439536464590308,0.304468292182712
"TVP23C",0.439120227551197,0.0335987274519159
"TMBIM1",0.43797404088349,0.122444697897573
"WIPF3",0.437927499653721,0.433337301648281
"DERA",0.43697909474731,0.2414540141667
"PDE1A",0.436725226506881,0.395224958254607
"MYOF",0.436487145933178,0.596121490650835
"CMPK1",0.43579995267396,0.0518943516760349
"ABHD14B",0.434020770989457,0.431445627590845
"COLGALT1",0.43270557342547,0.214140401638372
"PPCDC",0.431902430585808,0.17011660706975
"LAMTOR3",0.431212651547946,0.0302683262314134
"SSR4",0.431008336752495,0.107720836550019
"SKIC2",0.43096985475799,0.00373374958650782
"CORO7",0.430470611231264,0.013621007149997
"DCLK1",0.430223776565084,0.0833806184403312
"MTHFR",0.429854122584199,0.0667781335996422
"PALMD",0.428922209050207,0.402971748206997
"CKAP4",0.42856689418953,0.327761447980981
"HEXB",0.428208144506039,0.230503914900092
"PTPN1",0.427890053658265,0.0451276491588058
"JPT2",0.427569764715228,0.575519289282461
"ANP32A",0.427026509921507,0.00915610425881052
"MTRR",0.426117538087391,0.195479035949832
"COMT",0.42570002408495,0.169095644102332
"EBP",0.425096673852225,0.216955002275542
"HLA-DPA1",0.42481736689169,0.424227987721938
"GNG12",0.424339102072604,0.502465349799773
"HNRNPF",0.422976429142933,0.100118403890901
"SORBS1",0.42288530931703,0.565172582237387
"PLCG2",0.422624037425392,0.071052629436749
"COL21A1",0.420831452821369,0.751249970585293
"JPH2",0.419645822295527,0.400381331983653
"PCDH7",0.419616563847852,0.456187193636608
"ARHGEF1",0.418721034258926,0.0371176489075683
"FADS3",0.4186739219439,0.240489654133355
"MYO1E",0.418556044088577,0.293796967512039
"COBLL1",0.418396740214493,0.284364171539487
"AMPD3",0.416897270534189,0.318383189833139
"APBB1IP",0.416295976845428,0.165023437694959
"BIN2",0.415235774515742,0.0443593105557428
"SEMA7A",0.415157038620132,0.315254338891942
"ETFRF1",0.414558797190579,0.0619935649029396
"MDK",0.414382076226897,0.641935220990637
"ANXA2",0.414177600819208,0.608357597395135
"LEMD2",0.413810475042519,0.232981496969113
"DOCK11",0.41239956023488,0.140823585371237
"NDRG1",0.41228645670742,0.359357762705968
"SLC1A5",0.41221097692645,0.294165413102732
"P4HA1",0.412147912091976,0.0969126621110331
"OTC",0.411872697198728,0.282098129550183
"MRI1",0.411141817295805,0.466609496589698
"GPX8",0.410455970010154,0.304468292182712
"PKLR",0.410429895796399,0.389538300535693
"ILVBL",0.409939008899599,0.0153675555461405
"EPHX1",0.409468440204156,0.205533077907084
"GAMT",0.408274157101548,0.22975301746378
"FBLN2",0.408072749878691,0.709868352192307
"MAP4",0.406780558973265,0.382656648878797
"PSMB9",0.406577609958008,0.0301046991430989
"AHCY",0.405551910749626,0.0136071393822156
"RPS6KA1",0.405404250827795,0.11622617440133
"TALDO1",0.405249341331688,0.0584467495238381
"KCTD7",0.402504975816324,0.233192965639356
"EML4",0.402181740512658,0.118514238210318
"PARP14",0.401860020357597,0.286011855252082
"CALCOCO2",0.401588764200305,0.0545954006327703
"OTULINL",0.401049464563675,0.145316503985588
"AFM",0.401003275302683,0.755542342727321
"CBR1",0.400872397522559,0.50681937506682
"CBX3",0.400359684319705,0.126956115700226
"AK2",0.399982315805694,0.123328623632838
"PRUNE1",0.399031703479723,0.0272356329760419
"ACTA2",0.398969043357415,0.469697462014952
"RPIA",0.398531516630372,0.328116755535051
"IGF2BP2",0.398089029182504,0.484885872397562
"RETSAT",0.397479409722139,0.136479312569207
"PAPOLA",0.397350073551772,0.037991818107561
"GALNT7",0.397198529673929,0.11565681903624
"RCC1",0.396565373224464,0.212165738546035
"STT3A",0.396511708258055,0.166640352616872
"TRADD",0.396476829833527,0.136757047173665
"SELENBP1",0.395192350352442,0.442922600175623
"TMEM119",0.394401634790205,0.653927974595125
"SRPX2",0.394288007033435,0.698867392962102
"HBQ1",0.394196760767644,0.516677490606992
"MYO9B",0.394058255336997,0.14099990630225
"RAPGEF5",0.393213187213929,0.210177149518475
"GYPC",0.392947375022025,0.349308482986973
"MAN2A2",0.392796238284682,0.0257019987961915
"PGLYRP2",0.392400740819983,0.564506191521506
"ENG",0.392391708569994,0.402971748206997
"BAX",0.391460934047737,0.0383828191313779
"VCL",0.391096165136918,0.555263679131429
"PROCR",0.391063706541633,0.554889670928159
"TUBB6",0.39072049361066,0.180606982818933
"ENTPD2",0.39062626214654,0.390954834166385
"ITPRID2",0.390570995994745,0.400379645762776
"CTU2",0.390533303633552,0.0875183737768312
"CSTB",0.390151296976102,0.408545411403025
"RGCC",0.388582894569659,0.635467964067612
"ACADL",0.387997558562667,0.830069030914882
"SCRN2",0.387664531506074,0.237338073677094
"FCHSD1",0.387578307131095,0.468044035083638
"CYP4X1",0.38716002845457,0.515985054788078
"TNS1",0.387151626183892,0.367301268043516
"ACTN4",0.38701174895418,0.14154428152658
"IL16",0.386728853557265,0.200356479760254
"STK4",0.386215943993008,0.00873086993952308
"DPY19L1",0.386025043447159,0.163673740306137
"SH3BP1",0.385784485886027,0.193323652664109
"METTL26",0.38363054664258,0.0902340269169995
"CTSA",0.38356354566967,0.193966458484739
"PACS2",0.382315073257072,0.166216301997378
"PTGS1",0.382202938244175,0.286218060036417
"AGO2",0.381505233830321,0.390294616850895
"SYK",0.381485249356475,0.209029052061026
"SDCBP",0.380571057725243,0.155462610392341
"ALDH16A1",0.380140586590981,0.373297528237613
"LGALS1",0.380031533344294,0.256625556698464
"PDIA6",0.379682296587362,0.0664663524630747
"PTPRJ",0.379469199930382,0.237338073677094
"COPS7B",0.379184700225915,0.0517779708217822
"NAGK",0.378938710214781,0.0728966937959595
"NINJ2",0.378497995195644,0.595663788184185
"ERLIN1",0.378273857123054,0.349308482986973
"DIRAS2",0.377768880320929,0.471602284945508
"MICALL2",0.377446007684613,0.372987401011165
"LDLRAP1",0.376813048146335,0.538390874376905
"PDLIM4",0.376750675744672,0.54567939256263
"RNF213",0.375770241394749,0.243578751611376
"DEGS1",0.375305645890251,0.114723059466161
"STX7",0.375297346843984,0.0759874486302256
"DIAPH2",0.37484051507154,0.207971137407144
"SH3BGR",0.374727047001418,0.249884827398819
"CC2D1B",0.374672037162419,0.204296974083122
"FAM98A",0.373361823631612,0.0532854235481239
"TSPAN15",0.372767010466429,0.425651296011011
"IDE",0.372576700220042,0.0178227380912881
"PML",0.372514392761984,0.544876624149782
"IGHA2",0.3724037949011,0.772130863465695
"ACTR1B",0.371034291251972,0.0521284828033713
"S100A10",0.370075782511744,0.658992467768554
"PRDX4",0.369921093945257,0.110663479572443
"KRT1",0.368894329783746,0.786943765667216
"IMPDH1",0.368730768014187,0.196241027928115
"PARP9",0.368282960352592,0.106859099895683
"RPA2",0.367986707046411,0.0491995818906803
"NUDT4",0.367964995657966,0.257564084434212
"ALOX5",0.367391917680388,0.26940520185516
"C15orf40",0.366772155201279,0.143088479531848
"FCN3",0.366207772915723,0.557891246631498
"DNM2",0.365945448429279,0.173190486780112
"RPL6",0.36570378931078,0.18032398485029
"ZC3H4",0.365398909129694,0.211264098961957
"CYBC1",0.364882381446547,0.173359395709698
"UBAC1",0.36478431807833,0.343910993131134
"ENPP2",0.364588632866065,0.434863831300065
"C1GALT1",0.363984552048604,0.573600880605032
"PFN1",0.362911544567075,0.11622617440133
"OSTF1",0.362490764538652,0.14154428152658
"GSTP1",0.36219450352225,0.299046324874047
"TSC22D4",0.361756256303046,0.385014229961048
"NID1",0.361376973362409,0.725473368865604
"PLCB2",0.361363795657123,0.461894882167348
"PHACTR2",0.361345299593482,0.449009468835595
"GLB1",0.361003050217242,0.205249215414601
"SNX8",0.360547309380342,0.0318183902303468
"TBCA",0.360444796955433,0.455662697959636
"PTER",0.359595627884019,0.668994749069035
"MGAT1",0.359428720821617,0.204394258926607
"WNT6",0.359383156323165,0.750209732570924
"HSD17B7",0.359275232744796,0.128318511945358
"PGM2",0.358535541134444,0.247924799744101
"GSDME",0.358031394865259,0.328730415548318
"DTX3L",0.357607490385814,0.20792655997026
"OAS2",0.357204751215022,0.218153601079566
"STMN1",0.357119332285587,0.398547824807832
"RPL32",0.357037346412902,0.126204674865287
"EHD2",0.356933702781186,0.725553760455027
"MANF",0.356593832678843,0.299669913130843
"TRPV1",0.356544293141739,0.780646887761577
"PDXDC1",0.356349924439142,0.0112920616423406
"MYBBP1A",0.356237918153875,0.0686327920992547
"BST2",0.355763669747488,0.369284829902489
"API5",0.35568090965341,0.0761373647707216
"TMPO",0.35546834933808,0.596121490650835
"CBR3",0.355447751146521,0.267948651969528
"S100B",0.354684610066656,0.374706421223817
"CSAD",0.354662079305877,0.451756387856429
"FSCN1",0.354642730685331,0.186560889225537
"SERF2",0.35437360051812,0.408673446098993
"ATG7",0.354207489362281,0.0335987274519159
"PIP5KL1",0.353789504791015,0.205936799877729
"PTGFRN",0.35357170222686,0.462874832932208
"IGKV3-20",0.353333374747272,0.593944008534729
"SERPINA7",0.35327137515767,0.588579552791917
"RMDN1",0.35302400249698,0.276550164801263
"SHPK",0.35279680188275,0.608720391194801
"SACS",0.352763698605076,0.384396161963706
"SLC25A24",0.352715345350589,0.423563789769501
"EVI2B",0.352313485663914,0.443930337584841
"SKIC3",0.352303907280183,0.037991818107561
"EIF5B",0.351938692751402,0.00915610425881052
"NAA10",0.351908544068801,0.0264834605611339
"ITGA7",0.351769054927843,0.362177440141695
"BPIFA3",0.351361841152814,0.535809519257166
"DHTKD1",0.350647509045299,0.522279564582136
"S100A2",0.350473553936681,0.618929543365921
"FHL2",0.350179866298785,0.647798413604002
"MARCKSL1",0.35016120396166,0.462774709239472
"CAST",0.350030248219477,0.258429330368128
"FGFR1OP2",0.34985907493869,0.328026458484039
"PCNA",0.349700526272695,0.31006541541959
"PGD",0.34951870580732,0.131910830444768
"FAM107B",0.349515959053766,0.669121334558983
"ZNF326",0.349092971195457,0.257309178276953
"CNN3",0.348980112691031,0.425803763576964
"PGM2L1",0.34893371591868,0.375357165609165
"NRP2",0.348905530977584,0.562473026548942
"IGLV4-69",0.348845276382961,0.445213812438394
"RASAL1",0.348562781930561,0.408545411403025
"MOB1B",0.34743721181921,0.20536980692748
"BLVRA",0.347047170730058,0.0118199792188964
"GLDC",0.34688428855736,0.468633612497725
"CCDC25",0.346530207691872,0.12183723724232
"DSP",0.346466867679647,0.857878866135563
"CADM4",0.346209987776138,0.375004655914577
"PRKG1",0.345683156136086,0.261680707240595
"KRT9",0.345516929160185,0.810539147816669
"UCHL3",0.345402641152088,0.167182338254362
"CD63",0.344014504659291,0.26431206034669
"KIF3C",0.343640047940941,0.472060398682677
"LY75",0.343608670456534,0.400379645762776
"FNTA",0.343481216635121,0.237338073677094
"PLEKHO2",0.343093055777528,0.463493823167525
"TRA2A",0.342653805728673,0.182652173579691
"PRKAB2",0.342232466173764,0.256625556698464
"ERP29",0.341188715095697,0.046964608485584
"AGTRAP",0.340546585789406,0.309841806073423
"THUMPD1",0.34009745607133,0.22636805817183
"TMUB1",0.340031877624304,0.28456100948919
"ARRB2",0.339829880048036,0.0745194820166065
"TNFAIP2",0.339276066959769,0.078600821967986
"MEMO1",0.339160149109858,0.253541150183054
"TKT",0.33880671039925,0.110663479572443
"NIBAN2",0.338289668545531,0.402645271741116
"UAP1",0.337744109766296,0.0981259944067877
"SUPT6H",0.337653125319036,0.179999286728376
"ERMP1",0.337327824944492,0.134870857914358
"AKT2",0.33666121120374,0.0836004965478429
"SUMF2",0.335831484175589,0.285929000357483
"KIF1C",0.335656692517835,0.155422524880481
"TRIR",0.335548316054017,0.405226879719281
"TTC9C",0.335416247815179,0.346722620531134
"IER3IP1",0.335410801122325,0.12183723724232
"AS3MT",0.335315631533529,0.276396528674354
"KAZN",0.334969232466575,0.1714982856305
"PLOD3",0.334917561972819,0.301808622922724
"ARHGEF6",0.334286596494087,0.1714982856305
"SDF2L1",0.333858942905655,0.119968288069524
"RIPK1",0.33368324969241,0.19266041656817
"HMGA1",0.333638210404994,0.553063452576858
"PLXNC1",0.333429205900211,0.367565380189466
"MBOAT1",0.332727249178733,0.376818783661848
"TTC9",0.332368940114291,0.170006103938487
"LGALS9",0.332230493854402,0.364707056841826
"ILK",0.332089312394714,0.462774709239472
"TPM1",0.331912981586971,0.332373993486803
"AOX1",0.331875381355601,0.607483033057357
"CRYAB",0.3316880139901,0.627922485399554
"TXNDC17",0.330991577003607,0.10086118137574
"SCFD1",0.3309330895503,0.0570673155175507
"HEBP1",0.330921173549274,0.559206677658621
"TUBB2A",0.330667638874051,0.31006541541959
"SEC24D",0.330271331509779,0.233192965639356
"FRMD8",0.329352080897067,0.503322180227284
"SIPA1",0.329196046765579,0.180606982818933
"IGFBP7",0.328682644567523,0.57511841737239
"SAP18",0.328354625193244,0.331251907076768
"HMGB1",0.328305453249239,0.372777119574924
"SAR1B",0.327261355760351,0.139840718733347
"CERT1",0.327105973055065,0.0747407711376139
"C2CD2",0.326822143476042,0.252664693558535
"BZW2",0.326792381051746,0.0531810544089119
"HMOX1",0.32614312455537,0.285929000357483
"LYVE1",0.326109334243895,0.471293358663959
"OGFRL1",0.325526251977349,0.364313570008504
"DAD1",0.324917489547902,0.144466864209297
"PPM1F",0.324886306387832,0.184329127703106
"LMOD1",0.324583813807299,0.762468042751362
"EFHD2",0.324487864109834,0.387371096734252
"LMAN2L",0.323358423014726,0.078600821967986
"GUSB",0.323301839673345,0.230503914900092
"ITGA3",0.323107292981822,0.437937577171511
"NAT1",0.322372814536623,0.492091391041988
"HSD11B1",0.322156086276845,0.621766443120241
"NPM1",0.321962042198402,0.234295290197489
"LMNB1",0.321836311871449,0.502474274804722
"LPAR1",0.321331874162738,0.391319961115969
"DNAJC2",0.320865196668136,0.415031098059646
"ADAM10",0.32079730874433,0.434863831300065
"ADAM15",0.320631806061769,0.315254338891942
"ACAN",0.3204499399349,0.694688683333581
"FOCAD",0.319817479459184,0.0792556550311817
"NCKAP1L",0.319472476819662,0.343067616167926
"FABP3",0.319010217516132,0.372630325555887
"FAM171A1",0.318137140930679,0.142866090564475
"DOCK8",0.318035213918616,0.321628762380009
"ECM1",0.317581981969855,0.662345684475743
"FAM91A1",0.317196465233291,0.114463172803649
"AFAP1L2",0.31673831792147,0.693747671975225
"RSL1D1",0.316645793347861,0.14756773128481
"CNPY3",0.316642480999871,0.156045912764098
"TGM3",0.316225185326267,0.603021628271712
"CYB5A",0.315961221513414,0.483468003511869
"TOM1L1",0.31571399104357,0.303952263754996
"RASSF2",0.315671595781692,0.0494994939989299
"SWAP70",0.315639666577692,0.228127929564129
"TUBB",0.315624703866696,0.135001637039315
"EIF4A1",0.315328059484258,0.051375879852855
"CPSF6",0.315116796060371,0.188074521168039
"LMCD1",0.314804463606103,0.50854703786789
"FLII",0.314155098232087,0.0139229135420423
"APEH",0.313792015956039,0.0560109127351588
"AKR1A1",0.313729678915973,0.110663479572443
"VAT1",0.313601222260548,0.404321555317798
"DYNC1I2",0.313580480067039,0.213234593916351
"PNPLA2",0.313074548465598,0.35216857614097
"TEX2",0.31281213665341,0.122279521989942
"CPNE2",0.312641050268583,0.309436797209706
"FSD1L",0.312226101798913,0.427409100209709
"APEX1",0.312198890921058,0.243578751611376
"TAX1BP3",0.312170287117539,0.454285556987995
"KIF3B",0.312074808681029,0.0513021876320609
"TRIM22",0.311979532593613,0.338645977076017
"CD34",0.311782764005812,0.698631258756786
"TRIP6",0.310697213485534,0.603329420933042
"EIF4A3",0.310235758552421,0.21085947467791
"C17orf75",0.309690157418078,0.116410919955009
"NRBP2",0.309633121351068,0.136757047173665
"CAP1",0.309130757339609,0.0615713788728533
"PADI2",0.309018379714553,0.381746972115222
"ASCC3",0.308584399202697,0.11763388267047
"TMEM43",0.308189024466516,0.567406803142883
"DTYMK",0.307810335394596,0.211179761621714
"LMAN2",0.307762430937631,0.249227579864648
"GIMAP1",0.307731141718682,0.451102735368269
"UBA7",0.307693296327954,0.395058433904598
"SYNPO",0.307032115189602,0.71011753608509
"STING1",0.3067970708845,0.63197009951776
"CORO1B",0.306551728834904,0.104704959604763
"STK38",0.306508717846384,0.307399748646778
"ALG5",0.306407965522604,0.136792801668405
"H3C1; H3C10; H3C11; H3C12; H3C2; H3C3; H3C4; H3C6; H3C7; H3C8",0.306178679129903,0.593265654797677
"CD36",0.306147958018987,0.574859127970616
"PXK",0.305926291598142,0.439160955899986
"MOSPD2",0.305757893593091,0.499368482417801
"RRM2B",0.305647600200135,0.19033925485926
"ACTR2",0.305372378187601,0.0576019239642525
"FKBP3",0.305208966751561,0.281707623276087
"C2orf76",0.305100242558094,0.22822632141891
"NECAP2",0.305096734385438,0.177707560775448
"MYL12B",0.304900418936604,0.429797254705371
"ABHD4",0.304871465563366,0.0636198039229897
"CRADD",0.30404908408466,0.217249701377706
"CRLF3",0.303770147301178,0.315254338891942
"MVB12B",0.303710300346568,0.297786695366372
"SLC16A2",0.303055465394481,0.335965360074539
"CAND2",0.302818293422634,0.187861085490433
"APIP",0.302701793460274,0.722490009131012
"MAP6D1",0.302607597421008,0.711380066961921
"MYO1D",0.302552752235803,0.630951156847027
"DNAJC8",0.302388184070468,0.426257893143646
"NUDT5",0.302295161324999,0.32760508108621
"EHD1",0.301803989078227,0.252363989961713
"HM13",0.30176423335142,0.261356654377088
"BTD",0.301715169882366,0.4078494411571
"TMOD3",0.301525552843707,0.505153850170079
"NECTIN2",0.301270438051537,0.436781978569343
"TENM4",0.300938437981115,0.256625556698464
"KDSR",0.300266236321971,0.14659716478252
"PGAM2",0.299878420628145,0.302411623198793
"UBE2L3",0.299798238933597,0.193095565223835
"REEP3",0.299715079683472,0.14871409293531
"SLC12A2",0.299636613366923,0.461366084596066
"HTATIP2",0.299144881975183,0.441762791559517
"ABCC9",0.299028489582561,0.414793518713485
"PHLDB2",0.298989471904041,0.564615710314184
"RAC2",0.298693447253614,0.186699007139755
"PYGL",0.298669229029116,0.50681937506682
"FABP7",0.298613565288457,0.671041223552505
"ARHGEF17",0.298200218484036,0.410701461373985
"CD55",0.298132622165108,0.653622885781201
"RWDD1",0.298127028513264,0.0630783550219492
"BCHE",0.297780336284353,0.438113971479743
"SACM1L",0.297099662206456,0.0280018910545559
"WASL",0.296685231123853,0.247709593173393
"TXLNB",0.296633109379173,0.399827195913746
"HSPB1",0.296462666948536,0.584351027110295
"JAKMIP3",0.296341005756393,0.342557800436002
"TMX1",0.296102687132459,0.216002266803603
"THBS2",0.294924978415084,0.23331779566109
"SART1",0.294780264089922,0.393827281331466
"PGM5",0.294671435941897,0.770952883196318
"PDYN",0.294370940740227,0.726394118761263
"MTTP",0.294360172677313,0.602985720070152
"P4HB",0.293742825353348,0.329582790074751
"CTNNA1",0.293579850073515,0.66517666455857
"PPFIBP1",0.293313206849563,0.652502084998025
"PPFIBP2",0.293061017921316,0.243229478249745
"SNX7",0.292395332069825,0.207971137407144
"HIKESHI",0.292360863404429,0.453791087961966
"IGHV1-18",0.29200482767213,0.639348685865532
"JAGN1",0.291719624729772,0.0505919815509938
"BLOC1S5",0.291678456539955,0.25655381319153
"WAS",0.291116994859147,0.195002738800067
"RPN2",0.290864107646902,0.294165413102732
"GAS7",0.29082499485224,0.438862032184039
"UBE2K",0.290665837077357,0.128318511945358
"POLR2G",0.290634876876302,0.286011855252082
"TMED2",0.290581495593543,0.163673740306137
"TES",0.29047238131708,0.725553760455027
"TCOF1",0.290448268131891,0.407599268002013
"DKC1",0.290241477308827,0.231313602280252
"ULK3",0.290158289614119,0.297786695366372
"ANO10",0.289470054362585,0.293796967512039
"SPCS1",0.289339162818959,0.342175214823915
"TRMT61B",0.288952288538373,0.420450913358934
"ACTL6A",0.28889967992336,0.234059963588518
"STUM",0.288868558067206,0.579233770718358
"TMEM205",0.288553388186061,0.286011855252082
"DDR2",0.288277782131295,0.451102735368269
"NOS3",0.288050261659498,0.172682412722971
"ARPC2",0.287903303374174,0.0686327920992547
"CHKB",0.287620567675386,0.119968288069524
"PLOD1",0.287579466893848,0.255899928942889
"CAPZA1",0.287340184621028,0.00931245219451135
"GMDS",0.287336062471223,0.187081877012547
"PON1",0.286891202368651,0.83680157478072
"TXNL1",0.286780374547181,0.137981062091659
"ABCC8",0.286303933717894,0.328370604205466
"IVNS1ABP",0.286057683656777,0.218287323827926
"DHRS7",0.286048525503956,0.166229655715033
"PARVA",0.285964603626162,0.545922236263324
"SDK2",0.285908168457924,0.285929000357483
"TRAPPC10",0.285797541916374,0.111314923616262
"SOD2",0.285674764423311,0.529926230310729
"HDGF",0.285544944040211,0.42852389211459
"PLIN4",0.285539977391835,0.761812615087067
"SRSF4",0.285401776761923,0.372630325555887
"MTUS1",0.285223170839213,0.552516464581387
"RPAP3",0.285041469725577,0.129558048071471
"YKT6",0.285016937264507,0.0327157982678146
"CTNNAL1",0.284635720989485,0.657449645722544
"GMIP",0.284604111484875,0.212600866322632
"RBM25",0.284560781930832,0.296711614137227
"ISLR",0.284545934283634,0.679933828684121
"NID2",0.284487821824291,0.794467012883702
"SLTM",0.284016854745351,0.257047435541915
"ADSL",0.283842677196757,0.285929000357483
"EXOC6",0.283749694466133,0.122658977690005
"MYL6B",0.283299447643879,0.219074953706419
"ARHGEF2",0.283221659420883,0.412361250036505
"RAB8B",0.283192984725925,0.0899631380661525
"CDH11",0.283071781381977,0.333731888481673
"TRIM21",0.282885334156281,0.247566182485652
"HOMER3",0.282635319241156,0.372987401011165
"PLS1",0.282501575502041,0.286826827114111
"IGLV1-47",0.282500384608138,0.435587103258007
"SLC9A9",0.282111022555929,0.19033925485926
"PLXND1",0.281848632585639,0.391892862029414
"RCAN2",0.281731584509404,0.549663331900537
"RRAS",0.281463025215709,0.549472268637498
"CPVL",0.281378135169534,0.772136564338363
"AGT",0.281219442312173,0.592325253622677
"SNX4",0.280830343497934,0.236489379247855
"ITPR1",0.280068033025445,0.635388667545854
"KIAA1217",0.279657919600931,0.469976369793137
"CEPT1",0.279605079651186,0.0496028471965028
"NUAK1",0.279033598306476,0.385753058924108
"TCERG1",0.278652769997199,0.233026667494455
"STON1",0.278435336144993,0.644598980192572
"PRKAG1",0.278208986649535,0.0285201434613627
"MPP1",0.276906024893874,0.393827281331466
"GAS2",0.276723871753473,0.482999225054188
"THTPA",0.276161635208576,0.122279521989942
"MAP1LC3A",0.275968842562586,0.390853581731288
"ACYP1",0.275775512866801,0.344671648712123
"NEK1",0.275185593972239,0.392828543492253
"SELL",0.275070878523795,0.479296427694034
"SRPX",0.274862061188479,0.849868521836248
"ACSBG1",0.274787409935206,0.588787551199027
"EPB41L2",0.274329057194832,0.522125125801498
"ITGB1",0.274137725359466,0.527156819214858
"CRIP1",0.274122899847667,0.776507698647008
"ANP32B",0.273882175754053,0.237774918706446
"CACHD1",0.273706435745552,0.486045304627825
"ENDOD1",0.273568155829839,0.222615866777293
"HSPA4",0.273322906219645,0.037991818107561
"STEAP2",0.272854104423828,0.487929343003953
"NOL3",0.272041976849486,0.412361250036505
"NDE1",0.271881765622105,0.451510043039519
"RETREG1",0.271743708768144,0.378502513220558
"CEP250",0.271443773511381,0.18568011661651
"NME2",0.271365104418024,0.0819216915374024
"RAB11FIP2",0.271299687932381,0.309841806073423
"SEMA3B",0.271273464903329,0.628205572754512
"HACL1",0.271172179946085,0.405886790572109
"IL1RAP",0.271034998282888,0.122332759346535
"EFNB1",0.270980138274094,0.50681937506682
"MAP3K6",0.270704209913657,0.457725271162789
"SAFB",0.270481221061267,0.424584144794275
"FPR1",0.270443815532524,0.41743288903828
"ARHGAP17",0.270315403406128,0.264173989938527
"UFD1",0.270255239830977,0.205249215414601
"TYW5",0.270187876211872,0.491598921362858
"TRIM36",0.269934708297237,0.484167976294221
"RGL2",0.269873646199255,0.130924844748965
"MAPRE2",0.269572450414453,0.450822656461355
"ACAP2",0.269358606904232,0.0776304234844274
"PTN",0.269087476764305,0.886344135094782
"SHOC2",0.268991948126454,0.166380830524107
"SYTL4",0.268973909195394,0.66894128538277
"MYDGF",0.268861376298998,0.16757763128865
"ACTR3",0.268345381854338,0.144466864209297
"PPFIA1",0.268066173901527,0.28052944864991
"GANAB",0.267954487991307,0.233139404021217
"MIA2",0.26725286472481,0.113601283063792
"LRCH3",0.267175576519604,0.252265297655543
"ARHGAP18",0.26711180624755,0.516477030737226
"ITGA5",0.26701579222944,0.359357762705968
"RPL29",0.266956186665078,0.223913575506187
"GBE1",0.265746068669626,0.205533077907084
"RAD21",0.265651082421789,0.373297528237613
"FN3K",0.265418121366409,0.149675551646049
"SLMAP",0.265266497673371,0.227660030429724
"FAM50A",0.265233819960083,0.170803424531716
"GATD1",0.265080647690892,0.37294119083919
"SEPTIN11",0.26498800905086,0.367900937104016
"SKIC8",0.264658128484854,0.0371176489075683
"LPCAT1",0.264642785674409,0.3492902413902
"ARFGAP3",0.26458772323195,0.3298060217804
"LRRC20",0.264372585442969,0.186609758491592
"ARHGAP45",0.264260733004215,0.635388667545854
"LYPLAL1",0.264206079753407,0.442448533046992
"EEF2",0.263794127623171,0.0285070597924243
"LMAN1",0.263604835444529,0.430228883744423
"KIFAP3",0.263383042440882,0.27324763314443
"ANKS1A",0.263288816237301,0.447199924624175
"MAGT1",0.263154354971052,0.320156305466623
"SEPSECS",0.262738280098974,0.345336628368495
"SUN2",0.262726130529328,0.646871461076012
"HYCC1",0.262685851265314,0.128318511945358
"PDCD4",0.262621349113235,0.54859204124242
"SORD",0.26168369648448,0.466708942810787
"KCTD5",0.261621827556401,0.402971748206997
"PODN",0.261420749123106,0.755970983211956
"NASP",0.2613462992277,0.426257893143646
"RCCD1",0.261126424320579,0.0851031513644885
"NFKB2",0.260943910758019,0.409331250535277
"SFT2D2",0.260776386323067,0.458855725646246
"RCN3",0.260551323671028,0.772130863465695
"UBE2I",0.260520280784009,0.272689587744919
"GTF2B",0.260140212939003,0.406469034855538
"TGOLN2",0.259432028945282,0.311319365308966
"SLC6A12",0.259388104593726,0.54567939256263
"ANTXR2",0.259314746012539,0.326407938573639
"SUMO1",0.259216695212677,0.269208921776591
"FAM20B",0.259167095347851,0.252363989961713
"EIF5A",0.258522187421065,0.0846268073275127
"PSMF1",0.258511037597701,0.322773235144442
"TNS2",0.25795050796351,0.726481037402316
"NFKB1",0.257886310405178,0.332373993486803
"GLA",0.257830525087099,0.113677252719064
"FGFR2",0.257486465792462,0.400030294433738
"CLINT1",0.257439828382802,0.114269435093895
"CFDP1",0.25713752358091,0.35216857614097
"TBC1D13",0.256426259445465,0.233026667494455
"RPA3",0.255945953690343,0.160983897052015
"SPECC1L",0.255903563820279,0.180677129634994
"ATP6V1G1",0.255901796004938,0.284219587081863
"TNKS1BP1",0.255831260122205,0.653961068180284
"NAXD",0.255706137367987,0.230711114135335
"GTF2F2",0.255504226654901,0.406469034855538
"IPO4",0.255100808319461,0.23331779566109
"TM9SF2",0.255069201658323,0.0761373647707216
"CD81",0.254988936377487,0.50681937506682
"PBDC1",0.254835965340112,0.124978924938094
"ATP8A2",0.254551058582212,0.592325253622677
"KPNA3",0.254093662073849,0.0800028574452284
"PAPSS2",0.253824856468887,0.695458670747236
"MTDH",0.253783170777526,0.32760508108621
"USO1",0.253709071932532,0.00915610425881052
"PLEC",0.253621888033924,0.441762791559517
"SNW1",0.253608326178911,0.564615710314184
"CDKN2AIP",0.253538112834354,0.369530646176941
"CFHR2",0.253442341481888,0.703897436083485
"BOLA2; BOLA2B",0.253262896826099,0.239544280802437
"RBM14",0.25266156210051,0.55785067842679
"RRM1",0.252657391924982,0.493666977021266
"MAN1A1",0.252460961349882,0.344858851503846
"TUBB4A",0.25229710214747,0.423563789769501
"MYO5C",0.252242593782267,0.613562326134971
"ATL3",0.251911145455987,0.270356373762225
"RBM22",0.251903503470823,0.127037299527426
"PLSCR1",0.251768273420023,0.401315185625764
"ARSA",0.251505698160882,0.65782233672967
"NME7",0.251469041963821,0.078041077839558
"PACSIN2",0.251159274710933,0.163360474418394
"PIK3R2",0.251113581821803,0.545400152217121
"DDOST",0.251037558258297,0.383585287228151
"SMARCE1",0.2508799036773,0.330076048353737
"DNAJA2",0.250494688489553,0.33437388418394
"PTPRU",0.250492539481256,0.449009468835595
"ADARB1",0.250491036020976,0.375557887049045
"TRAM1",0.250456784847962,0.271493112995878
"TRNT1",0.250296077800829,0.114086059716493
"STAT1",0.250108081830977,0.270966364705366
"SERPINB6",0.250007649332922,0.287512896430731
"KAT8",0.249297383440643,0.167374227170561
"GLMN",0.249265100763312,0.1979578714497
"SLC37A4",0.249189883826908,0.299046324874047
"GPC1",0.249113627406233,0.563279952486845
"EIF6",0.24897213591839,0.080611771926514
"SMG1",0.248496064566895,0.193323652664109
"SCYL2",0.248000878155329,0.0840192081375536
"TECR",0.248000775242115,0.373841887908055
"KIAA1671",0.247673909509663,0.676992631054944
"IGFALS",0.247252150882963,0.74873411826406
"RABGAP1L",0.247115286766175,0.276875173198296
"USP24",0.247072187741322,0.0491795938074024
"PFKFB2",0.247027647462314,0.484167976294221
"TIAM2",0.246865072695258,0.711987185737505
"YARS1",0.246479159317541,0.220845270433452
"NDC1",0.246033336577361,0.303952263754996
"WDR44",0.246010854305148,0.175207450580067
"PYCR3",0.245896716122235,0.702161810007252
"SET",0.245831945719893,0.265754203266404
"WNT2B",0.245750002582761,0.807484702080301
"EIF3H",0.245564533524458,0.122279521989942
"G6PD",0.245191155093584,0.15081609825274
"HS1BP3",0.245066018409835,0.243639899376648
"GALK1",0.244754804674479,0.447199924624175
"GGPS1",0.244577983663039,0.298633483988906
"ALDH1A2",0.244357769884813,0.707408963004742
"COL4A2",0.244344297039712,0.805273491555209
"GORASP2",0.244221410722863,0.17563022311269
"GSS",0.244197733802741,0.206352839008183
"CYP2S1",0.243840733470143,0.291873796792158
"PLP2",0.24349226763705,0.621766443120241
"PEX5L",0.243487326092586,0.506592678224062
"DENND10",0.243339149429286,0.129979870676096
"HLA-F",0.243130981772187,0.318498251543144
"CAPN5",0.243051598550265,0.594208918542264
"EIF2AK4",0.243036622152085,0.233192965639356
"PUM3",0.242806733408067,0.247924799744101
"ARMH3",0.242547582202951,0.288718918646687
"TBC1D1",0.242182229823115,0.334239058462486
"CBFB",0.242016136853107,0.555682964093674
"UGGT1",0.241947313973727,0.128318511945358
"USP25",0.241782645683736,0.204394258926607
"WDFY2",0.241721543932682,0.237338073677094
"CRYGD",0.240938229749869,0.631053874573707
"CPAMD8",0.240807536582135,0.657449645722544
"PITHD1",0.240236355779736,0.119170724858338
"HPR",0.240156809424632,0.67918364276513
"RP2",0.239980257153496,0.54567939256263
"NXF1",0.239877420685577,0.286011855252082
"GRB2",0.239721418803871,0.221433428128818
"VPS37C",0.239715964776246,0.533599647075704
"DNAJC13",0.239498297118498,0.156045912764098
"SLC16A7",0.239494305370969,0.332373993486803
"INPP5D",0.239490302782581,0.407215939895824
"TP53I3",0.239309308542612,0.646871461076012
"TUBB2B",0.239239387557779,0.594507813813494
"STX2",0.238903682982938,0.458974530821066
"U2AF2",0.238799960757234,0.176030352694158
"RING1",0.238757330933365,0.432770188162308
"TRIM26",0.23862347070362,0.396277812083472
"C12orf4",0.23859894239084,0.406409249496138
"MAP3K5",0.238523326581731,0.389538300535693
"PDCD10",0.23848739321015,0.0759874486302256
"ME1",0.23840702730104,0.454744487639246
"TFCP2",0.238343752683612,0.103466784737807
"LYN",0.23779689944424,0.531488759565264
"SYNE2",0.237622904668254,0.441163848353407
"ITIH5",0.237580047761361,0.796886341235246
"NUP153",0.237509599471333,0.510111248288937
"GIMAP5",0.237498906850083,0.491409951026473
"OSBPL1A",0.237374720201954,0.269050912340398
"HDAC1",0.237271932613741,0.393827281331466
"CARM1",0.237118104840487,0.156045912764098
"VSIR",0.23701771259448,0.429227665607736
"ADK",0.236981702028769,0.250055577554182
"RIPOR1",0.236977709457047,0.0491795938074024
"SNRNP70",0.236965831093396,0.374706421223817
"PIK3C2A",0.236936902612312,0.167916763737957
"SSR3",0.236840220106372,0.327146828733224
"PELO",0.236508969450954,0.315011027422341
"NAA50",0.23649815170493,0.080611771926514
"SERBP1",0.236208316836658,0.557891246631498
"DRG2",0.235858248374166,0.136479312569207
"CHORDC1",0.235569548494599,0.416361080704912
"ENPEP",0.234747863974494,0.389538300535693
"MACROD2",0.234155176915284,0.657409546233066
"PDS5A",0.233481597571245,0.516477030737226
"NUDT15",0.23340520016589,0.238168385564332
"RAB4A",0.233107503949439,0.183868556095308
"ACTN3",0.233076611513466,0.460943029746326
"MOGS",0.233018736986853,0.238159927865148
"EMP3",0.232809519008476,0.709764544526976
"ALG12",0.2328046564928,0.197978290880924
"PREB",0.2327226464151,0.108012492010602
"FEN1",0.232361467612078,0.458779518871065
"UGDH",0.232262738299487,0.549663331900537
"SLC4A2",0.231823396710948,0.442897363557386
"RPS18",0.231805664765419,0.24126344173004
"GLTP",0.23180489148594,0.714158933301975
"DBNL",0.231434860105431,0.163673740306137
"KIF5A",0.231144216204667,0.643830185689208
"TMEM68",0.230889128040056,0.284071288302606
"SPCS2",0.23053437507898,0.252363989961713
"HNRNPM",0.230486522323854,0.51582532079804
"OXR1",0.230356432829332,0.502465349799773
"PAFAH1B2",0.230123206764149,0.438113971479743
"NPLOC4",0.230063199316021,0.171080015289971
"SEC61B",0.230057942042361,0.258964514499671
"IPO9",0.230047371388009,0.159640026211726
"GSPT1",0.229853316029914,0.170338060204077
"WASHC4",0.22973166164622,0.186996714457685
"MYCBP",0.229461612197071,0.306290399425021
"MOG",0.229319530569395,0.761812615087067
"S100A16",0.229047770304888,0.54567939256263
"NUCB2",0.229010621965312,0.576125113287415
"NOL11",0.22895742163342,0.488865995344679
"DNAJB12",0.228723939391552,0.080611771926514
"NACA",0.228623551530449,0.315011027422341
"ERLIN2",0.228544264579211,0.522279564582136
"DOCK7",0.228456724539594,0.276396528674354
"AKAP8L",0.228302452483332,0.241406812975587
"ALDH1B1",0.228053818647657,0.767124618269085
"KCNA6",0.228008811819349,0.406080378775025
"KCTD10",0.227974673882548,0.114086059716493
"SNX9",0.227870168177647,0.0986503815322556
"SEC63",0.227529508842952,0.276550164801263
"GAPVD1",0.227500640928321,0.0778351439491619
"RAB6A",0.227447064523066,0.212165738546035
"IFI35",0.227221951400767,0.590755883204674
"WDR5",0.227176002372852,0.389538300535693
"FKBP1A",0.227030762638371,0.364707056841826
"ADPRS",0.226886209073891,0.188074521168039
"RPSA",0.226884796384262,0.196241027928115
"RPL37A",0.226803076856417,0.333731888481673
"CRIP2",0.226726796094461,0.68523921231651
"SPG11",0.22621484649431,0.284071288302606
"OLFML1",0.225926587969051,0.920377083184918
"EEFSEC",0.22558405624307,0.303952263754996
"TINAGL1",0.225312465201759,0.801460511926494
"EPG5",0.225271613583751,0.343838380153365
"STRN3",0.225124813367524,0.188074521168039
"CTSL",0.225064607776991,0.562473026548942
"TBK1",0.225043909757979,0.0800028574452284
"FARSA",0.224750704006423,0.408403652535049
"CASKIN2",0.22455649129861,0.211641096288137
"SRGAP1",0.224499544389753,0.438113971479743
"IFIT1",0.224423851851501,0.466146178251118
"RRAGD",0.224298086823394,0.449626352469877
"FRYL",0.223603031491614,0.274306112087938
"ADAP1",0.223474798324437,0.490769202410741
"ETF1",0.223407093708103,0.186272983715543
"GALT",0.223372367021717,0.486045304627825
"DNAAF10",0.22327010346801,0.339952619990609
"SMC1A",0.223069172511936,0.477808885793072
"CCDC124",0.222775488875005,0.543237757732369
"SMAP",0.222667005022183,0.690313933537003
"TUBE1",0.222450702024658,0.364875685723424
"CLN8",0.222208710887481,0.555263679131429
"SNAP23",0.221847269376125,0.218153601079566
"SIRT2",0.221585025491427,0.671348022944692
"XPNPEP1",0.221439252866482,0.398829567497338
"EIF2B2",0.221183728409786,0.12183723724232
"DDX27",0.221161592681772,0.301680220767496
"DHRS7B",0.220638167583507,0.408966180441124
"NUMB",0.220560399957312,0.54783357354446
"UCK1",0.220064980010544,0.420405887912449
"PRPF4",0.219992405987511,0.370074664478017
"DGKA",0.219844555938357,0.590755883204674
"THRAP3",0.219705056554545,0.455040090261928
"BAG2",0.219582278545795,0.461894882167348
"CSF1R",0.218821063118209,0.6505814160702
"SCN7A",0.218749447287607,0.799051399876961
"ELOVL7",0.218657553051892,0.344878853928314
"ACTB",0.218359004897549,0.175207450580067
"TMED10",0.218209042620797,0.236603263708367
"RTKN",0.218104223691274,0.676992631054944
"EIF5",0.217865663853972,0.284071288302606
"SYNGR2",0.217622538592522,0.533220695756127
"PPP1R12A",0.217518785415109,0.460640364090598
"USP15",0.217486039386108,0.272331751205099
"RASA2",0.21742574868026,0.197978290880924
"MAPK7",0.21682728677948,0.381746972115222
"RRAGC",0.216778898698916,0.225588338459406
"ACAA1",0.21667541136425,0.392828543492253
"MYH14",0.216405839647075,0.387364511492097
"UBA2",0.216378248601574,0.4078494411571
"TTL",0.216350204775168,0.665839824294794
"TMEFF1",0.216098809062018,0.596642947439643
"SGPL1",0.216064810673792,0.3947175107539
"OSTC",0.215252577081765,0.579008789602692
"IFI16",0.215090864305409,0.657449645722544
"HSPA5",0.214868804595062,0.220206449690351
"ARHGDIA",0.214865758929992,0.245070222503924
"RDH11",0.214831503549185,0.398829567497338
"PLCL1",0.214783600091925,0.692990074448417
"MADD",0.214456776702407,0.541776751620201
"SELENOF",0.21391440523178,0.214140401638372
"TRIM28",0.213609154747246,0.361524695922006
"REXO2",0.213531959780996,0.318254806805055
"FCGR3A",0.213477576128618,0.392828543492253
"KARS1",0.213186482816072,0.271596618257134
"HNRNPUL2",0.213123016510105,0.386336752176362
"GABARAP",0.213120070921994,0.370074664478017
"ANLN",0.213041531548736,0.754606413490605
"SFPQ",0.212958703443338,0.621766443120241
"REL",0.212569187349469,0.211179761621714
"RPS25",0.212481485430658,0.141465707478214
"RPN1",0.212198618489225,0.445992484947334
"FBXO22",0.212096977289644,0.139905380497596
"RPLP2",0.211782981278645,0.353328499030568
"CPSF1",0.21178027473956,0.200164757282832
"DHX9",0.211684473979766,0.311421993271526
"NCK1",0.211343870079835,0.136792801668405
"PLGRKT",0.211304456411998,0.370074664478017
"SEC61A1",0.211194739667382,0.39957042629503
"VMA21",0.211081480067544,0.286011855252082
"DNAJB1",0.210851403018651,0.282719957680307
"FLI1",0.210824402233588,0.468633612497725
"ALG14",0.210763186488214,0.381923141406962
"DDT",0.210755039230659,0.468633612497725
"RPL35",0.210740123122832,0.22302074572174
"RAB6B",0.210690313218239,0.382423043323421
"NEK7",0.210472521292219,0.47356566383453
"WDR12",0.210348766693823,0.175207450580067
"MAP4K5",0.210149390042822,0.472170716239265
"ERC1",0.210101170925235,0.657449645722544
"RTF1",0.209945655915933,0.423435869318715
"IGHV3-35",0.209844567268323,0.64681320861428
"SLC33A1",0.209763076045746,0.2985963732313
"PSMA2",0.209738098361678,0.217665695739975
"CSTF3",0.209626583172727,0.30741539729575
"HNRNPL",0.209523362921676,0.543198574983808
"ANAPC1",0.209451032698774,0.243250110281591
"RAP1B",0.209245554686008,0.204394258926607
"TUBA1C",0.208881230273425,0.439084824905579
"POFUT1",0.208879568882528,0.534421440345541
"GIT2",0.208833434958006,0.286011855252082
"RPS6KA3",0.208592103333137,0.371374950520522
"DHX15",0.208535206029863,0.3547691173493
"PDIA3",0.208494245852155,0.352154714507132
"MAP7D2",0.208456087168774,0.662345684475743
"EIF3F",0.208277303191926,0.281959785207548
"ZMPSTE24",0.208036712093875,0.32213747595848
"CSTF1",0.207853779650148,0.438113971479743
"GDA",0.207705903991988,0.866278866828061
"HEXD",0.20765563635572,0.51582532079804
"PPP1CC",0.207461998868013,0.2414540141667
"LBR",0.207407961488572,0.416268749492239
"LAMP1",0.207309084860105,0.468633612497725
"H6PD",0.207092652929299,0.63197009951776
"DOCK10",0.206950003178379,0.54567939256263
"HNRNPC",0.206809591788057,0.458779518871065
"SSR1",0.206804944192809,0.482660636640303
"DDX19A",0.206503703187924,0.285929000357483
"NPEPL1",0.206211714019188,0.36171527521218
"COMMD9",0.205601378862834,0.260655997940253
"ODF2",0.205553627733923,0.441762791559517
"ARPC4",0.205356813702911,0.271834753475825
"COL5A1",0.205354410068033,0.840370793203676
"NUDCD1",0.205243600187536,0.126204674865287
"CXCL12",0.205161271966949,0.848110678142182
"ARFIP1",0.205127246121959,0.341298153465001
"RALGAPB",0.20481037124727,0.458779518871065
"IFIT3",0.204666971331006,0.502465349799773
"PICALM",0.204611087283199,0.0897720658520746
"ABCF1",0.204564322549004,0.18982482063622
"SNX11",0.204522555084859,0.383729924684978
"RASGRP3",0.204437908001773,0.726394118761263
"HSPA13",0.20437386837513,0.132331511919384
"CHUK",0.204343982499905,0.282177273113858
"CDK11B",0.204297382376077,0.333731888481673
"PPIB",0.204171883900642,0.389538300535693
"MPDU1",0.204167791947675,0.430228883744423
"UFC1",0.204133858906079,0.230503914900092
"FBXO7",0.203995548150584,0.622816094434827
"PI4K2A",0.203811438750996,0.374706421223817
"ACOX2",0.203585380693561,0.598396347406172
"WDSUB1",0.203340410315234,0.617542375268843
"CLMN",0.203223023034891,0.481576058180366
"PREP",0.203085285447182,0.225138904984363
"HNRNPAB",0.202861259215561,0.708138699401247
"ITPKA",0.202770731578818,0.760923656268706
"NAA25",0.202625306079507,0.349308482986973
"LRRFIP2",0.202013525844691,0.373879631263213
"AKAP13",0.201905091960112,0.502465349799773
"LGALS8",0.201864160522801,0.637146745433836
"EEPD1",0.201824003429616,0.453109162852161
"RAB13",0.201779849774361,0.52220521368504
"PGLS",0.201633011926358,0.418876634964542
"TACC1",0.201597341231121,0.180606982818933
"NADK",0.201360946658897,0.256625556698464
"HSPA1B",0.201336015656699,0.357370429349271
"OTULIN",0.201330082816391,0.294165413102732
"RMND5A",0.201286310571024,0.624943999794638
"ACIN1",0.201213554649001,0.597956080845039
"ZW10",0.20104043133032,0.213234593916351
"APOBEC3G",0.200972321011701,0.571320634411771
"DENND4A",0.200920266435165,0.373841887908055
"RBM39",0.200549906952933,0.36312449499918
"EIF2S2",0.200486580554935,0.210177149518475
"SF3B2",0.200436676430854,0.627469840987597
"TRAPPC5",0.200205671673806,0.426246598110831
"RBM26",0.200179702584975,0.375357165609165
"TTR",0.200083763215225,0.879276597383876
"CSK",0.19983238797189,0.285795357310965
"ARAP1",0.199558145396573,0.294133431425975
"IFT25",0.199489936305003,0.363839291566486
"ORAI1",0.199476335399019,0.401033641854617
"UNC13B",0.199391526043049,0.314110172466506
"PLS3",0.199226461824319,0.428311911440313
"RPL22",0.199140701496738,0.274306112087938
"PPP1R10",0.199123160386428,0.266026066851607
"TMOD1",0.199117688766297,0.537903921514208
"IKBKB",0.199117207512243,0.359357762705968
"SPTLC2",0.199070883284133,0.430834580687669
"LRSAM1",0.199059208999708,0.50681937506682
"HIF1AN",0.199027438007063,0.452099820890253
"SUB1",0.198645708237217,0.470179988222329
"SDC3",0.198609098497464,0.658061065425269
"DNAJA1",0.198595852520469,0.247022583803118
"ARHGEF40",0.1982877453322,0.30503944630307
"HLCS",0.19815409927557,0.386812946969194
"HNRNPA3",0.198133594485425,0.634832990361367
"RPL5",0.198088720873645,0.243639899376648
"XAB2",0.198007170638776,0.508245034365936
"RANGAP1",0.197872563059818,0.400381331983653
"UFM1",0.19786815413705,0.507701678940472
"CLIP2",0.19773904837156,0.422831677947856
"SARS1",0.197654868669776,0.369091809843149
"RCC2",0.197580276764681,0.395058433904598
"POR",0.197472696767489,0.237338073677094
"NMI",0.197386469035683,0.416749540532414
"TPM3",0.19736144284148,0.352266242474269
"SCRIB",0.196998104191483,0.403613223707692
"SDHD",0.196517656242495,0.734644435861284
"SLFN5",0.1964543908965,0.586957875315234
"ATG12",0.196411482448665,0.580671640898819
"CD276",0.196318803683774,0.515985054788078
"NMT1",0.196150851590874,0.155399871749879
"RAB5C",0.196046060058141,0.291266064801792
"STX17",0.195996982226283,0.668994749069035
"TMED7",0.195977093750729,0.272331751205099
"EIF3B",0.195822924706244,0.126704836985415
"UNC93B1",0.195687633730662,0.430834580687669
"GLRX",0.195480988564203,0.591971203836597
"SASH1",0.195310249496002,0.536029447321552
"FBXO3",0.195279034346509,0.237338073677094
"DHX38",0.194947584088626,0.632414059887628
"RNF123",0.1948848531881,0.357149197095343
"CERS1",0.194799279299476,0.56488260601999
"CAD",0.194737110000483,0.657449645722544
"WDR33",0.194671946330565,0.237338073677094
"PCYT1A",0.194645489514857,0.432907422780191
"TUBB3",0.19432212182101,0.519039407760317
"CMTR1",0.194290891663426,0.625104811588641
"EPRS1",0.194252541973885,0.176941550669441
"ELFN2",0.194185474846927,0.834144309499053
"FUCA2",0.194113390657513,0.628205572754512
"HNRNPH1",0.194020556008585,0.644171494509093
"PCDH1",0.193921816149187,0.732034402017554
"ITPR2",0.19381695059816,0.535532351013828
"FARP2",0.193798012466296,0.63197009951776
"MSRA",0.193794094895072,0.425651296011011
"MTUS2",0.193789986711004,0.596788386240174
"GSN",0.19355141122405,0.540074058101255
"DDX21",0.193358396549712,0.433518210348202
"PTRHD1",0.192653827593675,0.710559229800081
"FGF1",0.192508910676414,0.702568173108622
"SNX1",0.192384001428939,0.240660172049257
"TPM2",0.192252013214004,0.749245300134983
"GMFB",0.192250375731662,0.454285556987995
"PDIA4",0.192195292098695,0.470179988222329
"PDS5B",0.192151238225099,0.586770519676827
"OARD1",0.192006112657199,0.188134399534678
"TMEM151A",0.191946056350555,0.629352766157039
"PABPC1",0.191933985527186,0.217249701377706
"FAM171B",0.191906080595031,0.568683731916953
"CYP4F2",0.191900421158722,0.872062172753727
"DIXDC1",0.19178373860475,0.55352537962388
"ANXA4",0.191469989760771,0.721741399062373
"PIGK",0.191431449553495,0.250788763173039
"DDX17",0.190940441406561,0.534421440345541
"PPAT",0.190880040757207,0.275059900725952
"MTMR12",0.190777203165288,0.241570602061006
"EDC3",0.190638786777264,0.534421440345541
"SRSF9",0.190552823784687,0.711380066961921
"IGKV1-5",0.190353263876932,0.67664376842864
"GRHPR",0.190323160642357,0.452319699141178
"GOLGB1",0.190243684453344,0.470226013007378
"PGM3",0.189663493312427,0.516677490606992
"XPOT",0.189602776459564,0.370033109811464
"RPL18",0.189451621065007,0.299121428379378
"ATAT1",0.189035012000064,0.509100928779667
"ACBD5",0.188935533650254,0.406469034855538
"PTK2B",0.188872168242883,0.703059266857351
"LAMTOR1",0.18853521122549,0.445213812438394
"ARPC3",0.188415380554442,0.386543265587527
"SRGAP2",0.188396949055294,0.30503944630307
"ZNRF2",0.188333095033505,0.573662284466705
"CIAO2A",0.188259832508199,0.349308482986973
"SNAP29",0.18812052569297,0.499368482417801
"ITPKB",0.188082083895663,0.599437782452195
"TPD52L2",0.187958527947274,0.511836773078331
"SAFB2",0.187549423591078,0.600503239290304
"TBXAS1",0.187388866351666,0.655481241270406
"RAB31",0.187102333562219,0.525853446724853
"ZC3H15",0.187092157160324,0.30903570843529
"EP400",0.187014838003718,0.797274150985128
"RAP2C",0.186986759377273,0.230711114135335
"EIF3D",0.186966439178311,0.309856449760093
"LHFPL6",0.186327568045665,0.433518210348202
"MTMR10",0.185655648983774,0.596788386240174
"PLCH1",0.185293066269486,0.457725271162789
"ERP44",0.185292421007132,0.330781463045685
"PIGT",0.184962566043798,0.315011027422341
"MAPKAPK3",0.184812972772432,0.543786860912131
"PSMB3",0.184607587096551,0.304435895718494
"SAE1",0.184587526546295,0.543786860912131
"IGKV3D-20",0.184307025937641,0.694688683333581
"PPA1",0.18425118070609,0.343838380153365
"PLRG1",0.184225293667264,0.35741096691237
"BMP2K",0.184190769259416,0.455040090261928
"GBA1",0.184187660077614,0.584926167779818
"POLR2M",0.184173668546882,0.478046197066051
"RAPH1",0.184100532900342,0.464194538296235
"ITPK1",0.184053010779975,0.230449179784468
"COPS6",0.183958903867286,0.126858219152334
"RPS9",0.183908952394338,0.348946843884408
"RCN1",0.183892962040664,0.712916450606374
"MAOB",0.183854566265349,0.655576716002626
"FKBP2",0.183519244022698,0.357149197095343
"PIGU",0.18319031337569,0.221678606444843
"PRKCSH",0.18314687839643,0.426792501477641
"ING1",0.183123464261064,0.460943029746326
"PIK3CB",0.182993688097568,0.369799534431045
"CWF19L1",0.182975324195414,0.276396528674354
"GLUD2",0.182855919197202,0.710607803179176
"POLR3A",0.182825695522765,0.299121428379378
"PSMD11",0.182760297034175,0.106782198769224
"SCAF11",0.182723476330722,0.554466726285207
"PPP1R12B",0.182666318941374,0.596591255812352
"GGA1",0.182608037465265,0.214140401638372
"RUFY1",0.182120473183179,0.502465349799773
"RALA",0.18197616340994,0.387371096734252
"PSMC1",0.181975866882105,0.157036635909514
"UBTD2",0.181903670375803,0.294165413102732
"RPA1",0.181537183002595,0.415639853676594
"TMC7",0.181410863159819,0.675390020801458
"RTRAF",0.181322037951523,0.286011855252082
"PPCS",0.181321279897515,0.424767925623528
"XRN2",0.181297067920953,0.424227987721938
"RABGGTB",0.181135933724713,0.311768097512513
"FUCA1",0.18092453376789,0.549663331900537
"TMED9",0.180874277065563,0.456035355810939
"FAM124A",0.180813429374882,0.630951156847027
"UPF3B",0.180639877417145,0.641717122591283
"TSPAN6",0.180560534945797,0.588238739304745
"TOP1",0.180500287139033,0.505918908422403
"EIF3CL",0.18045441868467,0.171548482666665
"CDK18",0.180117580999266,0.687326514245828
"IFIT5",0.180003122374266,0.433337301648281
"PRRC1",0.179879965922806,0.373078803680576
"FN3KRP",0.179810836864302,0.493613909626034
"CHMP4B",0.179764660434071,0.522279564582136
"WDR18",0.17974960952764,0.428730349128032
"HECTD3",0.179714920002397,0.320014564848032
"ABHD5",0.179709824358748,0.568556760375684
"TOR1B",0.179038808244763,0.55081388076448
"KRIT1",0.178997072303089,0.750885911643261
"SERPINB1",0.178913380321875,0.703059266857351
"YLPM1",0.178792897797635,0.44690428362609
"DCPS",0.178790300965563,0.608646397023977
"GPC6",0.178788226223298,0.650752647856953
"SYNCRIP",0.178728923964146,0.256868532925561
"ANXA6",0.178668499131009,0.350290836908297
"SLC44A2",0.178615724282565,0.618929543365921
"HPCAL4",0.178563009100252,0.688594198432435
"ENOPH1",0.1785598032398,0.397318528242912
"TPRKB",0.178552286388775,0.579912511744923
"ABTB2",0.178473450302576,0.669507688507964
"RBM19",0.178284558192288,0.562197518665853
"MAN2B1",0.178108449776235,0.55263624606512
"MPST",0.178105735875118,0.420812474100416
"PGGT1B",0.177996518703013,0.594507813813494
"STIM1",0.17794270014339,0.601115299169993
"EIF3E",0.177821766014297,0.269050912340398
"DAZAP1",0.177628220979592,0.432752437164427
"NUP155",0.177532660369733,0.483468003511869
"FABP4",0.177527723276667,0.909202511500478
"WARS1",0.177447409687566,0.50854703786789
"GALE",0.177347493255093,0.534444438770837
"ARHGEF37",0.177289820767653,0.587482532191969
"EML3",0.177278945046552,0.586077081679794
"NCOA5",0.177260034534297,0.707408963004742
"SUMF1",0.177207825890643,0.567406803142883
"COL4A1",0.177087968278238,0.874386774195956
"FLNC",0.177051878035952,0.794334992846833
"NHEJ1",0.177007065854177,0.231957186243947
"RAP2B",0.176988469135765,0.616691675003789
"PTP4A1",0.176855586532689,0.579689497362545
"KPNA4",0.176732795556964,0.259425959715476
"ARMC9",0.176553951662248,0.635467964067612
"NEDD1",0.17653079184402,0.61383009295283
"LIN7B",0.176522559616371,0.513077044717157
"TBC1D2B",0.176501774744177,0.499481096289239
"RECQL",0.176485774520849,0.60504137870592
"DCTD",0.176190900679272,0.588662192728457
"EIF3G",0.176110334679631,0.60468152254524
"LPXN",0.176079870932274,0.659797473898017
"DHX36",0.176050211139481,0.223485419910936
"EIF2D",0.175969230478036,0.528426139463642
"APOBEC3C",0.175966657913457,0.497185319215596
"NANS",0.175897967534318,0.205533077907084
"GALK2",0.175863721006509,0.50681937506682
"MITF",0.175770880106801,0.3547691173493
"VASN",0.175705856935804,0.57873863425795
"MACROH2A2",0.175390955655036,0.621766443120241
"RPS10",0.174937715534545,0.54567939256263
"MTSS1",0.174900140691205,0.583897904873002
"OTUD7B",0.174141883934826,0.630483707372506
"GMPPA",0.173953230863212,0.550609796085454
"CPPED1",0.173895711696902,0.721865779743936
"SND1",0.173839353936181,0.41041300033484
"ABCB1",0.173756884191985,0.516477030737226
"IDH1",0.173531392557564,0.450838379053371
"GATM",0.173506740248515,0.738792260808314
"RPL36",0.173373767914264,0.364110805570937
"PDE4DIP",0.173300141386878,0.710634313380297
"PSMB2",0.173290915096556,0.235591300817643
"RPL13",0.173044934553555,0.295991722789156
"TXN",0.172744170270548,0.495960813258587
"WDR43",0.172565499754405,0.576125113287415
"SRP14",0.17253103291622,0.528426139463642
"ATG16L1",0.172489375133003,0.280380455965467
"EXOSC6",0.172373130618245,0.529593816372635
"LRRC57",0.172371058340604,0.395058433904598
"RPF2",0.172340668978261,0.57746668679584
"ALAD",0.172282378807463,0.562197518665853
"BORCS6",0.172196528955994,0.400030294433738
"NCEH1",0.172174317622142,0.588662192728457
"GGCT",0.172139738214304,0.574859127970616
"ABHD12",0.171967514097457,0.512783290462274
"LRRC8B",0.171744240252266,0.629352766157039
"STAMBP",0.171724025066872,0.671356928089951
"SEC23IP",0.171564986476872,0.342557800436002
"HSPA2",0.171345959335778,0.501456990494549
"PTDSS2",0.171166468498882,0.315011027422341
"ARHGAP1",0.170964158877585,0.391892862029414
"ELP3",0.170916670814076,0.363569164052123
"DTNBP1",0.170864789233692,0.50681937506682
"ARIH2",0.170601915322916,0.324239714452312
"PAK2",0.170412669252142,0.307636939416485
"DAAM1",0.170104803631105,0.366434644168656
"ALYREF",0.170073430490184,0.722490009131012
"STT3B",0.170071363210813,0.399827195913746
"GMPPB",0.170025207753616,0.531488759565264
"DNPEP",0.169874744341115,0.420440898982209
"SIN3A",0.169783398724341,0.641935220990637
"SRPRB",0.169610937210814,0.30503944630307
"PLAA",0.169502950844075,0.207308384770264
"SNX2",0.169353082221145,0.243233045401288
"CACYBP",0.169297528496676,0.518523702023541
"WFS1",0.169273675228835,0.623794575257423
"GPAA1",0.169249806773569,0.342557800436002
"ASH2L",0.169246574898514,0.549663331900537
"NUCB1",0.169241604577405,0.469280773168375
"AGPS",0.169201318209613,0.641820950155952
"SBF2",0.169037370860943,0.50681937506682
"EXOC6B",0.168923195773807,0.129111309456091
"UEVLD",0.168768632928666,0.374706421223817
"TLN1",0.168719903914981,0.651912951658323
"FYCO1",0.168606515266182,0.656362984874851
"CDR2L",0.168600217479115,0.726736102771862
"NAA15",0.168508569171635,0.329272927709162
"RPL4",0.168493916729394,0.288718918646687
"MTMR2",0.168465347175154,0.552798726475661
"SF1",0.168320168517702,0.671442465735256
"MESD",0.168231857507248,0.447199924624175
"TBC1D5",0.168177144412631,0.420485015952916
"RPS21",0.168121785041548,0.35081247796257
"MPDZ",0.168118409084569,0.381746972115222
"AIMP1",0.168083956697918,0.348946843884408
"SPAG9",0.168021931638547,0.391402175209589
"PFKP",0.16800976129854,0.569023460025105
"TBCEL",0.167982121470523,0.489931334962502
"PLCXD3",0.16793705469647,0.675860479125707
"MARF1",0.167881557860429,0.586114732440964
"HDDC3",0.167839444600055,0.371899613353375
"TRPV2",0.167795287085694,0.750896411666007
"RPL23A",0.167620438230108,0.398829567497338
"RAB29",0.167436111902725,0.528592308936615
"ELAVL1",0.167428498924385,0.539491448776356
"CYGB",0.167238553405639,0.799160134241571
"LIMK2",0.167030409851725,0.697690470818994
"PSMC4",0.166903247687314,0.18032398485029
"SAMD9L",0.166689931195623,0.657449645722544
"FAM184A",0.166554443489892,0.55081388076448
"CAB39",0.166527203408974,0.514574054686481
"SAP30BP",0.166324444584417,0.35741096691237
"LASP1",0.166322827656508,0.663980758741242
"TXNL4B",0.166315686539575,0.516477030737226
"DPYSL4",0.166269046713367,0.658414235966665
"CKAP5",0.166237865267584,0.35216857614097
"GGA2",0.166200883692602,0.499573901890754
"LMNB2",0.166168281728662,0.776507698647008
"SRSF10",0.165586712676934,0.630144279108398
"PPP6R3",0.165429115907257,0.214140401638372
"BUB3",0.165360846058505,0.39957042629503
"VAMP5",0.165286508815813,0.705885275837602
"CLNS1A",0.165220956429486,0.492096715845899
"TMEM230",0.165212763098226,0.416420017409454
"H4C1; H4C11; H4C12; H4C13; H4C14; H4C15; H4C16; H4C2; H4C3; H4C4; H4C5; H4C6; H4C8; H4C9",0.164980922120099,0.726481037402316
"VPS26A",0.164890979108558,0.273123017446563
"ARID1B",0.164521268472567,0.442285664329893
"TNPO3",0.164453251745259,0.409581738043034
"DHX29",0.164323302473594,0.399336596648004
"CUL5",0.164289465280554,0.162402024738268
"MAGOHB",0.164195421721391,0.562438376281651
"EIF2S1",0.164141548728672,0.205745687265965
"IFNGR1",0.164057323524204,0.564418605943224
"AP4B1",0.163923394804764,0.466914244417075
"LUC7L3",0.163731499911973,0.344416356346731
"PAIP1",0.163695205860758,0.320156305466623
"SCRN1",0.163547364352954,0.507608277355717
"VPS28",0.163533535333924,0.347640979013635
"ABRAXAS2",0.163365466344008,0.257309178276953
"WASHC5",0.16321341096385,0.310161926309741
"CNTNAP4",0.163106822075756,0.696214791895111
"CHID1",0.163097221526284,0.356595493452366
"FYN",0.16309109845341,0.395999731833032
"HSPA12A",0.162978145468211,0.586957875315234
"CCAR1",0.162977632116842,0.471293358663959
"TANGO2",0.162939618236654,0.451405409283697
"PLSCR3",0.162912237784868,0.641820950155952
"LGI4",0.162820065655094,0.56571766469453
"HNRNPA2B1",0.162775529228377,0.630483707372506
"CASP14",0.162721038609286,0.850590383873596
"RBCK1",0.162700699928025,0.339103535730737
"CD99",0.162615429574359,0.805273491555209
"EEF1A1",0.162518219950085,0.519501248859494
"ACOT2",0.162462417725111,0.763334443756854
"SNX5",0.162240897856124,0.276612196354619
"CRYM",0.162066449896368,0.899068959684538
"CD82",0.161987234909789,0.711380066961921
"HMGB2",0.161682906668117,0.809734542624101
"TATDN1",0.161632222214878,0.359149104386261
"RUFY3",0.161604145082778,0.606862307999906
"TRMT1",0.161547669667339,0.534793523925669
"DEK",0.161525077011875,0.507887108939729
"SERPINB8",0.161399273146323,0.699454482533482
"CHMP4A",0.161227211144181,0.593579047799116
"PPP1R14A",0.161127227787468,0.845962105538504
"NONO",0.161055656593552,0.667764843806739
"SRP72",0.161035700302355,0.319328861639084
"GPR107",0.160901921318695,0.646871461076012
"SUN1",0.160855510645799,0.782288343416631
"RINT1",0.160808843856733,0.395010075354298
"INPP5F",0.160637753534278,0.537903921514208
"PFAS",0.160536025920639,0.271014445444813
"MARK2",0.160525486533224,0.491598921362858
"DRG1",0.160200456665914,0.430200261078595
"SGCD",0.159975866674705,0.892400290529388
"PPIC",0.159891393159762,0.416268749492239
"DPP9",0.159878981357451,0.238168385564332
"IGBP1",0.159806393012488,0.437937577171511
"TBL3",0.159805595835762,0.481762351029258
"CMIP",0.159734098810965,0.641935220990637
"LIPA",0.159632408449829,0.762574410231842
"HPF1",0.159572562129316,0.447747292885286
"ERBIN",0.15950076090914,0.74750333835002
"PRKCI",0.159473225024519,0.235758639354415
"SPATA13",0.159083279331325,0.499481096289239
"TOMM34",0.159054322346318,0.499481096289239
"CIBAR1",0.15876312588584,0.348946843884408
"DPP3",0.158568020200223,0.62837051920879
"FAU",0.158302097842585,0.334523953380866
"MYRF",0.158035072496638,0.644598980192572
"ADO",0.158028079642985,0.653167195282991
"JAKMIP2",0.157938656218876,0.505838014033517
"BNIP1",0.157932176176443,0.322768915184759
"U2SURP",0.15768352889992,0.483468003511869
"SOS1",0.157540456543179,0.540985971261204
"CAPN1",0.157497106596251,0.415639853676594
"TMX3",0.157423978241578,0.408545411403025
"PSMC6",0.157192844543355,0.432907422780191
"GAA",0.15704340463761,0.681278724436898
"ZC3H18",0.157040697321158,0.543786860912131
"ANAPC2",0.156880138810426,0.562438376281651
"LAMC1",0.156617125097933,0.885913150274484
"ST6GAL1",0.156492821242676,0.692616466497614
"SNRPD2",0.156372573675332,0.618984759488413
"GTF2E1",0.156267085972788,0.447570544745199
"RENBP",0.156246415391742,0.618984759488413
"PRR5L",0.156219505708436,0.519501248859494
"LRRC59",0.156022882451346,0.533220695756127
"RAB7A",0.155997720097462,0.33262927858736
"EMG1",0.155467460161402,0.564506191521506
"MORC3",0.15534146500957,0.555263679131429
"H1-4",0.155325115317071,0.758358379869618
"SELENOH",0.155309892498653,0.596121490650835
"WDFY3",0.154989142402359,0.605265938955183
"NUDT4B",0.154715540005675,0.575419876421969
"YAP1",0.154592146929833,0.817056517756464
"ALG11",0.154248065946378,0.375357165609165
"HEATR1",0.153941061297184,0.534444438770837
"POLR2H",0.153505716864238,0.471293358663959
"SLC12A4",0.153469906685068,0.51582532079804
"MPRIP",0.153305054730584,0.709299780336386
"PPP6R1",0.153241584652291,0.424668574681363
"IGLV3-19",0.153012937390147,0.708241121943005
"NF2",0.152955802616754,0.330076048353737
"IRF2BPL",0.152945315173212,0.56556897047448
"SLITRK5",0.152918367945355,0.554188956906092
"PPIA",0.152819263050537,0.398106510171849
"TSG101",0.152738114569415,0.461021422212653
"TBCK",0.152577176783929,0.603021628271712
"MIA3",0.152487249206921,0.438172406355971
"WNK1",0.152331148349283,0.639061463166542
"SMARCC2",0.152258589142861,0.565596591006787
"LPA",0.152242830131002,0.774641780497976
"MYL4",0.152094140306169,0.637598975067406
"CARS1",0.152048347980919,0.366049329149705
"RBMX",0.152002852276722,0.836342936533143
"EIF3L",0.151990645079804,0.21967021578077
"FGD4",0.151816866096919,0.386230171560861
"MDP1",0.151811875315753,0.400030294433738
"PLEKHH1",0.151764653828079,0.704906279386611
"ADAM17",0.151705341201415,0.695701392029568
"EMD",0.15147758906963,0.631161213361101
"MTREX",0.15129463159943,0.449167562463484
"DDAH2",0.151256622806024,0.676992631054944
"IFT172",0.151144807565029,0.66281120305203
"CAMKMT",0.151140748413711,0.649973792361271
"NISCH",0.151036906095799,0.408966180441124
"SMARCA1",0.150947888764111,0.584278731387505
"MLEC",0.150445793450794,0.451102735368269
"NT5DC1",0.150425732226642,0.685249749992923
"DDRGK1",0.150422657548651,0.490048873940286
"MPI",0.150248980347433,0.543786860912131
"SPTBN2",0.150216873905993,0.544876624149782
"LCLAT1",0.150164896541263,0.468633612497725
"DNASE1L1",0.150100550710407,0.511836773078331
"CAPZB",0.149898445600707,0.271391947078108
"LAMA2",0.149879704076296,0.899335348491456
"RIC8A",0.149815713243228,0.36041325929654
"PPP4R3A",0.149803858086283,0.462874832932208
"DYNC1LI2",0.149798473401365,0.543786860912131
"DBR1",0.149675577394213,0.519380073813554
"PACSIN3",0.149649842455956,0.729088607826158
"FOXK1",0.149508191381603,0.56385000288925
"CELF2",0.149196919542414,0.570962036871067
"HS2ST1",0.149041211032997,0.516725983158957
"SERPINI1",0.148963459675802,0.776507698647008
"MPV17",0.148795336055606,0.683901410773194
"MSN",0.148752087314984,0.644598980192572
"ABHD6",0.148735699411738,0.657893470883897
"PSAT1",0.148643679909188,0.755542342727321
"GDI2",0.14861871082512,0.483489691093957
"H2BC12",0.14855227733992,0.761743167509353
"CLEC2L",0.148442473983224,0.811901356275266
"SASH3",0.14842467431751,0.655973632692354
"KLC4",0.148298980072743,0.657449645722544
"TEX264",0.148125206062053,0.330781463045685
"SLC27A1",0.148078309105706,0.586957875315234
"CCDC85A",0.147818942679292,0.7509056921308
"CCNY",0.14777036501569,0.562438376281651
"VPS26C",0.147764767105135,0.535401892423475
"ADSS2",0.147754730249734,0.591565777585897
"B3GLCT",0.147534877247846,0.799329711272991
"RAB5A",0.147435103374022,0.397423108153426
"CCDC6",0.147415158322595,0.59405562440017
"ACY1",0.147368931071382,0.569523752253181
"ERGIC1",0.147227145629374,0.666882577716421
"DNAJC3",0.147135354903678,0.375156971032041
"SMU1",0.147092172303459,0.534421440345541
"APPL1",0.147090769627034,0.328521157268377
"IFIT2",0.147081619823175,0.725553760455027
"H2AC4; H2AC8",0.147036364524196,0.755651445094269
"CISD2",0.147004534897285,0.395058433904598
"TOR1A",0.147004059389743,0.469280773168375
"AARS2",0.146924835826081,0.543786860912131
"DIRAS1",0.146837507644358,0.71011753608509
"DDX46",0.146835444764198,0.562473026548942
"PALM3",0.14660718224475,0.807484702080301
"DNAJB11",0.146568446549134,0.412860735525371
"PHKA2",0.146526612688138,0.53722159243799
"IFFO1",0.146445512766469,0.733195099955912
"RAB9A",0.146378469379414,0.390853581731288
"NCOA7",0.146353459739458,0.725473368865604
"ASPH",0.146198726434344,0.722977619627778
"RPS13",0.146036221840081,0.484100056991391
"STRN",0.146024669109474,0.293097417431183
"STRAP",0.14594803143461,0.451510043039519
"SNRPD3",0.145899262373934,0.48751175440183
"PRKAA1",0.145842993198087,0.433407624131502
"GARS1",0.145686908670712,0.459420339420112
"REEP5",0.14568448396499,0.588615418302961
"ELOC",0.14563625225713,0.481762351029258
"ALG2",0.145517592178274,0.402645271741116
"RRAS2",0.145396822360588,0.689222986015163
"HTRA1",0.145337409339849,0.725553760455027
"SYVN1",0.145320319705739,0.468558237857399
"NUP107",0.145297081835016,0.512677876706816
"LRCH1",0.145177480050624,0.551223260012461
"HAPLN2",0.145137371808651,0.898325797434765
"TWF2",0.144840524020118,0.469489554560865
"MAPK1",0.144721287212493,0.641935220990637
"COLGALT2",0.143998691553763,0.579912511744923
"TAX1BP1",0.143979434896451,0.566195913557234
"SRA1",0.143943275276358,0.721865779743936
"UBP1",0.143892146118563,0.676992631054944
"PSMA3",0.143754422497866,0.361524695922006
"CASP7",0.143744816394185,0.59405562440017
"PATJ",0.143707206775026,0.76477247565221
"ARL6IP4",0.143552305770289,0.498062819057962
"SH3GLB1",0.143537430012952,0.529995632548064
"CCDC93",0.14342868690129,0.469657189341889
"CHN2",0.143320050826381,0.720820087922549
"ADGRG1",0.143122033728149,0.773583486237804
"EIF3A",0.14302097481435,0.502465349799773
"AP1M1",0.142964656399144,0.265643896237436
"LZTS2",0.14293869287517,0.573594287214145
"PDCD5",0.142871382732761,0.631053874573707
"RRS1",0.142799567948073,0.480353384665715
"COASY",0.142796213771543,0.52604188378325
"FERMT2",0.142737661496351,0.508561193069582
"BLMH",0.14262162805789,0.487929343003953
"COPA",0.142500994484523,0.310161926309741
"SLC7A1",0.142475755104149,0.621766443120241
"DYNLL1",0.142447365893659,0.607483033057357
"SYNRG",0.142271288190434,0.636847393204394
"SNAPIN",0.142197354038316,0.588579552791917
"ZZEF1",0.141953820457131,0.309384271172689
"DYNC1LI1",0.141881268105394,0.470226013007378
"DUSP19",0.141837822542223,0.452126653744551
"OLA1",0.141826514285842,0.555682964093674
"SF3B4",0.141796438650384,0.603021628271712
"NT5C3A",0.141458895853257,0.408403652535049
"CDV3",0.141437226928023,0.562438376281651
"HINT3",0.141185562627003,0.703454568300375
"PRKD1",0.141058682114853,0.484001244968697
"FA2H",0.141002272856927,0.812089995649222
"SMAD4",0.140945513310983,0.676992631054944
"PSMA1",0.140916464087381,0.335965360074539
"PLXNB1",0.140882241047336,0.6892729965293
"KHSRP",0.140581038954821,0.644326440904227
"SEPHS1",0.140416982677099,0.499573901890754
"ALG9",0.140315443072383,0.441762791559517
"CFL1",0.140310705027742,0.592325253622677
"RASGRF2",0.140283205322207,0.755970983211956
"SURF4",0.14017941946928,0.557826471687959
"LRPAP1",0.140114026205433,0.62692961578079
"COPB2",0.13988854267355,0.340782529819896
"PTTG1IP",0.139692140470269,0.829727852208938
"PSMA7",0.139310725145913,0.384396161963706
"AMDHD2",0.139286411436353,0.406907269868151
"SPCS3",0.139097091977268,0.53833435981446
"RAB3GAP1",0.139071725204946,0.247709593173393
"SESTD1",0.138971096124113,0.641152090529765
"TPT1",0.138946914494076,0.603021628271712
"WASH2P",0.138907027717645,0.602985720070152
"UBA6",0.138741690958279,0.536029447321552
"CDC5L",0.138649207391921,0.646871461076012
"RAN",0.138611585284423,0.35216857614097
"SLC16A3",0.138610182290847,0.720890412450085
"PLEKHA7",0.138605132262628,0.891996822053341
"PSMC5",0.138483102173993,0.271391947078108
"ELMO2",0.138446147628073,0.550609796085454
"RNF40",0.138434969085155,0.492567820733101
"LRCH4",0.138408824782289,0.697183968559658
"TMTC4",0.138396871058504,0.645331579827632
"EZR",0.138264473023543,0.703454568300375
"CPSF3",0.13808224457035,0.389538300535693
"VPS4A",0.138034794552109,0.416268749492239
"HYI",0.137831999320873,0.795285935633292
"ARGLU1",0.13772773264709,0.636847393204394
"PLCH2",0.137536385051063,0.765779444534132
"SH3PXD2A",0.137406274996628,0.522279564582136
"GSKIP",0.136897356372137,0.71011753608509
"DLGAP4",0.136850019974212,0.473081900508764
"NAT10",0.136771877055304,0.516677490606992
"PSME4",0.136764492992884,0.570618027798484
"TBC1D12",0.13676230075116,0.711767805217109
"TPM4",0.136721300084861,0.719407801335128
"CIAO1",0.13671076734756,0.615470750867926
"SGCB",0.136642343721864,0.863844983559233
"VASH1",0.136403202759876,0.731062353447108
"CHMP3",0.136382168528051,0.497422258611818
"PAK4",0.136280610672644,0.717226229265132
"TRIM14",0.13622450911306,0.717226229265132
"SHH",0.136118064293023,0.808359189424038
"ERGIC3",0.135978281310914,0.534793523925669
"NPEPPS",0.13593394649819,0.460943029746326
"RHBDF1",0.135925602141741,0.732266076405409
"RAB8A",0.135915202180223,0.629352766157039
"MAVS",0.135743548077012,0.682803295895463
"DAAM2",0.135691948683142,0.807246902941411
"ODR4",0.135227287684765,0.680573521845887
"IRAG1",0.135031583163295,0.834420653847905
"EXOC2",0.134869508738955,0.314110172466506
"COMMD10",0.134714569178241,0.42562489231017
"DNPH1",0.134656774759993,0.563063491292662
"BZW1",0.13460702759186,0.486466525869577
"MAP1LC3B2",0.134528910680608,0.555263679131429
"SH3BGRL",0.134502773387529,0.629352766157039
"ROCK1",0.134477453700192,0.63197009951776
"BIN3",0.134424475787698,0.653927974595125
"MAP4K4",0.134418808566812,0.662783846510663
"YIF1A",0.13421143428836,0.497169865765909
"CUL4A",0.134207255408919,0.457361197649251
"CALR",0.134154832414437,0.506936313715111
"HEXA",0.134139170723394,0.690966968009098
"DGKZ",0.134107876846766,0.600976516242316
"RABEP1",0.134099305498346,0.402971748206997
"SRRT",0.133986330118871,0.68523921231651
"STX10",0.133929976445365,0.562438376281651
"SUPT16H",0.133790866643952,0.695701392029568
"FER",0.133717182202595,0.55871737706011
"TRAPPC11",0.133670542944632,0.408461880986993
"FIG4",0.133599673803563,0.350675836102812
"RRP12",0.133521036193172,0.451102735368269
"EIF4A2",0.133495835659186,0.326341335285817
"WDR45B",0.133435635090846,0.537903921514208
"VPS13C",0.133324020185331,0.358799841065756
"ATG4C",0.133271995524524,0.676833058779166
"TTLL12",0.133250487013866,0.717226229265132
"ZNF207",0.133164716245649,0.634960596090512
"KDM1A",0.133049815923505,0.519380073813554
"LSM8",0.132957241222608,0.50854703786789
"MINDY1",0.13267700897129,0.734487813602273
"RNASEH2A",0.13265436955314,0.690022964771349
"CNOT1",0.132559679638781,0.235497756728961
"EHD3",0.132463135946741,0.603021628271712
"COPE",0.132293943969792,0.532081690163035
"RANBP2",0.132276536375068,0.563063491292662
"RER1",0.13222285642563,0.521014715177936
"CYRIB",0.132194602531671,0.603021628271712
"UBE2Z",0.132192107744197,0.546935189981525
"H1-10",0.132091307853138,0.831602918741742
"RTCB",0.132036876562966,0.424409149138441
"TARS1",0.132036862032148,0.528426139463642
"RPL7A",0.132005450068718,0.500829563461932
"NUP98",0.131965624106,0.588579552791917
"SNRPA",0.131834464385934,0.668165528261222
"DCTN6",0.131488762266128,0.633269699658856
"PLEKHG3",0.13147606176241,0.743136096205028
"SNF8",0.131441668179805,0.362418386867877
"PSPH",0.131359607636082,0.623835556785079
"KIF5B",0.131305460201036,0.528426139463642
"CXCR4",0.131305270444038,0.722490009131012
"PRPF4B",0.131211711970062,0.657046692584536
"PMM2",0.131127740038941,0.834389261409934
"CLDND1",0.130957838411909,0.774641780497976
"CPTP",0.130937290311748,0.563279952486845
"PSMD9",0.130670907159285,0.646871461076012
"PRDX1",0.130614256652173,0.617141847050354
"NUP43",0.130373348357414,0.517111971012558
"CBX5",0.130307018806528,0.637146745433836
"ANKRD13A",0.130277376665402,0.469414147673869
"GFRA1",0.130206366759584,0.825715809245499
"PRKAB1",0.130140402412911,0.613526409000834
"ATG9A",0.130041780425721,0.620976993352309
"SYNE3",0.130031508525065,0.84243845379331
"RPS7",0.129932578669335,0.485918874714817
"DYNC1H1",0.129807291237952,0.549330085468778
"RHOQ",0.129753314985393,0.562197518665853
"NUDC",0.129738118296919,0.505153850170079
"STAG2",0.129555292943454,0.618681684690325
"CCDC22",0.129538756957841,0.519501248859494
"UNC119",0.12926057385626,0.549472268637498
"MIF4GD",0.129212180420859,0.534444438770837
"CHD8",0.129188526809094,0.588579552791917
"COX15",0.129118535921023,0.588579552791917
"C1GALT1C1",0.129041517750238,0.7300202533724
"PPP1R7",0.128976877274773,0.389538300535693
"HNRNPH3",0.12895771884731,0.711702869297181
"PTBP1",0.128897218512035,0.744269621659547
"ERO1A",0.128835334593726,0.61700858713354
"PPP1R11",0.128743959032956,0.719955173467169
"THOC1",0.12873118664468,0.622816094434827
"AIFM2",0.128639069989912,0.680947222974508
"LPCAT2",0.128490864472115,0.702568173108622
"ILF3",0.128485333556384,0.554466726285207
"SLC25A10",0.12838334970116,0.726782652415026
"MAP1B",0.128362607510864,0.711767805217109
"SEC22B",0.128177493847733,0.555682964093674
"PSMD5",0.128149789830324,0.512516082870829
"RPS17",0.127954568693758,0.478470352116684
"GPAT4",0.127823540034892,0.579912511744923
"TUBB4B",0.127808976644257,0.668040154677096
"H1-3",0.12776472910476,0.831539938713235
"RALB",0.127632816890236,0.597956080845039
"RAB3GAP2",0.12761569032347,0.336652662997956
"EIF4E",0.127552978241898,0.348946843884408
"SNRPB2",0.12741822936594,0.650468060058284
"ARCN1",0.127407842988093,0.412361250036505
"GOSR2",0.127291704499124,0.545208261831577
"SF3B1",0.127280847068157,0.725473368865604
"DNAJC9",0.127163750150567,0.761812615087067
"CDH5",0.127087279803377,0.819382921917238
"SPON1",0.127056316128185,0.860307691898235
"ACP2",0.127051496079533,0.54973182861037
"TBC1D9",0.127022772021488,0.683553397448074
"VAV3",0.126993655787509,0.715894354723992
"RBP7",0.126958037122948,0.829897053688271
"CSNK1A1",0.126746797920626,0.343910993131134
"PLA2G6",0.126555588942102,0.669526285257879
"SRM",0.126301541293182,0.629352766157039
"DIS3L2",0.126296975525383,0.552798726475661
"PEAK1",0.126274719754401,0.64681320861428
"SOD1",0.126205767265555,0.468273779451581
"SRSF2",0.126124279020539,0.761812615087067
"HNRNPK",0.126118425108134,0.635388667545854
"GFPT1",0.126054476349239,0.665839824294794
"NCSTN",0.125995810789528,0.489866462370265
"ABCA2",0.125995002612644,0.720890412450085
"RBFOX1",0.125845017142103,0.850436017764999
"NUDT11",0.125836242774064,0.678601049641537
"RPL26",0.125742858398265,0.55300265042307
"TOR1AIP1",0.125672950841935,0.684038576203815
"RPRD1B",0.125400443449701,0.748880649620379
"SLC7A6OS",0.125149764080382,0.629352766157039
"GNPDA1",0.125086791154555,0.438976118266494
"TMEM87A",0.12495677370781,0.381746972115222
"RBM4",0.124921758479706,0.514574054686481
"PRKCG",0.12476703301153,0.919003331114708
"PES1",0.124608148532797,0.544876624149782
"GOPC",0.124572150205168,0.395058433904598
"GNS",0.124534360951552,0.715104724899053
"UBE2F",0.124384823932749,0.555263679131429
"ABCF2",0.124304560528385,0.522279564582136
"UBE2N",0.124248805688717,0.432907422780191
"CDC73",0.124096583966784,0.57511841737239
"TP53RK",0.124010911020941,0.63197009951776
"GALNT1",0.123930557569423,0.613110809317897
"RPL7",0.123892249258937,0.507887108939729
"AGFG2",0.123868296647426,0.838286911121526
"SNRPB",0.123704725084774,0.590544010126911
"AXL",0.123502369139944,0.690966968009098
"SON",0.123440386279842,0.710587753575857
"OSBP2",0.123219220967952,0.684038576203815
"GNAQ",0.123155348923895,0.641935220990637
"EIF1B",0.123099502598397,0.698454550276041
"RBBP5",0.123023359598409,0.439539363945516
"ZBTB8OS",0.122913522927821,0.613110809317897
"HDLBP",0.122798135542306,0.539144322072204
"PARN",0.122588918827646,0.501441339121529
"ESAM",0.122440751000709,0.702568173108622
"HSPA1L",0.122389920228084,0.621766443120241
"PDCL3",0.122345870007361,0.500829563461932
"SLC5A3",0.122314854570455,0.830331182388431
"CHMP2B",0.122310424464976,0.66894128538277
"RPS14",0.122296313619659,0.514485144403667
"RNF41",0.122291867843297,0.603021628271712
"VPS36",0.122189107909747,0.442897363557386
"SEC13",0.122175084554025,0.392828543492253
"HIP1",0.122085604255107,0.726394118761263
"PTGDS",0.122050628326852,0.885002544739356
"HEATR5B",0.122012404567029,0.481379713822571
"RBM17",0.121996090161216,0.613562326134971
"KIF3A",0.121983117576988,0.563279952486845
"EXOC8",0.121975678146059,0.383729924684978
"ATM",0.121897826793902,0.556790583963017
"EFR3A",0.121749519600383,0.641717122591283
"COPB1",0.121642041086336,0.402645271741116
"PHF6",0.121521873925825,0.702568173108622
"RTN4",0.12146053848369,0.761743167509353
"SURF1",0.121412041892151,0.682078952230307
"SEC23A",0.121402200455021,0.450822656461355
"LSM2",0.121272718715142,0.382128255213106
"ARHGAP35",0.121095394321497,0.517932940716422
"RFC4",0.121048527650404,0.522279564582136
"MSH6",0.121045394962146,0.605468393014357
"SNRNP200",0.121016271392046,0.589751494973822
"HSPA8",0.120893949485,0.457826030804003
"NRBF2",0.120810658378888,0.621766443120241
"COG2",0.120683408021154,0.631519811666913
"EPHA2",0.120524313346641,0.740132454809559
"C7orf25",0.120410873262033,0.576283641627644
"COMMD1",0.120399033877042,0.707408963004742
"ARPC1A",0.120317119130846,0.636914707102784
"EIF2A",0.120276684705559,0.519380073813554
"ASB1",0.120088327384687,0.667499913936426
"CHI3L1",0.120081063403106,0.885266325866907
"PDGFRB",0.119992513784323,0.877933984924202
"EIF2S3",0.119830381479666,0.412361250036505
"SNUPN",0.119647490726825,0.768938259397277
"PHF3",0.119597606043762,0.56571766469453
"DDX1",0.119549215137283,0.51582532079804
"NAA20",0.119471232911423,0.649728255268844
"VPS41",0.119397518341167,0.518063009671415
"DUSP23",0.119225378977642,0.723888297457456
"RABGGTA",0.119156372027708,0.522976339263244
"TM9SF3",0.119108111538166,0.488403230319614
"SGTA",0.119001146703436,0.710634313380297
"UQCR10",0.118970054075971,0.81109607719067
"HAGHL",0.118789561085176,0.705523167052097
"DGKH",0.118742376622349,0.917889139271654
"CSE1L",0.118724776476457,0.592536176968161
"CPSF2",0.118613691749175,0.563715874565916
"USP5",0.118584093814901,0.566443127090547
"GGT1",0.11838352253474,0.799354748482961
"ILKAP",0.118380179120766,0.603021628271712
"HEATR5A",0.118359056139091,0.644598980192572
"USP32",0.118336638273806,0.680210802297561
"SLC29A1",0.118241891166659,0.74080362856012
"BOD1L1",0.118131059240713,0.717226229265132
"PLD3",0.118093635017802,0.646871461076012
"SRSF6",0.118059582576628,0.596780458450205
"TFIP11",0.118054018329364,0.722606475210709
"TERF2IP",0.117987705022522,0.682078952230307
"CISD3",0.117891652098723,0.773228009885684
"PRXL2B",0.117875525315814,0.580427899584333
"CCDC47",0.117823761396451,0.451740737092073
"FMNL2",0.117822606598201,0.83683077093604
"VIRMA",0.117801437380015,0.543224733149343
"AMN1",0.117748432766584,0.613526409000834
"STX6",0.117743405858024,0.570618027798484
"ILF2",0.1176151613169,0.48027787179016
"TDP2",0.117593915699318,0.470226013007378
"ANKRD13D",0.117522214351595,0.66894128538277
"LSM4",0.117506878374263,0.596121490650835
"SF3A1",0.11747992974532,0.739322542734395
"SSRP1",0.117131883001303,0.69443336097311
"CRYZL1",0.117127729442656,0.554889670928159
"RPP30",0.117042625641457,0.468633612497725
"UBE2Q1",0.116863161987165,0.631053874573707
"PHAX",0.116859772491393,0.592893714094477
"SF3B3",0.116771142065065,0.597661573434497
"ADCY5",0.116656787399979,0.554889670928159
"MAPK14",0.116627092761689,0.725473368865604
"SUCO",0.116622562007766,0.693399606717364
"PXN",0.116514581540557,0.810539147816669
"RBM8A",0.116373066844405,0.688072182160646
"ANKHD1",0.116289368073026,0.721569729421944
"COPS4",0.116220629336723,0.512516082870829
"ANKRD27",0.115850575212991,0.564615710314184
"SMARCA4",0.11578784520872,0.596988676017069
"POMGNT1",0.11578757324054,0.603021628271712
"SNX15",0.115696909523189,0.756378228926359
"HMG20A",0.115557478721343,0.646871461076012
"PSMC3",0.115455914168647,0.4185173164405
"PTPRE",0.115371918603168,0.63197009951776
"PGPEP1",0.115240003842976,0.74501065145878
"CCNK",0.115216881956876,0.472480343513967
"ARL1",0.11492633053005,0.628468794975206
"GPRIN3",0.114815958395191,0.793046909150794
"PTPA",0.114790693034701,0.502476895943852
"ACBD6",0.114534899751732,0.648527543687924
"TRIM56",0.114531847519051,0.680573521845887
"DUSP22",0.114526013790416,0.696193170738425
"LRP2",0.114330344518699,0.820016518910149
"DCUN1D1",0.11429843341848,0.398829567497338
"RPS19",0.114278928197782,0.616691675003789
"DGAT1",0.114219160775677,0.544158272375601
"H2AZ1",0.114157187184611,0.834144309499053
"LAP3",0.114106046611013,0.763528708608343
"SRPRA",0.114009362880065,0.629352766157039
"PSMA5",0.113963284400596,0.455744709088894
"BSG",0.113777623752274,0.695701392029568
"EXOSC4",0.113711259459516,0.570618027798484
"SGTB",0.113632069713944,0.761743167509353
"GNA11",0.113602630402626,0.605031324919956
"ARHGEF18",0.113596414794189,0.562607601519526
"DMTN",0.113583477395823,0.82201698822315
"PAG1",0.113548493822012,0.772136564338363
"PSMC2",0.113447017275965,0.468802898939001
"RPL21",0.113180048817513,0.541968968424942
"CAMLG",0.113109649518366,0.564346726685485
"RPS4X",0.113082796936528,0.559657265267245
"HSPA14",0.112972175151308,0.445213812438394
"DPH5",0.112954824287542,0.646871461076012
"WDR26",0.11292037021431,0.483555523723293
"C4orf19",0.112626792952175,0.722490009131012
"MAP1A",0.112590862399509,0.805243891753494
"SMN1; SMN2",0.112566214138854,0.711767805217109
"KDELR1",0.112544327297934,0.730406892475911
"DKK3",0.112416567305913,0.835764855221069
"NCBP1",0.112270659914627,0.570896289670584
"CES2",0.112258851935543,0.850590383873596
"ANKRD46",0.112215857705089,0.710634313380297
"DNER",0.112064101263848,0.715104724899053
"CYBRD1",0.111964265388579,0.926663406335818
"GET3",0.11181864303777,0.528426139463642
"MAN2C1",0.11166849158481,0.657449645722544
"PSMB1",0.111498761732541,0.522279564582136
"DDX18",0.111434159251528,0.667400928452363
"COPS2",0.111329824418785,0.462874832932208
"NIT2",0.111296156061751,0.621766443120241
"GEMIN5",0.111179081144122,0.491409951026473
"CRBN",0.111149594838654,0.605400673387322
"CERS2",0.110904070319902,0.741039457738816
"POGZ",0.110899147883571,0.689055615324756
"DOP1B",0.110847007330141,0.646871461076012
"UBXN2B",0.110671820726592,0.704985782709646
"USE1",0.110301097271494,0.44827491675576
"SEC14L5",0.110294985843468,0.646871461076012
"NUBP2",0.110161054380495,0.662345684475743
"VAPA",0.110099323897586,0.584351027110295
"LZIC",0.110061791965499,0.805273491555209
"RPS23",0.110007477205265,0.606862307999906
"TXNL4A",0.109925899371635,0.481576058180366
"PNN",0.109642404752824,0.704218817254105
"FAM118B",0.109631973346986,0.654979998307063
"CDH19",0.109611616115204,0.896611410468972
"HSP90AA1",0.109493955915712,0.584795358363161
"SRR",0.109399006244075,0.801460511926494
"OPTN",0.109391836259309,0.629352766157039
"COL4A4",0.109221848063275,0.736567332361822
"TRRAP",0.109192025121973,0.563063491292662
"SEC23B",0.109144765557275,0.732266076405409
"DIAPH1",0.10910149017641,0.750896411666007
"MYD88",0.108828680718156,0.707408963004742
"TRIM5",0.108695149400016,0.741873992098745
"TYK2",0.108520995036563,0.805243891753494
"FGGY",0.108377749265035,0.793848737665037
"BRD4",0.108133494685525,0.721865779743936
"TGFB1I1",0.107791450193185,0.890280131594501
"TXLNA",0.107750754230631,0.523271874760559
"UACA",0.107693734375657,0.903172001264378
"C1QTNF5",0.107564429379458,0.884704027562936
"STK24",0.107501335692243,0.588787551199027
"RGS19",0.107286174137671,0.698838864621078
"RAP1A",0.107255636986306,0.702064105133936
"SRP68",0.107229820690781,0.463493823167525
"HEBP2",0.1071694836759,0.775527685609297
"LRRC40",0.107161389099005,0.627077934959703
"MRPS26",0.106984576451964,0.622908153404006
"PARK7",0.106897027555707,0.603865105241728
"PSMA4",0.106891598032188,0.512783290462274
"PFKFB3",0.106856834779314,0.710607803179176
"RAB2B",0.106827730635445,0.657893470883897
"ASCC1",0.106783107249477,0.681179937927627
"CDC37",0.106716502024133,0.555682964093674
"DENND5A",0.106589735457431,0.711490225082422
"ZNF787",0.106556412569359,0.788254419428121
"BCL2",0.106526056199593,0.784553779563371
"ABCE1",0.106410357943274,0.499595882441542
"PSEN1",0.106341938971171,0.50854703786789
"EPB41L4A",0.106243286429597,0.637598975067406
"SIDT2",0.106200660374961,0.689976289879457
"SAMD4A",0.105769670567489,0.728807537591529
"SNCA",0.105763205372892,0.876573568866524
"CRNKL1",0.105703314636996,0.60468152254524
"ECM2",0.105372006079162,0.869178326793596
"OSBP",0.105257207926011,0.445213812438394
"RUVBL2",0.105081963433914,0.562197518665853
"BTF3L4",0.10507307619109,0.609779747897243
"EIF4E3",0.1049704130925,0.612497857380019
"PRKACA",0.104840556467316,0.606862307999906
"STIP1",0.104791388384779,0.593579047799116
"CHD2",0.104551908335512,0.680573521845887
"FAM114A2",0.104515788344333,0.630951156847027
"OAS3",0.104421001437187,0.83680157478072
"SCCPDH",0.104408832463818,0.689055615324756
"CD38",0.104405945777538,0.877933984924202
"NGLY1",0.104231024551712,0.646871461076012
"ATP1B3",0.103947555524435,0.889255654726478
"REEP6",0.103791695135518,0.671338188312415
"SHANK2",0.103708861561058,0.858273790356627
"RPL15",0.103629343081525,0.528426139463642
"PPIL2",0.103543226723597,0.691711632160962
"CBS",0.103465811548048,0.926433494863427
"MINDY3",0.10335671164284,0.699874189803662
"CDKN1B",0.103353894653926,0.753779859332983
"BPNT1",0.103238009877535,0.605426902362804
"EIF2B3",0.103212520220783,0.661663103878339
"KANK4",0.1031569169929,0.874386774195956
"COL11A1",0.103075709596952,0.888826096136497
"AEBP1",0.103071401904559,0.956065343401136
"ATG5",0.103056499198176,0.50681937506682
"GAB2",0.102969051664769,0.691086205501482
"DERL1",0.102652744278865,0.521720090821816
"WASHC2A",0.10252192140134,0.668357974790391
"PDCD6",0.102483323378264,0.588579552791917
"TPR",0.102433106542978,0.714158933301975
"CEP170",0.102432457055212,0.734746833092081
"ATG3",0.10215305656549,0.599728264359191
"FBXW9",0.10210984462134,0.699874189803662
"DDX20",0.101898151743015,0.603021628271712
"KLHL5",0.101846002806849,0.786943765667216
"RPL10A",0.101828092006251,0.613562326134971
"EIF4G1",0.101775484943861,0.441762791559517
"EIF3I",0.101737566582306,0.598926160004597
"DCX",0.101715627696355,0.755970983211956
"ARHGAP12",0.101553433595051,0.733195099955912
"PPP1R3F",0.101552391599634,0.759991281556487
"STX18",0.101458289824121,0.546294149584497
"GTPBP4",0.101315924105366,0.614045313610758
"RPL11",0.101220050430413,0.60468152254524
"SAR1A",0.101205850082533,0.487929343003953
"PIP5K1A",0.10112860184843,0.784984769922523
"FBXL18",0.101111123055247,0.644598980192572
"COPS5",0.101042297898758,0.505123549456924
"PSMD3",0.100942984125862,0.462774709239472
"THYN1",0.100901313569478,0.812671590650026
"DUSP3",0.100604711373588,0.661654078076479
"PALS2",0.100478301431439,0.911783421176026
"H2BC11",0.100398430223494,0.873429578360521
"CC2D1A",0.100342176328217,0.561634548230986
"RILPL2",0.100286998796917,0.472426177027928
"BRCC3",0.100221537472306,0.52987863781281
"CDK5RAP3",0.10020176033278,0.64500161119544
"OSBPL7",0.100061868765623,0.795933945488808
"SNX6",0.100045877751215,0.587940913490684
"ATP6V1G2",0.0999851006844175,0.892795504705733
"HSP90B1",0.0998237178305104,0.641717122591283
"TKFC",0.0996859277700413,0.74459747388319
"TRAPPC3",0.0996095033550208,0.471037869801138
"CBL",0.0995618064590129,0.499481096289239
"NUP58",0.0994145392420105,0.596642947439643
"SNRPC",0.0994008448598525,0.870847791692343
"APBA2",0.0992822322971474,0.745650873850719
"EVI2A",0.0991088652799519,0.90663573545012
"ZNF451",0.0991075996739417,0.736746599857056
"HECTD4",0.0989803145303387,0.66517666455857
"MMS19",0.0989458433529684,0.50854703786789
"AHSA1",0.0988416972172406,0.708209004783571
"XPO1",0.0987371743713386,0.501172468298129
"UBAP1",0.0987291862101767,0.680947222974508
"STOM",0.0985641167746927,0.909512483578741
"POGLUT3",0.0983281121330535,0.876555784697356
"AFTPH",0.0980410756235743,0.772130863465695
"NAP1L1",0.0978415405475861,0.732266076405409
"ANAPC4",0.0978361859648382,0.722476609134771
"STRBP",0.0978116119871926,0.748880649620379
"RPLP0",0.0977001034225022,0.63502870963583
"DYNC2H1",0.0973143659553513,0.842582032308089
"SMAP1",0.0972511341823932,0.766241218272175
"CDKN1C",0.0972162568720556,0.795253099940642
"RTCA",0.0971260724667822,0.759991281556487
"PDLIM5",0.0971141531714323,0.838286911121526
"HNRNPU",0.0971032731252652,0.725473368865604
"PLPP1",0.0970571493842964,0.726736102771862
"IK",0.0970558081581965,0.726782652415026
"ZNF638",0.0970182571025378,0.777008621335257
"PDCD11",0.0969878641287227,0.711987185737505
"PGS1",0.0968857255270361,0.646020909721858
"HECW1",0.0968147434648543,0.812671590650026
"EML2",0.0967889114597149,0.793223629132726
"RALY",0.096779341616374,0.819382921917238
"GPN1",0.0966037047510087,0.732266076405409
"CTNNBL1",0.0965026692045337,0.717226229265132
"IRF3",0.0962709221386948,0.669902815509003
"AP5Z1",0.096263707040749,0.711767805217109
"RPS2",0.0961979451078445,0.692616466497614
"HBS1L",0.0960663406344295,0.739811996043687
"SMC3",0.0959965286626669,0.805273491555209
"CCM2",0.0959641244739835,0.64500161119544
"SNX12",0.0957409322209006,0.541968968424942
"TMEM128",0.0956253794621489,0.852070611233911
"RPL17",0.0955735909368478,0.697183968559658
"INTS13",0.0954696654767151,0.702568173108622
"DCAKD",0.0954203210019404,0.781814937851371
"KRT18",0.0954138783197847,0.898182158897303
"PDE6D",0.095406257824509,0.657449645722544
"RPL34",0.0953126411704588,0.688894170743981
"MED1",0.0952978897668872,0.697811362590301
"VTI1B",0.0952871622265423,0.657449645722544
"MSH2",0.0951622501164717,0.623794575257423
"SLC25A15",0.095133882423176,0.799674572682332
"UGP2",0.0951319338745158,0.629352766157039
"CCAR2",0.0950914757224748,0.724542539148298
"CD58",0.0950885642734125,0.695086783268818
"RICTOR",0.0949869744951357,0.648174081428582
"ARIH1",0.0947789087106869,0.57592436115415
"PELP1",0.0947228603355388,0.68523921231651
"CIB1",0.0946914611348664,0.786207079036505
"CEP41",0.0945424650239275,0.776392768778101
"RACK1",0.0944582452848621,0.65782233672967
"BORCS5",0.0943570603500206,0.763334443756854
"CAPN2",0.0943287236428336,0.761812615087067
"PRPF8",0.094244940785341,0.691191383636264
"POFUT2",0.0942384967830812,0.692616466497614
"PSMD1",0.0940763843907657,0.517111971012558
"METAP1",0.0940418598025969,0.773227057831515
"BRINP2",0.0940201910300589,0.833718518578808
"NTNG1",0.0939592530769415,0.748880649620379
"STRN4",0.0938933097204755,0.686627312787384
"AGRN",0.0938418710289586,0.898633336251609
"TAOK3",0.0936166445605675,0.618929543365921
"ZMYND8",0.0935182874154599,0.647798413604002
"RABGEF1",0.0934531900938254,0.57608565021124
"PIP4K2C",0.0934109655013362,0.646871461076012
"PABPC4",0.0934045477100014,0.418166647237153
"SIRPA",0.0933392849694048,0.846480204127283
"CUX1",0.0932454933191211,0.733195099955912
"MAN1A2",0.0930772474636008,0.793223629132726
"EPB41L3",0.0929401690010785,0.740761281694987
"CNPY2",0.092926260687241,0.653914624015284
"GOLGA4",0.0928469930595597,0.56259059169484
"PPP1R9B",0.0928225590854108,0.749167731988675
"RASA3",0.0928021201221583,0.66517666455857
"NIPBL",0.0927816273731121,0.659470006588796
"RPL8",0.0926521903675948,0.6505814160702
"TBC1D10A",0.0923723937111287,0.722490009131012
"GNB1L",0.092274510126666,0.719234625628462
"VCP",0.0921964446490477,0.549663331900537
"TRIM25",0.0921794987609736,0.748880649620379
"TMEM179B",0.0920680274241938,0.707408963004742
"G3BP1",0.0920586957415601,0.750844529829213
"CTTNBP2NL",0.0920577160806717,0.634739702455057
"CCT3",0.0920383408436987,0.482856170564827
"PARP4",0.0919697984701031,0.883847583551575
"H1-0",0.0918095370480696,0.891829873371275
"THOC5",0.0917072453556536,0.74072486760644
"RNF170",0.0916591949071979,0.729300192993234
"SHANK3",0.0916207594958678,0.905803431728426
"LDHA",0.0914587473597823,0.671356928089951
"IRAK1",0.0914394138992183,0.605468393014357
"HEXIM1",0.0914322067532254,0.779006040317079
"SNRNP40",0.09139003470621,0.757286893131772
"AUP1",0.0912578980993732,0.692278449661626
"PLXNA2",0.0911379417766707,0.708241121943005
"RBM4B",0.0910993502778972,0.536525181352406
"MYH10",0.0910630715216794,0.698838864621078
"ATP13A1",0.0909183457288929,0.698941062839287
"IGKV2D-24",0.0908863076604041,0.883847583551575
"SSB",0.0908019149976074,0.683553397448074
"EIF2B4",0.0907993601221726,0.50681937506682
"HCFC1",0.0907450521650137,0.722490009131012
"SOX10",0.0905935288678235,0.857878866135563
"CYFIP1",0.0905074905337617,0.731200162870941
"NOL9",0.0902595814883567,0.657449645722544
"LSG1",0.0902518163651793,0.596121490650835
"MELTF",0.0900599282353127,0.851019872632056
"NUP62",0.090059867512986,0.668814648421263
"IRGQ",0.0899881031211969,0.838286911121526
"RFT1",0.0899267894597937,0.657449645722544
"GLOD4",0.089895122812619,0.607185758576677
"TAF15",0.0896189799045821,0.760077609907315
"WDR11",0.0894130773042114,0.723888297457456
"CHMP1A",0.0893149198409429,0.711380066961921
"VPS4B",0.089133499260484,0.717226229265132
"ATE1",0.0891166037356133,0.65782233672967
"NUP54",0.0887714996490114,0.676992631054944
"HACD3",0.0887402185894697,0.66517666455857
"RANBP3",0.0886131607407741,0.755542342727321
"KIF16B",0.0884535134609816,0.703454568300375
"PTRH2",0.0884266862721574,0.668165528261222
"LDB3",0.0883449272593335,0.885002544739356
"KIAA0930",0.0882577226698595,0.712382119753161
"PPM1G",0.0880941155595387,0.745735668418001
"NAPG",0.0880389539365254,0.745889339116719
"DNAJC10",0.088023108831436,0.727907958096213
"STX4",0.0879201246271091,0.745650873850719
"PSMD7",0.0878248936950552,0.550330501489706
"NMNAT1",0.0877723391159915,0.657449645722544
"XIAP",0.0875973447832257,0.705885275837602
"ECPAS",0.0875847442950644,0.605468393014357
"RAP1GDS1",0.0875788730190425,0.805273491555209
"EXOC7",0.0873825181029115,0.502705532540883
"NRDC",0.087379130644873,0.691504216505404
"UBE2H",0.0873626509465693,0.613795969025902
"AGFG1",0.0873291149096769,0.699874189803662
"MATR3",0.0872942545512583,0.813441845517817
"VPS16",0.0868854339387735,0.609544437298627
"ZC3H12C",0.086836066770986,0.755651445094269
"SF3A3",0.0868219997776691,0.781501298195977
"DOCK1",0.0866888192299484,0.716560020172871
"PKM",0.0866675714212803,0.629428050223249
"GALNT2",0.0865385857835932,0.76658024487126
"DENR",0.0865145452613874,0.704009529504596
"USP14",0.0861830164745108,0.705857033652893
"GPT",0.0861554725883007,0.834144309499053
"ARF3",0.0861528526564221,0.657449645722544
"SYMPK",0.0861469703982705,0.613795969025902
"COPG2",0.0861467057593703,0.627922485399554
"SUPT5H",0.0861160292933754,0.715251393099435
"IKBKG",0.0861063921850196,0.742361793421977
"GRN",0.0860630764336978,0.932951648881525
"PMM1",0.0860368265107887,0.854212055943121
"GTF2I",0.0860086030252418,0.755970983211956
"SCFD2",0.0859755188432629,0.721865779743936
"ARHGEF25",0.0859741899489634,0.71011753608509
"MED23",0.0858122061379305,0.769814897367237
"NBAS",0.0857494279397102,0.627922485399554
"PTGR2",0.0856189764666464,0.769777624667554
"GAS2L1",0.085612928655312,0.699703130243178
"EPS15",0.0854864777572839,0.745650873850719
"FAM98C",0.0854758025048428,0.673694498978746
"RPL18A",0.0854743083657237,0.686883495966762
"ERH",0.0853579129444864,0.792534489947354
"PLEKHA5",0.085122241893778,0.852743150415573
"PPP2R1A",0.0850777610784537,0.71204666165916
"PARP12",0.0849990047622384,0.740066374057403
"RARS1",0.0849774853472649,0.575596678893869
"LYPD1",0.0849314327759902,0.854016585275845
"IPO11",0.0847820730627316,0.543786860912131
"SNRPE",0.0846749118611632,0.699874189803662
"RBM10",0.0846621615808214,0.77270782522862
"PLA2G15",0.0845632873883311,0.702568173108622
"JPH1",0.0843457049584435,0.874767717486682
"UFL1",0.0842745053913934,0.690625177282218
"RPS16",0.0840196354038927,0.673258623274386
"PA2G4",0.0838732820140908,0.657449645722544
"TMPPE",0.0837655966085613,0.671356928089951
"NUP188",0.0837619255796946,0.623213857476247
"CCT5",0.0837614481240738,0.579912511744923
"MTPAP",0.0837201597137298,0.667116192255463
"IWS1",0.0836282211005299,0.768355974151557
"KXD1",0.0835369288953691,0.664086702013298
"ARMCX3",0.0832958076675823,0.648112395518102
"CCT6A",0.0831746476146495,0.522976339263244
"PKP4",0.083173008177269,0.836203950391022
"CNOT10",0.0831495478210789,0.66894128538277
"BCAP31",0.083148633665262,0.683912998233333
"GSR",0.0830934723365804,0.694242638909831
"AGPAT3",0.0828955579527033,0.809063121381947
"SPAG7",0.082869653104547,0.653914624015284
"MAPRE1",0.0828149014271116,0.708766115874159
"MRE11",0.0827213511062848,0.733195099955912
"PSMB4",0.0824737219497376,0.703059266857351
"STMN3",0.0824341062852163,0.863865114819618
"NKIRAS2",0.0823489547744103,0.679933828684121
"MIEN1",0.0821831293843127,0.713118280443627
"CTCF",0.0821099964179357,0.80793082199349
"BBS5",0.0820808073654486,0.711380066961921
"BBS9",0.0820023308981783,0.807484702080301
"OS9",0.0819089639391635,0.760288264982966
"ATRN",0.0818636816204723,0.805273491555209
"ICA1",0.081737086729321,0.808068716575562
"NXN",0.0816859533161702,0.854212055943121
"RBBP4",0.0815769626389944,0.668994749069035
"MAPKAPK2",0.0812890917877098,0.750885911643261
"UBE2G1",0.0812684081956361,0.720933645673133
"GPR17",0.0811978329550529,0.805273491555209
"PAXBP1",0.0811889314087075,0.641935220990637
"NOMO1",0.0811059450196936,0.60866908021394
"FNBP1",0.0810737067348999,0.738965105135422
"SLAIN1",0.080871585573151,0.75074105687038
"FKBP7",0.0807234595433606,0.943618262768602
"DDX3X",0.0806552059688883,0.74501065145878
"NUP214",0.0805525336891701,0.650752647856953
"AGTPBP1",0.0802985494666046,0.766669436334479
"TRMT11",0.0800790472796331,0.779172072288308
"TMEM245",0.0800651170537385,0.750191482443261
"ACTBL2",0.0800602366814518,0.911783421176026
"LACTB2",0.0800545539909479,0.849887675149184
"CCT8",0.0799723590670212,0.551200749622252
"LYPLA1",0.0798274065887519,0.722490009131012
"CSNK1E",0.0797263182188193,0.746918912165107
"SMAD2",0.0796207550713355,0.785545292594418
"PRKN",0.079390657566087,0.848110678142182
"VKORC1L1",0.0793534656466566,0.701586913658104
"NUBP1",0.0793365097580665,0.607177289345321
"RPL31",0.0792253487682597,0.720890412450085
"TBC1D23",0.0791028250419643,0.705523167052097
"NHERF1",0.0789663078550866,0.88971759600497
"VPS18",0.0788165658122395,0.630373730163245
"RPL3",0.078688438842228,0.66894128538277
"PAFAH1B3",0.0786397828541361,0.761743167509353
"TRAF6",0.078549201819671,0.743136096205028
"MTMR1",0.078517387275058,0.726481037402316
"SUMO2",0.0784025352978386,0.716934988456407
"LAMTOR2",0.0783137361261783,0.739811996043687
"GCA",0.0781154787850848,0.812089995649222
"NUP205",0.0780428786748075,0.744269621659547
"FAT3",0.0778917865969344,0.830331182388431
"UBR2",0.0778602035173535,0.706825249269483
"TPPP3",0.0777971097993451,0.911783421176026
"WBP11",0.0776719776158448,0.711380066961921
"CSRP2",0.0774429956850398,0.933559967364476
"RAB6D",0.077442727946357,0.731062353447108
"CCT4",0.077236616229083,0.567406803142883
"NOS1AP",0.0772347848358192,0.808121254933214
"PUDP",0.0772290961590834,0.894403667570579
"KLK6",0.0772148132937538,0.911783421176026
"CARNS1",0.0771373501987718,0.939750567978309
"SEPTIN9",0.0770685578354406,0.854212055943121
"GSTM2",0.076933438505737,0.913277918329697
"OGT",0.0768883914710496,0.83683077093604
"UBE2O",0.0768581317788328,0.780633015257837
"ATRX",0.0768443263845926,0.720890412450085
"SLCO3A1",0.0768274262737147,0.831514507732389
"PRMT1",0.076692497316758,0.524778194610441
"TRIM2",0.0765818427745497,0.834144309499053
"PVALB",0.0765611455276893,0.933770739374833
"ITCH",0.0765351177708169,0.784778545061222
"ACSS2",0.0764967826553331,0.874386774195956
"TRIP4",0.076482735661445,0.801507423300165
"PIK3R1",0.0763961816070005,0.612497857380019
"ARL3",0.0763951821591213,0.770952883196318
"CALCRL",0.0762881498575858,0.894422609287366
"TXNRD1",0.0762517617690612,0.762188460459082
"CHMP2A",0.0761693060264879,0.668357974790391
"RBBP9",0.0759903917800919,0.81109607719067
"HSP90AB1",0.0759694700866387,0.71238843059649
"PPP1R2",0.0759622686425647,0.799674572682332
"PFKL",0.0759178006550858,0.714037321814235
"QRICH1",0.0759138978629652,0.840913804834593
"GALNT15",0.0758666943109469,0.878128090685333
"TPP2",0.0758197685565847,0.704332013157763
"ASAP3",0.0757488266822257,0.768355974151557
"UBE2R2",0.0757052736321731,0.588787551199027
"CHL1",0.0755006744621909,0.825439931517558
"TTC8",0.0753612711972087,0.719687172754578
"PCNP",0.0752840422578629,0.888555880522549
"INTS14",0.0752557501671625,0.749857973125565
"PRKAR1B",0.0752491213205619,0.830331182388431
"ELL3",0.0752148645873625,0.889981139105297
"MOB2",0.0751989450688662,0.71011753608509
"TIA1",0.0751260785435237,0.692616466497614
"KATNAL1",0.0750813361925609,0.671356928089951
"ADRM1",0.0750380776896833,0.705617515812933
"PEA15",0.0749291148567242,0.890067514452024
"ANAPC7",0.0748702708495337,0.683166207991628
"LYPLA2",0.0744659060340416,0.731062353447108
"RPS28",0.0744340879206451,0.664318762531507
"WIPF1",0.0742231636082096,0.801782184317184
"TGFBR3",0.0740879999578787,0.774641780497976
"PTPRD",0.0740332370020074,0.83683077093604
"SEC24B",0.0739519022735262,0.627469840987597
"EEF1D",0.0739413134902538,0.63025457810499
"HTT",0.0738717531426847,0.682574239487807
"TTBK1",0.073797560051279,0.874162265061836
"HNRNPA0",0.0737366028358579,0.859865258951671
"EFTUD2",0.0735595190987635,0.716934988456407
"PSPC1",0.0735188012353563,0.811154088430144
"OXSR1",0.0734029090822936,0.691504216505404
"OGFR",0.0732315674545587,0.669121334558983
"LGALS3BP",0.0732123246992114,0.886636402961893
"PDZD11",0.0732020220761296,0.885002544739356
"VPS37A",0.0729980169863715,0.618750170531839
"CDC42EP1",0.0729715247585254,0.917615317959454
"NCK2",0.0729234656804003,0.724542539148298
"HDAC2",0.0729030905006791,0.651614765978249
"FUBP1",0.0728931601923115,0.833718518578808
"CA8",0.0726334148404133,0.898389607071357
"ARHGEF11",0.0725579688208384,0.750896411666007
"WSB2",0.0724625506317054,0.869784393707465
"ANKRD28",0.0723646526848736,0.748880649620379
"SARNP",0.0717934172424242,0.898633336251609
"VPS33A",0.0717527002515332,0.66169064924031
"CCSER2",0.0717403204118598,0.842563018088647
"CD200",0.0717137350814863,0.903762600294192
"DNAJC7",0.0716653512855174,0.791177017211988
"MOXD1",0.0714093766649651,0.946923327801305
"CAVIN2",0.0713821113846755,0.96279193178726
"HSPB7",0.0712369338179553,0.890280131594501
"EEA1",0.0711477987274485,0.725522074760114
"PTPN23",0.0709085009675547,0.653961068180284
"HTATSF1",0.070726256476167,0.817764294135377
"UBE2V1",0.0707089552716145,0.641321227608399
"MAST3",0.0706785229896294,0.848110678142182
"CUL1",0.0706421150725021,0.670720413422286
"MAP2K2",0.0705573698820956,0.767124618269085
"CLIP1",0.0705512742774292,0.653927974595125
"PPP4C",0.0703312070969133,0.743136096205028
"RBM42",0.0702286604756681,0.744269621659547
"ASCC2",0.0699530757123528,0.657449645722544
"GOLGA5",0.0698820303839778,0.877933984924202
"ZYX",0.0698793344655515,0.887790658849087
"TMEM176B",0.0698493642739066,0.883847583551575
"PSMD13",0.0697304068643767,0.665839824294794
"DAP",0.0697241045261201,0.872062172753727
"CRK",0.0696689609554095,0.66914521620051
"TMED5",0.0696124848365329,0.820656463824426
"ZMYND11",0.0694285232649667,0.750501393267341
"CLIC4",0.0692225784741982,0.863844983559233
"HCN2",0.0690778997342267,0.908210055694976
"EMC7",0.0690498888165347,0.710986811566741
"ARPIN",0.0690416010778545,0.846544678079235
"PUF60",0.0690255258425605,0.720890412450085
"RILPL1",0.0689613323993719,0.838937833940564
"GPKOW",0.0689065439079499,0.706411966403263
"GGA3",0.0688468343930815,0.751249970585293
"ABHD13",0.0688388017985817,0.845322112091266
"BAIAP2",0.0688355767122832,0.905803431728426
"PTGIS",0.068692745684924,0.946923327801305
"TMEM199",0.0684745178964379,0.822751829667495
"EPN2",0.0684414657447512,0.857878866135563
"TNKS",0.0683894651557306,0.843048205778174
"EEF1A2",0.0682219307350334,0.615919430537852
"ABCB6",0.0681770119118728,0.879214000880778
"CIAPIN1",0.0681695853124342,0.841628985011993
"PPM1A",0.0678904303940673,0.772798838508746
"NMD3",0.0677522848189263,0.725473368865604
"SRSF1",0.0677007765717033,0.890280131594501
"DIP2A",0.06763389753689,0.738965105135422
"EFL1",0.0676215957392703,0.722490009131012
"GAB1",0.0675332765639141,0.9021594756192
"USP8",0.0674938465577455,0.82659335858734
"HNRNPD",0.0674352699244736,0.861530748690873
"ARPC5L",0.0674213650649182,0.70617356833336
"TSR2",0.0674166899987636,0.827660364287015
"MAP3K12",0.0673572512882394,0.850590383873596
"PTDSS1",0.0673463839967567,0.75885149183476
"PLCD4",0.067134728389342,0.890244345815065
"GUF1",0.0670305420647193,0.750885911643261
"HECTD1",0.0666043167414774,0.613562326134971
"THSD4",0.0665870229387791,0.949593466873234
"RB1",0.0664953921032634,0.792141357487857
"CERS4",0.0663334481662083,0.739811996043687
"FOXO1",0.0663201161083649,0.870847791692343
"UNC45A",0.0662019416958213,0.767500671271481
"PEX12",0.0661814524895625,0.730740317978217
"TRAF1",0.0660097940849314,0.796809672575915
"CTTN",0.0658379797212731,0.881465008094788
"GAPDH",0.065825839689591,0.725553760455027
"GID8",0.065767488632523,0.7733844829278
"TRIM16",0.065744356982723,0.888511003776045
"TMED1",0.0657000958118106,0.730745654756056
"AKR7A3",0.0656705452777135,0.921758652810053
"EIF2B5",0.0656515837671936,0.631519811666913
"CCDC91",0.0655994214906084,0.760923656268706
"USP34",0.0655540692505019,0.794334992846833
"ELP6",0.0654113345509462,0.722476609134771
"BTF3",0.0653851601103161,0.830069030914882
"CHM",0.065357071799534,0.777586321393811
"FTH1",0.0653415368143158,0.879394653277559
"SLC4A1AP",0.0652226938318581,0.850436017764999
"PIGO",0.0651652031615368,0.757357747450677
"SORBS3",0.0649027939976961,0.935451140143946
"WDR45",0.0648583021152387,0.733195099955912
"RHOA",0.0646860777060283,0.831989690866252
"SEC11A",0.0646779800136956,0.809063121381947
"SNRPA1",0.0646527333392095,0.76985430420611
"XRCC6",0.0643655576137476,0.842582032308089
"RABL2A",0.0642151139634617,0.824133777166666
"SNRNP27",0.0641639671744745,0.784178016199878
"RNPS1",0.0640875059891242,0.879214000880778
"TGFB2",0.0639030234066258,0.81109607719067
"PARP1",0.0638728828165771,0.750896411666007
"RELL1",0.0637579742871424,0.920377083184918
"SAMD4B",0.0637238608057453,0.751249970585293
"CRYGS",0.0636154250656658,0.909174431640194
"TWF1",0.0635889727852454,0.75074105687038
"PSMD12",0.0634642429126533,0.629352766157039
"GAR1",0.0632689306645107,0.797274150985128
"CTPS2",0.0630816501055982,0.838286911121526
"BLTP2",0.0629408930791238,0.797274150985128
"PDCD6IP",0.0629362327570089,0.773197775162333
"WRNIP1",0.0629037172246205,0.805992871385358
"AGO1",0.0628260792417432,0.775287828250176
"MTM1",0.0627413068680731,0.845322112091266
"SESN1",0.0626556572101844,0.848110678142182
"HARS1",0.0626484321747807,0.817097924009958
"FHOD1",0.0625615459770286,0.83431250019798
"PSMD8",0.0625572911585586,0.694688683333581
"BBS4",0.0625561129888021,0.792380506570408
"GOLGA2",0.0624367524229577,0.744221879313172
"AIDA",0.0624283242842854,0.88072713557006
"LIN7A",0.0623978325543142,0.871632373286829
"PCDHGC3",0.0623756835556177,0.863293258945723
"RNF126",0.0623615137324895,0.817449832677178
"DDB1",0.0623409369137313,0.68523921231651
"PSME3",0.0621793918528013,0.83683077093604
"HMGCL",0.0618882610671321,0.840426457855451
"RPS24",0.0618615068764665,0.801782184317184
"EXOC3",0.0616638634014048,0.657449645722544
"PIN4",0.0616394152703847,0.909202511500478
"KCTD12",0.0616051689288835,0.874162265061836
"ARHGAP10",0.0615071522634425,0.891996822053341
"GPATCH11",0.0614985159868429,0.847193234911435
"SLC7A8",0.0614745550234232,0.895453431567103
"UBXN4",0.0613982106701201,0.703454568300375
"PTK2",0.061357349975891,0.747033704838953
"PSMD2",0.0613400845737502,0.725473368865604
"MAPKAP1",0.0612110771265177,0.831514507732389
"WLS",0.0611614447681337,0.929389091685915
"ATP11B",0.0611325909635125,0.85540330809718
"PRDX2",0.0609741491834246,0.863293258945723
"AGAP3",0.0608296069151484,0.843830747367644
"CANX",0.0606958303990677,0.766669436334479
"EPS8",0.0605595705569879,0.823192605151543
"ZEB2",0.0605112874141458,0.817097924009958
"IPO7",0.0604891978715507,0.753081071622965
"MOB4",0.0604399231092323,0.787189766586235
"MGMT",0.0604161117591842,0.924001518645028
"RPL19",0.0604086595081377,0.728807537591529
"SAT2",0.0603345989140083,0.939313065414923
"RNF31",0.0602810705474672,0.74873411826406
"CCDC51",0.0602182166258141,0.799354748482961
"ENPP4",0.0602115832657812,0.864699416658377
"BABAM1",0.0602030870620522,0.801782184317184
"DCAF7",0.0601392773445184,0.774641780497976
"INPPL1",0.0600434412022093,0.891829873371275
"NFIC",0.0600062027573012,0.877471677961055
"PIKFYVE",0.0598312099505058,0.720890412450085
"KCMF1",0.0598178265036751,0.861773917876516
"SMC6",0.0597853969318898,0.763961026872792
"UBE3A",0.0597763950083632,0.751249970585293
"SRCIN1",0.0597515535491944,0.904107948876439
"ABL2",0.0597412321960133,0.826731611748335
"CYP27A1",0.0597137203202873,0.901573968563089
"UBE2J1",0.0595892149301456,0.776507698647008
"PLA2G4C",0.0595348382200394,0.932860628754267
"DYNC1I1",0.0593808010906756,0.874162265061836
"ITGB5",0.0592275231381976,0.87849106957929
"CAPNS1",0.0591770548370363,0.798046428984101
"KCNK2",0.058899709005396,0.861530748690873
"SLC35F6",0.0586152643644855,0.890067514452024
"UBQLN4",0.0585673140784557,0.760923656268706
"STAM2",0.0585573604427001,0.687717124458339
"CRACD",0.0584436617624897,0.859274314222408
"PIGS",0.0583819692831646,0.767485580409009
"TM9SF1",0.0583328835466039,0.831602918741742
"PCBD1",0.0581725735550949,0.823466868462725
"SERINC5",0.0581075953158789,0.933770739374833
"GUK1",0.0580380145988268,0.81109607719067
"SBDS",0.0577627512883687,0.82201698822315
"HPS5",0.0577576556742088,0.852743150415573
"CTPS1",0.0576982927043694,0.766669436334479
"LRP1",0.057390619899051,0.885002544739356
"PPM1B",0.057133775698734,0.799051399876961
"NTAQ1",0.057054299876043,0.850859912275253
"NSDHL",0.0570348239079159,0.85540330809718
"TPI1",0.0570187933877389,0.782751518694788
"ACOX1",0.0570002167182508,0.856398780800371
"TAB1",0.0567669273028226,0.71238843059649
"NRSN2",0.0567047831137115,0.858807721190152
"RAB11B",0.0565071012159404,0.742330462603228
"USP39",0.0564134945635217,0.831989690866252
"TOP3B",0.0563946422505914,0.869823570416194
"TRIM3",0.0562646166214495,0.900118666178761
"KANK1",0.0562434094751767,0.873612928241792
"PPP5C",0.0562126555349991,0.83431250019798
"USP4",0.0561892958075649,0.817097924009958
"RPL35A",0.0559464895135324,0.810539147816669
"RHEB",0.0557115723093382,0.78436498092508
"SPEN",0.0556744910983769,0.878128090685333
"RASIP1",0.0556316783479431,0.892400290529388
"CSNK1D",0.0555134589466038,0.912254337789326
"DDX39B",0.0554282371816424,0.767124618269085
"RELA",0.0553505277976054,0.847693113029708
"ARHGEF10L",0.0549961403409807,0.845322112091266
"CSNK2A2",0.0547946769240149,0.750885911643261
"MAPK3",0.0546049041313363,0.884929548928699
"CCNYL1",0.054576744401948,0.826632998268345
"PKN1",0.0545273386625649,0.828318917551086
"MIPEP",0.0544887658041029,0.845322112091266
"MPPED2",0.0544035266064116,0.911783421176026
"RPL27",0.0542665828753677,0.801782184317184
"GSTK1",0.0542122242440293,0.816828538429312
"CCDC167",0.0540496889411157,0.848110678142182
"PIRT",0.0540184745757788,0.878485391124348
"SUGP2",0.0539924053056673,0.90663573545012
"FADD",0.0538802970255174,0.845322112091266
"SEC31A",0.0538220136844991,0.764148306716983
"DOCK9",0.0536695662948841,0.808137105677862
"PFDN1",0.0535700953559815,0.932951648881525
"CLEC16A",0.0533664944648091,0.801782184317184
"CIAO3",0.0532259103004238,0.839757467313605
"EDC4",0.0531983845844142,0.808137105677862
"FITM2",0.0531511936818783,0.907203752052748
"CNDP2",0.0531174882184864,0.850590383873596
"RAP2A",0.0529940167532068,0.836848058057663
"CSDE1",0.0528898727660287,0.772798838508746
"PNKD",0.0527848268673576,0.898633336251609
"SBF1",0.0522769505818861,0.831734287957457
"LRBA",0.0522738923884223,0.83680157478072
"ARL6IP5",0.0522514656823212,0.862249906147281
"EML1",0.0522168317486056,0.848110678142182
"NR2C2AP",0.0522015356142385,0.85540330809718
"PEG3",0.0520810084619017,0.903762600294192
"ZNF346",0.0519835739123691,0.87095574892058
"TMEM132E",0.0519361182380029,0.932951648881525
"ARL5A",0.0519309782060713,0.845322112091266
"DOCK6",0.0518899691093688,0.878732621487557
"IGHMBP2",0.0517519675701132,0.839150411803698
"MTA2",0.0516851670554344,0.867081849330396
"BCL7C",0.0515426799774961,0.795017411222904
"OXA1L",0.0515068404726371,0.883847583551575
"VSTM2B",0.0514370746925445,0.892400290529388
"KRAS",0.051209290490851,0.805273491555209
"RNF20",0.0511658432102866,0.846544678079235
"SMG8",0.051134034967184,0.831734287957457
"SEPTIN10",0.0511256799385489,0.911783421176026
"RAB18",0.0509701510547256,0.868892979351995
"THUMPD3",0.0507621920553056,0.83680157478072
"DOCK4",0.0502498010400316,0.888826096136497
"SNX29",0.0501321448988925,0.869178326793596
"QARS1",0.0501169236510073,0.809734542624101
"TMCC3",0.0499795513201269,0.909082545547385
"EXOSC10",0.0498720009196427,0.874563086677868
"KLHL4",0.0498239932272693,0.934785662242779
"ABHD17C",0.049773304808082,0.872315491312837
"SLK",0.0497569237345825,0.851713664683948
"POLR1C",0.049708102964904,0.840020870013068
"ARF4",0.0496119384712674,0.78097431282022
"TRIM4",0.0496063236425925,0.844581795230001
"FUBP3",0.0495944498480938,0.891829873371275
"HNRNPA1",0.0495046535327486,0.883847583551575
"LUC7L2",0.0494401680517242,0.90695265402057
"GAREM1",0.0494379659998598,0.852070611233911
"RPRD1A",0.0493310534908176,0.803686573636897
"USP20",0.049173845113776,0.890472429392715
"RPS3",0.0490360528004938,0.834389261409934
"DNAJC17",0.0489542181331197,0.830708696346301
"TMA7",0.0489479035929428,0.933559967364476
"BBS7",0.0488273790236402,0.837483551441077
"APLP1",0.0487438836751029,0.905803431728426
"MOB3A",0.0486998247557526,0.929044942194351
"WDR77",0.0486715995513016,0.854865386887583
"STX5",0.0486415750150684,0.844562704768361
"HADH",0.048620317274878,0.863293258945723
"NENF",0.0485000473201467,0.894403667570579
"MYO9A",0.0484678632394013,0.863293258945723
"RPL38",0.0484626988493506,0.890280131594501
"RAB1A",0.0484157865744645,0.725473368865604
"SRSF7",0.0482153243614363,0.889391778527046
"PTPN11",0.0480272080587003,0.859865258951671
"WDR75",0.0478863928934103,0.911735323885013
"EIF1AY",0.0477638980884478,0.849868521836248
"DVL3",0.0475537035883455,0.828391321686119
"ROBO1",0.047471782138949,0.888826096136497
"VPS39",0.047454400737875,0.805243891753494
"NUP210",0.0473711656955871,0.836915258399632
"ACTRT1",0.0472624807753297,0.87494019604691
"EXOC4",0.0472511626223788,0.763334443756854
"ELMO1",0.0472455314523241,0.894809813006253
"ARRDC1",0.0472448483942811,0.87114175831231
"DPM1",0.0471864090447003,0.888826096136497
"TM9SF4",0.0471321969635712,0.801742065455708
"TACC2",0.0471042823632981,0.87114175831231
"PRKAA2",0.0470680769912901,0.872640084542989
"TNS3",0.0470435622041254,0.924001518645028
"SLC44A1",0.0470212680617426,0.923468152076245
"ACAD8",0.0470122012728353,0.888555880522549
"MAU2",0.0470114297775677,0.872482143739046
"ZFR",0.0468427088496117,0.888826096136497
"RAD50",0.0467153425030684,0.877617018003588
"CUEDC1",0.0465812981635727,0.891996822053341
"FDX1",0.0465719369745123,0.861992023286827
"ACTR1A",0.0464232004979106,0.838570124939405
"RABIF",0.0464050862982779,0.886525802108658
"SMAD5",0.0463842876020539,0.855524008970652
"RAB14",0.0463391420954427,0.755970983211956
"SELENOT",0.0458936991080643,0.819135564490319
"PSMA6",0.0458480956287257,0.836342936533143
"SLC17A5",0.0458110286112365,0.784396869890727
"GTF2F1",0.0456748986943643,0.874162265061836
"SART3",0.0456161603416945,0.872482143739046
"IPO13",0.0455157148194623,0.834144309499053
"NUDT21",0.0454477163990124,0.852070611233911
"IMPDH2",0.045441164097543,0.860622484190469
"SLC27A3",0.0453917235686436,0.909202511500478
"RABEP2",0.045270320760519,0.87423699030289
"LRCH2",0.0450467953947404,0.909202511500478
"ZC2HC1A",0.0449921786227812,0.917422035938633
"DSG1",0.0449611033603796,0.967446893263807
"RPS3A",0.0449460786023348,0.848110678142182
"DSTYK",0.044870030297341,0.87114175831231
"FAM98B",0.0448545061397887,0.867081849330396
"UCKL1",0.0447489262836367,0.836203950391022
"ELAVL3",0.0447367320989711,0.941241651659403
"USP47",0.044603255050836,0.755970983211956
"RPS6KB1",0.0445983501555487,0.854504190350192
"RCBTB2",0.0444675875262357,0.944531242431521
"CYTH3",0.0443789020815712,0.863293258945723
"TRAPPC2B",0.0443172071163751,0.792908248502193
"PABPN1",0.0442225525769162,0.867544342307797
"MCTS1",0.0441379533986126,0.795253099940642
"CTNNA3",0.0441204276673837,0.936736851101677
"WDR20",0.0440878705144447,0.848110678142182
"MRPS33",0.0440203541946129,0.852070611233911
"ZNF22",0.0439392853090972,0.937719081414547
"CRKL",0.0437633268576807,0.809734542624101
"DYNLT3",0.0437550017502382,0.923468152076245
"RFC1",0.0436959604031619,0.859865258951671
"AKAP12",0.0436879081326946,0.937283713412749
"XPO5",0.0436211944094254,0.819382921917238
"GALNS",0.0435577356338177,0.885002544739356
"RNF141",0.0435510682632811,0.921229937443874
"TRAPPC14",0.0434219123205981,0.911783421176026
"GIT1",0.0433853300452469,0.900118666178761
"PRPF38B",0.0433324715534402,0.856826934510275
"SYNJ2BP",0.0432382898694765,0.834144309499053
"DCTN4",0.0432185520736503,0.856082754246147
"BTBD8",0.0432120318064868,0.937283713412749
"SMARCA2",0.0431972797239126,0.88852889056834
"ACSL3",0.043160826058859,0.850590383873596
"HNRNPR",0.0431446858289686,0.89167422337976
"KPNA1",0.0431219787586645,0.82659335858734
"LIPE",0.0431128091864057,0.963913717651107
"BCL2L1",0.0429032997477474,0.834144309499053
"APBB1",0.0428799343704345,0.889885624633917
"U2AF1",0.0428526313577677,0.901490478129315
"ACSL5",0.0426325596342769,0.892498306330882
"TRAPPC13",0.0425591560957699,0.879214000880778
"DERL2",0.042530012970305,0.831602918741742
"DPYSL3",0.042459983782722,0.932477401401789
"ATG4B",0.0423947896762087,0.909202511500478
"PLD2",0.0423815087432349,0.935451140143946
"AKT3",0.0423604580225501,0.879394653277559
"MLX",0.0422689684806414,0.903021936128852
"PITPNB",0.0420675889467379,0.821248305606233
"TESC",0.0419775157259057,0.927924263015601
"GABRA3",0.0419764747709861,0.960825409904087
"NUFIP2",0.0418242984685913,0.87776597925961
"MARK3",0.0417982750709518,0.89167422337976
"FHIP2A",0.0417606381161377,0.857878866135563
"AKAP11",0.0416815523676988,0.890280131594501
"NCL",0.0416026165408319,0.908431041170165
"PRRC2C",0.0414493681086174,0.900872039553959
"PLEKHA2",0.0411529354268678,0.896278671166006
"SPIN1",0.041109539871905,0.93428047283383
"ATP2C1",0.0410992149561622,0.880298749351287
"WDR48",0.0410858362150517,0.872062172753727
"FAM3C",0.0409307810306059,0.892640232597958
"GPR89B",0.0407956905752691,0.872588704185929
"TBC1D22A",0.0407856002259663,0.831989690866252
"PPP6C",0.0407713552491025,0.80086400454023
"CDH20",0.0407238777615948,0.957023275791958
"TTC4",0.0407116926901772,0.878128090685333
"PPM1N",0.0406366607945827,0.850859912275253
"TBC1D24",0.0406099890677201,0.906628100481627
"DCLK2",0.040543253387165,0.938115658709876
"OSBPL2",0.0403557465453943,0.878128090685333
"FSTL1",0.0403527508907153,0.932951648881525
"ADH5",0.0402551782742329,0.901153026039032
"ZNF185",0.0401454592767543,0.938115658709876
"ZC3H14",0.0400120295751343,0.900872039553959
"HOOK3",0.0399071715857087,0.82888181543269
"HOMER2",0.039882242761152,0.954983989767689
"KHDRBS1",0.0398452031399046,0.922497336014677
"KTN1",0.0397916563048515,0.885002544739356
"GNAI1",0.039744943870641,0.930678135878305
"PGAM1",0.0397423017226952,0.870771840740213
"SOGA3",0.0397303798402096,0.900118666178761
"NGDN",0.0395963459941555,0.837483551441077
"PCBP1",0.0395091011819577,0.787189766586235
"COPG1",0.0394439002216611,0.852070611233911
"DOCK5",0.0394086335670938,0.944630408457095
"FHIT",0.0393568802856237,0.880555868240925
"PHYHD1",0.0392983345943048,0.969081157345943
"LAMA5",0.0391301460769355,0.972272488596832
"TBC1D4",0.0389965970068022,0.91436196396712
"ACBD3",0.0388074100584017,0.867909825482651
"EXOC5",0.0388044484755881,0.816236175648211
"NUMA1",0.0387366532731299,0.923966967784501
"GCN1",0.0386027850427819,0.890244345815065
"LTN1",0.0385485381862694,0.863293258945723
"HMGN1",0.038543033198879,0.945309663268511
"TAOK1",0.0384842476964398,0.780395088025378
"VEZT",0.038362405504607,0.84439646547149
"GOLPH3L",0.0383457912910776,0.875569339716704
"CUEDC2",0.0381739461574391,0.897989460119114
"PRKAR1A",0.0381654071851898,0.90390725098691
"PSMD4",0.0381614904286831,0.820656463824426
"PDLIM2",0.0379946949581722,0.921758652810053
"GID4",0.0378191986058711,0.883847583551575
"EIF4G2",0.0378077281536378,0.83683077093604
"ARL15",0.0377932547667887,0.898389607071357
"RPS27L",0.0375473181716215,0.937719081414547
"WDR91",0.0375420752108795,0.886344135094782
"GTF3C1",0.0373306990292903,0.920107727693768
"COG4",0.0372850897947163,0.858273790356627
"KIF1A",0.0371480437014,0.909640523478161
"ALG6",0.036917295646024,0.87849106957929
"CCT7",0.0367401704167474,0.81454107063383
"RPL13A",0.0365688119385545,0.886081023123139
"VPS26B",0.0365340824020137,0.851713664683948
"STAM",0.0364378653559498,0.869823570416194
"RABGAP1",0.0363986455636915,0.885002544739356
"DEPDC5",0.0363915354298925,0.857878866135563
"DPYSL2",0.0362729577541696,0.898101571553263
"CNBP",0.036263439907497,0.970712337543096
"ARHGAP39",0.0361935374136664,0.84049125311307
"FAM114A1",0.0361706912625612,0.940299832104778
"SRP54",0.0360544533180516,0.799051399876961
"HRAS",0.0360325266922796,0.884704027562936
"ANKRD54",0.0360051965007466,0.927002046631285
"SLC20A2",0.0359254849415773,0.930025698107054
"SPAST",0.0358614122296661,0.913451134701395
"RANBP9",0.0358274345721483,0.87114175831231
"RPS20",0.0357555978611366,0.863293258945723
"NUDT3",0.0357497309162813,0.882920282634845
"CCDC115",0.0357473554957606,0.894809813006253
"MEAK7",0.0357043184631554,0.904858390971465
"SH3BGRL3",0.0356731419297489,0.919003331114708
"SPART",0.0355345105525728,0.868933712597952
"RAD23B",0.0353563610990015,0.854212055943121
"SBSN",0.035286929527639,0.967441140802961
"PIGG",0.0352794357933153,0.92877891892568
"WWC1",0.0352639536360417,0.951909841633616
"RPL10",0.0349731811236023,0.883847583551575
"QSOX1",0.0349032273259917,0.920107727693768
"TJP1",0.0346876510224021,0.957023275791958
"TXNDC9",0.0346613462769731,0.890472429392715
"DCAF11",0.0346226679145527,0.914660231871803
"CYP20A1",0.0345154784842432,0.957023275791958
"IMMP2L",0.0344840046522545,0.876555784697356
"YTHDC2",0.0344656854281062,0.942378564647555
"MBLAC2",0.0344566672565065,0.920377083184918
"PRUNE2",0.0343811197328545,0.973764400077676
"RPL23",0.0343197344461537,0.900649458263675
"USP9X",0.0342533332435551,0.852185010687336
"KIDINS220",0.0342474473687089,0.898389607071357
"SORT1",0.0341721053837034,0.937283713412749
"COPS7A",0.0341507964742149,0.892400290529388
"NOP58",0.0340991761096507,0.917422035938633
"FBXO30",0.0340890422626305,0.913451134701395
"ALG3",0.0340411744908184,0.93428047283383
"GABPA",0.0340148320694631,0.894422609287366
"PDE8B",0.0338700866734003,0.944661755704223
"WDR41",0.0336482016807267,0.906628100481627
"SH3KBP1",0.0334694883845188,0.917889139271654
"SH3GLB2",0.033455535180055,0.928789937856886
"NUBPL",0.0334332760586307,0.946923327801305
"SDSL",0.0333631917129038,0.964434280054976
"AKAP8",0.0333155852266955,0.903157423225688
"SSU72",0.0332212929904596,0.937719081414547
"MYEF2",0.0332070757658673,0.914135669552073
"ARF6",0.0330964375954075,0.906628100481627
"ANTXR1",0.0329988076179708,0.930678135878305
"PISD",0.0329595458939469,0.944570332327712
"CCZ1B",0.0328061258617378,0.887790658849087
"SLC25A20",0.0327254507723929,0.933020503913126
"DNMBP",0.0326873298463619,0.918915281277838
"CNK3/IPCEF1",0.0326152076143753,0.917016552301104
"PRKDC",0.0325800750508272,0.887781972008293
"PPM1L",0.0324383792276262,0.926175761056854
"FBXL2",0.0322937476101606,0.926433494863427
"TMPRSS5",0.0322603164318709,0.966083510856433
"RBM15",0.0321917765443542,0.909202511500478
"PLCG1",0.0321798039400445,0.894809813006253
"CHMP6",0.032157835281108,0.903157423225688
"DYRK1A",0.0320276323584867,0.83680157478072
"ISOC1",0.032019844916114,0.933014535604763
"LUC7L",0.0318502283114865,0.900649458263675
"AIFM1",0.0317824218802976,0.909202511500478
"RAB23",0.0314147941011154,0.93428047283383
"UBA1",0.0314056671598113,0.869823570416194
"UBE2M",0.031369568410236,0.903172001264378
"ANKMY2",0.031287776686197,0.943689202079779
"TGFBRAP1",0.0312165731413963,0.872482143739046
"PGRMC1",0.031210291827275,0.949470476118384
"CCDC12",0.0311731070222105,0.92863780084369
"CLIC1",0.0308838939412386,0.966503145286252
"NTM",0.0308716899908639,0.911783421176026
"DLG5",0.0308298839607604,0.927002046631285
"EDF1",0.0307378034428023,0.930025698107054
"SCD",0.0307105293836649,0.963562214829495
"CPNE3",0.0307056150965774,0.936502901599622
"CDNF",0.0306609506794731,0.937719081414547
"SEL1L",0.0306227849151792,0.898101571553263
"SREK1",0.0302548022421076,0.857878866135563
"ICOSLG",0.0302087937288071,0.945309663268511
"TRAF7",0.0301103966136465,0.885002544739356
"PNP",0.029946861030874,0.96256262529
"HUWE1",0.0299245856155075,0.844558389359351
"VCAN",0.0298816543033116,0.966614245739986
"GNAI2",0.0298759326050533,0.934455286711303
"GDAP2",0.0298521553957434,0.909174431640194
"PALS1",0.0298368010743939,0.891709865232015
"PSMD10",0.0297528196830559,0.897289906177153
"TCP1",0.029627968161261,0.899526133142053
"CIAO2B",0.029541565103222,0.927002046631285
"PHKG2",0.0294084384522995,0.954751760862699
"AKR1B10",0.0293710545541517,0.960872728466793
"PGAM5",0.0293065143683977,0.922114653003268
"OSBPL8",0.0290820712933471,0.866278866828061
"VAMP7",0.0290285400378991,0.870801736154152
"STK39",0.028927292600196,0.949608205168562
"GPS1",0.0289098234424774,0.895453431567103
"SRPK2",0.0288968626185273,0.900649458263675
"SLC24A2",0.0288227364528568,0.956700407759502
"BRAP",0.0287910718778353,0.894403667570579
"MTA1",0.0287841467501568,0.91410137785301
"CASK",0.0286090312965079,0.936736851101677
"PHOSPHO1",0.028473619608663,0.952729142108253
"TMEM201",0.0283775957424197,0.900649458263675
"PANK2",0.0281821513442164,0.90663573545012
"SMTN",0.0280033220777582,0.967446893263807
"ARHGAP27",0.0279763353149107,0.892168714783296
"RGS17",0.0278972139398679,0.957023275791958
"OSBPL5",0.0278594990679331,0.886344135094782
"GGCX",0.0274121927070423,0.954983989767689
"WDR74",0.0273100424012478,0.885266325866907
"ABI1",0.027239380338985,0.897989460119114
"MAP2K6",0.0270533235904544,0.930678135878305
"TCEAL4",0.0269874664601861,0.947160316845721
"KICS2",0.0269346465187343,0.946923327801305
"KLHL36",0.0267679220200918,0.931666008901801
"DCTN1",0.0267116033491988,0.900872039553959
"DCK",0.0266843122318114,0.923684830828435
"EMC4",0.0266783344632664,0.899951440780762
"RASAL2",0.0266639641729318,0.914135669552073
"IFT27",0.0266430474028514,0.9228265951449
"CHD4",0.0265360541275399,0.919716063428873
"BBS2",0.0263985613765918,0.921646838593276
"ABCB10",0.0263592408287767,0.909512483578741
"OSGEP",0.0263306808967041,0.898966735182106
"PTPRA",0.0262901887916538,0.920107727693768
"NEB",0.0262527100475483,0.944570332327712
"RRAGA",0.0260599965219566,0.925845953670311
"FAM177A1",0.0259977498476065,0.938115658709876
"FAH",0.025988613146696,0.957621531588576
"DBN1",0.0259314430122135,0.946923327801305
"F3",0.0257155013034982,0.968666663862646
"VOPP1",0.025701363244119,0.946923327801305
"TRIP11",0.0255982210796102,0.928789937856886
"ITGA1",0.0255286130828001,0.984160883620121
"DSC1",0.0254987316748654,0.975647740663883
"SRSF11",0.0253479237200445,0.942982142444749
"NDUFA4L2",0.0253357731375736,0.94753812984161
"POLR2A",0.025280848811045,0.937148298698427
"ATXN2",0.0251247614148582,0.953410782610036
"WWC3",0.0250208175161815,0.932725691572327
"PTP4A3",0.0250096152114949,0.94354174845081
"PPWD1",0.0249746524994405,0.955511805828286
"SETD3",0.0249483566678546,0.90524419323908
"PCK2",0.0248956582405722,0.975591353427543
"NDUFAF6",0.024882068436975,0.944661755704223
"IGKV1-8",0.0248322713852724,0.958849759852145
"DAB2IP",0.0247927108712407,0.942152835175884
"IFT81",0.0247790190820609,0.940299832104778
"TBC1D9B",0.0247382267985135,0.911783421176026
"ALG8",0.0245270967149445,0.944570332327712
"RFC5",0.0243959126552484,0.944704583774384
"TAPT1",0.0243327793038164,0.940299832104778
"STXBP6",0.0243280880309555,0.975647740663883
"WDFY1",0.0242056024766999,0.957023275791958
"CHMP1B",0.0240466627267697,0.939342000946041
"SCN4B",0.0240320190136192,0.975989628083511
"HYOU1",0.0240279067934388,0.905803431728426
"RIT1",0.0239620315130935,0.949470476118384
"COMMD3",0.0238843120451033,0.963913717651107
"CLIC6",0.0236776349501628,0.988164178990965
"SPG21",0.0235834158980284,0.92863780084369
"NEO1",0.0235491194747937,0.957023275791958
"NCLN",0.0235043180092394,0.900355576854562
"BLOC1S3",0.0234071362853374,0.937283713412749
"CCT2",0.023361221852559,0.897289906177153
"VPS33B",0.0232479618759385,0.908312623117712
"ZHX1",0.023236018742792,0.967446893263807
"LIMS1",0.0231675773130817,0.969974738874546
"MTPN",0.0230328293647375,0.946923327801305
"ANAPC10",0.0230186884553918,0.923807587239606
"COPS3",0.0229213367670731,0.921646838593276
"SSH3",0.0229017315469235,0.946923327801305
"SPARC",0.0227982268464721,0.966514509650556
"UCHL1",0.0226418957337469,0.969920352123296
"NUP160",0.0225819030855625,0.930678135878305
"ZMYM2",0.0225548035404621,0.946923327801305
"SULT4A1",0.0224536474036068,0.967446893263807
"EEF1E1",0.022421206370975,0.90524419323908
"BCLAF1",0.0222572681812263,0.960168211129687
"MDN1",0.0222071636206449,0.932584439252336
"ARMCX2",0.0221992649752689,0.932951648881525
"NUP88",0.0221606493501199,0.951938856726566
"RPS6",0.0221567490893371,0.93428047283383
"ZDHHC14",0.0221106092802374,0.960066471325853
"CTBP2",0.0220499302907644,0.944661755704223
"CTSD",0.0220164230818671,0.966819049907445
"UFSP2",0.02189392444566,0.946923327801305
"BAG1",0.0218709082511053,0.946923327801305
"TRAPPC9",0.0218408080215884,0.900798347549521
"AASDHPPT",0.0216904713081671,0.947786465974422
"MECP2",0.0216861691761938,0.970917175028363
"PRPF40A",0.0216558223923755,0.944531242431521
"MID1",0.0215431645081514,0.942152835175884
"BLTP3B",0.021535362844503,0.933244534421672
"HADHA",0.0213688106721719,0.947751168767652
"UMAD1",0.0213533460918081,0.97013193687765
"RHOT2",0.0213482648972025,0.941620720833609
"SETD7",0.0212762618888949,0.946941953324882
"SMG5",0.0212162876163386,0.935736537814341
"GYG1",0.0211423023558872,0.972013249180393
"PRKAG2",0.0211269622265782,0.944570332327712
"LMF2",0.0210223901553537,0.953410782610036
"ZFYVE16",0.0209795172856211,0.95371320452528
"GRAMD4",0.0208890604978471,0.952729142108253
"MRTO4",0.0208511306116534,0.923755326135734
"CUL2",0.0208188227874295,0.935176792106117
"TRPM2",0.0205269766617322,0.935736537814341
"AAGAB",0.0204521349235351,0.926653604166607
"CDC23",0.0204260523911373,0.924485240631659
"DCUN1D4",0.0203608089839928,0.952743782973553
"DMXL1",0.0203190405546483,0.922114653003268
"SLCO2B1",0.0202850976564228,0.927002046631285
"N4BP1",0.0202021227589908,0.936502901599622
"PRAF2",0.0201340713278064,0.94753812984161
"MEF2D",0.0200336578820588,0.973764400077676
"HNRNPUL1",0.0199846815445373,0.958612332599427
"TSN",0.0198345130237385,0.929044942194351
"PPP3CC",0.0198338791926469,0.97013193687765
"IGSF6",0.019740799684782,0.958226611268804
"LRRC8C",0.0193862854135496,0.960825409904087
"TAF7",0.0193691112274523,0.957023275791958
"ANKFY1",0.0192892175581374,0.945195928164624
"NRCAM",0.0192703285988642,0.972013249180393
"NEBL",0.0191992466842219,0.981848170780109
"PTK7",0.0191880387172123,0.975647740663883
"AK1",0.0191755019972728,0.974478601986957
"DNAJC16",0.0191230798571791,0.945195928164624
"RPL28",0.0189503532863373,0.956065343401136
"AVIL",0.0188230014114303,0.995190605516693
"CYP46A1",0.0188011652318076,0.972013249180393
"CFAP36",0.0184242615935357,0.957535324812697
"NPRL3",0.018420318419472,0.969174616311602
"TNPO1",0.0181835088620605,0.936736851101677
"UBR4",0.0181368172986023,0.886185828413406
"DNAJC12",0.0181363440190214,0.975084910497543
"AP3M1",0.0179485952873364,0.946923327801305
"XPO7",0.0178269750610269,0.932951648881525
"CYP2U1",0.0177413741336405,0.972340932600028
"LRRC8D",0.0177191701844324,0.945195928164624
"LUZP1",0.0176602820041971,0.975647740663883
"METTL13",0.0176546241628888,0.932951648881525
"LYST",0.017556357330097,0.954983989767689
"CUL9",0.0174903067314869,0.971902934995641
"MTA3",0.0174059279420611,0.952729142108253
"HCFC2",0.0173362838136093,0.956909732049713
"PGM1",0.0172718473826201,0.957023275791958
"ACP1",0.0172087166878399,0.960872728466793
"CAMSAP1",0.017072886528652,0.957023275791958
"PGBD5",0.0167020335572987,0.973764400077676
"COX18",0.016629033524528,0.954760800995038
"PFKFB4",0.0166285053023802,0.964177678865681
"DPY19L4",0.0166164924749852,0.941273997962232
"SLCO1C1",0.0165204162682073,0.965052584486874
"EFNB2",0.016500863640676,0.984160883620121
"PAF1",0.016491034924325,0.934785662242779
"BICD2",0.0164322464686553,0.969081157345943
"TIMP2",0.0163901902921975,0.975647740663883
"TIAL1",0.0163445193087348,0.931097928605667
"EIF4E2",0.0161336545652162,0.944533686955186
"TRAPPC6B",0.0160870682039782,0.935736537814341
"DHODH",0.0160847967372231,0.960872728466793
"ZRANB2",0.016058369023991,0.967446893263807
"BBOX1",0.0160223375489696,0.981848170780109
"WIPI1",0.0159826209124905,0.960855831344909
"SMARCA5",0.0159470101393921,0.968801151744034
"LAS1L",0.0159428007476272,0.94354174845081
"KIF1B",0.0158601130028746,0.957023275791958
"NECAB1",0.0158398189183639,0.975084910497543
"ADIRF",0.0156943575141728,0.992125693792915
"PNO1",0.0156412638952483,0.960872728466793
"HSPH1",0.0155762875291732,0.972041087349073
"KPNB1",0.0155261934041402,0.951909841633616
"CAPRIN1",0.0153322412418238,0.957023275791958
"UBE4A",0.0152088091978264,0.93428047283383
"STRIP1",0.0151500858949074,0.94063666022125
"DTD2",0.0151220034504407,0.949659177809158
"CNIH4",0.0151052099380591,0.962590662504558
"CFL2",0.0151008472582177,0.968291795747132
"TMEM30A",0.0149864167564804,0.980355119039419
"STIM2",0.0149259281583589,0.972013249180393
"COMMD7",0.0147838080242142,0.952130233039509
"HNRNPH2",0.0147257741373927,0.954760800995038
"ACADVL",0.0147245504523461,0.963913717651107
"JMJD6",0.0146684886559765,0.968962941355874
"ANKRD44",0.0145976262784622,0.957535324812697
"STK38L",0.0139685504707305,0.964155018275108
"MAP4K2",0.0138305757858568,0.954983989767689
"NAP1L4",0.0136952152308787,0.964177678865681
"ATP11A",0.0136822499247842,0.971046573951105
"PITPNA",0.0136584655709449,0.959122243022117
"ZNF330",0.0135918357299669,0.971007937779215
"RPS11",0.0134776873279616,0.955511805828286
"NOP56",0.0134545786832838,0.972013249180393
"RAB33B",0.0133610995342908,0.959919356854808
"TARDBP",0.0133414056624748,0.958521808948309
"SLC12A9",0.0132478375620932,0.971007937779215
"UPF2",0.0132169195312741,0.964803580846187
"DENND3",0.0131091886556893,0.970836729819425
"PARD3",0.0129168706501126,0.977070564047117
"MKRN2",0.0128280913180205,0.969174616311602
"EIF3J",0.0128217410258227,0.967291520239352
"SPIRE1",0.0127729904132696,0.965746579034255
"DDX23",0.0127310837931471,0.97248813369383
"SNX3",0.0126942695922452,0.970836729819425
"STAT5B",0.0126630254378277,0.972013249180393
"NELFE",0.0126400980597055,0.974849019084234
"PFDN6",0.0125549607122633,0.982640130546681
"PCID2",0.0125418571428604,0.958612332599427
"EMC1",0.0123178005483879,0.960224451113785
"NUDCD3",0.0122799107096636,0.976691288688797
"TMEM41A",0.0122533385314521,0.963224435655757
"TBC1D15",0.0120714379547824,0.956362538067893
"UROD",0.012060669600686,0.975647740663883
"SF3B5",0.0119994180844234,0.975635116260368
"TMT1B",0.0119778543716746,0.99112922568191
"PCNT",0.0119564248617445,0.95927204686503
"MDM1",0.0119283852269136,0.971007937779215
"DBNDD1",0.01189576973331,0.98640428905215
"TSNAX",0.0117746871693161,0.964155018275108
"PRMT5",0.0117155765161208,0.96203123897146
"TTC39A",0.0116624401416665,0.976016428988409
"BIRC6",0.0113187673659398,0.967446893263807
"MTMR14",0.0111607713161419,0.971902934995641
"PHGDH",0.011106461319919,0.984160883620121
"IPO5",0.0111041466582922,0.964177678865681
"ALG1",0.011098159457303,0.972013249180393
"TIPRL",0.0110396066376133,0.973764400077676
"CLCC1",0.0109845891910236,0.972013249180393
"CCDC43",0.0109274929635284,0.976562796603807
"GMPR2",0.0109194678454614,0.972013249180393
"TP53I11",0.0108643907969306,0.992115711715746
"MED17",0.0107288193465278,0.966909777761942
"UBQLN1",0.0104724390860564,0.981176018166232
"PIH1D1",0.0104023936710833,0.972013249180393
"XRCC5",0.0103298985195792,0.977282518439843
"ORMDL3",0.0103234413317637,0.982640130546681
"TMEM67",0.0102750331857902,0.975647740663883
"ABRACL",0.0102626598757238,0.980462771609332
"HADHB",0.0102136886565312,0.975647740663883
"AIP",0.0100894131735103,0.975647740663883
"SRRM2",0.0100541212165108,0.986997755617069
"MARK1",0.0099269924484382,0.978055975500838
"LARP7",0.00989667745983258,0.975647740663883
"DENND4C",0.00981349594419001,0.983651568648405
"HMGN2",0.00975267729884877,0.984383322598963
"FAM234A",0.00971767195341577,0.981848170780109
"AKAP2",0.00960410177852022,0.986284139069554
"ARHGAP31",0.00959054434607953,0.984160883620121
"NRXN1",0.00954225083377302,0.986675384296679
"ZNF143",0.0095128276214238,0.973290838155788
"CACNA1B",0.00949778185855532,0.992115711715746
"RO60",0.00927308173900876,0.975647740663883
"PAAF1",0.00926389463062538,0.980462771609332
"SF3B6",0.00902560097293659,0.979092979280338
"MAGI1",0.0089702263439122,0.985408351987529
"PITRM1",0.0089093237483322,0.993162197955777
"TTC1",0.00884550910980231,0.972013249180393
"IREB2",0.00880455320177109,0.984160883620121
"CAMKV",0.00878837737866967,0.996075906013764
"HDGFL2",0.0087257074015028,0.983511646197789
"WDR82",0.00862437121010462,0.98722774019893
"ESYT2",0.00858301721454602,0.972013249180393
"KHDRBS3",0.00852062640013607,0.99112922568191
"VPS29",0.00850824664497374,0.969081157345943
"CYFIP2",0.00844627455273894,0.975591353427543
"NAXE",0.0083791498659469,0.975084910497543
"OTUB1",0.00835700540290851,0.979665392309093
"ZC3HAV1",0.00835253556215854,0.984667223041256
"DEPTOR",0.0083448136074864,0.988164178990965
"TMEM38A",0.00833731924121128,0.984160883620121
"MTMR6",0.00833390230304332,0.97388863719172
"HGS",0.0081487455315159,0.977070564047117
"ERMN",0.00810597044661598,0.995406202583447
"MSTO1",0.0078677411436594,0.97924766206328
"ANXA7",0.00765645513383184,0.976562796603807
"STXBP3",0.00764862211017991,0.983416347337006
"STX8",0.00764002702099553,0.982313039243236
"VLDLR",0.00760981316313902,0.989031372480004
"GIGYF2",0.0076075368637305,0.976801204744594
"MDH1",0.00743467147440846,0.984160883620121
"LRATD2",0.00743145029663239,0.988205702418024
"ASAP1",0.00733628156881316,0.976016428988409
"INPP1",0.00729465795776285,0.982640130546681
"NEDD4L",0.00722487695970919,0.99112922568191
"BRIX1",0.00717389900434107,0.972013249180393
"MACROH2A1",0.00716270628714888,0.988164178990965
"FXR1",0.00708074566834327,0.971046573951105
"TXNDC12",0.00685545006379407,0.984160883620121
"H3-3A; H3-3B",0.00676506447999081,0.993162197955777
"UBE2V2",0.00675523310216697,0.978296054909856
"QPCTL",0.00639747020268633,0.984160883620121
"ADCK5",0.00635469864759042,0.990892221726981
"RNF121",0.00615594551012766,0.981848170780109
"FAM13C",0.00581008359619073,0.99112922568191
"PLPBP",0.00575621797059078,0.99025525493645
"HSPBP1",0.00571516432500729,0.980462771609332
"TMF1",0.0057085266028114,0.985408351987529
"ROBO2",0.00557847061850048,0.993162197955777
"ADCY8",0.00556052738953383,0.995077003817007
"SPTAN1",0.00554220490790946,0.980844768537711
"FARSB",0.00553882465979605,0.99112922568191
"TBL1XR1",0.00546016001134042,0.983963320008897
"ZC3H7A",0.0054283476314172,0.984667223041256
"PHLPP1",0.00541682388116538,0.992623526787017
"SLC30A10",0.00535769028916722,0.99025525493645
"SLC12A6",0.00490491530325787,0.99112922568191
"MEN1",0.00488586567407534,0.985408351987529
"MARS1",0.00485397028678491,0.984160883620121
"ERLEC1",0.00468316422324833,0.99112922568191
"STK11IP",0.00467801282061053,0.985397876336314
"KIF2A",0.00462467303207603,0.99112922568191
"GORASP1",0.00461204779405122,0.99112922568191
"BBS1",0.00457885777188416,0.986155625512245
"RASGRP2",0.00450349713324716,0.99112922568191
"EIF3K",0.00444162342953547,0.984160883620121
"RAF1",0.004390596808312,0.986155625512245
"RHOG",0.00434957086388366,0.995653250617132
"RAB1B",0.00410262612224344,0.989272101705884
"IGLV3-21",0.00403364673341411,0.996813384918165
"SGCE",0.00398055989224311,0.996813384918165
"ATXN2L",0.00368005106072644,0.993162197955777
"DST",0.00360374943282871,0.990892221726981
"GDI1",0.00351583268374256,0.992115711715746
"CDH10",0.00350253558107028,0.995653250617132
"ESYT1",0.00349605553271637,0.988245311184397
"MAD1L1",0.00340408473626663,0.99112922568191
"PUM1",0.00331624694015176,0.992269724283165
"MRPS5",0.00331484067540977,0.993162197955777
"FBL",0.0032771302975263,0.995406202583447
"VIPAS39",0.00327229141426066,0.99112922568191
"PLXNA1",0.00317264506275095,0.993962108025374
"SLC38A3",0.00312538986064048,0.995653250617132
"PITPNM1",0.00300783753278466,0.995653250617132
"SUMO3",0.00299550239165036,0.992115711715746
"USP54",0.00290937555456594,0.996260963634093
"ASPSCR1",0.00288172662177821,0.992792669274264
"AP4S1",0.00287765175102006,0.99112922568191
"TBL1X",0.00283688287770456,0.995406202583447
"SRSF3",0.00271866242886354,0.995406202583447
"EIF4G3",0.00260867748891513,0.993128633326715
"C19orf53",0.00258194825768854,0.995653250617132
"EEIG2",0.00251567433594779,0.996260963634093
"DLG2",0.00250678228498202,0.99667685329047
"TRAPPC12",0.00245740230070979,0.992269724283165
"CYSTM1",0.00238777349310926,0.995406202583447
"BCAS2",0.0023104154523681,0.996247859827943
"ETHE1",0.00222908803524824,0.996813384918165
"FUNDC1",0.00221167610541428,0.995653250617132
"LSM7",0.00210018539207724,0.994334435778388
"CCDC8",0.0020873214278101,0.996075906013764
"STARD13",0.00205430290567499,0.996247859827943
"CDKN2C",0.00199349215122435,0.996813384918165
"KLC1",0.00185080698521034,0.996813384918165
"TRAPPC2L",0.00184511011538646,0.993146823051164
"IARS1",0.00163257358605406,0.996704924557596
"CLIP3",0.00157318070907309,0.996813384918165
"ITM2C",0.00140982335139128,0.998069668526805
"DLC1",0.00125974107884108,0.996813384918165
"GET1",0.0012231860701668,0.996508101771484
"RPL12",0.00117787757951682,0.996813384918165
"SFXN3",0.0011584405125582,0.996909181211369
"TUT4",0.00109345319415954,0.996813384918165
"TRIO",0.00103246804128077,0.996813384918165
"FSD1",0.00102265967132986,0.999099158101248
"AP3B1",0.000987733474714148,0.996813384918165
"FBXL4",0.000981173895220344,0.998365102172085
"CTIF",0.000945414794072619,0.997038528026779
"CCDC134",0.000938150350637379,0.99896377727633
"GNPAT",0.000818373113812498,0.997563084279635
"C11orf68",0.000816216091539701,0.996813384918165
"RAB10",0.000804465850031022,0.997052848897299
"DNAJC1",0.000483010978439502,0.999407632725032
"LRRC4B",0.000448254009013382,0.999639955795532
"SHFL",0.000443111395493467,0.999596059145717
"FAM210B",0.000388437669751163,0.999596059145717
"NR3C1",0.000382712631897597,0.999596059145717
"RPL9; RPL9P7; RPL9P8; RPL9P9",0.000367000738414447,0.999407632725032
"UBXN1",0.000351627383600395,0.999407632725032
"SEPTIN8",0.000153109383742134,0.999710669772489
"THOC2",0.00014085499093941,0.999710669772489
"TUBA4A",3.46750246826844e-05,0.999876029251683
"BMPR2",-7.55328426826907e-05,0.999710669772489
"DDAH1",-0.000113226819120626,0.999710669772489
"RPL24",-0.00028371398597038,0.999596059145717
"WDR1",-0.000329012906890469,0.999596059145717
"BAG3",-0.000347900678612234,0.999596059145717
"PAFAH1B1",-0.000354202808466653,0.999407632725032
"RGS3",-0.000574348421551463,0.999596059145717
"SLC31A1",-0.000750893187808188,0.999407632725032
"TMEM231",-0.000782008563247061,0.999407632725032
"MIEF1",-0.00101903511518309,0.996813384918165
"TFG",-0.00111722523335978,0.995653250617132
"RPS6KA2",-0.00138663231407676,0.997065490482831
"CYTH1",-0.00150684098863252,0.996813384918165
"SECISBP2L",-0.00173785023205753,0.996813384918165
"ABCB7",-0.00183654396968613,0.995653250617132
"RPL30",-0.0019544529511677,0.995653250617132
"FBXW11",-0.00201394730015636,0.994019727870419
"RDX",-0.0022426928908299,0.996075906013764
"WASF2",-0.00229779479726666,0.996260963634093
"COPS8",-0.00233205629418443,0.99394669380372
"ERCC1",-0.00243001133057419,0.995406202583447
"UBA5",-0.00248878036603273,0.993962108025374
"LSM14A",-0.00258770636383776,0.996813384918165
"PDE2A",-0.00270584237740934,0.997599564965998
"L1CAM",-0.00287030996681281,0.996909181211369
"RNF14",-0.00302881206259364,0.993128633326715
"SHMT1",-0.00304667979677653,0.996075906013764
"SIGMAR1",-0.00311425013637923,0.992115711715746
"IAH1",-0.00332310572701822,0.992269724283165
"CNOT3",-0.00347878039878768,0.98640428905215
"TPP1",-0.00359916494208612,0.994710851774619
"ABHD16A",-0.00365463771309571,0.992115711715746
"NEDD4",-0.00371388348948187,0.995653250617132
"BLTP1",-0.0037381259362359,0.99112922568191
"TTC5",-0.00374767044692437,0.992269724283165
"NUDT19",-0.00378742483802164,0.99112922568191
"SIAE",-0.00397361289302545,0.992269724283165
"AMZ2",-0.00398152214256786,0.995653250617132
"GPC4",-0.00404288655463603,0.993962108025374
"PPP6R2",-0.00412238039405644,0.990892221726981
"TRAFD1",-0.00429841896802419,0.993162197955777
"MT-CO1",-0.00438713111598865,0.995406202583447
"PURB",-0.00439181849118064,0.99112922568191
"PHACTR1",-0.00451055284856317,0.995720856549724
"MAEA",-0.00466435574828772,0.988164178990965
"NHLRC2",-0.00474563627619951,0.994019727870419
"RNF25",-0.00489989225195142,0.98911470896197
"PAPSS1",-0.00493171743537602,0.995406202583447
"WASHC3",-0.00503368583546671,0.985452500110916
"ART3",-0.00512463832955135,0.995653250617132
"C19orf12",-0.00518358298655741,0.985408351987529
"CDC42",-0.0053767036739103,0.992115711715746
"RIOK3",-0.00544009623630526,0.99112922568191
"ELOB",-0.0054511217395099,0.984684304372516
"GBP4",-0.00573672521346147,0.992115711715746
"SEC62",-0.00574917512534689,0.986155625512245
"WWOX",-0.00580118649999051,0.995653250617132
"MAP3K7",-0.00589860344305038,0.988164178990965
"PFKM",-0.00604550128390358,0.984160883620121
"CD46",-0.00607150476697349,0.992125693792915
"C6orf89",-0.00610396505383459,0.981176018166232
"AGPAT1",-0.00613268467876971,0.981195833709785
"COMMD5",-0.0061883217223162,0.982640130546681
"SPRYD7",-0.00619488544333446,0.984036865874937
"RASA1",-0.00620610239530528,0.982244348270117
"RCOR3",-0.00621576154789683,0.986155625512245
"ACP6",-0.00657380723509782,0.995406202583447
"SEC11C",-0.00667434814077694,0.982640130546681
"ENAH",-0.00676401180787423,0.984160883620121
"STAU1",-0.00680117598262342,0.976691288688797
"NUDCD2",-0.00686782645681561,0.983963320008897
"NEDD8",-0.00687141099955291,0.98448733528711
"KCTD6",-0.0068951532016639,0.988188756529154
"TLR3",-0.00694423046192494,0.984160883620121
"SANBR",-0.00704782143867266,0.98804354659612
"BRK1",-0.00732451144635693,0.985408351987529
"CNOT9",-0.00738515894857628,0.977288569709531
"CALM3",-0.00746816152404328,0.980317833479775
"TRMT10A",-0.00755108055574283,0.980005991502597
"ERCC2",-0.00758690733590406,0.986155625512245
"TRIM65",-0.00759483684949025,0.991036051281555
"CLPP",-0.00768560318591582,0.97924766206328
"ROCK2",-0.00769866096843153,0.969081157345943
"SHTN1",-0.00778257244496672,0.990892221726981
"BCL2L2",-0.00781542560620796,0.97670265669301
"HMGN4",-0.00785555085976775,0.993128633326715
"TMTC3",-0.00788329771502561,0.980847634682159
"ATXN10",-0.00805868462333592,0.97670265669301
"RETREG3",-0.00823235379783593,0.971046573951105
"MICAL3",-0.00825150122006058,0.976350690539701
"SMCHD1",-0.00826273023296764,0.976016428988409
"MT-CO3",-0.0084490844333116,0.992269724283165
"ARFGEF1",-0.00853837175637651,0.972013249180393
"BCAP29",-0.00856038669304837,0.979665392309093
"SEPTIN2",-0.00858358891837696,0.986284139069554
"IQSEC2",-0.00861950788473997,0.991256921797897
"LNPEP",-0.00868146166266826,0.983963320008897
"PDE1C",-0.00877510975675833,0.991864798620932
"FNDC3A",-0.00882948801613281,0.974301005810731
"GLDN",-0.00883985120867958,0.983963320008897
"TASOR",-0.00917992817587532,0.983022847852934
"MAP3K20",-0.00949085973043395,0.984160883620121
"IL1RAPL1",-0.00958143703102632,0.976562796603807
"ITSN1",-0.00966636802255394,0.972340932600028
"JUP",-0.0099137278283532,0.992623526787017
"SEPTIN7",-0.00995867104713533,0.981176018166232
"ACSF2",-0.0100295481806505,0.982531215434267
"MYO6",-0.0101078122025626,0.972320913964158
"GCLC",-0.0101497661233907,0.976016428988409
"STAT5A",-0.0101559075815869,0.979665392309093
"AGO3",-0.0102697100953257,0.953694675658805
"PPP2R5A",-0.0103803518642263,0.975647740663883
"ANO8",-0.0105628967563369,0.982640130546681
"P4HTM",-0.0105966339827877,0.959289717930982
"TMEM106B",-0.0106350464666827,0.992125693792915
"H2AX",-0.0107818343512953,0.97924766206328
"PGK1",-0.0108149350736966,0.970712337543096
"RGS7BP",-0.0108622601089241,0.986155625512245
"PSMD6",-0.0108917865833078,0.957302435072592
"AP2A2",-0.0109164360792846,0.969274088384778
"PEX14",-0.0109431286756649,0.974752147234495
"SUGCT",-0.0110491565278004,0.971046573951105
"MAP2K5",-0.0111371751830101,0.980317833479775
"AAAS",-0.0113334091572357,0.957023275791958
"SCP2",-0.0113527168578962,0.975647740663883
"CSTF2",-0.0113715675511159,0.972013249180393
"CYRIA",-0.0113781271289302,0.975628370689989
"KAT7",-0.0114576504373272,0.967446893263807
"LTBP3",-0.0116399300294425,0.976016428988409
"FABP6",-0.0116439879287,0.98448733528711
"VARS1",-0.0117555939556091,0.97013193687765
"TRIP12",-0.011785082844014,0.959362291150127
"CPT1C",-0.011792958359691,0.981848170780109
"PNMA6F",-0.0119117366234329,0.984160883620121
"MAP3K3",-0.0119725218162285,0.960985127286445
"MRAS",-0.0121405834852037,0.972013249180393
"CMBL",-0.0123236398077022,0.975647740663883
"PRPS1",-0.0123953711538114,0.976562796603807
"CBX8",-0.0124915811356452,0.972013249180393
"PPP2R5B",-0.0125940580796922,0.976562796603807
"CASP6",-0.0127135862552015,0.97831540682086
"NUP85",-0.0129629413191577,0.95506180495755
"PRKCB",-0.0131254442189555,0.982640130546681
"TLE3",-0.0131509657184097,0.946853731249525
"NPRL2",-0.0132387050531699,0.981848170780109
"CDC42BPA",-0.0132446495519858,0.957023275791958
"PCTP",-0.0132988775086735,0.970836729819425
"UPF1",-0.0133074636480348,0.933244534421672
"PAFAH2",-0.0133435051036681,0.964155018275108
"WIPI2",-0.0133525117932258,0.959620930629064
"FBLL1",-0.0134800582164996,0.986155625512245
"THG1L",-0.0135489674537785,0.972013249180393
"BAZ1B",-0.0137364885569227,0.971046573951105
"CNPY4",-0.0138183340888993,0.975647740663883
"UBTF",-0.0138611929093688,0.975801552517755
"SMARCB1",-0.0138626948278775,0.968753213008117
"RGMA",-0.0139206095614792,0.982244348270117
"UBE2D1",-0.0139428477832997,0.976292030545631
"DCTN2",-0.0140331107548413,0.972013249180393
"FAM131B",-0.014249436458627,0.982640130546681
"PPID",-0.0143322915974178,0.976217259169349
"THBS4",-0.014391025356101,0.974033615014983
"PEX16",-0.0144670891616627,0.968753213008117
"AFDN",-0.0145960776262104,0.946923327801305
"MON1A",-0.0146627314652301,0.957023275791958
"RPL37",-0.0148139114895098,0.971007937779215
"C1orf198",-0.0148278812559166,0.981757695391677
"THOC3",-0.0148865963186973,0.980844768537711
"TPK1",-0.0150318336902773,0.972013249180393
"XPNPEP3",-0.0150350017609195,0.957535324812697
"NEK6",-0.0153359277740295,0.981700413152721
"VPS8",-0.0153931622290351,0.964177678865681
"TANGO6",-0.0154342286241373,0.97013193687765
"ADNP",-0.0155347379031117,0.972013249180393
"HMCN1",-0.0156808082978799,0.977483782511763
"MACF1",-0.015739386960238,0.96256262529
"EVL",-0.015764239945085,0.971902934995641
"SNX17",-0.0160576700892268,0.945252680999272
"CHMP5",-0.0161161331544015,0.959122243022117
"CSNK1G3",-0.0161238475998662,0.941273997962232
"MORN4",-0.0161419619973246,0.984160883620121
"OTUD7A",-0.0161654361247185,0.972013249180393
"UBE3C",-0.0162025758265649,0.946923327801305
"CDC34",-0.016323465293083,0.945195928164624
"LCMT1",-0.0164847737728859,0.959620930629064
"OSCP1",-0.0165037082689476,0.981848170780109
"UBASH3B",-0.0166446509502158,0.972041087349073
"DYM",-0.0166536073558081,0.941255506375313
"CD2BP2",-0.0167221796472496,0.97092470390509
"LNPK",-0.0167319661489849,0.935176792106117
"LIN7C",-0.0167659728572076,0.960964441299953
"NTN1",-0.0169172967126299,0.984160883620121
"SLC25A33",-0.0169835389927337,0.96203123897146
"DHCR7",-0.016996064401261,0.975647740663883
"PDPK1",-0.0170393982124448,0.957023275791958
"LAMP2",-0.0170715782800777,0.957535324812697
"LEPROTL1",-0.0171610945638418,0.976016428988409
"RAE1",-0.0172141683872855,0.914257504555211
"EIF3M",-0.0174066366913515,0.941255506375313
"PLEKHA6",-0.0174312028325723,0.973211789123639
"GNPDA2",-0.0174375049789965,0.94436088416505
"SPPL2A",-0.0174515357931115,0.954983989767689
"MASP1",-0.0174587600244367,0.959620930629064
"FAF2",-0.0175356776570137,0.955511805828286
"SHC1",-0.0175654754411552,0.949167350014232
"GLE1",-0.0178363238976997,0.967620431404339
"PLEKHM3",-0.0179216590441138,0.93428047283383
"NELFB",-0.0179910958263179,0.95927204686503
"EMB",-0.0180018784511971,0.982313039243236
"AK3",-0.0181809441090568,0.957023275791958
"MAP2K1",-0.0181886891008389,0.957621531588576
"HPCAL1",-0.0182910860779995,0.972013249180393
"GABPB1",-0.0184965559629031,0.977288569709531
"USP12",-0.0185746401239602,0.963913717651107
"LAMC3",-0.0186202366421284,0.981848170780109
"TBC1D10B",-0.0186714952048526,0.945309663268511
"PRPF31",-0.0189238430231731,0.941273997962232
"THOP1",-0.0190116444238537,0.951527851744898
"ANXA11",-0.0192280640114948,0.972013249180393
"PHF20L1",-0.0192812721029876,0.96203123897146
"C5orf22",-0.0194656371044912,0.951926316381888
"MYLK",-0.0195795584640468,0.964299352728715
"GNE",-0.0196835213986786,0.941241651659403
"AP4M1",-0.0197825359598136,0.93428047283383
"ARAF",-0.0198058751966332,0.95418986064331
"RGS12",-0.0199628501074445,0.957621531588576
"MEPCE",-0.0199632858239349,0.94753812984161
"GRIP1",-0.0200649518623255,0.971007937779215
"DLGAP1",-0.0204775375481887,0.972013249180393
"MPZL1",-0.0205244252317449,0.959122243022117
"KIF21A",-0.0205635269717259,0.960399330138156
"ADAL",-0.020573141340285,0.940209708740958
"RABEPK",-0.0205818737914951,0.946923327801305
"CDK5",-0.0205919171870388,0.963023954954686
"SYBU",-0.0206030172764722,0.955511805828286
"USP7",-0.020768141593777,0.903107830945984
"HDGFL3",-0.0208256383466665,0.948064472324848
"EIF4B",-0.0209803368473462,0.945195928164624
"RPS12",-0.021131534333108,0.946923327801305
"SEC24C",-0.0211370186511957,0.932951648881525
"PCSK2",-0.0215681646795236,0.979863245482507
"MMRN2",-0.0215818149129587,0.963023954954686
"EPHX4",-0.02165904830788,0.967446893263807
"CTTNBP2",-0.02166823118705,0.951926316381888
"VPS13A",-0.0217488233195873,0.922114653003268
"KIF5C",-0.0218818301476187,0.958087608406209
"RCC1L",-0.0218878962884661,0.942887352745062
"RAB34",-0.0219024725092183,0.97092470390509
"DCTN5",-0.0219156005244647,0.941273997962232
"RPL14",-0.0219519329051625,0.956498397790023
"FKBP4",-0.0219739736526314,0.948664968444981
"NARS1",-0.0219891404366663,0.935176792106117
"VMP1",-0.0220358279189989,0.946923327801305
"TCAF1",-0.0221792597807084,0.949167350014232
"RAB4B",-0.0222111432252579,0.940299832104778
"SHC2",-0.0222434613222662,0.948064472324848
"PPIL1",-0.0223204863427426,0.937283713412749
"MAT2B",-0.0224710213038133,0.917889139271654
"DTD1",-0.022547660928689,0.935672827483085
"PSMB5",-0.0225933052704193,0.917889139271654
"BECN1",-0.0226686290662652,0.891709865232015
"TRAPPC1",-0.0227602360327817,0.911735323885013
"AKAP9",-0.0229294895842891,0.946923327801305
"PPP2R2A",-0.023259838943849,0.912768489259406
"NOP14",-0.0233486149481363,0.91697338293427
"LIFR",-0.0235741175908979,0.949148781784988
"SCYL1",-0.023577519508363,0.93428047283383
"KLHL3",-0.0235854959664819,0.954983989767689
"CEP290",-0.0237870576036396,0.954953340096994
"SRGAP3",-0.0238080946613035,0.946454457516738
"PPIL4",-0.0238215653216143,0.943365107308442
"PCDH17",-0.0239226301044981,0.972340932600028
"NUDT18",-0.0241544795579038,0.94753812984161
"RNF11",-0.024182390252653,0.946923327801305
"FUS",-0.024340582702906,0.964155018275108
"FYTTD1",-0.0244163192317703,0.944531242431521
"TMEM47",-0.0246707333273148,0.946923327801305
"ECHS1",-0.0247294700250116,0.93913297736843
"NOC4L",-0.0249171740053278,0.900872039553959
"FAT1",-0.0249366501344346,0.957023275791958
"CMAS",-0.0249913251061376,0.882920282634845
"ATG101",-0.0250296127312248,0.917889139271654
"ABCA5",-0.0250784360510199,0.950305662394438
"TM4SF1",-0.0251767668092713,0.971902934995641
"OSBPL10",-0.0252630095969044,0.965686700158708
"CD93",-0.0252814933904189,0.964155018275108
"PSIP1",-0.0253490170036841,0.946923327801305
"DYSF",-0.025541574028427,0.972013249180393
"BYSL",-0.0256816590036308,0.941241651659403
"GPSM1",-0.0259944015198439,0.924001518645028
"PDE4B",-0.0260020134213619,0.960855831344909
"NEK9",-0.0261584552792069,0.946139125813935
"COQ8A",-0.0262669866928515,0.938115658709876
"GPATCH8",-0.0262921932139593,0.942863037495807
"PDE8A",-0.0266183197647232,0.956126388174528
"MTERF3",-0.026649550525403,0.965052584486874
"SYNJ1",-0.0268366452478084,0.95418986064331
"VPS35L",-0.0269604617310701,0.890472429392715
"DSC2",-0.0269698490195447,0.937148298698427
"MYG1",-0.0270480645048679,0.897957760844651
"RMC1",-0.0271372804107557,0.909512483578741
"RBSN",-0.0272278012774194,0.927636879480638
"RCL1",-0.0272896601402746,0.879793964464499
"ZBTB20",-0.0274846119766083,0.946923327801305
"TBC1D8",-0.0276773102661823,0.937639474568901
"ABHD17B",-0.0277935909005755,0.957023275791958
"CHMP7",-0.0280241692469545,0.911783421176026
"RNASE1",-0.0283193596712117,0.975647740663883
"NSMF",-0.0283381165648535,0.92863780084369
"DDX50",-0.0284568007222417,0.872688897334877
"ILRUN",-0.0287440935717074,0.911783421176026
"DDX42",-0.0287664504196545,0.942358523385342
"TMCC2",-0.0288247847649075,0.941273997962232
"CRYBG3",-0.0288790482250594,0.932699510574255
"SNRPGP15",-0.0289067256066131,0.883847583551575
"AP4E1",-0.0289210080897826,0.935723443086554
"NAV1",-0.0289275303449248,0.938115658709876
"EXOC1",-0.0289866701090489,0.87849106957929
"NCKAP1",-0.029170470419146,0.898389607071357
"TMEM222",-0.0292387881308747,0.90390725098691
"FNBP1L",-0.0292604285033473,0.949659177809158
"AK6",-0.0293082574224757,0.90663573545012
"PRPF3",-0.0293656702032417,0.900872039553959
"SPOCK1",-0.029443113964823,0.948664968444981
"WWP1",-0.0294583484224242,0.89167422337976
"BAD",-0.0294588775874312,0.938729920132677
"SLC25A19",-0.0295271391333554,0.917889139271654
"IST1",-0.0297853511513217,0.887944981114351
"C9orf72",-0.0301355344908734,0.938115658709876
"RAB2A",-0.0302738875664659,0.874767717486682
"CPNE8",-0.0302848210406941,0.946923327801305
"WASHC2C",-0.0303967260624889,0.944531242431521
"PRKAR2A",-0.0305155523942151,0.87114175831231
"PHF5A",-0.0306415203257355,0.899951440780762
"ITGA6",-0.0306512414273161,0.973764400077676
"PIK3C2B",-0.0308327325280704,0.930025698107054
"MRPS35",-0.0310945918582881,0.927002046631285
"CXorf38",-0.0312837504946257,0.911783421176026
"ALDH1A1",-0.031423630740548,0.950704462727592
"CDC27",-0.0314595186028317,0.891223643920962
"AKAP6",-0.0316769607604304,0.910142969559702
"MINDY2",-0.0316822591968,0.88971759600497
"PDCL",-0.0316848229087414,0.93428047283383
"PLEKHD1",-0.0317118501529485,0.97013193687765
"PRPF6",-0.0317993859700323,0.913862733783737
"B3GAT3",-0.0319176649316351,0.897957760844651
"SCAF4",-0.0321834966159287,0.894403667570579
"SENP8",-0.0323073374620106,0.869823570416194
"PPIH",-0.0324696507814224,0.857878866135563
"PKN2",-0.0325447369098235,0.902611872518615
"INPP4B",-0.032575683213282,0.915542023406702
"CYP7B1",-0.0326632694052877,0.937639474568901
"VPS25",-0.0327239385467664,0.883160426354105
"SLC7A5",-0.0327893954999467,0.908312623117712
"SLC16A1",-0.0329253218082464,0.951909841633616
"GFRA2",-0.0329456828117847,0.968962941355874
"PPP1CB",-0.0329960643965475,0.900872039553959
"MBOAT7",-0.0330296361708911,0.927950294085282
"SLC38A1",-0.0332242885425211,0.957023275791958
"HAT1",-0.0333224976060498,0.891996822053341
"PRNP",-0.0334817480509226,0.93034004176249
"H1-2",-0.0335946800979343,0.971046573951105
"DAPK3",-0.0336503299690971,0.914659471033771
"CACNB3",-0.0336826186847645,0.958612332599427
"LSM6",-0.0337681861656023,0.874643683383461
"RGS20",-0.0338352803367474,0.942378564647555
"DYNLT1",-0.0338417614178192,0.929236949556114
"OAT",-0.0339865317586572,0.90695265402057
"SIPA1L1",-0.0339876361984608,0.919003331114708
"DIP2C",-0.0340905778249709,0.848110678142182
"AKT1",-0.0340937792085896,0.869784393707465
"HDAC3",-0.0341485732954974,0.906228877618019
"CRYZ",-0.0342220594108085,0.96279193178726
"RHBDF2",-0.0342545575733366,0.917485075686744
"EURL",-0.0343937569381891,0.935723443086554
"HSPB8",-0.0344245112334285,0.946923327801305
"BLOC1S1",-0.0344940208116968,0.911783421176026
"RIT2",-0.034544581977725,0.942152835175884
"HERC4",-0.0346056923097375,0.882221563439062
"WDR6",-0.0346268327558974,0.88787297662773
"STAMBPL1",-0.0346759476329304,0.941273997962232
"NLRX1",-0.0350325252741257,0.89968599087487
"PTPRZ1",-0.0351530225110821,0.933020503913126
"NT5C2",-0.0353419931747503,0.885384112969569
"MCAM",-0.0353965750990106,0.965746579034255
"RANBP6",-0.0355368430482752,0.888826096136497
"COPZ1",-0.0355855983053539,0.833868547315005
"HDAC5",-0.0356586603950255,0.932564881127084
"CRABP2",-0.0357560389695699,0.981859699240774
"CDC40",-0.035769507497367,0.911783421176026
"HSD17B4",-0.03583202496662,0.883847583551575
"AQR",-0.0358463246480749,0.852743150415573
"DBT",-0.0358584370268478,0.90524419323908
"LARP6",-0.0359532088551955,0.909202511500478
"TENM3",-0.0362127414980806,0.922693334602961
"NCALD",-0.0362381920432089,0.919033215255324
"CTNND1",-0.0362601805097391,0.965746579034255
"PYROXD1",-0.0363528220745222,0.909640523478161
"GLYR1",-0.0363643683816885,0.920894044464721
"COMMD4",-0.03658598971227,0.8711472820815
"ATP6V1D",-0.0367144856007471,0.909202511500478
"ABCD3",-0.0367386920079866,0.879980980835091
"ADORA1",-0.0368296153136729,0.916143442886871
"MAPK10",-0.0369821647852255,0.904598633535893
"CUTC",-0.037062644743262,0.838286911121526
"NANP",-0.0371009239728002,0.861773917876516
"AP2S1",-0.037167575760364,0.883160426354105
"NUP37",-0.0374644558137023,0.888826096136497
"GOLGA7",-0.0380707302024401,0.914569528998732
"VAV2",-0.0380855795144415,0.886525802108658
"CDKL5",-0.0381094898063026,0.927002046631285
"ST13",-0.0381164863303933,0.824160598775338
"NFXL1",-0.0381715501183182,0.888826096136497
"FAHD2A",-0.0381961831315483,0.925845953670311
"MFF",-0.0382603773135735,0.872015909099502
"INTS3",-0.0383826961037874,0.931459476713132
"CDKAL1",-0.0385702567519326,0.879214000880778
"RNASE6",-0.0385737555590335,0.944531242431521
"URI1",-0.0386996877614036,0.924001518645028
"BCKDK",-0.0387664366616871,0.90524419323908
"TMCC1",-0.0389260908118665,0.883847583551575
"METTL3",-0.0389575565615052,0.88072713557006
"GNPNAT1",-0.0390809914697066,0.886525802108658
"GOLIM4",-0.039157007901812,0.932699510574255
"NAV2",-0.0391633245535852,0.917889139271654
"CTSH",-0.039267636649905,0.935736537814341
"TMEM275",-0.0395172434387669,0.932951648881525
"NT5C",-0.0396712208629157,0.908312623117712
"GPR180",-0.0397716567028468,0.890280131594501
"STK25",-0.0398159932387703,0.848110678142182
"TRAF2",-0.0400314801902653,0.854016312803469
"ATXN3",-0.0401224082186875,0.898966735182106
"CNTFR",-0.0402262375465039,0.930025698107054
"UNK",-0.0402898993782301,0.852157478484298
"DUT",-0.0403927946551281,0.906628100481627
"NUDT6",-0.0404866753307491,0.937719081414547
"TMEM263",-0.0405191370457061,0.846227147457633
"METAP2",-0.0406021968436932,0.85917481835215
"RPLP1",-0.0406282367431299,0.905803018354727
"RAB39A",-0.0407776083186793,0.919732121620089
"KLHL13",-0.040797204030067,0.845322112091266
"COG6",-0.0409386464038786,0.817449832677178
"NT5C1A",-0.0409398898526003,0.928857783430565
"PTPRG",-0.0409680556366272,0.912254337789326
"PCMT1",-0.0410569227558266,0.887137833568758
"RUSF1",-0.0411866099472373,0.836342936533143
"SCGN",-0.0412143309818305,0.948664968444981
"PCBP2",-0.0412977855648897,0.808137105677862
"PPA2",-0.0416898203585934,0.850859912275253
"GXYLT1",-0.0418496375999862,0.848110678142182
"UBE2D2",-0.0419296647150436,0.852645520457043
"PBRM1",-0.0419868930538145,0.897906126660823
"STAT3",-0.0421336283003697,0.874767717486682
"YEATS4",-0.0421430219592889,0.826632998268345
"GNB4",-0.0423590714499813,0.875569339716704
"ALKBH4",-0.0423661195759868,0.854504190350192
"NDRG3",-0.0424307852745383,0.908603140015654
"VBP1",-0.0426707212860844,0.858273790356627
"SLC39A6",-0.0428378811103611,0.883847583551575
"RAB3IL1",-0.0428717932532967,0.953410782610036
"HTRA2",-0.0429750848324471,0.851713664683948
"ARHGAP6",-0.0431119338836714,0.923272141957471
"PLCD1",-0.0431324724604245,0.93034004176249
"COTL1",-0.043139293017278,0.889391778527046
"MAG",-0.0431768257413285,0.957023275791958
"PRCP",-0.0431847524965505,0.932584439252336
"NEU3",-0.0433828420672331,0.833295604772476
"PDZD8",-0.0435212589219685,0.819326185705524
"MEST",-0.043533485218008,0.924001518645028
"ANAPC5",-0.0436791613318732,0.83683077093604
"MCUR1",-0.0438939144029771,0.845322112091266
"SLC9B2",-0.0439380569402861,0.90695265402057
"GNAO1",-0.0439772596063541,0.887899059720188
"PRPF38A",-0.0439833096639672,0.823192605151543
"HDAC4",-0.0440724736090257,0.871479528387961
"C2orf69",-0.0440833997966728,0.909640523478161
"ETFDH",-0.0441716964525369,0.918915281277838
"NFIB",-0.0441851438713874,0.867081849330396
"RPS15A",-0.0445170807901025,0.796809672575915
"PNPLA6",-0.0445685830272886,0.879394653277559
"CDC123",-0.0448321601203441,0.890280131594501
"COG1",-0.0449611281320275,0.843099213369239
"PRKCE",-0.0449713060439976,0.913854720402415
"DIP2B",-0.0449723312043897,0.859865258951671
"RPS8",-0.0452205587527832,0.83130809598832
"ARMT1",-0.0452327068556322,0.869691933782216
"PRPSAP2",-0.0453726835265709,0.852743150415573
"NAP1L5",-0.0454209889919248,0.896278671166006
"MTIF2",-0.0456535099806885,0.854212055943121
"PCYOX1",-0.0457491700776096,0.846544678079235
"PRKRA",-0.0458119965727484,0.906628100481627
"NAE1",-0.0460042488886288,0.874162265061836
"DGUOK",-0.0461637198174261,0.827377756169649
"WTAP",-0.0465910860593466,0.884704027562936
"FARS2",-0.046620261425371,0.836203950391022
"WWP2",-0.0468155445539384,0.883847583551575
"COG5",-0.0468454622754146,0.83680157478072
"CACUL1",-0.0469142641256823,0.86006959489819
"CDK4",-0.0469241511701304,0.918801789139767
"FDXR",-0.0476308976339368,0.944533686955186
"CYB5R1",-0.047658606351666,0.8874009059626
"SCAMP3",-0.0477534724076634,0.872062172753727
"AMOT",-0.0478450690314798,0.940299832104778
"SEH1L",-0.0478811997308899,0.839907499162735
"CXADR",-0.0480193443800943,0.937719081414547
"TMEM9B",-0.0480643223247563,0.85540330809718
"ZFYVE1",-0.0484805964269679,0.854016312803469
"THSD7A",-0.048567633875459,0.926813927246007
"RNPEP",-0.0486854610514413,0.936736851101677
"CELSR2",-0.0487946396713337,0.897289906177153
"CDS2",-0.0488510858221591,0.863293258945723
"MCF2L",-0.0488691302655244,0.882674795905464
"ABCB8",-0.0490083859965136,0.929393936482152
"ARL8A",-0.0490483816841731,0.849868521836248
"MTHFSD",-0.049175173853147,0.780859305096358
"VPS9D1",-0.0492209466765159,0.891829873371275
"OPA3",-0.0492698495235304,0.879276597383876
"CLUH",-0.0492816911152119,0.847411912065427
"JAKMIP1",-0.049287678880729,0.863293258945723
"NPTX1",-0.0493178775382299,0.963023954954686
"PDAP1",-0.0493507175135903,0.849784024441591
"TRA2B",-0.0493920792469664,0.823404396179924
"TP53BP1",-0.0494124950349946,0.886053674408762
"BAG5",-0.0495003337018787,0.823620008160928
"DVL1",-0.0495612825220668,0.849868521836248
"CUL4B",-0.0496478927587312,0.756598701886556
"TBC1D14",-0.049667103163979,0.796715132093522
"YIPF5",-0.0497455901690289,0.805273491555209
"ELP2",-0.0497552910052228,0.849868521836248
"SPTBN1",-0.0498838160641313,0.785336221345238
"GABARAPL2",-0.0499043940013451,0.85540330809718
"RANBP1",-0.049907950379696,0.884092508829176
"SPR",-0.0500410758208627,0.850436017764999
"PTPRM",-0.0500806149880191,0.863293258945723
"ALDH1L2",-0.0501082577455367,0.954760800995038
"ADAM11",-0.0502564797548866,0.938115658709876
"KLHL26",-0.0502646799980226,0.829727852208938
"GOLM2",-0.0503446841817432,0.879394653277559
"TSPAN33",-0.0503671505181318,0.909202511500478
"METTL14",-0.0504709499601228,0.887944981114351
"AP1S1",-0.0505404147471094,0.810539147816669
"NUDT1",-0.0506307222094984,0.848110678142182
"GNA13",-0.0506745555979542,0.842582032308089
"PAXX",-0.050684130417185,0.864646701559723
"AP3S1",-0.0507864240132676,0.866956306430408
"RRP1B",-0.0508567339461452,0.850590383873596
"CAMK2A",-0.0509423581267363,0.971046573951105
"SERGEF",-0.0509693308793251,0.917889139271654
"HDHD2",-0.0511405042710518,0.83683077093604
"NPNT",-0.0512003556926643,0.954983989767689
"IDNK",-0.0512082594146595,0.885002544739356
"TBC1D17",-0.0512597364339094,0.77175776122097
"SH3RF1",-0.0514864332757208,0.929317031453924
"DMWD",-0.0515548489907394,0.872062172753727
"OPHN1",-0.0516785415684335,0.851713664683948
"ANKLE2",-0.0517268732910496,0.81454107063383
"CALCA",-0.0519143084182501,0.957535324812697
"EIF2AK2",-0.0519569850920405,0.703454568300375
"BABAM2",-0.0522125601907204,0.748880649620379
"GPALPP1",-0.0522721077441082,0.842582032308089
"VPS45",-0.0522778254596563,0.787189766586235
"NUTF2",-0.0522930865530036,0.892400290529388
"PSMB7",-0.0524226380329615,0.796886341235246
"DNAJB4",-0.0524618981631715,0.83745948415358
"IFT70A",-0.0525999454879198,0.857404467722689
"SHROOM2",-0.0526390112344286,0.892400290529388
"SNX27",-0.0526468362596972,0.772130863465695
"LANCL3",-0.052715990598684,0.949170419952301
"NAGLU",-0.0527683356351263,0.919003331114708
"TSR1",-0.052910695513364,0.833006948688283
"COL4A3",-0.0529539175928306,0.916456128534997
"SH3PXD2B",-0.0530449446328429,0.885266325866907
"RALGAPA1",-0.053056891313215,0.734746833092081
"FCSK",-0.0531013330731138,0.885266325866907
"TBC1D8B",-0.0532742001409421,0.816913825283595
"PLCB3",-0.0533122986960741,0.874386774195956
"ALDOA",-0.0533556478979165,0.82201698822315
"AP1B1",-0.0533696815552549,0.762188460459082
"ACSL4",-0.0534609795218319,0.888826096136497
"ELP1",-0.0535011246299106,0.83683077093604
"CNOT2",-0.0535190684314566,0.761812615087067
"GUCY1A1",-0.0535215315130451,0.949880081045502
"HNRNPLL",-0.053563591153547,0.805273491555209
"NUP133",-0.0538583951230134,0.854504190350192
"YWHAH",-0.0539344008855132,0.81109607719067
"AKTIP",-0.0539440180524196,0.766669436334479
"ACOT8",-0.054054431882804,0.844816459836503
"GLG1",-0.0540690143191753,0.847693113029708
"YIF1B",-0.0542021928951808,0.758894206197589
"PPIP5K2",-0.0542645014998691,0.854435075169218
"NSUN2",-0.0543448132216469,0.796886341235246
"BLVRB",-0.0544314797615275,0.957621531588576
"PVR",-0.0544475130712962,0.879214000880778
"LRRC14",-0.0545907012376485,0.796605095972764
"EVI5",-0.0546772220966991,0.802082376650647
"MVK",-0.0548627957082353,0.926813927246007
"IRS2",-0.0550021554713789,0.872973527628821
"GNB1",-0.0550112813717973,0.847411912065427
"PACS1",-0.0550269050835297,0.807484702080301
"FBXO45",-0.0551249723825604,0.776926855626729
"PHC2",-0.0551528645573924,0.801460511926494
"RELCH",-0.0552954768568465,0.873068485289326
"NELL2",-0.0553556734288687,0.935672827483085
"MAP2K4",-0.0555136732536639,0.874386774195956
"CUTA",-0.0555199908924635,0.888511003776045
"FARP1",-0.0556173534196986,0.908603140015654
"MTCH2",-0.0556815813373142,0.834420653847905
"FAM162A",-0.0557051250725493,0.904598633535893
"SCAMP4",-0.0558372142628656,0.835764855221069
"TM6SF1",-0.0559414212663798,0.844236433055784
"GDE1",-0.0562102761812371,0.847642945374184
"CLASP1",-0.0563001009640018,0.84139094211734
"PRPSAP1",-0.056341686987377,0.850835189437486
"ARHGAP21",-0.0564405494634119,0.842582032308089
"PEF1",-0.0565074104665557,0.795253099940642
"LRFN1",-0.0565467909913089,0.890280131594501
"SNRPD1",-0.0566358980406525,0.764746809107419
"ARL6",-0.0566394713696292,0.770952883196318
"BSDC1",-0.0566461009858852,0.831602918741742
"USP19",-0.0567998523473072,0.795933945488808
"YTHDF2",-0.0569641394782838,0.724447482761735
"SLC41A3",-0.0571180849504227,0.777008621335257
"SH3GL1",-0.0571765363002168,0.782092197966953
"CDC16",-0.0571782423958247,0.737752964074903
"HOPX",-0.057239185189693,0.932699510574255
"CADM3",-0.0572925942708142,0.882221563439062
"CCP110",-0.0573627549525364,0.803746357215214
"ARHGEF7",-0.057373095578825,0.87114175831231
"YY1",-0.0573871622647024,0.914135669552073
"AP5S1",-0.0573992049410439,0.769814897367237
"TMEM63B",-0.0575474444482484,0.831455931430802
"ACAT2",-0.057659684889023,0.906628100481627
"GTF3C5",-0.0578209244878716,0.784230470177166
"PPP3CB",-0.0579162467049557,0.894403667570579
"MEGF9",-0.0579294703478599,0.913277918329697
"PSMD14",-0.0580001485828934,0.691504216505404
"ABCG2",-0.0580069556668663,0.816802225140651
"DYNC2I2",-0.0580132310411177,0.883847583551575
"ARFGEF3",-0.0581591650165354,0.85950836042135
"WIPF2",-0.0581824080155009,0.914257504555211
"USP6NL",-0.058244368720862,0.816999572565101
"NDUFAB1",-0.0582547779859821,0.878660667121816
"SERINC3",-0.0584712139397894,0.788011994345077
"MAT2A",-0.0584965592117292,0.762841973009418
"RWDD4",-0.0585490157251991,0.751383613523309
"KCNMA1",-0.0585742777916476,0.891829873371275
"MRPS34",-0.0585985804011058,0.850436017764999
"DENND11",-0.0586059755343582,0.884704027562936
"CDC42BPB",-0.0586619347505533,0.799221664385719
"GIPC1",-0.0586746577725368,0.877933984924202
"RABAC1",-0.0589993315251958,0.90663573545012
"MRPS15",-0.0590584640932788,0.834420653847905
"ACACA",-0.0590739127078077,0.812089995649222
"RFX5",-0.0596449940514212,0.805069265776223
"CARTPT",-0.0596821313448261,0.949880081045502
"MVP",-0.0597873191641884,0.954582333782343
"GOSR1",-0.0599193615107163,0.738701585296819
"MBD3",-0.059919425983205,0.794334992846833
"MAP4K3",-0.0599680275373418,0.858273790356627
"SERPINB12",-0.0602408648719424,0.946923327801305
"JAM3",-0.0603768349590439,0.890280131594501
"CNKSR2",-0.0605119205100522,0.847411912065427
"CCDC28B",-0.0605482699270947,0.854212055943121
"LRRC41",-0.0605560842964428,0.83680157478072
"EVI5L",-0.0605980876351282,0.830331182388431
"CCDC50",-0.0607857307896884,0.867081849330396
"RB1CC1",-0.0608474187598169,0.734746833092081
"PPP2CB",-0.0608917676550842,0.781814937851371
"CAB39L",-0.0610516383824855,0.8400604945322
"POMT2",-0.0610680364836025,0.772798838508746
"RAB3IP",-0.061301065597644,0.849356563344405
"ERBB3",-0.061304936527919,0.87849106957929
"LIMCH1",-0.0613440730397024,0.879793964464499
"GOT1",-0.0615221109226791,0.892400290529388
"SEMA4C",-0.0615344075354125,0.834420653847905
"FEZ1",-0.0616993272332902,0.862249906147281
"CROCC",-0.0617562571795744,0.904598633535893
"SNX33",-0.0617617311763832,0.84439646547149
"PWP1",-0.0618597106124703,0.780633015257837
"YPEL5",-0.0618887189820789,0.722295401493799
"PFN2",-0.062015700523423,0.840370793203676
"TMEM109",-0.0620227102369713,0.891829873371275
"CA14",-0.0620740700223283,0.916392736764918
"GPX2",-0.0622189462975644,0.928438762509199
"NOVA2",-0.0622704528780851,0.84139094211734
"KCNN2",-0.06230699286467,0.891996822053341
"RAPGEF3",-0.062349826086578,0.894422609287366
"KYAT1",-0.0626142109431118,0.840426457855451
"PSMG2",-0.0626188022482044,0.850590383873596
"ECHDC1",-0.0627251547441752,0.81477214403775
"FEZ2",-0.0627730816461138,0.830708696346301
"APMAP",-0.0628467779121031,0.732266076405409
"PCBP3",-0.0629871891864457,0.913451134701395
"ASRGL1",-0.0630038262012071,0.926556454669873
"ARMC8",-0.0630477817003348,0.830331182388431
"LETMD1",-0.0630496239001932,0.840713393991343
"BLTP3A",-0.0633327548740583,0.79607740318678
"PI4KB",-0.0633554115126671,0.786943765667216
"XRN1",-0.0635303035603849,0.797339381129556
"YWHAE",-0.0636423719106549,0.666702687367161
"PRKD2",-0.0637090733176802,0.771351705129976
"ALDH1L1",-0.0637299756938923,0.896278671166006
"SGPP1",-0.0638730762172193,0.820656463824426
"CUL3",-0.0638875109778745,0.663460356833065
"SMPD4",-0.0640008552355322,0.805273491555209
"GORAB",-0.0640014392725545,0.767854773836512
"ASIC1",-0.0640065654900477,0.905226063547922
"SEMA6D",-0.0641020191692387,0.864646701559723
"ZNF24",-0.0641103214094656,0.848449511142804
"SGK2",-0.0641111056622403,0.949148781784988
"PCBD2",-0.0645599626115079,0.782789707640585
"VWA5A",-0.0646980143297569,0.896278671166006
"RABL3",-0.0647331257064678,0.756378228926359
"PPME1",-0.064854293402334,0.831989690866252
"PEX2",-0.0648599083698311,0.77175776122097
"FAM120A",-0.0649690534907812,0.827731320782924
"WDR59",-0.0649695336369724,0.742237558995924
"MTHFD1",-0.0649791372327968,0.877933984924202
"RAB22A",-0.0650654365313166,0.74459747388319
"RPS6KA4",-0.0651200411553718,0.755651445094269
"TUB",-0.0651415236399835,0.891996822053341
"PPP1CA",-0.0654635000231139,0.851713664683948
"NAA35",-0.065639086173281,0.726722938269341
"KLHL42",-0.0656726891212065,0.805273491555209
"SPECC1",-0.0656867404710937,0.846544678079235
"ATP6V1A",-0.0657587177765659,0.831737361343494
"SHARPIN",-0.0657878057217705,0.743136096205028
"RAPGEF2",-0.0660193017175175,0.858807721190152
"TBL2",-0.0660557195553011,0.828270279802877
"PHYKPL",-0.0660947061744483,0.857878866135563
"TIMMDC1",-0.0661096352807737,0.817764294135377
"NT5E",-0.0662034981223059,0.889973020350707
"BIRC2",-0.0664134944300692,0.758848486110934
"SRP9",-0.0668370225234796,0.850590383873596
"AGPAT5",-0.067077069905233,0.874767717486682
"TMEM259",-0.067250342584483,0.837483551441077
"CD99L2",-0.0672668787318385,0.885002544739356
"TBCE",-0.0673735138044318,0.857701278718865
"CHKA",-0.0674148460098563,0.823955039022185
"CDH13",-0.0674627791222608,0.942378564647555
"PIP5K1C",-0.0676015690197698,0.831989690866252
"MEGF8",-0.0678112060342828,0.744630706532504
"DDHD1",-0.0678512555301047,0.823192605151543
"ACO1",-0.0679836161998786,0.789576454198471
"ANKRD17",-0.068000056854391,0.762604310713281
"TATDN3",-0.0680392560095981,0.755542342727321
"NRXN3",-0.0681330518677754,0.894809813006253
"CHTOP",-0.0681480233685479,0.879450488226006
"VAC14",-0.0682350245488372,0.772136564338363
"INPP5A",-0.0684664013155949,0.751492802725009
"BCAR1",-0.068482086547248,0.874386774195956
"CSNK2B",-0.0686303766199128,0.702568173108622
"ACACB",-0.0687573410400359,0.722490009131012
"C12orf57",-0.0691226089249897,0.892795504705733
"PDGFB",-0.0692764588073418,0.838286911121526
"LARP1",-0.0693910621308245,0.720890412450085
"SNAP47",-0.0695218149377368,0.738819191286986
"COMMD6",-0.0695225958331021,0.680573521845887
"ADD3",-0.069535868364472,0.872015909099502
"GRAMD1A",-0.0695722015093301,0.858807721190152
"CHERP",-0.0696402507492833,0.762468042751362
"NEURL1",-0.0696866834718612,0.82201698822315
"CNOT7",-0.0700512421575157,0.680210802297561
"FOXO3",-0.0701553945350284,0.82543605723286
"TTC39B",-0.0704499992889938,0.763334443756854
"NSFL1C",-0.0705784064510819,0.703059266857351
"BPTF",-0.0706201479250428,0.77440194091177
"COG8",-0.0706899891369748,0.692076712427075
"PRMT3",-0.0707416276549591,0.84439646547149
"MINK1",-0.0707784270449832,0.761812615087067
"KIAA0513",-0.0709385306428985,0.894422609287366
"DPAGT1",-0.0710561378423753,0.815566778571867
"SLC7A2",-0.0710824437301305,0.903762600294192
"PPP2R5D",-0.0713101874504236,0.762188460459082
"VTA1",-0.0714058531048991,0.725473368865604
"BAG6",-0.0714411730988846,0.760234441678259
"DRAP1",-0.0714487203346481,0.766241218272175
"MYCBP2",-0.0714716030984199,0.707408963004742
"SMG9",-0.0714888622413739,0.702161810007252
"OGFOD3",-0.071532989136772,0.840713393991343
"CACNA2D1",-0.0717338505939331,0.859865258951671
"RAB28",-0.0718717190727878,0.761881510738472
"UBXN7",-0.0719166845006498,0.822751829667495
"RPS27A",-0.0719448550854977,0.838937833940564
"DARS1",-0.0719463615243381,0.776926855626729
"CDK16",-0.0719574072452085,0.781814937851371
"PBXIP1",-0.0722756841365015,0.877471677961055
"CPNE7",-0.0723278632012754,0.892400290529388
"KSR1",-0.0724869166347117,0.794351730726774
"PCDH9",-0.0724952819859954,0.799286529683856
"DLG1",-0.0725453731738579,0.775575662822849
"ZDHHC20",-0.0726475212832014,0.905556248230945
"BSCL2",-0.0726495565384111,0.875569339716704
"DIPK1A",-0.0728620089831056,0.772130863465695
"SEC24A",-0.0729521907776443,0.703059266857351
"TXNRD3",-0.0730378784838397,0.85540330809718
"GLT8D1",-0.0730498999324745,0.842443952203672
"ITSN2",-0.0731134552897093,0.760234441678259
"ACTR3B",-0.0731828501181138,0.854932018097159
"NIF3L1",-0.0732030914513206,0.686004799138928
"CETN2",-0.073278044654284,0.74471992302322
"ORC2",-0.0732911935212073,0.730740317978217
"CDK17",-0.0735844192537325,0.798948693763402
"FRRS1L",-0.0736026815140747,0.831602918741742
"TSTD1",-0.0736370293316932,0.872588704185929
"LTBR",-0.0736387660702658,0.786943765667216
"GTPBP1",-0.0736684624218995,0.711767805217109
"GMPS",-0.0736792578243755,0.793848737665037
"PGRMC2",-0.0737497291349438,0.811784472237071
"PLCL2",-0.0738455108309655,0.816999572565101
"SLC22A23",-0.0738563102246248,0.84243845379331
"CNOT11",-0.0739464021058405,0.647798413604002
"SMS",-0.074005029490035,0.862885390706224
"CTBS",-0.0740320519087501,0.761812615087067
"TANK",-0.0741082119793726,0.708766115874159
"VPS35",-0.074523796595491,0.610615026226547
"P3H1",-0.0745374700558123,0.84439646547149
"ITGB4",-0.0746086796955012,0.930084705731689
"EIPR1",-0.0746724431445376,0.64681320861428
"SRP19",-0.0747259494225778,0.683901410773194
"ORC3",-0.0747808743861524,0.723160323596509
"PRKCA",-0.0749502685717172,0.854212055943121
"NSUN5",-0.0749689628695771,0.771556130551518
"EML6",-0.0750419218933187,0.878128090685333
"CPNE5",-0.0751761276960039,0.920945350813959
"ISG15",-0.0753687276511332,0.886636402961893
"PMVK",-0.0754997005468301,0.811436591562014
"STARD7",-0.0756645789706738,0.862249906147281
"BRINP3",-0.0756828464873012,0.852743150415573
"VTI1A",-0.0757363881185498,0.80465783622376
"MRPS21",-0.0757689660019416,0.820016518910149
"LSM12",-0.0758629610992818,0.697690470818994
"CAPZA2",-0.0759077389171328,0.709299780336386
"FRG1",-0.076043918927855,0.717240733006287
"ZC3HC1",-0.0761229416456253,0.731062353447108
"PHLDB1",-0.0762130500940792,0.85540330809718
"RCN2",-0.0762136505928428,0.768938259397277
"ARL14EP",-0.0764014512263795,0.754606413490605
"MAP7D1",-0.0764158231839236,0.838315929114063
"TERF2",-0.0765134058773,0.726481037402316
"MDGA2",-0.0765352241331865,0.863844983559233
"CFAP298",-0.0765805234037797,0.762188460459082
"PTBP3",-0.0767535193127511,0.772136564338363
"RAB9B",-0.0768688004154514,0.776507698647008
"PNPT1",-0.0768763301568924,0.68444004275455
"PPP3CA",-0.0770827733222728,0.872482143739046
"MRPS31",-0.0771735841923107,0.771774179062094
"CWC27",-0.0773941064881623,0.782751518694788
"POLR2B",-0.0775583361200738,0.722610951780568
"CWC22",-0.0776591243960594,0.845322112091266
"MAPK11",-0.0777997785953746,0.734193854049072
"MORF4L2",-0.0781768340409386,0.765779444534132
"DOCK3",-0.0783198778660417,0.778255994881548
"TMEM9",-0.0783554421464974,0.759991281556487
"NUMBL",-0.0783775105876821,0.725553760455027
"RBM12",-0.0784740851368664,0.763961026872792
"LEO1",-0.0785085587582159,0.707408963004742
"TUBG1",-0.0786500008699615,0.722490009131012
"MON2",-0.0787949732802904,0.656362984874851
"NDRG4",-0.0788170162309196,0.863888754786304
"CNP",-0.0790599675596759,0.909202511500478
"EMC8",-0.0791013500788349,0.66517666455857
"MAP3K10",-0.0792802164910418,0.791709199320541
"TBC1D25",-0.0793165529631343,0.722813413833098
"GPI",-0.0793290822228627,0.725473368865604
"DAGLB",-0.0793741213554977,0.735897393461437
"ATG2A",-0.0794387658024354,0.751921903734285
"SLC6A9",-0.0795163035057165,0.861456226937949
"S1PR5",-0.079755460005603,0.873429578360521
"PIEZO1",-0.0797727174822374,0.767124618269085
"DDR1",-0.0797928913389185,0.859024275149889
"FTO",-0.079879849863719,0.739879364946438
"KYAT3",-0.0799304217648711,0.897289906177153
"FLOT1",-0.0800628827527543,0.799439020887677
"TLN2",-0.0802786895377832,0.742237558995924
"PTPRS",-0.0802862460345324,0.745650873850719
"IKBIP",-0.0803201847362676,0.80665808087495
"PEG10",-0.080347382956945,0.810979887234652
"DDX41",-0.0803812761788167,0.733195099955912
"CNDP1",-0.0804821605574908,0.937719081414547
"TAF9",-0.0804876378283108,0.663276513592873
"COL4A6",-0.0808603142074142,0.935029466341651
"MAP2K7",-0.0808675805092536,0.71920978660977
"SLC25A44",-0.080933927234117,0.741039457738816
"OR1M1",-0.080944884422907,0.872062172753727
"PLCD3",-0.0809580630331332,0.85540330809718
"MAPK8IP1",-0.0810903268560637,0.795933945488808
"MTFP1",-0.0811075135330031,0.781501298195977
"ABCB4",-0.0811347177132413,0.74459747388319
"ADAR",-0.0813654808311419,0.722490009131012
"DNAJA4",-0.08146045763465,0.839678473753248
"DPCD",-0.0815069888204274,0.748085747724907
"QKI",-0.0815182184539758,0.825439931517558
"CD109",-0.0815504565808371,0.864699416658377
"INPP5J",-0.0816536404677466,0.751249970585293
"ATOX1",-0.0816806295687922,0.868933712597952
"PPFIA3",-0.0818758327064533,0.855571662536535
"TMEM88B",-0.0818950400725464,0.797274150985128
"RAB21",-0.0819049271751311,0.755970983211956
"NME1",-0.082157806477392,0.733195099955912
"SPINT2",-0.0821930105535857,0.811901356275266
"TCAIM",-0.0823448994663023,0.621766443120241
"FAM185A",-0.0823606784959381,0.700587577916646
"GRM1",-0.0826409818409282,0.862885390706224
"SHROOM1",-0.0826814058333145,0.790361612636974
"SMNDC1",-0.0828210651696173,0.831455931430802
"PTCD3",-0.0831101663158673,0.721390122220424
"TMOD2",-0.0831487959065118,0.709299780336386
"KCNA4",-0.0831767120471865,0.841747037703304
"ASDURF",-0.0833507074785826,0.763334443756854
"SHC3",-0.0834208440314459,0.877617018003588
"CEP68",-0.0834309754966167,0.654554974494116
"ADSS1",-0.0834430113556994,0.894809813006253
"RASSF8",-0.0835233238684108,0.837797267907112
"SH3BP4",-0.0835695255571283,0.739811996043687
"ALDH3A2",-0.0835731329146565,0.831455931430802
"PHF1",-0.0836476342048291,0.594507813813494
"RAD23A",-0.0838207360638989,0.797387929581096
"ARHGEF12",-0.083830546813747,0.81109607719067
"PECR",-0.0839498373974772,0.755863510775743
"SYT11",-0.0839942815548618,0.771774179062094
"ADAM9",-0.0842120158917838,0.82960250842166
"CTNNB1",-0.084238108597992,0.808347289576219
"CDC42EP4",-0.0842426945303316,0.937719081414547
"NLN",-0.084588600747999,0.808247398889505
"SUCLG2",-0.0845982041900939,0.750896411666007
"SEPTIN3",-0.0846064791974346,0.808247398889505
"CTDSP1",-0.0847722298114331,0.767124618269085
"BMPR1B",-0.0847891909947354,0.735175846915844
"TMC6",-0.0853513231811167,0.804500806597215
"ATP6V1H",-0.0853753261688812,0.805273491555209
"RLBP1",-0.0854782140708625,0.890067514452024
"FMR1",-0.0857212385799979,0.66894128538277
"NEGR1",-0.0857738753527144,0.831455931430802
"APLP2",-0.0860028311891821,0.712916450606374
"RRAD",-0.0860188435630995,0.871895468060294
"JAK1",-0.08602260119984,0.668357974790391
"HDAC11",-0.0862560734252469,0.879214000880778
"LSM1",-0.0862984546605494,0.831602918741742
"KCTD21",-0.0863420542503164,0.772746092602151
"GNAS",-0.086348898962342,0.722476609134771
"HARS2",-0.0863670745356515,0.720749661826307
"PEX10",-0.0863888753786908,0.630837077511345
"MIB1",-0.0865459207967669,0.722977619627778
"PCNX3",-0.0865942755187374,0.684915814027606
"RNF7",-0.0866794162940696,0.823949462390873
"EEF1AKMT1",-0.0867552853219697,0.751249970585293
"NRSN1",-0.0869709424653298,0.846544678079235
"SPATS2L",-0.0871724670234801,0.854016312803469
"TLE1",-0.0872547988806973,0.751085407615776
"LMF1",-0.0874486947219664,0.650752647856953
"ATG2B",-0.0874928072141703,0.711702869297181
"PICK1",-0.0882439926424503,0.749857973125565
"USP46",-0.0883993664025855,0.735367006614036
"MLH1",-0.0885010887278268,0.650749559420195
"SH3GL2",-0.0888847954956944,0.762604310713281
"PARS2",-0.0889273907730823,0.647798413604002
"NACC1",-0.0890792521728345,0.730740317978217
"MRPS28",-0.0891194499796253,0.714158933301975
"UROS",-0.0891250110433512,0.751383613523309
"VCPIP1",-0.0891839106196564,0.614744829148762
"NUP93",-0.0892810437394242,0.647501332637358
"PPP2R1B",-0.0893323443638749,0.769527438484465
"SOS2",-0.0896162482351581,0.711380066961921
"CLPTM1L",-0.0897659900912213,0.801716420496846
"FAM172A",-0.0897680289247722,0.729088607826158
"ACTL6B",-0.0898570113699364,0.552051575527853
"RRP9",-0.090030974306587,0.734487813602273
"NBEAL1",-0.0901515786199329,0.695649621764979
"ZMIZ1",-0.0901759113521576,0.580778199938201
"ZDHHC17",-0.0902241669426074,0.763961026872792
"CNRIP1",-0.0902690602687173,0.763781934103444
"KATNB1",-0.0903006625153768,0.683912998233333
"JCAD",-0.0903196998525742,0.891996822053341
"RHOB",-0.0904655898011661,0.883847583551575
"CCDC88A",-0.0905237739362104,0.750896411666007
"TBC1D7",-0.0906454740461067,0.657893470883897
"RFK",-0.0907272645832773,0.766241218272175
"TANC2",-0.0908130608956643,0.717226229265132
"PELI1",-0.0908839442185565,0.631463223954243
"CYC1",-0.0909694336099331,0.838937833940564
"CLASP2",-0.0910468949576853,0.68706232011582
"FLCN",-0.0910566299403488,0.662783846510663
"CLDN11",-0.0913035938367734,0.905803431728426
"RNF114",-0.0913321206792457,0.838286911121526
"CD47",-0.0913900269503571,0.796886341235246
"ABR",-0.0914065559993453,0.772136564338363
"TAGLN3",-0.0914313151697357,0.807484702080301
"UBE4B",-0.091685703082943,0.651855122443911
"RAC1",-0.0919669298720098,0.712382119753161
"ANK3",-0.0920298751313631,0.826873392558599
"WDR3",-0.0920371101911899,0.824991199222834
"TIMM44",-0.092086413890943,0.68706232011582
"RSPRY1",-0.0920920591477534,0.564506191521506
"MID1IP1",-0.0920926430816493,0.831734287957457
"STAG1",-0.092130377237889,0.665244194842049
"EP300",-0.092239223386227,0.697811362590301
"TANC1",-0.0923081238300725,0.781814937851371
"ACOT7",-0.0923978365787299,0.79607740318678
"DAGLA",-0.092411766348925,0.82659335858734
"ARMCX1",-0.0924414522644685,0.755970983211956
"TEX10",-0.0925917929420832,0.717226229265132
"ATP2A2",-0.0926350861160063,0.699874189803662
"UBE2B",-0.0927476310912372,0.699874189803662
"UBE2D4",-0.0928666228277493,0.597152238684712
"PDE4D",-0.0931393531687981,0.800462008560763
"SMIM7",-0.093150538765614,0.56595182085365
"SLC39A11",-0.09318710675986,0.751198836333755
"TM2D3",-0.0933716677836092,0.468633612497725
"NUDT9",-0.0938403080642018,0.75682455267268
"PTP4A2",-0.0939211186313607,0.794348429920574
"ANKIB1",-0.0940578338696128,0.707408963004742
"UBR7",-0.0941056918034553,0.814959966337229
"NT5C3B",-0.0941561313601813,0.751085407615776
"DPP10",-0.0942006328010088,0.887944981114351
"CCDC127",-0.0944068273737102,0.683912998233333
"WWC2",-0.0944417005058353,0.641935220990637
"TST",-0.0945476186787975,0.780953233821913
"AIFM3",-0.0950012931467104,0.809734542624101
"USP35",-0.0951133158789812,0.735897393461437
"IL6ST",-0.0951536440048741,0.707408963004742
"ENOSF1",-0.0952678400058753,0.829727852208938
"VAPB",-0.0952703533302586,0.748880649620379
"YES1",-0.0953867129627,0.755970983211956
"USP10",-0.09550315259313,0.499573901890754
"SLC25A40",-0.0955418235518053,0.654337801371237
"SCN3B",-0.0956325853230053,0.887137833568758
"COPZ2",-0.0957522419137335,0.707408963004742
"RNF214",-0.0958830040233778,0.653914624015284
"EWSR1",-0.0959854206890416,0.858438409222409
"TSC1",-0.0962716194800404,0.522976339263244
"FASN",-0.0964397031339939,0.772130863465695
"GRID1",-0.0965816410467593,0.771164742782079
"ABCF3",-0.0966576519026177,0.621766443120241
"SLC25A42",-0.0968583796013442,0.593265654797677
"ADISSP",-0.096865423132396,0.578946590815378
"ANKRD29",-0.0969444827135888,0.856534213641372
"SUGT1",-0.0969494130693231,0.547454191629119
"ANKRD16",-0.0971689852906561,0.785545292594418
"OXSM",-0.0971794394561947,0.761812615087067
"ATP6V1B2",-0.0971999869185467,0.745735668418001
"KCND3",-0.0972261241921304,0.852185010687336
"TMLHE",-0.0973213688780206,0.852185010687336
"PPHLN1",-0.0973791949242404,0.80801411829043
"OLFML3",-0.0974061753480626,0.972013249180393
"HMOX2",-0.0974166670596492,0.721897849857912
"ELP4",-0.0974437748489736,0.726736102771862
"ATL1",-0.0976224055080568,0.733195099955912
"DHRS11",-0.0976892701814638,0.742361793421977
"SARM1",-0.0978310674315672,0.830331182388431
"IRF2BP2",-0.0978802205249387,0.827731320782924
"CLCN3",-0.0979016851018297,0.592536176968161
"KBTBD4",-0.0979601564136887,0.544158272375601
"AGAP2",-0.0979735207536692,0.780646887761577
"GET4",-0.0981372789710111,0.532081690163035
"KEAP1",-0.0982957993779028,0.708182820421137
"SFXN4",-0.0985376854437989,0.74072486760644
"SLC6A13",-0.0986416950252451,0.898896201410878
"SCLY",-0.0986967734189133,0.756479440346362
"PPP2R2D",-0.0987040935139563,0.597956080845039
"SELENOM",-0.0987102843714203,0.731062353447108
"DENND4B",-0.0988002365049505,0.649105574662304
"MSI1",-0.099011599193088,0.751921903734285
"TAPBPL",-0.099040307578373,0.816828538429312
"FKBP1B",-0.0992195523391848,0.834060854304189
"TAB3",-0.0994134068225296,0.693454015611608
"LRIG1",-0.0995288714059921,0.807082925537423
"NTRK3",-0.0996631298232691,0.707408963004742
"MPG",-0.0998045889567534,0.725473368865604
"PDE12",-0.100240604796763,0.680447887476459
"PIK3CA",-0.100258820702976,0.578031818691082
"UVRAG",-0.100380469884314,0.623794575257423
"PIK3R4",-0.100450089478111,0.435844248156402
"RPS6KC1",-0.100813759872386,0.588662192728457
"DDX5",-0.101163877685519,0.711490225082422
"PAQR4",-0.101197174192412,0.750844529829213
"ACTR10",-0.101299287323382,0.68706232011582
"SNRK",-0.101508951926986,0.627431642589615
"GASK1B",-0.101633948318548,0.646871461076012
"HBG2",-0.101966829977498,0.959695077632037
"S1PR3",-0.101976153986087,0.848110678142182
"DIS3",-0.101997834270508,0.67108205677539
"CDIPT",-0.10213181853898,0.585412165555223
"SPTLC1",-0.102230473040839,0.652715034706559
"CTHRC1",-0.10223047789972,0.850590383873596
"PAK3",-0.102482112475112,0.761329141602869
"IP6K1",-0.10254471758889,0.62724310631082
"GRK2",-0.102689443333061,0.681928495202687
"PIPOX",-0.10269649584398,0.863310231984446
"ERCC4",-0.102816867233148,0.722476609134771
"TSPO",-0.102973731290184,0.731883101800268
"DYNLRB1",-0.102979504576069,0.630951156847027
"MUL1",-0.103016547567592,0.755970983211956
"TMEM167A",-0.103211576855065,0.705617515812933
"EIF2B1",-0.103553960506643,0.708766115874159
"SRI",-0.103636995558825,0.735168899009921
"UBR1",-0.103717253842037,0.518611803765369
"YWHAB",-0.103807087016392,0.547507279052689
"CMPK2",-0.103814193084464,0.742081690670105
"PEBP1",-0.103921613225365,0.603021628271712
"PPM1J",-0.1039278027854,0.81109607719067
"FKBP10",-0.104057622880018,0.849868521836248
"MAGED2",-0.104151290622386,0.703059266857351
"LARS1",-0.104201006312891,0.61170717258392
"TFB2M",-0.104231038008629,0.603021628271712
"ARSD",-0.104276720834027,0.809063121381947
"GSK3A",-0.104295687727038,0.721741399062373
"LHFPL3",-0.104469316992021,0.725473368865604
"FBXL7",-0.104483172064357,0.588579552791917
"GAK",-0.104613078393259,0.629352766157039
"CYB561",-0.104780733501551,0.669121334558983
"TARS3",-0.104848426970388,0.711362341092435
"KBTBD3",-0.104928998026852,0.725473368865604
"SLC4A3",-0.104969873047343,0.796886841734341
"NBN",-0.105278257973898,0.589061727238117
"BRAF",-0.105392623409974,0.674410068783239
"LPGAT1",-0.105557257853038,0.690399974297999
"DNAJB2",-0.105579187526184,0.744221879313172
"PDF",-0.105723933008694,0.716543044900575
"EEF1G",-0.105939989664142,0.560046691923413
"PTGES3",-0.106004032804062,0.666892167830765
"OBSL1",-0.106097204558455,0.573662284466705
"BPNT2",-0.106119286274819,0.622908153404006
"IBA57",-0.106308532105857,0.603021628271712
"GOLPH3",-0.106667739391376,0.653927974595125
"PALM",-0.106688804528822,0.774641780497976
"ABCA3",-0.106753709269679,0.618929543365921
"HSCB",-0.106796180004669,0.534667201533274
"ERGIC2",-0.10692150770022,0.722606475210709
"PDXK",-0.107096414712693,0.68738671188193
"AP1G1",-0.107187538324734,0.503453507166113
"TRIM47",-0.107219998504174,0.754606413490605
"CSNK2A1",-0.107345748991548,0.354206827515526
"KALRN",-0.107555730915768,0.805273491555209
"PPM1H",-0.107812550343088,0.799231335970808
"AHCYL2",-0.107902729719228,0.748880649620379
"FBXO42",-0.108025146487996,0.633447458866715
"RMDN3",-0.108041965380204,0.653927974595125
"ATP6V1E1",-0.108133292179565,0.722135605735014
"RAB5B",-0.108221525067229,0.621616439060231
"SLC35E1",-0.108221985658628,0.650150860134436
"ACAP3",-0.108245775848822,0.569523752253181
"SCN8A",-0.108509284537371,0.773003691392556
"ANKRD45",-0.10879713653494,0.761043789469763
"VPS50",-0.108852899985513,0.598500610276346
"TMEM192",-0.109000444299589,0.731603298024637
"CAMK1D",-0.109089128977944,0.761743167509353
"HCN1",-0.109163116971952,0.834420653847905
"FAF1",-0.109201519365284,0.555263679131429
"REPS1",-0.109225737604882,0.490031397901257
"PPP4R4",-0.109228766496366,0.737752964074903
"JOSD2",-0.109409779855286,0.854960870243832
"COG3",-0.109677500365098,0.524667393750281
"BCAM",-0.109782334139258,0.905803431728426
"NAV3",-0.109853389540467,0.660262691405908
"TNPO2",-0.109875026141063,0.629647035182987
"NUP50",-0.109883306152001,0.744269621659547
"AP5B1",-0.110334613665757,0.637268593209959
"WDR13",-0.110341917512692,0.685774125964731
"OLFM1",-0.110473523711137,0.881023840091748
"INPP4A",-0.110878095789337,0.703897436083485
"PWP2",-0.110900881657864,0.619077570503338
"RAB24",-0.111009778267178,0.607483033057357
"PRPF19",-0.111069353666638,0.57746668679584
"DCUN1D3",-0.111164276912409,0.603021628271712
"COX11",-0.111448064371626,0.64500161119544
"RNF149",-0.111486180424719,0.587940913490684
"SIGLEC10",-0.111631454095463,0.622908153404006
"REPS2",-0.111775774440053,0.692449526098166
"ISOC2",-0.111807498428466,0.702064105133936
"TTBK2",-0.111890139699912,0.721865779743936
"NELFA",-0.111914292647963,0.763334443756854
"AAR2",-0.112084722654026,0.518611803765369
"CPSF7",-0.112125009644092,0.571923723116453
"NHLRC1",-0.112265929983058,0.622908153404006
"XK",-0.112379283340353,0.690185301577889
"CLVS1",-0.112564990340188,0.750896411666007
"URGCP",-0.112643226325444,0.653927974595125
"NLGN4X",-0.112672806130146,0.75682455267268
"ABCC4",-0.113031687574802,0.811964684020205
"TCEAL5",-0.113168005131474,0.84439646547149
"CAP2",-0.113187733948422,0.720890412450085
"UNG",-0.113256348882126,0.54567939256263
"CFAP410",-0.113310162775954,0.719996340770035
"EXOSC2",-0.113340705894564,0.631882601388566
"PRKACB",-0.113370406378367,0.613562326134971
"RTN1",-0.113432219184618,0.728807537591529
"MED24",-0.113497959651651,0.788313046233281
"METTL9",-0.113524624942621,0.694688683333581
"PPIE",-0.113550960762574,0.722490009131012
"SOWAHC",-0.113695874534185,0.677670948368864
"EMC2",-0.113730552172564,0.433518210348202
"PSMB6",-0.113752387052951,0.518354270418154
"AFG2A",-0.113871797391271,0.608566925394493
"ACVR1",-0.114067041369152,0.594780100609183
"ARL6IP1",-0.114117759972527,0.633318713337706
"BCS1L",-0.114263673973369,0.457725271162789
"CA4",-0.114449589205933,0.877507041314375
"PCP4",-0.114567613681912,0.870750789634494
"RPAP1",-0.114567918849975,0.58913599148084
"HINT1",-0.114575056003108,0.797339381129556
"FGF2",-0.114755255523423,0.708182820421137
"PPP1R16B",-0.1148409931337,0.736803684657258
"EGFL8",-0.114884454020718,0.919716063428873
"PDP1",-0.114895545475038,0.750896411666007
"ESD",-0.115112640046021,0.736484685968246
"USP31",-0.115585922633777,0.737349898003113
"NMNAT3",-0.115725934364306,0.731062353447108
"CD44",-0.115736725910114,0.863293258945723
"PEX5",-0.116021996269371,0.549663331900537
"CPEB3",-0.116039166343401,0.705617515812933
"STBD1",-0.116279441663496,0.755970983211956
"FCHSD2",-0.116328694654597,0.683912998233333
"CRB2",-0.116426939843423,0.68738671188193
"ISYNA1",-0.116499357264317,0.75074105687038
"UCHL5",-0.116665037743568,0.573594287214145
"FAR1",-0.116722651716177,0.823404396179924
"KCTD16",-0.116748687568434,0.854016312803469
"NELFCD",-0.116976398240982,0.395968187047659
"AP1S2",-0.117079280147728,0.593018319047318
"GRAMD1B",-0.117111645062367,0.711380066961921
"CTDP1",-0.117180600463613,0.540216362543941
"ENTPD5",-0.117274549761246,0.717226229265132
"AP5M1",-0.117295433331668,0.540216362543941
"SLC25A17",-0.117378308568659,0.614501610134014
"LZTFL1",-0.117527833847864,0.522279564582136
"UBE2E1",-0.117839125452201,0.469976369793137
"HDAC6",-0.117991748320266,0.66517666455857
"RND2",-0.118012299839344,0.767444134519352
"PNMA2",-0.118158233806721,0.68523921231651
"PTAR1",-0.118185033776941,0.549663331900537
"NRXN2",-0.11827880445254,0.776392768778101
"PLXNB2",-0.1182977754817,0.739811996043687
"IGSF8",-0.118420605600951,0.751249970585293
"SNU13",-0.11852202578004,0.64681320861428
"DNM3",-0.118673755683812,0.716286907409705
"ZSCAN18",-0.118765036605028,0.732034402017554
"RTN4IP1",-0.118908653948669,0.621766443120241
"NARS2",-0.11897158458558,0.63197009951776
"SRRM1",-0.119015985482106,0.764148306716983
"SAMM50",-0.119178476415685,0.646871461076012
"PCSK1N",-0.119180374699659,0.905803431728426
"POU3F3",-0.119200619711593,0.596788386240174
"AGAP1",-0.11925670355541,0.717822776542005
"ANOS1",-0.119790559744027,0.744988578396427
"FDX2",-0.119797746031415,0.686004799138928
"COX6A1",-0.119859689374778,0.64500161119544
"POLR2C",-0.120027478765956,0.502465349799773
"DMGDH",-0.120144139693577,0.702364324898663
"TMED4",-0.120144859031451,0.466131060796019
"SIPA1L2",-0.120242405972476,0.610667722662599
"PHF24",-0.120289744355798,0.848110678142182
"RUVBL1",-0.120334974916515,0.522976339263244
"LSM3",-0.12036205426378,0.569023460025105
"FRY",-0.12061449854961,0.543786860912131
"FHIP2B",-0.120622763391246,0.750209732570924
"PHLDA3",-0.120624189530433,0.816802225140651
"MAST1",-0.120785783501979,0.744067135762129
"CALCOCO1",-0.120900048538564,0.557252074122658
"FLOT2",-0.12091982449533,0.728807537591529
"BAALC",-0.121214550991761,0.858273790356627
"PPP1R3D",-0.121274717712226,0.61170717258392
"PTPN9",-0.121456518399055,0.734644435861284
"GFUS",-0.12173824639766,0.64500161119544
"LPIN1",-0.121812662137406,0.544876624149782
"PPP2R5E",-0.122083568551787,0.562473026548942
"SEC14L2",-0.122147453924685,0.714158933301975
"KLC2",-0.122153035509001,0.67664376842864
"ADD2",-0.122353828571089,0.686004799138928
"RFFL",-0.123027563922329,0.695086783268818
"AAK1",-0.123311663306703,0.787189766586235
"FTSJ3",-0.123326638727409,0.522253909097118
"KLHL11",-0.123589277866076,0.743136096205028
"FBXO27",-0.123711670165852,0.66092339876176
"PHYHIPL",-0.123837332181047,0.71011753608509
"APC2",-0.124010133202798,0.614800490362566
"OVCA2",-0.124261548040094,0.641820950155952
"CNTN2",-0.124349687261819,0.817764294135377
"CAMSAP2",-0.124472777413786,0.63197009951776
"TRIOBP",-0.124493719031295,0.794351730726774
"GOLGA3",-0.124687451505755,0.493879728556746
"FBXO6",-0.124789025287741,0.595899781335485
"UBL4A",-0.124834501517357,0.628168388668889
"PRMT2",-0.124888588392269,0.663460356833065
"DNAJB14",-0.124988705569688,0.635467964067612
"ATP11C",-0.124999026378076,0.611287925318961
"DPY19L3",-0.125045535583835,0.692616466497614
"SLC25A53",-0.125213919811038,0.592325253622677
"BTBD10",-0.125225723706592,0.676992631054944
"KBTBD2",-0.125380220307584,0.438696492687308
"ALS2",-0.125392725085405,0.42860222824979
"L2HGDH",-0.125432426462815,0.628205572754512
"STRIP2",-0.125552601945702,0.612497857380019
"CSNK1G1",-0.125630302248377,0.618254706459884
"BDH2",-0.125780209911763,0.758894206197589
"OSBPL6",-0.125800853447796,0.655078515478587
"KLHL22",-0.125917955138523,0.516477030737226
"GNAZ",-0.125996899440407,0.693454015611608
"ICA1L",-0.126257412062419,0.564506191521506
"BCR",-0.126318643063453,0.717226229265132
"CHPT1",-0.126359711639184,0.406469034855538
"CLN5",-0.126489162924311,0.641321227608399
"MVD",-0.126517457268012,0.766241218272175
"GAS6",-0.126713443982224,0.477808885793072
"PTPRK",-0.12682276794946,0.731062353447108
"SDC4",-0.126839204431998,0.680573521845887
"SLC38A10",-0.127012490903802,0.513586834127809
"SZT2",-0.127061893651102,0.567406803142883
"BCAS3",-0.127282322532901,0.532922811688215
"ADPRHL1",-0.1273277850371,0.755970983211956
"MAPK12",-0.127363747597486,0.71238843059649
"NCAM1",-0.127413176214844,0.631053874573707
"UBE2L6",-0.127471414032627,0.596121490650835
"PRKCQ",-0.127517558177789,0.789642948083522
"PIP4K2B",-0.127617002621042,0.609599237535796
"ACYP2",-0.127648375129981,0.725553760455027
"LRP1B",-0.127931396662063,0.702568173108622
"TRMT6",-0.127993410884224,0.455013693246437
"SH3BGRL2",-0.128048791599364,0.669121334558983
"TMEM50A",-0.128125074025584,0.717226229265132
"UBE3B",-0.128201874034595,0.40761449050613
"IQSEC1",-0.128383879912024,0.709868352192307
"TESK2",-0.128602327874894,0.544876624149782
"TRAPPC4",-0.128642260684757,0.410701461373985
"MRPS10",-0.128714953404175,0.575596678893869
"C2CD5",-0.128972189993947,0.578558907025192
"PRDX3",-0.129123296215662,0.613562326134971
"NOTCH2",-0.129129215670423,0.742081690670105
"DHRS13",-0.129129290569759,0.553776650094609
"SBSPON",-0.129298635851415,0.918260398450834
"ACAT1",-0.129359574574893,0.627922485399554
"UBTD1",-0.129588968153528,0.618681684690325
"ARHGAP5",-0.12962718393924,0.502392445484181
"TMEM33",-0.129845454841735,0.533599647075704
"TMEM65",-0.130012375524846,0.695593890636471
"SLC8A3",-0.130095990004338,0.737527015371186
"ATG13",-0.130192731693867,0.535809519257166
"DCD",-0.130263081650961,0.926813927246007
"USP16",-0.130343500649055,0.544668015605087
"NME3",-0.130346108528494,0.61521892592322
"YPEL3",-0.130484141275738,0.50681937506682
"ABLIM3",-0.130546917012561,0.758086774660518
"ATP2B1",-0.130671673112703,0.750885911643261
"COX7C",-0.130741799152574,0.861874507295977
"OSTM1",-0.130808946719474,0.466146178251118
"FKBP9",-0.130826666763586,0.690966968009098
"PTEN",-0.130967204048677,0.50854703786789
"IFT74",-0.131190336002166,0.596121490650835
"NOLC1",-0.131298664658465,0.751249970585293
"CYLD",-0.131393882943653,0.554889670928159
"LONP2",-0.131689360635391,0.594780100609183
"TDRD7",-0.131777734240984,0.628331986992993
"STARD3",-0.13179292484983,0.555263679131429
"TRMT112",-0.131936389047626,0.565172582237387
"ADD1",-0.132081253478388,0.64500161119544
"RPTOR",-0.132120683838583,0.430200261078595
"SHMT2",-0.132213474224786,0.559378331077606
"RETREG2",-0.132439677017764,0.621766443120241
"ITM2B",-0.132511946999204,0.524054019209963
"XPC",-0.132596737112691,0.623794575257423
"ARL2",-0.132622533061634,0.568356403986814
"GPX4",-0.133157243794342,0.608720391194801
"MTMR9",-0.133197547556254,0.516477030737226
"ABCC5",-0.133302997520709,0.742330462603228
"SRC",-0.133322066579701,0.653927974595125
"CPNE6",-0.133338790153458,0.878732621487557
"PPIP5K1",-0.133382153962522,0.566304852747563
"SEC61A2",-0.133436003483527,0.80086400454023
"PYCR1",-0.133443050215885,0.594507813813494
"CLSTN3",-0.133476248289337,0.63197009951776
"DPM3",-0.133554488337455,0.55184082423902
"MRPS27",-0.133760421578039,0.653914624015284
"SDHA",-0.133918967879595,0.648174081428582
"RAB35",-0.13395006818576,0.499595882441542
"DGKG",-0.134018652343183,0.796605095972764
"S100A1",-0.134193912150895,0.71920978660977
"GIGYF1",-0.134234195230367,0.707408963004742
"CLSTN1",-0.134334672223103,0.776576964853194
"PRPF39",-0.134340403719721,0.601773661118112
"KIFBP",-0.134390242542556,0.603021628271712
"UMPS",-0.13444090240835,0.498062819057962
"STX12",-0.134523914252393,0.316533741387078
"PGP",-0.134528088915856,0.680210802297561
"ERG28",-0.134598945204805,0.652841605899387
"TFRC",-0.135128709547383,0.726782652415026
"PHYH",-0.13517821793894,0.544876624149782
"SMAP2",-0.135257101619754,0.615904330976764
"ADCY3",-0.135732829141293,0.621290272852888
"SLC25A1",-0.136082804659662,0.637146745433836
"VSNL1",-0.136168318677607,0.798046428984101
"CLCN7",-0.13650323705824,0.412361250036505
"PEX19",-0.136507093154149,0.54567939256263
"SUPV3L1",-0.136744924591047,0.516477030737226
"C18orf32",-0.136753096458993,0.629525650716199
"SLC4A7",-0.136801366343446,0.451102735368269
"SYAP1",-0.13693237699861,0.736484685968246
"PMPCA",-0.13709582514781,0.564615710314184
"NF1",-0.137129478786564,0.385753058924108
"AARSD1",-0.137228539518054,0.553063452576858
"NUDT16L1",-0.137455793569075,0.468859497735589
"STAT2",-0.137530867581587,0.469489554560865
"GPAT3",-0.137649655191629,0.630951156847027
"TUBGCP2",-0.137692413753866,0.382128255213106
"PTPRF",-0.137714770155879,0.544180293602049
"CAMK2D",-0.137935497612544,0.687326514245828
"RBMXL1",-0.138002454869235,0.690399974297999
"FIS1",-0.138024904201695,0.549472268637498
"COQ10A",-0.138042435798345,0.468633612497725
"CHURC1",-0.138126842242188,0.552798726475661
"COMTD1",-0.138148419680393,0.629352766157039
"APOOL",-0.138165848692971,0.59694107420567
"POMK",-0.138239821290833,0.641935220990637
"MCRIP1",-0.138262359729164,0.628205572754512
"SMPD1",-0.138292895307024,0.719321744348959
"RPS5",-0.138488387273924,0.487274070011444
"AP3D1",-0.138525041524932,0.540216362543941
"ZNF521",-0.138726186157778,0.596121490650835
"ANKRD40",-0.138774160665792,0.646871461076012
"MYO18A",-0.138853458764,0.393757823057967
"MTIF3",-0.138857581777411,0.455013693246437
"HPS4",-0.1392681804952,0.63554287448415
"TOP2B",-0.139337318489902,0.534667201533274
"YTHDF1",-0.139494374374122,0.390142025151997
"TUBGCP3",-0.139620822712857,0.390954834166385
"PMPCB",-0.13973336892971,0.484001244968697
"HPCA",-0.139777533956909,0.732266076405409
"RAPGEF1",-0.139909414769305,0.50854703786789
"LDB1",-0.140044059751212,0.451102735368269
"GYG2",-0.140104540000854,0.807855796055468
"WDR19",-0.140123869676494,0.562002956541653
"GCC2",-0.140168388720874,0.515149650833346
"GOLM1",-0.140317106045666,0.646871461076012
"DHX16",-0.140326211097274,0.363174255365565
"PPEF1",-0.14036568141934,0.890280131594501
"RPS4Y1",-0.140405391241415,0.850436017764999
"RAP1GAP2",-0.140509771682424,0.780749719384603
"TACO1",-0.140742145840576,0.732266076405409
"HSF1",-0.1408019292706,0.56820473674841
"DAO",-0.141018884705522,0.890472429392715
"LDHB",-0.141081769866997,0.499481096289239
"MAP3K4",-0.141086417528141,0.402971748206997
"UBR3",-0.141101922344633,0.51582532079804
"WBP2",-0.141187727519689,0.549663331900537
"RSF1",-0.14153161740049,0.510111248288937
"FGF13",-0.141599683244393,0.849868521836248
"PREX1",-0.14161826525196,0.62692961578079
"POP1",-0.141869944872282,0.57608565021124
"CACNB4",-0.141991982266702,0.808121254933214
"SFXN5",-0.142000971758817,0.801507423300165
"AKAP1",-0.142118629571089,0.562197518665853
"CROT",-0.142170406310877,0.817715255560427
"PYM1",-0.142231854869737,0.749167731988675
"MAP7",-0.142264535982,0.881023840091748
"MOCS3",-0.142415057493952,0.641935220990637
"KANK3",-0.142744968839235,0.631053874573707
"IFT140",-0.143109612201216,0.519501248859494
"ADAM22",-0.143561269273302,0.725473368865604
"BROX",-0.143635427579943,0.456187193636608
"MAST4",-0.143799219735373,0.500829563461932
"CTR9",-0.143916291966467,0.649728255268844
"PTGES2",-0.144000895781652,0.49957316908289
"SLC13A4",-0.14412031843573,0.834144309499053
"ASB6",-0.144475792192604,0.552516464581387
"PPP1R12C",-0.144578367132262,0.530581896775811
"PFDN2",-0.144606032182654,0.641820950155952
"MANBA",-0.144686634776041,0.646871461076012
"LRRC7",-0.144913390740928,0.751249970585293
"THY1",-0.144933045508008,0.730740317978217
"FAM169A",-0.144971467786989,0.676992631054944
"TPD52",-0.145085447251425,0.680947222974508
"MAPRE3",-0.145113785729327,0.593265654797677
"HIBADH",-0.145278091886174,0.574023118076844
"MBOAT2",-0.145397583678331,0.503803931452783
"GLO1",-0.145491988687281,0.505153850170079
"KCTD9",-0.145503786014997,0.534646740309626
"KDM3B",-0.145630355746599,0.477327710549684
"BRI3BP",-0.145653024425127,0.613562326134971
"APOD",-0.145688254314775,0.842443952203672
"VPS51",-0.145732129163912,0.395990776247055
"PPM1E",-0.145897887376822,0.745366905309355
"SLC25A21",-0.146020157264138,0.455662697959636
"ABTB3",-0.146070247224434,0.644598980192572
"PDPR",-0.14614161612705,0.629525650716199
"ZFPL1",-0.146316517238897,0.423563789769501
"CPLX1",-0.146333896271264,0.807484702080301
"KBTBD7",-0.146383688140458,0.34990226271272
"HGH1",-0.14647181023365,0.532736705850875
"C1orf43",-0.146832652529739,0.517035167218854
"MTMR3",-0.146843106971093,0.462365863705047
"RPRD2",-0.146968536838779,0.434863831300065
"CRTAC1",-0.147063810502809,0.691504216505404
"HP1BP3",-0.147181065764631,0.618929543365921
"SMIM20",-0.147185690883251,0.661598017039327
"TOLLIP",-0.147514196140534,0.621766443120241
"BICD1",-0.147666862558486,0.671456510743839
"RTN3",-0.147710608180919,0.608720391194801
"XPO4",-0.148161645232371,0.375357165609165
"PPFIA2",-0.148285259823087,0.663419800285721
"HSDL2",-0.148288594481517,0.524054019209963
"B4GAT1",-0.148358989837677,0.512383430376562
"PRPS2",-0.148525032583908,0.608720391194801
"ENTPD1",-0.148605260435541,0.668357974790391
"MTOR",-0.149014508445953,0.299121428379378
"GGACT",-0.149121973315625,0.637757455721771
"TCP11L1",-0.149249638572572,0.578860846995859
"UBL5",-0.149355459509126,0.612229214041716
"ARNT2",-0.149448070367978,0.662345684475743
"HSDL1",-0.149643740005272,0.516677490606992
"CBX4",-0.14966908072243,0.452029127605277
"CHCHD6",-0.149754493595122,0.722490009131012
"GRK6",-0.149943996003252,0.518523702023541
"IMPACT",-0.150032178231369,0.500769286122171
"DHX30",-0.150129256790699,0.499573901890754
"NIPSNAP3A",-0.15035846239253,0.505153850170079
"KCNAB1",-0.150851497928251,0.528426139463642
"ATAD3A",-0.150893291088812,0.315254338891942
"ZC3H7B",-0.151070065594112,0.339673281285091
"PXMP2",-0.151110872446837,0.430200261078595
"TMEM41B",-0.151364049809124,0.462774709239472
"AP2B1",-0.151524115090501,0.472060398682677
"CEBPZ",-0.151567429775666,0.546358684900046
"MRPS14",-0.151761774062144,0.536175902978604
"PHACTR3",-0.151780223649218,0.668994749069035
"RIMKLA",-0.152002367086549,0.706005398357655
"LIAS",-0.152226808164678,0.470179988222329
"PLEKHB1",-0.1524119700591,0.795933945488808
"SLC30A1",-0.152608027466236,0.488865995344679
"GHDC",-0.15263854131071,0.609445940942157
"STXBP5",-0.152853196306742,0.726481037402316
"KPNA6",-0.152910527742819,0.452099820890253
"AAMP",-0.153045291899379,0.336652662997956
"STRADA",-0.153209494077085,0.447199924624175
"PAICS",-0.153520679224158,0.472509425953247
"ATP6V1C1",-0.153657405783092,0.578558907025192
"GNG3",-0.153723670752868,0.762572359597902
"UBFD1",-0.153775680855579,0.588390755909379
"RERG",-0.154019362566631,0.622908153404006
"ANKS1B",-0.15413982545549,0.810533331694295
"PRDX6",-0.154170085346921,0.687326514245828
"ZFAND1",-0.154175528209125,0.616315447431943
"PIK3C3",-0.154197380329789,0.30478007748598
"NTRK2",-0.154228021110232,0.741039457738816
"SLC25A51",-0.154377514370559,0.575184436260178
"NCBP2",-0.15476273439411,0.516516177966202
"SCN2B",-0.154767709509144,0.730484539951989
"NTMT1",-0.154837187660827,0.549472268637498
"MXRA8",-0.154846423859644,0.755970983211956
"FBXL15",-0.154996993919543,0.554889670928159
"GATAD2B",-0.155246145212476,0.528426139463642
"PHPT1",-0.155249388472603,0.523624515305902
"KBTBD6",-0.155465431273992,0.698941062839287
"VPS53",-0.155518446066216,0.403613223707692
"AMPH",-0.155633740849675,0.763961026872792
"NOC3L",-0.15610994731029,0.543224733149343
"TTC21B",-0.156257685367303,0.313537868844533
"IFT88",-0.156333112472722,0.445213812438394
"WASF1",-0.156663450605412,0.650752647856953
"SESN3",-0.156753503374119,0.593018319047318
"ARMC10",-0.156798321644096,0.456170424058174
"TPRG1L",-0.157093395307841,0.773227057831515
"EPHA4",-0.15735566071703,0.675934443338284
"PET100",-0.157492356882447,0.646871461076012
"QTRT1",-0.157493184405388,0.49814534703974
"LAMB2",-0.157555650588145,0.841840543867675
"PARM1",-0.157678864994803,0.641935220990637
"CMC2",-0.157893794178432,0.759991281556487
"UBXN6",-0.157941892519126,0.404321555317798
"CCDC28A",-0.158134924929494,0.404321555317798
"SGSM1",-0.158390258976722,0.735897393461437
"STUB1",-0.158690703996816,0.363814158541109
"GSPT2",-0.15891731975501,0.361008039976168
"CAND1",-0.159000854292966,0.343838380153365
"ABHD17A",-0.159008344813728,0.62692961578079
"CHP1",-0.159015471086182,0.618929543365921
"GBF1",-0.159087367846755,0.448893921728092
"EIF5A2",-0.159174711015215,0.606799481634583
"CLTC",-0.159204118642595,0.448893921728092
"GJC2",-0.159421165265806,0.717822776542005
"LPCAT4",-0.159422635026296,0.629979476594713
"DCTN3",-0.159457843746226,0.722490009131012
"FAM221A",-0.159643250323344,0.707408963004742
"LXN",-0.159658696374338,0.84243845379331
"ETFB",-0.159796278455651,0.444611956214801
"ASNS",-0.159900279685315,0.744269621659547
"GSTA4",-0.159906376452054,0.449009468835595
"STARD10",-0.159957577864073,0.584795358363161
"EPB41L1",-0.159978815356482,0.641935220990637
"GTF3C4",-0.15998269891472,0.447570544745199
"PPP1R13B",-0.160029575857654,0.605482712639396
"EPHB2",-0.160251414676697,0.749857973125565
"FHL1",-0.160586562588751,0.656362984874851
"PAK1",-0.160770729971597,0.680940706122233
"VPS13D",-0.160928382420011,0.363212698163424
"SMCR8",-0.160971570668651,0.551737711053462
"TLE5",-0.161169445293728,0.569258790809916
"KCNC2",-0.161198678922407,0.678702503056787
"SDHAF3",-0.161262102265336,0.381746972115222
"DDX60",-0.161423152536327,0.706010474011482
"HERC1",-0.161527354014213,0.44010417961196
"WDR81",-0.161586591647719,0.438762396089913
"PCYT1B",-0.161659062437099,0.613562326134971
"OPCML",-0.161823570144072,0.68523921231651
"FAM120B",-0.162021407692414,0.378502513220558
"INPP5B",-0.162109951867813,0.438113971479743
"EMC10",-0.162191271673501,0.543786860912131
"KIAA2013",-0.162406497832411,0.549663331900537
"NECTIN1",-0.162594542481756,0.602985720070152
"TPGS1",-0.162658142382402,0.562197518665853
"CAPS",-0.162756177851268,0.839678473753248
"PODXL",-0.162858971003048,0.629352766157039
"ELOVL1",-0.162912208619049,0.587940913490684
"RIOX1",-0.163006562398229,0.586957875315234
"TIAM1",-0.163209135687866,0.482999225054188
"CKMT2",-0.163222060177457,0.823201042631937
"TNFRSF21",-0.163231734538757,0.451102735368269
"SLC35F1",-0.163576010014278,0.517111971012558
"MRPS12",-0.163603675640998,0.522279564582136
"TMEM186",-0.163679320439326,0.461179011526628
"TCEA1",-0.163870196360478,0.615741093066926
"LANCL2",-0.164106607380553,0.596994972837391
"RBBP6",-0.164134863603946,0.462774709239472
"ITGA2",-0.164231842086943,0.726782652415026
"RBM6",-0.164395412322615,0.459420339420112
"MTRES1",-0.164646724562799,0.521720090821816
"TRIM46",-0.16470849587173,0.717226229265132
"PPP2CA",-0.164931298703833,0.711567978483414
"RANGRF",-0.165012886538054,0.414972456110713
"LIMK1",-0.165045988887922,0.63197009951776
"NHLRC3",-0.165129154025355,0.52933940234119
"LONRF2",-0.165178445584403,0.605468393014357
"WAPL",-0.165180494628053,0.305772635246895
"C1orf50",-0.165473199995242,0.385014229961048
"CRYL1",-0.165477645853542,0.66281120305203
"ALDH18A1",-0.165493889785807,0.562197518665853
"NFX1",-0.165604382285903,0.549663331900537
"YWHAG",-0.16583592644184,0.524054019209963
"SLC15A2",-0.165980133378461,0.63197009951776
"HERC2",-0.16603418763477,0.396765024009135
"MPHOSPH8",-0.166073061794322,0.452960577479243
"PHIP",-0.166339951966906,0.400116657086608
"FAM89B",-0.166645765294225,0.333731888481673
"PPP2R5C",-0.166682856057172,0.543894612101448
"SAMD8",-0.166714569845056,0.455450608835506
"ALCAM",-0.166746046088704,0.60504137870592
"DAP3",-0.166827206741349,0.49872136187249
"SEMA4B",-0.167000467128481,0.650244994733976
"PAWR",-0.167158034797805,0.592169434353374
"TBCC",-0.167237722416777,0.608720391194801
"DNASE2",-0.167365176251068,0.500829563461932
"PCM1",-0.16737894898941,0.408673446098993
"DDX6",-0.167393248691434,0.25610967186427
"PEX1",-0.167426116311304,0.437937577171511
"CRMP1",-0.167463810668341,0.669121334558983
"GGH",-0.167624284339743,0.761043789469763
"PLCB1",-0.167634398611744,0.646642687277681
"CD59",-0.167740049454084,0.811901356275266
"EPS15L1",-0.16790013603489,0.408673446098993
"AIMP2",-0.168022338980887,0.657449645722544
"RPS27",-0.168048642601689,0.555810771723314
"KIT",-0.168325533750977,0.787189766586235
"STMN4",-0.16859922743553,0.786943765667216
"JMY",-0.169043054853025,0.327146828733224
"CLCN6",-0.169134116828756,0.452039991740836
"OLFM2",-0.169424658060739,0.562197518665853
"UBAP2L",-0.169827856864833,0.676992631054944
"MRPS24",-0.16991456036757,0.438113971479743
"HOMER1",-0.170025895754718,0.81109607719067
"EEF1B2",-0.17015566860921,0.3298060217804
"DEF8",-0.170236494925241,0.403769692496271
"MCC",-0.170255728217593,0.784984769922523
"ALDOB",-0.170353035725005,0.929284670421682
"GFOD1",-0.170508310059839,0.555020467755264
"CAMKK1",-0.170594109313539,0.657449645722544
"CTSF",-0.170688706671822,0.708138699401247
"GPT2",-0.170882566631194,0.54567939256263
"TLE4",-0.171212559543817,0.342557800436002
"POMGNT2",-0.171413106433179,0.486048978198828
"SORCS3",-0.171464926706983,0.680947222974508
"C2CD2L",-0.171475000342557,0.505153850170079
"PREPL",-0.171641215469553,0.586957875315234
"STS",-0.171679075605237,0.63197009951776
"RNF146",-0.171723105822281,0.556177276342894
"SSBP1",-0.172133290072175,0.324837483784215
"NFU1",-0.172193555096756,0.586957875315234
"FIP1L1",-0.172329968637465,0.309841806073423
"ABHD10",-0.172411325041198,0.50854703786789
"DGKQ",-0.172581076502895,0.654554974494116
"PDPN",-0.172616648365241,0.784778545061222
"BMERB1",-0.172800305723227,0.671356928089951
"GRAMD2B",-0.173118578484138,0.512677876706816
"CARD19",-0.173144273331559,0.520202032264984
"RABL6",-0.173323314617887,0.431121595073613
"PANK4",-0.17356970895883,0.326042076911203
"ANKH",-0.17379181859,0.534667201533274
"XPO6",-0.173911116060404,0.517111971012558
"FRMD5",-0.174033666149981,0.767500671271481
"NFKBIB",-0.17414233528384,0.448848506006915
"SLC18B1",-0.174171270166632,0.50681937506682
"MRTFB",-0.174273713552373,0.635467964067612
"BUD31",-0.174367147670377,0.457725271162789
"HOGA1",-0.174386702503599,0.706434062879234
"HMGN5",-0.17464897032422,0.595327194456872
"ATL2",-0.174679185744376,0.583897904873002
"BRSK2",-0.174688461511657,0.577054974537836
"ZFYVE9",-0.174830613218445,0.601002776099554
"SCARB2",-0.175073662507369,0.445213812438394
"FBXO4",-0.17516501563634,0.372975050421481
"LEPROT",-0.175223158660716,0.406409249496138
"MRPS18B",-0.175350344052219,0.536961595636677
"KBTBD11",-0.17535365575606,0.580214061969265
"BNIP3",-0.175369980464627,0.420485015952916
"EPHA5",-0.175467748314736,0.599164850479619
"REEP1",-0.175895410286199,0.641321227608399
"TMED3",-0.175908155656846,0.562438376281651
"GRSF1",-0.176087196333274,0.389538300535693
"APOL2",-0.176236831037111,0.594507813813494
"RDH14",-0.176359535849054,0.204394258926607
"AQP1",-0.17646967684459,0.83680157478072
"RAP1GAP",-0.176505589699037,0.699874189803662
"UQCC4",-0.176508429664946,0.556373086997992
"BCKDHA",-0.176656766413672,0.382128255213106
"EGLN1",-0.176749807738432,0.425803763576964
"SLC35B2",-0.177085981459924,0.281707623276087
"ZNF598",-0.17739052510853,0.580214061969265
"TNRC6B",-0.177483611468945,0.591558299676322
"KCND1",-0.177513163834091,0.522976339263244
"TMEM132A",-0.177646795411253,0.359149104386261
"HID1",-0.177669180779723,0.578031818691082
"CCDC90B",-0.177855663557494,0.372777119574924
"NLE1",-0.17792231397619,0.453791087961966
"PDXP",-0.178167480512645,0.597617085592953
"NLGN3",-0.178168887501562,0.575184436260178
"IGLV8-61",-0.178230548046134,0.805273491555209
"ALOX5AP",-0.178278055576106,0.737219375892751
"RHPN2",-0.178507949006745,0.512045706826858
"POMT1",-0.178539673826097,0.613141761913145
"SNX16",-0.1785482934897,0.344858851503846
"ATP6AP1",-0.178713591423593,0.645781397425335
"CFAP20",-0.179167990831667,0.452297981761111
"DNAJC11",-0.179337642236627,0.456116112643109
"ATAD3B",-0.179357887420888,0.276550164801263
"GNAI3",-0.179520479603481,0.480098057574148
"TTC28",-0.179617526373033,0.285795357310965
"TENM2",-0.179708287277037,0.584795358363161
"KIRREL3",-0.179781926956175,0.574859127970616
"PEMT",-0.179893345327035,0.455744709088894
"APP",-0.180060218071313,0.711767805217109
"ALDH7A1",-0.180244115364571,0.597956080845039
"CACNG8",-0.18040906028321,0.760078348852595
"SLC1A1",-0.180425816548502,0.666882577716421
"STK33",-0.180468048791454,0.481576058180366
"IGSF21",-0.180592992158792,0.721170258977919
"CRPPA",-0.180637632651008,0.311768097512513
"DLG3",-0.18077861885739,0.641935220990637
"CPOX",-0.180991019848195,0.639348685865532
"ACO2",-0.181318927332031,0.433493422089967
"MRS2",-0.181360011732831,0.672378867062564
"PTPN13",-0.181492074324072,0.540216362543941
"NRAS",-0.181599365036878,0.476724503294473
"NRBP1",-0.181860173828198,0.522976339263244
"LRP4",-0.181905488018148,0.701586913658104
"NSF",-0.181938446439281,0.635467964067612
"SELENOW",-0.182032857219665,0.35844159954645
"RPS6KA5",-0.182089207455025,0.476690848061842
"SLC27A4",-0.182172255189238,0.484758205135128
"ECE1",-0.182222584607375,0.66894128538277
"TMEM70",-0.18263397367924,0.486045304627825
"TMEM63C",-0.182755343986199,0.680206459724734
"SPTBN4",-0.182898504865229,0.500829563461932
"PLBD2",-0.183036825826841,0.603021628271712
"FMNL3",-0.183221104851241,0.594991033190597
"COQ10B",-0.183296369258002,0.655481241270406
"STX16",-0.183355923494494,0.30857296330664
"DNAJB6",-0.183412199539129,0.480561409211629
"MTARC1",-0.183431195472838,0.705617515812933
"TMEM94",-0.183439947212576,0.519039407760317
"NOP10",-0.183485747205835,0.450756926886059
"RPL36A",-0.183554040434268,0.534646740309626
"ULK2",-0.183615352551497,0.312286859435342
"DENND1A",-0.183733176617096,0.306158925435158
"SKP1",-0.183941278758432,0.573431383556231
"OSBPL3",-0.184311082025719,0.71238843059649
"SYT6",-0.184397791044123,0.762188460459082
"TNR",-0.184430693997616,0.677670948368864
"APBA1",-0.184524952998117,0.534008147834284
"HSPA12B",-0.184841843941042,0.730740317978217
"AMFR",-0.184885301524691,0.299131496041898
"MT-CYB",-0.184891907165039,0.63197009951776
"MKRN1",-0.185020549753129,0.342557800436002
"NACAD",-0.185323091398654,0.702568173108622
"YARS2",-0.185530589157423,0.370074664478017
"TSEN34",-0.185605690148291,0.333759306030022
"BCAR3",-0.185772478047925,0.344858851503846
"SNX25",-0.186174626996051,0.446972263312422
"SLC22A5",-0.186336445571435,0.205936799877729
"MLLT11",-0.186393181491383,0.666882577716421
"TIMM23",-0.186399405459419,0.409898077721302
"ETFA",-0.186402479303917,0.35912469934709
"RNMT",-0.186527742298336,0.373608257830464
"NCDN",-0.186689578793166,0.729088607826158
"CYB5B",-0.186698300765221,0.550609796085454
"SCAP",-0.18672648024676,0.374136773620428
"MXRA7",-0.186827544689032,0.590755883204674
"PALD1",-0.186944067320646,0.584351027110295
"DAPK1",-0.187186726086152,0.549663331900537
"TELO2",-0.187616651083323,0.269050912340398
"VPS52",-0.187695026745663,0.267674150827259
"WDR37",-0.187760237985655,0.483447748865497
"MSRB3",-0.187962373036037,0.380325187093083
"HACE1",-0.188148674977056,0.395058433904598
"SNCG",-0.18822498210959,0.683553397448074
"ARK2N",-0.188341645260223,0.535170152162512
"NUB1",-0.188408104868781,0.294817512390879
"SIPA1L3",-0.188524314441109,0.245070222503924
"NEMF",-0.188679771941636,0.276396528674354
"RPL27A",-0.18869132974185,0.518611803765369
"ABI2",-0.188758017195221,0.462774709239472
"SLC5A6",-0.188793487547527,0.261356654377088
"SERAC1",-0.188894124691821,0.468633612497725
"NKRF",-0.188926574904001,0.54567939256263
"MBNL1",-0.189022596647471,0.603900838982972
"COX17",-0.189394922836883,0.410819470255109
"ZPR1",-0.189454916318399,0.468859497735589
"FBXO21",-0.189583495166316,0.322848443940048
"GRIPAP1",-0.189701571055716,0.44827491675576
"MTMR7",-0.189830470777034,0.537903921514208
"SELENOO",-0.189839622168896,0.398829567497338
"MAPT",-0.189841773751924,0.702568173108622
"ABI3",-0.189849594105553,0.528379879194474
"TUBGCP4",-0.189895346980894,0.219074953706419
"UBR5",-0.190069402837276,0.105979781480214
"MLYCD",-0.190250518984074,0.54567939256263
"NAPA",-0.190491468061825,0.349308482986973
"HSD17B12",-0.190539233511359,0.349308482986973
"PPFIA4",-0.190674728776931,0.686004799138928
"CPNE4",-0.190741295077888,0.811964684020205
"NYAP2",-0.191170585315211,0.614045313610758
"STON2",-0.191191028423736,0.62837051920879
"LMBRD2",-0.191198085714865,0.606686354866481
"URM1",-0.191295657579345,0.328342561121892
"LRRC47",-0.191311477898498,0.439539363945516
"MGARP",-0.191488738559745,0.522717120950744
"JAK2",-0.191561015580452,0.362363937509841
"JOSD1",-0.191794186605192,0.566309638394558
"BNIP3L",-0.192455479430722,0.499557952901632
"ZYG11B",-0.192461214674962,0.328370604205466
"AP2A1",-0.192580723849169,0.362996820825966
"AKAP10",-0.19283669585087,0.362363937509841
"SPRED1",-0.192864576022354,0.588579552791917
"TMEM120A",-0.192909222520919,0.406907269868151
"MRPS16",-0.192987727825572,0.418166647237153
"ALAS1",-0.193374843851889,0.586957875315234
"RAB40C",-0.193479145734369,0.490223939923803
"CAPN7",-0.193496915235096,0.297786695366372
"MARK4",-0.193567961906278,0.58050117802574
"VPS11",-0.193894279246912,0.214140401638372
"DUS2",-0.19390706577826,0.518611803765369
"ATP5MF",-0.194203454101739,0.445213812438394
"BNIP2",-0.19421140944232,0.51582532079804
"MACROD1",-0.194346937486897,0.543224733149343
"FMN2",-0.194355561269209,0.498334125326242
"MARCKS",-0.194365734466325,0.635467964067612
"MCL1",-0.194601548883616,0.425651296011011
"APH1B",-0.19478505643057,0.285564204126512
"KCNA3",-0.194852168299407,0.668357974790391
"ENO1",-0.194872737196308,0.387371096734252
"TNK2",-0.194909158578197,0.470709673231944
"ERBB4",-0.194966495866858,0.534421440345541
"MMACHC",-0.194989437020595,0.693454015611608
"KIFC3",-0.195027150332616,0.451102735368269
"CEP170B",-0.195509257190485,0.57608565021124
"DTNA",-0.195596726058342,0.742081690670105
"PITPNM2",-0.195637424417076,0.493429958329473
"CELF1",-0.195669171023562,0.152305011946021
"BACE1",-0.195698423881744,0.483468003511869
"STXBP5L",-0.195752144539998,0.550909836728725
"COG7",-0.195776373731662,0.172326915277273
"GFAP",-0.196204816124983,0.754019839184771
"CACNG4",-0.196214061244838,0.657449645722544
"CHADL",-0.196632306462319,0.451102735368269
"CLPX",-0.196697412700857,0.199653173260398
"PEX3",-0.196803166589775,0.276396528674354
"ANKRD50",-0.197033194783912,0.552511270872758
"TAOK2",-0.1973030230043,0.24006162866611
"PLXNA4",-0.197394667795807,0.669526285257879
"ADGRL3",-0.197491041458276,0.50681937506682
"SDF4",-0.197795784810498,0.605003351449664
"ERBB2",-0.197803307230838,0.607483033057357
"CHN1",-0.197820952946733,0.52220521368504
"DUSP14",-0.19797427941332,0.573431383556231
"AP3B2",-0.198072651275385,0.613562326134971
"RNF13",-0.198110256501059,0.57608565021124
"RNF34",-0.198121510433288,0.299121428379378
"ARSF",-0.198148160045926,0.597617085592953
"NRF1",-0.19817229920636,0.294165413102732
"INPP5K",-0.198225316928799,0.122279521989942
"AVL9",-0.19824154533914,0.621766443120241
"MCMBP",-0.198520342610768,0.55300265042307
"PLEKHA1",-0.198573326486672,0.420115749768798
"SLC25A13",-0.198740260682069,0.477808885793072
"GTPBP3",-0.19879500762602,0.431856405066101
"MPP3",-0.198806809043527,0.606315048266704
"FGF12",-0.199025019681804,0.663980758741242
"FADS2",-0.199215557818935,0.689784091490566
"DCAF8",-0.199321806930417,0.370074664478017
"NAA16",-0.199391709110796,0.175748055784349
"TNKS2",-0.199475046202548,0.321628762380009
"UNC13C",-0.199475177440486,0.588787551199027
"HNRNPDL",-0.199481717366455,0.615741093066926
"DSTN",-0.199629535596832,0.457826030804003
"SRSF5",-0.199752343736413,0.503453507166113
"RAPGEF4",-0.19999872110812,0.676992631054944
"EPN1",-0.200013470578721,0.373691952597549
"RCAN1",-0.200110421136568,0.44827491675576
"MRPS11",-0.200508233949478,0.272331751205099
"CLDN5",-0.200720122630824,0.476690848061842
"UQCRFS1",-0.200731379715535,0.569523752253181
"WNK3",-0.200754032268976,0.33262927858736
"RBM12B",-0.201084745945328,0.448964906935416
"SYNJ2",-0.201264112128703,0.657449645722544
"LSAMP",-0.201379353673786,0.502465349799773
"GRTP1",-0.201603072514794,0.166640352616872
"RMDN2",-0.201685108444726,0.534421440345541
"SYTL2",-0.201992724426631,0.594507813813494
"SLC25A32",-0.202011695071475,0.400116657086608
"DENND5B",-0.202150875741313,0.440717229895686
"SLC25A29",-0.202493040592241,0.552516464581387
"PYGB",-0.202589078201434,0.470226013007378
"ICAM5",-0.20264272926892,0.734487084102882
"CERK",-0.202670142127504,0.303952263754996
"MAIP1",-0.202859764146917,0.401029683384705
"RIMOC1",-0.202924283772186,0.292547894239105
"ARFGEF2",-0.203031380008468,0.268161876955504
"EIF1AX",-0.203089630300038,0.592686044625711
"FUT8",-0.203097457687656,0.432770188162308
"YWHAZ",-0.20348083075543,0.36171527521218
"FBXW5",-0.20363636625563,0.390954834166385
"ANP32E",-0.203753755814606,0.480353384665715
"ATP9A",-0.20385930013777,0.412235207966687
"NFKBIE",-0.204045173938356,0.420951219978076
"ALDH9A1",-0.204214350389405,0.451740737092073
"HPRT1",-0.204315472482966,0.544876624149782
"NBEA",-0.204556568330441,0.543224733149343
"DPH6",-0.204598425279232,0.6505814160702
"WDR24",-0.204624236446253,0.162402024738268
"ADCK1",-0.2053899693546,0.491598921362858
"SYT5",-0.205875576719869,0.775575662822849
"CCDC85C",-0.20602004802916,0.446053105033855
"CNTNAP1",-0.206236537989517,0.567416628662519
"PHB2",-0.206264967693137,0.278238811064533
"MAPK9",-0.206579157979416,0.438762396089913
"SRXN1",-0.206591447413543,0.549663331900537
"GALNT16",-0.206790024442938,0.652304309579635
"DYNLL2",-0.206946705118817,0.573998884141301
"VAT1L",-0.206952560980497,0.690966968009098
"CLCN4",-0.207111483825023,0.400897486697422
"TTC38",-0.207116922849405,0.726782652415026
"CDIP1",-0.207156947825291,0.424767925623528
"LRRC8A",-0.207799900372919,0.403769692496271
"RALBP1",-0.207850135120186,0.250055577554182
"ATP1A1",-0.208148272779791,0.505153850170079
"ARL8B",-0.208338295618026,0.136479312569207
"TOMM20",-0.208358685789611,0.390954834166385
"TBCB",-0.208624554461723,0.538390874376905
"ALKBH5",-0.209033273647349,0.666882577716421
"ADH1C",-0.209210979704973,0.840426457855451
"TMEM14C",-0.209721496346885,0.586957875315234
"TMEM235",-0.209820953249623,0.657449645722544
"MFSD4A",-0.209841065666793,0.583307443739762
"CEP97",-0.209894257758831,0.31779371950707
"PARL",-0.20992064493158,0.386812946969194
"LHPP",-0.209974398813001,0.50854703786789
"NCS1",-0.209998193704264,0.509198182515735
"MRPS36",-0.210135922638403,0.492832953886106
"NDEL1",-0.210354047619973,0.427700993699218
"ELAC2",-0.210678607509249,0.388776760377324
"AMIGO1",-0.210784115366334,0.468802898939001
"TLCD4",-0.211128836351472,0.568683731916953
"TIMM17A",-0.211697844592458,0.280346710141313
"RAB11FIP5",-0.211868274199755,0.622908153404006
"ARID1A",-0.212015974060884,0.532075178336868
"SQSTM1",-0.212108383597209,0.648527543687924
"ATP2B4",-0.21217735639862,0.393827281331466
"ATP6V1F",-0.212215522318418,0.481762351029258
"DARS2",-0.212317385530191,0.51582532079804
"TMEM143",-0.213004097766597,0.329368753883112
"ATP5PB",-0.213058945359432,0.518523702023541
"MTARC2",-0.213158348078041,0.447199924624175
"VXN",-0.213211702965979,0.520202032264984
"FAAH",-0.21347977212138,0.588579552791917
"AAMDC",-0.213743535483141,0.622816094434827
"PYGM",-0.214059503395234,0.714158933301975
"MTCL1",-0.214241401418587,0.609779747897243
"SPAG1",-0.214284204069846,0.593265654797677
"LYSMD2",-0.214459641633892,0.507887108939729
"CAMKK2",-0.214537963306729,0.634472035202113
"LZTR1",-0.21455236965545,0.178560507743454
"SNTB1",-0.214712029826989,0.6505814160702
"TK2",-0.215447543052601,0.359149104386261
"ECHDC2",-0.215860399432375,0.584926167779818
"MRPS22",-0.21598743497777,0.340782529819896
"MLST8",-0.215992080873573,0.114269435093895
"STOML2",-0.21613861142375,0.189931459685674
"TOM1",-0.216344801241023,0.446912814859645
"GART",-0.216829351052247,0.388304972348176
"ABLIM1",-0.216854718263818,0.52630846017188
"ACOT13",-0.216955791448704,0.446676151485157
"BIN1",-0.216970755019698,0.54567939256263
"GPCPD1",-0.217164153426372,0.585900379116229
"GDAP1L1",-0.217175655032728,0.583620462724292
"FZD7",-0.217222763477155,0.395058433904598
"IFITM3",-0.217376778309418,0.67918364276513
"UBQLN2",-0.217702175867846,0.33437388418394
"NUDT12",-0.217941828227554,0.499573901890754
"ARF5",-0.217986807321283,0.3547691173493
"TOM1L2",-0.218022920314136,0.436100488715605
"LANCL1",-0.218068121876078,0.549472268637498
"SPRED2",-0.218178259562731,0.432907422780191
"SCARB1",-0.218188067854859,0.35216857614097
"TMEM177",-0.218873347743136,0.438113971479743
"USP30",-0.219281743444638,0.392828543492253
"TMCO1",-0.219518640218218,0.432907422780191
"LMTK2",-0.219936573816374,0.394109380244602
"POLDIP2",-0.220385878044013,0.227660030429724
"NAT14",-0.220461531928462,0.230503914900092
"COQ6",-0.220603248323926,0.395058433904598
"MIOS",-0.220811599155262,0.274306112087938
"TECPR2",-0.220812319217082,0.286011855252082
"TTLL7",-0.22101474210661,0.506936313715111
"PTBP2",-0.221287054979824,0.400116657086608
"ADAMTS4",-0.221287536415481,0.481379713822571
"SMIM18",-0.2213521186861,0.596121490650835
"TCEAL6",-0.221622978891764,0.502465349799773
"MON1B",-0.221690299539513,0.188074521168039
"YWHAQ",-0.221829083398051,0.2788699813997
"CFAP418",-0.222074232185596,0.329786601449483
"TRIM33",-0.222086649805696,0.449216596559034
"TXNIP",-0.222230148136958,0.636595315533679
"NOTCH1",-0.222271531475849,0.449009468835595
"EPHB3",-0.222494480535226,0.272470630132396
"KHK",-0.22278225108974,0.597152238684712
"TECPR1",-0.222891526998676,0.454700134111403
"IARS2",-0.223050024401786,0.237338073677094
"PARVB",-0.223308906741604,0.591565777585897
"RFTN2",-0.223451627637374,0.430200261078595
"TRIM9",-0.223773811798216,0.553063452576858
"YME1L1",-0.223855017335844,0.514886786532122
"POLRMT",-0.224169732061187,0.533909260064016
"NMT2",-0.224317644073748,0.222615866777293
"IPO8",-0.224651075829615,0.247566182485652
"WNK2",-0.224719937389237,0.425651296011011
"CPD",-0.225052337013208,0.276550164801263
"GPD2",-0.225365710497021,0.522279564582136
"SLC8A1",-0.225457255594439,0.573998884141301
"PPM1K",-0.22556278176817,0.562473026548942
"ERI3",-0.225712787052768,0.391319961115969
"PPIG",-0.225807511728573,0.396765024009135
"ITFG1",-0.225921165341498,0.294727319687245
"SCO2",-0.225960323380924,0.522976339263244
"CHCHD4",-0.226104013096373,0.303569820875007
"EMC3",-0.226179819300781,0.214477679461328
"MYO5A",-0.226632710328223,0.545400152217121
"RPL36AL",-0.226933988493119,0.127215098071034
"MTR",-0.22732209945721,0.502465349799773
"JPT1",-0.227423146023833,0.470709673231944
"PFDN4",-0.227518884128278,0.442897363557386
"CNOT4",-0.227585740298239,0.240988371253206
"CLTA",-0.227789417497741,0.299121428379378
"GDPGP1",-0.228241834142914,0.374706421223817
"ACAA2",-0.228439762495412,0.410760765562213
"MRPS23",-0.228556880589013,0.223913575506187
"GPSM2",-0.228582704331981,0.493666977021266
"SLC25A18",-0.228734588190802,0.464931712022185
"SHROOM4",-0.229085627978233,0.33262927858736
"ARRB1",-0.229092275868569,0.615904330976764
"STX1A",-0.229181943141439,0.838862319849406
"NGEF",-0.229585579701991,0.669507688507964
"DNAL4",-0.229748472716652,0.258429330368128
"DCAF10",-0.229760242383094,0.34475152482511
"TSC2",-0.229778630002018,0.206425287914203
"LEMD3",-0.229808129101651,0.455450608835506
"TIMM17B",-0.229864051713612,0.225138904984363
"BRSK1",-0.23006049509825,0.519039407760317
"QRSL1",-0.230270285257784,0.141240877087125
"AARS1",-0.230409147593814,0.228823330485272
"LINGO1",-0.230519579488859,0.586764080313256
"DPP8",-0.230747002075255,0.31832144947064
"ENO2",-0.230844305018614,0.446676151485157
"PHB1",-0.23088068770352,0.217665695739975
"CTBP1",-0.230889493106238,0.385753058924108
"MTX1",-0.230913846827958,0.211179761621714
"WASF3",-0.231016576499007,0.422831677947856
"PCDHGB2",-0.231255405519928,0.303952263754996
"CASP3",-0.231406341007638,0.420115749768798
"ARHGAP23",-0.231617492919735,0.412361250036505
"PPP1R9A",-0.231636768180609,0.371088944229743
"CDK14",-0.23171802437314,0.39957042629503
"GTF2A1",-0.23186283219021,0.148188276895185
"GMPR",-0.231876092142434,0.528884775325952
"F8A1; F8A2; F8A3",-0.232009463957257,0.359067375893035
"SLC8A2",-0.232051596539934,0.74459747388319
"SMYD5",-0.232154322942236,0.252542280725319
"SLC30A9",-0.232287916961985,0.287003460908906
"PSD3",-0.232298322943825,0.711380066961921
"PTPRT",-0.232350105276478,0.589171242686627
"ATP5MK",-0.232411478865213,0.237338073677094
"SMYD3",-0.232427940980475,0.21166571714385
"NCAN",-0.232595183183037,0.761812615087067
"ARSB",-0.232616973971371,0.427241994218217
"STAU2",-0.232793297803504,0.152784692835496
"ANXA5",-0.232803461234688,0.594507813813494
"BTN2A1",-0.232833015970948,0.672845457203206
"CRELD1",-0.232917772915756,0.481576058180366
"FBXL20",-0.233101854065518,0.384396161963706
"PARP10",-0.233355143899495,0.276396528674354
"PPP2R2C",-0.233950292029628,0.466146178251118
"FCHO1",-0.234025510240279,0.586957875315234
"CDH2",-0.234042945093806,0.549472268637498
"HECW2",-0.234054064582464,0.471759784912135
"PLXNA3",-0.234138838957475,0.456421892109858
"CALCB",-0.234207160002406,0.64500161119544
"MRPS25",-0.234522884556989,0.29526861267406
"USF2",-0.234857539220494,0.362363937509841
"SCN2A",-0.23492956757307,0.721170258977919
"OCIAD1",-0.235199129658829,0.398829567497338
"SNX14",-0.235579808464396,0.395990776247055
"NT5DC2",-0.235726819165079,0.424584144794275
"DESI1",-0.235781696472392,0.302817499621846
"GPRIN1",-0.236138519024383,0.75682455267268
"SYNGAP1",-0.236163608197154,0.799024855654379
"GPD1L",-0.236305333515709,0.57746668679584
"GATC",-0.236309007226973,0.230125014115377
"KCNAB2",-0.236415877018871,0.594150836975283
"CHCHD3",-0.236486756505835,0.395058433904598
"COMMD8",-0.236582739610072,0.431644826516279
"TRAPPC8",-0.236609742161953,0.328026458484039
"MFSD11",-0.236760340615884,0.149675551646049
"NPDC1",-0.237121455312157,0.621766443120241
"MAN1B1",-0.237393427391724,0.342557800436002
"ATP5ME",-0.237501974079066,0.642988754703211
"IMMT",-0.237550272330486,0.267476288509919
"TIMM21",-0.237602837302418,0.426792501477641
"RHOT1",-0.237708353866159,0.225138904984363
"GPM6B",-0.237817802154547,0.470226013007378
"PAN2",-0.237863725920426,0.390954834166385
"COX7A1",-0.237899699571301,0.587940913490684
"BCAT2",-0.238318859055004,0.60504137870592
"IFT122",-0.23851800933829,0.268230923915173
"SDS",-0.238557693613915,0.331251907076768
"PUS1",-0.238589080489385,0.294165413102732
"PPOX",-0.2388130440909,0.216733227166434
"SMARCD3",-0.238845807940037,0.331251907076768
"ACLY",-0.239145341578375,0.416420017409454
"KCNJ10",-0.239501155589671,0.641820950155952
"GABRB2",-0.240008177954522,0.801348257217032
"ATP6AP2",-0.240223728412375,0.490031397901257
"RUFY2",-0.240402225935771,0.256868532925561
"CAMK2B",-0.241141301761713,0.560046691923413
"ISCA2",-0.242014545552228,0.256625556698464
"CUL7",-0.242243073168411,0.256625556698464
"HSPBAP1",-0.242284119320779,0.210177149518475
"MLF1",-0.24263733516812,0.372777119574924
"HYKK",-0.242695263818715,0.30556367157386
"DFFA",-0.24269878052506,0.526134399815663
"CDH6",-0.243317907830689,0.47890967745618
"POGLUT1",-0.24350917410738,0.354206827515526
"TMEM135",-0.243529275302799,0.443963193763705
"LIG3",-0.243538549307523,0.328342561121892
"MROH1",-0.243549490555155,0.374706421223817
"CADM1",-0.243816878532705,0.466914244417075
"TSC22D2",-0.244413929525313,0.367565380189466
"SLC30A3",-0.244873332771916,0.733195099955912
"GHITM",-0.245168333004581,0.418428510439803
"DUSP26",-0.245453113308209,0.370074664478017
"EHHADH",-0.245549341462208,0.349794745255964
"EDNRB",-0.245841996586304,0.707408963004742
"CORO6",-0.245987238265919,0.431856405066101
"MFSD6",-0.246028047879583,0.380612941141934
"PC",-0.246559658753245,0.347640979013635
"RGS10",-0.246661739454971,0.522279564582136
"DIABLO",-0.246778177124291,0.32213747595848
"FBXO2",-0.2467873559461,0.544564961886229
"MICU1",-0.246853981453667,0.251871551721913
"ASL",-0.247248705686292,0.390954834166385
"DALRD3",-0.247364478144704,0.289909666035081
"ARMC6",-0.247401030986691,0.234438830032505
"GCDH",-0.247468387484808,0.428464749762534
"TEFM",-0.247787656043177,0.0532854235481239
"TCP11L2",-0.247802156314284,0.282494223716332
"ARFIP2",-0.247829236655385,0.3001123154631
"DNAJC30",-0.248084619436031,0.379683981232433
"STMN2",-0.248151883028896,0.522279564582136
"DGKI",-0.248222885597288,0.391402175209589
"MRPL33",-0.248487931534738,0.276171057511264
"CNTNAP5",-0.248530402109538,0.693225100005806
"CADPS2",-0.248695321417622,0.587940913490684
"ZNRD2",-0.248733490212476,0.549472268637498
"MIGA2",-0.248929987049185,0.2906845481058
"CGNL1",-0.249166259019018,0.348946843884408
"CSTF2T",-0.249386064199245,0.20536980692748
"SLC17A7",-0.249459054360576,0.861773917876516
"PGK2",-0.249518480263793,0.562197518665853
"GRM7",-0.249591665341499,0.669507688507964
"G3BP2",-0.25022487157489,0.400931035550601
"CLVS2",-0.250542477134485,0.446369383862267
"STK11",-0.25103830790796,0.267476288509919
"RIC8B",-0.251288206443113,0.128318511945358
"PHAF1",-0.251685901844818,0.209029052061026
"CLIP4",-0.2518846181366,0.245070222503924
"DECR1",-0.25191093493795,0.30556367157386
"NAPB",-0.252644887367643,0.528507272103533
"TPCN1",-0.252878974940857,0.371163571061072
"MALSU1",-0.253054904178302,0.157421492210681
"UNC119B",-0.253173470940342,0.211179761621714
"DCTPP1",-0.253190668367908,0.538721536473093
"DNAJA3",-0.253345472269295,0.207308384770264
"MRPL46",-0.253346407889636,0.251871551721913
"ZMYM3",-0.253608781677953,0.30979332396116
"SCAPER",-0.253950271736382,0.1714982856305
"MCU",-0.254033274346755,0.28456100948919
"STAC2",-0.254070522777803,0.469280773168375
"EIF4ENIF1",-0.254079143315819,0.266858928111606
"SC5D",-0.25412777882346,0.41675547023236
"MFN1",-0.254258776220944,0.1138414207237
"FAIM2",-0.254482100932095,0.430748358961257
"AGA",-0.25454079818002,0.570962036871067
"RIPK2",-0.254570932576654,0.250055577554182
"MTHFD1L",-0.254704624704978,0.303952263754996
"PLEKHM2",-0.255017461453034,0.295352825761235
"GNA12",-0.255153513787315,0.263673257871432
"RAB30",-0.255368381573839,0.152784692835496
"AK4",-0.255622541118827,0.123662528976135
"FRMPD3",-0.255658236516741,0.231534455683139
"NCAM2",-0.255666201397197,0.455013693246437
"CLPTM1",-0.255947288848001,0.0922811779388989
"PIGX",-0.25600233201174,0.426257893143646
"MRPS2",-0.256354597900467,0.0800028574452284
"DOP1A",-0.256428087802503,0.378502513220558
"NIPSNAP1",-0.256540015061368,0.52117285143058
"METTL2B",-0.257022380528188,0.135057771091119
"CHCHD7",-0.257175716979079,0.141062016062468
"SMPD3",-0.257290087124034,0.458779518871065
"KCNIP3",-0.257311603108207,0.450822656461355
"MAGI3",-0.257614563528236,0.376479108184271
"SLC2A13",-0.257624060984956,0.630483707372506
"SLC39A10",-0.257649388302609,0.328342561121892
"SEMA4A",-0.257888949108589,0.57511841737239
"SPOCK2",-0.257973469278056,0.245070222503924
"PRMT9",-0.25853995276378,0.18271227024368
"PDHA1",-0.258594232863533,0.370074664478017
"KCNN3",-0.258820551488632,0.344530194552115
"STK32C",-0.259079115838938,0.416420017409454
"CCDC92",-0.25910791475164,0.500137204647112
"PCYOX1L",-0.259216676056804,0.284320378644779
"OPRM1",-0.260158351863735,0.55352537962388
"CTH",-0.260425480473842,0.387371096734252
"NOB1",-0.260495659930753,0.331251907076768
"TMEM178B",-0.260496577293159,0.392828543492253
"TRMT10C",-0.26104982330191,0.254199728668313
"ZNFX1",-0.261112710346548,0.257417415019779
"SYNE1",-0.26152799931082,0.205533077907084
"PCYT2",-0.262733761666235,0.3001123154631
"BCL2L13",-0.262785885105627,0.514407332687924
"SPATA2",-0.263771495899416,0.219074953706419
"ATP8A1",-0.263877662428737,0.699874189803662
"OCRL",-0.264065178128478,0.344858851503846
"WDR17",-0.264385188697597,0.369346052091743
"PLPP2",-0.264887511042308,0.164921313219491
"NAPEPLD",-0.26503472627444,0.543786860912131
"GTPBP6",-0.265338823366682,0.528810625239508
"ZDHHC2",-0.26544641247942,0.359149104386261
"HCCS",-0.265623246641741,0.347640979013635
"RAPGEF6",-0.265629442455197,0.285929000357483
"PLAAT3",-0.265630134394559,0.588579552791917
"CNNM2",-0.265712740912683,0.249884827398819
"FMC1",-0.265909296579632,0.18993368725754
"SH3BP5L",-0.266111745246122,0.234295290197489
"KCTD3",-0.266179060788561,0.335965360074539
"GSK3B",-0.266296600769396,0.237338073677094
"SGK3",-0.266370509556173,0.328521157268377
"AP2M1",-0.267104801397553,0.227660030429724
"OCLN",-0.267110160197946,0.435524862912956
"PARG",-0.267116310968913,0.0525635509871256
"MLF2",-0.267182803312618,0.469414147673869
"TRUB1",-0.267293575491136,0.413239034423798
"CLTB",-0.267783351319785,0.245070222503924
"ARFGAP1",-0.267835510221925,0.469489554560865
"ARFGAP2",-0.267957811077654,0.265891638536818
"CARMIL2",-0.268274889907381,0.580381823311984
"ME2",-0.268450195500479,0.287512896430731
"PABPC1L2A; PABPC1L2B",-0.26864976221987,0.490031397901257
"FXYD7",-0.268861396400513,0.635467964067612
"RBP1",-0.268864552908909,0.597956080845039
"ADCY9",-0.268966085634107,0.310161926309741
"TCF25",-0.269643646522605,0.310675866409557
"PNMA8B",-0.269766362503101,0.54783357354446
"ARL2BP",-0.269858237586306,0.276550164801263
"RUNDC3B",-0.270529802963019,0.342899094996084
"LGI1",-0.270535082571206,0.56571766469453
"CMTM4",-0.270548566850501,0.65782233672967
"NACC2",-0.27056668993878,0.150897193307077
"ACHE",-0.270599916801381,0.54567939256263
"TIMM29",-0.270945577876224,0.319168381424742
"CORO2A",-0.270986464095415,0.385753058924108
"TLCD3B",-0.271125939065264,0.404321555317798
"CYP51A1",-0.271441107546417,0.543786860912131
"IVD",-0.271574596440875,0.256625556698464
"GATB",-0.271584958370915,0.17011660706975
"ANKRD52",-0.271618364064032,0.286011855252082
"CHGA",-0.271623758331319,0.63197009951776
"RAB27B",-0.271937279666114,0.708209004783571
"SEC16A",-0.2721816308504,0.301808622922724
"C11orf54",-0.272912980137171,0.544564961886229
"TJP2",-0.273084482972695,0.568356403986814
"SLC4A4",-0.273293173897157,0.439160955899986
"SLCO1A2",-0.273337534891721,0.459420339420112
"ATP5F1B",-0.274521446794058,0.309841806073423
"ENDOG",-0.274701315240998,0.137812677522182
"TMEM50B",-0.274871192626948,0.237338073677094
"SLC4A5",-0.274951690977048,0.132331511919384
"VWA3B",-0.275019906451984,0.276550164801263
"UBA3",-0.275056301027695,0.18568011661651
"APOA4",-0.275300832084801,0.904598633535893
"GSTCD",-0.275409244209148,0.3492902413902
"ELP5",-0.275473903606406,0.267948651969528
"PDLIM3",-0.275783485734758,0.390975366763165
"MOCS1",-0.276186435082853,0.31006541541959
"TSC22D1",-0.276254798424606,0.35741096691237
"ALDH4A1",-0.276308792752284,0.587940913490684
"IQSEC3",-0.27633762260672,0.608929323787199
"RIMS3",-0.2764539693069,0.508245034365936
"PLXNB3",-0.2764987967261,0.211290650849208
"SLC43A2",-0.276599030949506,0.529016610677735
"NUCKS1",-0.277108638207689,0.451102735368269
"APC",-0.277490627981654,0.136417105943746
"SLC25A11",-0.277570762484288,0.395058433904598
"PIP5K1B",-0.277579915289869,0.363174255365565
"CLCN2",-0.277661202671077,0.449009468835595
"NNT",-0.278212218185393,0.297322814672441
"MAPK8IP3",-0.278371521319235,0.237384196968846
"SERINC1",-0.278387728001071,0.17011660706975
"RELL2",-0.278530153115272,0.617141847050354
"GFM1",-0.27893663561742,0.322886465463998
"PIP4P2",-0.278966859193262,0.122444697897573
"NECAB3",-0.279581292397295,0.456194407306117
"CSPG5",-0.279741807857609,0.549472268637498
"PDK1",-0.280503428358814,0.230503914900092
"TBCD",-0.28148926766176,0.129979870676096
"FOLH1",-0.2815194000634,0.685228488171894
"OTUD6B",-0.281531925452631,0.295991722789156
"CDH4",-0.282583020563093,0.379922285266689
"ARHGEF26",-0.282890217919932,0.313099760191308
"GRPEL1",-0.282992396720909,0.270966364705366
"TMEM126A",-0.283026034356753,0.273123017446563
"ACAD11",-0.28358331237744,0.283886627965035
"RAB12",-0.284547886845838,0.0894352746385587
"PPIF",-0.284659433053084,0.383729924684978
"RAB39B",-0.284985484678806,0.223913575506187
"CHGB",-0.285424074502224,0.711490225082422
"HSPA9",-0.285439379992134,0.136757047173665
"SIL1",-0.285573855722073,0.122279521989942
"DNM1",-0.285876072955503,0.468859497735589
"RTF2",-0.286407853031001,0.12183723724232
"RIMS1",-0.286928994316975,0.555263679131429
"MLC1",-0.28719839219703,0.460981164335532
"PFDN5",-0.287520177467044,0.388776760377324
"PLLP",-0.287553554682459,0.594507813813494
"ADAMTSL3",-0.287703217804763,0.794467012883702
"HAGH",-0.28788204796429,0.111453324887141
"GDPD1",-0.288003461468438,0.28456100948919
"DNM1L",-0.288041865972792,0.287003460908906
"AP3S2",-0.288063642721516,0.322886465463998
"PI4KA",-0.288222040004358,0.295991722789156
"WDTC1",-0.288263976396561,0.122444697897573
"GRIA1",-0.288401168000286,0.529464886964053
"TSFM",-0.288647500911022,0.412235207966687
"NRN1",-0.288862423883383,0.511364228703673
"PEPD",-0.289240487036052,0.247566182485652
"MRPL2",-0.289380363523164,0.237338073677094
"MSI2",-0.290137809689291,0.100118403890901
"TSPAN31",-0.290169712551149,0.426859973700111
"AMT",-0.290188405783329,0.276396528674354
"CNNM3",-0.290301910112872,0.10328092312425
"MRPS7",-0.29032140616106,0.233737167047907
"MOCS2",-0.290341150300413,0.359149104386261
"UQCRB",-0.29061198152792,0.402645271741116
"PNOC",-0.290711131482941,0.651586514602374
"DIS3L",-0.291140270111665,0.0574628471675681
"SMG6",-0.291197497836866,0.314933445982141
"ARHGAP32",-0.291608624950872,0.544498577563538
"EPHX2",-0.293284125785778,0.527156819214858
"CADPS",-0.293499949085401,0.451102735368269
"RCHY1",-0.294296624253075,0.400931035550601
"EPB41L5",-0.294591553990045,0.36171527521218
"ACSS1",-0.294754400109374,0.340333556715667
"CRAT",-0.294954213611852,0.205533077907084
"SCUBE1",-0.295018679066393,0.613562326134971
"AKAP7",-0.295128835053935,0.109524545223952
"GUCY1B1",-0.295163768526937,0.516677490606992
"RGS7",-0.296004811726566,0.471650859850674
"SH2B1",-0.296140119935377,0.22302074572174
"NUDT16",-0.296201439623902,0.3001123154631
"HDHD5",-0.296218210266296,0.323467335371575
"KCNIP1",-0.296640615316479,0.502465349799773
"TIMM8B",-0.296868282477668,0.213261736597761
"TOMM40L",-0.297481284469189,0.315011027422341
"AASS",-0.297684984540973,0.515985054788078
"GNL1",-0.297707729425003,0.21085947467791
"ITGAV",-0.297902384206239,0.339103535730737
"POLR2J",-0.2980144067461,0.469280773168375
"PEX11B",-0.298122771758621,0.3547691173493
"PCSK6",-0.298525029286156,0.456170424058174
"ENSA",-0.298781497408982,0.579008789602692
"DLGAP3",-0.300264344936409,0.680447887476459
"ATP13A2",-0.300692035315589,0.295991722789156
"WDR35",-0.301033205864819,0.122919628752392
"NECAP1",-0.301627358948361,0.32636705983611
"DNAAF9",-0.301671728711832,0.230711114135335
"JTB",-0.301727333500789,0.182652173579691
"PRORP",-0.30224750837683,0.407599268002013
"RNASET2",-0.302531349152549,0.374706421223817
"COLEC12",-0.302580122949343,0.651614765978249
"MRM3",-0.302679366147204,0.110663479572443
"GPR158",-0.30297766544692,0.34990226271272
"CASTOR2",-0.303144496899035,0.19033925485926
"SPG7",-0.304368677180372,0.211179761621714
"APOO",-0.304397971631344,0.392828543492253
"AJM1",-0.304529752438466,0.395968187047659
"RASL12",-0.304927668466411,0.165604479757176
"CNTN1",-0.304945025635524,0.227660030429724
"DHRS4",-0.305905633039679,0.504811376138552
"REEP2",-0.30609123786592,0.344878853928314
"ATP5F1C",-0.306107164903695,0.314110172466506
"TIMM8A",-0.306257760949707,0.271391947078108
"GFER",-0.306887846753948,0.10008015016283
"CDC37L1",-0.306956757761745,0.135682282594342
"NDUFAF2",-0.307512502318477,0.247566182485652
"BST1",-0.307666065732672,0.702568173108622
"ASTN2",-0.308277616684812,0.250694758295166
"SFXN1",-0.308664137772791,0.291266064801792
"HEPH",-0.308800232877248,0.24006162866611
"MCM3",-0.308814767831598,0.344858851503846
"MTX2",-0.308921626752838,0.20588604058905
"TOMM40",-0.309098901688227,0.0494994939989299
"MAP6",-0.309333422915151,0.521720090821816
"DMXL2",-0.309493107655683,0.482062848619397
"MTFR1L",-0.309576855719117,0.340782529819896
"MRPL44",-0.309974669773943,0.176444648268341
"RAMP1",-0.310184418437857,0.506936313715111
"SHISA4",-0.310450688217082,0.276396528674354
"MRPL4",-0.310614783191309,0.180624106543196
"MTSS2",-0.310891743051744,0.265643896237436
"RARS2",-0.311384790748017,0.0615713788728533
"SLC25A46",-0.311558965503508,0.142866090564475
"GPRC5B",-0.311672003905702,0.567416628662519
"PREX2",-0.31230836604043,0.293160520178185
"ANK2",-0.312387772267568,0.307636939416485
"SLC22A17",-0.31239892916507,0.219465959496539
"PIP4P1",-0.312497261412791,0.122332759346535
"CLGN",-0.312660461238264,0.272331751205099
"FH",-0.313160295873747,0.211306223244405
"SLC25A6",-0.313646828433406,0.300919751966939
"INSR",-0.313766799448919,0.206174306399002
"PPTC7",-0.314033980533059,0.34475152482511
"PIN1",-0.314442082759047,0.468633612497725
"FAHD1",-0.314739374921039,0.151371238211
"TMT1A",-0.315475472264488,0.314722102727799
"MRPL35",-0.315638194230525,0.328026458484039
"MGST1",-0.316028449331,0.56488260601999
"FABP5",-0.316799262470752,0.552051575527853
"NQO2",-0.317294300360969,0.712663257123922
"TMEM11",-0.317758351081681,0.128318511945358
"ARHGAP26",-0.317870221366407,0.183960737929915
"DCXR",-0.317969632131815,0.237608071847969
"NECAB2",-0.318009872200799,0.567884408629731
"UBLCP1",-0.318042100402788,0.118514238210318
"ZER1",-0.318048042327604,0.111913165447277
"MPC2",-0.318428342319763,0.343838380153365
"NPTN",-0.318793498990045,0.332373993486803
"DPH1",-0.318869399576313,0.111453324887141
"MTURN",-0.318914155026895,0.503803931452783
"CARMIL1",-0.31897401778077,0.328521157268377
"COX20",-0.319138668699684,0.230786637509676
"GPC5",-0.319258490086304,0.470179988222329
"LLGL1",-0.319807564272175,0.39679674979294
"EIF4H",-0.319973245700057,0.10328092312425
"APPL2",-0.320353594822901,0.0654591652166439
"SDHAF4",-0.320420583069179,0.299046324874047
"NSUN4",-0.320578710871126,0.108012492010602
"PCMTD2",-0.320747348298745,0.320014564848032
"ARHGAP44",-0.320904717223243,0.378250113278424
"MRPL42",-0.321116479506504,0.346722620531134
"NDUFAF5",-0.321929457518539,0.283277003878134
"WDR7",-0.322501133163787,0.237593490114995
"SYNPR",-0.322554369138119,0.753119376672952
"MARCHF5",-0.32262165157521,0.047100477231259
"ACOT9",-0.323216892039538,0.224738169261899
"MRPS17",-0.32342251759089,0.18032398485029
"IGSF11",-0.323433803912496,0.0957459806135679
"COX6C",-0.323463330599188,0.497590296727928
"SORL1",-0.32469547775492,0.287104085340467
"TM7SF2",-0.325231110904523,0.051375879852855
"CORO2B",-0.325922342514799,0.272492415370536
"MRPL18",-0.326113301241268,0.171106850052792
"MRPL16",-0.326222837577439,0.086520383032565
"ATPAF1",-0.326345795543766,0.322254299866674
"MRPL34",-0.326348523310208,0.276396528674354
"TTYH2",-0.326749092098794,0.308577931873481
"ARMC1",-0.327214677486399,0.237338073677094
"NDRG2",-0.327307369794141,0.285583161510983
"TNIK",-0.327350677607168,0.583387209840912
"KCNC1",-0.327467320190751,0.441190409383564
"TMED8",-0.327668784210134,0.051375879852855
"EOGT",-0.328608600526445,0.370791034334964
"GAP43",-0.328611457503433,0.56571766469453
"LGALSL",-0.32965929383564,0.237338073677094
"TMEM126B",-0.329714658256789,0.285795357310965
"MT-ATP6",-0.329848750225043,0.312060965348587
"KCNA1",-0.330004131764177,0.552798726475661
"AP3M2",-0.330061848253562,0.233010392497932
"NKIRAS1",-0.330291147911221,0.122332759346535
"MAN2B2",-0.330374664702592,0.378502513220558
"NADK2",-0.330425933871821,0.195056711181499
"MFN2",-0.331325685519824,0.0999512797217742
"FXN",-0.33149250166365,0.209967990328899
"UQCRC1",-0.331563787665022,0.322886465463998
"PCMTD1",-0.332036360213626,0.129701409433677
"TTC7B",-0.332115893854587,0.207971137407144
"TMX4",-0.33247436774715,0.1067976255812
"FXR2",-0.332958105219548,0.0506411277998114
"GBA2",-0.333579752809679,0.128318511945358
"TUBG2",-0.333762466778815,0.11565681903624
"CCDC136",-0.333982934434921,0.455645164393
"TXNRD2",-0.334140640351306,0.423563789769501
"TUFM",-0.334184559634101,0.111453324887141
"MRPL12",-0.33474695160203,0.36171527521218
"RAC3",-0.335506989534652,0.16208581706109
"SLC2A3",-0.335581449479724,0.562197518665853
"CAMK4",-0.336045569079916,0.445213812438394
"NFASC",-0.336809013473657,0.269050912340398
"PURA",-0.336979519957495,0.0531810544089119
"CENPV",-0.337595967741746,0.299669913130843
"PPP3R1",-0.337979958020489,0.284953607659784
"INA",-0.338225453132884,0.65745654112578
"GLRA2",-0.33859369391046,0.586957875315234
"VANGL2",-0.338727703328767,0.12183723724232
"C17orf100",-0.339351185002708,0.398055226689083
"RNH1",-0.33952460802456,0.352372840623295
"CST3",-0.34007782293031,0.500829563461932
"SNAP25",-0.340526826840449,0.512677876706816
"SLC9A1",-0.341728373850964,0.44827491675576
"CTNND2",-0.341738273969245,0.405517362436833
"FIBP",-0.341870568584623,0.0626700270294601
"CLPB",-0.342348742296846,0.247924799744101
"CPT2",-0.342965094232261,0.38774548955905
"ATAD1",-0.343306049208863,0.137812677522182
"HIP1R",-0.343387920293148,0.415639853676594
"MIF",-0.343499440810177,0.555263679131429
"PSD2",-0.343503744028123,0.486045304627825
"SCD5",-0.343963874703113,0.122279521989942
"MRPS9",-0.344060022684359,0.0666774886928342
"IGSF1",-0.344721957393224,0.50854703786789
"ROGDI",-0.345573730731706,0.230000338715711
"PLD4",-0.346074069702315,0.370074664478017
"MTAP",-0.346586590492251,0.0754461348089516
"TIMM50",-0.347469886251027,0.0615713788728533
"SEPTIN6",-0.34809596298965,0.30903570843529
"SARAF",-0.348372515693472,0.178140124394442
"UNC5C",-0.34850645988967,0.217613710198867
"PJA2",-0.350634374013241,0.33437388418394
"SPOCK3",-0.35164132977089,0.249794340844693
"AKR7A2",-0.351902218177633,0.451102735368269
"TRIM32",-0.352043820942209,0.0872672744735865
"ASAP2",-0.352122433354236,0.0163846180068028
"ADIPOQ",-0.352198049626874,0.517111971012558
"CPNE9",-0.352207287154071,0.109148675138748
"POLR2I",-0.352390791759737,0.327232815875928
"SIK3",-0.352931520428591,0.173190486780112
"UQCRQ",-0.352947835719091,0.230711114135335
"ARHGEF9",-0.35295208437337,0.424584144794275
"SEPTIN4",-0.35322077937953,0.441762791559517
"SNTA1",-0.35322773429102,0.239806551609045
"MT-ND5",-0.353485028460721,0.225138904984363
"UQCRC2",-0.353707130251836,0.256625556698464
"LYSMD1",-0.353815335411626,0.251406240083189
"COQ7",-0.353891039210496,0.100118403890901
"VAMP2",-0.354011899637383,0.536961595636677
"CPE",-0.354139178841656,0.462774709239472
"SCN1B",-0.354143112321078,0.451558588595596
"BCAN",-0.354260411335781,0.426257893143646
"SH3BP2",-0.354620668241593,0.0451276491588058
"SHISA6",-0.354948639807228,0.1714982856305
"GOLGA7B",-0.355237464833142,0.18347004851861
"SLC25A23",-0.355352753930177,0.126346039918152
"COX16",-0.355465899620555,0.195479035949832
"MEGF10",-0.355527003308802,0.50681937506682
"DOC2A",-0.356240308623526,0.447199924624175
"COQ5",-0.356526396187091,0.0709623793217767
"MYADM",-0.358130518325723,0.306653527057066
"GRM5",-0.358177939842983,0.668357974790391
"LONP1",-0.358216375811384,0.0835325213549349
"CPQ",-0.358517336115314,0.128318511945358
"EPS8L2",-0.35854901174161,0.0800028574452284
"NFIX",-0.359035167277768,0.19033925485926
"ACADS",-0.359230160853324,0.395058433904598
"MRPL40",-0.359397077915908,0.0536792115592929
"TARS2",-0.359400184395451,0.0301046991430989
"ENPP5",-0.359482019079325,0.361524695922006
"MRPL17",-0.359643024369278,0.118514238210318
"BAIAP3",-0.36100676095309,0.669719783371868
"SCG2",-0.361173114900827,0.66914521620051
"ARHGEF4",-0.36124970400415,0.15745021628919
"MPP2",-0.361458270843821,0.323169265570214
"SEZ6L2",-0.36447923186304,0.449393639290135
"CRELD2",-0.365438388062824,0.389538300535693
"SLC6A7",-0.365645571548822,0.452297981761111
"BASP1",-0.365816864950665,0.450838379053371
"ARVCF",-0.366281938302832,0.400118338520414
"RIGI",-0.367202331127123,0.145724661665707
"KCTD4",-0.367228796292433,0.396045339199812
"UNC5B",-0.367261635302174,0.184786014275343
"ASB13",-0.367467408200058,0.0894352746385587
"FKBP8",-0.367493791296118,0.0531810544089119
"DNAJC6",-0.367618466999502,0.287473854861852
"ADGRL1",-0.367902840182062,0.271834753475825
"AFG1L",-0.368180234814919,0.0461871752014257
"PGAP1",-0.368334576704855,0.247924799744101
"ANKRD39",-0.368954220871153,0.148626346035342
"NOVA1",-0.369023332085703,0.434847474683812
"MAGED1",-0.369557841713486,0.0720350413391644
"MCCC1",-0.369585501590375,0.0910334622728257
"TMBIM6",-0.369981134924778,0.18568011661651
"PDHB",-0.371033396919078,0.141240877087125
"EDIL3",-0.371056557340122,0.33262927858736
"RUNDC3A",-0.371216145259266,0.128318511945358
"EPM2AIP1",-0.37123241837573,0.0284125728172484
"OAS1",-0.371528204476824,0.456118181059427
"ECH1",-0.371559224199459,0.110663479572443
"ENGASE",-0.371628037738486,0.0894352746385587
"FAHD2B",-0.371973429551045,0.113623274398776
"SNAP91",-0.372016779341829,0.327146828733224
"MRPS18A",-0.372063283162568,0.206352839008183
"SH3GL3",-0.37209890578257,0.330781463045685
"SNPH",-0.37227843264986,0.383585287228151
"ZFYVE21",-0.372296230414356,0.462774709239472
"WDR47",-0.372599656938561,0.237608071847969
"GPR37",-0.372676239294786,0.3492902413902
"SCAMP1",-0.373073567331826,0.303148879859252
"SLC35A4",-0.374034794708514,0.19429216944624
"ELOVL4",-0.374130114187715,0.232913332316988
"ARAP2",-0.374215303748726,0.219474764732004
"SEMA4D",-0.375313468481561,0.23720387614133
"ABLIM2",-0.376592743415141,0.272275275756552
"GFM2",-0.377848505650972,0.29608550004101
"THOC7",-0.378123478934271,0.0630783550219492
"CACNA1E",-0.378536902141168,0.431856405066101
"VARS2",-0.378542305734674,0.162402024738268
"ATP5F1A",-0.378676785897511,0.169095644102332
"ME3",-0.37928927377799,0.369884925721529
"DNAJC19",-0.37961261844267,0.0985153532603332
"PORCN",-0.37970411738972,0.129581247596785
"CAMK2G",-0.380382026528411,0.257564084434212
"SYT3",-0.380465202520288,0.312884531862635
"PLSCR4",-0.380483757755506,0.262628497530946
"SDHB",-0.380711241513746,0.098155257402935
"PDK2",-0.380824821405582,0.0918137634930639
"TSPAN7",-0.380895317109237,0.446676151485157
"ADPGK",-0.38128269120548,0.149857270836621
"SCO1",-0.383721506044841,0.0270776712705524
"HYCC2",-0.384135033233796,0.398829567497338
"GRIA3",-0.384868955477492,0.395058433904598
"HSPE1",-0.385418604055578,0.0531810544089119
"GABBR2",-0.385728496567818,0.613562326134971
"FBXL17",-0.386338088878159,0.0264834605611339
"DBI",-0.386704046988205,0.36171527521218
"COQ9",-0.386946818504001,0.037991818107561
"ATP1B1",-0.38711702796186,0.316005012215286
"ATP5F1D",-0.38783483294821,0.138258927787703
"PNKP",-0.389366426268141,0.0885969890475719
"MICOS13",-0.389604636523574,0.112632262172695
"MRPL49",-0.389659498463539,0.0969126621110331
"DLD",-0.390337162340844,0.121615704810912
"PRKAR2B",-0.390356109518756,0.168973805527521
"THNSL1",-0.390928326077354,0.1138414207237
"DGKE",-0.391077339129453,0.107331135595929
"ATP5PO",-0.391138741309151,0.19266041656817
"FUNDC2",-0.391843986053443,0.0531810544089119
"DDHD2",-0.391984707578953,0.503803931452783
"NIPSNAP2",-0.391994709271058,0.0698530148701504
"UQCC1",-0.392077731701993,0.0363016599273841
"RBP4",-0.392101622264965,0.734746833092081
"AMER2",-0.392109249632048,0.473596919937543
"MRPL55",-0.392445411494023,0.0810635655831017
"ATP5MJ",-0.392698101988591,0.238168385564332
"ASPHD2",-0.392792820372536,0.169095644102332
"MAGI2",-0.392982786510704,0.173559556791126
"HINT2",-0.393228721849512,0.0800028574452284
"DLG4",-0.393441899892816,0.549663331900537
"PI16",-0.394851737203076,0.597152238684712
"CA5B",-0.394917262578517,0.283886627965035
"PNMA1",-0.395081166585161,0.236489379247855
"TH",-0.395089436138526,0.524046629167811
"COA3",-0.395625130289107,0.291196686151385
"GM2A",-0.395936242983117,0.332845103765191
"MAGED4; MAGED4B",-0.396079609660466,0.19033925485926
"THEM6",-0.396214408599137,0.027328777997485
"ATPAF2",-0.396251480195877,0.0192807070874754
"FASTKD2",-0.396821654265485,0.10328092312425
"AGK",-0.39734682726896,0.0491795938074024
"PRXL2A",-0.397355819122877,0.0491795938074024
"GTF2A2",-0.39758312508375,0.00571773491618526
"HAX1",-0.398060493329305,0.270356373762225
"MRPL50",-0.398415191092837,0.0753041311571077
"AK5",-0.39896721904187,0.195318967067518
"NDUFAF3",-0.399014262658413,0.0920455864477719
"MTX3",-0.399377820937165,0.17011660706975
"MRRF",-0.399553728183534,0.183488351080116
"OSGEPL1",-0.399595885987924,0.203269018337609
"RAB15",-0.399617013234257,0.422061085774378
"ACAD10",-0.400008198606283,0.037991818107561
"UBAC2",-0.400264827727502,0.0299009500940069
"SYNGR1",-0.400377846295847,0.426257893143646
"PPP2R2B",-0.400474646291232,0.0505919815509938
"CAMSAP3",-0.400580921178932,0.241406812975587
"MRPL41",-0.400644991004347,0.051375879852855
"SCG3",-0.401217965114071,0.406469034855538
"RYR2",-0.401273358139546,0.403613223707692
"VDAC2",-0.401475645462499,0.098155257402935
"KCNA2",-0.401978704498395,0.389538300535693
"MRPL27",-0.402292119097367,0.0600334070731763
"TXN2",-0.402410932014767,0.0584467495238381
"UNC13A",-0.402441345842313,0.452960577479243
"ORC5",-0.402651087323311,0.121661037358366
"USP48",-0.40321419657734,0.00376857772558735
"HSD17B10",-0.403477832239249,0.0271378555772148
"ATP5IF1",-0.403568497792902,0.374706421223817
"ATP1A2",-0.404958728775865,0.110663479572443
"TBRG4",-0.405209960953741,0.140823585371237
"ENTPD3",-0.405524720241273,0.160077936002963
"RPS26",-0.405730539124508,0.286011855252082
"KIAA1191",-0.406495887857281,0.210541021346325
"MRPL3",-0.406629549019938,0.0583216523903386
"MRPL13",-0.406879152067701,0.0875183737768312
"TDRKH",-0.406971674521023,0.0810635655831017
"N6AMT1",-0.407585951961882,0.250055577554182
"ATP2B3",-0.407982032597683,0.389538300535693
"SLC9A7",-0.409029800902383,0.230711114135335
"GNB2",-0.409502054364189,0.276396528674354
"WDR54",-0.409584936811481,0.14659716478252
"SYN2",-0.410184263843432,0.594507813813494
"SLC25A14",-0.410793701966227,0.223913575506187
"SLC27A6",-0.410966095852583,0.702568173108622
"UBB",-0.411126296918724,0.583897904873002
"CASKIN1",-0.411297844951955,0.293097417431183
"ADAM23",-0.412873279184856,0.386100816024319
"LETM1",-0.41347571729532,0.128436826355001
"KNDC1",-0.413496483449115,0.293097417431183
"PTS",-0.414045451389887,0.271596618257134
"FBXO44",-0.414352345285275,0.0405813592648658
"SLC2A5",-0.414472191159663,0.271834753475825
"SIRT5",-0.414520118954275,0.211264098961957
"FDPS",-0.414734815079866,0.175207450580067
"COQ3",-0.414851327855862,0.087522721023154
"MERTK",-0.415262078220207,0.098155257402935
"SLC25A36",-0.415596111679744,0.137812677522182
"VCAM1",-0.415687263877365,0.190506277193374
"IMPA1",-0.415742486042927,0.0666774886928342
"AHCYL1",-0.417003906770537,0.0639663693358865
"GRAMD1C",-0.417402013709174,0.0377454518609556
"PLCB4",-0.417408109885149,0.397423108153426
"TMX2",-0.418249641071249,0.0264834605611339
"IDH3G",-0.418450292465018,0.171548482666665
"CABP1",-0.418739914902682,0.250055577554182
"PNPLA8",-0.419409874473901,0.0114479780763783
"GGT7",-0.419448507787359,0.123171098293644
"CCK",-0.420307154406867,0.205533077907084
"SLC3A2",-0.420319217047007,0.037991818107561
"SNCB",-0.421494481312067,0.515985054788078
"SUCLG1",-0.421710394561106,0.0680016720041215
"NDUFAF4",-0.421956311774274,0.0703280055689271
"NRGN",-0.422036161884733,0.665244194842049
"GNA14",-0.422563372346569,0.20792655997026
"PCCA",-0.422869480601998,0.0430098877759039
"FAM234B",-0.424330228804647,0.220821188674043
"NCKIPSD",-0.424464776987131,0.0854942692953862
"GLRX5",-0.42450062971502,0.210541021346325
"AFG3L2",-0.424601783906745,0.072616388644497
"MRPL43",-0.424907736367275,0.128318511945358
"HSPD1",-0.425205987048757,0.0252416566683943
"TAMM41",-0.425914500572297,0.037991818107561
"OGDH",-0.425989523613458,0.114759869674274
"CPLX2",-0.426490854121718,0.446053105033855
"MRPL39",-0.426499972200337,0.0481414878149471
"TIMM13",-0.427717111867981,0.186609758491592
"GPM6A",-0.427973388614348,0.274596665054587
"RHOBTB3",-0.428404903441006,0.258429330368128
"FXYD6",-0.429191992029184,0.398829567497338
"RPE",-0.42951675083072,0.256625556698464
"MRPL45",-0.429926797742184,0.0584467495238381
"KCTD8",-0.430416938972968,0.442137041831562
"ACAD9",-0.430933511136733,0.051375879852855
"MRPL58",-0.430935700089542,0.0284125728172484
"PHKB",-0.43126891905753,0.276396528674354
"PIP4K2A",-0.431516580129449,0.268230923915173
"PDK3",-0.431676465857846,0.0693218394463488
"MIGA1",-0.431797968577531,0.0308987400687687
"IRF9",-0.431849576815787,0.0335987274519159
"SCN1A",-0.431888463325451,0.3492902413902
"SDHC",-0.43240148415946,0.0759874486302256
"ALDOC",-0.432609843502982,0.0717244379596809
"EPDR1",-0.433500754518514,0.244221372788729
"LAMA1",-0.434363615659441,0.178092574893485
"DDX3Y",-0.43480956304041,0.683553397448074
"ADCY2",-0.434905553492404,0.228689405401168
"SPATA20",-0.435631283935544,0.683901410773194
"CALB1",-0.435762098738437,0.457725271162789
"BOLA3",-0.436030733916178,0.237338073677094
"HABP4",-0.43660079230169,0.385753058924108
"IDS",-0.437696504854648,0.269441140454526
"GK",-0.438319153922063,0.0687657078982162
"C6orf136",-0.438338733082941,0.104677201077883
"CBARP",-0.438414736528971,0.451405409283697
"NLGN2",-0.438811283535221,0.236603263708367
"DLST",-0.439425905265713,0.132331511919384
"SLC25A3",-0.439471802579884,0.128318511945358
"PALM2",-0.439684305189401,0.389538300535693
"ACSS3",-0.439824430804142,0.148188276895185
"MRPL38",-0.440059898834546,0.250741320245502
"C8orf82",-0.441137467274396,0.0257019987961915
"TSPAN5",-0.441468277606376,0.333731888481673
"MRPL15",-0.44182040982129,0.027328777997485
"PLPP6",-0.442044542131894,0.110663479572443
"HSD17B8",-0.442805012536139,0.0287026633513182
"CALB2",-0.442943434545679,0.61697687592902
"NPTXR",-0.444017293242659,0.299121428379378
"NDUFAF7",-0.444080579423124,0.0666774886928342
"FAM136A",-0.444222092157144,0.230786637509676
"AQP4",-0.445080205279236,0.230186755738941
"MRPL19",-0.445426644238422,0.037991818107561
"HSPA4L",-0.44555488346,0.144672031321556
"CEND1",-0.446052862233408,0.438762396089913
"MRPL48",-0.446296446031292,0.0325422925870211
"CPT1A",-0.447416154046598,0.293795506591999
"RAB33A",-0.447468033417175,0.0667278105228811
"PTPN5",-0.448820071639818,0.281634952095458
"MT-ND2",-0.44910751555522,0.271303275712857
"GLUD1",-0.449183196319998,0.197978290880924
"CCT6B",-0.449697218982664,0.449009468835595
"RMND1",-0.450790800446951,0.110663479572443
"ATP6V0A1",-0.451109289655129,0.410774222926609
"CADM2",-0.45205952279295,0.342493259695553
"GADD45GIP1",-0.452577934548168,0.0429763878449077
"MICOS10",-0.452822283870163,0.167182338254362
"FASTKD5",-0.453753611680712,0.0382784210011595
"TPD52L1",-0.453775599838398,0.256842865086168
"SUCLA2",-0.454496140078286,0.080611771926514
"CSRP1",-0.454640611568914,0.106943590339918
"TIMM10",-0.454901676649447,0.162402024738268
"NOS1",-0.454915242633238,0.327146828733224
"PHYHIP",-0.455018912208018,0.271391947078108
"FBXL16",-0.455887383561493,0.148423425973541
"NT5DC3",-0.456085735457691,0.247924799744101
"GNG4",-0.456235459126412,0.306969862636772
"FBXO41",-0.45650342478372,0.302817499621846
"PCSK1",-0.457157129882638,0.463493823167525
"PON2",-0.458505497040079,0.564812736837011
"MTRF1L",-0.45855912307289,0.142975290474718
"RASGRF1",-0.459268538651305,0.257564084434212
"TPH2",-0.459367385473774,0.66123118008283
"GLUL",-0.459535659154561,0.41668923149788
"THRA",-0.460094082730264,0.0264834605611339
"MRPL9",-0.46027457330117,0.12853762531942
"VWA8",-0.460360441602131,0.110663479572443
"DGKB",-0.460616491366675,0.335278596142297
"ABCA8",-0.461439951305215,0.52987863781281
"CNTNAP2",-0.46150080250567,0.253128047060312
"SUOX",-0.461547019008979,0.0335756402450224
"OXCT1",-0.462527835909807,0.106031160669057
"AUH",-0.463267383025055,0.147137382142652
"SGSH",-0.463272159956935,0.402645271741116
"PRRT3",-0.464799741344728,0.253560784383785
"SLC25A5",-0.465308958230253,0.12183723724232
"APLNR",-0.465437495527963,0.38610234577287
"TUBA8",-0.466035388872112,0.255899928942889
"MRPL20",-0.466072918585854,0.0210203163055223
"LLGL2",-0.46640484378117,0.205321811781429
"P2RX7",-0.467941610676613,0.692616466497614
"SLC7A14",-0.469157570285708,0.388327915328324
"LSM14B",-0.46925578360101,0.0687166914741416
"ATP1A3",-0.469474704597095,0.347640979013635
"NFS1",-0.469967000973304,0.11622617440133
"ASMTL",-0.471313411189417,0.167960659050044
"TMEM163",-0.472022145607889,0.442137041831562
"IGSF9B",-0.472382768178353,0.257025440405799
"PCCB",-0.472393640497074,0.0391494929781274
"LYRM1",-0.472489332771864,0.140823585371237
"ABCD2",-0.472621551892814,0.35741096691237
"SEPTIN5",-0.473038085306078,0.276550164801263
"HLTF",-0.473439163290849,0.0531810544089119
"GLRB",-0.474853540467477,0.136479312569207
"MICU3",-0.474920204350529,0.136757047173665
"S1PR1",-0.476345460159417,0.333731888481673
"PLPP4",-0.476788597084423,0.206614650519177
"SLC7A11",-0.480176168171164,0.176030352694158
"LYRM9",-0.480615838909463,0.293013544317869
"AMACR",-0.480685120434054,0.160647690676159
"GPR37L1",-0.481078416461003,0.213142030579033
"EXOG",-0.481325756370804,0.130924844748965
"PRRT2",-0.481708602300411,0.451740737092073
"MRPL14",-0.482010855741456,0.00913542147355235
"NDUFB4",-0.483419104423375,0.216955002275542
"RIMBP2",-0.484015481764869,0.128984749534198
"MRPL22",-0.484358187669594,0.0153675555461405
"DTX3",-0.484827800491303,0.0795046110857542
"CCDC177",-0.484900107872556,0.32760508108621
"MRPL37",-0.485049707230893,0.0301637750765134
"TTLL1",-0.485803420715085,0.034601546315205
"KCNC3",-0.487730601990445,0.44827491675576
"BCAT1",-0.488629219742455,0.220845270433452
"MIX23",-0.488783047471657,0.0335756402450224
"TOMM70",-0.488974487405351,0.110663479572443
"MRPL23",-0.489055675045917,0.0257019987961915
"PCLO",-0.489913233774287,0.429664405705639
"CRABP1",-0.490248969390533,0.669121334558983
"ATP5F1E",-0.490384591664736,0.118514238210318
"ERC2",-0.490895574806348,0.416348876961008
"ISCA1",-0.491070549951816,0.051375879852855
"GUCY1A2",-0.491190117416545,0.301680220767496
"ATP6V0D1",-0.491245083191487,0.304683305418338
"GNB5",-0.491831657590353,0.247566182485652
"ELAPOR2",-0.492486182524679,0.0687657078982162
"SERPINB9",-0.493322633981755,0.151371238211
"ALDH2",-0.493942456941927,0.0467291547538394
"ACSL6",-0.494033135256032,0.171004270851336
"USP11",-0.494113887458443,0.055827667355495
"PNPLA4",-0.494701026694669,0.019548218433067
"RAB3A",-0.49497395990425,0.349635030492939
"CNNM1",-0.49563535462373,0.172627267286811
"CHDH",-0.496513503979241,0.0899631380661525
"PHKG1",-0.497992383358161,0.285795357310965
"NMRAL1",-0.498225939960527,0.502392445484181
"DNAJC5",-0.498237546528406,0.0536131220399641
"TFAM",-0.498272895579468,0.00916793311603189
"S100A13",-0.498329911352107,0.233192965639356
"TPBG",-0.498840648093852,0.21022720289084
"SIRT3",-0.498978817397514,0.0780197091556399
"EPM2A",-0.500009601001866,0.233192965639356
"VDAC1",-0.500021233958087,0.0630170511408878
"GCSH",-0.501580314774577,0.0757646611397278
"CBR4",-0.505197768398483,0.0541837252458768
"PTPMT1",-0.505713012994047,0.0181678743922792
"CYCS",-0.50638021575552,0.276550164801263
"PRMT7",-0.507177251622536,0.0124573059484599
"NDUFB1",-0.50814073663253,0.0644353569481964
"JAM2",-0.508959514842845,0.0315443308410022
"CKB",-0.509444084004276,0.126794539892694
"COQ8B",-0.510151372569871,0.140823585371237
"QNG1",-0.510489404856502,0.0270776712705524
"HLA-E",-0.510709065147386,0.4297863884416
"RGS6",-0.511738120872796,0.28456100948919
"CS",-0.511784027397001,0.0763773572473267
"TMEM35A",-0.512173750253951,0.147853105134244
"MSMO1",-0.513010141295996,0.0650943058375784
"SLC1A4",-0.513626537774279,0.232913332316988
"UQCRH",-0.51517636695505,0.335965360074539
"RNF181",-0.515374644027445,0.00913542147355235
"GPHN",-0.516084615359715,0.0372736760022322
"KIAA1755",-0.516130215392668,0.50681937506682
"LYRM4",-0.516360085026109,0.30503944630307
"CTNNA2",-0.516475913093874,0.166229655715033
"TP53BP2",-0.517584781630231,0.0576593171555674
"MT-ND4",-0.517603881742496,0.0408402985682032
"DLAT",-0.517682062273616,0.0895947594471033
"ADCYAP1R1",-0.518791500426872,0.184403402181584
"CACNG3",-0.518811793158948,0.538721536473093
"SLC6A4",-0.518914576451039,0.222171330218131
"MGST3",-0.519439866761939,0.0494994939989299
"ACADSB",-0.519709643492586,0.0683903572959588
"SARDH",-0.520119723641535,0.232913332316988
"PAM",-0.520163446099383,0.362363937509841
"GNAL",-0.520554192795201,0.23331779566109
"ATP5PD",-0.520806424403988,0.0653485155253584
"BRAT1",-0.521134418119887,0.0338312231725268
"COA6",-0.521455731349663,0.119170724858338
"MT-ND1",-0.522099801976932,0.0131070552605153
"MRPL28",-0.522775347953434,0.21085947467791
"CIT",-0.523582530910776,0.330781463045685
"CIRBP",-0.524248541682638,0.121417136458622
"FECH",-0.524291910811785,0.0339645111760267
"NADSYN1",-0.524986522619229,0.022921127410555
"PRTFDC1",-0.525093921179663,0.275059900725952
"USP40",-0.527054304312419,0.0335756402450224
"KCND2",-0.529675382933631,0.17993892750145
"BANF1",-0.530482618973584,0.167182338254362
"BCKDHB",-0.530913990587377,0.080611771926514
"TOMM22",-0.531289373421214,0.0407697321654998
"ATP5PF",-0.531300810443733,0.136316876633185
"MECR",-0.53136862501788,0.0285659408907767
"SCG5",-0.531405136012317,0.33437388418394
"PDHX",-0.532316981121374,0.0595782202308319
"NDUFA13",-0.532543513951802,0.0542703266637547
"MRPL21",-0.532973123492023,0.0198154803760819
"HMGCLL1",-0.533169914259584,0.112632262172695
"USP9Y",-0.533172003996821,0.332373993486803
"PACSIN1",-0.533575788626495,0.302411623198793
"SLC39A12",-0.535304143255622,0.386336752176362
"NAGA",-0.535354272479945,0.00615285479114314
"MDH2",-0.536452830341192,0.071052629436749
"PAM16",-0.536542352263512,0.0494994939989299
"LGI3",-0.536759709512204,0.326785981742327
"OGA",-0.537365516512255,0.00895662628892172
"IGF1R",-0.538278376778578,0.0318183902303468
"RBM3",-0.540378963345014,0.248757348725781
"PDE1B",-0.540451685390709,0.247924799744101
"MT3",-0.541149095689075,0.359149104386261
"BCO2",-0.544077042701806,0.037991818107561
"MSRB2",-0.545616510913601,0.0350084597481138
"MARS2",-0.545678224850544,0.0245995806874942
"MTHFD2L",-0.546083924144225,0.0693218394463488
"MAOA",-0.547731431220518,0.0279064181059534
"GAN",-0.548454021315036,0.100983792827785
"GRIA4",-0.548988944561371,0.10328092312425
"SCAI",-0.548998113310951,0.230711114135335
"SARS2",-0.549063192587704,0.010923831135306
"COX4I1",-0.549305663723581,0.0649975579117248
"MOBP",-0.549406097934575,0.402645271741116
"POLR2E",-0.550196312425276,0.013621007149997
"TRPM3",-0.550747484732716,0.228238996407462
"QPRT",-0.550927330710131,0.446676151485157
"ELAVL2",-0.551085487100862,0.145597381851758
"STXBP1",-0.553385952405355,0.178092574893485
"NHERF2",-0.553577009626014,0.232913332316988
"DPP6",-0.55493377712078,0.212165738546035
"ECI1",-0.555230358257592,0.0258952720145834
"OPLAH",-0.556677944420532,0.128318511945358
"MCCC2",-0.556742832813111,0.238745502471536
"BTBD17",-0.557403821689308,0.512783290462274
"GRM3",-0.557819378800249,0.145359047632861
"MRPL47",-0.558397486822951,0.0114479780763783
"MRPL24",-0.559395230724502,0.00879716637141299
"TRAF3",-0.561328571508185,0.236603263708367
"CAPRIN2",-0.562110676976711,0.236654547661005
"HK1",-0.562177571721962,0.119394267859849
"SLC4A10",-0.563318174306231,0.10880054736315
"SLC9A6",-0.5641993361471,0.169671217030077
"ALDH5A1",-0.564526070397767,0.0491795938074024
"NAT8L",-0.564757209438485,0.0292432500326729
"WARS2",-0.566628225348991,0.0217974085884292
"FGFR3",-0.568413981331583,0.0337612191198445
"SYN3",-0.570387203806329,0.340023854745208
"TTC19",-0.572229037264817,0.0745194820166065
"MRPL11",-0.573295351621074,0.0257019987961915
"NPC1",-0.573863925111548,0.00996636432472101
"MMUT",-0.575373309801526,0.00911794607648303
"SYNGR3",-0.575808887879693,0.375357165609165
"GLS",-0.576876659261741,0.161220954602505
"OPA1",-0.577704488221883,0.027328777997485
"NDUFA4",-0.578508581489784,0.125508504608724
"LDHD",-0.578705246751471,0.013621007149997
"GDAP1",-0.578823799425123,0.0455097711155063
"CACNA2D2",-0.578997655084939,0.145356610577459
"BRINP1",-0.57990566978736,0.0272356329760419
"LRPPRC",-0.580992948997164,0.0429763878449077
"MAP1S",-0.58161672466,0.0303527161448528
"QDPR",-0.5818550005232,0.294165413102732
"PRDX5",-0.581943806521519,0.00801919735422203
"GABBR1",-0.582269371520684,0.273123017446563
"GYS1",-0.583991975584919,0.12183723724232
"NDUFS8",-0.584293708314069,0.0299009500940069
"RDH13",-0.584586052276669,0.064822459621667
"CISD1",-0.585906137875947,0.0833806184403312
"MRPL1",-0.585953872490824,0.00798666366872113
"FOXRED1",-0.58785553528466,0.015298009265666
"EARS2",-0.591542422930398,0.0112307830554357
"GRIA2",-0.593121769573338,0.288718918646687
"OPALIN",-0.593826548630908,0.522976339263244
"EFR3B",-0.597789395704261,0.06609518051556
"IDH2",-0.598241223948717,0.0284004740641886
"DNAAF5",-0.599295002443141,0.186699007139755
"C3orf33",-0.600619639032173,0.230000338715711
"SLIRP",-0.601175282809088,0.0252017499979474
"PNCK",-0.601222727679787,0.16757763128865
"SGIP1",-0.601267351343569,0.136316876633185
"ATP1B2",-0.601997065707792,0.122279521989942
"SYN1",-0.602167655209094,0.424584144794275
"SPHK2",-0.605120672191711,0.0192807070874754
"ECSIT",-0.605196585026694,0.0800028574452284
"MT-ND3",-0.608955810428812,0.0252017499979474
"NEK4",-0.609194570115122,0.0642949659460076
"MTCH1",-0.609216799163006,0.0139676675748411
"IDH3A",-0.609917608237282,0.122279521989942
"GOT2",-0.610181620054343,0.0913370389989775
"VKORC1",-0.613703902959387,0.125596431013025
"GABRA1",-0.613902020202753,0.497422258611818
"SYP",-0.616595881265736,0.276550164801263
"NDUFS4",-0.619219776904991,0.0373263460713535
"CMC1",-0.620194194675113,0.1714982856305
"HAPLN1",-0.622903878911975,0.484001244968697
"SCAMP5",-0.624608322831079,0.0943648389651341
"AKR1C1",-0.625203077971834,0.233976106845135
"RHBDD2",-0.626962533215695,0.027328777997485
"SLC25A12",-0.627528580765128,0.110663479572443
"ETNPPL",-0.628582940691645,0.416018643356886
"SCARA3",-0.629343755727035,0.284320378644779
"DMAC2L",-0.629825608068751,0.0525971734106764
"LGI2",-0.630292788012986,0.131771623714165
"IDH3B",-0.633487165269928,0.122332759346535
"RBKS",-0.633780721710808,0.0963706409991253
"SLC25A4",-0.634946655348982,0.0913370389989775
"EGFR",-0.636557870977224,0.240948008351248
"RAB37",-0.638650078965165,0.284320378644779
"COA7",-0.640271704105952,0.128436826355001
"ATP5MG",-0.64034976547973,0.0394658074706044
"BSN",-0.641443580260205,0.410662440774318
"MYORG",-0.642377945332444,0.0646789924095398
"GATD3B",-0.642459368566534,0.0124573059484599
"PSAP",-0.643453145712703,0.112632262172695
"PITPNC1",-0.644063477400771,0.0167453731211564
"RPH3A",-0.64446279585438,0.331792400089272
"ITGB8",-0.646171423796133,0.0270776712705524
"TMEM160",-0.646486299198075,0.029559536342645
"SLC25A22",-0.648498329977254,0.157421492210681
"SMIM12",-0.651226159244648,0.0965708032483799
"STX1B",-0.652695622365473,0.210541021346325
"SLC6A17",-0.656424298448994,0.305772635246895
"CKMT1A; CKMT1B",-0.657016312815198,0.132331511919384
"VDAC3",-0.657241271990086,0.0296492552867392
"RTL8C",-0.659447023850464,0.00314536759011681
"GJA1",-0.661560177430429,0.162070818073534
"ALDH6A1",-0.662253524582638,0.00798666366872113
"SLC25A25",-0.662829954229597,0.0840192081375536
"TTYH1",-0.669060535483604,0.0372736760022322
"ATP2B2",-0.669273817179656,0.169115783075971
"NDUFA7",-0.670215048152927,0.033028924173074
"PDIA2",-0.67080893145399,0.657449645722544
"PLPP3",-0.670943442076599,0.0379450139423008
"DHRS1",-0.67167013014571,0.271391947078108
"SLC17A6",-0.672101239759533,0.247924799744101
"COX7A2L",-0.672155883146019,0.112178086760072
"SERPINE2",-0.675010429317449,0.0670002051524449
"GLS2",-0.677193894563072,0.037991818107561
"PTGR3",-0.678714026424029,0.0178227380912881
"GABRG2",-0.679077222960943,0.367000782650541
"SYT7",-0.68037133622957,0.18568011661651
"PTPRN",-0.680498923020985,0.250500912210886
"NDUFAF1",-0.681790590425598,0.0666774886928342
"NDUFA3",-0.681934267172259,0.0653843234110935
"PYCR2",-0.68287057943011,0.0393729034668001
"DPP7",-0.684632493807651,0.0333258498390702
"NDUFB7",-0.68517197180579,0.0159529467473723
"COX5A",-0.686253635876486,0.0192807070874754
"COX5B",-0.686905201402803,0.112178086760072
"TPPP",-0.693100743782347,0.0799935955205996
"NDUFB8",-0.697070193544334,0.022921127410555
"TIMM9",-0.698844398158087,0.0595782202308319
"ABHD11",-0.699476540062705,0.0340013079632613
"PPT1",-0.700401660939755,0.0800028574452284
"SLC1A3",-0.701350891922029,0.122808708207186
"NDUFB5",-0.703145987063023,0.0192807070874754
"ADI1",-0.703510099690446,0.0532854235481239
"UQCC2",-0.703777161631627,0.001201958833955
"SLC13A5",-0.704241091715912,0.197978290880924
"NDUFS1",-0.707883400718963,0.0178227380912881
"GSTO1",-0.708416110028161,0.107331135595929
"COX7A2",-0.710960568061882,0.102010968814601
"MT-CO2",-0.713918597738399,0.0392946560414652
"IGLON5",-0.713946812428872,0.136316876633185
"SYT1",-0.714327878097636,0.402616768754766
"LY6H",-0.718453015369848,0.289909666035081
"NDUFS7",-0.720538288376028,0.00931245219451135
"ELMOD1",-0.720923861656616,0.051375879852855
"MX1",-0.721537848376472,0.14154428152658
"CMC4",-0.722007208278363,0.0114479780763783
"ITPA",-0.724098930816398,0.114759869674274
"KCNIP4",-0.724299867493372,0.140823585371237
"NDUFV2",-0.725696368966252,0.0148336645375826
"NDUFA6",-0.726292442534394,0.00913900259021857
"PCP4L1",-0.730659161348005,0.193922463795602
"HDHD3",-0.731610517474087,0.374706421223817
"NDUFA8",-0.731640350054508,0.0391494929781274
"NDUFS3",-0.734428635935744,0.00913900259021857
"ASTN1",-0.737484610677576,0.0525971734106764
"CACNA2D3",-0.748968996089323,0.0724002178790081
"RAB3C",-0.751552647093099,0.18982482063622
"PHKA1",-0.752600019732483,0.211306223244405
"SV2B",-0.754738741287607,0.330725087946458
"MAP2",-0.756999198726483,0.371163571061072
"NDUFA9",-0.758302012725879,0.0115348735761287
"PTPRN2",-0.75918088084884,0.210780867409668
"HIBCH",-0.761949799148073,0.0963941748445569
"ATCAY",-0.762018495795362,0.207308384770264
"HAPLN4",-0.762776114688396,0.390954834166385
"GRIN1",-0.765892535461316,0.369799534431045
"LYNX1",-0.766747755601376,0.204394258926607
"CLYBL",-0.769000619562309,0.186699007139755
"PTGR1",-0.77355192297718,0.037991818107561
"NDUFS2",-0.780545808432949,0.00839561590855203
"IDI1",-0.780558863574655,0.00255493731545243
"OGDHL",-0.780986216975016,0.0833806184403312
"SLC25A27",-0.782047338576222,0.0583216523903386
"NDUFB6",-0.78324282290574,0.00349034070418489
"GSTT1",-0.784749898862218,0.483747620451763
"MT2A",-0.786366005411625,0.145638905435164
"ACSM5",-0.788803910785011,0.110663479572443
"NDUFA11",-0.7891237185287,0.037991818107561
"CACNG2",-0.791649984590915,0.098155257402935
"NDUFB3",-0.795120278753044,0.0100125173172194
"MT1E",-0.797631400267218,0.17011660706975
"NDUFB10",-0.797705162373211,0.0126536883679375
"D2HGDH",-0.798625018489051,0.0112920616423406
"AKR1C3",-0.799450169298694,0.0428673402191429
"RNASEL",-0.805800636551583,0.134478289039591
"RAB3D",-0.806140965170606,0.122279521989942
"NDUFA12",-0.807541987401859,0.0050306255339198
"SLC6A11",-0.809229059430415,0.442975836518407
"OMG",-0.810922913565426,0.128318511945358
"ABAT",-0.81515169649669,0.0287026633513182
"ECI2",-0.816702669825306,0.118514238210318
"SLC6A1",-0.816805578559987,0.0720856988627041
"NDUFA10",-0.822296362181795,0.0134247308835864
"NUDT2",-0.827631696256083,0.0111051357072096
"RASA4",-0.833161784286346,0.233139404021217
"HLA-DQB1",-0.833727151684319,0.2906845481058
"NDUFV1",-0.835654903678854,0.0136071393822156
"GAD2",-0.837830705751257,0.296017821797755
"GSTT2",-0.843422965136202,0.573998884141301
"NDUFB9",-0.846388176915625,0.00931245219451135
"COX6B1",-0.847618383121414,0.110663479572443
"NDUFB11",-0.848504668600874,0.00570673700751642
"ISCU",-0.849979055734382,0.0280018910545559
"SDR39U1",-0.855819360046347,0.0371176489075683
"NDUFS6",-0.856737875838087,0.00913900259021857
"AGL",-0.857218736073891,0.0391494929781274
"GJB6",-0.862453810764833,0.0703280055689271
"NDUFS5",-0.867814686379424,0.00693813849155512
"GLRA3",-0.8678581341677,0.228823330485272
"MMAB",-0.875436070836654,0.0361297973683865
"DECR2",-0.883532287168781,0.0252017499979474
"NDUFA5",-0.886986857031294,0.0217974085884292
"GAD1",-0.890792182572257,0.216196259161699
"EPPK1",-0.898815506431855,0.109108330133186
"OCIAD2",-0.899728970795112,0.0537797889499339
"DHCR24",-0.901064104401794,0.0792556550311817
"NDUFC2",-0.902382059236183,0.00470412121439184
"HEPACAM",-0.916101680292394,0.0710572981268334
"SPARCL1",-0.917165973869068,0.0186401880520877
"SV2A",-0.931496548685471,0.227660030429724
"RAB3B",-0.932323049071909,0.148188276895185
"BDH1",-0.932871034572203,0.0114479780763783
"THEM4",-0.949117128887336,0.00403023810091817
"FDFT1",-0.950680920203784,0.00787657175798794
"PENK",-0.953480307922419,0.184958652716743
"RIDA",-0.988420672142878,0.000388063098830853
"LARS2",-1.00828439149701,0.0674149733324301
"BPHL",-1.01615620269406,0.000417444972119161
"SLC12A5",-1.01817765711264,0.222615866777293
"VAMP1",-1.02388922591161,0.0751391219056833
"NIT1",-1.03592012521577,0.019548218433067
"NDUFA2",-1.03673932859484,0.0118199792188964
"GLRA1",-1.0392921567306,0.18568011661651
"SLC6A5",-1.04025508034793,0.128318511945358
"HMGCS1",-1.06934962030159,0.0109859448234842
"LAMP5",-1.07216674664192,0.0674149733324301
"ACBD7",-1.07267152721164,0.0680016720041215
"SLC1A2",-1.0936696245899,0.230711114135335
"SORCS2",-1.10038463112565,3.3160335482561e-05
"SLC32A1",-1.14971642945031,0.118514238210318
"P2RY12",-1.17533930523135,0.00447119254442697
"VWF",-1.1837031699532,0.243578751611376
"NTPCR",-1.19832798456667,0.133355829054706
"MCEE",-1.21350087367152,0.0014822797758155
"VGF",-1.24435580053516,0.0217679317505945
"NIPSNAP3B",-1.24511280822566,0.0126536883679375
"SYT2",-1.26178738773236,0.191278866238505
"ACOT11",-1.26484127543257,0.000750780822344059
"SV2C",-1.27535160006046,0.14871409293531
"PYROXD2",-1.29618934171774,0.0114479780763783
"C1QBP",-1.31944576081202,0.00196364408542783
"SLC14A1",-1.34780578330231,0.078041077839558
"NAPRT",-1.45103683376858,0.18568011661651
"GSTM5",-1.48548042633491,0.375721168692598
"PRODH",-1.54395037123425,0.000121692911687749
"GSTM4",-2.19057404584624,0.00798666366872113
"ACY3",-2.2605493364278,0.0014822797758155
