"ID","Description","NES","pvalue","p.adjust","setSize","core_enrichment"
"GO:0002252","immune effector process",2.47579925290771,1.02591033090656e-30,4.45347674646537e-27,287,"1401/6280/735/4353/1511/3493/1991/3502/629/3123/722/3107/718/3514/3263/729/3106/731/733/3075/3426/3929/716/2147/727/8288/3501/715/335/10875/28452/710/3538/57126/2/259307/3500/28439/713/720/3503/717/3105/714/28388/3122/28394/3383/3078/3958/100423062/28400/51284/8741/383/3689/6891/730/23180/5788/28386/28451/306/725/28448/712/3936/8673/29108/3055/3507/28461/336/1075/972/5873/5777/922/100/3684/2212/567/10384/2209/1636/301/102723168/8832/10312/1794/2207/5580/5553/3683/9103/6778/1191/7409/10859/3606/11151/5336/54518/8482/4192/139818/114770/28984/6850/3956/8417/3494/3848/8547/79415"
"GO:0009060","aerobic respiration",-3.13588861086522,2.65779175377493e-30,5.76873700156849e-27,138,"521/1346/65084/27069/79736/84277/205/5160/506/23530/10105/7381/509/56181/2271/135154/1345/9927/2395/7384/27089/7385/79085/246269/5162/498/10873/6390/57017/513/1738/539/2631/93974/9016/3421/8802/4967/6391/1743/8803/4710/514/23410/54205/4707/1431/7388/1737/10476/388753/522/51079/4191/1327/4697/4728/3418/3419/4724/3420/10632/4701/9167/51103/4696/4713/9377/1329/4714/4711/84300/4719/1347/374291/4729/4700/4702/4722/4704/4720/55753/4712/126328/4709/4716/55967/4705/4723/4715/1340/54539/23479/4726/4725/4698/4718/4695"
"GO:0140546","defense response to symbiont",2.25181964820739,4.24051371836668e-30,6.13602335047658e-27,487,"1401/6280/6279/325/735/1511/3493/1991/4069/3502/629/2243/1728/722/5657/2244/3107/6037/718/3263/729/3106/731/733/4057/3075/3512/5473/3426/3929/716/2147/727/3273/3501/820/715/10875/3827/348/710/3934/57126/2/2634/929/3500/713/720/671/1536/283/3503/717/3105/714/3078/3958/7431/51284/383/730/23180/5788/725/8542/1535/4360/712/3687/8673/29108/3055/3507/8942/6590/25939/972/2633/5873/5777/55647/3684/51752/567/2317/2209/4600/301/4641/857/8832/7018/6278/255520/2207/284297/834/4332/84329/1520/6672/6038/1191/2810/7409/6358/445/79792/2161/4792/10859/5919/199/3606/55646/11151/5770/3113/5336/54625/10241/114770/6850/55577/5371/3494/3848/83666/8547/79415/151636/4939/684/10533/28912"
"GO:0006119","oxidative phosphorylation",-3.17003120842231,1.74206896061758e-28,1.89058033951023e-25,100,"521/1346/65084/27069/79736/84277/205/506/10105/7381/509/1345/2395/7384/27089/7385/79085/246269/498/6390/57017/513/1738/539/2631/93974/6391/4710/514/54205/4707/7388/10476/388753/522/51079/1327/4697/4728/4724/10632/4701/9167/51103/4696/4713/9377/1329/4714/4711/84300/4719/1347/374291/4729/4700/4702/4722/4704/4720/4712/126328/4709/4716/55967/4705/4723/4715/1340/54539/23479/4726/4725/4698/4718/4695"
"GO:0045333","cellular respiration",-2.99438218798015,5.08613505792486e-27,4.41578245729036e-24,167,"2820/9997/131474/83733/521/1346/65084/27069/79736/84277/205/5160/3052/506/23530/10105/7381/509/56181/2271/135154/1345/9927/2395/7384/27089/7385/79085/246269/5162/4938/113829/498/10873/6390/57017/513/1738/539/2631/93974/9016/3421/8802/4967/6391/1743/8803/4710/514/23410/54205/4707/1431/7388/1737/10476/388753/522/51079/4191/1327/4697/4728/55847/3418/3419/4724/8604/3420/10632/79751/114789/4701/9167/51103/4696/4713/9377/1329/4714/4711/84300/4719/1347/374291/4729/4700/4702/4722/4704/4720/55753/4712/126328/4709/4716/55967/4705/4723/4715/1340/54539/23479/4726/4725/4698/4718/4695"
"GO:0009617","response to bacterium",2.4371249931961,8.3880751843136e-27,6.06877239585089e-24,270,"1401/6280/6279/4353/1511/3493/1991/116844/4069/3502/629/2243/3123/4318/1728/722/2244/6037/3240/718/3106/761/4057/3512/5473/3929/2147/8288/84034/3501/820/3934/2634/929/4023/3500/23166/671/283/3503/717/1291/3105/7431/999/11117/6891/306/725/1535/4360/29108/3055/249/3507/19/6590/2633/3684/51752/567/2209/1636/857/2876/7018/6278/2207/284297/5580/834/5553/2289/6038/728/445/79792/4792/10859/5919/3606/1373"
"GO:0006954","inflammatory response",2.34636277801827,3.71003329747881e-26,2.30075064919365e-23,330,"6288/1401/6280/6279/325/5004/1991/12/4069/5005/5265/3123/4318/3240/718/9332/6291/3700/5473/7057/3929/2147/727/820/335/3827/197/348/2/2634/5345/929/4023/3500/6289/2687/23166/720/1536/1291/2335/3818/51284/3689/976/5788/3371/2350/1535/712/1270/8673/29108/3055/3339/1075/2633/5777/4363/922/11343/100/3684/2212/2209/669/196527/301/2876/10312/5580/834/8639/3683/9103/1191/5354/728/6358/445/79792/2161/4792/5919/199/3606/10162/50848/23607/5336/8482/4192/8717/114770/3603/6850/3956/3848/240/2950/1687/7442"
"GO:0015980","energy derivation by oxidation of organic compounds",-2.73345276184492,1.80089876029442e-25,9.77212689804758e-23,224,"515/5837/30968/3795/2820/9997/131474/83733/521/1346/65084/27069/79736/84277/205/5160/3052/2932/506/23530/10105/7381/509/56181/2271/3643/135154/1345/9927/2395/7384/27089/7385/79085/246269/5162/9852/4938/113829/498/10873/6390/57017/513/1738/539/2631/93974/9016/3421/8802/4967/5257/6391/1743/8803/4710/514/5260/23410/7957/54205/4707/1431/7388/1737/10476/388753/522/51079/4191/4504/1327/4697/2997/4728/55847/3418/3419/4724/8604/3420/10632/79751/114789/4701/9167/51103/4696/4713/9377/1329/4714/4711/84300/4719/1347/374291/4729/4700/4702/4722/5255/4704/4720/55753/4712/126328/4709/4716/55967/4705/4723/4715/1340/54539/23479/4726/178/4725/4698/4718/4695"
"GO:0002250","adaptive immune response",2.50621712207808,1.12322580181981e-24,5.21283033078951e-22,193,"735/3493/3502/2243/3123/722/2244/3107/718/3514/3263/729/3106/731/733/3512/3426/716/727/28896/28803/3501/715/3127/28452/710/3538/259307/3500/28439/713/720/3503/717/3105/714/28388/3122/28394/3383/100423062/28400/8741/383/6891/730/23180/6890/5788/28386/28451/725/28448/712/29108/3507/28461/1075/972/5873/5777/100/51752/2212/567/10384/2209/301/28773/102723168/8832/10312/2207/5580/9103/6778/1520/1191/10859/5321/3606/28877"
"GO:0050776","regulation of immune response",2.20631232065967,1.2008362890554e-24,5.21283033078951e-22,430,"6280/6279/735/1511/3493/1991/3502/629/3123/722/3107/718/3514/3263/729/3106/731/733/4057/3075/259/3426/3929/716/727/3273/3501/715/10875/3127/1/348/710/57126/2/2634/259307/929/3500/713/720/3503/717/3105/714/3122/3078/3958/51284/1281/8741/383/3689/6891/730/23180/5788/725/1535/712/29108/3055/3507/25939/972/2633/5777/922/100/3684/51752/2212/3937/567/10384/2209/301/5284/857/2876/2207/5580/834/4332/9103/6778/1520/1191/2810/7409/728/4792/10859/5321/3606/55646/23607/5770/3113/5336/54625/114770/581/28984/6850/3956/5795/55577/8417/3494/3848/83666/8547"
"GO:0006959","humoral immune response",2.62576735113647,2.65031279446851e-24,1.04590980370798e-21,98,"6280/735/1511/3493/1991/4069/3502/629/2243/3123/722/5657/2244/6037/718/3263/729/731/733/4057/3075/3512/5473/3426/716/2147/727/3273/3501/820/715/3827/710/2/3500/713/720/671/283/3503/717/3105/714/3078/3958/730/5788/725/712/3507/6590/5777/922/5699/567/7018/6278"
"GO:0019646","aerobic electron transport chain",-3.15044944468022,3.65969926901892e-24,1.32389621056759e-21,61,"1345/7384/27089/7385/246269/6390/57017/1738/6391/4710/54205/4707/7388/1327/4697/4728/4724/4701/9167/51103/4696/4713/9377/1329/4714/4711/4719/1347/374291/4729/4700/4702/4722/4704/4720/4712/4709/4716/4705/4723/4715/1340/23479/4726/4725/4698/4718/4695"
"GO:1902600","proton transmembrane transport",-2.98860085033959,1.02248753184947e-23,3.41432182750659e-21,110,"498/481/513/539/477/84679/9016/3954/5250/535/292/478/4710/514/9114/4707/7388/10476/522/1327/57282/10479/4697/4728/56848/4724/8604/27109/291/10632/79751/4701/57084/9167/4696/4713/9377/1329/4714/4711/4719/374291/4729/4700/4702/4722/4704/4720/9481/4712/4709/4716/55967/4705/4723/4715/1340/4726/4725/4698/4718/4695/140679"
"GO:0006754","ATP biosynthetic process",-3.18347678484706,2.2661123065513e-23,6.3364847277e-21,67,"498/6390/513/539/9556/93974/6391/4710/514/4707/10476/522/51079/4728/56848/4724/27109/10632/4701/4696/4713/4714/4711/4719/374291/4729/4700/4702/4722/4704/4720/4712/126328/4709/4716/55967/4705/318/4723/4715/54539/4726/4725/4698/4718/4695"
"GO:0042773","ATP synthesis coupled electron transport",-3.15489905261142,2.48146142296475e-23,6.3364847277e-21,65,"1345/7384/27089/7385/246269/6390/57017/1738/6391/4710/54205/4707/7388/388753/1327/4697/4728/4724/4701/9167/51103/4696/4713/9377/1329/4714/4711/4719/1347/374291/4729/4700/4702/4722/4704/4720/4712/4709/4716/55967/4705/4723/4715/1340/23479/4726/4725/4698/4718/4695"
"GO:0042775","mitochondrial ATP synthesis coupled electron transport",-3.15489905261142,2.48146142296475e-23,6.3364847277e-21,65,"1345/7384/27089/7385/246269/6390/57017/1738/6391/4710/54205/4707/7388/388753/1327/4697/4728/4724/4701/9167/51103/4696/4713/9377/1329/4714/4711/4719/1347/374291/4729/4700/4702/4722/4704/4720/4712/4709/4716/55967/4705/4723/4715/1340/23479/4726/4725/4698/4718/4695"
"GO:0098660","inorganic ion transmembrane transport",-2.37857124363696,2.18067560647191e-23,6.3364847277e-21,414,"10165/2257/7386/65267/79568/11331/1183/56262/476/23413/57463/493/9296/515/274/54499/65268/6546/83733/6543/10463/6326/8514/521/1346/3766/2561/10159/7781/27069/1910/10367/57030/53373/90550/342667/30818/57181/3782/4988/54805/53822/8671/506/57835/8402/1181/23530/10105/3313/9465/6000/30820/3685/6687/509/9843/287/94015/3746/3736/7384/5534/2742/6616/6548/6640/6844/6324/79085/6534/7009/777/498/481/513/539/2631/6262/3737/477/492/84679/2783/9016/3954/5332/6520/10939/2823/53826/6323/255057/5250/535/4842/292/187/5027/478/81615/2743/286097/4710/3748/514/9114/10681/7416/4707/6509/7388/117/10368/6532/10476/3751/522/221074/1327/80036/1804/57282/10479/4697/9254/4728/482/56848/2554/4724/8604/27109/291/10632/79751/388662/114789/57348/491/4701/57084/9167/2566/4696/4713/9377/1329/4714/6507/4711/284111/4719/9446/374291/80333/4729/4700/4702/4722/55799/4704/2902/4720/9481/4712/10369/4709/4716/55967/6538/6529/4705/4723/4715/1340/23479/4726/4725/8001/4698/4718/57468/4695/2741/9152/140679"
"GO:0140053","mitochondrial gene expression",-2.88449496535775,3.18255038214693e-23,7.675250671611e-21,123,"60528/55157/56945/55699/5442/51649/55278/64432/283459/80324/79736/9553/115416/26589/51116/54931/5188/85476/10102/51069/51081/9692/65080/51073/57038/51318/28977/51373/29074/54948/64981/7284/6182/64965/64976/80222/63875/55168/84340/740/128308/28958/22868/54534/64975/51264/3028/9238/11222/28998/84545/54148/84311/3396/64978/29088/9801/51642/55005/90480/60493/54516/65005/55052/64928/29093/51253/6150/7019/10573/219927/54938/57129/79590/10352/65003/10128/65008/124454/84300/23395/708"
"GO:0097250","mitochondrial respirasome assembly",-3.13407381115609,5.7099341328832e-23,1.30456968793926e-20,75,"91942/116228/135154/79133/64756/55863/2395/51241/6341/513/55245/28958/91647/25915/29078/28976/55471/4710/4707/51079/54902/4728/55572/51295/4724/9167/51103/4696/4713/4714/4711/84300/4719/1347/374291/4700/4702/4722/4704/4720/4712/126328/4709/4716/55967/4705/4715/54539/4725/4698/4718/4695"
"GO:0009206","purine ribonucleoside triphosphate biosynthetic process",-3.11616599337237,1.21193475312484e-22,2.63050438165747e-20,73,"498/6390/513/539/9556/93974/6391/4710/514/4707/10476/522/51079/4728/56848/4724/27109/10632/4701/4696/4713/4714/4711/4719/374291/4729/4700/4702/4722/4704/4720/4712/126328/4709/4716/55967/4705/318/4723/4715/54539/4726/4725/4698/4718/4695"
"GO:0002443","leukocyte mediated immunity",2.48860887358288,1.49162861359761e-22,3.08340943410819e-20,179,"735/1511/3493/1991/3502/3123/722/3107/718/3514/3263/729/3106/731/733/3426/716/2147/727/3501/715/28452/710/3538/57126/259307/3500/28439/713/720/3503/717/3105/714/28388/3122/28394/3383/100423062/28400/8741/383/3689/6891/730/23180/5788/28386/28451/306/725/28448/712/8673/3507/28461/1075/972/5873/5777/3684/2212/567/10384/2209/1636/102723168/8832/10312/2207/5580/9103/6778/1191/7409/10859/3606/11151"
"GO:0015986","proton motive force-driven ATP synthesis",-3.08805250173038,1.85315498064925e-22,3.65661171409018e-20,56,"498/6390/513/539/9556/93974/6391/4710/514/4707/10476/522/51079/4728/4724/10632/4701/4696/4713/4714/4711/4719/374291/4729/4700/4702/4722/4704/4720/4712/126328/4709/4716/55967/4705/4723/4715/54539/4726/4725/4698/4718/4695"
"GO:0009201","ribonucleoside triphosphate biosynthetic process",-3.09483021128096,2.12744279854864e-22,4.0153170384781e-20,77,"498/6390/513/539/9556/93974/6391/4710/514/4707/10476/522/51079/4728/56848/4724/27109/10632/4701/4696/4713/4714/4711/4719/374291/4729/4700/4702/4722/4704/4720/4712/126328/4709/4716/55967/4705/318/4723/4715/54539/4726/4725/4698/4718/4695"
"GO:0002460","adaptive immune response based on somatic recombination of immune receptors built from immunoglobulin superfamily domains",2.53627721813279,3.67345595307282e-22,6.64436345512046e-20,140,"735/3493/3502/3123/722/3107/718/3514/3263/729/3106/731/733/3426/716/727/3501/715/28452/710/3538/259307/3500/28439/713/720/3503/717/3105/714/28388/3122/28394/3383/100423062/28400/8741/383/6891/730/23180/5788/28386/28451/725/28448/712/3507/28461/1075/972/5873/5777/100/2212/567/10384/2209/301/102723168/10312/2207/5580/9103/6778/1191/10859/5321/3606"
"GO:0006120","mitochondrial electron transport, NADH to ubiquinone",-3.0261435928013,4.16618315190227e-22,7.2341604249631e-20,36,"57017/1738/4710/4707/4697/4728/4724/4701/51103/4696/4713/4714/4711/4719/374291/4729/4700/4702/4722/4704/4720/4712/4709/4716/4705/4723/4715/23479/4726/4725/4698/4718/4695"
"GO:0032543","mitochondrial translation",-2.99396892695272,4.83575511816014e-22,8.07385114151275e-20,102,"55157/56945/55699/51649/55278/64432/283459/9553/115416/26589/51116/54931/5188/85476/10102/51069/51081/65080/51073/57038/51318/28977/51373/29074/54948/64981/7284/6182/64965/64976/80222/63875/55168/84340/740/128308/28958/22868/54534/64975/51264/11222/28998/84545/54148/84311/3396/64978/29088/9801/51642/55005/90480/54516/65005/55052/64928/29093/51253/6150/10573/219927/54938/57129/79590/10352/65003/10128/65008/124454/84300/23395/708"
"GO:0033108","mitochondrial respiratory chain complex assembly",-3.11919507140573,6.66867837266441e-22,1.03491867496939e-19,72,"91942/116228/135154/79133/55863/2395/51241/6341/55245/28958/25915/29078/28976/55471/4710/7019/4707/51079/54902/4728/55572/51295/4724/51103/4696/4713/4714/4711/84300/4719/374291/4700/4702/4722/4704/4720/4712/126328/4709/4716/55967/4705/4715/54539/4725/4698/4718/4695"
"GO:0098662","inorganic cation transmembrane transport",-2.36057406605061,6.67535657662816e-22,1.03491867496939e-19,385,"10165/2257/7386/65267/79568/11331/476/23413/57463/493/9296/515/274/54499/65268/6546/83733/6543/10463/6326/8514/521/1346/3766/10159/7781/27069/1910/10367/57030/53373/90550/342667/30818/57181/3782/4988/54805/53822/8671/506/57835/23530/10105/3313/9465/6000/30820/3685/6687/509/9843/287/3746/3736/7384/5534/6616/6548/6640/6844/6324/79085/6534/7009/777/498/481/513/539/2631/6262/3737/477/492/84679/2783/9016/3954/5332/6520/10939/2823/53826/6323/255057/5250/535/4842/292/187/5027/478/81615/286097/4710/3748/514/9114/10681/7416/4707/7388/117/10368/6532/10476/3751/522/221074/1327/80036/1804/57282/10479/4697/9254/4728/482/56848/4724/8604/27109/291/10632/79751/388662/114789/57348/491/4701/57084/9167/4696/4713/9377/1329/4714/6507/4711/284111/4719/9446/374291/80333/4729/4700/4702/4722/55799/4704/2902/4720/9481/4712/10369/4709/4716/55967/6538/6529/4705/4723/4715/1340/23479/4726/4725/4698/4718/57468/4695/9152/140679"
"GO:0009145","purine nucleoside triphosphate biosynthetic process",-3.08481689976199,1.25834932382838e-21,1.82083147157967e-19,74,"498/6390/513/539/9556/93974/6391/4710/514/4707/10476/522/51079/4728/56848/4724/27109/10632/4701/4696/4713/4714/4711/4719/374291/4729/4700/4702/4722/4704/4720/4712/126328/4709/4716/55967/4705/318/4723/4715/54539/4726/4725/4698/4718/4695"
"GO:0009142","nucleoside triphosphate biosynthetic process",-3.04764413313276,1.23260701579158e-21,1.82083147157967e-19,83,"498/6390/513/539/9556/93974/6391/4710/514/4707/10476/522/51079/4728/56848/4724/27109/10632/4701/4696/4713/4714/4711/4719/374291/4729/4700/4702/4722/4704/4720/4712/126328/4709/4716/55967/4705/318/4723/4715/54539/4726/4725/4698/4718/4695"
"GO:0042776","proton motive force-driven mitochondrial ATP synthesis",-3.05567700871127,1.31628522929815e-21,1.8432239291559e-19,52,"498/6390/513/539/93974/6391/4710/514/4707/10476/522/51079/4728/4724/10632/4701/4696/4713/4714/4711/4719/374291/4729/4700/4702/4722/4704/4720/4712/126328/4709/4716/55967/4705/4723/4715/54539/4726/4725/4698/4718/4695"
"GO:0002449","lymphocyte mediated immunity",2.51541921201216,2.40373970167436e-21,3.26082313905263e-19,137,"735/3493/3502/3123/722/3107/718/3514/3263/729/3106/731/733/3426/716/727/3501/715/28452/710/3538/259307/3500/28439/713/720/3503/717/3105/714/28388/3122/28394/3383/100423062/28400/8741/383/6891/730/23180/5788/28386/28451/725/28448/712/3507/28461/1075/972/5873/5777/2212/567/10384/2209/102723168/10312/2207/5580/9103/6778/1191/7409/10859/3606/11151"
"GO:0006091","generation of precursor metabolites and energy",-2.46477003876754,4.79601963043759e-21,6.30894582294835e-19,314,"509/56181/2271/3643/135154/1345/9927/2395/7384/9370/27089/7385/79085/246269/5162/9852/4938/113829/498/10873/6390/83440/57017/513/1738/539/2631/93974/9016/3421/8802/4967/6120/5257/6391/230/1743/79611/8803/5019/5027/4710/514/5260/23410/7957/54205/4707/1431/7388/1737/10476/388753/2235/522/51079/54511/4191/4504/1327/3098/4697/2997/4728/55847/3418/56848/3419/4724/8604/3420/64080/291/10632/79751/114789/4701/9167/51103/4696/4713/9377/1329/4714/4711/84300/4719/1347/374291/4729/4700/4702/4722/5255/4704/4720/55753/4712/126328/4709/4716/55967/4705/4723/4715/1340/54539/23479/4726/178/4725/4698/4718/4695/7425"
"GO:0045087","innate immune response",2.12442305938799,9.03105226803531e-21,1.15305287928063e-18,428,"1401/6280/6279/325/735/629/2243/1728/722/2244/3107/6037/718/3263/729/3106/731/733/4057/3075/3512/3426/3929/716/727/820/715/348/710/3934/57126/2/2634/929/713/720/671/1536/283/717/3105/714/3958/7431/51284/383/730/23180/725/8542/1535/4360/712/29108/3055/3507/8942/6590/25939/972/2633/5873/5777/55647/3684/51752/567/2317/2209/4600/301/4641/857/8832/2207/284297/834/4332/84329/1520/6672/1191/2810/7409/445/79792/2161/4792/10859/5919/199/3606/55646/11151/5770/3113/5336/54625/10241/114770/6850/55577/5371/3848/83666/8547/79415/151636/4939/684"
"GO:0098655","monoatomic cation transmembrane transport",-2.2723666333048,1.1089373972939e-20,1.3753992119008e-18,396,"10165/2257/7386/65267/79568/11331/476/23413/57463/493/9296/515/274/54499/65268/6546/83733/6543/10463/6326/8514/521/1346/3766/10159/7781/27069/1910/10367/57030/53373/90550/342667/30818/57181/3782/4988/10396/54805/53822/8671/506/57835/23530/10105/3313/9465/6000/30820/3685/23400/6687/509/9843/287/3746/3736/7384/5534/6616/6548/6640/6844/6324/79085/6534/7009/777/498/481/513/539/2631/6262/3737/477/492/84679/2783/9016/3954/5332/6520/10939/2823/53826/6323/255057/5250/535/4842/292/187/5027/478/81615/286097/4710/3748/514/9114/10681/7416/4707/7388/117/10368/6532/10476/3751/522/221074/1327/80036/1804/57282/10479/4697/9254/4728/2891/482/56848/4724/8604/27109/291/10632/79751/388662/114789/57348/491/4701/57084/9167/4696/4713/9377/1329/4714/6507/4711/284111/4719/9446/374291/80333/4729/4700/4702/4722/55799/4704/2902/4720/9481/4712/10369/4709/4716/55967/6538/6529/4705/4723/4715/1340/23479/4726/4725/4698/4718/57468/4695/9152/140679"
"GO:0042742","defense response to bacterium",2.51650315902748,3.1873589788968e-20,3.8097383847574e-18,116,"1401/6280/6279/4353/1511/3493/1991/4069/3502/2243/2244/6037/3240/4057/3512/5473/3929/2147/8288/84034/3501/820/3934/2634/3500/23166/671/283/3503/3105/11117/306/1535/29108/3507/6590/2633/567/2209/7018/2207/284297/5580/834/5553/6038/728/79792/5919/3606"
"GO:0050778","positive regulation of immune response",2.20972550993559,3.24718544657968e-20,3.8097383847574e-18,353,"6280/6279/735/1511/3493/1991/3502/629/3123/722/3107/718/3514/3263/729/3106/731/733/4057/3075/3426/3929/716/727/3273/3501/715/3127/710/57126/2/2634/929/3500/713/720/3503/717/3105/714/3122/3078/3958/51284/8741/3689/6891/730/23180/5788/725/1535/712/29108/3055/3507/972/2633/5777/922/100/3684/3937/567/10384/2209/301/857/2207/5580/834/4332/6778/1520/1191/7409/728/4792/10859/5321/3606/23607/3113/5336/581/28984/6850/5795/55577/8417/3494/3848/83666/8547"
"GO:0022904","respiratory electron transport chain",-2.96626962399268,3.42348168676534e-20,3.91087736901273e-18,86,"1345/7384/27089/7385/246269/6390/57017/1738/6391/4710/54205/4707/7388/388753/4191/1327/4697/4728/4724/8604/79751/4701/9167/51103/4696/4713/9377/1329/4714/4711/4719/1347/374291/4729/4700/4702/4722/4704/4720/4712/4709/4716/55967/4705/4723/4715/1340/23479/4726/4725/4698/4718/4695"
"GO:0010257","NADH dehydrogenase complex assembly",-3.00525056232674,1.6021836173323e-19,1.73876977070988e-17,47,"91942/79133/55863/25915/29078/28976/55471/4710/4707/51079/4728/55572/51295/4724/51103/4696/4713/4714/4711/4719/374291/4700/4702/4722/4704/4720/4712/126328/4709/4716/55967/4705/4715/54539/4725/4698/4718/4695"
"GO:0032981","mitochondrial respiratory chain complex I assembly",-3.00525056232674,1.6021836173323e-19,1.73876977070988e-17,47,"91942/79133/55863/25915/29078/28976/55471/4710/4707/51079/4728/55572/51295/4724/51103/4696/4713/4714/4711/4719/374291/4700/4702/4722/4704/4720/4712/126328/4709/4716/55967/4705/4715/54539/4725/4698/4718/4695"
"GO:0007005","mitochondrion organization",-2.36968775361679,2.40056568277557e-19,2.54167210461677e-17,293,"10063/4137/84709/665/4082/4170/2066/7386/79568/57143/8506/11331/10928/9804/55486/8878/30968/84749/26073/10730/152926/9997/131474/10449/5245/4580/10463/54927/10989/29090/55288/1346/65084/3980/27069/10367/84895/9093/90550/55669/79145/154791/2932/90580/2021/57835/84233/10105/3313/10059/26521/23400/10899/6687/79135/1678/91942/10651/10452/56181/91137/293/8834/116228/135154/79133/54708/64756/55156/55863/9927/2395/6548/9026/92609/51241/9361/246269/6341/513/125988/23259/2631/55245/28958/91647/55750/25915/345778/7417/3028/93974/3954/23408/55186/29078/10939/3329/26517/28976/374986/55471/440574/26519/292/5027/4710/9868/5864/7019/7957/4707/56993/51079/54902/4976/54332/4728/55572/81892/51295/23787/4724/291/9167/51103/4696/4713/4714/26520/4711/84300/4719/1347/374291/4700/4702/4722/4704/85300/4720/4712/126328/4709/4716/55967/4705/4715/54539/4725/4698/4718/117145/4695/84795"
"GO:0002684","positive regulation of immune system process",2.05672360964041,2.74764610134111e-19,2.83988850617184e-17,479,"6280/6279/735/1511/3493/1991/3502/629/3123/722/3107/718/3514/3263/729/3106/731/733/4057/3075/3426/7057/3929/716/727/3273/3501/715/3127/6708/710/57126/2/2634/259307/929/3500/713/720/3503/717/3105/714/3122/3383/3078/3958/51284/8741/383/3689/6891/730/23180/5788/725/1535/3059/712/3690/8673/29108/3055/3507/1075/972/2633/5777/922/100/3684/3937/567/10384/2209/196527/301/857/6278/2207/5580/834/4332/5025/6778/1520/1191/7409/728/4792/5641/10859/5919/199/5321/3606/11151/23607/3113/5336/8482/4192/581/28984/3603/6850/3956/5795/55577/8417/3494/3848/83666/8547"
"GO:0022900","electron transport chain",-2.89800391426199,3.62403464194094e-19,3.65858939085247e-17,91,"1345/7384/27089/7385/246269/6390/57017/1738/6391/4710/54205/4707/7388/388753/4191/1327/4697/4728/4724/8604/79751/4701/9167/51103/4696/4713/9377/1329/4714/4711/4719/1347/374291/4729/4700/4702/4722/4704/4720/4712/4709/4716/55967/4705/4723/4715/1340/23479/4726/4725/4698/4718/4695"
"GO:0016064","immunoglobulin mediated immune response",2.52517328609339,6.88675813748656e-18,6.64342601662871e-16,76,"735/3493/3502/722/718/3514/3263/729/731/733/3426/716/727/3501/715/28452/710/3538/3500/28439/713/720/3503/717/714/28388/28394/100423062/28400/8741/730/5788/28386/28451/725/28448/712/3507/28461/972/5777/2212/2209/102723168/10312/2207/5580/9103/6778/1191"
"GO:0019724","B cell mediated immunity",2.52517328609339,6.88675813748656e-18,6.64342601662871e-16,76,"735/3493/3502/722/718/3514/3263/729/731/733/3426/716/727/3501/715/28452/710/3538/3500/28439/713/720/3503/717/714/28388/28394/100423062/28400/8741/730/5788/28386/28451/725/28448/712/3507/28461/972/5777/2212/2209/102723168/10312/2207/5580/9103/6778/1191"
"GO:0009152","purine ribonucleotide biosynthetic process",-2.74366786098342,1.98105615971013e-17,1.86951408463079e-15,104,"498/6390/513/539/9556/26289/93974/6391/108/4710/514/2977/4707/10476/522/51079/4728/56848/4724/27109/10632/4701/4696/4713/4714/4711/4719/374291/4729/4700/4702/4722/4704/4720/4712/126328/4709/4716/55967/4705/318/4723/4715/54539/4726/4725/4698/4718/4695"
"GO:0032101","regulation of response to external stimulus",2.02079648508424,5.62500106862122e-17,5.19534673167759e-15,477,"6288/6280/6279/325/1991/2243/3123/4318/2244/2266/350/718/7448/3263/3106/4057/3075/7057/3929/2147/727/3273/84034/335/10875/462/3827/197/348/710/5340/2/2634/5345/929/4023/3105/3818/51284/11117/383/23180/5788/3371/928/5627/6696/1535/1270/8673/29108/3055/25939/1075/972/2633/5777/4363/11343/100/51752/2209/2316/196527/301/7103/857/2876/6278/255520/5580/834/4332/5025/1520/2810/7409/728/79792/2161/4792/5641/10859/6809/5919/199/3606/55646/10162/5770/5336/8482/4192/302/54625/8717/114770/3603/6850/3956/5795/55577/5371/3848/83666/240/8547/2950/151636/23729/5592/409/8737/3965/3146/9647/1902/102/3071/23075/10346/11240/340061/57175/948/158747/5819/6558/90102/5880/1604/3315/81542"
"GO:0001906","cell killing",2.45202169794953,1.51984531998681e-16,1.37451011126307e-14,93,"735/1511/1991/4069/3123/3107/718/729/3106/731/733/4057/3075/5473/2147/727/3273/820/3827/2634/3500/3105/3122/3383/3078/3958/383/6891/730/5788/8542/1075/2633/5873/5777/922/3684/2212/567/2209/9103/7409/10859/3606/11151"
"GO:0009260","ribonucleotide biosynthetic process",-2.66843446123035,2.65089989396273e-16,2.34848090605964e-14,114,"498/6390/513/539/9556/26289/93974/6391/108/4710/514/2977/4707/10476/522/51079/4728/56848/4724/27109/10632/4701/4696/4713/4714/4711/4719/374291/4729/4700/4702/4722/4704/4720/4712/126328/4709/4716/55967/4705/318/4723/4715/54539/4726/4725/4698/4718/4695"
"GO:0046390","ribose phosphate biosynthetic process",-2.62482806668505,4.90841860764866e-16,4.26148903516056e-14,120,"498/6390/513/539/9556/26289/93974/6391/108/4710/514/2977/4707/10476/522/51079/4728/56848/4724/27109/10632/4701/4696/4713/4714/4711/4719/374291/4729/4700/4702/4722/4704/4720/4712/126328/4709/4716/55967/4705/318/4723/4715/54539/4726/4725/4698/4718/4695"
"GO:0019730","antimicrobial humoral response",2.45892400959698,1.77540316974006e-15,1.51118140389051e-13,48,"6280/1511/3493/1991/4069/3502/2243/5657/2244/6037/4057/3512/5473/2147/3273/3501/820/3827/3500/671/283/3503/3105/3958/3507/6590/567/7018/6278/6038/6358/5919"
"GO:0002253","activation of immune response",2.13918236960424,6.33001633513257e-15,5.28434632900201e-13,288,"6280/6279/735/3493/3502/629/3123/722/718/3514/729/731/733/4057/3075/3426/3929/716/727/3501/715/710/2/2634/929/3500/713/720/3503/717/3105/714/3078/3958/51284/730/23180/5788/725/1535/712/29108/3055/3507/2633/5777/922/100/3684/3937/10384/857/2207/5580/834/4332/1520/1191/7409/728/4792/23607/5336/581/28984/6850/5795/55577/3494/3848/8547"
"GO:0072522","purine-containing compound biosynthetic process",-2.37744836885897,8.78401227019797e-15,7.19460325753384e-13,180,"5162/6785/498/6390/5164/513/1738/539/9556/26289/93974/5165/6391/108/4710/514/2977/23305/84869/4707/1737/10476/55191/56952/522/8050/51079/441024/23475/4594/4728/56848/4724/27109/10632/4701/4696/4713/4714/5538/4711/4719/374291/4729/4700/4702/4722/4704/4720/4712/126328/4709/4716/55967/4705/318/4723/4715/54539/4726/4725/4698/4718/4695/93100"
"GO:0050727","regulation of inflammatory response",2.3340644818986,3.2600823060597e-14,2.62074394270466e-12,139,"6288/6280/6279/325/1991/3123/4318/718/3929/335/197/348/2634/4023/3818/51284/5788/3371/8673/29108/3055/1075/2633/5777/4363/11343/100/2209/301/2876/5580/834/79792/2161/4792/3606/10162/5336/8482/4192/8717/114770/3603/6850/3956/3848/240/2950"
"GO:0141060","disruption of anatomical structure in another organism",2.42075616521802,3.65882785220403e-14,2.88781303753049e-12,37,"735/1511/1991/4069/729/731/733/4057/5473/2147/727/3273/820/3827/2634/3078/3958/383/730/8542/2633"
"GO:0002526","acute inflammatory response",2.41298105087079,4.53180889128808e-14,3.512961142336e-12,44,"6288/1401/325/5004/1991/12/5005/5265/3240/718/9332/6291/3700/3929/2147/197/2/5345/3500/6289/2335/3818/2212/2209/196527"
"GO:0006164","purine nucleotide biosynthetic process",-2.53055792316277,4.88834591994708e-14,3.72286134008601e-12,129,"498/6390/513/539/9556/26289/93974/6391/108/4710/514/2977/4707/10476/55191/522/51079/441024/23475/4728/56848/4724/27109/10632/4701/4696/4713/4714/4711/4719/374291/4729/4700/4702/4722/4704/4720/4712/126328/4709/4716/55967/4705/318/4723/4715/54539/4726/4725/4698/4718/4695/93100"
"GO:0031640","killing of cells of another organism",2.42373284845701,5.37031888478231e-14,3.95128038624407e-12,34,"735/1511/1991/4069/729/731/733/4057/5473/2147/727/3273/820/3827/2634/3078/3958/383/730/8542/2633"
"GO:0141061","disruption of cell in another organism",2.42373284845701,5.37031888478231e-14,3.95128038624407e-12,34,"735/1511/1991/4069/729/731/733/4057/5473/2147/727/3273/820/3827/2634/3078/3958/383/730/8542/2633"
"GO:0099537","trans-synaptic signaling",-1.98495435726275,1.21503985025299e-13,8.79081331658041e-12,418,"6804/84446/55607/6543/27067/84961/57231/8831/3766/2561/816/26232/93664/57030/2917/63908/23345/51201/2932/9211/43/9783/10675/1759/22999/2890/5368/8618/9465/30820/58512/57512/2171/27020/9912/152404/9513/5881/5534/9118/2742/6616/84896/9370/6844/388336/8448/2915/8938/4355/9751/777/818/2892/9568/5577/8526/1742/7054/9145/23025/477/6854/6620/10814/793/57555/794/5923/5027/5413/2743/286097/23657/112476/23504/27445/26059/5864/80331/7162/7416/6509/10368/6532/3751/2893/6812/2913/57282/7915/8224/9143/2744/9254/2550/2891/6853/2554/6855/1956/8927/22895/112755/7419/57084/5270/2566/9066/5538/6507/6857/9899/5799/404037/2902/66004/10369/18/6529/2572/8001/2571/9900/5865/5179/57468/2741/9152/24141/6506/57537/140679/7425/127833/22987"
"GO:0030155","regulation of cell adhesion",2.00227254657033,2.77170648691294e-13,1.97245538683428e-11,374,"6288/1511/1991/2243/3123/2244/2266/7448/1277/7057/7045/3273/84034/83706/335/10875/3827/3127/6708/10457/5340/2192/259307/5345/1295/1307/3105/3122/3958/2335/999/11117/383/3910/3689/5788/3912/3371/928/3690/29108/3339/972/2633/5777/100/567/1601/2316/301/7052/4008/25890/857/5580/4155/5318/7148/30008/2810/6251/7409/445/1605/7402/10859/6809/199/23603/4313/3606/11151/50848/5770/3113/54518/4192/2199/2022/7414/28984/81/6789/6850/3956/5795/5371/6281/240/4811/5592/10154/3965/3611/7168/6494/3146/9647/3675/102/8751/3071/81704/23075/948/90102/5880/1604/81542/9092/5034/86/10109"
"GO:0009165","nucleotide biosynthetic process",-2.43246644479659,2.94266974977495e-13,2.06034344899565e-11,153,"498/6390/513/539/9556/26289/93974/6391/108/4710/514/2977/4707/10476/55191/522/51079/441024/23475/4728/56848/4724/27109/10632/4701/4696/4713/4714/4711/4719/374291/4729/4700/4702/4722/4704/4720/4712/126328/4709/4716/55967/4705/318/4723/4715/54539/4726/4725/4698/4718/4695/93100"
"GO:0030198","extracellular matrix organization",2.2773065103065,3.96340623148284e-13,2.6469456078257e-11,132,"1511/1991/4060/4318/340267/7448/1277/7045/1278/5340/2192/5345/1295/1805/1303/1307/1291/1311/10516/4629/11117/1281/3912/64856/871/3936/3690/1306/25890/857/4147/1290/7373/8425/80781/1280/2331/7148/30008/1520/50509/858/1605/4313/4239/64093/79709/4643/302/5033/2022/28984/10549/4811/6624/51124/8985/102/8751/90102/4921/5351/22795/183/2620/3688"
"GO:0043062","extracellular structure organization",2.2773065103065,3.96340623148284e-13,2.6469456078257e-11,132,"1511/1991/4060/4318/340267/7448/1277/7045/1278/5340/2192/5345/1295/1805/1303/1307/1291/1311/10516/4629/11117/1281/3912/64856/871/3936/3690/1306/25890/857/4147/1290/7373/8425/80781/1280/2331/7148/30008/1520/50509/858/1605/4313/4239/64093/79709/4643/302/5033/2022/28984/10549/4811/6624/51124/8985/102/8751/90102/4921/5351/22795/183/2620/3688"
"GO:0045229","external encapsulating structure organization",2.2773065103065,3.96340623148284e-13,2.6469456078257e-11,132,"1511/1991/4060/4318/340267/7448/1277/7045/1278/5340/2192/5345/1295/1805/1303/1307/1291/1311/10516/4629/11117/1281/3912/64856/871/3936/3690/1306/25890/857/4147/1290/7373/8425/80781/1280/2331/7148/30008/1520/50509/858/1605/4313/4239/64093/79709/4643/302/5033/2022/28984/10549/4811/6624/51124/8985/102/8751/90102/4921/5351/22795/183/2620/3688"
"GO:0006956","complement activation",2.38458148801486,4.26290040978074e-13,2.80382586043306e-11,41,"735/3493/3502/629/722/718/729/731/733/3075/3426/716/727/3501/715/710/2/3500/713/720/3503/717/714/3078/730/725/712/3507/922"
"GO:0042060","wound healing",2.12156708801252,4.97976617134225e-13,3.2264425298204e-11,243,"6288/325/1511/116844/5265/2243/2244/2266/350/7448/7057/2158/2147/3273/84034/83706/462/3827/6521/348/710/5340/2192/5345/1311/2335/3818/3043/2159/11117/1281/2162/57834/3710/928/5627/5341/725/3690/977/3053/5873/5777/2316/196527/301/7103/857/2876/2207/5580/7409/2161/1605/4627/5321/50848/10398/79026/26509/5336/302/2022/7414/10544/954/6850/5795/6281/3848/240/26127/1832/199731/5592/3611/7168/3162/947/57175/948/6558/90102/3315/81542/7454/4921/4846"
"GO:0032102","negative regulation of response to external stimulus",2.22186292782255,5.94898066649841e-13,3.68409513128392e-11,168,"6288/325/1991/2243/3123/2244/2266/350/7448/3106/4057/7057/2147/727/3273/335/10875/3827/348/710/5340/2/5345/3105/3818/383/5788/928/5627/6696/3055/25939/5777/100/7103/2876/5580/2810/2161/10859/199/55646/10162/4192/302/54625/6850/3848/240/2950"
"GO:0007268","chemical synaptic transmission",-1.99347637655132,6.02558752179587e-13,3.68409513128392e-11,412,"6804/84446/55607/6543/27067/84961/57231/8831/3766/2561/816/26232/93664/57030/2917/63908/23345/51201/2932/9211/43/9783/10675/1759/22999/2890/5368/8618/9465/30820/58512/57512/27020/9912/152404/9513/5881/5534/9118/2742/6616/84896/9370/6844/388336/8448/2915/8938/4355/9751/777/818/2892/9568/5577/8526/1742/7054/9145/23025/477/6854/6620/10814/793/57555/794/5923/5027/5413/2743/286097/23657/112476/23504/27445/26059/5864/80331/7162/7416/6509/10368/6532/3751/2893/6812/2913/57282/7915/8224/9143/2744/9254/2550/2891/6853/2554/6855/1956/8927/22895/112755/7419/57084/5270/2566/9066/5538/6507/6857/9899/5799/404037/2902/66004/10369/18/6529/2572/8001/2571/9900/5865/5179/57468/2741/9152/24141/6506/57537/140679/7425/127833/22987"
"GO:0098916","anterograde trans-synaptic signaling",-1.99347637655132,6.02558752179587e-13,3.68409513128392e-11,412,"6804/84446/55607/6543/27067/84961/57231/8831/3766/2561/816/26232/93664/57030/2917/63908/23345/51201/2932/9211/43/9783/10675/1759/22999/2890/5368/8618/9465/30820/58512/57512/27020/9912/152404/9513/5881/5534/9118/2742/6616/84896/9370/6844/388336/8448/2915/8938/4355/9751/777/818/2892/9568/5577/8526/1742/7054/9145/23025/477/6854/6620/10814/793/57555/794/5923/5027/5413/2743/286097/23657/112476/23504/27445/26059/5864/80331/7162/7416/6509/10368/6532/3751/2893/6812/2913/57282/7915/8224/9143/2744/9254/2550/2891/6853/2554/6855/1956/8927/22895/112755/7419/57084/5270/2566/9066/5538/6507/6857/9899/5799/404037/2902/66004/10369/18/6529/2572/8001/2571/9900/5865/5179/57468/2741/9152/24141/6506/57537/140679/7425/127833/22987"
"GO:0097435","supramolecular fiber organization",1.86385225671514,5.94102517439589e-13,3.68409513128392e-11,492,"4625/4060/340267/4633/1277/10788/1278/820/335/6708/348/5345/1674/1805/87/283/1303/6710/1264/1291/822/88/1311/10516/7431/8826/4629/11117/1281/171024/10095/5341/871/3059/800/3936/29108/3055/3339/4744/9535/9938/567/2316/85477/4641/4430/2876/64780/4053/64423/1290/4747/7373/7018/4741/8425/80781/5580/1280/5318/7408/2331/25959/9639/10324/9124/8407/7148/637/30008/50509/4640/6840/1191/51474/10092/4542/199/23603/11151/50848/10398/4239/23607/83543/644150/79709/79585/10580/4643/302/5033/4134/58497/581/28984/89848/23616/79778/1730/6281/3848/1785/5216/3925/6624/65108/1266/1832/3857/8985/8737/7168/1410/9647/25802/1902/3071/221061/23075/2314/10487/11346/57175/948/10097/79929/4642/29766/90102/5880/8976/5239/8496/7454/8522/4921/10109/5351/829/9181/5357/2620/3688/54820/55114/10096/8500/93663"
"GO:0006953","acute-phase response",2.34735840671348,6.5434451684468e-13,3.89110896934624e-11,24,"6288/1401/325/5004/12/5005/5265/3240/9332/6291/3700/3929/2147/197/2/5345/6289/2335"
"GO:0052547","regulation of peptidase activity",2.22648391055018,6.49887916233056e-13,3.89110896934624e-11,157,"6280/6279/12/5265/4318/340267/7448/3699/3700/4057/259/7057/5176/462/3827/710/3698/2/5345/1293/355/3697/7078/1475/5104/2168/871/29108/866/4804/6590/3053/5696/5721/2876/64780/5720/834/4155"
"GO:0051241","negative regulation of multicellular organismal process",1.9277917142142,7.11217321618827e-13,4.17215458533423e-11,424,"325/5004/1511/1991/2243/3123/2244/2266/350/7448/1634/4057/7057/3929/2147/3273/8288/5176/335/10875/3827/197/348/710/10457/5340/2200/2192/259307/5345/341/23166/671/345/714/3958/2335/999/3818/11117/383/9104/3910/5788/8531/3488/928/5627/6696/90523/1270/29108/3339/336/4804/1075/972/2633/5777/55937/100/2202/567/301/7103/2487/8832/4000/284297/5580/397/4332/5553/5025/56896/10539/130733/2161/5641/10859/23603/4313/23607/4192/302/338773/114770/10544/28984/6789/3956/5371/10549/3848/240/2950/7442/684"
"GO:0045861","negative regulation of proteolysis",2.26823491752252,8.87887283707792e-13,5.1390915981007e-11,138,"12/5265/4318/340267/7448/3699/3700/4057/259/7057/2147/5176/462/3827/710/3698/2/5345/1293/3697/7078/1475/5104/1522/2168/871/258010/866/6590/3053/2876/64780"
"GO:0007596","blood coagulation",2.25332946685297,1.03146570607394e-12,5.89156925008815e-11,143,"6288/1511/5265/2243/2244/2266/350/7448/7057/2158/2147/3273/84034/83706/462/3827/6521/348/710/5340/2192/5345/1311/3818/3043/2159/11117/1281/2162/57834/3710/928/5627/5341/725/3690/3053/5873/5777/2316/196527/7103/857/2207/5580/7409/2161/4627/5321/50848/10398/5336/302/7414/10544/954/6850/5795/3848"
"GO:0007599","hemostasis",2.24836409373552,1.06565994218991e-12,6.00783092083946e-11,145,"6288/1511/5265/2243/2244/2266/350/7448/7057/2158/2147/3273/84034/83706/462/3827/6521/348/710/5340/2192/5345/1311/3818/3043/2159/11117/1281/2162/57834/3710/928/5627/5341/725/3690/3053/5873/5777/2316/196527/7103/857/2207/5580/7409/2161/4627/5321/50848/10398/5336/302/7414/10544/954/6850/5795/3848"
"GO:0031347","regulation of defense response",2.00212999423348,1.20212571275292e-12,6.69029194751339e-11,342,"6288/6280/6279/325/1991/3123/4318/718/3263/3106/4057/3075/3929/84034/335/10875/197/348/710/2/2634/929/4023/3105/3818/51284/11117/383/23180/5788/3371/1535/8673/29108/3055/25939/1075/2633/5777/4363/11343/100/51752/2209/301/857/2876/255520/5580/834/4332/1520/2810/7409/79792/2161/4792/10859/3606/55646/10162/5770/5336/8482/4192/54625/8717/114770/3603/6850/3956/55577/5371/3848/83666/240/8547/2950/151636"
"GO:0030162","regulation of proteolysis",1.98317730857102,2.08608392368592e-12,1.1462899130026e-10,321,"6280/6279/12/5265/4318/340267/7448/3699/3700/4057/259/7057/2147/5176/462/3827/348/710/3698/2/5345/1293/355/3697/7078/1475/3818/9104/5104/1522/2168/871/258010/7123/29108/866/4804/6590/1075/3053/1601/5696/5347/5721/857/2876/64780/7018/5720/834/4155/83844/489/1191/2161/4627/5641/5267/5770/302/5698/1476/6850/23555/5371/6281"
"GO:0051346","negative regulation of hydrolase activity",2.28967435994483,2.15924574223365e-12,1.17166072087953e-10,117,"325/12/5265/4318/340267/7448/3699/3700/4057/259/7057/5176/462/3827/710/3698/2/5345/1293/3697/341/345/7078/1475/5104/2168/871/866/336/6590/3053/2876/64780"
"GO:0050817","coagulation",2.25052826145074,2.44070106726786e-12,1.30803497938392e-10,144,"6288/1511/5265/2243/2244/2266/350/7448/7057/2158/2147/3273/84034/83706/462/3827/6521/348/710/5340/2192/5345/1311/3818/3043/2159/11117/1281/2162/57834/3710/928/5627/5341/725/3690/3053/5873/5777/2316/196527/7103/857/2207/5580/7409/2161/4627/5321/50848/10398/5336/302/7414/10544/954/6850/5795/3848"
"GO:0006836","neurotransmitter transport",-2.40593808997207,2.94760946920585e-12,1.56043569583203e-10,134,"6804/84446/84961/2824/3766/93664/57030/63908/9783/10675/22999/8618/57512/6616/6844/8448/8938/6534/9751/7054/23025/477/6854/10814/4842/5027/5413/286097/112476/27445/26059/5864/80331/6532/6812/9143/6853/6855/22895/112755/388662/57084/9066/5538/6507/6857/9899/5799/6538/6529/9900/5865/9152/6506/140679/127833/22987"
"GO:0002455","humoral immune response mediated by circulating immunoglobulin",2.37973408613122,2.9835619780403e-12,1.56043886104493e-10,33,"735/3493/3502/722/718/3263/729/731/733/3426/716/727/3501/715/710/3500/713/720/3503/717/714/730/5788/725/712/3507/5777"
"GO:0001568","blood vessel development",1.97944848317583,3.91478320164245e-12,2.02310403313451e-10,312,"116844/350/718/1890/1634/1277/7057/7045/3273/1278/84034/820/5176/348/10457/4240/5340/338/5345/1295/23166/1536/283/1311/2335/11117/1281/306/800/3690/3687/3339/4804/5777/1306/51752/126393/2316/1636/301/7052/857/2876/1464/6278/80781/30008/6672/23670/5175/290/728/1605/3099/4627/4313/3606/1312/4643/4192/302/59/27286/2022/581/28984/6789/27161/6850/5795/57674/5371/3848/240/56913/8828/7127/3490/3162/8751/1893/947/948/6558/10553/10060/3315/7058/10959/4846/6833/55742/23129/6237"
"GO:0010466","negative regulation of peptidase activity",2.32260628254354,4.75118035571707e-12,2.42645575578445e-10,86,"12/5265/4318/340267/7448/3699/3700/4057/259/7057/5176/462/3827/710/3698/2/5345/1293/3697/7078/1475/5104/2168/871/866/6590/3053/2876/64780"
"GO:0009611","response to wounding",2.00846846599689,5.42802954509321e-12,2.73989258781972e-10,316,"6288/325/1511/116844/5265/2243/2244/2266/350/7448/7057/2158/2147/3273/84034/83706/462/3827/6521/348/710/5340/2192/5345/1291/1311/2335/3818/3043/2159/11117/1281/2162/57834/3710/3371/928/5627/5341/725/6696/3690/1270/977/3053/5873/5777/2316/196527/301/7103/857/2876/4147/4747/2207/5580/5025/7409/2161/1605/4627/5321/4313/50848/10398/23607/79026/26509/1312/5336/4192/302/2022/581/7414/10544/954/6850/5795/6281/3848/240/26127/1832/199731/5592/3611/7168/3162/10894/947/57175/948/6558/90102/3315/81542/1495/7454/4921/4846/6648"
"GO:1901293","nucleoside phosphate biosynthetic process",-2.15596723539518,6.11808664268836e-12,3.05271426619657e-10,223,"5162/6785/498/6390/5164/513/1738/539/9556/26289/93974/5165/6391/108/4710/514/2977/23305/84869/4707/1737/10476/55191/522/8050/51079/441024/23475/3098/4594/4728/56848/4724/27109/10632/4701/4696/4713/4714/5538/4711/4719/374291/4729/4700/4702/4722/4704/4720/4712/126328/4709/4716/55967/4705/318/4723/4715/54539/4726/4725/4698/4718/4695/93100"
"GO:0050878","regulation of body fluid levels",2.160706344801,6.77776879964821e-12,3.34344254082646e-10,188,"6288/1511/5265/2243/2244/2266/350/7448/7057/2158/2147/3273/84034/83706/462/3827/6521/348/710/5340/2192/5345/1311/3818/3043/2159/11117/1281/2162/57834/3710/928/5627/5341/725/1535/3690/8673/3053/5873/5777/100/2316/196527/231/7103/857/2207/5580/7409/2161/3099/4627/5321/50848/10398/5336/302/7414/10544/954/6850/5795/3848"
"GO:0072521","purine-containing compound metabolic process",-1.90412436761189,1.16046054195307e-11,5.66017889058231e-10,369,"2026/2766/84833/84875/23171/8514/521/47/5091/2639/84277/5232/55669/205/260425/5160/8505/4200/115/9414/8671/506/23530/5163/10059/84532/2983/131870/10157/509/3643/51181/25874/55604/23597/133686/4507/5162/6785/498/6390/5164/83440/481/513/1738/539/9556/26289/93974/477/8802/4967/6120/5165/6391/230/108/1743/8803/5027/4710/514/2977/23305/84869/4707/1737/10476/55191/56952/522/8050/51079/4191/441024/23475/64087/3098/4594/4976/25824/4728/3418/56848/4724/27109/64080/10632/114789/4701/4696/4713/4714/5538/4711/4719/374291/3704/4729/4700/4702/4722/4704/4720/55753/4712/54988/126328/4709/4716/55967/4705/318/4723/4715/54539/4726/4725/4698/4718/4695/3157/84693/26027/93100"
"GO:0006839","mitochondrial transport",-2.37089031647685,1.3236778673232e-11,6.38453958005558e-10,119,"10165/81034/123096/79568/9804/51522/10440/152926/131474/10449/83733/10245/4580/29090/55288/27069/10367/90550/2932/90580/80273/10105/3313/26521/84134/6687/1678/94081/10651/10452/91137/293/25874/29074/6548/1376/9026/92609/79085/131118/55750/7417/93974/3954/55186/10939/3329/26517/5250/1374/26519/292/286097/9868/7416/56993/51079/4191/51025/23787/8604/291/79751/26520/117145"
"GO:0001817","regulation of cytokine production",1.99617829473346,1.40854338211187e-11,6.71921628763473e-10,295,"6288/1401/5004/1991/5005/3123/4060/718/3106/4057/7057/3929/2147/727/8288/820/335/10457/2192/5345/929/4023/671/1536/3105/2335/8826/51284/383/23180/5788/1535/29108/336/972/2633/5777/2212/567/10384/301/8832/2207/284297/834/4155/5553/9103/1191/728/79792/10859/199/3606/50848/23607/3113/5336/8482/4192/10644/114770/28984/3603/6850/5795/5371/240/2950/4939/684/409/6675/8737/3965/83786/3146/3162/3071/84632/947/340061/948"
"GO:0006958","complement activation, classical pathway",2.34358366839794,1.93052126911796e-11,9.10912264047942e-10,29,"735/3493/3502/722/718/729/731/733/3426/716/727/3501/715/710/3500/713/720/3503/717/714/730/725/712/3507"
"GO:0001816","cytokine production",1.9960533454294,2.11092429130182e-11,9.85324983714109e-10,297,"6288/1401/5004/1991/5005/3123/4060/718/3106/4057/7057/3929/2147/727/8288/820/335/10457/2192/5345/929/4023/671/1536/3105/2335/8826/51284/1281/383/23180/5788/1535/29108/336/972/2633/5777/2212/567/10384/301/8832/2207/284297/834/4155/5553/9103/1191/728/79792/10859/199/3606/50848/23607/3113/5336/8482/4192/10644/114770/28984/3603/6850/5795/5371/240/2950/4939/684/409/6675/8737/3965/83786/3146/3162/3071/84632/947/340061/948"
"GO:0050900","leukocyte migration",2.14768612491783,2.84510658039233e-11,1.3138944324982e-09,171,"6288/6280/6279/1511/1991/5657/5473/7057/3929/727/8288/5340/57126/3383/3958/11117/3689/928/3690/29108/3055/6793/972/100/196527/301/6278/2207/3683/5025/5175/7409/728/6358/4627/5641/5919/199/4313/11151/50848/4192/3603/6850/5795/240/3679/3965/3146/3162/10894/3675/102/3071/81704/1893/23075/947/11240/158747/6558/5880/8976/84522/57509/4354/6402/3688"
"GO:0001775","cell activation",1.86941384247616,3.16328326202708e-11,1.44545396215364e-09,430,"6288/1511/2243/3123/2244/2266/718/7057/3929/2147/3273/84034/820/83706/10875/3127/6708/348/10457/57126/259307/671/3105/1311/3122/3383/3958/2335/3043/11117/1281/8741/383/3689/5788/3710/306/928/5341/8935/712/3936/3690/1270/8673/977/29108/3507/1075/972/5873/5777/100/3684/5699/3937/567/2316/301/857/8832/10312/1794/2207/5580/4332/3683/5025/637/6778/1191/7409/728/23303/4627/10859/199/5321/3606/11151/50848/10398/2730/23607/3113/5336/54518/4192/139818/10397/6195/59/114770/581/7414/954/28984/3603/6850/3956/5795/7442/684/23729/5592/6830/3965/3611/3146/102/3071/81704/23075/5819/5880/1604/3315/81542/9092/7454/25989/86/4921/4846"
"GO:0009199","ribonucleoside triphosphate metabolic process",-2.21707853094639,3.30478720505204e-11,1.49438346428447e-09,169,"498/6390/83440/481/513/539/9556/26289/93974/477/4967/6391/230/5027/4710/514/4707/10476/522/51079/3098/4976/4728/56848/4724/27109/10632/114789/4701/4696/4713/4714/4711/4719/374291/3704/4729/4700/4702/4722/4704/4720/55753/4712/126328/4709/4716/55967/4705/318/4723/4715/54539/4726/4725/4698/4718/4695"
"GO:0001944","vasculature development",1.95042428902659,3.4432748378721e-11,1.52523021134722e-09,328,"116844/350/718/1890/1634/1277/7057/7045/3273/1278/84034/820/5176/348/10457/4240/5340/338/5345/1295/23166/1536/283/1311/2335/11117/1281/306/800/3690/3687/3339/4804/5777/1306/51752/126393/2316/1636/301/7052/857/2876/1464/6278/80781/30008/6672/23670/5175/290/728/1605/3099/4627/4313/3606/1312/4643/4192/302/59/27286/2022/581/28984/6789/27161/6850/5795/57674/5371/3848/240/56913/8828/7127/3490/3162/102/8751/1893/947/948/6558/10553/10060/3315/7058/10959/4846/6833/55742/6648/23129/6237/3688/10541/56005/3678/27250/2263/92140/6772/11146/8854/1284"
"GO:0048646","anatomical structure formation involved in morphogenesis",1.83673238526444,3.43326094469009e-11,1.52523021134722e-09,477,"4625/116844/4318/350/4633/718/7448/1890/1634/1277/7057/7045/3273/84034/820/5176/10457/4240/1295/23166/1536/87/283/1303/1291/88/2335/4629/11117/1281/3689/3912/306/928/800/3690/3687/3339/4804/5777/1306/100/51752/126393/2316/1636/220/301/7052/857/2876/1464/1290/7368/6278/10312/1794/80781/8536/1280/7408/963/10324/6672/23670/290/728/1605/3099/4627/4313/3606/10398/4237/4524/4192/302/221496/27286/2022/28984/6789/27161/6850/5795/57674/5371/3848/240/56913/5216/7475/30846/5738/3679/2274/8828/7127/6830/7168/3490/3162/25802/3675/8751/1893/2314/947/948/10938/29766/5819/26011/6558/10553/90102/3315/7058/5239/10959/6949/86/4846/6833/55742/54549/1009/23129/6237/3688/56005/3678/4791/2263/975/51761/92140/5339/6772/11146/2817/7482/1284/2885/11235/3065/5286/2028"
"GO:0006909","phagocytosis",2.20874350466118,3.87878546831768e-11,1.70078865838051e-09,141,"1401/1991/722/5657/718/7057/3929/335/197/4240/929/720/717/3689/5788/306/725/1535/3690/29108/3055/19/336/5873/55647/3684/9938/2212/2209/196527/301/7052/1794/2207/5580/3683/9103/5175/7409/4627/199/23603/55646/11151/5336/51411/23616/6850/5795/8547/1785"
"GO:0072359","circulatory system development",1.82963122985021,5.13865249577994e-11,2.23068904841807e-09,477,"4625/116844/4151/350/4633/718/1890/1634/1277/7057/7045/3273/1278/84034/820/7134/5176/348/10457/4240/5340/2200/338/5345/1295/23166/1536/283/1291/88/1311/2335/4629/11117/1281/306/800/3690/3687/3339/4804/9249/5777/1306/51752/1829/126393/2316/1636/301/7052/857/2876/1464/4000/7373/6278/9260/80781/1280/5318/34/9124/30008/6672/8470/23670/5175/290/728/1605/3099/4627/4313/3606/1312/57158/4643/4192/302/221496/59/27286/2022/581/28984/6789/27161/6850/5795/8572/57674/5371/3848/240/56913/2274/5111/8828/1832/5592/409/7127/3611/7168/3490/10087/3162/3675/102/8751/1893/947/948/26011/6558/10553/10060/3315/7058/10959/4846/6833/55742/6648/1009/23129/6237/3688/1396/10541"
"GO:0099504","synaptic vesicle cycle",-2.16993587670726,5.57399204697435e-11,2.39571281939759e-09,182,"9581/1609/9024/54413/537/6623/56850/8775/85439/160/8120/440279/11069/8871/6861/9296/274/1211/6804/84446/1487/836/84961/1000/10159/93664/57030/63908/10396/1173/1212/5874/9783/10675/1759/22999/10239/8618/10947/5534/6616/6844/8448/9829/9892/6457/9751/7054/23025/6854/6620/10814/57555/535/5027/5413/112476/27445/26059/9114/5864/80331/29993/6812/8224/9143/84251/6853/6855/8927/22895/112755/57084/9066/6857/9899/9900/5865/140679/127833/22987"
"GO:0046034","ATP metabolic process",-2.27107371147792,6.00962166902141e-11,2.55762428090411e-09,149,"498/6390/83440/481/513/539/9556/26289/93974/477/4967/6391/230/5027/4710/514/4707/10476/522/51079/3098/4728/56848/4724/27109/10632/114789/4701/4696/4713/4714/4711/4719/374291/4729/4700/4702/4722/4704/4720/55753/4712/126328/4709/4716/55967/4705/318/4723/4715/54539/4726/4725/4698/4718/4695"
"GO:0009205","purine ribonucleoside triphosphate metabolic process",-2.24720657697069,1.01846387795524e-10,4.29238028563467e-09,165,"498/6390/83440/481/513/539/9556/26289/93974/477/4967/6391/230/5027/4710/514/4707/10476/522/51079/3098/4976/4728/56848/4724/27109/10632/114789/4701/4696/4713/4714/4711/4719/374291/3704/4729/4700/4702/4722/4704/4720/55753/4712/126328/4709/4716/55967/4705/318/4723/4715/54539/4726/4725/4698/4718/4695"
"GO:0051336","regulation of hydrolase activity",1.93408147198866,1.07292437973311e-10,4.47842762732832e-09,322,"6280/6279/325/12/5265/4318/5657/340267/350/7448/3699/3700/4057/259/7057/5176/335/462/3827/710/3698/2/5345/1293/355/3697/341/345/7078/1475/5104/2168/5341/871/29108/866/336/4804/6590/3053/5696/7052/5721/2876/64780/5720/5580/834/4155/9639/89846/112574/489/6251/7409/858/5641/23603/5267/139818/5698/1476/23616/6850/6281/3925/6906/831/5111/5592/2339/3965/3146/9647/4869/81704/1893"
"GO:0048514","blood vessel morphogenesis",1.97910992243186,1.09646817489967e-10,4.53311271165664e-09,277,"116844/350/718/1890/1634/7057/7045/3273/84034/820/5176/348/10457/4240/338/5345/1295/23166/1536/283/1311/2335/11117/1281/306/800/3690/3687/3339/4804/5777/1306/51752/126393/2316/1636/301/7052/857/2876/1464/6278/80781/30008/6672/23670/290/728/1605/3099/4627/4313/3606/4643/4192/302/27286/2022/581/28984/6789/27161/6850/5795/57674/5371/3848/240/56913/8828/7127/3490/3162/8751/1893/947/948/6558/10553/3315/7058/4846/6833/55742/23129/6237/3688/56005/3678"
"GO:0006935","chemotaxis",2.09494376225193,1.38754075530567e-10,5.6292658119457e-09,193,"6288/6280/6279/1511/1991/4046/6037/1890/6275/5473/7057/3929/727/3273/335/10457/3958/3689/3690/972/3053/4363/196527/301/5337/6278/1794/2207/5580/5025/7409/728/6358/5641/6809/5919/199/4313/116173/11151/51411/8482/4192/2022/3603/6850/5795/240/5168/8828/409/3965/3146/9647/1902/102/3071/23075/11240/57175/158747/6558/5880/3315/55742/57509/4354/7869/2357/5764"
"GO:0042330","taxis",2.09494376225193,1.38754075530567e-10,5.6292658119457e-09,193,"6288/6280/6279/1511/1991/4046/6037/1890/6275/5473/7057/3929/727/3273/335/10457/3958/3689/3690/972/3053/4363/196527/301/5337/6278/1794/2207/5580/5025/7409/728/6358/5641/6809/5919/199/4313/116173/11151/51411/8482/4192/2022/3603/6850/5795/240/5168/8828/409/3965/3146/9647/1902/102/3071/23075/11240/57175/158747/6558/5880/3315/55742/57509/4354/7869/2357/5764"
"GO:0098609","cell-cell adhesion",1.80948869502796,1.93356195543805e-10,7.7718448597746e-09,420,"6280/6279/4359/1511/1991/116844/2243/3123/2244/2266/84034/83706/335/10875/3127/6708/10457/5340/57126/259307/5345/3105/1311/3122/1475/3383/3958/999/3043/11117/383/3689/5788/3912/928/5341/3690/3687/29108/6793/972/5777/100/3684/6282/1829/567/2316/91624/301/857/8832/7373/23022/5580/4155/5318/9124/3683/7148/5175/2810/7409/445/4627/10859/199/3606/4026/11151/50848/10398/23607/3113/5099/4192/302/27286/7414/28984/6850/3956/4815/240/3679/1266/1832/199731/5592/3965/3611/3146/9647/3675/3071/81704/23075/947/29766/5819/26011/5880/1604/3315/81542/9092/1495/86/55742/54549/1009/6402/3688/3556/1947"
"GO:0099003","vesicle-mediated transport in synapse",-2.05365934571607,4.5386238107345e-10,1.80753816168793e-08,201,"9581/1609/9024/54413/537/23154/6623/56850/8775/85439/160/8120/440279/11069/8871/6861/9296/274/1211/6804/84446/1487/836/84961/1000/10159/93664/57030/63908/23345/10396/1173/1212/5874/9783/10675/1759/22999/10239/8618/10947/5534/6616/84896/6844/8448/9829/9892/6457/9751/7054/23025/6854/6620/10814/57555/535/5027/5413/112476/27445/26059/9114/5864/80331/29993/6812/8224/9143/84251/6853/6855/8927/22895/112755/57084/9066/6857/9899/9900/5865/140679/127833/22987"
"GO:0001525","angiogenesis",2.0047197060122,5.35115102413608e-10,2.11175878143406e-08,244,"116844/350/718/1890/1634/7057/7045/3273/84034/820/5176/10457/4240/1295/23166/1536/283/2335/11117/306/800/3690/3687/3339/4804/5777/1306/51752/126393/2316/1636/301/7052/857/2876/1464/6278/80781/6672/23670/290/728/1605/3099/4627/4313/3606/4192/302/27286/2022/28984/6789/27161/6850/5795/57674/5371/3848/240/56913/8828/7127/3490/3162/8751/1893/947/948/6558/10553/3315/7058/4846/6833/55742/23129/6237/3688/56005/3678"
"GO:0009141","nucleoside triphosphate metabolic process",-2.09248050888439,7.89112709261987e-10,3.08607051432999e-08,182,"498/6390/83440/481/513/539/9556/26289/93974/477/956/4967/6391/230/5027/4710/514/4707/10476/522/51079/3098/4976/4728/56848/4724/27109/10632/114789/4701/4696/4713/4714/4711/4719/374291/3704/4729/4700/4702/4722/4704/4720/55753/4712/126328/4709/4716/55967/4705/318/4723/4715/54539/4726/4725/4698/4718/4695"
"GO:0009144","purine nucleoside triphosphate metabolic process",-2.14666398051991,8.60718476596665e-10,3.33605259545189e-08,172,"498/6390/83440/481/513/539/9556/26289/93974/477/4967/6391/230/5027/4710/514/4707/10476/522/51079/3098/4976/4728/56848/4724/27109/10632/114789/4701/4696/4713/4714/4711/4719/374291/3704/4729/4700/4702/4722/4704/4720/55753/4712/126328/4709/4716/55967/4705/318/4723/4715/54539/4726/4725/4698/4718/4695"
"GO:1903034","regulation of response to wounding",2.22968321642439,8.69366274652318e-10,3.33975132589886e-08,91,"325/2243/2244/2266/350/7448/7057/2147/3273/84034/462/3827/348/710/5340/5345/3818/11117/928/5627/6696/1270/5777/2316/196527/301/7103/857/5580"
"GO:0045785","positive regulation of cell adhesion",1.99083851862828,1.27360270507276e-09,4.84974503747443e-08,231,"6288/1511/1991/2243/3123/2244/2266/7448/3273/84034/335/3127/6708/2192/259307/5345/1295/1307/3105/3122/2335/11117/3689/5788/3912/3690/29108/972/5777/100/567/1601/2316/301/7052/25890/857/30008/2810/6251/7409/1605/7402/10859/6809/199/3606/11151/50848/3113/54518/4192/2199/6789/6850/3956/5795/6281/240/4811/3965/3611/7168/3146/9647/3675/3071/81704/948/1604/9092/5034/86/10109"
"GO:0019731","antibacterial humoral response",2.29403457733701,1.5203520762311e-09,5.73899857645149e-08,31,"1511/3493/1991/3502/2243/2244/6037/4057/3512/3501/820/3500/671/283/3503/3105/3507/6590/567/7018"
"GO:0007006","mitochondrial membrane organization",-2.46007577740748,2.27685720966583e-09,8.52054926479255e-08,80,"79568/57143/9804/152926/10449/4580/54927/10989/55288/27069/10367/2932/90580/84233/10105/3313/26521/6687/79135/1678/10651/10452/91137/293/8834/9927/6548/9026/92609/125988/55750/345778/7417/93974/3954/10939/26517/440574/26519/292/9868/56993/51079/4976/23787/291/26520/117145"
"GO:0002683","negative regulation of immune system process",2.0105673909225,2.36890762035473e-09,8.7892546837264e-08,210,"325/1511/3123/722/3106/4057/259/7057/727/8288/335/10875/710/10457/2200/2/259307/671/3105/714/3958/2335/11117/1281/383/5788/725/3055/336/25939/972/2633/5777/100/301/2876/8832/4332/5553/6778/2810/130733/10859/55646/4192/54625/114770/6850/3956/5795"
"GO:0061041","regulation of wound healing",2.21072375257209,2.80504950253858e-09,1.0232537723126e-07,66,"325/2243/2244/2266/350/7448/7057/2147/3273/84034/462/3827/348/710/5340/5345/3818/11117/928/5627/196527/301/7103/857/5580"
"GO:0002697","regulation of immune effector process",2.10745324521472,2.80094974442124e-09,1.0232537723126e-07,147,"6280/3123/722/3107/718/3263/3106/3075/3929/8288/335/10875/710/57126/2/259307/3105/3122/3383/3958/51284/8741/383/3689/6891/5788/725/8673/29108/336/972/5777/922/3684/567/2209/301/8832/5553/6778/7409/10859/3606/5336/8482/114770/6850/3956/8417/8547/684/409/6830/3965/3146/3071/948/5819/5880/1604/7454"
"GO:0043086","negative regulation of catalytic activity",1.95333657003289,3.7099262611648e-09,1.34206582497636e-07,236,"325/12/5265/4318/340267/3240/7448/3699/3700/4057/259/7057/5176/462/3827/348/710/3698/2/5345/1293/3697/341/345/7078/1475/5104/5788/2168/871/29108/866/336/6590/3053/5347/857/2876/64780/5580/10763/2810/23603/5267/64114/5770/4552/2022/1476/5795/83666/2950/151636/6906/831"
"GO:1901652","response to peptide",1.77334067507171,4.3253767096748e-09,1.55177357823953e-07,404,"1511/4046/2244/2266/3263/3700/1277/5473/7057/820/5176/4311/335/2634/929/355/1291/7078/3383/7431/1281/427/383/5788/8531/6696/4360/3059/1270/29108/3055/249/19/8942/25939/4744/972/2633/5777/55647/471/2180/2317/8904/4600/4641/857/10312/2207/834/4332/6778/6672/6358/445/3099/4792/10859/2819/199/4313/3606/11151/2730/4524/5770/1312/3113/54625/10241/8717/81/3603/6850/5795/26119/5371/83666/2950/1687/4939/7442/684/23729/8828/2731/8737/3965/3611/84817/102/81704/1893/11240/340061/10097/6558/10060/5034/84522/7454/3093/9181/6737/6402/8996/3556/10096/4791/1984/4790/5359/1650/6772/8854/5355/29761/4217/11235/4067/79567"
"GO:0030193","regulation of blood coagulation",2.23239494377418,4.70157658337565e-09,1.6729134383962e-07,38,"2243/2244/2266/350/7448/7057/2147/3273/84034/462/3827/348/710/5340/5345/3818/11117/928/5627/196527/7103/857/5580"
"GO:0007269","neurotransmitter secretion",-2.26994965974318,5.13429742375177e-09,1.78303880932052e-07,100,"6804/84446/84961/93664/63908/9783/10675/22999/8618/57512/6616/6844/8448/8938/9751/23025/6854/10814/5027/5413/286097/112476/27445/26059/5864/80331/6812/9143/6853/6855/22895/112755/9066/5538/6857/9899/5799/9900/140679/127833/22987"
"GO:0099643","signal release from synapse",-2.26994965974318,5.13429742375177e-09,1.78303880932052e-07,100,"6804/84446/84961/93664/63908/9783/10675/22999/8618/57512/6616/6844/8448/8938/9751/23025/6854/10814/5027/5413/286097/112476/27445/26059/5864/80331/6812/9143/6853/6855/22895/112755/9066/5538/6857/9899/5799/9900/140679/127833/22987"
"GO:0009259","ribonucleotide metabolic process",-1.91253977936039,5.06347569384432e-09,1.78303880932052e-07,233,"498/6390/83440/481/513/539/9556/26289/93974/477/4967/6391/230/108/5027/4710/514/2977/4707/10476/522/51079/3098/4976/4728/56848/4724/27109/10632/114789/4701/4696/4713/4714/4711/4719/374291/3704/4729/4700/4702/4722/4704/4720/55753/4712/126328/4709/4716/55967/4705/318/4723/4715/54539/4726/4725/4698/4718/4695"
"GO:0035239","tube morphogenesis",1.83300838207594,5.67788957648294e-09,1.95616814694543e-07,349,"116844/350/718/1890/1634/7057/7045/3273/84034/820/5176/348/10457/4240/338/5345/1295/23166/1536/283/1311/2335/11117/1281/1522/3371/306/800/3690/3687/3339/4804/5777/1306/51752/126393/2316/1636/301/7052/857/2876/1464/6278/80781/7408/30008/6672/23670/290/728/1605/3099/4627/4313/3606/4524/4643/4192/302/27286/2022/581/28984/6789/27161/6850/5795/57674/5371/3848/240/56913/5216/7475/8828/7127/3611/3490/3162/8751/1893/947/948/6558/10553/3315/7058/10959/4846/6833/55742/23129/6237/183"
"GO:1900046","regulation of hemostasis",2.25200252310187,6.01974145210027e-09,2.05761398768246e-07,39,"2243/2244/2266/350/7448/7057/2147/3273/84034/462/3827/348/710/5340/5345/1311/3818/11117/928/5627/196527/7103/857/5580"
"GO:0061844","antimicrobial humoral immune response mediated by antimicrobial peptide",2.25015148055323,6.70650207907163e-09,2.27444730666015e-07,27,"6280/1991/6037/4057/5473/2147/3273/820/3827/671/283/3958/567/6278/6358"
"GO:0035295","tube development",1.75297640336874,9.31883724019954e-09,3.13589708989971e-07,435,"116844/350/718/1890/1634/7057/7045/3273/84034/820/5176/4311/348/10457/4240/2200/338/5345/1295/23166/1536/283/1291/1311/2335/11117/1281/847/1522/3371/306/3488/800/3690/3687/3339/4804/5777/1306/100/51752/126393/2316/1636/231/301/7052/857/2876/2705/1464/6278/80781/1280/7408/30008/6672/23670/57103/290/728/445/1605/3099/4627/4048/5919/4313/3606/1373/4524/4643/4192/302/5009/27286/2022/581/28984/6789/27161/6850/5795/57674/5371/3848/240/56913/5216/7475/8828/7127/8985/3611/3490/3162/3675/3290/8751/1893/947/948/6558/10553/3315/7058/51501/10959/4846/6833/55742/23129/6237/183"
"GO:0099177","regulation of trans-synaptic signaling",-1.79258690799782,1.03990194997268e-08,3.47247258833185e-07,288,"23236/3815/9456/22986/9581/54413/351/59283/6505/84966/7143/320/23154/6623/4137/3717/23621/2670/27092/440279/6861/5601/8878/2166/6804/84446/55607/6543/27067/84961/57231/8831/3766/816/26232/2917/23345/51201/2932/9211/43/9783/10675/1759/22999/2890/9465/58512/57512/2171/27020/9912/152404/9513/5534/9118/2742/6616/84896/9370/6844/388336/2915/8938/4355/818/2892/5577/8526/1742/9145/23025/477/10814/793/57555/794/5923/5413/286097/23657/112476/5864/10368/6532/2893/6812/2913/57282/8224/9254/2550/2891/6853/6855/1956/8927/112755/5270/9066/6507/6857/9899/2902/10369/6529/5179/24141/57537/7425/127833/22987"
"GO:0090407","organophosphate biosynthetic process",-1.71933965369451,1.12399413579379e-08,3.72462484235178e-07,403,"2639/84277/9162/205/54965/5160/5833/4952/11145/115/506/4337/8395/57515/5163/5297/4338/84532/2983/27440/509/2171/51181/25874/133686/145567/80055/5162/6785/498/6390/5164/285172/513/1738/8526/539/9556/26289/93974/2224/3612/132001/5305/5165/6391/108/2710/1607/10351/9054/4710/514/2977/23305/84869/114971/4707/1152/10243/1737/117/10476/55191/522/8050/51079/441024/23475/3098/4594/4728/22979/56848/4724/27109/10632/4701/4696/4713/4714/5538/4711/4719/374291/4729/4700/4702/4722/4704/4720/3422/4712/126328/4709/4716/55967/4705/318/4723/4715/54539/4726/4725/4698/4718/4695/3157/93100"
"GO:1903035","negative regulation of response to wounding",2.212818014825,1.17768143852511e-08,3.87296600351327e-07,53,"325/2243/2244/2266/350/7448/7057/2147/3273/3827/348/710/5340/5345/3818/928/5627/6696/5777/7103/5580/2161/4192/302/3848/240"
"GO:0007159","leukocyte cell-cell adhesion",2.01226768231191,1.57010681798743e-08,5.12468699013793e-07,164,"6280/6279/1511/1991/116844/3123/83706/10875/3127/6708/10457/57126/259307/3105/3122/3383/3958/383/3689/5788/29108/6793/972/5777/100/567/301/857/3683/5175/7409/445/10859/199/3606/11151/50848/3113/4192/6850/3956/240"
"GO:0030199","collagen fibril organization",2.20552068194358,1.66911619539824e-08,5.40718910762967e-07,38,"4060/340267/1277/1278/5345/1805/1303/1291/1311/11117/1281/871/1290/7373/80781/1280/2331/7148/30008/50509/79709/302/5033"
"GO:0009150","purine ribonucleotide metabolic process",-1.96461262080673,1.68232411083637e-08,5.40960664084495e-07,221,"498/6390/83440/481/513/539/9556/26289/93974/477/4967/6391/230/108/5027/4710/514/2977/4707/10476/522/51079/3098/4976/4728/56848/4724/27109/10632/114789/4701/4696/4713/4714/4711/4719/374291/3704/4729/4700/4702/4722/4704/4720/55753/4712/126328/4709/4716/55967/4705/318/4723/4715/54539/4726/4725/4698/4718/4695"
"GO:0050728","negative regulation of inflammatory response",2.19637601868719,1.91317821273159e-08,6.10669604519695e-07,59,"6288/325/1991/3123/335/348/5788/3055/5777/100/2876/5580/10162/4192/6850/3848/240/2950"
"GO:0097529","myeloid leukocyte migration",2.12947275965702,2.00008798244697e-08,6.3375050597097e-07,98,"6288/6280/6279/1511/5657/5473/7057/3929/727/8288/57126/3958/11117/3689/928/972/196527/301/6278/2207/5025/5175/7409/728/6358/5641/5919/199/4313"
"GO:0019693","ribose phosphate metabolic process",-1.87017064251472,2.05423394221746e-08,6.46190546606231e-07,240,"498/6390/83440/481/513/539/9556/26289/93974/477/4967/6391/230/108/5027/4710/514/2977/4707/10476/522/51079/3098/4976/4728/56848/4724/27109/10632/114789/4701/4696/4713/4714/4711/4719/374291/3704/4729/4700/4702/4722/4704/4720/55753/4712/126328/4709/4716/55967/4705/318/4723/4715/54539/4726/4725/4698/4718/4695"
"GO:0022407","regulation of cell-cell adhesion",1.97186835502988,2.44489724258027e-08,7.63546685614457e-07,197,"1511/1991/2243/3123/2244/2266/84034/83706/335/10875/3127/6708/10457/5340/259307/5345/3105/3122/3958/999/11117/383/3689/5788/928/29108/972/5777/100/567/301/857/5580/4155/2810/7409/445/10859/199/3606/11151/50848/3113/4192/28984/6850/3956/240/5592/3965/3146/9647/3071/81704/23075"
"GO:0050818","regulation of coagulation",2.21339893475112,2.56322808452957e-08,7.94783793924491e-07,41,"2243/2244/2266/350/7448/7057/2147/3273/84034/462/3827/348/710/5340/5345/3818/11117/928/5627/196527/7103/857/5580"
"GO:0007007","inner mitochondrial membrane organization",-2.42206827256026,2.69356867560769e-08,8.29275292256239e-07,36,"79568/57143/4580/54927/10989/27069/10367/90580/84233/3313/26521/79135/1678/10651/91137/8834/125988/55750/345778/3954/10939/26517/440574/26519/9868/51079/4976/26520"
"GO:0002237","response to molecule of bacterial origin",2.04233629075992,2.74374623909489e-08,8.38774818585276e-07,142,"6279/4353/1511/1991/4318/1728/4057/5473/3929/820/2634/929/671/717/1291/7431/6891/4360/29108/3055/249/19/6590/567/1636/2876/6278/284297/834/728/445/4792/10859/1373"
"GO:0060326","cell chemotaxis",2.03756744376614,2.90203504873549e-08,8.80960429829423e-07,127,"6288/6280/6279/1511/5473/7057/3929/727/3273/3958/3689/972/4363/196527/301/6278/2207/5580/5025/7409/728/6358/5641/5919/199/4313/11151/51411/4192/2022/3603/6850/5795/240/409/3965/3146/1902/102/3071/23075/11240/57175/158747/6558/5880/3315/55742/57509"
"GO:2000145","regulation of cell motility",1.68982121934128,3.11694677844639e-08,9.39629580919151e-07,487,"1991/4318/350/7448/1634/1277/7057/3929/727/3273/84034/5176/83706/348/10457/5340/2192/3383/3958/2335/999/2159/11117/1281/9104/3910/171024/5788/3912/3371/306/3488/928/284119/3690/3687/977/29108/6793/4804/972/100/152007/6282/1601/2316/1636/91624/196527/301/4641/857/4000/7018/6278/397/5025/7148/6672/5175/5354/728/6358/1605/5641/5919/199/23603/4313/11151/5770/5336/8482/4192/59/8717/27286/2022/7414/28984/81/6789/23616/27161/6386/5795/5168/5216/3925/684/138429/8828/55246/199731/5592/208/10154/3965/7168/3146/3162/10894/9647/3675/1902/102/8751/3071/81704/1893/23075/7205/11240/57175/158747/90102/5880/8976/3315/1495/7454/4921/4846/6833/6648/57509/9181/1009/23129/6237/183/4354/3688/7869/10982/5764/93663/3678/25777/127435/7329"
"GO:0006865","amino acid transport",-2.29902380385882,3.36863043697603e-08,1.00849825702848e-06,84,"2670/10165/123096/56262/83733/3766/57030/2917/124935/94081/94015/6534/477/6520/3993/5027/57709/23657/7957/6509/6532/6812/2550/8604/79751/388662/2697/57348/57084/6507/6538/18/6529/9900/9152/6506/140679"
"GO:0001819","positive regulation of cytokine production",1.98205897467004,3.75479708986897e-08,1.11640918952885e-06,183,"6288/5004/1991/5005/4060/718/7057/3929/727/8288/820/5345/929/4023/1536/3105/51284/23180/5788/1535/29108/336/972/2212/567/301/2207/834/4155/5553/9103/1191/728/79792/10859/199/3606/3113/5336/8482/4192/28984/3603/6850/5795/4939/6675/8737/3965/83786/3146/3162/84632/947/340061/948/1604/3315"
"GO:0050804","modulation of chemical synaptic transmission",-1.77578863439052,4.25343737720328e-08,1.25606609894146e-06,287,"23236/3815/9456/22986/9581/54413/351/59283/6505/84966/7143/320/23154/6623/4137/3717/23621/2670/27092/440279/6861/5601/8878/2166/6804/84446/55607/6543/27067/84961/57231/8831/3766/816/26232/2917/23345/51201/2932/9211/43/9783/10675/1759/22999/2890/9465/58512/57512/27020/9912/152404/9513/5534/9118/2742/6616/84896/9370/6844/388336/2915/8938/4355/818/2892/5577/8526/1742/9145/23025/477/10814/793/57555/794/5923/5413/286097/23657/112476/5864/10368/6532/2893/6812/2913/57282/8224/9254/2550/2891/6853/6855/1956/8927/112755/5270/9066/6507/6857/9899/2902/10369/6529/5179/24141/57537/7425/127833/22987"
"GO:1990542","mitochondrial transmembrane transport",-2.3601959581611,4.36356616903717e-08,1.27988113106692e-06,69,"57380/100287932/10165/81034/123096/79568/9804/10440/131474/83733/10245/29090/27069/10367/90550/80273/3313/84134/6687/94081/10452/293/25874/29074/1376/92609/79085/131118/7417/3954/55186/10939/3329/5250/1374/292/286097/9868/7416/4191/51025/8604/291/79751"
"GO:0034097","response to cytokine",1.75477628349336,5.31805921675613e-08,1.54937550737841e-06,396,"1511/4046/2244/2266/3263/3700/1277/5473/7057/820/4311/335/2634/929/355/7078/3383/7431/1281/427/383/5788/8531/6696/4360/3059/1270/29108/3055/249/19/8942/25939/4744/972/2633/5777/55647/471/2180/2317/8904/4600/4641/857/10312/2207/834/4332/6778/6672/6358/445/3099/4792/10859/2819/199/4313/3606/11151/2730/4524/5770/1312/3113/54625/10241/8717/81/3603/6850/5795/26119/5371/83666/2950/1687/4939/7442/684/23729/8828/2731/8737/3965/3611/84817/102/81704/1893/11240/340061/10097/6558/5034/84522/7454/3093/9181/6737/6402/8996/3556/10096/4791/1984/4790/5359/1650/6772/8854/5355/29761/4217/11235/4067/79567"
"GO:0006753","nucleoside phosphate metabolic process",-1.72352322759442,5.88128763421073e-08,1.70204464134059e-06,424,"5162/6785/498/6390/5164/83440/481/513/1738/539/9556/26289/93974/477/956/8802/4967/6120/5165/6391/230/108/1743/8803/5027/8623/4710/514/2977/23305/84869/4707/1737/10476/55191/522/8050/51079/4191/441024/23475/64087/3098/4594/4976/25824/4728/3418/56848/4724/27109/64080/10632/114789/4701/4696/4713/4714/5538/4711/4719/374291/3704/4729/4700/4702/4722/4704/4720/55753/4712/54988/126328/4709/4716/55967/4705/318/4723/4715/54539/4726/4725/4698/4718/4695/3157/84693/26027/93100"
"GO:1901137","carbohydrate derivative biosynthetic process",-1.74598566215153,6.11392479638336e-08,1.74608865401975e-06,283,"80055/498/6390/513/539/9556/26289/93974/6391/108/2710/4710/514/2977/4707/84267/10476/56952/522/51079/10724/3098/4864/4728/56848/4724/27109/10632/4701/4696/4713/4714/4711/4719/374291/4729/4700/4702/4722/4704/4720/4712/126328/4709/4716/55967/4705/318/4723/4715/54539/4726/4725/4698/4718/4695"
"GO:0051248","negative regulation of protein metabolic process",1.73306829933064,6.10925378616861e-08,1.74608865401975e-06,417,"325/12/5265/2243/4318/1728/340267/7448/3699/3700/4057/259/7057/2147/5176/462/3827/348/710/2192/3698/2/5345/1293/3697/283/7078/1475/57467/5104/5788/1522/3488/2168/871/258010/3690/29108/866/3339/6590/3053/5777/116496/2316/5347/1756/857/2876/64780/8832/5580/83844/1191/2810/23603/5267/5770/302/54625/10644/1476/5476/27161/5795/5371/2950/151636/138429/6906/831/199731/409/1410/9647/4869/1893/9770"
"GO:0050829","defense response to Gram-negative bacterium",2.2129786144962,6.31613849804237e-08,1.79204949150339e-06,29,"1511/1991/4069/6037/4057/3929/2147/820/671/29108/3507/567/284297/79792/5919"
"GO:0052548","regulation of endopeptidase activity",2.0512119522401,8.82777081726667e-08,2.48839955310095e-06,122,"6280/6279/12/5265/4318/7448/4057/7057/5176/710/5345/355/7078/5104/2168/871/29108/866/4804/3053/5696/5721/2876/64780/5720/834/4155/489/5641/5267/5698/6850/6906/831/3965/3146/9647"
"GO:0006163","purine nucleotide metabolic process",-1.76116020357367,9.87891538515156e-08,2.76673365722212e-06,285,"498/6390/83440/481/513/539/9556/26289/93974/477/4967/6120/6391/230/108/5027/4710/514/2977/4707/10476/55191/522/51079/4191/441024/23475/3098/4976/25824/4728/3418/56848/4724/27109/64080/10632/114789/4701/4696/4713/4714/4711/4719/374291/3704/4729/4700/4702/4722/4704/4720/55753/4712/126328/4709/4716/55967/4705/318/4723/4715/54539/4726/4725/4698/4718/4695/93100"
"GO:0097237","cellular response to toxic substance",2.07547359631611,1.04223311678283e-07,2.8846919257449e-06,88,"6280/4353/4151/1728/3240/259/8288/1356/348/2954/2938/3050/3045/2878/10516/6649/2944/3043/847/3047/2168/1193/9973/55937/2876"
"GO:0044092","negative regulation of molecular function",1.75131251089646,1.04330023575662e-07,2.8846919257449e-06,352,"325/12/5265/4318/340267/3240/7448/3699/3700/4057/259/7057/5176/462/3827/348/710/3698/2/5345/1293/3697/341/345/7078/88/1475/3078/5104/5788/2168/871/3690/29108/1193/866/336/6590/3053/567/1601/8904/2316/5347/857/2876/64780/8536/5580/10763/6672/489/2810/4792/23603/5267/64114/5770/4552/2022/581/1476/5795/83666/2950/151636/3925/6906/831"
"GO:0097530","granulocyte migration",2.1497984409391,1.08706970885433e-07,2.98668962413712e-06,60,"6288/6280/6279/5657/5473/7057/3929/8288/57126/3958/3689/972/301/6278/2207/5175/7409/728/6358/5919/4192/6850/5795"
"GO:0050832","defense response to fungus",2.17072018489689,1.18851709574404e-07,3.24487591988986e-06,20,"6280/6279/4353/1511/1991/4057/3273/820/283/383"
"GO:0098869","cellular oxidant detoxification",2.12293371413091,1.20362765511856e-07,3.26559228179355e-06,67,"6280/4353/4151/1728/3240/259/8288/1356/348/2954/2938/3050/3045/2878/10516/6649/3043/847/3047/2168/1193/9973/55937/2876"
"GO:0031348","negative regulation of defense response",2.05779796302912,1.22446865180664e-07,3.30150212266622e-06,107,"6288/325/1991/3123/3106/335/10875/348/710/2/3105/383/5788/3055/25939/5777/100/2876/5580/2810/10859/55646/10162/4192/54625/6850/3848/240/2950"
"GO:0030595","leukocyte chemotaxis",2.07826833822311,1.24046527314853e-07,3.32398750045541e-06,93,"6288/6280/6279/1511/5473/7057/3929/727/3958/3689/972/196527/301/6278/2207/7409/728/6358/5641/5919/199/4313/11151/4192/3603/6850/5795/240/3965/3146/102/3071/23075/11240/158747/6558/5880"
"GO:0007162","negative regulation of cell adhesion",2.01040220746425,1.29780663886961e-07,3.45630590143128e-06,131,"1511/3123/1277/7057/7045/3273/335/10875/3827/10457/5340/2192/259307/3958/999/383/5788/3371/928/3339/972/2633/5777/301/5580/4155/445/10859/23603/4313/5770/4192/28984/81/3956/5592/10154/3965/6494/3146/9647/102/8751/23075"
"GO:0050865","regulation of cell activation",1.89534208275625,1.38330574513658e-07,3.66154282904751e-06,226,"1511/3123/7057/3929/2147/3273/84034/10875/3127/6708/348/10457/259307/671/3105/3122/3958/2335/11117/8741/383/5788/928/5341/29108/1075/972/5777/100/567/2316/301/857/8832/2207/5580/4332/637/6778/7409/10859/199/5321/3606/11151/50848/3113/4192/6195/59/114770/3603/6850/3956/5795/23729/5592/6830/3965/3146/3071/81704/5819/5880/1604/81542/9092/86/4921/4846"
"GO:0030334","regulation of cell migration",1.68188958530903,1.49339446840649e-07,3.92898508324397e-06,464,"1991/4318/350/7448/1634/1277/7057/3929/727/3273/84034/5176/83706/348/10457/5340/2192/3383/3958/2335/999/2159/11117/1281/3910/171024/5788/3912/3371/306/3488/928/3690/3687/977/29108/6793/4804/972/100/152007/6282/1601/2316/1636/91624/196527/301/4641/857/4000/6278/397/5025/7148/6672/5175/5354/728/6358/1605/5641/5919/199/23603/4313/11151/5770/5336/8482/4192/59/8717/27286/2022/7414/28984/81/6789/23616/27161/6386/5795/5168/5216/3925/684/138429/8828/5592/208/10154/3965/7168/3146/3162/10894/9647/3675/1902/102/8751/3071/81704/1893/23075/7205/11240/57175/158747/90102/5880/8976/3315/4921/4846/6833/6648/57509/9181/1009/23129/6237/183/4354/3688/7869/10982/5764/3678/25777/127435/7329"
"GO:0009620","response to fungus",2.1842805016599,1.50290386384324e-07,3.9301841403274e-06,24,"6280/6279/4353/1511/1991/4057/3273/820/283/383"
"GO:0010628","positive regulation of gene expression",1.65927994373462,1.76699382419237e-07,4.59312586276592e-06,481,"6288/1401/5004/1991/5005/4060/718/3263/7057/3929/727/8288/820/2192/338/5345/929/4023/1536/3105/2335/7431/3818/51284/11117/8741/23180/5788/3371/8531/1535/3690/7123/1270/3687/29108/336/972/5873/2212/116496/567/301/857/5337/4000/2207/834/4155/5553/9103/6778/1191/5354/728/79792/2161/4627/10859/199/3606/3113/5336/8482/4192/302/59/10644/338773/2022/28984/3603/27161/6850/5795/25940/6281/7475/4939/29896/10961/409/6675/208/8737/3965/83786/3146/3162/9647/3675/4869/84632/328/947/9775/11240/340061/948/1604/3315/5436/10959/4846/6833/9181/183/5571/3556/5885/1938/1984/975/22938/10432/55696/5359/6772/84148/11146/3692/8854/3134/440275/11338/11235/3065/64115/6625"
"GO:0032496","response to lipopolysaccharide",2.00662005131775,1.88038274126043e-07,4.85877469036401e-06,138,"6279/4353/1511/1991/4318/1728/4057/5473/3929/820/2634/929/671/717/1291/7431/4360/29108/3055/249/19/6590/567/1636/2876/6278/834/445/4792/10859/1373"
"GO:0016079","synaptic vesicle exocytosis",-2.2163482594345,2.04305135772282e-07,5.24786150525135e-06,78,"6804/84446/84961/93664/63908/9783/10675/22999/8618/6616/6844/8448/9751/23025/10814/5027/5413/112476/27445/26059/5864/80331/6812/9143/6853/6855/22895/112755/9066/6857/9899/9900/127833/22987"
"GO:0001909","leukocyte mediated cytotoxicity",2.13135110841122,2.21168358135459e-07,5.62600624159123e-06,60,"1511/1991/3123/3107/3106/2147/3500/3105/3122/3383/383/6891/5788/1075/5873/5777/3684/2212/567/2209/9103/7409/10859/3606/11151"
"GO:1990748","cellular detoxification",2.10031978382983,2.21618766945888e-07,5.62600624159123e-06,82,"6280/4353/4151/1728/3240/259/8288/1356/348/2954/2938/3050/3045/2878/10516/6649/2944/3043/847/3047/2168/1193/9973/55937/2876"
"GO:0042730","fibrinolysis",2.1561550934686,2.76560885827283e-07,6.97994654288509e-06,16,"2243/2244/2266/350/7448/7057/2147/3273/710/5340/5345/3818/5627"
"GO:0061045","negative regulation of wound healing",2.15808981201164,2.92548473789228e-07,7.34076835097709e-06,39,"325/2243/2244/2266/350/7448/7057/2147/3273/3827/348/710/5340/5345/3818/928/5627/7103/5580"
"GO:1905952","regulation of lipid localization",2.07869973607111,3.24031800212486e-07,8.08403473978393e-06,81,"1401/718/123/7057/335/348/338/4023/341/345/114885/1066/6696/10226/3690/19/336/5360/2180/1601/857/5580/5025/4792/5321/10162/302/6850/26119/208/51128/2170/57104/948/10938"
"GO:1900047","negative regulation of hemostasis",2.19140103639593,3.27346979324256e-07,8.12007564140912e-06,28,"2243/2244/2266/350/7448/7057/2147/3273/3827/348/710/5340/5345/1311/3818/928/5627/7103/5580"
"GO:0002768","immune response-regulating cell surface receptor signaling pathway",1.9244949866884,3.54939254738129e-07,8.75449605010351e-06,162,"3493/3502/3123/718/3514/4057/3929/3501/929/3500/3503/3105/3958/23180/5788/1535/3055/3507/2633/5777/100/3684/2212/3937/10384/2209/5284/2207/5580/4332/9103/7409/728/4792/10859/23607/5336/581/6850/5795/3494/8547"
"GO:0030195","negative regulation of blood coagulation",2.16457686206872,3.57884924363585e-07,8.77727941617131e-06,27,"2243/2244/2266/350/7448/7057/2147/3273/3827/348/710/5340/5345/3818/928/5627/7103/5580/2161"
"GO:0050830","defense response to Gram-positive bacterium",2.15346376009066,3.68358995863989e-07,8.98340674744706e-06,40,"1401/1511/4069/6037/4057/3929/820/2634/283/3105/29108/567/284297/6038/728/79792/5919/3606"
"GO:0170036","import into the mitochondrion",-2.32162158534322,4.1969691155896e-07,1.01782362741757e-05,33,"100287932/81034/79568/9804/10440/10245/29090/10367/90550/80273/3313/84134/6687/94081/10452/29074/92609/79085/131118/55186/10939/286097/9868/7416/51025"
"GO:0050819","negative regulation of coagulation",2.16259925504415,4.28845257921719e-07,1.03423181368788e-05,29,"2243/2244/2266/350/7448/7057/2147/3273/3827/348/710/5340/5345/3818/928/5627/7103/5580/2161/302/10544/3848"
"GO:0007160","cell-matrix adhesion",1.97561113782875,4.43712871463181e-07,1.06417545581308e-05,133,"2243/2244/2266/7448/7057/3273/83706/87/1307/88/10516/2335/11117/1281/3689/3690/3687/3684/64098/3683/7148/30008/50509/1605/7402/23603/10580/302/7414/5795/6281/4811/3679/967/3611/10894/9647/3675/8751/947/7205/948/90102/22795/1009/6237/11037/3688/8500/3678"
"GO:0002764","immune response-regulating signaling pathway",1.82463837650569,5.47706294572057e-07,1.3063697938117e-05,260,"6280/6279/3493/3502/3123/718/3514/4057/3929/3501/1/2634/929/3500/3503/3105/3958/51284/23180/5788/1535/29108/3055/3507/2633/5777/100/3684/2212/3937/10384/2209/5284/857/2207/5580/834/4332/9103/1520/7409/728/4792/10859/23607/5336/581/6850/5795/55577/3494/8547"
"GO:0051702","biological process involved in interaction with symbiont",2.08900220879389,6.23233710957105e-07,1.47035735829608e-05,68,"325/1511/1991/4057/2147/3273/820/348/5340/3078/2335/383/8542/2876/3482/858"
"GO:0002819","regulation of adaptive immune response",2.06048109190236,6.21679512176663e-07,1.47035735829608e-05,69,"3123/722/3107/718/3263/3106/259307/3105/3122/8741/383/6891/5788/725/29108/5777/100/567/2209/301/6778/10859/5321/3606/3956/8417/6830/3146/3071/5819/1604/7454"
"GO:0031589","cell-substrate adhesion",1.86590182388668,6.44698434009364e-07,1.51277616326197e-05,206,"2243/2244/2266/7448/1277/7057/3273/83706/335/5340/2192/1295/87/1307/88/10516/2335/11117/1281/3689/3912/3690/3687/2633/3684/1601/2316/25890/64098/5318/3683/7148/30008/50509/6251/1605/7402/23603/11151/5770/10580/4192/302/2199/7414/81/6789/5795/79778/6281/4811/3679/967/3611/10894/9647/3675/8751/947/7205/948/90102/5880/5034/10109/55742/22795/1009/6237/11037/3688/8500/3678"
"GO:0051873","killing by host of symbiont cells",2.1208878217307,6.55775385471396e-07,1.53049513351147e-05,14,"1511/1991/4057/2147/3273/820/3078/383/8542"
"GO:0060078","regulation of postsynaptic membrane potential",-2.23337890490869,7.66760904749567e-07,1.7799513836994e-05,63,"6804/6543/2561/23345/2932/22999/2890/152404/3736/2742/2915/4355/2892/1742/3737/57555/5027/2743/3751/2893/2550/2891/2554/112755/2566/2902/18/8001/2741"
"GO:0071345","cellular response to cytokine stimulus",1.73838762995979,8.15640696863976e-07,1.88334907717368e-05,345,"1511/4046/2244/2266/3263/1277/5473/7057/820/4311/335/2634/355/3383/7431/427/383/5788/8531/4360/3059/1270/29108/3055/19/25939/4744/972/2633/5777/55647/471/2180/2317/8904/4641/857/10312/2207/834/4332/6778/6672/6358/445/3099/4792/10859/2819/199/4313/3606/11151/2730/5770/3113/54625/8717/81/3603/6850/5795/26119/5371/83666/2950/1687/4939/7442/23729/8828/2731/8737/3965/3611/84817/81704/1893/11240/340061/10097/6558/5034/84522/7454/3093"
"GO:0003333","amino acid transmembrane transport",-2.2269447534948,8.74063195158019e-07,2.00125809006159e-05,51,"2670/10165/123096/56262/83733/3766/57030/124935/94081/94015/6534/477/6520/57709/23657/7957/6509/8604/79751/57348/57084/6507/6538/9152/6506/140679"
"GO:0002822","regulation of adaptive immune response based on somatic recombination of immune receptors built from immunoglobulin superfamily domains",2.05109451580749,8.75924987587426e-07,2.00125809006159e-05,66,"3123/722/3107/718/3263/3106/259307/3105/3122/8741/383/6891/5788/725/5777/100/567/2209/301/6778/10859/5321/3606/3956/8417/6830/3146/3071/5819/1604/7454"
"GO:0033993","response to lipid",1.70228202475033,8.96536650670858e-07,2.03762596888073e-05,376,"6279/4353/1511/1991/4318/1728/4057/1277/5473/7057/3929/820/5176/2/2634/929/4023/2203/671/1536/717/1291/2878/1066/1369/7431/5788/847/3371/10095/306/6696/4360/29108/3055/249/19/336/6590/3684/1646/1829/2180/567/1601/1636/301/857/2876/4747/6278/5580/3482/834/25959/6672/83844/54331/445/1605/85315/4792/10859/4313/1373"
"GO:0045321","leukocyte activation",1.71108661484822,1.00712542102697e-06,2.27704763160317e-05,344,"1511/3123/718/7057/3929/820/10875/3127/6708/10457/57126/259307/671/3105/3122/3383/3958/2335/8741/383/3689/5788/306/8935/712/3936/8673/977/29108/3507/1075/972/5873/5777/100/3684/5699/3937/567/301/857/8832/10312/1794/2207/5580/4332/3683/637/6778/1191/7409/728/23303/4627/10859/199/5321/3606/11151/23607/3113/5336/54518/4192/139818/10397/114770/581/3603/6850/3956/5795/7442/684/23729/6830/3965/3146/102/3071/81704/23075/5819/5880/1604/9092/7454/86/8723/3688/1947/975/5359/5296/1650/6605/11146/3134/440275/865/2885/3635/4067/64115"
"GO:0010951","negative regulation of endopeptidase activity",2.11025633670213,1.05430878511787e-06,2.37137535554231e-05,57,"12/5265/4318/7448/4057/7057/5176/710/5345/7078/5104/2168/871/866/3053/2876/64780"
"GO:0002703","regulation of leukocyte mediated immunity",2.03798510065155,1.3122031260588e-06,2.93622359289756e-05,89,"3123/722/3107/718/3263/3106/57126/259307/3105/3122/3383/8741/383/3689/6891/5788/725/8673/5777/3684/567/2209/8832/6778/7409/10859/3606/5336/6850/8417/684/409/6830/3965/3146/3071/5819/5880/1604/7454"
"GO:0032103","positive regulation of response to external stimulus",1.75871984353809,1.37713582666087e-06,3.06571621719734e-05,287,"6280/6279/350/718/7448/3263/4057/7057/3929/2147/3273/84034/5340/2634/5345/929/4023/51284/11117/383/23180/1535/1270/8673/29108/3055/1075/972/2633/4363/2209/2316/196527/857/6278/834/4332/5025/1520/7409/728/79792/4792/5641/6809/5919/199/3606/5336/4192/8717/3603/6850/3956/5795/55577/83666/8547/409/8737/3965/3146/9647/1902/102/3071/23075/340061/948/158747/5819/5880/3315/3093/183/8723/22841/7353/5764/127018/27250/975/10432/5359/3134/4067/55666/23325/3430/57724/29110/22933/1436/9958/3428/3735/6421/1660/1652/140609/6197/3916/6387/1147/3304/90268/3551/90678/9111/81622/23328"
"GO:0015807","L-amino acid transport",-2.23155073491357,1.5663728568058e-06,3.46919620989489e-05,50,"10165/123096/83733/3766/57030/124935/94081/94015/6534/477/6520/3993/23657/7957/6509/6812/8604/79751/388662/57348/57084/6507/9152/6506/140679"
"GO:1901342","regulation of vasculature development",1.94774856811261,1.6245408432913e-06,3.57976233539469e-05,136,"116844/350/718/1634/7057/3273/84034/820/5176/10457/23166/1536/11117/306/3690/3687/3339/5777/51752/126393/7052/6672/23670/728/3099/4192/2022/28984/27161/5371/3848/240/3162/102/1893/947/948/6558/10553/3315/7058/4846/6833/23129/6237/3688/56005/3678"
"GO:0022409","positive regulation of cell-cell adhesion",1.93386645604712,1.65304228723858e-06,3.62416998429428e-05,131,"1511/1991/2243/3123/2244/2266/84034/3127/6708/259307/5345/3105/3122/11117/3689/5788/29108/972/5777/100/567/301/857/7409/10859/199/3606/11151/50848/3113/4192/6850/3956/240/3965/3146/3071/81704"
"GO:0015804","neutral amino acid transport",-2.24601071579329,1.84528430704285e-06,3.98526327207612e-05,24,"124935/94081/6534/6520/3993/23657/6509/8604/388662/6507/9152/6506/140679"
"GO:0098754","detoxification",2.03528718253108,1.83243897735429e-06,3.98526327207612e-05,92,"6280/4353/4151/1728/3240/259/8288/1356/348/2954/2938/3050/3045/2878/10516/6649/2944/3043/847/3047/2168/1193/9973/55937/2876"
"GO:0050777","negative regulation of immune response",1.98772052244631,1.84333338268934e-06,3.98526327207612e-05,88,"3123/722/3106/259/10875/710/2/259307/3105/3958/1281/383/5788/725/3055/25939/5777/301/2876/6778/2810/10859/55646/54625/114770/6850/3956/409/3965/3071"
"GO:0015800","acidic amino acid transport",-2.21156691421067,1.9446996980834e-06,4.17917890563369e-05,47,"477/5027/57709/23657/7957/6509/6812/2550/8604/79751/2697/57348/57084/6507/18/6529/6506/140679"
"GO:0002831","regulation of response to biotic stimulus",1.77683813787974,1.99250156518029e-06,4.26081246031902e-05,252,"6280/6279/3123/3263/3106/4057/3075/3929/3273/84034/10875/348/710/2/2634/259307/929/3105/51284/11117/383/23180/1535/29108/3055/25939/5777/51752/857/255520/834/4332/1520/2810/57103/7409/4792/10859/55646/5770/5336/54625/6850/55577/5371/83666/8547/1687/151636/409/3965/3146/10346/340061/948/5819/1604/3093/6737/22841/7353/127018/10432/5359/6772/3134/440275/4067/55666/23325/3430/57724/29110/22933/9958/3428/6421/1660/140609/6197/10269/3916/1147/3304/90268/60489/3551/90678/9111/9140/81622/23328"
"GO:0035249","synaptic transmission, glutamatergic",-2.19082856524792,2.07654374541109e-06,4.41876294060272e-05,55,"9746/4763/785/121551/127262/9456/54413/59283/7143/8775/27092/440279/57030/2917/63908/2890/84896/2915/2892/23025/477/57555/6509/10368/2893/6812/2913/2891/1956/57084/5270/6857/2902/10369"
"GO:1990266","neutrophil migration",2.06734302613325,2.09541839914342e-06,4.43717622960076e-05,48,"6288/6280/6279/5657/5473/3929/57126/3958/3689/972/2207/5175/7409/728"
"GO:0009117","nucleotide metabolic process",-1.66853177613114,2.12046084884444e-06,4.46840803147268e-05,320,"498/6390/83440/481/513/539/9556/26289/93974/477/4967/6120/6391/230/108/5027/8623/4710/514/2977/4707/10476/55191/522/51079/4191/441024/23475/3098/4976/25824/4728/3418/56848/4724/27109/64080/10632/114789/4701/4696/4713/4714/4711/4719/374291/3704/4729/4700/4702/4722/4704/4720/55753/4712/126328/4709/4716/55967/4705/318/4723/4715/54539/4726/4725/4698/4718/4695/93100"
"GO:0044403","biological process involved in symbiotic interaction",1.85236551502235,2.20601670497971e-06,4.62624082913861e-05,171,"325/1511/1991/3123/4057/2147/3273/820/348/5340/2192/3383/3078/2335/383/8542/4360/3690/8673/972/857/2876/3482/290/858/1605/1508/50848/90861/6510/114770/3956/3416/8547/3965/3146/10346/5819/1604/5034/6737/3688/3678/975/3839/22938/3080/5359/440275/7726/9972/3065/4340/3921/57724/1514/3434/1436"
"GO:0006897","endocytosis",1.62023659982276,2.26642242063789e-06,4.73006717691783e-05,446,"1401/1991/722/5657/718/7448/7057/3929/335/197/348/4240/57126/929/341/23166/720/345/717/3958/3689/5788/306/928/725/1535/4360/3690/977/29108/3055/19/30844/3339/336/5873/55647/3684/9938/2212/567/1601/2209/196527/301/7052/23301/4641/4430/9322/857/7018/1794/9260/2207/5580/3482/4074/3683/9103/112574/5175/4640/23307/1191/85377/7409/858/9902/4627/10859/4542/199/23603/55646/11151/115548/5770/90861/5336/4643/51411/302/23616/6850/6386/5795/26119/8547/1785/30846/967/4065/409/3146/10894/1902/3071/10487/10960/948/55707/4642/10938"
"GO:0032637","interleukin-8 production",2.07139713245008,2.51632912086964e-06,5.20161176842625e-05,38,"1401/1991/3929/820/929/671/51284/5788/29108/336/972/301/284297"
"GO:0032677","regulation of interleukin-8 production",2.07139713245008,2.51632912086964e-06,5.20161176842625e-05,38,"1401/1991/3929/820/929/671/51284/5788/29108/336/972/301/284297"
"GO:0090303","positive regulation of wound healing",2.11828288190448,2.80009215379989e-06,5.76075831262812e-05,29,"350/7448/7057/2147/3273/84034/5340/5345/11117/196527/301/2161"
"GO:0030036","actin cytoskeleton organization",1.63820212658656,2.85177783770393e-06,5.8394186761664e-05,456,"4625/4633/10788/3273/335/6708/5345/87/283/6710/1264/822/88/8826/4629/171024/10095/5341/3059/800/112464/3936/3690/29108/3055/2035/9535/9938/2317/2316/301/85477/4641/4430/9322/64780/64423/7018/64098/1794/9260/23022/5580/7408/25959/9639/10324/9124/8407/7148/89846/4640/6840/51474/10092/4627/752/4542/199/23603/11151/50848/10398/23607/2275/83543/644150/79585/5770/10580/4643/28984/89848/81/23616/6386/79778/8572/1730/6281/1785/5216/9749/3925/30846/684/6624/65108/1266/5592/7168/9647/25802/1902/3071/221061/23075/2314/10487/11346/57175/10097/4642/29766/90102/5880/9828/8976/5239/7454/8522/10109/829/55742/9181/5357/2620/2037/3688/55114/10096/8500/93663"
"GO:0002706","regulation of lymphocyte mediated immunity",2.05161745103866,2.87639069966161e-06,5.8621652710005e-05,62,"3123/722/3107/718/3263/3106/259307/3105/3122/8741/383/6891/5788/725/5777/567/2209/6778/7409/10859/3606/8417/409/6830/3965/3146/3071/5819/1604/7454"
"GO:0045765","regulation of angiogenesis",1.94470594989496,3.00815019335471e-06,6.10204672399663e-05,134,"116844/350/718/1634/7057/3273/84034/820/5176/10457/23166/1536/11117/306/3690/3687/3339/5777/51752/126393/7052/6672/23670/728/3099/4192/2022/28984/27161/5371/3848/240/3162/1893/947/948/6558/10553/3315/7058/4846/6833/23129/6237/3688/56005/3678"
"GO:0072376","protein activation cascade",2.07671150322025,3.18369405714968e-06,6.42810041957524e-05,13,"2243/2244/2266/350/2192/3818/2162/3690/2316/2161"
"GO:0007015","actin filament organization",1.73102077841875,3.23215497085712e-06,6.49573367059757e-05,291,"10788/335/6708/5345/87/283/6710/1264/822/88/8826/171024/10095/5341/3059/800/3936/29108/3055/9535/9938/2316/85477/4641/4430/64780/64423/7018/5580/7408/25959/9639/9124/8407/4640/6840/51474/10092/4542/199/23603/11151/50848/23607/83543/644150/79585/10580/4643/28984/89848/23616/79778/1730/6281/1785/5216/3925/6624/65108/1266/7168/9647/25802/1902/3071/221061/23075/2314/10487/11346/57175/10097/4642/29766/90102/5880/8976/7454/8522/10109/829/9181/5357/2620/55114/10096/8500/93663"
"GO:0002698","negative regulation of immune effector process",2.07799802422284,3.27784237384911e-06,6.55719527413778e-05,49,"722/3106/8288/335/10875/710/2/259307/3105/3958/383/5788/725/336/5777/301/8832/5553/10859/114770/3956/684/409/3965/3071"
"GO:0002757","immune response-activating signaling pathway",1.78556817019668,3.33471633490277e-06,6.64036862835455e-05,244,"6280/6279/3493/3502/3123/718/3514/4057/3929/3501/2634/929/3500/3503/3105/3958/51284/23180/5788/1535/29108/3055/3507/2633/5777/100/3684/3937/10384/857/2207/5580/834/4332/1520/7409/728/4792/23607/5336/581/6850/5795/55577/3494/8547"
"GO:0002429","immune response-activating cell surface receptor signaling pathway",1.89631681961859,3.3584307239583e-06,6.65705377748995e-05,149,"3493/3502/3123/718/3514/4057/3929/3501/929/3500/3503/3105/3958/23180/5788/1535/3055/3507/2633/5777/100/3684/3937/10384/2207/5580/4332/7409/728/4792/23607/5336/581/6850/5795/3494/8547"
"GO:0019882","antigen processing and presentation",2.00229849246463,3.59540598272546e-06,7.09438971409601e-05,64,"3123/3107/3106/7057/10875/3127/10437/3105/3122/3383/6891/23180/6890/29108/972/6892/5873/51752/567/2209/1636/5696/10981/5720/2207/1520/5641/3113/3416/1785"
"GO:0071621","granulocyte chemotaxis",2.07508434968854,3.64458829096407e-06,7.15889491903848e-05,49,"6288/6280/6279/5473/7057/3929/3958/3689/972/301/6278/2207/7409/728/6358/5919/4192/6850/5795"
"GO:0030194","positive regulation of blood coagulation",2.09858719282114,4.51302832565502e-06,8.78522688864055e-05,15,"350/7448/7057/2147/3273/84034/5340/5345/11117/196527/2161"
"GO:1900048","positive regulation of hemostasis",2.09858719282114,4.51302832565502e-06,8.78522688864055e-05,15,"350/7448/7057/2147/3273/84034/5340/5345/11117/196527/2161"
"GO:0030097","hemopoiesis",1.65510636680586,4.69077364085591e-06,9.0904680245337e-05,352,"325/4151/3123/4318/5657/3106/4057/10875/6708/6521/2200/2038/259307/6005/87/283/714/3122/8544/5788/5341/3059/3507/972/5777/100/567/669/2316/1636/301/85477/7018/10312/1794/2207/6778/7409/130733/4627/4792/10859/3606/55646/4237/10682/5336/4643/4192/302/139818/6510/114770/581/6789/6850/3956/5795/5371/2124/55526/8737/3965/3146/3071/9770/947/29766/5880/9092/84522/86/6648/6237/3688/5764/80349/1938/2263/975/5296/6605/6772/84148/3692/7482/2539/865/57095/3635/4067/64115/6522/1397/1514/25979/1436/60/8879/3428/54443/2313/3930/55619/8301/25793/3304/22985"
"GO:1903036","positive regulation of response to wounding",2.05035174384089,4.77392001724519e-06,9.21048301993839e-05,38,"350/7448/7057/2147/3273/84034/5340/5345/11117/1270/2316/196527/301"
"GO:0051093","negative regulation of developmental process",1.70331918489106,4.86158136297883e-06,9.33810827287216e-05,318,"1401/325/4318/350/1634/4057/54829/7057/2147/3273/5176/10875/197/348/2200/23166/714/999/11117/9104/8531/3488/6696/3690/1270/19/3339/4804/972/5777/2202/567/301/857/2487/1290/5318/56896/130733/4792/5641/10859/3606/116173/4192/338773/114770/28984/6789/3956/5371/240/7442/3146/1893/10493/948/6558/7058/1495/86/4846/6833/6648/3688/10541/5764/8036/80349/22920/27250/6772/84148/2539/1284/440275/865/3635/4067/3065/10498"
"GO:0050729","positive regulation of inflammatory response",2.05665702778957,5.07330210354997e-06,9.70185217247155e-05,50,"6280/6279/718/3929/2634/4023/51284/8673/29108/1075/2633/4363/2209/834/79792/4792/3606/5336/4192/8717/3603/3956"
"GO:0002446","neutrophil mediated immunity",2.0939717428528,5.15636855784212e-06,9.81745434631256e-05,18,"1511/1991/2147/57126/383/3689/306/3684/1636"
"GO:0071674","mononuclear cell migration",1.95211928559995,5.62950335974389e-06,0.000106714733994097,93,"6288/1511/7057/727/5340/3383/3958/11117/928/3690/29108/6793/196527/301/6278/3683/5025/5175/728/5641/5919/199/4313/11151/50848/4192/5795/240/3965/3146/102/81704/1893/11240/158747/6558/8976"
"GO:0006801","superoxide metabolic process",2.04711009898519,5.77431083276944e-06,0.000108983840543705,43,"1401/4353/4151/1728/57126/1536/10516/6649/3689/1535/9973/3684/654816/5580/84329"
"GO:0050866","negative regulation of cell activation",1.98785850473561,6.7478350713101e-06,0.000126368176582916,71,"1511/3123/2147/10875/348/10457/259307/671/3958/2335/11117/383/5788/928/972/5777/301/8832/5580/4332/10859/4192/114770/3956/5592/3965/3146"
"GO:0030335","positive regulation of cell migration",1.73344574879153,6.75360906870225e-06,0.000126368176582916,264,"4318/7448/1277/7057/3929/83706/10457/5340/2192/3383/3958/2335/2159/171024/5788/3912/306/3488/3690/3687/977/29108/972/152007/6282/1601/2316/196527/301/4641/857/6278/5025/5175/5354/728/6358/5641/5919/199/4313/11151/5336/8482/4192/59/8717/27286/81/6789/27161/6386/5795/5168/5216/8828/208/3965/3146/3162/10894/9647/3675/1902/102/3071/81704/23075/7205/158747/5880/3315/4921/4846/6648/9181/6237/183/3688/7869/10982/5764/3678/25777/7329"
"GO:0008015","blood circulation",1.77868130888358,7.19269139526316e-06,0.000134006323376984,226,"1401/4625/1511/2243/2244/2266/4633/1278/84034/7134/3827/348/710/5345/1674/1311/6649/3043/11117/1522/1193/100/51752/1829/2316/1636/1756/857/2876/5318/5025/10539/59342/489/4313/1373/2730/1727/26509/5770/1312/59/2022/5742/5795/7873/7442/1832/5592/57085/8985/7168"
"GO:0051932","synaptic transmission, GABAergic",-2.15535479164129,7.52766821265437e-06,0.000139647896201421,31,"5881/8938/9568/57555/7162/6812/7915/8224/2550/2554/2566/404037/6529"
"GO:0051235","maintenance of location",1.8397139878589,8.35379777886551e-06,0.000154314196417256,177,"1401/6280/6279/718/123/2147/335/348/2200/338/4023/114885/1066/5788/3710/1535/10226/3690/1193/19/5777/2316/85477/1756/857/60526/5318/10577/6672/3099/4792/11151/3074/5336/57158/581/57674/5371/5330"
"GO:0030168","platelet activation",1.96874534946551,8.67183185806639e-06,0.000159510263118077,89,"6288/1511/2243/2244/2266/2147/3273/84034/83706/348/1311/3043/11117/1281/3710/928/5341/3690/5777/2316/2207/5580/7409/4627/5321/50848/10398/5336/7414/954/6850/5795"
"GO:0006814","sodium ion transport",-1.97041409900386,8.83940779121914e-06,0.000161906621188533,102,"57731/6584/8884/2257/65267/476/493/65268/6546/6543/6326/23171/1910/57030/53373/53822/8671/57835/1272/6548/6640/6324/6534/481/477/84679/10768/6520/53826/6323/4842/5027/478/6532/57282/10479/482/388662/57084/5270/284111/4704/2902/6538/6529/9152"
"GO:2000147","positive regulation of cell motility",1.74089172261185,9.48923837265653e-06,0.000172354743831389,272,"4318/7448/1277/7057/3929/83706/10457/5340/2192/3383/3958/2335/2159/171024/5788/3912/306/3488/284119/3690/3687/977/29108/972/152007/6282/1601/2316/196527/301/4641/857/7018/6278/5025/5175/5354/728/6358/5641/5919/199/4313/11151/5336/8482/4192/59/8717/27286/81/6789/27161/6386/5795/5168/5216/8828/55246/208/3965/3146/3162/10894/9647/3675/1902/102/3071/81704/23075/7205/158747/5880/3315/4921/4846/6648/9181/6237/183/3688/7869/10982/5764/3678/25777/7329"
"GO:0008285","negative regulation of cell population proliferation",1.70673550956427,9.45967688239903e-06,0.000172354743831389,290,"1401/3123/4969/350/7057/3273/5176/348/10457/10437/5340/2192/259307/1805/283/563/1264/383/9104/3488/928/8935/3339/4804/5777/6282/567/1601/85477/857/2487/4000/80781/4332/25959/30008/3489/2810/858/10859/199/5770/10397/2022/581/28984/6789/5795/5371/10549/240/2950/1687/5592/64855/3159/3965/3611/7168/3490/3162/4869/2170/30851/6567/2173/590/1495/26136/4846/6833/6648/8406/5764/8036/22920/27250/127435/23371/2263/51761/10076/104/6772/11146/8854/3635/11235/4067/64115"
"GO:0019915","lipid storage",2.00791287933179,9.57567781352774e-06,0.000173200072452183,48,"1401/718/123/335/348/338/4023/114885/1066/10226/3690/19/857/60526/10577/4792/3074/57674/57104/948/158747/10938"
"GO:0040017","positive regulation of locomotion",1.71735821919399,1.0068722914504e-05,0.000181362349260838,279,"4318/7448/1277/7057/3929/83706/10457/5340/2192/3383/3958/2335/2159/171024/5788/3912/306/3488/284119/3690/3687/977/29108/972/152007/6282/1601/2316/196527/301/4641/857/7018/6278/5025/5175/5354/728/6358/5641/6809/5919/199/4313/11151/5336/8482/4192/59/8717/27286/81/3603/6789/27161/6386/5795/5168/5216/8828/55246/208/3965/3146/3162/10894/9647/3675/1902/102/3071/81704/23075/7205/158747/5880/3315/4921/4846/6648/9181/6237/183/3688/7869/10982/5764/3678/25777/7329"
"GO:0048002","antigen processing and presentation of peptide antigen",2.02615115504203,1.03549637982481e-05,0.0001857475117694,38,"3123/3107/3106/3127/10437/3105/3122/6891/6890/29108/972/6892/51752/567/2209/1636/2207/1520/5641/3113/3416/1785"
"GO:0006637","acyl-CoA metabolic process",-2.12092152224534,1.13383409875513e-05,0.000201720238635082,65,"47/2639/5160/5163/84532/10157/25874/23597/5162/6785/5164/1738/8802/4967/5165/1743/8803/23305/84869/1737/8050/4594/5538/54988/3157/84693/26027"
"GO:0035383","thioester metabolic process",-2.12092152224534,1.13383409875513e-05,0.000201720238635082,65,"47/2639/5160/5163/84532/10157/25874/23597/5162/6785/5164/1738/8802/4967/5165/1743/8803/23305/84869/1737/8050/4594/5538/54988/3157/84693/26027"
"GO:0035725","sodium ion transmembrane transport",-2.01326601579422,1.25288617252486e-05,0.000221990974486956,82,"2257/65267/476/493/65268/6546/6543/6326/57030/53373/53822/8671/57835/6548/6640/6324/6534/481/477/84679/6520/53826/6323/4842/478/6532/57282/10479/482/388662/57084/284111/2902/6538/6529/9152"
"GO:0031630","regulation of synaptic vesicle fusion to presynaptic active zone membrane",-2.16192910989926,1.26537884718685e-05,0.000222389051645268,13,"8448/10814/112476/26059/5864/6812/22895/9066/6857/127833"
"GO:1901632","regulation of synaptic vesicle membrane organization",-2.16192910989926,1.26537884718685e-05,0.000222389051645268,13,"8448/10814/112476/26059/5864/6812/22895/9066/6857/127833"
"GO:0001818","negative regulation of cytokine production",1.88642205044816,1.30436046913824e-05,0.000228315677279399,113,"5004/1991/3123/4057/7057/3929/2147/8288/335/10457/2192/671/2335/383/5788/29108/336/2633/5777/301/8832/284297/5553/10859/23607/114770/28984/5371/2950/684/409/3965/3146/3071/947"
"GO:0002456","T cell mediated immunity",1.99396220174183,1.36661493478757e-05,0.000238252025378026,48,"3123/722/3107/3106/259307/3105/3122/3383/383/6891/23180/5788/1075/5873/567/10384/10859/3606/8417/3146/3071/5819/1604/7454"
"GO:0002705","positive regulation of leukocyte mediated immunity",2.01187750618067,1.42528231139207e-05,0.000247161188806255,55,"3123/3107/718/3263/3106/57126/3105/3122/8741/383/3689/6891/5788/3684/567/2209/6778/7409/3606/5336"
"GO:0016485","protein processing",1.87969385191792,1.42910523820249e-05,0.000247161188806255,121,"1511/2243/2244/2266/350/7057/2158/4311/715/5340/5345/1368/1311/1369/3818/1522/7123/29108/922/1636/834/1520/2161/4627/5641/84301"
"GO:0071222","cellular response to lipopolysaccharide",1.94105388692923,1.57777803284294e-05,0.000271791049229016,84,"1511/4318/4057/5473/3929/820/2634/929/671/7431/4360/29108/3055/19/567/834/445/4792/10859"
"GO:0051966","regulation of synaptic transmission, glutamatergic",-2.11512984107269,1.62300223016109e-05,0.000278476390558471,34,"127262/9456/54413/59283/7143/27092/2917/84896/2915/23025/477/57555/10368/6812/2913/1956/5270/6857/2902/10369"
"GO:0009081","branched-chain amino acid metabolic process",-2.14609433512469,1.67149705827723e-05,0.00028566806023549,28,"152926/587/10993/3712/56922/1738/3028/5095/549/5096/586/36/594/54511/64087/4329/26275"
"GO:0071219","cellular response to molecule of bacterial origin",1.9355248909846,1.6926174730125e-05,0.000288143233346952,85,"1511/4318/4057/5473/3929/820/2634/929/671/7431/4360/29108/3055/19/567/834/445/4792/10859"
"GO:0031638","zymogen activation",2.0318743113829,1.81944766224538e-05,0.000304821517453712,35,"2243/2244/2266/350/7057/2158/715/5345/3818/1522/7123/29108/922/2161/5641/302/6281"
"GO:0032640","tumor necrosis factor production",1.96374929377692,1.83272094115224e-05,0.000304821517453712,74,"5004/5005/4057/7057/3929/10457/929/4023/671/1536/5788/1535/29108/5777/2212/9103/1191/10859/5336/6850/5795/2950/4939/409/8737/3965/83786/3146/948/3315/6833/9181"
"GO:0032680","regulation of tumor necrosis factor production",1.96374929377692,1.83272094115224e-05,0.000304821517453712,74,"5004/5005/4057/7057/3929/10457/929/4023/671/1536/5788/1535/29108/5777/2212/9103/1191/10859/5336/6850/5795/2950/4939/409/8737/3965/83786/3146/948/3315/6833/9181"
"GO:0071706","tumor necrosis factor superfamily cytokine production",1.96374929377692,1.83272094115224e-05,0.000304821517453712,74,"5004/5005/4057/7057/3929/10457/929/4023/671/1536/5788/1535/29108/5777/2212/9103/1191/10859/5336/6850/5795/2950/4939/409/8737/3965/83786/3146/948/3315/6833/9181"
"GO:1903555","regulation of tumor necrosis factor superfamily cytokine production",1.96374929377692,1.83272094115224e-05,0.000304821517453712,74,"5004/5005/4057/7057/3929/10457/929/4023/671/1536/5788/1535/29108/5777/2212/9103/1191/10859/5336/6850/5795/2950/4939/409/8737/3965/83786/3146/948/3315/6833/9181"
"GO:0050851","antigen receptor-mediated signaling pathway",1.92313676311932,1.82518263837747e-05,0.000304821517453712,96,"3493/3502/3123/3514/3501/3500/3503/3105/3958/23180/5788/3507/2633/5777/100/3937/10384/4332/4792/23607/5336/581/6850/5795/3494"
"GO:0010810","regulation of cell-substrate adhesion",1.87783142573261,1.90661539580676e-05,0.000315901428747982,134,"2243/2244/2266/7448/1277/7057/3273/335/5340/2192/1295/1307/2335/11117/3690/2633/1601/2316/25890/5318/30008/6251/1605/7402/23603/5770/4192/2199/7414/81/6789/5795/6281/4811/3611/9647/3675/8751/948/90102/5880/5034/10109"
"GO:0015812","gamma-aminobutyric acid transport",-2.15180308266498,1.96845447739705e-05,0.000320841261713131,14,"5027/57709/2550/6538/18/6529/9900/140679"
"GO:0035150","regulation of tube size",1.99546658451102,1.97338440169099e-05,0.000320841261713131,57,"1401/2243/2244/2266/3827/348/5345/1311/6649/3043/1636/857/2876/59342/4313/1373/2730/59/7873/5592/8985/10060/4846/6648/183/3688"
"GO:0035296","regulation of tube diameter",1.99546658451102,1.97338440169099e-05,0.000320841261713131,57,"1401/2243/2244/2266/3827/348/5345/1311/6649/3043/1636/857/2876/59342/4313/1373/2730/59/7873/5592/8985/10060/4846/6648/183/3688"
"GO:0097746","blood vessel diameter maintenance",1.99546658451102,1.97338440169099e-05,0.000320841261713131,57,"1401/2243/2244/2266/3827/348/5345/1311/6649/3043/1636/857/2876/59342/4313/1373/2730/59/7873/5592/8985/10060/4846/6648/183/3688"
"GO:0010876","lipid localization",1.73354098130193,1.96915607670256e-05,0.000320841261713131,235,"1401/350/718/123/7057/3929/335/6521/348/5375/338/4023/341/345/114885/1066/5104/55911/2168/8542/6696/10226/3690/19/336/55937/5360/4363/2180/1601/1636/196527/301/6513/857/60526/5580/10577/5025/114883/1191/4792/5321/10162/3074/1312/302/6850/26119/57674/208/51128/10087/2170/57104/55852/948/158747/10938/2173/4547"
"GO:0010883","regulation of lipid storage",2.02006046060575,2.03751497523259e-05,0.000330031809980772,25,"1401/718/123/338/4023/114885/1066/10226/3690/19"
"GO:1905953","negative regulation of lipid localization",2.0224522339347,2.16092589802191e-05,0.000348720420941008,27,"1401/7057/348/341/345/1066/3690/19/336"
"GO:0050766","positive regulation of phagocytosis",2.01580279088277,2.18979598340551e-05,0.000352070531998642,37,"718/335/197/720/717/5788/1535/29108/336/5873/2212/2209/196527/1794/2207/9103/55646/5336/5795/8547/3071/10960/948"
"GO:1902475","L-alpha-amino acid transmembrane transport",-2.10315309028777,2.26813846201502e-05,0.000363320629653402,38,"10165/123096/83733/3766/57030/124935/94015/6534/477/6520/23657/7957/6509/8604/79751/57348/57084/6507/9152/6506"
"GO:0050820","positive regulation of coagulation",2.04220187574825,2.4410475127705e-05,0.00038958041371091,17,"350/7448/7057/2147/3273/84034/5340/5345/11117/196527/2161"
"GO:1902533","positive regulation of intracellular signal transduction",1.52548325307118,2.45079097505715e-05,0.000389702696803043,499,"6280/6279/1991/2243/3123/2244/2266/1634/4057/6275/7057/2147/335/348/10457/2634/5345/3383/2335/8826/51284/2159/1281/5788/847/3488/5627/3059/112464/3690/29108/972/5777/100/152007/1646/128853/1601/8904/2316/7052/857/2876/1464/6278/834/5025/637/3489/1191/7409/728/858/4313/3606/50848/8649/79585/5770/5336/8482/59/8717/2022/581/81/6789/6850/6386/3956/5795/55577/5371/1687/684/6285/2339/10961/409/8737/3965/3611/3146/3162/1902/3071/1893/9770/29995/10346/7205"
"GO:0045807","positive regulation of endocytosis",1.89858138537592,2.57593628464024e-05,0.000408107277796471,88,"718/7448/335/197/348/929/720/717/5788/1535/977/29108/336/5873/2212/567/1601/2209/196527/7018/1794/2207/9103/1191/55646/5336/302/6850/5795/26119/8547/967/409/3071/10960/948/8976"
"GO:0030593","neutrophil chemotaxis",1.9887419877381,2.88313807981791e-05,0.000455116451072347,38,"6288/6280/6279/5473/3929/3958/3689/972/2207/7409/728"
"GO:0017156","calcium-ion regulated exocytosis",-2.07126349238179,3.05358390438256e-05,0.000480275642352344,42,"51150/440279/11069/6861/55207/4851/6804/93664/9783/22999/8618/6616/6844/8448/8938/84258/23025/6854/255057/5864/6812/192683/22895/112755/9066/6857/127833"
"GO:0034367","protein-containing complex remodeling",2.03795947432038,3.09371086474252e-05,0.000481354797987357,16,"4353/335/348/338/4023/341/345/336/55937/5360"
"GO:0034368","protein-lipid complex remodeling",2.03795947432038,3.09371086474252e-05,0.000481354797987357,16,"4353/335/348/338/4023/341/345/336/55937/5360"
"GO:0034369","plasma lipoprotein particle remodeling",2.03795947432038,3.09371086474252e-05,0.000481354797987357,16,"4353/335/348/338/4023/341/345/336/55937/5360"
"GO:0072593","reactive oxygen species metabolic process",1.83003807792194,3.18151186305201e-05,0.000493247964196742,132,"1401/4353/4151/1728/3240/7057/2147/8288/57126/3050/1536/3045/1291/2878/10516/6649/3043/3689/847/3047/1535/9973/5873/3684/654816/2876/5580/10131/84329/57103/7409/3099/5336/873/3049/6850/10549/240/2950"
"GO:0002366","leukocyte activation involved in immune response",1.86456586139543,3.37620611430947e-05,0.000521569777303111,108,"3123/3929/10875/57126/3122/3383/3958/8741/3689/5788/306/3936/8673/29108/972/5873/5777/100/3684/301/8832/1794/2207/3683/6778/10859/3606/11151/5336/54518/4192/139818/114770/6850/3956/6830/3965/3146/3071/23075"
"GO:0009636","response to toxic substance",1.8167179360581,3.42883714078633e-05,0.000527822057735938,139,"6280/4353/4151/1728/3240/259/8288/1356/348/2954/2938/3050/3045/1291/2878/1066/10516/6649/999/2944/3043/847/3047/2168/1193/9973/55937/2876/4747/4155/445/2947/1373/1312/493869/2052/3049/581/5742/10549/2950"
"GO:1903037","regulation of leukocyte cell-cell adhesion",1.81433846524266,3.49174983471381e-05,0.000535607280300094,139,"1511/1991/3123/10875/3127/6708/10457/259307/3105/3122/3958/383/3689/5788/29108/972/5777/100/567/301/857/7409/445/10859/199/3606/11151/3113/4192/6850/3956/240/3965/3146/3071/81704/1604/9092/86"
"GO:0019883","antigen processing and presentation of endogenous antigen",2.04106743135427,3.57640997786743e-05,0.000546661820912765,15,"3123/3107/3106/3105/3122/6891/6890/972/6892/51752/567"
"GO:0002699","positive regulation of immune effector process",1.88706909702047,3.92815159244814e-05,0.000598319510976048,98,"3123/3107/718/3263/3106/3929/57126/3105/3122/51284/8741/383/3689/6891/5788/8673/29108/972/5777/3684/567/2209/301/6778/7409/10859/3606/5336/8482/6850/8417/8547"
"GO:0001501","skeletal system development",1.76000977272496,4.28562151659584e-05,0.000650485419704284,150,"4318/4969/4057/1277/7045/1278/5549/197/633/2200/1291/1311/1281/9104/5788/871/249/9249/2202/7052/85477/2487/1290/80781/1280/23516/10859/4313/3074/10682/4192/302/338773/2022"
"GO:0002274","myeloid leukocyte activation",1.87346902343052,4.33955690863808e-05,0.000656376882940693,95,"1511/7057/3929/820/57126/671/2335/3689/5788/306/712/8673/29108/1075/972/5777/3684/3937/301/8832/1794/2207/5580/1191/728/199/5321/3606/5336/10397/3603/6850/7442/23729/3965/3146/102/5819/5880"
"GO:0045730","respiratory burst",2.03360750010047,4.37624567327535e-05,0.000659627863461398,22,"6280/4353/3493/3512/3929/1536/1535/3055/654816"
"GO:0050853","B cell receptor signaling pathway",2.01397632208292,4.42104967334789e-05,0.000664075315986269,32,"3493/3502/3514/3501/3500/3503/23180/5788/3507/5777/4332/4792/5336/581/6850/3494"
"GO:0002286","T cell activation involved in immune response",1.97244306903148,4.56674454258656e-05,0.000683594415840285,39,"3123/10875/3122/3383/3958/3936/972/5873/301/2207/3683/6778/10859/3606/54518/4192/3956/3965/3146/3071"
"GO:0050764","regulation of phagocytosis",1.95447692438736,4.68186434506647e-05,0.000698418320341359,58,"5657/718/335/197/720/717/5788/1535/29108/3055/336/5873/2212/2209/196527/7052/1794/2207/9103/55646/5336/6850/5795/8547/3146/3071/10960/948"
"GO:0070661","leukocyte proliferation",1.7759900862421,4.74555127750425e-05,0.000705494455330341,127,"1401/3123/6708/10457/259307/3105/3958/383/5788/977/29108/972/5777/100/5699/1636/301/10312/1794/5580/4332/637/6778/1191/10859/199/3606/11151/3113/581/6850/2950/684/3965/3146/3071/81704/5880/1604"
"GO:0006123","mitochondrial electron transport, cytochrome c to oxygen",-2.10266137009308,4.82566738229288e-05,0.000714956385888511,13,"1346/1345/246269/54205/1327/4697/9167/9377/1329/1347/1340"
"GO:0006084","acetyl-CoA metabolic process",-2.06808198051253,4.84712253957136e-05,0.000715692481097934,27,"47/5160/5163/84532/10157/25874/5162/5164/1738/5165/1743/1737/8050/3157"
"GO:0009083","branched-chain amino acid catabolic process",-2.13639232708195,5.07077838437797e-05,0.000743657059681918,22,"152926/587/3712/56922/1738/3028/549/36/594/54511/64087/4329/26275"
"GO:0002285","lymphocyte activation involved in immune response",1.92885282249689,5.06618591359835e-05,0.000743657059681918,70,"3123/10875/3122/3383/3958/8741/5788/3936/972/5873/100/301/2207/3683/6778/10859/3606/11151/5336/54518/4192/139818/114770/3956/6830/3965/3146/3071/23075"
"GO:0006099","tricarboxylic acid cycle",-2.08396595171234,5.24123392777314e-05,0.000766067221564417,28,"5160/23530/2271/135154/5162/6390/3421/8802/4967/6391/1743/8803/1431/1737/4191/3418/3419/3420/55753"
"GO:0008625","extrinsic apoptotic signaling pathway via death domain receptors",1.94295031111275,5.56522216273626e-05,0.000810692262028124,44,"2243/2244/2266/7057/355/3383/3958/2876/637/6672/55179/64114/8717/581/6789/3162/8738/4846/9181"
"GO:0002695","negative regulation of leukocyte activation",1.94274459115396,5.91582195674002e-05,0.00085888237840162,58,"1511/3123/10875/10457/259307/671/3958/2335/383/5788/972/5777/301/8832/4332/10859/4192/114770/3956/3965/3146"
"GO:0002263","cell activation involved in immune response",1.85510136121691,5.98025625234698e-05,0.000865343079714608,111,"3123/3929/10875/57126/3122/3383/3958/8741/3689/5788/306/3936/8673/29108/972/5873/5777/100/3684/301/8832/1794/2207/3683/6778/10859/3606/11151/5336/54518/4192/139818/114770/6850/3956/6830/3965/3146/3071/23075"
"GO:0010596","negative regulation of endothelial cell migration",2.00651979760813,6.1673094036367e-05,0.000889444854524483,28,"350/1634/7057/3273/5176/348"
"GO:0046649","lymphocyte activation",1.6362681938265,6.41056649324922e-05,0.000921465865801154,281,"1511/3123/718/10875/3127/6708/10457/259307/3105/3122/3383/3958/8741/383/5788/8935/3936/977/29108/3507/972/5873/5777/100/5699/567/301/857/8832/10312/1794/2207/5580/4332/3683/637/6778/7409/23303/4627/10859/199/3606/11151/23607/3113/5336/54518/4192/139818/114770/581/6850/3956/5795/684/6830/3965/3146/3071/81704/23075/5880/1604/9092/7454/86/3688/1947/975/5296/1650/6605/11146/3134/440275/865/2885/3635/4067/64115"
"GO:0002821","positive regulation of adaptive immune response",1.95320381248911,6.49396972515581e-05,0.000930373682405986,50,"3123/3107/718/3263/3106/3105/3122/8741/6891/5788/29108/100/567/2209/6778/5321/3606"
"GO:0002521","leukocyte differentiation",1.70101784004344,6.70273878575286e-05,0.000957124640426091,207,"325/3123/4318/5657/3106/4057/10875/2200/259307/714/3122/8544/5788/3059/3507/972/5777/100/567/301/7018/10312/1794/2207/6778/7409/130733/4627/10859/3606/5336/4192/302/139818/114770/581/6850/3956/5795/2124/8737/3965/3146/3071/9770/9092/84522/86/6237/3688/975/5296/6605/865/3635/4067/64115/6522/1514/25979/1436/60/3428"
"GO:0002824","positive regulation of adaptive immune response based on somatic recombination of immune receptors built from immunoglobulin superfamily domains",1.93558306061794,6.92912357771937e-05,0.000986207391832124,47,"3123/3107/718/3263/3106/3105/3122/8741/6891/5788/100/567/2209/6778/5321/3606"
"GO:0002694","regulation of leukocyte activation",1.72611594175783,6.98160730028065e-05,0.000990429976814324,197,"1511/3123/7057/3929/10875/3127/6708/10457/259307/671/3105/3122/3958/2335/8741/383/5788/29108/1075/972/5777/100/567/301/857/8832/4332/637/6778/7409/10859/199/5321/3606/11151/3113/4192/114770/3603/6850/3956/23729/6830/3965/3146/3071/81704/5819/5880/1604/9092/86"
"GO:0002708","positive regulation of lymphocyte mediated immunity",1.95230004517226,7.35626712652933e-05,0.00104018096404768,43,"3123/3107/718/3263/3106/3105/3122/8741/6891/5788/567/2209/6778/7409/3606"
"GO:1903706","regulation of hemopoiesis",1.76346892903968,7.38079539344916e-05,0.001040260805291,142,"325/3123/3106/4057/10875/2200/259307/714/3122/5788/3059/972/5777/100/567/301/85477/130733/4792/10859/3606/4192/114770/6850/3956/2124/8737/3965/3146/3071/9770/9092/86/5764/80349/6605/6772/3692/865/57095/3635/4067/64115/6522"
"GO:0043542","endothelial cell migration",1.84530967880764,7.4716856032923e-05,0.00104966301630718,111,"6280/350/1634/7057/3273/5176/335/348/5340/306/3690/301/2876/5025/6672/4627/5641/27286/28984/23616/6273/8828/3146/3162/57175/3315/4846/23129/6237/183/3688/5764"
"GO:0042325","regulation of phosphorylation",1.58374637452706,7.6235026336692e-05,0.00106753628815348,362,"1991/3123/4318/718/7448/4057/7057/2147/3273/348/10457/2200/2192/355/283/2335/8826/3689/171024/5788/3059/3690/1270/29108/30844/972/5777/116496/3937/1601/5347/1756/857/64780/1464/7018/8536/5580/5175/2810/57103/728/5919/23603/3606/5770/5336/54625/338773/27286/2022/28984/6789/6850/6386/5795/83666/5168/2950/138429/92597/199731/10961/409/8737/9647/4869/3071/10040/9770/11329/948"
"GO:0042110","T cell activation",1.70251218711504,7.80634010177057e-05,0.0010896245138838,205,"1511/3123/10875/3127/6708/10457/259307/3105/3122/3383/3958/383/5788/3936/977/29108/972/5873/5777/100/5699/567/301/857/8832/10312/1794/2207/3683/637/6778/7409/23303/4627/10859/199/3606/11151/3113/54518/4192/581/6850/3956/3965/3146/3071/81704/5880/1604/9092/7454/86/1947/975/5296/1650/6605/11146/440275/865/2885/4067/64115/6522/2280/1514"
"GO:0031341","regulation of cell killing",1.94295265628108,8.25304229575166e-05,0.00114828386557237,38,"3123/3107/3106/3075/3105/3122/3383/383/6891/5788/922/3684/567/7409/10859/6850/8417/409/3965/3071/5819/1604"
"GO:0006086","acetyl-CoA biosynthetic process from pyruvate",-2.05950597466244,8.38645472048993e-05,0.0011631182089983,11,"5160/5163/25874/5162/5164/1738/5165/1737/8050"
"GO:0071216","cellular response to biotic stimulus",1.84996970688177,8.42584956187675e-05,0.00116486028497156,98,"1511/4318/4057/5473/3929/820/2634/929/671/7431/4360/29108/3055/19/567/834/57103/445/4792/10859/5336/6850/2950/23729/3146/948/1604/4846/27250/4790/92140/10432"
"GO:1905954","positive regulation of lipid localization",1.95334636926261,8.79602114132756e-05,0.00121217548490486,49,"718/123/335/348/338/4023/114885/1066/6696/10226/19/5360/2180/1601/857/5580/5025/4792/5321/10162/302/26119/2170/948/10938/5444"
"GO:0022408","negative regulation of cell-cell adhesion",1.88823684497329,9.3407690349408e-05,0.00128317336647715,74,"1511/3123/335/10875/10457/5340/259307/3958/999/383/928/972/5777/301/5580/4155/445/10859/4192/28984/3956/5592/3965/3146/9647/23075"
"GO:0007612","learning",-1.86202693423857,9.67611109544399e-05,0.00132088044859504,84,"109/4763/54915/51204/2258/4915/2048/23236/3815/22986/54413/351/6505/7143/7122/84446/6543/8831/10396/2890/3643/6616/84896/2915/5577/23259/1742/7054/477/26047/23657/7162/7957/7416/6532/5153/7419/5538/2902/6529/57468"
"GO:2001236","regulation of extrinsic apoptotic signaling pathway",1.85126568454481,9.6460425078089e-05,0.00132088044859504,86,"2243/2244/2266/7057/3383/3958/5788/29108/857/2876/4000/1280/637/6672/55179/2730/64114/6789/5371/2950/8737/3162/1495/4846/9181/183/8406/8996"
"GO:0071825","protein-lipid complex organization",1.96085931235498,9.79406561518369e-05,0.00132883784233432,25,"4353/335/348/338/4023/341/345/19/336/55937/5360"
"GO:0034113","heterotypic cell-cell adhesion",1.93585993682101,9.79562565185398e-05,0.00132883784233432,38,"2243/2244/2266/335/3689/5788/3690/3687/3684/1829/4155/5318"
"GO:0002483","antigen processing and presentation of endogenous peptide antigen",1.98549286599009,0.000100722485000315,0.00136210687659305,13,"3123/3107/3106/3105/3122/6891/6890/6892/51752/567"
"GO:0006641","triglyceride metabolic process",1.91450079294237,0.000101627567100156,0.00137007847447757,47,"350/718/348/338/4023/341/345/9104/55911/847/336/11343/2180/857/2876/7148/1373"
"GO:1902105","regulation of leukocyte differentiation",1.81371018753638,0.00010475004491332,0.00140780168720967,108,"325/3123/3106/4057/10875/2200/259307/714/3122/5788/3059/972/5777/100/301/130733/10859/3606/4192/114770/6850/3956/2124/8737/3965/3146/3071/9770"
"GO:0010811","positive regulation of cell-substrate adhesion",1.90099921581913,0.00010921020497654,0.00145871230708664,76,"2243/2244/2266/7448/3273/335/2192/1295/1307/2335/11117/3690/1601/2316/25890/30008/6251/1605/7402/4192/2199/6789/5795/6281/4811/3611/9647/3675/948/5034/10109/6237"
"GO:0070585","protein localization to mitochondrion",-1.79776883822266,0.000109107603618103,0.00145871230708664,94,"100287932/4137/84709/665/55823/79568/9804/55486/10440/131474/10245/4580/29090/90580/80273/84233/10059/26521/84134/1678/10651/10452/54708/9927/92609/23770/131118/55750/10456/93974/3329/26517/26519/9868/56993/51079/51025/3098/54332/23787/26520"
"GO:0030099","myeloid cell differentiation",1.70896980942587,0.000110358261410471,0.00146952519258545,186,"325/4151/3123/4318/5657/4057/6521/2200/2038/6005/87/714/8544/3059/972/5777/567/669/2316/85477/7018/10312/130733/4627/4792/10859/55646/4237/302/6510/5795/5371/2124/8737/3071/9770/29766/5880/84522/80349/975/6772/84148/3692/2539/865/57095/3635/4067"
"GO:0007218","neuropeptide signaling pathway",-2.09064869050651,0.000111874654706484,0.00148516170055305,20,"4988/5368/6653/2742/1363/2861/2743/6447/5179/2741/57537"
"GO:1903131","mononuclear cell differentiation",1.74089469798303,0.000114780339070378,0.0015190897923918,168,"325/3123/4318/5657/3106/10875/259307/714/3122/8544/5788/3059/3507/972/5777/100/567/301/10312/1794/2207/6778/7409/4627/10859/3606/5336/4192/139818/114770/581/6850/3956/5795"
"GO:0051216","cartilage development",1.89250446913453,0.000124543210646655,0.00164328898910981,48,"4969/1277/7045/633/1291/1311/1281/871/2202/85477/2487/1280/23516"
"GO:0040013","negative regulation of locomotion",1.71325489921913,0.000126086608615137,0.0016586120242373,166,"1991/350/1634/7057/727/3273/84034/5176/348/2192/999/11117/1281/9104/3488/4804/972/100/397/6672/1605/199/23603/5770/2022/7414/28984/5795/684/138429/5592/7168/3146/3162/8751/11240/57175/90102/8976/1495/7454/6833/1009/6237"
"GO:0032760","positive regulation of tumor necrosis factor production",1.88316952702695,0.000128689110210048,0.00168264887777656,54,"5004/5005/7057/3929/929/4023/1536/5788/1535/29108/2212/9103/1191/5336/6850/5795/4939/8737/3965/83786/3146/948/3315/6833/9181"
"GO:1903557","positive regulation of tumor necrosis factor superfamily cytokine production",1.88316952702695,0.000128689110210048,0.00168264887777656,54,"5004/5005/7057/3929/929/4023/1536/5788/1535/29108/2212/9103/1191/5336/6850/5795/4939/8737/3965/83786/3146/948/3315/6833/9181"
"GO:0034375","high-density lipoprotein particle remodeling",1.95742136833376,0.000129187585296808,0.00168409401733767,11,"335/348/4023/341/345/336/55937/5360"
"GO:2000116","regulation of cysteine-type endopeptidase activity",1.85953112369831,0.000129768528482127,0.00168660234173927,81,"6280/6279/4318/4057/7057/355/2168/29108/4804/2876/64780/834/489/5641/5698/6850/831/3965/3146/9647"
"GO:0070663","regulation of leukocyte proliferation",1.82960546329102,0.000132026282984844,0.00171082416249912,98,"1401/3123/6708/10457/259307/3105/3958/383/5788/29108/972/5777/100/301/4332/637/6778/10859/199/3606/11151/3113/6850/2950/684/3965/3146/3071/5880/1604/1947/975/11146/3635/4067/64115/6522/1436/2214/4690"
"GO:0042119","neutrophil activation",1.99639065644115,0.000133102091071456,0.00171963148018211,19,"1511/820/57126/3689/306/3684/301/2207/5580/3606/3603/6850"
"GO:0035987","endodermal cell differentiation",1.9444468385252,0.000136944476803816,0.00176071124220379,27,"4318/7448/1295/1303/1291/2335/3689/3912/1290/4627/4313"
"GO:0031343","positive regulation of cell killing",1.92307532902092,0.000137092927865672,0.00176071124220379,26,"3123/3107/3106/3105/3122/383/6891/5788/922/3684/567/7409/6850/8417"
"GO:0099505","regulation of presynaptic membrane potential",-1.98194864035593,0.000138327031134851,0.00177132047833743,12,"2890/3746/3736/2892/3737/6323/2893/2550/2741"
"GO:0009887","animal organ morphogenesis",1.57553755215833,0.000150757597454402,0.001924819795734,304,"4625/4633/1634/4057/54829/1277/1278/7134/2200/1295/1291/1311/1281/3912/1522/3371/3488/871/1270/3687/249/4804/9249/125488/2202/2316/220/7052/857/2487/1290/10312/80781/1280/5318/6778/30008/1605/4313/4237/4192/221496/2593/6195/59/338773/2022/581/6850/5371/7475/2274/8828/1832/8985/3611/7168/10087/8751/947/9775/10060/1495/63915/10959/4846/55742/54549/5357/23129/183/1396/5764/27250/4790/2263/51761/104/6772/7482/8854/2054/6015/3065/89/6522/4666/2280"
"GO:0071827","plasma lipoprotein particle organization",1.96890203081632,0.000153295147253193,0.00194577261469624,23,"4353/335/348/338/4023/341/345/19/336/55937/5360"
"GO:0051588","regulation of neurotransmitter transport",-1.93543917028499,0.000152868645029627,0.00194577261469624,60,"4763/785/8499/7779/134957/9581/351/6623/2670/6861/6804/84961/2824/9783/10675/22999/57512/8938/477/4842/5413/286097/5864/6812/9143/6853/112755/6857/9899/5865/127833/22987"
"GO:0090066","regulation of anatomical structure size",1.59995724382692,0.000154849090234099,0.00195976647436217,281,"1401/2243/2244/2266/3827/6708/348/5345/6710/1291/822/88/1311/6649/2335/999/3043/5341/6696/3059/29108/3055/1636/196527/85477/857/2876/4747/5580/7408/25959/59342/6840/51474/10092/7409/4313/1373/11151/2730/8482/59/89848/23616/1785/5216/7873/5592/8985/25802/3071/23075/2314/29766/6558/10060/7454/4846/10109/829/6648/5357/183/3688"
"GO:0006520","amino acid metabolic process",-1.58229601053071,0.000156990245710681,0.00198108911811066,204,"55699/152926/4548/55278/16/283459/587/10993/123688/435/55152/2639/1491/3712/5188/8659/5184/275/10157/57038/2271/4507/80222/56922/57176/1738/7054/3028/5805/5095/1743/2746/4842/121278/2752/549/5096/23657/586/2653/36/1757/594/54511/92935/441024/54938/64087/7915/339983/10352/4594/2744/5860/124454/2806/4329/27165/29920/6507/55256/26275/85300/18/2572/2571/10247/23395/670/5625"
"GO:0001932","regulation of protein phosphorylation",1.56173642452266,0.000160952174541467,0.00202519823096959,338,"1991/3123/4318/718/7448/4057/7057/2147/3273/348/10457/2200/2192/355/2335/8826/3689/171024/5788/3059/3690/1270/29108/30844/972/5777/116496/3937/1601/5347/1756/857/64780/1464/8536/5580/5175/2810/728/5919/23603/3606/5770/5336/54625/338773/28984/6789/6850/5795/83666/5168/2950/138429/92597/199731/10961/409/8737/9647/4869/10040/9770/11329/948"
"GO:0046928","regulation of neurotransmitter secretion",-1.96493638501125,0.000162279421296138,0.00203048461245277,49,"4763/785/8499/7779/134957/9581/6623/6861/6804/84961/9783/10675/22999/57512/8938/5413/286097/5864/6812/6853/112755/6857/9899/127833/22987"
"GO:0032612","interleukin-1 production",1.91061785062351,0.000162775545987921,0.00203048461245277,38,"6288/5004/5005/335/4023/29108/301/834/79792/3603/5371/2950/409/3965/3146/948/3315"
"GO:0032652","regulation of interleukin-1 production",1.91061785062351,0.000162775545987921,0.00203048461245277,38,"6288/5004/5005/335/4023/29108/301/834/79792/3603/5371/2950/409/3965/3146/948/3315"
"GO:0032963","collagen metabolic process",1.92395389252362,0.00016470130137016,0.002048619911885,49,"4318/5657/1277/2147/1278/5345/5118/1291/7431/11117/871/7148/1520/9902/4313/1508/4239/2022/28984/8985/8751/4921/3688/54463/57333/23371"
"GO:1904018","positive regulation of vasculature development",1.8345152774192,0.000167749243389676,0.00208056990158453,71,"116844/718/7057/84034/820/1536/11117/306/3690/3687/51752/126393/7052/728/3099/4192/2022/27161/3162/1893/947/3315/4846/6237/3688/56005/3678/92140"
"GO:0016082","synaptic vesicle priming",-2.01513074753448,0.00016889622654991,0.00208882769074974,24,"8775/440279/6804/84446/63908/9783/22999/6616/23025/26059/6812/9143/6855/22895/112755/9900"
"GO:0010562","positive regulation of phosphorus metabolic process",1.62602770918715,0.000186749132037806,0.00229653819313347,246,"1991/3123/4318/718/7448/4057/7057/2147/10457/2200/355/283/8826/5788/5341/3059/3690/1270/30844/972/116496/3937/1601/5347/857/1464/7018/8536/5580/5175/57103/2819/5919/3606/5770/5336/54625/338773/28984/6789/6850/6386/5795/83666/5168/10961/409/8737/3071/2170/10040/9770"
"GO:0045937","positive regulation of phosphate metabolic process",1.62602770918715,0.000186749132037806,0.00229653819313347,246,"1991/3123/4318/718/7448/4057/7057/2147/10457/2200/355/283/8826/5788/5341/3059/3690/1270/30844/972/116496/3937/1601/5347/857/1464/7018/8536/5580/5175/57103/2819/5919/3606/5770/5336/54625/338773/28984/6789/6850/6386/5795/83666/5168/10961/409/8737/3071/2170/10040/9770"
"GO:0032944","regulation of mononuclear cell proliferation",1.83650300524145,0.000195417625161369,0.00239635003058052,89,"1401/3123/6708/10457/259307/3105/3958/383/5788/29108/972/5777/100/301/4332/637/10859/199/3606/11151/3113/6850/3965/3146/3071/5880/1604/1947/975/11146/3635/4067/64115/6522"
"GO:0060348","bone development",1.82658528332395,0.000198761035565313,0.00243048353630711,71,"4969/4057/1277/633/2200/1291/1311/1281/9104/5788/871/249/9249/7052/1280/10859/10682/302/338773/2022"
"GO:0042327","positive regulation of phosphorylation",1.65952093243654,0.000214129802376791,0.00261106031493721,226,"1991/3123/4318/718/7448/4057/7057/2147/10457/2200/355/283/8826/5788/3059/3690/1270/30844/972/116496/3937/1601/5347/857/1464/7018/8536/5580/5175/57103/5919/3606/5770/5336/54625/338773/28984/6789/6850/6386/5795/83666/5168/10961/409/8737/3071/10040/9770"
"GO:0016525","negative regulation of angiogenesis",1.87711712648945,0.000220358182983859,0.00266455396193017,51,"350/1634/7057/3273/5176/23166/11117/3339/5777/28984/5371/240/948/6558/7058/6833"
"GO:1901343","negative regulation of vasculature development",1.87711712648945,0.000220358182983859,0.00266455396193017,51,"350/1634/7057/3273/5176/23166/11117/3339/5777/28984/5371/240/948/6558/7058/6833"
"GO:2000181","negative regulation of blood vessel morphogenesis",1.87711712648945,0.000220358182983859,0.00266455396193017,51,"350/1634/7057/3273/5176/23166/11117/3339/5777/28984/5371/240/948/6558/7058/6833"
"GO:0015813","L-glutamate transmembrane transport",-2.05333497081974,0.000222052296187559,0.00267758060486165,23,"6505/10165/83733/3766/57030/94015/477/23657/7957/6509/8604/79751/57348/57084/6507/6506"
"GO:0031032","actomyosin structure organization",1.74837567244076,0.000223848045129905,0.00269175724074492,124,"4625/4633/10788/335/5345/1264/88/8826/4629/2035/9639/10324/9124/4627/50848/10398/10580/28984/6281/1785/5216/3925/1266/7168/9647/25802/1902/221061/2314/11346/29766/90102/5239/7454/2037/3688/8500/5339/5296"
"GO:0001706","endoderm formation",1.95098308335703,0.000236276408666829,0.00283335881221741,28,"4318/7448/1295/1303/1291/2335/3689/3912/1290/4627/4313"
"GO:0002920","regulation of humoral immune response",1.96948485493862,0.000247618730063796,0.00294630471926106,16,"722/718/3263/3075/710/2/5788/725/5777/922"
"GO:0010543","regulation of platelet activation",1.92239041978736,0.000247731219196104,0.00294630471926106,30,"1511/2147/3273/84034/348/11117/928/5341/2316/2207/5580/5321/50848/6850/5795/5592/81542/4846"
"GO:0032943","mononuclear cell proliferation",1.75844473493579,0.000247420467413466,0.00294630471926106,115,"1401/3123/6708/10457/259307/3105/3958/383/5788/977/29108/972/5777/100/5699/1636/301/1794/5580/4332/637/10859/199/3606/11151/3113/581/6850/3965/3146/3071/81704/5880/1604"
"GO:0043408","regulation of MAPK cascade",1.60402463583073,0.000255006860779059,0.00302454858645326,276,"1991/2243/3123/2244/2266/259/7057/348/10457/2192/5345/355/3383/2335/8826/11117/5788/112464/3690/29108/972/2633/5777/152007/128853/1601/857/1464/6278/5580/9402/3489/728/858/1605/8649/5770/5336/8482/221496/59/6789/6850/6386/5795/2950/1687/10961/409/8737/3965/3146/1902/9770/11329/948/51074"
"GO:0017158","regulation of calcium ion-dependent exocytosis",-2.03841174542483,0.000263363588735898,0.00311515351145105,23,"148281/6861/4851/6804/8448/8938/84258/255057/5864/6812/192683/22895/9066/6857/127833"
"GO:0090151","establishment of protein localization to mitochondrial membrane",-2.02114807287891,0.000267537750257732,0.00314925544093328,26,"79568/9804/4580/90580/84233/26521/1678/10651/10452/55750/26517/26519/9868/56993/51079/23787/26520"
"GO:0002474","antigen processing and presentation of peptide antigen via MHC class I",1.94839773859823,0.000267697594495365,0.00314925544093328,22,"3107/3106/10437/3105/6891/6890/6892/51752/567/2209/1636/2207"
"GO:0006835","dicarboxylic acid transport",-1.85519941912995,0.000287209212049435,0.00336966267434215,57,"6505/320/2670/10165/81034/56262/83733/3766/57030/2917/8402/94015/477/5027/23657/7957/6509/6812/2550/8604/79751/2697/57348/57084/6507/284111/18/6506"
"GO:0003013","circulatory system process",1.60118831616081,0.000288371329310813,0.00337417773729984,276,"1401/4625/1511/2243/2244/2266/4633/1278/84034/7134/3827/348/710/5345/1674/1311/6649/3043/11117/1522/1193/4363/100/51752/1829/2316/1636/6513/1756/857/2876/5318/5025/10539/59342/489/4313/1373/2730/1727/26509/5770/1312/6510/59/2022/5742/5795/7873/7442/1832/5592/57085/8985/7168"
"GO:1903038","negative regulation of leukocyte cell-cell adhesion",1.8811485405795,0.000291317647115855,0.00339948899497292,45,"1511/3123/10875/10457/259307/3958/383/972/5777/301/445/10859/4192/3956/3965/3146"
"GO:0070371","ERK1 and ERK2 cascade",1.72369820416659,0.00029220606774194,0.00340071458463207,129,"2243/3123/2244/2266/348/10457/2192/5345/3383/2335/11117/5788/112464/3690/29108/972/2633/5777/152007/128853/1601/7018/6278/728/23607/5770/8482/59/6850/2950/409/3965/3146/948/51074"
"GO:0006626","protein targeting to mitochondrion",-1.86557706188095,0.000306584770145823,0.00354902529920804,74,"9776/22885/23203/51024/89781/9512/59286/54741/100287932/84709/665/55823/9804/55486/10440/131474/10245/4580/29090/90580/80273/26521/84134/1678/10651/10452/9927/92609/131118/55750/10456/93974/3329/26517/26519/9868/56993/51079/51025/54332/23787/26520"
"GO:0030534","adult behavior",-1.81354194671888,0.00030629395322759,0.00354902529920804,83,"2043/91978/9456/54413/351/6505/57731/6623/2257/3766/4988/80243/2395/22911/477/6323/57555/51286/26047/5413/2743/23657/6532/4864/2566/5538/18/2741/6506"
"GO:0032757","positive regulation of interleukin-8 production",1.93453487719693,0.000312983526022736,0.00361346140017206,29,"1991/3929/820/929/51284/29108/336/972/6850/8737/3965/3146/84632"
"GO:2001233","regulation of apoptotic signaling pathway",1.67105060732804,0.000315345123398571,0.00363106944475649,198,"6280/6279/2243/4318/2244/2266/7057/355/3383/3958/5788/8531/29108/4804/1075/972/857/2876/4000/5580/1280/10131/637/1520/6672/1191/55179/4313/2730/64114/5770/581/6789/5371/2950/1687/10961/8737/3162/50484/8738/3315/5034/1495/4846/10625/6648/9181/183/8406/8996"
"GO:0002712","regulation of B cell mediated immunity",1.94192867809764,0.000318989685453131,0.00363447303032032,18,"722/718/3263/8741/5788/725/5777/2209/6778"
"GO:0002889","regulation of immunoglobulin mediated immune response",1.94192867809764,0.000318989685453131,0.00363447303032032,18,"722/718/3263/8741/5788/725/5777/2209/6778"
"GO:0070372","regulation of ERK1 and ERK2 cascade",1.72721865721121,0.00031684427342187,0.00363447303032032,121,"2243/3123/2244/2266/348/10457/2192/5345/3383/2335/11117/5788/112464/3690/29108/972/2633/5777/152007/128853/1601/6278/728/5770/8482/59/6850/2950/409/3965/3146/948/51074"
"GO:0050863","regulation of T cell activation",1.71005712926312,0.00031854098103268,0.00363447303032032,141,"1511/3123/10875/3127/6708/10457/259307/3105/3122/3958/383/5788/29108/972/5777/100/567/301/857/637/7409/10859/199/3606/11151/3113/4192/6850/3956/3965/3146/3071/81704/5880/1604/9092/86/1947/975/6605/11146/865/4067/64115/6522"
"GO:0045766","positive regulation of angiogenesis",1.84841518539132,0.000320554417597501,0.00364274012248888,70,"116844/718/7057/84034/820/1536/11117/306/3690/3687/51752/126393/7052/728/3099/4192/2022/27161/3162/1893/947/3315/4846/6237/3688/56005/3678/92140"
"GO:0034121","regulation of toll-like receptor signaling pathway",1.93880030268991,0.000325015130872374,0.00368378768437853,13,"6280/6279"
"GO:1903556","negative regulation of tumor necrosis factor superfamily cytokine production",1.93761740933319,0.000331674873782339,0.00374948079971129,22,"5004/4057/7057/3929/10457/671/5777/10859/2950/409/3965"
"GO:0070374","positive regulation of ERK1 and ERK2 cascade",1.81769957798063,0.000342661271663761,0.00386208068056008,78,"2243/3123/2244/2266/348/10457/5345/3383/5788/112464/3690/29108/972/152007/128853/6278/728/8482/59/409/3965/3146"
"GO:0061061","muscle structure development",1.59693645548708,0.000343414683873806,0.00386208068056008,283,"4625/4633/7134/5340/3009/1293/1674/87/1291/88/1311/4629/1281/3912/8531/3488/928/1270/2317/1756/857/2876/4000/7373/1794/9260/8536/5318/963/34/10324/9124/30008/8470/6840/858/445/1605/7402/4627/3606/116173/6876/10398/2275/4637/57158/221496/338773/2022/81/3956/8572/4811/30846/5738/3679/2274/1832/5592/409/6830/7168/1410/25802/2314/1841/10938/29766/10060/5239/86/1120/6648/140465/3688/27250/2263/975/5339/6605/104/84148/11146/2817/2539"
"GO:0072655","establishment of protein localization to mitochondrion",-1.76209903909009,0.000347212022938991,0.00389469610226914,88,"100287932/4137/84709/665/55823/79568/9804/55486/10440/131474/10245/4580/29090/90580/80273/84233/26521/84134/1678/10651/10452/9927/92609/131118/55750/10456/93974/3329/26517/26519/9868/56993/51079/51025/3098/54332/23787/26520"
"GO:0042744","hydrogen peroxide catabolic process",1.90909673524092,0.000350625055694794,0.00392284372879149,21,"4353/3240/8288/3050/3045/2878/3043/847/3047/2876"
"GO:0097006","regulation of plasma lipoprotein particle levels",1.87469522454403,0.00035208436031201,0.00392368515807387,38,"4353/335/348/338/4023/341/345/19/336/55937/5360/10162/302/26119/3162/948/10938/4547/6833/183"
"GO:0002444","myeloid leukocyte mediated immunity",1.84337550017104,0.000352507996233312,0.00392368515807387,51,"1511/1991/718/2147/57126/3500/383/3689/306/8673/3684/2212/2209/1636/8832/9103"
"GO:0000165","MAPK cascade",1.52812490060235,0.000356439260763623,0.00394720109942573,329,"1991/2243/3123/2244/2266/259/7057/348/10457/2192/5345/355/3383/2335/8826/51284/11117/5788/112464/3690/29108/972/2633/5777/152007/128853/1601/857/1464/7018/6278/5580/4155/9402/3489/728/858/1605/23607/8649/5770/5336/8482/221496/59/6789/6850/6386/5795/2950/1687/10961/409/9459/8737/3965/1410/3146/1902/9770/11329/948/51074/10060"
"GO:0030001","metal ion transport",-1.39606302735008,0.000356163361367955,0.00394720109942573,378,"6543/10463/6326/23171/8514/3766/816/7781/27069/1910/10367/57030/53373/90550/342667/30818/57181/3782/4988/54805/53822/8671/57835/3313/10059/9465/6000/30820/3685/6687/1272/94081/9843/10267/287/51310/3746/3736/2395/5534/6616/6548/51669/6640/6844/6324/79085/6534/7009/777/818/481/2631/6262/3737/477/492/84679/2783/3954/10768/5332/6520/10939/2823/53826/6323/255057/4842/187/5027/478/81615/286097/196051/3748/10681/7957/7416/117/10368/6532/3751/221074/4504/80036/1804/57282/10479/9254/482/388662/114789/57348/491/57084/5270/6507/284111/9446/80333/55799/4704/2902/10369/6538/6529/23479/57468/9152"
"GO:0031349","positive regulation of defense response",1.62344380383082,0.00036113834919174,0.00398906252885838,219,"6280/6279/718/3263/4057/3929/84034/2634/929/4023/51284/11117/383/23180/1535/8673/29108/3055/1075/2633/4363/2209/857/834/4332/1520/7409/79792/4792/3606/5336/4192/8717/3603/6850/3956/55577/83666/8547/409/8737/3146/340061/948/5819/3093/183/8723/22841/7353/127018/27250/975/10432/5359/3134/4067/55666/23325/3430/57724/29110/22933/9958/3428/3735/6421/1660/1652/140609/6197/3916/1147/3304/90268/3551/90678/9111/81622"
"GO:0050868","negative regulation of T cell activation",1.89032145723219,0.000365045900340106,0.00402199049080305,40,"1511/3123/10875/10457/259307/3958/383/972/5777/301/10859/4192/3956/3965/3146"
"GO:0060263","regulation of respiratory burst",1.95719704921425,0.000368892516384978,0.00405408205981567,12,"6280/3493/3512/3929"
"GO:0034341","response to type II interferon",1.80487906344944,0.000370550377998573,0.00406201815881769,65,"3263/2634/7431/383/4360/3055/8942/972/2633/55647/2317/4641/834/6672/445/199/3113/54625/10241/83666/684/3965/10097/7454/6737/10096"
"GO:0044093","positive regulation of molecular function",1.46472344970472,0.000372133308160324,0.0040690949388513,494,"6280/6279/1991/3123/4318/5657/350/7448/4057/7057/2147/335/348/2200/355/88/8826/9104/3689/5788/306/5341/3690/29108/1193/2035/336/4804/972/3684/3937/567/5347/7052/5721/1756/5720/8536/5580/834/4155/9639/1520/6672/112574/489/1191/57103/6251/858/5641/23603/163590/3606/5770/5336/57158/302/139818/154881/8717/28984/81/23616/6850/3416/6281/83666/5216/151636/3925/5111/2339/10961/64855/8737/3965/7168/3146/9647/4869/81704/10040/9770/30851/10346/10487/340061/8738/7332/51389/4921/4846/9181/6737/183/5571/3688/10541/22841/3556/55114/10982/57333/7329/2959/7341/2263/92140/5359/26230/7726/4217/11235/4067/3065/64115/79567"
"GO:0042743","hydrogen peroxide metabolic process",1.89030103202366,0.000385877261719736,0.00420877686714918,34,"4353/3240/8288/3050/1536/3045/2878/3043/847/3047/1535/2876"
"GO:0007517","muscle organ development",1.70765626975015,0.00039046781292163,0.00424817237065864,129,"4625/4633/7134/3009/1293/1674/1291/1281/8531/1270/2317/1756/857/2876/4000/5318/10324/30008/6840/858/445/1605/7402/6876/2275/4637/57158/221496/2022/3679/1832/7168/1410/10060/1120/140465/3688/2263/5339/104/84148/2817/89/4666/2280/80208/22933/79784/26263"
"GO:0043903","regulation of biological process involved in symbiotic interaction",1.89297433605574,0.000391448740638934,0.00424819745778403,27,"325/3123/4057/2192/383/972/857/3956/8547/3965/3146/10346/5819/5034/6737"
"GO:0032368","regulation of lipid transport",1.80115981361424,0.000393529799570655,0.00426013182028981,65,"7057/335/348/341/345/1066/6696/3690/19/336/5360/2180/1601/857/5580/5025/4792/5321/10162/302/6850/26119/208/51128/2170/5444/183/4790/51761"
"GO:1903039","positive regulation of leukocyte cell-cell adhesion",1.71662723170252,0.000400922713616855,0.00432936691495215,109,"1991/3123/3127/6708/259307/3105/3122/3689/5788/29108/972/5777/100/567/301/857/7409/10859/199/3606/11151/3113/4192/6850/3956/240/3965/3146/3071/81704/1604/9092/86/1947/975/6605/865/4067/64115"
"GO:0036230","granulocyte activation",1.9309318702331,0.000402685395767408,0.00433761117376258,22,"1511/820/57126/3689/306/3684/301/2207/5580/3606/3603/6850"
"GO:0050805","negative regulation of synaptic transmission",-1.92879573290421,0.000403904066654773,0.00433996919145636,31,"127262/22986/7143/4137/27067/43/2890/84896/9370/6532/6812/2550/6529/5179/57537"
"GO:0045088","regulation of innate immune response",1.64000687783017,0.000405627300733088,0.00434772373452429,216,"6280/6279/3263/3106/4057/3075/3929/348/710/2/2634/929/3105/51284/383/23180/1535/29108/3055/25939/5777/51752/857/834/4332/1520/2810/7409/4792/10859/55646/5770/5336/54625/6850/55577/83666/8547/409/3965/3146/340061/948/5819/3093/6737/22841/7353/127018/10432/5359/3134/4067/55666/23325/3430/57724/29110/22933/9958/3428/6421/1660/140609/6197/3916/1147/3304/90268/3551/9111/9140/81622"
"GO:0006813","potassium ion transport",-1.72250745329757,0.000418896438016839,0.00447889023997807,94,"476/57463/274/8514/3766/27069/57030/30818/3782/53822/9465/6000/30820/287/3746/3736/6616/6548/6844/481/3737/477/84679/2783/3954/53826/4842/478/3748/3751/1804/10479/482/57084/6507/80333/57468"
"GO:0043068","positive regulation of programmed cell death",1.57487928459243,0.000422271127377238,0.00450387951829138,258,"6280/6279/4318/1728/7057/3273/84034/3827/355/11117/383/5788/25816/29108/4804/1075/1636/220/196527/301/7052/85477/857/2487/5580/3482/4332/637/1520/1191/57103/10859/4313/5770/8717/581/28984/6789/6850/3956/5371/1785/1687/7442/10514/10533/138429/8737/3965/10284/3146/3162/1902/9770/8738/10553/1495/6648/183/3708/8406/3688"
"GO:0071805","potassium ion transmembrane transport",-1.7734686498734,0.000424283903973794,0.00451425594889764,82,"476/57463/274/8514/3766/27069/57030/30818/3782/9465/6000/30820/287/3746/3736/6616/6548/6844/481/3737/477/84679/2783/3954/478/3748/3751/1804/10479/482/57084/6507/80333/57468"
"GO:2001235","positive regulation of apoptotic signaling pathway",1.81501512656741,0.00042816446170256,0.00454440569254478,73,"6280/6279/7057/355/5788/29108/4804/1075/857/5580/637/1520/1191/4313/581/6789/5371/1687/8737/8738/1495/183/8406"
"GO:0016054","organic acid catabolic process",-1.58684455963477,0.000434673141552663,0.00459103675785915,169,"587/10993/123688/1962/2639/1666/3712/8659/84129/275/1384/10157/51181/1376/9370/35/56922/1891/1738/80724/3028/5095/3423/1743/1374/2746/4842/2752/549/5096/225/23600/2653/36/1757/594/54511/23475/1632/64087/7915/2744/197257/5860/2806/4329/27165/26275/18/10455/2572/26063/2571/10247/84693/5625"
"GO:0046395","carboxylic acid catabolic process",-1.58684455963477,0.000434673141552663,0.00459103675785915,169,"587/10993/123688/1962/2639/1666/3712/8659/84129/275/1384/10157/51181/1376/9370/35/56922/1891/1738/80724/3028/5095/3423/1743/1374/2746/4842/2752/549/5096/225/23600/2653/36/1757/594/54511/23475/1632/64087/7915/2744/197257/5860/2806/4329/27165/26275/18/10455/2572/26063/2571/10247/84693/5625"
"GO:0071347","cellular response to interleukin-1",1.90495648170281,0.000444793220669181,0.00468652274496338,33,"2244/2266/820/2634/29108/2633/4792/4313"
"GO:0002573","myeloid leukocyte differentiation",1.77484340490053,0.000447470398075844,0.00469195410156338,88,"325/3123/4318/5657/4057/2200/714/8544/3059/972/7018/10312/130733/4627/10859"
"GO:0007610","behavior",-1.44227320680705,0.000447368162283586,0.00469195410156338,301,"1272/91137/80243/3643/2395/814/6616/84896/79641/9867/2915/8938/22911/2861/5577/23259/1742/7054/2760/3737/477/885/6323/793/57555/51286/1374/5923/7067/26047/6448/5413/2743/23657/7162/7957/7416/6532/3751/5153/57282/4864/2744/1620/84251/482/1956/7419/5270/2566/5538/6507/460/2902/18/6529/2571/5179/57468/2741/6506"
"GO:0051938","L-glutamate import",-1.95178123141473,0.000456209935569896,0.00475501683107789,28,"83733/3766/57030/94015/477/23657/7957/6509/6812/8604/79751/57348/57084/6507/6506"
"GO:0002709","regulation of T cell mediated immunity",1.8624289895989,0.000456770794415914,0.00475501683107789,37,"3123/3107/3106/259307/3105/3122/383/6891/5788/567/10859/3606/8417/3146/3071/5819/1604/7454"
"GO:0007229","integrin-mediated signaling pathway",1.82782686084004,0.000456716101523299,0.00475501683107789,70,"83706/335/57126/1307/2335/1281/3689/3912/5341/3690/3687/3055/3684/2316/3683/7409/4627/8482/6850/4811/3679/967/3611/3675/102/8751/1495/3688/4831/5764/3678"
"GO:1902106","negative regulation of leukocyte differentiation",1.90224742405237,0.000463720280914635,0.00481581277380485,33,"325/4057/10875/2200/714/972/301/130733/10859/4192/114770/3956"
"GO:0022617","extracellular matrix disassembly",1.86880301911174,0.000468601895168352,0.00485489457500195,26,"1511/1991/4318/5340/3936/1520/4313/2022/6624/102/8751"
"GO:0050867","positive regulation of cell activation",1.68905137954199,0.000471965254685253,0.00487809802521115,146,"3123/7057/3929/3127/6708/259307/3105/3122/8741/5788/5341/29108/1075/972/5777/100/567/2316/301/857/6778/7409/10859/199/5321/3606/11151/3113/4192/6195/59/3603/6850/3956/5795/3965/3146/3071/81704/5819/1604/9092/86/4921"
"GO:0002504","antigen processing and presentation of peptide or polysaccharide antigen via MHC class II",1.89692156857175,0.000473170267366106,0.0048789361772833,21,"3123/7057/3127/10437/3122/29108/972/567/2207/1520/5641/3113/1785"
"GO:0099024","plasma membrane invagination",1.87175299497949,0.000479991796819238,0.00493754594784909,34,"718/7057/3689/19/3684/9938/2209/196527/112574/4627/199/5336/51411/23616/3071/948"
"GO:0043410","positive regulation of MAPK cascade",1.65293148091764,0.000486459807616981,0.0049922506497998,189,"1991/2243/3123/2244/2266/7057/348/10457/5345/3383/8826/5788/112464/3690/29108/972/152007/128853/1464/6278/3489/728/858/8649/5770/5336/8482/59/6850/6386/5795/1687/10961/409/8737/3965/3146/1902/9770/948"
"GO:0006639","acylglycerol metabolic process",1.77787369290172,0.0004918119779791,0.00503527310473414,66,"350/718/348/338/4023/341/345/9104/55911/847/336/11343/2180/857/2876/7148/5321/1373"
"GO:0097191","extrinsic apoptotic signaling pathway",1.71765825823616,0.000507698770888132,0.00518569497511855,115,"2243/2244/2266/7057/355/3383/3958/5788/29108/857/2876/4000/1280/637/6672/55179/2730/64114/8717/581/6789/5371/2950/8737/3162/8738/1495/4846/9181/183/8406/8996"
"GO:0006638","neutral lipid metabolic process",1.77768366558661,0.000511594776909144,0.00521322283230655,67,"350/718/348/338/4023/341/345/9104/55911/847/336/11343/2180/857/2876/7148/5321/1373"
"GO:0030150","protein import into mitochondrial matrix",-1.97981095448843,0.00051369246708294,0.00522233957753406,13,"100287932/9804/10440/10245/29090/80273/84134/10452/92609/131118/9868/51025"
"GO:0097091","synaptic vesicle clustering",-1.97264230358335,0.000525412925199371,0.00532901286983755,15,"84446/1487/1000/6854/57555/27445/5864/8224/6853/8927"
"GO:0001935","endothelial cell proliferation",1.80611275118292,0.000542096903082122,0.00546198372725695,72,"116844/350/7057/335/348/1295/283/3690/3339/4804/857/858/4192/2022/28984/240/8828/3146/3162/1893/947"
"GO:0019220","regulation of phosphate metabolic process",1.47225517210577,0.00054229785451457,0.00546198372725695,427,"1991/3123/4318/718/7448/4057/7057/2147/3273/6521/348/10457/2200/2192/355/341/2203/283/2335/8826/3689/171024/5788/5341/3059/3690/1270/29108/30844/972/5777/116496/3937/1601/5347/1756/857/64780/1464/7018/8536/5580/5175/2810/57103/728/2819/5919/23603/3606/5770/5336/54625/338773/27286/2022/28984/6789/6850/6386/5795/83666/5168/2950/138429/92597/199731/5592/10961/409/8737/9647/4869/3071/2170/10040/9770"
"GO:0051174","regulation of phosphorus metabolic process",1.47225517210577,0.00054229785451457,0.00546198372725695,427,"1991/3123/4318/718/7448/4057/7057/2147/3273/6521/348/10457/2200/2192/355/341/2203/283/2335/8826/3689/171024/5788/5341/3059/3690/1270/29108/30844/972/5777/116496/3937/1601/5347/1756/857/64780/1464/7018/8536/5580/5175/2810/57103/728/2819/5919/23603/3606/5770/5336/54625/338773/27286/2022/28984/6789/6850/6386/5795/83666/5168/2950/138429/92597/199731/5592/10961/409/8737/9647/4869/3071/2170/10040/9770"
"GO:1903707","negative regulation of hemopoiesis",1.85476624897852,0.000546753101534496,0.005494109291114,35,"325/4057/10875/2200/714/972/301/130733/10859/4192/114770/3956"
"GO:0048499","synaptic vesicle membrane organization",-1.92786053608778,0.00054821667820698,0.00549609376465705,28,"6616/8448/9145/10814/112476/26059/5864/6812/6855/22895/112755/9066/6857/127833"
"GO:0048246","macrophage chemotaxis",1.9121524855844,0.000551122062501498,0.00551102564438898,20,"6288/7057/727/3958/728/5919/4313/4192/5795"
"GO:0010324","membrane invagination",1.86904233958577,0.000552245140591846,0.00551102564438898,40,"718/7057/3689/19/3684/9938/2209/196527/112574/4627/199/115548/5336/51411/23616/3071/948"
"GO:0070129","regulation of mitochondrial translation",-1.97569399497898,0.000560127470769575,0.00557686548305212,13,"115416/54931/10102/28958/22868/55005/10128/84300/708"
"GO:0032720","negative regulation of tumor necrosis factor production",1.88633409753342,0.000575291741265502,0.00571474015751383,21,"5004/7057/3929/10457/671/5777/10859/2950/409/3965"
"GO:0042129","regulation of T cell proliferation",1.76432717871866,0.000577294113789634,0.00572153823735343,69,"3123/6708/10457/259307/3105/3958/383/5788/29108/5777/301/637/10859/199/3606/11151/3113/6850/3965/3146/3071/5880/1604/1947/975/11146/64115/6522"
"GO:0001912","positive regulation of leukocyte mediated cytotoxicity",1.8973880853159,0.000579395493443674,0.00572928436683141,24,"3123/3107/3106/3105/3122/383/6891/5788/3684/567/7409"
"GO:1902041","regulation of extrinsic apoptotic signaling pathway via death domain receptors",1.90921974362841,0.000591183430521943,0.00579306381917777,28,"2243/2244/2266/7057/3383/3958/2876/6672/55179/64114/6789/3162/4846/9181"
"GO:0043281","regulation of cysteine-type endopeptidase activity involved in apoptotic process",1.81511395766189,0.000590197123808206,0.00579306381917777,68,"6280/6279/4318/7057/355/2168/29108/4804/2876/64780/834/489"
"GO:0032635","interleukin-6 production",1.80499447986737,0.000588867053346587,0.00579306381917777,53,"5004/3106/3929/4023/671/51284/1535/29108/972/5777/4155/199/5336/3603/6850/409/3965/3146/3071/84632/948/9181/3556"
"GO:0032675","regulation of interleukin-6 production",1.80499447986737,0.000588867053346587,0.00579306381917777,53,"5004/3106/3929/4023/671/51284/1535/29108/972/5777/4155/199/5336/3603/6850/409/3965/3146/3071/84632/948/9181/3556"
"GO:2000352","negative regulation of endothelial cell apoptotic process",1.918112999707,0.000600981580400544,0.00586260907981744,13,"2243/2244/2266/3383/3690"
"GO:0002685","regulation of leukocyte migration",1.76309967416496,0.000600742657742211,0.00586260907981744,94,"1991/7057/3929/727/3383/3958/11117/928/3690/29108/6793/972/100/196527/301/6278/5025/728/5641/5919/199/11151/4192/5795/3965/3146/3162/10894/102/3071/81704/1893/23075/11240/158747/5880/8976/57509/4354/5764"
"GO:0009725","response to hormone",1.46539222078792,0.000607801261981702,0.00591584143108199,411,"1728/2244/1277/7057/5176/4311/197/2200/2/2203/1536/283/717/1291/7078/88/1369/1281/5788/847/3371/10095/306/3488/6696/3059/3690/249/336/9249/1646/1829/2180/1601/1636/301/4641/6513/857/2876/4747/5580/25959/23516/6778/1520/6672/83844/54331/858/445/1605/85315/4048/5919/4313/1508/2947/1373/2730/23607/760/5770/1312/10580/5009/5313/81/5795/3416/5371/2720/7442/2274/5111/57085/208/3490/3675/11240/1841/7332/10060/51389/590/1495/4921/4846/6833/6429/183/23205/261729/6294/8036/27250/23371/4790/8615/22938/10432/5296/10076/6772/3692/8854/2885/4199/4067/3065/10498/5286"
"GO:0051250","negative regulation of lymphocyte activation",1.85067713368154,0.000628705324962137,0.00610561480013565,49,"1511/3123/10875/10457/259307/3958/383/972/5777/301/4332/10859/4192/114770/3956/3965/3146/11146/865/3635/4067/64115/6522"
"GO:0042116","macrophage activation",1.83129561309995,0.000633365087906001,0.00613713805044631,42,"7057/3929/671/3689/5788/712/1075/972/3684/1191/728/199/5321/5336/6850/7442/23729"
"GO:0072676","lymphocyte migration",1.8172702167471,0.000636331130790519,0.00615214574334442,44,"6288/3383/3690/29108/6793/6278/3683/199/11151/50848/102/81704/1893/11240/6558/8976"
"GO:0008284","positive regulation of cell population proliferation",1.53319093390515,0.00064279558993907,0.00620083479094557,345,"1991/116844/4318/5657/4057/7057/2147/820/6708/2192/5345/283/3105/1311/2335/8741/10135/5788/3912/3371/2350/3488/3059/3690/1270/3687/29108/3055/3339/4804/972/5777/100/1646/6277/2316/301/10312/10763/7148/728/6358/858/5641/6809/199/4313/3606/11151/3113/4192/338773/6850/6386/26119/25940/5371/684/6285/65108/8828/3965/3611/3146/3162/4869/102/176/3071/1893"
"GO:0031639","plasminogen activation",1.90318474550383,0.000648136617033204,0.00623849457769654,18,"2243/2244/2266/350/7057/5345/3818/1522/7123"
"GO:0051249","regulation of lymphocyte activation",1.63780713724703,0.000656292510205379,0.00630302165221582,174,"1511/3123/10875/3127/6708/10457/259307/3105/3122/3958/8741/383/5788/29108/972/5777/100/567/301/857/4332/637/6778/7409/10859/199/3606/11151/3113/4192/114770/6850/3956/6830/3965/3146/3071/81704/5880/1604/9092/86/1947/975/6605/11146/865/3635/4067/64115/6522"
"GO:0022603","regulation of anatomical structure morphogenesis",1.45183362093962,0.00066280582136749,0.00635152333456131,428,"116844/350/718/1634/7057/2147/3273/84034/820/5176/6708/10457/2038/23166/1536/2335/999/11117/3689/306/6696/3690/3687/3055/3339/4804/5777/100/51752/126393/301/7052/1690/64423/4747/64098/6383/56896/89846/6672/23670/728/23303/1605/3099/4627/752/23603/11151/50848/64114/54873/3074/8482/4192/2022/28984/27161/5371/3848/240/5168/3679/8437/10154/7168/3162/1902/221061/1893/10493/947/57175/948/103910/26011/6558/10553/90102/3315/7058/4846/6833/55742/23129/6237/183/2620/3688/56005/93663/3678/2717/2263/10428/92140/6772/26230/7482/1284"
"GO:0001934","positive regulation of protein phosphorylation",1.62338157927078,0.000678572074313565,0.00648828496606869,215,"1991/3123/4318/718/7448/4057/7057/2147/10457/2200/355/8826/5788/3059/3690/1270/30844/972/116496/3937/1601/5347/857/1464/8536/5580/5175/5919/3606/5770/5336/54625/338773/28984/6789/6850/5795/83666/5168/10961/409/8737/10040/9770"
"GO:0018198","peptidyl-cysteine modification",1.89064468789829,0.000686928604242265,0.00655375180443005,22,"6280/6279/3145/1636/1756"
"GO:0002762","negative regulation of myeloid leukocyte differentiation",1.90060131373836,0.000697184332575489,0.00663701137655746,18,"325/4057/2200/714/130733/10859"
"GO:0014002","astrocyte development",1.89863477950737,0.00070053071075158,0.00665427530716107,23,"6280/6279/7431/712/1270/5354/728"
"GO:0034446","substrate adhesion-dependent cell spreading",1.7478690227614,0.000714468861371794,0.00677185442623353,69,"2243/2244/2266/83706/335/2192/2335/3912/3690/2633/1601/2316/64098/5318/23603/4192/81/79778/6281"
"GO:0001910","regulation of leukocyte mediated cytotoxicity",1.87576569137771,0.000729135166004533,0.00689580774646118,33,"3123/3107/3106/3105/3122/3383/383/6891/5788/3684/567/7409/10859/8417/409/3965/3071/5819"
"GO:0007626","locomotory behavior",-1.65183943262263,0.000743707911507916,0.00701833922577362,108,"2890/1272/91137/80243/2395/6616/79641/2915/22911/2861/23259/1742/7054/477/6323/793/57555/51286/2743/3751/5153/57282/4864/5538/460/18/2571/5179/2741"
"GO:0051954","positive regulation of amine transport",-1.979101278721,0.000749202766710439,0.00705485728913235,20,"5027/6812/2550/6857/18/6529/5865"
"GO:0002437","inflammatory response to antigenic stimulus",1.87021296304551,0.000767176065783733,0.00720846602070819,33,"1991/3123/718/2/3500/3055/2212/2209/2876/9103"
"GO:2001237","negative regulation of extrinsic apoptotic signaling pathway",1.80963425373834,0.000771984034733563,0.00723797558267472,55,"2243/2244/2266/7057/3383/3958/2876/4000/1280/55179/2730/64114/2950/8737/3162/1495/4846/9181/8996"
"GO:0034109","homotypic cell-cell adhesion",1.75663034867285,0.000775492991650995,0.00725520490680382,67,"1511/2243/2244/2266/84034/83706/1311/3043/11117/928/5341/3690/5777/1829/2316/5580/5318/4627/50848/10398/7414/6850/1832/5592/3611"
"GO:0030100","regulation of endocytosis",1.63348957926637,0.000782876641120419,0.00730853225613707,188,"5657/718/7448/335/197/348/57126/929/341/720/345/717/3958/5788/1535/3690/977/29108/3055/30844/336/5873/2212/567/1601/2209/196527/7052/857/7018/1794/2207/9103/1191/10859/55646/5770/5336/302/6850/6386/5795/26119/8547/967/409/3146/1902/3071/10960/948"
"GO:0061515","myeloid cell development",1.82984187418391,0.000802360611405576,0.00747435067405923,43,"4057/6521/2200/2038/6005/5777/669/2316/10859/55646/302/2124/3071/29766/5880"
"GO:0048791","calcium ion-regulated exocytosis of neurotransmitter",-1.87955030148701,0.000823603330901953,0.00765580740780595,12,"6616/23025/5864/6812/112755/9066/6857"
"GO:0043065","positive regulation of apoptotic process",1.55199054724037,0.000826937988064258,0.00767037992774988,252,"6280/6279/4318/1728/7057/3273/84034/3827/355/11117/5788/25816/29108/4804/1075/1636/220/196527/301/7052/85477/857/2487/5580/3482/4332/637/1520/1191/57103/10859/4313/5770/8717/581/28984/6789/3956/5371/1785/1687/7442/10514/10533/138429/8737/3965/10284/3146/3162/1902/9770/8738/1495/6648/183/3708/8406/3688"
"GO:2000146","negative regulation of cell motility",1.65870569511638,0.000835758981316759,0.00773567108293401,161,"350/1634/7057/727/3273/84034/5176/348/2192/999/11117/1281/9104/3488/4804/972/100/397/6672/1605/199/23603/5770/2022/7414/28984/5795/684/138429/5592/7168/3146/3162/8751/11240/57175/90102/8976/1495/7454/6833/1009/6237"
"GO:0001913","T cell mediated cytotoxicity",1.87844226558341,0.000841415604728603,0.00777145774495078,24,"3123/3107/3106/3105/3122/6891/5788/1075/5873/567"
"GO:0051952","regulation of amine transport",-1.87772377284788,0.000867681794300894,0.0079970417602127,36,"6804/2917/1113/124935/3737/477/5027/6812/2550/6857/18/6529/9900/5865"
"GO:0006869","lipid transport",1.57945620530844,0.00087757998123901,0.00807113283592912,207,"350/123/7057/3929/335/6521/348/5375/338/341/345/114885/1066/5104/55911/2168/8542/6696/3690/19/336/55937/5360/4363/2180/1601/1636/196527/301/6513/857/5580/10577/5025/114883/1191/4792/5321/10162/1312/302"
"GO:0032602","chemokine production",1.82178287764504,0.000885406940364734,0.00810875849815044,35,"1991/3929/727/4023/51284/29108/972/4155/199/3606/6850/2950/3965/3146/3162"
"GO:0032642","regulation of chemokine production",1.82178287764504,0.000885406940364734,0.00810875849815044,35,"1991/3929/727/4023/51284/29108/972/4155/199/3606/6850/2950/3965/3146/3162"
"GO:1905517","macrophage migration",1.8794472116689,0.000915505759867218,0.00834918173021763,28,"6288/7057/727/3958/11117/928/5025/728/5919/4313/4192/5795"
"GO:0032732","positive regulation of interleukin-1 production",1.83540164805718,0.00091548732439718,0.00834918173021763,26,"6288/5004/5005/4023/29108/834/79792/3603/3965/3146/948/3315"
"GO:0015669","gas transport",1.91856133990056,0.000930422705525803,0.00846743179179772,12,"4151/3050/6005/3045/3043/3047/669/760/3049"
"GO:0001916","positive regulation of T cell mediated cytotoxicity",1.8904438575688,0.00095648130964064,0.0086832187675148,17,"3123/3107/3106/3105/3122/6891/5788/567"
"GO:0150076","neuroinflammatory response",1.81382889868842,0.000958134482755031,0.0086832187675148,38,"4318/3689/5788/712/1270/1075/3684/669/1191/728/199/3606/5336/7442"
"GO:0018149","peptide cross-linking",1.88856372879074,0.000986732029188327,0.00892375778897194,11,"7057/2038/1475/2335/1281/2162/301/7052/3848/1832/7053"
"GO:0043691","reverse cholesterol transport",1.8837870196201,0.00100227079763713,0.00904544185559834,11,"335/348/345/1066/19/336/55937/1191"
"GO:0019884","antigen processing and presentation of exogenous antigen",1.8634480503363,0.00100498209843209,0.00905109396119024,29,"3123/3127/10437/3105/3122/6891/972/567/2209/5720/2207/1520/5641/3113/1785"
"GO:0036376","sodium ion export across plasma membrane",-1.92825966027399,0.00102411878079761,0.00916639098441738,11,"476/6546/53822/8671/6548/481/477/53826/478/482"
"GO:0002704","negative regulation of leukocyte mediated immunity",1.84208212919798,0.00102238256760449,0.00916639098441738,25,"722/3106/259307/3105/383/5788/725/5777/8832/10859/684/409/3965/3071"
"GO:0098656","monoatomic anion transmembrane transport",-1.73932669603426,0.00102236004459526,0.00916639098441738,64,"8671/57835/1181/94015/2742/7417/9016/2743/7416/6509/57282/2554/7419/57348/57084/2566/6507/9481/6529/8001/57468/2741/6506"
"GO:0030225","macrophage differentiation",1.8481694412833,0.0010331142401021,0.00921117224606013,21,"3123/4318/714/3059"
"GO:0071396","cellular response to lipid",1.54020965888584,0.00103336578756768,0.00921117224606013,243,"1511/4318/4057/1277/5473/3929/820/5176/2634/929/4023/2203/671/1066/7431/3371/6696/4360/29108/3055/19/1646/567/1601/1636/301/5580/834/25959/83844/54331/445/1605/85315/4792/10859/4313/1373"
"GO:0043085","positive regulation of catalytic activity",1.48724798388902,0.00106452927976568,0.00946951148250573,332,"6280/6279/1991/3123/5657/350/4057/7057/2147/335/348/2200/355/8826/3689/5788/5341/3690/29108/336/4804/972/3684/3937/5347/7052/5721/5720/8536/5580/834/4155/9639/112574/489/57103/6251/858/5641/23603/5770/139818/28984/23616/6850/6281/5111/2339/10961/3965/3146/9647/81704/10040/9770/30851/10487/8738/7332/4921/4846/183/5571/3688/10541/22841/55114/10982"
"GO:0050673","epithelial cell proliferation",1.58626991563241,0.00109172863935721,0.00969160331993796,163,"116844/350/7057/5176/335/348/1295/283/9104/3912/3488/3690/3339/4804/567/1601/857/2876/637/6778/2810/728/858/4192/6195/2022/581/28984/6789/240/8828/3146/3162/1893/947"
"GO:0060349","bone morphogenesis",1.82155259462453,0.00109886198835325,0.00972072348565085,27,"4057/1277/1311/1281/871/249/9249/1280"
"GO:0099565","chemical synaptic transmission, postsynaptic",-1.82106381202647,0.00109948749860736,0.00972072348565085,49,"4851/6804/6543/23345/2932/22999/2890/152404/2742/4355/1742/57555/5027/2743/112755/2902/18/8001/2741"
"GO:0002478","antigen processing and presentation of exogenous peptide antigen",1.8211011906909,0.00111307141061644,0.00981438339729707,26,"3123/3127/10437/3105/3122/6891/972/567/2209/2207/1520/5641/3113/1785"
"GO:0030336","negative regulation of cell migration",1.62450884338702,0.00111460285990957,0.00981438339729707,152,"350/1634/7057/727/3273/84034/5176/348/999/11117/1281/3488/4804/972/100/397/6672/1605/199/23603/5770/2022/7414/28984/5795/684/138429/5592/7168/3146/3162/8751/11240/57175/90102/8976/6833/1009/6237"
"GO:0006911","phagocytosis, engulfment",1.86316014209663,0.00113626267241862,0.00998485073070691,28,"718/7057/3689/19/3684/9938/2209/196527/4627/199/5336/51411/23616/3071/948"
"GO:0071634","regulation of transforming growth factor beta production",1.88367002392019,0.00116288435939687,0.0101786417067897,13,"4060/7057/2192/5345/2335/10859/23607"
"GO:0042554","superoxide anion generation",1.86170929731222,0.00116300536433257,0.0101786417067897,22,"1401/57126/1536/3689/1535/3684/654816/5580/84329/6850/2950"
"GO:0008037","cell recognition",1.72495291056843,0.00116630942832609,0.0101870205802084,64,"1401/722/3929/3958/2350/928/725/2209/91624/1794/23022/5175/23607"
"GO:0071346","cellular response to type II interferon",1.7744564466656,0.00117891461131673,0.0102764424251525,55,"3263/2634/7431/383/4360/3055/2633/55647/2317/4641/834/6672/445/199/3113/54625/83666/3965/10097/7454"
"GO:0071604","transforming growth factor beta production",1.90305894393508,0.00118738128428833,0.0103295033168249,15,"4060/7057/2192/5345/2335/1281/10859/23607"
"GO:0051604","protein maturation",1.47987416979527,0.00119641461025464,0.0103872716462308,344,"325/1511/2243/2244/2266/350/7057/2158/4311/715/5340/2192/5345/1368/1311/1369/3818/2162/1522/871/3690/7123/29108/972/6892/9973/922/567/126393/2316/1636/53938/8425/834/10131/2289/10539/1520/10954/1191/2161/4627/5641/84301/81567/302/10130/23555/6281/10549/10422/6902/26278/8260/831/2339/10961/23753/1410/81562/27000/102"
"GO:0002820","negative regulation of adaptive immune response",1.90213350333415,0.00120177360955133,0.0103922295598851,15,"722/259307/383/5788/725/5777/10859/3956/3071"
"GO:0002823","negative regulation of adaptive immune response based on somatic recombination of immune receptors built from immunoglobulin superfamily domains",1.90213350333415,0.00120177360955133,0.0103922295598851,15,"722/259307/383/5788/725/5777/10859/3956/3071"
"GO:0045596","negative regulation of cell differentiation",1.56559987275213,0.0012120223791985,0.0104600181870789,207,"1401/325/4318/4057/2147/10875/2200/714/999/3488/6696/3690/1270/19/972/2202/567/301/857/2487/1290/5318/56896/130733/4792/10859/3606/116173/4192/338773/114770/3956/7442/3146/1495/86/6833/6648/3688/10541/5764/8036/80349/22920/27250/6772/84148/2539/440275/865/3635/4067"
"GO:0002793","positive regulation of peptide secretion",1.75709582659879,0.00123564916813729,0.0106427639660396,56,"6279/2243/3123/2244/2266/2147"
"GO:0072577","endothelial cell apoptotic process",1.81210343145427,0.00124479438196834,0.0107003018061872,26,"2243/2244/2266/7057/3383/3690/196527/5770/28984"
"GO:0002495","antigen processing and presentation of peptide antigen via MHC class II",1.8657124970243,0.0012501839199413,0.0107089243177905,19,"3123/3127/10437/3122/29108/972/567/2207/1520/5641/3113/1785"
"GO:0000959","mitochondrial RNA metabolic process",-1.85514148623778,0.00125073131285873,0.0107089243177905,33,"51250/2926/51067/60528/55157/5442/80324/79736/54931/9692/6182/80222/3028/9238/7019/54938/10352/10128/124454/81892"
"GO:0085029","extracellular matrix assembly",1.84347109918787,0.00131619855385086,0.0112251825584805,29,"1278/1291/10516/4629/11117/1281/8425/7148/30008/1605/4239/28984/8985/90102/183"
"GO:0019221","cytokine-mediated signaling pathway",1.63172922721416,0.00131618983327602,0.0112251825584805,175,"1511/3263/5473/335/355/383/5788/3059/1270/29108/3055/25939/972/5777/2180/8904/857/2207/834/6778/6672/6358/4792/10859/3606/5770/54625/8717/81/3603/6850/5795/83666/2950/4939/8737/3611/84817/1893/11240/340061/5034/84522/3093"
"GO:0006790","sulfur compound metabolic process",-1.51777366569429,0.00133878314228267,0.0113954070993119,171,"5163/3029/84532/10157/25874/23597/4507/56922/5162/6785/5164/1738/10768/2686/8802/4967/5165/3423/1743/8803/6821/6448/23657/23305/84869/1737/8050/441024/26873/64087/4594/5538/55256/9446/2952/54988/2953/3157/6506/84693/26027/2949/2948"
"GO:0032945","negative regulation of mononuclear cell proliferation",1.85555627768346,0.0013422610482736,0.0114026520754515,31,"1401/3123/10457/259307/383/5777/4332/10859"
"GO:0010594","regulation of endothelial cell migration",1.71736427239238,0.00134909633875071,0.011416037439604,87,"350/1634/7057/3273/5176/348/5340/306/3690/301/5025/6672/5641/27286/28984/23616/8828/3146/3162/3315/4846/6237/183/5764"
"GO:0000302","response to reactive oxygen species",1.69626654808664,0.00134648272592525,0.011416037439604,111,"4353/4151/1728/3240/1277/259/348/1291/10516/6649/3043/847/2168/9973/2876/6278/5580/10131/6778/4313/2950/5111/8737/7168/1410/3162/948/10060/4921/4846/6648/84557"
"GO:0050670","regulation of lymphocyte proliferation",1.71474222750454,0.00135393180949893,0.0114346653405347,86,"3123/6708/10457/259307/3105/3958/383/5788/29108/972/5777/100/301/4332/637/10859/199/3606/11151/3113/6850/3965/3146/3071/5880/1604/1947/975/11146/3635/4067/64115/6522"
"GO:0000303","response to superoxide",1.87040601240588,0.00138157753539621,0.0115557381139787,17,"4353/4151/1728/10516/6649/9973"
"GO:0071450","cellular response to oxygen radical",1.87040601240588,0.00138157753539621,0.0115557381139787,17,"4353/4151/1728/10516/6649/9973"
"GO:0071451","cellular response to superoxide",1.87040601240588,0.00138157753539621,0.0115557381139787,17,"4353/4151/1728/10516/6649/9973"
"GO:0042098","T cell proliferation",1.71198859154846,0.0013759464797431,0.0115557381139787,86,"3123/6708/10457/259307/3105/3958/383/5788/977/29108/5777/5699/301/1794/637/10859/199/3606/11151/3113/581/6850/3965/3146/3071/81704/5880/1604"
"GO:0002696","positive regulation of leukocyte activation",1.62031492063269,0.00137219751353006,0.0115557381139787,139,"3123/7057/3929/3127/6708/259307/3105/3122/8741/5788/29108/1075/972/5777/100/567/301/857/6778/7409/10859/199/5321/3606/11151/3113/4192/3603/6850/3956/3965/3146/3071/81704/5819/1604/9092/86/1947/975/6605/865/3635/4067/64115"
"GO:0001936","regulation of endothelial cell proliferation",1.75936024006634,0.001394896166284,0.011644700495844,61,"116844/350/7057/348/283/3690/3339/4804/857/858/4192/2022/28984/240/8828/3146/3162/1893"
"GO:0019430","removal of superoxide radicals",1.88028291752867,0.00140326635070855,0.0116920906495697,16,"4353/4151/1728/10516/6649/9973"
"GO:0007492","endoderm development",1.82707337666482,0.00140865482328302,0.0117145030418996,36,"4318/7448/1295/1303/1291/2335/3689/3912/1290/4627/4313"
"GO:2000300","regulation of synaptic vesicle exocytosis",-1.87894497281999,0.00145357065741047,0.0120649143858869,32,"785/8499/134957/9581/6861/84961/9783/10675/22999/5413/5864/6853/6857/9899/127833/22987"
"GO:0001704","formation of primary germ layer",1.75239125885479,0.00147267457352411,0.0122001532894431,50,"4318/7448/1295/1303/1291/2335/3689/3912/3690/1290/4627/4313"
"GO:0090287","regulation of cellular response to growth factor stimulus",1.61892096331509,0.00150744160854271,0.012464388614636,122,"116844/7448/1634/54829/7057/3273/2200/11117/64081/3690/4804/1756/857/8425/7148/858/5770/2022/6386/199731/967/3611/3675"
"GO:0033627","cell adhesion mediated by integrin",1.75063079682201,0.00152135693995373,0.0125555332249794,51,"7448/3273/84034/83706/2200/1307/3383/11117/3689/3690/3687/5777/100/3684/3683/6850/3679/3675/3071/23075"
"GO:0006820","monoatomic anion transport",-1.72533131643057,0.00152450309650136,0.0125576241782019,72,"8671/57835/1181/94015/2742/7417/9016/10768/2743/7416/6509/57282/2554/7419/57348/57084/2566/6507/9481/6529/8001/57468/2741/6506"
"GO:0042391","regulation of membrane potential",-1.45703524699656,0.00157540378466817,0.0129523254341752,211,"6546/6804/6543/6326/23171/8514/3766/2561/55669/23345/2932/8671/9783/1181/23530/10105/22999/2890/9465/30820/287/152404/3746/3736/2742/6548/6640/6324/2915/4355/2892/481/1738/1742/6262/3737/93974/477/7314/55186/9630/6323/57555/4842/5027/478/2743/3748/6532/3751/83875/2893/2550/2891/482/2554/112755/2697/2566/2902/9481/10369/18/8001/2741"
"GO:0010884","positive regulation of lipid storage",1.88997934185939,0.00159637748503058,0.0130999521030581,12,"718/123/338/4023/114885/10226"
"GO:0006085","acetyl-CoA biosynthetic process",-1.95831149816046,0.00160637082492489,0.0131570863226395,18,"23417/47/5160/5163/84532/25874/5162/5164/1738/5165/1737/8050"
"GO:0006968","cellular defense response",1.8881859901507,0.00162678376458674,0.0132991870472147,12,"4046/3929/922/10312/4332/728"
"GO:0070664","negative regulation of leukocyte proliferation",1.81812644132759,0.00164387244828534,0.0134136283797117,33,"1401/3123/10457/259307/383/5777/4332/10859"
"GO:0002440","production of molecular mediator of immune response",1.70374375055234,0.0016963124641033,0.0138155579862522,81,"1991/3263/8288/335/3105/51284/8741/383/5788/29108/336/25939/972/567/5553/6778/10859/3606/5336/8482/6850/684/6830/23075/948/1604"
"GO:0006910","phagocytosis, recognition",1.85995864115602,0.0017039437571372,0.0138517225650423,13,"1401/722/3929/725/2209"
"GO:0023061","signal release",-1.37086022211204,0.00171593007910215,0.0139230887352942,239,"1910/93664/63908/90550/55512/4988/1113/9783/10675/22999/8618/2029/57512/91942/25874/6616/4282/9370/6844/1363/8448/8938/9751/64840/818/5950/3737/23025/6854/10814/57555/1374/2746/5027/5413/286097/112476/27445/26059/5864/80331/23410/6532/6447/6812/9143/2550/6853/6855/1956/22895/79751/112755/2697/9066/5798/5538/84300/6857/9899/5799/18/9900/140679/7425/127833/22987"
"GO:0002707","negative regulation of lymphocyte mediated immunity",1.80173065065282,0.00180141205539419,0.0145894211426608,21,"722/3106/259307/3105/383/5788/725/5777/10859/409/3965/3071"
"GO:0044743","protein transmembrane import into intracellular organelle",-1.80875927911161,0.00183670180143018,0.0148475279702205,27,"5189/100287932/9804/10440/131474/10245/29090/80273/84134/10452/92609/131118/3329/9868/51025"
"GO:0043648","dicarboxylic acid metabolic process",-1.71202609490592,0.00186060769698613,0.0150128215847896,72,"47/435/25902/4200/8659/2271/81889/151313/10873/1738/4967/1743/2746/8803/2752/23657/4191/441024/23475/7915/2744/3418/2806/27165/85300/55753/728294/2572/2571/5625"
"GO:0045638","negative regulation of myeloid cell differentiation",1.80637294011852,0.00189873163159841,0.0152920111554151,33,"325/4057/2200/714/130733/4792/10859"
"GO:0007565","female pregnancy",1.69487761166125,0.00191551968823228,0.0153986499381784,62,"4318/259/2192/1307/3488/6696/3690/3339/1829/1636/6513/397/4313/1508/27161/3965/3490/3675/10959/6833/5764/3678/6159"
"GO:0048659","smooth muscle cell proliferation",1.72470964988106,0.00193662504637738,0.0155395366475494,70,"1991/4318/4969/7057/348/5345/283/1264/3488/3690/30008/199/4313/3606/5136/26119/5592/7168/3162/4921/4846/6648/27250/2263/6772/4217/3065"
"GO:0048660","regulation of smooth muscle cell proliferation",1.73880127872614,0.00194630817160927,0.015588420245306,68,"1991/4318/4969/7057/348/5345/283/1264/3488/3690/30008/199/4313/3606/5136/26119/5592/7168/3162/4921/4846/6648/27250/2263/6772/4217/3065"
"GO:0006536","glutamate metabolic process",-1.90076138716208,0.00197057032459224,0.0157397251923729,23,"2746/2752/23657/7915/2744/2806/27165/85300/2572/2571/5625"
"GO:0042632","cholesterol homeostasis",1.75195728843694,0.00197607699374412,0.0157397251923729,39,"335/348/338/4023/345/1066/19/336/55937/857/60526/10577/51474/3606/26119/2170/10938/4547"
"GO:0055092","sterol homeostasis",1.75195728843694,0.00197607699374412,0.0157397251923729,39,"335/348/338/4023/345/1066/19/336/55937/857/60526/10577/51474/3606/26119/2170/10938/4547"
"GO:0042407","cristae formation",-1.89221932789762,0.00202198920503876,0.0160759251631378,15,"139322/84303/55735/57143/54927/10989/10367/79135/91137/125988/3954/10939/440574/4976"
"GO:0033344","cholesterol efflux",1.81547803787059,0.00204027119097481,0.0161916220110085,32,"335/348/338/341/345/1066/19/336/55937/5360/857/10577/4792/1312"
"GO:0061448","connective tissue development",1.71564459070138,0.00204862690052615,0.0162282652831825,78,"4969/1277/7045/633/4023/1291/1311/1281/871/3690/2202/85477/2487/1280/23516/23607/4192/59"
"GO:1900024","regulation of substrate adhesion-dependent cell spreading",1.74225241397366,0.00207361208541739,0.0163962660524533,44,"2243/2244/2266/335/2192/3690/2633/1601/2316/5318/23603/4192/81/6281/3611/5034/10109"
"GO:0002761","regulation of myeloid leukocyte differentiation",1.7849390444863,0.00207960848168204,0.0164137825799668,40,"325/3123/4057/2200/714/3059/972/130733/10859"
"GO:0034612","response to tumor necrosis factor",1.61607859414184,0.00217355487122062,0.0171241410090176,104,"1277/7057/820/335/2634/929/355/427/8531/29108/2633/8904/834/445/4792/2819/8717/81/6850/2950/1687/7442/8737/3611/84817/102/3093/9181/8996/1984/4790/6772"
"GO:0007416","synapse assembly",-1.53987769129142,0.00221740902988006,0.0174379938382416,140,"54413/84623/351/5783/4038/4137/51225/2066/91584/23284/7087/57463/2049/27067/1000/55558/2561/64218/9806/51201/43/5365/2890/91137/27020/152404/2596/5881/6616/23229/10507/57524/51517/2823/57555/27445/7162/2554/55203/8927/2566/404037/57468"
"GO:0019885","antigen processing and presentation of endogenous peptide antigen via MHC class I",1.84243634539947,0.00226428863810848,0.0177423772166586,11,"3107/3106/3105/6891/6890/6892/51752/567"
"GO:0051347","positive regulation of transferase activity",1.59229487608277,0.00226028295811526,0.0177423772166586,139,"1991/3123/4057/7057/2147/335/348/2200/8826/5788/3690/336/972/3937/5347/8536/5580/57103"
"GO:0000305","response to oxygen radical",1.84902609370414,0.00227855771716623,0.0178220163067002,18,"4353/4151/1728/10516/6649/9973"
"GO:0099601","regulation of neurotransmitter receptor activity",-1.80309831177183,0.00234987974134485,0.0183468128726223,12,"2048/59283/1612/27092/4988/388336/57555/10368/66004/10369"
"GO:0009062","fatty acid catabolic process",-1.69891520439685,0.00238279962587786,0.0185704365815723,68,"10999/2108/23417/2166/55268/10449/1962/2639/1666/3712/84129/1384/1376/9370/35/1891/80724/3028/5095/1374/549/5096/225/23600/1632/10455/26063/84693"
"GO:0043534","blood vessel endothelial cell migration",1.72065210045982,0.00239259528459945,0.018613362240943,58,"7057/3273/335/348/5340/301/2876/5025/4627/27286/28984/23616/3146/3162/3315/4846/3688"
"GO:0031629","synaptic vesicle fusion to presynaptic active zone membrane",-1.89008628589823,0.0024177851541269,0.018742152417973,23,"6616/8448/10814/112476/26059/5864/6812/22895/112755/9066/6857/127833"
"GO:0099500","vesicle fusion to plasma membrane",-1.89008628589823,0.0024177851541269,0.018742152417973,23,"6616/8448/10814/112476/26059/5864/6812/22895/112755/9066/6857/127833"
"GO:0010950","positive regulation of endopeptidase activity",1.65871974873744,0.0024266278664747,0.0187771685710636,63,"6280/6279/355/29108/4804/5721/5720/834/4155/489/5641/6850/3965/3146/9647/8738"
"GO:0002833","positive regulation of response to biotic stimulus",1.57380194877233,0.00243341245419977,0.0187961627467637,191,"6280/6279/3123/3263/4057/3929/3273/84034/2634/929/51284/11117/383/23180/1535/29108/3055/857/834/4332/1520/7409/4792/5336/6850/55577/83666/8547/1687/409/3146/340061/948/5819/3093/22841/7353/127018/10432/5359/3134/4067/55666/23325/3430/57724/29110/22933/9958/3428/6421/1660/140609/6197/3916/1147/3304/90268/3551/9111/81622/23328"
"GO:0019886","antigen processing and presentation of exogenous peptide antigen via MHC class II",1.83872760798049,0.00244838599792583,0.0188447581861632,18,"3123/3127/10437/3122/972/567/2207/1520/5641/3113/1785"
"GO:0032369","negative regulation of lipid transport",1.83797148426518,0.00244838599792583,0.0188447581861632,18,"7057/348/341/345/3690/336"
"GO:2000351","regulation of endothelial cell apoptotic process",1.81315130746428,0.00247419110864549,0.0190096700931506,22,"2243/2244/2266/7057/3383/3690/196527/5770/28984"
"GO:0140238","presynaptic endocytosis",-1.68695209868306,0.00248504052129771,0.019059294881543,72,"163/5289/273/1609/54413/6623/85439/160/8120/8871/274/1211/6804/1487/57030/10396/1173/1212/5874/1759/10239/10947/6844/9829/9892/6457/6620/57555/29993/84251/9066"
"GO:0031401","positive regulation of protein modification process",1.48351440624881,0.00251119285217406,0.0192259050639993,293,"1991/3123/4318/718/7448/4057/7057/2147/10457/2200/355/8826/5788/4837/3059/258010/3690/1270/30844/972/116496/3937/1601/1636/5347/857/1464/8536/5580/5175/5919/3606/5770/5336/54625/338773/28984/6789/6850/5795/5371/83666/5168/10533/2339/10961/409/8737"
"GO:0043277","apoptotic cell clearance",1.78177026060825,0.00251646446750772,0.0192323455166391,21,"718/7057/4240/720/717/3690/301/7052"
"GO:0048708","astrocyte differentiation",1.72449889520732,0.00256361492345311,0.0195582642929876,45,"6280/6279/2147/7431/712/1270/5354/728"
"GO:0034377","plasma lipoprotein particle assembly",1.84326890188242,0.00261790393599225,0.0199374052388462,16,"335/348/338/341/345/19/336/55937/10162"
"GO:1901028","regulation of mitochondrial outer membrane permeabilization involved in apoptotic signaling pathway",-1.79816445266028,0.00262906473639099,0.019987338039708,12,"10449/2932/293/9026/93974/292/291"
"GO:0010718","positive regulation of epithelial to mesenchymal transition",1.76010940182938,0.00268720568065046,0.0203936361183631,26,"116844/1277/152007/1601/7148/4192/2022/28984/6386"
"GO:0048488","synaptic vesicle endocytosis",-1.7024935908707,0.00270875039451975,0.0204855147432234,70,"163/5289/273/1609/54413/6623/85439/160/8120/8871/274/1211/6804/1487/57030/10396/1173/1212/5874/1759/10239/10947/6844/9829/9892/6457/6620/57555/29993/84251/9066"
"GO:1903825","organic acid transmembrane transport",-1.6548911036404,0.00270754315356308,0.0204855147432234,79,"2670/10165/81034/123096/56262/83733/3766/57030/124935/8402/94081/25874/94015/1376/6534/477/6520/1374/225/23657/7957/6509/8604/79751/57348/57084/6507/284111/6538/9152/6506"
"GO:0003229","ventricular cardiac muscle tissue development",1.78749074276222,0.0027463952330877,0.0207340899249282,24,"4625/4633/7134/1829/7373/5318/2022/1832/7168"
"GO:0009065","glutamine family amino acid catabolic process",-1.89045801272081,0.00280286860714626,0.0211237024715658,21,"2746/4842/2752/2744/2806/27165/2572/2571/5625"
"GO:0032233","positive regulation of actin filament bundle assembly",1.71732417936848,0.00285860869477138,0.0215064477365729,39,"335/5345/171024/5341/2316/9639/28984/6281/5216/7168/9647/1902/23075/11346"
"GO:0098659","inorganic cation import across plasma membrane",-1.7555307636562,0.00288687739729644,0.0216441015227355,46,"476/493/6546/6543/3766/57181/5534/6548/777/481/477/84679/478/221074/10479/482/6529/23479/57468"
"GO:0099587","inorganic ion import across plasma membrane",-1.7555307636562,0.00288687739729644,0.0216441015227355,46,"476/493/6546/6543/3766/57181/5534/6548/777/481/477/84679/478/221074/10479/482/6529/23479/57468"
"GO:0010952","positive regulation of peptidase activity",1.63332491976148,0.0029323480698758,0.02194710857126,69,"6280/6279/355/29108/4804/5721/5720/834/4155/489/5641/6850/3965/3146/9647/8738/10541/57333/4217/4067/64115"
"GO:0009063","amino acid catabolic process",-1.6426018259439,0.00295477924751801,0.022076930660027,83,"56922/1738/3028/1743/2746/4842/2752/549/2653/36/1757/594/54511/64087/7915/2744/5860/2806/4329/27165/26275/18/2572/2571/10247/5625"
"GO:0071356","cellular response to tumor necrosis factor",1.66265225133792,0.00296545846064287,0.0221186515079909,90,"1277/7057/820/335/2634/355/427/8531/29108/2633/8904/834/445/4792/2819/8717/81/6850/2950/1687/7442/8737/3611/84817/3093/9181/8996/1984/4790/6772"
"GO:0017014","protein nitrosylation",1.85378496199456,0.00299507582171415,0.0222630550377759,12,"6280/6279/1636/1756"
"GO:0018119","peptidyl-cysteine S-nitrosylation",1.85378496199456,0.00299507582171415,0.0222630550377759,12,"6280/6279/1636/1756"
"GO:0051701","biological process involved in interaction with host",1.64588098735628,0.00300458611881487,0.0222955698150006,111,"325/3123/4057/2192/3383/4360/3690/8673/972/857/290/858/1605/1508/50848/90861/6510/114770/3956/3416/8547/3965/3146/10346/5819/1604/5034/6737/3688/3678/975/3839/5359/7726/9972/4340/3921/1514/3434"
"GO:0006744","ubiquinone biosynthetic process",-1.86544589657275,0.00306365291251207,0.0225412157512117,11,"51004/160760/10229/84274/57017/51805/79934/4704"
"GO:1901663","quinone biosynthetic process",-1.86544589657275,0.00306365291251207,0.0225412157512117,11,"51004/160760/10229/84274/57017/51805/79934/4704"
"GO:0046596","regulation of viral entry into host cell",1.8151059577658,0.00305300195408551,0.0225412157512117,19,"325/3123/972/3956/8547/3965/3146/10346/5819/5034/6737"
"GO:0070527","platelet aggregation",1.79458012361768,0.00305773923152568,0.0225412157512117,52,"1511/2243/2244/2266/84034/83706/1311/3043/11117/928/5341/3690/5777/2316/5580/4627/50848/10398/7414/6850"
"GO:0022411","cellular component disassembly",1.47975159584136,0.00306060014810275,0.0225412157512117,286,"1511/1991/4318/718/123/6708/5340/713/6710/1291/714/822/88/5341/10226/712/3936/8673/3684/5347/85477/64780/10763/1520/6840/51474/4313/6499/4134/10241/2022/581/23616/3925/6624/9652/3159/10154/25802/102/8751/23075/2314/327/57104/10973/79929/29766/5880/4921/829/6833/9181/6737/11037/84557/3688/10982/80349"
"GO:0031338","regulation of vesicle fusion",-1.85308586121777,0.00311793720031547,0.0229018026845507,22,"8448/84258/10814/112476/26059/5864/6812/22895/9066/6857/127833"
"GO:2000117","negative regulation of cysteine-type endopeptidase activity",1.77302833732034,0.00315583032290887,0.0231019551968759,30,"4318/4057/7057/2168/2876/64780"
"GO:0030239","myofibril assembly",1.77205386732558,0.00315583032290887,0.0231019551968759,30,"4625/4633/88/4629/10324/10398/7168/25802/2314/29766/5239/3688/5339"
"GO:0032488","Cdc42 protein signal transduction",1.82543309408665,0.00318619276615455,0.0231844009704049,10,"335/348/345/19"
"GO:0042157","lipoprotein metabolic process",1.69116824283433,0.0031819727177179,0.0231844009704049,58,"335/348/338/341/345/57467/8542/258010/3690/19/336/55937"
"GO:0046718","symbiont entry into host cell",1.67960276175566,0.0031980917556728,0.0231844009704049,80,"325/3123/3383/4360/3690/8673/972/857/290/858/1605/1508/50848/90861/6510/3956/3416/8547/3965/3146/10346/5819/1604/5034/6737/3688/3678/975/3839/5359/7726/9972/4340/3921/1514"
"GO:0043535","regulation of blood vessel endothelial cell migration",1.65754098084372,0.00319355309875595,0.0231844009704049,48,"7057/3273/348/5340/301/5025/27286/28984/23616/3146/3162/3315/4846"
"GO:0008217","regulation of blood pressure",1.64220636180253,0.00319913756767393,0.0231844009704049,66,"1511/1278/84034/5345/3043/11117/1522/51752/1636/5025/59342/5770/1312/59/2022/5742/7873/7442/57085/7168/10060/4846/6648/183"
"GO:0050708","regulation of protein secretion",1.55120551043711,0.00318106780496536,0.0231844009704049,126,"6288/2243/3123/2244/2266/2147/348/283"
"GO:0061572","actin filament bundle organization",1.62039278773325,0.0032195145068129,0.0232931874567913,108,"335/5345/87/171024/5341/800/3936/2316/4430/64780/9639/9124/51474/199/50848/83543/10580/28984/6281/1785/5216/3925/6624/7168/9647/1902/221061/23075/11346/57175/90102/7454/5357/8500"
"GO:0048844","artery morphogenesis",1.78245922105158,0.00326944364293282,0.0236150663127644,23,"348/338/1311/1281/30008/4192/2022"
"GO:0009064","glutamine family amino acid metabolic process",-1.69131345530397,0.00331171168996694,0.0238579672681886,50,"2746/4842/2752/23657/7915/2744/2806/27165/29920/85300/2572/2571/5625"
"GO:0043066","negative regulation of apoptotic process",1.42610625051968,0.00331406456178708,0.0238579672681886,409,"4353/2243/4318/1728/2244/2266/350/4057/7057/355/283/1311/3383/3958/9104/847/25816/8531/2168/3059/3690/1270/3055/972/100/126393/1601/2316/5347/231/301/857/2876/64780/4000/4747/5580/1280/10131/10763/637/1191/5641/10859/5763/55179/11151/2730/81567/23607/64114/5770/4192/6195/581/2950/8539/2124/2274/831/64855/8737/1410/3162/1603/4869/3071/81704/10327/340371/50484/51074/10553/10060/3315/1495/4921/4846/10625/6648/9181/23129/3688/8996/54463/4831/5863/56005/3678/2632/5885/22920/27250/4790/2263/10428/92140"
"GO:0071402","cellular response to lipoprotein particle stimulus",1.77783819597125,0.00332439099297521,0.023862805227197,23,"335/348/338/4023/1066/3689/928/19/336/2207"
"GO:0048644","muscle organ morphogenesis",1.7350925438194,0.00332573074463353,0.023862805227197,26,"4625/4633/7134/1281/1270/5318/30008/2022/1832/7168"
"GO:0015740","C4-dicarboxylate transport",-1.86591333920919,0.00334786977774702,0.0239049578112793,20,"6505/2670/10165/56262/83733/8402/6509/8604/79751/6507/284111/18/6506"
"GO:0036465","synaptic vesicle recycling",-1.7021000938623,0.00334581550127077,0.0239049578112793,80,"163/5289/273/1609/54413/6623/56850/85439/160/8120/8871/274/1211/6804/1487/57030/10396/1173/1212/5874/1759/10239/10947/6844/9829/9892/6457/6620/57555/5864/29993/84251/112755/9066"
"GO:0043069","negative regulation of programmed cell death",1.39388226449229,0.00334812585792624,0.0239049578112793,429,"4353/2243/4318/1728/2244/2266/350/4057/7057/355/283/1311/3383/3958/9104/847/25816/8531/2168/3059/3690/1270/3055/972/100/126393/1601/2316/5347/231/301/857/2876/64780/4000/4747/5580/1280/25959/10131/10763/637/1191/57103/5641/10859/5763/55179/11151/2730/81567/23607/64114/5770/5336/4192/6195/581/2950/8539/2124/2274/831/64855/8737/1410/3162/1603/4869/3071/81704/10327/340371/50484/51074/10553/10060/3315/1495/4921/4846/10625/6648/9181/23129/3688/8996/54463/4831/5863/56005/3678/2632/5885/22920/27250/4790/2263/10428"
"GO:0002438","acute inflammatory response to antigenic stimulus",1.82343765008653,0.00337546553356303,0.0240446448459462,10,"1991/718/2/3500/2212/2209/9103"
"GO:0032613","interleukin-10 production",1.80103657240784,0.00339538523164364,0.0240446448459462,19,"3123/7057/8288/29108/5553/10859/5336/6850/3965/3146"
"GO:0032653","regulation of interleukin-10 production",1.80103657240784,0.00339538523164364,0.0240446448459462,19,"3123/7057/8288/29108/5553/10859/5336/6850/3965/3146"
"GO:0038084","vascular endothelial growth factor signaling pathway",1.80070021700329,0.00339538523164364,0.0240446448459462,19,"1634/3273/11117/4641/7148/8828/199731/967"
"GO:0072329","monocarboxylic acid catabolic process",-1.60349812215518,0.00339055637171703,0.0240446448459462,82,"2166/55268/10449/1962/2639/1666/3712/84129/1384/51181/1376/9370/35/1891/80724/3028/5095/3423/1374/549/5096/225/23600/1632/197257/10455/26063/84693"
"GO:0001914","regulation of T cell mediated cytotoxicity",1.81959087166989,0.00340522724812355,0.0240750675636878,20,"3123/3107/3106/3105/3122/6891/5788/567/10859/8417/3071/5819"
"GO:0090288","negative regulation of cellular response to growth factor stimulus",1.76785657355701,0.00341663703549316,0.0241164575139444,30,"1634/7057/3273/2200/11117/4804/857"
"GO:0051017","actin filament bundle assembly",1.61797300531191,0.00349511376778239,0.0246303390680899,107,"335/5345/87/171024/5341/800/3936/2316/4430/64780/9639/9124/51474/199/50848/83543/10580/28984/6281/1785/5216/3925/6624/7168/9647/1902/221061/23075/11346/57175/90102/7454/5357/8500"
"GO:0045637","regulation of myeloid cell differentiation",1.67195133201215,0.0035388189212438,0.0248668035961561,78,"325/3123/4057/2200/714/3059/972/567/85477/130733/4792/10859/2124/8737/3071/9770/80349/6772/3692/57095/3635/4067"
"GO:0008154","actin polymerization or depolymerization",1.58418655738855,0.00354012546013003,0.0248668035961561,133,"6708/283/6710/822/88/5341/3059/29108/3055/85477/64780/64423/5580/7408/25959/6840/51474/10092/199/11151/23607/79585/89848/23616/79778/1730/5216/25802/3071/23075/2314/29766/8976/7454/8522/10109/829"
"GO:0044409","symbiont entry into host",1.661100460341,0.00356618665540476,0.0250093962376608,83,"325/3123/3383/4360/3690/8673/972/857/290/858/1605/1508/50848/90861/6510/3956/3416/8547/3965/3146/10346/5819/1604/5034/6737/3688/3678/975/3839/5359/7726/9972/4340/3921/1514"
"GO:0060079","excitatory postsynaptic potential",-1.75498544391091,0.0035790476060483,0.0250591058997672,44,"6804/6543/23345/2932/22999/2890/152404/2742/4355/1742/57555/5027/2743/112755/2902/8001/2741"
"GO:0042310","vasoconstriction",1.7926285954299,0.00358828301437826,0.0250833116995427,31,"1401/2243/2244/2266/1311/1636/857/4313/59/7873"
"GO:0015711","organic anion transport",-1.37153089346929,0.0035993344091715,0.0251201136177066,194,"5947/8671/6579/57835/124935/8402/94081/293/4257/2171/25874/94015/6515/1376/4282/79085/6534/477/28965/50640/6520/1374/292/3993/5027/57709/225/23657/1381/7957/6509/221074/6812/57282/2550/2806/1645/8604/291/5660/79751/388662/2697/114789/57348/57084/6507/284111/6538/18/6529/9900/9152/6506/140679"
"GO:0002719","negative regulation of cytokine production involved in immune response",1.82132237505362,0.00360655485325159,0.0251301037206503,13,"8288/335/383/336/5553/10859/684"
"GO:0051092","positive regulation of NF-kappaB transcription factor activity",1.68441312636201,0.00366045642889109,0.0254648098682952,58,"6280/6279/4057/29108/1191/3606/5336/8717/8737/3965/4869/10346/9181/183/3556/92140/1660/23085/1147/3304/3551"
"GO:0033002","muscle cell proliferation",1.64940098147744,0.00368147164630528,0.0255291827741393,87,"1991/4318/4969/7057/348/5345/283/1264/3488/3690/30008/858/199/4313/3606/5136/26119/5592/7168/3162/26011/4921/4846/6648/27250/2263/6772/4217/3065"
"GO:0021782","glial cell development",1.64893118909883,0.00368147164630528,0.0255291827741393,87,"6280/6279/57716/1291/7431/443/712/1270/9639/1191/5354/728/1605/4192/10397"
"GO:0030449","regulation of complement activation",1.82045995455048,0.00372778078090178,0.0258090851194492,13,"722/718/3075/710/2/725/922"
"GO:0060840","artery development",1.69520371068223,0.00376929498953368,0.0260549515120473,39,"348/338/1311/1281/4804/30008/1312/4192/2022"
"GO:0035176","social behavior",-1.76548576556283,0.0038194496111206,0.0263596673479722,25,"1742/7054/57555/26047/5413/1620/2571"
"GO:0014888","striated muscle adaptation",1.80877045655083,0.00384006372092464,0.0264293115178971,18,"4625/7134/3488/90523/4000"
"GO:0048821","erythrocyte development",1.74736898259444,0.00384171747703135,0.0264293115178971,21,"6521/2038/6005/669/55646/3071/29766/5880"
"GO:0034114","regulation of heterotypic cell-cell adhesion",1.8381157892917,0.00388076427729437,0.0266556926071754,12,"2243/2244/2266/335/4155"
"GO:0065005","protein-lipid complex assembly",1.80505771699935,0.00389695252099144,0.0267245985681261,18,"335/348/338/341/345/19/336/55937/10162"
"GO:0046651","lymphocyte proliferation",1.60904343629587,0.00392212280972189,0.0268260876789769,110,"3123/6708/10457/259307/3105/3958/383/5788/977/29108/972/5777/100/5699/301/1794/5580/4332/637/10859/199/3606/11151/3113/581/6850/3965/3146/3071/81704/5880/1604/1947/975/11146/3635/4067/64115/6522"
"GO:1902905","positive regulation of supramolecular fiber organization",1.60257163488596,0.00392411095972135,0.0268260876789769,114,"335/348/5345/88/171024/5341/29108/3055/2316/85477/2876/7408/9639/7148/30008/1191/79709/28984/89848/6281/5216/7168/9647/25802/1902/3071/23075/11346"
"GO:0050870","positive regulation of T cell activation",1.60852309800017,0.00393851862678196,0.026882247419592,103,"3123/3127/6708/259307/3105/3122/5788/29108/972/5777/100/567/301/857/7409/10859/199/3606/11151/3113/4192/6850/3956/3965/3146/3071/81704/1604/9092/86/1947/975/6605/865/4067/64115"
"GO:0048168","regulation of neuronal synaptic plasticity",-1.69836790175012,0.00397772003147809,0.0271071941234638,42,"94056/4763/817/2048/3815/351/23154/6543/8831/3766/816/51201/27020/9513/388336/2915/818/1742/9145/5923/5864/57282/6855/2902/7425"
"GO:0052372","modulation by symbiont of entry into host",1.75610510581119,0.00399719423139014,0.0271972102797251,24,"325/3123/972/857/3956/8547/3965/3146/10346/5819/5034/6737"
"GO:0007167","enzyme-linked receptor protein signaling pathway",1.38360555761832,0.00410607284968403,0.0278943071055999,419,"116844/4318/7448/1634/54829/1277/7057/3273/1278/197/2200/1291/1311/8826/11117/1281/64081/3488/3690/3055/4804/3937/2202/1601/4641/5284/857/4053/1464/8425/5580/3482/2331/7148/23516/6778/3489/7409/858/5641/5919/4313/5782/23607/5770/10580/4643/8717/2022/6850/6386/5795/3416/5371/3925/8828/199731/967/2339/409/208/3611/3675/84632/89853/3315/4921/183/11037/84557/3688/1947/5764/8036/3678/23294/27250/23371/2263/22938/5296/10076/2817/1284/2885/4067/3065/5286/53918"
"GO:0034381","plasma lipoprotein particle clearance",1.76047772814777,0.00414860326493257,0.0281391980829254,23,"335/348/338/341/345/336/55937/302/26119/3162/948/10938/6833"
"GO:0015849","organic acid transport",-1.46564480610398,0.0042227561773171,0.0285085296512186,158,"5947/6579/124935/8402/94081/2171/25874/94015/1376/4282/6534/477/28965/50640/6520/1374/3993/5027/57709/225/23657/1381/7957/6509/6812/2550/2806/1645/8604/5660/79751/388662/2697/57348/57084/6507/284111/6538/18/6529/9900/9152/6506/140679"
"GO:0046942","carboxylic acid transport",-1.46564480610398,0.0042227561773171,0.0285085296512186,158,"5947/6579/124935/8402/94081/2171/25874/94015/1376/4282/6534/477/28965/50640/6520/1374/3993/5027/57709/225/23657/1381/7957/6509/6812/2550/2806/1645/8604/5660/79751/388662/2697/57348/57084/6507/284111/6538/18/6529/9900/9152/6506/140679"
"GO:0031399","regulation of protein modification process",1.34351619908434,0.00422255950470468,0.0285085296512186,484,"1991/3123/4318/718/7448/4057/7057/2147/3273/348/10457/2200/2192/355/2335/8826/57467/3689/171024/5788/4837/3059/258010/3690/1270/29108/30844/972/5777/116496/3937/1601/1636/5347/1756/857/64780/1464/8536/5580/5175/2810/728/5919/23603/3606/5770/5336/54625/338773/28984/6789/6850/5795/64708/5371/83666/5168/2950/151636/10533/138429/92597/199731/2339/10961/409/8737/9647/4869/10040/9770/11329/948/7332/3315/3093/4921/10625/9181/6737/183/5571/56005/3678/27250/7329/85456/104/2539/115825/11338/4217/11235/4067/26973/55074/85440/51429/11091/29110/22933/9532/1436/60/10054/3309/11337/4690"
"GO:0032722","positive regulation of chemokine production",1.70172476592615,0.00428137127840877,0.0288460784753067,27,"3929/727/4023/51284/29108/972/4155/199/3606/6850/3965/3146/3162"
"GO:0140029","exocytic process",-1.64847316712449,0.0042860448321983,0.0288460784753067,69,"8775/55823/440279/54843/6861/6804/84446/63908/9783/22999/6616/8448/9751/23025/10814/5413/112476/26059/5864/6812/9143/6855/22895/112755/9066/6857/9900/127833"
"GO:0032371","regulation of sterol transport",1.77204541756644,0.00437402571838251,0.0291668903893986,31,"335/348/341/345/1066/19/336/5360/857/4792/302/26119"
"GO:0032374","regulation of cholesterol transport",1.77204541756644,0.00437402571838251,0.0291668903893986,31,"335/348/341/345/1066/19/336/5360/857/4792/302/26119"
"GO:0032611","interleukin-1 beta production",1.75220265133557,0.00437402571838251,0.0291668903893986,29,"5004/5005/335/4023/29108/834/79792/5371/2950/409/3965/948/3315"
"GO:0032651","regulation of interleukin-1 beta production",1.75220265133557,0.00437402571838251,0.0291668903893986,29,"5004/5005/335/4023/29108/834/79792/5371/2950/409/3965/948/3315"
"GO:0043280","positive regulation of cysteine-type endopeptidase activity involved in apoptotic process",1.67201982923341,0.0043556117047317,0.0291668903893986,45,"6280/6279/355/29108/4804/834/489/6850/3965/3146/9647/8738"
"GO:0048167","regulation of synaptic plasticity",-1.47366985643427,0.00436746689418613,0.0291668903893986,119,"4915/2043/2048/7532/3815/22986/351/6505/7143/23154/4137/2670/440279/8878/84446/6543/27067/8831/3766/816/51201/2932/2890/27020/152404/9513/6616/6844/388336/2915/4355/818/2892/1742/9145/10814/793/794/5923/112476/5864/6812/57282/6855/5270/9066/2902/5179/57537/7425"
"GO:0002711","positive regulation of T cell mediated immunity",1.76426864261429,0.00443267833817981,0.0295126635982187,28,"3123/3107/3106/3105/3122/6891/5788/567"
"GO:0045055","regulated exocytosis",-1.44872080991977,0.00445903050079991,0.0296426514609072,138,"6616/6844/8448/8938/9751/84258/376267/9145/23025/6854/10814/255057/5027/5413/112476/27445/26059/5864/80331/6284/6812/9143/6853/56848/6855/192683/22895/112755/9066/6857/9899/9545/9900/127833/22987"
"GO:0070555","response to interleukin-1",1.66678330084001,0.00447650476565352,0.0296679499048884,51,"2244/2266/820/2634/29108/2633/4792/4313/4524"
"GO:0045862","positive regulation of proteolysis",1.53240896246135,0.0044727673379138,0.0296679499048884,165,"6280/6279/348/355/3818/9104/7123/29108/4804/1075/1601/5347/5721/857/7018/5720/834/4155/489/1191/2161/4627/5641/302/6850/6281/3965/3146/9647/8738/81542/10541/57333/7341/4217/4067/64115/51429/22933/9532/3428/11337/26263/55848"
"GO:0032964","collagen biosynthetic process",1.73382987138646,0.00450502500190774,0.0298114535568316,21,"1277/2147/5345/5118/7431/11117/871"
"GO:0010742","macrophage derived foam cell differentiation",1.79352318236018,0.00454037383968221,0.0299085930774818,14,"1401/338/4023/3690/19/4792/3606"
"GO:0010743","regulation of macrophage derived foam cell differentiation",1.79352318236018,0.00454037383968221,0.0299085930774818,14,"1401/338/4023/3690/19/4792/3606"
"GO:0090077","foam cell differentiation",1.79352318236018,0.00454037383968221,0.0299085930774818,14,"1401/338/4023/3690/19/4792/3606"
"GO:0050922","negative regulation of chemotaxis",1.80749121446341,0.00456399159681891,0.0300186174572589,16,"1991/7057/727/3273"
"GO:0045597","positive regulation of cell differentiation",1.42396623836827,0.00467126843646426,0.0306777250872789,348,"116844/3123/4057/1277/5176/4311/338/259307/5345/4023/3122/2335/5788/3912/443/3059/972/100/152007/1601/8904/1636/301/7052/85477/1756/2487/4747/8536/7148/30008/2810/1605/5919/3606/50848/8482/4192/6195/338773/2022/28984/6789/6850/6386/4811/6285/2124/409/8737/10154/3965/3611/3146/176/3071/947/948/26011/9092/63915/86/4921/6648/9181/23129/6237/183/3688/4831/5764/8036/4790/22938/6605/6772/84148/2817/26230/865/115825/57095/3635/4217/4067/3065/10498/64115/89"
"GO:0001504","neurotransmitter uptake",-1.72461039044879,0.00468420643728534,0.0307162237828635,27,"2824/3766/6616/477/4842/6532/9143/6507/6538/6529/5865/6506"
"GO:1904862","inhibitory synapse assembly",-1.81266074086647,0.00478336356453382,0.0313191270492327,13,"2561/64218/10507/57555/2554/55203/2566/404037"
"GO:0015837","amine transport",-1.678623826493,0.00479364442601339,0.0313391723694641,40,"6804/2917/1113/124935/7054/3737/477/5027/6812/2550/6857/18/6529/9900/5865"
"GO:1903317","regulation of protein maturation",1.7392670513242,0.00482499840540385,0.0314789230187198,30,"2243/7057/5345/3818/1522/7123/2161/4627/302/6281/831"
"GO:0051091","positive regulation of DNA-binding transcription factor activity",1.62873623181206,0.00482952378034264,0.0314789230187198,87,"6280/6279/4057/306/29108/6672/1191/3606/5336/8717/28984/8737/3965/4869/10346/340061/51389/4921/9181/6737/183/3556"
"GO:0062125","regulation of mitochondrial gene expression",-1.84621624116814,0.00487167986867583,0.0317060904196729,16,"6472/23107/51204/51250/115416/54931/10102/28958/22868/55005/10128/84300/708"
"GO:0007586","digestion",1.64814255957168,0.00491282003416982,0.0319259757010946,41,"12/1890/335/8544/64081/2168/2035/336/1646/51474/10162/50848/1312/4192"
"GO:0003018","vascular process in circulatory system",1.57267124174614,0.0049483394267995,0.0321087316169456,130,"1401/2243/2244/2266/3827/348/5345/1311/6649/3043/4363/1636/6513/857/2876/59342/489/4313/1373/2730/6510/59/5795/7873/5592/8985/948/6567/6558/10060/4846/6833/6648/183/3688"
"GO:2001234","negative regulation of apoptotic signaling pathway",1.54070944541156,0.00498230972034733,0.0322809052179518,122,"2243/4318/2244/2266/7057/3383/3958/8531/972/2876/4000/1280/10131/637/1191/55179/2730/64114/5770/581/2950/8737/3162/50484/3315/1495/4846/10625/6648/9181/8996"
"GO:0008053","mitochondrial fusion",-1.71972331350309,0.00499441439015223,0.0323111071052919,27,"4832/7037/664/4170/57143/55486/30968/84749/10730/54927/84895/55669/9927/10939/374986/4976/54332"
"GO:1905039","carboxylic acid transmembrane transport",-1.57915286468948,0.00504240568493917,0.0325730402951205,78,"8884/2670/10165/81034/123096/56262/83733/3766/57030/124935/8402/94081/25874/94015/1376/6534/477/6520/1374/225/23657/7957/6509/8604/79751/57348/57084/6507/284111/9152/6506"
"GO:0046631","alpha-beta T cell activation",1.63876734615971,0.00505071980495834,0.0325782684596198,54,"3123/3105/3122/3958/5788/100/301/10312/1794/6778/10859/3606/6850/3956/3965/3146/3071/1604/975/865/64115/6522/1514"
"GO:0002283","neutrophil activation involved in immune response",1.79864848018205,0.00507893022814034,0.0326148463318894,10,"57126/3689/306/3684/2207/6850"
"GO:1902476","chloride transmembrane transport",-1.65968380806507,0.0050656198141906,0.0326148463318894,42,"2561/57030/1181/94015/2742/9016/2743/6509/2554/57348/57084/2566/6507/9481/6529/8001/57468/2741"
"GO:0098661","inorganic anion transmembrane transport",-1.64765414719993,0.00507672933580484,0.0326148463318894,50,"2561/57030/8402/1181/94015/2742/9016/5250/2743/6509/2554/57348/57084/2566/6507/9481/6529/8001/57468/2741"
"GO:0051251","positive regulation of lymphocyte activation",1.5245632726988,0.00510590504368162,0.0327396363288359,129,"3123/3127/6708/259307/3105/3122/8741/5788/29108/972/5777/100/567/301/857/6778/7409/10859/199/3606/11151/3113/4192/6850/3956/3965/3146/3071/81704/1604/9092/86/1947/975/6605/865/3635/4067/64115"
"GO:0015698","inorganic anion transport",-1.64633215272923,0.00518518442864071,0.0331989463196598,60,"2561/57030/8671/57835/8402/1181/94015/2742/9016/5250/2743/6509/57282/2554/57348/57084/2566/6507/9481/6529/8001/57468/2741"
"GO:0044793","negative regulation by host of viral process",1.79746990400553,0.00520511322715356,0.0332734660537451,10,"325/4057"
"GO:0031100","animal organ regeneration",1.73808066196392,0.00521215317128465,0.0332734660537451,29,"7448/9104/4837/306/3936/3339/336/471/1636/3482"
"GO:0043457","regulation of cellular respiration",-1.71559254847555,0.00524258093362766,0.0332991396461759,27,"131474/1346/65084/205/10105/79085/4938/113829/55847/9167/84300/1347/23479"
"GO:0043154","negative regulation of cysteine-type endopeptidase activity involved in apoptotic process",1.69697672005312,0.00524131825717216,0.0332991396461759,26,"4318/7057/2168/2876/64780"
"GO:0046634","regulation of alpha-beta T cell activation",1.6733413670975,0.0052370168469445,0.0332991396461759,39,"3123/3105/3122/3958/5788/100/301/10859/3606/6850/3956/3965/3146/3071/1604/975/865/64115/6522"
"GO:0031214","biomineral tissue development",1.63675686250678,0.00524685821653636,0.0332991396461759,54,"4057/54829/1277/1278/197/1291/1311/6696/7123/249/196527/10312"
"GO:1902042","negative regulation of extrinsic apoptotic signaling pathway via death domain receptors",1.79739794336538,0.00526258910634233,0.0333501579873213,20,"2243/2244/2266/3383/2876/55179/64114/3162/4846/9181"
"GO:0002700","regulation of production of molecular mediator of immune response",1.61417386693221,0.00527026223895471,0.0333501579873213,67,"3263/8288/335/3105/51284/8741/383/5788/29108/336/972/567/5553/6778/10859/3606/5336/8482/6850/684/6830/948/1604"
"GO:2001244","positive regulation of intrinsic apoptotic signaling pathway",1.7546834884543,0.0053169191960645,0.033596428282556,31,"6280/6279/857/637/1191/4313/581/1687"
"GO:0032970","regulation of actin filament-based process",1.47001515948103,0.0053559742473597,0.0337940177438786,247,"10788/3273/7134/335/6708/5345/6710/822/88/171024/5341/3059/3690/29108/3055/9535/1829/2316/85477/857/5580/5318/7408/25959/9639/6840/51474/10092/4627/11151/50848/23607/59/28984/89848/23616/6281/5216/3925/684/6624/1832/7168/9647/25802/1902/3071/23075/2314/11346/57175/29766/90102/7454/10109/829"
"GO:0048729","tissue morphogenesis",1.45621791370058,0.00541858393569228,0.0341394381202325,213,"4625/116844/4633/7134/1281/1522/3371/3488/3690/3687/977/4804/2316/220/7052/2487/5318/7408/30008/1605/4313/760/4524/4192/59/2022/7414/6789/23616/5371/5216/7475/8828/1832/8985/3611/7168/3675/7053/90102/10959/4846/23129/183/3688/3678/2263/104/6772/11146/7482/8854/2885/11235"
"GO:0051968","positive regulation of synaptic transmission, glutamatergic",-1.80814867587148,0.00547708133791819,0.0344579856346419,17,"54413/59283/7143/27092/57555/10368/6812/1956/2902/10369"
"GO:0050678","regulation of epithelial cell proliferation",1.56011079627164,0.00549671093464404,0.034531435842677,134,"116844/350/7057/5176/348/283/9104/3912/3690/3339/4804/567/1601/857/2876/637/2810/728/858/4192/2022/581/28984/6789/240/8828/3146/3162/1893"
"GO:0070269","pyroptotic inflammatory response",1.80185756034763,0.00555235976680509,0.034830626803036,15,"1991/2634/29108/2633/834/79792/1687/51074/6737"
"GO:0086009","membrane repolarization",-1.70811457849591,0.00564787131265623,0.0353786570970284,30,"9465/30820/287/3736/6640/6324/481/477/4842/3751/482/2697"
"GO:0150146","cell junction disassembly",1.7772518699048,0.00566051043333065,0.0354067374511359,18,"718/713/714/712/3684/10154/6833/11037/3688/10982"
"GO:0002269","leukocyte activation involved in inflammatory response",1.72103990622463,0.00583273259361674,0.0363791554438079,21,"3689/5788/712/1075/3684/1191/728/199/7442"
"GO:0032370","positive regulation of lipid transport",1.70467401884924,0.00583120431174403,0.0363791554438079,37,"335/348/1066/6696/19/5360/2180/1601/857/5580/5025/4792/5321/10162/302/26119"
"GO:0002292","T cell differentiation involved in immune response",1.73439510850197,0.00590855398568412,0.0367991863010829,23,"3123/10875/3122/301/2207/6778/3606/3956/3965/3146"
"GO:0014910","regulation of smooth muscle cell migration",1.67464589384579,0.00598973685774905,0.0372367527749648,34,"7448/3488/3690/6282/1636/199/5770/4192/5592/7168/1902/57175/4921"
"GO:0030042","actin filament depolymerization",1.66142472443332,0.00600454433136959,0.0372367527749648,47,"6708/6710/822/88/5341/85477/64780/6840/51474/23616/25802/23075/2314/29766/829"
"GO:2001056","positive regulation of cysteine-type endopeptidase activity",1.65371874942679,0.00599979432206419,0.0372367527749648,53,"6280/6279/355/29108/4804/834/489/5641/6850/3965/3146/9647/8738"
"GO:0060415","muscle tissue morphogenesis",1.7077507889995,0.00606642379286954,0.0375668269398669,24,"4625/4633/7134/1281/5318/30008/2022/1832/7168"
"GO:0002082","regulation of oxidative phosphorylation",-1.81057789227945,0.00613873843634327,0.0379064915393544,15,"1346/65084/205/10105/79085/9167/84300/1347"
"GO:0002548","monocyte chemotaxis",1.79255483197046,0.00613489927429077,0.0379064915393544,15,"1511/3958/196527/301/6278/5641/199/3146/158747"
"GO:0045907","positive regulation of vasoconstriction",1.78640810059166,0.00637129130782644,0.0391753195003889,11,"2243/2244/2266/1636/857"
"GO:0032928","regulation of superoxide anion generation",1.78020145444739,0.00636860278726502,0.0391753195003889,16,"1401/57126/3689/3684/5580/84329/6850/2950"
"GO:0032930","positive regulation of superoxide anion generation",1.78020145444739,0.00636860278726502,0.0391753195003889,16,"1401/57126/3689/3684/5580/84329/6850/2950"
"GO:0030224","monocyte differentiation",1.75784999839714,0.00638199581146009,0.0391856348197288,14,"325/3123/8544/972/4627"
"GO:1901605","alpha-amino acid metabolic process",-1.41727758705656,0.00642580578078219,0.0393989023931857,135,"587/10993/123688/435/2639/1491/3712/8659/275/10157/2271/4507/56922/7054/3028/1743/2746/4842/2752/549/23657/586/2653/36/1757/54511/441024/64087/7915/339983/4594/2744/5860/2806/4329/27165/29920/55256/26275/85300/2572/2571/10247/5625"
"GO:0009595","detection of biotic stimulus",1.78494466375826,0.00649745141010742,0.0397819979848749,11,"3123/3106/3929/3105/284297/114770/5795"
"GO:0042542","response to hydrogen peroxide",1.64092964719306,0.00650835816259495,0.0397926518082038,57,"1728/3240/1277/3043/847/2168/2876/5580/6778/4313/5111/8737/1410/3162/10060/6648/84557"
"GO:0051955","regulation of amino acid transport",-1.77851997138839,0.0066053979148167,0.0403291594208429,22,"2917/124935/477/5027/6812/2550/18/6529/9900"
"GO:0045619","regulation of lymphocyte differentiation",1.60161042298146,0.00661964246508866,0.0403593650856038,70,"3123/10875/259307/3122/5788/972/5777/100/301/3606/4192/114770/6850/3956/3965/3146/3071/9092/86/6605/865/3635/64115/6522"
"GO:0002832","negative regulation of response to biotic stimulus",1.62212954849102,0.00663917641078963,0.0404216897605018,56,"3106/4057/10875/710/2/259307/3105/383/25939/5777/2810/10859/55646/54625/409/3965"
"GO:0097205","renal filtration",1.74277049572654,0.00670961278210102,0.0407933180491604,19,"3493/3512/1312/4643/3494/28912/3675/947"
"GO:0010888","negative regulation of lipid storage",1.77895245860865,0.00674977184127305,0.0408657734490464,11,"1401/1066/3690/19/4792"
"GO:0150077","regulation of neuroinflammatory response",1.77886328405752,0.00674977184127305,0.0408657734490464,11,"4318/5788/1075/3606/5336"
"GO:0017004","cytochrome complex assembly",-1.70706704147213,0.00673903807657928,0.0408657734490464,25,"51204/389203/100131801/283951/10063/7386/9997/29090/3052/91137/116228/2395/51241/6341/55245/28958/388753/54902/84300"
"GO:0007009","plasma membrane organization",1.57192949403949,0.00680283384430788,0.0411296681311149,95,"57716/6708/6521/1291/8826/5104/2350/928/196527/857/5580/112574/1191/85377/858/4627/79026/26509/51411/302/10397/8560/6281/1785/30846/208/3611"
"GO:0014911","positive regulation of smooth muscle cell migration",1.71190619294565,0.00683260159363429,0.0412521884811773,21,"7448/3488/3690/6282/199/4192/1902/4921"
"GO:0050920","regulation of chemotaxis",1.55106518053153,0.00701977864604358,0.0423234154201044,91,"1991/7057/3929/727/3273/972/196527/6278/5025/728/5641/6809/5919/199/4192/3603/5795/3965/3146/9647/1902/102/3071/23075/11240/57175/158747/5880/3315/57509/4354/5764"
"GO:0044706","multi-multicellular organism process",1.58551923615681,0.00704252237426328,0.0424016499676517,67,"4318/259/2192/1307/3488/6696/3690/3339/1829/1636/6513/397/4313/1508/3074/27161/3965/3490/3675/10959/6833/5764/3678/6159"
"GO:0006821","chloride transport",-1.6426425629016,0.00707318720151325,0.0424107244110142,48,"94015/2742/9016/2743/6509/57282/2554/57348/57084/2566/6507/9481/6529/8001/57468/2741"
"GO:0046887","positive regulation of hormone secretion",1.59432514883926,0.00707333897110672,0.0424107244110142,62,"2243/3123/2244/2266/2147/6696/8673/1601/65985"
"GO:0044282","small molecule catabolic process",-1.30739814197254,0.00707030924854731,0.0424107244110142,240,"493/2166/55268/949/2820/152926/10449/2026/587/10993/123688/1962/2639/5232/1666/3712/8659/84129/3029/275/84532/1384/10157/4835/51181/1376/9370/35/56922/1891/1738/80724/3028/5095/3423/2710/1743/1374/2746/4842/2752/5019/549/5096/225/23600/217/2653/36/1757/594/54511/23475/1632/64087/3098/7915/2744/197257/5860/2806/64080/4329/27165/26275/8644/18/10455/2572/26063/2571/10247/84693/5625"
"GO:0006635","fatty acid beta-oxidation",-1.60592036818088,0.00709005749459059,0.0424523304607141,54,"2108/23417/55268/10449/1962/2639/1666/3712/84129/1384/1376/9370/35/1891/80724/3028/1374/549/225/23600/1632/10455/26063"
"GO:0002062","chondrocyte differentiation",1.71232762801447,0.00731728781435442,0.0437141966316893,29,"7045/1311/1281/871/2202/85477/1280/23516/4192"
"GO:0070848","response to growth factor",1.41378674587497,0.00732094470196686,0.0437141966316893,314,"116844/7448/1634/54829/1277/7057/3273/1278/2200/1311/8826/11117/1281/847/3371/306/64081/3690/30844/4804/1601/301/4641/1756/857/4053/8425/1280/2331/7148/858/5641/1373/11151/2730/5782/23607/5770/59/2022/6386/5371/7442/8828/199731/967/2339/409/8737/3611/3675/9775/1841/57175/10938/3315/4921/183/3688/23527/8036/3678/27250/2263/22938/2817/1284/2885/3065/53918"
"GO:0002714","positive regulation of B cell mediated immunity",1.7718634770149,0.00737055359824417,0.0438896751302853,13,"718/3263/8741/5788/2209/6778"
"GO:0002891","positive regulation of immunoglobulin mediated immune response",1.7718634770149,0.00737055359824417,0.0438896751302853,13,"718/3263/8741/5788/2209/6778"
"GO:0050680","negative regulation of epithelial cell proliferation",1.61635087177219,0.00748173910740373,0.0444907252948488,59,"350/7057/5176/348/9104/4804/567/1601/857/2810/858/2022/28984/6789/240"
"GO:0002687","positive regulation of leukocyte migration",1.61251200182163,0.00752884656312308,0.0447096072920893,61,"7057/3929/3383/3958/3690/29108/972/196527/6278/5025/728/5641/5919/199/11151/4192/5795/3965/3146/10894/102/3071/81704/23075/158747/5880"
"GO:0003299","muscle hypertrophy in response to stress",1.76379944870658,0.00763289533648676,0.0451422325009387,11,"4625/90523/4000"
"GO:0014887","cardiac muscle adaptation",1.76379944870658,0.00763289533648676,0.0451422325009387,11,"4625/90523/4000"
"GO:0014898","cardiac muscle hypertrophy in response to stress",1.76379944870658,0.00763289533648676,0.0451422325009387,11,"4625/90523/4000"
"GO:0098739","import across plasma membrane",-1.5242102005101,0.00770674452567514,0.0455169768516405,91,"6515/5534/6548/6534/777/481/477/84679/6518/6520/478/23657/6509/221074/10479/482/6507/6529/23479/57468/9152/6506"
"GO:0043588","skin development",1.59065218876519,0.00773191350414712,0.0456035822303025,97,"1277/1278/1291/1311/1475/1281/427/3488/4804/2317/301/1290/6278/23022/50509/2810/3606/8717/6789/3848/3925/1832/3857/23254/3675/7053"
"GO:0051258","protein polymerization",1.47111784818816,0.00775374780427376,0.0456703110154035,192,"2243/2244/2266/7448/6708/283/6710/822/3059/29108/3055/85477/64423/4747/5580/7408/25959/6840/10092/199/11151/23607/79585/4134/58497/89848/79778/1730/1785/5216/3925/25802/3071/2314/29766/8976/7454/8522/3093/10109/829/54820/93663/10382/29922/5296"
"GO:0002701","negative regulation of production of molecular mediator of immune response",1.73565413301503,0.00781343365229049,0.0459595060766843,14,"8288/335/383/336/5553/10859/684"
"GO:0055010","ventricular cardiac muscle tissue morphogenesis",1.74596560407651,0.00783239244775182,0.0460086814826666,18,"4625/4633/7134/5318/2022/1832/7168"
"GO:0090322","regulation of superoxide metabolic process",1.75920254494802,0.00786219222606167,0.0460986676090492,20,"1401/57126/10516/3689/3684/5580/84329/6850/2950"
"GO:0033674","positive regulation of kinase activity",1.55305952938924,0.00786895017238089,0.0460986676090492,117,"1991/3123/4057/7057/2147/2200/8826/5788/3690/972/3937/8536/5580/57103"
"GO:0071363","cellular response to growth factor stimulus",1.41924125542282,0.00792680386668461,0.0463750075273287,300,"116844/7448/1634/54829/1277/7057/3273/1278/2200/1311/8826/11117/1281/847/64081/3690/30844/4804/1601/301/4641/1756/857/4053/8425/1280/2331/7148/858/5641/1373/11151/2730/5782/23607/5770/59/2022/6386/5371/7442/8828/199731/967/2339/409/8737/3611/3675/9775/1841/57175/10938/3315/4921/183/3688/23527/8036/3678/27250/2263/22938/2817/1284/2885/3065/53918"
"GO:0045580","regulation of T cell differentiation",1.61052649776056,0.00795827674848005,0.0464339776413332,59,"3123/10875/259307/3122/5788/972/100/301/3606/4192/6850/3956/3965/3146/3071/9092/86/6605/865/64115/6522/60"
"GO:0003012","muscle system process",1.46454657295675,0.00795529388911833,0.0464339776413332,203,"4625/4633/7134/1674/4620/1264/1291/1311/4629/3488/1535/800/90523/1193/23336/100/1829/2316/1756/857/4000/7373/5318/92241/10324/5025/10539/8470/1605/7402/10398/4637/26509/2593/59/7442/1832/5592/7168/1410/10087/3162/25802/29995/29766/5224/10060/4846/6833/140465/183/8996/7871/7341/51761"
"GO:0051957","positive regulation of amino acid transport",-1.7907782520171,0.00808307265698186,0.0470988166496084,14,"5027/6812/2550/18/6529"
"GO:0015914","phospholipid transport",1.62214085810726,0.00811411767697509,0.0472163335599851,55,"335/6521/348/341/345/19/336/5360/4363/196527/5580/10577"
"GO:0007266","Rho protein signal transduction",1.57594801357707,0.00823604234549436,0.04786165973466,83,"1278/335/348/345/1281/19/4804/397/25959/50848/9138/139818/4650/3925/3675/1902/81704/30851/7454/8727/9181/3688/79567/85440/83892/6242/396/55619/11214"
"GO:0060350","endochondral bone morphogenesis",1.74032635245282,0.00828975053201878,0.0481093677265956,18,"1277/1311/1281/871/249/1280/338773"
"GO:0051651","maintenance of location in cell",1.53672234274541,0.00833238570011509,0.0482922380830435,121,"6280/6279/2147/348/5788/3710/1535/3690/1193/5777/2316/85477/1756/857/5318/6672/3099/11151/3074/5336/57158/581/5371/5330"
"GO:0034110","regulation of homotypic cell-cell adhesion",1.69572297105195,0.00838795948457029,0.0484203884607974,21,"1511/84034/11117/928/5580/50848/6850/5592/81542"
"GO:0090181","regulation of cholesterol metabolic process",1.69410909161926,0.00838795948457029,0.0484203884607974,21,"335/348/338/1066/10162/33/10613/26119"
"GO:0051646","mitochondrion localization",-1.66432715683695,0.00837380168062864,0.0484203884607974,35,"4137/84709/55288/55669/57835/10059/55156/9927/7314/221927/4976/10128/55201/85300"
"GO:0048247","lymphocyte chemotaxis",1.72496355003554,0.0084098677956548,0.0484823852602091,14,"6288"
"GO:0002418","immune response to tumor cell",1.72367691502192,0.00852915471463347,0.0491048549286789,14,"3123/3273/259307/3105/1687/3146/8751/5819"
"GO:0051146","striated muscle cell differentiation",1.47499971215893,0.00854950166090972,0.049156803589416,123,"4625/4633/1291/88/4629/3488/928/2876/4000/7373/1794/963/34/10324/8470/858/4627/10398/338773/30846/5738/2274/5592/409/7168/25802/2314/10938/29766/5239/3688/975/5339/2539/89/4666/80208/26263/10269/1147/11214/7111"
"GO:2000463","positive regulation of excitatory postsynaptic potential",-1.78680461433253,0.00859933547372703,0.0493779302796945,18,"54413/351/6804/22999/2890/152404/1742/57555/112755/2902"
"GO:0006851","mitochondrial calcium ion transmembrane transport",-1.78510274134466,0.00867535790610599,0.0496830193540977,15,"79568/27069/10367/90550/3313/6687/79085/3954/10939/286097/7416"
"GO:0008535","respiratory chain complex IV assembly",-1.78116747994417,0.00867535790610599,0.0496830193540977,15,"617/51204/389203/100131801/10063/9997/29090/91137/116228/51241/6341/28958/388753"
"GO:0032373","positive regulation of sterol transport",1.7376689223572,0.00874710901749594,0.0499621055854604,18,"335/348/1066/19/5360/857/4792/302/26119"
"GO:0032376","positive regulation of cholesterol transport",1.7376689223572,0.00874710901749594,0.0499621055854604,18,"335/348/1066/19/5360/857/4792/302/26119"
