Gene_Symbol,protein_logFC,protein_adjPval,protein_significant
PRODH,-1.75724458319356,1.58154519653983e-05,True
SAA1,8.07503603877539,1.67901070690794e-05,True
SORCS2,-1.0623765190861,5.14386463692224e-05,True
PNPLA8,-0.649780706558367,0.000106644491851413,True
BPHL,-1.07959456129646,0.000106644491851413,True
C9,4.53629548739865,0.000106644491851413,True
CFB,4.06859908829273,0.000106644491851413,True
MBLAC1,0.879781762926546,0.000166349783944966,True
ORM1,4.16645973454918,0.000216786591239999,True
TPMT,1.30166716182792,0.000219341479252543,True
ACOT11,-1.3411959223769,0.000219341479252543,True
P2RY12,-1.45979273462433,0.000331267888686245,True
ORM2,3.6701453599526,0.000419899628490375,True
D2HGDH,-1.07116462420201,0.000715466545905082,True
IGKV1D-33,1.96581339716544,0.000715466545905082,True
ITIH3,2.75179867952135,0.000715466545905082,True
LRG1,3.53382494201273,0.000717472409315262,True
RIDA,-0.89598605195901,0.000725441607588652,True
C3,2.92139396818268,0.000725441607588652,True
FGA,3.67931064938275,0.000779773894469581,True
C1QBP,-1.36206731375766,0.00111858188393425,True
HLA-DRB1,2.72333515571296,0.00111858188393425,True
CARS2,0.788957489622579,0.00115476518073568,True
C8G,2.57709927871177,0.00117215018563675,True
CRP,5.88670927404071,0.00135456751273245,True
MLST8,-0.417369062992497,0.00141376103329045,False
C6,2.75090231850771,0.00141376103329045,True
S100A9,4.70872983325355,0.00141376103329045,True
HDDC2,0.543979019609493,0.00141376103329045,False
LSP1,2.79587605436447,0.00141376103329045,True
IGHG3,3.3974807405184,0.0014245103657276,True
ACY3,-2.1955675718759,0.00144667257203745,True
PITPNC1,-0.839259631038376,0.00161099494513284,True
C8A,2.9642198438344,0.00161099494513284,True
TYMP,1.82815019864087,0.00174702637360266,True
APPL2,-0.528267835971107,0.00185132959816672,False
USO1,0.296561356256847,0.00193311803290147,False
LBP,2.36937046667968,0.00202868715802928,True
S100A8,4.70459399892481,0.00202868715802928,True
TALDO1,0.642714876814852,0.00219681854446928,True
EARS2,-0.693155335521666,0.00271498875290352,True
F9,2.12850804219165,0.00271498875290352,True
FPGT,0.95362134820768,0.00271498875290352,True
ALDH6A1,-0.72637307599646,0.00271498875290352,True
SERPINA3,3.4410139471224,0.00271498875290352,True
MMP9,2.88368666971569,0.00276097466849375,True
MCEE,-1.1108965172499,0.00276097466849375,True
PYROXD2,-1.51149667625254,0.00282627395307736,True
C1R,1.85202486558077,0.00303217631874266,True
IDH2,-0.797443689526119,0.00303217631874266,True
PPP2R2B,-0.592997047046069,0.00303725906787729,True
SAA4,2.67275980582075,0.00303725906787729,True
SERPINA1,3.24962081233505,0.00303725906787729,True
BRINP1,-0.763784048135688,0.00303725906787729,True
FOXRED1,-0.703839646257832,0.00311113514067827,True
PLIN3,1.31532462828498,0.00311113514067827,True
C1S,2.17436598096572,0.00311113514067827,True
C4BPA,3.06596912493594,0.00311113514067827,True
HP,3.00978333092618,0.00311113514067827,True
IVD,-0.636378049297067,0.0032234255348142,True
ADA,1.13648398316658,0.00330686927849181,True
MPO,4.1616139684871,0.00330686927849181,True
PENK,-1.9347329846646,0.00330686927849181,True
FGG,2.93300749254747,0.00330686927849181,True
CPN1,1.26432598972916,0.00330686927849181,True
THEM4,-0.927578497580383,0.00346442340863695,True
SPP1,1.20446555635653,0.00346442340863695,True
ITGAL,0.798617345720068,0.00359522844526793,True
MRPL1,-0.611888829084647,0.00359522844526793,True
MMUT,-0.609613557280673,0.00384579478717197,True
APCS,5.34932744348186,0.00403052819915131,True
CPM,1.30962199214811,0.00403052819915131,True
FGB,2.768234329017,0.00403052819915131,True
CFI,2.22293745129964,0.00404000823722038,True
AGK,-0.556658278528225,0.00435423525995519,False
SCD5,-0.595708508275433,0.00435423525995519,True
PIR,0.905996771891932,0.00435423525995519,True
CMPK1,0.619091483670307,0.00435423525995519,True
HPX,2.90520375369219,0.00435423525995519,True
PTPMT1,-0.594288539225432,0.00435423525995519,True
CFH,2.71990250969104,0.00441242213965959,True
ACSF3,0.639026040708242,0.00444200515302294,True
SCO1,-0.477442483191057,0.00447119397330369,False
GSTM4,-2.22551554772656,0.00448429171242258,True
PNPLA4,-0.583799635657469,0.00457964777952308,False
SERPINF2,1.94702220875784,0.0046779387420658,True
NPC1,-0.608476846199856,0.00488347320100787,True
GRAP2,0.512320285962737,0.00489634080009222,False
ASTN1,-1.02912378521937,0.00513372588678802,True
MTCH1,-0.677461953176401,0.00513372588678802,True
ACAD10,-0.525636983508099,0.0051535232482558,False
MRPL47,-0.599330133322344,0.00529459445561468,True
DECR2,-1.05296473669399,0.00579820172007045,True
PYCR2,-0.892892939115489,0.00588626069283916,True
SARS2,-0.576825561987066,0.00588626069283916,False
PRMT7,-0.545837763919904,0.00588626069283916,False
FGFR3,-0.716352170364898,0.00601783644511897,True
HLA-B,2.20361094050976,0.00606944029121767,True
OGA,-0.537668112516263,0.00606944029121767,False
RPTOR,-0.389986539585026,0.00606944029121767,False
NAGA,-0.510442365004487,0.00609015054949531,False
PITHD1,0.39577365751464,0.00609015054949531,False
MRPL24,-0.556886174357581,0.00609015054949531,False
VGF,-1.42757445438245,0.0066599504072382,True
APOH,3.05843180632568,0.00670708566676934,True
ITIH4,2.70330779100424,0.00670708566676934,True
GYS1,-0.957521242990985,0.00670708566676934,True
MTOR,-0.344291867462681,0.00670708566676934,False
AGL,-1.09437132710095,0.0067522182589861,True
ITGB8,-0.764785457342514,0.0067522182589861,True
SKIC2,0.385561030030427,0.0067522182589861,False
ALDH5A1,-0.747865786251472,0.0067522182589861,True
IGF2BP2,1.28669590047554,0.0067522182589861,True
SLC1A4,-1.04387701076657,0.0067522182589861,True
CAMP,1.79389866743248,0.00682870442646546,True
ASAP2,-0.384141528121276,0.00682870442646546,False
AKR1B1,1.06844459529844,0.00697376112500967,True
MAN2A2,0.456901361438016,0.00699144491295735,False
IGKC,2.71239666553564,0.00701546438253103,True
TOMM34,0.521797677086607,0.00702694978301951,False
IDI1,-0.658577460949671,0.00702694978301951,True
ARHGEF4,-0.632394848562202,0.00702694978301951,True
IGKV3-11,4.23203127663728,0.00702694978301951,True
CALCOCO2,0.537823987072127,0.00742749604387175,False
ASPA,1.22878342222498,0.00742749604387175,True
FBXO44,-0.523127744035602,0.00755481266230676,False
EMILIN2,2.03109006454559,0.00755481266230676,True
F10,1.28245517580098,0.00755481266230676,True
CZIB,0.797173093080612,0.00755481266230676,True
C4A,1.51893488491105,0.00755481266230676,True
SKAP2,0.717437405411568,0.00783673574215131,True
TAMM41,-0.52411307613089,0.00812414541775243,False
HSD17B8,-0.517597755035188,0.00813851328479577,False
NDUFB11,-0.769244633782082,0.00819720049077726,True
UQCC2,-0.542820326405465,0.00820385826706452,False
JAM2,-0.602265164314623,0.00831327529685504,True
PLPP3,-0.820837913849168,0.00831327529685504,True
TOMM40,-0.397945199863722,0.0083180779039146,False
NIT1,-1.12955668013264,0.0083180779039146,True
NRIP2,1.81479732749012,0.0083180779039146,True
C4BPB,1.23368680459927,0.00855257214212321,True
ANP32A,0.409679423099478,0.00866605531117457,False
LDHD,-0.595093757847532,0.00883213000585108,True
MT-ND1,-0.53313054925338,0.00883213000585108,False
HSPD1,-0.475777304084964,0.0089008126661504,False
ZC3H15,0.421088221108148,0.0089008126661504,False
HSD17B10,-0.45781346900492,0.00904296411753123,False
TMEM11,-0.506462186390504,0.00904296411753123,False
CTSG,3.74961318122089,0.00904296411753123,True
CAST,0.717702718262878,0.00908440194853303,True
C15orf40,0.602782999143039,0.00935961224365289,True
PTGR1,-0.936245297147979,0.00940370962955163,True
OPA1,-0.652055031726556,0.00979463681300052,True
VTN,3.0675129831501,0.00993218507544738,True
C5,2.34951109916056,0.0101083015053869,True
BLVRA,0.343987591973143,0.0101083015053869,False
MRPL23,-0.541290937621713,0.0102146955987488,False
TMEM63A,0.803790969480443,0.0104554836469725,True
MYORG,-0.847676476506781,0.0105367425376439,True
AHCY,0.407147625316146,0.0105422675057697,False
TMX2,-0.462895939674944,0.0106189633018731,False
GC,2.43419266917421,0.010727473345292,True
IGF1R,-0.6169486880604,0.0108332852220145,True
PRTN3,2.93088702771158,0.0110285908193328,True
ELANE,3.86917905429459,0.0110317475327086,True
NDRG2,-0.685360930510091,0.0110984955627586,True
PDCD5,0.598027860388678,0.0110984955627586,True
TMEM160,-0.727264539469848,0.0110984955627586,True
MRPL37,-0.548460610511809,0.0110984955627586,False
APRT,0.712110957925161,0.011380975401271,True
PCCA,-0.508400307451467,0.0118446647236853,False
GATD3B,-0.62674776990823,0.0118874438120487,True
NADK2,-0.577643723862543,0.0123657050807313,False
TARS2,-0.40080854892171,0.0125631783253941,False
NDUFAF7,-0.575941823938759,0.0129638017243348,False
MRPL21,-0.550819718353478,0.0130289922765213,False
GCLM,0.491466444943462,0.0130289922765213,False
CD2AP,0.47760943103534,0.0130289922765213,False
IGHA1,3.71000311671032,0.0132476031614901,True
EXOG,-0.736824085637053,0.0134580296422429,True
NDUFB6,-0.634805375220248,0.0134580296422429,True
RAB32,0.622451139466869,0.0134580296422429,True
THTPA,0.411823581659526,0.0135555757769711,False
MT-ND5,-0.644738288305416,0.0135667802721281,True
RTL8C,-0.525905032192145,0.014139203090888,False
MT-ND4,-0.603140808512496,0.0145327867677546,True
MECR,-0.575384944131729,0.0147443182774925,False
CCS,0.796923964737605,0.0148590938621671,True
UAP1L1,0.835576849043743,0.0150345069769298,True
EHD4,1.30355820917713,0.0151088278689231,True
BDH1,-0.873584392973781,0.0153840813425621,True
HMBS,1.25749744528637,0.0154716322098816,True
CYB5R2,1.60095662294235,0.0156501394597101,True
MRPL14,-0.427076632492359,0.015651678885748,False
PMP2,2.40803828732813,0.0158912693960334,True
PSMB10,0.55222291999241,0.0161379117921236,False
MRPL20,-0.471731416362624,0.0161940405043605,False
PPBP,2.40683708828451,0.0161940405043605,True
MRPL22,-0.467812128897031,0.016254848131583,False
CTNNA2,-0.823604191516916,0.016254848131583,True
NADSYN1,-0.53605353891292,0.016254848131583,False
NUDT16L1,-0.384672064677645,0.016254848131583,False
PTGR3,-0.668922633479159,0.016254848131583,True
COQ9,-0.435155846431812,0.016254848131583,False
MARCHF5,-0.377386646261336,0.0163920021166835,False
PARVG,0.823270908688845,0.0165159722170213,True
NDUFB9,-0.757121301128882,0.0165612443614227,True
ACADSB,-0.654425390092998,0.0167150966674515,True
SLIRP,-0.618227299849574,0.0167641919381871,True
UBE2K,0.426872107999756,0.0171507974505567,False
RHBDD2,-0.656518518280724,0.0172986370738477,True
TKT,0.473847686892812,0.0172986370738477,False
AFG1L,-0.425420288671186,0.0173615989702687,False
SLC3A2,-0.469003013490367,0.0174015310085651,False
OXCT1,-0.636827240775466,0.0174015310085651,True
SLC22A5,-0.316251186070831,0.0174015310085651,False
ABAT,-0.859656242401574,0.0175403574853325,True
CPN2,1.39579955177029,0.0176318058975753,True
FOCAD,0.41223579175422,0.0176318058975753,False
SELENOP,0.801073789473367,0.0176318058975753,True
ITGB2,0.811135492785354,0.0176318058975753,True
A1BG,2.03656221204476,0.0177825489051728,True
NDUFS7,-0.633940385136427,0.017947266156143,True
POLDIP2,-0.387334427219178,0.017947266156143,False
SCPEP1,0.465444431071502,0.017947266156143,False
IGHV5-51,1.24698495648277,0.017947266156143,True
BIN2,0.472412307266605,0.0179809331061669,False
SOD1,0.344891286916818,0.0180413145239085,False
A2M,1.74875364957887,0.0182274671535435,True
GAN,-0.740398026267863,0.0182274671535435,True
NDUFA11,-0.869527391030371,0.0182274671535435,True
EFR3B,-0.733113801529623,0.0182274671535435,True
MRPL41,-0.466841389665078,0.0182274671535435,False
FERMT3,1.42343468380816,0.0182274671535435,True
LARS2,-1.24251848581383,0.0182744830366813,True
BCO2,-0.597321851855954,0.0184367917796886,True
CACYBP,0.507258890491872,0.018634738802142,False
F2,2.46314140023785,0.018634738802142,True
TTYH1,-0.727806571112541,0.01880989962554,True
HLA-DRA,1.16796387172725,0.0191366059493191,True
RWDD1,0.358255610617526,0.0196061689538429,False
AK4,-0.362497868859961,0.0196061689538429,False
API5,0.445815177789378,0.019642856867851,False
CHDH,-0.645932365660547,0.019642856867851,True
TAP1,0.63929552345779,0.0197396945806905,True
GRM3,-0.828829399829166,0.0198231295779057,True
MRPL3,-0.479751369451516,0.0199215749805239,False
AHCYL1,-0.500392218184787,0.019929702494858,False
PCCB,-0.515806287383157,0.0205174957186469,False
COL28A1,4.86990011523262,0.0206138305913943,True
JCHAIN,2.1193708012361,0.0206138305913943,True
ARSB,-0.573450400666676,0.0206138305913943,False
SDR39U1,-0.916206642625163,0.0206138305913943,True
FAHD2B,-0.507756863455063,0.0206138305913943,False
CDH1,2.27295737901461,0.0206138305913943,True
EHBP1,0.696898708932526,0.0206138305913943,True
FNTB,0.744572856133466,0.0207397927071133,True
MRPL39,-0.479533261097938,0.0209123575439307,False
AMBP,2.86412363940587,0.0209123575439307,True
ALDH2,-0.552554630359719,0.0209123575439307,False
DPP7,-0.716326568520013,0.0209793048193953,True
NDUFS5,-0.701185444734618,0.0209793048193953,True
PDK3,-0.522997777861637,0.0211495438545263,False
SCAMP5,-0.808552421050318,0.0211731672303862,True
MRPL15,-0.445079446720429,0.0211731672303862,False
GMFG,0.64551624575074,0.0212734032084455,True
TRMT10C,-0.469995455883032,0.0212734032084455,False
HRG,2.62766229922497,0.021570919985545,True
PREX2,-0.60147861535583,0.021570919985545,True
MON1B,-0.350868499015886,0.021570919985545,False
ADCY2,-0.740593834005653,0.021570919985545,True
LRPPRC,-0.636697952683088,0.021570919985545,True
GPHN,-0.545229484256302,0.0221617010178159,False
NIPSNAP2,-0.470950236845162,0.0221617010178159,False
MSI2,-0.378166747803519,0.0221617010178159,False
EIF2B4,0.257517951197559,0.0221617010178159,False
SLC25A27,-0.904818756271183,0.0221617010178159,True
INF2,0.790027671546174,0.0221617010178159,True
G6PD,0.360601353675158,0.0221617010178159,False
MERTK,-0.538039565936824,0.0221617010178159,False
HSPA4,0.291328054685033,0.022334578292268,False
FLNB,1.09910784037274,0.0226018981820816,True
CTNND2,-0.796335061270545,0.0226018981820816,True
UQCC1,-0.410948427867889,0.0226018981820816,False
ERP29,0.375707232480227,0.0226569733852354,False
SNX9,0.293993701906635,0.0226569733852354,False
ACAD9,-0.48252203429336,0.0226569733852354,False
SLC4A4,-0.675381922289104,0.0227003761058287,True
IGLV3-10,1.93789834717729,0.0228391126459694,True
NDUFA10,-0.731018035767105,0.0229195752833788,True
MAOA,-0.543797193428514,0.0233305681016138,False
COPS7B,0.423649834534411,0.0235102019458601,False
NDUFS2,-0.631388540610228,0.0235986281006112,True
C1QB,1.46828353087151,0.0235986281006112,True
MARS2,-0.524405437017411,0.0235986281006112,False
ENDOD1,0.453031968950659,0.0235986281006112,False
RAI14,0.640231574374376,0.0235986281006112,True
AACS,0.716077731591508,0.0235986281006112,True
PFN1,0.485779726029138,0.0235986281006112,False
PRG4,2.35619211399847,0.0236654470522675,True
TAP2,0.675597246116238,0.0236654470522675,True
SERPINA6,1.09588911121634,0.0239826465038422,True
NDUFV1,-0.736810844676176,0.0239826465038422,True
RASSF2,0.347346142176525,0.0239826465038422,False
PTPRF,-0.415109280271883,0.0239826465038422,False
IGHV3-7,1.96664775879928,0.0239826465038422,True
NDUFB3,-0.670974014775735,0.0239826465038422,True
MRPL27,-0.459845768995656,0.0239826465038422,False
FN3K,0.382666005834915,0.0240031880106323,False
GADD45GIP1,-0.484619523997496,0.0240801518600278,False
CCDC90B,-0.382813955513358,0.0240935318749102,False
C2,1.53584184523393,0.0241108425504543,True
ACTR1B,0.411355718338212,0.02418600747268,False
IDE,0.339691587549234,0.02441877135382,False
GJA1,-0.968472642121645,0.0246734578316408,True
SERPINF1,2.64143370660326,0.0249504308495506,True
PYCARD,0.770268686419751,0.0250504336234766,True
AKR1A1,0.40733638946269,0.0250778696991743,False
CBR4,-0.562578637474957,0.0250778696991743,False
SUCLG1,-0.490634265615521,0.025303074474445,False
EPHA5,-0.597347066980412,0.025303074474445,True
FBXL17,-0.372653184395686,0.0254310652474465,False
PROS1,1.20563507893898,0.025478408426238,True
YOD1,0.596264925237049,0.0257088507522969,True
TPCN1,-0.536615230186228,0.0259578444038274,False
CD14,1.50477841313321,0.0259578444038274,True
LYZ,3.11792356777663,0.0259578444038274,True
GPR37L1,-0.767411551098223,0.026218519605134,True
MRPL45,-0.481188652528429,0.026425922279937,False
RNASE3,2.4551039746812,0.026425922279937,True
NDUFS1,-0.636804368400847,0.0264464978569283,True
HDGF,0.672027655618777,0.0264464978569283,True
CA2,0.880621173070816,0.0264464978569283,True
PI4KA,-0.536706657388976,0.0264464978569283,False
PRKAA1,0.346090483446615,0.0264464978569283,False
MT-ND2,-0.796436581546185,0.0264464978569283,True
SNAP23,0.355886271764504,0.0265793862108339,False
DDX24,0.553260507325975,0.0266903338874547,False
PDHX,-0.59551280149479,0.0266903338874547,True
NDUFB7,-0.603692265823081,0.0273435039529694,True
SAA2,1.91100195158824,0.0275884784219273,True
DNAJC5,-0.544607835233267,0.0276753435099424,False
MRPL11,-0.541428821301382,0.0277021744006019,False
GIMAP8,0.617552001192777,0.0277021744006019,True
IQGAP2,1.73202749024678,0.0277021744006019,True
CP,1.7462942082686,0.0277021744006019,True
RIGI,-0.510971646680389,0.0279533127132597,False
RABEP2,0.422207611110069,0.0279533127132597,False
CTDSP1,-0.473546266365167,0.0279533127132597,False
EIF2AK4,0.398181999891062,0.0279533127132597,False
VARS2,-0.542864762862338,0.0279533127132597,False
PRXL2A,-0.423064174268172,0.0280134290821928,False
THNSL1,-0.502174568232116,0.0280134290821928,False
IGHV4-39,1.29985410304587,0.0280134290821928,True
SORL1,-0.588530949846069,0.0280134290821928,True
ATP9A,-0.460799906896995,0.0280134290821928,False
SLC32A1,-1.49208476207609,0.028476733104485,True
TNFAIP8,0.728584246224857,0.028476733104485,True
TIMM50,-0.385923298073118,0.0288121351559284,False
RTRAF,0.326447125577207,0.0288872143052013,False
COMMD2,1.16206320386137,0.0288872143052013,True
HPF1,0.382801936711289,0.0288872143052013,False
SLC2A5,-0.724147803282119,0.0288872143052013,True
VPS13D,-0.330316749374269,0.0288872143052013,False
TTC7B,-0.512788056696058,0.0292981539225626,False
NIPSNAP3B,-1.04568508031974,0.0299361636684348,True
FAM98A,0.401415031258004,0.0299361636684348,False
ADGRL1,-0.639379484722844,0.0299361636684348,True
MRPL19,-0.448428941694284,0.0299361636684348,False
TMT1A,-0.592206245136284,0.0300619215092451,True
TUBB,0.423255248933781,0.0300619215092451,False
SERPING1,2.05277326944198,0.0300619215092451,True
PLD1,0.804815660219516,0.0300619215092451,True
EIF6,0.291688426203047,0.0300619215092451,False
PDK2,-0.458277679742327,0.0300619215092451,False
SERINC3,-0.34616919673989,0.0301479917377461,False
TCIRG1,0.476850737794838,0.0301479917377461,False
NDUFA9,-0.627056105553594,0.0302356910353883,True
NDUFB8,-0.633315957968621,0.0302948661999883,True
NDUFA6,-0.570427897964784,0.0302948661999883,False
ADSS2,0.475232108168695,0.0302948661999883,False
BRAT1,-0.509651816810451,0.0303789836328575,False
LCP1,0.733083446166438,0.0303789836328575,True
RPA3,0.359106428638283,0.030400338088687,False
SLC25A18,-0.562593324119149,0.0306587186131027,False
IFT122,-0.408581226163562,0.0306840419040683,False
HSPA1B,0.40206799134616,0.0312407385753946,False
RHOT1,-0.374127742722104,0.0312407385753946,False
KIF1C,0.464552267510703,0.0312407385753946,False
SLC4A10,-0.697480288035912,0.0312407385753946,True
HSD17B7,0.47029417026538,0.0312407385753946,False
IGHG2,2.18137923914472,0.0312407385753946,True
RARS2,-0.339689472502003,0.0312407385753946,False
PHKA1,-1.15512549659391,0.0312407385753946,True
FCGBP,1.94376882321353,0.0316463950747703,True
FDFT1,-0.716450343629719,0.0316463950747703,True
MMAB,-0.857621947525674,0.0316463950747703,True
IVNS1ABP,0.443291039682744,0.0316475208153124,False
HMGCS1,-0.862592930035609,0.0316475208153124,True
GK,-0.489397662769443,0.0316475208153124,False
C2orf88,0.707645473260293,0.0318166146117414,True
NDUFB10,-0.659724821262893,0.0318254940606783,True
CSTA,1.66859877020736,0.0319775314471863,True
TVP23C,0.423947285837035,0.0321214800111816,False
FKBP3,0.530763903185994,0.032351166423185,False
MOCS2,-0.708964239157789,0.0323922075243224,True
SPARCL1,-0.797309549999534,0.0323922075243224,True
ATP1B2,-0.768470066253546,0.0323922075243224,True
FLAD1,0.612938009889305,0.0323922075243224,True
RPA1,0.400462543935053,0.0323922075243224,False
ABCC1,0.456840751092065,0.0323922075243224,False
FLII,0.262258158108759,0.0324134095598567,False
NHEJ1,0.279680628691075,0.0325925753319747,False
COQ5,-0.398057217176415,0.0325925753319747,False
ATPAF2,-0.345664708273381,0.0326312347337139,False
C1QC,1.42812273327088,0.0326386746414463,True
ARHGEF1,0.408165967445317,0.0326386746414463,False
SLTM,0.471380340891731,0.0326386746414463,False
NDUFA12,-0.577397070490036,0.0326386746414463,False
MRPL43,-0.549954508983747,0.0326386746414463,False
RPS6KA1,0.507396901550919,0.0326386746414463,False
NF1,-0.284517323760918,0.0326386746414463,False
NAAA,0.752393936191152,0.0326628460455517,True
RRBP1,0.755035276692482,0.0326628460455517,True
SPAG9,0.35178543339817,0.0330791222670783,False
CC2D1B,0.557000192262668,0.0330791222670783,False
FSCN1,0.512445383618637,0.0331219117435141,False
ATIC,0.636651284944747,0.0331219117435141,True
PSME1,0.567055932997489,0.0336046185831785,False
TRIM32,-0.408018772679455,0.0337579275218831,False
RPA2,0.376757608069413,0.0339409849854986,False
DMAC2L,-0.653724429617119,0.034298267433837,True
KNG1,2.25115117264158,0.034904583492974,True
SCRN3,0.751909216721039,0.034904583492974,True
QRSL1,-0.30345040083883,0.034904583492974,False
ELMOD1,-0.74165857283681,0.034904583492974,True
NNT,-0.490612755204943,0.034904583492974,False
MT-ND3,-0.544108636839677,0.034904583492974,False
PPP1R10,0.330996583704697,0.034904583492974,False
PLG,2.10497246030824,0.034904583492974,True
PRDX2,0.506845426942924,0.0356286076948302,False
TIGAR,0.43462907638065,0.0357953044857873,False
PLEK,0.888121505822451,0.0359928320325293,True
C2orf76,0.469240840913218,0.0359928320325293,False
STK4,0.28877035651707,0.0359928320325293,False
MTHFR,0.464346036091627,0.036011585108103,False
KLKB1,1.42428070470082,0.0360749620772819,True
MRPL40,-0.371014709367672,0.0367672209029168,False
MCCC1,-0.426439975675223,0.0367674692528354,False
TEFM,-0.25519338532075,0.0368437770590942,False
SVIP,1.87061480812542,0.0368437770590942,True
NUDT2,-0.649331160272148,0.0368896033232072,True
ABR,-0.492568353508045,0.0369062209531216,False
TMEM65,-0.529473112404032,0.0369062209531216,False
DHRS1,-1.1150005399872,0.0369062209531216,True
BZW2,0.335894074686218,0.0369062209531216,False
NCKAP1,-0.31506281085143,0.0371289458618429,False
MRPL48,-0.415298317240311,0.0371289458618429,False
CFDP1,0.491502051641634,0.0374171250715432,False
TNFSF13,0.951603749971445,0.0377873195640533,True
HSDL2,-0.393397122619811,0.0380413672627571,False
ASTN2,-0.492031669515718,0.038057206808706,False
KIF13B,0.767188178810217,0.038057206808706,True
APOB,1.9768668275939,0.038057206808706,True
NT5DC3,-0.724157761863948,0.038057206808706,True
NDRG1,0.793955957278026,0.038128319491367,True
ZNF326,0.56384310366305,0.038128319491367,False
NDUFS3,-0.550004801405395,0.038128319491367,False
MRPL55,-0.438401290043253,0.0382617916946796,False
PRUNE1,0.356517354175917,0.0385178351930415,False
RANGAP1,0.410801030051575,0.0386196990382693,False
STAB1,1.15208495486755,0.0387836249380782,True
SERF2,0.745910703404577,0.0391527890246399,True
USP11,-0.506542249532707,0.0391527890246399,False
MROH1,-0.479269433427602,0.0391527890246399,False
EXD2,0.339087156681765,0.0391527890246399,False
BUB3,0.341503333641462,0.0391527890246399,False
OCIAD2,-0.916435975726797,0.0391527890246399,True
SDHC,-0.472132191448695,0.0393914494651651,False
ADCYAP1R1,-0.722435430048455,0.0397585854817898,True
MSRB2,-0.508622402360146,0.0399572969369251,False
CCDC25,0.423543263580697,0.0400959099674725,False
GABARAP,0.41394913132965,0.0401610305882179,False
MFN2,-0.383048380952225,0.0402159542257202,False
NUTF2,0.530255032413846,0.0407280777081653,False
ENPP6,0.811756392728491,0.0407280777081653,True
PLXDC2,0.802627327163531,0.0409150159012854,True
NDE1,0.615455736050946,0.0409519641661855,True
SNX18,0.503694689980295,0.0409710598620118,False
PHKB,-0.708639450050924,0.0415315424979142,True
BPGM,1.13545643585067,0.0415315424979142,True
GRIA4,-0.634815266071224,0.0419758305276998,True
MYBBP1A,0.376358979507097,0.0421858261010684,False
YLPM1,0.397515062602617,0.0422860618247942,False
SUOX,-0.422288315350018,0.0422860618247942,False
PEPD,-0.449501309481423,0.0423046470069832,False
ACSM5,-0.925368767749803,0.0425948160771698,True
SLC30A1,-0.368139774200381,0.0425948160771698,False
TUFM,-0.393503052052825,0.0426070335813618,False
CASKIN2,0.32447366956522,0.0428549373067913,False
VPS35,-0.235107761040242,0.0428779017260724,False
NECAP2,0.41331500646468,0.043479201514065,False
HIBCH,-0.861119773108818,0.043479201514065,True
RNF34,-0.336818612664974,0.043479201514065,False
C2CD2,0.51062766526465,0.0436164046412781,False
RNF181,-0.375252820713022,0.0436164046412781,False
DAGLB,-0.361771049364221,0.0436164046412781,False
MTDH,0.450849546583985,0.0439949745657354,False
ACSL1,0.585127109565498,0.0439949745657354,True
AKR1C3,-0.761677184956527,0.0442187813708092,True
HEPACAM,-0.967303810029428,0.0442269424928804,True
OSTF1,0.457794464666021,0.0442269424928804,False
NEK1,0.547983482515548,0.0442486654180658,False
GAD2,-1.41102032597542,0.0442486654180658,True
ATCAY,-1.08199014609896,0.0442937361865673,True
ARG1,1.50611661759143,0.0442937361865673,True
L3HYPDH,0.628579703174076,0.0442937361865673,True
KALRN,-0.628629139713539,0.0443752306333918,True
RPAP3,0.349612481858237,0.0443909293422181,False
FKBP8,-0.363934735840591,0.0448245977203168,False
SMARCE1,0.446116928040651,0.0448245977203168,False
NPL,1.08900595443645,0.0450594252931213,True
SLC14A1,-1.44422565479226,0.0451307763936,True
ITPK1,0.272013353030015,0.0451668906447597,False
MRPL58,-0.376858760223122,0.0451668906447597,False
GLS2,-0.627856820898195,0.0451668906447597,True
TRIM9,-0.610295345660978,0.04533108644578,True
PPT1,-0.754078945903492,0.0454009374727013,True
ECI1,-0.47561396903024,0.0455057353346818,False
GDAP1,-0.552945954546866,0.0456466809748734,False
TTC39C,0.531102831172186,0.0458424325251371,False
MRPS9,-0.354364695187003,0.0458830406265213,False
PRX,5.8322256996399,0.0460321644956992,True
SERPINC1,2.29860051676265,0.0463920283179635,True
NDUFV2,-0.569566354864063,0.0464289218651811,False
SLC25A6,-0.526904061889004,0.0464305145447059,False
DGKB,-0.821530823099031,0.0464305145447059,True
CRAT,-0.41239409529239,0.0468374478987592,False
CYRIA,-0.412262751378895,0.0470008343752064,False
IGHV1-69,1.01136580187358,0.047062649068382,True
CORO7,0.333666761435078,0.047062649068382,False
UBL3,0.683308592683469,0.0472582123841521,True
PTPRC,0.670000145730102,0.0473231035710601,True
ARHGEF10,0.572160135431213,0.0473231035710601,False
RTCB,0.274409510603734,0.0473231035710601,False
MRPL49,-0.432971926886259,0.0473231035710601,False
PARL,-0.406369704363175,0.047451889246036,False
CYFIP2,-0.304213800693111,0.0475779964977241,False
RCCD1,0.282147923624066,0.0476395253303053,False
ITIH1,1.85025415977477,0.0477956614581869,True
ATP6V1G1,0.413619331551057,0.0478373511881783,False
DPY19L1,0.497768756495121,0.0478601276628285,False
MCL1,-0.404478620170487,0.0478792365746064,False
LETM1,-0.496984929624618,0.0484791450048809,False
CD163,1.88600749155873,0.0485071335322683,True
ITIH2,1.90510427448124,0.0487918059629186,True
PHAF1,-0.351301373686467,0.0487918059629186,False
ZFYVE19,0.517714160102818,0.0487918059629186,False
SLC5A6,-0.292110756931272,0.0488620062132344,False
SLC4A5,-0.332597525605236,0.0491252260977494,False
EBNA1BP2,0.540351719793013,0.0491252260977494,False
OSGEPL1,-0.550017061039244,0.0491499701439122,False
TTC19,-0.595276741621038,0.0491499701439122,True
RBM22,0.29938080879396,0.0496870288545842,False
NAA50,0.250532833104611,0.0496870288545842,False
SEMA4B,-0.565299800576613,0.0497121500110105,False
DTX3,-0.510493547319051,0.0499282429854613,False
LONP1,-0.381754035034872,0.0499790543268451,False
COQ3,-0.446266300607911,0.0499790543268451,False
MTSS2,-0.480522013520245,0.0503542167923745,False
USP26,0.667407163231438,0.0504511667795996,False
PPIA,0.298813185055343,0.0508249517694766,False
OPLAH,-0.661277362233037,0.0508688580847841,False
PRKAB2,0.520467871949569,0.0508688580847841,False
ATP2B4,-0.410643372241166,0.0508688580847841,False
EHD1,0.455748972208214,0.0508688580847841,False
UGT8,0.849313876963091,0.0508688580847841,False
CDH2,-0.616674046309296,0.0508688580847841,False
NDUFB5,-0.560944368485403,0.0513141867226177,False
GATB,-0.349817475490349,0.0513480154402169,False
MRPL17,-0.4147607563524,0.0513494611105047,False
GRIA2,-0.953756713029637,0.0519092787469472,False
GARS1,0.319390782742568,0.052198233851945,False
THUMPD1,0.483994936517984,0.0526010663585415,False
SCAMP1,-0.612787848794982,0.0530882678943197,False
SHISA6,-0.455740226454648,0.0538036564136451,False
ECI2,-0.935490061481037,0.0538078652625775,False
THBS1,2.47649328010864,0.0538738655121007,False
NDUFS8,-0.498525271969273,0.0540906851237689,False
AKAP8L,0.334183471653377,0.0542607679066734,False
HLA-C,2.19717408125903,0.0542607679066734,False
WDR35,-0.348993560001519,0.0542607679066734,False
TM7SF2,-0.307452711525361,0.0542607679066734,False
ELAPOR2,-0.494558512155375,0.0543541390628725,False
PAK2,0.280851792956014,0.0545621362979814,False
TRA2A,0.445984385752387,0.0553624073062209,False
CLIC2,1.02597653438972,0.0553719414123515,False
MPP1,0.528110394898835,0.0555047211907203,False
PRKAG1,0.233984818541909,0.0555844986266036,False
IGHV4-28,1.4459405679261499,0.0555844986266036,False
GBA2,-0.389967078907075,0.0555844986266036,False
EMC8,-0.273310100333198,0.0555844986266036,False
HIF1AN,0.424849706843831,0.0555844986266036,False
FNTA,0.495560082980589,0.0555844986266036,False
ENTPD3,-0.503931294927618,0.0556418828747496,False
EPB41,1.24502383589909,0.0556418828747496,False
SYT7,-0.88834136472351,0.0556418828747496,False
HABP2,0.811983843586284,0.0556418828747496,False
MRPL46,-0.375657788993095,0.0556418828747496,False
TDRKH,-0.421786942697471,0.0557929469134743,False
TXN2,-0.38741314153912,0.0560850040325815,False
ICAM1,1.16799295946168,0.0561499081258633,False
GSTZ1,1.46209632967343,0.0574837818016831,False
PSME2,0.530938032925215,0.0574837818016831,False
RPH3A,-1.09389873536843,0.0575564316338546,False
LGALS1,0.563942792052439,0.0578313557373115,False
MFSD11,-0.287418967394395,0.058125867255993,False
NEFM,0.891953467007532,0.0581412206944829,False
PSMC4,0.214082230972743,0.0582218868346166,False
NDUFA7,-0.572012349537387,0.0587039632096886,False
TMEM163,-0.973478622739699,0.0587039632096886,False
DNM2,0.462929403982757,0.0588289564758725,False
TFAM,-0.346684211631127,0.0590206000909953,False
MPZ,6.22683964412018,0.0591656954109586,False
COL5A3,0.793891819909402,0.0592363979371191,False
CLMN,0.45238242004519,0.0592363979371191,False
EIF2B5,0.204484464626201,0.05926357514668,False
AHNAK2,1.00818642889371,0.05926357514668,False
PACSIN2,0.310237787926996,0.0593747458972262,False
ADGRL3,-0.459776890802591,0.0596770377738606,False
KCTD10,0.252525299922871,0.0599148098349613,False
RBM26,0.36340029831113,0.0599153490641224,False
MIGA1,-0.362850651525624,0.0599153490641224,False
VPS52,-0.28126571663979,0.0599153490641224,False
S100A4,1.74061383160462,0.0599429941712559,False
EPB41L2,0.659929219974435,0.0599429941712559,False
NANS,0.234051483128756,0.0599429941712559,False
PABPC1,0.261092235613059,0.0604099251590857,False
ITGAX,0.720316929351149,0.0604099251590857,False
TSC22D4,0.664665866748454,0.0604099251590857,False
COQ7,-0.377135110534589,0.060628840250055,False
SERPINA5,1.32086862818554,0.0608009254902553,False
ADI1,-0.655249264865821,0.0608009254902553,False
STOML2,-0.279389392551394,0.0608326436180385,False
CUL7,-0.355139899648998,0.0612117675792579,False
PRDX5,-0.387730225032108,0.0612410683862621,False
CNTN1,-0.420958625670119,0.0614724066168445,False
GTF2F2,0.488662914450851,0.0615311670210399,False
EDF1,0.404957474824668,0.0621425631165503,False
ILVBL,0.304837731994265,0.0621425631165503,False
ERBB4,-0.477315697774406,0.0621425631165503,False
COG7,-0.24407279223842,0.0621821340785159,False
ERMP1,0.390055727826859,0.0628139413430216,False
PDXDC1,0.252003131497686,0.0628297781565572,False
CALM3,0.314509209456471,0.0628297781565572,False
NGFR,1.09363938547374,0.0628297781565572,False
GLIPR2,0.992314655947764,0.0632121914884879,False
PLPP2,-0.323570505401547,0.0632289092998382,False
USP40,-0.443841630014882,0.0633340845078592,False
ACYP1,0.468018288167308,0.0636710845255276,False
CAP1,0.292510484877653,0.0638062590333402,False
ECSIT,-0.608136323679764,0.0638062590333402,False
NIPSNAP3A,-0.3436377734498,0.0639172421695644,False
MTX1,-0.306744588363967,0.0639172421695644,False
DRP2,2.74889093333691,0.0641627998111294,False
PSMF1,0.421308414974499,0.0641627998111294,False
ANXA3,1.51446492599306,0.0641627998111294,False
NDUFAF1,-0.655354849114994,0.0641627998111294,False
LUC7L3,0.27677064114025,0.0641627998111294,False
PUS1,-0.370367503879599,0.0641627998111294,False
GRK2,-0.359629206291746,0.0641627998111294,False
SLC25A17,-0.344077516696225,0.0641627998111294,False
GOLGA7B,-0.447799547808609,0.0641627998111294,False
HSPE1,-0.354136311653999,0.0641627998111294,False
ZC3H4,0.484152730463071,0.0643299361442969,False
DNAJC8,0.592201682858102,0.0643328313148859,False
GRAMD1C,-0.356821846342187,0.0645348614017105,False
NDUFS4,-0.528113322656219,0.0645660431869671,False
BTN3A3,0.515648516659247,0.0648033644130548,False
SLC25A23,-0.398081479290944,0.0652903779683919,False
NDUFS6,-0.57505113781896,0.0656269473973898,False
PDK1,-0.383723261038121,0.0657717263286545,False
VANGL2,-0.374194280640401,0.065806611539772,False
ALDH3B1,0.941489863129087,0.065806611539772,False
SAFB,0.524890144781196,0.0658282647963466,False
SLC25A36,-0.47836519722218,0.0658667353724112,False
RBKS,-0.655465187799608,0.0658719553614785,False
SPTA1,2.18893548733381,0.0663634744603362,False
LYAR,0.493713549420682,0.0663634744603362,False
SLC22A17,-0.41730975822864,0.0665279494598037,False
PLTP,0.845003635617284,0.0665279494598037,False
NDUFC2,-0.554841321769064,0.0665279494598037,False
IL4I1,0.989414756282906,0.0665936224920696,False
NSUN4,-0.339506118928492,0.0669091217866256,False
ANKRD44,-0.297933275573429,0.0669091217866256,False
SLC6A17,-1.03037229519441,0.0669266057218884,False
TRIM47,-0.47619205750782,0.0669508252816604,False
MRPS17,-0.400731557364678,0.0674782820817924,False
MYL2,2.67438347761348,0.0674782820817924,False
SLC1A3,-0.773260053522451,0.0677067414378694,False
HDHD5,-0.477128061229989,0.0677067414378694,False
GCDH,-0.480592232379998,0.0678271817417997,False
IMPA1,-0.393500517308608,0.0684657903497432,False
EEF2,0.211489005077576,0.0688137036608894,False
SLC12A2,0.62107080192477,0.0689091353654723,False
GPM6B,-0.501568260311647,0.0695594433725463,False
AHSG,2.00218762156051,0.0695594433725463,False
ABHD11,-0.579310972181059,0.0695594433725463,False
CDC37,0.267953686378799,0.069723340146374,False
AQP4,-0.600262368893397,0.069723340146374,False
TSC2,-0.295911673589869,0.0702184151423604,False
NDUFA8,-0.621809572746836,0.0707010786931136,False
MRPS2,-0.251561207356642,0.0707010786931136,False
GAD1,-1.16770366041233,0.0707577547490976,False
SACM1L,0.235937980787202,0.0707577547490976,False
DLD,-0.423009258802885,0.0708551868432524,False
GRID1,-0.452223074101086,0.0708551868432524,False
NSMF,-0.355453281659766,0.0708551868432524,False
PLEKHM2,-0.387731274107654,0.0711892953513296,False
ZMYND8,0.291749886935975,0.0711892953513296,False
TFRC,-0.538846593087296,0.0711892953513296,False
PKLR,0.732518105517098,0.0711892953513296,False
SYNE1,-0.334590572410548,0.0712442741701783,False
HLA-A,1.23900144719236,0.0713154821343974,False
IGKV3-20,0.958850821441088,0.0715230274352713,False
SKIC8,0.220246897025643,0.0715230274352713,False
GAPVD1,0.220279958052128,0.0717880080519042,False
SLC25A4,-0.637789366153234,0.0717880080519042,False
CCDC124,0.535661844005224,0.0717880080519042,False
ISCU,-0.671392550994359,0.0717880080519042,False
RAB20,0.728157292510142,0.0717880080519042,False
LMBRD2,-0.535035524148316,0.0717880080519042,False
RPLP2,0.354420407763486,0.0717880080519042,False
UNG,-0.274457121054288,0.0722355957490397,False
BCAS1,0.867798431744538,0.0722355957490397,False
MTHFD1L,-0.391187184599836,0.0722355957490397,False
MSH2,0.276968276531692,0.0722355957490397,False
APH1B,-0.288572098299944,0.073029091193134,False
CLPTM1,-0.256382727407757,0.0733502070516522,False
GABRG2,-1.1561281895737,0.0733502070516522,False
VASP,0.578550434754126,0.0733502070516522,False
PLPP4,-0.606627769717602,0.0738063743857901,False
FIBP,-0.313320517590737,0.0740994481013161,False
LRRFIP1,0.504648866470896,0.0743627667471462,False
HSP90AA1,0.287758334778779,0.0744957761725897,False
MME,3.08315543083095,0.0745076548730218,False
CNTF,1.07477320806596,0.0745234701733215,False
HNRNPF,0.430074773571425,0.0745234701733215,False
ZNFX1,-0.36667565666976,0.0746980265533153,False
ACSS3,-0.502153958856653,0.0747822581610063,False
DHX15,0.346021507470144,0.0748641164467782,False
ATP1A2,-0.42122506743374,0.0748641164467782,False
SLC4A1,2.15258559110962,0.0748641164467782,False
SV2A,-1.22813120091876,0.0748641164467782,False
RNASEL,-0.891530142100412,0.0753369649884555,False
ACAD11,-0.415119200519059,0.0753369649884555,False
TOMM70,-0.507405978873937,0.075775244600794,False
TNC,1.19588279333088,0.0757835550617085,False
MRPL13,-0.399756153958496,0.0757835550617085,False
SIRT3,-0.477252949077194,0.0761198626593544,False
NTRK2,-0.632531376446694,0.0764004515288016,False
CA1,2.06706498006204,0.0764004515288016,False
FAS,0.838693467074346,0.0768501303465805,False
NIPSNAP1,-0.581337868253629,0.077343738339879,False
B2M,0.812768537288543,0.0774217380960416,False
HMGCLL1,-0.553779147768427,0.0774904577796859,False
TMEM70,-0.385428737219908,0.0774904577796859,False
IGSF11,-0.322029630519658,0.0774904577796859,False
SERINC1,-0.327744515829936,0.0775679025521907,False
TIAM2,0.909065540853633,0.0787922761553669,False
HYCC2,-0.684187155238521,0.0787922761553669,False
IQGAP1,0.808904469928175,0.0787922761553669,False
CYBB,0.743776291811105,0.0788034091708688,False
MRC2,0.761938864034041,0.0793288347181459,False
GJB6,-0.799714088715938,0.0797409752742035,False
POGZ,0.376806241754276,0.0801161034039276,False
CDKN2AIP,0.424995583358157,0.0801161034039276,False
RIPOR1,0.203125813135417,0.0801161034039276,False
WDR7,-0.429620571881317,0.0801161034039276,False
ASAH1,0.699760279264641,0.0801161034039276,False
CPSF1,0.261577915208681,0.0801161034039276,False
RIMBP2,-0.522571056074755,0.0801161034039276,False
PAM,-0.861904562114473,0.080296267642702,False
BCHE,0.565995712315489,0.0810365245303586,False
CPSF6,0.380717976018506,0.0810365245303586,False
GJC3,1.57586659575949,0.0812512996754743,False
MTAP,-0.324274854558167,0.0814818082392807,False
FASTKD2,-0.397859135368748,0.0816476074919803,False
REEP3,0.336142017597009,0.0816476074919803,False
SDC2,0.749801550218848,0.0816476074919803,False
ACADM,0.547200467420575,0.0817107881381927,False
HAGH,-0.29438401779187,0.0820769423577608,False
THRAP3,0.43191960672829,0.0822651158192966,False
ITPRID2,0.691358173333617,0.0822651158192966,False
CAPG,0.721478204997451,0.0824046183060361,False
RBM39,0.330701727391654,0.0824046183060361,False
SLC6A1,-0.75478758625276,0.0825455927278891,False
ANK1,1.47338270458299,0.0825455927278891,False
EIF2A,0.267616589190355,0.0825455927278891,False
ELOVL7,0.349583907809144,0.0826672834613767,False
SWAP70,0.407160760772637,0.0828110981215275,False
SLC39A12,-0.917129530046196,0.0828110981215275,False
MTRF1L,-0.506151734126023,0.0828110981215275,False
CD9,1.18182933052165,0.082948874480272,False
CMTM5,0.66485405393289,0.0837097946044986,False
JMJD7,0.487453100486263,0.0840056543847542,False
PHKG1,-0.715233576251889,0.0840056543847542,False
HSCB,-0.244058170871123,0.0841584601810684,False
ALG5,0.332754167631657,0.084453447697377,False
FBLN1,2.46881725462749,0.084563619639991,False
IGLC2,1.75613266791665,0.084563619639991,False
AMACR,-0.544456658849105,0.084563619639991,False
SERPINE2,-0.609536822192551,0.084563619639991,False
TLR7,1.72210849629539,0.0845682882117851,False
GSTP1,0.531348838566288,0.0849180299206931,False
LCN2,1.48050983077114,0.085019423700348,False
RCSD1,0.438495612515839,0.0852304242597405,False
MRPL33,-0.348494002984555,0.0852304242597405,False
MGLL,0.923456748998372,0.0852304242597405,False
PAPOLA,0.31939357021192,0.0852304242597405,False
USP25,0.295646869533089,0.0852304242597405,False
DOCK8,0.48360130296916,0.0852940954720372,False
KAT8,0.285072679989952,0.0852940954720372,False
TSPAN7,-0.725805316774236,0.0852940954720372,False
MRPL16,-0.310759158868857,0.0854873770592593,False
ANXA6,0.285520528796908,0.0854873770592593,False
HSPA8,0.236245228083408,0.0859992329813961,False
DPP8,-0.348557590968067,0.0861205370590929,False
RAD23A,0.410960824409319,0.0861549698534249,False
PPP2R5C,-0.385075622789747,0.0861549698534249,False
MARCKSL1,0.689899941406519,0.0861549698534249,False
PGAP1,-0.490411087335715,0.0862032149562988,False
DUSP15,0.858278736516352,0.0862718688813277,False
CACNA2D3,-0.684020812050254,0.0862718688813277,False
DHX9,0.315910206992328,0.0862718688813277,False
ITFG1,-0.327322754858407,0.0862718688813277,False
FBLN5,1.75552983289877,0.0864550345002396,False
FAM50A,0.304383215625072,0.0864550345002396,False
MRPS7,-0.375095226977626,0.0864550345002396,False
IMMT,-0.32613105810514,0.0864550345002396,False
VDAC3,-0.501629025955914,0.0866351618352599,False
FTL,0.613325540392649,0.0866351618352599,False
LPL,2.06108066594635,0.0866351618352599,False
IDH3G,-0.481040976990206,0.0866351618352599,False
SCAI,-0.703123091976884,0.0868316098283036,False
COA7,-0.673435943610062,0.0879677332881199,False
OSBPL11,0.503231726327508,0.0882340382148313,False
NMT1,0.217490077810782,0.0883546926827443,False
NFASC,-0.461266607585911,0.0884376040264135,False
FRMPD3,-0.326721265579627,0.0884801829845019,False
FRY,-0.276211187871546,0.0886360182964434,False
PLSCR4,-0.515737070508431,0.0886762383808953,False
TMED8,-0.276043400446117,0.0886762383808953,False
TXNL1,0.307555444799087,0.0886762383808953,False
VWA8,-0.458077313472858,0.0886762383808953,False
APOM,1.24403726244208,0.0887474625078994,False
TNNC1,1.31199714591445,0.0887681363303823,False
KCNIP3,-0.488861919957063,0.0891926689120489,False
TMEM63B,-0.321291128804292,0.089299730499148,False
NPM1,0.412927776509882,0.0893664722181449,False
F13A1,1.43422113407654,0.0893664722181449,False
GNAL,-0.666218710239106,0.0893664722181449,False
ADPGK,-0.417495444583527,0.0894190695686725,False
FAIM,0.495177024139446,0.089482452476164,False
HBB,1.85555095052155,0.0898501594117382,False
ARL1,0.320244193555649,0.0900257947970917,False
CSNK2A1,-0.169967121660703,0.0900275433000715,False
ATP6V0A1,-0.793010236452636,0.0906592923167811,False
NEFL,0.892973731597268,0.0906592923167811,False
GBE1,0.320061297289792,0.090671790737318,False
YARS2,-0.301169733083918,0.0906811378500342,False
ANG,1.53863536360104,0.0906811378500342,False
EPB42,1.89008073104861,0.0906811378500342,False
AKAP12,0.579183795394286,0.0910342363187886,False
NEFH,1.04033938567089,0.0918629889875296,False
ARHGEF40,0.288023056861968,0.0918629889875296,False
CAMLG,0.26980268445269,0.0918936291484785,False
MAP1A,0.557508805922486,0.0922209795540308,False
KCNN2,-0.522713268877801,0.0923116847319481,False
MICU1,-0.325056464757399,0.0923116847319481,False
PSMC1,0.199903201824602,0.0923116847319481,False
H1-5,1.09117652902483,0.0923116847319481,False
NDUFAF5,-0.44713419423094,0.0924791634951733,False
APEH,0.266251697963698,0.0924791634951733,False
RBM4,0.26586550076212,0.0924791634951733,False
DDRGK1,0.304965771496775,0.0925254442483296,False
NPTN,-0.483082570057812,0.0925254442483296,False
PTPDC1,0.520365861665955,0.0925254442483296,False
MICALL1,0.67657074999774,0.0925254442483296,False
ITPR3,1.83604194089055,0.0925254442483296,False
LTF,2.06472893426209,0.0925254442483296,False
DPP6,-0.672503569229971,0.0931338862720482,False
PGD,0.364295428181542,0.0931338862720482,False
GABBR1,-0.792450498345921,0.0931338862720482,False
WASH2P,0.360111033429398,0.0931338862720482,False
GLA,0.255506142936452,0.0931338862720482,False
PSMB8,0.465797312523213,0.0931338862720482,False
ETFA,-0.294195574058209,0.0931338862720482,False
HK1,-0.566240377045247,0.0931338862720482,False
FECH,-0.402399127346531,0.0933437778981696,False
DCPS,0.470181036428098,0.0933437778981696,False
TRAP1,0.531133869432994,0.0935406397295665,False
MMP2,0.896807856234442,0.093575166726277,False
FRYL,0.3039992739214,0.0938882820316408,False
RCC1,0.479441919921754,0.0939193314261331,False
MRPL9,-0.474685220564703,0.0939848045404657,False
SCIN,0.848264010264314,0.0944366643378771,False
MYH14,0.357638505228708,0.0946043587395012,False
ATAD3A,-0.220895619310268,0.0946406841303919,False
IGKV3D-7,0.726510998832291,0.0948571687416234,False
MRPL38,-0.572350580668049,0.0958900127355374,False
NLGN2,-0.553965801608629,0.0960699465401351,False
IGHV5-10-1,1.01872338603682,0.0962324147973978,False
SLC17A6,-0.868194217423255,0.0963179271594535,False
MGST3,-0.424254423963411,0.0969464313107127,False
AZGP1,1.57861127625036,0.0969464313107127,False
PLOD3,0.475952125387656,0.0969464313107127,False
ISCA1,-0.404175311200405,0.0969464313107127,False
DTYMK,0.368095923557686,0.0975332515664051,False
ITPA,-0.713318934765426,0.0975332515664051,False
CLIP4,-0.322672147478444,0.0975332515664051,False
SLC13A5,-0.821320884205759,0.0981966300398084,False
EIF5B,0.21552760316524,0.0981984340873948,False
NKIRAS1,-0.331311212902377,0.0981984340873948,False
SLC18B1,-0.359099335935237,0.0981984340873948,False
APEX1,0.398010677476456,0.0981984340873948,False
SYP,-0.834572182914135,0.0981984340873948,False
TSPAN8,1.16294056347357,0.0981984340873948,False
ACSS1,-0.445393494425719,0.0981984340873948,False
SYNGR3,-0.925105337574518,0.0981984340873948,False
FUNDC2,-0.323841453185304,0.0983878718530032,False
RAB15,-0.698357454370201,0.0983878718530032,False
CSTB,0.667152492984894,0.0983878718530032,False
DOCK4,-0.4003105697913,0.0984471504932831,False
SPTB,1.55741580682718,0.0984471504932831,False
ENGASE,-0.342556183933037,0.0984471504932831,False
EPM2A,-0.622206558732682,0.0986532719723311,False
PADI2,0.499829848093716,0.0987859569630079,False
NASP,0.459759103239138,0.0988638737594762,False
HSPB6,0.710228720614204,0.0989388747230483,False
ANK2,-0.445677144849094,0.0989388747230483,False
SUPV3L1,-0.286612143687361,0.0992124476341078,False
SLC25A22,-0.697835145894279,0.0992956393799069,False
MYO9B,0.411049002208983,0.0997393214796934,False
SPRED2,-0.387505888619751,0.0997393214796934,False
GRIN1,-1.20866813874651,0.0997393214796934,False
APOBR,0.751490726786848,0.099977016599401,False
WDR47,-0.466827424464668,0.100215002236539,False
MRPS11,-0.266912529785854,0.100215002236539,False
COX7C,-0.852353124887006,0.100649790437266,False
GALNT7,0.387892104358287,0.101269294491791,False
CYBA,1.10678959978315,0.101348710236483,False
PLEKHA4,1.32881003039167,0.101363347130985,False
RGS10,-0.522162273233867,0.101388325665938,False
CA3,2.26354001476014,0.101486070133647,False
PACS2,0.415108896598758,0.101600944788459,False
ADCK1,-0.406819193940241,0.101733312727031,False
SAFB2,0.472661111853969,0.101733312727031,False
CASTOR2,-0.34515448136585,0.101733312727031,False
MYCBP,0.324392040168436,0.101733312727031,False
APOE,1.03472802530852,0.101861590025762,False
XPO4,-0.235227034193999,0.102346428599207,False
OGDH,-0.413288588183631,0.102472064803675,False
FAM234B,-0.509116594993653,0.102472064803675,False
TAX1BP3,0.575701645057928,0.102472064803675,False
TRPM3,-0.669768517886192,0.102472064803675,False
GPX1,0.443022634995486,0.102472064803675,False
FAHD1,-0.332468555847022,0.102472064803675,False
AK5,-0.456526732930921,0.102538806469524,False
GRIA3,-0.632548863112355,0.102604632577032,False
NXF1,0.325640285857047,0.102660288458519,False
SIL1,-0.28205670697699,0.102660288458519,False
FCGR2A,0.812862620588706,0.102660288458519,False
SV2B,-1.10490109931408,0.102995689557989,False
L2HGDH,-0.33575602135747,0.103083525125701,False
CLPX,-0.226130671421195,0.103083525125701,False
MDH2,-0.46369633359531,0.103159642848857,False
ATAD3B,-0.238584996147874,0.103323166423609,False
ISLR,0.875939786565408,0.103323166423609,False
TP53BP2,-0.427189488350834,0.103323166423609,False
CUL5,0.176200858567038,0.103323166423609,False
FASTKD5,-0.347184396193764,0.103323166423609,False
HACE1,-0.30803310670953,0.103392287246661,False
AP5B1,-0.302964761983167,0.1034781886743,False
KCND2,-0.586734257230634,0.1034781886743,False
ARHGAP26,-0.354620305676855,0.103504299592941,False
DRG1,0.279417635714257,0.103777171245686,False
THNSL2,1.14406325077796,0.103777171245686,False
CD74,0.7520399182122,0.103879202367679,False
CAT,1.24280285875117,0.104209879346825,False
HCCS,-0.398360370753694,0.104305358243029,False
HLTF,-0.382924928338121,0.104647715371238,False
DMD,1.15648257909488,0.10465301840597,False
NAT14,-0.267107197949012,0.10465301840597,False
CWF19L1,0.24193246901506,0.10465301840597,False
FYCO1,0.484962736571228,0.10465301840597,False
BCS1L,-0.21040887527986,0.105157157554927,False
DAG1,0.94794381897078,0.105344571583059,False
LMNA,1.15826774668004,0.105394100682812,False
ATP6V0D1,-0.683481353752478,0.1056740621627,False
ISCA2,-0.308520280008707,0.105810124339845,False
PREX1,-0.374480314585005,0.105810124339845,False
CTSA,0.433194882616757,0.106122244635004,False
SLC25A3,-0.437089339524039,0.106122244635004,False
TBCA,0.65911439839852,0.106122244635004,False
ERBB2,-0.500208542057587,0.106122244635004,False
DDX1,0.244800854225364,0.10612902309678,False
ANKRD39,-0.383199557007575,0.10629396936956,False
CDH4,-0.445289956763393,0.106365744771358,False
SLC35A4,-0.422000598902028,0.106451816570824,False
PLXNA3,-0.428181031398362,0.106936313885579,False
MAD1L1,0.258197044836587,0.107089896977855,False
HBD,1.90964558772937,0.107378535752562,False
SLC39A11,-0.361931675989308,0.107406692851333,False
GNB5,-0.612913008727293,0.107687987389199,False
MBOAT2,-0.288995511352188,0.107865037895592,False
MRM3,-0.285054272905358,0.107865037895592,False
CACNG2,-0.723092536456424,0.107865037895592,False
CTNNB1,-0.40508653395964,0.107865037895592,False
PIP4P2,-0.271954541112057,0.107865037895592,False
IBA57,-0.264692036208924,0.107865037895592,False
JPT2,0.996504569628721,0.107865037895592,False
IGHG1,1.61511015715113,0.107865037895592,False
MRPL18,-0.351021922650429,0.108122302306134,False
BCR,-0.43138325185744,0.10814722635141,False
KNTC1,0.385842487702352,0.108234936823473,False
CLYBL,-0.850470032143233,0.10936114859901,False
RHAG,1.73194110173411,0.10936114859901,False
C8orf82,-0.305379897258923,0.109428836994474,False
NDUFA13,-0.427692440086819,0.109536174798922,False
NOS1,-0.648588686531083,0.109536174798922,False
CUEDC2,0.319334049581025,0.109536174798922,False
NPTXR,-0.604498478748535,0.109686691671982,False
CACNG3,-1.10544645212353,0.109711242333455,False
CADM4,0.536746411083042,0.109916387039425,False
GRSF1,-0.279526742702522,0.10995430065977,False
ZC3H18,0.337162549302555,0.110098154419807,False
NGEF,-0.677392993519707,0.110215940017347,False
NDUFA2,-0.640698102312586,0.110256523683446,False
TMEM67,-0.314935558924776,0.110609473495361,False
MYH7,3.29584786732505,0.110609473495361,False
IARS2,-0.270613412837111,0.11073651406819,False
IGLV4-69,0.613744319837383,0.1110907546355,False
MB,2.85087410691774,0.111309886033504,False
GLRA3,-1.02937661596753,0.111408502048893,False
ARAP2,-0.436537153034894,0.111442481434139,False
DCN,3.39099451614038,0.111474344188809,False
DAPK1,-0.407489986734801,0.111735590713869,False
SUCLA2,-0.394701526362121,0.11183030558687,False
GHITM,-0.409980768651883,0.11183030558687,False
C7,1.21163987076871,0.112025543529918,False
ZC3H7B,-0.218811734005029,0.112041017868201,False
MAP4,0.634181034745788,0.112218863688924,False
ABHD4,0.249613387014578,0.113272594985922,False
FAM185A,-0.261963765663237,0.113706415470232,False
VAMP8,0.599918442944365,0.113762898345633,False
SMYD5,-0.288031139419987,0.113762898345633,False
DNAAF5,-0.655349504742206,0.113790746647606,False
NCK1,0.21035532010143,0.113790746647606,False
IGHV3-30,1.46044299040156,0.1138884417848,False
GSTA4,-0.282150381654755,0.1138884417848,False
HAAO,1.07273737779702,0.114003312270536,False
ABHD14B,0.73827558861389,0.114334332799835,False
C1QA,0.84076252909764,0.114547405172115,False
CAB39,0.332874705960466,0.114547405172115,False
LSS,0.805295350659792,0.1146591122383,False
RASGRF1,-0.57389978195941,0.114679135912439,False
SEPTIN3,-0.399749338400039,0.11478849856602,False
LAMA4,1.69025527956197,0.115376780185192,False
SEPSECS,0.381927554381207,0.115376780185192,False
NEK4,-0.497000002168754,0.115376780185192,False
FNBP1L,-0.446558427181561,0.116078547668629,False
ERC2,-0.808813585704506,0.116344193660119,False
FBXO22,0.21075544722213,0.116344193660119,False
MRPL50,-0.336379652635087,0.116344193660119,False
NUBP2,0.313448013040214,0.116344193660119,False
PCLO,-0.826258830948786,0.116344193660119,False
VPS51,-0.231125792607019,0.116344193660119,False
KBTBD11,-0.404327956899328,0.116344193660119,False
ITGAV,-0.426805591016363,0.116344193660119,False
CELF1,-0.199353884349629,0.116344193660119,False
MTCH2,-0.29378123177894,0.116571742402389,False
PIN4,0.564180469649793,0.116927377782246,False
RHBDF2,-0.336191370125503,0.117018007473555,False
WDR17,-0.397261918618806,0.117018007473555,False
VPS36,0.210860655967807,0.117018007473555,False
RAP1B,0.233144020420729,0.117018007473555,False
PLEKHA5,-0.502371536296529,0.117018007473555,False
PSMD9,0.354696423706178,0.117570236422959,False
BCKDHA,-0.271327742800128,0.117975932004184,False
AFG3L2,-0.354656450126075,0.117975932004184,False
EPHA4,-0.461490439695137,0.117977004788531,False
STX7,0.316010859787752,0.117977004788531,False
JAGN1,0.225199920882375,0.117977004788531,False
IGBP1,0.272028137001728,0.118166273272502,False
EFHD2,0.502431118205049,0.118245850653984,False
STMN1,0.565652291936711,0.118245850653984,False
IGHV3-15,1.21116684280848,0.118245850653984,False
CD177,2.31290817396964,0.118245850653984,False
PTPRN2,-0.854360346102439,0.118245850653984,False
ITGAM,0.539616430241706,0.118245850653984,False
LY6H,-0.939815933297194,0.118880697387667,False
PPP2R5A,-0.308169748376589,0.119067484317909,False
HCK,0.528069273257295,0.119103035145198,False
NFS1,-0.436665784878864,0.119176006877083,False
BPNT2,-0.2687140289053,0.119176006877083,False
SLC15A2,-0.43070645679799,0.119176006877083,False
SEC61B,0.284286637476445,0.119176006877083,False
DHRS7,0.295736575060671,0.119176006877083,False
ALDH1A3,1.07348450746514,0.119176006877083,False
GSK3B,-0.31576131780942,0.119176006877083,False
RILPL1,0.371109650235443,0.119176006877083,False
SMYD3,-0.261313116185764,0.11931027800046,False
LETMD1,-0.342141963947288,0.11931027800046,False
CDC42EP1,0.711447494409857,0.11931027800046,False
VPS45,-0.224254144473194,0.11931027800046,False
GOLGA4,0.203765309770072,0.11931027800046,False
GJB1,0.875889720354886,0.11931027800046,False
MBP,1.1251256270689,0.119553998868168,False
GLUD1,-0.491749549196673,0.11970678657334,False
PA2G4,0.232496388092919,0.119748308575823,False
TPI1,0.240617437029648,0.119748308575823,False
MON2,-0.21752659554946,0.119748308575823,False
TRIP10,0.524274477646129,0.119763071769655,False
GLDN,0.378665170426584,0.119763071769655,False
GLRB,-0.462429439980783,0.119938241254446,False
MCUR1,-0.243775323711963,0.119938241254446,False
SACS,0.539091387400154,0.119938241254446,False
ITM2C,-0.523637138317458,0.119938241254446,False
RASA4,-0.974020250411833,0.119938241254446,False
RAN,0.200681356182578,0.119938241254446,False
PARG,-0.206080443672512,0.12028813706053,False
FBXL20,-0.355918425146079,0.12028813706053,False
MAGED1,-0.304916556061554,0.12028813706053,False
MAIP1,-0.320777841918925,0.12028813706053,False
PPP1R2,0.339860893418447,0.12028813706053,False
DHCR24,-0.758235390545292,0.120323734018526,False
NGLY1,0.279508277322098,0.120323734018526,False
AKT2,0.287160506826472,0.120323734018526,False
ATG7,0.250529858205327,0.120323734018526,False
MYDGF,0.277059938804404,0.120323734018526,False
S100A13,-0.581508749272498,0.120499700513795,False
ACAA2,-0.36739637618763,0.120500894658909,False
DYNLL1,0.345519376100134,0.120500894658909,False
AARS1,-0.265590397500587,0.120817320937385,False
NOL3,0.438336900507469,0.120929229277246,False
GAMT,0.470891102473743,0.120929229277246,False
VWA1,1.43876575203862,0.120935361689328,False
LEMD2,0.480946397607671,0.121158719524597,False
ADGRE5,0.787616945791147,0.121406881335965,False
SF3B5,0.342848132143242,0.121406881335965,False
SYT1,-1.12725998010866,0.121406881335965,False
HSP90AB1,0.24649405566859,0.121406881335965,False
U2AF2,0.249506046547586,0.12144802069623,False
CMTM6,1.01339477968832,0.12144802069623,False
SPECC1L,0.269630682724967,0.12144802069623,False
EIF3J,0.272012694325751,0.12144802069623,False
DECR1,-0.33494683241941,0.121679860840444,False
SLC22A23,-0.399368138159005,0.122395931165986,False
MAP7D2,0.580421613914044,0.122468632896563,False
MAPK11,-0.272016232731518,0.122650856565527,False
UFD1,0.295677491558957,0.122855047900522,False
APOL1,1.33921504863175,0.123592535500723,False
HSPA5,0.242145011932918,0.123934178578831,False
EIF4A3,0.343052202031929,0.123934178578831,False
ME3,-0.558521995720451,0.123934178578831,False
SP100,0.595605376454348,0.12400876062035,False
CCAR1,0.292627948841421,0.12400876062035,False
USP30,-0.337059039600977,0.124010166619663,False
RPIA,0.54649251905203,0.124010166619663,False
COX4I1,-0.437301391130765,0.124010166619663,False
OTUD6B,-0.36586457796041,0.124026322500908,False
CTPS1,0.226885002992091,0.124026322500908,False
NDUFA3,-0.543513839862997,0.124132806572197,False
LSM2,0.182350225659389,0.124184161231175,False
CADM1,-0.431995334403647,0.12421928373952,False
ACOX3,0.406840067013965,0.124333323038243,False
SFXN1,-0.396818197294955,0.124607393702771,False
ARFIP1,0.287133279930275,0.124607393702771,False
EFHD1,0.700184861161468,0.124786659267229,False
ULK3,0.376876472266378,0.125372289417844,False
ATG3,0.240195308103562,0.125372289417844,False
LUM,3.71083242797524,0.125574490571112,False
SYNE2,0.397673099543544,0.125574490571112,False
SLC12A5,-1.14576329519367,0.125574490571112,False
HSPBAP1,-0.26594838485283,0.125603659575708,False
MAP3K6,0.470174058740924,0.125607009241963,False
PLK1,0.606648393978636,0.125981599453148,False
GCSH,-0.411256485027241,0.125981599453148,False
TIMM23,-0.295098869295614,0.125981599453148,False
ALDH9A1,-0.349919881479391,0.126074471588186,False
MIOS,-0.273564496724809,0.126214778368596,False
GPR158,-0.429192180383418,0.126214778368596,False
PCNA,0.463065948902223,0.126214778368596,False
ARHGAP45,0.676927539789077,0.126214778368596,False
GLMN,0.267312120617534,0.126214778368596,False
GFM2,-0.487954350520662,0.126328956840735,False
NDUFAF4,-0.340206866498755,0.126587259039094,False
ASMTL,-0.477550719988821,0.12687965848854799,False
CDV3,0.303018442219065,0.126893790799427,False
TTC21B,-0.207628958539115,0.127040380864744,False
ZZEF1,0.187031174615706,0.127698209928564,False
NDUFAF3,-0.340413639159129,0.127752110797494,False
ABCB9,0.519507111478505,0.128233498473333,False
C3orf33,-0.680314190960222,0.128281729278342,False
MRI1,0.720018833761474,0.128886571632248,False
DEK,0.306004977051479,0.128886571632248,False
VDAC1,-0.390319749208322,0.129566092401993,False
BID,0.314570437356462,0.129710263804817,False
SART1,0.447226639362463,0.129933911098178,False
UBE2O,0.312851172631134,0.129933911098178,False
IPO4,0.2910200628669,0.129933911098178,False
TF,1.02360213521185,0.129933911098178,False
AKAP7,-0.260390493446375,0.129933911098178,False
RAB39B,-0.318303579829109,0.129933911098178,False
VPS35L,-0.200576355527064,0.129933911098178,False
TMEM50B,-0.315766607721485,0.129933911098178,False
NACA,0.302505166447009,0.129968408914484,False
LRRFIP2,0.295226925745947,0.129968408914484,False
MRPL4,-0.320365925533137,0.130112213665465,False
VPS50,-0.252196231356736,0.130461179350207,False
SAP18,0.445897718758339,0.130504334901106,False
MT-CO2,-0.508946323275309,0.130923414678126,False
PRPF4B,0.351616891326421,0.131207195362964,False
MYH2,1.4958339046508,0.131304032440894,False
EPX,1.95284172252197,0.131331755310199,False
PPM1F,0.335881888183852,0.131469156652545,False
SLC25A46,-0.298553658027028,0.131469156652545,False
GOT2,-0.514906203840827,0.131469156652545,False
GNG4,-0.593298746195782,0.131469156652545,False
CTSZ,0.706737739402028,0.131469156652545,False
RDH13,-0.456207609872066,0.131469156652545,False
FRMD5,-0.674537870888207,0.131469156652545,False
MTMR10,0.427165058319011,0.131469156652545,False
CRELD2,-0.547062469017307,0.131480497724248,False
RGN,0.842975761939144,0.132590047651015,False
PNCK,-0.600456171934286,0.132688622644576,False
VPS4B,0.285286541270503,0.132688622644576,False
RRP12,0.224664036615098,0.132688622644576,False
PCMTD1,-0.308240162010561,0.132850829182881,False
DDX27,0.283657695413236,0.133223654954884,False
SCFD1,0.251007806341121,0.133361363238292,False
LAMP5,-0.84140547127337,0.134254479255609,False
SLC25A5,-0.420688890138443,0.134254479255609,False
SNX25,-0.308951963885741,0.134254479255609,False
ACOT9,-0.357747960235187,0.134555040093259,False
MTHFS,0.379468866513804,0.134568503709637,False
SEMA7A,0.544303215955267,0.134609906147621,False
EIF4B,0.278460603076663,0.134609906147621,False
SNX8,0.243626388821633,0.134609906147621,False
SCAPER,-0.254991998531802,0.134609906147621,False
ARHGAP17,0.322484406530101,0.134609906147621,False
PCMTD2,-0.422939602182628,0.134615544435229,False
COL15A1,1.82715138497765,0.134841741202966,False
PTPRN,-0.793095994185141,0.134986205354001,False
SLC25A11,-0.417503340552212,0.134986205354001,False
SERPINH1,0.823533048324459,0.135924241405167,False
RABGGTA,0.229794876499898,0.135924241405167,False
MTMR3,-0.25105524087405,0.135924241405167,False
STK11,-0.299986644593582,0.135924241405167,False
PNMA1,-0.446275210374601,0.135961801968676,False
GAPDH,0.216139069156233,0.135961801968676,False
LIFR,-0.335518895344546,0.136296606736119,False
GSTO1,-0.612323663310955,0.136296606736119,False
USP9Y,-0.715027909458994,0.136514939070383,False
IGHV3-9,1.11529824219751,0.136531824574995,False
GTF2B,0.398565233477029,0.136595166809244,False
APOC1,1.61327508813342,0.136595166809244,False
GBF1,-0.263433098431571,0.136728064029127,False
CLEC3B,1.61279209675707,0.136728064029127,False
NUP85,0.202907653263905,0.137047297732065,False
DAPK3,0.306587841558641,0.137047297732065,False
BCKDK,-0.321141680788253,0.137047297732065,False
EIF2B2,0.19825471808972,0.137047297732065,False
DOP1A,-0.37144569786337,0.137047297732065,False
P4HA1,0.347059169485194,0.137168320770117,False
ECH1,-0.323332535335375,0.13762293099512,False
GPM6A,-0.515995128777702,0.137859919551711,False
PDS5A,0.440112781170517,0.138067743689333,False
CISD1,-0.477490023558095,0.138232302320173,False
ERAP1,0.834403237093602,0.138847812393869,False
PDS5B,0.421798114229135,0.139006557378899,False
DGKE,-0.335779069616291,0.139133515351409,False
LYSMD1,-0.408992416064652,0.139133515351409,False
TBCD,-0.2577227937503,0.139133515351409,False
ACO2,-0.289829941409838,0.139219112476502,False
ENO3,0.83862409714109,0.139290189109157,False
EHD3,0.302973667309868,0.139361954400356,False
SLPI,1.3184331691743,0.139361954400356,False
MALSU1,-0.244157217079807,0.139361954400356,False
HMOX1,0.400612385217515,0.139361954400356,False
SLC25A53,-0.278605800541386,0.139361954400356,False
MRC1,0.834414594151836,0.13943302266941,False
TBRG4,-0.378888745765644,0.139441184226007,False
RAB8B,0.233609158595636,0.139536403533928,False
SEMA4D,-0.420521821999291,0.139536403533928,False
SCAMP4,-0.277681543056334,0.139560404652562,False
PLA2G4A,0.413593955945517,0.139560404652562,False
HLA-DRB5,0.857473937185879,0.139822076501939,False
AHSA1,0.300189172675248,0.14059578950661,False
MFN1,-0.221464926951086,0.140707776395721,False
MDH1,0.314886816807892,0.140707776395721,False
TIMM9,-0.52486094298781,0.140707776395721,False
VKORC1,-0.551501454382661,0.140707776395721,False
CNNM3,-0.246062742644595,0.140707776395721,False
GYPC,0.535765534099101,0.141081390692205,False
DCUN1D1,0.170504786667415,0.141081390692205,False
APOA1,2.24980974775895,0.141081390692205,False
CEMIP2,0.700123126956891,0.141081390692205,False
MTRES1,-0.311370829262346,0.141081390692205,False
STK10,0.826867019938259,0.141081390692205,False
PTMS,0.818820032337342,0.141091939352214,False
BAX,0.270391626484129,0.141319426279618,False
GSDMD,0.548859200815661,0.141643062810388,False
FOLR2,0.775954577886479,0.141714568699787,False
ATG16L1,0.20804083623775,0.141714568699787,False
USP48,-0.195853700697853,0.141714568699787,False
CSNK2B,-0.203164781901577,0.142224973686643,False
TTLL1,-0.327202215559258,0.142285396174475,False
KRT18,0.732855203264807,0.142373155468746,False
PICALM,0.167320367266434,0.142878227748917,False
SGIP1,-0.55142921984487,0.14326991630912,False
BPI,1.43868111321024,0.143720417234885,False
DPT,1.84466936271665,0.143984092016324,False
SCAP,-0.263921403181253,0.144058090227936,False
SARAF,-0.345719128192908,0.144058090227936,False
AKR1C2,0.725047505131765,0.144058090227936,False
TUBB4A,0.390343327127521,0.144058090227936,False
ACOT7,0.382531964670539,0.14428093823379,False
IRF9,-0.287921266000814,0.14428093823379,False
LYNX1,-0.794577837309443,0.14428093823379,False
SUMO3,0.225518272803992,0.144577600090903,False
CCNK,0.19697926574036,0.145056412112687,False
DDX6,-0.192015373845409,0.145238960318781,False
RBM14,0.513458906186012,0.145614711144299,False
MRPL2,-0.32005781077738,0.146278923081818,False
SEPTIN5,-0.56274653822358,0.146472478827591,False
ABCF1,0.206429714094064,0.146731836036336,False
HNRNPM,0.424657851320079,0.146731836036336,False
EPHB3,-0.261835375948918,0.146811874430129,False
UBR3,-0.260109558722677,0.146811874430129,False
IGLV9-49,1.04000911172791,0.146811874430129,False
BNIP1,0.203103331744947,0.146838231607498,False
NME2,0.216005518940168,0.14693355316557,False
CSNK1A1,0.169109655655966,0.14693355316557,False
FGL2,2.04919469828435,0.147418153523587,False
CBARP,-0.713171357358272,0.147655842119224,False
UBR5,-0.159465428851611,0.147655842119224,False
TUBGCP3,-0.201712249347137,0.147770742429843,False
PMPCB,-0.241794995600824,0.147770742429843,False
LAMB1,1.84344941459657,0.147770742429843,False
LIMA1,0.619929209400301,0.147770742429843,False
ABCD3,-0.238869035997206,0.147770742429843,False
CKM,2.2659301634653,0.147770742429843,False
SMPD3,-0.42447602256492,0.148017348591209,False
HNRNPA2B1,0.390036043776252,0.148017348591209,False
SERPIND1,1.73921239192998,0.148017348591209,False
CDKN1B,0.36413182856993,0.148017348591209,False
SNW1,0.520516580125488,0.148017348591209,False
GFM1,-0.357533513547924,0.148166081384511,False
TMEM186,-0.271010792764135,0.148166081384511,False
SLC9A6,-0.544431410679683,0.149112942038477,False
PTGDS,0.82129177801265,0.149112942038477,False
SCYL2,0.197432605142867,0.149165695441663,False
ZBTB8OS,0.280992393968595,0.149559345344922,False
MSRA,0.297391349272033,0.149964144495813,False
SYMPK,0.197453882117849,0.150202465040392,False
PPIL3,0.634696619378275,0.150202465040392,False
FBXO41,-0.563723005591264,0.150261463763176,False
NFKBIE,-0.310353475572476,0.150317727362948,False
TMPO,0.778463955467522,0.150454642981173,False
PDIA6,0.284854499568658,0.150454642981173,False
PRTFDC1,-0.614880753018102,0.150454642981173,False
MRPS23,-0.242848320177964,0.150454642981173,False
HARS2,-0.267251595374805,0.150454642981173,False
PSMB9,0.261858419419613,0.150454642981173,False
BCKDHB,-0.417064574564245,0.150454642981173,False
HNRNPUL2,0.302848299936148,0.150454642981173,False
NUDC,0.231589590773043,0.150454642981173,False
ABHD17C,-0.302459690929878,0.150454642981173,False
MLIP,1.44401258926595,0.150454642981173,False
HHATL,0.830665942551281,0.150505233466568,False
HSPA2,0.303064418599865,0.150505233466568,False
TRAPPC4,-0.192093569797745,0.150505233466568,False
TMEM14C,-0.447784206542464,0.150728563540498,False
HMGB1,0.454474897709353,0.151209731787155,False
IGLL5,1.44079516046331,0.151423910676245,False
MPST,0.269803972175851,0.151423910676245,False
RAD21,0.367708543563991,0.151602635741239,False
ALPL,0.876284005479336,0.151602635741239,False
LRRC8A,-0.30541313831738,0.151602635741239,False
NOS1AP,-0.330933783472119,0.151602635741239,False
AGPAT4,0.540257771039744,0.151602635741239,False
EEF1D,0.17540068770324,0.151602635741239,False
FN1,1.84447797149415,0.151604801854853,False
SSBP1,-0.219088192441179,0.151604801854853,False
CAMK1,0.427460650149632,0.151604801854853,False
CNOT4,-0.250004903987277,0.151604801854853,False
RBM25,0.345595086720854,0.151930841589217,False
DNAAF9,-0.322957618256734,0.152868367220287,False
THBS2,0.317732329905541,0.152927144725482,False
ARHGAP9,0.347467210345625,0.152927144725482,False
LHFPL2,0.505759906030752,0.152927144725482,False
WARS2,-0.341420779047152,0.152927144725482,False
CPE,-0.580797534180023,0.152927144725482,False
LUZP1,0.476133255769783,0.152927144725482,False
SMC2,0.608871916291699,0.152927144725482,False
AS3MT,0.390654277133502,0.152927144725482,False
ME2,-0.320386625884904,0.152927144725482,False
MRPS16,-0.289637266613994,0.153135761050344,False
HBQ1,0.715810145016304,0.153368575868822,False
TANGO2,0.260600661521016,0.153922369862866,False
FCGR3A,0.304834205067878,0.153922369862866,False
UPF3B,0.43823848595938,0.153989060204492,False
SYT3,-0.472952872415468,0.154215383032099,False
TCEA1,0.372712540240399,0.15429171664205,False
PCSK1,-0.748105492172161,0.154581275136179,False
DKC1,0.309865908112897,0.154581275136179,False
RSU1,0.490684948590335,0.154581275136179,False
TTC9,0.316073743269135,0.154581275136179,False
WDR44,0.236606820141649,0.154581275136179,False
UBE3B,-0.188294480347189,0.154581275136179,False
FAM107B,0.917556852886067,0.154581275136179,False
SNRPA,0.344017817196001,0.154581275136179,False
HSPA12A,0.344023509313475,0.154889026499615,False
ILF2,0.197943892052759,0.154932253546904,False
TGFBI,1.98254861957174,0.154932253546904,False
APLNR,-0.652956788040632,0.154932253546904,False
AUH,-0.422209346077993,0.154932253546904,False
MOGS,0.252443726286314,0.155079311210503,False
RPL36AL,-0.197607314484257,0.155167159271518,False
SRSF10,0.388549925724421,0.155594598330042,False
PVALB,0.810591073249672,0.155594598330042,False
ACIN1,0.43667540105325,0.156911272227817,False
ARMC6,-0.26469911663404,0.157012374183441,False
DTX3L,0.362353883464647,0.157012374183441,False
MRPS22,-0.279271004320751,0.157012374183441,False
CHID1,0.216337985919855,0.157057033624753,False
GBP2,0.842187408863211,0.157540284901421,False
PTPN6,0.624276427663368,0.157540284901421,False
MGST1,-0.633932209848391,0.157574640533849,False
EPM2AIP1,-0.232030774416058,0.157805830191669,False
FZD7,-0.308820291840598,0.158514714270552,False
CASKIN1,-0.48837842087187,0.158843150470456,False
COQ6,-0.313042502847337,0.159080327754196,False
PTPRT,-0.490620266446598,0.159153111484235,False
AP3M2,-0.349972267844475,0.159249599798515,False
KPNA3,0.194903653900896,0.159545081692305,False
GNB2,-0.470212444239607,0.159545081692305,False
HEXD,0.37095338319128,0.159545081692305,False
GASK1B,-0.247989533805956,0.159545081692305,False
SARM1,-0.450320684057072,0.159545081692305,False
DHX38,0.457946772420382,0.160304202485857,False
DEGS1,0.313319008251097,0.160304202485857,False
FCHSD1,0.630639382651835,0.160598668845326,False
TOMM40L,-0.366121327193882,0.160665611673935,False
GNA12,-0.285862626729577,0.160665611673935,False
ASH2L,0.325324716711052,0.160665611673935,False
MICOS10,-0.422707258222732,0.160750867139941,False
MIA2,0.221708024585277,0.16084575706803,False
THYN1,0.432560320426333,0.161649551618281,False
PPP1R21,0.330295588919268,0.161929189021543,False
RAB3C,-0.731043382677516,0.162456459849002,False
UBLCP1,-0.266695142474294,0.162486261812294,False
TRAF3,-0.595819041405337,0.162899409914163,False
LINGO1,-0.478543673102645,0.162899409914163,False
ACAP3,-0.217144660805587,0.162899409914163,False
UBAP1,0.262661975123234,0.162899409914163,False
FGD3,0.457932471816713,0.162899409914163,False
SLC30A9,-0.271175231399686,0.162899409914163,False
PLOD1,0.316493302170371,0.163014103571756,False
TXNDC5,0.540891999533777,0.163045822628335,False
VPS4A,0.202200962448281,0.163045822628335,False
UBE2I,0.295176250747375,0.163078797393886,False
SKIC3,0.229885881886656,0.16325651421158,False
MRPL44,-0.293391493064648,0.163442395576287,False
DAP3,-0.284516723706073,0.163645748206696,False
ARIH2,0.21141343810766,0.163645748206696,False
CIRBP,-0.440782858505635,0.163645748206696,False
GTPBP4,0.225045464213561,0.163653726581652,False
SNRPB2,0.31035991184296,0.164279302345756,False
DLAT,-0.402846875087874,0.164279302345756,False
SCRN2,0.410632484305157,0.164329198193454,False
NAA25,0.261998503401984,0.164329198193454,False
METTL2B,-0.223951768109766,0.164329198193454,False
FMC1,-0.25735506183151,0.164329198193454,False
PEX5,-0.221064998403145,0.164821854324716,False
BORCS6,0.243762258530988,0.164821854324716,False
RAC3,-0.307213627096652,0.164821854324716,False
GLRA2,-0.700252927789555,0.164821854324716,False
GRM7,-0.642121889818517,0.164821854324716,False
TANC2,-0.268943602014264,0.165133901778288,False
GOLM1,-0.337497038569095,0.165133901778288,False
IGFBP5,0.738534485910299,0.165266049121453,False
FBXO6,-0.263749631566281,0.165517942738932,False
VDAC2,-0.316910034878251,0.166793787761308,False
CAND2,0.290614949601052,0.166900314275457,False
PDHB,-0.326127426672342,0.167489417015174,False
CD5L,1.13894697700355,0.168728279279519,False
USP10,-0.161891792158873,0.168728279279519,False
HBS1L,0.307045756597732,0.168728279279519,False
COL16A1,1.96684524674966,0.169033753200634,False
FTH1,0.403674125127852,0.169033753200634,False
AJM1,-0.424197702174125,0.169532206568781,False
SLC8A1,-0.449858283588428,0.169532206568781,False
KHSRP,0.33273556577427,0.169662468858297,False
PPIC,0.231178449127041,0.169713104531765,False
TAPBP,0.51087281665545,0.169842295103472,False
EIF5A,0.196848713970175,0.17003838237276,False
OMD,1.85692063415348,0.17003838237276,False
LILRB1,0.407295653712072,0.17031480986595,False
ZER1,-0.257836247748271,0.170722493708259,False
CDC73,0.247409745444262,0.171610960828091,False
AIF1L,0.594327138637867,0.172159574629038,False
RAB27A,0.5899710005033449,0.172159574629038,False
CHCHD3,-0.326782286748523,0.172399573555688,False
IGHG4,1.48333930956028,0.172548017690698,False
LANCL2,-0.344530385965273,0.172582568474236,False
SYNGR1,-0.586093687784045,0.172582568474236,False
GLS,-0.520424651554519,0.172582568474236,False
GPR37,-0.47439593625014,0.172795446453302,False
NCALD,-0.31697492600191,0.17342336987337,False
TMEM126A,-0.314883537626573,0.173455909603184,False
SMC1A,0.360932166817383,0.173613698214063,False
CBR1,0.683977327975816,0.173613698214063,False
IGLV1-47,0.419667660039528,0.174056526952562,False
COMP,1.93319340021002,0.174155153269933,False
MAMDC2,1.33323145944813,0.174185127589381,False
PLPP6,-0.35397918651942,0.174255304761694,False
MECP2,0.450531734563677,0.174255304761694,False
MTMR1,-0.237681658409718,0.174255304761694,False
EIF2S3,0.170861489817431,0.174255304761694,False
SMAP,0.593615652273684,0.174255304761694,False
DDI2,0.620119599569664,0.174299588077938,False
TNFAIP2,0.251420325863554,0.174767629080161,False
MAP1B,0.36737391222022,0.175044118701348,False
MYO1E,0.481883892827307,0.175044118701348,False
YARS1,0.24712713385602,0.175429656423046,False
ZFYVE21,-0.583220542023465,0.175429656423046,False
CYP2S1,0.279588478865483,0.175429656423046,False
PELI1,-0.20567643616986,0.177175204907816,False
MACF1,-0.266297593975739,0.177175204907816,False
GATC,-0.24018983479109,0.177175204907816,False
WNK2,-0.325672388937774,0.177175204907816,False
SIRT5,-0.406705223633795,0.177647346729657,False
TUBGCP4,-0.188916088022928,0.178132352460559,False
GFER,-0.238504623362787,0.178132352460559,False
PIEZO1,-0.278538853795138,0.178132352460559,False
GPD2,-0.394983141896535,0.178132352460559,False
DOCK3,-0.284777248411402,0.178138914926852,False
PPFIA2,-0.365012564298752,0.178437013012722,False
PEA15,0.495076362148014,0.179157948855756,False
FARS2,-0.213474122460323,0.179662226665097,False
CHORDC1,0.334638108476295,0.179717738086334,False
MCF2L,-0.301180663854474,0.179717738086334,False
CBX1,0.361070831827307,0.180109322933022,False
ARCN1,0.179712876993268,0.180231992567021,False
NLGN4X,-0.376519498424945,0.180231992567021,False
NAV1,-0.313259673028339,0.180548668939763,False
BSN,-0.901040204976745,0.180548668939763,False
DPH1,-0.253479278662485,0.180548668939763,False
IGLON5,-0.605224214691911,0.180548668939763,False
SLC7A14,-0.629135899100035,0.180548668939763,False
ACAT1,-0.286845395356158,0.180896581310749,False
TRMT11,-0.290163022142076,0.181338029251319,False
MSI1,-0.324288674208354,0.181414945127041,False
MYL6B,0.280122621915243,0.181523827461848,False
SLC6A5,-0.863025308288349,0.18177385388964,False
HECTD3,0.213743208776618,0.182377439789339,False
TNS1,0.498566516469884,0.182377439789339,False
TENM2,-0.358001132499062,0.182550119239802,False
IKBKG,0.270502345006882,0.183206614345492,False
NRBP2,0.262015518014202,0.183206614345492,False
KCNN3,-0.320503653697529,0.183206614345492,False
THRA,-0.269626380060524,0.183206614345492,False
PDAP1,0.243212319683424,0.183485452691844,False
SOD3,1.50497487301514,0.183596020681056,False
BNIP2,-0.331438730526467,0.183596020681056,False
PHYHIPL,-0.345331541717222,0.184332957206013,False
PEX2,-0.227215899341182,0.184332957206013,False
CBX3,0.329274826818867,0.18492344710928,False
EIF2S2,0.19323192087581,0.185109801788803,False
PRRT3,-0.4891005970113,0.185119255499802,False
DDX19A,0.230046767080546,0.185119255499802,False
EPB41L5,-0.373629351911314,0.185119255499802,False
DRG2,0.198503698055994,0.185119255499802,False
AGO2,0.509337369763378,0.185119255499802,False
MTMR9,-0.227003319915196,0.185119255499802,False
NCAM2,-0.387676805099572,0.185119255499802,False
FOXO1,0.370652354172864,0.185119255499802,False
PPM1K,-0.42597350963458,0.185131036016691,False
COX7A2L,-0.530551871435216,0.185131036016691,False
CCDC6,0.298765753962284,0.185572070846808,False
FCN3,0.68438394225997,0.185697388870257,False
AK2,0.325502798647126,0.185697388870257,False
STX4,0.277968275340456,0.185697388870257,False
SLC2A1,0.913102243710144,0.185929306748247,False
ZFR,0.302040698979367,0.186091813907469,False
ACOX1,-0.293065944126285,0.186091813907469,False
MSMO1,-0.35612878615152,0.186091813907469,False
KCTD7,0.405516755174855,0.186138324851635,False
ELAVL1,0.298567619902075,0.186156880629257,False
GPX3,1.57816152329276,0.186156880629257,False
COL2A1,0.897773194873255,0.186156880629257,False
NRXN3,-0.465266087049764,0.186435982701571,False
POLR2M,0.290451373381049,0.186549317510432,False
RIC8B,-0.206445687951248,0.187177756211157,False
PCOLCE,1.80643674794986,0.187860366824799,False
ALG12,0.218379517125962,0.187988465892552,False
MRPL28,-0.501426780856089,0.187988465892552,False
SEC61A2,-0.514604085390054,0.187991498157318,False
PGRMC1,0.400643715732047,0.188262625273155,False
ALDH4A1,-0.54795630583974,0.188262625273155,False
U2SURP,0.250143232132924,0.188476802372216,False
WASHC2A,0.250421756567693,0.188476802372216,False
ATAD1,-0.287701484736425,0.188633347648295,False
RGCC,0.869415782095578,0.188633347648295,False
SREK1,0.155737687797052,0.189164254979048,False
APC,-0.231241147986832,0.189164254979048,False
GDAP2,-0.229493649675129,0.189330564339858,False
DPY19L3,-0.326398630044555,0.189429462946572,False
PLXNA1,-0.283354123660288,0.189591397643698,False
RTKN,0.544791680537772,0.189591397643698,False
NTRK3,-0.271631580742439,0.19018706709624,False
CERS2,0.341487322121357,0.190484607686703,False
MICU3,-0.395503326158122,0.190639879185865,False
TIMM17B,-0.22563659544574,0.190672398260595,False
MFGE8,1.51045417031458,0.190773598442101,False
PIP4K2C,0.213947675788001,0.19098561231066,False
TM2D3,-0.143302952235486,0.191116520333072,False
ERI3,-0.298405145885852,0.191204076693213,False
SARNP,0.500920259632259,0.191249026020539,False
PTPRG,-0.325340974422353,0.191249026020539,False
SF1,0.413996408955871,0.191302997842024,False
PREB,0.179055575604146,0.191302997842024,False
JAK2,-0.2402758720123,0.191302997842024,False
ADSL,0.311913506475769,0.191525385523375,False
PHAX,0.232763638902615,0.191525385523375,False
COX20,-0.315930760312387,0.191525385523375,False
DDX39B,0.188230276561894,0.191525385523375,False
PLCD1,-0.406650995582732,0.191525385523375,False
ENG,0.530773603746638,0.191525385523375,False
FMNL1,0.268499382102052,0.191525385523375,False
MLF1,-0.309218280019661,0.191525385523375,False
TMEM178B,-0.344665858300433,0.191525385523375,False
SPAG7,0.1930632012411,0.191525385523375,False
KIF3B,0.203695246135316,0.191564468091713,False
GART,-0.28373167132629,0.191605244209798,False
ACTR3B,-0.368036535501033,0.191605244209798,False
EPS8L2,-0.257660129191033,0.191656430952272,False
ARHGAP21,-0.262295390894996,0.191736834712138,False
RFC4,0.206087093549393,0.191802577678893,False
SUPT5H,0.24038825127003,0.191802577678893,False
TOP1,0.29555245452106,0.191950794193118,False
CS,-0.363385302474647,0.192072618523874,False
ACADS,-0.476444870251758,0.192448069667602,False
TMEM94,-0.309061079535545,0.193213670119059,False
FXN,-0.313086746553724,0.193315195695611,False
MTX2,-0.289757389871678,0.193315195695611,False
S100B,0.451963901652885,0.193315195695611,False
GIGYF2,0.205088066330527,0.193350364120979,False
RAB35,-0.215875546150174,0.193520885589086,False
TMEM135,-0.352666223298442,0.193725544159094,False
ACBD7,-0.739645023961465,0.193730396622667,False
KCNAB1,-0.258717335273086,0.193730396622667,False
MTREX,0.221692984674918,0.193730396622667,False
OGDHL,-0.564356740921241,0.193730396622667,False
RNF40,0.220268996060215,0.193730396622667,False
SAMD9L,-0.390819126146245,0.193909411295145,False
CTU2,0.284706224705932,0.193920362937254,False
LMO7,0.91995737008591,0.193920362937254,False
NUP98,0.258471654634874,0.194254853595141,False
GLRX3,0.560732010005003,0.194307061006766,False
LAMA1,-0.386900129160333,0.194307061006766,False
ANTXR2,0.302691496659672,0.194307061006766,False
FH,-0.29633989141858,0.194355746201923,False
KIFBP,-0.272685719559373,0.194663457604116,False
SCAF11,0.331220707633518,0.194663457604116,False
NAT8L,-0.329313468875395,0.194663457604116,False
SAR1B,0.270887613947464,0.194663457604116,False
SMU1,0.254245650454129,0.194663457604116,False
RIPK1,0.304957545773054,0.194663457604116,False
NFIC,0.343253511324272,0.195145040803736,False
RCAN1,-0.291272699864393,0.195145040803736,False
CNNM2,-0.270840743738358,0.195145040803736,False
SCARA3,-0.681515151086447,0.195181837249882,False
STT3A,0.344289199081741,0.195181837249882,False
SLC25A42,-0.191259062373512,0.195566162507666,False
PITPNM2,-0.310030103845959,0.195844882453872,False
FBXO4,-0.220727353048135,0.195941223810844,False
DNAJA3,-0.23653797409192,0.196067990787892,False
KNDC1,-0.45451487495683,0.196067990787892,False
PHPT1,-0.262485285172161,0.196067990787892,False
SHMT2,-0.241467754874961,0.196067990787892,False
CNNM1,-0.43528373383088,0.196300615295813,False
DHX29,0.217678587810424,0.196300615295813,False
COX6B1,-0.64815187232691,0.196357551157654,False
VPS53,-0.20787375705825,0.196396159700779,False
DLG4,-0.701670027126735,0.196396159700779,False
CDK17,-0.275338710021837,0.196396159700779,False
FNBP1,0.243588295405237,0.196440682234517,False
MMAA,0.355352971684582,0.196736841215695,False
UBA1,0.169618610289994,0.196736841215695,False
NAA35,-0.189371767159203,0.196736841215695,False
ATP2A3,0.611577304815837,0.196764107198205,False
PCSK6,-0.440880983570169,0.196863504319579,False
MTMR7,-0.328836296916659,0.196863504319579,False
ADAM10,0.451390168198946,0.196938531755754,False
HBZ,1.74604462951016,0.196938531755754,False
CPT2,-0.44145277720623,0.196938531755754,False
SIN3A,0.376807934919952,0.196938531755754,False
AIMP1,0.202346866277841,0.196938531755754,False
FRMD8,0.529519053547418,0.196938531755754,False
HNRNPH3,0.351139431336021,0.196938531755754,False
NTPCR,-0.97190798608396,0.196938531755754,False
FBXL16,-0.381656557967297,0.196938531755754,False
DDX39A,0.361789413075141,0.196938531755754,False
SFN,0.927569860370836,0.196938531755754,False
PPFIBP1,0.670099956174171,0.196938531755754,False
UNC119B,-0.23709142698358,0.196938531755754,False
TSPAN15,0.515355566942082,0.196938531755754,False
SLC7A5,-0.244684930118517,0.196938531755754,False
HSPG2,1.33240691723747,0.196938531755754,False
DMTN,0.467031568191345,0.196938531755754,False
COA6,-0.406330630174013,0.196938531755754,False
UNC13A,-0.589461822001335,0.196938531755754,False
ARSF,-0.393676586921968,0.197301611728009,False
EPHX1,0.378538230314293,0.197301611728009,False
RCC1L,-0.241838757926898,0.197567146128944,False
PRORP,-0.404533067161851,0.19759652010281,False
AMFR,-0.204273551159496,0.19775257789502,False
EIF4E3,0.215203466522949,0.198340043705288,False
MRPS14,-0.260761706255586,0.198729878356195,False
MICOS13,-0.297369729742967,0.198749834673905,False
WDR74,0.165042564243229,0.198829608399316,False
COQ8A,-0.272056200176367,0.199179800434954,False
MT3,0.659302638196502,0.199402409857028,False
ADCY8,-0.536146633446755,0.19963767187638,False
SDS,-0.277333447819545,0.199975892145085,False
IMPDH1,0.334393780884146,0.199975892145085,False
YME1L1,-0.365867508183936,0.200379109540263,False
WDR75,0.366378097668385,0.200379109540263,False
STX18,0.177714090705891,0.200579447692821,False
CDKN2C,0.366657874695052,0.200579447692821,False
FABP3,0.396543309040849,0.20073470312166,False
SEC16A,-0.300363631522516,0.200925050133693,False
CRKL,0.169775785303081,0.20092880141005,False
RAB23,-0.303855533174236,0.20092880141005,False
CPOX,-0.395056888612034,0.201360570683973,False
PNPO,0.672535715570165,0.201360570683973,False
LIN7C,0.262291770853622,0.201360570683973,False
IDH3A,-0.475044404510539,0.201366146930573,False
SLC25A14,-0.390736685614336,0.201366146930573,False
SRSF2,0.408197576644641,0.201366146930573,False
PLS1,0.303395641959315,0.201366146930573,False
GABBR2,-0.787706184054379,0.201533120793831,False
VPS13A,-0.183543133630414,0.201533120793831,False
RCN2,-0.25355030466152,0.201533120793831,False
KDM1A,0.219328338295104,0.201674035273133,False
MYO1D,0.644752615820169,0.202132734540036,False
CYB5A,0.484273397515217,0.202137976910052,False
ORAI1,0.261494799734712,0.202148869262303,False
SLC7A11,-0.4175796909243,0.20235111545693,False
TACC1,0.176659257456615,0.202693989002941,False
RUFY3,0.324372997160316,0.203079285115252,False
PTPN5,-0.474179448866919,0.203079285115252,False
HYKK,-0.268289905326527,0.203131182206963,False
TRADD,0.319232591940561,0.203131182206963,False
TMEM120A,-0.254889051275153,0.203131182206963,False
NAGK,0.259214981191333,0.203131182206963,False
UBE2L3,0.268124935327323,0.203131182206963,False
SAMHD1,0.82658701056485,0.203131182206963,False
DERA,0.430093327793392,0.203131182206963,False
RAPGEF4,-0.482578166982346,0.203131182206963,False
SNTA1,-0.346245537468439,0.203131182206963,False
BORCS5,0.306418797076118,0.203131182206963,False
SLC7A6OS,0.264546078050905,0.203131182206963,False
NAA10,0.196412165508482,0.203132165399579,False
UQCRC2,-0.357067654432084,0.203176625456041,False
PXK,0.428031360591733,0.203176625456041,False
PRMT2,-0.290048717642541,0.203176625456041,False
CSPG5,-0.488562500504812,0.203597503812929,False
DPYSL5,0.530983782346224,0.203597503812929,False
LMNB2,0.565414274060526,0.203597503812929,False
MFSD6,-0.307664225616837,0.203880062184397,False
SELENBP1,0.555927881969899,0.203880062184397,False
PDCD6IP,0.21156421321391,0.204127192559949,False
WDR33,0.1891184106402,0.204127192559949,False
GLUL,-0.616044420536399,0.204134306521802,False
ATP6AP2,-0.370131539448346,0.204134306521802,False
CALB1,-0.633345592132029,0.204134306521802,False
CLU,0.934166593459706,0.20452750905071,False
TSC1,-0.158926899447314,0.204601541727606,False
FKBP5,0.758664250062305,0.204636733885253,False
RNF123,0.23325275690739,0.204673009725901,False
TAB1,0.152148816817597,0.204673009725901,False
TNK2,-0.290383968341533,0.204810201826212,False
SGCB,0.701320436597099,0.204995552493468,False
COBLL1,0.441808652712102,0.204995552493468,False
TBL3,0.24205917081659,0.205250703821063,False
MRPL42,-0.377385753000618,0.205984053734796,False
AP2B1,-0.225977485733257,0.205984053734796,False
APOA2,1.71127567426727,0.205984053734796,False
ABI1,-0.1811065899741,0.205984053734796,False
TMEM176B,-0.408034049621254,0.205984053734796,False
UROS,-0.274408204725002,0.205984053734796,False
OXR1,0.361029125489152,0.205984053734796,False
HLA-E,-0.695953903340031,0.205984053734796,False
MOSPD2,0.475132626672622,0.205984053734796,False
HNRNPC,0.299713234358407,0.205984053734796,False
OTUD7B,0.366692743662114,0.205984053734796,False
ARHGEF25,0.227113217214604,0.205984053734796,False
JTB,-0.262683799647281,0.205984053734796,False
CCSER2,0.320631921539626,0.205984053734796,False
ALCAM,-0.330175609531221,0.205984053734796,False
PIP5KL1,0.320697744196334,0.205984053734796,False
PPFIBP2,0.286973690107157,0.205984053734796,False
MRPS25,-0.252030617930089,0.20613537766363,False
ASPN,2.86670454635089,0.206181610328965,False
STRIP2,-0.252222847940565,0.206527012519174,False
NMNAT1,0.1984819852188,0.206779976039507,False
PRAF2,-0.239221270875857,0.207128576859823,False
CSPG4,0.661235315240402,0.207411330256879,False
APLP1,0.346549563815625,0.207500529023784,False
GMIP,0.260946712289702,0.207500529023784,False
ACSL6,-0.419456244795677,0.207743254956992,False
CCDC115,0.231849550544148,0.207743254956992,False
BCAS3,-0.211986180033303,0.20796542297676,False
SGSH,-0.599619121492164,0.208024787627502,False
MOXD1,0.820403042457739,0.208024787627502,False
TUBG2,-0.251394781915207,0.208107976493159,False
PRKCA,-0.3589452149811,0.208215024319217,False
TMBIM1,0.336002700323185,0.208266825145151,False
EXOSC6,0.285111075973502,0.208687269025675,False
GRIA1,-0.476720196681888,0.208888002510965,False
CTSC,0.709590153452471,0.209301546671576,False
RFT1,-0.201991097770416,0.209845673488027,False
APC2,-0.249280484422394,0.21015867520033,False
DIXDC1,0.333861492041929,0.210620565006295,False
PTGS1,0.40128545332772,0.210620565006295,False
AKR7A2,-0.496478692247203,0.210620565006295,False
ADD1,-0.286216024783728,0.210620565006295,False
FADS2,-0.488235997151156,0.210707339085256,False
SYN1,-0.805202544179444,0.21072314112699,False
GBP1,0.620469538426402,0.210799467909434,False
FKBP15,0.380914498423884,0.210799467909434,False
PDCD4,0.449999028585514,0.210866520438193,False
DNAJB1,0.218872445335798,0.210866520438193,False
CMTR1,0.39885785009461,0.210866520438193,False
PLCB1,-0.363875426757794,0.210866520438193,False
TATDN3,-0.209416222946726,0.210866520438193,False
AVL9,-0.403922346896448,0.210947552139563,False
NPC2,0.45058180203576,0.211068198871781,False
PRMT9,-0.222388663528012,0.211068198871781,False
OGN,3.15276481951763,0.211068198871781,False
KRT1,1.2758049850298,0.211068198871781,False
DENND1A,-0.199220636979508,0.211068198871781,False
WIPI2,-0.197239454212401,0.211068198871781,False
VAV1,0.352956615381731,0.211068198871781,False
IFNGR1,0.291853238901076,0.211068198871781,False
CLDN5,-0.297369871368612,0.211068198871781,False
NFKBIB,-0.243437205435849,0.211276607206907,False
ODF2,0.28294413180781,0.211934690153621,False
SNRNP70,0.288153346923776,0.211934690153621,False
PDE1A,0.55195652986058,0.211934690153621,False
CFL2,0.267598950084677,0.211988580020129,False
ANLN,0.651816225203504,0.211988580020129,False
RAB3A,-0.576180771921072,0.211988580020129,False
PALM,-0.3538098048659,0.211988580020129,False
DPH6,-0.448236525163713,0.21218609287203,False
STX12,-0.147902576955039,0.212779246487424,False
S100A6,0.726164029850702,0.212779246487424,False
OCRL,-0.304385137222381,0.212779246487424,False
DDX18,0.255309979445181,0.213067293261953,False
MSH6,0.236072973278898,0.213067293261953,False
EMILIN1,1.32244756381147,0.213807474483246,False
NUMBL,-0.215908636642645,0.213807474483246,False
VPS9D1,0.30540269466147,0.213807474483246,False
PNOC,-0.636561586946605,0.213807474483246,False
DGKI,-0.309889930520841,0.213807474483246,False
MT-CYB,-0.384903181643248,0.213807474483246,False
HARS1,0.242858221001237,0.213880980234245,False
TMEM222,-0.20115592186139,0.213898833743885,False
SF3A3,0.292859828354104,0.214108141703291,False
GOPC,0.156557963619347,0.214108141703291,False
CERK,-0.217071601212903,0.214663211633527,False
DAZAP1,0.238727630785973,0.214946256945167,False
SH3BGR,0.363835797103252,0.214946256945167,False
RANBP3,0.270215540125127,0.215057889605521,False
BAIAP3,-0.832468489870051,0.215057889605521,False
TMOD2,-0.214277456658984,0.2151060005037,False
CADM2,-0.515301941095863,0.2151060005037,False
FCGR1A,0.531878839242987,0.2151060005037,False
ANP32B,0.259971653878197,0.215301746309789,False
TMA7,0.453634546837773,0.21545234057193,False
SRSF6,0.224138423547176,0.215998699537575,False
RASAL1,0.448376799346278,0.216107904044551,False
UBAC1,0.41670671595911,0.216282993010585,False
MTHFD2L,-0.358004602889733,0.216301466473625,False
EPB41L3,0.267582239551604,0.216992820598843,False
PALM2,-0.542901709082777,0.216992820598843,False
NUDT18,-0.280828899912253,0.217388646109601,False
DCTN2,0.283432507460354,0.217388646109601,False
DUS2,-0.307538892991378,0.217798679528312,False
WDR12,0.176211946503379,0.217798679528312,False
GALC,0.832311239589842,0.217972662657981,False
DDX17,0.312099871140852,0.217999841507921,False
SLC8A2,-0.675719719671598,0.217999841507921,False
SLC6A4,-0.473149377203947,0.217999841507921,False
TDRD7,-0.268089289402602,0.218508751987715,False
TIMM29,-0.295422083525063,0.218693684565994,False
SNRPE,0.210053450331286,0.218729913654868,False
GOSR2,0.212805037368844,0.218921060215559,False
GGA1,0.163954935355548,0.218921060215559,False
STAG2,0.25729371575769,0.21919680611999,False
GSTCD,-0.315646854050925,0.21919680611999,False
C6orf136,-0.312496006326406,0.219754710635883,False
COL18A1,1.32150784807895,0.219837214788456,False
NUDT14,0.36963643036529,0.220085329001989,False
CYLD,-0.224543448573927,0.220371164424158,False
SH3BP5L,-0.247708796238776,0.221346379542769,False
MT-ATP6,-0.354308566669017,0.221346379542769,False
TRAF2,-0.186217136152097,0.222168486640425,False
TUBB2A,0.353116199907596,0.222974927588007,False
SLC39A10,-0.283173526856361,0.222974927588007,False
WBP11,0.199287135383362,0.222974927588007,False
KCTD8,-0.58080366860253,0.223161367973441,False
PALS1,0.181687270930395,0.223161367973441,False
CAPZA1,0.131821952318678,0.223161367973441,False
UQCR10,0.442998893532344,0.223385326378371,False
STARD3,-0.224530877467124,0.223897781604511,False
RNF11,-0.271740889875372,0.224521177447818,False
SRPX2,0.964336360415028,0.225497079027393,False
HCFC1,0.24185312839405,0.225497079027393,False
SMARCC2,0.264982980222969,0.225497079027393,False
PEX5L,0.370525667884776,0.225497079027393,False
KRT9,1.27721266091493,0.225771112132709,False
WDR20,-0.196464052811486,0.225870720990131,False
UBA7,0.378558883889981,0.226122572262955,False
UBL4A,0.250615008466173,0.226122572262955,False
MTA2,0.258228805217252,0.226229489674289,False
PPAT,0.189895470346226,0.226338956853244,False
TECPR2,-0.224615880774741,0.22634330738598,False
RGS6,-0.518268852287695,0.22634330738598,False
CD151,0.700900806274499,0.226450730536143,False
DIPK1A,-0.232628994525427,0.226463028020884,False
AFG2A,-0.218265693796674,0.226558929778121,False
SGCD,0.981576244092416,0.226577567304955,False
YTHDF1,-0.169490808888039,0.226912130431627,False
CEP250,0.22814643760659,0.226992986175539,False
VWF,-1.11195014454193,0.227032814321833,False
AP5M1,-0.191181325096609,0.227032814321833,False
TRIM21,0.267471559062081,0.227032814321833,False
CLUH,-0.216979367935775,0.227238117371879,False
CALR,0.203965015404549,0.227238117371879,False
USE1,0.149544761621256,0.227238117371879,False
MCU,-0.25661792033539,0.227238117371879,False
SEMA4A,-0.455161869168879,0.227619303787562,False
SH3BGRL3,0.276911989062269,0.227619303787562,False
BLOC1S5,0.279758838208813,0.227706442668362,False
MAPRE1,0.208055884031552,0.228404670525114,False
MRPL34,-0.32410400951027,0.228404670525114,False
TCERG1,0.255028085095102,0.228404670525114,False
SLC8A3,-0.363265984374476,0.228404670525114,False
KYNU,0.495779101568379,0.228404670525114,False
PPP2CB,-0.200349557499784,0.228647994383578,False
PRKAR2B,-0.316347831506576,0.228647994383578,False
RAPGEF5,0.343223674357887,0.228914021870499,False
SMG1,0.210821175038541,0.228926382883988,False
PCNX3,-0.201936689354117,0.228926382883988,False
RAB6A,0.199662886740903,0.228926382883988,False
GPATCH11,0.269142748179273,0.229569668018358,False
LZTR1,-0.17692170670183,0.229745720461612,False
PSAP,-0.460329954042889,0.229745720461612,False
PIK3C2A,0.191160582669637,0.230124378932024,False
ALS2,-0.162547675477613,0.230935093452507,False
ACAP2,0.176053294585012,0.230935093452507,False
HSPA9,-0.216997590857988,0.230935093452507,False
AP2M1,-0.24035610123865,0.230935093452507,False
VPS11,-0.170228278090242,0.230935093452507,False
FAM98B,0.221891997294748,0.230935093452507,False
MAN2B2,-0.390046877121064,0.230935093452507,False
MYO1C,1.08363928829168,0.23100703156171,False
PGLYRP2,0.672365424802789,0.23100703156171,False
CSNK1G1,-0.243935264262261,0.23100703156171,False
DYNC1I1,0.307202007580567,0.232011270886564,False
SNX14,-0.286800630587739,0.232077020441008,False
PTPRA,-0.204167865979825,0.232077020441008,False
ARID1B,0.218042610540548,0.232077020441008,False
NECAP1,-0.323985379358124,0.232077020441008,False
RIMOC1,-0.206048835163145,0.232077020441008,False
ENPEP,0.281985958487115,0.232077020441008,False
RICTOR,0.199346213844496,0.232077020441008,False
CD34,0.750762979783421,0.232077020441008,False
PRDX1,0.252563772904089,0.232077020441008,False
DSTYK,0.226010065325252,0.232103031826441,False
GRHPR,0.258284633194005,0.232382922548003,False
EIF4ENIF1,-0.24531534226425,0.232382922548003,False
UBAC2,-0.215689524863017,0.232382922548003,False
POMGNT2,-0.247649435569134,0.232434568386566,False
TXNL4A,0.157342838765627,0.232482997483635,False
ABI2,-0.261306102627251,0.232482997483635,False
OXSM,-0.294376088394268,0.23279517893669,False
NT5C3B,-0.273515625546563,0.232866767992604,False
DAGLA,-0.357809288402487,0.232866767992604,False
NRSN2,-0.266424883475473,0.232877995904483,False
IPO8,-0.209585844257907,0.232959593231123,False
CAP2,-0.293537262585883,0.232959593231123,False
WNK1,0.310254764956605,0.233512658872839,False
USP16,-0.211418704286086,0.2337230559182,False
TMEM263,-0.174768945378866,0.2337230559182,False
LCP2,0.307244921431579,0.233788441797015,False
RBBP5,0.16158823137269,0.233788441797015,False
RCC2,0.238864908003423,0.233788441797015,False
PTPN12,0.256941812101749,0.234054513553265,False
PLP1,0.586263028136585,0.234480278408519,False
RCHY1,-0.360157505298757,0.234480278408519,False
NLN,-0.303541481163693,0.234753223186196,False
WASF3,-0.293081766913135,0.234753223186196,False
TENM3,-0.286057763918701,0.234753223186196,False
SCN2A,-0.607515246998204,0.234753223186196,False
APOC3,1.85273383509909,0.234753223186196,False
NDUFA5,-0.44855521895775,0.234794646118511,False
DYNC1I2,0.272185684523551,0.234897880331402,False
PSMC6,0.2033230504539,0.234939590186612,False
RASA1,-0.187439818214122,0.234979693858203,False
GRM5,-0.788177543060777,0.235151371838676,False
S1PR1,-0.515686073422449,0.235151371838676,False
CTBP1,-0.272474005099022,0.235592122259811,False
DMXL1,-0.159359971379761,0.235592122259811,False
HERC2,-0.200701681958175,0.235592122259811,False
HSPB1,0.523615799115444,0.235705942302616,False
IPO5,-0.172219359480293,0.235705942302616,False
IGHM,1.29236886645629,0.235709943629047,False
GPT,0.343787413939783,0.235848049398002,False
RRM2B,0.254057344122488,0.236041584750494,False
ALAD,0.289452134579145,0.236142164726717,False
TRNT1,0.17698448277495,0.236686603027656,False
LRIG1,-0.352799256102756,0.236686603027656,False
PAN2,-0.283334639431605,0.236686603027656,False
ATP11A,-0.252742410217211,0.236859034813396,False
NF2,0.163691079798076,0.237154783889806,False
PIK3C3,-0.158290141731035,0.237154783889806,False
LEPROT,-0.215011721254942,0.237323554128337,False
SV2C,-0.978999746872812,0.237433029104904,False
CES1,1.52765141951772,0.237433029104904,False
GPT2,-0.27550619461497,0.238174609861892,False
CASP1,0.334904141423254,0.239233709031904,False
STIP1,0.188288351114528,0.239439606821497,False
EMILIN3,1.13582069907298,0.239443453038519,False
ZFYVE1,-0.217481843235179,0.239922177110232,False
TPM4,0.347949783682376,0.239922177110232,False
ASB13,-0.243243407068849,0.239922177110232,False
TBC1D5,0.210668730160563,0.239922177110232,False
FGFR2,0.310961883045124,0.239922177110232,False
CFAP36,0.245546887858251,0.239922177110232,False
ACTL6A,0.258798521885911,0.240461442486367,False
GAB1,0.434969437098415,0.240603921351234,False
THEM6,-0.206255123655429,0.240603921351234,False
MAGI2,-0.31409332855201,0.240603921351234,False
SSR1,0.291758746589357,0.240603921351234,False
MORC3,0.25574159928531,0.240603921351234,False
HSPA14,0.147854997418243,0.240603921351234,False
TRIM28,0.239252900393913,0.24061443697643,False
PARP1,0.182373117741276,0.24061443697643,False
STK32C,-0.321883635072755,0.24061443697643,False
SNX12,0.151900653198492,0.24089317290665,False
LYRM9,-0.478732585420806,0.241106330856338,False
NUDT16,-0.299254802606812,0.241143185814909,False
SLC25A35,0.370151697731465,0.241209036390754,False
ATP5F1E,-0.347694852397946,0.241209036390754,False
RABGAP1L,0.23922829302725,0.241212078995218,False
MTX3,-0.316018803000965,0.241212078995218,False
TMOD3,0.442295084386434,0.241212078995218,False
TXNRD2,-0.418765038827329,0.241212078995218,False
PES1,0.199043343009209,0.241387347369874,False
JAKMIP1,-0.23290811671124,0.241547466017353,False
KCNIP4,-0.541579968063346,0.241935171575998,False
ABTB3,-0.295980069466109,0.242374869142809,False
DNAJC2,0.395893067171476,0.242587197328615,False
DGUOK,-0.175720158057529,0.242903567051133,False
ABCA3,-0.202369295444941,0.243192995696117,False
PC,-0.26849197340837,0.244117563994399,False
ATP6AP1,-0.362428879401282,0.244250041893714,False
FEZ2,-0.242102703636376,0.244288683795136,False
TUBA1C,0.268290375721241,0.245096131900529,False
CTNNAL1,0.597882119911145,0.245396625767442,False
BTD,0.366237669905001,0.245396625767442,False
SDHB,-0.254663963697221,0.245396625767442,False
RAB12,-0.186563976038787,0.245396625767442,False
RAB3D,-0.573428763456983,0.24540135841353,False
NFKBIA,0.417580742455996,0.246190793683512,False
SCAMP3,-0.236311166233206,0.246190793683512,False
MINDY1,0.354038272826539,0.246190793683512,False
CFHR1,0.999803996573943,0.246244922131446,False
PIP4P1,-0.22225048068359,0.246316163936638,False
ETFRF1,0.249973584441245,0.246316163936638,False
M6PR,0.302698275915526,0.246316163936638,False
GDPD1,-0.279716810579995,0.247037087985805,False
CFHR2,0.602658320941839,0.247676107376305,False
GALM,0.394918046687064,0.247676107376305,False
EPHX4,-0.353921328663811,0.247762507012811,False
YES1,-0.274306589568585,0.248005961216699,False
SQOR,0.880764523437618,0.24810239195672,False
EIF2S1,0.136747887830824,0.248489392052956,False
KIRREL3,-0.304201820728687,0.248489392052956,False
SLC6A7,-0.480954265118464,0.248489392052956,False
MGAT1,0.298266244603846,0.248490526887353,False
SARS1,0.221069925898266,0.248490526887353,False
WDR81,-0.205850201806852,0.248762554684279,False
SEC63,0.217294953059742,0.248762554684279,False
TIMM17A,-0.203080659752981,0.248857733575001,False
SEC14L5,0.222580373692213,0.248857733575001,False
CNTNAP5,-0.570909930008027,0.248857733575001,False
ITGB3,0.827120556320854,0.249057926024495,False
STX3,0.291819276484176,0.249193792680853,False
CYCS,-0.483137096135112,0.249193792680853,False
TGFBR3,0.228553295481217,0.249193792680853,False
FCHO2,0.329972518457085,0.249193792680853,False
NHLRC3,-0.251747981685509,0.249546547740858,False
RNF213,0.337200242103281,0.249697921677341,False
DIS3L,-0.171629727075604,0.250552281192839,False
CDR2L,0.434932302570116,0.250619692316377,False
RALY,0.352319682126703,0.251029742351203,False
CYGB,0.559137327468427,0.251029742351203,False
CERT1,0.203867640288967,0.251029742351203,False
EHHADH,-0.265190258668106,0.251029742351203,False
PHB1,-0.195947182251812,0.251399206292297,False
LONP2,-0.232209320180245,0.251598790171183,False
LTA4H,0.261664971942034,0.251598790171183,False
CYP4X1,0.570718407551103,0.251661305818722,False
ITGA5,0.292101597539687,0.252107067631827,False
MT-CO3,-0.53893436218988,0.252532266082956,False
BMPR1B,-0.224209853669092,0.252829018061616,False
SLC25A25,-0.423654763913333,0.252886709603244,False
SIPA1L3,-0.168706340409798,0.253319428806037,False
CFAP418,-0.230627756821852,0.253358469992543,False
SHISA4,-0.293288948484337,0.253414661380455,False
NID1,0.918390261491489,0.253824780322489,False
DENND5B,-0.2560765582336,0.253938033576034,False
ADH1B,1.78933083080456,0.253980710204055,False
SERPINB9,-0.36910855507781,0.254304563197057,False
RGS12,-0.261069827544246,0.254334956035854,False
TUBB3,0.287557476285073,0.254521572513194,False
USP15,0.203553079904236,0.254521572513194,False
NQO1,2.3246679367763,0.254521572513194,False
DNAL4,-0.210309920112472,0.254811115946862,False
CELSR2,-0.292853052277724,0.255180339457876,False
MTPN,0.24128483171787,0.255180339457876,False
NECAB2,-0.524229203621074,0.255180339457876,False
STK38,0.305812883231381,0.255180339457876,False
LRP4,-0.42230142747967,0.255180339457876,False
SAMM50,-0.238060668561801,0.255308010795509,False
GSTM3,0.728326321243038,0.255308010795509,False
KPNA1,0.159882130870086,0.255308010795509,False
GTF2A2,-0.158404014833772,0.25540381486912,False
TPPP3,0.535946282120122,0.255519802379448,False
GXYLT1,-0.175058256166713,0.255698393103068,False
NDUFA4,-0.406369158695732,0.256047260643961,False
HPR,0.522366493278083,0.256047260643961,False
PDCL3,0.173121988321872,0.256047260643961,False
GPX8,0.406541438627767,0.256047260643961,False
ARMC1,-0.286541979108607,0.256047260643961,False
ANKRD28,-0.198737663516471,0.256047260643961,False
MEGF10,-0.510189472548714,0.256047260643961,False
TMED3,-0.285026221611507,0.256102573367908,False
PDE12,-0.218659782735049,0.256102573367908,False
CDK18,0.400950296410304,0.256130263085837,False
LSM4,0.205672094349739,0.256706259453896,False
VIM,0.996401194899896,0.256912623195711,False
SNAPIN,0.243667540699104,0.257663169726727,False
SON,0.294285982336019,0.258114178651137,False
ARPC1B,0.453299962354013,0.258114178651137,False
HOOK3,0.148596905258978,0.258114178651137,False
CDS2,-0.224602472811242,0.258357113395833,False
COX6A1,-0.236347490406758,0.258357113395833,False
GMPS,0.237058405463641,0.258795853444088,False
EIF4A2,0.136093559404138,0.258877050066179,False
FCGRT,0.592317320538942,0.259109903258693,False
GOT1,0.353768921155936,0.259478335203986,False
MAVS,0.296397538033177,0.259478335203986,False
MTRR,0.341851912289963,0.259478335203986,False
JAK1,-0.180819256228455,0.259478335203986,False
PDIA5,0.400387335187323,0.259478335203986,False
UBXN1,0.189544679257319,0.259478335203986,False
PDIA3,0.222168234524238,0.259478335203986,False
SPRYD7,-0.19701860496659,0.259896391698079,False
RRAD,-0.412978644933411,0.259984129973423,False
STAT6,0.427960996440307,0.259984129973423,False
ATP2B2,-0.510270233878334,0.260407273392032,False
PCBD1,0.21121145600636,0.260407273392032,False
RBM17,0.22137327744119,0.260420666332714,False
ANKS1B,-0.53072080458222,0.260651771665423,False
HTATSF1,0.251440643990852,0.260651771665423,False
PELO,0.236240115142651,0.261114593660241,False
IRF3,0.203264577004366,0.261114593660241,False
GALT,0.305230686005748,0.261114593660241,False
CSE1L,0.203992312639176,0.26124213028614,False
RPS10,0.270208097112656,0.26124213028614,False
MAP4K2,0.16579841921612,0.26124213028614,False
VIRMA,0.180074840484521,0.261666003736884,False
SF3A1,0.308669118620184,0.261666003736884,False
NBEAL1,-0.203220436406661,0.262071028112428,False
PLXNB2,-0.311084143267676,0.262071028112428,False
SLC2A13,-0.485484812956114,0.262071028112428,False
PDCD10,0.145921032434433,0.262071028112428,False
PALD1,-0.314207647815937,0.262071028112428,False
CLINT1,0.173685637542036,0.262071028112428,False
TMBIM6,-0.289932874087569,0.262145415460296,False
XPO6,-0.252214123480848,0.262145415460296,False
LGALSL,-0.284790062689906,0.263403188145952,False
KCTD21,-0.257222931916884,0.263403188145952,False
ICA1L,-0.202976413046497,0.263403188145952,False
ASPHD2,-0.297691919279449,0.263403188145952,False
PROCR,0.615242813226536,0.263403188145952,False
ELP3,0.184286961727242,0.263459321139947,False
EMC3,-0.186412504707743,0.263459321139947,False
ADAM15,0.318580744386319,0.263666074330143,False
ENO2,0.289797117360189,0.263666074330143,False
TOR1AIP2,0.180671792329006,0.263666074330143,False
DSC1,0.55462992200682,0.263666074330143,False
TNIK,-0.546891095601676,0.263666074330143,False
ANKRD40,0.272539391775589,0.263666074330143,False
PTPN1,0.234238066843218,0.263855092435801,False
PPA1,0.191640683402872,0.263855092435801,False
NUDT21,0.192537842007294,0.263855092435801,False
RIT1,-0.261323210228905,0.264566923666169,False
IL18,0.499638928048576,0.264730310151656,False
COL3A1,1.07567817855833,0.26479857768431,False
CLN5,-0.243158577519909,0.264948273212857,False
CNOT7,-0.150039106123242,0.264948273212857,False
EIF3A,0.199391032766263,0.265710210043096,False
PARS2,-0.174452677886292,0.265710210043096,False
CASP3,-0.275385534658662,0.265847714098535,False
UFC1,0.172430830142675,0.265847714098535,False
LMAN2L,0.197879274822128,0.266124163390205,False
ARHGEF17,0.349573249856361,0.266124163390205,False
TCOF1,0.338152300269089,0.266251703895229,False
MSRB3,-0.207103776722199,0.266844472652391,False
HEXIM1,0.276294611691318,0.266844472652391,False
RNASE4,0.693280115308291,0.266844472652391,False
HSD11B1,0.588277719120057,0.266844472652391,False
NMNAT3,-0.293091249659019,0.267102201671216,False
DNAJC19,-0.243566419474424,0.267142238437247,False
RPL37,-0.256391483964577,0.267483233701876,False
CYP4F11,0.644640471272579,0.267873303268565,False
KTN1,0.208346775593764,0.267873303268565,False
RGS7,-0.389825829618063,0.267873303268565,False
LAMA2,0.89379924901359,0.267899055165266,False
NAPRT,-1.12401940078712,0.267899055165266,False
SLC2A3,-0.530659269529384,0.267899055165266,False
SRSF7,0.262406639980894,0.267899055165266,False
PPCDC,0.324951205204902,0.267946051263095,False
PKM,0.160820766673483,0.267946051263095,False
MFSD4A,-0.347404043009216,0.267946051263095,False
FDX2,-0.259574849487593,0.267986901816643,False
CARHSP1,0.4080508566185,0.268210709189388,False
ENDOG,-0.194311956980735,0.268210709189388,False
SERPINA4,0.91042509494396,0.268210709189388,False
PTPN9,-0.310220973473069,0.268552592961576,False
SRSF4,0.308518884072905,0.268826664086525,False
PDLIM4,0.57313814327172,0.268826664086525,False
SNRNP200,0.203459052315059,0.268826833740109,False
SFT2D2,0.333421705109238,0.268971986814166,False
SPTBN1,-0.153111144198512,0.269071756773114,False
CRLF3,0.298636350838104,0.269071756773114,False
SMIM18,-0.377929844309432,0.269384189114267,False
MYL12B,0.366324579367117,0.269516430789978,False
RAB22A,-0.171365380743763,0.269641709103589,False
MAPK12,-0.299477517480802,0.269834541325562,False
ROBO2,-0.381514898692297,0.27007832334153,False
MAP2K2,0.202918354269519,0.27007963890761,False
CACNG8,-0.502719019998359,0.270466306406017,False
SLC9A7,-0.342474010820324,0.270705585641536,False
ACLY,0.280364129079977,0.270735367746412,False
RUNDC3A,-0.255348997618038,0.270869529445715,False
KICS2,-0.275286418233125,0.270869529445715,False
ARHGAP18,0.379306206595093,0.271399026397428,False
RPL38,0.265228817184616,0.271639545700179,False
TAX1BP1,0.22861437632783,0.271986641908362,False
CHCHD6,-0.36334540602016,0.271986641908362,False
COL8A1,1.12662330346389,0.272221084759114,False
SLC35F6,-0.318292595482549,0.272221084759114,False
INSR,-0.249470398283528,0.272348876229993,False
GALK1,0.302559634080248,0.272348876229993,False
HERC1,-0.196903380252083,0.272348876229993,False
ETNPPL,-0.733423580556201,0.272348876229993,False
GGT7,-0.283823754613602,0.27291432903502,False
RAP1A,0.240445175436793,0.27291432903502,False
CYB561,-0.215031098544459,0.273235283172513,False
CCDC177,-0.481356665988646,0.273271578836042,False
CARMIL1,-0.317271828071231,0.27374372609514,False
SAMD4B,0.171268303540811,0.27374372609514,False
PLXNA4,-0.40584392110854,0.273856558079539,False
SYNCRIP,0.156793866862706,0.273970590655055,False
PSMA1,0.142117684635313,0.273970590655055,False
SERPINA7,0.586148921212902,0.274143902091008,False
PHYH,-0.202607209536915,0.27443520286723,False
SRPRB,0.162214322703433,0.27443520286723,False
COLGALT1,0.348341516009039,0.274560887572372,False
NEDD8,0.22911236119096,0.274725906885422,False
PLS3,0.236303321734475,0.274893588674879,False
SMIM7,-0.146982426293125,0.274893588674879,False
BAG2,0.279075340527413,0.274893588674879,False
PFDN1,0.438166558112297,0.274893588674879,False
PHF3,0.188602504844877,0.274893588674879,False
H2BC12,0.412878854743248,0.275163783311651,False
CEP170,0.258506658675154,0.27523921283343,False
COL12A1,1.97811905757027,0.27523921283343,False
SF3B1,0.309030450665714,0.276253870957205,False
SLC31A1,-0.34586747535056,0.276396464634311,False
CRELD1,-0.305885943927876,0.276396464634311,False
COX7A2,-0.451531833339535,0.276396464634311,False
RFTN2,-0.26540013407242,0.276396464634311,False
CPD,-0.203209691015562,0.276672305815985,False
PPP1R9A,-0.24614768643981,0.276672305815985,False
LIMCH1,0.30375479541893,0.27668792431536,False
TMEM230,0.191414037614352,0.27668792431536,False
MRRF,-0.302593896006836,0.276689401287014,False
EPHX2,-0.421750304342629,0.276689401287014,False
FLI1,0.270169611979691,0.276689401287014,False
RBBP4,0.165853756590732,0.277307696746328,False
SLC38A10,-0.177051346229968,0.277307696746328,False
DPP9,0.134602310216422,0.277567403162998,False
PACSIN3,0.368243236920494,0.277567403162998,False
SMCR8,-0.244003705737548,0.277662824855587,False
TRAPPC10,0.185096100088096,0.277720267275373,False
NIPBL,0.18365530405624,0.27802466386086,False
BLMH,0.188872517753811,0.278257758919285,False
LMAN2,0.263690522017594,0.2783527608178,False
PDLIM3,-0.303084649106125,0.2783527608178,False
IMPACT,-0.202808376212541,0.2783527608178,False
ADHFE1,0.366489862319879,0.278411673875961,False
ADAM9,-0.301330572061176,0.278745467633651,False
IFT74,-0.219881139343877,0.279118894554356,False
ASAP1,-0.158557292115455,0.279336685682059,False
MINDY3,0.227588255319937,0.279336685682059,False
EIPR1,-0.141677282900131,0.279336685682059,False
STX16,-0.174521587490343,0.279336685682059,False
CASK,-0.244545045816873,0.279722052583342,False
WNT2B,0.803086937907546,0.279900562043545,False
WIPF2,0.390160242143256,0.28042894926126,False
STAM2,0.124381792112352,0.280752000749808,False
TMX4,-0.211322684206387,0.280752000749808,False
ADARB1,0.266998708897426,0.280752000749808,False
SLC25A44,-0.205974777225322,0.280914643386895,False
SERAC1,-0.239998307362672,0.281055755909955,False
ZMYND11,0.182312830686304,0.281451266192394,False
CACNA2D2,-0.405194210124634,0.28163197712891,False
MAP4K3,-0.255301806096769,0.281802653365332,False
PREP,0.164626490609932,0.28199020154717,False
CARM1,0.169035141511873,0.282189627486144,False
ZMYM3,-0.240651639748454,0.282193899929773,False
MRPS28,-0.20559081589634,0.282314926166147,False
TMED2,0.209778378032727,0.282314926166147,False
MRPS24,-0.202181951043304,0.282889108513937,False
VPS26B,-0.148685428475991,0.283528424469693,False
TPP2,0.168257262149444,0.283905131682732,False
PCDH9,-0.227315736579634,0.284869218657855,False
NOS3,0.211335705653553,0.284869218657855,False
ABLIM3,-0.352128533221148,0.284869218657855,False
WDR19,-0.214305824922726,0.284869218657855,False
PLCL1,0.460396889538359,0.284869218657855,False
PSMA2,0.166793283031572,0.285138754487382,False
PMPCA,-0.211483435631425,0.28524380300254,False
WDR1,-0.285602874349934,0.28524380300254,False
ADAM11,-0.438949418080368,0.285499267495395,False
SLC1A2,-0.890805411515208,0.285499267495395,False
NECTIN1,-0.27341168952873,0.285499267495395,False
PGAM5,-0.209045916281524,0.285499267495395,False
PRPF4,0.229288043748879,0.287222401264145,False
RLBP1,-0.451702891581822,0.287222401264145,False
VWA3B,-0.244110394843412,0.287253188712494,False
NUDCD2,0.204918099013824,0.287434341522619,False
SIPA1,0.243693618450672,0.287460918602345,False
STAU1,0.149632866297647,0.287630170418469,False
PARN,0.163520916088133,0.287678494752956,False
PURA,-0.182288820006063,0.28784556015152,False
SLC25A21,-0.179120554199413,0.28828028559047,False
FAM91A1,0.203737258534133,0.288738074391892,False
C19orf53,0.246066419881269,0.289018912945848,False
TGM2,0.840375019208164,0.289018912945848,False
MTFP1,-0.237175899627704,0.289018912945848,False
NUDT15,0.192717997282607,0.289268517726091,False
CRMP1,-0.334037960685876,0.289958758972125,False
TACO1,-0.343180531839845,0.290135189156521,False
CORO2B,-0.285274266452854,0.290135189156521,False
APOO,-0.329096785134992,0.290213793492619,False
PLEKHA7,0.747390862889944,0.290446213890387,False
GORASP2,0.17831137916612,0.290446213890387,False
NCAM1,-0.228359234557702,0.290463052213948,False
ANKIB1,-0.208473547237222,0.290532106649726,False
MLC1,-0.354291059291439,0.290532106649726,False
CERS1,-0.298052676947834,0.290532106649726,False
QTRT1,-0.207294692902893,0.290532106649726,False
PML,0.543053383914962,0.290532106649726,False
TMEM35A,-0.354873066437411,0.290532106649726,False
POMT1,-0.305138520140218,0.290532106649726,False
CDC37L1,-0.207165602391163,0.290532106649726,False
MARK3,0.222940116310908,0.290611517707393,False
CACNG4,-0.376440281017398,0.290611517707393,False
EIF2D,0.247569868175746,0.290611517707393,False
RGS20,-0.30831013407761,0.290784789357418,False
ROGDI,-0.27778366104171,0.290784789357418,False
TUBB4B,0.252232648489885,0.291226712998672,False
VAMP2,-0.506214902756609,0.291226712998672,False
PCP4,0.512860046101236,0.291226712998672,False
SAE1,0.267173688879852,0.291318242322261,False
ATG13,-0.185611943346723,0.291452696237457,False
TMCO1,-0.254811316910599,0.291480176874559,False
NUBP1,0.133527102877782,0.291519242772114,False
WDR45B,-0.190900290208992,0.291624662530298,False
PLXNB3,-0.214372098192987,0.291863977158641,False
UBE2L6,-0.208674840095137,0.291863977158641,False
PLIN4,0.770536768191851,0.292840739374631,False
DMWD,-0.233016786634788,0.292859328424557,False
DARS1,-0.205897010495244,0.292859328424557,False
MFAP4,0.741271070139089,0.292859328424557,False
HDHD3,-0.759607747557345,0.29322685595778,False
KCNK2,0.249921700009117,0.293564147530164,False
ELAC2,-0.224036417361275,0.293605652789751,False
PGAM2,0.275209188677442,0.293606627809418,False
PBXIP1,-0.338366909608169,0.293967689487125,False
SRP14,0.241087691101745,0.293967689487125,False
PEMT,-0.218077838568205,0.294505255662678,False
SEPTIN6,-0.32275349205919,0.294583980345033,False
PDP1,-0.296033464273284,0.294981657638826,False
SEMA3B,0.476506508049637,0.294981657638826,False
PARP9,0.228189807192269,0.295266232964188,False
GSN,0.276236647179967,0.295266232964188,False
HLA-DQB1,-0.746996680719862,0.295522055510977,False
IFI30,0.679257979308791,0.295673233972595,False
ADORA1,-0.243305161049838,0.295705187848421,False
FBN1,1.83074750657635,0.295705187848421,False
ZNF185,0.342946345930487,0.296049996283211,False
POLR2I,-0.33483604284305,0.296833941061771,False
PTCD3,-0.191178602709371,0.296833941061771,False
RTN4IP1,-0.205214802307568,0.296833941061771,False
NEURL1,-0.234645660947085,0.296833941061771,False
NEXN,0.349472726323266,0.297006038248224,False
NID2,0.853318869998368,0.297704928698968,False
CNPY4,0.277594407236959,0.297833523693506,False
MTSS1,0.274454161318802,0.297833523693506,False
SLC25A24,0.397529141116092,0.297833523693506,False
SEC24D,0.264809531768152,0.297833523693506,False
AKTIP,-0.146961960039852,0.298231238246176,False
RIPK2,-0.210779456317894,0.298231238246176,False
KCTD6,-0.273420413870599,0.298231238246176,False
C11orf68,0.1363898868055,0.298231238246176,False
RPN2,0.260951326901097,0.298231238246176,False
ATP5F1C,-0.28430537555025,0.298231238246176,False
CPT1A,-0.400424575870073,0.298231238246176,False
COX5A,-0.301987153226682,0.298231238246176,False
PTEN,-0.174321134836758,0.298231238246176,False
TUBB6,0.283354014993499,0.298231238246176,False
ENPP5,-0.36085480377788,0.298277166583153,False
AP2A1,-0.193919056401281,0.298289222793988,False
SPOCK2,-0.211368378246186,0.298289222793988,False
SYN2,-0.660101183595684,0.298289222793988,False
IDH3B,-0.407581785392162,0.298289222793988,False
DBT,-0.212072242593683,0.298289222793988,False
RANBP2,0.198083822901319,0.298289222793988,False
LUC7L2,0.299007499660771,0.298289222793988,False
PDHA1,-0.263060878913061,0.29890489786131,False
SPARC,-0.327531150384759,0.29890489786131,False
OARD1,0.140853026269217,0.299504403010123,False
INPP5F,0.226354354441041,0.299504403010123,False
WNT6,0.911789361508662,0.299504403010123,False
CLCN3,-0.156160353694297,0.299726187415908,False
SLC35F1,-0.220834885768405,0.299726187415908,False
RAB30,-0.175189550360533,0.299726376261988,False
HNRNPK,0.224078952257667,0.299726376261988,False
SSR4,0.264892660185254,0.299726376261988,False
TMEM126B,-0.2897413189458,0.299726376261988,False
STRADA,-0.179863391483089,0.299726376261988,False
MESD,0.197283144033227,0.300218428309787,False
SCO2,-0.308830849609686,0.300278564678477,False
RIMS1,-0.421055037908712,0.300321588920491,False
SBSN,0.514192956607389,0.300321588920491,False
RPS18,0.187783704410952,0.300512449755017,False
EOGT,-0.333400427504665,0.300751683284968,False
PARP14,0.353336752316681,0.300751683284968,False
WDR24,-0.142237898020981,0.300894339438312,False
FAM171A1,0.213526986083611,0.301197154705947,False
CTH,-0.271927466540321,0.301197154705947,False
SNRPD3,0.184767627104609,0.301451516653379,False
HACL1,0.293897998099269,0.301551335253337,False
HDGFL3,0.207327277781623,0.301551335253337,False
DAB2,0.481520083192369,0.301551335253337,False
TLN2,-0.197133874601583,0.301610717822235,False
DALRD3,-0.218272033699217,0.301796149049359,False
RPS20,0.150581474831405,0.301796149049359,False
CSNK1G3,-0.141839867893916,0.301796149049359,False
GNA14,-0.318433825733558,0.301889232075544,False
CHMP2B,0.237163993003566,0.301889232075544,False
SLC6A11,-0.936736461268385,0.302467777640245,False
ACAN,0.665862726129015,0.302620443860042,False
NRXN2,-0.330603767213672,0.302620443860042,False
LHFPL3,-0.241664119826481,0.302643456175254,False
ETFB,-0.185231159829458,0.302643456175254,False
TMEM132A,-0.175742037737817,0.3029829722323,False
ARL2BP,-0.231673099949152,0.3029829722323,False
NLGN3,-0.271334282834986,0.3029829722323,False
DSP,1.41225072317731,0.3029829722323,False
ME1,0.282907982751228,0.3029829722323,False
ILF3,0.186658909802949,0.303051332744884,False
PSMB2,0.137696760863747,0.303051332744884,False
PBLD,0.416560328617646,0.303179703742591,False
SIRT2,0.431675399732908,0.303502906773398,False
PAQR8,0.318601906418417,0.303787944200481,False
ASCC3,0.193394011692376,0.303787944200481,False
PPP1CB,-0.186067924236578,0.303827943807778,False
IPO13,-0.159530702491243,0.303827943807778,False
TDP2,0.143846671686918,0.303827943807778,False
HLA-F,0.224197584374961,0.304406064648878,False
MRPS18A,-0.278089932881146,0.304557603290398,False
ADPRH,0.266777823954055,0.304557603290398,False
FGD4,0.157000950001784,0.304557603290398,False
NEMF,-0.161082055603838,0.30466762670242,False
PRRC1,0.181680007310383,0.30466762670242,False
DMXL2,-0.384928226515996,0.304974268268019,False
ANPEP,1.34215957937253,0.305077352000176,False
ZYG11B,-0.179963748798563,0.305142738546397,False
OPCML,-0.325329634349657,0.305356940658154,False
DOCK2,0.319695473581433,0.305386781585114,False
CNPY3,0.215599056826139,0.305406389244535,False
ARHGAP5,-0.166748971131897,0.305720436051776,False
CCAR2,0.217273611246052,0.306251538566351,False
ARFGAP1,-0.325271276919034,0.306282138615317,False
WDTC1,-0.182480631524101,0.306315072102807,False
CPPED1,0.392378281448359,0.306482317898672,False
GRPEL1,-0.238028078947158,0.306614244705198,False
ZNF787,0.30692215013601,0.307534247791135,False
F12,1.08433240793916,0.307584435048149,False
CNKSR2,-0.227435489115098,0.308352916440965,False
DDOST,0.256335045062468,0.309689197648233,False
ILKAP,0.190458645784744,0.309843534140636,False
SEPHS1,0.178549170216983,0.310059345564056,False
MTURN,-0.40919190718537,0.310059345564056,False
HEPH,-0.245168768269766,0.310059345564056,False
FSD1L,0.346010489540641,0.310059345564056,False
SERBP1,0.342165210405673,0.310059345564056,False
WIPF1,0.224427657331046,0.310059345564056,False
NES,0.993461264451643,0.310059345564056,False
PTPRZ1,-0.269952019301464,0.310059345564056,False
EXOC5,-0.124208233519198,0.310059345564056,False
HACD3,-0.167561713715095,0.310059345564056,False
CBX5,0.228348530441229,0.310059345564056,False
SARDH,-0.405397869356701,0.310059345564056,False
EIF3B,0.124239345953891,0.310124664802915,False
ABCD2,-0.459937855342623,0.310183747430109,False
PORCN,-0.243314491113543,0.310183747430109,False
SPATA13,0.201539487122933,0.311196293141444,False
ABCF2,0.165932112890129,0.31135163009655,False
RB1CC1,-0.143340460692258,0.311380315910649,False
RAB3B,-0.619964574601838,0.311738765748102,False
WNK3,-0.187087224244863,0.311959421239152,False
IDS,-0.363992257901715,0.311959421239152,False
LPA,0.416158828889947,0.311959421239152,False
FARSA,0.240086513517536,0.311959421239152,False
RPLP1,0.234947948013952,0.311959421239152,False
SFPQ,0.356640475098482,0.311959421239152,False
ARHGAP25,0.390707473032121,0.312327812200825,False
CENPV,-0.297208808342251,0.312327812200825,False
STAT2,-0.165201555989306,0.312327812200825,False
LRRC20,0.188306700591431,0.312758369915455,False
DNAJC11,-0.209615669778406,0.313279788803022,False
IGHV1-18,0.509762374427833,0.314069152724772,False
GABRA1,-0.770838495008613,0.314119344279194,False
APBB1IP,0.283600808230243,0.314119344279194,False
DYNLRB1,0.175884679921738,0.314155022399061,False
CD200,-0.406018027090083,0.314197890758947,False
METAP2,-0.163366469982771,0.314703997454246,False
FAM177A1,0.214578876429323,0.314703997454246,False
SMAD5,0.182796968948175,0.314703997454246,False
NCOA7,0.330917647185661,0.315011834098156,False
CTTN,0.306087956234423,0.315011834098156,False
SUPT6H,0.236425432570487,0.315184217347484,False
RMND1,-0.271040527659528,0.315502385379613,False
SEZ6L2,-0.417779715613146,0.315502385379613,False
PGLS,0.21790692835077,0.315541137383963,False
ARPC1A,-0.20834755403221,0.315570446772288,False
H2AX,0.243008191624375,0.315701099255035,False
CCL14,0.567872994077194,0.315701099255035,False
NIBAN1,0.747221554028732,0.315701099255035,False
SF3B2,0.336989097294419,0.315738345408551,False
METTL26,0.220109988542131,0.315779186633572,False
TNPO2,-0.186213560346038,0.315779186633572,False
GOLPH3L,0.170328833465213,0.315948948334431,False
NT5C2,-0.169345720572394,0.316032276057581,False
GLTP,0.501399269630644,0.316032276057581,False
NARS2,-0.20347854457081,0.316032276057581,False
MYL6,0.387469511478706,0.316032276057581,False
ZFPL1,-0.158794209527369,0.316032276057581,False
SYNRG,0.245828401769432,0.316032276057581,False
OPTN,0.184720821973682,0.316032276057581,False
PRPF8,0.18860423842999,0.316758245847135,False
PNPT1,-0.150911420966642,0.316840529880437,False
TMC7,0.347383045133301,0.316840529880437,False
IPO9,0.154113352216237,0.317171429776144,False
STON2,-0.321361151866508,0.317311712082591,False
SUN2,0.463945011930345,0.317336219224512,False
HDAC1,0.243214432349973,0.317640497427451,False
USP46,-0.206058319818316,0.317640497427451,False
GSPT2,-0.153363874012767,0.317640497427451,False
GYG1,-0.348704157247566,0.317787091649284,False
TAOK1,-0.105668480445376,0.317787091649284,False
DHRS4,-0.386903466919536,0.317787091649284,False
HDDC3,0.164765774454184,0.318810285189595,False
LARS1,-0.16786024303841,0.318810285189595,False
SLC38A1,-0.373417057966845,0.318909719527946,False
MITF,0.167617011687756,0.318909719527946,False
MVB12B,0.262927347364148,0.318909719527946,False
PFDN6,0.33516704646539,0.319083893081132,False
SCN1A,-0.407892443183389,0.319119900401039,False
MAN1A2,-0.265548527666725,0.319650721442518,False
SLC30A3,-0.563977514494227,0.320177805350117,False
IGHV2-70D,0.584615295425701,0.320177805350117,False
ADPRS,0.159829639460183,0.320177805350117,False
PIH1D1,0.172001026962355,0.3202701392149,False
LUC7L,0.173711921261349,0.32042218411795,False
KDSR,0.195520356643581,0.320489024513409,False
WWC1,-0.356270075258985,0.320489024513409,False
SMIM12,-0.374759660835712,0.320506288858783,False
AKT3,0.192274648919414,0.320506288858783,False
LTBR,0.205868180188579,0.320506288858783,False
FBXO7,0.336173220188117,0.320703812688287,False
MRPL12,-0.321496517653252,0.320774985475202,False
AFAP1L2,0.633881290287855,0.32094998943997,False
GOLGA3,-0.15361090435969,0.321028612819968,False
ANOS1,-0.286235615544649,0.321073187571721,False
ATPAF1,-0.292994220473107,0.321073187571721,False
NCL,0.242747937133213,0.321217999883173,False
GOLM2,-0.227674063371307,0.321307594886083,False
SPTAN1,-0.131271951661061,0.321307594886083,False
YBX3,0.56263990611226,0.321307594886083,False
MINK1,-0.18004556120801,0.321307594886083,False
LYVE1,0.386593083837532,0.321307594886083,False
TPPP,-0.382247488501106,0.321307594886083,False
ATP5PD,-0.27421117668789,0.321307594886083,False
CEPT1,0.13932308034119,0.321307594886083,False
SEC13,0.124024747817415,0.321307594886083,False
KCTD5,0.27115753681157,0.321471932081317,False
BST2,0.344861546136126,0.321471932081317,False
FAM120B,-0.160009393402577,0.321471932081317,False
HCLS1,0.435615013915294,0.321764379151544,False
SSB,0.175607353774677,0.321861690289822,False
NT5C3A,0.147888888058345,0.321861690289822,False
DHRS7B,-0.231125434756912,0.321861690289822,False
BCAT1,-0.363043172692274,0.321861690289822,False
KXD1,0.15337031500699,0.322030129518138,False
NUP58,0.153335539394019,0.322030129518138,False
SYPL1,0.319241041158362,0.322311077888788,False
NAPG,0.210299439265901,0.322311077888788,False
DEF8,-0.176309532843849,0.322311077888788,False
GNAI3,-0.214760968325306,0.322311077888788,False
CLCN7,-0.143561085686519,0.322570037705443,False
ABHD12,0.219073282022178,0.322570037705443,False
FHL1,-0.287754322520961,0.32274031634914,False
CHI3L1,0.565401281465225,0.322833563783599,False
CDC5L,0.24184399977168,0.322833563783599,False
PPP6C,-0.119084860408464,0.322847237049502,False
ERGIC2,-0.234802004974972,0.323211848231342,False
SEC14L2,-0.259920711626656,0.323450865717152,False
GLRX5,-0.307642166392945,0.323457610366789,False
COL1A1,2.23446243546211,0.323589948439066,False
MKRN1,-0.170710925030897,0.323589948439066,False
PNN,0.224504978097261,0.323645773355277,False
TXLNA,0.140420276997467,0.323923776526354,False
MPZL1,-0.238962509644228,0.324904327525434,False
PTPRU,0.280704263743715,0.324965479203126,False
C9orf72,-0.242806763194747,0.325220681143603,False
OCIAD1,-0.239533158019087,0.325287998165288,False
PUM3,0.189432749925203,0.325537109267366,False
SEMA6D,-0.260294362847548,0.325549583226323,False
HPCA,-0.316654828917287,0.325590910301805,False
EDNRB,-0.506204608330037,0.3258363825304,False
NPLOC4,0.154815852800203,0.325909674210958,False
ATP13A2,-0.255535559530275,0.325918579231075,False
CNDP1,0.642360527875182,0.325918579231075,False
PRELP,2.16852366836416,0.325920926969044,False
CTSS,0.488811705877349,0.326251245783847,False
ATP2B3,-0.406701255297214,0.326251245783847,False
CCDC43,0.219949782636185,0.326393504795942,False
MARF1,0.249309589057654,0.326393504795942,False
MAN1B1,-0.217932338725071,0.326575245889981,False
RAE1,0.10534937672103,0.326626647051686,False
NBN,-0.157806042216522,0.326784308187152,False
DDX46,0.207186114002203,0.326871622607401,False
GSTM5,-1.44507670936293,0.327223718859135,False
GAA,0.298634799175908,0.327741699809428,False
C17orf75,0.184677973928373,0.327741699809428,False
NUMA1,0.258079639582851,0.327741699809428,False
RAPGEF6,-0.220864777678618,0.327741699809428,False
PTRHD1,0.400164645741384,0.327741699809428,False
OSTM1,-0.15085624770377,0.328046327426728,False
RPRD1B,0.298559349891013,0.328363801131445,False
ATP5MJ,-0.299212935340906,0.328670149260846,False
KCNA4,-0.290456167906826,0.329113734164653,False
PPP1R12A,0.248032221946206,0.329113734164653,False
GRB2,0.175786165452742,0.329115734656004,False
ALG6,-0.162812160373866,0.329629809342188,False
EPRS1,0.131216234815415,0.329751628319371,False
CALU,0.254105318008248,0.329751628319371,False
HNMT,0.407052810963393,0.329751628319371,False
CRK,0.128114624220084,0.329930644899505,False
ALG9,0.153317724681639,0.329930644899505,False
NPEPL1,0.194327001968691,0.329934841429806,False
NUDT9,-0.230545374365857,0.330106795473364,False
HMGN4,0.464102242888655,0.33036324262711,False
MYO1B,0.900763873382827,0.33036324262711,False
FCER1G,0.437071826367105,0.330401004473459,False
ARFGAP2,-0.213126570489402,0.330401004473459,False
SORCS3,-0.324000622325797,0.330520009924657,False
TMEM177,-0.236795128497401,0.330611113059595,False
GSTA1,1.56343381283072,0.330929313393839,False
MRPS10,-0.185514702491258,0.331190642896918,False
DNPEP,0.177864317404167,0.331259313126813,False
AIP,0.191225260011763,0.331259313126813,False
BSCL2,-0.312423527324362,0.331615244957621,False
CDC42BPB,-0.167423956818293,0.331615244957621,False
RHOBTB3,-0.336652968332005,0.33197699961582,False
PPP4R3A,0.170727881010109,0.332038148937628,False
ANKS1A,0.289630416107347,0.332210773476513,False
NSFL1C,0.141562562116578,0.332272171311228,False
ADO,0.27545021806594,0.332272171311228,False
XAB2,0.245276464666711,0.332272171311228,False
TNS2,0.56537292530807,0.332272171311228,False
RBM10,0.220077540790405,0.332272171311228,False
LIAS,-0.175699923945705,0.332758587995897,False
MATN2,1.11548765064844,0.332758587995897,False
CARNS1,0.621553245415779,0.33283645656742,False
OPHN1,-0.190355594080481,0.333276162679064,False
AP1S1,-0.150780271343285,0.333576847835713,False
ELMOD2,0.31448437132164,0.333576847835713,False
HVCN1,0.297748317729777,0.333576847835713,False
DNAJB11,0.15100223331461,0.333576847835713,False
ELOVL1,-0.239757961307901,0.333667520813451,False
PECAM1,0.400533858323382,0.333801234842027,False
OAS2,0.257893088775301,0.333801234842027,False
FBL,0.254376740523215,0.333801234842027,False
STX1B,-0.463444417375289,0.334141301618052,False
RAD23B,0.132332456508935,0.334350223595091,False
COL6A1,1.46711620101238,0.334533840000435,False
HRAS,-0.164429018586072,0.33485858503039,False
CCDC136,-0.372633502982691,0.335131948955149,False
MAGOHB,0.227648686858794,0.335221545340137,False
TK2,-0.199938197954342,0.335221545340137,False
HNRNPU,0.210113642560911,0.335548074767488,False
TIMMDC1,-0.202604398491602,0.335606786676512,False
AP2S1,-0.166904958890681,0.335606786676512,False
SLC4A7,-0.150706675038118,0.335606786676512,False
DDAH2,0.279383908485263,0.336513757134355,False
NUDT5,0.265078730271757,0.336513757134355,False
KIF3C,0.395614817479679,0.336513757134355,False
NTMT1,-0.207839320685434,0.336513757134355,False
POLR2C,-0.14556162627528,0.336513757134355,False
FRZB,1.3077684108623,0.336513757134355,False
EIF4A1,0.153265256466625,0.336987265950338,False
TLCD4,-0.296516154733739,0.337379857091141,False
VPS29,-0.120470932795593,0.337379857091141,False
TPD52L2,0.232005357125981,0.337533656363654,False
SULT4A1,0.306835511230933,0.337533656363654,False
CALD1,0.957277215972312,0.337533656363654,False
TMEM132E,-0.37384320605659,0.33831879307696,False
USP47,0.107345757891547,0.338959397195802,False
RPL35,0.15213069168545,0.338959397195802,False
ATP5PO,-0.266897681758943,0.339703922745845,False
RARS1,0.12062100742275,0.339720483651198,False
NDUFB1,-0.257216601406031,0.340056185803214,False
PSMB3,0.155140368555525,0.340141656598266,False
IK,0.210346794730699,0.340152493606001,False
COMMD10,0.140010467470903,0.340152493606001,False
TBC1D17,-0.130563399120641,0.34045393406138,False
DYNC1LI1,0.161613230970621,0.340664017884382,False
GTF2A1,-0.145523174749393,0.340700193093084,False
SNX1,0.143823582785265,0.340964353533133,False
ZNF207,0.217883179372575,0.341019795154586,False
XRCC6,0.221251602594521,0.341019795154586,False
RNF20,0.179579443913168,0.341071815405385,False
C1orf43,-0.182467549735579,0.341071815405385,False
GCC2,-0.173046762482581,0.34122338512132,False
SLC25A12,-0.357884418951734,0.341397039513127,False
GGT5,0.579237004376168,0.341397039513127,False
DOCK5,0.336666836073254,0.341397039513127,False
CACNA1E,-0.397162318570088,0.341397039513127,False
RANBP1,0.22399549295503,0.341939506235965,False
RAPGEF1,-0.170461176705561,0.341939506235965,False
GAS2,0.320696992645042,0.341939506235965,False
RPAP1,-0.166906569234895,0.342087231006559,False
HNRNPAB,0.406433291559752,0.342131278387676,False
UTRN,0.442073254788165,0.342131278387676,False
COL6A3,1.54729595000177,0.342273158531572,False
ACSS2,0.319797282011498,0.342273158531572,False
NUP214,0.137005082054689,0.342665314065459,False
IP6K1,0.163115842364008,0.342706247620187,False
CAMK4,-0.360573385712682,0.342706247620187,False
RCBTB2,0.375497633816229,0.342706247620187,False
BOLA3,-0.322257567450587,0.342769880186905,False
SMOC1,0.434375740555863,0.342934581419214,False
HAPLN2,0.739151796566416,0.343111092912279,False
TTC4,0.173925812308372,0.343664476910687,False
SYT5,-0.529233811518075,0.344288277275056,False
DMGDH,0.234689904660165,0.344288277275056,False
SVIL,0.516026439521038,0.344407770757646,False
BCL2L13,-0.321777841331974,0.344585232517207,False
NAXD,0.185308617875679,0.344619085218934,False
LTBP2,1.33722322387526,0.344619085218934,False
SNAP29,0.222667698764427,0.344819303310901,False
COX16,-0.240941731299204,0.345740497026575,False
MYO1F,0.27053123298961,0.345740497026575,False
WAS,0.19708333038575,0.345740497026575,False
PEX11B,-0.269574893069933,0.345740497026575,False
PIRT,-0.230516463268728,0.345879008936326,False
CORO1B,0.170909689733984,0.346224010972693,False
FBXW9,-0.197627103782554,0.346224010972693,False
HERC4,-0.151602767366585,0.346273305689861,False
ADCY3,-0.211428886256313,0.346493436390111,False
KLHL3,-0.238959853500692,0.346493436390111,False
NDUFA4L2,0.228763967135861,0.346493436390111,False
FMN2,-0.229001269936068,0.346493436390111,False
GSTT2,-1.17571035564921,0.346493436390111,False
DDX23,0.209139887522479,0.346493436390111,False
PIK3CB,0.169047618679272,0.346527718357889,False
FBXO2,-0.320743446167397,0.346527718357889,False
DDX60,-0.318225390348981,0.346527718357889,False
MATR3,0.257652753714314,0.346527718357889,False
CACNA2D1,-0.271816114185846,0.346527718357889,False
RPL29,0.190005619717425,0.346527718357889,False
CHKB,0.166602920618821,0.346527718357889,False
YAP1,0.461755649837293,0.346795368229073,False
UQCRC1,-0.282937324710197,0.347137018739949,False
SNCA,0.443432850510764,0.347146183567671,False
F11R,0.35374130693544,0.34762801376253,False
NEDD1,0.269975134763901,0.348166137126631,False
CYB5R3,0.280368306963283,0.348602709350417,False
DCTN5,-0.175716490455862,0.348749890029665,False
WDR54,-0.252032123276118,0.349182895579343,False
LGI4,0.222153435908909,0.349253168590151,False
CAMK2D,-0.256078682033142,0.349253168590151,False
ATG5,0.123123597960176,0.349958476156253,False
PON2,-0.623501963445364,0.350024273195636,False
HIKESHI,0.315948769546507,0.350601180767975,False
UBA2,0.213994853343264,0.350882271365625,False
FAF1,0.145145916023116,0.351167224569431,False
TXNDC17,0.181501201921467,0.351480043261744,False
CLIP2,0.20013628279659,0.351489646905614,False
RPS6KC1,-0.144097304886739,0.351617375584164,False
ATP1A3,-0.415120412070845,0.351617375584164,False
CRPPA,-0.150367205905114,0.352219929348931,False
UBXN4,0.119004554565887,0.352219929348931,False
TTYH2,-0.270288951522863,0.35224948610205,False
BABAM1,0.167386748997517,0.352401696695531,False
COPA,0.118235392635574,0.352569862686263,False
LSM8,0.158751414323294,0.352880166099107,False
ALG11,0.14284937815385,0.353653377142783,False
IGFBP6,0.770099962320152,0.353957954569578,False
RAB33A,-0.222804159280585,0.354114240775145,False
CAMK2B,-0.321681793353083,0.354114240775145,False
CYC1,-0.298852470187075,0.354123071574874,False
LIMK2,0.316656900310848,0.354123071574874,False
LPCAT3,0.324296231730911,0.354123071574874,False
KDM3B,-0.16352389382511,0.354183763460242,False
ENTPD1,-0.259791216274376,0.35445780667247,False
CRYM,0.816446627040717,0.35445780667247,False
H2BC11,0.407096548910751,0.3545253500061,False
CHMP5,0.177630898655654,0.354802991648133,False
LDAH,0.310980606775623,0.355034568792387,False
KIF1B,-0.166169495407352,0.355399558229638,False
FBXW11,-0.131067779702228,0.355578526057514,False
ILK,0.362206680800474,0.355578526057514,False
FKBP1A,0.205209129813442,0.355789040088194,False
ARF3,0.145327451466436,0.357035987301796,False
LAMP1,0.227808157751305,0.357206756388724,False
RBMX,0.486986131011323,0.357617038609572,False
RPS6KA3,0.18997348899218,0.357626561069962,False
STEAP3,0.500431565694628,0.357626561069962,False
CASP6,-0.258319352497473,0.357626561069962,False
SNRPD2,0.23821967754103,0.357626561069962,False
GSTT1,-0.886444904539244,0.357626561069962,False
KIT,-0.439276935021369,0.357659555227933,False
GYG2,-0.394736032711579,0.358772051263002,False
NMRAL1,-0.579845670236667,0.358772051263002,False
ARPC5,0.211342935457916,0.358772051263002,False
NUP107,0.173105945421534,0.358772051263002,False
BCAN,-0.356853835184996,0.358772051263002,False
GCAT,0.671197245919059,0.358960365713348,False
APMAP,-0.133976256482336,0.359053112788182,False
CIB1,0.245371232507853,0.359053112788182,False
BCAR3,-0.161447370888874,0.359431951015266,False
TMEM38A,-0.224315479627794,0.3597958882854,False
LRRC47,-0.197031684740452,0.36059065564714,False
CCT6A,0.101336606179922,0.360832526328963,False
PDE8A,0.268607134251383,0.361022214275038,False
HLCS,0.184484660810677,0.36111289166663,False
ALDOC,-0.216036096149015,0.362922689035491,False
GIMAP5,0.269670108079094,0.362922689035491,False
QSOX1,0.210616896569086,0.363138030666915,False
DCAF8,-0.179608679144327,0.363138030666915,False
SYNM,0.54216995146402,0.363138030666915,False
UBQLN1,0.232844494992568,0.363138030666915,False
CHCHD7,-0.153012334507493,0.363138030666915,False
INPP5K,-0.112644012903111,0.363138030666915,False
CLPB,-0.249543938786108,0.363138030666915,False
GET3,0.136880759916908,0.36324154428074,False
IGKV1-5,0.334937567136215,0.363322202566488,False
MDK,0.662624272997355,0.36389000454459,False
SEPTIN7,-0.22147035703162,0.364240617142168,False
CRABP2,0.834621427163004,0.364240617142168,False
RDH14,-0.117189784051224,0.364342520248424,False
IGHMBP2,0.167316160583489,0.364342520248424,False
TECPR1,-0.235716460829851,0.364342520248424,False
TEX264,0.124561987640055,0.364494054617951,False
SNF8,0.116491116680724,0.365795327316048,False
SLC1A1,-0.308176973175855,0.36591366256541,False
SYNPR,-0.732512377141211,0.36591366256541,False
FYN,-0.153741731898254,0.36591366256541,False
TSFM,-0.280512396944232,0.365985811762355,False
RHEB,-0.141859921150173,0.36605019867852,False
CAVIN3,1.24783779762728,0.366168368444733,False
AFM,0.915257831614401,0.366168368444733,False
EML2,0.253007330122299,0.366168368444733,False
WSB2,-0.279648012033819,0.366168368444733,False
RRAGD,-0.233601759968487,0.366168368444733,False
ORC5,-0.226377817574322,0.366168368444733,False
SELENOH,0.220734879567258,0.366208328624493,False
SF3B3,0.166589470025155,0.366919054553462,False
C2orf69,-0.240669364870968,0.366919054553462,False
DYNC2H1,0.319282624262605,0.366919054553462,False
EIF4E,0.110047507866188,0.36712304394585,False
VCAM1,-0.269057594376222,0.367989216963985,False
CAVIN1,1.1228250030647,0.368137922440426,False
RRAGC,-0.149380959799126,0.368382430162484,False
DNAJC9,0.297111108532125,0.368385664117452,False
SNRNP40,0.209817017123834,0.36876499669007,False
SCG2,-0.619399261447505,0.368933188503507,False
CUL3,-0.107577906615717,0.368941112030446,False
NFKB1,0.215856760644902,0.368966299105258,False
TTC9C,0.287403328011278,0.369248352710056,False
EEF1A1,0.193390027715521,0.369248352710056,False
DCTPP1,-0.313163955771075,0.369268292643508,False
ARMH3,0.188205423459705,0.369367098877783,False
SPEN,0.227333302815169,0.369600479164848,False
SF3B6,0.182349170689867,0.36979499881766,False
SIK3,-0.220422174904352,0.36979499881766,False
ARHGEF18,0.148206179217214,0.370609350204084,False
RAB2A,-0.120798993642403,0.370609350204084,False
FKBP4,0.193443062454085,0.370609350204084,False
SCRIB,0.186880461741069,0.370609350204084,False
TRAF6,-0.170028629386037,0.370609350204084,False
PIGT,0.149856840120973,0.370609350204084,False
ATP2A2,-0.171759468865899,0.370609350204084,False
TGOLN2,0.208861107679818,0.370609350204084,False
NMT2,-0.152983687604918,0.370609350204084,False
CAND1,-0.135138948012044,0.370609350204084,False
TPR,0.200121672656049,0.370609350204084,False
CPNE3,-0.220299531562791,0.37072472734191,False
GGA3,0.153981801234711,0.370751931973592,False
ACE,0.499853263418974,0.371252413706434,False
OSBPL10,-0.310609688678929,0.371349184774866,False
PIP5K1A,0.255397558782695,0.371349184774866,False
AFTPH,0.236755540917579,0.371349184774866,False
CNTFR,-0.263859046830751,0.371349184774866,False
BAG6,0.164440102445026,0.371349184774866,False
KPNA4,0.129327876178499,0.371784550279836,False
CHMP4B,0.21395518968872,0.371784550279836,False
SLC25A40,-0.155764973267368,0.371784550279836,False
FCHSD2,-0.205547508524541,0.371784550279836,False
SFXN3,-0.184078346498922,0.372741612734303,False
LMTK2,-0.203362526497205,0.372807269699558,False
TIMM21,-0.233513847096998,0.372807269699558,False
HMGA1,0.423742546879085,0.373229784059648,False
SEC23IP,0.144578483704109,0.373229784059648,False
PIP5K1B,-0.242532235460551,0.373229784059648,False
COMMD6,-0.121391610495866,0.373284341143341,False
SEPTIN10,0.279978588245362,0.373601642576257,False
SLC4A2,0.234278308227229,0.37400460609694,False
RARRES2,0.514852329015506,0.37400460609694,False
RAB14,-0.104514013249604,0.374447493698638,False
RPL13,0.134554518478108,0.374447493698638,False
PNKP,-0.198951108845258,0.374447493698638,False
GAR1,0.165817452710468,0.374447493698638,False
GTF2I,0.194021665007062,0.374483058129438,False
SNTB2,0.459241830235126,0.375000265913113,False
GPC6,0.287035509000098,0.375032118920934,False
UCHL1,0.305493035456257,0.375247055832309,False
DOCK6,0.21067047462025,0.375942833346704,False
CROCC,0.313070878860382,0.375942833346704,False
EDIL3,-0.30655015406133,0.375942833346704,False
HOMER1,-0.472207781618589,0.375942833346704,False
SCG5,-0.440522751391925,0.37600287050109,False
TP53RK,0.189150942819083,0.376032493551478,False
JPH2,0.391240593962221,0.376032493551478,False
IFFO1,0.303533516482501,0.376579663449076,False
SH2B1,-0.199673741104936,0.376579663449076,False
PPP6R2,-0.160818189241843,0.376940477316777,False
BGN,1.84539107949277,0.376940477316777,False
ABCB10,-0.14086831565869,0.376940477316777,False
EIF3H,0.135667166008812,0.377074676391456,False
WARS1,0.202874919654132,0.377323680152254,False
PHLDB1,0.265980635070829,0.377422843281241,False
LTBP4,0.607455190260938,0.377864379741288,False
RAB6B,0.188576819500332,0.377864379741288,False
SET,0.179279476180893,0.377864379741288,False
DGKG,0.347083493896875,0.377864379741288,False
FAM210B,-0.199474895983466,0.377864379741288,False
STS,-0.261072000590493,0.377922323338389,False
PSMC2,0.120005055002499,0.378167622481759,False
STXBP6,0.416436565018473,0.378660109501153,False
LARP7,0.169458667415149,0.379642098627776,False
PRRC2C,0.20316134698912,0.379642098627776,False
VPS8,-0.181869821581943,0.380094050853729,False
USP9X,-0.116625365275173,0.38010520882609,False
POLR2B,-0.153402147709981,0.380718383269855,False
KAZN,0.204279989343146,0.380718383269855,False
COL1A2,1.86645292311367,0.380718383269855,False
MYO5C,0.363998078174877,0.380718383269855,False
UGGT1,0.135167113491599,0.381152164620978,False
DIS3L2,0.157777236485495,0.382140738958623,False
FAM118B,0.175836987151598,0.382140738958623,False
ATP8A1,-0.479434982814041,0.382184460950992,False
HDLBP,0.14827155742606,0.382818932492259,False
CPNE6,-0.535248369383369,0.382818932492259,False
GALE,0.211840541081051,0.383407682484268,False
JAKMIP3,0.245493459210978,0.383747830408568,False
PRG2,0.764076020627409,0.383747830408568,False
COL6A2,1.31811897816883,0.383925078140451,False
REXO2,0.169772180458381,0.383925078140451,False
ROCK2,-0.100753371983249,0.383925078140451,False
STX10,0.170319973976875,0.384092366685767,False
PRPF38B,0.150749478171174,0.384215625093252,False
PSMA3,0.122675171091862,0.384400036259699,False
DPYD,0.379030286459277,0.384458978295027,False
MID1IP1,0.274397354721819,0.384458978295027,False
CD276,0.22491183131261,0.384458978295027,False
PAK4,0.262111539068298,0.384458978295027,False
RBM4B,0.109088552758525,0.384458978295027,False
BOD1L1,0.226584397551061,0.384837158993623,False
KANK2,0.836278631843122,0.384908950576382,False
ARSD,-0.281987212886869,0.384908950576382,False
BPNT1,0.14500676454503,0.384908950576382,False
ZC3H7A,-0.148654444806228,0.384908950576382,False
ARMC10,-0.160177711934013,0.385130850176034,False
RIMKLA,-0.279584419464696,0.385855138441562,False
POGLUT1,-0.204704556514976,0.386211544727549,False
PKP2,1.2791463962146,0.386220000122621,False
PYGB,-0.212522407430679,0.386220000122621,False
DEPTOR,-0.273933283567072,0.3864724547507,False
NME1,0.167320087066663,0.386702832782951,False
TFG,0.0954753708524478,0.386702832782951,False
RPRD1A,0.129598060693056,0.38694826031064,False
ACOT13,-0.215632569778263,0.38699537457068,False
GUCY1B1,-0.337432803940997,0.38699537457068,False
CLTC,-0.159177154083682,0.38699537457068,False
LGALS8,0.305768363705766,0.387069593624067,False
BTF3,0.191312182722953,0.387127788925742,False
ALDH1L1,-0.295356049725889,0.387127788925742,False
SDF4,-0.276029177172064,0.387127788925742,False
C12orf4,0.220185265195406,0.387301240573312,False
PSIP1,0.20961446336125,0.387417034222683,False
DLGAP3,-0.510148921845859,0.387417034222683,False
RBM8A,0.202181401761292,0.387447867328669,False
RCN3,0.610693324275718,0.387682105203479,False
AP1G1,-0.118708293159793,0.387695479092465,False
LAMC3,0.41431526161842,0.387834073650499,False
SMC3,0.253635212891229,0.38808673313383,False
GLRX,0.263109258025287,0.388419160196453,False
PAPSS2,0.449730662594185,0.388419160196453,False
C1orf198,0.321570369314657,0.388993289740953,False
UAP1,0.171654141805755,0.388993289740953,False
LGI1,-0.343787347669643,0.389239215802094,False
PALS2,0.536587229523967,0.389239215802094,False
CD36,0.395668066462773,0.389595925494559,False
EIF3CL,0.108243346877497,0.38983381483961,False
MPHOSPH8,-0.166997435937177,0.38983381483961,False
LSAMP,-0.221333321753001,0.390599953248348,False
ZFYVE16,0.191333966819499,0.390599953248348,False
METTL9,-0.199920190409591,0.391248820113981,False
ARVCF,-0.331938756929461,0.39154898127397,False
SLC25A13,-0.208885596374108,0.39154898127397,False
COPB1,0.110691595060688,0.39157645949662,False
C19orf12,-0.146446737096406,0.392030484464374,False
ALDH3A2,-0.244380772837784,0.392030484464374,False
SART3,0.171395849129899,0.392676990834096,False
ACVR1,-0.153853836403104,0.392676990834096,False
EIF3D,0.144249144993905,0.392676990834096,False
LSG1,0.122097020657918,0.392826485448593,False
ASPSCR1,0.147228320349173,0.392826485448593,False
TMEM199,0.192471889290956,0.393352754554727,False
RPL27A,-0.214208662670577,0.393401149191931,False
TSEN34,-0.14888264401031,0.393577508615572,False
COPS5,0.111053937025693,0.393577508615572,False
NUP160,0.143446070454468,0.393577508615572,False
CHPT1,-0.115412525001956,0.393577508615572,False
MAGI1,0.251713295124899,0.393651634781588,False
PPOX,-0.154260472434566,0.393651634781588,False
CISD2,0.131008489242978,0.393670737790844,False
SRC,-0.208321992192756,0.393670737790844,False
LRP1B,-0.228873478035354,0.393670737790844,False
GSS,0.154501783235149,0.393670737790844,False
NT5DC2,-0.221793599452711,0.393670737790844,False
PHLDA3,0.330290712158687,0.393707995676167,False
MIB1,-0.167158124629433,0.393865613228505,False
GABRB2,-0.615997752659448,0.393945578011648,False
DDX21,0.1850207778014,0.394284570161545,False
PSMC3,0.107389842019687,0.394662313660642,False
H1-0,0.403608582187163,0.394662313660642,False
TMEM47,-0.200780990897006,0.394662313660642,False
PSMD11,0.0935645269847161,0.394756581450518,False
SYTL4,0.437540394029,0.394756581450518,False
AGTPBP1,0.181902776319276,0.394756581450518,False
XPOT,0.160678421113891,0.394756581450518,False
RPF2,0.221754974453876,0.394756581450518,False
OCLN,-0.255792336274949,0.394756581450518,False
RBM3,-0.371174327257337,0.394756581450518,False
FSTL1,0.262707679740802,0.394774418832596,False
EWSR1,0.329987123866157,0.395152760127219,False
PPP1R14A,0.509338727740525,0.395452056378815,False
ACBD5,0.171465061367959,0.395452056378815,False
YKT6,0.113982065076874,0.395452056378815,False
DENND11,-0.238844094165755,0.395452056378815,False
TIMM44,-0.15686445976584,0.395452056378815,False
ZC3H14,0.189971204251941,0.395452056378815,False
TP53I3,0.364380451795416,0.395452056378815,False
SLCO2B1,-0.123122656241429,0.395452056378815,False
RAC2,0.181842371880592,0.395452056378815,False
GID4,0.153390300615908,0.395614880795047,False
PPIB,0.178749156780821,0.395614880795047,False
MFAP2,0.826267225829023,0.395614880795047,False
AP3D1,-0.162974754240897,0.395614880795047,False
KLHL42,-0.170578768046473,0.395734567944453,False
FARSB,0.222834463974124,0.396074688736396,False
MX1,-0.403021295352935,0.396075059425824,False
SLC37A4,0.186555535895312,0.396075059425824,False
CYRIB,0.180255117112157,0.396075059425824,False
SAP30BP,0.13735718018928,0.396075059425824,False
DNPH1,0.166968159302044,0.396613378542869,False
RPS27,-0.2054616318805,0.396613378542869,False
EIF2AK2,-0.0925206790501463,0.397191026704443,False
THOC5,0.186654007359343,0.397287360738784,False
STX2,0.239047387092391,0.397700795883481,False
PSMD5,0.141686733398865,0.397700795883481,False
PTPN11,-0.165380581696631,0.397700795883481,False
SEC22B,0.156290402138634,0.397989242111965,False
TEX2,0.166055974458672,0.398013405719151,False
CYTH3,0.156099708543688,0.398013405719151,False
TRIM22,0.248873042309454,0.39824637414792,False
CAMSAP3,-0.269317686748135,0.39828437058626,False
ABCE1,0.1142555519471,0.398400829781825,False
ABLIM1,-0.246971196549485,0.398443649057012,False
ERH,0.208708437691735,0.39895574636291,False
UCHL5,-0.147264244001942,0.39895574636291,False
BBS2,-0.150478499508001,0.39895574636291,False
MPC2,-0.255838838693064,0.39895574636291,False
PTBP1,0.264768548047748,0.39895574636291,False
SCAMP2,0.225764163557244,0.39895574636291,False
AHNAK,0.845881600476915,0.398985217597924,False
RIC8A,0.123543940905945,0.39966185900005,False
DPM3,-0.160383648574973,0.399834554489764,False
ULK2,-0.139740309851454,0.399880238200045,False
NCKIPSD,-0.204966751320695,0.399880238200045,False
IGF2R,0.239448841131678,0.399880238200045,False
RDX,0.202146962429365,0.399880238200045,False
PCNP,0.315132212400612,0.399880238200045,False
TNKS1BP1,0.39422280622507,0.40000131628658,False
PGK1,0.141964506168007,0.40004284665388,False
ALDH16A1,0.320173481027265,0.40004284665388,False
KIAA1191,-0.254985220667757,0.400211142029986,False
FBP1,0.648882014598584,0.400418197438105,False
MAG,0.417518738893259,0.400418197438105,False
TRIM56,0.189406887562904,0.400418197438105,False
CETN2,-0.150269113437155,0.400540163180923,False
FNDC3A,-0.136770685120092,0.401039297966146,False
MNDA,0.414787196781278,0.401246579463757,False
HDGFL2,0.205034114377783,0.401276781088067,False
JUP,0.488919512650538,0.401723379834004,False
TLE4,-0.136216885942184,0.40223368195152,False
ISG15,-0.309283715535585,0.402238069532118,False
EFL1,0.12761036804816,0.402238069532118,False
TXNL4B,0.183571939033974,0.402523610017871,False
MICALL2,0.316246414991313,0.402523610017871,False
RAC1,-0.167640987809683,0.402547440480087,False
TELO2,-0.130965913571646,0.402691001957861,False
OSBPL3,-0.335992974687041,0.402970383098141,False
RPL22,0.140386532838784,0.402970383098141,False
GNAI2,-0.195801341120886,0.403224797110589,False
RPL4,0.122165951532386,0.40343596084686,False
CAV2,0.742000332460742,0.40343596084686,False
HSD17B12,-0.153240369384207,0.40343596084686,False
ARL6IP4,0.151729240653682,0.403927813723283,False
TRAPPC2L,-0.0959577906823252,0.403927813723283,False
RAB37,-0.45757822604763,0.403971699307127,False
BRD4,0.202455723396112,0.404086764217777,False
TRRAP,0.133347563176802,0.404160877006435,False
ANKFY1,-0.147789055913345,0.404160877006435,False
THSD4,0.556539050487419,0.404160877006435,False
MEGF8,-0.137941308914598,0.404668352402788,False
WDR13,-0.183569378654541,0.40537717447116,False
MLYCD,-0.222366205754174,0.405579044788034,False
NEU3,-0.124522688919575,0.405579044788034,False
ABCB8,-0.298536269439262,0.406178381069219,False
UBXN7,0.19641448272828,0.406178381069219,False
AMPD3,0.316521473825818,0.406178381069219,False
MAP6D1,0.544569161934706,0.406178381069219,False
GDPGP1,-0.190841151929724,0.406178381069219,False
NAPA,-0.152437035911573,0.406178381069219,False
PHB2,-0.145635343226793,0.4068289153717,False
ATP5MK,-0.152285672903723,0.407295377043801,False
SDHD,-0.384815647928658,0.407362378335532,False
LNPEP,0.20683662398983,0.407523498963931,False
MACROD1,-0.224342009011812,0.408058669366266,False
SERPINB6,0.179465045611503,0.408434368191439,False
DSG1,0.535582587914166,0.408519436673224,False
EML6,-0.284118198379365,0.408519436673224,False
SRSF9,0.341502834276978,0.408519436673224,False
MBOAT7,-0.196597446349985,0.408519436673224,False
TRAM1,0.173794389902577,0.408519436673224,False
PI4K2A,0.169516013827293,0.408549832730869,False
BAG5,-0.135040814359263,0.40965927307889,False
MAPK7,0.182044984701475,0.409709665242426,False
DHX36,0.111312557719955,0.409709665242426,False
DAP,0.25202351356965,0.409709665242426,False
UBXN6,-0.138940454550049,0.409709665242426,False
ATL3,0.17384061729963,0.410236156580642,False
SDK2,0.203477346178412,0.410456106339984,False
TBC1D2B,0.184897485746593,0.410456106339984,False
TUB,-0.27833959913994,0.410746057815168,False
PICK1,-0.180593339292573,0.410746057815168,False
FAM98C,0.136509177179733,0.410746057815168,False
CLIP1,0.106439589789796,0.411447138751065,False
RINT1,0.138094299162667,0.411621944371437,False
OMG,-0.426572273166686,0.411967348502545,False
TTR,0.761605297126481,0.411967348502545,False
ANXA11,-0.270679689629413,0.412108257823879,False
CLEC16A,-0.132613640207154,0.412108257823879,False
H1-4,0.328332463012218,0.412269926436006,False
CPNE5,-0.415721401798518,0.412511730992835,False
MAPK8IP1,-0.195902154691709,0.412511730992835,False
SLC25A51,-0.190694577963225,0.412796702682155,False
FKBP9,-0.217783014004052,0.412796702682155,False
IREB2,-0.220954872943598,0.412796702682155,False
GPNMB,0.875318059981653,0.413561313142155,False
AGO3,0.0892565746662477,0.413875216599944,False
IER3IP1,0.172156157109608,0.413875216599944,False
ARHGAP12,0.195546659422268,0.414031432661015,False
PAM16,-0.224299168723613,0.414056956268307,False
PRKCB,0.287924277756179,0.414251490105366,False
IL6ST,-0.165833625841108,0.414537892661508,False
GNAZ,-0.210841033653523,0.414856430251412,False
EFEMP1,0.839056802362327,0.415248259644945,False
DENND4C,-0.226268462285001,0.41530634709267,False
EMC1,-0.12433856705514,0.415993090137171,False
WWC3,0.155029913039982,0.416649354369568,False
ELAVL2,-0.298437098342078,0.416978733933977,False
EIF3F,0.145339331749238,0.416978733933977,False
RFC1,0.145266963429762,0.417150220521187,False
TXNRD3,-0.236215207500232,0.417432039309745,False
ITGA3,0.297278764054116,0.417749812432384,False
HTATIP2,0.27740802290983,0.417766869242338,False
ACTL6B,-0.104496634247523,0.417766869242338,False
PSMA5,0.109142865773451,0.417766869242338,False
PLSCR3,0.234667680166295,0.417766869242338,False
ECE1,-0.283614488459516,0.417864326535526,False
MIGA2,-0.176411125964406,0.417917727977777,False
ATP6V1G2,0.425984900000243,0.418073381070995,False
SNX33,-0.185207438493847,0.418073381070995,False
ADD3,-0.246964945380828,0.418073381070995,False
TFCP2,0.115927801414557,0.418073381070995,False
EXOSC4,0.137872685117359,0.418073381070995,False
NLE1,-0.169397352218462,0.418246376284487,False
ZNF598,-0.219488847159571,0.418343972314431,False
SIPA1L2,-0.160008331412482,0.418353447664668,False
HSPH1,0.219482552463116,0.418978539371212,False
MAPK8IP3,-0.17857640657744,0.419144505470108,False
SASH1,0.218197571213974,0.419385642974295,False
S1PR3,-0.312654664888644,0.419385642974295,False
CCT3,0.0922377230880933,0.419466297485155,False
RTF2,-0.145580593629492,0.419466297485155,False
DENND3,-0.167124546572208,0.419552824012111,False
DSG2,0.599185498899408,0.419552824012111,False
UBE4A,0.095980855671419,0.419598983624166,False
SNAP91,-0.27894086279734,0.419598983624166,False
ATAT1,0.199323002765386,0.419984899265311,False
SSC5D,0.850170353594963,0.420097786726228,False
NFX1,-0.190133046423205,0.420097786726228,False
AAR2,-0.120509052544992,0.420097786726228,False
GLB1,0.215628479457617,0.420097786726228,False
CHADL,-0.185223537902292,0.420097786726228,False
HEBP2,0.23883835822272,0.420097786726228,False
ADCY9,0.196366855553581,0.420097786726228,False
MX2,0.393801981027202,0.420097786726228,False
SH3PXD2B,0.208267653874767,0.420097786726228,False
NAT10,0.146137951581048,0.420393829585501,False
RABEP1,0.115166680806146,0.420824516547186,False
GPX2,-0.362842693101307,0.420876763564116,False
PYCR1,-0.169548444380952,0.421451689854839,False
TUBGCP2,-0.113114536005584,0.421462431230255,False
MTR,-0.234750704515235,0.421462431230255,False
GIPC1,0.215880020979649,0.421462431230255,False
LAMC1,0.614991173311115,0.421462431230255,False
DCAF10,-0.177106720714426,0.421462431230255,False
PSPC1,0.186803264418762,0.421462431230255,False
NCEH1,0.215476903952524,0.421462431230255,False
ECM2,0.363833359182629,0.421639605306808,False
TIMP3,0.913557133560461,0.421888241902443,False
ALDH18A1,-0.194646722740274,0.42207930796194,False
HAX1,-0.268246660635873,0.42207930796194,False
TANK,-0.127946436721236,0.422534185765664,False
SRSF3,0.176747612417525,0.422534185765664,False
RABGEF1,0.113437042797415,0.422732488901687,False
RMDN3,-0.159312307607046,0.422732488901687,False
ESD,-0.219952496170507,0.423040316159579,False
DOCK1,0.15362863136696,0.423040316159579,False
APBB1,-0.173693114881944,0.423357838267649,False
TNXB,1.13511804065303,0.423403900234933,False
HECW1,0.246579882375299,0.423403900234933,False
PSPH,0.178312733523601,0.423403900234933,False
SH3GL3,-0.278781051827549,0.423403900234933,False
ALDH7A1,-0.230467345048103,0.423403900234933,False
MAGT1,0.193661733368153,0.423403900234933,False
CHCHD4,-0.161634276015366,0.423403900234933,False
PDE1B,-0.350020444250681,0.423403900234933,False
OXSR1,0.119766187838501,0.423403900234933,False
APOBEC3G,0.240740737226468,0.423795879493282,False
FBXW5,-0.169123104014099,0.42389462759548,False
USP5,0.14065708637982,0.42389462759548,False
SUMO1,0.173580211654512,0.423946508868324,False
CAPZA2,-0.130584448763354,0.424936348532416,False
EIF3G,0.227615100652681,0.424998805626902,False
GPAA1,0.128752302531298,0.425281290420815,False
AP3S1,-0.172035779645025,0.425552270613035,False
FA2H,0.357148258338882,0.425552270613035,False
STXBP1,-0.311772520653005,0.426423734713268,False
DBI,0.303374731464531,0.426464948089445,False
DES,0.743279500123858,0.426555042134153,False
HNRNPR,0.17696921243383,0.42666717688088,False
FKBP7,0.574715868071,0.427282569238988,False
IGSF8,0.237092808247722,0.427282569238988,False
ESYT1,0.109065087621241,0.427282569238988,False
KIFC3,-0.180944048855759,0.427282569238988,False
AQR,0.11140669993134,0.42882186624442,False
IGFALS,0.485865152272785,0.429443239091366,False
RSL1D1,0.167753407579946,0.429921678077822,False
STARD7,-0.248467082000127,0.430040766935756,False
NNMT,0.587033062138163,0.430127586793818,False
NUP54,0.13759805671088,0.430190421573292,False
RETREG1,0.218605483306114,0.430190421573292,False
SPTBN2,0.167344293860419,0.430190421573292,False
FAM184A,-0.188344595251953,0.430212418167099,False
SEMA4C,-0.170332122424955,0.430212418167099,False
MARCKS,-0.269133287548906,0.431268278724068,False
IFI35,-0.280751412660712,0.431336097271906,False
MTFR1L,-0.232683629063414,0.431336097271906,False
AGPAT3,-0.204803373559624,0.431359637125267,False
ARHGEF37,0.216844167504998,0.431735149229197,False
TIAM1,-0.159756477395416,0.432029567225276,False
ENPP2,0.324605863648777,0.432222181858534,False
POMT2,-0.131681436883683,0.432805190257892,False
LEMD3,-0.213390243129565,0.433358970284352,False
PARP10,-0.156303893115681,0.433387924970984,False
POLR2E,-0.178268242175179,0.433411009695813,False
SCN2B,-0.284071473718703,0.433411009695813,False
RAB3GAP1,0.0884231613617992,0.433411009695813,False
TUBB2B,0.297471699686083,0.433411009695813,False
H2AZ1,0.313042371285865,0.433411009695813,False
STX11,0.29797415775819,0.433589721653377,False
N6AMT1,-0.260459170596138,0.433589721653377,False
TMEM41B,-0.142391229385776,0.433749568657351,False
ATP1B1,-0.278312011418869,0.433749568657351,False
TBC1D25,-0.141492057446136,0.434304653553327,False
ERMN,0.549247784079924,0.434470235440895,False
HAGHL,0.198034959083697,0.434952980023459,False
SLC39A14,0.155224647736875,0.435803552558837,False
WIPF3,0.386274756121468,0.43595361398369,False
MAP3K20,-0.220325481096487,0.436051124063993,False
TNKS,0.196898229303325,0.436498086991356,False
CMC1,-0.339694526720005,0.436657344851063,False
UCHL3,0.187118794370031,0.436770081904433,False
ATE1,0.130026630380957,0.436922600791337,False
RAB6D,0.141795062711203,0.436950823448079,False
TMEM30A,-0.279621276229383,0.43719159740363,False
PIGR,0.763350168168557,0.437221061185631,False
ANKRD27,-0.133754676506626,0.437221061185631,False
PRMT5,-0.117340700591338,0.437290036108397,False
SLFN5,0.237629559026755,0.437290036108397,False
MRPS31,-0.16380775624374,0.437984723712613,False
RPL23A,0.138287947961864,0.438067146580163,False
CDC23,-0.111377578252787,0.438748401188622,False
TSPAN5,-0.324015981695596,0.439073093331906,False
NFU1,-0.207581057701626,0.439189008069462,False
GANAB,0.163748424066728,0.439189008069462,False
AGT,0.343492952124155,0.439868265500276,False
SPON1,0.405815512382311,0.439868265500276,False
PAXBP1,0.112391898300302,0.4403473041798,False
SPOCK3,-0.221833553921566,0.440422879377272,False
CHMP4A,0.197409120593845,0.440553975347443,False
CNTNAP1,-0.238413127963179,0.44058709522723,False
UMPS,-0.13276458614633,0.441225529709332,False
HADH,-0.157769560165384,0.441225529709332,False
ARHGEF10L,-0.158822576534421,0.441909087614021,False
SYNGR2,0.231542182246978,0.441909087614021,False
STMN3,0.268399325165744,0.441941178089259,False
ARL8B,-0.10566689920838,0.441941178089259,False
TMEM259,-0.185801323859117,0.442039342239865,False
WRNIP1,0.150303548973151,0.442414038814984,False
COQ8B,-0.260877743522489,0.442414038814984,False
FARP1,-0.258763211017902,0.442414038814984,False
ELMO2,-0.153264242954624,0.442414038814984,False
CLIC4,0.2248053212776,0.442414521474086,False
RAB27B,-0.452210852760319,0.44269488832707,False
KIFAP3,0.172334617812648,0.442995841280502,False
FASN,0.20307014825028,0.443417328675483,False
SRSF1,0.267190251055776,0.443417328675483,False
GNAQ,0.169254326184092,0.443417328675483,False
SCARB2,-0.155570992740916,0.443789144369135,False
PSMB5,0.114514698382898,0.443868035226238,False
ZW10,0.117133178924833,0.444333738157884,False
MAPRE3,0.176134091555634,0.444921702104467,False
ARFGAP3,0.190700171688663,0.444921702104467,False
SRA1,0.250138806394627,0.444984365656753,False
STX6,0.135820949600895,0.444984365656753,False
MYLK,-0.204961909068032,0.444984365656753,False
CNN3,0.298440434047627,0.444984365656753,False
CLCN4,-0.169526708214331,0.444984365656753,False
KCTD16,-0.354075462791799,0.444984365656753,False
ARFGEF3,-0.182954506372647,0.444984365656753,False
RHPN2,-0.180322074654147,0.445219157411362,False
IL1RAPL1,-0.154918813762109,0.445219157411362,False
PLXNB1,-0.219724520966198,0.445263292958699,False
SUB1,0.185686698480437,0.445667965806955,False
PAQR4,-0.194753993289511,0.445975426333927,False
PCSK2,-0.388484124050084,0.445975426333927,False
PRMT3,-0.201092033733865,0.446219448155356,False
NUP205,0.146752947050837,0.446219448155356,False
GUCY1A2,-0.336399312418965,0.446219448155356,False
H1-10,0.34858467598535,0.446353017565317,False
DLST,-0.218908739509276,0.446430383986668,False
MTHFD1,-0.228523213508444,0.446443944777302,False
NUDT12,-0.213580487986787,0.446589119599604,False
WASF1,-0.219351570273781,0.446589119599604,False
COPG1,0.117803597159805,0.447257184088565,False
ALYREF,0.29539097754636,0.447463548801873,False
PRKCE,-0.218129046954566,0.447475921753044,False
SFXN4,-0.182437319584601,0.447588925010967,False
OSCP1,-0.324207750673121,0.447824490018906,False
TKFC,0.186991381058959,0.448208397790467,False
DCAKD,-0.206022609350837,0.448208397790467,False
PFKFB2,0.235396175811514,0.448360282216619,False
TCEAL5,0.320278945812786,0.448579297393861,False
IFT27,-0.13999043876257,0.448959851287073,False
ADAMTS4,-0.209048782007792,0.449725059845044,False
CXADR,-0.303836791500233,0.449959934088225,False
CAV1,0.979202467136615,0.449959934088225,False
CPS1,0.856369561077195,0.449959934088225,False
DNAJC30,-0.192637380844225,0.449970058985399,False
VPS37A,0.093289098580577,0.449970058985399,False
ARL6IP5,0.165266199946197,0.449970058985399,False
PRKACB,-0.14319113501581,0.449970058985399,False
TSPO,-0.184312555652119,0.45012216812942,False
GTF2E1,0.137890341560166,0.45012216812942,False
SHH,0.323869713589541,0.45032697055942,False
BIRC2,-0.130830506730948,0.45032697055942,False
GLT8D1,0.203718465631823,0.450776053260536,False
UBE2Q1,0.15397279548889,0.450776053260536,False
ACTN4,0.194987084136494,0.450776053260536,False
PIPOX,-0.327099783312115,0.451061678364545,False
PODN,0.509559860252131,0.451657970735902,False
BACE1,-0.184941180381182,0.451657970735902,False
STK39,0.221674809969031,0.451663995855386,False
SMARCD3,-0.170199187150457,0.45186652768816,False
MT2A,-0.398374398546089,0.45186652768816,False
ABCA1,0.292975258241363,0.452636197150135,False
HIP1R,-0.284255444382721,0.452636197150135,False
MTMR12,0.115852659459769,0.452773124734556,False
EXOC3,-0.0870762883779452,0.453433566049066,False
RMC1,-0.125327883955508,0.453433566049066,False
FAM124A,0.236830242036843,0.453624183276928,False
PPM1A,0.140762298479073,0.453624183276928,False
MAN2B1,0.19370402542107,0.453692858289959,False
MYH10,0.143527872103016,0.453692858289959,False
CCT7,0.0890330326929565,0.453767021770156,False
JAKMIP2,0.154742377260991,0.453767021770156,False
MAP1S,-0.205593470961905,0.454586195943933,False
MRE11,0.147618637854338,0.454586195943933,False
SELL,0.25641557882556,0.454586195943933,False
CYTH1,0.169831969923772,0.454586195943933,False
METTL3,0.138181557215326,0.455034185940407,False
CHURC1,-0.149884536045285,0.455406790790934,False
AKAP10,-0.143799858409636,0.455691407265769,False
ALDH1B1,0.460983546527059,0.455691407265769,False
SPATA20,-0.655690283004087,0.455850763747066,False
ATP5F1B,-0.18725742388178,0.456067660893465,False
HDAC4,0.145119424256456,0.456515879593592,False
LIPA,0.316554454916272,0.456718146951804,False
ECPAS,0.107230902040063,0.456718146951804,False
SNX11,0.157888324113912,0.456718146951804,False
CRYAB,0.426982094570416,0.456725281723583,False
PARVA,0.304451607820377,0.456725281723583,False
CIT,-0.36919847879734,0.456725281723583,False
EPPK1,-0.411094725239888,0.456725281723583,False
PEX3,-0.126017083961433,0.456774682112648,False
SNX6,0.116818890955869,0.456915363241925,False
MPDZ,0.12909073197109,0.456915363241925,False
MRPS18B,-0.182509984968237,0.457144235225696,False
NAA15,0.118262667961281,0.457144235225696,False
MCM3,-0.222892372446077,0.457144235225696,False
CEP41,0.19686291057406,0.457208650313308,False
ITIH5,0.5295402115787,0.457438873294161,False
P2RX4,0.250476510821498,0.457450150344795,False
ARHGEF9,-0.293450814295396,0.457450150344795,False
LGI2,-0.306421796124247,0.457657826813322,False
SBDS,0.142783124349853,0.457690260891855,False
PTPRM,-0.15705892192767,0.458046751196347,False
CAD,0.271891377275395,0.458046751196347,False
RNF149,-0.129722424536311,0.458289668737292,False
TOR1AIP1,0.188242376056683,0.458417599946009,False
GMPR,-0.236641811590303,0.458648021574663,False
MYH9,0.30639912986468,0.458648021574663,False
AGFG1,0.136562714026617,0.458648021574663,False
EGFR,-0.380784109565656,0.458824815988916,False
KBTBD2,-0.106722682466599,0.458824815988916,False
STARD13,0.176854942993065,0.459250988254052,False
TASOR,-0.190152779647518,0.459417018461392,False
CDNF,0.189750784034482,0.459775965319659,False
EIF5A2,0.193798940818162,0.460190205054039,False
NUDT19,-0.136762532909848,0.460635658112186,False
EFNB1,0.262451521188416,0.461570916344557,False
UBFD1,0.178161633703594,0.461570916344557,False
INPP4A,-0.175035157293035,0.461570916344557,False
TRAF1,0.145880256101193,0.461570916344557,False
BNIP3,-0.1437464780679,0.461642882079658,False
PGM2,0.216194138871131,0.461753823234139,False
COL5A2,0.842907093569048,0.461928658123895,False
DNAJA1,0.119327433296384,0.46215318450534,False
RNF214,0.13103435875724,0.462372786412459,False
CRTAC1,0.223350754301126,0.462372786412459,False
HIP1,0.209179665924559,0.462372786412459,False
COLEC12,-0.411492260588057,0.462372786412459,False
NCAN,-0.453626344424819,0.462372786412459,False
CUX1,0.163631413359353,0.462586676905744,False
AP1S2,-0.1368909943618,0.462586676905744,False
C2CD2L,-0.164838151988487,0.462586676905744,False
POMK,-0.182744372353256,0.462607986733066,False
WDFY2,0.142294669870999,0.462628952415164,False
UFM1,0.191362376059253,0.462677925604928,False
BANF1,-0.272897890873398,0.462903017727424,False
PCBD2,-0.135647254812939,0.463635365480107,False
SLC39A6,-0.1523165475726,0.463635365480107,False
FBLN2,0.653890283097208,0.463635365480107,False
RUFY2,-0.146729527555514,0.46381699404356,False
ICAM5,-0.355916187118375,0.463884375760322,False
CPQ,-0.170102452564809,0.464483599095824,False
FAM136A,-0.257087902973243,0.464483599095824,False
PPP2R5E,-0.132686777536819,0.464878709929497,False
YEATS4,0.104647404364838,0.464878709929497,False
CSTF3,0.139814997758505,0.464878709929497,False
HSDL1,-0.146866101195563,0.465057454101926,False
SUMO2,0.128404054375538,0.465057454101926,False
ABTB2,0.254264480455185,0.465057454101926,False
UPF1,0.0761295792875156,0.465057454101926,False
WDR18,0.148398148304388,0.465057454101926,False
LSM3,0.132912039344587,0.465057454101926,False
SSR3,0.16260297068205,0.465076045996679,False
EPN2,0.204421765219692,0.465123841443266,False
SYNGAP1,-0.522087513958069,0.465253973393432,False
DDB1,0.0923059842951961,0.465253973393432,False
SNX30,0.220519650142375,0.465522341081595,False
SPATA2,-0.14859289565026,0.465541216714161,False
EIF3K,-0.0975140437783235,0.465541216714161,False
TMEM33,-0.131586543633313,0.465541216714161,False
USP24,0.0932185037331212,0.465541216714161,False
STRIP1,-0.0959889682020885,0.465541216714161,False
EIF4G3,0.119535091254154,0.465542714585892,False
HS1BP3,0.145143649886162,0.465806171056242,False
CSRP1,-0.202582515057459,0.466155451988749,False
MT-CO1,-0.276564837815404,0.466246690040342,False
RASA2,0.117512914677992,0.46627436144031,False
BTBD17,-0.539993490002111,0.46627436144031,False
RBCK1,0.11379012429473,0.466363612211337,False
SNX7,-0.160703956757715,0.466480614910963,False
GNB1,-0.152523662441038,0.466480614910963,False
NUP155,0.162299490984058,0.46690347721622,False
N4BP1,0.120237394640934,0.46690347721622,False
USP14,0.13488317562949,0.467248207104781,False
SFXN5,-0.315921684145207,0.467331003332086,False
PLXNC1,-0.244090208567444,0.467331003332086,False
EIF2B3,0.142578780699109,0.467971328088874,False
CD84,0.259558741387374,0.46810926596468,False
PPP2R2C,-0.20652238414934,0.468348762566596,False
TMX1,0.164769371767447,0.468448463201544,False
GRTP1,-0.102297688479257,0.468491205007009,False
GNAO1,-0.160184516184128,0.468491205007009,False
PIK3CA,-0.111758954459644,0.468536666714185,False
DNAAF10,0.155434018414721,0.469576446821648,False
EMC2,-0.0938411376030981,0.469960443134471,False
DGKQ,-0.232739581598124,0.470083263687398,False
TBC1D12,0.218254963140853,0.470797990340619,False
BCL2,0.221518274764927,0.470929157117033,False
SORD,0.230068242704238,0.471714369760514,False
ZNF451,0.172651283421347,0.472184024601475,False
IFT88,-0.131251107091988,0.472524684324872,False
ZC3H12C,0.161563368142039,0.472804072993277,False
GPN1,0.165538925552837,0.472879189045396,False
MAST1,0.214904917256727,0.473228860593504,False
PRRT2,-0.410585207047897,0.473684282126584,False
GID8,0.131377498602807,0.473851683211523,False
RAB28,-0.137105558869646,0.473936178639971,False
COL4A6,0.465685455581484,0.474443352819655,False
TMED7,0.120214173518004,0.474443352819655,False
NONO,0.223579944658656,0.474443352819655,False
SCG3,-0.312841656142082,0.474609585688691,False
CSAD,0.30176651458021,0.474609585688691,False
TAF15,0.168988793855915,0.474609585688691,False
WWC2,-0.121841947226542,0.474960746706088,False
SLITRK5,-0.159724004875095,0.474960746706088,False
RGS7BP,-0.269677731513203,0.474960746706088,False
LIPE,0.416450734620177,0.474960746706088,False
TMED10,0.125182595404267,0.474960746706088,False
PDGFRB,0.398084844997281,0.474960746706088,False
CAPN7,-0.124253795810372,0.474960746706088,False
TBK1,0.0925493698388955,0.474960746706088,False
PPTC7,-0.218437859172806,0.474960746706088,False
LMAN1,0.213795138718266,0.474960746706088,False
MAP1LC3A,0.20763715839211,0.474960746706088,False
TMX3,0.123194224299263,0.474960746706088,False
SLC35B2,-0.110170431295823,0.474960746706088,False
CSNK1D,0.251684361901519,0.474960746706088,False
MRPS34,-0.163237900056755,0.474960746706088,False
TUBE1,0.160048412319441,0.474960746706088,False
TBC1D4,0.180186761977271,0.474960746706088,False
SUN1,0.329012794512579,0.475371908589937,False
AAMP,-0.10486070494664,0.475746407689425,False
SLC25A29,-0.21016802334391,0.475794779002836,False
DESI1,-0.152293762869069,0.475794779002836,False
SMARCA2,0.155905972605048,0.475794779002836,False
RTN4,0.229555966375086,0.475794779002836,False
ICA1,0.18382571723601,0.475846270905585,False
MIA3,0.12517256678994,0.475879816326967,False
POLRMT,-0.222481720355982,0.475930804875141,False
GRIP1,-0.232371997527677,0.476110733611723,False
PDE1C,0.323937044068021,0.476110733611723,False
WDR37,-0.168375334403802,0.476179510609032,False
ELP2,-0.13737241921015,0.476213872796876,False
OSBPL1A,0.143554827884694,0.4763259011608,False
SRPRA,0.141101885501719,0.476868898248124,False
VPS25,0.112173375913185,0.477272430133366,False
TRUB1,-0.209422173677627,0.477292940263768,False
COPB2,0.0959249769035022,0.477506674565041,False
CNTNAP2,-0.271650610917451,0.477506674565041,False
CFAP20,-0.151313338697737,0.477570239771121,False
MYO1A,0.666477182204275,0.477570239771121,False
MOCS3,-0.182146448203467,0.477978770229567,False
PAFAH1B3,0.147828154243662,0.478029719273,False
LONRF2,-0.193077209641888,0.478131149531014,False
ITM2B,-0.128698858133907,0.478175039834591,False
CCK,-0.224381390072989,0.478175039834591,False
GRAMD4,-0.157694541312752,0.478175039834591,False
RHOG,0.298336996719783,0.478175039834591,False
MYEF2,0.151476071938575,0.478373652116623,False
MOB3A,0.25604399034972,0.478373652116623,False
TCEAL4,0.188041141136726,0.478428909626565,False
PPM1J,-0.235651463904877,0.478428909626565,False
AIF1,0.28310297687568,0.478451325265533,False
DUSP19,0.119366559456587,0.478476433218714,False
XRN2,0.143892727761003,0.478476433218714,False
LGMN,0.387989448580666,0.478755677577539,False
SNRPB,0.138728942100187,0.478979910763069,False
ATP2B1,-0.234665911952479,0.479078263292067,False
ADSS1,0.318997738198616,0.479452901677729,False
NIT2,0.13459970212533,0.479452901677729,False
SPG7,-0.163836609226296,0.479452901677729,False
CACNB4,-0.316681779874607,0.479452901677729,False
SH3BGRL,0.16556568524299,0.479510093860449,False
TWF2,0.12580014572584,0.479510093860449,False
ADH1C,-0.54272224157156,0.479534809914508,False
TGFBRAP1,-0.0986142659637661,0.479645775284782,False
ELP5,-0.164704641787255,0.480013876076825,False
KIAA1217,0.242804588161576,0.480013876076825,False
TMEM192,-0.182832480768779,0.480013876076825,False
MBOAT1,0.24133526634979,0.480013876076825,False
RABGGTB,0.11762440348541,0.480013876076825,False
TTBK2,0.180201239176394,0.480382922178541,False
PACS1,-0.121984262173884,0.480382922178541,False
CPSF7,0.120147608351457,0.480443972163432,False
CDIP1,-0.163765249727345,0.480936842149137,False
PTPRK,-0.211694968110123,0.481715953795079,False
NOTCH1,-0.184111253793272,0.481715953795079,False
COMT,0.211062666709317,0.481715953795079,False
ACTR1A,0.11874685737695,0.481715953795079,False
ALDH1A2,0.372800658694167,0.482184853425432,False
SRP68,0.0915684707805884,0.482184853425432,False
CPSF3,0.101848685766194,0.482184853425432,False
GDI2,0.1314741557071,0.482518026469671,False
SCCPDH,0.150388548097348,0.48264879254389,False
ABLIM2,-0.225972229984318,0.48264879254389,False
MYO9A,0.143862648159531,0.482722780335139,False
WASHC2C,0.195942712508478,0.483229745534555,False
AQP1,0.443175852199104,0.483512385011849,False
TFIP11,0.190312422483071,0.483512385011849,False
FMR1,-0.116608257464697,0.484188740085485,False
EIF3L,0.0824139623233933,0.484188740085485,False
PTS,-0.247397266876577,0.484375435512047,False
RP2,0.240107697320269,0.484543209949979,False
CMIP,0.201230700381693,0.484543209949979,False
WDR48,-0.127980262547707,0.484704259602107,False
TMEM143,-0.140867430264596,0.485000549645747,False
PRDX4,0.160116099767558,0.485000549645747,False
GSR,-0.120972170776653,0.485169269208686,False
RRAS,0.283475254194803,0.485169269208686,False
PKN2,0.130750550102977,0.485169269208686,False
QNG1,-0.164559289332363,0.485169459712689,False
SEPTIN9,-0.215406887422608,0.48522801724051,False
CGNL1,-0.17021043236517,0.48522801724051,False
IGLV3-19,0.232441988464321,0.485732285925371,False
ACTB,0.108691716867098,0.485732285925371,False
PSMC5,0.0823840434072238,0.485732285925371,False
HTRA1,0.235897875988753,0.485732285925371,False
VMA21,-0.129465815749329,0.485732285925371,False
HBG2,0.883719494291128,0.486362275962413,False
CD53,0.194132673072252,0.486362275962413,False
DIAPH1,0.193397606117808,0.486362275962413,False
ATP5F1A,-0.185873639912153,0.486362275962413,False
LSM6,0.106888274405604,0.486677647127483,False
PCDHGB2,-0.145969434488975,0.486677647127483,False
IFT140,-0.134902947850819,0.486677647127483,False
KANK4,0.325400744947034,0.486799485977171,False
GSDME,0.235097592349902,0.487840095505596,False
PSMG2,-0.170020016323662,0.487840095505596,False
EVI5,-0.116872698652247,0.487921048367036,False
ZPR1,-0.161290515823671,0.487921048367036,False
SRP19,-0.104876838009673,0.487925461068024,False
P4HB,0.192916463327046,0.48796396303664,False
DUSP22,0.166570127296031,0.48796396303664,False
LSM14A,0.310790302409762,0.48796396303664,False
TMEM178A,0.219612639807242,0.488304109546789,False
PLAA,-0.0887286677427124,0.488614924003864,False
RAB3IL1,0.319509886691294,0.488614924003864,False
NUP62,0.121093363292471,0.489091267038466,False
ARGLU1,0.169822396996537,0.489091267038466,False
ABCC4,-0.251740980400035,0.489091267038466,False
PDPK1,0.135413766855335,0.489241545700409,False
GFRA2,-0.34596155624188,0.489604743155417,False
CKAP5,0.113190792637752,0.489750285377359,False
STIM2,0.176300613534011,0.491490282250377,False
CACUL1,-0.134453686772809,0.49156330616169,False
CLASP1,0.143319619226025,0.49156330616169,False
GRAMD2B,-0.159042995689451,0.49156330616169,False
EMC10,-0.158855841235795,0.49190196373898,False
CDH11,0.186334725301588,0.49190196373898,False
ARPC5L,-0.10037764560224,0.49190196373898,False
NFXL1,-0.133413386728717,0.49190196373898,False
CD99,0.348830680083108,0.491958085826935,False
GPC5,-0.270755554268272,0.491958085826935,False
C2CD5,-0.136914122687612,0.491958085826935,False
SCARB1,-0.147940728477884,0.491958085826935,False
PEX14,0.143028116454644,0.491958085826935,False
PIP5K1C,-0.162725626515813,0.491967518339477,False
CAMKV,-0.662268563017401,0.492708711699273,False
MAPKAPK3,-0.180404558416447,0.492881456449871,False
AGTRAP,0.214512362549176,0.492988358505056,False
AKAP11,-0.147834789942546,0.492988358505056,False
GOLGB1,0.161062295801015,0.493290732187048,False
LYSMD2,-0.194268257744715,0.4935405068465,False
BCLAF1,0.191625274886231,0.49398623530043,False
TMEM9B,-0.133245986535135,0.494112266324305,False
MAP2K6,0.140224921285508,0.494112266324305,False
OPRM1,-0.260141374855387,0.494475499847944,False
LZTS2,0.149251822781369,0.494659751417442,False
NUB1,-0.115224795993441,0.494811487025676,False
MDGA2,-0.222769803884837,0.495417230943406,False
COL21A1,0.73473765730802,0.495460531933017,False
TENM4,-0.171365129325274,0.495460531933017,False
RDH11,0.157343136526658,0.495713334929265,False
SSRP1,0.166944281522225,0.495713334929265,False
DNAJC10,0.141263539701422,0.495713334929265,False
CD44,-0.334775643000583,0.495713334929265,False
WASHC4,0.114597145623298,0.495713334929265,False
RPS6KA5,0.154882524029198,0.495713334929265,False
SLC4A1AP,0.173423702491316,0.495855683682289,False
IGKV2D-24,0.300009354066499,0.495855683682289,False
PFN2,0.155379093079798,0.495913043659332,False
DUSP3,0.130859616138714,0.495913043659332,False
MOG,0.415422686769068,0.495913043659332,False
GOLGA2,0.105560719682545,0.495913043659332,False
PCK2,-0.329606152848358,0.496416972827473,False
HDAC6,-0.154411049426018,0.497516171746729,False
USP12,-0.170538790021872,0.497516171746729,False
DHX30,-0.132188419471936,0.497730281913626,False
RING1,0.185090705176393,0.497730281913626,False
PNPLA2,0.209835675313367,0.497730281913626,False
SMG8,0.12130958693041,0.497859399373799,False
CNP,0.331180715174083,0.497859399373799,False
EPS15,0.144975389932378,0.498271977194443,False
DAO,-0.497837450609417,0.498271977194443,False
PHF24,-0.313729349974649,0.498654422545616,False
FBXO45,-0.105463369925906,0.498654422545616,False
PABPN1,0.129842615121303,0.498890445414428,False
PRKCI,0.086531228227444,0.499136346839291,False
EML3,0.188174191608022,0.499252936551211,False
PPM1B,-0.117589381042471,0.499252936551211,False
NAV3,-0.141614903811554,0.499252936551211,False
GAP43,-0.334723135525902,0.499252936551211,False
KCTD4,-0.265129244126891,0.500167598732612,False
SYN3,-0.372067158852997,0.500364177788391,False
KHK,-0.243627320551098,0.500364177788391,False
CSTF1,0.161779825114422,0.500677452914466,False
MACROH2A2,0.202688568358809,0.500677452914466,False
PDIA4,0.160061284084051,0.500688855469302,False
CASP14,0.429356755170681,0.500802467261383,False
EHD2,0.561459139470116,0.501370509038195,False
RNF146,-0.170503097748056,0.501599662160342,False
GABPA,0.123589971243911,0.501601846741424,False
HNRNPUL1,0.163519963777356,0.501907097630968,False
SLC35E1,-0.134605829722164,0.502043179267562,False
SERPINB1,0.258055854069756,0.502043179267562,False
RNH1,-0.225585523493802,0.502186724545173,False
MTUS2,0.21077310846699,0.502209942665036,False
FDX1,0.131697996312174,0.502401261280418,False
VSNL1,0.277503215487521,0.502409790310164,False
FGF1,0.276897175708129,0.502694696466645,False
IQSEC3,-0.309069040931808,0.502761442256477,False
PXMP2,-0.115221482865859,0.50296540493188,False
PLD4,-0.23599083996697,0.50296540493188,False
ACSBG1,-0.292130063578551,0.50296540493188,False
NELL2,0.301764697140065,0.50296540493188,False
LGALS3BP,0.245951316343954,0.50296540493188,False
CDH5,0.282764012096779,0.50296540493188,False
PMVK,-0.162957082203384,0.50296540493188,False
CPNE2,0.192539744841774,0.503079367945819,False
DDHD2,-0.344182219128266,0.503575916850838,False
PELP1,0.129198385232176,0.503575916850838,False
NOC3L,-0.148651787037925,0.503702810006735,False
RCOR3,0.143726977953685,0.503721806424721,False
BLTP3B,-0.113341291806485,0.503721806424721,False
DNER,-0.168101439605842,0.503721806424721,False
MAP2,-0.516004185973037,0.503721806424721,False
CAPN5,-0.260828317568475,0.503721806424721,False
PDE8B,-0.21104379251264,0.503721806424721,False
ITGB5,-0.18564873179152,0.503766857640939,False
ARF6,0.132724285059973,0.503766857640939,False
USP34,0.130538540966203,0.504039885123173,False
HUWE1,0.0753028593736929,0.504041357331853,False
HSD17B4,-0.116367664757572,0.504041357331853,False
SMAD4,0.187713201778598,0.504045347541399,False
GLOD4,0.0995826569660974,0.504045347541399,False
APBA1,-0.172124130426912,0.504045347541399,False
CTSL,0.224310947849952,0.504075412108433,False
RNF41,-0.134009251099528,0.504565178294968,False
PLCG1,-0.116309320340994,0.504565178294968,False
KIF5A,0.279790344204732,0.504565178294968,False
SRSF11,0.152785980486335,0.504565178294968,False
PSMD14,-0.0802080089308443,0.504634080633218,False
KIF3A,0.121657338583592,0.505070615574508,False
RPN1,0.165598223320682,0.505091359509871,False
HMGB2,0.343452539307343,0.505131563939945,False
GPX4,-0.147641980651636,0.505202263107499,False
JAM3,0.208680848777741,0.505317194352317,False
WDR5,0.159189685695678,0.505475689686603,False
CMC4,-0.196203756482777,0.505475689686603,False
DPP10,-0.316718139520558,0.505503358817737,False
ASPH,0.224502701248193,0.506529173741376,False
CHD2,0.139586333502365,0.506820833277052,False
CBR3,0.200685486607544,0.506820833277052,False
PTPRE,0.135161513106876,0.507012040711076,False
VAMP1,-0.385835324952823,0.50774298167294,False
XRCC5,0.150902337241096,0.507955755431364,False
WIPI1,-0.135135753744032,0.508723160436284,False
GNPDA2,-0.105822407297188,0.508971586595315,False
PNKD,0.195188576918535,0.508971586595315,False
GAK,-0.121020026137129,0.509189902743361,False
CD63,0.192390477610337,0.509195551207409,False
CCT8,0.0769333118682383,0.50931003663729,False
TJP2,-0.273539437192376,0.50931003663729,False
ARAP1,0.11781996475699,0.509562729032941,False
KCNIP1,-0.25577661684862,0.510222566332251,False
SPR,0.129028078083895,0.510222566332251,False
CPTP,0.129361142005497,0.510222566332251,False
BRINP3,-0.19883152565611,0.510222566332251,False
PTPRJ,0.201651605339329,0.510827345302046,False
STAM,0.105412615898844,0.510827345302046,False
SLC33A1,0.124475731032256,0.510827345302046,False
CLGN,-0.176822685301543,0.510827345302046,False
RASGRP3,0.315288161949089,0.510827345302046,False
CPNE8,-0.195439739963957,0.510827345302046,False
UACA,0.411745267992435,0.510827345302046,False
SLC9A1,-0.26510898249896,0.510867545617982,False
PTK2,-0.101333907032162,0.512102113845454,False
TPRG1L,-0.28771322661915,0.51289936451036,False
RNF25,0.133050830270004,0.51289936451036,False
BTBD8,0.236080239230869,0.513358479619382,False
POLR2J,-0.24071344164094,0.513720932023887,False
C7orf25,0.121644707798604,0.514057247516505,False
FAAH,-0.221284547319089,0.514467871722355,False
CPSF2,0.116369964623223,0.514467871722355,False
SNX16,-0.114043903759407,0.514752760051021,False
ABCB1,0.153268259525341,0.514849532098783,False
ASL,-0.171010640376862,0.515153772396808,False
BTF3L4,0.114608686719112,0.515603610311807,False
NAT1,0.270203751407853,0.515603610311807,False
DHX16,-0.0922793702939835,0.515603610311807,False
NEO1,-0.177832312211759,0.515603610311807,False
ENO1,-0.133544684735474,0.515744963930243,False
S100A11,0.435741430700176,0.515790693313659,False
PIGX,-0.188798686498638,0.515987467473277,False
DNAJC12,0.228246014135102,0.516197230716652,False
PRMT1,0.0688069182958149,0.516304460621188,False
COMTD1,-0.157474074062701,0.516997636896694,False
ANP32E,-0.166713016482232,0.517076456039057,False
C5AR1,0.213901441386565,0.517737024983172,False
GIMAP1,0.23785619921737,0.517770625832314,False
PCMT1,0.134106482601364,0.517947286948258,False
DVL1,-0.125513109838676,0.517947286948258,False
PPIP5K1,-0.130835905014382,0.518322782857121,False
TRMT61B,0.209899550583908,0.518332757151279,False
LGALS9,0.217860349708944,0.518332757151279,False
PARVB,0.231174041944405,0.51842533805748,False
WTAP,0.148344118945489,0.518857502348844,False
AKAP8,0.125363080637714,0.51888700692893,False
NHERF2,-0.286215209898556,0.518983541536904,False
PUDP,0.270237029423813,0.518983541536904,False
LY75,0.240521017834809,0.519233535721282,False
ARHGDIA,0.113929047838912,0.519358521119413,False
PIGG,-0.169334611141546,0.519358521119413,False
TBC1D24,-0.157746294582296,0.519358521119413,False
DCTN3,0.237626825486608,0.51972536103278,False
CD2BP2,0.174917849460436,0.519828823833913,False
NCOA5,0.250096740471248,0.5200812576785,False
ANO10,0.167343216713144,0.520154189008409,False
GAB2,-0.137967836095884,0.52031521975227,False
BZW1,0.110654787837399,0.520458847883534,False
DYM,0.0946935518866141,0.520810598486067,False
TTC8,-0.11070748762409,0.520810598486067,False
PSD2,-0.281409055852373,0.521808124407283,False
NRN1,-0.248431306586161,0.521808124407283,False
UNC5C,-0.17396731967363,0.521859049083294,False
ITGA6,0.367750291491395,0.521869962024645,False
FOXK1,0.14451922503078,0.521869962024645,False
SORBS3,0.339048986304542,0.52271772828703,False
SOGA3,0.144637637001384,0.523106157587129,False
MPP2,-0.218675003723019,0.523106157587129,False
PALM3,0.297357660416687,0.523606999335796,False
HACD2,0.23313304955874,0.523614606067074,False
BIN3,0.161695460273517,0.523614606067074,False
MRPS12,-0.143931495804367,0.523656900376232,False
RPS25,0.0918559960138676,0.523712730543705,False
TSPAN31,-0.21094260560214,0.523712730543705,False
SHOC2,0.121529072104511,0.523712730543705,False
MAP3K10,-0.150530526936784,0.523757402341802,False
CYB5B,0.174190807810804,0.524236544365038,False
SLC17A7,-0.672933711036457,0.524390234058523,False
PEX1,-0.123801369060967,0.524758109794602,False
RPS26,-0.229378642513145,0.524989951184227,False
VMP1,-0.136758816733991,0.525011760273052,False
MCMBP,-0.18596212899356,0.525313715548578,False
GTPBP6,-0.235294419009359,0.525557510100221,False
SMARCA4,0.120073164901153,0.525557510100221,False
SQSTM1,-0.250415889747779,0.525585481105573,False
FBXL2,-0.148765975638002,0.525700584758372,False
CSRP2,-0.390799745006955,0.525700584758372,False
MOB4,-0.112930660051934,0.525700584758372,False
FAT1,-0.185899041796021,0.525700584758372,False
TBC1D14,-0.0957267510604982,0.525700584758372,False
AP4B1,0.128477388750215,0.525700584758372,False
C4orf19,0.165726032647443,0.525700584758372,False
PPP2CA,-0.233720552200623,0.525700584758372,False
NRBF2,0.132340898672108,0.526467209082152,False
MYADM,-0.209203515733539,0.526824588567349,False
TRIM46,-0.236948900631425,0.527691339336814,False
CCDC85A,-0.240722702983176,0.527691339336814,False
STXBP5L,-0.181437697733161,0.527878667641417,False
TRMT112,-0.126468492938251,0.528016832890225,False
PTGES2,-0.118932203288461,0.528462184639888,False
GLG1,-0.131979233395604,0.528462184639888,False
HEATR5A,0.137030983287351,0.528462184639888,False
SLC25A10,0.192040752157801,0.528520248239567,False
ARHGAP31,0.191145913040307,0.528566462808261,False
LSM14B,-0.166378765382669,0.529178405700306,False
PRPF3,0.106579813760542,0.529381544902997,False
FRRS1L,-0.163393795741362,0.529461831522441,False
ARL14EP,-0.125467926955058,0.529468443590929,False
RO60,-0.118953639611755,0.529803888336426,False
AGAP2,-0.177409672892301,0.530100790956909,False
USP8,0.145811332920337,0.530144280852126,False
CCNYL1,-0.118002547995453,0.53015143868951,False
CRADD,0.149030099205988,0.530309370572169,False
WWP2,-0.144555630332101,0.530342686816987,False
TMEM9,-0.130960909179323,0.530372385408167,False
TST,-0.171229480057285,0.530395953492659,False
CLPP,-0.113537380955375,0.530703348728758,False
LRRC4B,-0.349011305987679,0.530837865964707,False
TCP11L2,-0.137080071308536,0.530837865964707,False
ANKRD13A,0.101417766615201,0.531543255432917,False
TJP1,0.254679436185087,0.531543255432917,False
SNAP25,-0.287478428016426,0.531543255432917,False
ASCC1,0.135963306628751,0.531543255432917,False
USP39,0.125124183172868,0.531543255432917,False
CTNNBL1,0.137592208580029,0.531543255432917,False
HOMER3,0.182619890783556,0.531543255432917,False
CCDC50,-0.166297387534268,0.531543255432917,False
CAPN1,0.110265219786275,0.531645872858903,False
HSPB8,0.212639125035434,0.531645872858903,False
TIAL1,0.0785531477205375,0.5322310319685,False
SNRPA1,0.112047973832684,0.5322310319685,False
ANAPC5,-0.0994412315747857,0.5322310319685,False
MPG,0.146726989489662,0.53235541481678,False
CDK14,-0.157008300586462,0.533251814973984,False
SEC31A,0.0913251211601658,0.533394681035188,False
TRPV2,-0.269186267718489,0.533645587727108,False
TLR3,-0.131952982931985,0.533645587727108,False
FAM20B,-0.135266479459078,0.533645587727108,False
ELMO1,0.16119116111175,0.533645587727108,False
TRAPPC13,-0.12602469868414,0.534532411841582,False
CCT2,0.0806801426195491,0.534859333644968,False
YWHAZ,-0.128099709764385,0.534859333644968,False
PPM1E,-0.228680898532339,0.535393995197336,False
SUGT1,0.0875775286033527,0.535393995197336,False
ACTN2,0.390622028219473,0.5355198137049,False
SRRT,0.171118069952465,0.535541571493943,False
PDE4D,-0.178789380001611,0.535541571493943,False
OGFOD3,0.165538445216504,0.535541571493943,False
EMD,0.166831021890966,0.536386840735071,False
DOC2A,-0.262122583259477,0.536386840735071,False
ADIPOQ,-0.29767940785067,0.536386840735071,False
GUCY1A1,-0.345275074211825,0.536386840735071,False
CD109,-0.218536135283797,0.537166506955697,False
RANBP6,-0.113249041632272,0.537302516129565,False
NRXN1,-0.217528544391564,0.537538031460776,False
SCN4B,0.308323616390276,0.537819299987589,False
MYD88,0.147732417360024,0.538090333784063,False
ANXA4,0.273180145116967,0.538775623501218,False
CHGA,0.298882620299377,0.539137270359398,False
TSTD1,-0.205869250992516,0.539137270359398,False
CAMK2G,-0.198460919108056,0.539137270359398,False
IGSF9B,-0.246033025804035,0.539137270359398,False
MAN1A1,0.153299614338266,0.539137270359398,False
ANAPC7,0.0942938565738061,0.539137270359398,False
PLIN2,0.832553038858784,0.53974793435958,False
OLFM2,-0.156918353462707,0.53974793435958,False
MAEA,-0.11397502881787,0.539830097734115,False
OSGEP,0.0916700103416783,0.539830097734115,False
CHN2,0.202883123560356,0.539830097734115,False
ADK,0.121634587388161,0.539830097734115,False
MPI,0.133051567350737,0.539924552986142,False
C1GALT1,0.345601389800991,0.54005853231753,False
UNC5B,-0.16604228608123,0.54005853231753,False
UBE2N,0.0881910646705713,0.54005853231753,False
SNX29,0.135863221575569,0.540390373363226,False
SPIRE1,-0.112284823283595,0.540845456627373,False
RALB,0.128417533760421,0.54097675234694,False
FLOT2,-0.176742576417402,0.541476000824685,False
GUSB,0.15860891986234,0.541476000824685,False
STING1,0.335469902144003,0.541701533425529,False
SHC2,-0.137541989446704,0.541764524495231,False
BTBD10,-0.154175633057258,0.541764524495231,False
DPAGT1,-0.143395607406542,0.541764524495231,False
HDAC5,-0.169927359418791,0.541764524495231,False
GPR180,-0.127789406715585,0.541764524495231,False
ATP5IF1,-0.256229733201103,0.541949219592279,False
COPS2,0.0837285593540571,0.542044077998956,False
EBP,0.20286864775962,0.542044077998956,False
GTF3C4,-0.116213976683121,0.542325615824423,False
IGHA2,0.636981476673443,0.542362940044079,False
TOMM20,-0.13591201906727,0.542536239321304,False
EVI5L,-0.129404612606882,0.542798481759893,False
POLR2G,0.157967432241229,0.543417989814891,False
LGALS3,0.548365261015073,0.543488673625567,False
COPS6,0.073485545314087,0.543873731055169,False
CLNS1A,0.130417331861281,0.544174661335373,False
IGKV1-8,0.18654736797447,0.544605225273476,False
PIK3R4,-0.0709839693499159,0.544605225273476,False
ABI3BP,1.40520224722775,0.544605225273476,False
CDK5RAP3,0.112114866901219,0.544708559317761,False
RALBP1,-0.105491133363754,0.544708559317761,False
LRFN1,-0.180549166042658,0.544708559317761,False
OTULINL,0.166776329109232,0.544712002373989,False
TPBG,-0.233238772025778,0.544997827862233,False
SUCO,0.149301941980661,0.544999884290785,False
CNIH4,-0.122285320065323,0.544999884290785,False
SH3GL1,-0.100672145262996,0.545416993631677,False
STK38L,0.11722876401693,0.546061838961303,False
CAB39L,-0.137501102435307,0.546078715002863,False
PNP,0.241334554366578,0.546543623419258,False
GOSR1,-0.0893759554481486,0.547225021117106,False
AKAP13,0.161253516279352,0.547586444403176,False
CCDC47,0.085684816141292,0.547853487135709,False
KIAA0930,0.119879206333277,0.548035793490809,False
ANAPC1,0.104226123022234,0.548379419563366,False
KLHL41,0.366431141701677,0.548379419563366,False
RFX5,0.113171260320582,0.548601253675699,False
NUDCD3,0.161282354826275,0.548601253675699,False
DIRAS2,0.285567449220773,0.548601253675699,False
URM1,-0.110505929507491,0.548601253675699,False
MAP1LC3B2,0.120727942131193,0.548601253675699,False
ATP2C1,-0.119226691363428,0.548606999543161,False
EXOC6,0.111210408048651,0.548606999543161,False
PYROXD1,-0.137564984932024,0.548681650879878,False
STAU2,-0.0974290716301454,0.548681650879878,False
LRRC7,-0.225740244230926,0.54915410125825,False
MCAM,0.305411626824528,0.54915410125825,False
EIF3E,0.0921725539705243,0.54915410125825,False
ANXA2,0.418974641799096,0.54915410125825,False
RGS3,0.263324844980235,0.54968518769035,False
COL4A2,0.463827350848895,0.54968518769035,False
LACTB,0.206310298122581,0.549739235708004,False
SNX15,0.183357498286798,0.550010474473322,False
RBM19,0.161186929469293,0.550010474473322,False
KLK6,0.296303341204986,0.550081943079561,False
TSN,-0.0895721444578665,0.550178802327865,False
MPRIP,0.203796684917595,0.550703871920178,False
PFAS,0.0831649622277411,0.551141212348983,False
HNRNPH1,0.213395837471094,0.551392409165447,False
ESAM,0.158619286685469,0.552013565131179,False
CARTPT,-0.372126381840988,0.552013565131179,False
SIPA1L1,-0.138624178058995,0.552336199978248,False
PLCB2,0.265251077931128,0.55250107159318,False
LMF1,-0.0979670403363198,0.552977901707535,False
EXOSC2,-0.120648791265118,0.553049049542557,False
TRIO,-0.101207712018169,0.553049049542557,False
PON1,0.622410401635669,0.553110544907686,False
ATP1A1,-0.165063965871839,0.553110544907686,False
EML4,0.1540042429703,0.553110544907686,False
ARNT2,-0.172671734316094,0.553242672425658,False
MTMR2,0.148391842817782,0.553348764657027,False
GNA11,0.112899653237307,0.553392124962896,False
RAP1GDS1,0.164864849802324,0.55339526542046,False
PRNP,0.152426069469607,0.55363483339512,False
SH3KBP1,0.134063264710054,0.55363483339512,False
LYPLA1,0.110880709066487,0.55363483339512,False
MTIF2,-0.110249410598593,0.554061042448128,False
CDC16,-0.083692543110045,0.554061042448128,False
PJA2,-0.202364479265533,0.554061042448128,False
MYCBP2,-0.093674802351071,0.554061042448128,False
EPB41L4A,0.114403699246373,0.554061042448128,False
UBA6,0.117240554488816,0.554061042448128,False
EDC3,0.16013990898961,0.554425059473131,False
RGL2,0.10654467695525,0.554755744890299,False
CAMKK2,-0.228657120866739,0.554881428878996,False
FHIP2A,0.103024158517092,0.554881428878996,False
RABIF,0.13907799106518,0.554919519508711,False
SELENOF,0.0986003863964697,0.554919519508711,False
TRIM33,-0.157436784203936,0.554919519508711,False
OSBPL7,0.180079458734879,0.554919519508711,False
PRPH,0.653725980168961,0.554919519508711,False
CBFB,0.213873267837217,0.554919519508711,False
UQCRQ,-0.167855506801361,0.555432352013721,False
CBS,-0.446676879240698,0.555455706625402,False
UEVLD,0.103799054236719,0.555902640698191,False
SNTB1,-0.237777764543583,0.556630578224442,False
TINAGL1,0.414308908410902,0.556635381637391,False
FAM162A,-0.194854504575305,0.557667833455132,False
FGFR1OP2,0.197574690252496,0.557667833455132,False
CDC27,0.0981705370246164,0.557667833455132,False
FBXO42,-0.114259933042149,0.557667833455132,False
SMCHD1,0.102697037327972,0.557667833455132,False
BICD1,-0.173596918692167,0.557667833455132,False
MRS2,-0.213440115591736,0.55778140017467,False
RNMT,-0.113810091752047,0.558152706807753,False
TRIP4,0.140186985460782,0.558616270777038,False
RMDN1,0.182034500036764,0.559142543360034,False
NDUFB4,-0.22204536915616,0.559854805606934,False
UNC45A,0.107325269178673,0.55992695288722,False
QPCTL,0.113694004496691,0.560273507725416,False
NCLN,0.0790816959433478,0.560490778866716,False
RPS9,0.107045474825336,0.560976583950864,False
PRKD1,-0.105815001559427,0.561347899290432,False
MRPS15,-0.12432538625401,0.561440334864847,False
HPS4,-0.147095836703379,0.561440334864847,False
SLC25A33,-0.131458156822469,0.561440334864847,False
EEIG2,-0.179955883396261,0.561440334864847,False
TYW5,0.205157588172558,0.561440334864847,False
RAF1,-0.0918373711169549,0.561545610659508,False
SLC27A1,0.138033662508199,0.561678377095599,False
RPL5,0.0956586590308692,0.561697471031134,False
SYNE3,0.286190872750607,0.561697471031134,False
PBDC1,0.0974230788738595,0.561697471031134,False
COG5,-0.0997003955429721,0.561697471031134,False
ATXN3,0.132984521773702,0.561810020023416,False
SNRNP27,0.109493449236394,0.562117707649171,False
LRATD2,0.174297750999997,0.562130691482783,False
TARDBP,0.0955314473198481,0.562130691482783,False
TANC1,-0.156397737472735,0.562130691482783,False
CNRIP1,-0.143410085938804,0.562130691482783,False
FAM120A,-0.131322935082734,0.562720648557409,False
ATXN2L,0.143705878149854,0.563085620897625,False
COL14A1,0.987892301615306,0.563085620897625,False
TBC1D13,0.120519659362042,0.563245989419395,False
G3BP1,0.137903208729941,0.563824053257531,False
ANKRD13D,0.134882091003712,0.563824053257531,False
TIMM8A,-0.154289910369287,0.563824053257531,False
HID1,0.161679394441584,0.563824053257531,False
HNRNPL,0.175271736532636,0.563874657374961,False
FBXO27,-0.138899810476673,0.564041434604782,False
SLC25A20,-0.150725159047148,0.564627145252825,False
SORBS1,0.373832640247278,0.564640672339168,False
PXN,0.219114124283792,0.564640672339168,False
SYT2,-0.546705096995475,0.564997100701144,False
AP3S2,-0.158591483715161,0.565696543018501,False
CDC42,-0.169900535092811,0.565696543018501,False
LASP1,0.18763646654507,0.565696543018501,False
TBCE,0.161783058757154,0.565696543018501,False
PIP4K2B,-0.124788460661664,0.565707067197426,False
ANKRD29,0.231472604136075,0.566376822886004,False
RECQL,0.170367330652114,0.566639215348723,False
MIF,-0.295597654814722,0.566639215348723,False
BROX,-0.101030893434922,0.566639215348723,False
CKB,-0.193192608423685,0.56665572115524,False
SEC24B,0.0750599552841216,0.56665572115524,False
PPP3CA,-0.202235222930049,0.56665572115524,False
PPP1CC,0.0986731154197296,0.56665572115524,False
ATP5MF,-0.13278288824792,0.56665572115524,False
PPP1R12C,0.117362224269732,0.56672994385753,False
SLC25A32,-0.127133657054526,0.567117817262927,False
DLGAP1,-0.207699432420409,0.567117817262927,False
MASP1,-0.126902609210077,0.567117817262927,False
GPD1,0.371134722708687,0.567117817262927,False
LEPROTL1,-0.208568638601711,0.567117817262927,False
ELP1,-0.112275561798699,0.568444724843417,False
TBC1D22A,0.0832256929927269,0.568444724843417,False
TMEM63C,-0.213369743642822,0.568444724843417,False
EPB41L1,-0.168631487303307,0.568444724843417,False
DNAJC6,-0.189355296577666,0.568444724843417,False
PLEKHG3,0.189612605098955,0.568444724843417,False
MAP2K5,-0.156772327405204,0.568444724843417,False
SLC16A2,-0.169521006056712,0.568475306225087,False
TMTC3,-0.114012637316783,0.568475306225087,False
MRPS27,-0.145238729482395,0.568475306225087,False
FMOD,1.2176288494823,0.568475306225087,False
ORC3,0.10051538913791,0.568662493690124,False
GGPS1,0.128032115647587,0.56892488011581,False
RNASE6,-0.206640570466689,0.569046595823456,False
PAFAH1B1,-0.104922961566942,0.56942120127257,False
PGGT1B,-0.165832296282559,0.569663359481071,False
MYRF,0.166589397547756,0.570323019774887,False
ARL15,-0.122042795651018,0.570330928506913,False
ANKLE2,-0.0975022936595522,0.570373010079145,False
PIGS,0.0922044921208904,0.570373010079145,False
SRP54,0.0634955743511654,0.571268293927277,False
PCYOX1L,-0.131431770444614,0.571614603960605,False
RGS17,-0.189887767383248,0.571680428979107,False
RNASE1,-0.325681555596688,0.57187219406499,False
LRP1,-0.163479381629408,0.571919187286275,False
TLE3,-0.0727363402812129,0.572074070169751,False
TMOD1,-0.1620818575055,0.572173562534421,False
SPPL2A,0.112192730143041,0.572187665405686,False
TWF1,-0.0932171937416317,0.573039825206608,False
WDR43,0.153121864932825,0.573509479395897,False
WDR11,0.119138536562962,0.574048535133751,False
FTO,-0.112625066945077,0.574048535133751,False
GTPBP1,-0.0940955071415406,0.574048535133751,False
UBE3C,0.0912335149681294,0.574373550776544,False
MOB1B,0.150589130918444,0.574389982455852,False
SMPD1,-0.180273267355064,0.575085260942032,False
HAPLN4,-0.462730125909706,0.575562913352594,False
SH3BP1,-0.163807782474757,0.575563645490302,False
TIA1,0.0896423781141369,0.575601743497287,False
FOXO3,0.136393455843207,0.575927132869028,False
ARSA,0.273068624186099,0.576704240568231,False
RPL36A,-0.147072457958728,0.576909190070309,False
OLA1,0.119532095390589,0.576909190070309,False
CKAP4,0.231903831439649,0.576909190070309,False
C1QTNF5,-0.301835170344775,0.576909190070309,False
HOMER2,-0.254192323013977,0.577209887418945,False
CSF1R,0.231614920015479,0.577652002046253,False
XK,-0.132500014676071,0.577671421319121,False
AP3B1,-0.0967600627694587,0.57777018134919,False
REPS2,0.132673637682914,0.57777018134919,False
DDT,0.147745455599976,0.57777018134919,False
AP2A2,-0.0963117082754206,0.57777018134919,False
MANF,0.183767203013817,0.577975307584394,False
ARHGEF2,0.178199587446764,0.577975307584394,False
SMC6,0.091825429038642,0.577975307584394,False
TTLL7,-0.166644744210843,0.577975307584394,False
PPIG,-0.137692064372538,0.57852768527692,False
ACAT2,0.197027259090316,0.57852768527692,False
SPAST,0.131074901382377,0.578551243744044,False
TAF9,0.0879918268199011,0.578551243744044,False
MGMT,0.242853282066908,0.579915546482497,False
ECM1,0.345277021522279,0.580593906301549,False
CHL1,-0.145400478789698,0.580834966538999,False
KRIT1,0.258433790424358,0.581255928921669,False
RHOT2,-0.107468313695247,0.581255928921669,False
OSBPL8,-0.071082805728885,0.581255928921669,False
ATP5F1D,-0.146863784092565,0.581346687219988,False
GPR89B,-0.103827473712457,0.581486154933439,False
CYBRD1,0.458376005312511,0.581748058114395,False
ATRX,0.0992083705839235,0.581852387535928,False
CUTA,0.159390076542062,0.581852387535928,False
RALGAPA1,-0.0723874397960795,0.582348282459429,False
SMG5,-0.097967301267003,0.582366664259815,False
CRB2,-0.134943618567215,0.582581185122798,False
MICAL3,0.0982944065395284,0.582601393504556,False
SGCE,0.336737525596832,0.583086412989488,False
ITGB1,0.213444503709182,0.583086412989488,False
TOR1B,0.146898473020068,0.583086412989488,False
BAG3,0.205567643887807,0.583407958656188,False
OSBPL9,0.130917576313845,0.583407958656188,False
NRCAM,-0.184315348276129,0.583407958656188,False
AUP1,0.106893204609746,0.583562704837607,False
ACSL3,0.0953677619709179,0.58378173879817,False
IARS1,-0.121584794388015,0.584008478443252,False
PTK2B,0.228191000513981,0.584008478443252,False
DDX20,0.0940011200954363,0.584184273132596,False
PIP4K2A,-0.206555043915188,0.584332597172585,False
TRAPPC1,-0.0803558332625052,0.584789031668268,False
COMMD5,-0.096733656781554,0.584993706984748,False
DBR1,0.114149491193503,0.584993706984748,False
CTTNBP2,-0.128524022300404,0.585018239827934,False
GLRA1,-0.425776936443151,0.585312916626154,False
CRBN,0.10297880717083,0.585426514821677,False
RPL31,0.101388105681579,0.585643547333615,False
ACACB,-0.0889265919742535,0.585643547333615,False
TBC1D10B,-0.0989380054679625,0.585838672715982,False
DHRS3,0.294747821178547,0.585970294677795,False
APLP2,-0.107456191134936,0.585970294677795,False
GNAS,-0.11105642853077,0.586515491358152,False
ATG101,-0.0935719169013334,0.586515491358152,False
RBM12B,-0.13279934847043,0.586750324095768,False
BCAR1,-0.174351055633092,0.586870245134966,False
CXCL12,0.442804002618491,0.586870245134966,False
RPS19,0.108311828683442,0.58692050460624,False
VPS33B,-0.0790436650798476,0.58692050460624,False
TCF25,-0.138901802661085,0.586923687280837,False
DPYSL3,-0.182487109114955,0.587258870023046,False
BAALC,-0.278835398146485,0.587708665848815,False
ENTPD2,0.230477879087273,0.587708665848815,False
DYNLT1,-0.140724953339059,0.587708665848815,False
ANAPC2,-0.130524497211824,0.587708665848815,False
COPZ1,-0.0700522603709635,0.587765036432083,False
ARHGEF6,0.132553480975387,0.587765036432083,False
FABP6,0.207059304988478,0.587765036432083,False
UQCRH,-0.27612449764367,0.587934394687187,False
SEPTIN2,-0.170255719692955,0.587934394687187,False
RGMA,-0.207369938155387,0.588370144489796,False
AOX1,0.30662904613876,0.588463426607352,False
DLC1,0.116810754785855,0.588472335174289,False
CKMT2,-0.305135668672825,0.58886766893147,False
PANK4,-0.0909002803225061,0.58886766893147,False
RPL32,0.128534137879674,0.58886766893147,False
PPFIA3,-0.184922237770628,0.58886766893147,False
ATP5PB,-0.160317081464054,0.58886766893147,False
DYNC2I2,-0.156998821960038,0.58886766893147,False
TARS3,-0.128661988871796,0.58886766893147,False
UBE2V1,0.0707450963284924,0.588991595003128,False
SELENOT,-0.0843319363977644,0.58941956300632,False
TMTC4,0.140006512611784,0.589514765466574,False
TGFB2,0.113899211199389,0.589542695799034,False
WASHC5,0.0833355050637508,0.589785025576705,False
TMEM43,0.258319126845725,0.589785025576705,False
PAF1,0.0733860952022267,0.589876906321254,False
SENP8,-0.0785721419551972,0.590033059648437,False
PAFAH1B2,0.147034993572189,0.590298120498678,False
APIP,0.386155173372755,0.590298120498678,False
MAPK3,0.148362403832207,0.590582043816652,False
DCXR,-0.141980183527629,0.590834439665584,False
EXOSC10,0.1257463736738,0.590873864782075,False
PEG3,0.167694221216849,0.590935431020881,False
PPP1R7,0.0750878247691684,0.591040704759266,False
PCBP2,-0.0722614100453871,0.591255283559662,False
DNAJB2,0.144869186901957,0.591279473611643,False
VARS1,0.102312078675865,0.591422469724243,False
HBG1,1.41656425616173,0.591422469724243,False
SNX17,-0.0834868478337878,0.591422469724243,False
RAB4A,0.0934193650540429,0.591422469724243,False
NOMO1,0.0744347840126984,0.591422469724243,False
FGF13,-0.303492408357708,0.591422469724243,False
KARS1,0.100705010790236,0.591422469724243,False
CIAPIN1,0.13939758579504,0.591422469724243,False
CHN1,-0.148790433520931,0.591648336457494,False
L1CAM,-0.288793128627454,0.591749234316005,False
IL16,0.159382944270874,0.591749234316005,False
ARL6,-0.0858788169905722,0.591908656488867,False
TMEM128,-0.208450833083869,0.591908656488867,False
TBCK,0.137859617634875,0.591908656488867,False
AMT,-0.137975250242804,0.59223034177097,False
RPL15,-0.0787402941667947,0.592703063168832,False
MVK,0.218463606879203,0.592897619264027,False
FABP7,-0.322198892326362,0.593257732442259,False
HADHA,-0.116754672440555,0.59329744948087,False
MAOB,-0.189363469817909,0.593317777627167,False
DCX,-0.145210410053241,0.593317777627167,False
NHERF1,0.222123132798954,0.593317777627167,False
AASS,-0.219303915963307,0.593317777627167,False
CALCB,-0.233837845551994,0.593317777627167,False
ARMC8,-0.119888949139499,0.593317777627167,False
OSBPL5,0.0760435278900928,0.593317777627167,False
MTMR14,-0.102545068963615,0.593317777627167,False
DYNLL2,-0.173589318645494,0.593317777627167,False
KCNJ10,-0.237030948656966,0.593317777627167,False
RAB3GAP2,0.0673484418755095,0.593317777627167,False
KANK3,-0.137670159906627,0.593317777627167,False
PIGK,0.0867789210856564,0.593317777627167,False
SORBS2,0.448137696109415,0.593319344586722,False
CHD4,0.0985922087948321,0.593356661105224,False
EGLN1,-0.109073872599968,0.593879247490599,False
ING1,0.121270528035663,0.594105862359814,False
RBP7,0.239455740647617,0.594105862359814,False
USP35,-0.125842824108298,0.594105862359814,False
GDAP1L1,-0.185287507054534,0.594105862359814,False
MDP1,0.0893713275914969,0.594105862359814,False
SYK,0.158269535452511,0.594380811579935,False
INA,0.349166491522146,0.595563820109583,False
PECR,-0.118765486623882,0.595746583579124,False
ITPKA,-0.292356144597932,0.595813605733054,False
RASL12,-0.116483835408025,0.595813605733054,False
UBTD2,0.0884491767484263,0.596406589898728,False
PLA2G15,0.0983808757403946,0.596787419589083,False
RAB29,0.125947491247543,0.596807765054378,False
BTN2A1,-0.249759809521719,0.597153374566337,False
THUMPD3,-0.0990340279552573,0.59774538385444,False
CES2,-0.238144110657977,0.598236691517335,False
ATP5PF,-0.190975569384007,0.59910847034761,False
REEP1,-0.171511281255012,0.59910847034761,False
CTDP1,-0.0898496494166627,0.59910847034761,False
TBL1XR1,-0.0866203910220893,0.599367606991345,False
LBR,0.124536187352223,0.599489765907878,False
OTULIN,0.0972546220546473,0.599884272417376,False
ABCB7,-0.100541302764967,0.599884272417376,False
PDXP,-0.156030850946602,0.600192349166123,False
TMED5,-0.125248555464207,0.600192349166123,False
PPP3CB,-0.16844625804605,0.600193074302806,False
ARHGEF26,-0.14120397466728,0.600196806996266,False
DNAJC3,0.0816314000719949,0.600329259059012,False
CTSB,0.181441721228271,0.600516424406876,False
CFL1,0.120733025208349,0.600634346987912,False
SLC20A2,0.145494204865241,0.600789527401029,False
CMAS,0.0649588439539972,0.600831678127321,False
GSPT1,0.0878571248680551,0.600831678127321,False
UBA3,-0.108140064783047,0.600891306978283,False
NHLRC2,-0.185344842305488,0.600927968705144,False
EFTUD2,0.0891626846868974,0.600927968705144,False
KCNA6,0.133730269174854,0.600927968705144,False
PGM5,0.436865381671636,0.600927968705144,False
MAP2K4,-0.135834300585078,0.60152129936273,False
ANKRD50,-0.154488208818756,0.60152129936273,False
PACSIN1,-0.260221734459156,0.60152129936273,False
ABHD6,-0.151596451369457,0.601811119762521,False
NHLRC1,0.103791092736549,0.601811119762521,False
NDRG4,0.18069884571311,0.602014526212851,False
RBM15,0.106621580796592,0.602047020861414,False
PPIE,-0.14023517698714,0.602047020861414,False
RBM42,0.0937431367364496,0.602047020861414,False
PPP1CA,-0.138677286272904,0.602047020861414,False
LANCL3,-0.287444103658346,0.602397359082914,False
TAPT1,0.113448133859855,0.602657670532926,False
AIDA,0.159573519764997,0.602828954207272,False
PRKCSH,0.110892089368788,0.602828954207272,False
RASGRF2,0.195683219410114,0.602856464005715,False
TERF2IP,0.127498785429279,0.602921015033224,False
ACADVL,-0.106775977092918,0.603638083310341,False
ERP44,0.094302812517876,0.603638083310341,False
TLN1,0.167513997405424,0.604018289012441,False
SH3PXD2A,0.100311861543673,0.604018289012441,False
PREPL,0.144325600867679,0.604018289012441,False
RUVBL1,-0.0879961784289005,0.604304145306892,False
LRRC14,-0.087622565461249,0.604607139256774,False
TRMT6,-0.0817101457673246,0.604766898798061,False
SPAG1,-0.182756374543527,0.604766898798061,False
RAB11FIP2,0.132968127077107,0.604779965391109,False
NTN1,-0.28002791275662,0.605078906005393,False
UBE2D4,-0.0801166078619318,0.605078906005393,False
SRRM2,0.197892731985268,0.605163322776379,False
HYCC1,0.0912485445560547,0.605374269451906,False
PPP1R9B,-0.124898346767608,0.605374269451906,False
ABCC9,0.176077043918623,0.605407469168163,False
PLEKHO2,0.222351774095277,0.605547365751314,False
POLR3A,0.0877138955275374,0.605547365751314,False
NEK6,0.208584624876787,0.605895910136468,False
PRPSAP2,-0.0958911590149967,0.605895910136468,False
CYB5R1,-0.127137894865893,0.606413656204477,False
RPS21,0.0878773004865927,0.606842094805192,False
CALCRL,-0.218464975721731,0.607105752294816,False
PAWR,-0.141074903873237,0.607975579836523,False
TNR,-0.194649717826834,0.608540829022512,False
TMEM245,0.107268257834304,0.608889631592625,False
KLHL22,-0.089583674082018,0.608889631592625,False
SLC7A1,-0.128975212797818,0.608889631592625,False
PCYT1A,0.117631592309683,0.608889631592625,False
BHMT,0.460912729791612,0.609250322779269,False
DNAJB12,0.0697861925878893,0.61004694113198,False
RNPS1,0.158943434271426,0.610235427768223,False
TSC22D2,-0.130364129828502,0.610235427768223,False
FN3KRP,0.121673961560818,0.610576185585561,False
CADPS,-0.183402768599896,0.610576185585561,False
LARP1,-0.0832838030650933,0.610818752620912,False
POLR1C,0.0960653528921407,0.610818752620912,False
HEATR1,0.113152249429432,0.611659255496221,False
NYAP2,-0.169277297494039,0.611720647240072,False
TSPAN33,-0.163105792035913,0.611894041990736,False
DSC2,0.117400559969224,0.611894041990736,False
SIGLEC10,-0.100796309663071,0.612109710857324,False
PRPSAP1,0.116022153652132,0.612109710857324,False
PLCD3,-0.17175576283814,0.612343572747277,False
RASA3,0.093642387894814,0.613212354242946,False
BAG1,-0.112264343985943,0.613212354242946,False
GALNT2,-0.12284517558593,0.613212354242946,False
STX1A,-0.437517078115757,0.613212354242946,False
PRKCG,-0.440233273818921,0.613212354242946,False
TBC1D8B,0.0913838330300569,0.613212354242946,False
TSR1,-0.097341445891999,0.613212354242946,False
SDF2L1,0.111033997545729,0.613281980178036,False
BECN1,0.0621777416147733,0.613281980178036,False
LMF2,-0.118456341264141,0.613281980178036,False
RPS4Y1,-0.286285213881112,0.613281980178036,False
STX8,0.107383718406716,0.613281980178036,False
RPS27A,0.137173880144399,0.613997196166185,False
YWHAQ,-0.100587079107891,0.613997196166185,False
NLRX1,-0.102905349598498,0.613997196166185,False
ENAH,-0.110443367862526,0.614017258495908,False
ALOX5AP,-0.225817101026589,0.614105377709238,False
GM2A,-0.197276050151752,0.614378003215271,False
SHROOM1,-0.126754532911242,0.614818255285472,False
EEFSEC,0.10677531060044,0.615240841245155,False
CLPTM1L,0.143748620032242,0.615303253376491,False
VLDLR,-0.162315592241342,0.615726793593196,False
PDLIM1,0.270752265685672,0.615726793593196,False
MIEN1,0.09518253333336,0.61607975876451,False
AGPS,0.158444116937391,0.616221843019065,False
GMDS,0.109155976059604,0.616235273480148,False
KDELR1,-0.138465217096182,0.616235273480148,False
PEAK1,0.119804237260446,0.616235273480148,False
VTA1,-0.0862641528750032,0.616355015142993,False
S1PR5,0.186523993114669,0.616355015142993,False
PNPLA6,0.10933034381727,0.616355015142993,False
ACY1,0.116017316881189,0.616355015142993,False
ABHD17A,-0.142889940835359,0.616355015142993,False
CMTM4,-0.265675433829307,0.616576079350749,False
NBEA,-0.150591856874941,0.616576447498693,False
GOLGA7,0.127970044137676,0.616576447498693,False
TTC28,-0.0817619810822441,0.616976797145852,False
CHMP3,0.0911293978008416,0.616976797145852,False
TMLHE,-0.199449976651525,0.617124882356426,False
SCN3B,-0.248103697907884,0.617124882356426,False
NMD3,-0.0813609761693179,0.617124882356426,False
SPRED1,-0.157721661135061,0.617124882356426,False
ATXN10,-0.0900563300326915,0.617124882356426,False
ADAMTSL3,0.443547468211698,0.617124882356426,False
GIMAP4,0.190982220399718,0.617124882356426,False
RELL1,0.225171434557321,0.617180238722069,False
GPCPD1,0.175856697600874,0.617180238722069,False
TMEM179B,0.103509024665921,0.617180238722069,False
CDK16,-0.106475580664882,0.617290763367654,False
MEPCE,0.101931723469868,0.617290763367654,False
FBXL15,0.117168819237521,0.617957092329486,False
MRPS35,-0.116473981477549,0.617957092329486,False
ERCC4,-0.121732917841776,0.617957092329486,False
RUFY1,0.122569693216569,0.618160584304034,False
HNRNPH2,-0.0835184549372521,0.61841460618487,False
NADK,0.0865322917095135,0.61841460618487,False
LRSAM1,0.135059781794439,0.618431338768629,False
MRAS,-0.110009551565145,0.618431338768629,False
HOGA1,-0.194437452988341,0.618478445110174,False
PCDH17,0.220354885841636,0.618520782808486,False
SEPTIN11,-0.137908599323156,0.618639670748714,False
DGAT1,-0.0836397997394078,0.619001739084751,False
HMGN2,0.15813435151586,0.619001739084751,False
IFIT5,0.105733183864997,0.619001739084751,False
HCFC2,-0.102187817023363,0.619001739084751,False
TBC1D23,0.0876439176971271,0.619089111534607,False
GTF3C1,0.130464764675439,0.619274208401083,False
EMC7,-0.0780798198767512,0.619274208401083,False
EMG1,0.119527893639544,0.619274208401083,False
SMAP2,-0.117388727166889,0.619274208401083,False
CRIP1,0.395789365371089,0.619655540496501,False
ZBTB20,0.13635221559621,0.619655540496501,False
AKR1C1,-0.256036866571479,0.619655540496501,False
MAP7D1,0.142448008279757,0.619868760464673,False
IGSF21,-0.211147622189628,0.619888925559896,False
PDIA2,-0.647213569670865,0.619918742352243,False
CA5B,-0.176628897638826,0.62044414781568,False
PCYT2,0.121333638689636,0.62044414781568,False
MTARC2,-0.127941752978204,0.62044414781568,False
ARFIP2,-0.114511287132642,0.62044414781568,False
CUL9,-0.14950975688828,0.620767226586484,False
GSK3A,-0.121799788081832,0.621016255442495,False
FBXL7,-0.0843003700704337,0.621016255442495,False
STAMBP,0.172243453833412,0.62146328812762,False
RTCA,0.130410527229309,0.621531225663166,False
CTBS,-0.100319675248453,0.621531225663166,False
TOMM22,-0.136302926477722,0.622020895526967,False
GALNT16,-0.195805391253332,0.622020895526967,False
RAB11B,-0.0710123520502801,0.62218869705462,False
NOTCH2,-0.161994175666477,0.62218869705462,False
PDLIM7,0.535550136344261,0.622295663041598,False
TAPBPL,-0.165014420963701,0.622295663041598,False
CD81,0.170522581916254,0.623006697506781,False
CAVIN2,0.480012189370623,0.623107630156752,False
NPDC1,-0.206354172990702,0.623163950060763,False
PFKL,-0.0860044360385874,0.623435020432761,False
SEC24C,-0.0832997906285406,0.624493373196352,False
MRPS5,-0.11136272269027,0.624632580759359,False
TATDN1,0.0815468759531885,0.624814585313301,False
USP31,-0.142089057566094,0.624848425888566,False
ZNF330,-0.11139035083735,0.625043445184005,False
SCD,-0.208112417056784,0.625431706199307,False
PCSK1N,-0.356756815976886,0.625431706199307,False
NUAK1,0.147119140619178,0.625431706199307,False
QPRT,-0.326139296160527,0.625431706199307,False
CD55,0.280642843972119,0.625431706199307,False
PLD3,0.109379657339229,0.625431706199307,False
VAMP5,0.180383997257332,0.625431706199307,False
SLC6A13,0.278422194479053,0.625431706199307,False
CTTNBP2NL,0.0824999844021113,0.625431706199307,False
ARRB1,-0.195785085207334,0.625431706199307,False
GALNT1,0.104853529350949,0.625431706199307,False
DNAJB4,-0.0957040457381542,0.625473333459991,False
SLC12A9,0.108277168874037,0.625484940630912,False
SPTLC1,-0.0959107701756281,0.625491454745065,False
POMGNT1,0.0957306984294792,0.625491454745065,False
PDZD8,0.07259112653297,0.625693572302305,False
VASH1,0.163410716123701,0.625693572302305,False
RPL18,0.08599442767777,0.625919379865753,False
USP54,0.174980393309459,0.6259849294018,False
MAPK10,-0.109080834350392,0.626168768700255,False
GNPNAT1,-0.0981519683204413,0.626168768700255,False
ARHGDIB,0.201489224136994,0.626168768700255,False
CDH19,0.302022060646422,0.626168768700255,False
PPIH,-0.0669988155037053,0.626610387067922,False
AMIGO1,-0.130041364160913,0.626828167400942,False
FMNL2,0.213040111468263,0.626828167400942,False
NAA20,0.110692173569307,0.626997168780567,False
KCTD9,-0.102125616964052,0.627053298188823,False
DOCK11,0.138699358745235,0.627060374507407,False
CRNKL1,0.0871842553624917,0.627145059797565,False
DOCK9,0.0851548703120901,0.627145059797565,False
FHIT,0.093961711998956,0.627145059797565,False
SEC11C,-0.0920705831268345,0.627455527735833,False
DNM1L,-0.127436483570744,0.627506407721217,False
RBBP6,-0.0998491957457155,0.627581482642846,False
ADGRG1,-0.199867319200148,0.627581482642846,False
ENSA,0.231438920496156,0.627581482642846,False
KHDRBS1,0.138720977545706,0.627845969110347,False
COCH,0.394131777180114,0.628149078346014,False
RNF7,-0.146060966301929,0.628149078346014,False
RRAGA,-0.0932379704829795,0.628337448300776,False
DHTKD1,0.239188870302016,0.628359479876091,False
SYNJ1,0.145863842536736,0.628552180542485,False
PPIL2,0.107163595349526,0.628552180542485,False
DSTN,-0.119981824987587,0.628837289142123,False
ACOT8,-0.101552883349813,0.628965815683487,False
WDR77,-0.0977798709176945,0.628965815683487,False
SAR1A,0.0641790078165609,0.628965815683487,False
LEO1,-0.0851829044896295,0.628965815683487,False
TPGS1,-0.120730246081187,0.628965815683487,False
SEPTIN8,-0.186107564370477,0.629083623526782,False
CMPK2,-0.127407803555371,0.629083623526782,False
PPP2R2D,-0.0797426283499547,0.629113957077687,False
SETD7,-0.104053087624443,0.629153133003367,False
REEP2,-0.148557580122874,0.629153133003367,False
NMI,0.109131127686467,0.629153133003367,False
SNPH,-0.192614090342325,0.629440167403862,False
ACSL4,-0.135327110812621,0.630657152281585,False
BLTP3A,-0.0942665869112682,0.631126453591331,False
MACROD2,0.218503315805952,0.631327130015393,False
GFUS,0.109716080149054,0.631508891295204,False
RYR2,-0.215289673308144,0.632501522409061,False
CDK11B,0.0966701048447529,0.632729317359971,False
SPHK2,0.131236424115072,0.632729317359971,False
SYTL2,-0.160011953257261,0.633148835475901,False
DENR,0.0917933886437119,0.633186844635633,False
SANBR,0.13336006616753,0.633186844635633,False
RPS17,0.0790157953480097,0.633186844635633,False
POLR2H,0.0937478894470782,0.633186844635633,False
MCRIP1,0.118524910776959,0.633186844635633,False
ENTPD5,-0.130389000339981,0.633186844635633,False
EEF1B2,0.079735618486831,0.633186844635633,False
PI16,-0.315141257766136,0.633381859997784,False
SZT2,-0.0945705668561851,0.633496850814896,False
RANBP9,0.0780495576169926,0.633496850814896,False
U2AF1,0.120954394788328,0.633496850814896,False
CSTF2T,-0.0924884082433151,0.633612228834444,False
MACROH2A1,0.13791127543856,0.633612228834444,False
EEF1AKMT1,-0.109357071632841,0.633612977548157,False
GTF3C5,0.0820804502185215,0.633835586041855,False
RPL36,0.0858212696175187,0.634103250085976,False
KCTD3,-0.125674701425861,0.634479014287565,False
MRTFB,-0.152339433245626,0.63452216578103,False
COG4,0.0754352674991186,0.63452216578103,False
WDR45,0.0764094402389013,0.634529196016449,False
FAM89B,0.0782700536424699,0.634529196016449,False
PNMA6F,0.177571650331997,0.634529196016449,False
LRRC57,0.0899678822552659,0.636240988269181,False
RAMP1,-0.200327950778034,0.636294984289112,False
KCNMA1,-0.150799383222992,0.636294984289112,False
CAMK1D,-0.141531137594061,0.636294984289112,False
NTM,-0.0954201492982119,0.636294984289112,False
C12orf57,0.18061212208926,0.636294984289112,False
FAM114A2,0.0896691189254852,0.63644792428649,False
COPG2,0.0730907066386308,0.636629132400387,False
PTER,0.342461306372027,0.636846658706253,False
VTI1A,-0.114839773579846,0.636846658706253,False
ZYX,0.171702475135791,0.637250192215492,False
HNRNPA3,0.171477446973354,0.637329815626916,False
COL4A4,0.129070462457788,0.637329815626916,False
UPF2,0.0895461792059979,0.637945266253558,False
SGPL1,0.111904670336248,0.637945266253558,False
ELOC,0.0891442783087779,0.638305941895499,False
CRYGS,-0.189637517971906,0.638426042577563,False
CYFIP1,-0.104777533009626,0.638520227843671,False
CCT4,0.0566497884366068,0.639421485019285,False
DOP1B,-0.0984582712355815,0.63966097802003,False
ACP2,-0.0893178233861915,0.63966097802003,False
PTAR1,-0.0830151448153238,0.63966097802003,False
MEGF9,-0.179563506387197,0.63966097802003,False
MEAK7,-0.101693511531055,0.63982128879447,False
SAMD8,-0.0967424814678433,0.640253230892672,False
KCNC1,-0.183748723890809,0.640799313750306,False
INTS13,0.0986456841085586,0.641641269701698,False
LZIC,0.166108719537704,0.641641269701698,False
PGM1,0.0962505787110111,0.64167462846132,False
CDC42BPA,0.0749923201293683,0.642331461379301,False
MEF2D,-0.179277407294788,0.642331461379301,False
SECISBP2L,0.116606822232447,0.642331461379301,False
PDPR,-0.123221749460528,0.642331461379301,False
GLE1,0.127402017782121,0.64290665228408,False
CD93,0.166377318315764,0.64325463825698,False
HPRT1,0.140357151935332,0.643876257652755,False
SRPX,0.513254676601495,0.643876257652755,False
PIK3C2B,0.111317722673932,0.643876257652755,False
GRK6,-0.0975026518119311,0.643876257652755,False
LIN7A,0.133019918225237,0.644146627684801,False
AP3M1,-0.0838957822612016,0.644146627684801,False
CADPS2,-0.188280514609177,0.644146627684801,False
RPS5,-0.0844556605742035,0.644146627684801,False
AMOT,-0.199378103233297,0.644364439547701,False
NECTIN2,0.166008818867773,0.644740310754069,False
THOC1,0.105987671358879,0.644740310754069,False
ZDHHC2,-0.12673041245368,0.644978958875247,False
VEZT,0.0689831571055946,0.644982956756436,False
NT5DC1,0.146690566498251,0.644982956756436,False
UBE2F,0.0873740548655224,0.645459737735716,False
DAAM2,0.203965355945989,0.645805345700711,False
NCF1B,0.202171788142092,0.645960275261375,False
ETFDH,-0.141690870752949,0.646742365075382,False
SHANK2,0.203588792634235,0.646742365075382,False
RAB10,0.074441001199089,0.646862921110726,False
DCTD,0.132934839101196,0.646862921110726,False
TMEM109,0.155369397592821,0.646988824053961,False
GSTK1,0.0846064088929968,0.647016477495333,False
NELFA,0.143031111543335,0.647166388861633,False
AP1M1,0.0575619354109662,0.647305118168939,False
OAT,-0.0974551160032675,0.647305118168939,False
CPNE4,-0.292717112152892,0.647305118168939,False
FUCA2,0.160675983230432,0.647305118168939,False
ZDHHC17,-0.115419023319697,0.647579191757578,False
EVL,-0.125651196624659,0.647679398647907,False
MAP3K4,-0.0726184307733977,0.647748639824454,False
URGCP,-0.0996829345708283,0.648176627362248,False
CDIPT,-0.0759138909882706,0.648176627362248,False
APBA2,-0.117656241793195,0.648176627362248,False
FADS3,0.160875095764951,0.648176627362248,False
EIF5,0.0904513203182002,0.648176627362248,False
CD82,0.169707479882561,0.648176627362248,False
TRPV1,-0.482122798766924,0.648176627362248,False
MAPRE2,0.151232848086089,0.648176627362248,False
NEK7,0.124126338771887,0.648176627362248,False
HLA-DPA1,0.226177676866921,0.648176627362248,False
SUPT16H,0.133026101913426,0.648412911114161,False
ROBO1,-0.114489763558749,0.648458677367626,False
MAU2,0.0996571822345853,0.648654746640669,False
CAMK2A,-0.3951287489809,0.648654746640669,False
BBS7,-0.0836239975576945,0.648654746640669,False
ALDH1L2,-0.261108440318372,0.648654746640669,False
AGO1,0.0832987370195575,0.648805525169433,False
DNASE1L1,0.0944837830898271,0.648917229543702,False
LRRC8B,0.141680044960988,0.648917229543702,False
RAB24,-0.0868621708146868,0.649960105785415,False
TRAF7,-0.0699576897766265,0.650209157813532,False
NRGN,0.383659122510107,0.6502457669351,False
ABHD13,-0.122659580751768,0.65047633949672,False
CCDC51,-0.0864269625895755,0.65047633949672,False
UQCC4,-0.122421207762544,0.65047633949672,False
PPP5C,0.0938489087371241,0.65047633949672,False
ARHGAP44,-0.155946447602661,0.65047633949672,False
UBE2E1,-0.0684051719956109,0.65047633949672,False
S100A16,0.154507945783346,0.650622968534279,False
PHLDB2,0.210945463976151,0.650622968534279,False
HNRNPA0,0.144161636482464,0.650704472459497,False
RHOQ,0.090681245270293,0.650704472459497,False
DCD,0.442871401445769,0.650718367106944,False
ARHGEF11,0.0868519239012482,0.650763508240341,False
SEC23B,0.122496468300632,0.650763508240341,False
RNF13,-0.143122034735793,0.650763508240341,False
FBLL1,0.221860750260009,0.651007922969734,False
STX17,0.17934475396585,0.65134984377081,False
SHPK,0.274800523133953,0.652171357319157,False
OXA1L,-0.117374052119516,0.652171357319157,False
SUMF1,0.124933166651489,0.653675890968405,False
PMM1,-0.1611860692812,0.653675890968405,False
FHIP2B,-0.142794900764114,0.653675890968405,False
PITPNA,-0.0783083805653888,0.653675890968405,False
RRS1,0.083544701173814,0.65397457197764,False
HNRNPA1,0.112479645348538,0.654129215745185,False
MAST4,-0.0871877883945711,0.654129215745185,False
PLRG1,0.0853133099692407,0.654172531084311,False
SCYL1,0.0876827771043196,0.654314933512669,False
GLO1,0.0888930899643263,0.654409955496091,False
ARHGAP6,-0.14052653315153,0.654409955496091,False
CHM,0.0860514479071952,0.654424981020045,False
NPTX1,-0.30539835721468,0.655085059754577,False
PRKACA,0.0806911384987181,0.655085059754577,False
GET4,0.0633689065965868,0.655636398885745,False
AHCYL2,-0.126463887313923,0.655636398885745,False
HNRNPLL,-0.0776664428055129,0.655868962158434,False
FIG4,0.0610197750438441,0.655868962158434,False
COL5A1,0.350284373293348,0.655877686388959,False
CISD3,0.152043161561923,0.656977890352699,False
CIBAR1,0.072045128238404,0.656977890352699,False
MPDU1,-0.107306673330049,0.657578261207638,False
CTCF,0.119638443639387,0.658115261504664,False
TOP3B,0.114076904017941,0.658115261504664,False
PRKAB1,-0.100769335348971,0.658115261504664,False
PEBP1,0.0786611004170901,0.658115261504664,False
FAF2,0.091020903827971,0.658115261504664,False
CCT6B,-0.244783503763212,0.658115261504664,False
CTNNA3,0.168010000189792,0.658115261504664,False
P2RX7,-0.448578244197453,0.658301371003973,False
WASL,0.11229314187023,0.658301371003973,False
MYH11,0.711039677759478,0.658731754656629,False
JPT1,0.129456923093721,0.658731754656629,False
HPCAL1,-0.147614871878877,0.658731754656629,False
SNX2,0.0634856660814531,0.658732905888602,False
PGM2L1,0.164921228105735,0.659002041428607,False
DST,0.074390361000864,0.659002041428607,False
BICD2,0.115559374977664,0.659028190429394,False
BABAM2,-0.0605038515980629,0.65928130995438,False
SLC16A7,-0.104886658015742,0.659691789031576,False
OLFML1,0.708326503466193,0.659763664701188,False
SESN1,0.110849254575754,0.659861552729362,False
MLF2,-0.150802960723973,0.660222228891384,False
PLCL2,-0.111047989368219,0.660222228891384,False
GGCT,-0.12086488224681,0.660222228891384,False
TOM1L2,-0.114764529368427,0.660222228891384,False
FLCN,-0.0798383556931705,0.660586477701624,False
FXYD6,-0.210853944242225,0.660586477701624,False
RALGAPB,0.112962738763194,0.661124081350554,False
GPI,0.0843051412498674,0.661997220964207,False
METTL13,-0.0626947464186181,0.662268187321244,False
PRPF31,0.0762986442388138,0.662268187321244,False
PSEN1,0.0642924046512823,0.662423806774595,False
EZR,0.135368118744084,0.66244511575067,False
SRR,-0.153035309437442,0.662727398892216,False
PTGR2,0.106921883071191,0.662727398892216,False
PRPF39,-0.0999238884163622,0.662727398892216,False
S100A7,0.66981303658816,0.662727398892216,False
PCDH7,0.229253387940513,0.662989007593239,False
ASNS,-0.180663828174394,0.662989007593239,False
POU3F3,-0.0875021951655466,0.663874071012076,False
HGS,0.0809864470252748,0.663874071012076,False
HADHB,-0.0941488379887492,0.663874071012076,False
LYRM1,-0.143674231524218,0.664227451966808,False
ERO1A,-0.099043736968218,0.664227451966808,False
GPR17,-0.114750785600248,0.664227451966808,False
AMDHD2,0.0688864374799074,0.664307590972965,False
SURF4,-0.093797645522308,0.664347212111121,False
ELOVL4,-0.134915825431212,0.664347212111121,False
UMAD1,-0.151785089597287,0.664363103435784,False
HNRNPD,0.127935817514761,0.664363103435784,False
CUTC,0.0609978195636778,0.664979532489375,False
UNC93B1,0.100639018687978,0.665479832658083,False
TRMT10A,0.0815391472082476,0.665762931339098,False
ZNF346,0.103599762217669,0.66587397108994,False
SLC30A7,0.147264643459595,0.66587397108994,False
CYSTM1,0.094969139538823,0.665958264084597,False
MAP7,0.306486559208764,0.666139003817102,False
LAMP2,0.0914567927200522,0.666765165324847,False
PPP1R12B,0.132799184470336,0.666765165324847,False
AGRN,0.235690405917117,0.667070845897921,False
KLC4,0.126190133310246,0.667230867385901,False
FHL2,0.289481414571742,0.667230867385901,False
RAB33B,-0.0750438102205786,0.667487591848493,False
FAM171B,-0.130524437521947,0.667487591848493,False
FCSK,-0.117865193446464,0.667487591848493,False
PPP4R4,-0.119368276776501,0.667487591848493,False
VKORC1L1,-0.0758554283274968,0.667487591848493,False
TTC38,-0.218306240843093,0.667487591848493,False
CPLX1,0.206937531777584,0.667487591848493,False
ARHGAP1,0.0812491183551494,0.667487591848493,False
RELCH,-0.111722623484738,0.667487591848493,False
VPS41,-0.0723991668540815,0.667539100120678,False
IFI16,0.182483335579603,0.667564846012056,False
F3,-0.173429253776535,0.667716459378622,False
MAT2B,-0.0669235288272194,0.667938026975674,False
TAGLN3,0.128797068051428,0.668338997175161,False
SNRPC,0.196275088759554,0.668338997175161,False
SLC27A3,-0.124929060786905,0.668649639841415,False
CDH10,-0.160323444698692,0.668848613296957,False
MEST,0.137451070585057,0.668848613296957,False
IWS1,0.10207584133634,0.668848613296957,False
GAS6,-0.0707087461095943,0.669083081197687,False
PPP3R1,-0.132354728560637,0.669545683115929,False
TPRKB,0.123400928393882,0.670068982567218,False
BRI3BP,-0.108861520442914,0.670517577507519,False
PARP4,0.199538837178036,0.670517577507519,False
XPO7,-0.0616989299833932,0.670517577507519,False
TRAPPC2B,0.0584249386197087,0.670517577507519,False
PPHLN1,0.136750585861185,0.670859694421767,False
MCTS1,-0.0586485578677927,0.670859694421767,False
CAPN2,0.111557038329606,0.670859694421767,False
CCT5,0.0577142587186685,0.670859694421767,False
SMG6,-0.119822289919855,0.671058026464917,False
SGPP1,-0.094361622041701,0.671142730502328,False
DBNDD1,0.190238518784417,0.67163254847208,False
FIS1,-0.0883793885342188,0.67163254847208,False
KYAT1,-0.102110761933153,0.672380078267136,False
CYBC1,0.115107833310464,0.673237976760312,False
ST13,-0.0568557636051175,0.673560680285033,False
SYNPO2,0.247792808928201,0.673820352351849,False
CARS1,0.0677528038878705,0.673844363087518,False
ARID1A,-0.130081280620061,0.67395178151037,False
RRP9,-0.0955598195042784,0.674088150041699,False
RPSA,0.0742858474743944,0.674582520658998,False
DNASE2,-0.0959098041776869,0.674582520658998,False
COX7A1,0.164864768912556,0.675143564655429,False
YTHDF2,-0.0580586892596919,0.675143564655429,False
STT3B,0.0804847069536407,0.675143564655429,False
RAB9A,-0.0678957284821049,0.675193731941692,False
GNL1,-0.0997584218275822,0.675193731941692,False
RPS27L,-0.138751868830674,0.675284615471174,False
ALG14,0.0959188758461291,0.675415669603479,False
PCM1,-0.0804177650934887,0.675415669603479,False
CYP2U1,-0.13955327359231,0.675415669603479,False
YIF1A,0.0759928922379363,0.675415669603479,False
FEN1,0.122966170213724,0.675415669603479,False
ARHGEF12,-0.117962630821907,0.675415669603479,False
ATOX1,-0.156333348185457,0.675415669603479,False
NOL9,0.0747080390758779,0.675415669603479,False
ANKRD17,-0.0798208634592328,0.675415669603479,False
SLC25A1,-0.106580780063849,0.675542309888203,False
GGT1,0.158142011197762,0.675808373795397,False
TRA2B,-0.0726808489191093,0.676383216338637,False
RHOB,-0.191841708650578,0.676483899741855,False
HMGN5,0.122857026360538,0.676483899741855,False
NDEL1,-0.104067066562209,0.676503046014982,False
KHDRBS3,0.182753327959238,0.676517972733905,False
AGA,-0.169159667523415,0.676577455022997,False
OAS1,-0.194774005235788,0.676577455022997,False
RCN1,-0.178927028553831,0.676577455022997,False
ALG2,0.068747359604675,0.676760427238764,False
SMIM20,-0.122676207151647,0.676760427238764,False
RPS16,0.0721729511637133,0.678596562642529,False
HINT1,0.150583091860231,0.679097921051887,False
TRIM4,-0.0811466777606391,0.679197276490614,False
PAPSS1,0.182691784998479,0.679197276490614,False
ABI3,-0.113713528804328,0.679581290888141,False
CPT1C,-0.132481123844695,0.68092762681778,False
NUCB2,0.152204651374998,0.682167704392565,False
CDH6,0.131551827221883,0.682167704392565,False
PSMD3,0.0529734081003834,0.682224784944325,False
ARHGAP23,-0.110201201014021,0.682224784944325,False
ADD2,-0.107447330529382,0.683985261672686,False
PTN,0.576857899127704,0.684119821732976,False
GABRA3,-0.229563180931974,0.684167024379529,False
ABL2,-0.0875501723724517,0.684167024379529,False
SCAF4,0.0743747829116632,0.684589973916849,False
SPG11,0.0849737001114459,0.68506018154841,False
CSNK1E,0.0856373610314574,0.685774694480011,False
BSG,-0.102267286033989,0.685774694480011,False
USP20,0.10955262166374,0.685774694480011,False
MYG1,0.0640305467742746,0.685774694480011,False
RNF14,0.0817807355041058,0.686059157037766,False
MICAL1,0.239174173797181,0.686246611842305,False
TRPM2,-0.0715957120677402,0.686404768237074,False
SLC6A12,0.159047938866379,0.686404768237074,False
SLMAP,0.0891795392702068,0.686404768237074,False
PLBD2,-0.128191727143713,0.686404768237074,False
IGLV3-21,0.23595287583782,0.686732949145365,False
HCN2,0.178607741892503,0.68795235811258,False
AAK1,0.153270200550654,0.688173087876805,False
MTUS1,0.176950850206144,0.688335504712796,False
ANXA5,-0.15896675796836,0.688541827540437,False
PALMD,0.197628528032135,0.688541827540437,False
ANTXR1,-0.106461076584832,0.688650650150158,False
FAM114A1,0.133412975689564,0.6890019836461,False
NACC2,-0.0785648158767209,0.6890019836461,False
PEX10,-0.0643051577800531,0.6890019836461,False
RPS13,0.0783995900391119,0.6890019836461,False
UCK1,0.104216482997575,0.6890019836461,False
GTPBP3,-0.0960821506224931,0.689421513945686,False
NENF,0.110554151841688,0.690023445671808,False
KIDINS220,-0.0806700483675549,0.690030652088477,False
RUNDC3B,-0.111041932425492,0.6904327725614,False
EEF1A2,0.0487763390247835,0.690556771547145,False
TPM1,0.133883041082742,0.690556771547145,False
ERLIN1,0.156779519276411,0.690865081908947,False
GRM1,-0.147345358270699,0.690865081908947,False
RPS11,-0.0639164396569409,0.690865081908947,False
FIP1L1,-0.0668386313407821,0.690865081908947,False
SNCG,0.160727363761806,0.690868422291619,False
CORO1C,0.122323656048124,0.690868422291619,False
RETSAT,0.11123411312154,0.691036899117883,False
GPC1,-0.157041958736748,0.691036899117883,False
TMEM106B,-0.24839876665898,0.691036899117883,False
AGPAT5,-0.12913409665255,0.691036899117883,False
C17orf100,-0.153261035955236,0.691036899117883,False
PEF1,-0.0711536261860601,0.691074340332527,False
DLG3,-0.137582022603144,0.691078217845914,False
KIF21B,0.127514203820136,0.691406380573159,False
SPTLC2,0.0952295526640476,0.691559261903743,False
MTA3,0.0780957813173178,0.691559261903743,False
YWHAG,0.0953288030486128,0.69344086828472,False
RABEPK,-0.0831474952626898,0.693729424151315,False
BIRC6,-0.0699534297098952,0.693729424151315,False
FABP4,0.457298970873177,0.694177299695346,False
ITPKB,-0.127918651337712,0.69418173922434,False
ARRDC1,-0.0874278680888283,0.694185783561235,False
TCAF1,-0.0939396988206767,0.694401375072035,False
FGF2,0.104538570298022,0.694401375072035,False
DENND10,0.0665417329996512,0.694749992175094,False
PWP2,-0.0787442819028152,0.695643540881295,False
SND1,0.0793215945337344,0.695987547719763,False
S100A10,0.292508720897192,0.695987547719763,False
TRIP11,0.0787310086324933,0.695987547719763,False
SCLY,0.106927968700368,0.695987547719763,False
INPP5B,-0.0776194986148244,0.695987547719763,False
MELTF,-0.147166243486072,0.695987547719763,False
HMG20A,0.0880165246854636,0.695987547719763,False
LACTB2,0.129507112160629,0.695987547719763,False
FHOD1,0.0920788618450032,0.695987547719763,False
CCDC88A,-0.0958327671136825,0.695987547719763,False
HAT1,0.0732148999751931,0.695987547719763,False
SDHA,-0.102463066911257,0.695987547719763,False
RAB31,0.106731193305325,0.696071435669351,False
TGM3,0.214759591274845,0.696071435669351,False
DKK3,0.166421619239247,0.696071435669351,False
PPCS,0.0845454614670977,0.696071435669351,False
UBE2M,0.0754314366474116,0.696071435669351,False
ZNF521,-0.0927990109946855,0.696071435669351,False
PRR5L,0.0878975866541225,0.696071435669351,False
TIMM10,-0.13144737904274,0.696147587378332,False
ADAM22,-0.1382561816582,0.696447413556964,False
CNOT11,-0.0562443952085463,0.696547835699651,False
MYL4,0.112498955174643,0.696778654871568,False
KIF16B,-0.0785376287596078,0.696778654871568,False
BCAS2,0.110802859215734,0.697619157974582,False
FAH,-0.128051128902657,0.697832537614658,False
PRKDC,0.067590015345603,0.697832537614658,False
EML1,0.0828874740682952,0.697832537614658,False
LAMTOR2,-0.0790237488884262,0.697832537614658,False
CNN1,0.673090362175873,0.697874437718912,False
SLC25A19,-0.0811863991338395,0.697874437718912,False
SGSM1,-0.157848326944237,0.69788582771123,False
SMS,-0.128701434138787,0.697903293191279,False
ITCH,0.0911472779118956,0.697999264533137,False
TOP2B,-0.0801587825698249,0.698524961134424,False
ACOT2,-0.179186710847803,0.698524961134424,False
PFDN4,0.108780726466209,0.698524961134424,False
TXNIP,-0.162883284384081,0.698524961134424,False
SSH3,0.0903681512153742,0.698524961134424,False
HIBADH,-0.0912461720963744,0.698968738338646,False
DNAJC7,0.0865333347215973,0.699574275023132,False
AK1,0.148508933292382,0.699574275023132,False
PDE4DIP,0.156297162888963,0.699574275023132,False
RCAN2,0.167136881472191,0.699574275023132,False
PPP2R1A,-0.0773331788177352,0.699574275023132,False
BCAT2,-0.160914530086233,0.699574275023132,False
IMPDH2,-0.0777207190192346,0.699574275023132,False
IFIT3,0.109377552378724,0.699841035161939,False
PIGO,-0.0696918740792798,0.699880424555265,False
RPL7A,0.0701767817656016,0.699880424555265,False
NEDD4,0.151292021733806,0.699880424555265,False
RPL37A,0.0887320883640257,0.699880424555265,False
DNAJC13,0.0674981497026952,0.699887824986113,False
KLC2,-0.0990575972529939,0.700104792195775,False
COMMD1,0.106748412845005,0.700202884292151,False
PPIL4,-0.0880789529276651,0.700202884292151,False
SLC17A5,0.0538610366883345,0.701362518932015,False
NUDT1,-0.0793636931490997,0.701362518932015,False
PPP2R5D,0.0773924091115887,0.70160814497278,False
TFB2M,-0.0695615189943464,0.701689826212801,False
CTPS2,0.0931398596482182,0.701780323797957,False
DAAM1,-0.0698399815155213,0.701780323797957,False
TRAPPC5,0.0917168293870816,0.702061455720791,False
SPG21,0.0706722070348649,0.702384633843357,False
TAOK3,0.0646503304737784,0.702585744797954,False
NR3C1,0.137801981808728,0.70284046863719,False
PPP4C,-0.0705765101947673,0.70284046863719,False
AP3B2,-0.134744634226221,0.702990174721637,False
NUP210,0.0692438572345004,0.702990174721637,False
GATM,0.171218761037833,0.702990174721637,False
RAPH1,-0.0907930873281284,0.703173670547661,False
LYST,-0.07899153613306,0.703210525321418,False
IFIT2,0.138742190228291,0.703210525321418,False
JPH1,0.155758212928439,0.703424397174699,False
VAPB,0.0971435327057169,0.703648570882758,False
APP,-0.161072774053052,0.704118223889492,False
CTSD,-0.128125364825474,0.704500674617194,False
SPIN1,0.132097645375315,0.704781238539458,False
RHOA,0.0912415261241524,0.704781238539458,False
ITGA2,0.155219526853626,0.704840795200094,False
TES,0.272899011219639,0.704840795200094,False
LPAR1,0.136629042681323,0.705035441526533,False
POP1,-0.0877494508994445,0.705202709530153,False
BPTF,0.079315917112849,0.705377600756694,False
GATAD2B,-0.0861503467879556,0.70539481591438,False
AASDHPPT,0.086589622207601,0.706244611040511,False
TBCB,0.117949198641609,0.706244611040511,False
TRMT1,0.0907139013599982,0.706244611040511,False
CSNK2A2,-0.0558240551369487,0.706716813985368,False
LANCL1,-0.126015828648969,0.706813723480805,False
DOCK10,0.118833186123188,0.706813723480805,False
DOCK7,0.07894398857208,0.707053795244628,False
BCL7C,0.0615276082026686,0.707308398027858,False
RPS4X,0.0668828051511596,0.707752898856967,False
HEXA,-0.110575381565699,0.708508350830261,False
MAP4K5,0.103729105769655,0.709426836999764,False
REEP6,0.0811429041345058,0.709426836999764,False
RAPGEF2,-0.108482664599189,0.709465329238885,False
TSNAX,-0.0639560237078403,0.70948428468556,False
OPA3,-0.0924626623014726,0.70948428468556,False
ATP11C,0.0829538420443763,0.709927473946048,False
TLCD3B,-0.116924939933376,0.709980711805905,False
ECHS1,-0.0838945230106862,0.710854434839074,False
GNS,0.110435149887881,0.710854434839074,False
TMEM50A,0.114530406863184,0.710854434839074,False
CALCOCO1,-0.0705827853261081,0.711327225494508,False
MARK4,-0.118957224895814,0.711327225494508,False
SMARCA5,0.0954675974595673,0.711393911487591,False
CHKA,-0.0898109395525717,0.711557767815971,False
NARS1,-0.0701490080513434,0.711557767815971,False
KBTBD7,-0.0568759200435887,0.711557767815971,False
NDRG3,-0.102165972139066,0.711699605359666,False
IRAG1,0.189303939213845,0.711699605359666,False
NRSN1,-0.130572818741825,0.711936379439506,False
LIN7B,-0.0928830137018277,0.712453557135551,False
DDX41,-0.0758916018599338,0.712453557135551,False
EMC4,0.0592590560451844,0.712453557135551,False
FDXR,-0.173072259257358,0.712453557135551,False
COTL1,0.0870104115420247,0.712453557135551,False
ETHE1,-0.124178241242426,0.712453557135551,False
GNG3,-0.161521468753192,0.712767586060937,False
TMEM88B,-0.0973007975444373,0.712767586060937,False
NFKB2,0.112511255569693,0.712767586060937,False
GHDC,-0.0998456943736361,0.713111742637637,False
VPS37C,0.131033309533285,0.713264081012906,False
NUCB1,0.0816451521545165,0.713264081012906,False
CNPY2,0.0679788516491513,0.713264081012906,False
NAP1L4,0.0738024348521904,0.713264081012906,False
ETF1,0.0639898072219331,0.713264081012906,False
OLFM1,-0.207109643315945,0.713264081012906,False
CEP290,-0.103055795954711,0.713264081012906,False
IFIT1,0.10743792207402,0.713387907931862,False
SLC12A6,0.0895338644274286,0.71355451515676,False
RSF1,-0.0735912962416023,0.713934947923528,False
PHYHIP,-0.152137609724285,0.714005952627038,False
COX17,-0.081431765333968,0.714033286944704,False
MARK2,0.0803290041436586,0.714033286944704,False
NOP56,0.0917141737659222,0.714231338940501,False
SMNDC1,0.112427894011514,0.714231338940501,False
FUBP1,0.100338240840472,0.714231338940501,False
SERPINI1,-0.16381183137635,0.71432697508169,False
BRINP2,-0.129272536034299,0.71432697508169,False
IDH1,0.0800718468411077,0.71484435135859,False
PCYT1B,0.105961728554032,0.71484435135859,False
FABP5,0.179401351880168,0.71576591531174,False
TM9SF1,-0.0790662475687682,0.715931835952077,False
RAB7A,-0.0578541380089259,0.716062281346272,False
TMUB1,0.115829083864182,0.716062281346272,False
CRACD,0.093969416563759,0.716404780910808,False
CRYBG3,0.0866142296823398,0.716512511105307,False
SBF2,0.0863869711681993,0.716621661624584,False
IMMP2L,0.0615323844558446,0.716989755641091,False
STRBP,0.0954797149257258,0.717277413215782,False
OVCA2,-0.0867114768082509,0.717277413215782,False
MYL9,0.414280894450206,0.717745836851964,False
AGPAT1,-0.0599063662247783,0.717745836851964,False
MAT2A,-0.0604869152709622,0.717768724379583,False
BLVRB,0.251137749525483,0.717768724379583,False
FXR2,-0.0671434209197574,0.717830080498462,False
NDUFAF2,-0.0973283228898634,0.717830080498462,False
LCLAT1,-0.0711620535706956,0.717830080498462,False
LZTFL1,-0.0619373203819205,0.718048776280794,False
PPP1R3F,-0.103143316865679,0.718318840619089,False
LRRC59,0.0837056742071578,0.718758773548476,False
AKAP6,-0.0757882336333671,0.719332078870146,False
ANKHD1,0.102209140649879,0.719332078870146,False
ADAP1,0.109719976119711,0.719614949844014,False
PTPRD,-0.10258308321324,0.719614949844014,False
GDA,0.34339656456145,0.719804239943118,False
NTNG1,-0.0908730196893979,0.719892682291459,False
CTBP2,-0.078749505222464,0.719892682291459,False
RILPL2,0.0476628534387515,0.720494632275872,False
NCKAP1L,0.118800453357897,0.720494632275872,False
ANKRD45,-0.110121259312582,0.721275849496507,False
ENPP4,0.0985054253944817,0.721546098843496,False
LPIN1,0.0664945317037953,0.721546098843496,False
SPCS3,0.0748514238692692,0.721586412848448,False
KCNC3,-0.21911406075639,0.721586412848448,False
PGRMC2,0.0905076732974273,0.722067768988183,False
DNAJC17,0.0646917577771067,0.722113620930532,False
AAAS,-0.0507864008062953,0.722241868464056,False
OLFML3,0.630825852154445,0.722241868464056,False
BAZ1B,0.0854233624412739,0.722367235191425,False
GPC4,-0.10860353463759,0.722367235191425,False
RFK,0.0934455406136117,0.722522128993277,False
CC2D1A,0.0566142122626641,0.723130108486995,False
VAMP7,0.0485293887985243,0.723797013207234,False
UVRAG,-0.065603787440681,0.723941864155399,False
CROT,0.177422167427078,0.724193211700025,False
MTA1,0.0702240863326544,0.72442164780867,False
FUBP3,0.0985257159292701,0.724797519026058,False
PTK7,0.144472498481178,0.725049644012767,False
GSTM1,0.831663337235122,0.725621285818301,False
AKR7A3,-0.17141369126276,0.725621285818301,False
PDGFB,0.0950087194590052,0.725633123242156,False
PDZD11,-0.135766918082462,0.725633123242156,False
FUT8,-0.0873778600697879,0.726104921156117,False
AOC3,0.510443442602222,0.726417931882588,False
VCAN,0.161786281237408,0.726417931882588,False
PSMA7,0.0545903987656295,0.726796569855625,False
TMF1,0.0715128592579033,0.726859221023841,False
VCP,0.0500984271712515,0.726999686391851,False
PTPA,0.0563481233107161,0.726999686391851,False
ZC2HC1A,0.111704193404771,0.727297065217875,False
NPNT,0.213405532958891,0.727298864400106,False
CIAO2A,0.069339476863302,0.727694593532101,False
CDH13,0.22668157938978,0.727700323658357,False
RPL8,0.0641200226706662,0.728650522776073,False
RIT2,0.115025655515637,0.728650522776073,False
YWHAE,-0.0460076625934303,0.728650522776073,False
PRPS1,-0.0987233771138651,0.728650522776073,False
UBE2V2,0.0571705774035323,0.728753440683139,False
TPM2,0.181414811615848,0.729049664867945,False
NDUFAF6,-0.0863666706517607,0.729417548126177,False
CACHD1,-0.129351539211122,0.729417548126177,False
SYT6,-0.183254153335743,0.729417548126177,False
SEC61A1,0.0846579010892743,0.729417548126177,False
TSPAN6,0.106002471695278,0.730024150873476,False
ATP6V1H,-0.0992998826018958,0.730080725812967,False
DAD1,-0.0815807071794703,0.730350403100892,False
HPD,-0.308575049665895,0.730391770963519,False
AKAP1,-0.0785492397054144,0.730391770963519,False
ITGA1,0.296126667243747,0.730485510389698,False
SNAP47,-0.0628815951030468,0.730485510389698,False
ARL8A,-0.0707597564704852,0.730485510389698,False
SPATS2L,-0.129399839610676,0.730485510389698,False
PTP4A1,0.101670555735766,0.730485510389698,False
CUL1,0.0513173554762982,0.731429828398473,False
NOL11,0.107957772791604,0.731429828398473,False
TMEM87A,0.0479575256669662,0.731429828398473,False
MCCC2,-0.166422163206569,0.731565601939078,False
IPO7,-0.057540566237698,0.731565601939078,False
ANKRD16,-0.104250646698062,0.731565601939078,False
GRAMD1A,-0.106182368284319,0.731834427150469,False
RPL27,0.0617758145118206,0.731834427150469,False
ANK3,0.115796801730847,0.73192983434406,False
PHACTR3,-0.109262041933894,0.73192983434406,False
CD47,-0.101689214480148,0.73192983434406,False
PAG1,0.115880537681566,0.732986342624966,False
RAB5C,0.0640821546658206,0.733280726804165,False
SCP2,-0.083133324744713,0.733298740400173,False
CLIP3,-0.0931603949101802,0.733298740400173,False
CYP51A1,-0.142016587643653,0.733346889325632,False
TOR1A,-0.0663282974029862,0.733991922758979,False
RPS23,0.0667911097163341,0.733991922758979,False
SEL1L,-0.0622544471526645,0.733991922758979,False
DNAJA4,-0.10937763696618,0.733991922758979,False
BCAP29,-0.074024161039663,0.734896163980838,False
ACYP2,-0.10889671491773,0.734896163980838,False
GIGYF1,0.106616414127738,0.734896163980838,False
LRP2,0.138825218822166,0.734896163980838,False
SNU13,0.0790974018444537,0.734896163980838,False
TERF2,0.0654923630025079,0.734896163980838,False
TYK2,0.12341209514486,0.734896163980838,False
CYP7B1,-0.0998426452598959,0.734896163980838,False
ZDHHC14,-0.101232660942608,0.735095157849356,False
IPO11,0.0440324804845265,0.735095157849356,False
C18orf32,-0.0872472089571392,0.735095157849356,False
KLHL4,0.145792672903901,0.735389191980116,False
DNMBP,-0.0800772619952967,0.735389191980116,False
CD38,-0.177030565670222,0.735389191980116,False
SCGN,-0.150687402388249,0.735543645045222,False
RPL7,0.059624418081194,0.735543645045222,False
ARHGAP32,-0.151238375589979,0.735543645045222,False
PRXL2B,0.066593797514555,0.735543645045222,False
RIMS3,-0.133192084788444,0.735543645045222,False
GDE1,0.0782196175107694,0.735543645045222,False
UQCRFS1,-0.110652491580598,0.735543645045222,False
RAPGEF3,0.122402552960189,0.735543645045222,False
FBXO3,0.0571166357161932,0.735543645045222,False
ADRM1,0.0589464849436965,0.735543645045222,False
ART3,-0.177541288658804,0.736301871278037,False
COPS8,0.0588056552959095,0.736379799135224,False
SORT1,0.103151433991183,0.73656243840525,False
HEATR5B,0.0554135059590912,0.737176500615935,False
SLC9B2,0.0957704730268603,0.737176500615935,False
REEP5,0.0833081043152557,0.737176500615935,False
AKT1,-0.0539895670959929,0.737176500615935,False
PEG10,0.0929439163560106,0.737180491659297,False
ATP6V1B2,-0.0878848837196333,0.737180491659297,False
RAB9B,-0.0782141975423425,0.737419984135165,False
EIF1AX,-0.11699499564982,0.737419984135165,False
MADD,0.109638004047943,0.73767185257815,False
NOVA1,-0.152399169198154,0.737950241550616,False
UBR1,-0.0505912171253957,0.737950241550616,False
ATP5MG,-0.115712770196957,0.737950241550616,False
FUNDC1,0.0787134782967174,0.738075791500827,False
ERCC2,0.0949556910452243,0.738075791500827,False
LRCH3,0.0796677633347826,0.738075791500827,False
GLYR1,-0.0896622727707364,0.738371243311519,False
LNPK,0.0485472673913723,0.738371243311519,False
WFS1,-0.104714583522238,0.738739059248904,False
TPP1,-0.099012868106664,0.738739059248904,False
MRPS21,-0.0903224476382176,0.738739059248904,False
PYGM,-0.171569468174903,0.739084329365552,False
FKBP10,-0.144944890063143,0.739152164605929,False
SPINT2,0.0948082999003015,0.739664106388062,False
SEH1L,-0.0628054279331582,0.740181990880931,False
RABGAP1,-0.0639905869458719,0.740880239046979,False
FAHD2A,-0.0974749049724739,0.741673045809925,False
WDR59,-0.0571054479813133,0.741673045809925,False
GABARAPL2,0.071858020717178,0.74259564919352,False
SMTN,0.145352181653765,0.74259564919352,False
CERS4,0.0576200404694971,0.74259564919352,False
MSN,0.0959573311441826,0.74259564919352,False
SNCB,-0.20116697120644,0.74259564919352,False
SLC7A8,-0.118767873821564,0.74259564919352,False
CACNB3,-0.145411226334127,0.74259564919352,False
LGI3,-0.179667373905728,0.74259564919352,False
GFPT1,-0.0863394277502909,0.742602721071403,False
ATP6V1C1,-0.0841812658381649,0.742602721071403,False
AVIL,0.534868767501868,0.742602721071403,False
RUSF1,-0.0522640951109139,0.742602721071403,False
EIF1AY,0.0657378945513578,0.742602721071403,False
PRKAR1B,0.0922659215446604,0.7426384563073,False
ATP5ME,0.152144473760082,0.7426384563073,False
C11orf54,-0.137851003319946,0.7426384563073,False
BRIX1,0.0447167627351428,0.7426384563073,False
DYNC1LI2,0.0755233054373381,0.7426384563073,False
PPP1R13B,-0.0934820141418697,0.7426384563073,False
BUD31,-0.0742358407410384,0.74265666292146,False
ACTN3,-0.0997528091120747,0.74267189804551,False
TAGLN2,0.171319732983029,0.74267189804551,False
AKR1B10,-0.132917076377405,0.743116244737042,False
TCAIM,-0.0498123792940275,0.743116244737042,False
GUF1,-0.0600327682350663,0.744602420420518,False
UFSP2,-0.0750182956095511,0.744633399036812,False
TTC39A,0.0852813172071167,0.744633399036812,False
RAB8A,0.0833638023551293,0.744633399036812,False
MED1,0.0706640405684471,0.744633399036812,False
SNX27,-0.0511521675344042,0.745220773672813,False
PSMD13,-0.0472345250244803,0.745220773672813,False
CHMP6,0.0653180492864252,0.745220773672813,False
TRIM36,0.119645103057811,0.74526156830694,False
CFAP298,-0.0716227828468963,0.74526156830694,False
FGF12,-0.134003405099829,0.74526156830694,False
PRKAG2,0.0683933755051775,0.746004362723426,False
TCP11L1,-0.0807075392050578,0.746004362723426,False
PPP1R3D,-0.0709219803472871,0.746004362723426,False
PHF5A,0.0603666397695193,0.746209984978853,False
SLC7A2,0.144503021681682,0.746209984978853,False
SPECC1,0.0873125914716617,0.746259356174335,False
ROCK1,0.082768853856189,0.746259356174335,False
STX5,-0.0638688168629704,0.746434578919558,False
ARAF,-0.0752989632648955,0.746511154060905,False
JOSD1,0.100699377182313,0.746955582409859,False
P3H1,0.0974730661500303,0.747278881951435,False
TPD52L1,-0.131902510168388,0.747278881951435,False
KIF21A,0.090365357447471,0.747358543858775,False
ATG2A,-0.0708412953299806,0.747545190952515,False
PANK2,-0.0588168701803315,0.747545190952515,False
GPRIN1,-0.214314527150421,0.747545190952515,False
FHL3,0.210221854566136,0.747643849453923,False
GLDC,0.147732601031828,0.748026554600792,False
KPNB1,-0.0566602825909257,0.748076333440712,False
ATG2B,0.0671385765417511,0.748230502394849,False
TXN,0.0770475563442563,0.748302114626015,False
PKN1,-0.0646340386653108,0.748841405638367,False
BASP1,-0.149733134852818,0.748841405638367,False
PHIP,-0.0619687709528511,0.748841405638367,False
ARPIN,0.090737944647115,0.749053016902512,False
COL4A1,0.278250549120315,0.749299033883989,False
BNIP3L,-0.0860292711375834,0.749551124740069,False
SDHAF3,-0.057638663409211,0.74985766141774,False
LMNB1,0.144865071313387,0.74985766141774,False
APOBEC3C,0.0780653231247204,0.750558261080517,False
IFT25,0.0690217958317785,0.750604737211637,False
PSMD10,-0.0562813490448413,0.750694969230718,False
PI4KB,0.0633842919250105,0.750991847074212,False
TUBG1,-0.0621407698438521,0.751059628655737,False
SUMF2,0.101447768204403,0.751059628655737,False
GIT2,0.0630831176552036,0.751676986425919,False
VWA5A,-0.120976823972462,0.751719302976953,False
PLEKHM3,-0.0488576323287218,0.751719302976953,False
UBE2Z,0.0650544038549707,0.751825622361255,False
SCN7A,0.22731961666533,0.751942917124369,False
NME7,0.0492668480018263,0.751942917124369,False
APPL1,0.0476108418875771,0.751942917124369,False
EPS15L1,-0.0628791622855456,0.751942917124369,False
SLC27A6,-0.299843247644858,0.751942917124369,False
VPS18,-0.0471375046450184,0.752076998164952,False
RAD50,0.0739106397479272,0.752076998164952,False
HAPLN1,-0.268670757255734,0.752076998164952,False
CLASP2,0.0635172308933889,0.752305855285145,False
STUB1,-0.0544356413972444,0.752305855285145,False
CPNE1,0.490217041162671,0.752597801314906,False
ITPR1,0.169604366565341,0.752597801314906,False
IST1,0.0512014714437719,0.752870718219396,False
CCNY,-0.0747862608910257,0.753142562673545,False
PLCH1,0.0758340286320038,0.753142562673545,False
PHF6,0.0883493391015513,0.753142562673545,False
ITGA7,0.119622063912971,0.753462658007826,False
DDHD1,-0.0771963660132489,0.753462658007826,False
UBL5,-0.0848540495878609,0.753462658007826,False
CEP68,0.0529849944843379,0.753462658007826,False
PTPN13,0.0870106119947209,0.753462658007826,False
LSM1,-0.10218620858231,0.753462658007826,False
DIS3,-0.0679163877971467,0.753462658007826,False
PLEKHA6,0.107677286183048,0.753478444180862,False
MPPED2,-0.115609865924089,0.754481229956873,False
FAM131B,0.133167206388434,0.754481229956873,False
DTNA,-0.162931353558704,0.754481229956873,False
NIF3L1,0.0504373120715904,0.754481229956873,False
TRIM14,0.103762126552706,0.754481229956873,False
WDR91,-0.0630611881824521,0.755225455011656,False
AP4S1,-0.0479304541039145,0.75572964530842,False
NAGLU,-0.119684763032647,0.756055642899995,False
RASAL2,0.0578547556337954,0.756213065484081,False
CLCC1,-0.0624718786177407,0.756331884039156,False
UNC13B,0.0619266706839818,0.756331884039156,False
MFF,-0.0571580873071476,0.756331884039156,False
ADISSP,-0.0502889075083468,0.756331884039156,False
CA14,0.136424414127999,0.757126087340429,False
MEN1,0.0548865690412859,0.757291295144308,False
UBTF,0.0946394388647551,0.758044012576888,False
OGFR,0.047734735906289,0.758445392109904,False
USP19,-0.0568395801219355,0.758464813622284,False
RALA,0.0635921832166577,0.758728112574514,False
TPD52,-0.0971899571429962,0.759012670066193,False
TPK1,-0.0869110511876547,0.759012670066193,False
SPCS1,0.0932273169948585,0.759255232101207,False
CORO2A,0.0940290067875207,0.759417271250991,False
AARS2,-0.069585186833157,0.759417271250991,False
SLC5A3,0.140622880556524,0.759417271250991,False
ASIC1,-0.125251770148854,0.759417271250991,False
ABHD10,-0.0759124426625561,0.759417271250991,False
MLEC,0.0591961701678994,0.759907933154006,False
ICOSLG,0.094584955813616,0.759907933154006,False
UNC13C,-0.104692231758023,0.759979125451517,False
DGLUCY,0.656403247171379,0.760128405546109,False
ZNF24,0.0819882393260372,0.760128405546109,False
STK25,-0.0507249602657769,0.760650445126163,False
CAPNS1,0.059301021582586,0.760650445126163,False
NOP14,0.0508192918190451,0.760838094055121,False
PHYHD1,-0.198643449493079,0.761448459213275,False
ATP1B3,0.175265798797504,0.761599377159412,False
PCNT,0.0485413284341103,0.761886287663877,False
PSME3,-0.0737814052161614,0.761886287663877,False
C5orf22,-0.0676094197151222,0.761886287663877,False
B3GAT3,0.058039353405829,0.762082144514955,False
MLLT11,-0.11841889985578,0.762805405480001,False
CNOT1,0.0348173330119046,0.763291482944028,False
ABRACL,-0.0820024037626963,0.763329810213998,False
TBC1D8,-0.0757003119548703,0.764120725551927,False
OSBP2,0.0817826203680703,0.764120725551927,False
LRRC8D,0.0543865049717187,0.764247832805298,False
HK2,0.121209260048843,0.764322079445946,False
PARK7,0.0573764435092414,0.764358101989591,False
ATP13A1,-0.0627688934408592,0.764584785352823,False
SIGMAR1,-0.0543771226235208,0.764901507726007,False
LIG3,-0.0750390707934994,0.765365914482728,False
CTHRC1,0.130350450604633,0.765365914482728,False
ISOC2,-0.077553216976213,0.765365914482728,False
CNDP2,0.0676240663307688,0.765541191779924,False
UBE2G1,-0.0602902736964577,0.765541191779924,False
TUBA4A,0.119131392818339,0.765541191779924,False
TMED1,0.0506961377368498,0.765541191779924,False
IRF2BPL,0.0747474831956572,0.765541191779924,False
ARF5,-0.0700532745047386,0.765737141465722,False
LYN,-0.10723975168527,0.765737141465722,False
PNMA2,-0.0779795131732621,0.766142046947951,False
GNPAT,-0.0582923101852533,0.7661825040475,False
LIMK1,0.0943692830500673,0.766206644127522,False
CLSTN1,0.122671082094062,0.766206644127522,False
FAR1,0.127016764106599,0.766289378927624,False
NSDHL,-0.0747597297704434,0.766289378927624,False
CTSH,0.103703274122482,0.766289378927624,False
ABCF3,-0.0534922018840618,0.766672417133417,False
BMP2K,0.0712068850216809,0.766672417133417,False
RPLP0,0.05603824849943,0.766672417133417,False
VAT1,0.109602841735581,0.768289862588234,False
EIF1B,0.0835368770547404,0.768596027008179,False
LTBP3,-0.0768177026631607,0.769432402770736,False
HINT3,0.0970488735208122,0.769432402770736,False
FARP2,0.109547588894618,0.769432402770736,False
INTS3,-0.0939219943868821,0.769432402770736,False
XPNPEP3,-0.0574066951924985,0.769432402770736,False
PRKAR1A,0.0711994916895762,0.769432402770736,False
XPO1,0.0411425983334066,0.769432402770736,False
PRPF6,0.0654778185868192,0.769432402770736,False
LLGL1,-0.109516236333191,0.769432402770736,False
TRAFD1,-0.0905728303724036,0.769447974900536,False
SLC16A3,-0.101080257467377,0.769447974900536,False
INPP4B,-0.0679872675760951,0.769447974900536,False
STBD1,-0.0968134916319894,0.769447974900536,False
PET100,0.0920340038060417,0.770711419917218,False
RTF1,0.074744149688196,0.772020617534626,False
NKRF,-0.0859867002909755,0.772169524315096,False
AK6,-0.0558774409090725,0.772414094976188,False
PAFAH2,-0.0577408164299031,0.772414094976188,False
SRPK2,-0.0519306290410437,0.77338231594187,False
CTNNA1,0.178979742491103,0.77338231594187,False
NCS1,-0.0881091068846747,0.773568904588086,False
PFDN2,0.0823864092734201,0.773662319866267,False
TLE5,-0.0771128486073991,0.774033734496776,False
DYSF,-0.141167621040736,0.774033734496776,False
EVI2B,0.129424425260134,0.774472334004043,False
ATG4C,0.0833273691029479,0.774833527978643,False
TM9SF4,-0.0456295230008372,0.774892677549521,False
STAMBPL1,-0.0957962395361402,0.775288093495162,False
PHOSPHO1,0.0952880738369988,0.775288093495162,False
BRSK2,0.0845678213959875,0.775288093495162,False
LSM12,0.0500757020873142,0.775288093495162,False
NAXE,-0.0505620442940664,0.775288093495162,False
UBASH3B,0.0923507757288178,0.775288093495162,False
TIMM8B,-0.0713154625756429,0.775288093495162,False
DIABLO,-0.0724081015374942,0.775288093495162,False
SYAP1,-0.103874815946915,0.775288093495162,False
SLC41A3,-0.0506475969894957,0.775288093495162,False
CNBP,-0.180716245730302,0.775288093495162,False
GRIPAP1,-0.0699264599807261,0.775311395257857,False
ARRB2,0.060260109370061,0.775456947300843,False
FBXL18,0.0574112654862819,0.775570956400168,False
PHF1,-0.0419906555424969,0.775570956400168,False
CCDC28B,-0.0758031161295767,0.775570956400168,False
ATG12,0.0953262124941308,0.775667944119607,False
LYRM4,-0.146955767545998,0.775671688731088,False
LYPD1,-0.105908856777012,0.77612595348621,False
ERC1,0.123801979090132,0.77612595348621,False
MIF4GD,0.0562776518573234,0.77612595348621,False
DLG5,0.0699396611770213,0.77612595348621,False
COMMD4,-0.0503231805687818,0.776712077310284,False
ABCC8,-0.0841672569383745,0.776712077310284,False
ARFGEF2,-0.0536341968609708,0.776712077310284,False
XRN1,-0.0596611137873504,0.776712077310284,False
NPEPPS,0.0510966456447886,0.776712077310284,False
JCAD,0.148202906683131,0.776712077310284,False
KATNB1,-0.0569272786623252,0.776712077310284,False
CYP27A1,0.106214513719888,0.776926221612808,False
BBS4,-0.0573648874765205,0.77693950986109,False
ERLEC1,-0.0715366378271778,0.777051051715899,False
SNRPD1,0.0471907478561517,0.777556726557248,False
LPGAT1,0.0672841310008643,0.777556726557248,False
CDC40,0.0699306054840729,0.777556726557248,False
TAF7,0.0698276823534716,0.777556726557248,False
BRSK1,-0.0962972063426157,0.777556726557248,False
RAP1GAP,-0.115517288220211,0.777556726557248,False
OTC,0.111029242177332,0.777556726557248,False
PLXND1,0.092043547677946,0.777556726557248,False
ENOPH1,0.0590904186235051,0.777556726557248,False
ACOX2,-0.102009387714851,0.777556726557248,False
MOCS1,-0.078278648912252,0.777829882863261,False
DAB2IP,-0.0681504130406978,0.777829882863261,False
GDI1,-0.0588153695458562,0.777910146916413,False
PPIL1,0.0571193110816655,0.778260653603192,False
CHTOP,0.0991006982697558,0.778763469634628,False
DENND4B,-0.0559374741605083,0.778763469634628,False
SUCLG2,-0.0661994336225327,0.778781760608574,False
GPKOW,0.0457924343281855,0.778827957209594,False
QDPR,-0.159607134715998,0.778827957209594,False
AIMP2,-0.0972201533555914,0.779008997839524,False
RPL14,-0.0766071685458787,0.779332277086076,False
CANX,0.0503860764072481,0.779332277086076,False
DYNLT3,-0.0939162071003157,0.779332277086076,False
CLVS2,0.0898387218118408,0.779332277086076,False
STRN,0.0397803547953206,0.779332277086076,False
ERGIC3,0.0582714641426998,0.779332277086076,False
GGACT,-0.0815296755037185,0.77954123882089,False
GET1,0.0470372416176419,0.780135660586266,False
NR2C2AP,-0.0644314050207804,0.780168361065347,False
RAP1GAP2,0.122128794471125,0.780300124293459,False
USF2,-0.0718049737542241,0.780300124293459,False
PLEC,0.0896806576017735,0.780300124293459,False
JOSD2,0.134297430267473,0.78058365787813,False
RABL2A,0.0658674654948221,0.780737880202895,False
RPS6KA4,-0.0513141526791836,0.780737880202895,False
PHKA2,0.0624786628961846,0.781833733967669,False
ABCA5,-0.0785072370714035,0.781983688502882,False
LTN1,-0.0495235772482872,0.781983688502882,False
DYNC1H1,0.056672043807847,0.781983688502882,False
PPM1H,-0.0993242062238178,0.781983688502882,False
SIAE,-0.0700244379716572,0.781983688502882,False
SPCS2,0.0577703674946441,0.78208543311721,False
NUDT6,-0.103015441035375,0.782295033321349,False
CEP97,0.0590122289272532,0.782295033321349,False
TMEM119,-0.221944074664663,0.783185660351427,False
NUP88,0.0705131604731832,0.783185660351427,False
PUF60,0.0473677939606691,0.783275362439061,False
EXOC6B,0.0331906166462907,0.783275362439061,False
PTP4A2,-0.0840788496741673,0.783275362439061,False
ACTBL2,0.152149592652139,0.783275362439061,False
GFOD1,-0.0752413631352464,0.783275362439061,False
SHROOM4,-0.0658028338059085,0.783275362439061,False
TMEM167A,0.0668502692640196,0.784047904194658,False
MAP6,0.126272860915556,0.784368475691556,False
INPP5J,-0.0623553109182176,0.785770172098739,False
PCDHGC3,-0.078760785495497,0.786642844966183,False
BAD,0.0748931948441403,0.786642844966183,False
CHMP7,0.0528104043335897,0.786744285114075,False
CCM2,0.0519198125962523,0.786894146382263,False
MTERF3,-0.1108255897571,0.786894146382263,False
LLGL2,-0.104185929651823,0.787703308192833,False
UBB,0.189988498738957,0.787947890896952,False
RASIP1,0.0875728598158334,0.787947890896952,False
NUP43,-0.0521037494697598,0.787947890896952,False
VCPIP1,-0.0445718197235419,0.787947890896952,False
RNF141,-0.0887308584131068,0.787947890896952,False
ABRAXAS2,0.0404282825368192,0.788204672247785,False
MSTO1,0.0540112019929326,0.788680770932481,False
PHACTR2,0.12591520897197,0.788680770932481,False
AIFM3,-0.0893399918030902,0.788765010608591,False
SYT12,0.239061869224367,0.788784261144229,False
COLGALT2,0.0658505036277326,0.788784261144229,False
STXBP3,0.0640981823726854,0.788882253436218,False
SLC44A1,-0.0970592656595688,0.788882253436218,False
EVI2A,-0.175423686593928,0.788882253436218,False
DARS2,-0.0839005886493407,0.788882253436218,False
WDSUB1,0.101608582858003,0.788882253436218,False
HDAC2,0.0397932437516424,0.789043366556754,False
ASB6,-0.0619015328059431,0.789043366556754,False
DIP2B,-0.054942389557592,0.789043366556754,False
RPL34,0.0575439118881231,0.789048597240491,False
CA8,0.118606858404819,0.789048597240491,False
PDF,-0.0696979409493137,0.789317604869461,False
PFKM,-0.0544092071877849,0.789456360522276,False
CTSF,-0.109026192137871,0.789456360522276,False
KPNA6,0.053341058811899,0.789456360522276,False
ALAS1,-0.0891464780590798,0.789456360522276,False
GUK1,0.0544437712984394,0.789661690302133,False
ENOSF1,-0.095894622290186,0.790524285944579,False
BRAP,0.0451714657937616,0.790821844891197,False
RRM1,0.0946536036819463,0.790847648537104,False
RAB1A,-0.0327590936179352,0.790875551912301,False
NAA16,-0.0416239089808901,0.790875551912301,False
TMEM151A,0.0976359500136326,0.790875551912301,False
AEBP1,0.340016097732784,0.790875551912301,False
EPN1,-0.0595257304928545,0.791137784568254,False
RELA,0.0616152161296188,0.791271706075989,False
ARF4,0.0411929749841118,0.791271706075989,False
CUEDC1,0.0714311384324962,0.791271706075989,False
PSMD12,-0.0321524097391688,0.79131680995983,False
ANKMY2,0.0827411873811599,0.791454735742926,False
PIK3R1,0.0371156650137117,0.791454735742926,False
EPG5,-0.0634791128796452,0.791454735742926,False
MUL1,-0.0775752430184662,0.791454735742926,False
DNAJA2,0.0696473375539295,0.791454735742926,False
HPCAL4,-0.106230463530354,0.791586347353421,False
PPM1L,-0.0672487538602926,0.792765448335406,False
PSAT1,-0.111005861430051,0.793138809745416,False
PMM2,-0.134074805288373,0.793138809745416,False
RAB5B,-0.0533303798738363,0.793138809745416,False
CHMP1B,0.0595289790122244,0.793138809745416,False
EIF4G1,0.03402752893121,0.793258405172586,False
RPS8,-0.0451384257392586,0.793708185816205,False
MT1E,-0.162403237275761,0.793708185816205,False
ADCY5,0.0491731355509906,0.793708185816205,False
CARD19,-0.0675430033721192,0.794032451408169,False
ARIH1,0.0417827351206661,0.794091993356286,False
DPP3,0.0791508229910658,0.794091993356286,False
RPP30,0.0411542775604508,0.794303946803377,False
STRAP,0.0496491036967122,0.794502241536774,False
NINJ2,0.174208576649518,0.794831051521257,False
CDKN1C,0.0831179134319688,0.794888213266955,False
GJC2,-0.102865772583467,0.795398639361062,False
PLCXD3,0.0950019766091135,0.795421087278098,False
PDPN,-0.14237938370875,0.795468770956746,False
PURB,-0.062493883859565,0.795579052888681,False
CUL2,0.0478215148790664,0.795630026502479,False
MAP4K4,0.0733105528771745,0.795630026502479,False
CLSTN3,-0.0670521755833446,0.795630026502479,False
DDX3Y,-0.250453130197628,0.795668179444028,False
TTBK1,0.0950834636302682,0.795845816493751,False
PSMB7,-0.0449195535085014,0.795845816493751,False
MCC,-0.139998094317781,0.795845816493751,False
HDAC3,-0.0578835516355571,0.795845816493751,False
DLG1,-0.0578216793774828,0.795879036321791,False
SLC4A3,0.0898558444085085,0.795879036321791,False
ZMPSTE24,0.0551864356448704,0.796472362691921,False
MYO5A,-0.091887133260748,0.796472362691921,False
CACNA1B,-0.142766244172977,0.796596197881245,False
PLCH2,-0.10517939404162,0.796648463362845,False
SRGAP3,-0.064217276429444,0.796648463362845,False
TBCEL,0.0604088897536084,0.797201647176597,False
LYPLA2,0.0499732023915245,0.797201647176597,False
ARMCX2,-0.0488986333368056,0.797201647176597,False
COX15,-0.0575166513512171,0.797201647176597,False
NELFCD,0.0352103765402871,0.797201647176597,False
IRS2,-0.0697365291036283,0.797201647176597,False
FABP1,0.497248511646529,0.797201647176597,False
PDCD11,0.0605745443956236,0.797638975968084,False
DUSP14,0.0849057643431053,0.798219858675228,False
ZNF22,0.10336807238509,0.798239984556645,False
ADAM17,0.0893463223310711,0.798258627096954,False
SRGAP1,0.0726227700031945,0.798258627096954,False
WDFY1,-0.0794506090271732,0.79832913224686,False
NOP10,-0.0607803254076673,0.798843183608301,False
CYP46A1,-0.0893232616972757,0.798868656460994,False
ATG9A,0.0620456412212391,0.799458073718138,False
AIFM1,0.0545203256714828,0.799458073718138,False
PPP6R3,0.0354662251022315,0.799458073718138,False
EXOC1,-0.0378743836655993,0.799458073718138,False
PSMA4,0.0397796694396853,0.799869044113761,False
DCTN6,0.0646941885471968,0.799869044113761,False
PTRH2,-0.0477219138975107,0.799869044113761,False
RPL23,0.0540490286511002,0.799869044113761,False
ADAM23,-0.119996186217419,0.799869044113761,False
SOX10,-0.103166409597585,0.799869044113761,False
GLUD2,-0.112008254767314,0.799869044113761,False
SDCBP,0.0730035932707214,0.799869044113761,False
UBE2J1,0.0467038152185673,0.799869044113761,False
G3BP2,-0.0751683329276176,0.799869044113761,False
RGS19,-0.0631035124214794,0.799869044113761,False
KCNA3,0.105182025764566,0.799869044113761,False
OR1M1,-0.100240444678537,0.799923227392197,False
FBXO30,-0.060620105425464,0.799923227392197,False
ATXN2,0.0747997371882008,0.800601451632291,False
NKIRAS2,0.045632228374842,0.800601451632291,False
RCL1,-0.0358216285520827,0.800601451632291,False
COQ10A,0.0468675680554194,0.800601451632291,False
LDB3,0.120119441305423,0.800601451632291,False
EEA1,-0.0457314142085323,0.801398692388063,False
RBP1,0.12015615208777,0.801676890275368,False
ADAR,-0.051599808558958,0.801676890275368,False
USP4,-0.0508358370938637,0.801676890275368,False
TRIM26,0.0701711923345947,0.801788399036483,False
KIAA0513,-0.105182605119666,0.801803115975888,False
KBTBD4,-0.0383977981732633,0.801803115975888,False
TARS1,-0.0501608524185322,0.801803115975888,False
LPP,0.171364633936635,0.802005127805573,False
PGK2,0.10173995005331,0.802431535975239,False
SRRM1,-0.0878100879771511,0.802710335702155,False
RPS28,0.0391753796671459,0.803017554832303,False
RAB5A,0.0431845566740385,0.803060570751744,False
TTC1,0.042625059751245,0.803189658136576,False
EURL,-0.076483231541431,0.803189658136576,False
PIGU,0.038958782616727,0.803189658136576,False
COASY,0.053621093782958,0.8032325888396,False
YWHAH,-0.0472180243476039,0.8032325888396,False
VSTM2B,-0.0745831767619762,0.803312922812383,False
ABCG2,-0.0516926964843432,0.803904480308781,False
FAM234A,-0.0688003175834329,0.80455706801521,False
TRIM2,0.0736350511852883,0.80455706801521,False
DBNL,0.0439052547985384,0.804581368234163,False
NGDN,0.0388840561497821,0.804871918487165,False
STMN4,0.132861113861098,0.805471425836267,False
HECTD1,-0.0303183818608836,0.805471425836267,False
TM6SF1,-0.0567575282419384,0.805497064669064,False
PSMD6,0.0347229281088062,0.806063436051576,False
RPS14,0.0441319436648584,0.806544274997482,False
CAMSAP1,0.0536324487731221,0.806885600173607,False
KCNAB2,0.101918473003504,0.807067902026299,False
SMAP1,-0.0707672365022542,0.807398725856452,False
TTLL12,0.080672479474444,0.807485624921537,False
FLOT1,-0.0655851387949262,0.807485624921537,False
S100A1,-0.0815507067116492,0.807503355176312,False
MED24,0.0891212216906618,0.807503355176312,False
BDH2,-0.0886580092466058,0.807503355176312,False
RPS15A,-0.0359085782217736,0.807714928807027,False
SLCO1A2,-0.0884317053582659,0.807779121941089,False
ALKBH5,-0.108282972813374,0.807779121941089,False
MAPK9,-0.0637796978116985,0.807791258518547,False
MPV17,-0.0805625247876325,0.807791258518547,False
SLC1A5,0.0984406740699288,0.807791258518547,False
PAAF1,0.0605117373521438,0.807791258518547,False
PPFIA1,0.0623175810059386,0.807896025296784,False
UGDH,0.0894623437340361,0.808816756316145,False
GALNS,-0.0569700444169072,0.808816756316145,False
GBP4,-0.0836933326818494,0.808816756316145,False
PDLIM2,0.069789416837887,0.809262066927345,False
PRPF40A,0.0528549893280292,0.809262066927345,False
PLGRKT,0.0570172965942071,0.809466764802246,False
FPR1,0.0797041147949162,0.809731672194205,False
CDK5,0.0727441267037445,0.809731672194205,False
STXBP5,-0.0947600889493536,0.810120380444308,False
ST6GAL1,0.086108886914162,0.810128088462604,False
NSF,0.085638149017111,0.810128088462604,False
SAMD4A,-0.0658726637920628,0.810790668931423,False
APOD,-0.142951061022172,0.810964828499609,False
CST3,-0.116400269939509,0.811624231839631,False
NUDT3,0.0453586595388487,0.811624231839631,False
KCND1,-0.063928934820221,0.8116509218862,False
RFTN1,0.172425428699103,0.8116509218862,False
RPL30,-0.0525841794783783,0.8116509218862,False
YPEL5,-0.0373001894066416,0.8116509218862,False
HCN1,-0.101903036062388,0.8116509218862,False
DCLK2,-0.0900979574430405,0.812476479140594,False
ABHD16A,-0.0511690263864111,0.812476479140594,False
ANAPC10,-0.0424267486829635,0.81260945134191,False
ADH5,-0.0601810417001207,0.812776507272093,False
NUP93,0.0428372798883974,0.812804269029466,False
ACAA1,0.0599782286824162,0.81293061277148,False
NOP58,0.058837354428114,0.813024743132497,False
ANAPC4,0.0585163295084552,0.813512549231688,False
TNKS2,-0.0486300700285138,0.813512549231688,False
PISD,0.0794624527095813,0.813887021909284,False
DHCR7,0.0891400350948501,0.813938868357589,False
MTM1,-0.061678310363968,0.813938868357589,False
GPALPP1,0.0506263395975113,0.81406448925949,False
ALDOB,0.329242626540633,0.814503362567044,False
SGK2,0.168153770736232,0.814849490665879,False
HMCN1,0.0902614610595522,0.814991648626448,False
ARPC2,0.0414538070787778,0.815232914955333,False
LPCAT1,-0.0670466352202439,0.815375945993689,False
ACTRT1,-0.0558377695055512,0.815375945993689,False
DGKA,0.0902071478558923,0.815375945993689,False
RAP2B,-0.0772772774919659,0.81573558436963,False
VIPAS39,0.0413261350552361,0.815820394833338,False
TEX10,-0.0536466305638088,0.816011785875586,False
VAPA,0.0442539513128768,0.81615707922668,False
FSD1,0.0924766314220946,0.81615707922668,False
RAB39A,-0.0710937919010082,0.816314293285581,False
C6orf89,-0.0394488508153801,0.81654586025067,False
NECAB3,-0.0861615355887295,0.81654586025067,False
TTC5,-0.0545631825349462,0.81654586025067,False
DGKH,-0.203134754728234,0.81654586025067,False
NEDD4L,-0.090535247075481,0.816665550080589,False
HYI,0.10558375323091,0.816692018631957,False
POFUT1,0.0746358227072914,0.81700067302428,False
ATM,0.0459285267541523,0.817214907834482,False
INTS14,0.0486237808415595,0.817490414998243,False
AKAP9,0.0563414502015451,0.817893126663632,False
BPIFA3,0.12549517167305,0.817893126663632,False
ACACA,0.0485757467931762,0.817893126663632,False
HEXB,0.0862644864490765,0.818072702415467,False
B4GAT1,-0.0502018869766481,0.818840478880069,False
ARMC9,0.0796932128466867,0.819071028648396,False
MRPS36,-0.0683125613968096,0.81909922783689,False
ARL5A,0.0497709198420395,0.819138581482009,False
PLLP,0.116683929231687,0.819424834842483,False
TMEM231,-0.0973714964463976,0.819539253224124,False
PGM3,0.0646010302460631,0.819539253224124,False
CASP7,0.0581525968577736,0.819644080195174,False
PCYOX1,-0.0439871584280134,0.819779150451866,False
KIF1A,0.0579750944348376,0.820502864813122,False
SUGP2,0.0814951803820989,0.820848442282508,False
WAPL,0.0379027062829582,0.8208561000534,False
PDCD6,-0.0406596925647502,0.821208456972146,False
SHC3,0.0969110777841431,0.821580901837648,False
MVD,-0.0858538963335782,0.821597498666007,False
RPL26,0.0459813988186273,0.821632398108944,False
TMCC3,0.0763401386529399,0.822580791711548,False
BCL2L1,-0.0378247353641017,0.822705669187697,False
SHMT1,0.0848452668503423,0.822705669187697,False
AGAP1,-0.0671963209749169,0.822723451014845,False
LAS1L,0.0360412587011441,0.822849611445151,False
PLXNA2,-0.049549128585471,0.822849611445151,False
CHP1,0.067374611004503,0.823030729459862,False
MAP3K3,-0.0383033828915167,0.823300286223354,False
FKBP1B,0.0869949803079111,0.823334907880832,False
KIF5C,-0.0653687733976049,0.823396876750683,False
FLNA,0.169875647044192,0.823524880657014,False
KLHL11,0.0757457366156862,0.8238836582115,False
PCBP1,0.028529735603966,0.82423975706462,False
TRAPPC6B,0.0324630828440355,0.824459490001321,False
ARMT1,0.0487326520326512,0.82553663550098,False
MRPS33,-0.0426363112527781,0.82586304442876,False
PPFIA4,-0.0953774891468573,0.82586304442876,False
COA3,-0.086370131310078,0.82586304442876,False
PLCB4,-0.109557318438307,0.82586304442876,False
SEC62,0.049677475658914,0.82586304442876,False
PTDSS2,-0.0388880212092797,0.82586304442876,False
UBR7,-0.0749938814931106,0.82586304442876,False
KCTD12,-0.0682908347246673,0.82586304442876,False
SHFL,0.0968573266517287,0.82586304442876,False
CA4,-0.12973988742905,0.82586304442876,False
MTMR6,-0.0381506011923047,0.82586304442876,False
STUM,-0.10940030071893,0.82586304442876,False
SRP72,0.0367890763041174,0.82586304442876,False
PSMD1,-0.0311657020193383,0.82586304442876,False
TAOK2,-0.0391023910903172,0.82586304442876,False
SPOCK1,0.0724873705995241,0.825883256317644,False
GPSM1,-0.0449614171191079,0.825966270852894,False
PLCG2,0.0579406952349544,0.826249491938723,False
NUP188,0.0351447002880656,0.826367903624534,False
VCL,0.140223744330005,0.826367903624534,False
PRKCQ,0.0911838045628386,0.826690635834153,False
TRIM16,0.0809776487697844,0.826797021563805,False
TMED9,0.0527806555282586,0.826797021563805,False
TPT1,0.0553023754783482,0.82714283973381,False
CPNE7,-0.0933632399238915,0.827344808868243,False
THOC2,0.0556395020586473,0.828252480554704,False
DPM1,-0.0580169264449193,0.829024987722006,False
CAMKK1,0.0777263700238393,0.829179949559789,False
CNTN2,0.0987879717297098,0.829179949559789,False
PTGES3,-0.0494367870904835,0.829179949559789,False
ACTR3,0.0435964926180148,0.829199474548987,False
LDLRAP1,0.127796313581737,0.829199474548987,False
DHODH,-0.0494703490259116,0.829199474548987,False
PPA2,0.0393593196031308,0.829199474548987,False
DIP2C,-0.0314076801082805,0.829632007439605,False
SRM,0.0528265376599677,0.829632007439605,False
RABL6,-0.0473156279765465,0.829632007439605,False
DCLK1,-0.06010108397534,0.829632007439605,False
PRDX3,-0.052053723369669,0.82963628422716,False
SHARPIN,-0.0389813857985768,0.829898865519509,False
CD58,0.0476157908718138,0.830155538612769,False
ZFYVE9,-0.0681383906811615,0.830168878958438,False
PRUNE2,0.151945355706014,0.830210065470465,False
SRSF5,-0.062219419948744,0.831332022657821,False
LRRC40,-0.0441332640389209,0.831604335450701,False
APOOL,-0.0530876408774414,0.831638526327638,False
CDC42EP4,0.167587972058875,0.832009394161921,False
CRIP2,0.109441989539237,0.832009394161921,False
KYAT3,-0.104286754988413,0.832009394161921,False
NUP153,0.0747194951019026,0.832393079577785,False
MIX23,0.0555836114141428,0.832968302831474,False
LAMA5,0.164417285081443,0.832968302831474,False
MDM1,-0.0458092507770518,0.832968302831474,False
TRIM5,0.0631442926640196,0.832968302831474,False
PABPC4,0.0245431109288052,0.832968302831474,False
NAE1,-0.0490813816534406,0.83334050135439,False
ERBB3,0.0673752777104077,0.83364777691969,False
EIF4G2,-0.0319997046621587,0.83364777691969,False
DFFA,-0.0785236562832559,0.83364777691969,False
C1orf50,-0.040504560121577,0.83364777691969,False
MARS1,-0.0350676163428219,0.83364777691969,False
NIBAN2,0.0859283810510654,0.83364777691969,False
CAMKMT,-0.0654155474935711,0.833843615169497,False
PTGFRN,-0.100781205924577,0.833843615169497,False
VPS26C,-0.0484678555218903,0.834131860187085,False
VPS33A,0.0320525957654851,0.834340627349805,False
UQCRB,-0.0734568862319591,0.834622734434147,False
HTRA2,-0.0394765366732184,0.834918635417091,False
STRN3,0.0384191585734523,0.834918635417091,False
TRIP6,0.118814549595522,0.834918635417091,False
RER1,-0.0419297632831181,0.834918635417091,False
NPRL2,-0.0804802233978927,0.835186449683341,False
KCMF1,0.0583698473010159,0.835186449683341,False
TMPPE,0.038328482521611,0.835186449683341,False
WDFY3,-0.0590346397057608,0.836352151129513,False
RPS6KA2,-0.0636677087318667,0.836352151129513,False
SGTB,0.0696808222387588,0.836352151129513,False
GTF2F1,0.047772639729442,0.836352151129513,False
WDR26,-0.0329613625921734,0.836352151129513,False
BRCC3,-0.0321258732859988,0.836352151129513,False
URI1,0.0632556591835991,0.836527095958043,False
AMPH,0.0965799532876908,0.836577929346709,False
PSMD4,0.0292777924378864,0.836737322586534,False
COG6,-0.0309925133143931,0.837077216059922,False
VAV3,0.0655243691207099,0.837077216059922,False
QKI,-0.0634253450607112,0.837734145241751,False
GNPDA1,0.0330846445948669,0.838367881692835,False
ACTA2,0.112538642840482,0.838367881692835,False
QARS1,0.0365217520144121,0.83842067890448,False
SYT11,-0.0529344437868193,0.838888123145984,False
XPNPEP1,-0.05425918377877,0.838888123145984,False
MAN2C1,0.0481047624453161,0.839235983051473,False
ANKRD54,-0.0596654039716853,0.839235983051473,False
EIF2B1,-0.0514168492472038,0.839466411771813,False
WASHC3,0.0386184351154375,0.839466411771813,False
RBM6,-0.0451663926461876,0.839466411771813,False
MED23,0.0534610180066197,0.839466411771813,False
RAB21,0.0484413350679542,0.839466411771813,False
CUL4A,0.0366621096823039,0.839466411771813,False
ELAVL3,0.0886701501396487,0.84029502020881,False
SERPINB12,-0.13209841715342,0.84029502020881,False
SMG9,-0.0344944037071304,0.84029502020881,False
ITGB4,0.126945431810176,0.840503401704853,False
EPS8,0.045851693021616,0.841072156975506,False
SRI,0.0562554693216253,0.84168101664542,False
AP4M1,-0.0353804671449698,0.842095701761581,False
DTD1,0.0410122328436646,0.842697781157237,False
BCAM,0.145862189621857,0.842718996389908,False
TBC1D7,-0.038457965572011,0.842718996389908,False
CHGB,-0.141356450851498,0.842718996389908,False
HDAC11,0.0908423320090943,0.842718996389908,False
ELOB,0.0393979260996407,0.842718996389908,False
CRYZ,0.101097591227809,0.842753571260177,False
THOP1,-0.0443958429976021,0.842870417236484,False
MINDY2,-0.0362435857555905,0.843007636731647,False
OTUD7A,-0.0621151630219847,0.843007636731647,False
PRKRA,-0.0611265965986938,0.843007636731647,False
GALK2,0.0516999553606343,0.843007636731647,False
CIAO2B,0.0477104252965352,0.84332273808251,False
CTNND1,-0.113707300490406,0.84332273808251,False
CRYL1,-0.0704085118153319,0.84332273808251,False
WASF2,-0.0620605132504384,0.84332273808251,False
CNOT9,-0.0362551459360834,0.84332273808251,False
CBX8,-0.0485855200161911,0.84332273808251,False
UBP1,0.0635651722238082,0.84332273808251,False
PLPBP,-0.0554002725618155,0.843335251583168,False
SLC6A9,-0.073685503205084,0.843673109385254,False
AGAP3,0.0504179925620072,0.843680432032197,False
FCGR2C,0.0922528514865508,0.84377100627129,False
LDHB,0.0403919773563342,0.84377100627129,False
TMC6,0.058439356081335,0.843948400054925,False
VAC14,-0.0417540537300116,0.843948400054925,False
HPS5,-0.0506969077373229,0.843948400054925,False
COX11,0.0445241554857656,0.84536388583529,False
STEAP2,-0.0761851807255578,0.845407949803309,False
PYM1,0.0787704620612706,0.845604698123347,False
SCN8A,0.0660373605082443,0.845991332080108,False
TRAPPC14,-0.0599808908579336,0.845991332080108,False
SURF1,0.0535555111491668,0.845991332080108,False
MAP3K7,0.0503134078117808,0.845991332080108,False
GPSM2,-0.0639995304654164,0.846657536118595,False
RBBP9,0.0530368616643422,0.847300800967877,False
GPRC5B,-0.102204699462128,0.847456718467124,False
BBS1,0.0350447368619342,0.847456718467124,False
RIOK3,-0.0546221503372379,0.847456718467124,False
RPL12,0.0394819668532858,0.847844593494798,False
NDC1,0.048407762928055,0.847880720315891,False
PPM1G,0.0476967764009295,0.847880720315891,False
RETREG3,0.0293245405419071,0.848066633298393,False
MAGED2,-0.048222126459903,0.848066633298393,False
CCDC127,-0.0412876037129219,0.848569998663437,False
NQO2,-0.151867386758344,0.849166445465942,False
ACP1,-0.0474694199830772,0.849166445465942,False
IFT81,0.0461411406754273,0.84989779653456,False
CPAMD8,-0.0975091343631238,0.850073249043098,False
DIRAS1,-0.0689031990408893,0.850552279228233,False
COPE,0.0393090686829627,0.850552279228233,False
NXN,0.070013365811163,0.850552279228233,False
CORO6,0.059835791805793,0.850552279228233,False
PPIP5K2,0.0465486114197997,0.850552279228233,False
PDE6D,0.0384003813726963,0.850810893700989,False
RPS6,-0.0374646278146482,0.85203091978776,False
SBF1,-0.0387483100645145,0.852132002926017,False
TMEM235,-0.0836187409438311,0.853487239825975,False
RNF31,-0.0320111030848587,0.853504649459191,False
TMPRSS5,-0.0967986873102005,0.853574479465631,False
TXNDC12,-0.0448835328424249,0.853604712343219,False
DDAH1,0.0491011869199554,0.853604712343219,False
KIAA2013,-0.0491993675100355,0.854938349323069,False
SEC23A,0.0300545203671909,0.854938349323069,False
ISYNA1,0.0618752442040797,0.854938349323069,False
ACHE,-0.0811327274171667,0.854938349323069,False
IKBIP,0.0527329352977874,0.854938349323069,False
PKP4,0.0619547502139994,0.855616891199219,False
PIN1,-0.0803928571639556,0.855616891199219,False
RASSF8,-0.0628625238892475,0.856465818256019,False
UBE2R2,0.024887069153289,0.856465818256019,False
ZMYM2,0.0456090584029578,0.856734998794043,False
ZEB2,0.0411143434968873,0.856734998794043,False
FXYD7,-0.0987792394058555,0.856734998794043,False
COPS4,0.0320283444333551,0.856734998794043,False
SOD2,-0.0818316467618452,0.856734998794043,False
SULT1A1,-0.141064373268676,0.856734998794043,False
INPP1,-0.0419230751172943,0.856734998794043,False
COMMD8,-0.0556681695460854,0.856734998794043,False
PAK1,-0.0668554206691834,0.856734998794043,False
THBS4,0.0556846886453384,0.856734998794043,False
MBNL1,0.0638635129185134,0.857222094080834,False
EXOC2,0.025669152346639,0.857222094080834,False
NELFB,0.0455791352615709,0.857222094080834,False
DNAJC1,0.0454024725030004,0.857222094080834,False
MIEF1,-0.0358697711732248,0.857222094080834,False
ABCB4,0.0415806002549326,0.857222094080834,False
CDC34,-0.0314000335497422,0.858300527211546,False
CLDND1,0.0749355451909413,0.858433231138305,False
AAGAB,-0.0301737708601948,0.858433231138305,False
NAPB,-0.0712927855566683,0.858516786699187,False
UBE2B,-0.0401876635662424,0.858516786699187,False
CAPRIN2,-0.0920825569102535,0.858597356784889,False
UBQLN2,0.0425471137908193,0.858677347285289,False
SLC16A1,-0.070555497745417,0.85890731083197,False
NOC4L,-0.0288949532344258,0.859269619235451,False
ALG8,0.0460816874250289,0.859269619235451,False
OGFRL1,0.0665302643664116,0.859394597619551,False
RNASET2,-0.0627808276306947,0.860273679488712,False
CHD8,0.0412430222469693,0.860480238494789,False
CNOT2,0.0287260742334539,0.860605299694305,False
BLTP1,-0.0363724621798482,0.860928742305078,False
CABP1,-0.0696419788276632,0.860928742305078,False
AMZ2,-0.0742211463425955,0.860928742305078,False
YPEL3,0.0345667438280008,0.861003915068836,False
PTGIS,0.134808367738555,0.861003915068836,False
XPO5,-0.0290065096659848,0.861003915068836,False
NDUFAB1,0.0548044729743244,0.861003915068836,False
SGTA,0.052670217763751,0.861003915068836,False
PSMD2,-0.0285945945896771,0.861650571362224,False
OSTC,0.0666019083334595,0.861764472350438,False
DCUN1D3,-0.0363636267114131,0.8619454867233,False
ATP11B,-0.049353695017162,0.862119877734463,False
SDC4,0.0507677592774884,0.862313031808704,False
CRYZL1,-0.034201021680488,0.862390234490646,False
TRIM25,0.0462658781104306,0.862518708176793,False
GMPPA,0.0501586487358541,0.862671829006595,False
CEP170B,0.0596039996628441,0.862877222938114,False
SHANK3,-0.107798473774491,0.862877222938114,False
AK3,-0.0419051526437872,0.862877222938114,False
NRDC,-0.0358936723985526,0.862877222938114,False
NAPEPLD,0.074704546866398,0.863075579352584,False
NT5E,0.0672149872802361,0.86354340816876,False
EXOC4,-0.0250243473601763,0.86354340816876,False
TUT4,0.0348009236993443,0.86491946271195,False
CLDN11,0.106216641595505,0.865208836023886,False
PRCP,-0.0651845986354793,0.865461278695542,False
NUP37,-0.0373391584752394,0.86558479889305,False
POGLUT3,0.0885048248343931,0.865728316422782,False
HSPA1L,0.0409369025170214,0.865728316422782,False
CHMP1A,0.0383763939790747,0.866543680952048,False
AMN1,-0.0383834714612119,0.866878337800001,False
RIOX1,-0.0497371090376992,0.866878337800001,False
NCBP2,-0.0404211119958671,0.867080201328443,False
SCFD2,0.0381156414437775,0.867392799098381,False
LPCAT4,-0.0540022088719976,0.867392799098381,False
TMEM205,-0.0491334333394509,0.867905739081296,False
PLCD4,0.0668838067706146,0.867908984508664,False
LPXN,-0.0645544394085809,0.868052816907004,False
GSTM2,0.0947955889564955,0.868052816907004,False
TOLLIP,-0.0486708421282085,0.86840289955454,False
MORN4,0.0935395143364524,0.868541443278063,False
THG1L,0.0447182469536491,0.868650288882759,False
FGGY,-0.0617204456588638,0.868650288882759,False
VAV2,0.0364880483301642,0.868650288882759,False
DPH5,0.0396128894880254,0.868650288882759,False
DNM3,0.0511234998606689,0.868650288882759,False
IGSF6,-0.0454011334470454,0.869748193578077,False
UNC119,0.035621030888648,0.869748193578077,False
GOLPH3,-0.0379487881018692,0.869941475180809,False
USP32,-0.0449309814362895,0.870868966154851,False
LHPP,0.0527328239723506,0.870868966154851,False
LXN,-0.11230325499527,0.870868966154851,False
PPID,0.0567685149288124,0.870868966154851,False
SMPD4,0.0378199023752064,0.870868966154851,False
PNO1,0.0379519167959028,0.870868966154851,False
SCRN1,0.0408380995245263,0.871006275004953,False
NRBP1,-0.0469563388071048,0.871257147232582,False
SH3GL2,-0.0447775636400962,0.871486332769517,False
DUT,0.0455008918540649,0.871486332769517,False
HTT,-0.0280478753677933,0.871743603436386,False
LAMB2,0.109732438164864,0.871916809931341,False
NEGR1,0.0559646558708486,0.872199951150939,False
PRKAR2A,-0.0253064191587438,0.872201579682281,False
RPL3,-0.0287288216355321,0.872201579682281,False
RBM12,0.0394721714447108,0.872508304063533,False
STRN4,-0.0358572878142773,0.872530764156046,False
DENND5A,-0.0439962506547751,0.872806574143095,False
TH,0.101053332527268,0.872884686357822,False
MDN1,0.0318476514756858,0.873268898397964,False
YIPF5,-0.0289415380675102,0.873268898397964,False
ALG1,-0.0359728293086023,0.87393102219249,False
GNB1L,-0.0387192690779354,0.874110123623744,False
OSBPL2,-0.0348304587523671,0.874110123623744,False
CDK4,-0.0582733053518361,0.874110123623744,False
ERG28,0.0463216812512171,0.874166428705283,False
SHC1,0.0329456994705826,0.874204877756662,False
TRIM3,0.0586305888769854,0.874327117193227,False
DCTN1,0.028041264894469,0.874327117193227,False
STAT1,0.0393946866801862,0.874327117193227,False
PPP1R16B,-0.0513524566490657,0.874327117193227,False
TBC1D1,0.0427082843888709,0.874329749909886,False
SERPINB8,0.0629372735692666,0.874329749909886,False
RMDN2,-0.0517491548683822,0.874864609560531,False
NUDT4,0.0564129174476973,0.87510832008956,False
SAT2,-0.0948412257079312,0.87510832008956,False
FERMT2,0.034672209816657,0.87510832008956,False
FAM172A,-0.0388547303566131,0.87510832008956,False
ACTR2,0.0299417758877425,0.875142708448497,False
PSMB4,0.0323183631672279,0.875142708448497,False
SELENOO,-0.03726385068956,0.875142708448497,False
AP4E1,-0.0428760123692777,0.875311793993552,False
GALNT15,0.0645652890072368,0.875311793993552,False
PVR,0.0467738486206519,0.875311793993552,False
TNS3,-0.0607321609786773,0.875311793993552,False
UBTD1,-0.0400284304474736,0.875938252752649,False
INPP5A,0.0318481119035585,0.876020051919702,False
IQSEC2,0.0788791750317017,0.876020051919702,False
LMOD1,0.157165878159304,0.876104337540184,False
MON1A,-0.0309409512230863,0.876562935065114,False
EPHB2,0.0732682727607159,0.876562935065114,False
MTHFSD,-0.0253376159214058,0.876562935065114,False
IGSF1,-0.0824919285413248,0.876562935065114,False
FBXL4,0.049021908855778,0.876562935065114,False
THOC7,-0.037151038023957,0.877095873857615,False
SH3GLB1,0.0357867323000622,0.877221744802375,False
SKP1,-0.050353162046811,0.877485288655698,False
UNK,-0.0286113425114598,0.877485288655698,False
JMJD6,0.0400056875448422,0.877485288655698,False
PTDSS1,-0.0316852850707168,0.87756234810332,False
EEPD1,0.0430901694899593,0.877664930319229,False
CPEB3,-0.044748852922238,0.878189099215554,False
TPM3,0.0347322058312258,0.878377724054221,False
FMNL3,-0.0524301193919499,0.878628868757765,False
SNUPN,0.0582394449651167,0.878677834787787,False
DDX3X,-0.0356910274719873,0.879222055424229,False
DLGAP4,0.0301400658996158,0.879278420413654,False
DDX50,-0.0226153111169589,0.879713475113157,False
AIFM2,0.0456580532541944,0.880181511764321,False
GNG12,0.0976398843359618,0.880194387499438,False
TMEFF1,-0.0614593998558632,0.880407557418249,False
BLTP2,-0.0334349185553702,0.880662494893671,False
ANKH,-0.0426652226364741,0.881091069735099,False
PDLIM5,0.0619225452266274,0.881143444299687,False
ADIRF,0.15283982783011,0.881225446023319,False
ASRGL1,0.0794842278348753,0.881225446023319,False
COG3,-0.0263365519219629,0.88131370014882,False
ABHD5,-0.0475159307348179,0.881500371309814,False
TIPRL,-0.0354770763238221,0.88231615224621,False
EFR3A,0.0380979084888207,0.88231615224621,False
STAC2,0.0542877944046278,0.88231615224621,False
MTPAP,-0.02818365984281,0.88231615224621,False
NAMPT,0.0976793786014127,0.882574824184577,False
NUP133,0.0375632001488651,0.882574824184577,False
TSG101,0.0319997913539929,0.882639872764642,False
CNOT10,0.0280384601327643,0.882639872764642,False
RPL19,-0.02462810024997,0.882639872764642,False
PCDH1,-0.079960369720034,0.882639872764642,False
ABCA8,-0.110378342859388,0.882722199105653,False
COX5B,-0.0738977743100513,0.882722199105653,False
SSU72,-0.0481246857405164,0.88282368634463,False
MORF4L2,0.036398941288839,0.88282368634463,False
SLC29A1,0.0499992285306119,0.88282368634463,False
ESYT2,-0.0254670268622963,0.88282368634463,False
NRP2,0.0894117343132113,0.883108713598092,False
PIK3R2,0.0615208988972036,0.883319899709757,False
DERL1,0.0239247949384174,0.883319899709757,False
HM13,0.0434470876516997,0.883319899709757,False
SLCO3A1,-0.0457744066764256,0.883319899709757,False
AAMDC,-0.0629082587120937,0.883319899709757,False
AP5S1,-0.0269972705435633,0.883319899709757,False
IFT70A,0.0366974443361219,0.883646381798732,False
NUDT4B,0.040328435262313,0.88485569797742,False
FXR1,0.0197599922799476,0.885527072623691,False
RPS7,0.0278445238989491,0.885586844617642,False
LRRC8C,0.0416001217886706,0.885619874557333,False
OSBP,0.0207795944638782,0.885619874557333,False
RSPRY1,-0.0232745416330919,0.885891659873152,False
CPLX2,0.0840625870568594,0.885994156614326,False
DRAP1,-0.0325226579672755,0.88608445202024,False
CSK,-0.0295402442089472,0.88608445202024,False
NUCKS1,-0.0552227057022439,0.88608445202024,False
NOLC1,-0.0562126106916843,0.88666019433926,False
CSDE1,0.0246213787159402,0.88666019433926,False
BBOX1,0.070048427839124,0.88666019433926,False
GORAB,-0.0292106914933559,0.88666019433926,False
ANO6,0.0835703899121061,0.887151837702061,False
GAS2L1,-0.0301103558057552,0.887836341763909,False
ERCC1,-0.0346774085540691,0.887836341763909,False
PTP4A3,-0.0377689241285424,0.887836341763909,False
BMERB1,-0.0564157676635224,0.887836341763909,False
UBR2,-0.0279660092998979,0.888082349849867,False
DDX42,0.0425442578576778,0.888318421892943,False
AKAP2,0.056564451232485,0.888585851070609,False
SHTN1,0.0578551334896762,0.88884202803655,False
PPP6R1,-0.0283627343963069,0.889000101792949,False
MTTP,0.0789887167794543,0.88969938206114,False
TGFB1I1,0.0911842596436774,0.890320205972463,False
VBP1,0.0286881550498315,0.89046033645223,False
AMER2,-0.0795246006150805,0.890556939331099,False
RPS24,0.0310395697679606,0.890615965598985,False
ERGIC1,-0.0464430783074423,0.890615965598985,False
ALDH1A1,0.0530410937961285,0.890987237420529,False
DCUN1D4,0.0353293506130479,0.891036287428647,False
PRPF19,-0.0277841594447867,0.891134179761833,False
DBN1,-0.0410765555299974,0.892199147737939,False
PLA2G4C,0.0743368278312655,0.892470470952644,False
CWC27,0.0358100639844441,0.89248151170496,False
ATP6V1A,-0.0369952042816557,0.892503878482881,False
TBCC,0.0444051666847702,0.89398934008195,False
GPAT4,0.0316464706902071,0.89398934008195,False
H1-3,0.0709288053770702,0.894210394746791,False
NUFIP2,0.0308284749218233,0.894508002438517,False
BBS5,-0.028764298469266,0.894508002438517,False
GGCX,0.0482856659061,0.894508002438517,False
DDR1,-0.0523348503331302,0.89463532095722,False
STMN2,-0.0536476467820002,0.89463532095722,False
TMCC1,-0.0299379905618835,0.89463532095722,False
STARD10,0.0395651878744632,0.8946539240344,False
PDYN,0.108889830848957,0.8946539240344,False
COX18,-0.0288857877047652,0.894955052235121,False
PPP3CC,-0.0488419478873672,0.895591064672291,False
CD59,0.0849050227040209,0.895591064672291,False
FUS,0.0521321949707483,0.895699164756783,False
ITSN2,0.0302170365394563,0.896146681458031,False
RPL13A,-0.0284193222303077,0.896162742641779,False
RNPEP,-0.0627920394985377,0.896162742641779,False
DNM1,-0.0548591290264326,0.89622453796715,False
PUM1,-0.029891906153674,0.89622453796715,False
GRN,0.104658688269,0.89622453796715,False
PPM1N,-0.0249026984806795,0.89622453796715,False
SOS1,0.0346539607236487,0.896781965248546,False
VPS16,0.0224870094045997,0.896781965248546,False
BCL2L2,0.0261463805847884,0.897425646507776,False
XIAP,0.0293009699006932,0.897454332568072,False
CUL4B,0.0200175341442943,0.897570109995838,False
CCDC12,0.035446459265736,0.897688189539928,False
LRCH4,0.0449010686283904,0.897688189539928,False
FITM2,0.0495383000246621,0.897688189539928,False
TBL2,-0.0346413039751887,0.898657538600432,False
PSMA6,0.0251520552531961,0.898657538600432,False
NUMB,0.0486198981382264,0.898657538600432,False
NCDN,-0.0675287234814377,0.898657538600432,False
ANXA7,-0.0250118887428048,0.898739723055211,False
SELENOW,-0.0276177235622059,0.89915173493964,False
PCTP,-0.0323879598664751,0.899385398380816,False
TBC1D9B,-0.0235936533413916,0.899869442474257,False
ATL2,-0.0411849969991058,0.900804772739244,False
BST1,0.0990344265332759,0.901234205535558,False
RRAS2,-0.045009348298116,0.901279317434576,False
C1GALT1C1,-0.0457269622451291,0.902247188557021,False
PLAAT3,0.0627431980120647,0.902488400490901,False
SLC38A3,-0.0433045390266757,0.902488400490901,False
ARL6IP1,-0.0300734215663052,0.903020907189798,False
CXorf38,-0.0290668761852881,0.904171933906404,False
GEMIN5,0.0210029715569675,0.904171933906404,False
IL1RAP,-0.0257211693866788,0.904171933906404,False
DTD2,-0.0228989646379789,0.904171933906404,False
PEX19,0.0289086573987394,0.904171933906404,False
LPCAT2,0.040431108063185,0.904276236265528,False
PHGDH,-0.0503654288116966,0.904276236265528,False
RAB13,0.0403248484818537,0.904336173611633,False
PLPP1,-0.0334668133628453,0.904336173611633,False
KBTBD6,-0.0481881210051984,0.904336173611633,False
PYCR3,0.0769571232338002,0.904336173611633,False
CCDC91,-0.0254080619989114,0.904336173611633,False
THY1,-0.0504013836357675,0.904336173611633,False
UROD,-0.0356793733232141,0.904336173611633,False
SC5D,-0.041354899104932,0.904336173611633,False
SLC9A9,-0.0302420670720549,0.90519860177628,False
GORASP1,-0.0321499884124661,0.90519860177628,False
USP6NL,-0.0277472302251134,0.905447685049904,False
ARHGAP10,0.0471186597054389,0.905447685049904,False
PDE2A,-0.088858650235597,0.905457021710199,False
CSTF2,0.0279014259971593,0.905457021710199,False
HOPX,-0.0641505038752683,0.905457021710199,False
TNPO1,-0.0217150277276481,0.90557688295311,False
EIF3I,0.0238958467095021,0.905733559893992,False
ACSF2,-0.0392766189554976,0.905733559893992,False
SESTD1,0.0360437370965592,0.905738537923612,False
RBP4,0.136345502123362,0.905738537923612,False
TCEAL6,0.0416538073903681,0.905931728432144,False
CXCR4,0.0433225454688371,0.906544446332415,False
TM4SF1,0.0605568713852582,0.906569112002361,False
SBSPON,-0.123605946361756,0.907047329182036,False
RBFOX1,0.0698009580776491,0.907871155306328,False
MRPS26,-0.026066099757136,0.908417077062123,False
NCBP1,0.0239919772038117,0.909431141995155,False
GNB4,0.0273129792800813,0.909431141995155,False
SOWAHC,0.0318391730372332,0.909431141995155,False
PFKFB3,-0.0330594224539968,0.909431141995155,False
COX6C,0.0587030617574049,0.909431141995155,False
TP53BP1,0.034465364748959,0.909431141995155,False
TTL,-0.058393283890311,0.910183159988074,False
EDC4,0.0234535811626948,0.91061278982459,False
GPAT3,0.0336808662467378,0.91061278982459,False
POLR2A,0.0291239691112999,0.910894685754123,False
YIF1B,-0.0197699355307464,0.910995833283151,False
PITPNM1,0.0395323551522404,0.912141420070148,False
UCKL1,-0.0220478074825987,0.912141420070148,False
RPL28,0.029535191921056,0.912141420070148,False
CALB2,-0.103136941966484,0.91238368721025,False
MTIF3,-0.0228097688045326,0.91238368721025,False
UBE3A,0.0209734520734539,0.91238368721025,False
MIPEP,-0.0281836959832615,0.912778828070351,False
CNTNAP4,0.0467718901593059,0.913037040579695,False
SCUBE1,0.0677195722863368,0.913037040579695,False
SLC24A2,0.0449039807206617,0.913116954536405,False
ARL2,0.0273425704988401,0.913116954536405,False
NEBL,-0.0672400799806905,0.913663526871993,False
SIDT2,0.0296462065283745,0.913861981310061,False
ACTR10,0.0279552828711651,0.914155356067808,False
NANP,0.0210211577741157,0.914155356067808,False
ADNP,-0.0369742201101015,0.914155356067808,False
WBP2,-0.0275780943388924,0.914155356067808,False
ASS1,-0.0813487467263325,0.914940983367919,False
XPC,0.0306509426431845,0.914940983367919,False
EXOC8,-0.0169893087917998,0.915086662766791,False
STAT5B,0.0299168310042379,0.915086662766791,False
NSUN2,-0.0218752912230702,0.915237387113576,False
ABCA2,0.0383442382104224,0.915315944541543,False
LRCH1,0.0281463227117147,0.915315944541543,False
SH3BP2,-0.024013536298594,0.916020955685798,False
TMCC2,0.0337016523552167,0.916020955685798,False
SASH3,-0.0368854187412344,0.916020955685798,False
MAP2K1,0.0287622159336234,0.916020955685798,False
RHBDF1,0.0430398369323743,0.916020955685798,False
NRAS,-0.0299740535627757,0.916020955685798,False
COMMD9,-0.0227973428917903,0.916306568210886,False
GMPR2,0.0242785074139782,0.916306568210886,False
RPL17,0.0264961802479053,0.916330948420206,False
PSD3,-0.0673916003456903,0.91665955119565,False
TBC1D15,0.0180347928309672,0.91665955119565,False
MAPK14,0.0355083735751123,0.916931380128512,False
ACADL,0.174677242479538,0.91762976406295,False
RANGRF,-0.0237616721472333,0.91774164239544,False
EP300,-0.0253017267962203,0.91774164239544,False
PLD2,0.044453965246424,0.918003874073817,False
MOB2,0.0214297627712465,0.918003874073817,False
STAT3,-0.0249311602734377,0.918003874073817,False
DNAJC16,0.0232107474130787,0.918235205533332,False
SLK,0.0253832625364385,0.918235205533332,False
PDE4B,-0.042759059919586,0.91824767167575,False
CRABP1,0.123578469260481,0.91824767167575,False
CDKL5,0.0356718114660417,0.918709623575728,False
PRKG1,0.0374316049932553,0.918709623575728,False
ASCC2,0.0169302650110001,0.919190287809179,False
TMEM68,0.0258390901536742,0.919212463133167,False
PHKG2,-0.0412797889048111,0.919212463133167,False
ARL3,0.0267158188093255,0.920207961078226,False
NAP1L1,-0.0296201363250788,0.920651127110711,False
SUSD2,-0.0768298902086038,0.920837207909066,False
FBXO21,0.022321233336382,0.921580544226843,False
JMY,0.0200427165472474,0.921580544226843,False
VPS28,0.0201077565780778,0.921580544226843,False
DYRK1A,-0.0144466086736212,0.921581061206178,False
EFEMP2,0.0686522544794341,0.922242990800444,False
TNRC6B,-0.0352625324339835,0.922242990800444,False
ALOX5,0.0390095482155672,0.922286417359869,False
TMEM41A,-0.0203837505443358,0.922446151285182,False
BLOC1S1,-0.0270561567373111,0.922597444069325,False
GCLC,0.0260212844457648,0.922597444069325,False
ARK2N,-0.0326478329289319,0.923019388014464,False
DCTN4,0.0216558102774247,0.923523711181937,False
DLG2,-0.0400363048856036,0.923864455321995,False
PSMB1,0.0186680519808391,0.92400101724052,False
RAB18,-0.0271262908471641,0.92423829400807,False
SLC12A4,0.0251755717608937,0.92423829400807,False
CMC2,0.0508529694721211,0.92423829400807,False
CADM3,-0.0336505466152612,0.92423829400807,False
PARP12,0.0253235906576927,0.924839194720038,False
COPS3,0.0191320924137255,0.925594329130666,False
CLTB,-0.0264688557100037,0.925594329130666,False
SRCIN1,0.0420525095050461,0.925972448092381,False
REL,0.0195021968201017,0.926198817297851,False
ADCK5,-0.0343254442096406,0.926334106989503,False
DIP2A,-0.0197725429421709,0.926334106989503,False
ACO1,0.0239027626502182,0.926334106989503,False
SLC13A4,0.061060810386464,0.926334106989503,False
PNMA8B,-0.0462262827448638,0.926780978567055,False
USP7,-0.014281429077073,0.926780978567055,False
CLEC2L,-0.0570595164215266,0.926780978567055,False
COQ10B,-0.0409253847591629,0.926780978567055,False
RETREG2,0.0269925289396058,0.926780978567055,False
KLHL13,-0.0183258440829457,0.926812010758657,False
NEB,-0.028883601594468,0.92681781005532,False
GPD1L,-0.0431703920862052,0.927027311665501,False
HSPA13,0.0158502391205655,0.927159938998717,False
CEND1,0.0606361310897841,0.927159938998717,False
MTCL1,-0.0420801660982661,0.927159938998717,False
SOS2,-0.0232953335017108,0.927159938998717,False
LAMTOR3,-0.0241947862399936,0.927159938998717,False
KANK1,-0.0300080038695958,0.927159938998717,False
PTPRS,0.0236785755211528,0.927159938998717,False
IGKV3D-20,0.0451704943168485,0.927538115489749,False
MGARP,0.0306780897788599,0.927538115489749,False
RAP2A,-0.022307365767908,0.927551184878359,False
IRF2BP2,-0.0390662226773824,0.927551184878359,False
DHRS13,0.0220336907138146,0.927551184878359,False
NPRL3,-0.0331603277256889,0.927551184878359,False
MKRN2,0.0230722512737902,0.927551184878359,False
MRTO4,0.0170362392819703,0.927877603790571,False
PHF20L1,-0.0292590763250669,0.927877603790571,False
SETD3,-0.0170925535502615,0.927877603790571,False
QRICH1,0.0321292807676192,0.928102042074356,False
SEPTIN4,-0.0470255364455632,0.928102042074356,False
NRF1,0.0203124114267812,0.928102042074356,False
ANKRD52,-0.0275925814185971,0.928102042074356,False
ACSL5,0.0262735770699658,0.928102042074356,False
NISCH,-0.0191264945405276,0.928102042074356,False
KLC1,-0.0307632131251232,0.928102042074356,False
IGFBP7,0.058026267257107,0.928102042074356,False
PATJ,0.0445888922725217,0.928102042074356,False
PALLD,0.0549218490396743,0.928102042074356,False
OPALIN,0.0931740922374935,0.928102042074356,False
IFT172,0.0331950018043425,0.928102042074356,False
LRPAP1,-0.0278355933024628,0.928102042074356,False
COPS7A,0.0207104473821449,0.928291012879148,False
ZHX1,0.039204734116363,0.928291012879148,False
CAPS,-0.0679663141147877,0.928510003397254,False
VTI1B,-0.0204438765470609,0.92906671103458,False
EEF1G,0.0178150702560149,0.92906671103458,False
CCP110,-0.0201146693529646,0.929240995114406,False
LAP3,-0.0344926475183556,0.929553505402383,False
AXL,0.0287457880356765,0.929553505402383,False
RPS12,-0.023077051721021,0.929553505402383,False
RTN1,0.030102886598824,0.929553505402383,False
EIF4E2,0.0167701766584001,0.929553505402383,False
TPH2,-0.0981640362928724,0.929622123351195,False
PLSCR1,0.0304721401747967,0.929622123351195,False
MTARC1,-0.0444772624910073,0.929622123351195,False
RFC5,-0.0254993340061018,0.929622123351195,False
TMEM275,0.0345135234390712,0.929633069845726,False
UGP2,-0.0185027030401717,0.929962756734278,False
ARHGAP39,-0.0148656108384095,0.929962756734278,False
EIF4H,-0.0217096701917576,0.929962756734278,False
PHACTR1,-0.0522126493133914,0.930090332049416,False
HSPBP1,0.015331936893439,0.930142605857145,False
NELFE,0.0264448402725925,0.930142605857145,False
RAB1B,-0.0188618884569589,0.930142605857145,False
CLIC1,0.0488423107634706,0.930142605857145,False
CLVS1,-0.0315482171421264,0.930142605857145,False
KATNAL1,0.0163734923241776,0.930142605857145,False
SIRPA,0.0389932104309825,0.930142605857145,False
CCDC93,0.0196041585647233,0.930142605857145,False
STON1,-0.0556746385301512,0.930142605857145,False
TIMP2,-0.0354069798775267,0.930142605857145,False
LSM7,0.017306586006141,0.930142605857145,False
CAPZB,-0.0141695448206516,0.930142605857145,False
STAT5A,0.026471108935902,0.930142605857145,False
STAG1,0.0195035002778079,0.930142605857145,False
NOB1,-0.027158957739239,0.930143849230812,False
NT5C1A,-0.0330997683476211,0.93048527322965,False
PSMD8,-0.0142777756198154,0.93048527322965,False
CHERP,0.0202342344919968,0.930731513688827,False
RPS6KB1,0.0194907808441611,0.930792069236347,False
THOC3,0.0400264819981979,0.930796513115984,False
HGH1,-0.0220692400417848,0.930966267346258,False
SH3BP4,0.0220670768554552,0.930966267346258,False
NAP1L5,-0.0267947165938391,0.930966267346258,False
SYBU,0.0250055945040932,0.930966267346258,False
PRKN,0.0331047469239794,0.930966267346258,False
MRPL35,-0.0321180872085467,0.931135160018897,False
ACAD8,0.0256521201292781,0.931135160018897,False
PPP1R11,-0.0313496463793657,0.931480031977168,False
ECHDC1,0.0218495978271065,0.931528985614209,False
SYNPO,0.0718028191816851,0.932242881174488,False
DVL3,-0.0172767285227398,0.932738391881574,False
TANGO6,-0.0257393850423462,0.932738391881574,False
TOM1L1,-0.0303386043415017,0.932794426526041,False
HNRNPDL,0.0355615007334773,0.933025808488541,False
MVP,0.0688276857885537,0.933094148722156,False
HSPB7,0.0387896575956521,0.933094148722156,False
CLIC6,-0.097581684162499,0.933094148722156,False
ITSN1,-0.0182768849342825,0.933094148722156,False
LRBA,0.0197092696332941,0.933094148722156,False
WWP1,0.01611700487289,0.933653234907729,False
RPL18A,-0.0182013689490628,0.933863477539237,False
VAT1L,-0.0444435682541329,0.93414763871436,False
WLS,-0.0470584307596722,0.935195833125193,False
BRK1,-0.0249325047870288,0.935236787116354,False
PIKFYVE,-0.0138682810201303,0.935236787116354,False
TBL1X,-0.0245441570006122,0.935236787116354,False
FUCA1,0.0268105232198401,0.935236787116354,False
CELF2,0.0232211251955849,0.935236787116354,False
PODXL,-0.028975783338602,0.935236787116354,False
PPWD1,0.0287322669996435,0.935236787116354,False
ZFAND1,-0.0267473839157519,0.935236787116354,False
IAH1,-0.0197102360713242,0.935236787116354,False
CCDC92,-0.0342003696314954,0.935236787116354,False
CMBL,-0.0248967167609422,0.935236787116354,False
STK33,0.0232249294045639,0.935236787116354,False
ILRUN,-0.0184575905884019,0.935236787116354,False
CD46,-0.034354909389128,0.935462376256273,False
TRAPPC3,-0.01246858381473,0.935462376256273,False
NTAQ1,0.0226936906428774,0.935462376256273,False
KSR1,0.0218187966253556,0.935527627956444,False
SERINC5,0.04624154105315,0.935597893989179,False
TRIP12,-0.0147031195284448,0.935597893989179,False
STK24,-0.0171442823558685,0.935597893989179,False
DUSP26,-0.0250638591013024,0.935669431042847,False
CBL,-0.0129012155853303,0.935766551323656,False
RWDD4,-0.0149771167575192,0.935766551323656,False
RPL10,-0.0169441409801685,0.935766551323656,False
OGT,-0.0277287691146846,0.935766551323656,False
KCNC2,-0.032286364640667,0.935766551323656,False
CHUK,-0.0178275392558902,0.935766551323656,False
SNX3,-0.0202819802620482,0.935835074182913,False
NFIX,-0.0262985409025465,0.935835074182913,False
NUP50,0.0271395129095646,0.935835074182913,False
LRRC41,-0.0216531220380389,0.935835074182913,False
SH3BGRL2,-0.0248296360562765,0.935879834128894,False
CAMSAP2,-0.0216745370797895,0.936442998990258,False
H6PD,0.0360813437921301,0.936442998990258,False
CPVL,0.076786681523016,0.936525894380564,False
ARHGAP35,0.0160747992343193,0.936716974929681,False
KEAP1,-0.0209761585131067,0.937133303646412,False
TLE1,0.0217214174759928,0.937472827504567,False
HEBP1,-0.0475908040021551,0.93749362524651,False
SLC43A2,-0.0371110040993763,0.93749362524651,False
PITPNB,-0.0136393212687445,0.93749362524651,False
BYSL,0.0218863782822281,0.93749362524651,False
SERGEF,-0.0329943657817573,0.93749362524651,False
RAB3IP,-0.022887513039425898,0.937702782258306,False
SDHAF4,-0.0278207132950969,0.937702782258306,False
INPP5D,-0.025214066727119,0.937702782258306,False
LCMT1,-0.0198073189948715,0.937702782258306,False
CYP20A1,0.0384540439620231,0.937839428601567,False
PRKCD,0.0388663648319003,0.938091977790381,False
SCN1B,-0.0401211698754063,0.938759186619023,False
MAPKAPK2,0.0196886160373833,0.938870642550069,False
HYOU1,-0.0135484027805912,0.939047429524646,False
LAMTOR1,0.0209200253156467,0.939047429524646,False
TNFRSF21,-0.0183261574830373,0.939207003840741,False
TIMM13,-0.0293935565174994,0.939218600144284,False
MED17,-0.0146261110095862,0.939218600144284,False
PRDX6,-0.0297544650358645,0.939218600144284,False
RAP2C,-0.0139592888139788,0.939218600144284,False
P4HTM,0.0122964476735561,0.939218600144284,False
CWC22,0.027734109442128,0.939218600144284,False
PFKP,-0.0237749035788184,0.93993566590065,False
NACC1,-0.019663768892288,0.940088858503197,False
CPNE9,-0.0202433217480413,0.940088858503197,False
KCND3,0.0357587838710511,0.940302249802002,False
NME3,0.0203224596271561,0.940691668437264,False
COL4A3,0.03209669890059,0.940691668437264,False
CCDC22,0.0162000019659736,0.940744386348166,False
RAB11FIP5,0.0332592855104572,0.941681230036445,False
KLHL26,-0.0157892744098369,0.941681230036445,False
DCAF7,-0.0153467048590858,0.941681230036445,False
EEF1E1,-0.0120398035031695,0.94171221070381,False
VPS13C,-0.0120402617960931,0.941729996286833,False
RPL35A,0.0162612270645095,0.941729996286833,False
SPART,0.0140548078557963,0.941729996286833,False
GNA13,-0.0171087702013519,0.941771413769178,False
RPL24,-0.0179821792425159,0.942738407429543,False
CCZ1B,-0.0147210685670949,0.942738407429543,False
WWOX,-0.0492650652067947,0.942738407429543,False
CNOT3,0.011122593552046,0.942738407429543,False
CCDC28A,-0.0152367453918654,0.942738407429543,False
MAP3K5,-0.022481259794997,0.942738407429543,False
IGLV8-61,0.0499334954766164,0.942738407429543,False
PRPS2,0.0220648798298413,0.942738407429543,False
PAIP1,0.0136590941831845,0.942738407429543,False
PRKAA2,-0.0188607961713023,0.942738407429543,False
IFITM3,0.0385877937004855,0.942738407429543,False
FADD,0.018152507977045,0.942738407429543,False
MBD3,-0.0156831411588154,0.943128173605427,False
FAU,0.0133901498183473,0.943128173605427,False
DPY19L4,0.0128835030280552,0.943128173605427,False
ZSCAN18,-0.0249316977691443,0.943128173605427,False
CARMIL2,0.036587104750093,0.943167483821142,False
SUGCT,0.0159272615566763,0.943256663597884,False
ALG3,-0.0237280409378879,0.943256663597884,False
CLCN2,-0.0285271332578576,0.943256663597884,False
VSIR,-0.0234161092844918,0.943256663597884,False
PEX16,-0.0191471972753341,0.943256663597884,False
ABCC5,-0.0286496396653302,0.943256663597884,False
NOVA2,-0.0200905110916008,0.943256663597884,False
CDKAL1,-0.0157758454278571,0.943470629362176,False
B3GLCT,0.0389065924743104,0.94354939812585,False
GPRIN3,0.0294496490606617,0.94354939812585,False
GGA2,-0.0186127388999786,0.943644868436673,False
FRG1,0.0148011579604415,0.943644868436673,False
PLEKHB1,0.0393551566695116,0.943644868436673,False
RBSN,0.0171294534125401,0.943666324619986,False
PPP2R5B,0.0231091544612969,0.943672498597307,False
KAT7,0.0144492209144564,0.943917087485615,False
HMGN1,-0.0311206498188987,0.943946677551587,False
SPTBN4,-0.0201522120491937,0.944046097056905,False
SDSL,-0.0393730883675785,0.944046097056905,False
UBQLN4,0.013192298509189,0.944046097056905,False
MMRN2,0.024386097057751,0.944046097056905,False
IQSEC1,0.0239641963152231,0.944046097056905,False
COG8,0.0124336236492875,0.944046097056905,False
GNAI1,0.0256136513673528,0.944046097056905,False
GMFB,-0.0193897478852989,0.944298535968729,False
SRP9,-0.0220889084954621,0.944298535968729,False
BAIAP2,-0.0342596682471381,0.944966051449128,False
NUBPL,-0.0268679372850098,0.945109202732459,False
WDR6,0.0145233970486869,0.945419034488738,False
ACTN1,0.0604883439756332,0.946076465370486,False
TACC2,0.0171915728823056,0.946208504535868,False
APOL2,-0.0231822883087798,0.946729504415795,False
FER,-0.0161782098628489,0.946797596213248,False
SMARCB1,0.0170283718176494,0.947169525305373,False
SLAIN1,0.0166128818675748,0.947799259477752,False
RPL10A,0.0137697341657077,0.948198570076394,False
RNF170,-0.0174024752658415,0.948244195587821,False
DPYSL2,0.0160946400849209,0.948482251095015,False
CTR9,0.0212232998179642,0.948546549723743,False
HP1BP3,0.0197949790989025,0.949587848112142,False
CAPRIN1,0.0140463788630498,0.949587848112142,False
RNASEH2A,0.0215533666755432,0.949605091460168,False
ADAL,0.0139701201947631,0.949773150869711,False
SLCO1C1,-0.018137327977513,0.949773150869711,False
HECTD4,-0.0149403201700515,0.949839282849158,False
SNRK,-0.0137335115371853,0.949951417174103,False
MYOF,-0.0546725258455911,0.949951417174103,False
GRAMD1B,0.0201080317038818,0.949951417174103,False
GPS1,0.0122293765785955,0.949951417174103,False
PAXX,-0.0168387172756592,0.949951417174103,False
PTBP3,-0.0165778169606288,0.949951417174103,False
TCP1,-0.012885941650655,0.950032372983027,False
PPP2R1B,-0.0189539653005051,0.950032372983027,False
ARHGAP27,-0.0114033063039143,0.950319649057496,False
CLCN6,0.0154917905380678,0.950319649057496,False
NEK9,-0.0190131506928353,0.950347610673169,False
PSMD7,0.00976490230489269,0.950347610673169,False
LIMS1,0.027638737995348,0.950347610673169,False
MYO18A,0.0112978849213334,0.950347610673169,False
ATL1,-0.0179308697245215,0.950347610673169,False
EP400,-0.0431259615155959,0.950347610673169,False
SLC44A2,0.0231295325229741,0.950551763571841,False
PLEKHA1,-0.0168291460010703,0.950551763571841,False
ATP6V1F,-0.0202293554757667,0.950679651432276,False
FAM221A,-0.0261790908668731,0.951038555904634,False
PCID2,-0.0114810649612958,0.951123154298482,False
RND2,0.0241234461946025,0.95116592490726,False
HABP4,-0.0341907844769374,0.95116592490726,False
RPS2,-0.0149719100495336,0.951284790453396,False
ACBD6,-0.0157405109724138,0.951412411032106,False
COG1,0.0124726207735826,0.951809131092559,False
YWHAB,-0.0110660389851773,0.95188940978823,False
PEX12,-0.0116049381866636,0.952012431202869,False
SLC30A10,0.017081459441183,0.952215960798861,False
TRIOBP,-0.0272925026311919,0.952215960798861,False
AGFG2,-0.0329080167857061,0.952656469183729,False
ABCB6,0.0233194490183433,0.95320046024564,False
ASB1,-0.0167328927329287,0.954048202904334,False
SEC24A,-0.0112001798104222,0.954212659373557,False
SHROOM2,-0.0199980864705651,0.954396206470546,False
ARHGEF7,-0.018024512948676,0.95468269036433,False
STIM1,0.0205785771561438,0.95468269036433,False
MLH1,-0.0115383870853876,0.955043357823735,False
MYO6,-0.0127137072520522,0.955043357823735,False
TRAPPC8,0.0157004123780879,0.95522092573772,False
TXNRD1,-0.0142555578195491,0.955255073743031,False
DPYSL4,0.0218622057559816,0.955323962994007,False
FAM169A,0.0200306473304801,0.955323962994007,False
GCN1,-0.0139016002613737,0.955323962994007,False
ERBIN,-0.0278804759035687,0.955323962994007,False
PDXK,0.0152304416362252,0.955323962994007,False
KIF2A,-0.0159184108509791,0.955323962994007,False
FTSJ3,-0.0117248429564851,0.955323962994007,False
DNAJB14,-0.0152896862453229,0.955495246599344,False
KIF5B,0.0124899546130166,0.955495246599344,False
TMED4,0.0100939675989498,0.955495246599344,False
IDNK,0.0174026990261824,0.955495246599344,False
NT5C,-0.016481921049861,0.955811152127109,False
MID1,0.0131468654590536,0.955811152127109,False
ZC3HC1,0.0122901601848682,0.956243821650058,False
BCAP31,-0.0113364857174929,0.956834791210667,False
PPP2R2A,-0.00996472147303784,0.956834791210667,False
DENND4A,-0.0136640852559706,0.957745761492326,False
HMOX2,-0.0147843473034204,0.95791604552833,False
PAICS,-0.0125365719454109,0.9584131936937,False
SNRPGP15,-0.00917345122233737,0.95893991241809,False
PPIF,-0.0193136780443925,0.95893991241809,False
DCAF11,0.0145807583239863,0.959148115817745,False
ODR4,-0.0175973870833044,0.959148115817745,False
FCHO1,0.0237663050865837,0.959257092326659,False
FKBP2,-0.0117509490832557,0.959307837313498,False
RPE,0.0230017580964166,0.959580464131769,False
GPR107,-0.0187520571765587,0.96005554369808,False
ABHD17B,0.0207991465296384,0.96005554369808,False
DTNBP1,0.0142619358215939,0.960230450701721,False
GCA,0.0158349619726028,0.960320256872328,False
HSPA12B,0.0276701031518414,0.960320256872328,False
ASAP3,0.01301064417612,0.960320256872328,False
SGK3,0.015874141204419,0.960320256872328,False
LRCH2,-0.0174721609121598,0.960320256872328,False
SNX5,-0.0087586092442038,0.960543735606979,False
VOPP1,0.0154781172207636,0.960543735606979,False
OTUB1,0.0122801429314645,0.960543735606979,False
SEC11A,0.012765894697214,0.960659141186735,False
ZRANB2,-0.0147239097360661,0.960659141186735,False
UBR4,-0.00553506941498938,0.961451279388098,False
RPRD2,0.0102159356873166,0.961992503014489,False
CEBPZ,0.013140626576079,0.961992503014489,False
CLTA,0.0124496815138926,0.961992503014489,False
CCDC167,0.0126334949192648,0.961992503014489,False
NACAD,0.0239472019676885,0.961992503014489,False
PGP,-0.0162789035986801,0.961992503014489,False
FLNC,-0.0309239480693453,0.963842140830204,False
UFL1,-0.0102254707131859,0.963842140830204,False
GAS7,0.0197526344950028,0.963842140830204,False
PCP4L1,0.0309685394360315,0.964357484502381,False
MAP3K12,-0.0151741297904238,0.964357484502381,False
ZMIZ1,-0.00799507911453379,0.964357484502381,False
SYNJ2,0.0218918476738317,0.964357484502381,False
FAM3C,0.0124960582218616,0.964357484502381,False
RNF121,-0.00928542328799775,0.964357484502381,False
UBE2D2,0.0095659509605337,0.964357484502381,False
TRIR,0.0206793995032122,0.964357484502381,False
TSC22D1,0.0155826583619749,0.964357484502381,False
OAS3,0.0212211077205149,0.964357484502381,False
LHFPL6,-0.0123198131194178,0.964357484502381,False
HECW2,-0.016402646886255,0.964357484502381,False
DDX5,0.0126504051849654,0.964357484502381,False
PGBD5,-0.0177167365177713,0.964357484502381,False
RAB4B,-0.0109119667779201,0.964357484502381,False
NECAB1,-0.0176574122190676,0.964357484502381,False
STOM,-0.0345888653063113,0.964357484502381,False
TMEM201,0.00907988085624645,0.964419383356727,False
SH3GLB2,0.0138845420381912,0.964717694581718,False
TBC1D9,0.014329736856201,0.964957115402559,False
COPZ2,-0.0114516774271749,0.965314720336815,False
PLEKHH1,-0.0179052509572477,0.965314720336815,False
HDHD2,-0.0100088580389137,0.965314720336815,False
MMS19,-0.00719506218068311,0.965314720336815,False
SLC25A15,0.0158412840226587,0.965314720336815,False
UBE4B,-0.00934242089522996,0.965314720336815,False
NSUN5,-0.0113745263507417,0.965314720336815,False
MAP2K7,0.0101413488101736,0.965314720336815,False
PAK3,0.0147842552588973,0.965314720336815,False
SRGAP2,0.00933356160901688,0.965314720336815,False
GNG2,-0.0398229459666197,0.965314720336815,False
SELENOM,0.0127192170849062,0.965417767127804,False
TRAPPC11,0.00789049782529894,0.96557991825594,False
CCDC134,-0.016458238356722,0.965928240775344,False
PPME1,0.0120898983680764,0.966252207277578,False
ATP6V1E1,0.0131697661873105,0.966252207277578,False
AP5Z1,-0.0113114355135844,0.966266897256291,False
SF3B4,0.0122717516796733,0.966446998665372,False
BRAF,-0.0109019315384451,0.966809935323647,False
PLEKHA2,0.0117802626854591,0.966809935323647,False
FAT3,0.014053544744927,0.966809935323647,False
DCK,-0.00976075026073087,0.966880323629816,False
PLP2,-0.0215234107129199,0.967253347438647,False
CCDC8,0.012099389479471,0.967253347438647,False
ATG4B,0.0134222313795167,0.967304380145474,False
TRAPPC12,-0.00723459446461305,0.967366869725536,False
HSP90B1,0.00915090627497683,0.967621198652549,False
TUBA8,0.019739803641813,0.967621198652549,False
SNX4,0.0114269111085719,0.967658039254533,False
COL11A1,-0.0264115626116999,0.968181551819004,False
PLIN1,0.0465083309124594,0.968257232385271,False
RFFL,-0.0128763820771187,0.968257232385271,False
LMCD1,0.0203479419549542,0.969708992347374,False
ISOC1,0.0121825475204869,0.96976416979668,False
SESN3,-0.0120422425717344,0.970368189874416,False
RASGRP2,-0.0105392868259102,0.9709639875543,False
COMMD7,-0.00742780503571083,0.9709639875543,False
MAST3,0.0127795379004763,0.971092643112082,False
ALKBH4,0.00804063481095518,0.971092643112082,False
TM9SF3,0.00714879661267176,0.971092643112082,False
GABPB1,0.0191568325760567,0.971110096663571,False
TRAPPC9,-0.00575621770780899,0.971602817289335,False
EXOC7,-0.00530115612565218,0.971602817289335,False
FAIM2,0.0132605454765935,0.972183157069706,False
DNAJB6,0.0104644117415775,0.972352956871885,False
ZNF143,0.00791928795725827,0.972352956871885,False
PARM1,-0.0129114716005905,0.972408196948439,False
ZC3HAV1,-0.0121236832024465,0.972622550679306,False
GAREM1,-0.00871665030616953,0.972906594161729,False
PFDN5,-0.0134468472454294,0.972906594161729,False
IGHV3-35,0.0171560466841063,0.972906594161729,False
ERLIN2,0.0138245698593042,0.973013965108626,False
CCDC85C,-0.0106704651885705,0.973013965108626,False
PARD3,0.0123569120292242,0.973452227861258,False
AARSD1,0.00876412482094757,0.973452227861258,False
EMP3,0.0222048173969442,0.973467050982293,False
LDB1,-0.00721787034344601,0.973467050982293,False
DDR2,0.0146999026066181,0.973524842678426,False
KLHL5,-0.0127556642898181,0.973524842678426,False
PSME4,-0.0089658794886649,0.973524842678426,False
PHC2,0.00733161135167748,0.973524842678426,False
PHLPP1,0.0137250400509092,0.973636409614281,False
IRAK1,0.00639400153376801,0.973636409614281,False
TXNDC9,-0.00770814494386407,0.973636409614281,False
SDC3,0.0160327473858652,0.973636409614281,False
POFUT2,-0.00827216246192464,0.973636409614281,False
PFKFB4,0.00971867360757983,0.973636409614281,False
CBX4,0.00756609574322731,0.973636409614281,False
EIF3M,-0.00643297123597186,0.973726892241902,False
EPDR1,0.0146964020921825,0.974248443635717,False
MEMO1,0.0116308421243296,0.974288426893926,False
PCBP3,0.0166807058850171,0.974288426893926,False
S100A2,-0.0245643560865485,0.974336192960464,False
UBE2D1,-0.0119553898957596,0.974520081371728,False
CALCA,-0.0251531328598062,0.974520081371728,False
GFAP,-0.0205322376176706,0.974572829084758,False
PWP1,-0.00714840320460475,0.974572829084758,False
PTTG1IP,0.0194640191762803,0.974603014814902,False
VXN,0.0116530375318291,0.974756130010927,False
HINT2,-0.00900474941803608,0.975281169238969,False
NUDT11,0.00980821980545343,0.975446687740268,False
GATD1,-0.0106320193473248,0.975446687740268,False
GOLGA5,-0.0126620579588401,0.975446687740268,False
KCNA2,-0.0166190850871466,0.975446687740268,False
TM9SF2,-0.00567509005974287,0.975446687740268,False
EFNB2,0.0200021491947213,0.975446687740268,False
ANO8,-0.0112878767882734,0.976036399587592,False
MAGI3,0.0101535654649156,0.976091759522625,False
NCK2,-0.00640308828419833,0.976370926049038,False
CIAO3,0.00738319168161805,0.976370926049038,False
WDR82,-0.0119552607833011,0.97705868701161,False
HS2ST1,0.00746136434667655,0.97705868701161,False
YTHDC2,0.0114197328934846,0.977169780422214,False
ELFN2,0.0252951005721096,0.977234251409213,False
PGPEP1,0.0104938111436681,0.977474716836346,False
HSPA4L,0.0109298740682764,0.977515303074032,False
MLX,0.00885503937186538,0.977515303074032,False
FAM13C,-0.0103422729170122,0.977812124614995,False
SYVN1,0.00636536299943025,0.977812124614995,False
CYP4F2,0.0307050293218794,0.977812124614995,False
MARK1,0.00784465337880924,0.978498430682412,False
ANXA1,0.0237556203805536,0.978894596711286,False
UBE2H,-0.00500679323714603,0.978943939143264,False
VPS39,-0.00508760681647047,0.978943939143264,False
KCNA1,-0.0162323721034836,0.978943939143264,False
KBTBD3,-0.00823608439584866,0.978943939143264,False
IKBKB,-0.00677660389748702,0.978943939143264,False
ORC2,-0.00587484893967272,0.978943939143264,False
KLHL36,-0.00697855538265202,0.978943939143264,False
RPL6,-0.00900134028075961,0.978943939143264,False
IRGQ,-0.0110989953626746,0.978943939143264,False
HSF1,0.0071457483233619,0.979031475723115,False
KIAA1755,0.0223371033819495,0.979846413580098,False
UBXN2B,-0.0077541395837768,0.980147023886419,False
RACK1,0.00577294610428325,0.980298813901551,False
PSMB6,0.00493359238215341,0.980298813901551,False
RPL21,0.00516327738952782,0.980298813901551,False
GGH,0.0141125098704329,0.980504216615762,False
ORMDL3,-0.00898267830753596,0.980694208340766,False
ATP6V1D,0.00704096326810522,0.980967055119824,False
ZDHHC20,-0.0132438514235158,0.981268142156226,False
FDPS,-0.00914450231251962,0.981268142156226,False
RPL11,-0.0049993441716385,0.982059276738343,False
PITRM1,-0.0176251862924062,0.982059276738343,False
APOA4,0.0477882967423273,0.982456628633569,False
MXRA8,0.0117834341597804,0.982461978999347,False
THSD7A,-0.0102683139826425,0.982461978999347,False
TAGLN,-0.0445056530110257,0.982461978999347,False
RABL3,-0.00494757355353848,0.982461978999347,False
ELP4,-0.00660060599176227,0.982736578268049,False
ALDOA,-0.00510849748612863,0.982742555454525,False
ASDURF,-0.00642654227932926,0.982742555454525,False
RAB40C,-0.00696343588290027,0.983105809492196,False
BBS9,0.00726843656374054,0.983105809492196,False
PLA2G6,-0.00695254386396371,0.983105809492196,False
KIAA1671,0.0137682900497822,0.983138699569242,False
H1-2,0.0153110235642959,0.983337663303839,False
GMPPB,-0.0065111638380202,0.983347295381661,False
NUDCD1,0.00362048967513573,0.983475358703727,False
RPS3,0.00475017246100684,0.983475358703727,False
INPPL1,0.0085104994787546,0.98350788655391,False
GFRA1,-0.0118923861036091,0.98350788655391,False
MBLAC2,-0.00637458444286487,0.98350788655391,False
ITPR2,0.00722692860980523,0.98379043221652,False
RPS3A,-0.00457664472923547,0.983884641756112,False
ADPRHL1,-0.00870488376216638,0.983937572532228,False
DHRS11,-0.00629865924671513,0.984025439901992,False
SRXN1,-0.00775403028835964,0.984097250986337,False
TP53I11,-0.015395951164737,0.98411889247231,False
PGAM1,-0.0044677326404905,0.98436922613699,False
BLOC1S3,-0.00488921254723707,0.984702195755018,False
DGKZ,0.00547983733435231,0.984702195755018,False
MANBA,0.00638262841569581,0.985142482172054,False
TECR,-0.00621916608736406,0.985142482172054,False
OBSL1,-0.00390723573686191,0.985142482172054,False
ACBD3,0.00406527984425331,0.985142482172054,False
RNF114,-0.00811692975846157,0.985142482172054,False
PBRM1,0.0056429608278874,0.985142482172054,False
GPATCH8,0.00566004200442372,0.98525117250114,False
DPCD,-0.00482186206953905,0.985529756462204,False
GIT1,0.00575811949236638,0.985529756462204,False
PRKD2,0.0039612378613274,0.986255414503509,False
ARFGEF1,-0.00340993217452557,0.986255414503509,False
RELL2,0.0106334400469654,0.986255414503509,False
CTIF,0.00404618991824712,0.986255414503509,False
TBXAS1,0.00780582138482622,0.986517012987477,False
MAPT,-0.00892275477776749,0.986557401456133,False
SH3RF1,0.00845443544036595,0.986557401456133,False
TESK2,-0.004018148753274,0.986572959682525,False
RB1,0.00422658651240315,0.986882569737728,False
EGFL8,-0.0164435010794151,0.98727878734012,False
RAB2B,0.00415025040670081,0.987662474008317,False
PHYKPL,0.00555976025309945,0.987662474008317,False
CHMP2A,0.00305325667344469,0.987662474008317,False
BSDC1,0.00402266961669184,0.987695069740221,False
REPS1,-0.00270717423532751,0.988678675314876,False
RMND5A,0.0067505151687568,0.988678675314876,False
FOLH1,-0.0109017212619325,0.989030570909027,False
WDR3,0.00584135668889463,0.989265315700865,False
RTN3,0.00454256044851498,0.989427650477722,False
COG2,-0.0039130047406335,0.989427650477722,False
ELL3,-0.0069855577481519,0.989781585143561,False
OSBPL6,-0.00419084665521652,0.989916177165506,False
EPHA2,0.00523755108893198,0.989916177165506,False
RENBP,-0.00459228899491926,0.990417444093755,False
METTL14,-0.0042881666851553,0.990443237176928,False
NCSTN,0.00271283913329157,0.990443237176928,False
RAB34,-0.00594795478509802,0.990443237176928,False
TSR2,0.00387277095113792,0.990443237176928,False
PGS1,-0.00292461200007565,0.990514923642142,False
NAV2,0.00429769350176201,0.990514923642142,False
GSKIP,0.00493856734001774,0.990514923642142,False
FYTTD1,0.00353556138109035,0.990610415804942,False
VPS26A,0.00225353629061331,0.990610415804942,False
ECHDC2,-0.00542230531592214,0.990610415804942,False
GOLIM4,0.00478502155626259,0.990610415804942,False
PLEKHD1,0.00783488746224137,0.990610415804942,False
ELP6,-0.00239987904745753,0.990610415804942,False
TNPO3,0.00278560367793546,0.990687129292163,False
TBC1D10A,-0.00329963797973765,0.990687129292163,False
MAPK1,-0.00394189757799523,0.990687129292163,False
ACP6,-0.00840889975394887,0.990687129292163,False
PRPF38A,0.00221809737716949,0.990687129292163,False
MPP3,0.0050015275501174,0.990687129292163,False
DEPDC5,0.00214746449075154,0.991381298878208,False
GNE,-0.00244553484402754,0.99153950183632,False
KRAS,-0.00223384955156725,0.991616031394944,False
SYNJ2BP,0.0021140964850197,0.99171834726751,False
LYPLAL1,0.00404415467336605,0.992289983543873,False
YY1,0.00491492901588142,0.992289983543873,False
AFDN,0.00183745432783056,0.992302092790274,False
TOM1,0.00327709636138884,0.992302092790274,False
OS9,-0.00278419306180844,0.992302092790274,False
NBAS,-0.00186333727558363,0.992577968108496,False
GBA1,-0.00352152571413811,0.992694237275661,False
PTPN23,0.00163034368591752,0.992694237275661,False
LDHA,0.00216047190683355,0.99282413353006,False
ARMCX3,0.00173602169372877,0.992906942532611,False
UBA5,0.00199002924270175,0.992906942532611,False
CD99L2,0.00390162350915979,0.992906942532611,False
COMMD3,0.0036145608323439,0.992906942532611,False
SMAD2,-0.00263646646568638,0.992906942532611,False
BMPR2,-0.00258624271149976,0.992906942532611,False
RNF126,-0.00239102555832105,0.992906942532611,False
TMT1B,0.00638411772093939,0.992994741683314,False
ZNRD2,-0.00391952066930479,0.992994741683314,False
NFIB,-0.00206549567519243,0.992994741683314,False
STK11IP,0.00157859204358957,0.993376948702565,False
ARMCX1,-0.00245002458211196,0.993376948702565,False
HMGCL,-0.00234081750118698,0.993376948702565,False
WDR41,0.00199869012867104,0.993576518283176,False
FEZ1,0.00249150952253885,0.993898200418928,False
CORO1A,-0.00277218746515295,0.993934227609356,False
ATRN,0.00235994377573867,0.993934227609356,False
DERL2,-0.00138165421912895,0.993934227609356,False
TAB3,0.00186652677127963,0.994101160139699,False
METAP1,0.00226609260453436,0.994426819021931,False
ARPC3,0.00161437594851321,0.994892486745136,False
DUSP23,-0.00221973848174351,0.994939188236594,False
BIN1,0.00241138023511667,0.995190604021056,False
CRYGD,0.00315080582728289,0.99545365640344,False
MMACHC,-0.0026691125655578,0.996466689876849,False
CFAP410,-0.00165520236014682,0.996504663774867,False
CDC123,-0.00144662587697919,0.996621476061972,False
VASN,0.00157504880673187,0.996911456180239,False
RABAC1,-0.00206894690836457,0.996911456180239,False
ANKRD46,-0.00139916983128519,0.996945935031312,False
EMB,0.0023465809238008,0.997107961313604,False
LARP6,0.00103655156889193,0.997107961313604,False
RBMXL1,-0.00146401884113079,0.997107961313604,False
MOBP,-0.00311388552411351,0.997107961313604,False
POR,0.000800381264816963,0.997107961313604,False
TESC,0.00154419541928164,0.997107961313604,False
TRIM65,0.00164256525158901,0.997107961313604,False
ATP8A2,0.0019537683080717,0.997107961313604,False
PPEF1,0.00293188681055234,0.997464647827221,False
RUVBL2,0.000640710826250057,0.997464647827221,False
PYGL,0.00154366530793304,0.997464647827221,False
MXRA7,0.00114898942946962,0.997464647827221,False
DIAPH2,0.00114712731440036,0.997464647827221,False
MAPKAP1,-0.000799728887157514,0.997480114010568,False
PLCB3,-0.000735848154670649,0.998072145382869,False
AP1B1,-0.000408727802499342,0.998072145382869,False
ZNF638,0.000867153251286723,0.998072145382869,False
RERG,-0.000777401702497293,0.998072145382869,False
CDH20,-0.00115011236533569,0.998242464072562,False
ARPC4,-0.000457516414657633,0.998242464072562,False
SMARCA1,0.00054470285963415,0.998242464072562,False
SLC27A4,0.000578666967244956,0.998242464072562,False
UBAP2L,0.000740353401855742,0.998254436148244,False
TXLNB,-0.000581520131632374,0.998600182241424,False
RRP1B,-0.000296902578569735,0.998893493244091,False
CLN8,-0.000364044701404609,0.999117493003517,False
ZNRF2,0.000248946914158665,0.999117493003517,False
TTC39B,-0.000149525213458013,0.999117493003517,False
PTBP2,0.000186133932539967,0.999117493003517,False
CIAO1,-0.000189677664067744,0.999117493003517,False
PDCL,0.000162395064623233,0.999158592035018,False
