"Protein_ID","Gene_Symbol","logFC","P.Value","adj.P.Val","significant","condition","comparison"
"Q8N556;Q8TED9","AFAP1",4.06,1.7585127380959e-09,1.68e-08,TRUE,"ARS","C9ALS_vs_Control"
"Q13045","FLII",3.43,4.10339618217374e-09,2.76e-07,TRUE,"ARS","C9ALS_vs_Control"
"Q13885;A6NNZ2","TUBB2A",4.24,4.36088829451565e-09,3e-07,TRUE,"ARS","C9ALS_vs_Control"
"Q9BX66","SORBS1",3.66,1.78031120299739e-08,3.05e-05,TRUE,"ARS","C9ALS_vs_Control"
"O94875","SORBS2",2.55,2.23489479325786e-08,4.81e-05,TRUE,"ARS","C9ALS_vs_Control"
"Q9HCB6","SPON1",5.81,2.76235491021569e-08,7.32e-05,TRUE,"ARS","C9ALS_vs_Control"
"Q14624","ITIH4",-3.96,4.67841141822343e-08,0.000235,TRUE,"ARS","C9ALS_vs_Control"
"P30153","PPP2R1A",2.95,5.07955687448232e-08,0.000271,TRUE,"ARS","C9ALS_vs_Control"
"P39687;O95626;O43423","ANP32A",-2.87,6.39907815674878e-08,0.000421,TRUE,"ARS","C9ALS_vs_Control"
"P08237","PFKM",2.87,8.53871056615015e-08,0.000694,TRUE,"ARS","C9ALS_vs_Control"
"Q8N7H5","PAF1",-2.73,1.01960667044429e-07,0.000892,TRUE,"ARS","C9ALS_vs_Control"
"Q5U5Q3","MEX3C",2.8,1.03757712504753e-07,0.000912,TRUE,"ARS","C9ALS_vs_Control"
"Q9Y281","CFL2",3.19,1.11346542650038e-07,0.000994,TRUE,"ARS","C9ALS_vs_Control"
"Q16643","DBN1",2.86,1.18595222879229e-07,0.00107,TRUE,"ARS","C9ALS_vs_Control"
"O75175","CNOT3",2.13,1.43976344511283e-07,0.00149,TRUE,"ARS","C9ALS_vs_Control"
"O15240","VGF",-4.31,1.78534084818877e-07,0.00213,TRUE,"ARS","C9ALS_vs_Control"
"Q14008","CKAP5",2.11,2.69583486734842e-07,0.00389,TRUE,"ARS","C9ALS_vs_Control"
"O95631","NTN1",2.46,2.88114257968302e-07,0.00423,TRUE,"ARS","C9ALS_vs_Control"
"P26196","DDX6",1.99,2.98320887915696e-07,0.00441,TRUE,"ARS","C9ALS_vs_Control"
"O75083","WDR1",2.27,3.13990551538711e-07,0.00468,TRUE,"ARS","C9ALS_vs_Control"
"P10645","CHGA",-2.93,3.27108182826071e-07,0.00491,TRUE,"ARS","C9ALS_vs_Control"
"P47756","CAPZB",4.7,3.79062491564568e-07,0.00595,TRUE,"ARS","C9ALS_vs_Control"
"O94832","MYO1D",1.73,4.67421416834963e-07,0.0076,TRUE,"ARS","C9ALS_vs_Control"
"P60660","MYL6",3.04,5.0085887209679e-07,0.00818,TRUE,"ARS","C9ALS_vs_Control"
"P39060","COL18A1",-2.31,5.10264146894681e-07,0.00834,TRUE,"ARS","C9ALS_vs_Control"
"P31948","STIP1",2.34,5.1894861659189e-07,0.00848,TRUE,"ARS","C9ALS_vs_Control"
"P52907","CAPZA1",2.44,5.61122048324424e-07,0.00923,TRUE,"ARS","C9ALS_vs_Control"
"P17858","PFKL",2.08,6.74541544904885e-07,0.0114,TRUE,"ARS","C9ALS_vs_Control"
"Q9Y608","LRRFIP2",4.23,7.93957305914759e-07,0.0134,TRUE,"ARS","C9ALS_vs_Control"
"Q9BY12","SCAPER",2.77,8.53798205168852e-07,0.0143,TRUE,"ARS","C9ALS_vs_Control"
"Q92598","HSPH1",1.52,8.5986528694118e-07,0.0144,TRUE,"ARS","C9ALS_vs_Control"
"P61163","ACTR1A",2.4,9.45211687685404e-07,0.0157,TRUE,"ARS","C9ALS_vs_Control"
"Q92614","MYO18A",2.67,9.60313838555449e-07,0.0159,TRUE,"ARS","C9ALS_vs_Control"
"P20290","BTF3",-2.93,9.72377444858945e-07,0.016,TRUE,"ARS","C9ALS_vs_Control"
"P63092;Q5JWF2;P38405","GNAS",2.72,9.72654759892507e-07,0.016,TRUE,"ARS","C9ALS_vs_Control"
"P12814","ACTN1",2.97,1.14036100584491e-06,0.0186,TRUE,"ARS","C9ALS_vs_Control"
"Q5VUJ6","LRCH2",2.4,1.15755908919759e-06,0.0189,TRUE,"ARS","C9ALS_vs_Control"
"Q8WVS4","WDR60",-2.1,1.17307751490935e-06,0.0191,TRUE,"ARS","C9ALS_vs_Control"
"O14579","COPE",1.78,1.55131129506423e-06,0.0254,TRUE,"ARS","C9ALS_vs_Control"
"O00159","MYO1C",3.5,1.73087987671364e-06,0.028,TRUE,"ARS","C9ALS_vs_Control"
"P01857","IGHG1",-2.64,1.74885755742095e-06,0.0283,TRUE,"ARS","C9ALS_vs_Control"
"P61278","SST",-2.22,1.7871724466226e-06,0.0288,TRUE,"ARS","C9ALS_vs_Control"
"P05976;P08590","MYL1",3.58,1.80045423376464e-06,0.029,TRUE,"ARS","C9ALS_vs_Control"
"O60282;Q86Y91","KIF5C",1.78,1.84471934858316e-06,0.0296,TRUE,"ARS","C9ALS_vs_Control"
"Q9C0C2","TNKS1BP1",2.93,1.96058783542838e-06,0.0313,TRUE,"ARS","C9ALS_vs_Control"
"P47755","CAPZA2",1.76,2.24424444440116e-06,0.0351,TRUE,"ARS","C9ALS_vs_Control"
"Q9H2P0","ADNP",-1.58,2.60759578769934e-06,0.0396,TRUE,"ARS","C9ALS_vs_Control"
"P78332","RBM6",-2.4,2.67778481520694e-06,0.0404,TRUE,"ARS","C9ALS_vs_Control"
"P14649","MYL6B",2.87,2.68866881202316e-06,0.0405,TRUE,"ARS","C9ALS_vs_Control"
"P0DOY3;P0DOY2;P0CG04;P0CF74;B9A064","IGLC1",-2.93,2.91611230185775e-06,0.043,TRUE,"ARS","C9ALS_vs_Control"
"Q01484","ANK2",1.9,2.98767410611372e-06,0.0438,TRUE,"ARS","C9ALS_vs_Control"
"Q13547;O15379","HDAC1",-2.65,3.08816711287563e-06,0.0448,TRUE,"ARS","C9ALS_vs_Control"
"P60709","ACTB",2.05,3.32134419975938e-06,0.0471,TRUE,"ARS","C9ALS_vs_Control"
"P17480","UBTF",2.09,3.32617451083597e-06,0.0471,TRUE,"ARS","C9ALS_vs_Control"
"Q6ZU35","KIAA1211",1.64,3.84143234577041e-06,0.0516,FALSE,"ARS","C9ALS_vs_Control"
"P98175","RBM10",-4.28,3.87142270992425e-06,0.0518,FALSE,"ARS","C9ALS_vs_Control"
"Q9Y4I1","MYO5A",2.23,3.9241968956392e-06,0.0523,FALSE,"ARS","C9ALS_vs_Control"
"P04350","TUBB4A",1.47,3.94479179965403e-06,0.0524,FALSE,"ARS","C9ALS_vs_Control"
"Q5SNT2","TMEM201",-1.32,4.09396884008405e-06,0.0536,FALSE,"ARS","C9ALS_vs_Control"
"Q06830","PRDX1",1.84,4.2443088807988e-06,0.0547,FALSE,"ARS","C9ALS_vs_Control"
"Q9UHD8","SEPT9",1.76,4.44551305509107e-06,0.0561,FALSE,"ARS","C9ALS_vs_Control"
"Q86VP6;O75155","CAND1",2.46,4.45508080582613e-06,0.0562,FALSE,"ARS","C9ALS_vs_Control"
"P46100","ATRX",-2.07,4.49504908211173e-06,0.0564,FALSE,"ARS","C9ALS_vs_Control"
"Q13509","TUBB3",1.38,4.49909756122299e-06,0.0565,FALSE,"ARS","C9ALS_vs_Control"
"Q7L099;Q96T51","RUFY3",2.92,4.9828405897079e-06,0.0608,FALSE,"ARS","C9ALS_vs_Control"
"Q9H6F5","CCDC86",-2.22,5.14613197747848e-06,0.0622,FALSE,"ARS","C9ALS_vs_Control"
"P0DP25;P0DP24;P0DP23;P27482;P02585","P0DP25",2.91,5.26046139267525e-06,0.0632,FALSE,"ARS","C9ALS_vs_Control"
"P01834","IGKC",-2.48,5.73271312142827e-06,0.067,FALSE,"ARS","C9ALS_vs_Control"
"Q7RTV0","PHF5A",-1.24,5.83917527281133e-06,0.0678,FALSE,"ARS","C9ALS_vs_Control"
"P49916","LIG3",-1.92,6.12175485139812e-06,0.0699,FALSE,"ARS","C9ALS_vs_Control"
"O75376","NCOR1",-1.54,6.39286489488339e-06,0.0719,FALSE,"ARS","C9ALS_vs_Control"
"Q96SB3","PPP1R9B",2.15,6.42569825994147e-06,0.0721,FALSE,"ARS","C9ALS_vs_Control"
"O95400","CD2BP2",-1.29,7.02898137337942e-06,0.0767,FALSE,"ARS","C9ALS_vs_Control"
"P08670;P17661","VIM",2.01,7.47842783782006e-06,0.0799,FALSE,"ARS","C9ALS_vs_Control"
"P61956;Q6EEV6;P55854","SUMO2",-2.58,7.91392523907903e-06,0.0828,FALSE,"ARS","C9ALS_vs_Control"
"O43707;Q08043;P35609","ACTN4",2.88,7.98833972820918e-06,0.0833,FALSE,"ARS","C9ALS_vs_Control"
"Q9P2B4","CTTNBP2NL",2.1,8.89691931568572e-06,0.0889,FALSE,"ARS","C9ALS_vs_Control"
"Q9NZR1","TMOD2",2.57,8.97917750681489e-06,0.0894,FALSE,"ARS","C9ALS_vs_Control"
"Q14203","DCTN1",1.82,9.64842937288705e-06,0.0932,FALSE,"ARS","C9ALS_vs_Control"
"Q8WYP5","AHCTF1",-2.41,1.015183445971e-05,0.0959,FALSE,"ARS","C9ALS_vs_Control"
"Q9UM54","MYO6",2.07,1.0481000829594e-05,0.0976,FALSE,"ARS","C9ALS_vs_Control"
"Q9NZM5","GLTSCR2",1.36,1.04963562821254e-05,0.0977,FALSE,"ARS","C9ALS_vs_Control"
"Q13561","DCTN2",1.81,1.06728986827106e-05,0.0986,FALSE,"ARS","C9ALS_vs_Control"
"Q9BR76;A9Z1Z3","CORO1B",1.56,1.07794727085743e-05,0.0991,FALSE,"ARS","C9ALS_vs_Control"
"Q92572","AP3S1",1.07,1.09565255885965e-05,0.1,FALSE,"ARS","C9ALS_vs_Control"
"Q9ULV4;Q6QEF8","CORO1C",2.07,1.10929926415388e-05,0.101,FALSE,"ARS","C9ALS_vs_Control"
"Q01082","SPTBN1",2.4,1.20061360778701e-05,0.106,FALSE,"ARS","C9ALS_vs_Control"
"P07437","TUBB",1.37,1.31291318666315e-05,0.112,FALSE,"ARS","C9ALS_vs_Control"
"P41250","GARS",1.57,1.38736525793763e-05,0.115,FALSE,"ARS","C9ALS_vs_Control"
"Q14974","KPNB1",2.27,1.46296104185224e-05,0.119,FALSE,"ARS","C9ALS_vs_Control"
"Q8WW12","PCNP",-2.71,1.53332527711756e-05,0.122,FALSE,"ARS","C9ALS_vs_Control"
"Q9BVA1","TUBB2B",1.29,1.53803101879571e-05,0.122,FALSE,"ARS","C9ALS_vs_Control"
"Q8TDD1","DDX54",-1.55,1.60643953122856e-05,0.125,FALSE,"ARS","C9ALS_vs_Control"
"P68371","TUBB4B",1.26,1.60519550903588e-05,0.125,FALSE,"ARS","C9ALS_vs_Control"
"Q86X95","CIR1",2.42,1.68481047014433e-05,0.128,FALSE,"ARS","C9ALS_vs_Control"
"P12277;P06732","CKB",1.18,1.75547770708974e-05,0.131,FALSE,"ARS","C9ALS_vs_Control"
"Q92747","ARPC1A",2.85,1.86555298517619e-05,0.135,FALSE,"ARS","C9ALS_vs_Control"
"Q71U36;P0DPH8;P0DPH7;Q6PEY2","TUBA1A",1.19,1.90532013590524e-05,0.137,FALSE,"ARS","C9ALS_vs_Control"
"Q8IWU6","SULF1",2.89,1.93568600639993e-05,0.138,FALSE,"ARS","C9ALS_vs_Control"
"Q92804","TAF15",-2.7,1.97198754629632e-05,0.139,FALSE,"ARS","C9ALS_vs_Control"
"Q9NPA8","ENY2",1.24,2.0257145590338e-05,0.141,FALSE,"ARS","C9ALS_vs_Control"
"Q9NYL9","TMOD3",3.36,2.02888518364626e-05,0.141,FALSE,"ARS","C9ALS_vs_Control"
"Q5T5U3","ARHGAP21",1.24,2.17671509756887e-05,0.146,FALSE,"ARS","C9ALS_vs_Control"
"Q8WWY3","PRPF31",1.35,2.17688145897777e-05,0.146,FALSE,"ARS","C9ALS_vs_Control"
"Q9NZ01","TECR",2.64,2.23317242922273e-05,0.148,FALSE,"ARS","C9ALS_vs_Control"
"P61158;Q9P1U1;Q9C0K3","ACTR3",2.22,2.4126218533894e-05,0.155,FALSE,"ARS","C9ALS_vs_Control"
"P57740","NUP107",1.4,2.51568749562468e-05,0.159,FALSE,"ARS","C9ALS_vs_Control"
"Q12792","TWF1",1.97,2.53281340891879e-05,0.159,FALSE,"ARS","C9ALS_vs_Control"
"P62273","RPS29",-1.84,2.59206150296224e-05,0.162,FALSE,"ARS","C9ALS_vs_Control"
"Q13409","DYNC1I2",1.86,2.99135889519408e-05,0.177,FALSE,"ARS","C9ALS_vs_Control"
"Q53EP0","FNDC3B",2.43,3.0507147476678e-05,0.179,FALSE,"ARS","C9ALS_vs_Control"
"Q13347","EIF3I",1.7,3.70826988899708e-05,0.201,FALSE,"ARS","C9ALS_vs_Control"
"P68032;P63267;P62736;P68133","ACTC1",2.9,4.20074876535157e-05,0.215,FALSE,"ARS","C9ALS_vs_Control"
"P43243","MATR3",-0.889,4.36798485695983e-05,0.22,FALSE,"ARS","C9ALS_vs_Control"
"Q9UPN3","MACF1",2.16,4.69211281620825e-05,0.229,FALSE,"ARS","C9ALS_vs_Control"
"Q15424","SAFB",-1.39,5.47889559861895e-05,0.248,FALSE,"ARS","C9ALS_vs_Control"
"Q14562","DHX8",-0.934,5.77460571796124e-05,0.254,FALSE,"ARS","C9ALS_vs_Control"
"Q14204","DYNC1H1",1.11,6.25305772889601e-05,0.264,FALSE,"ARS","C9ALS_vs_Control"
"P48681","NES",0.987,6.29463828836451e-05,0.265,FALSE,"ARS","C9ALS_vs_Control"
"P11047","LAMC1",-1.64,6.77486625915257e-05,0.274,FALSE,"ARS","C9ALS_vs_Control"
"Q14839","CHD4",-1.34,6.93343384398733e-05,0.277,FALSE,"ARS","C9ALS_vs_Control"
"O43684","BUB3",2.1,6.96351127912491e-05,0.278,FALSE,"ARS","C9ALS_vs_Control"
"P68363","TUBA1B",1.53,7.25588774923661e-05,0.283,FALSE,"ARS","C9ALS_vs_Control"
"O43795","MYO1B",2.43,7.27364870924924e-05,0.284,FALSE,"ARS","C9ALS_vs_Control"
"Q00839","HNRNPU",-0.879,7.49048411004516e-05,0.287,FALSE,"ARS","C9ALS_vs_Control"
"P78559","MAP1A",-1.73,7.68703981333656e-05,0.291,FALSE,"ARS","C9ALS_vs_Control"
"P29373","CRABP2",1.38,7.79653460338285e-05,0.293,FALSE,"ARS","C9ALS_vs_Control"
"Q15154","PCM1",1.53,7.95812862073573e-05,0.295,FALSE,"ARS","C9ALS_vs_Control"
"O76094","SRP72",-2.49,7.93215148097177e-05,0.295,FALSE,"ARS","C9ALS_vs_Control"
"P19105;O14950","MYL12A",1.95,8.362526810059e-05,0.302,FALSE,"ARS","C9ALS_vs_Control"
"P63151;Q00005;Q9Y2T4","PPP2R2A",1.16,8.41081191717504e-05,0.303,FALSE,"ARS","C9ALS_vs_Control"
"P13489","RNH1",0.831,8.47385952320883e-05,0.304,FALSE,"ARS","C9ALS_vs_Control"
"Q9Y6Q3;Q9BS34;P17030;Q7L945;P13682;P17024;Q86T29;P17021","ZFP37",-1.23,8.48741973786261e-05,0.304,FALSE,"ARS","C9ALS_vs_Control"
"Q8WUQ7","CACTIN",1.29,8.92543559162371e-05,0.31,FALSE,"ARS","C9ALS_vs_Control"
"Q96G25","MED8",-1.52,8.9441987484274e-05,0.311,FALSE,"ARS","C9ALS_vs_Control"
"P62333","PSMC6",2.1,9.13471876749403e-05,0.313,FALSE,"ARS","C9ALS_vs_Control"
"P13861","PRKAR2A",0.926,0.000106969722151073,0.334,FALSE,"ARS","C9ALS_vs_Control"
"Q9NVP1","DDX18",-2.2,0.000107975041136117,0.335,FALSE,"ARS","C9ALS_vs_Control"
"Q9P0K7;O15034","RAI14",3.09,0.000107482972242798,0.335,FALSE,"ARS","C9ALS_vs_Control"
"Q5T5P2","KIAA1217",-3.76,0.000111448806887561,0.34,FALSE,"ARS","C9ALS_vs_Control"
"Q8WXI9","GATAD2B",-1.22,0.000112538316254858,0.341,FALSE,"ARS","C9ALS_vs_Control"
"P22314","UBA1",1.61,0.00011499843908789,0.344,FALSE,"ARS","C9ALS_vs_Control"
"O75533","SF3B1",-0.833,0.000117671998111474,0.347,FALSE,"ARS","C9ALS_vs_Control"
"Q07866","KLC1",3.72,0.00012417820274076,0.354,FALSE,"ARS","C9ALS_vs_Control"
"Q8WUA2","PPIL4",-1.45,0.000124430845296146,0.354,FALSE,"ARS","C9ALS_vs_Control"
"P38159;O75526;Q8N7X1","RBMX",-0.975,0.000125524863449475,0.355,FALSE,"ARS","C9ALS_vs_Control"
"A5YKK6","CNOT1",2.09,0.000130537102546806,0.361,FALSE,"ARS","C9ALS_vs_Control"
"Q9H0B6","KLC2",1.48,0.000137384688766409,0.367,FALSE,"ARS","C9ALS_vs_Control"
"P18669;P15259;Q8N0Y7","PGAM1",1.26,0.000138103156200499,0.368,FALSE,"ARS","C9ALS_vs_Control"
"P49711","CTCF",-1.21,0.00013884925867847,0.369,FALSE,"ARS","C9ALS_vs_Control"
"Q16658","FSCN1",1.1,0.000140128309772646,0.37,FALSE,"ARS","C9ALS_vs_Control"
"O95996","APC2",-1.05,0.000155040177671089,0.383,FALSE,"ARS","C9ALS_vs_Control"
"P46776","RPL27A",1.32,0.000165125034104046,0.392,FALSE,"ARS","C9ALS_vs_Control"
"Q9NWB6","ARGLU1",1.87,0.000170484460888553,0.396,FALSE,"ARS","C9ALS_vs_Control"
"Q12962","TAF10",-0.976,0.00017740475344543,0.401,FALSE,"ARS","C9ALS_vs_Control"
"P37268","FDFT1",1.27,0.000183204179071024,0.405,FALSE,"ARS","C9ALS_vs_Control"
"Q96RF0","SNX18",1.44,0.000185812738881344,0.407,FALSE,"ARS","C9ALS_vs_Control"
"P33176","KIF5B",1.61,0.000192742072533095,0.412,FALSE,"ARS","C9ALS_vs_Control"
"P23528","CFL1",0.782,0.000199569526801918,0.417,FALSE,"ARS","C9ALS_vs_Control"
"Q15459","SF3A1",-0.786,0.000207293479312225,0.422,FALSE,"ARS","C9ALS_vs_Control"
"O43818","RRP9",-0.884,0.000210798647620843,0.424,FALSE,"ARS","C9ALS_vs_Control"
"Q09028","RBBP4",-1.18,0.000212811031507488,0.425,FALSE,"ARS","C9ALS_vs_Control"
"Q5TF21","SOGA3",1.74,0.000229027559638514,0.434,FALSE,"ARS","C9ALS_vs_Control"
"Q86YP4","GATAD2A",-1.09,0.000233642195532119,0.437,FALSE,"ARS","C9ALS_vs_Control"
"P07197","NEFM",0.756,0.000235450682460069,0.438,FALSE,"ARS","C9ALS_vs_Control"
"P49458","SRP9",1.03,0.000235274628614243,0.438,FALSE,"ARS","C9ALS_vs_Control"
"Q9NZN8","CNOT2",2.78,0.000237556292480424,0.439,FALSE,"ARS","C9ALS_vs_Control"
"P34932","HSPA4",1.8,0.000240934207776049,0.441,FALSE,"ARS","C9ALS_vs_Control"
"O96019","ACTL6A",-0.942,0.000244894131682242,0.443,FALSE,"ARS","C9ALS_vs_Control"
"P08238;Q58FF7;Q58FF6","HSP90AB1",0.795,0.000249731686618549,0.445,FALSE,"ARS","C9ALS_vs_Control"
"Q9NP64","ZCCHC17",1.22,0.00026826662865682,0.455,FALSE,"ARS","C9ALS_vs_Control"
"P35580","MYH10",2.27,0.000276161430563407,0.458,FALSE,"ARS","C9ALS_vs_Control"
"P11216;P11217;P06737","PYGB",2.68,0.000318237983947722,0.476,FALSE,"ARS","C9ALS_vs_Control"
"O43347","MSI1",1.19,0.000321894330635243,0.477,FALSE,"ARS","C9ALS_vs_Control"
"Q76I76","SSH2",1.25,0.000327972917071474,0.48,FALSE,"ARS","C9ALS_vs_Control"
"P84098","RPL19",1.05,0.000378492697465743,0.497,FALSE,"ARS","C9ALS_vs_Control"
"Q96J01","THOC3",-1.18,0.000379231191630837,0.497,FALSE,"ARS","C9ALS_vs_Control"
"Q8IVW6","ARID3B",-1.84,0.000382187003869386,0.498,FALSE,"ARS","C9ALS_vs_Control"
"P55010","EIF5",-1.33,0.000387349152388058,0.5,FALSE,"ARS","C9ALS_vs_Control"
"P07196","NEFL",1.07,0.000390895833065439,0.501,FALSE,"ARS","C9ALS_vs_Control"
"P24928","POLR2A",-0.977,0.000406604411862855,0.506,FALSE,"ARS","C9ALS_vs_Control"
"Q15427","SF3B4",-1.05,0.000424198122430343,0.511,FALSE,"ARS","C9ALS_vs_Control"
"P07951","TPM2",1.67,0.000444146884160094,0.516,FALSE,"ARS","C9ALS_vs_Control"
"Q9UIV1","CNOT7",2.13,0.000458402399376077,0.52,FALSE,"ARS","C9ALS_vs_Control"
"Q13769","THOC5",-1.05,0.000485854588290952,0.526,FALSE,"ARS","C9ALS_vs_Control"
"Q13813","SPTAN1",3.31,0.00049213117768614,0.528,FALSE,"ARS","C9ALS_vs_Control"
"Q15417;P51911","CNN3",1.59,0.0005010432600338,0.53,FALSE,"ARS","C9ALS_vs_Control"
"Q13503","MED21",0.712,0.000511778783805317,0.532,FALSE,"ARS","C9ALS_vs_Control"
"Q9BTT0","ANP32E",-1.29,0.000513719591322074,0.533,FALSE,"ARS","C9ALS_vs_Control"
"P04792","HSPB1",-2.57,0.000514612454385077,0.533,FALSE,"ARS","C9ALS_vs_Control"
"O00425","IGF2BP3",0.971,0.000528769183056963,0.536,FALSE,"ARS","C9ALS_vs_Control"
"Q9UK58","CCNL1",0.815,0.000545341214176305,0.54,FALSE,"ARS","C9ALS_vs_Control"
"Q69YN4","KIAA1429",1.89,0.000562137108725174,0.543,FALSE,"ARS","C9ALS_vs_Control"
"Q6I9Y2","THOC7",-1.25,0.000576475116956479,0.546,FALSE,"ARS","C9ALS_vs_Control"
"O00151","PDLIM1",0.831,0.000619604223272284,0.554,FALSE,"ARS","C9ALS_vs_Control"
"O75369","FLNB",1.49,0.000627035578229614,0.555,FALSE,"ARS","C9ALS_vs_Control"
"Q9Y6M1","IGF2BP2",1.55,0.000670322947984597,0.562,FALSE,"ARS","C9ALS_vs_Control"
"Q96E39","RBMXL1",-0.888,0.000667773231236783,0.562,FALSE,"ARS","C9ALS_vs_Control"
"Q14126","DSG2",-1.18,0.000672174447519926,0.563,FALSE,"ARS","C9ALS_vs_Control"
"Q15050","RRS1",-1.53,0.000674841981907648,0.563,FALSE,"ARS","C9ALS_vs_Control"
"O95926","SYF2",1.15,0.000684504308125486,0.565,FALSE,"ARS","C9ALS_vs_Control"
"Q14694","USP10",0.85,0.000695344601552774,0.566,FALSE,"ARS","C9ALS_vs_Control"
"Q13263","TRIM28",-0.906,0.0007097030914121,0.569,FALSE,"ARS","C9ALS_vs_Control"
"Q12873","CHD3",-1.06,0.00071773430113648,0.57,FALSE,"ARS","C9ALS_vs_Control"
"Q9ULU4","ZMYND8",-0.885,0.000721879413262088,0.57,FALSE,"ARS","C9ALS_vs_Control"
"P21333","FLNA",1.18,0.000730157710642534,0.572,FALSE,"ARS","C9ALS_vs_Control"
"P04406","GAPDH",0.817,0.000745453152245537,0.574,FALSE,"ARS","C9ALS_vs_Control"
"P09455","RBP1",1.1,0.000747070856152479,0.574,FALSE,"ARS","C9ALS_vs_Control"
"Q92797","SYMPK",-0.866,0.000746747187740479,0.574,FALSE,"ARS","C9ALS_vs_Control"
"P09012","SNRPA",-0.789,0.00077071801929652,0.577,FALSE,"ARS","C9ALS_vs_Control"
"P51116","FXR2",0.76,0.000787556465266356,0.58,FALSE,"ARS","C9ALS_vs_Control"
"Q8NEY8","PPHLN1",-1.25,0.000823771164405837,0.584,FALSE,"ARS","C9ALS_vs_Control"
"P51531","SMARCA2",-1.67,0.000820144047463714,0.584,FALSE,"ARS","C9ALS_vs_Control"
"Q14157","UBAP2L",1.07,0.00081813282578997,0.584,FALSE,"ARS","C9ALS_vs_Control"
"Q8WVV9","HNRNPLL",-0.925,0.000829639804856875,0.585,FALSE,"ARS","C9ALS_vs_Control"
"Q9HCD5","NCOA5",-2.74,0.000835957202875367,0.586,FALSE,"ARS","C9ALS_vs_Control"
"P57723","PCBP4",1.59,0.00091696081156469,0.595,FALSE,"ARS","C9ALS_vs_Control"
"Q06787","FMR1",1.09,0.000965508700702978,0.6,FALSE,"ARS","C9ALS_vs_Control"
"P02787;CON__Q2HJF0","TF",-3.13,0.000958370371952628,0.6,FALSE,"ARS","C9ALS_vs_Control"
"Q14697","GANAB",-1.15,0.000982099511104525,0.602,FALSE,"ARS","C9ALS_vs_Control"
"P35579;REV__Q9UKV3;Q8N1T3;Q9Y2K3;Q6PIF6;Q13402","MYH9",1.69,0.00100259077843818,0.604,FALSE,"ARS","C9ALS_vs_Control"
"P61160","ACTR2",2.65,0.00102385735825166,0.606,FALSE,"ARS","C9ALS_vs_Control"
"Q9NRL3","STRN4",0.927,0.00101992401758575,0.606,FALSE,"ARS","C9ALS_vs_Control"
"Q8IUX4;Q9NRW3;Q96AK3","APOBEC3F",1.17,0.00102993959329028,0.607,FALSE,"ARS","C9ALS_vs_Control"
"Q8IXT5","RBM12B",-1.13,0.00103607733285413,0.607,FALSE,"ARS","C9ALS_vs_Control"
"Q9NWH9","SLTM",-0.882,0.0010433483856778,0.608,FALSE,"ARS","C9ALS_vs_Control"
"Q14315","FLNC",2.65,0.0010708487709713,0.61,FALSE,"ARS","C9ALS_vs_Control"
"Q7L2J0","MEPCE",-1.19,0.00106586654432337,0.61,FALSE,"ARS","C9ALS_vs_Control"
"Q07666;Q9H6N6","KHDRBS1",-0.721,0.00108261522360576,0.612,FALSE,"ARS","C9ALS_vs_Control"
"P50148;Q14344;Q03113","GNAQ",1.02,0.00110774067947696,0.614,FALSE,"ARS","C9ALS_vs_Control"
"P23396","RPS3",0.64,0.00111624575166623,0.614,FALSE,"ARS","C9ALS_vs_Control"
"Q6PKG0","LARP1",1.18,0.00115464657932982,0.618,FALSE,"ARS","C9ALS_vs_Control"
"P83731","RPL24",0.802,0.00118302318223678,0.62,FALSE,"ARS","C9ALS_vs_Control"
"Q9UJS0","SLC25A13",1.03,0.00121431976856932,0.622,FALSE,"ARS","C9ALS_vs_Control"
"P68104;Q5VTE0;Q05639","EEF1A1",0.806,0.0012261417033758,0.623,FALSE,"ARS","C9ALS_vs_Control"
"Q02413;P32926;Q86SJ6","DSG1",-2.64,0.0012399280198656,0.624,FALSE,"ARS","C9ALS_vs_Control"
"Q9UKA9","PTBP2",0.886,0.00128219315664283,0.628,FALSE,"ARS","C9ALS_vs_Control"
"Q99439","CNN2",1.15,0.00131727009490378,0.63,FALSE,"ARS","C9ALS_vs_Control"
"Q6WCQ1","MPRIP",0.846,0.00133833591507051,0.631,FALSE,"ARS","C9ALS_vs_Control"
"P35998","PSMC2",0.782,0.00144542836705698,0.638,FALSE,"ARS","C9ALS_vs_Control"
"P49207","RPL34",0.734,0.00144651026340473,0.639,FALSE,"ARS","C9ALS_vs_Control"
"Q9H2H8","PPIL3",-1.21,0.001513908689836,0.643,FALSE,"ARS","C9ALS_vs_Control"
"P08754;P11488;P19087;A8MTJ3","GNAI3",1.22,0.0015392741908473,0.644,FALSE,"ARS","C9ALS_vs_Control"
"P46459","NSF",0.81,0.00154311355538383,0.644,FALSE,"ARS","C9ALS_vs_Control"
"Q8TBB5","KLHDC4",1.77,0.00157189772507487,0.646,FALSE,"ARS","C9ALS_vs_Control"
"P26373","RPL13",0.942,0.00156894715421576,0.646,FALSE,"ARS","C9ALS_vs_Control"
"Q14444","CAPRIN1",1.23,0.00159215112843343,0.647,FALSE,"ARS","C9ALS_vs_Control"
"P82979","SARNP",0.74,0.00164153434079558,0.65,FALSE,"ARS","C9ALS_vs_Control"
"Q9HCJ0","TNRC6C",-0.83,0.00163934634798583,0.65,FALSE,"ARS","C9ALS_vs_Control"
"Q9H0G5","NSRP1",-1.66,0.00168620898693535,0.652,FALSE,"ARS","C9ALS_vs_Control"
"P22234","PAICS",2.37,0.00169971057847482,0.653,FALSE,"ARS","C9ALS_vs_Control"
"Q02040","AKAP17A",0.557,0.00171672572845967,0.654,FALSE,"ARS","C9ALS_vs_Control"
"Q13557;Q9UQM7","CAMK2D",-0.664,0.00174303363219133,0.655,FALSE,"ARS","C9ALS_vs_Control"
"O43719","HTATSF1",-0.805,0.00174718578228473,0.655,FALSE,"ARS","C9ALS_vs_Control"
"Q12872","SFSWAP",0.577,0.00176470028617074,0.656,FALSE,"ARS","C9ALS_vs_Control"
"O60885","BRD4",-0.763,0.00179442776635388,0.657,FALSE,"ARS","C9ALS_vs_Control"
"P12268;P20839","IMPDH2",1.68,0.00182447089652535,0.659,FALSE,"ARS","C9ALS_vs_Control"
"P54577","YARS",0.804,0.00182485678420866,0.659,FALSE,"ARS","C9ALS_vs_Control"
"Q5VZL5","ZMYM4",-0.886,0.00187131138354935,0.661,FALSE,"ARS","C9ALS_vs_Control"
"O95391","SLU7",-0.729,0.00197154460750838,0.665,FALSE,"ARS","C9ALS_vs_Control"
"O00193","SMAP",-1.37,0.00196548140424023,0.665,FALSE,"ARS","C9ALS_vs_Control"
"O95425","SVIL",0.792,0.00197520515660111,0.665,FALSE,"ARS","C9ALS_vs_Control"
"O75586","MED6",-1.18,0.00198346921365904,0.666,FALSE,"ARS","C9ALS_vs_Control"
"Q8TAQ2","SMARCC2",-0.648,0.00198237084704036,0.666,FALSE,"ARS","C9ALS_vs_Control"
"Q8IZL8","PELP1",-1.25,0.00202368793051424,0.667,FALSE,"ARS","C9ALS_vs_Control"
"P02790","HPX",-2.95,0.00207354656240546,0.669,FALSE,"ARS","C9ALS_vs_Control"
"Q9H4G0","EPB41L1",-1.34,0.00236015731227502,0.68,FALSE,"ARS","C9ALS_vs_Control"
"Q93045","STMN2",0.861,0.00239595439773742,0.681,FALSE,"ARS","C9ALS_vs_Control"
"Q9H5H4;Q96SL8","ZNF768",1.46,0.00240454467511884,0.681,FALSE,"ARS","C9ALS_vs_Control"
"Q09161","NCBP1",1.61,0.00242414057939781,0.682,FALSE,"ARS","C9ALS_vs_Control"
"Q16352","INA",0.636,0.00248446176062489,0.684,FALSE,"ARS","C9ALS_vs_Control"
"Q9BY77","POLDIP3",-0.574,0.00251824892943841,0.685,FALSE,"ARS","C9ALS_vs_Control"
"P61586","RHOA",1.54,0.00265865452977127,0.689,FALSE,"ARS","C9ALS_vs_Control"
"O43172","PRPF4",0.532,0.00267653753596814,0.69,FALSE,"ARS","C9ALS_vs_Control"
"Q13185","CBX3",-1.12,0.00271328552293084,0.691,FALSE,"ARS","C9ALS_vs_Control"
"P46783;Q9NQ39","RPS10",-1.2,0.00278335924232148,0.692,FALSE,"ARS","C9ALS_vs_Control"
"Q9NXV6","CDKN2AIP",-1.25,0.00284282075268556,0.694,FALSE,"ARS","C9ALS_vs_Control"
"P62888","RPL30",0.626,0.00282702868667724,0.694,FALSE,"ARS","C9ALS_vs_Control"
"Q6UB99","ANKRD11",-2,0.00288096280334706,0.695,FALSE,"ARS","C9ALS_vs_Control"
"O95819","MAP4K4",0.658,0.00286586055804558,0.695,FALSE,"ARS","C9ALS_vs_Control"
"Q13200","PSMD2",1.2,0.00287607470331942,0.695,FALSE,"ARS","C9ALS_vs_Control"
"P42766","RPL35",1.63,0.00287823233634528,0.695,FALSE,"ARS","C9ALS_vs_Control"
"Q96FV9","THOC1",-0.774,0.00291525159252792,0.696,FALSE,"ARS","C9ALS_vs_Control"
"Q99729","HNRNPAB",1.49,0.00297073412717229,0.697,FALSE,"ARS","C9ALS_vs_Control"
"Q9HAU5","UPF2",0.784,0.00296121687266968,0.697,FALSE,"ARS","C9ALS_vs_Control"
"Q12830","BPTF",-1.04,0.00302609017990653,0.699,FALSE,"ARS","C9ALS_vs_Control"
"Q7Z4V5","HDGFRP2",-1.35,0.00305238407517108,0.699,FALSE,"ARS","C9ALS_vs_Control"
"P09874","PARP1",-3.05,0.00301843555861085,0.699,FALSE,"ARS","C9ALS_vs_Control"
"P27348","YWHAQ",0.668,0.00311441293662414,0.701,FALSE,"ARS","C9ALS_vs_Control"
"P36542","ATP5C1",-0.636,0.00321569892237758,0.703,FALSE,"ARS","C9ALS_vs_Control"
"Q9NZI8;REV__Q15833","IGF2BP1",0.804,0.0032034395335271,0.703,FALSE,"ARS","C9ALS_vs_Control"
"Q00535","CDK5",-1.1,0.0032656667012697,0.704,FALSE,"ARS","C9ALS_vs_Control"
"Q9GZR7","DDX24",-1.02,0.00325284850637043,0.704,FALSE,"ARS","C9ALS_vs_Control"
"Q7L4I2","RSRC2",0.643,0.00324933773872831,0.704,FALSE,"ARS","C9ALS_vs_Control"
"Q02218;Q9ULD0","OGDH",1.28,0.0032863209495326,0.705,FALSE,"ARS","C9ALS_vs_Control"
"P16989","YBX3",0.846,0.00333499926504294,0.706,FALSE,"ARS","C9ALS_vs_Control"
"O75151","PHF2",-1.06,0.00338132257955308,0.707,FALSE,"ARS","C9ALS_vs_Control"
"P52756","RBM5",-1.23,0.00343008516445862,0.708,FALSE,"ARS","C9ALS_vs_Control"
"Q96K17","BTF3L4",-1.51,0.00360289227263242,0.711,FALSE,"ARS","C9ALS_vs_Control"
"Q13283","G3BP1",0.577,0.00358380582563877,0.711,FALSE,"ARS","C9ALS_vs_Control"
"P30876","POLR2B",-0.975,0.0035732024989591,0.711,FALSE,"ARS","C9ALS_vs_Control"
"P15924","DSP",-1.25,0.00361810461130489,0.712,FALSE,"ARS","C9ALS_vs_Control"
"Q9H6W3","NO66",-0.908,0.00377778393453745,0.715,FALSE,"ARS","C9ALS_vs_Control"
"Q9Y2X3","NOP58",-0.68,0.00381413153720931,0.715,FALSE,"ARS","C9ALS_vs_Control"
"Q5VWG9","TAF3",-0.665,0.00386974080989647,0.716,FALSE,"ARS","C9ALS_vs_Control"
"Q15637","SF1",0.834,0.00392736069317327,0.717,FALSE,"ARS","C9ALS_vs_Control"
"Q14966","ZNF638",-0.906,0.0039313844905847,0.717,FALSE,"ARS","C9ALS_vs_Control"
"O43513","MED7",-0.813,0.00395161321428848,0.718,FALSE,"ARS","C9ALS_vs_Control"
"Q9P0M6","H2AFY2",-1.24,0.00403584339126062,0.719,FALSE,"ARS","C9ALS_vs_Control"
"P35080","PFN2",0.648,0.00419229033108168,0.722,FALSE,"ARS","C9ALS_vs_Control"
"O43175","PHGDH",0.538,0.00424785175793583,0.722,FALSE,"ARS","C9ALS_vs_Control"
"Q9BUT1","BDH2",1.01,0.00428972165182464,0.723,FALSE,"ARS","C9ALS_vs_Control"
"P17844","DDX5",0.613,0.00426564220506455,0.723,FALSE,"ARS","C9ALS_vs_Control"
"P27824","CANX",-0.779,0.00431787863011475,0.724,FALSE,"ARS","C9ALS_vs_Control"
"P23284","PPIB",-1.03,0.00431567652847161,0.724,FALSE,"ARS","C9ALS_vs_Control"
"O15144","ARPC2",1.82,0.00439405320004467,0.725,FALSE,"ARS","C9ALS_vs_Control"
"P59998","ARPC4",1.94,0.00441712015916688,0.725,FALSE,"ARS","C9ALS_vs_Control"
"O14531","DPYSL4",1.35,0.00441543599232236,0.725,FALSE,"ARS","C9ALS_vs_Control"
"P29692","EEF1D",0.916,0.00442509393508016,0.725,FALSE,"ARS","C9ALS_vs_Control"
"Q6UN15","FIP1L1",-0.717,0.00443478295683739,0.725,FALSE,"ARS","C9ALS_vs_Control"
"Q9Y2H5","PLEKHA6",0.766,0.0044296933396801,0.725,FALSE,"ARS","C9ALS_vs_Control"
"O00299","CLIC1",0.838,0.00451948540946491,0.727,FALSE,"ARS","C9ALS_vs_Control"
"Q96JP5","ZFP91",-0.764,0.00457117087413426,0.727,FALSE,"ARS","C9ALS_vs_Control"
"Q8N5F7;Q5M9Q1","NKAP",1.57,0.00458728567831346,0.728,FALSE,"ARS","C9ALS_vs_Control"
"Q96KR1","ZFR",0.784,0.00461322016382301,0.728,FALSE,"ARS","C9ALS_vs_Control"
"O95232","LUC7L3",0.516,0.00475323832160159,0.73,FALSE,"ARS","C9ALS_vs_Control"
"Q8IXM2","BAP18",-1.16,0.00483360210644934,0.731,FALSE,"ARS","C9ALS_vs_Control"
"P62244","RPS15A",0.698,0.00483361241348561,0.731,FALSE,"ARS","C9ALS_vs_Control"
"Q8NFH5","NUP35",0.923,0.00496792279821444,0.733,FALSE,"ARS","C9ALS_vs_Control"
"Q8IX01","SUGP2",-0.556,0.00495717125446991,0.733,FALSE,"ARS","C9ALS_vs_Control"
"Q92917","GPKOW",-0.576,0.00516907015578322,0.735,FALSE,"ARS","C9ALS_vs_Control"
"Q9Y5Q9","GTF3C3",-0.898,0.00512171983685646,0.735,FALSE,"ARS","C9ALS_vs_Control"
"Q6PCB5","RSBN1L",-0.76,0.00518390022396109,0.735,FALSE,"ARS","C9ALS_vs_Control"
"O15355","PPM1G",-1.13,0.00524893282108905,0.736,FALSE,"ARS","C9ALS_vs_Control"
"P62829","RPL23",3.19,0.0052358663261982,0.736,FALSE,"ARS","C9ALS_vs_Control"
"P11137","MAP2",1.22,0.00532536826080581,0.737,FALSE,"ARS","C9ALS_vs_Control"
"P35908","KRT2",-1.98,0.00540302857235062,0.738,FALSE,"ARS","C9ALS_vs_Control"
"P62316","SNRPD2",-0.873,0.00539417783982244,0.738,FALSE,"ARS","C9ALS_vs_Control"
"P09496","CLTA",0.681,0.00546414938262855,0.739,FALSE,"ARS","C9ALS_vs_Control"
"Q7Z6Z7","HUWE1",0.672,0.00548583377220634,0.739,FALSE,"ARS","C9ALS_vs_Control"
"Q5T749","KPRP",-2.54,0.00554057520299049,0.74,FALSE,"ARS","C9ALS_vs_Control"
"O75381","PEX14",-0.486,0.00555090712225322,0.74,FALSE,"ARS","C9ALS_vs_Control"
"Q96T37","RBM15",-0.522,0.00560940113396253,0.74,FALSE,"ARS","C9ALS_vs_Control"
"P62805","HIST1H4A",-0.613,0.00573467507440605,0.742,FALSE,"ARS","C9ALS_vs_Control"
"Q99700","ATXN2",-0.511,0.005893599450631,0.743,FALSE,"ARS","C9ALS_vs_Control"
"Q14576","ELAVL3",1.05,0.00586155194143624,0.743,FALSE,"ARS","C9ALS_vs_Control"
"O60264","SMARCA5",-0.469,0.00586467695601826,0.743,FALSE,"ARS","C9ALS_vs_Control"
"P78362;Q9UPE1","SRPK2",0.621,0.00591101189953097,0.743,FALSE,"ARS","C9ALS_vs_Control"
"O75367","H2AFY",-2.46,0.00593392269690279,0.744,FALSE,"ARS","C9ALS_vs_Control"
"Q2PPJ7","RALGAPA2",-0.554,0.00598945039251977,0.744,FALSE,"ARS","C9ALS_vs_Control"
"Q96N67","DOCK7",1.27,0.00606429031248585,0.745,FALSE,"ARS","C9ALS_vs_Control"
"Q8NFW8","CMAS",0.526,0.0061391273734726,0.746,FALSE,"ARS","C9ALS_vs_Control"
"P68431;Q71DI3;Q16695","HIST1H3A",-0.511,0.0062014351619804,0.746,FALSE,"ARS","C9ALS_vs_Control"
"Q99536","VAT1",0.928,0.00613144027134143,0.746,FALSE,"ARS","C9ALS_vs_Control"
"Q6PJT7","ZC3H14",0.916,0.00623005897829,0.747,FALSE,"ARS","C9ALS_vs_Control"
"Q14331","FRG1",-1.09,0.00639701209619211,0.748,FALSE,"ARS","C9ALS_vs_Control"
"P25398","RPS12",-1.19,0.00644620220373705,0.749,FALSE,"ARS","C9ALS_vs_Control"
"Q9ULK5","VANGL2",-0.684,0.00652676244446735,0.749,FALSE,"ARS","C9ALS_vs_Control"
"Q5VTL8","PRPF38B",0.762,0.00653908994798963,0.75,FALSE,"ARS","C9ALS_vs_Control"
"P15880","RPS2",0.487,0.00669611247545797,0.751,FALSE,"ARS","C9ALS_vs_Control"
"Q5T3I0","GPATCH4",0.969,0.00681419273158946,0.752,FALSE,"ARS","C9ALS_vs_Control"
"Q9Y4L1","HYOU1",-0.578,0.006810054793002,0.752,FALSE,"ARS","C9ALS_vs_Control"
"Q96EV2;Q8IY18","RBM33",1.31,0.00686095961917339,0.752,FALSE,"ARS","C9ALS_vs_Control"
"Q9H1E3","NUCKS1",-2.02,0.00699951863339855,0.753,FALSE,"ARS","C9ALS_vs_Control"
"Q08945","SSRP1",-1.36,0.00688287284926558,0.753,FALSE,"ARS","C9ALS_vs_Control"
"Q96EY4","TMA16",0.931,0.00694203269595916,0.753,FALSE,"ARS","C9ALS_vs_Control"
"P09493","TPM1",1.16,0.0069406937446028,0.753,FALSE,"ARS","C9ALS_vs_Control"
"Q96JM3","CHAMP1",-0.647,0.007056400089547,0.754,FALSE,"ARS","C9ALS_vs_Control"
"Q5JTH9","RRP12",-0.996,0.00706690449353287,0.754,FALSE,"ARS","C9ALS_vs_Control"
"Q8IWZ3","ANKHD1",0.689,0.00729337062679751,0.756,FALSE,"ARS","C9ALS_vs_Control"
"Q9BUJ2","HNRNPUL1",-0.63,0.0073679890249802,0.756,FALSE,"ARS","C9ALS_vs_Control"
"Q02880","TOP2B",-0.769,0.00727853459627707,0.756,FALSE,"ARS","C9ALS_vs_Control"
"Q96QD9","FYTTD1",0.934,0.00742354043465771,0.757,FALSE,"ARS","C9ALS_vs_Control"
"Q15020","SART3",-0.693,0.00748822545137461,0.757,FALSE,"ARS","C9ALS_vs_Control"
"Q5BKZ1","ZNF326",-0.685,0.00745321715105419,0.757,FALSE,"ARS","C9ALS_vs_Control"
"P31689","DNAJA1",1.28,0.00754545881926594,0.758,FALSE,"ARS","C9ALS_vs_Control"
"P84090","ERH",0.621,0.00769150408901215,0.759,FALSE,"ARS","C9ALS_vs_Control"
"P04899","GNAI2",0.665,0.00767278605739241,0.759,FALSE,"ARS","C9ALS_vs_Control"
"P62280","RPS11",0.98,0.00767751700932044,0.759,FALSE,"ARS","C9ALS_vs_Control"
"P14866","HNRNPL",0.588,0.00783979712400905,0.76,FALSE,"ARS","C9ALS_vs_Control"
"P61604","HSPE1",-1.08,0.00784975809466291,0.76,FALSE,"ARS","C9ALS_vs_Control"
"Q15185","PTGES3",0.937,0.00799804965858948,0.761,FALSE,"ARS","C9ALS_vs_Control"
"P46781","RPS9",0.629,0.00803111158370666,0.761,FALSE,"ARS","C9ALS_vs_Control"
"P78527","PRKDC",0.45,0.00816937411629086,0.762,FALSE,"ARS","C9ALS_vs_Control"
"P22087","FBL",-0.447,0.0083167544872422,0.763,FALSE,"ARS","C9ALS_vs_Control"
"Q8TA86","RP9",1.82,0.0082598349170132,0.763,FALSE,"ARS","C9ALS_vs_Control"
"Q96T58","SPEN",-1.34,0.00824490241930448,0.763,FALSE,"ARS","C9ALS_vs_Control"
"Q6UWP8","SBSN",-0.966,0.00847936909176498,0.764,FALSE,"ARS","C9ALS_vs_Control"
"Q86XN8","MEX3D",0.67,0.00865776455288752,0.765,FALSE,"ARS","C9ALS_vs_Control"
"Q9C0J8","WDR33",-0.554,0.00861036450075064,0.765,FALSE,"ARS","C9ALS_vs_Control"
"Q4KMP7","TBC1D10B",-1.14,0.00891947095464273,0.767,FALSE,"ARS","C9ALS_vs_Control"
"P62826","RAN",0.498,0.00929080877862027,0.769,FALSE,"ARS","C9ALS_vs_Control"
"P14923","JUP",-2.27,0.00951759402094786,0.77,FALSE,"ARS","C9ALS_vs_Control"
"Q9P2P1","NYNRIN",-0.615,0.00969297208706993,0.771,FALSE,"ARS","C9ALS_vs_Control"
"Q9Y5U2","TSSC4",-0.522,0.00957589797552164,0.771,FALSE,"ARS","C9ALS_vs_Control"
"P23526","AHCY",1.31,0.00979006884259991,0.772,FALSE,"ARS","C9ALS_vs_Control"
"O95639","CPSF4",-0.598,0.0097231673858237,0.772,FALSE,"ARS","C9ALS_vs_Control"
"Q9P0L0","VAPA",0.862,0.00981192803173479,0.772,FALSE,"ARS","C9ALS_vs_Control"
"Q8ND24","RNF214",-0.636,0.00994188954489016,0.773,FALSE,"ARS","C9ALS_vs_Control"
"O43602","DCX",0.914,0.0102733164187323,0.774,FALSE,"ARS","C9ALS_vs_Control"
"Q5SSJ5","HP1BP3",-0.695,0.0103462689384411,0.775,FALSE,"ARS","C9ALS_vs_Control"
"Q03001","DST",2.54,0.0106187484619605,0.776,FALSE,"ARS","C9ALS_vs_Control"
"P27448;Q9P0L2","MARK3",-1.25,0.0108326790246514,0.777,FALSE,"ARS","C9ALS_vs_Control"
"P05388;Q8NHW5","RPLP0",0.487,0.0107229175031038,0.777,FALSE,"ARS","C9ALS_vs_Control"
"P35637","FUS",-2.86,0.0112287862364404,0.779,FALSE,"ARS","C9ALS_vs_Control"
"A2NJV5;A0A0A0MRZ7;A0A075B6S2;A0A075B6S6;A0A075B6P5;A0A087WW87;P06310;P01615;P01614;A0A0C4DH68","IGKV A18",-1.21,0.0112985532294167,0.779,FALSE,"ARS","C9ALS_vs_Control"
"Q9Y3C7","MED31",-1.69,0.0114494958612184,0.78,FALSE,"ARS","C9ALS_vs_Control"
"Q86U42;A6NDY0","PABPN1",1.43,0.0114855495267141,0.78,FALSE,"ARS","C9ALS_vs_Control"
"P62873","GNB1",0.799,0.0115849788547451,0.781,FALSE,"ARS","C9ALS_vs_Control"
"Q15696;Q15695","ZRSR2",1.73,0.0117657869026178,0.781,FALSE,"ARS","C9ALS_vs_Control"
"A8CG34","POM121C",-0.501,0.0118435346924898,0.782,FALSE,"ARS","C9ALS_vs_Control"
"P63162;P14678","SNRPN",-0.977,0.0118286261815576,0.782,FALSE,"ARS","C9ALS_vs_Control"
"P53621","COPA",0.601,0.0121312254413502,0.783,FALSE,"ARS","C9ALS_vs_Control"
"P49368","CCT3",0.539,0.0124071790013061,0.784,FALSE,"ARS","C9ALS_vs_Control"
"Q14151","SAFB2",-1.72,0.0124771658913429,0.784,FALSE,"ARS","C9ALS_vs_Control"
"Q9BUR4","WRAP53",-0.716,0.0124427021885176,0.784,FALSE,"ARS","C9ALS_vs_Control"
"P11586","MTHFD1",1.42,0.0125532364305625,0.785,FALSE,"ARS","C9ALS_vs_Control"
"O14497","ARID1A",-0.419,0.0130324530078572,0.786,FALSE,"ARS","C9ALS_vs_Control"
"Q9UJV9","DDX41",1.12,0.0129603281960545,0.786,FALSE,"ARS","C9ALS_vs_Control"
"P13639","EEF2",0.5,0.012952790605923,0.786,FALSE,"ARS","C9ALS_vs_Control"
"Q8IU81","IRF2BP1",-0.845,0.0128367721838308,0.786,FALSE,"ARS","C9ALS_vs_Control"
"P45973","CBX5",-0.618,0.0132642302473218,0.787,FALSE,"ARS","C9ALS_vs_Control"
"Q00403","GTF2B",-0.717,0.0132765836046133,0.787,FALSE,"ARS","C9ALS_vs_Control"
"O94776","MTA2",-0.721,0.0132328601584145,0.787,FALSE,"ARS","C9ALS_vs_Control"
"P18077","RPL35A",0.699,0.0131313007929468,0.787,FALSE,"ARS","C9ALS_vs_Control"
"Q14247","CTTN",1.27,0.0134226186613146,0.788,FALSE,"ARS","C9ALS_vs_Control"
"P05783;CON__Q92764;CON__Q497I4;Q92764;CON__H-INV:HIT000015463","KRT18",-1.95,0.0135808350197191,0.788,FALSE,"ARS","C9ALS_vs_Control"
"P35611","ADD1",0.445,0.013682661672716,0.789,FALSE,"ARS","C9ALS_vs_Control"
"Q7Z7K6","CENPV",-0.646,0.0136371559004279,0.789,FALSE,"ARS","C9ALS_vs_Control"
"Q14739","LBR",-0.741,0.0138421942819041,0.789,FALSE,"ARS","C9ALS_vs_Control"
"P29590","PML",-1.57,0.0139076538977028,0.789,FALSE,"ARS","C9ALS_vs_Control"
"Q9UHB9","SRP68",-0.806,0.0138093923235698,0.789,FALSE,"ARS","C9ALS_vs_Control"
"Q9Y2V2","CARHSP1",-0.467,0.0142908442424122,0.791,FALSE,"ARS","C9ALS_vs_Control"
"Q7L2E3","DHX30",0.555,0.0143265657039554,0.791,FALSE,"ARS","C9ALS_vs_Control"
"P27694","RPA1",0.516,0.0146052984172779,0.792,FALSE,"ARS","C9ALS_vs_Control"
"P62308;A8MWD9","SNRPG",-0.96,0.0150507114984491,0.793,FALSE,"ARS","C9ALS_vs_Control"
"Q9P258","RCC2",-0.931,0.0152511594910475,0.794,FALSE,"ARS","C9ALS_vs_Control"
"P09104","ENO2",-0.805,0.0156618024493116,0.795,FALSE,"ARS","C9ALS_vs_Control"
"Q15233;Q6Y7W6","NONO",-0.759,0.0155564392363912,0.795,FALSE,"ARS","C9ALS_vs_Control"
"P14618;P30613","PKM",0.47,0.0158008923868142,0.795,FALSE,"ARS","C9ALS_vs_Control"
"P62318","SNRPD3",-0.828,0.0160160957110096,0.796,FALSE,"ARS","C9ALS_vs_Control"
"Q9NPE3","NOP10",-0.625,0.0163997230125293,0.797,FALSE,"ARS","C9ALS_vs_Control"
"Q96PK6","RBM14",-0.477,0.016200278411664,0.797,FALSE,"ARS","C9ALS_vs_Control"
"Q9Y2Z0","SUGT1",1.02,0.0162475572294446,0.797,FALSE,"ARS","C9ALS_vs_Control"
"Q9H0D6","XRN2",-1.06,0.0165813958218635,0.798,FALSE,"ARS","C9ALS_vs_Control"
"Q8WTT2","NOC3L",-0.844,0.0176381770400269,0.8,FALSE,"ARS","C9ALS_vs_Control"
"Q13435","SF3B2",-0.412,0.0179623479592489,0.801,FALSE,"ARS","C9ALS_vs_Control"
"Q9UBB9","TFIP11",0.798,0.0179128725347338,0.801,FALSE,"ARS","C9ALS_vs_Control"
"Q9BPU6","DPYSL5",0.438,0.0184492543743671,0.802,FALSE,"ARS","C9ALS_vs_Control"
"Q15149","PLEC",1.99,0.0188283390462667,0.803,FALSE,"ARS","C9ALS_vs_Control"
"Q9H8G2","CAAP1",0.538,0.019368787339018,0.804,FALSE,"ARS","C9ALS_vs_Control"
"Q9P1Y6","PHRF1",-0.356,0.0189595888839413,0.804,FALSE,"ARS","C9ALS_vs_Control"
"P30050","RPL12",0.631,0.0191563988956723,0.804,FALSE,"ARS","C9ALS_vs_Control"
"Q14244","MAP7",-1.38,0.0196867576612263,0.805,FALSE,"ARS","C9ALS_vs_Control"
"Q7Z7C8","TAF8",-0.642,0.0194387768966081,0.805,FALSE,"ARS","C9ALS_vs_Control"
"Q86UE4","MTDH",-1.36,0.0198537736686343,0.806,FALSE,"ARS","C9ALS_vs_Control"
"Q7Z6E9","RBBP6",0.466,0.0199863905426635,0.806,FALSE,"ARS","C9ALS_vs_Control"
"O00154;Q6ZUV0","ACOT7",0.887,0.0210955465043928,0.808,FALSE,"ARS","C9ALS_vs_Control"
"O00571;Q9NQI0","DDX3X",-0.426,0.0210406682427501,0.808,FALSE,"ARS","C9ALS_vs_Control"
"Q8ND56","LSM14A",0.919,0.0209981881076289,0.808,FALSE,"ARS","C9ALS_vs_Control"
"Q9Y230","RUVBL2",1.47,0.0208440085309213,0.808,FALSE,"ARS","C9ALS_vs_Control"
"Q15796;P84022;Q99717;O15198","SMAD2",1.26,0.0210078552342324,0.808,FALSE,"ARS","C9ALS_vs_Control"
"P10599","TXN",-0.615,0.0210248155919562,0.808,FALSE,"ARS","C9ALS_vs_Control"
"O95782","AP2A1",0.608,0.0214547241785667,0.809,FALSE,"ARS","C9ALS_vs_Control"
"Q99879","HIST1H2BM",-0.533,0.0216430743492502,0.809,FALSE,"ARS","C9ALS_vs_Control"
"Q00325","SLC25A3",0.48,0.0215449226219514,0.809,FALSE,"ARS","C9ALS_vs_Control"
"Q8IYB3","SRRM1",0.502,0.0215525199965224,0.809,FALSE,"ARS","C9ALS_vs_Control"
"P68400;Q8NEV1","CSNK2A1",-0.63,0.0221159578204062,0.81,FALSE,"ARS","C9ALS_vs_Control"
"P52701","MSH6",-0.527,0.0220578386563984,0.81,FALSE,"ARS","C9ALS_vs_Control"
"P63261","ACTG1",3.88,0.0226214493391124,0.811,FALSE,"ARS","C9ALS_vs_Control"
"P06753","TPM3",0.831,0.0223617792631304,0.811,FALSE,"ARS","C9ALS_vs_Control"
"Q99829","CPNE1",-0.39,0.0234414207599395,0.812,FALSE,"ARS","C9ALS_vs_Control"
"Q96GQ7","DDX27",-0.575,0.0232960454069609,0.812,FALSE,"ARS","C9ALS_vs_Control"
"P11171","EPB41",-0.39,0.0229760134246698,0.812,FALSE,"ARS","C9ALS_vs_Control"
"P67936;Q2TAC2","TPM4",0.707,0.023162623271441,0.812,FALSE,"ARS","C9ALS_vs_Control"
"P07910;O60812;B2RXH8;P0DMR1;B7ZW38","HNRNPC",-0.602,0.0236169928065174,0.813,FALSE,"ARS","C9ALS_vs_Control"
"P50454","SERPINH1",-0.443,0.0235903916730592,0.813,FALSE,"ARS","C9ALS_vs_Control"
"O95292","VAPB",1.11,0.0237213154916714,0.813,FALSE,"ARS","C9ALS_vs_Control"
"P35232","PHB",-0.426,0.0242924553242414,0.814,FALSE,"ARS","C9ALS_vs_Control"
"Q1ED39","KNOP1",0.837,0.0246974443667069,0.815,FALSE,"ARS","C9ALS_vs_Control"
"P78316","NOP14",-0.766,0.0252343648751547,0.815,FALSE,"ARS","C9ALS_vs_Control"
"Q9UBC0;O60422;O95948","ONECUT1",0.533,0.0251170577848692,0.815,FALSE,"ARS","C9ALS_vs_Control"
"Q92925","SMARCD2",-1.14,0.0246465519457816,0.815,FALSE,"ARS","C9ALS_vs_Control"
"P61129","ZC3H6",-0.436,0.0246503363872004,0.815,FALSE,"ARS","C9ALS_vs_Control"
"P53396","ACLY",1.14,0.0258582027806566,0.816,FALSE,"ARS","C9ALS_vs_Control"
"P51608","MECP2",-0.978,0.0254159805093018,0.816,FALSE,"ARS","C9ALS_vs_Control"
"Q14498;Q86U06","RBM39",0.469,0.0255788698861693,0.816,FALSE,"ARS","C9ALS_vs_Control"
"P83881","RPL36A",0.645,0.0254306603750705,0.816,FALSE,"ARS","C9ALS_vs_Control"
"Q9UPN6","SCAF8",-0.522,0.0253527195645461,0.816,FALSE,"ARS","C9ALS_vs_Control"
"Q96CT7","CCDC124",-1.32,0.0263527536141995,0.817,FALSE,"ARS","C9ALS_vs_Control"
"Q9UPY3","DICER1",-0.429,0.0263712953850707,0.817,FALSE,"ARS","C9ALS_vs_Control"
"P35658","NUP214",0.434,0.0265348288851746,0.817,FALSE,"ARS","C9ALS_vs_Control"
"P00558;P07205","PGK1",0.556,0.0261861716381959,0.817,FALSE,"ARS","C9ALS_vs_Control"
"P67809;Q9Y2T7","YBX1",0.538,0.0261875592226173,0.817,FALSE,"ARS","C9ALS_vs_Control"
"O15075","DCLK1",0.595,0.0269461157299269,0.818,FALSE,"ARS","C9ALS_vs_Control"
"O43491","EPB41L2",0.416,0.0268154061171347,0.818,FALSE,"ARS","C9ALS_vs_Control"
"Q15084","PDIA6",0.414,0.02714806567012,0.818,FALSE,"ARS","C9ALS_vs_Control"
"P30044","PRDX5",-0.499,0.0268494619556925,0.818,FALSE,"ARS","C9ALS_vs_Control"
"P23246","SFPQ",-0.76,0.027125095882578,0.818,FALSE,"ARS","C9ALS_vs_Control"
"P62314","SNRPD1",-0.705,0.0269937454861724,0.818,FALSE,"ARS","C9ALS_vs_Control"
"Q6NZY4","ZCCHC8",-0.372,0.027175068065813,0.818,FALSE,"ARS","C9ALS_vs_Control"
"A6NFI3;Q8N9L1;Q14872","ZNF316",0.752,0.026577950567756,0.818,FALSE,"ARS","C9ALS_vs_Control"
"O95402","MED26",-1.02,0.0278623752807935,0.819,FALSE,"ARS","C9ALS_vs_Control"
"P62266","RPS23",0.755,0.0277960767873187,0.819,FALSE,"ARS","C9ALS_vs_Control"
"Q9UHR5","SAP30BP",0.827,0.0274406520392248,0.819,FALSE,"ARS","C9ALS_vs_Control"
"P09234","SNRPC",-0.885,0.0272806640101034,0.819,FALSE,"ARS","C9ALS_vs_Control"
"Q8WXA9","SREK1",0.606,0.0277717329040276,0.819,FALSE,"ARS","C9ALS_vs_Control"
"Q9Y6A4","CFAP20",-1.81,0.0280408369783562,0.82,FALSE,"ARS","C9ALS_vs_Control"
"P49327","FASN",1.31,0.0280339069787245,0.82,FALSE,"ARS","C9ALS_vs_Control"
"Q96A72","MAGOHB",0.709,0.0286111044755076,0.82,FALSE,"ARS","C9ALS_vs_Control"
"P50914","RPL14",0.528,0.028172822597045,0.82,FALSE,"ARS","C9ALS_vs_Control"
"Q9UGI8","TES",-1.67,0.0282866171550272,0.82,FALSE,"ARS","C9ALS_vs_Control"
"Q86V81","ALYREF",0.441,0.029082102111625,0.821,FALSE,"ARS","C9ALS_vs_Control"
"Q15334","LLGL1",0.591,0.0287489766047193,0.821,FALSE,"ARS","C9ALS_vs_Control"
"P12956","XRCC6",-0.499,0.0290582430621414,0.821,FALSE,"ARS","C9ALS_vs_Control"
"O60244","MED14",-1.83,0.0296172843918926,0.822,FALSE,"ARS","C9ALS_vs_Control"
"Q86TG7","PEG10",0.592,0.0295898217879014,0.822,FALSE,"ARS","C9ALS_vs_Control"
"P62306","SNRPF",-0.761,0.0297222592379388,0.822,FALSE,"ARS","C9ALS_vs_Control"
"O75534","CSDE1",0.423,0.0304600601731913,0.823,FALSE,"ARS","C9ALS_vs_Control"
"P11142;P54652","HSPA8",0.692,0.0304612971065293,0.823,FALSE,"ARS","C9ALS_vs_Control"
"P62304","SNRPE",-0.758,0.0307131423524763,0.823,FALSE,"ARS","C9ALS_vs_Control"
"Q96AY4","TTC28",-1.12,0.0304798785813168,0.823,FALSE,"ARS","C9ALS_vs_Control"
"P17096","HMGA1",-2.4,0.0314073059170827,0.824,FALSE,"ARS","C9ALS_vs_Control"
"P29375","KDM5A",-0.871,0.0317354232345956,0.824,FALSE,"ARS","C9ALS_vs_Control"
"P84103","SRSF3",0.749,0.0311518294265816,0.824,FALSE,"ARS","C9ALS_vs_Control"
"Q13148","TARDBP",-0.601,0.0313974067401699,0.824,FALSE,"ARS","C9ALS_vs_Control"
"Q14671","PUM1",0.36,0.0324942294233368,0.825,FALSE,"ARS","C9ALS_vs_Control"
"Q9Y5B9","SUPT16H",-1.27,0.0320423029328516,0.825,FALSE,"ARS","C9ALS_vs_Control"
"P47813","EIF1AX",-1.2,0.0328076236722668,0.826,FALSE,"ARS","C9ALS_vs_Control"
"P38919","EIF4A3",0.327,0.033035648772803,0.826,FALSE,"ARS","C9ALS_vs_Control"
"P51114","FXR1",0.54,0.0344687574476919,0.827,FALSE,"ARS","C9ALS_vs_Control"
"Q9BRR8","GPATCH1",0.358,0.0336881919678778,0.827,FALSE,"ARS","C9ALS_vs_Control"
"Q8WVC0","LEO1",-1.14,0.03378201183953,0.827,FALSE,"ARS","C9ALS_vs_Control"
"Q9BX40","LSM14B",0.528,0.0344665008020322,0.827,FALSE,"ARS","C9ALS_vs_Control"
"Q9Y4Z0","LSM4",-0.465,0.034067474396616,0.827,FALSE,"ARS","C9ALS_vs_Control"
"Q9Y5B6","PAXBP1",0.576,0.0340986218518308,0.827,FALSE,"ARS","C9ALS_vs_Control"
"O94906","PRPF6",-0.314,0.0343319317666459,0.827,FALSE,"ARS","C9ALS_vs_Control"
"P49588","AARS",0.978,0.0347630000559341,0.828,FALSE,"ARS","C9ALS_vs_Control"
"P27635;Q96L21","RPL10",0.413,0.0352989477128992,0.828,FALSE,"ARS","C9ALS_vs_Control"
"Q9H9J4","USP42",-0.934,0.0347230763194065,0.828,FALSE,"ARS","C9ALS_vs_Control"
"Q9NZT1","CALML5",-0.71,0.0357842439131923,0.829,FALSE,"ARS","C9ALS_vs_Control"
"O75909","CCNK",-0.614,0.0354477169002793,0.829,FALSE,"ARS","C9ALS_vs_Control"
"P78344","EIF4G2",0.447,0.0356513834811049,0.829,FALSE,"ARS","C9ALS_vs_Control"
"Q9Y314","NOSIP",-0.882,0.035442952943577,0.829,FALSE,"ARS","C9ALS_vs_Control"
"Q8TEM1","NUP210",-0.62,0.035885428912081,0.829,FALSE,"ARS","C9ALS_vs_Control"
"P05387","RPLP2",0.957,0.0364093397868115,0.829,FALSE,"ARS","C9ALS_vs_Control"
"Q05519","SRSF11",0.367,0.0357507370835207,0.829,FALSE,"ARS","C9ALS_vs_Control"
"Q8NI27","THOC2",-1.3,0.03673874397143,0.83,FALSE,"ARS","C9ALS_vs_Control"
"Q14152","EIF3A",-0.683,0.0378213921913149,0.831,FALSE,"ARS","C9ALS_vs_Control"
"Q16555","DPYSL2",0.593,0.0388808016575003,0.832,FALSE,"ARS","C9ALS_vs_Control"
"P04264","KRT1",-1.68,0.0392173226122817,0.832,FALSE,"ARS","C9ALS_vs_Control"
"P08559;P29803","PDHA1",0.485,0.0385063017493948,0.832,FALSE,"ARS","C9ALS_vs_Control"
"P50542","PEX5",0.474,0.0387405502991545,0.832,FALSE,"ARS","C9ALS_vs_Control"
"Q8IWS0","PHF6",-1.79,0.03950126559525,0.832,FALSE,"ARS","C9ALS_vs_Control"
"Q5JSZ5","PRRC2B",-0.98,0.0395143748840268,0.832,FALSE,"ARS","C9ALS_vs_Control"
"Q9NUD5","ZCCHC3",0.68,0.0391841912433554,0.832,FALSE,"ARS","C9ALS_vs_Control"
"Q13838","DDX39B",0.666,0.0399398891787428,0.833,FALSE,"ARS","C9ALS_vs_Control"
"Q7Z417","NUFIP2",0.329,0.0401013992869442,0.833,FALSE,"ARS","C9ALS_vs_Control"
"Q6GYQ0","RALGAPA1",-0.314,0.0401507645211049,0.833,FALSE,"ARS","C9ALS_vs_Control"
"P49792;O14715;Q99666","RANBP2",0.411,0.0397700422193649,0.833,FALSE,"ARS","C9ALS_vs_Control"
"P18887","XRCC1",-1.14,0.0397533758152747,0.833,FALSE,"ARS","C9ALS_vs_Control"
"Q9P2Y4","ZNF219",-1.81,0.0406121154075272,0.833,FALSE,"ARS","C9ALS_vs_Control"
"Q66PJ3","ARL6IP4",0.343,0.0417359115229368,0.834,FALSE,"ARS","C9ALS_vs_Control"
"P56537","EIF6",-0.888,0.0408988277832232,0.834,FALSE,"ARS","C9ALS_vs_Control"
"P63244","GNB2L1",-1.06,0.0413371067672146,0.834,FALSE,"ARS","C9ALS_vs_Control"
"Q9P2R6","RERE",0.842,0.0418056857158309,0.834,FALSE,"ARS","C9ALS_vs_Control"
"O60841;Q9H2L5","EIF5B",-0.496,0.0420915698794695,0.835,FALSE,"ARS","C9ALS_vs_Control"
"Q13330","MTA1",-0.567,0.0429967773677181,0.835,FALSE,"ARS","C9ALS_vs_Control"
"Q9UGY1","NOL12",-1.15,0.0424075288341723,0.835,FALSE,"ARS","C9ALS_vs_Control"
"Q9BXP5","SRRT",-0.873,0.0420911549112039,0.835,FALSE,"ARS","C9ALS_vs_Control"
"P50402","EMD",0.933,0.0440157079630972,0.836,FALSE,"ARS","C9ALS_vs_Control"
"Q8N1G4","LRRC47",-0.545,0.044030946943021,0.836,FALSE,"ARS","C9ALS_vs_Control"
"Q15393","SF3B3",0.666,0.0451856746079198,0.837,FALSE,"ARS","C9ALS_vs_Control"
"E9PRG8","C11orf98",0.501,0.0461630495474728,0.838,FALSE,"ARS","C9ALS_vs_Control"
"O43290","SART1",-0.471,0.0458555311533734,0.838,FALSE,"ARS","C9ALS_vs_Control"
"P53999","SUB1",-0.376,0.0467246281678263,0.838,FALSE,"ARS","C9ALS_vs_Control"
"Q9HCE1","MOV10",-0.55,0.0479513096007247,0.839,FALSE,"ARS","C9ALS_vs_Control"
"Q96HS1","PGAM5",-0.306,0.0474698487981699,0.839,FALSE,"ARS","C9ALS_vs_Control"
"Q96I25","RBM17",-0.331,0.0483549345793044,0.839,FALSE,"ARS","C9ALS_vs_Control"
"Q12888","TP53BP1",-0.347,0.0483553041561114,0.839,FALSE,"ARS","C9ALS_vs_Control"
"Q10570","CPSF1",0.603,0.0486640632158243,0.84,FALSE,"ARS","C9ALS_vs_Control"
"P35268","RPL22",-0.358,0.0494542291882793,0.84,FALSE,"ARS","C9ALS_vs_Control"
"P62851","RPS25",-0.469,0.049861215910977,0.84,FALSE,"ARS","C9ALS_vs_Control"
"O60832","DKC1",-0.341,0.0510731445336044,0.841,FALSE,"ARS","C9ALS_vs_Control"
"Q12906","ILF3",-0.439,0.0510994720507897,0.841,FALSE,"ARS","C9ALS_vs_Control"
"Q99873;Q9NR22","PRMT1",0.62,0.0500340147370993,0.841,FALSE,"ARS","C9ALS_vs_Control"
"Q9NUL3","STAU2",0.306,0.0508441689510838,0.841,FALSE,"ARS","C9ALS_vs_Control"
"O15027","SEC16A",-0.392,0.0523808876722189,0.842,FALSE,"ARS","C9ALS_vs_Control"
"Q8WVK2","SNRNP27",1.14,0.0528982918947039,0.842,FALSE,"ARS","C9ALS_vs_Control"
"Q8N163","CCAR2",-0.384,0.0533754626234435,0.843,FALSE,"ARS","C9ALS_vs_Control"
"Q9Y265","RUVBL1",0.612,0.0540153278171536,0.843,FALSE,"ARS","C9ALS_vs_Control"
"Q8IX12","CCAR1",-0.967,0.0557530729803058,0.844,FALSE,"ARS","C9ALS_vs_Control"
"P17677","GAP43",-0.413,0.054719484028377,0.844,FALSE,"ARS","C9ALS_vs_Control"
"Q8WXF1","PSPC1",-0.833,0.0557319866378334,0.844,FALSE,"ARS","C9ALS_vs_Control"
"P28370","SMARCA1",-0.757,0.0555163417711234,0.844,FALSE,"ARS","C9ALS_vs_Control"
"Q13367","AP3B2",-0.445,0.0579988014476867,0.845,FALSE,"ARS","C9ALS_vs_Control"
"Q68CP9","ARID2",-0.385,0.0565696829626211,0.845,FALSE,"ARS","C9ALS_vs_Control"
"P31939","ATIC",0.666,0.0577131347621503,0.845,FALSE,"ARS","C9ALS_vs_Control"
"Q9Y3Y2","CHTOP",0.436,0.0572889936967894,0.845,FALSE,"ARS","C9ALS_vs_Control"
"Q6ZN04","MEX3B",0.413,0.0569005972996444,0.845,FALSE,"ARS","C9ALS_vs_Control"
"P24666","ACP1",0.465,0.0584317660369761,0.846,FALSE,"ARS","C9ALS_vs_Control"
"Q15648","MED1",-1.02,0.0592315884583265,0.846,FALSE,"ARS","C9ALS_vs_Control"
"Q9UNX3","RPL26L1",-0.694,0.0586236345500025,0.846,FALSE,"ARS","C9ALS_vs_Control"
"Q9H4L4","SENP3",-0.663,0.0583189201733878,0.846,FALSE,"ARS","C9ALS_vs_Control"
"Q7Z2W4","ZC3HAV1",-0.469,0.0597878303924974,0.846,FALSE,"ARS","C9ALS_vs_Control"
"Q08554","DSC1",-0.987,0.0609698641653218,0.847,FALSE,"ARS","C9ALS_vs_Control"
"Q15717","ELAVL1",0.646,0.0606832300225176,0.847,FALSE,"ARS","C9ALS_vs_Control"
"O14949","UQCRQ",-1.15,0.0601416671848061,0.847,FALSE,"ARS","C9ALS_vs_Control"
"P81605","DCD",-0.583,0.0626960902734948,0.848,FALSE,"ARS","C9ALS_vs_Control"
"Q9H5Z1","DHX35",0.314,0.0634364233990826,0.848,FALSE,"ARS","C9ALS_vs_Control"
"P26641","EEF1G",0.281,0.0634700781619026,0.848,FALSE,"ARS","C9ALS_vs_Control"
"Q9BU76","MMTAG2",0.367,0.0629554222412459,0.848,FALSE,"ARS","C9ALS_vs_Control"
"Q99959","PKP2",-0.452,0.063139983045259,0.848,FALSE,"ARS","C9ALS_vs_Control"
"P20020;Q01814;Q16720","ATP2B1",0.607,0.0647860462546893,0.849,FALSE,"ARS","C9ALS_vs_Control"
"Q96A65","EXOC4",-0.372,0.063829620298035,0.849,FALSE,"ARS","C9ALS_vs_Control"
"Q49A26","GLYR1",-1.19,0.0657762733044162,0.849,FALSE,"ARS","C9ALS_vs_Control"
"Q9Y4Y9","LSM5",-0.436,0.0643511216294933,0.849,FALSE,"ARS","C9ALS_vs_Control"
"Q15287","RNPS1",0.466,0.0640969929118671,0.849,FALSE,"ARS","C9ALS_vs_Control"
"Q6UXN9","WDR82",-0.529,0.0638534409826157,0.849,FALSE,"ARS","C9ALS_vs_Control"
"Q9UPT8","ZC3H4",-0.432,0.064822748890547,0.849,FALSE,"ARS","C9ALS_vs_Control"
"Q8NE71","ABCF1",-0.56,0.0669520672803637,0.85,FALSE,"ARS","C9ALS_vs_Control"
"Q01844","EWSR1",-1.01,0.0659493060347287,0.85,FALSE,"ARS","C9ALS_vs_Control"
"P16401","HIST1H1B",-0.738,0.0665022110603833,0.85,FALSE,"ARS","C9ALS_vs_Control"
"Q96G61;Q8NFP7;A0A024RBG1;Q9NZJ9;O95989","NUDT11",0.916,0.06765903193509,0.85,FALSE,"ARS","C9ALS_vs_Control"
"P62424","RPL7A",0.327,0.0674924503920797,0.85,FALSE,"ARS","C9ALS_vs_Control"
"P42166","TMPO",-0.329,0.0673958321841056,0.85,FALSE,"ARS","C9ALS_vs_Control"
"Q14103","HNRNPD",0.543,0.0698463720754438,0.851,FALSE,"ARS","C9ALS_vs_Control"
"P07355;A6NMY6","ANXA2",-0.486,0.0718738590911128,0.852,FALSE,"ARS","C9ALS_vs_Control"
"Q86YR5","GPSM1",-0.309,0.0709466753327661,0.852,FALSE,"ARS","C9ALS_vs_Control"
"O00567","NOP56",-0.482,0.0720755277720795,0.852,FALSE,"ARS","C9ALS_vs_Control"
"Q8WX93;Q86TC9","PALLD",1.61,0.0712250217539972,0.852,FALSE,"ARS","C9ALS_vs_Control"
"Q9BYK8","HELZ2",-0.465,0.0748289287624429,0.853,FALSE,"ARS","C9ALS_vs_Control"
"P31942","HNRNPH3",0.979,0.0734364260274225,0.853,FALSE,"ARS","C9ALS_vs_Control"
"Q3B7J2","GFOD2",0.713,0.0768650166145435,0.854,FALSE,"ARS","C9ALS_vs_Control"
"Q9ULI4","KIF26A",-0.62,0.0765130745907084,0.854,FALSE,"ARS","C9ALS_vs_Control"
"Q96JE9","MAP6",0.443,0.0754687861998379,0.854,FALSE,"ARS","C9ALS_vs_Control"
"Q15843","NEDD8",-0.541,0.0749250929999157,0.854,FALSE,"ARS","C9ALS_vs_Control"
"Q9UHX1","PUF60",0.448,0.0763436938473994,0.854,FALSE,"ARS","C9ALS_vs_Control"
"Q9BRS2","RIOK1",-0.651,0.0773381478581707,0.854,FALSE,"ARS","C9ALS_vs_Control"
"O60506","SYNCRIP",-0.433,0.0749936799600258,0.854,FALSE,"ARS","C9ALS_vs_Control"
"Q00610;P53675","CLTC",0.435,0.0789119734545258,0.855,FALSE,"ARS","C9ALS_vs_Control"
"Q9BQ39","DDX50",-0.293,0.0797227606167053,0.855,FALSE,"ARS","C9ALS_vs_Control"
"Q14318","FKBP8",0.404,0.0794490354487121,0.855,FALSE,"ARS","C9ALS_vs_Control"
"Q14254","FLOT2",-0.423,0.0789983134672594,0.855,FALSE,"ARS","C9ALS_vs_Control"
"Q9UN86","G3BP2",0.44,0.079029998362448,0.855,FALSE,"ARS","C9ALS_vs_Control"
"Q2Q1W2","TRIM71",0.605,0.077930034103499,0.855,FALSE,"ARS","C9ALS_vs_Control"
"P61981","YWHAG",1.4,0.0779055030856665,0.855,FALSE,"ARS","C9ALS_vs_Control"
"O15014","ZNF609",-0.765,0.0779758700894851,0.855,FALSE,"ARS","C9ALS_vs_Control"
"Q99996","AKAP9",1.14,0.0811043738879308,0.856,FALSE,"ARS","C9ALS_vs_Control"
"Q9NYF8","BCLAF1",-0.41,0.0808083640329795,0.856,FALSE,"ARS","C9ALS_vs_Control"
"Q9P2I0","CPSF2",-0.402,0.0824063710343245,0.856,FALSE,"ARS","C9ALS_vs_Control"
"P27816","MAP4",0.509,0.0808974167349701,0.856,FALSE,"ARS","C9ALS_vs_Control"
"P37108","SRP14",0.505,0.0820297529622872,0.856,FALSE,"ARS","C9ALS_vs_Control"
"Q92900","UPF1",0.322,0.0807670439449633,0.856,FALSE,"ARS","C9ALS_vs_Control"
"P26378","ELAVL4",0.527,0.085170696611453,0.857,FALSE,"ARS","C9ALS_vs_Control"
"C9JLW8","FAM195B",0.787,0.0843947078448011,0.857,FALSE,"ARS","C9ALS_vs_Control"
"P48634","PRRC2A",-0.555,0.0853569080436008,0.857,FALSE,"ARS","C9ALS_vs_Control"
"P31946","YWHAB",0.437,0.0840991444958345,0.857,FALSE,"ARS","C9ALS_vs_Control"
"Q9BZJ0","CRNKL1",0.442,0.0871663568843253,0.858,FALSE,"ARS","C9ALS_vs_Control"
"O00622","CYR61",1.05,0.0872283376204944,0.858,FALSE,"ARS","C9ALS_vs_Control"
"Q7L014","DDX46",0.373,0.0861614816974463,0.858,FALSE,"ARS","C9ALS_vs_Control"
"Q71UI9;P0C0S5","H2AFV",-0.604,0.087751566960125,0.858,FALSE,"ARS","C9ALS_vs_Control"
"P52597","HNRNPF",0.611,0.0869346478543352,0.858,FALSE,"ARS","C9ALS_vs_Control"
"O00268;Q92750","TAF4",-0.324,0.0859246897358219,0.858,FALSE,"ARS","C9ALS_vs_Control"
"Q8IZH2","XRN1",1.01,0.0878906342116314,0.858,FALSE,"ARS","C9ALS_vs_Control"
"P13637","ATP1A3",-0.454,0.0899442012855989,0.859,FALSE,"ARS","C9ALS_vs_Control"
"P09429;B2RPK0","HMGB1",-0.599,0.0908310123864594,0.859,FALSE,"ARS","C9ALS_vs_Control"
"Q5VWQ0","RSBN1",-0.246,0.0913351170416183,0.859,FALSE,"ARS","C9ALS_vs_Control"
"P13010","XRCC5",-0.43,0.0908916775281908,0.859,FALSE,"ARS","C9ALS_vs_Control"
"P33240","CSTF2",-0.477,0.0921242899975087,0.86,FALSE,"ARS","C9ALS_vs_Control"
"Q9Y6G9","DYNC1LI1",0.628,0.0926921663224551,0.86,FALSE,"ARS","C9ALS_vs_Control"
"Q12789","GTF3C1",-0.276,0.094356535696732,0.86,FALSE,"ARS","C9ALS_vs_Control"
"P30101","PDIA3",0.345,0.0919737196733117,0.86,FALSE,"ARS","C9ALS_vs_Control"
"P63104","YWHAZ",0.34,0.0919078836166792,0.86,FALSE,"ARS","C9ALS_vs_Control"
"Q9NPI1","BRD7",-0.372,0.095208277601517,0.861,FALSE,"ARS","C9ALS_vs_Control"
"Q15029","EFTUD2",0.623,0.0964690171557452,0.861,FALSE,"ARS","C9ALS_vs_Control"
"Q9HCM4","EPB41L5",0.901,0.0971274058687368,0.861,FALSE,"ARS","C9ALS_vs_Control"
"P46821","MAP1B",-0.3,0.0956373525981691,0.861,FALSE,"ARS","C9ALS_vs_Control"
"Q13523","PRPF4B",-0.245,0.0980361554585709,0.861,FALSE,"ARS","C9ALS_vs_Control"
"P62913","RPL11",0.304,0.0966008336704222,0.861,FALSE,"ARS","C9ALS_vs_Control"
"Q15545","TAF7",-1.04,0.0981255238964833,0.861,FALSE,"ARS","C9ALS_vs_Control"
"Q92616","GCN1L1",0.483,0.0985890415801323,0.862,FALSE,"ARS","C9ALS_vs_Control"
"Q9BVP2","GNL3",-0.315,0.0985915867352471,0.862,FALSE,"ARS","C9ALS_vs_Control"
"P62310","LSM3",-0.371,0.0986706492161174,0.862,FALSE,"ARS","C9ALS_vs_Control"
"O43395","PRPF3",0.475,0.100767184674154,0.862,FALSE,"ARS","C9ALS_vs_Control"
"Q03701","CEBPZ",-0.782,0.10389536129378,0.863,FALSE,"ARS","C9ALS_vs_Control"
"O75955","FLOT1",-0.418,0.102698424197715,0.863,FALSE,"ARS","C9ALS_vs_Control"
"Q9UNF1","MAGED2",-0.558,0.103373762555195,0.863,FALSE,"ARS","C9ALS_vs_Control"
"Q15102","PAFAH1B3",1.2,0.103102322440441,0.863,FALSE,"ARS","C9ALS_vs_Control"
"P62195;Q8NB90","PSMC5",0.54,0.101731128607929,0.863,FALSE,"ARS","C9ALS_vs_Control"
"Q16594","TAF9",-0.316,0.102914666741204,0.863,FALSE,"ARS","C9ALS_vs_Control"
"Q12816","TRO",-0.269,0.102168367486579,0.863,FALSE,"ARS","C9ALS_vs_Control"
"Q9NZB2","FAM120A",0.25,0.106167952780319,0.864,FALSE,"ARS","C9ALS_vs_Control"
"P52948","NUP98",-0.279,0.106526677633722,0.864,FALSE,"ARS","C9ALS_vs_Control"
"P52209","PGD",0.472,0.106529275694706,0.864,FALSE,"ARS","C9ALS_vs_Control"
"P62906","RPL10A",0.47,0.108890964269388,0.864,FALSE,"ARS","C9ALS_vs_Control"
"P38432","COIL",0.328,0.111886661835666,0.865,FALSE,"ARS","C9ALS_vs_Control"
"P49674","CSNK1E",-0.3,0.112617604891566,0.865,FALSE,"ARS","C9ALS_vs_Control"
"Q07020","RPL18",0.233,0.111691735620631,0.865,FALSE,"ARS","C9ALS_vs_Control"
"P62917","RPL8",0.439,0.111882004554149,0.865,FALSE,"ARS","C9ALS_vs_Control"
"Q8IX18","DHX40",-0.626,0.116582152373101,0.866,FALSE,"ARS","C9ALS_vs_Control"
"Q9NY12","GAR1",-0.35,0.115861967360135,0.866,FALSE,"ARS","C9ALS_vs_Control"
"Q96JB3","HIC2",-0.455,0.116484117645493,0.866,FALSE,"ARS","C9ALS_vs_Control"
"P20700","LMNB1",0.617,0.114018049281439,0.866,FALSE,"ARS","C9ALS_vs_Control"
"Q9UIS9","MBD1",-0.461,0.113517679393211,0.866,FALSE,"ARS","C9ALS_vs_Control"
"P07237","P4HB",-0.791,0.116729243499425,0.866,FALSE,"ARS","C9ALS_vs_Control"
"Q8TF01","PNISR",0.367,0.114887767890074,0.866,FALSE,"ARS","C9ALS_vs_Control"
"P08621","SNRNP70",-0.735,0.113837002095804,0.866,FALSE,"ARS","C9ALS_vs_Control"
"Q13243","SRSF5",0.345,0.118635918746553,0.867,FALSE,"ARS","C9ALS_vs_Control"
"Q96MX3;Q6ZT77;P52743;O75840;Q96N95;P57682;Q9H4T2;Q15973;Q9Y4X4;Q8N859;Q8IZC7;Q8N8L2;Q13887;Q96BR6;Q13360;C9JN71;Q14584;Q9UC07;P36508;Q8NDW4;Q86XU0;Q96RE9;Q9NPC7;P16415;Q7Z7L9;Q9H7R0;Q8N972;O95125;Q2M218;P15621;Q9Y2A4;O14978;Q99676;Q9HBT7;P51814","ZNF48",-0.276,0.118142965808103,0.867,FALSE,"ARS","C9ALS_vs_Control"
"P21127;Q9UQ88;Q13882","CDK11B",-0.21,0.123815665111892,0.868,FALSE,"ARS","C9ALS_vs_Control"
"P29762","CRABP1",0.39,0.122430203957734,0.868,FALSE,"ARS","C9ALS_vs_Control"
"Q92499","DDX1",0.84,0.124426948310726,0.868,FALSE,"ARS","C9ALS_vs_Control"
"Q14195;Q14117","DPYSL3",0.426,0.12191892070133,0.868,FALSE,"ARS","C9ALS_vs_Control"
"Q96I24","FUBP3",0.394,0.125892166037886,0.868,FALSE,"ARS","C9ALS_vs_Control"
"Q9P2E9;REV__Q9P2M7","RRBP1",-1.07,0.12360995905676,0.868,FALSE,"ARS","C9ALS_vs_Control"
"P0DN76;Q01081;Q8WU68","U2AF1",-0.728,0.122784845794003,0.868,FALSE,"ARS","C9ALS_vs_Control"
"Q8IUX7;Q8N436","AEBP1",0.743,0.126754590846354,0.869,FALSE,"ARS","C9ALS_vs_Control"
"Q2TBE0","CWF19L2",0.292,0.129598802751943,0.869,FALSE,"ARS","C9ALS_vs_Control"
"Q16576","RBBP7",-0.271,0.129878156613843,0.869,FALSE,"ARS","C9ALS_vs_Control"
"P61978","HNRNPK",-0.316,0.134328026159308,0.87,FALSE,"ARS","C9ALS_vs_Control"
"P10809","HSPD1",-0.892,0.135665347871916,0.87,FALSE,"ARS","C9ALS_vs_Control"
"P62937;P0DN26;A0A0B4J2A2;A0A075B767;A0A075B759;Q9Y536;F5H284;P0DN37","PPIA",0.306,0.135889430626564,0.87,FALSE,"ARS","C9ALS_vs_Control"
"O43242","PSMD3",0.677,0.133583475927881,0.87,FALSE,"ARS","C9ALS_vs_Control"
"O43251;Q9NWB1;A6NFN3","RBFOX2",-0.337,0.13222067849497,0.87,FALSE,"ARS","C9ALS_vs_Control"
"Q9BWF3","RBM4",-0.279,0.131730952750698,0.87,FALSE,"ARS","C9ALS_vs_Control"
"P08708","RPS17",-0.383,0.133437300758415,0.87,FALSE,"ARS","C9ALS_vs_Control"
"O95793","STAU1",0.234,0.135178186118935,0.87,FALSE,"ARS","C9ALS_vs_Control"
"P11387;Q969P6","TOP1",0.384,0.13295416680242,0.87,FALSE,"ARS","C9ALS_vs_Control"
"Q53F19","C17orf85",0.413,0.14064818535905,0.871,FALSE,"ARS","C9ALS_vs_Control"
"Q14194","CRMP1",0.376,0.138929061736633,0.871,FALSE,"ARS","C9ALS_vs_Control"
"Q9Y2J2","EPB41L3",-1.09,0.136824609497849,0.871,FALSE,"ARS","C9ALS_vs_Control"
"Q93077;Q7L7L0;P04908","HIST1H2AC",-0.505,0.137798299168762,0.871,FALSE,"ARS","C9ALS_vs_Control"
"P52272","HNRNPM",-0.456,0.13695574522305,0.871,FALSE,"ARS","C9ALS_vs_Control"
"Q99733","NAP1L4",0.316,0.139348759338627,0.871,FALSE,"ARS","C9ALS_vs_Control"
"Q9UKV3","ACIN1",-0.324,0.146446636149494,0.872,FALSE,"ARS","C9ALS_vs_Control"
"Q16777;Q6FI13","HIST2H2AC",-0.468,0.143769088652167,0.872,FALSE,"ARS","C9ALS_vs_Control"
"O14979","HNRNPDL",0.522,0.143298662892631,0.872,FALSE,"ARS","C9ALS_vs_Control"
"Q96GA3","LTV1",-0.298,0.145185267907699,0.872,FALSE,"ARS","C9ALS_vs_Control"
"Q96GM5;Q6STE5","SMARCD1",-0.389,0.142161506009777,0.872,FALSE,"ARS","C9ALS_vs_Control"
"O75643","SNRNP200",-0.349,0.144243946242556,0.872,FALSE,"ARS","C9ALS_vs_Control"
"O00170","AIP",-0.316,0.148412440891319,0.873,FALSE,"ARS","C9ALS_vs_Control"
"Q8WWM7","ATXN2L",-0.241,0.152023133158512,0.873,FALSE,"ARS","C9ALS_vs_Control"
"Q9H8M2","BRD9",-0.242,0.149527304921241,0.873,FALSE,"ARS","C9ALS_vs_Control"
"Q5SW79;Q96L14;Q00G26","CEP170",-0.307,0.151490554404124,0.873,FALSE,"ARS","C9ALS_vs_Control"
"P61026","RAB10",0.43,0.149560273153847,0.873,FALSE,"ARS","C9ALS_vs_Control"
"P42677","RPS27",-1.99,0.146929068942892,0.873,FALSE,"ARS","C9ALS_vs_Control"
"A7MD48","SRRM4",0.273,0.15038498616513,0.873,FALSE,"ARS","C9ALS_vs_Control"
"Q96GY0","ZC2HC1A",-0.534,0.150138776927618,0.873,FALSE,"ARS","C9ALS_vs_Control"
"Q07021","C1QBP",0.665,0.154453993711236,0.874,FALSE,"ARS","C9ALS_vs_Control"
"Q58FF8","HSP90AB2P",-0.966,0.156658566352141,0.874,FALSE,"ARS","C9ALS_vs_Control"
"P48735","IDH2",0.381,0.152298237324845,0.874,FALSE,"ARS","C9ALS_vs_Control"
"P07195","LDHB",-2,0.156190598050965,0.874,FALSE,"ARS","C9ALS_vs_Control"
"Q3MHD2","LSM12",0.26,0.156256783197689,0.874,FALSE,"ARS","C9ALS_vs_Control"
"Q15773","MLF2",-0.301,0.157171139428893,0.874,FALSE,"ARS","C9ALS_vs_Control"
"O75494","SRSF10",0.618,0.156320854728312,0.874,FALSE,"ARS","C9ALS_vs_Control"
"P26640","VARS",-0.34,0.154255474840409,0.874,FALSE,"ARS","C9ALS_vs_Control"
"Q9BY44","EIF2A",-0.832,0.159341387169519,0.875,FALSE,"ARS","C9ALS_vs_Control"
"Q9UKJ3","GPATCH8",-0.194,0.159881207003992,0.875,FALSE,"ARS","C9ALS_vs_Control"
"P09651;Q32P51","HNRNPA1",0.427,0.159780879595909,0.875,FALSE,"ARS","C9ALS_vs_Control"
"P07942","LAMB1",-0.567,0.162044003962072,0.875,FALSE,"ARS","C9ALS_vs_Control"
"O75569","PRKRA",0.242,0.162333297227631,0.875,FALSE,"ARS","C9ALS_vs_Control"
"Q9Y2W1","THRAP3",-0.333,0.163459040239049,0.875,FALSE,"ARS","C9ALS_vs_Control"
"P55265","ADAR",-0.406,0.166891997241528,0.876,FALSE,"ARS","C9ALS_vs_Control"
"Q99832","CCT7",-0.942,0.165779453583906,0.876,FALSE,"ARS","C9ALS_vs_Control"
"Q16527","CSRP2",0.364,0.166967372257359,0.876,FALSE,"ARS","C9ALS_vs_Control"
"Q08211","DHX9",0.437,0.166573173377349,0.876,FALSE,"ARS","C9ALS_vs_Control"
"O95983","MBD3",-0.487,0.164538650015164,0.876,FALSE,"ARS","C9ALS_vs_Control"
"O43660","PLRG1",-0.291,0.169968400747021,0.876,FALSE,"ARS","C9ALS_vs_Control"
"P62140","PPP1CB",-0.529,0.16555355033558,0.876,FALSE,"ARS","C9ALS_vs_Control"
"P61513;A6NKH3","RPL37A",0.42,0.16483458466035,0.876,FALSE,"ARS","C9ALS_vs_Control"
"Q9NQC3","RTN4",0.246,0.167567547437007,0.876,FALSE,"ARS","C9ALS_vs_Control"
"Q86US8","SMG6",-0.362,0.164742798741284,0.876,FALSE,"ARS","C9ALS_vs_Control"
"Q15542;O60303","TAF5",-0.315,0.169619075557545,0.876,FALSE,"ARS","C9ALS_vs_Control"
"P39656","DDOST",0.498,0.171283338280304,0.877,FALSE,"ARS","C9ALS_vs_Control"
"Q9Y450","HBS1L",-0.205,0.177220800015603,0.877,FALSE,"ARS","C9ALS_vs_Control"
"Q9NQ29","LUC7L",-0.543,0.172303026617036,0.877,FALSE,"ARS","C9ALS_vs_Control"
"O76021","RSL1D1",0.292,0.173715999505099,0.877,FALSE,"ARS","C9ALS_vs_Control"
"Q9BYW2","SETD2",-0.464,0.177633171379642,0.877,FALSE,"ARS","C9ALS_vs_Control"
"Q07065;Q96K21","CKAP4",-0.31,0.18386720938658,0.878,FALSE,"ARS","C9ALS_vs_Control"
"P11940;Q9H361;Q4VXU2","PABPC1",-0.306,0.183550435881052,0.878,FALSE,"ARS","C9ALS_vs_Control"
"P67775","PPP2CA",0.235,0.179043278098383,0.878,FALSE,"ARS","C9ALS_vs_Control"
"Q9H7N4","SCAF1",-0.293,0.18463890963793,0.878,FALSE,"ARS","C9ALS_vs_Control"
"P25325","MPST",-0.443,0.190616461959826,0.879,FALSE,"ARS","C9ALS_vs_Control"
"Q9NP72","RAB18",0.37,0.188934179621121,0.879,FALSE,"ARS","C9ALS_vs_Control"
"P05455","SSB",0.339,0.191768337663251,0.879,FALSE,"ARS","C9ALS_vs_Control"
"P22626","HNRNPA2B1",0.553,0.197207466134971,0.88,FALSE,"ARS","C9ALS_vs_Control"
"P11021","HSPA5",0.327,0.199463795308096,0.88,FALSE,"ARS","C9ALS_vs_Control"
"O95777","LSM8",-0.772,0.19446371691423,0.88,FALSE,"ARS","C9ALS_vs_Control"
"P18583;Q8N1G2","SON",-0.242,0.192709770544788,0.88,FALSE,"ARS","C9ALS_vs_Control"
"O15042","U2SURP",0.42,0.198572855438257,0.88,FALSE,"ARS","C9ALS_vs_Control"
"Q92522","H1FX",0.398,0.202755973350784,0.881,FALSE,"ARS","C9ALS_vs_Control"
"Q9Y333","LSM2",-0.279,0.200820516716724,0.881,FALSE,"ARS","C9ALS_vs_Control"
"Q86X10","RALGAPB",-0.257,0.206409326009402,0.881,FALSE,"ARS","C9ALS_vs_Control"
"Q14257","RCN2",0.722,0.200397804326569,0.881,FALSE,"ARS","C9ALS_vs_Control"
"P21675;Q8IZX4","TAF1",-0.37,0.205938348613429,0.881,FALSE,"ARS","C9ALS_vs_Control"
"O43390","HNRNPR",0.503,0.209518809184908,0.882,FALSE,"ARS","C9ALS_vs_Control"
"P38646","HSPA9",0.255,0.212531713396263,0.882,FALSE,"ARS","C9ALS_vs_Control"
"E9PAV3;Q13765","NACA",-0.665,0.214640499284839,0.882,FALSE,"ARS","C9ALS_vs_Control"
"P61927","RPL37",0.431,0.210631653682017,0.882,FALSE,"ARS","C9ALS_vs_Control"
"P25705","ATP5A1",-0.181,0.218855733390897,0.883,FALSE,"ARS","C9ALS_vs_Control"
"P40227;Q92526","CCT6A",-0.327,0.219328130263667,0.883,FALSE,"ARS","C9ALS_vs_Control"
"P41091;Q2VIR3","EIF2S3",-0.361,0.21884887503692,0.883,FALSE,"ARS","C9ALS_vs_Control"
"O15020","SPTBN2",0.407,0.21727862420464,0.883,FALSE,"ARS","C9ALS_vs_Control"
"Q13595","TRA2A",-0.313,0.218668986595362,0.883,FALSE,"ARS","C9ALS_vs_Control"
"Q8IWX8","CHERP",-0.18,0.235334371996716,0.884,FALSE,"ARS","C9ALS_vs_Control"
"P09211","GSTP1",-0.904,0.229544945789678,0.884,FALSE,"ARS","C9ALS_vs_Control"
"Q9NRZ9","HELLS",-0.377,0.226501949710861,0.884,FALSE,"ARS","C9ALS_vs_Control"
"P07900;Q14568;Q58FG0;Q58FG1","HSP90AA1",0.318,0.230414968828279,0.884,FALSE,"ARS","C9ALS_vs_Control"
"Q15555","MAPRE2",-0.25,0.23417107220018,0.884,FALSE,"ARS","C9ALS_vs_Control"
"P21741","MDK",0.46,0.232439512541983,0.884,FALSE,"ARS","C9ALS_vs_Control"
"Q9NYV4;REV__Q05397","CDK12",-0.257,0.239019156016132,0.885,FALSE,"ARS","C9ALS_vs_Control"
"A0A075B6R9","IGKV2D-24",-0.752,0.244281649870599,0.885,FALSE,"ARS","C9ALS_vs_Control"
"Q9NYR9","NKIRAS2",0.161,0.239299384180113,0.885,FALSE,"ARS","C9ALS_vs_Control"
"P13674","P4HA1",-0.583,0.245423057625349,0.885,FALSE,"ARS","C9ALS_vs_Control"
"Q15365","PCBP1",0.21,0.23692386147542,0.885,FALSE,"ARS","C9ALS_vs_Control"
"P61353","RPL27",0.207,0.240000166415933,0.885,FALSE,"ARS","C9ALS_vs_Control"
"P60866","RPS20",-0.23,0.240743653355275,0.885,FALSE,"ARS","C9ALS_vs_Control"
"Q96DI7","SNRNP40",0.256,0.240912186408308,0.885,FALSE,"ARS","C9ALS_vs_Control"
"Q16629","SRSF7",0.371,0.243942451373846,0.885,FALSE,"ARS","C9ALS_vs_Control"
"Q92841","DDX17",0.294,0.252847515695975,0.886,FALSE,"ARS","C9ALS_vs_Control"
"Q13123","IK",-0.261,0.254338935291198,0.886,FALSE,"ARS","C9ALS_vs_Control"
"P07737;CON__P02584","PFN1",0.722,0.246327384528724,0.886,FALSE,"ARS","C9ALS_vs_Control"
"O43164","PJA2",0.225,0.249118362597679,0.886,FALSE,"ARS","C9ALS_vs_Control"
"Q9H307","PNN",-0.191,0.255427103198755,0.886,FALSE,"ARS","C9ALS_vs_Control"
"P46779","RPL28",0.252,0.252275761301652,0.886,FALSE,"ARS","C9ALS_vs_Control"
"Q9UPQ9","TNRC6B",0.247,0.246139482613755,0.886,FALSE,"ARS","C9ALS_vs_Control"
"P00338;Q6ZMR3;P07864","LDHA",-2.6,0.266055463095186,0.887,FALSE,"ARS","C9ALS_vs_Control"
"Q8NAV1","PRPF38A",0.168,0.257194086888833,0.887,FALSE,"ARS","C9ALS_vs_Control"
"P41219","PRPH",0.153,0.258360840484122,0.887,FALSE,"ARS","C9ALS_vs_Control"
"P62249","RPS16",-0.328,0.257334985847258,0.887,FALSE,"ARS","C9ALS_vs_Control"
"P12236","SLC25A6",-0.558,0.259258883622757,0.887,FALSE,"ARS","C9ALS_vs_Control"
"Q07955","SRSF1",0.338,0.260081861019702,0.887,FALSE,"ARS","C9ALS_vs_Control"
"P06733;P13929","ENO1",-0.396,0.271105787407544,0.888,FALSE,"ARS","C9ALS_vs_Control"
"Q9NX58","LYAR",0.194,0.277777646588619,0.888,FALSE,"ARS","C9ALS_vs_Control"
"P49790","NUP153",-0.177,0.276317119100221,0.888,FALSE,"ARS","C9ALS_vs_Control"
"P17980","PSMC3",0.475,0.269248552879388,0.888,FALSE,"ARS","C9ALS_vs_Control"
"P49848","TAF6",-0.209,0.277403893542905,0.888,FALSE,"ARS","C9ALS_vs_Control"
"O95816","BAG2",-0.213,0.280065228497036,0.889,FALSE,"ARS","C9ALS_vs_Control"
"O15371","EIF3D",-0.223,0.282245514951068,0.889,FALSE,"ARS","C9ALS_vs_Control"
"P31943","HNRNPH1",0.35,0.280079784827624,0.889,FALSE,"ARS","C9ALS_vs_Control"
"Q03164;Q9UMN6","KMT2A",0.179,0.283431238803538,0.889,FALSE,"ARS","C9ALS_vs_Control"
"P43487","RANBP1",0.285,0.282126179392575,0.889,FALSE,"ARS","C9ALS_vs_Control"
"Q06587","RING1",-0.17,0.285784405825295,0.889,FALSE,"ARS","C9ALS_vs_Control"
"O95104","SCAF4",-0.383,0.28080960158791,0.889,FALSE,"ARS","C9ALS_vs_Control"
"Q6P2E9","EDC4",0.147,0.294592655624256,0.89,FALSE,"ARS","C9ALS_vs_Control"
"P52298;A6PVI3","NCBP2",0.353,0.315220271367456,0.891,FALSE,"ARS","C9ALS_vs_Control"
"O00422","SAP18",0.293,0.314641572925898,0.891,FALSE,"ARS","C9ALS_vs_Control"
"Q9H7E2","TDRD3",0.246,0.310001593268633,0.891,FALSE,"ARS","C9ALS_vs_Control"
"O75152;A0A1B0GTU1","ZC3H11A",0.387,0.314073891085332,0.891,FALSE,"ARS","C9ALS_vs_Control"
"O00505","KPNA3",-0.582,0.318309544057591,0.892,FALSE,"ARS","C9ALS_vs_Control"
"Q93052","LPP",0.264,0.323688540161008,0.892,FALSE,"ARS","C9ALS_vs_Control"
"Q14165","MLEC",-0.286,0.327434188798279,0.892,FALSE,"ARS","C9ALS_vs_Control"
"P19338","NCL",0.151,0.325143608294166,0.892,FALSE,"ARS","C9ALS_vs_Control"
"Q92733","PRCC",-0.398,0.319152536682229,0.892,FALSE,"ARS","C9ALS_vs_Control"
"P40429;Q6NVV1","RPL13A",-0.178,0.326647283219581,0.892,FALSE,"ARS","C9ALS_vs_Control"
"Q14684","RRP1B",0.247,0.320779456620108,0.892,FALSE,"ARS","C9ALS_vs_Control"
"Q9BRX9","WDR83",-0.245,0.328273944121545,0.892,FALSE,"ARS","C9ALS_vs_Control"
"Q9BRP8","WIBG",-0.441,0.318082089713707,0.892,FALSE,"ARS","C9ALS_vs_Control"
"P06576","ATP5B",-0.214,0.339764518278462,0.893,FALSE,"ARS","C9ALS_vs_Control"
"Q14011","CIRBP",-0.204,0.331616286850769,0.893,FALSE,"ARS","C9ALS_vs_Control"
"Q9P013","CWC15",0.295,0.339014137071102,0.893,FALSE,"ARS","C9ALS_vs_Control"
"P10515","DLAT",-0.207,0.339497835576911,0.893,FALSE,"ARS","C9ALS_vs_Control"
"P60981","DSTN",0.209,0.344510630921292,0.893,FALSE,"ARS","C9ALS_vs_Control"
"Q9C086","INO80B",0.414,0.343943662251973,0.893,FALSE,"ARS","C9ALS_vs_Control"
"P52294;O15131","KPNA1",-0.493,0.33551117733671,0.893,FALSE,"ARS","C9ALS_vs_Control"
"P55769","NHP2L1",-0.173,0.340075304200657,0.893,FALSE,"ARS","C9ALS_vs_Control"
"P62263","RPS14",0.443,0.331085121988839,0.893,FALSE,"ARS","C9ALS_vs_Control"
"P46782","RPS5",0.394,0.3426929558207,0.893,FALSE,"ARS","C9ALS_vs_Control"
"Q01130","SRSF2",-0.216,0.332527940882948,0.893,FALSE,"ARS","C9ALS_vs_Control"
"P17987","TCP1",0.179,0.339558413874366,0.893,FALSE,"ARS","C9ALS_vs_Control"
"O43432","EIF4G3",-0.145,0.351976208595161,0.894,FALSE,"ARS","C9ALS_vs_Control"
"Q8IY81","FTSJ3",-0.23,0.345627174237898,0.894,FALSE,"ARS","C9ALS_vs_Control"
"Q14978","NOLC1",-0.365,0.352781311037326,0.894,FALSE,"ARS","C9ALS_vs_Control"
"P62857","RPS28",-0.161,0.348255930763584,0.894,FALSE,"ARS","C9ALS_vs_Control"
"Q9Y3B4","SF3B6",0.403,0.348294767686309,0.894,FALSE,"ARS","C9ALS_vs_Control"
"P42285","SKIV2L2",-0.294,0.358795111725525,0.894,FALSE,"ARS","C9ALS_vs_Control"
"Q9Y2W2","WBP11",-0.16,0.356714669173902,0.894,FALSE,"ARS","C9ALS_vs_Control"
"P59780","AP3S2",-0.228,0.363278298398769,0.895,FALSE,"ARS","C9ALS_vs_Control"
"P54259","ATN1",0.231,0.371116786425776,0.895,FALSE,"ARS","C9ALS_vs_Control"
"Q8N684","CPSF7",-0.13,0.367952084894227,0.895,FALSE,"ARS","C9ALS_vs_Control"
"P38117","ETFB",-0.226,0.361698658752637,0.895,FALSE,"ARS","C9ALS_vs_Control"
"Q01581","HMGCS1",-0.207,0.363927586408461,0.895,FALSE,"ARS","C9ALS_vs_Control"
"O75874","IDH1",0.447,0.364259467510642,0.895,FALSE,"ARS","C9ALS_vs_Control"
"Q9H0A0","NAT10",0.178,0.365799725133295,0.895,FALSE,"ARS","C9ALS_vs_Control"
"Q9H7Z3","NRDE2",-0.286,0.363304732108113,0.895,FALSE,"ARS","C9ALS_vs_Control"
"Q01804","OTUD4",-0.147,0.367877353905026,0.895,FALSE,"ARS","C9ALS_vs_Control"
"Q15366;P57721","PCBP2",0.165,0.361362056772607,0.895,FALSE,"ARS","C9ALS_vs_Control"
"P36578","RPL4",0.131,0.361471576837001,0.895,FALSE,"ARS","C9ALS_vs_Control"
"Q9Y3I0","RTCB",0.302,0.360169615225498,0.895,FALSE,"ARS","C9ALS_vs_Control"
"Q04323","UBXN1",0.175,0.366910897500964,0.895,FALSE,"ARS","C9ALS_vs_Control"
"Q9BXF3","CECR2",-0.482,0.383052162438503,0.896,FALSE,"ARS","C9ALS_vs_Control"
"P30414","NKTR",-0.192,0.389868170572165,0.896,FALSE,"ARS","C9ALS_vs_Control"
"Q14980","NUMA1",0.231,0.391908633241457,0.896,FALSE,"ARS","C9ALS_vs_Control"
"Q13526","PIN1",-0.201,0.376073299890306,0.896,FALSE,"ARS","C9ALS_vs_Control"
"P18621","RPL17",0.317,0.383810922342669,0.896,FALSE,"ARS","C9ALS_vs_Control"
"Q02543","RPL18A",-0.171,0.384965859621321,0.896,FALSE,"ARS","C9ALS_vs_Control"
"P05141;Q9H0C2","SLC25A5",-0.172,0.390445820086188,0.896,FALSE,"ARS","C9ALS_vs_Control"
"Q16637","SMN1",-0.202,0.378991317319226,0.896,FALSE,"ARS","C9ALS_vs_Control"
"Q5T200;Q9H1K0","ZC3H13",-0.202,0.380423791482101,0.896,FALSE,"ARS","C9ALS_vs_Control"
"Q9H3K6","BOLA2",-0.166,0.408233903167606,0.897,FALSE,"ARS","C9ALS_vs_Control"
"O60716;Q99569","CTNND1",-0.131,0.408092283571293,0.897,FALSE,"ARS","C9ALS_vs_Control"
"P36957","DLST",-0.193,0.404289214560351,0.897,FALSE,"ARS","C9ALS_vs_Control"
"Q13310","PABPC4",0.254,0.402455226757545,0.897,FALSE,"ARS","C9ALS_vs_Control"
"Q15007","WTAP",0.289,0.404233905401447,0.897,FALSE,"ARS","C9ALS_vs_Control"
"P22061","PCMT1",-0.225,0.427947530115315,0.898,FALSE,"ARS","C9ALS_vs_Control"
"Q9NW64","RBM22",0.291,0.424672485355861,0.898,FALSE,"ARS","C9ALS_vs_Control"
"P32969","RPL9",-0.117,0.421165963358697,0.898,FALSE,"ARS","C9ALS_vs_Control"
"Q9Y3F4","STRAP",0.143,0.41798425858091,0.898,FALSE,"ARS","C9ALS_vs_Control"
"Q6ZUT1","C11orf57",0.184,0.436550823820626,0.899,FALSE,"ARS","C9ALS_vs_Control"
"Q96CS3","FAF2",-0.241,0.434759606437935,0.899,FALSE,"ARS","C9ALS_vs_Control"
"P07305","H1F0",0.31,0.445890429065376,0.899,FALSE,"ARS","C9ALS_vs_Control"
"Q12905","ILF2",-0.208,0.442876419384406,0.899,FALSE,"ARS","C9ALS_vs_Control"
"Q9UN81","L1RE1",-0.37,0.445526876194114,0.899,FALSE,"ARS","C9ALS_vs_Control"
"Q9Y5S9","RBM8A",0.187,0.430647303580842,0.899,FALSE,"ARS","C9ALS_vs_Control"
"P46777","RPL5",0.401,0.434846366641431,0.899,FALSE,"ARS","C9ALS_vs_Control"
"Q8TAD8","SNIP1",0.285,0.436704286500981,0.899,FALSE,"ARS","C9ALS_vs_Control"
"O75683","SURF6",0.162,0.439522211135713,0.899,FALSE,"ARS","C9ALS_vs_Control"
"Q8WUD4","CCDC12",0.266,0.455947951526133,0.9,FALSE,"ARS","C9ALS_vs_Control"
"O43143","DHX15",0.158,0.459209698126922,0.9,FALSE,"ARS","C9ALS_vs_Control"
"A1L020","MEX3A",-0.114,0.458975100313374,0.9,FALSE,"ARS","C9ALS_vs_Control"
"O60828","PQBP1",-0.16,0.458436907283035,0.9,FALSE,"ARS","C9ALS_vs_Control"
"P62910","RPL32",0.27,0.456313598095629,0.9,FALSE,"ARS","C9ALS_vs_Control"
"P62277","RPS13",-0.131,0.453583622802878,0.9,FALSE,"ARS","C9ALS_vs_Control"
"Q8NC51","SERBP1",0.152,0.465249576838227,0.9,FALSE,"ARS","C9ALS_vs_Control"
"Q9NUQ6","SPATS2L",0.286,0.460640871030587,0.9,FALSE,"ARS","C9ALS_vs_Control"
"P48643","CCT5",-0.176,0.486880558692744,0.901,FALSE,"ARS","C9ALS_vs_Control"
"Q8TD26","CHD6",-0.209,0.476531304617865,0.901,FALSE,"ARS","C9ALS_vs_Control"
"Q9UKF6","CPSF3",0.179,0.480095686363827,0.901,FALSE,"ARS","C9ALS_vs_Control"
"P35221;Q9UI47","CTNNA1",0.239,0.476349500472927,0.901,FALSE,"ARS","C9ALS_vs_Control"
"Q8WXX5","DNAJC9",0.235,0.480509863173729,0.901,FALSE,"ARS","C9ALS_vs_Control"
"P04843","RPN1",0.159,0.470378084878183,0.901,FALSE,"ARS","C9ALS_vs_Control"
"P62979;P62987;P0CG47;P0CG48","RPS27A",0.121,0.470886058070711,0.901,FALSE,"ARS","C9ALS_vs_Control"
"P51532","SMARCA4",-0.127,0.469153715059037,0.901,FALSE,"ARS","C9ALS_vs_Control"
"Q13242","SRSF9",0.276,0.478075746228607,0.901,FALSE,"ARS","C9ALS_vs_Control"
"Q3B726","TWISTNB",-0.243,0.478823263545048,0.901,FALSE,"ARS","C9ALS_vs_Control"
"Q8IWR0","ZC3H7A",0.202,0.468604879169297,0.901,FALSE,"ARS","C9ALS_vs_Control"
"P60842","EIF4A1",0.108,0.504292071945129,0.902,FALSE,"ARS","C9ALS_vs_Control"
"P51991","HNRNPA3",0.214,0.504445012467036,0.902,FALSE,"ARS","C9ALS_vs_Control"
"Q9BWJ5","SF3B5",-0.127,0.496348626226182,0.902,FALSE,"ARS","C9ALS_vs_Control"
"Q13428","TCOF1",-0.104,0.503157155327641,0.902,FALSE,"ARS","C9ALS_vs_Control"
"Q86W42","THOC6",-0.185,0.510834515742227,0.902,FALSE,"ARS","C9ALS_vs_Control"
"Q9Y678","COPG1",0.0891,0.518500983053342,0.903,FALSE,"ARS","C9ALS_vs_Control"
"Q9BZE4","GTPBP4",0.212,0.528646777851188,0.903,FALSE,"ARS","C9ALS_vs_Control"
"Q6ZN17","LIN28B",0.122,0.531968115383083,0.903,FALSE,"ARS","C9ALS_vs_Control"
"O14744","PRMT5",-0.21,0.532368712915936,0.903,FALSE,"ARS","C9ALS_vs_Control"
"Q9Y520","PRRC2C",-0.155,0.517904251626578,0.903,FALSE,"ARS","C9ALS_vs_Control"
"Q8TB72","PUM2",0.209,0.531505937424295,0.903,FALSE,"ARS","C9ALS_vs_Control"
"P62899","RPL31",0.202,0.531483235161307,0.903,FALSE,"ARS","C9ALS_vs_Control"
"Q9Y3U8","RPL36",0.163,0.51554391446687,0.903,FALSE,"ARS","C9ALS_vs_Control"
"P62258","YWHAE",-0.489,0.526395419677927,0.903,FALSE,"ARS","C9ALS_vs_Control"
"P50991","CCT4",0.126,0.556682279791784,0.904,FALSE,"ARS","C9ALS_vs_Control"
"P61962","DCAF7",-0.101,0.549467451685477,0.904,FALSE,"ARS","C9ALS_vs_Control"
"Q12926","ELAVL2",-0.289,0.557285438580297,0.904,FALSE,"ARS","C9ALS_vs_Control"
"Q99623","PHB2",0.111,0.555898172028863,0.904,FALSE,"ARS","C9ALS_vs_Control"
"Q13573","SNW1",-0.124,0.545940283648392,0.904,FALSE,"ARS","C9ALS_vs_Control"
"P45880","VDAC2",0.134,0.546613367664837,0.904,FALSE,"ARS","C9ALS_vs_Control"
"P50990","CCT8",0.283,0.572055879582881,0.905,FALSE,"ARS","C9ALS_vs_Control"
"P26583","HMGB2",0.18,0.582818299801368,0.905,FALSE,"ARS","C9ALS_vs_Control"
"Q9UK45","LSM7",-0.164,0.568020190682357,0.905,FALSE,"ARS","C9ALS_vs_Control"
"Q96JG8","MAGED4",0.0985,0.582788191065743,0.905,FALSE,"ARS","C9ALS_vs_Control"
"Q9P2K5","MYEF2",-0.0824,0.572498808068925,0.905,FALSE,"ARS","C9ALS_vs_Control"
"P47914","RPL29",-0.14,0.567046950943061,0.905,FALSE,"ARS","C9ALS_vs_Control"
"P08579","SNRPB2",-0.139,0.561823309021257,0.905,FALSE,"ARS","C9ALS_vs_Control"
"Q9HBM6","TAF9B",0.11,0.558378136227506,0.905,FALSE,"ARS","C9ALS_vs_Control"
"P26368","U2AF2",-0.319,0.563328334009484,0.905,FALSE,"ARS","C9ALS_vs_Control"
"O94805","ACTL6B",-0.138,0.60810408542838,0.906,FALSE,"ARS","C9ALS_vs_Control"
"Q9UQB8","BAIAP2",-0.117,0.594161050384778,0.906,FALSE,"ARS","C9ALS_vs_Control"
"Q9UJU6","DBNL",0.217,0.605297144758209,0.906,FALSE,"ARS","C9ALS_vs_Control"
"Q12849","GRSF1",0.132,0.589047811835994,0.906,FALSE,"ARS","C9ALS_vs_Control"
"Q8N1F7","NUP93",-0.235,0.586617407500818,0.906,FALSE,"ARS","C9ALS_vs_Control"
"Q8WUB8","PHF10",-0.201,0.602258398694558,0.906,FALSE,"ARS","C9ALS_vs_Control"
"Q13427","PPIG",0.0889,0.584092206037589,0.906,FALSE,"ARS","C9ALS_vs_Control"
"P46778","RPL21",-0.17,0.590207925237601,0.906,FALSE,"ARS","C9ALS_vs_Control"
"P62269","RPS18",0.119,0.602271395237558,0.906,FALSE,"ARS","C9ALS_vs_Control"
"P62701","RPS4X",-0.109,0.58624099816908,0.906,FALSE,"ARS","C9ALS_vs_Control"
"P55072","VCP",-0.145,0.606541804044034,0.906,FALSE,"ARS","C9ALS_vs_Control"
"Q96ME7","ZNF512",-0.194,0.594220541517693,0.906,FALSE,"ARS","C9ALS_vs_Control"
"Q9NR30","DDX21",-0.168,0.626845120438507,0.907,FALSE,"ARS","C9ALS_vs_Control"
"Q9ULR0","ISY1",0.142,0.632077382047051,0.907,FALSE,"ARS","C9ALS_vs_Control"
"Q3KQU3","MAP7D1",-0.116,0.612765170009405,0.907,FALSE,"ARS","C9ALS_vs_Control"
"A0JLT2","MED19",0.171,0.62303748913871,0.907,FALSE,"ARS","C9ALS_vs_Control"
"O75400","PRPF40A",-0.072,0.632313273166868,0.907,FALSE,"ARS","C9ALS_vs_Control"
"Q969G3","SMARCE1",0.249,0.630895527258829,0.907,FALSE,"ARS","C9ALS_vs_Control"
"P61964","WDR5",0.0864,0.633646546344906,0.907,FALSE,"ARS","C9ALS_vs_Control"
"Q96MU7","YTHDC1",-0.161,0.633495832432476,0.907,FALSE,"ARS","C9ALS_vs_Control"
"Q9Y3X0","CCDC9",-0.203,0.640979465835727,0.908,FALSE,"ARS","C9ALS_vs_Control"
"Q9NZM4","GLTSCR1",-0.0699,0.646217025941828,0.908,FALSE,"ARS","C9ALS_vs_Control"
"O43809","NUDT21",-0.15,0.638988333935514,0.908,FALSE,"ARS","C9ALS_vs_Control"
"P32119","PRDX2",0.0895,0.647478492671913,0.908,FALSE,"ARS","C9ALS_vs_Control"
"Q9UMS4","PRPF19",0.113,0.650898478985705,0.908,FALSE,"ARS","C9ALS_vs_Control"
"P62841","RPS15",0.107,0.636983082480767,0.908,FALSE,"ARS","C9ALS_vs_Control"
"P62854;Q5JNZ5","RPS26",0.0815,0.637027375051155,0.908,FALSE,"ARS","C9ALS_vs_Control"
"P62753","RPS6",0.0664,0.663062006074406,0.908,FALSE,"ARS","C9ALS_vs_Control"
"Q12874","SF3A3",-0.128,0.660743881622673,0.908,FALSE,"ARS","C9ALS_vs_Control"
"Q15369","TCEB1",0.0919,0.648225089468061,0.908,FALSE,"ARS","C9ALS_vs_Control"
"P17026","ZNF22",-0.0947,0.637614094655847,0.908,FALSE,"ARS","C9ALS_vs_Control"
"Q99848","EBNA1BP2",0.193,0.683671005648809,0.909,FALSE,"ARS","C9ALS_vs_Control"
"P63241;Q6IS14;Q9GZV4","EIF5A",0.247,0.681235614991719,0.909,FALSE,"ARS","C9ALS_vs_Control"
"P15170;Q8IYD1","GSPT1",0.108,0.673210457492213,0.909,FALSE,"ARS","C9ALS_vs_Control"
"P52292","KPNA2",0.143,0.676568281572671,0.909,FALSE,"ARS","C9ALS_vs_Control"
"Q92615","LARP4B",0.09,0.669287163422053,0.909,FALSE,"ARS","C9ALS_vs_Control"
"Q86U86","PBRM1",-0.128,0.685523721584083,0.909,FALSE,"ARS","C9ALS_vs_Control"
"Q9UKM9","RALY",0.121,0.669599514917788,0.909,FALSE,"ARS","C9ALS_vs_Control"
"P08865","RPSA",-0.0811,0.686033272423744,0.909,FALSE,"ARS","C9ALS_vs_Control"
"Q9UQ35","SRRM2",-0.0607,0.679322177447228,0.909,FALSE,"ARS","C9ALS_vs_Control"
"Q6AI39","GLTSCR1L",-0.0687,0.7056890075423,0.91,FALSE,"ARS","C9ALS_vs_Control"
"P62879;Q9HAV0","GNB2",0.082,0.724252735265842,0.91,FALSE,"ARS","C9ALS_vs_Control"
"A6NNA2","SRRM3",-0.0587,0.719657640186404,0.91,FALSE,"ARS","C9ALS_vs_Control"
"Q99426","TBCB",-0.0762,0.716504952783702,0.91,FALSE,"ARS","C9ALS_vs_Control"
"Q9UL18;Q9H9G7;Q9HCK5","AGO1",0.055,0.749150886930004,0.911,FALSE,"ARS","C9ALS_vs_Control"
"O94973","AP2A2",0.0702,0.727517712195682,0.911,FALSE,"ARS","C9ALS_vs_Control"
"Q99459","CDC5L",-0.0573,0.749697279709159,0.911,FALSE,"ARS","C9ALS_vs_Control"
"Q9Y285","FARSA",-0.1,0.734695844092309,0.911,FALSE,"ARS","C9ALS_vs_Control"
"Q9UGU5","HMGXB4",-0.197,0.741026642569538,0.911,FALSE,"ARS","C9ALS_vs_Control"
"P62136","PPP1CA",0.0572,0.756494656335405,0.911,FALSE,"ARS","C9ALS_vs_Control"
"P39023;Q92901","RPL3",0.0591,0.746156299176429,0.911,FALSE,"ARS","C9ALS_vs_Control"
"P61247","RPS3A",-0.0596,0.747323905041057,0.911,FALSE,"ARS","C9ALS_vs_Control"
"P62081","RPS7",0.069,0.731033129647928,0.911,FALSE,"ARS","C9ALS_vs_Control"
"Q5VUA4","ZNF318",-0.0881,0.755759819173867,0.911,FALSE,"ARS","C9ALS_vs_Control"
"O95218","ZRANB2",-0.0607,0.747041098877964,0.911,FALSE,"ARS","C9ALS_vs_Control"
"O60508","CDC40",-0.08,0.768994214169534,0.912,FALSE,"ARS","C9ALS_vs_Control"
"Q9BUQ8","DDX23",-0.152,0.769772671781887,0.912,FALSE,"ARS","C9ALS_vs_Control"
"P62861","FAU.1",-0.155,0.789637211658457,0.912,FALSE,"ARS","C9ALS_vs_Control"
"Q1KMD3","HNRNPUL2",0.085,0.760702561199002,0.912,FALSE,"ARS","C9ALS_vs_Control"
"P14625;Q58FF3","HSP90B1",-0.056,0.776202413308203,0.912,FALSE,"ARS","C9ALS_vs_Control"
"Q9BWE0","REPIN1",0.0444,0.777077184281388,0.912,FALSE,"ARS","C9ALS_vs_Control"
"P62750","RPL23A",0.0465,0.766029677474648,0.912,FALSE,"ARS","C9ALS_vs_Control"
"P62847","RPS24",0.0578,0.785990553936483,0.912,FALSE,"ARS","C9ALS_vs_Control"
"P49591","SARS",-0.0879,0.772173852018989,0.912,FALSE,"ARS","C9ALS_vs_Control"
"O14776","TCERG1",0.0675,0.763430146731148,0.912,FALSE,"ARS","C9ALS_vs_Control"
"Q8WZ42","TTN",-0.269,0.784415226790162,0.912,FALSE,"ARS","C9ALS_vs_Control"
"P49411","TUFM",-0.0351,0.786716351736449,0.912,FALSE,"ARS","C9ALS_vs_Control"
"Q5T6F2","UBAP2",0.0373,0.783142966367926,0.912,FALSE,"ARS","C9ALS_vs_Control"
"Q16630","CPSF6",-0.0786,0.823247835517584,0.913,FALSE,"ARS","C9ALS_vs_Control"
"P16402","HIST1H1D",-0.187,0.821828846492974,0.913,FALSE,"ARS","C9ALS_vs_Control"
"Q9Y383","LUC7L2",0.132,0.794791750945847,0.913,FALSE,"ARS","C9ALS_vs_Control"
"Q9Y2K5","R3HDM2",-0.0459,0.797835106013636,0.913,FALSE,"ARS","C9ALS_vs_Control"
"P62995","TRA2B",-0.0479,0.824640583516302,0.913,FALSE,"ARS","C9ALS_vs_Control"
"O14617","AP3D1",-0.0301,0.827665692004517,0.914,FALSE,"ARS","C9ALS_vs_Control"
"Q9NVI7","ATAD3A",0.0305,0.826868812767453,0.914,FALSE,"ARS","C9ALS_vs_Control"
"P16615;O14983;Q93084","ATP2A2",0.055,0.842779299386051,0.914,FALSE,"ARS","C9ALS_vs_Control"
"P49841","GSK3B",0.0386,0.841902496350819,0.914,FALSE,"ARS","C9ALS_vs_Control"
"Q92769","HDAC2",-0.0463,0.860215372608035,0.914,FALSE,"ARS","C9ALS_vs_Control"
"Q13151","HNRNPA0",0.0401,0.854940269855589,0.914,FALSE,"ARS","C9ALS_vs_Control"
"P0DMV9;P0DMV8","HSPA1B",-0.0383,0.836700556331985,0.914,FALSE,"ARS","C9ALS_vs_Control"
"Q03252","LMNB2",0.0764,0.845715766846727,0.914,FALSE,"ARS","C9ALS_vs_Control"
"Q7Z406","MYH14",-0.0902,0.839475017117875,0.914,FALSE,"ARS","C9ALS_vs_Control"
"Q6P2Q9","PRPF8",0.0538,0.859659111380132,0.914,FALSE,"ARS","C9ALS_vs_Control"
"Q9H0U4;Q92928","RAB1B",-0.0673,0.84867264253544,0.914,FALSE,"ARS","C9ALS_vs_Control"
"Q9HBD1","RC3H2",0.0308,0.831181891486522,0.914,FALSE,"ARS","C9ALS_vs_Control"
"P61313","RPL15",-0.0354,0.852020099439577,0.914,FALSE,"ARS","C9ALS_vs_Control"
"Q8IWZ8","SUGP1",-0.0628,0.839577682989398,0.914,FALSE,"ARS","C9ALS_vs_Control"
"O75934","BCAS2",-0.0455,0.894912318750966,0.915,FALSE,"ARS","C9ALS_vs_Control"
"Q9BRD0","BUD13",0.0266,0.888417427388512,0.915,FALSE,"ARS","C9ALS_vs_Control"
"O15234","CASC3",-0.032,0.872232873826252,0.915,FALSE,"ARS","C9ALS_vs_Control"
"Q75N03","CBLL1",0.0344,0.868155795641855,0.915,FALSE,"ARS","C9ALS_vs_Control"
"Q92945","KHSRP",-0.0269,0.862842587590334,0.915,FALSE,"ARS","C9ALS_vs_Control"
"Q9H9Z2","LIN28A",0.03,0.874374975396678,0.915,FALSE,"ARS","C9ALS_vs_Control"
"Q08J23","NSUN2",0.0629,0.88287956330836,0.915,FALSE,"ARS","C9ALS_vs_Control"
"O95394","PGM3",-0.0343,0.884234635745311,0.915,FALSE,"ARS","C9ALS_vs_Control"
"P26599","PTBP1",-0.0529,0.870264867203777,0.915,FALSE,"ARS","C9ALS_vs_Control"
"O95758","PTBP3",0.0813,0.895553384958316,0.915,FALSE,"ARS","C9ALS_vs_Control"
"P61254","RPL26",0.047,0.88693244346243,0.915,FALSE,"ARS","C9ALS_vs_Control"
"Q96IZ7","RSRC1",-0.0248,0.864823231075703,0.915,FALSE,"ARS","C9ALS_vs_Control"
"Q12824","SMARCB1",-0.0598,0.87672602639313,0.915,FALSE,"ARS","C9ALS_vs_Control"
"Q6IEG0","SNRNP48",0.0716,0.882038323632169,0.915,FALSE,"ARS","C9ALS_vs_Control"
"Q9BQA1","WDR77",-0.0468,0.86515654852678,0.915,FALSE,"ARS","C9ALS_vs_Control"
"Q4VC05","BCL7A",0.0255,0.905215036577387,0.916,FALSE,"ARS","C9ALS_vs_Control"
"P78371","CCT2",0.032,0.928635788864135,0.916,FALSE,"ARS","C9ALS_vs_Control"
"Q9HCG8","CWC22",-0.0274,0.922084127630379,0.916,FALSE,"ARS","C9ALS_vs_Control"
"Q04637","EIF4G1",0.0379,0.899885891612956,0.916,FALSE,"ARS","C9ALS_vs_Control"
"Q9NV70","EXOC1",0.0303,0.904759178071571,0.916,FALSE,"ARS","C9ALS_vs_Control"
"Q13823","GNL2",0.0161,0.904617544640981,0.916,FALSE,"ARS","C9ALS_vs_Control"
"Q9Y5V3","MAGED1",-0.0176,0.911966949109615,0.916,FALSE,"ARS","C9ALS_vs_Control"
"Q9NX24","NHP2",-0.0183,0.910063609103356,0.916,FALSE,"ARS","C9ALS_vs_Control"
"P06748","NPM1",0.0159,0.915706190200171,0.916,FALSE,"ARS","C9ALS_vs_Control"
"O14974","PPP1R12A",0.0691,0.911575098870175,0.916,FALSE,"ARS","C9ALS_vs_Control"
"P54136","RARS",-0.0314,0.901631372372175,0.916,FALSE,"ARS","C9ALS_vs_Control"
"P49756","RBM25",0.0178,0.905861945167396,0.916,FALSE,"ARS","C9ALS_vs_Control"
"P18124","RPL7",-0.0138,0.935229323860757,0.916,FALSE,"ARS","C9ALS_vs_Control"
"Q15428","SF3A2",-0.02,0.918989189136826,0.916,FALSE,"ARS","C9ALS_vs_Control"
"Q92922;Q9UL12","SMARCC1",0.0271,0.909826987487871,0.916,FALSE,"ARS","C9ALS_vs_Control"
"P50502;Q8IZP2;Q8NFI4","ST13",-0.0224,0.921008147821798,0.916,FALSE,"ARS","C9ALS_vs_Control"
"Q8NB50;Q96NL3;Q9H963;Q8N782;Q8NCK3;Q9Y5A6;Q6ZN06;A6NDX5;Q86XN6","ZFP62",-0.022,0.93439314967858,0.916,FALSE,"ARS","C9ALS_vs_Control"
"Q8WXX7","AUTS2",-0.00963,0.968830407720812,0.917,FALSE,"ARS","C9ALS_vs_Control"
"P48730","CSNK1D",0.0116,0.974791855307596,0.917,FALSE,"ARS","C9ALS_vs_Control"
"Q9C005","DPY30",-0.00881,0.967776804079612,0.917,FALSE,"ARS","C9ALS_vs_Control"
"A6NHQ2","FBLL1",-0.0193,0.951939401380068,0.917,FALSE,"ARS","C9ALS_vs_Control"
"P16403","HIST1H1C",0.0408,0.962943807590839,0.917,FALSE,"ARS","C9ALS_vs_Control"
"P10412","HIST1H1E",0.0333,0.945133273157653,0.917,FALSE,"ARS","C9ALS_vs_Control"
"P55081;Q00653","MFAP1",-0.0143,0.952401617541547,0.917,FALSE,"ARS","C9ALS_vs_Control"
"P40967","PMEL",0.00892,0.965007872109312,0.917,FALSE,"ARS","C9ALS_vs_Control"
"P62491;Q15907","RAB11A",0.0154,0.955307168836942,0.917,FALSE,"ARS","C9ALS_vs_Control"
"Q3YEC7","RABL6",-0.00858,0.958746732628413,0.917,FALSE,"ARS","C9ALS_vs_Control"
"Q96LT9","RNPC3",0.0199,0.946283474603606,0.917,FALSE,"ARS","C9ALS_vs_Control"
"Q02878","RPL6",0.00797,0.958002891623947,0.917,FALSE,"ARS","C9ALS_vs_Control"
"P62241","RPS8",0.0163,0.955522988708907,0.917,FALSE,"ARS","C9ALS_vs_Control"
"P09661","SNRPA1",0.00963,0.956088755565538,0.917,FALSE,"ARS","C9ALS_vs_Control"
"Q6P1X5","TAF2",0.00965,0.962765450302518,0.917,FALSE,"ARS","C9ALS_vs_Control"
"Q9P2D1;Q3L8U1","CHD7",-0.00339,0.983094227364744,0.918,FALSE,"ARS","C9ALS_vs_Control"
"P01861","IGHG4",0.00965,0.9753560828259,0.918,FALSE,"ARS","C9ALS_vs_Control"
"Q08170","SRSF4",0.00659,0.983740264420922,0.918,FALSE,"ARS","C9ALS_vs_Control"
"Q13247","SRSF6",-0.00274,0.99162806710977,0.918,FALSE,"ARS","C9ALS_vs_Control"
"Q04917","YWHAH",-0.0036,0.995133187308499,0.918,FALSE,"ARS","C9ALS_vs_Control"
"Q13885;A6NNZ2","TUBB2A",4.54,8.61522563371538e-10,6.7e-07,TRUE,"CTRL","C9ALS_vs_Control"
"P51116","FXR2",3.23,2.70482147080635e-09,2.24e-05,TRUE,"CTRL","C9ALS_vs_Control"
"Q5T5P2","KIAA1217",-5.82,3.40329095155259e-09,3.1e-05,TRUE,"CTRL","C9ALS_vs_Control"
"Q15027","ACAP1",3.59,5.7533882070762e-09,8.01e-05,TRUE,"CTRL","C9ALS_vs_Control"
"P10645","CHGA",-3.84,5.871364574796e-09,8.2e-05,TRUE,"CTRL","C9ALS_vs_Control"
"O15240","VGF",-4.15,6.06557062989415e-09,8.5e-05,TRUE,"CTRL","C9ALS_vs_Control"
"Q14624","ITIH4",-4.2,3.37274801968682e-08,0.00379,TRUE,"CTRL","C9ALS_vs_Control"
"P0DP25;P0DP24;P0DP23;P27482;P02585","P0DP25",2.55,3.78308467410514e-08,0.00449,TRUE,"CTRL","C9ALS_vs_Control"
"Q9NWH9","SLTM",-2.82,1.04180043567888e-07,0.0217,TRUE,"CTRL","C9ALS_vs_Control"
"O43795","MYO1B",2.49,1.08207515661821e-07,0.0228,TRUE,"CTRL","C9ALS_vs_Control"
"Q14244","MAP7",-3.03,1.72480499264265e-07,0.0448,TRUE,"CTRL","C9ALS_vs_Control"
"Q9HCB6","SPON1",5.37,1.92898663554895e-07,0.0521,FALSE,"CTRL","C9ALS_vs_Control"
"P61278","SST",-2.59,2.76841491424027e-07,0.0822,FALSE,"CTRL","C9ALS_vs_Control"
"Q14576","ELAVL3",3.41,3.695898902983e-07,0.114,FALSE,"CTRL","C9ALS_vs_Control"
"Q15717","ELAVL1",3.93,5.69403423819604e-07,0.177,FALSE,"CTRL","C9ALS_vs_Control"
"P01834","IGKC",-3.33,8.78092815879903e-07,0.257,FALSE,"CTRL","C9ALS_vs_Control"
"Q969Q0","RPL36AL",3,1.0897951118832e-06,0.302,FALSE,"CTRL","C9ALS_vs_Control"
"Q86SE5","RALYL",2.38,1.32724798956638e-06,0.344,FALSE,"CTRL","C9ALS_vs_Control"
"O43684","BUB3",3.63,1.44231566904458e-06,0.362,FALSE,"CTRL","C9ALS_vs_Control"
"P20290","BTF3",-3.47,1.75548474787386e-06,0.406,FALSE,"CTRL","C9ALS_vs_Control"
"Q8WXI9","GATAD2B",-1.33,1.89494331819253e-06,0.423,FALSE,"CTRL","C9ALS_vs_Control"
"P18887","XRCC1",-2.98,2.60497418908621e-06,0.492,FALSE,"CTRL","C9ALS_vs_Control"
"Q9NZB2","FAM120A",1.92,2.97490001237586e-06,0.52,FALSE,"CTRL","C9ALS_vs_Control"
"P0DOY3;P0DOY2;P0CG04;P0CF74;B9A064","IGLC1",-3.18,3.02686829397208e-06,0.523,FALSE,"CTRL","C9ALS_vs_Control"
"Q14315","FLNC",1.76,3.95501339430976e-06,0.577,FALSE,"CTRL","C9ALS_vs_Control"
"O43395","PRPF3",1.82,4.03246032531219e-06,0.581,FALSE,"CTRL","C9ALS_vs_Control"
"O95777","LSM8",2.43,4.06309933168873e-06,0.582,FALSE,"CTRL","C9ALS_vs_Control"
"Q13813","SPTAN1",3.11,4.22172680824868e-06,0.589,FALSE,"CTRL","C9ALS_vs_Control"
"A6NNA2","SRRM3",2.23,4.43123687701012e-06,0.598,FALSE,"CTRL","C9ALS_vs_Control"
"O60885","BRD4",-1.52,4.90971476572302e-06,0.617,FALSE,"CTRL","C9ALS_vs_Control"
"O00159","MYO1C",2.56,5.05369539159981e-06,0.622,FALSE,"CTRL","C9ALS_vs_Control"
"Q8ND56","LSM14A",1.86,5.10957158451887e-06,0.624,FALSE,"CTRL","C9ALS_vs_Control"
"Q13547;O15379","HDAC1",-2.55,5.30286521325154e-06,0.631,FALSE,"CTRL","C9ALS_vs_Control"
"P63092;Q5JWF2;P38405","GNAS",2.77,5.77742193062506e-06,0.645,FALSE,"CTRL","C9ALS_vs_Control"
"Q6PJT7","ZC3H14",1.52,5.81668851382559e-06,0.646,FALSE,"CTRL","C9ALS_vs_Control"
"Q9Y608","LRRFIP2",3.76,6.13855901616909e-06,0.655,FALSE,"CTRL","C9ALS_vs_Control"
"P38159;O75526;Q8N7X1","RBMX",-1.56,6.16914624432532e-06,0.656,FALSE,"CTRL","C9ALS_vs_Control"
"P24928","POLR2A",-1.45,6.56706469346403e-06,0.666,FALSE,"CTRL","C9ALS_vs_Control"
"Q92804","TAF15",-2.42,7.63248635764145e-06,0.69,FALSE,"CTRL","C9ALS_vs_Control"
"Q9NZR1","TMOD2",2.74,8.11913184079879e-06,0.699,FALSE,"CTRL","C9ALS_vs_Control"
"Q969G3","SMARCE1",3.81,1.10374986371197e-05,0.74,FALSE,"CTRL","C9ALS_vs_Control"
"P01857","IGHG1",-2.53,1.12874176741487e-05,0.743,FALSE,"CTRL","C9ALS_vs_Control"
"Q5SQI0","ATAT1",1.37,1.23493846195251e-05,0.754,FALSE,"CTRL","C9ALS_vs_Control"
"Q15393","SF3B3",1.81,1.2585445167414e-05,0.756,FALSE,"CTRL","C9ALS_vs_Control"
"O60306","AQR",2.73,1.34309394593649e-05,0.764,FALSE,"CTRL","C9ALS_vs_Control"
"P05783;CON__Q92764;CON__Q497I4;Q92764;CON__H-INV:HIT000015463","KRT18",-1.68,1.53966911368145e-05,0.779,FALSE,"CTRL","C9ALS_vs_Control"
"P35580","MYH10",1.81,1.56764169242542e-05,0.781,FALSE,"CTRL","C9ALS_vs_Control"
"P35637","FUS",-2.77,1.62263208434734e-05,0.784,FALSE,"CTRL","C9ALS_vs_Control"
"P14649","MYL6B",1.43,1.75536144737181e-05,0.792,FALSE,"CTRL","C9ALS_vs_Control"
"Q92614","MYO18A",1.74,1.89085532397983e-05,0.799,FALSE,"CTRL","C9ALS_vs_Control"
"P02787;CON__Q2HJF0","TF",-4.09,1.92836931690927e-05,0.801,FALSE,"CTRL","C9ALS_vs_Control"
"Q15029","EFTUD2",2.08,2.4343357683143e-05,0.822,FALSE,"CTRL","C9ALS_vs_Control"
"Q13123","IK",1.3,2.68351992786685e-05,0.83,FALSE,"CTRL","C9ALS_vs_Control"
"Q9HCS7","XAB2",3.07,2.8792782364833e-05,0.835,FALSE,"CTRL","C9ALS_vs_Control"
"Q7L099;Q96T51","RUFY3",1.92,2.94134106253166e-05,0.837,FALSE,"CTRL","C9ALS_vs_Control"
"Q8WYP5","AHCTF1",-2.26,2.99011950998264e-05,0.838,FALSE,"CTRL","C9ALS_vs_Control"
"P08670;P17661","VIM",1.64,3.00732446449728e-05,0.838,FALSE,"CTRL","C9ALS_vs_Control"
"Q12873","CHD3",-1.25,3.01993133260191e-05,0.839,FALSE,"CTRL","C9ALS_vs_Control"
"Q9P013","CWC15",1.22,3.04587168072653e-05,0.839,FALSE,"CTRL","C9ALS_vs_Control"
"Q02880","TOP2B",-2.34,3.4238403849375e-05,0.848,FALSE,"CTRL","C9ALS_vs_Control"
"P15924","DSP",-4.56,3.63360439028977e-05,0.852,FALSE,"CTRL","C9ALS_vs_Control"
"P11047","LAMC1",-1.64,3.67085220393095e-05,0.852,FALSE,"CTRL","C9ALS_vs_Control"
"Q13573","SNW1",1.12,3.95357686328861e-05,0.857,FALSE,"CTRL","C9ALS_vs_Control"
"Q93045","STMN2",1.41,4.2892877059891e-05,0.862,FALSE,"CTRL","C9ALS_vs_Control"
"O60828","PQBP1",1.28,4.508076831267e-05,0.865,FALSE,"CTRL","C9ALS_vs_Control"
"P04792","HSPB1",-3.17,4.56701120093197e-05,0.866,FALSE,"CTRL","C9ALS_vs_Control"
"P39060","COL18A1",-2.2,4.68162800773268e-05,0.868,FALSE,"CTRL","C9ALS_vs_Control"
"P68371","TUBB4B",0.967,4.82957573202639e-05,0.869,FALSE,"CTRL","C9ALS_vs_Control"
"Q9NW64","RBM22",2.16,4.85912333501579e-05,0.87,FALSE,"CTRL","C9ALS_vs_Control"
"Q9ULR0","ISY1",1.74,4.997962489052e-05,0.871,FALSE,"CTRL","C9ALS_vs_Control"
"O95926","SYF2",2.11,5.06269454191556e-05,0.872,FALSE,"CTRL","C9ALS_vs_Control"
"P07196","NEFL",1.4,5.31019637803317e-05,0.875,FALSE,"CTRL","C9ALS_vs_Control"
"Q9BVA1","TUBB2B",1.01,5.46650191628879e-05,0.876,FALSE,"CTRL","C9ALS_vs_Control"
"Q71U36;P0DPH8;P0DPH7;Q6PEY2","TUBA1A",0.951,5.92632943489118e-05,0.88,FALSE,"CTRL","C9ALS_vs_Control"
"Q86VP6;O75155","CAND1",1.86,6.07649750049822e-05,0.882,FALSE,"CTRL","C9ALS_vs_Control"
"Q6P2Q9","PRPF8",1.73,6.15199523741422e-05,0.882,FALSE,"CTRL","C9ALS_vs_Control"
"O95631","NTN1",1.98,6.23556537743363e-05,0.883,FALSE,"CTRL","C9ALS_vs_Control"
"Q86YP4","GATAD2A",-1.31,6.34447976465259e-05,0.884,FALSE,"CTRL","C9ALS_vs_Control"
"Q9Y4I1","MYO5A",1.63,6.96830384618479e-05,0.888,FALSE,"CTRL","C9ALS_vs_Control"
"P46781","RPS9",0.898,7.56411206287998e-05,0.892,FALSE,"CTRL","C9ALS_vs_Control"
"P07437","TUBB",1.08,8.2061649613998e-05,0.896,FALSE,"CTRL","C9ALS_vs_Control"
"Q14151","SAFB2",-1.81,8.54399973571062e-05,0.897,FALSE,"CTRL","C9ALS_vs_Control"
"O75083","WDR1",2,8.51582684056804e-05,0.897,FALSE,"CTRL","C9ALS_vs_Control"
"P48681","NES",0.819,8.73349567460828e-05,0.898,FALSE,"CTRL","C9ALS_vs_Control"
"P78559","MAP1A",-1.75,9.30340221601466e-05,0.901,FALSE,"CTRL","C9ALS_vs_Control"
"P07197","NEFM",0.895,9.4219208233655e-05,0.901,FALSE,"CTRL","C9ALS_vs_Control"
"Q9NYL9","TMOD3",2.81,9.36868903232887e-05,0.901,FALSE,"CTRL","C9ALS_vs_Control"
"Q9H2P0","ADNP",-1.12,9.54348935704139e-05,0.902,FALSE,"CTRL","C9ALS_vs_Control"
"P49916","LIG3",-2.07,9.510802586888e-05,0.902,FALSE,"CTRL","C9ALS_vs_Control"
"Q9NUL3","STAU2",1.1,9.50950176860244e-05,0.902,FALSE,"CTRL","C9ALS_vs_Control"
"Q9NXV6","CDKN2AIP",-1.44,9.92274327807745e-05,0.903,FALSE,"CTRL","C9ALS_vs_Control"
"P62191","PSMC1",1.66,9.76780962372585e-05,0.903,FALSE,"CTRL","C9ALS_vs_Control"
"Q9BZJ0","CRNKL1",1.68,0.000116518896825695,0.909,FALSE,"CTRL","C9ALS_vs_Control"
"O94776","MTA2",-1.17,0.000114583500643133,0.909,FALSE,"CTRL","C9ALS_vs_Control"
"P60660","MYL6",1.6,0.000114120841179176,0.909,FALSE,"CTRL","C9ALS_vs_Control"
"P16989","YBX3",1.25,0.000116179521836686,0.909,FALSE,"CTRL","C9ALS_vs_Control"
"Q14839","CHD4",-1.23,0.000119640103748486,0.91,FALSE,"CTRL","C9ALS_vs_Control"
"P29375","KDM5A",-1.35,0.00012003720936625,0.91,FALSE,"CTRL","C9ALS_vs_Control"
"P25391","LAMA1",-2.09,0.000120703204080127,0.911,FALSE,"CTRL","C9ALS_vs_Control"
"P14923","JUP",-3.81,0.00012975142289994,0.913,FALSE,"CTRL","C9ALS_vs_Control"
"Q13838","DDX39B",1.28,0.000134403781970511,0.914,FALSE,"CTRL","C9ALS_vs_Control"
"O95400","CD2BP2",-1.16,0.000137142004493669,0.915,FALSE,"CTRL","C9ALS_vs_Control"
"P06753","TPM3",0.952,0.000136482681347366,0.915,FALSE,"CTRL","C9ALS_vs_Control"
"Q9NZI8;REV__Q15833","IGF2BP1",1.29,0.000143885416469171,0.916,FALSE,"CTRL","C9ALS_vs_Control"
"P67936;Q2TAC2","TPM4",0.825,0.000144308486981422,0.917,FALSE,"CTRL","C9ALS_vs_Control"
"P26378","ELAVL4",1.93,0.000151746147294254,0.918,FALSE,"CTRL","C9ALS_vs_Control"
"Q9Y4Y9","LSM5",1.19,0.000151362525759448,0.918,FALSE,"CTRL","C9ALS_vs_Control"
"P68363","TUBA1B",1.02,0.000157646243548296,0.919,FALSE,"CTRL","C9ALS_vs_Control"
"O94964","SOGA1",1.52,0.000159284420131089,0.92,FALSE,"CTRL","C9ALS_vs_Control"
"Q13185","CBX3",-2.36,0.000166964217098965,0.921,FALSE,"CTRL","C9ALS_vs_Control"
"Q02413;P32926;Q86SJ6","DSG1",-4.38,0.00016901582675529,0.921,FALSE,"CTRL","C9ALS_vs_Control"
"Q9NYF8","BCLAF1",-0.861,0.000174161080075188,0.922,FALSE,"CTRL","C9ALS_vs_Control"
"P09874","PARP1",-4.4,0.000179590282269742,0.923,FALSE,"CTRL","C9ALS_vs_Control"
"Q13509","TUBB3",1.07,0.000183447326959371,0.924,FALSE,"CTRL","C9ALS_vs_Control"
"Q00839","HNRNPU",-0.732,0.000194080558748429,0.925,FALSE,"CTRL","C9ALS_vs_Control"
"P49458","SRP9",1.15,0.000191126404210501,0.925,FALSE,"CTRL","C9ALS_vs_Control"
"P04350","TUBB4A",2.22,0.000194314782984943,0.925,FALSE,"CTRL","C9ALS_vs_Control"
"P07951","TPM2",1.38,0.000201808047446623,0.926,FALSE,"CTRL","C9ALS_vs_Control"
"P07942","LAMB1",-2.02,0.000203770768984851,0.927,FALSE,"CTRL","C9ALS_vs_Control"
"O43172","PRPF4",0.94,0.000205509063265326,0.927,FALSE,"CTRL","C9ALS_vs_Control"
"Q9Y6M1","IGF2BP2",1.95,0.00021431367121893,0.928,FALSE,"CTRL","C9ALS_vs_Control"
"Q9BQG0","MYBBP1A",-1.14,0.000214394926181942,0.928,FALSE,"CTRL","C9ALS_vs_Control"
"Q86U42;A6NDY0","PABPN1",2.78,0.000217000096304933,0.928,FALSE,"CTRL","C9ALS_vs_Control"
"Q9UPY3","DICER1",1.08,0.000226828621341463,0.929,FALSE,"CTRL","C9ALS_vs_Control"
"P82979","SARNP",1.04,0.000219415136666103,0.929,FALSE,"CTRL","C9ALS_vs_Control"
"Q9UIG0","BAZ1B",-1.42,0.000231675026138357,0.93,FALSE,"CTRL","C9ALS_vs_Control"
"Q9Y281","CFL2",1.7,0.00023417718079437,0.93,FALSE,"CTRL","C9ALS_vs_Control"
"Q9ULV4;Q6QEF8","CORO1C",1.58,0.000236867933964182,0.931,FALSE,"CTRL","C9ALS_vs_Control"
"Q09161","NCBP1",2.28,0.000239978498207412,0.931,FALSE,"CTRL","C9ALS_vs_Control"
"P30153","PPP2R1A",2.21,0.000246302118792356,0.931,FALSE,"CTRL","C9ALS_vs_Control"
"O75934","BCAS2",1.47,0.000256418738995773,0.932,FALSE,"CTRL","C9ALS_vs_Control"
"Q2Q1W2","TRIM71",1.29,0.000266623908053678,0.933,FALSE,"CTRL","C9ALS_vs_Control"
"Q96KM6","ZNF512B",-2.19,0.00027322927906508,0.934,FALSE,"CTRL","C9ALS_vs_Control"
"Q16643","DBN1",1.91,0.00029174939137259,0.935,FALSE,"CTRL","C9ALS_vs_Control"
"Q6UN15","FIP1L1",-1.05,0.000286706962220568,0.935,FALSE,"CTRL","C9ALS_vs_Control"
"P09661","SNRPA1",1.22,0.000289120770835821,0.935,FALSE,"CTRL","C9ALS_vs_Control"
"P42766","RPL35",1.38,0.000304986186585131,0.936,FALSE,"CTRL","C9ALS_vs_Control"
"Q9P2Y4","ZNF219",-1.06,0.000301716980532751,0.936,FALSE,"CTRL","C9ALS_vs_Control"
"Q8IXM2","BAP18",-1.2,0.000318222695154597,0.937,FALSE,"CTRL","C9ALS_vs_Control"
"Q9UMS4","PRPF19",1.36,0.00031816681438693,0.937,FALSE,"CTRL","C9ALS_vs_Control"
"O75151","PHF2",-1.32,0.000328415200855001,0.938,FALSE,"CTRL","C9ALS_vs_Control"
"Q8WUA2","PPIL4",-1.16,0.000328336013520099,0.938,FALSE,"CTRL","C9ALS_vs_Control"
"Q96N64","PWWP2A",-1.48,0.000321617781619411,0.938,FALSE,"CTRL","C9ALS_vs_Control"
"Q9Y2W1","THRAP3",-0.917,0.000332572838589562,0.938,FALSE,"CTRL","C9ALS_vs_Control"
"Q96KR1","ZFR",1.23,0.000328637127561978,0.938,FALSE,"CTRL","C9ALS_vs_Control"
"P67809;Q9Y2T7","YBX1",0.902,0.000343483211458099,0.939,FALSE,"CTRL","C9ALS_vs_Control"
"Q9ULX6","AKAP8L",2.22,0.000358012711618874,0.94,FALSE,"CTRL","C9ALS_vs_Control"
"Q9UM54","MYO6",1.49,0.000361741756152588,0.94,FALSE,"CTRL","C9ALS_vs_Control"
"Q13207","TBX2",-2.02,0.000367623323384744,0.94,FALSE,"CTRL","C9ALS_vs_Control"
"Q14562","DHX8",-0.816,0.000375566112732934,0.941,FALSE,"CTRL","C9ALS_vs_Control"
"P27448;Q9P0L2","MARK3",-1.4,0.000389410544170868,0.941,FALSE,"CTRL","C9ALS_vs_Control"
"Q09028","RBBP4",-0.959,0.000384753734692856,0.941,FALSE,"CTRL","C9ALS_vs_Control"
"O43818","RRP9",-1.76,0.000380347755693773,0.941,FALSE,"CTRL","C9ALS_vs_Control"
"Q6ZN17","LIN28B",1.05,0.000407827592485931,0.942,FALSE,"CTRL","C9ALS_vs_Control"
"Q8N1F7","NUP93",0.933,0.000402440588141282,0.942,FALSE,"CTRL","C9ALS_vs_Control"
"Q15424","SAFB",-1.11,0.000403695507218952,0.942,FALSE,"CTRL","C9ALS_vs_Control"
"O43290","SART1",-0.94,0.000409026370943892,0.942,FALSE,"CTRL","C9ALS_vs_Control"
"O43670","ZNF207",1.48,0.000402366697961755,0.942,FALSE,"CTRL","C9ALS_vs_Control"
"Q499Z4;Q99612;Q9BSK1;P52747;O94892;Q9NX65;Q8WXB4","ZNF672",-1.37,0.000406848336910588,0.942,FALSE,"CTRL","C9ALS_vs_Control"
"P68032;P63267;P62736;P68133","ACTC1",1.85,0.000420767467863335,0.943,FALSE,"CTRL","C9ALS_vs_Control"
"Q8IVW6","ARID3B",-1.99,0.000427641873250443,0.943,FALSE,"CTRL","C9ALS_vs_Control"
"Q12830","BPTF",-1.21,0.000422620297700741,0.943,FALSE,"CTRL","C9ALS_vs_Control"
"O94832","MYO1D",1.47,0.000429334195478608,0.943,FALSE,"CTRL","C9ALS_vs_Control"
"P02545","LMNA",-1.5,0.000441856977089881,0.944,FALSE,"CTRL","C9ALS_vs_Control"
"O43513","MED7",-1.41,0.000452272048857514,0.944,FALSE,"CTRL","C9ALS_vs_Control"
"P08237","PFKM",2.24,0.00044128106809719,0.944,FALSE,"CTRL","C9ALS_vs_Control"
"O00425","IGF2BP3",0.987,0.000466759248171562,0.945,FALSE,"CTRL","C9ALS_vs_Control"
"Q5T749","KPRP",-4.18,0.000463011062914641,0.945,FALSE,"CTRL","C9ALS_vs_Control"
"Q96G61;Q8NFP7;A0A024RBG1;Q9NZJ9;O95989","NUDT11",0.949,0.00046946553029769,0.945,FALSE,"CTRL","C9ALS_vs_Control"
"O75569","PRKRA",1.59,0.000465057008799273,0.945,FALSE,"CTRL","C9ALS_vs_Control"
"P48634","PRRC2A",-1.79,0.000462287054514181,0.945,FALSE,"CTRL","C9ALS_vs_Control"
"Q9C0J8","WDR33",-0.823,0.000467148794909304,0.945,FALSE,"CTRL","C9ALS_vs_Control"
"Q8IWU6","SULF1",2.24,0.000508974213634835,0.946,FALSE,"CTRL","C9ALS_vs_Control"
"Q7Z7K6","CENPV",-1.46,0.000517120536867407,0.947,FALSE,"CTRL","C9ALS_vs_Control"
"Q16777;Q6FI13","HIST2H2AC",-1.2,0.00053548426269595,0.947,FALSE,"CTRL","C9ALS_vs_Control"
"P46783;Q9NQ39","RPS10",-0.895,0.000514479393342854,0.947,FALSE,"CTRL","C9ALS_vs_Control"
"Q12962","TAF10",-1.09,0.000520376267166208,0.947,FALSE,"CTRL","C9ALS_vs_Control"
"Q96NC0","ZMAT2",1.39,0.000516527175176079,0.947,FALSE,"CTRL","C9ALS_vs_Control"
"Q96DI7","SNRNP40",0.993,0.000558735813057232,0.948,FALSE,"CTRL","C9ALS_vs_Control"
"P45973","CBX5",-1.36,0.000590097098017535,0.949,FALSE,"CTRL","C9ALS_vs_Control"
"P38919","EIF4A3",0.972,0.000597646192219246,0.949,FALSE,"CTRL","C9ALS_vs_Control"
"P07355;A6NMY6","ANXA2",-4.3,0.000636334319407106,0.95,FALSE,"CTRL","C9ALS_vs_Control"
"Q8WUD4","CCDC12",2.42,0.000620811135413173,0.95,FALSE,"CTRL","C9ALS_vs_Control"
"Q7Z6Z7","HUWE1",1,0.000652633921034975,0.95,FALSE,"CTRL","C9ALS_vs_Control"
"P51991","HNRNPA3",1.51,0.000667039066497809,0.951,FALSE,"CTRL","C9ALS_vs_Control"
"O95983","MBD3",-1.33,0.000681189148389162,0.951,FALSE,"CTRL","C9ALS_vs_Control"
"P61927","RPL37",1.87,0.000661721158724687,0.951,FALSE,"CTRL","C9ALS_vs_Control"
"Q5JTH9","RRP12",-1.24,0.000665787560368913,0.951,FALSE,"CTRL","C9ALS_vs_Control"
"P10599","TXN",-1.34,0.00065709619992247,0.951,FALSE,"CTRL","C9ALS_vs_Control"
"Q06787","FMR1",1.17,0.000741047762603429,0.952,FALSE,"CTRL","C9ALS_vs_Control"
"P50148;Q14344;Q03113","GNAQ",1.52,0.000716520095581962,0.952,FALSE,"CTRL","C9ALS_vs_Control"
"Q14739","LBR",-0.916,0.000730016494363962,0.952,FALSE,"CTRL","C9ALS_vs_Control"
"Q9Y3I0","RTCB",-1.14,0.000737194113205895,0.952,FALSE,"CTRL","C9ALS_vs_Control"
"P22314","UBA1",0.86,0.000748046796201465,0.952,FALSE,"CTRL","C9ALS_vs_Control"
"P35659","DEK",-1.61,0.000787744394789578,0.953,FALSE,"CTRL","C9ALS_vs_Control"
"P62310","LSM3",1,0.000772151606112409,0.953,FALSE,"CTRL","C9ALS_vs_Control"
"P78316","NOP14",-1.86,0.000756844122372598,0.953,FALSE,"CTRL","C9ALS_vs_Control"
"O00151","PDLIM1",1.26,0.000798403594168043,0.953,FALSE,"CTRL","C9ALS_vs_Control"
"Q15428","SF3A2",1.16,0.000792389747867892,0.953,FALSE,"CTRL","C9ALS_vs_Control"
"Q5VWG9","TAF3",-1.02,0.000781506765211527,0.953,FALSE,"CTRL","C9ALS_vs_Control"
"Q9H1E3","NUCKS1",-3.28,0.000846773318107293,0.954,FALSE,"CTRL","C9ALS_vs_Control"
"O43242","PSMD3",1.49,0.000831658817785026,0.954,FALSE,"CTRL","C9ALS_vs_Control"
"Q96E39","RBMXL1",-0.972,0.000846512256171535,0.954,FALSE,"CTRL","C9ALS_vs_Control"
"P84098","RPL19",0.893,0.00081186927643851,0.954,FALSE,"CTRL","C9ALS_vs_Control"
"Q9Y2W2","WBP11",0.756,0.000805425372092005,0.954,FALSE,"CTRL","C9ALS_vs_Control"
"P41223","BUD31",1.4,0.000918729225427986,0.955,FALSE,"CTRL","C9ALS_vs_Control"
"Q9NXE8","CWC25",0.861,0.000929061809573664,0.955,FALSE,"CTRL","C9ALS_vs_Control"
"Q99729","HNRNPAB",2.34,0.000917116531812621,0.955,FALSE,"CTRL","C9ALS_vs_Control"
"Q9H9Z2","LIN28A",0.817,0.000896537852544648,0.955,FALSE,"CTRL","C9ALS_vs_Control"
"Q9Y333","LSM2",1,0.000884423705043299,0.955,FALSE,"CTRL","C9ALS_vs_Control"
"P54577","YARS",1.25,0.000876257061334438,0.955,FALSE,"CTRL","C9ALS_vs_Control"
"Q6UB99","ANKRD11",-0.799,0.000987160327695845,0.956,FALSE,"CTRL","C9ALS_vs_Control"
"Q96JM3","CHAMP1",-1.16,0.000965657102196119,0.956,FALSE,"CTRL","C9ALS_vs_Control"
"P47756","CAPZB",2.83,0.00104900628592287,0.957,FALSE,"CTRL","C9ALS_vs_Control"
"Q96G25","MED8",-1.25,0.00108326523690652,0.957,FALSE,"CTRL","C9ALS_vs_Control"
"Q8WTT2","NOC3L",-1.02,0.00106708710455064,0.957,FALSE,"CTRL","C9ALS_vs_Control"
"P43487","RANBP1",1.54,0.00106353532603065,0.957,FALSE,"CTRL","C9ALS_vs_Control"
"Q6PCB5","RSBN1L",-0.683,0.00104609851347413,0.957,FALSE,"CTRL","C9ALS_vs_Control"
"Q9UJV9","DDX41",1.5,0.0011225683300264,0.958,FALSE,"CTRL","C9ALS_vs_Control"
"O75367","H2AFY",-2.91,0.00117858788996885,0.958,FALSE,"CTRL","C9ALS_vs_Control"
"O00566","MPHOSPH10",-1.26,0.00112139200457178,0.958,FALSE,"CTRL","C9ALS_vs_Control"
"Q86W42","THOC6",0.649,0.001136886984042,0.958,FALSE,"CTRL","C9ALS_vs_Control"
"O60244","MED14",-1.08,0.00123327177130109,0.959,FALSE,"CTRL","C9ALS_vs_Control"
"Q9NVC6","MED17",-1.76,0.00120744562541516,0.959,FALSE,"CTRL","C9ALS_vs_Control"
"Q6WCQ1","MPRIP",0.756,0.00124107369093432,0.959,FALSE,"CTRL","C9ALS_vs_Control"
"Q86UE4","MTDH",-1.89,0.00119060358163947,0.959,FALSE,"CTRL","C9ALS_vs_Control"
"P49207","RPL34",0.64,0.00125800175560876,0.959,FALSE,"CTRL","C9ALS_vs_Control"
"P83881","RPL36A",1.04,0.00128671724240771,0.959,FALSE,"CTRL","C9ALS_vs_Control"
"O94875","SORBS2",2.21,0.00118892148210076,0.959,FALSE,"CTRL","C9ALS_vs_Control"
"P12956","XRCC6",-0.879,0.00124487107521366,0.959,FALSE,"CTRL","C9ALS_vs_Control"
"P59780","AP3S2",-0.902,0.00132616727914467,0.96,FALSE,"CTRL","C9ALS_vs_Control"
"Q9NWB6","ARGLU1",1.4,0.00129690702432069,0.96,FALSE,"CTRL","C9ALS_vs_Control"
"Q14204","DYNC1H1",0.769,0.0013452510726195,0.96,FALSE,"CTRL","C9ALS_vs_Control"
"Q9P0M6","H2AFY2",-1.88,0.00130754508136164,0.96,FALSE,"CTRL","C9ALS_vs_Control"
"Q9Y4L1","HYOU1",-0.742,0.00139471119963594,0.96,FALSE,"CTRL","C9ALS_vs_Control"
"P33176","KIF5B",1.88,0.00135475036181562,0.96,FALSE,"CTRL","C9ALS_vs_Control"
"Q96A72","MAGOHB",1.01,0.00129104935824822,0.96,FALSE,"CTRL","C9ALS_vs_Control"
"P53999","SUB1",-0.899,0.00136502213557935,0.96,FALSE,"CTRL","C9ALS_vs_Control"
"Q16594","TAF9",-1.21,0.00131909659252506,0.96,FALSE,"CTRL","C9ALS_vs_Control"
"Q8NE71","ABCF1",-1.09,0.00147909176689951,0.961,FALSE,"CTRL","C9ALS_vs_Control"
"P39687;O95626;O43423","ANP32A",-2.42,0.0014415950361805,0.961,FALSE,"CTRL","C9ALS_vs_Control"
"Q53F19","C17orf85",0.877,0.00148452491267095,0.961,FALSE,"CTRL","C9ALS_vs_Control"
"Q9Y4Z0","LSM4",0.898,0.00146606773599084,0.961,FALSE,"CTRL","C9ALS_vs_Control"
"P05976;P08590","MYL1",3.42,0.00142465677736813,0.961,FALSE,"CTRL","C9ALS_vs_Control"
"Q9BWJ5","SF3B5",0.887,0.00153853776242125,0.961,FALSE,"CTRL","C9ALS_vs_Control"
"O76094","SRP72",-2.27,0.00144943334588913,0.961,FALSE,"CTRL","C9ALS_vs_Control"
"O00268;Q92750","TAF4",-0.736,0.00153082976012581,0.961,FALSE,"CTRL","C9ALS_vs_Control"
"O00468","AGRN",-1.76,0.00167866725844398,0.962,FALSE,"CTRL","C9ALS_vs_Control"
"P20020;Q01814;Q16720","ATP2B1",2.07,0.00162694237676019,0.962,FALSE,"CTRL","C9ALS_vs_Control"
"Q96GQ7","DDX27",-1.44,0.00164688980939596,0.962,FALSE,"CTRL","C9ALS_vs_Control"
"O43390","HNRNPR",1.59,0.00169363444414804,0.962,FALSE,"CTRL","C9ALS_vs_Control"
"O60282;Q86Y91","KIF5C",1.23,0.00164627718832351,0.962,FALSE,"CTRL","C9ALS_vs_Control"
"Q9UK45","LSM7",1.27,0.00159210465482554,0.962,FALSE,"CTRL","C9ALS_vs_Control"
"P20340;Q53S08","RAB6A",1.34,0.00164832351921362,0.962,FALSE,"CTRL","C9ALS_vs_Control"
"P61586","RHOA",0.926,0.00159799683221124,0.962,FALSE,"CTRL","C9ALS_vs_Control"
"Q8IWZ8","SUGP1",-0.708,0.00164774714481206,0.962,FALSE,"CTRL","C9ALS_vs_Control"
"Q08554","DSC1",-2.33,0.0017817752227214,0.963,FALSE,"CTRL","C9ALS_vs_Control"
"Q12926","ELAVL2",1.19,0.00185230483669544,0.963,FALSE,"CTRL","C9ALS_vs_Control"
"Q71UI9;P0C0S5","H2AFV",-1.49,0.00183108915677217,0.963,FALSE,"CTRL","C9ALS_vs_Control"
"P52926","HMGA2",-2.44,0.00180381123536119,0.963,FALSE,"CTRL","C9ALS_vs_Control"
"Q8IXT5","RBM12B",-3.85,0.00183559899535913,0.963,FALSE,"CTRL","C9ALS_vs_Control"
"P62851","RPS25",-1.05,0.00170980551244305,0.963,FALSE,"CTRL","C9ALS_vs_Control"
"P11387;Q969P6","TOP1",0.743,0.00182213845253332,0.963,FALSE,"CTRL","C9ALS_vs_Control"
"P80723","BASP1",-1.2,0.00192127551376257,0.964,FALSE,"CTRL","C9ALS_vs_Control"
"Q13557;Q9UQM7","CAMK2D",-1.99,0.00198976030871334,0.964,FALSE,"CTRL","C9ALS_vs_Control"
"O60508","CDC40",1.23,0.0019460143985886,0.964,FALSE,"CTRL","C9ALS_vs_Control"
"Q99459","CDC5L",0.776,0.00205921911263555,0.964,FALSE,"CTRL","C9ALS_vs_Control"
"Q96QD9","FYTTD1",0.712,0.00205591277357838,0.964,FALSE,"CTRL","C9ALS_vs_Control"
"Q99879","HIST1H2BM",-0.919,0.00196617127183192,0.964,FALSE,"CTRL","C9ALS_vs_Control"
"O60264","SMARCA5",-0.589,0.00199034870227722,0.964,FALSE,"CTRL","C9ALS_vs_Control"
"P38432","COIL",1.09,0.00210095013949184,0.965,FALSE,"CTRL","C9ALS_vs_Control"
"P62861","FAU.1",-1.59,0.00223049062090914,0.965,FALSE,"CTRL","C9ALS_vs_Control"
"Q8NC51","SERBP1",-0.95,0.00214537506720463,0.965,FALSE,"CTRL","C9ALS_vs_Control"
"O75940","SMNDC1",0.96,0.00219776348502437,0.965,FALSE,"CTRL","C9ALS_vs_Control"
"P42166","TMPO",-0.702,0.00213774870301289,0.965,FALSE,"CTRL","C9ALS_vs_Control"
"Q96JP5","ZFP91",-1.16,0.00229700091716364,0.965,FALSE,"CTRL","C9ALS_vs_Control"
"O43602","DCX",1.02,0.00244796650440902,0.966,FALSE,"CTRL","C9ALS_vs_Control"
"O14979","HNRNPDL",1.58,0.00237595604089934,0.966,FALSE,"CTRL","C9ALS_vs_Control"
"P23284","PPIB",-1.34,0.0025295852626614,0.966,FALSE,"CTRL","C9ALS_vs_Control"
"Q8WWY3","PRPF31",0.942,0.00256523888369166,0.966,FALSE,"CTRL","C9ALS_vs_Control"
"Q9UKM9","RALY",0.857,0.00241592231473211,0.966,FALSE,"CTRL","C9ALS_vs_Control"
"P62910","RPL32",0.725,0.00251547594281908,0.966,FALSE,"CTRL","C9ALS_vs_Control"
"Q9H6F5","CCDC86",-1.94,0.00293242083111611,0.967,FALSE,"CTRL","C9ALS_vs_Control"
"Q14203","DCTN1",1.56,0.0026252177357218,0.967,FALSE,"CTRL","C9ALS_vs_Control"
"Q3B7J2","GFOD2",1.03,0.0027156594126071,0.967,FALSE,"CTRL","C9ALS_vs_Control"
"P31942","HNRNPH3",2.22,0.00291214514628731,0.967,FALSE,"CTRL","C9ALS_vs_Control"
"Q16352","INA",0.594,0.0026713519612507,0.967,FALSE,"CTRL","C9ALS_vs_Control"
"P35579;REV__Q9UKV3;Q8N1T3;Q9Y2K3;Q6PIF6;Q13402","MYH9",1.15,0.00263456929236876,0.967,FALSE,"CTRL","C9ALS_vs_Control"
"Q15287","RNPS1",0.785,0.00277524596897969,0.967,FALSE,"CTRL","C9ALS_vs_Control"
"P46776","RPL27A",0.704,0.0027286854726181,0.967,FALSE,"CTRL","C9ALS_vs_Control"
"Q96T23","RSF1",-1.82,0.00283668292472555,0.967,FALSE,"CTRL","C9ALS_vs_Control"
"Q2TAY7","SMU1",1.82,0.00275664346812632,0.967,FALSE,"CTRL","C9ALS_vs_Control"
"P35908","KRT2",-2.3,0.00322857789973328,0.968,FALSE,"CTRL","C9ALS_vs_Control"
"P25205","MCM3",-1.76,0.00320020561139584,0.968,FALSE,"CTRL","C9ALS_vs_Control"
"Q9P258","RCC2",-1.13,0.00312204543489114,0.968,FALSE,"CTRL","C9ALS_vs_Control"
"P08708","RPS17",-0.872,0.00309006982732199,0.968,FALSE,"CTRL","C9ALS_vs_Control"
"Q9H7N4","SCAF1",-0.738,0.00311555617406778,0.968,FALSE,"CTRL","C9ALS_vs_Control"
"P13010","XRCC5",-0.818,0.00297255370522662,0.968,FALSE,"CTRL","C9ALS_vs_Control"
"P05089","ARG1",-2,0.00356586179101268,0.969,FALSE,"CTRL","C9ALS_vs_Control"
"P12277;P06732","CKB",0.713,0.00370594058578574,0.969,FALSE,"CTRL","C9ALS_vs_Control"
"P68400;Q8NEV1","CSNK2A1",-0.643,0.00350000989595049,0.969,FALSE,"CTRL","C9ALS_vs_Control"
"P50402","EMD",0.802,0.00334297091820231,0.969,FALSE,"CTRL","C9ALS_vs_Control"
"P22626","HNRNPA2B1",1.55,0.00362291650969903,0.969,FALSE,"CTRL","C9ALS_vs_Control"
"Q12874","SF3A3",1.28,0.00371051872852517,0.969,FALSE,"CTRL","C9ALS_vs_Control"
"P08579","SNRPB2",0.696,0.00375391586060607,0.969,FALSE,"CTRL","C9ALS_vs_Control"
"P62318","SNRPD3",0.813,0.00338870876140179,0.969,FALSE,"CTRL","C9ALS_vs_Control"
"Q9Y5B9","SUPT16H",-1.99,0.00354047224759246,0.969,FALSE,"CTRL","C9ALS_vs_Control"
"Q9H0W5","CCDC8",-1.54,0.00384119005578934,0.97,FALSE,"CTRL","C9ALS_vs_Control"
"P09104","ENO2",-1.17,0.00419527277877599,0.97,FALSE,"CTRL","C9ALS_vs_Control"
"Q96A65","EXOC4",-1.04,0.00400010288353969,0.97,FALSE,"CTRL","C9ALS_vs_Control"
"Q14697","GANAB",-1.8,0.00412480398810641,0.97,FALSE,"CTRL","C9ALS_vs_Control"
"P16401","HIST1H1B",-1.09,0.00419193555905608,0.97,FALSE,"CTRL","C9ALS_vs_Control"
"P68431;Q71DI3;Q16695","HIST1H3A",-0.831,0.0038529422626936,0.97,FALSE,"CTRL","C9ALS_vs_Control"
"P46459","NSF",0.74,0.00429583136181525,0.97,FALSE,"CTRL","C9ALS_vs_Control"
"Q5JSZ5","PRRC2B",-2.75,0.00391943057131009,0.97,FALSE,"CTRL","C9ALS_vs_Control"
"P62249","RPS16",-0.788,0.00431502393689568,0.97,FALSE,"CTRL","C9ALS_vs_Control"
"Q92499","DDX1",-0.745,0.00492765619582768,0.971,FALSE,"CTRL","C9ALS_vs_Control"
"O94905","ERLIN2",1.5,0.00458590918532963,0.971,FALSE,"CTRL","C9ALS_vs_Control"
"P09429;B2RPK0","HMGB1",-1.67,0.00466557425275472,0.971,FALSE,"CTRL","C9ALS_vs_Control"
"O00479","HMGN4",-0.956,0.00474738263835405,0.971,FALSE,"CTRL","C9ALS_vs_Control"
"P19105;O14950","MYL12A",0.995,0.00501140638035044,0.971,FALSE,"CTRL","C9ALS_vs_Control"
"P08865","RPSA",-0.966,0.0046294646771737,0.971,FALSE,"CTRL","C9ALS_vs_Control"
"P78362;Q9UPE1","SRPK2",0.86,0.00464642808467217,0.971,FALSE,"CTRL","C9ALS_vs_Control"
"Q8IX01","SUGP2",-0.534,0.00452440820005148,0.971,FALSE,"CTRL","C9ALS_vs_Control"
"P63313","TMSB10",-1.94,0.00474520666724296,0.971,FALSE,"CTRL","C9ALS_vs_Control"
"P60709","ACTB",1.29,0.00532795525041214,0.972,FALSE,"CTRL","C9ALS_vs_Control"
"Q02040","AKAP17A",0.541,0.0053536011455354,0.972,FALSE,"CTRL","C9ALS_vs_Control"
"Q9NZT1","CALML5",-1.78,0.00566794493752611,0.972,FALSE,"CTRL","C9ALS_vs_Control"
"O14579","COPE",0.874,0.00539402467233461,0.972,FALSE,"CTRL","C9ALS_vs_Control"
"Q99829","CPNE1",-0.907,0.00515237153336772,0.972,FALSE,"CTRL","C9ALS_vs_Control"
"O00571;Q9NQI0","DDX3X",-0.634,0.00509956798775031,0.972,FALSE,"CTRL","C9ALS_vs_Control"
"Q03001","DST",3.19,0.00581294332670988,0.972,FALSE,"CTRL","C9ALS_vs_Control"
"P55010","EIF5",-1.4,0.00517404220518766,0.972,FALSE,"CTRL","C9ALS_vs_Control"
"P06733;P13929","ENO1",-1.43,0.00583136598292671,0.972,FALSE,"CTRL","C9ALS_vs_Control"
"Q9H4G0","EPB41L1",-1.05,0.00521245994225778,0.972,FALSE,"CTRL","C9ALS_vs_Control"
"Q9NZM5","GLTSCR2",0.97,0.00542053252472199,0.972,FALSE,"CTRL","C9ALS_vs_Control"
"Q93077;Q7L7L0;P04908","HIST1H2AC",-1.28,0.00557483606451681,0.972,FALSE,"CTRL","C9ALS_vs_Control"
"P31943","HNRNPH1",1.23,0.00528158576740534,0.972,FALSE,"CTRL","C9ALS_vs_Control"
"P02790","HPX",-3.48,0.00516363753376658,0.972,FALSE,"CTRL","C9ALS_vs_Control"
"P34932","HSPA4",0.772,0.00503345229835893,0.972,FALSE,"CTRL","C9ALS_vs_Control"
"Q12906","ILF3",0.727,0.00533137607487723,0.972,FALSE,"CTRL","C9ALS_vs_Control"
"Q07666;Q9H6N6","KHDRBS1",-0.642,0.00556026689491436,0.972,FALSE,"CTRL","C9ALS_vs_Control"
"Q6PKG0","LARP1",0.884,0.00552773333716806,0.972,FALSE,"CTRL","C9ALS_vs_Control"
"Q99873;Q9NR22","PRMT1",0.948,0.00557727564656028,0.972,FALSE,"CTRL","C9ALS_vs_Control"
"Q12824","SMARCB1",-0.73,0.00544752432381795,0.972,FALSE,"CTRL","C9ALS_vs_Control"
"O15371","EIF3D",-0.822,0.00599393594455986,0.973,FALSE,"CTRL","C9ALS_vs_Control"
"P36915","GNL1",-1.22,0.00643195875625115,0.973,FALSE,"CTRL","C9ALS_vs_Control"
"Q92769","HDAC2",-0.606,0.00608362816004126,0.973,FALSE,"CTRL","C9ALS_vs_Control"
"Q07866","KLC1",1.65,0.00642886989890601,0.973,FALSE,"CTRL","C9ALS_vs_Control"
"P04264","KRT1",-2.1,0.00650707988195749,0.973,FALSE,"CTRL","C9ALS_vs_Control"
"Q13503","MED21",0.76,0.00607819498906065,0.973,FALSE,"CTRL","C9ALS_vs_Control"
"Q9Y2X3","NOP58",-0.52,0.00658428821189104,0.973,FALSE,"CTRL","C9ALS_vs_Control"
"Q13310","PABPC4",0.882,0.0058971185849289,0.973,FALSE,"CTRL","C9ALS_vs_Control"
"O43660","PLRG1",0.76,0.0058586765710937,0.973,FALSE,"CTRL","C9ALS_vs_Control"
"P30876","POLR2B",-0.729,0.00632053237346279,0.973,FALSE,"CTRL","C9ALS_vs_Control"
"P63151;Q00005;Q9Y2T4","PPP2R2A",1.04,0.00637553839627532,0.973,FALSE,"CTRL","C9ALS_vs_Control"
"P32119","PRDX2",-1.58,0.00601593799852649,0.973,FALSE,"CTRL","C9ALS_vs_Control"
"Q9Y5S9","RBM8A",0.82,0.006435447020362,0.973,FALSE,"CTRL","C9ALS_vs_Control"
"Q9UJS0","SLC25A13",0.986,0.00660024930653382,0.973,FALSE,"CTRL","C9ALS_vs_Control"
"Q08945","SSRP1",-2.09,0.0064036104310785,0.973,FALSE,"CTRL","C9ALS_vs_Control"
"P09493","TPM1",1.16,0.00594391500483793,0.973,FALSE,"CTRL","C9ALS_vs_Control"
"Q5T4S7","UBR4",0.989,0.00585927513077516,0.973,FALSE,"CTRL","C9ALS_vs_Control"
"Q8WVS4","WDR60",-2.11,0.00651326621411889,0.973,FALSE,"CTRL","C9ALS_vs_Control"
"Q86V81","ALYREF",0.598,0.00721380614955951,0.974,FALSE,"CTRL","C9ALS_vs_Control"
"Q01484","ANK2",1.15,0.00796150808162238,0.974,FALSE,"CTRL","C9ALS_vs_Control"
"Q14444","CAPRIN1",0.788,0.00691723627496901,0.974,FALSE,"CTRL","C9ALS_vs_Control"
"Q9Y3Y2","CHTOP",0.677,0.00721475737207,0.974,FALSE,"CTRL","C9ALS_vs_Control"
"Q9BZE4","GTPBP4",1.28,0.00716107257679357,0.974,FALSE,"CTRL","C9ALS_vs_Control"
"Q96GA3","LTV1",-0.554,0.00799518855775409,0.974,FALSE,"CTRL","C9ALS_vs_Control"
"P43243","MATR3",-0.471,0.00807042054238131,0.974,FALSE,"CTRL","C9ALS_vs_Control"
"Q15648","MED1",-1.68,0.00801069991815694,0.974,FALSE,"CTRL","C9ALS_vs_Control"
"O95402","MED26",-1.64,0.00746399222773109,0.974,FALSE,"CTRL","C9ALS_vs_Control"
"Q9HCD5","NCOA5",-2.39,0.0078677208822003,0.974,FALSE,"CTRL","C9ALS_vs_Control"
"P09455","RBP1",1.58,0.00803782959014358,0.974,FALSE,"CTRL","C9ALS_vs_Control"
"P62277","RPS13",-0.531,0.00748939460161334,0.974,FALSE,"CTRL","C9ALS_vs_Control"
"P62854;Q5JNZ5","RPS26",0.529,0.00736261692656424,0.974,FALSE,"CTRL","C9ALS_vs_Control"
"Q9P2I0","CPSF2",-0.664,0.00878611477034475,0.975,FALSE,"CTRL","C9ALS_vs_Control"
"Q9UKJ3","GPATCH8",0.623,0.0088570618298168,0.975,FALSE,"CTRL","C9ALS_vs_Control"
"P62805","HIST1H4A",-0.645,0.00817412176690158,0.975,FALSE,"CTRL","C9ALS_vs_Control"
"P09651;Q32P51","HNRNPA1",1.21,0.00854902766562587,0.975,FALSE,"CTRL","C9ALS_vs_Control"
"Q12905","ILF2",0.976,0.00837435422467661,0.975,FALSE,"CTRL","C9ALS_vs_Control"
"O00567","NOP56",-0.602,0.00832260944588493,0.975,FALSE,"CTRL","C9ALS_vs_Control"
"Q06830","PRDX1",0.721,0.00884905233684644,0.975,FALSE,"CTRL","C9ALS_vs_Control"
"Q96PK6","RBM14",0.533,0.00971383633052752,0.975,FALSE,"CTRL","C9ALS_vs_Control"
"Q6UWP8","SBSN",-1.64,0.00815919521119236,0.975,FALSE,"CTRL","C9ALS_vs_Control"
"Q15459","SF3A1",0.507,0.00914128502216487,0.975,FALSE,"CTRL","C9ALS_vs_Control"
"Q13148","TARDBP",0.818,0.00852430060923804,0.975,FALSE,"CTRL","C9ALS_vs_Control"
"Q12888","TP53BP1",-0.471,0.00883260976614932,0.975,FALSE,"CTRL","C9ALS_vs_Control"
"Q9NP64","ZCCHC17",0.525,0.00898584080017349,0.975,FALSE,"CTRL","C9ALS_vs_Control"
"Q9NYV4;REV__Q05397","CDK12",-0.628,0.0113680599374066,0.976,FALSE,"CTRL","C9ALS_vs_Control"
"P23528","CFL1",0.735,0.0105198108515826,0.976,FALSE,"CTRL","C9ALS_vs_Control"
"P33240","CSTF2",-0.986,0.00981160454098269,0.976,FALSE,"CTRL","C9ALS_vs_Control"
"P61962","DCAF7",0.614,0.0103233880336107,0.976,FALSE,"CTRL","C9ALS_vs_Control"
"Q9UI10","EIF2B4",-0.614,0.0108991568916131,0.976,FALSE,"CTRL","C9ALS_vs_Control"
"Q49A26","GLYR1",-1.38,0.0101470679764816,0.976,FALSE,"CTRL","C9ALS_vs_Control"
"Q58FF8","HSP90AB2P",-1.95,0.0115928958314434,0.976,FALSE,"CTRL","C9ALS_vs_Control"
"Q9UNF1","MAGED2",-0.901,0.0105452809781584,0.976,FALSE,"CTRL","C9ALS_vs_Control"
"Q9P2K5","MYEF2",0.693,0.0101637573719615,0.976,FALSE,"CTRL","C9ALS_vs_Control"
"Q9BWF3","RBM4",0.52,0.0106600026109846,0.976,FALSE,"CTRL","C9ALS_vs_Control"
"Q9BRS2","RIOK1",-0.956,0.0114693845640595,0.976,FALSE,"CTRL","C9ALS_vs_Control"
"P26373","RPL13",0.486,0.0115383082156193,0.976,FALSE,"CTRL","C9ALS_vs_Control"
"P05388;Q8NHW5","RPLP0",0.586,0.0117856258521689,0.976,FALSE,"CTRL","C9ALS_vs_Control"
"P84103","SRSF3",1.23,0.0101729576199079,0.976,FALSE,"CTRL","C9ALS_vs_Control"
"Q13243","SRSF5",0.756,0.0115110216806779,0.976,FALSE,"CTRL","C9ALS_vs_Control"
"Q15542;O60303","TAF5",-0.62,0.0104630078362763,0.976,FALSE,"CTRL","C9ALS_vs_Control"
"Q4KMP7","TBC1D10B",-1.33,0.0112234624902366,0.976,FALSE,"CTRL","C9ALS_vs_Control"
"Q13428","TCOF1",-0.469,0.0103160707059037,0.976,FALSE,"CTRL","C9ALS_vs_Control"
"Q9BRP8","WIBG",-1.06,0.0113011472973832,0.976,FALSE,"CTRL","C9ALS_vs_Control"
"O95785","WIZ",-1.16,0.0117868162095746,0.976,FALSE,"CTRL","C9ALS_vs_Control"
"Q66PJ3","ARL6IP4",0.66,0.0122379925839372,0.977,FALSE,"CTRL","C9ALS_vs_Control"
"P04040","CAT",-1.64,0.0124734900251992,0.977,FALSE,"CTRL","C9ALS_vs_Control"
"P29373","CRABP2",1,0.0136855535472111,0.977,FALSE,"CTRL","C9ALS_vs_Control"
"Q08211","DHX9",1.08,0.012279261569902,0.977,FALSE,"CTRL","C9ALS_vs_Control"
"P26583","HMGB2",-1.28,0.0142925413782932,0.977,FALSE,"CTRL","C9ALS_vs_Control"
"P61978","HNRNPK",0.816,0.0134064220835582,0.977,FALSE,"CTRL","C9ALS_vs_Control"
"Q8WVC0","LEO1",-1.57,0.0139542935634577,0.977,FALSE,"CTRL","C9ALS_vs_Control"
"P46821","MAP1B",-0.458,0.014474351752855,0.977,FALSE,"CTRL","C9ALS_vs_Control"
"O95602","POLR1A",-0.941,0.0120792481224134,0.977,FALSE,"CTRL","C9ALS_vs_Control"
"O15355","PPM1G",-2,0.0120896046192276,0.977,FALSE,"CTRL","C9ALS_vs_Control"
"Q9UNX3","RPL26L1",-0.911,0.0122925497855802,0.977,FALSE,"CTRL","C9ALS_vs_Control"
"P62701","RPS4X",-0.532,0.0142199514638142,0.977,FALSE,"CTRL","C9ALS_vs_Control"
"Q9HBM6","TAF9B",-0.605,0.0119598471968758,0.977,FALSE,"CTRL","C9ALS_vs_Control"
"P55072","VCP",-1.37,0.0127332308113226,0.977,FALSE,"CTRL","C9ALS_vs_Control"
"Q96GY0","ZC2HC1A",-1.94,0.0139847643892247,0.977,FALSE,"CTRL","C9ALS_vs_Control"
"Q9UKV3","ACIN1",0.533,0.0160187928355848,0.978,FALSE,"CTRL","C9ALS_vs_Control"
"Q8IX12","CCAR1",-1.32,0.0167061944911708,0.978,FALSE,"CTRL","C9ALS_vs_Control"
"O95639","CPSF4",-0.487,0.016430904853591,0.978,FALSE,"CTRL","C9ALS_vs_Control"
"O15075","DCLK1",1.23,0.0180315337911691,0.978,FALSE,"CTRL","C9ALS_vs_Control"
"Q7L2E3","DHX30",0.548,0.0166328503385782,0.978,FALSE,"CTRL","C9ALS_vs_Control"
"P41091;Q2VIR3","EIF2S3",-1.16,0.0158389067702539,0.978,FALSE,"CTRL","C9ALS_vs_Control"
"O60841;Q9H2L5","EIF5B",-0.766,0.0162504957156481,0.978,FALSE,"CTRL","C9ALS_vs_Control"
"Q92616","GCN1L1",1.12,0.0159529133649711,0.978,FALSE,"CTRL","C9ALS_vs_Control"
"Q96JB3","HIC2",-0.635,0.0166709324125905,0.978,FALSE,"CTRL","C9ALS_vs_Control"
"P17096","HMGA1",-3.03,0.0157757843005553,0.978,FALSE,"CTRL","C9ALS_vs_Control"
"P61604","HSPE1",-1.94,0.0160967456626874,0.978,FALSE,"CTRL","C9ALS_vs_Control"
"Q8N1G4","LRRC47",-0.661,0.0167957022609215,0.978,FALSE,"CTRL","C9ALS_vs_Control"
"O75586","MED6",-2.79,0.0166875806786534,0.978,FALSE,"CTRL","C9ALS_vs_Control"
"P82914","MRPS15",0.844,0.017116144041597,0.978,FALSE,"CTRL","C9ALS_vs_Control"
"P07237","P4HB",-0.896,0.0149215148181186,0.978,FALSE,"CTRL","C9ALS_vs_Control"
"P29590","PML",-1.48,0.0165645137527433,0.978,FALSE,"CTRL","C9ALS_vs_Control"
"P15880","RPS2",0.448,0.0147153349443535,0.978,FALSE,"CTRL","C9ALS_vs_Control"
"O00422","SAP18",0.623,0.0168701726248504,0.978,FALSE,"CTRL","C9ALS_vs_Control"
"P51531","SMARCA2",-1.32,0.0153118654193029,0.978,FALSE,"CTRL","C9ALS_vs_Control"
"O76070","SNCG",0.868,0.0147543248801599,0.978,FALSE,"CTRL","C9ALS_vs_Control"
"P62306","SNRPF",0.557,0.0179933176289752,0.978,FALSE,"CTRL","C9ALS_vs_Control"
"Q13263","TRIM28",-0.472,0.0160734627376528,0.978,FALSE,"CTRL","C9ALS_vs_Control"
"Q96EX3","WDR34",-1.01,0.015039084725992,0.978,FALSE,"CTRL","C9ALS_vs_Control"
"O75152;A0A1B0GTU1","ZC3H11A",0.611,0.0157770611626999,0.978,FALSE,"CTRL","C9ALS_vs_Control"
"Q96MX3;Q6ZT77;P52743;O75840;Q96N95;P57682;Q9H4T2;Q15973;Q9Y4X4;Q8N859;Q8IZC7;Q8N8L2;Q13887;Q96BR6;Q13360;C9JN71;Q14584;Q9UC07;P36508;Q8NDW4;Q86XU0;Q96RE9;Q9NPC7;P16415;Q7Z7L9;Q9H7R0;Q8N972;O95125;Q2M218;P15621;Q9Y2A4;O14978;Q99676;Q9HBT7;P51814","ZNF48",-0.658,0.0162572361684293,0.978,FALSE,"CTRL","C9ALS_vs_Control"
"Q9HCG8","CWC22",0.852,0.0223786689417603,0.979,FALSE,"CTRL","C9ALS_vs_Control"
"P54198","HIRA",-0.924,0.0194244321311575,0.979,FALSE,"CTRL","C9ALS_vs_Control"
"P14866","HNRNPL",0.907,0.018976721170432,0.979,FALSE,"CTRL","C9ALS_vs_Control"
"Q9NYR9","NKIRAS2",0.577,0.0214761856951797,0.979,FALSE,"CTRL","C9ALS_vs_Control"
"P06748","NPM1",-0.568,0.0188150731984678,0.979,FALSE,"CTRL","C9ALS_vs_Control"
"Q8IZL8","PELP1",-1.04,0.0196081632794731,0.979,FALSE,"CTRL","C9ALS_vs_Control"
"Q8IWS0","PHF6",-0.554,0.0214099730027418,0.979,FALSE,"CTRL","C9ALS_vs_Control"
"A8CG34","POM121C",-1.81,0.0187072807987116,0.979,FALSE,"CTRL","C9ALS_vs_Control"
"Q92733","PRCC",0.91,0.020669927370823,0.979,FALSE,"CTRL","C9ALS_vs_Control"
"Q96I25","RBM17",-0.399,0.018899886435246,0.979,FALSE,"CTRL","C9ALS_vs_Control"
"O00193","SMAP",-1.07,0.0215942060520906,0.979,FALSE,"CTRL","C9ALS_vs_Control"
"O75643","SNRNP200",0.629,0.0185053236369493,0.979,FALSE,"CTRL","C9ALS_vs_Control"
"O75683","SURF6",0.382,0.0188873265498889,0.979,FALSE,"CTRL","C9ALS_vs_Control"
"P21675;Q8IZX4","TAF1",-0.709,0.0221303018755888,0.979,FALSE,"CTRL","C9ALS_vs_Control"
"Q9Y5U2","TSSC4",-1.01,0.0227675271181976,0.979,FALSE,"CTRL","C9ALS_vs_Control"
"Q92900","UPF1",0.895,0.0212341858845791,0.979,FALSE,"CTRL","C9ALS_vs_Control"
"P63261","ACTG1",3.93,0.0246324245522677,0.98,FALSE,"CTRL","C9ALS_vs_Control"
"P27824","CANX",-0.635,0.0268507030256151,0.98,FALSE,"CTRL","C9ALS_vs_Control"
"P52907","CAPZA1",1.07,0.0257327216896456,0.98,FALSE,"CTRL","C9ALS_vs_Control"
"Q96CT7","CCDC124",-0.942,0.0278024216394384,0.98,FALSE,"CTRL","C9ALS_vs_Control"
"Q9BUQ8","DDX23",-1.06,0.0286665374739897,0.98,FALSE,"CTRL","C9ALS_vs_Control"
"P11171","EPB41",-0.412,0.0230431582119525,0.98,FALSE,"CTRL","C9ALS_vs_Control"
"Q01844","EWSR1",-1.63,0.023566434946148,0.98,FALSE,"CTRL","C9ALS_vs_Control"
"P04899","GNAI2",0.487,0.0253984106260573,0.98,FALSE,"CTRL","C9ALS_vs_Control"
"Q9Y450","HBS1L",-1.31,0.0287165678170615,0.98,FALSE,"CTRL","C9ALS_vs_Control"
"P52272","HNRNPM",0.587,0.0268006333309082,0.98,FALSE,"CTRL","C9ALS_vs_Control"
"Q9BUJ2","HNRNPUL1",-0.335,0.0280566799247858,0.98,FALSE,"CTRL","C9ALS_vs_Control"
"P12268;P20839","IMPDH2",0.681,0.0287876305904122,0.98,FALSE,"CTRL","C9ALS_vs_Control"
"Q9NX58","LYAR",0.548,0.0237667592230016,0.98,FALSE,"CTRL","C9ALS_vs_Control"
"Q15555","MAPRE2",0.668,0.0258706099315928,0.98,FALSE,"CTRL","C9ALS_vs_Control"
"Q14165","MLEC",1.29,0.0253206567202818,0.98,FALSE,"CTRL","C9ALS_vs_Control"
"Q8N5F7;Q5M9Q1","NKAP",0.616,0.0284130579557098,0.98,FALSE,"CTRL","C9ALS_vs_Control"
"P30414","NKTR",0.512,0.0258565271633362,0.98,FALSE,"CTRL","C9ALS_vs_Control"
"P13674","P4HA1",-1.31,0.0236354225587301,0.98,FALSE,"CTRL","C9ALS_vs_Control"
"Q8WW12","PCNP",-0.751,0.0285337924543512,0.98,FALSE,"CTRL","C9ALS_vs_Control"
"P35998","PSMC2",0.703,0.0237311387114264,0.98,FALSE,"CTRL","C9ALS_vs_Control"
"P98175","RBM10",-1.87,0.0279172040319198,0.98,FALSE,"CTRL","C9ALS_vs_Control"
"P25398","RPS12",-1.58,0.0280849152765398,0.98,FALSE,"CTRL","C9ALS_vs_Control"
"O15027","SEC16A",0.985,0.0267300079294434,0.98,FALSE,"CTRL","C9ALS_vs_Control"
"Q9Y3B4","SF3B6",1.03,0.0251619615891342,0.98,FALSE,"CTRL","C9ALS_vs_Control"
"P09012","SNRPA",-0.485,0.0247847323507531,0.98,FALSE,"CTRL","C9ALS_vs_Control"
"O95793","STAU1",0.412,0.0272164902023889,0.98,FALSE,"CTRL","C9ALS_vs_Control"
"Q7Z7C8","TAF8",-0.57,0.0239990290496709,0.98,FALSE,"CTRL","C9ALS_vs_Control"
"Q15007","WTAP",0.793,0.0230169896259356,0.98,FALSE,"CTRL","C9ALS_vs_Control"
"Q9Y6Q3;Q9BS34;P17030;Q7L945;P13682;P17024;Q86T29;P17021","ZFP37",-0.645,0.0266446372911423,0.98,FALSE,"CTRL","C9ALS_vs_Control"
"Q96K17","BTF3L4",-2.26,0.0297999455015078,0.981,FALSE,"CTRL","C9ALS_vs_Control"
"Q9UK58","CCNL1",0.529,0.0385914047742185,0.981,FALSE,"CTRL","C9ALS_vs_Control"
"Q9Y6A4","CFAP20",-0.699,0.0329593640114275,0.981,FALSE,"CTRL","C9ALS_vs_Control"
"Q9GZR7","DDX24",-1.26,0.0323005243386668,0.981,FALSE,"CTRL","C9ALS_vs_Control"
"Q9H5Z1","DHX35",0.382,0.0379952208421572,0.981,FALSE,"CTRL","C9ALS_vs_Control"
"P68104;Q5VTE0;Q05639","EEF1A1",0.486,0.0355320638371531,0.981,FALSE,"CTRL","C9ALS_vs_Control"
"P47813","EIF1AX",-1.07,0.0340976042940552,0.981,FALSE,"CTRL","C9ALS_vs_Control"
"O43491","EPB41L2",0.964,0.0348725804857155,0.981,FALSE,"CTRL","C9ALS_vs_Control"
"Q13151","HNRNPA0",0.74,0.0380265656864218,0.981,FALSE,"CTRL","C9ALS_vs_Control"
"Q14103","HNRNPD",0.912,0.0299002233823584,0.981,FALSE,"CTRL","C9ALS_vs_Control"
"Q8WVV9","HNRNPLL",-1.82,0.0316385563128464,0.981,FALSE,"CTRL","C9ALS_vs_Control"
"Q5SSJ5","HP1BP3",-0.402,0.0329682028905459,0.981,FALSE,"CTRL","C9ALS_vs_Control"
"P11137","MAP2",0.521,0.0300149546690181,0.981,FALSE,"CTRL","C9ALS_vs_Control"
"Q15773","MLF2",0.774,0.0343213815367833,0.981,FALSE,"CTRL","C9ALS_vs_Control"
"E9PAV3;Q13765","NACA",-1.05,0.035000468200676,0.981,FALSE,"CTRL","C9ALS_vs_Control"
"Q9H0A0","NAT10",0.484,0.0302611434484095,0.981,FALSE,"CTRL","C9ALS_vs_Control"
"P52298;A6PVI3","NCBP2",0.975,0.0377435120305646,0.981,FALSE,"CTRL","C9ALS_vs_Control"
"Q9UBC0;O60422;O95948","ONECUT1",0.368,0.0359440157361697,0.981,FALSE,"CTRL","C9ALS_vs_Control"
"P22234","PAICS",0.736,0.0354730523139799,0.981,FALSE,"CTRL","C9ALS_vs_Control"
"Q15366;P57721","PCBP2",0.649,0.0355442894694859,0.981,FALSE,"CTRL","C9ALS_vs_Control"
"P22061","PCMT1",-0.678,0.0378557883475494,0.981,FALSE,"CTRL","C9ALS_vs_Control"
"P78527","PRKDC",0.367,0.0378770842598658,0.981,FALSE,"CTRL","C9ALS_vs_Control"
"P35268","RPL22",-0.406,0.0328963892449792,0.981,FALSE,"CTRL","C9ALS_vs_Control"
"P60866","RPS20",-0.618,0.0369234606185409,0.981,FALSE,"CTRL","C9ALS_vs_Control"
"P23396","RPS3",0.375,0.0312253724051685,0.981,FALSE,"CTRL","C9ALS_vs_Control"
"P46782","RPS5",-0.766,0.0332501401124643,0.981,FALSE,"CTRL","C9ALS_vs_Control"
"P23246","SFPQ",-0.913,0.0339308109665435,0.981,FALSE,"CTRL","C9ALS_vs_Control"
"Q00325","SLC25A3",1.88,0.0358869019717843,0.981,FALSE,"CTRL","C9ALS_vs_Control"
"P28370","SMARCA1",-1.31,0.0353571325512703,0.981,FALSE,"CTRL","C9ALS_vs_Control"
"P16949;Q9H169;REV__P36956;Q9NZ72","STMN1",-0.967,0.0304560160802251,0.981,FALSE,"CTRL","C9ALS_vs_Control"
"P49848","TAF6",-0.462,0.0371895176641504,0.981,FALSE,"CTRL","C9ALS_vs_Control"
"Q13769","THOC5",0.389,0.0371260253394669,0.981,FALSE,"CTRL","C9ALS_vs_Control"
"P36542","ATP5C1",-0.4,0.044482464698496,0.982,FALSE,"CTRL","C9ALS_vs_Control"
"P17677","GAP43",-2.34,0.0501334366597462,0.982,FALSE,"CTRL","C9ALS_vs_Control"
"P62873","GNB1",0.62,0.0516685094632562,0.982,FALSE,"CTRL","C9ALS_vs_Control"
"P09211","GSTP1",-0.449,0.049970421676059,0.982,FALSE,"CTRL","C9ALS_vs_Control"
"Q9UGU5","HMGXB4",-0.878,0.0453565219033148,0.982,FALSE,"CTRL","C9ALS_vs_Control"
"P07910;O60812;B2RXH8;P0DMR1;B7ZW38","HNRNPC",0.368,0.0486787298918477,0.982,FALSE,"CTRL","C9ALS_vs_Control"
"Q1KMD3","HNRNPUL2",0.67,0.0488548270454746,0.982,FALSE,"CTRL","C9ALS_vs_Control"
"P10809","HSPD1",-1.87,0.0446904557905156,0.982,FALSE,"CTRL","C9ALS_vs_Control"
"P01876;P01877","IGHA1",-0.697,0.0472849414008887,0.982,FALSE,"CTRL","C9ALS_vs_Control"
"Q9UMY1","NOL7",-0.782,0.0441567790495846,0.982,FALSE,"CTRL","C9ALS_vs_Control"
"Q8TEM1","NUP210",-0.486,0.048952101656238,0.982,FALSE,"CTRL","C9ALS_vs_Control"
"O43175","PHGDH",0.486,0.0445016765247976,0.982,FALSE,"CTRL","C9ALS_vs_Control"
"Q8NAV1","PRPF38A",0.44,0.0411774190318086,0.982,FALSE,"CTRL","C9ALS_vs_Control"
"Q9NP72","RAB18",0.632,0.0461627875817735,0.982,FALSE,"CTRL","C9ALS_vs_Control"
"Q16576","RBBP7",-0.619,0.0506848201850235,0.982,FALSE,"CTRL","C9ALS_vs_Control"
"P62888","RPL30",0.547,0.0430030037571518,0.982,FALSE,"CTRL","C9ALS_vs_Control"
"Q13435","SF3B2",0.369,0.0413215597048925,0.982,FALSE,"CTRL","C9ALS_vs_Control"
"Q9UBB9","TFIP11",0.646,0.0411496789660222,0.982,FALSE,"CTRL","C9ALS_vs_Control"
"Q96J01","THOC3",-0.547,0.0393308211225813,0.982,FALSE,"CTRL","C9ALS_vs_Control"
"O14949","UQCRQ",-0.613,0.0410086357442828,0.982,FALSE,"CTRL","C9ALS_vs_Control"
"Q14694","USP10",0.443,0.0439846940280368,0.982,FALSE,"CTRL","C9ALS_vs_Control"
"Q8NAF0","ZNF579",-0.787,0.0515084426439324,0.982,FALSE,"CTRL","C9ALS_vs_Control"
"O00203","AP3B1",-0.541,0.0694300446916365,0.983,FALSE,"CTRL","C9ALS_vs_Control"
"P16615;O14983;Q93084","ATP2A2",0.402,0.0685646366365694,0.983,FALSE,"CTRL","C9ALS_vs_Control"
"P25705","ATP5A1",-0.283,0.0646293728446709,0.983,FALSE,"CTRL","C9ALS_vs_Control"
"P40227;Q92526","CCT6A",-0.754,0.0543308360140383,0.983,FALSE,"CTRL","C9ALS_vs_Control"
"Q99832","CCT7",-1.56,0.065068230314261,0.983,FALSE,"CTRL","C9ALS_vs_Control"
"P50990","CCT8",-1.96,0.05733830663864,0.983,FALSE,"CTRL","C9ALS_vs_Control"
"Q14004","CDK13",-1.23,0.0701333303655122,0.983,FALSE,"CTRL","C9ALS_vs_Control"
"P81605","DCD",-1.18,0.0663259631225526,0.983,FALSE,"CTRL","C9ALS_vs_Control"
"P17844","DDX5",0.392,0.0523385566641534,0.983,FALSE,"CTRL","C9ALS_vs_Control"
"P16403","HIST1H1C",-1.35,0.0557085390384949,0.983,FALSE,"CTRL","C9ALS_vs_Control"
"P10412","HIST1H1E",-0.811,0.060916214614009,0.983,FALSE,"CTRL","C9ALS_vs_Control"
"P11142;P54652","HSPA8",0.523,0.0521937572135842,0.983,FALSE,"CTRL","C9ALS_vs_Control"
"P33993","MCM7",-0.792,0.0697853211176331,0.983,FALSE,"CTRL","C9ALS_vs_Control"
"P21741","MDK",-0.701,0.0636578106750116,0.983,FALSE,"CTRL","C9ALS_vs_Control"
"Q15233;Q6Y7W6","NONO",-0.764,0.0640069089729895,0.983,FALSE,"CTRL","C9ALS_vs_Control"
"O75381","PEX14",-0.347,0.0551516998322558,0.983,FALSE,"CTRL","C9ALS_vs_Control"
"Q9P1Y6","PHRF1",-0.294,0.0557297564705235,0.983,FALSE,"CTRL","C9ALS_vs_Control"
"Q86X10","RALGAPB",0.411,0.0565327776531762,0.983,FALSE,"CTRL","C9ALS_vs_Control"
"P63173","RPL38",-1.53,0.0546956693367932,0.983,FALSE,"CTRL","C9ALS_vs_Control"
"P05387","RPLP2",0.531,0.0614790025228587,0.983,FALSE,"CTRL","C9ALS_vs_Control"
"P62244","RPS15A",0.348,0.0684618923288344,0.983,FALSE,"CTRL","C9ALS_vs_Control"
"Q9Y265","RUVBL1",0.418,0.0673199516792349,0.983,FALSE,"CTRL","C9ALS_vs_Control"
"Q9UPN6","SCAF8",-0.552,0.0631191556301651,0.983,FALSE,"CTRL","C9ALS_vs_Control"
"P50454","SERPINH1",-0.32,0.0523948706699249,0.983,FALSE,"CTRL","C9ALS_vs_Control"
"P12236","SLC25A6",-1.57,0.0597797012744094,0.983,FALSE,"CTRL","C9ALS_vs_Control"
"A7MD48","SRRM4",0.367,0.0676252380396611,0.983,FALSE,"CTRL","C9ALS_vs_Control"
"Q16629","SRSF7",0.678,0.0610026116644648,0.983,FALSE,"CTRL","C9ALS_vs_Control"
"Q9BRL6","SRSF8",0.712,0.062914267869326,0.983,FALSE,"CTRL","C9ALS_vs_Control"
"O15260","SURF4",-0.63,0.060437681143945,0.983,FALSE,"CTRL","C9ALS_vs_Control"
"P63104","YWHAZ",-0.42,0.0596420581153341,0.983,FALSE,"CTRL","C9ALS_vs_Control"
"Q86VM9","ZC3H18",-1.58,0.0526127731026903,0.983,FALSE,"CTRL","C9ALS_vs_Control"
"Q8IUX7;Q8N436","AEBP1",0.963,0.0769004409477226,0.984,FALSE,"CTRL","C9ALS_vs_Control"
"Q92747","ARPC1A",2.06,0.0984771727450175,0.984,FALSE,"CTRL","C9ALS_vs_Control"
"P06576","ATP5B",-0.43,0.0861925412933964,0.984,FALSE,"CTRL","C9ALS_vs_Control"
"O75909","CCNK",-0.434,0.0738196209117674,0.984,FALSE,"CTRL","C9ALS_vs_Control"
"P78371","CCT2",-1.03,0.0786870321753563,0.984,FALSE,"CTRL","C9ALS_vs_Control"
"Q07065;Q96K21","CKAP4",-0.362,0.0961060111791245,0.984,FALSE,"CTRL","C9ALS_vs_Control"
"P49711","CTCF",-0.36,0.0750436391900966,0.984,FALSE,"CTRL","C9ALS_vs_Control"
"Q9NY93","DDX56",-0.576,0.0826475307917514,0.984,FALSE,"CTRL","C9ALS_vs_Control"
"Q9BPU6","DPYSL5",0.433,0.0885623090762087,0.984,FALSE,"CTRL","C9ALS_vs_Control"
"Q13347","EIF3I",-0.671,0.0913272139237911,0.984,FALSE,"CTRL","C9ALS_vs_Control"
"P60842","EIF4A1",-0.391,0.0747991209776943,0.984,FALSE,"CTRL","C9ALS_vs_Control"
"Q9Y2J2","EPB41L3",-1.39,0.0867313513847846,0.984,FALSE,"CTRL","C9ALS_vs_Control"
"Q5T3I0","GPATCH4",0.363,0.0897917670260768,0.984,FALSE,"CTRL","C9ALS_vs_Control"
"P07900;Q14568;Q58FG0;Q58FG1","HSP90AA1",-0.431,0.0915773584020251,0.984,FALSE,"CTRL","C9ALS_vs_Control"
"P14625;Q58FF3","HSP90B1",-1.14,0.0810511687186326,0.984,FALSE,"CTRL","C9ALS_vs_Control"
"Q1ED39","KNOP1",0.4,0.0761564107513572,0.984,FALSE,"CTRL","C9ALS_vs_Control"
"Q9Y383","LUC7L2",0.598,0.0895798231019713,0.984,FALSE,"CTRL","C9ALS_vs_Control"
"Q15365","PCBP1",0.388,0.0783334643163453,0.984,FALSE,"CTRL","C9ALS_vs_Control"
"P30101","PDIA3",-0.48,0.100056678321313,0.984,FALSE,"CTRL","C9ALS_vs_Control"
"P50542","PEX5",0.356,0.0937807440433091,0.984,FALSE,"CTRL","C9ALS_vs_Control"
"Q9H307","PNN",0.292,0.0786979952581633,0.984,FALSE,"CTRL","C9ALS_vs_Control"
"Q99575","POP1",0.39,0.0858052068943051,0.984,FALSE,"CTRL","C9ALS_vs_Control"
"Q3YEC7","RABL6",-0.271,0.09927757674363,0.984,FALSE,"CTRL","C9ALS_vs_Control"
"Q5UIP0","RIF1",-1.02,0.0989462153883168,0.984,FALSE,"CTRL","C9ALS_vs_Control"
"P61313","RPL15",-0.349,0.0883073391500638,0.984,FALSE,"CTRL","C9ALS_vs_Control"
"P46778","RPL21",-0.461,0.0738561551246914,0.984,FALSE,"CTRL","C9ALS_vs_Control"
"P18077","RPL35A",0.702,0.0898231813986888,0.984,FALSE,"CTRL","C9ALS_vs_Control"
"P61513;A6NKH3","RPL37A",-0.38,0.0824201005030402,0.984,FALSE,"CTRL","C9ALS_vs_Control"
"P62857","RPS28",-0.434,0.0725473854973232,0.984,FALSE,"CTRL","C9ALS_vs_Control"
"Q9Y230","RUVBL2",0.347,0.0768166041908194,0.984,FALSE,"CTRL","C9ALS_vs_Control"
"O95104","SCAF4",-0.452,0.0874873807455271,0.984,FALSE,"CTRL","C9ALS_vs_Control"
"P29508","SERPINB3",-1.56,0.0886542414170481,0.984,FALSE,"CTRL","C9ALS_vs_Control"
"Q12872","SFSWAP",0.35,0.0828844823177912,0.984,FALSE,"CTRL","C9ALS_vs_Control"
"P63162;P14678","SNRPN",0.451,0.0867079238286957,0.984,FALSE,"CTRL","C9ALS_vs_Control"
"Q8NI27","THOC2",-0.91,0.0821306844675434,0.984,FALSE,"CTRL","C9ALS_vs_Control"
"Q53GS9","USP39",0.733,0.073797910750751,0.984,FALSE,"CTRL","C9ALS_vs_Control"
"Q9UPT8","ZC3H4",-0.338,0.082634358958334,0.984,FALSE,"CTRL","C9ALS_vs_Control"
"Q7Z2W4","ZC3HAV1",-1.11,0.0812407390976409,0.984,FALSE,"CTRL","C9ALS_vs_Control"
"Q9H5H4;Q96SL8","ZNF768",-0.406,0.0859669871457334,0.984,FALSE,"CTRL","C9ALS_vs_Control"
"Q15696;Q15695","ZRSR2",0.573,0.0917245523699006,0.984,FALSE,"CTRL","C9ALS_vs_Control"
"Q99700","ATXN2",-0.324,0.118555109793749,0.985,FALSE,"CTRL","C9ALS_vs_Control"
"P48643","CCT5",-0.714,0.108167931740409,0.985,FALSE,"CTRL","C9ALS_vs_Control"
"Q00535","CDK5",-0.675,0.106236608139898,0.985,FALSE,"CTRL","C9ALS_vs_Control"
"Q9UMR2;Q9NUU7","DDX19B",-0.961,0.122882866676287,0.985,FALSE,"CTRL","C9ALS_vs_Control"
"O43143","DHX15",0.427,0.129454642234506,0.985,FALSE,"CTRL","C9ALS_vs_Control"
"P16402","HIST1H1D",-0.983,0.131782088887011,0.985,FALSE,"CTRL","C9ALS_vs_Control"
"P52597","HNRNPF",1.08,0.129105470974692,0.985,FALSE,"CTRL","C9ALS_vs_Control"
"P38646","HSPA9",0.279,0.114677001243438,0.985,FALSE,"CTRL","C9ALS_vs_Control"
"O43719","HTATSF1",-0.354,0.101279769445122,0.985,FALSE,"CTRL","C9ALS_vs_Control"
"A2NJV5;A0A0A0MRZ7;A0A075B6S2;A0A075B6S6;A0A075B6P5;A0A087WW87;P06310;P01615;P01614;A0A0C4DH68","IGKV A18",-0.703,0.102217241577261,0.985,FALSE,"CTRL","C9ALS_vs_Control"
"Q3KQU3","MAP7D1",-0.306,0.123184964582664,0.985,FALSE,"CTRL","C9ALS_vs_Control"
"Q99733","NAP1L4",-0.306,0.139648606463832,0.985,FALSE,"CTRL","C9ALS_vs_Control"
"Q9NPE3","NOP10",-0.451,0.104326790235624,0.985,FALSE,"CTRL","C9ALS_vs_Control"
"Q9H7Z3","NRDE2",-0.22,0.129622930258161,0.985,FALSE,"CTRL","C9ALS_vs_Control"
"Q9H0G5","NSRP1",-0.38,0.137934596466786,0.985,FALSE,"CTRL","C9ALS_vs_Control"
"P35658","NUP214",0.634,0.125812111054761,0.985,FALSE,"CTRL","C9ALS_vs_Control"
"Q9Y5B6","PAXBP1",0.356,0.132129317632311,0.985,FALSE,"CTRL","C9ALS_vs_Control"
"Q13427","PPIG",0.336,0.125909082866943,0.985,FALSE,"CTRL","C9ALS_vs_Control"
"O14744","PRMT5",-0.492,0.110338972180151,0.985,FALSE,"CTRL","C9ALS_vs_Control"
"Q9Y520","PRRC2C",-0.851,0.119405909098424,0.985,FALSE,"CTRL","C9ALS_vs_Control"
"P17980","PSMC3",-0.486,0.134780984279812,0.985,FALSE,"CTRL","C9ALS_vs_Control"
"Q9UHX1","PUF60",0.473,0.124045459729147,0.985,FALSE,"CTRL","C9ALS_vs_Control"
"P47914","RPL29",-0.27,0.143002162111381,0.985,FALSE,"CTRL","C9ALS_vs_Control"
"P61247","RPS3A",-0.309,0.124094266036804,0.985,FALSE,"CTRL","C9ALS_vs_Control"
"P62753","RPS6",-0.254,0.12916510838851,0.985,FALSE,"CTRL","C9ALS_vs_Control"
"Q9P2E9;REV__Q9P2M7","RRBP1",-1.62,0.136003583486428,0.985,FALSE,"CTRL","C9ALS_vs_Control"
"Q14684","RRP1B",-0.317,0.121282920822352,0.985,FALSE,"CTRL","C9ALS_vs_Control"
"Q8TAD8","SNIP1",-0.262,0.108149922013813,0.985,FALSE,"CTRL","C9ALS_vs_Control"
"P62314","SNRPD1",0.482,0.110558557048277,0.985,FALSE,"CTRL","C9ALS_vs_Control"
"P62316","SNRPD2",0.388,0.121485048303373,0.985,FALSE,"CTRL","C9ALS_vs_Control"
"Q96T58","SPEN",0.41,0.104246402297678,0.985,FALSE,"CTRL","C9ALS_vs_Control"
"Q07955","SRSF1",0.595,0.126609219738284,0.985,FALSE,"CTRL","C9ALS_vs_Control"
"O75494","SRSF10",0.565,0.122832552354912,0.985,FALSE,"CTRL","C9ALS_vs_Control"
"P50502;Q8IZP2;Q8NFI4","ST13",-0.581,0.114156144555625,0.985,FALSE,"CTRL","C9ALS_vs_Control"
"Q07157","TJP1",-0.79,0.125109387679251,0.985,FALSE,"CTRL","C9ALS_vs_Control"
"Q13595","TRA2A",0.397,0.107390125744625,0.985,FALSE,"CTRL","C9ALS_vs_Control"
"Q9BQE3","TUBA1C",-1.43,0.135193392839616,0.985,FALSE,"CTRL","C9ALS_vs_Control"
"Q99536","VAT1",0.677,0.137042325026265,0.985,FALSE,"CTRL","C9ALS_vs_Control"
"Q6UXN9","WDR82",-0.37,0.110567806742514,0.985,FALSE,"CTRL","C9ALS_vs_Control"
"P61129","ZC3H6",-0.313,0.129301635241821,0.985,FALSE,"CTRL","C9ALS_vs_Control"
"Q96ME7","ZNF512",-0.405,0.138937512128274,0.985,FALSE,"CTRL","C9ALS_vs_Control"
"P23526","AHCY",0.718,0.166166698083124,0.986,FALSE,"CTRL","C9ALS_vs_Control"
"Q9NPI1","BRD7",-0.367,0.167849353357779,0.986,FALSE,"CTRL","C9ALS_vs_Control"
"P47755","CAPZA2",0.632,0.200838642883007,0.986,FALSE,"CTRL","C9ALS_vs_Control"
"P50991","CCT4",-0.298,0.167691485318772,0.986,FALSE,"CTRL","C9ALS_vs_Control"
"P21127;Q9UQ88;Q13882","CDK11B",-0.212,0.147198320651324,0.986,FALSE,"CTRL","C9ALS_vs_Control"
"Q8IWX8","CHERP",-0.243,0.175309658515807,0.986,FALSE,"CTRL","C9ALS_vs_Control"
"Q8N684","CPSF7",-0.273,0.161698661235514,0.986,FALSE,"CTRL","C9ALS_vs_Control"
"P29762","CRABP1",0.497,0.158037440737388,0.986,FALSE,"CTRL","C9ALS_vs_Control"
"Q92841","DDX17",0.398,0.153713972220936,0.986,FALSE,"CTRL","C9ALS_vs_Control"
"Q9BQ39","DDX50",-0.195,0.165241110983574,0.986,FALSE,"CTRL","C9ALS_vs_Control"
"Q8TDD1","DDX54",0.756,0.184788436965145,0.986,FALSE,"CTRL","C9ALS_vs_Control"
"Q8WXX5","DNAJC9",0.326,0.209693694829487,0.986,FALSE,"CTRL","C9ALS_vs_Control"
"Q9Y285","FARSA",-0.361,0.158830013619428,0.986,FALSE,"CTRL","C9ALS_vs_Control"
"Q12849","GRSF1",0.594,0.194447316507008,0.986,FALSE,"CTRL","C9ALS_vs_Control"
"P11021","HSPA5",0.297,0.187625994239002,0.986,FALSE,"CTRL","C9ALS_vs_Control"
"P48735","IDH2",-0.293,0.184583944698727,0.986,FALSE,"CTRL","C9ALS_vs_Control"
"A0A075B6R9","IGKV2D-24",-0.486,0.195677944137345,0.986,FALSE,"CTRL","C9ALS_vs_Control"
"Q7Z4S6","KIF21A",-0.724,0.166447876156104,0.986,FALSE,"CTRL","C9ALS_vs_Control"
"Q9NPJ6","MED4",0.599,0.199262728558524,0.986,FALSE,"CTRL","C9ALS_vs_Control"
"Q13330","MTA1",-0.303,0.194751330543159,0.986,FALSE,"CTRL","C9ALS_vs_Control"
"Q9NTK5","OLA1",-0.56,0.205106390516373,0.986,FALSE,"CTRL","C9ALS_vs_Control"
"P11940;Q9H361;Q4VXU2","PABPC1",0.326,0.15437069148137,0.986,FALSE,"CTRL","C9ALS_vs_Control"
"O95394","PGM3",0.264,0.162201233503608,0.986,FALSE,"CTRL","C9ALS_vs_Control"
"P35232","PHB",-0.253,0.196124200758342,0.986,FALSE,"CTRL","C9ALS_vs_Control"
"Q7RTV0","PHF5A",-0.253,0.187651496734412,0.986,FALSE,"CTRL","C9ALS_vs_Control"
"Q13526","PIN1",-0.374,0.199065544095919,0.986,FALSE,"CTRL","C9ALS_vs_Control"
"Q9H2H8","PPIL3",-0.703,0.145041756281843,0.986,FALSE,"CTRL","C9ALS_vs_Control"
"Q5VTL8","PRPF38B",0.398,0.14559382322564,0.986,FALSE,"CTRL","C9ALS_vs_Control"
"P26599","PTBP1",0.944,0.206608984505212,0.986,FALSE,"CTRL","C9ALS_vs_Control"
"P61026","RAB10",0.384,0.199620478452059,0.986,FALSE,"CTRL","C9ALS_vs_Control"
"Q2PPJ7","RALGAPA2",-0.3,0.148418995803721,0.986,FALSE,"CTRL","C9ALS_vs_Control"
"P40429;Q6NVV1","RPL13A",-0.195,0.209615004779631,0.986,FALSE,"CTRL","C9ALS_vs_Control"
"P61254","RPL26",-0.456,0.146664689696786,0.986,FALSE,"CTRL","C9ALS_vs_Control"
"P61353","RPL27",0.26,0.178692029607223,0.986,FALSE,"CTRL","C9ALS_vs_Control"
"P62280","RPS11",0.299,0.208121128008526,0.986,FALSE,"CTRL","C9ALS_vs_Control"
"P62847","RPS24",-0.229,0.173618710808028,0.986,FALSE,"CTRL","C9ALS_vs_Control"
"Q15020","SART3",-0.297,0.16220176555613,0.986,FALSE,"CTRL","C9ALS_vs_Control"
"Q15427","SF3B4",-0.243,0.167868667477833,0.986,FALSE,"CTRL","C9ALS_vs_Control"
"P09234","SNRPC",-0.37,0.213508062630459,0.986,FALSE,"CTRL","C9ALS_vs_Control"
"P62308;A8MWD9","SNRPG",0.327,0.19452950628398,0.986,FALSE,"CTRL","C9ALS_vs_Control"
"Q13242","SRSF9",0.657,0.148228044507849,0.986,FALSE,"CTRL","C9ALS_vs_Control"
"P62995","TRA2B",0.344,0.208245624938567,0.986,FALSE,"CTRL","C9ALS_vs_Control"
"P0DN76;Q01081;Q8WU68","U2AF1",0.386,0.179692033144289,0.986,FALSE,"CTRL","C9ALS_vs_Control"
"Q9ULK5","VANGL2",-0.445,0.155347006214381,0.986,FALSE,"CTRL","C9ALS_vs_Control"
"P26640","VARS",-0.453,0.147656384649374,0.986,FALSE,"CTRL","C9ALS_vs_Control"
"Q9BQA1","WDR77",-0.338,0.194879550904651,0.986,FALSE,"CTRL","C9ALS_vs_Control"
"Q9NUD5","ZCCHC3",0.312,0.145205843993515,0.986,FALSE,"CTRL","C9ALS_vs_Control"
"Q8NB50;Q96NL3;Q9H963;Q8N782;Q8NCK3;Q9Y5A6;Q6ZN06;A6NDX5;Q86XN6","ZFP62",-0.447,0.181932671026188,0.986,FALSE,"CTRL","C9ALS_vs_Control"
"O96019","ACTL6A",-0.273,0.254517989196732,0.987,FALSE,"CTRL","C9ALS_vs_Control"
"P35611","ADD1",-0.328,0.321701058074283,0.987,FALSE,"CTRL","C9ALS_vs_Control"
"O95782","AP2A1",-0.296,0.223333979451298,0.987,FALSE,"CTRL","C9ALS_vs_Control"
"Q13367","AP3B2",-0.246,0.227624040269858,0.987,FALSE,"CTRL","C9ALS_vs_Control"
"O14617","AP3D1",-0.197,0.249994912948998,0.987,FALSE,"CTRL","C9ALS_vs_Control"
"Q68CP9","ARID2",-0.28,0.280189596450609,0.987,FALSE,"CTRL","C9ALS_vs_Control"
"Q9NVI7","ATAD3A",0.243,0.273024514676167,0.987,FALSE,"CTRL","C9ALS_vs_Control"
"Q9UIF8","BAZ2B",-0.368,0.223662038586406,0.987,FALSE,"CTRL","C9ALS_vs_Control"
"P49368","CCT3",-0.239,0.299482333042992,0.987,FALSE,"CTRL","C9ALS_vs_Control"
"Q00610;P53675","CLTC",-0.668,0.310295093052162,0.987,FALSE,"CTRL","C9ALS_vs_Control"
"P53621","COPA",0.2,0.254477908619092,0.987,FALSE,"CTRL","C9ALS_vs_Control"
"P35221;Q9UI47","CTNNA1",-0.642,0.279535813155514,0.987,FALSE,"CTRL","C9ALS_vs_Control"
"Q9NR30","DDX21",0.43,0.304775690157612,0.987,FALSE,"CTRL","C9ALS_vs_Control"
"O60832","DKC1",-0.209,0.248546888995616,0.987,FALSE,"CTRL","C9ALS_vs_Control"
"Q9Y6G9","DYNC1LI1",-0.376,0.276509958611447,0.987,FALSE,"CTRL","C9ALS_vs_Control"
"Q9NV70","EXOC1",-0.351,0.307237548531755,0.987,FALSE,"CTRL","C9ALS_vs_Control"
"P22087","FBL",-0.175,0.260203682248159,0.987,FALSE,"CTRL","C9ALS_vs_Control"
"Q96PY5;Q8IVF7","FMNL2",-0.512,0.227181582430016,0.987,FALSE,"CTRL","C9ALS_vs_Control"
"Q9BVP2","GNL3",-0.239,0.271003910492367,0.987,FALSE,"CTRL","C9ALS_vs_Control"
"Q92945","KHSRP",-0.137,0.311411485930897,0.987,FALSE,"CTRL","C9ALS_vs_Control"
"O00505","KPNA3",-0.396,0.292996336739144,0.987,FALSE,"CTRL","C9ALS_vs_Control"
"P07195","LDHB",-1.07,0.220932126733042,0.987,FALSE,"CTRL","C9ALS_vs_Control"
"P20700","LMNB1",0.374,0.269428597100937,0.987,FALSE,"CTRL","C9ALS_vs_Control"
"Q3MHD2","LSM12",0.243,0.257053908486849,0.987,FALSE,"CTRL","C9ALS_vs_Control"
"Q9NQ29","LUC7L",-0.273,0.230138937538804,0.987,FALSE,"CTRL","C9ALS_vs_Control"
"O95819","MAP4K4",0.2,0.309050667455635,0.987,FALSE,"CTRL","C9ALS_vs_Control"
"Q96JE9","MAP6",-0.554,0.240368808135526,0.987,FALSE,"CTRL","C9ALS_vs_Control"
"P55081;Q00653","MFAP1",0.211,0.322926269088359,0.987,FALSE,"CTRL","C9ALS_vs_Control"
"Q7Z406","MYH14",-0.436,0.252156054340945,0.987,FALSE,"CTRL","C9ALS_vs_Control"
"Q96HS1","PGAM5",-0.18,0.26028285281892,0.987,FALSE,"CTRL","C9ALS_vs_Control"
"P14618;P30613","PKM",-0.282,0.236141665091843,0.987,FALSE,"CTRL","C9ALS_vs_Control"
"P40967","PMEL",0.242,0.220136471513438,0.987,FALSE,"CTRL","C9ALS_vs_Control"
"Q9BY77","POLDIP3",-0.235,0.258598289221224,0.987,FALSE,"CTRL","C9ALS_vs_Control"
"P62937;P0DN26;A0A0B4J2A2;A0A075B767;A0A075B759;Q9Y536;F5H284;P0DN37","PPIA",-0.36,0.317040295411137,0.987,FALSE,"CTRL","C9ALS_vs_Control"
"P62136","PPP1CA",-0.384,0.251786208399074,0.987,FALSE,"CTRL","C9ALS_vs_Control"
"Q9UKA9","PTBP2",-0.337,0.218281759744245,0.987,FALSE,"CTRL","C9ALS_vs_Control"
"Q6GYQ0","RALGAPA1",0.167,0.238414531052265,0.987,FALSE,"CTRL","C9ALS_vs_Control"
"Q14257","RCN2",-0.663,0.224777816068071,0.987,FALSE,"CTRL","C9ALS_vs_Control"
"Q9BWE0","REPIN1",0.247,0.233614911270941,0.987,FALSE,"CTRL","C9ALS_vs_Control"
"Q9Y3U8","RPL36",-0.182,0.262852474044843,0.987,FALSE,"CTRL","C9ALS_vs_Control"
"P36578","RPL4",-0.158,0.286096727185964,0.987,FALSE,"CTRL","C9ALS_vs_Control"
"P62917","RPL8",-0.281,0.227037776623783,0.987,FALSE,"CTRL","C9ALS_vs_Control"
"P62081","RPS7",-0.201,0.261908841037254,0.987,FALSE,"CTRL","C9ALS_vs_Control"
"Q96IZ7","RSRC1",0.231,0.267771618462527,0.987,FALSE,"CTRL","C9ALS_vs_Control"
"Q9UHR5","SAP30BP",-0.168,0.244232697007044,0.987,FALSE,"CTRL","C9ALS_vs_Control"
"P49591","SARS",-0.464,0.272308973977119,0.987,FALSE,"CTRL","C9ALS_vs_Control"
"P42285","SKIV2L2",-0.312,0.319138840766665,0.987,FALSE,"CTRL","C9ALS_vs_Control"
"Q8TAQ2","SMARCC2",-0.28,0.256021975030396,0.987,FALSE,"CTRL","C9ALS_vs_Control"
"P08621","SNRNP70",0.308,0.275755164006337,0.987,FALSE,"CTRL","C9ALS_vs_Control"
"Q01082","SPTBN1",0.641,0.300465524423833,0.987,FALSE,"CTRL","C9ALS_vs_Control"
"Q01130","SRSF2",0.231,0.29204976386367,0.987,FALSE,"CTRL","C9ALS_vs_Control"
"Q08170","SRSF4",0.33,0.290050817654783,0.987,FALSE,"CTRL","C9ALS_vs_Control"
"O60506","SYNCRIP",0.214,0.297417819787843,0.987,FALSE,"CTRL","C9ALS_vs_Control"
"Q6P1X5","TAF2",-0.302,0.244789413262011,0.987,FALSE,"CTRL","C9ALS_vs_Control"
"Q6I9Y2","THOC7",0.291,0.248192926466187,0.987,FALSE,"CTRL","C9ALS_vs_Control"
"Q9H0D6","XRN2",-0.296,0.214707449837754,0.987,FALSE,"CTRL","C9ALS_vs_Control"
"Q14966","ZNF638",-0.312,0.285252600317182,0.987,FALSE,"CTRL","C9ALS_vs_Control"
"O94805","ACTL6B",-0.213,0.364592058442463,0.988,FALSE,"CTRL","C9ALS_vs_Control"
"O95996","APC2",-0.639,0.3319457525814,0.988,FALSE,"CTRL","C9ALS_vs_Control"
"P31939","ATIC",-0.693,0.331736961891875,0.988,FALSE,"CTRL","C9ALS_vs_Control"
"P13637","ATP1A3",-0.394,0.368825674071732,0.988,FALSE,"CTRL","C9ALS_vs_Control"
"Q9BRD0","BUD13",0.173,0.455855800569279,0.988,FALSE,"CTRL","C9ALS_vs_Control"
"Q07021","C1QBP",-0.258,0.351638984201555,0.988,FALSE,"CTRL","C9ALS_vs_Control"
"Q9Y2V2","CARHSP1",0.359,0.46902897496323,0.988,FALSE,"CTRL","C9ALS_vs_Control"
"Q5SW79;Q96L14;Q00G26","CEP170",-0.19,0.478083709101415,0.988,FALSE,"CTRL","C9ALS_vs_Control"
"O00299","CLIC1",0.405,0.478979381409163,0.988,FALSE,"CTRL","C9ALS_vs_Control"
"Q9BR76;A9Z1Z3","CORO1B",0.289,0.372171684752268,0.988,FALSE,"CTRL","C9ALS_vs_Control"
"Q9UKF6","CPSF3",-0.18,0.388532675246518,0.988,FALSE,"CTRL","C9ALS_vs_Control"
"Q2TBE0","CWF19L2",-0.165,0.332951855544238,0.988,FALSE,"CTRL","C9ALS_vs_Control"
"Q16555","DPYSL2",0.234,0.487385869708146,0.988,FALSE,"CTRL","C9ALS_vs_Control"
"P60981","DSTN",0.211,0.432318731232632,0.988,FALSE,"CTRL","C9ALS_vs_Control"
"P29692","EEF1D",-0.131,0.487584982222442,0.988,FALSE,"CTRL","C9ALS_vs_Control"
"P26641","EEF1G",-0.189,0.348670034430583,0.988,FALSE,"CTRL","C9ALS_vs_Control"
"Q9NPA8","ENY2",0.325,0.327677962204148,0.988,FALSE,"CTRL","C9ALS_vs_Control"
"Q9HCM4","EPB41L5",-0.15,0.475207130561642,0.988,FALSE,"CTRL","C9ALS_vs_Control"
"C9JLW8","FAM195B",-0.483,0.35440674181008,0.988,FALSE,"CTRL","C9ALS_vs_Control"
"P49327","FASN",0.567,0.465227788738896,0.988,FALSE,"CTRL","C9ALS_vs_Control"
"O75955","FLOT1",-0.224,0.360452009512843,0.988,FALSE,"CTRL","C9ALS_vs_Control"
"Q14331","FRG1",-0.327,0.376241665864465,0.988,FALSE,"CTRL","C9ALS_vs_Control"
"P49841","GSK3B",0.178,0.380728469050591,0.988,FALSE,"CTRL","C9ALS_vs_Control"
"Q69YN4","KIAA1429",0.343,0.475879497682122,0.988,FALSE,"CTRL","C9ALS_vs_Control"
"P36507;Q02750","MAP2K2",0.12,0.429921441268187,0.988,FALSE,"CTRL","C9ALS_vs_Control"
"P27816","MAP4",0.257,0.343630232975231,0.988,FALSE,"CTRL","C9ALS_vs_Control"
"O43809","NUDT21",-0.189,0.38295721719913,0.988,FALSE,"CTRL","C9ALS_vs_Control"
"Q7Z417","NUFIP2",0.148,0.352760535370831,0.988,FALSE,"CTRL","C9ALS_vs_Control"
"P52948","NUP98",-0.175,0.356182760971809,0.988,FALSE,"CTRL","C9ALS_vs_Control"
"Q99623","PHB2",-0.215,0.337537624632267,0.988,FALSE,"CTRL","C9ALS_vs_Control"
"Q8TF01","PNISR",-0.143,0.421456691275543,0.988,FALSE,"CTRL","C9ALS_vs_Control"
"P67775","PPP2CA",-0.804,0.340139019014598,0.988,FALSE,"CTRL","C9ALS_vs_Control"
"P30044","PRDX5",-0.232,0.43266845874814,0.988,FALSE,"CTRL","C9ALS_vs_Control"
"Q15185","PTGES3",-0.546,0.461974187304579,0.988,FALSE,"CTRL","C9ALS_vs_Control"
"P61106","RAB14",0.104,0.492629550890899,0.988,FALSE,"CTRL","C9ALS_vs_Control"
"P52756","RBM5",-0.216,0.353711944043036,0.988,FALSE,"CTRL","C9ALS_vs_Control"
"Q9Y388","RBMX2",0.36,0.340035420502876,0.988,FALSE,"CTRL","C9ALS_vs_Control"
"P62906","RPL10A",0.216,0.495205297481502,0.988,FALSE,"CTRL","C9ALS_vs_Control"
"P62913","RPL11",-0.165,0.372816881787058,0.988,FALSE,"CTRL","C9ALS_vs_Control"
"P62829","RPL23",0.133,0.495331212229349,0.988,FALSE,"CTRL","C9ALS_vs_Control"
"P83731","RPL24",0.115,0.437936890531747,0.988,FALSE,"CTRL","C9ALS_vs_Control"
"P46779","RPL28",-0.148,0.443329103191498,0.988,FALSE,"CTRL","C9ALS_vs_Control"
"P62899","RPL31",-0.255,0.412252506865012,0.988,FALSE,"CTRL","C9ALS_vs_Control"
"P46777","RPL5",-0.349,0.357972519515204,0.988,FALSE,"CTRL","C9ALS_vs_Control"
"P18124","RPL7",0.121,0.380429206769543,0.988,FALSE,"CTRL","C9ALS_vs_Control"
"P32969","RPL9",-0.138,0.336222973884187,0.988,FALSE,"CTRL","C9ALS_vs_Control"
"P62263","RPS14",-0.219,0.488823558336352,0.988,FALSE,"CTRL","C9ALS_vs_Control"
"Q7L4I2","RSRC2",0.148,0.372031150379435,0.988,FALSE,"CTRL","C9ALS_vs_Control"
"Q9NQC3","RTN4",-0.51,0.354082609916555,0.988,FALSE,"CTRL","C9ALS_vs_Control"
"Q15637","SF1",-0.152,0.418379339216507,0.988,FALSE,"CTRL","C9ALS_vs_Control"
"O95391","SLU7",-0.141,0.493067164483025,0.988,FALSE,"CTRL","C9ALS_vs_Control"
"Q8WVK2","SNRNP27",-0.369,0.375930461797437,0.988,FALSE,"CTRL","C9ALS_vs_Control"
"Q6IEG0","SNRNP48",0.378,0.349305835407747,0.988,FALSE,"CTRL","C9ALS_vs_Control"
"P18583;Q8N1G2","SON",0.182,0.396116037445675,0.988,FALSE,"CTRL","C9ALS_vs_Control"
"Q05519","SRSF11",-0.127,0.421256427921543,0.988,FALSE,"CTRL","C9ALS_vs_Control"
"Q13247","SRSF6",0.29,0.363123297263945,0.988,FALSE,"CTRL","C9ALS_vs_Control"
"Q15369","TCEB1",-0.411,0.381255649404276,0.988,FALSE,"CTRL","C9ALS_vs_Control"
"Q96FV9","THOC1",-0.164,0.351421382942494,0.988,FALSE,"CTRL","C9ALS_vs_Control"
"Q9BW30","TPPP3",-0.321,0.346150055819656,0.988,FALSE,"CTRL","C9ALS_vs_Control"
"P49411","TUFM",-0.11,0.497400677919454,0.988,FALSE,"CTRL","C9ALS_vs_Control"
"O15042","U2SURP",-0.214,0.436227952362701,0.988,FALSE,"CTRL","C9ALS_vs_Control"
"Q9BRX9","WDR83",0.183,0.458301125830292,0.988,FALSE,"CTRL","C9ALS_vs_Control"
"P27348","YWHAQ",0.17,0.480746877840165,0.988,FALSE,"CTRL","C9ALS_vs_Control"
"Q5T200;Q9H1K0","ZC3H13",-0.135,0.498012899619404,0.988,FALSE,"CTRL","C9ALS_vs_Control"
"A6NFI3;Q8N9L1;Q14872","ZNF316",-0.574,0.401428909875068,0.988,FALSE,"CTRL","C9ALS_vs_Control"
"Q5BKZ1","ZNF326",-0.199,0.450787997243701,0.988,FALSE,"CTRL","C9ALS_vs_Control"
"Q96K58","ZNF668",-0.522,0.342766311338929,0.988,FALSE,"CTRL","C9ALS_vs_Control"
"Q13085;O00763","ACACA",-0.159,0.544046403864837,0.989,FALSE,"CTRL","C9ALS_vs_Control"
"P61160","ACTR2",0.726,0.546390341918235,0.989,FALSE,"CTRL","C9ALS_vs_Control"
"P61158;Q9P1U1;Q9C0K3","ACTR3",-0.411,0.762435347873335,0.989,FALSE,"CTRL","C9ALS_vs_Control"
"O14497","ARID1A",-0.232,0.699856317503152,0.989,FALSE,"CTRL","C9ALS_vs_Control"
"P59998","ARPC4",0.395,0.575482449774616,0.989,FALSE,"CTRL","C9ALS_vs_Control"
"Q9H8G2","CAAP1",0.0749,0.761373435088226,0.989,FALSE,"CTRL","C9ALS_vs_Control"
"Q8WUQ7","CACTIN",0.0669,0.725842307570998,0.989,FALSE,"CTRL","C9ALS_vs_Control"
"O15234","CASC3",-0.104,0.584460759472217,0.989,FALSE,"CTRL","C9ALS_vs_Control"
"Q75N03","CBLL1",-0.0711,0.669881571565677,0.989,FALSE,"CTRL","C9ALS_vs_Control"
"Q8N163","CCAR2",0.126,0.723157033838489,0.989,FALSE,"CTRL","C9ALS_vs_Control"
"Q9BXF3","CECR2",-0.145,0.504774468085976,0.989,FALSE,"CTRL","C9ALS_vs_Control"
"Q14011","CIRBP",-0.245,0.517353011949428,0.989,FALSE,"CTRL","C9ALS_vs_Control"
"Q9Y678","COPG1",0.0781,0.665689153129515,0.989,FALSE,"CTRL","C9ALS_vs_Control"
"Q16630","CPSF6",-0.0852,0.71355412860815,0.989,FALSE,"CTRL","C9ALS_vs_Control"
"Q14194","CRMP1",-0.103,0.722177815658642,0.989,FALSE,"CTRL","C9ALS_vs_Control"
"P19784","CSNK2A2",-0.239,0.638057152369202,0.989,FALSE,"CTRL","C9ALS_vs_Control"
"O60716;Q99569","CTNND1",0.102,0.506932051350936,0.989,FALSE,"CTRL","C9ALS_vs_Control"
"O00622","CYR61",0.355,0.580013358523343,0.989,FALSE,"CTRL","C9ALS_vs_Control"
"P31689","DNAJA1",-0.185,0.527514582168463,0.989,FALSE,"CTRL","C9ALS_vs_Control"
"Q9C005","DPY30",-0.0963,0.726166073388918,0.989,FALSE,"CTRL","C9ALS_vs_Control"
"P13639","EEF2",-0.204,0.512163614235428,0.989,FALSE,"CTRL","C9ALS_vs_Control"
"P19525","EIF2AK2",-0.101,0.700738244911156,0.989,FALSE,"CTRL","C9ALS_vs_Control"
"Q14152","EIF3A",-0.386,0.627719118866283,0.989,FALSE,"CTRL","C9ALS_vs_Control"
"P56537","EIF6",-0.107,0.532721874287065,0.989,FALSE,"CTRL","C9ALS_vs_Control"
"A6NHQ2","FBLL1",-0.157,0.633860706074642,0.989,FALSE,"CTRL","C9ALS_vs_Control"
"P21333","FLNA",-0.235,0.598672826153836,0.989,FALSE,"CTRL","C9ALS_vs_Control"
"Q16658","FSCN1",0.188,0.63939361446689,0.989,FALSE,"CTRL","C9ALS_vs_Control"
"Q8IY81","FTSJ3",0.0758,0.670913624236055,0.989,FALSE,"CTRL","C9ALS_vs_Control"
"Q13283","G3BP1",0.117,0.513318157037364,0.989,FALSE,"CTRL","C9ALS_vs_Control"
"Q9UN86","G3BP2",0.0747,0.726414375115325,0.989,FALSE,"CTRL","C9ALS_vs_Control"
"P04406","GAPDH",-0.105,0.710219577606152,0.989,FALSE,"CTRL","C9ALS_vs_Control"
"P08754;P11488;P19087;A8MTJ3","GNAI3",0.205,0.541518698246769,0.989,FALSE,"CTRL","C9ALS_vs_Control"
"P62879;Q9HAV0","GNB2",0.0939,0.743558750156807,0.989,FALSE,"CTRL","C9ALS_vs_Control"
"Q13823","GNL2",0.0733,0.626596590653109,0.989,FALSE,"CTRL","C9ALS_vs_Control"
"O75874","IDH1",-0.16,0.677153303076775,0.989,FALSE,"CTRL","C9ALS_vs_Control"
"Q9C086","INO80B",0.128,0.736692898573381,0.989,FALSE,"CTRL","C9ALS_vs_Control"
"Q03164;Q9UMN6","KMT2A",0.0674,0.657360300610997,0.989,FALSE,"CTRL","C9ALS_vs_Control"
"P52294;O15131","KPNA1",-0.0888,0.69977773069677,0.989,FALSE,"CTRL","C9ALS_vs_Control"
"P52292","KPNA2",-0.212,0.505948232657827,0.989,FALSE,"CTRL","C9ALS_vs_Control"
"Q9BX40","LSM14B",0.193,0.719387093483786,0.989,FALSE,"CTRL","C9ALS_vs_Control"
"O95232","LUC7L3",0.0901,0.627047655705676,0.989,FALSE,"CTRL","C9ALS_vs_Control"
"Q9BU76","MMTAG2",0.0717,0.650670206022608,0.989,FALSE,"CTRL","C9ALS_vs_Control"
"P11586","MTHFD1",0.234,0.654253316562444,0.989,FALSE,"CTRL","C9ALS_vs_Control"
"P19338","NCL",0.104,0.526804860433621,0.989,FALSE,"CTRL","C9ALS_vs_Control"
"Q9NX24","NHP2",-0.0544,0.739204835426509,0.989,FALSE,"CTRL","C9ALS_vs_Control"
"Q14978","NOLC1",0.222,0.540901317641751,0.989,FALSE,"CTRL","C9ALS_vs_Control"
"Q14980","NUMA1",0.0791,0.70346149568874,0.989,FALSE,"CTRL","C9ALS_vs_Control"
"P18669;P15259;Q8N0Y7","PGAM1",-0.111,0.728650397838168,0.989,FALSE,"CTRL","C9ALS_vs_Control"
"P00558;P07205","PGK1",-0.184,0.55971803339914,0.989,FALSE,"CTRL","C9ALS_vs_Control"
"Q8WUB8","PHF10",0.155,0.691697152364941,0.989,FALSE,"CTRL","C9ALS_vs_Control"
"P12273","PIP",-0.202,0.641648081097954,0.989,FALSE,"CTRL","C9ALS_vs_Control"
"Q15149","PLEC",0.344,0.68807299315878,0.989,FALSE,"CTRL","C9ALS_vs_Control"
"O75400","PRPF40A",0.133,0.515028312576939,0.989,FALSE,"CTRL","C9ALS_vs_Control"
"O94906","PRPF6",0.0542,0.753369389190779,0.989,FALSE,"CTRL","C9ALS_vs_Control"
"P41219","PRPH",0.0584,0.689510157851773,0.989,FALSE,"CTRL","C9ALS_vs_Control"
"Q9H0U4;Q92928","RAB1B",0.144,0.572834615180684,0.989,FALSE,"CTRL","C9ALS_vs_Control"
"Q96T37","RBM15",-0.0713,0.70962541532602,0.989,FALSE,"CTRL","C9ALS_vs_Control"
"P49756","RBM25",0.0523,0.744779257266398,0.989,FALSE,"CTRL","C9ALS_vs_Control"
"Q14498;Q86U06","RBM39",-0.114,0.52169087355746,0.989,FALSE,"CTRL","C9ALS_vs_Control"
"P50914","RPL14",-0.0951,0.57585963832374,0.989,FALSE,"CTRL","C9ALS_vs_Control"
"P18621","RPL17",-0.0892,0.710105962003265,0.989,FALSE,"CTRL","C9ALS_vs_Control"
"Q07020","RPL18",0.0515,0.749878055610214,0.989,FALSE,"CTRL","C9ALS_vs_Control"
"Q02543","RPL18A",0.0755,0.631530406310029,0.989,FALSE,"CTRL","C9ALS_vs_Control"
"P39023;Q92901","RPL3",0.0695,0.658818398686506,0.989,FALSE,"CTRL","C9ALS_vs_Control"
"Q02878","RPL6",0.102,0.525221841731147,0.989,FALSE,"CTRL","C9ALS_vs_Control"
"P62424","RPL7A",0.0524,0.745853063325318,0.989,FALSE,"CTRL","C9ALS_vs_Control"
"P62841","RPS15",0.15,0.602590285192077,0.989,FALSE,"CTRL","C9ALS_vs_Control"
"P42677","RPS27",0.0794,0.747625928317824,0.989,FALSE,"CTRL","C9ALS_vs_Control"
"P62979;P62987;P0CG47;P0CG48","RPS27A",0.0983,0.57992295550048,0.989,FALSE,"CTRL","C9ALS_vs_Control"
"O75533","SF3B1",0.0665,0.662317618992797,0.989,FALSE,"CTRL","C9ALS_vs_Control"
"Q92922;Q9UL12","SMARCC1",0.167,0.602655008088079,0.989,FALSE,"CTRL","C9ALS_vs_Control"
"Q96GM5;Q6STE5","SMARCD1",0.143,0.692205020273004,0.989,FALSE,"CTRL","C9ALS_vs_Control"
"P62304","SNRPE",-0.189,0.618122077451088,0.989,FALSE,"CTRL","C9ALS_vs_Control"
"Q8WXA9","SREK1",0.14,0.576099399735256,0.989,FALSE,"CTRL","C9ALS_vs_Control"
"P37108","SRP14",0.0599,0.757987738077467,0.989,FALSE,"CTRL","C9ALS_vs_Control"
"Q9UHB9","SRP68",-0.273,0.656542679900102,0.989,FALSE,"CTRL","C9ALS_vs_Control"
"Q8IYB3","SRRM1",0.113,0.566771213275774,0.989,FALSE,"CTRL","C9ALS_vs_Control"
"Q9UQ35","SRRM2",0.0859,0.551023838733494,0.989,FALSE,"CTRL","C9ALS_vs_Control"
"P05455","SSB",0.131,0.545701627261238,0.989,FALSE,"CTRL","C9ALS_vs_Control"
"P45880","VDAC2",-0.0845,0.588550079929639,0.989,FALSE,"CTRL","C9ALS_vs_Control"
"O75554","WBP4",-0.194,0.499996370461464,0.989,FALSE,"CTRL","C9ALS_vs_Control"
"Q9BUR4","WRAP53",0.161,0.567466810317193,0.989,FALSE,"CTRL","C9ALS_vs_Control"
"P61981","YWHAG",0.0849,0.605142964305814,0.989,FALSE,"CTRL","C9ALS_vs_Control"
"P53396","ACLY",0.106,0.840453148430728,0.99,FALSE,"CTRL","C9ALS_vs_Control"
"Q92572","AP3S1",0.00787,0.967505890251347,0.99,FALSE,"CTRL","C9ALS_vs_Control"
"Q8WWM7","ATXN2L",0.0542,0.774411466198577,0.99,FALSE,"CTRL","C9ALS_vs_Control"
"Q4VC05","BCL7A",0.0724,0.779658850399859,0.99,FALSE,"CTRL","C9ALS_vs_Control"
"Q9H8M2","BRD9",-0.0269,0.913162325517317,0.99,FALSE,"CTRL","C9ALS_vs_Control"
"Q6ZUT1","C11orf57",0.0492,0.793552978970456,0.99,FALSE,"CTRL","C9ALS_vs_Control"
"E9PRG8","C11orf98",-0.0199,0.917903056597198,0.99,FALSE,"CTRL","C9ALS_vs_Control"
"Q03701","CEBPZ",0.13,0.789124621241307,0.99,FALSE,"CTRL","C9ALS_vs_Control"
"Q8TD26","CHD6",0.0256,0.905783397757715,0.99,FALSE,"CTRL","C9ALS_vs_Control"
"Q9P2D1;Q3L8U1","CHD7",-0.0559,0.77416550458245,0.99,FALSE,"CTRL","C9ALS_vs_Control"
"Q8NFW8","CMAS",-0.00521,0.978720925786982,0.99,FALSE,"CTRL","C9ALS_vs_Control"
"Q10570","CPSF1",0.0358,0.86257944793399,0.99,FALSE,"CTRL","C9ALS_vs_Control"
"Q9NVP1","DDX18",0.0295,0.94522872578296,0.99,FALSE,"CTRL","C9ALS_vs_Control"
"Q7L014","DDX46",0.0564,0.776724875730509,0.99,FALSE,"CTRL","C9ALS_vs_Control"
"Q14195;Q14117","DPYSL3",0.000958,0.998161738837547,0.99,FALSE,"CTRL","C9ALS_vs_Control"
"P84090","ERH",-0.0533,0.796756482252395,0.99,FALSE,"CTRL","C9ALS_vs_Control"
"Q96CS3","FAF2",0.0572,0.828104737606654,0.99,FALSE,"CTRL","C9ALS_vs_Control"
"Q9NY12","GAR1",0.0216,0.9295752073292,0.99,FALSE,"CTRL","C9ALS_vs_Control"
"Q9NZM4","GLTSCR1",-0.042,0.847076193220005,0.99,FALSE,"CTRL","C9ALS_vs_Control"
"Q6AI39","GLTSCR1L",0.066,0.805374577771727,0.99,FALSE,"CTRL","C9ALS_vs_Control"
"Q9BRR8","GPATCH1",-0.0111,0.953256951095782,0.99,FALSE,"CTRL","C9ALS_vs_Control"
"P07305","H1F0",-0.0842,0.808930193993457,0.99,FALSE,"CTRL","C9ALS_vs_Control"
"Q92522","H1FX",0.0361,0.89878653362089,0.99,FALSE,"CTRL","C9ALS_vs_Control"
"P08238;Q58FF7;Q58FF6","HSP90AB1",0.0184,0.930750632167854,0.99,FALSE,"CTRL","C9ALS_vs_Control"
"P0DMV9;P0DMV8","HSPA1B",-0.0495,0.861697024011997,0.99,FALSE,"CTRL","C9ALS_vs_Control"
"P00338;Q6ZMR3;P07864","LDHA",-0.354,0.850128170381288,0.99,FALSE,"CTRL","C9ALS_vs_Control"
"Q03252","LMNB2",-0.0742,0.783507041989444,0.99,FALSE,"CTRL","C9ALS_vs_Control"
"P62312","LSM6",-0.00889,0.992127231718131,0.99,FALSE,"CTRL","C9ALS_vs_Control"
"A0JLT2","MED19",-0.0486,0.825450924286172,0.99,FALSE,"CTRL","C9ALS_vs_Control"
"P55769","NHP2L1",0.0207,0.901755658352514,0.99,FALSE,"CTRL","C9ALS_vs_Control"
"Q86U86","PBRM1",0.0697,0.836181909103512,0.99,FALSE,"CTRL","C9ALS_vs_Control"
"P17858","PFKL",-0.0782,0.787278104478626,0.99,FALSE,"CTRL","C9ALS_vs_Control"
"P07737;CON__P02584","PFN1",-0.252,0.814286424376449,0.99,FALSE,"CTRL","C9ALS_vs_Control"
"P35080","PFN2",0.0576,0.838700986265462,0.99,FALSE,"CTRL","C9ALS_vs_Control"
"Q13523","PRPF4B",-0.00113,0.994889790721891,0.99,FALSE,"CTRL","C9ALS_vs_Control"
"Q8WXF1","PSPC1",-0.111,0.79589628426149,0.99,FALSE,"CTRL","C9ALS_vs_Control"
"P62826","RAN",0.0289,0.838103583853449,0.99,FALSE,"CTRL","C9ALS_vs_Control"
"Q7Z6E9","RBBP6",-0.00667,0.963668413191236,0.99,FALSE,"CTRL","C9ALS_vs_Control"
"O43251;Q9NWB1;A6NFN3","RBFOX2",-0.0458,0.910313078598267,0.99,FALSE,"CTRL","C9ALS_vs_Control"
"Q96LT9","RNPC3",-0.0352,0.927511377242554,0.99,FALSE,"CTRL","C9ALS_vs_Control"
"Q8TA86","RP9",0.0659,0.81553065686082,0.99,FALSE,"CTRL","C9ALS_vs_Control"
"P27635;Q96L21","RPL10",0.0353,0.80951416941682,0.99,FALSE,"CTRL","C9ALS_vs_Control"
"P30050","RPL12",-0.0273,0.905686864732968,0.99,FALSE,"CTRL","C9ALS_vs_Control"
"P62750","RPL23A",-0.00731,0.965645538924942,0.99,FALSE,"CTRL","C9ALS_vs_Control"
"P04843","RPN1",0.0494,0.786443122563469,0.99,FALSE,"CTRL","C9ALS_vs_Control"
"P62269","RPS18",-0.00547,0.970928326936767,0.99,FALSE,"CTRL","C9ALS_vs_Control"
"P62266","RPS23",-0.0847,0.776711757203063,0.99,FALSE,"CTRL","C9ALS_vs_Control"
"P62241","RPS8",-0.00711,0.976776883915828,0.99,FALSE,"CTRL","C9ALS_vs_Control"
"Q5VWQ0","RSBN1",0.0147,0.933637275860663,0.99,FALSE,"CTRL","C9ALS_vs_Control"
"O76021","RSL1D1",-0.0115,0.93250092154889,0.99,FALSE,"CTRL","C9ALS_vs_Control"
"P05141;Q9H0C2","SLC25A5",0.0343,0.902683215604768,0.99,FALSE,"CTRL","C9ALS_vs_Control"
"Q92504","SLC39A7",-0.0875,0.770506970171463,0.99,FALSE,"CTRL","C9ALS_vs_Control"
"P51532","SMARCA4",-0.0331,0.895686691347479,0.99,FALSE,"CTRL","C9ALS_vs_Control"
"Q9NUQ6","SPATS2L",0.12,0.849586104326036,0.99,FALSE,"CTRL","C9ALS_vs_Control"
"Q9Y3F4","STRAP",-0.0376,0.909566416897962,0.99,FALSE,"CTRL","C9ALS_vs_Control"
"P17987","TCP1",0.0322,0.829141828233511,0.99,FALSE,"CTRL","C9ALS_vs_Control"
"Q3B726","TWISTNB",0.0276,0.952645290241461,0.99,FALSE,"CTRL","C9ALS_vs_Control"
"P26368","U2AF2",0.0386,0.93817099083199,0.99,FALSE,"CTRL","C9ALS_vs_Control"
"Q9H9J4","USP42",0.0239,0.919271893483255,0.99,FALSE,"CTRL","C9ALS_vs_Control"
"Q96MU7","YTHDC1",-0.0821,0.787706236231051,0.99,FALSE,"CTRL","C9ALS_vs_Control"
"P31946","YWHAB",-0.123,0.789933182716002,0.99,FALSE,"CTRL","C9ALS_vs_Control"
"Q6NZY4","ZCCHC8",-0.0106,0.952484397709639,0.99,FALSE,"CTRL","C9ALS_vs_Control"
"P17026","ZNF22",-0.0421,0.818059693756302,0.99,FALSE,"CTRL","C9ALS_vs_Control"
"O95218","ZRANB2",0.0502,0.834490790156317,0.99,FALSE,"CTRL","C9ALS_vs_Control"
"P09496","CLTA",3.44,3.1802196593468e-09,1.34e-09,TRUE,"RNase_ARS","C9ALS_vs_Control"
"Q00325","SLC25A3",3.03,7.03246165971257e-09,2.97e-08,TRUE,"RNase_ARS","C9ALS_vs_Control"
"A0A1B0GV03","A0A1B0GV03",5.3,1.30597306483266e-08,2.62e-07,TRUE,"RNase_ARS","C9ALS_vs_Control"
"Q13490","BIRC2",3.02,1.68892494237352e-08,5.26e-07,TRUE,"RNase_ARS","C9ALS_vs_Control"
"Q9NX58","LYAR",2.9,8.17561334004971e-08,6.87e-05,TRUE,"RNase_ARS","C9ALS_vs_Control"
"P63092;Q5JWF2;P38405","GNAS",2.93,1.38363124858892e-07,0.00023,TRUE,"RNase_ARS","C9ALS_vs_Control"
"Q9HCB6","SPON1",3.27,1.7792336137993e-07,0.000365,TRUE,"RNase_ARS","C9ALS_vs_Control"
"Q8IY67","RAVER1",-5.45,2.20373879773524e-07,0.000511,TRUE,"RNase_ARS","C9ALS_vs_Control"
"Q9Y281","CFL2",2.24,2.43512356270303e-07,0.000584,TRUE,"RNase_ARS","C9ALS_vs_Control"
"P98175","RBM10",-4.22,2.67490477488972e-07,0.000654,TRUE,"RNase_ARS","C9ALS_vs_Control"
"Q14624","ITIH4",-3.29,3.2950368089281e-07,0.000932,TRUE,"RNase_ARS","C9ALS_vs_Control"
"Q8IWU6","SULF1",3.03,3.78290806836398e-07,0.00115,TRUE,"RNase_ARS","C9ALS_vs_Control"
"P17096","HMGA1",-4.27,4.36956080069359e-07,0.00142,TRUE,"RNase_ARS","C9ALS_vs_Control"
"P31431","SDC4",-2.28,5.32994103617046e-07,0.00196,TRUE,"RNase_ARS","C9ALS_vs_Control"
"Q14244","MAP7",-2.28,7.31656361124775e-07,0.00319,TRUE,"RNase_ARS","C9ALS_vs_Control"
"Q6P158","DHX57",2,8.06341627542125e-07,0.00364,TRUE,"RNase_ARS","C9ALS_vs_Control"
"P11047","LAMC1",-2.37,9.12205343340438e-07,0.00425,TRUE,"RNase_ARS","C9ALS_vs_Control"
"Q9UGI8","TES",-2.54,1.03837766652104e-06,0.00493,TRUE,"RNase_ARS","C9ALS_vs_Control"
"Q96T23","RSF1",-2.04,1.0443020004796e-06,0.00496,TRUE,"RNase_ARS","C9ALS_vs_Control"
"O43684","BUB3",2.51,1.28976708102228e-06,0.00666,TRUE,"RNase_ARS","C9ALS_vs_Control"
"O95631","NTN1",2.4,1.51147706804867e-06,0.00815,TRUE,"RNase_ARS","C9ALS_vs_Control"
"P38159;O75526;Q8N7X1","RBMX",-1.69,1.6994370369155e-06,0.00935,TRUE,"RNase_ARS","C9ALS_vs_Control"
"Q16643","DBN1",1.74,1.78772601931855e-06,0.00989,TRUE,"RNase_ARS","C9ALS_vs_Control"
"Q9H6F5","CCDC86",-2.15,2.25120228162669e-06,0.0134,TRUE,"RNase_ARS","C9ALS_vs_Control"
"Q14008","CKAP5",1.85,2.55463998649076e-06,0.0156,TRUE,"RNase_ARS","C9ALS_vs_Control"
"P01857","IGHG1",-2.19,3.37980241989449e-06,0.0213,TRUE,"RNase_ARS","C9ALS_vs_Control"
"P07237","P4HB",-2.69,4.09760290272495e-06,0.0257,TRUE,"RNase_ARS","C9ALS_vs_Control"
"P0DP25;P0DP24;P0DP23;P27482;P02585","P0DP25",1.79,4.35893606424001e-06,0.0272,TRUE,"RNase_ARS","C9ALS_vs_Control"
"Q14203","DCTN1",2.03,4.54277592914409e-06,0.0282,TRUE,"RNase_ARS","C9ALS_vs_Control"
"Q9P2D1;Q3L8U1","CHD7",-1.79,4.63320884290108e-06,0.0286,TRUE,"RNase_ARS","C9ALS_vs_Control"
"Q15648","MED1",-2.03,4.84419694963998e-06,0.0297,TRUE,"RNase_ARS","C9ALS_vs_Control"
"P04792","HSPB1",-2.11,5.57336750883068e-06,0.0332,TRUE,"RNase_ARS","C9ALS_vs_Control"
"O15240","VGF",-3.16,5.98175095993753e-06,0.035,TRUE,"RNase_ARS","C9ALS_vs_Control"
"P78332","RBM6",-1.73,6.65357689983959e-06,0.0377,TRUE,"RNase_ARS","C9ALS_vs_Control"
"O76094","SRP72",-1.84,6.68636636404779e-06,0.0378,TRUE,"RNase_ARS","C9ALS_vs_Control"
"P31948","STIP1",2.52,6.96580082555512e-06,0.0389,TRUE,"RNase_ARS","C9ALS_vs_Control"
"Q53EP0","FNDC3B",2.6,7.22106545190026e-06,0.0398,TRUE,"RNase_ARS","C9ALS_vs_Control"
"Q9Y4F1","FARP1",-2.26,7.4083382363387e-06,0.0404,TRUE,"RNase_ARS","C9ALS_vs_Control"
"P18124","RPL7",1.82,7.53015655869335e-06,0.0408,TRUE,"RNase_ARS","C9ALS_vs_Control"
"Q6UN15","FIP1L1",-1.73,7.89177476739606e-06,0.042,TRUE,"RNase_ARS","C9ALS_vs_Control"
"Q6ZU35","KIAA1211",1.58,8.07009365389297e-06,0.0425,TRUE,"RNase_ARS","C9ALS_vs_Control"
"P62854;Q5JNZ5","RPS26",1.97,8.38955411058463e-06,0.0435,TRUE,"RNase_ARS","C9ALS_vs_Control"
"P61073","CXCR4",1.78,8.68677248225126e-06,0.0443,TRUE,"RNase_ARS","C9ALS_vs_Control"
"P63151;Q00005;Q9Y2T4","PPP2R2A",1.81,8.7790380724745e-06,0.0446,TRUE,"RNase_ARS","C9ALS_vs_Control"
"Q8IX12","CCAR1",1.58,9.96063451313502e-06,0.0481,TRUE,"RNase_ARS","C9ALS_vs_Control"
"O95402","MED26",-2.75,1.02019224820917e-05,0.0487,TRUE,"RNase_ARS","C9ALS_vs_Control"
"Q9UHA3","RSL24D1",2.08,1.01822691689434e-05,0.0487,TRUE,"RNase_ARS","C9ALS_vs_Control"
"Q9C0J8","WDR33",-1.41,1.02606589983296e-05,0.0489,TRUE,"RNase_ARS","C9ALS_vs_Control"
"Q07020","RPL18",1.73,1.10907549660659e-05,0.0513,FALSE,"RNase_ARS","C9ALS_vs_Control"
"Q92804","TAF15",-2.66,1.11053373899372e-05,0.0513,FALSE,"RNase_ARS","C9ALS_vs_Control"
"P08670;P17661","VIM",1.56,1.39919708269619e-05,0.0639,FALSE,"RNase_ARS","C9ALS_vs_Control"
"Q9UGN5","PARP2",2.52,1.56307365676915e-05,0.0707,FALSE,"RNase_ARS","C9ALS_vs_Control"
"Q9P2Y4","ZNF219",-2.46,1.93593661161427e-05,0.0848,FALSE,"RNase_ARS","C9ALS_vs_Control"
"P40429;Q6NVV1","RPL13A",1.23,2.34358301188442e-05,0.0986,FALSE,"RNase_ARS","C9ALS_vs_Control"
"Q9BZE4","GTPBP4",1.34,2.38183874474162e-05,0.0999,FALSE,"RNase_ARS","C9ALS_vs_Control"
"Q9P2R6","RERE",2.24,2.56193838758444e-05,0.105,FALSE,"RNase_ARS","C9ALS_vs_Control"
"Q12830","BPTF",-2.06,2.71653217488451e-05,0.11,FALSE,"RNase_ARS","C9ALS_vs_Control"
"P09012","SNRPA",-1.61,2.86040236793497e-05,0.114,FALSE,"RNase_ARS","C9ALS_vs_Control"
"P78362;Q9UPE1","SRPK2",1.16,3.2538751801471e-05,0.125,FALSE,"RNase_ARS","C9ALS_vs_Control"
"Q9NQT5","EXOSC3",1.56,3.37806921593737e-05,0.128,FALSE,"RNase_ARS","C9ALS_vs_Control"
"Q9P0L0","VAPA",2.6,3.78017995384856e-05,0.137,FALSE,"RNase_ARS","C9ALS_vs_Control"
"P56192","MARS",1.57,3.89411781585306e-05,0.14,FALSE,"RNase_ARS","C9ALS_vs_Control"
"Q13148","TARDBP",-1.15,4.06380464099926e-05,0.143,FALSE,"RNase_ARS","C9ALS_vs_Control"
"Q9BX66","SORBS1",1.96,4.2061522113853e-05,0.146,FALSE,"RNase_ARS","C9ALS_vs_Control"
"Q5T5P2","KIAA1217",-2.63,4.46618514567636e-05,0.152,FALSE,"RNase_ARS","C9ALS_vs_Control"
"P59923","ZNF445",-1.57,4.86886620767961e-05,0.159,FALSE,"RNase_ARS","C9ALS_vs_Control"
"P61313","RPL15",1.29,4.90979238691672e-05,0.16,FALSE,"RNase_ARS","C9ALS_vs_Control"
"O95758","PTBP3",-1.76,4.94356861378179e-05,0.161,FALSE,"RNase_ARS","C9ALS_vs_Control"
"Q15424","SAFB",-1.53,5.19382811910181e-05,0.165,FALSE,"RNase_ARS","C9ALS_vs_Control"
"P62424","RPL7A",1.6,5.23750479060819e-05,0.166,FALSE,"RNase_ARS","C9ALS_vs_Control"
"P49207","RPL34",1.56,5.3301822355984e-05,0.167,FALSE,"RNase_ARS","C9ALS_vs_Control"
"Q8N7H5","PAF1",-1.16,5.73090640083559e-05,0.174,FALSE,"RNase_ARS","C9ALS_vs_Control"
"Q8IVW6","ARID3B",-2.4,6.09567994127513e-05,0.18,FALSE,"RNase_ARS","C9ALS_vs_Control"
"Q9NWH9","SLTM",-1.4,6.45998321300687e-05,0.186,FALSE,"RNase_ARS","C9ALS_vs_Control"
"Q9NYV4;REV__Q05397","CDK12",-1.53,6.99084775508725e-05,0.194,FALSE,"RNase_ARS","C9ALS_vs_Control"
"Q15776","ZKSCAN8",1.89,7.15315894339271e-05,0.197,FALSE,"RNase_ARS","C9ALS_vs_Control"
"P02787;CON__Q2HJF0","TF",-2.47,7.31927193162355e-05,0.199,FALSE,"RNase_ARS","C9ALS_vs_Control"
"Q9ULV4;Q6QEF8","CORO1C",1.39,7.61292739113535e-05,0.203,FALSE,"RNase_ARS","C9ALS_vs_Control"
"Q12792","TWF1",-2.1,8.0129771089906e-05,0.208,FALSE,"RNase_ARS","C9ALS_vs_Control"
"O95400","CD2BP2",-1.16,8.23222537731618e-05,0.211,FALSE,"RNase_ARS","C9ALS_vs_Control"
"Q92614","MYO18A",1.54,8.43786406839058e-05,0.213,FALSE,"RNase_ARS","C9ALS_vs_Control"
"Q96SB3","PPP1R9B",1.67,9.95179424325614e-05,0.232,FALSE,"RNase_ARS","C9ALS_vs_Control"
"Q8IWR0","ZC3H7A",1.29,0.000102969935011596,0.236,FALSE,"RNase_ARS","C9ALS_vs_Control"
"A5YKK6","CNOT1",1.91,0.000104510512972836,0.238,FALSE,"RNase_ARS","C9ALS_vs_Control"
"P09874","PARP1",-0.909,0.00012652727632044,0.259,FALSE,"RNase_ARS","C9ALS_vs_Control"
"Q9Y4I1","MYO5A",1.42,0.000129064393029895,0.262,FALSE,"RNase_ARS","C9ALS_vs_Control"
"P50914","RPL14",1.53,0.000132164702133654,0.264,FALSE,"RNase_ARS","C9ALS_vs_Control"
"O95639","CPSF4",-1.5,0.000135820530194623,0.268,FALSE,"RNase_ARS","C9ALS_vs_Control"
"P83881","RPL36A",1.17,0.000140647410823903,0.272,FALSE,"RNase_ARS","C9ALS_vs_Control"
"Q9UIV1","CNOT7",1.88,0.000142087642502369,0.273,FALSE,"RNase_ARS","C9ALS_vs_Control"
"Q7RTV0","PHF5A",-0.951,0.000145368950786708,0.275,FALSE,"RNase_ARS","C9ALS_vs_Control"
"Q86WJ1","CHD1L",1.18,0.000153787959450118,0.282,FALSE,"RNase_ARS","C9ALS_vs_Control"
"O60488","ACSL4",1.57,0.000166692829118811,0.291,FALSE,"RNase_ARS","C9ALS_vs_Control"
"P10645","CHGA",-2.27,0.000169825225961976,0.293,FALSE,"RNase_ARS","C9ALS_vs_Control"
"O75533","SF3B1",-0.953,0.000169660632646076,0.293,FALSE,"RNase_ARS","C9ALS_vs_Control"
"P62888","RPL30",1.98,0.000171336787030741,0.294,FALSE,"RNase_ARS","C9ALS_vs_Control"
"P51608","MECP2",-2.61,0.000175960213930322,0.297,FALSE,"RNase_ARS","C9ALS_vs_Control"
"P61956;Q6EEV6;P55854","SUMO2",-2.21,0.000177831022411294,0.298,FALSE,"RNase_ARS","C9ALS_vs_Control"
"P49458","SRP9",1.45,0.000181254087573021,0.3,FALSE,"RNase_ARS","C9ALS_vs_Control"
"P43243","MATR3",-1.13,0.000183258127121254,0.301,FALSE,"RNase_ARS","C9ALS_vs_Control"
"Q02878","RPL6",1.15,0.000182594222550251,0.301,FALSE,"RNase_ARS","C9ALS_vs_Control"
"P62847","RPS24",1.42,0.000185044049278166,0.303,FALSE,"RNase_ARS","C9ALS_vs_Control"
"P36578","RPL4",1.32,0.000191338909833588,0.307,FALSE,"RNase_ARS","C9ALS_vs_Control"
"P52756","RBM5",-0.932,0.000198993089469386,0.313,FALSE,"RNase_ARS","C9ALS_vs_Control"
"O75175","CNOT3",1.22,0.000210935012078345,0.322,FALSE,"RNase_ARS","C9ALS_vs_Control"
"O95793","STAU1",0.905,0.000223547137064738,0.33,FALSE,"RNase_ARS","C9ALS_vs_Control"
"Q02543","RPL18A",1.68,0.000225512055883532,0.331,FALSE,"RNase_ARS","C9ALS_vs_Control"
"P39060","COL18A1",-1.35,0.000229078390629446,0.334,FALSE,"RNase_ARS","C9ALS_vs_Control"
"Q14562","DHX8",-1.28,0.000236376959385207,0.338,FALSE,"RNase_ARS","C9ALS_vs_Control"
"P68400;Q8NEV1","CSNK2A1",-1,0.00023884295664974,0.34,FALSE,"RNase_ARS","C9ALS_vs_Control"
"Q9NZB2","FAM120A",-1.3,0.000238371010605339,0.34,FALSE,"RNase_ARS","C9ALS_vs_Control"
"O43670","ZNF207",2.25,0.000240594512197346,0.341,FALSE,"RNase_ARS","C9ALS_vs_Control"
"P61353","RPL27",1.51,0.000247074353526895,0.345,FALSE,"RNase_ARS","C9ALS_vs_Control"
"Q14151","SAFB2",-2.18,0.000247997686613113,0.345,FALSE,"RNase_ARS","C9ALS_vs_Control"
"Q13813","SPTAN1",1.41,0.000259493960808269,0.352,FALSE,"RNase_ARS","C9ALS_vs_Control"
"Q6PJT7","ZC3H14",2.52,0.0002605740127854,0.353,FALSE,"RNase_ARS","C9ALS_vs_Control"
"Q14257","RCN2",1.62,0.000268570111896677,0.357,FALSE,"RNase_ARS","C9ALS_vs_Control"
"P18077","RPL35A",1.64,0.000272138881848977,0.359,FALSE,"RNase_ARS","C9ALS_vs_Control"
"Q15233;Q6Y7W6","NONO",-1.55,0.000274269604542197,0.36,FALSE,"RNase_ARS","C9ALS_vs_Control"
"P07196","NEFL",1.03,0.000279117270751665,0.363,FALSE,"RNase_ARS","C9ALS_vs_Control"
"P61278","SST",-1.39,0.000279584518710018,0.363,FALSE,"RNase_ARS","C9ALS_vs_Control"
"P46100","ATRX",-1.69,0.000286685096815503,0.367,FALSE,"RNase_ARS","C9ALS_vs_Control"
"O43707;Q08043;P35609","ACTN4",2.19,0.000300365587775985,0.374,FALSE,"RNase_ARS","C9ALS_vs_Control"
"Q14839","CHD4",-0.781,0.000308986435368244,0.378,FALSE,"RNase_ARS","C9ALS_vs_Control"
"Q9ULI0","ATAD2B",-1.82,0.000313928737568921,0.38,FALSE,"RNase_ARS","C9ALS_vs_Control"
"Q5U5Q3","MEX3C",1.45,0.000319057649218313,0.383,FALSE,"RNase_ARS","C9ALS_vs_Control"
"Q14974","KPNB1",1.83,0.000339953956551342,0.392,FALSE,"RNase_ARS","C9ALS_vs_Control"
"Q96T58","SPEN",-1.15,0.000346368957328798,0.395,FALSE,"RNase_ARS","C9ALS_vs_Control"
"P27824","CANX",-0.829,0.000353262031693409,0.398,FALSE,"RNase_ARS","C9ALS_vs_Control"
"P07910;O60812;B2RXH8;P0DMR1;B7ZW38","HNRNPC",-0.925,0.000357080029192018,0.399,FALSE,"RNase_ARS","C9ALS_vs_Control"
"Q03701","CEBPZ",1.08,0.000366200194785037,0.403,FALSE,"RNase_ARS","C9ALS_vs_Control"
"Q96RF0","SNX18",0.901,0.000367808947417797,0.404,FALSE,"RNase_ARS","C9ALS_vs_Control"
"P62241","RPS8",1.21,0.0003771865837607,0.407,FALSE,"RNase_ARS","C9ALS_vs_Control"
"O43513","MED7",-1.3,0.000381394687469599,0.409,FALSE,"RNase_ARS","C9ALS_vs_Control"
"Q14697","GANAB",-1.5,0.000423012438761783,0.424,FALSE,"RNase_ARS","C9ALS_vs_Control"
"O00159","MYO1C",0.962,0.000438169579236058,0.429,FALSE,"RNase_ARS","C9ALS_vs_Control"
"Q86UE4","MTDH",-1.94,0.000462814179389197,0.437,FALSE,"RNase_ARS","C9ALS_vs_Control"
"Q8IXM2","BAP18",-1.85,0.000489952321455582,0.446,FALSE,"RNase_ARS","C9ALS_vs_Control"
"Q9Y2I8","WDR37",1.56,0.000491485728937889,0.446,FALSE,"RNase_ARS","C9ALS_vs_Control"
"P61978","HNRNPK",-0.765,0.000514775318418389,0.453,FALSE,"RNase_ARS","C9ALS_vs_Control"
"O43795","MYO1B",1.47,0.00054727620571285,0.462,FALSE,"RNase_ARS","C9ALS_vs_Control"
"Q13561","DCTN2",1.66,0.000564360483647371,0.466,FALSE,"RNase_ARS","C9ALS_vs_Control"
"P02790","HPX",-2.01,0.00058096698692523,0.47,FALSE,"RNase_ARS","C9ALS_vs_Control"
"A6NFI3;Q8N9L1;Q14872","ZNF316",1.8,0.000588485992815957,0.472,FALSE,"RNase_ARS","C9ALS_vs_Control"
"P05976;P08590","MYL1",2.24,0.000591703127653561,0.473,FALSE,"RNase_ARS","C9ALS_vs_Control"
"Q8IXT5","RBM12B",-1.84,0.00059333843344037,0.473,FALSE,"RNase_ARS","C9ALS_vs_Control"
"Q5QJE6","DNTTIP2",-0.947,0.000600669914506523,0.475,FALSE,"RNase_ARS","C9ALS_vs_Control"
"Q86YP4","GATAD2A",-0.941,0.000615513560085442,0.478,FALSE,"RNase_ARS","C9ALS_vs_Control"
"Q8WWQ0","PHIP",-1.91,0.000618395262367627,0.479,FALSE,"RNase_ARS","C9ALS_vs_Control"
"Q5SNT2","TMEM201",-1.35,0.000676632014672499,0.491,FALSE,"RNase_ARS","C9ALS_vs_Control"
"Q9H0B6","KLC2",1.12,0.000699866560942394,0.496,FALSE,"RNase_ARS","C9ALS_vs_Control"
"Q00839","HNRNPU",-1.05,0.000714035927842571,0.499,FALSE,"RNase_ARS","C9ALS_vs_Control"
"P41250","GARS",1.37,0.000741280823700471,0.504,FALSE,"RNase_ARS","C9ALS_vs_Control"
"P60660","MYL6",1.64,0.000759824069933711,0.507,FALSE,"RNase_ARS","C9ALS_vs_Control"
"P52272","HNRNPM",-0.773,0.000784399478690549,0.512,FALSE,"RNase_ARS","C9ALS_vs_Control"
"O43290","SART1",-1.05,0.000789870891170435,0.513,FALSE,"RNase_ARS","C9ALS_vs_Control"
"Q9Y625","GPC6",-1.19,0.00086056535435563,0.524,FALSE,"RNase_ARS","C9ALS_vs_Control"
"Q9NZM5","GLTSCR2",0.997,0.000903052286383807,0.531,FALSE,"RNase_ARS","C9ALS_vs_Control"
"Q9Y3T9","NOC2L",0.85,0.000912918626329341,0.532,FALSE,"RNase_ARS","C9ALS_vs_Control"
"P14649","MYL6B",1.57,0.000948570417084353,0.537,FALSE,"RNase_ARS","C9ALS_vs_Control"
"P46781","RPS9",1.09,0.000993197061316649,0.543,FALSE,"RNase_ARS","C9ALS_vs_Control"
"P07437","TUBB",1.02,0.000990798138527838,0.543,FALSE,"RNase_ARS","C9ALS_vs_Control"
"O43818","RRP9",-1.14,0.0010018904736876,0.544,FALSE,"RNase_ARS","C9ALS_vs_Control"
"P25398","RPS12",-1.28,0.00105298662480901,0.55,FALSE,"RNase_ARS","C9ALS_vs_Control"
"Q9NZN8","CNOT2",1,0.00114520655921064,0.561,FALSE,"RNase_ARS","C9ALS_vs_Control"
"Q14126","DSG2",-1.59,0.0011396643998661,0.561,FALSE,"RNase_ARS","C9ALS_vs_Control"
"Q8IWZ3","ANKHD1",0.937,0.00117297037992573,0.564,FALSE,"RNase_ARS","C9ALS_vs_Control"
"O75683","SURF6",0.751,0.00118809740639562,0.566,FALSE,"RNase_ARS","C9ALS_vs_Control"
"P68032;P63267;P62736;P68133","ACTC1",1.74,0.00124383553200842,0.571,FALSE,"RNase_ARS","C9ALS_vs_Control"
"Q08AN1;Q6ZN19","ZNF616",1.37,0.00124723721415804,0.572,FALSE,"RNase_ARS","C9ALS_vs_Control"
"Q9BUJ2","HNRNPUL1",-0.792,0.0013023221858914,0.577,FALSE,"RNase_ARS","C9ALS_vs_Control"
"Q01484","ANK2",0.876,0.00134012177784915,0.581,FALSE,"RNase_ARS","C9ALS_vs_Control"
"Q9HC52","CBX8",-1.5,0.00134044046337432,0.581,FALSE,"RNase_ARS","C9ALS_vs_Control"
"Q9Y3U8","RPL36",0.962,0.00134890369604435,0.581,FALSE,"RNase_ARS","C9ALS_vs_Control"
"Q8WVV9","HNRNPLL",-0.889,0.00141893915302407,0.587,FALSE,"RNase_ARS","C9ALS_vs_Control"
"Q9C0C2","TNKS1BP1",0.969,0.00143814781053312,0.589,FALSE,"RNase_ARS","C9ALS_vs_Control"
"Q09028","RBBP4",-0.613,0.00156275967594438,0.599,FALSE,"RNase_ARS","C9ALS_vs_Control"
"Q9BZJ0","CRNKL1",2.12,0.0015926940112232,0.601,FALSE,"RNase_ARS","C9ALS_vs_Control"
"Q9UJS0","SLC25A13",1.04,0.00162208022519032,0.603,FALSE,"RNase_ARS","C9ALS_vs_Control"
"Q9H2P0","ADNP",-0.729,0.00162990543733132,0.604,FALSE,"RNase_ARS","C9ALS_vs_Control"
"P48681","NES",0.734,0.00162701982306496,0.604,FALSE,"RNase_ARS","C9ALS_vs_Control"
"P55265","ADAR",-0.86,0.0016759592889072,0.607,FALSE,"RNase_ARS","C9ALS_vs_Control"
"Q99848","EBNA1BP2",0.78,0.00170985197379126,0.609,FALSE,"RNase_ARS","C9ALS_vs_Control"
"Q9NYL9","TMOD3",2.24,0.00171823802526394,0.61,FALSE,"RNase_ARS","C9ALS_vs_Control"
"P62195;Q8NB90","PSMC5",1.53,0.00173729188352443,0.611,FALSE,"RNase_ARS","C9ALS_vs_Control"
"Q9H7B2","RPF2",0.664,0.00176002673649489,0.613,FALSE,"RNase_ARS","C9ALS_vs_Control"
"Q9BRS2","RIOK1",-2.02,0.00180238845930113,0.615,FALSE,"RNase_ARS","C9ALS_vs_Control"
"P04350","TUBB4A",1.03,0.00184002831736088,0.618,FALSE,"RNase_ARS","C9ALS_vs_Control"
"P23246","SFPQ",-1.5,0.00189089803311272,0.621,FALSE,"RNase_ARS","C9ALS_vs_Control"
"O75083","WDR1",1.02,0.00189315644267146,0.621,FALSE,"RNase_ARS","C9ALS_vs_Control"
"O60841;Q9H2L5","EIF5B",-1.56,0.0019720692537894,0.625,FALSE,"RNase_ARS","C9ALS_vs_Control"
"Q8IY81","FTSJ3",0.6,0.00197089108167595,0.625,FALSE,"RNase_ARS","C9ALS_vs_Control"
"P35637","FUS",-2.23,0.00196040557287951,0.625,FALSE,"RNase_ARS","C9ALS_vs_Control"
"Q9P2I0","CPSF2",-1.02,0.00201366745521714,0.628,FALSE,"RNase_ARS","C9ALS_vs_Control"
"Q9BVA1","TUBB2B",0.914,0.00207484589524724,0.631,FALSE,"RNase_ARS","C9ALS_vs_Control"
"Q07866","KLC1",0.9,0.0021416030413931,0.634,FALSE,"RNase_ARS","C9ALS_vs_Control"
"Q13509","TUBB3",0.949,0.00213827039520225,0.634,FALSE,"RNase_ARS","C9ALS_vs_Control"
"O60282;Q86Y91","KIF5C",1.01,0.00216377842547219,0.635,FALSE,"RNase_ARS","C9ALS_vs_Control"
"P83731","RPL24",0.9,0.0022042716048562,0.637,FALSE,"RNase_ARS","C9ALS_vs_Control"
"Q13885;A6NNZ2","TUBB2A",1.07,0.00219410316573208,0.637,FALSE,"RNase_ARS","C9ALS_vs_Control"
"P35580","MYH10",1.58,0.00223200708638296,0.639,FALSE,"RNase_ARS","C9ALS_vs_Control"
"Q01130","SRSF2",-0.981,0.00223854709345733,0.639,FALSE,"RNase_ARS","C9ALS_vs_Control"
"Q96K17","BTF3L4",-1.4,0.0022505205225694,0.64,FALSE,"RNase_ARS","C9ALS_vs_Control"
"Q9NWB6","ARGLU1",1.31,0.0023018607164103,0.642,FALSE,"RNase_ARS","C9ALS_vs_Control"
"O14744","PRMT5",-1.05,0.00229650860032379,0.642,FALSE,"RNase_ARS","C9ALS_vs_Control"
"Q7L2J0","MEPCE",-2.82,0.00241732298863732,0.647,FALSE,"RNase_ARS","C9ALS_vs_Control"
"Q9Y608","LRRFIP2",2.44,0.00243270543280772,0.648,FALSE,"RNase_ARS","C9ALS_vs_Control"
"Q13185","CBX3",-0.665,0.00246365632999823,0.649,FALSE,"RNase_ARS","C9ALS_vs_Control"
"P33176","KIF5B",0.799,0.00249602044720343,0.65,FALSE,"RNase_ARS","C9ALS_vs_Control"
"P27635;Q96L21","RPL10",1.01,0.00250932732175745,0.651,FALSE,"RNase_ARS","C9ALS_vs_Control"
"P47756","CAPZB",1.83,0.00253218297553043,0.652,FALSE,"RNase_ARS","C9ALS_vs_Control"
"Q92499","DDX1",0.777,0.00259719322106747,0.654,FALSE,"RNase_ARS","C9ALS_vs_Control"
"Q53GS9","USP39",1.07,0.00266290445693608,0.657,FALSE,"RNase_ARS","C9ALS_vs_Control"
"P52209","PGD",-1.28,0.00271709219853166,0.659,FALSE,"RNase_ARS","C9ALS_vs_Control"
"Q96AY4","TTC28",-0.839,0.00276007566107583,0.661,FALSE,"RNase_ARS","C9ALS_vs_Control"
"Q96E39","RBMXL1",-1.46,0.00281998929329266,0.663,FALSE,"RNase_ARS","C9ALS_vs_Control"
"Q9P258","RCC2",-0.834,0.00281511336598201,0.663,FALSE,"RNase_ARS","C9ALS_vs_Control"
"Q9UHR5","SAP30BP",-0.65,0.00293449505585397,0.667,FALSE,"RNase_ARS","C9ALS_vs_Control"
"P52907","CAPZA1",0.794,0.00299416777932607,0.669,FALSE,"RNase_ARS","C9ALS_vs_Control"
"P30050","RPL12",-0.99,0.00299294411277825,0.669,FALSE,"RNase_ARS","C9ALS_vs_Control"
"Q9Y2R9","MRPS7",1.2,0.00302105068441486,0.67,FALSE,"RNase_ARS","C9ALS_vs_Control"
"Q14204","DYNC1H1",0.649,0.00328660025403977,0.678,FALSE,"RNase_ARS","C9ALS_vs_Control"
"Q9H7N4","SCAF1",-0.831,0.00339084542027095,0.681,FALSE,"RNase_ARS","C9ALS_vs_Control"
"Q9ULV0","MYO5B",-1.33,0.00357706733179697,0.686,FALSE,"RNase_ARS","C9ALS_vs_Control"
"P61962","DCAF7",0.754,0.00369862542346267,0.689,FALSE,"RNase_ARS","C9ALS_vs_Control"
"P68371","TUBB4B",0.875,0.00374678567459862,0.69,FALSE,"RNase_ARS","C9ALS_vs_Control"
"O75955","FLOT1",0.67,0.00378209517173088,0.691,FALSE,"RNase_ARS","C9ALS_vs_Control"
"P62851","RPS25",-0.854,0.00379085527004085,0.691,FALSE,"RNase_ARS","C9ALS_vs_Control"
"Q13547;O15379","HDAC1",-0.871,0.00381511372884838,0.692,FALSE,"RNase_ARS","C9ALS_vs_Control"
"Q8IX01","SUGP2",-0.725,0.00383903391714927,0.692,FALSE,"RNase_ARS","C9ALS_vs_Control"
"Q9BY77","POLDIP3",-0.736,0.00396594567852325,0.695,FALSE,"RNase_ARS","C9ALS_vs_Control"
"Q9NZR1","TMOD2",1.06,0.00397984627329762,0.695,FALSE,"RNase_ARS","C9ALS_vs_Control"
"Q8N9T8","KRI1",0.593,0.00410839773142899,0.698,FALSE,"RNase_ARS","C9ALS_vs_Control"
"Q14966","ZNF638",-1.31,0.00409645384249261,0.698,FALSE,"RNase_ARS","C9ALS_vs_Control"
"P46776","RPL27A",0.853,0.00418385956603425,0.7,FALSE,"RNase_ARS","C9ALS_vs_Control"
"P23396","RPS3",0.768,0.00422971554692356,0.701,FALSE,"RNase_ARS","C9ALS_vs_Control"
"P46779","RPL28",0.771,0.0043032916133067,0.702,FALSE,"RNase_ARS","C9ALS_vs_Control"
"P05783;CON__Q92764;CON__Q497I4;Q92764;CON__H-INV:HIT000015463","KRT18",-1,0.00439965895750389,0.704,FALSE,"RNase_ARS","C9ALS_vs_Control"
"Q99798","ACO2",-1.14,0.00444280370919466,0.705,FALSE,"RNase_ARS","C9ALS_vs_Control"
"P49327","FASN",0.758,0.00447167232326822,0.706,FALSE,"RNase_ARS","C9ALS_vs_Control"
"Q7Z7K6","CENPV",-0.782,0.00453208608027844,0.707,FALSE,"RNase_ARS","C9ALS_vs_Control"
"Q9H4G0","EPB41L1",-1.22,0.0046484418072426,0.709,FALSE,"RNase_ARS","C9ALS_vs_Control"
"P12277;P06732","CKB",0.52,0.00484033203129142,0.712,FALSE,"RNase_ARS","C9ALS_vs_Control"
"Q13823","GNL2",0.717,0.00482422215670369,0.712,FALSE,"RNase_ARS","C9ALS_vs_Control"
"Q8WVC0","LEO1",-1.1,0.00484249711143527,0.713,FALSE,"RNase_ARS","C9ALS_vs_Control"
"O15355","PPM1G",-0.759,0.00487148134178722,0.713,FALSE,"RNase_ARS","C9ALS_vs_Control"
"Q8TAQ2","SMARCC2",-0.663,0.00492156693347833,0.714,FALSE,"RNase_ARS","C9ALS_vs_Control"
"Q86VP6;O75155","CAND1",1.31,0.00506208021538904,0.716,FALSE,"RNase_ARS","C9ALS_vs_Control"
"Q9BYW2","SETD2",-1.41,0.00509632900747663,0.717,FALSE,"RNase_ARS","C9ALS_vs_Control"
"P08237","PFKM",1.47,0.00514697092933578,0.718,FALSE,"RNase_ARS","C9ALS_vs_Control"
"P62333","PSMC6",1.42,0.00514196962758843,0.718,FALSE,"RNase_ARS","C9ALS_vs_Control"
"P54136","RARS",-0.982,0.00521864733535384,0.719,FALSE,"RNase_ARS","C9ALS_vs_Control"
"Q99829","CPNE1",-0.636,0.00528450056465419,0.72,FALSE,"RNase_ARS","C9ALS_vs_Control"
"P16401","HIST1H1B",-0.956,0.00530546164400786,0.72,FALSE,"RNase_ARS","C9ALS_vs_Control"
"Q02413;P32926;Q86SJ6","DSG1",-1.87,0.00535777991245735,0.721,FALSE,"RNase_ARS","C9ALS_vs_Control"
"Q71U36;P0DPH8;P0DPH7;Q6PEY2","TUBA1A",0.797,0.00550940836907261,0.723,FALSE,"RNase_ARS","C9ALS_vs_Control"
"Q5TF21","SOGA3",1.18,0.00572195767010457,0.726,FALSE,"RNase_ARS","C9ALS_vs_Control"
"Q13243","SRSF5",0.669,0.00578505268070533,0.727,FALSE,"RNase_ARS","C9ALS_vs_Control"
"P22314","UBA1",0.725,0.00587860466189258,0.728,FALSE,"RNase_ARS","C9ALS_vs_Control"
"Q6UWP8","SBSN",-1.42,0.00589942225324163,0.729,FALSE,"RNase_ARS","C9ALS_vs_Control"
"Q02880","TOP2B",-0.992,0.00593557640124266,0.729,FALSE,"RNase_ARS","C9ALS_vs_Control"
"Q68CP9","ARID2",-0.664,0.00602372277137467,0.73,FALSE,"RNase_ARS","C9ALS_vs_Control"
"Q13029","PRDM2",-1.15,0.00597771213313015,0.73,FALSE,"RNase_ARS","C9ALS_vs_Control"
"P30041","PRDX6",1.26,0.00601688421296502,0.73,FALSE,"RNase_ARS","C9ALS_vs_Control"
"Q9BWE0","REPIN1",-1.74,0.00603090093252066,0.73,FALSE,"RNase_ARS","C9ALS_vs_Control"
"Q9UNF1","MAGED2",-1.55,0.00607551527995745,0.731,FALSE,"RNase_ARS","C9ALS_vs_Control"
"P39023;Q92901","RPL3",0.599,0.00614352004299,0.732,FALSE,"RNase_ARS","C9ALS_vs_Control"
"P53999","SUB1",-0.859,0.00617003681742825,0.732,FALSE,"RNase_ARS","C9ALS_vs_Control"
"Q9NVP1","DDX18",1.79,0.00632994746007702,0.734,FALSE,"RNase_ARS","C9ALS_vs_Control"
"Q8WUA2","PPIL4",-0.884,0.00650400969499215,0.736,FALSE,"RNase_ARS","C9ALS_vs_Control"
"Q8TF47","ZFP90",0.823,0.00651805111206702,0.736,FALSE,"RNase_ARS","C9ALS_vs_Control"
"Q96A65","EXOC4",-1.32,0.00653683822720028,0.737,FALSE,"RNase_ARS","C9ALS_vs_Control"
"Q14444","CAPRIN1",1.17,0.00668797617221334,0.738,FALSE,"RNase_ARS","C9ALS_vs_Control"
"P51531","SMARCA2",-1.39,0.00685826131553674,0.74,FALSE,"RNase_ARS","C9ALS_vs_Control"
"P51116","FXR2",0.819,0.0068990194550896,0.741,FALSE,"RNase_ARS","C9ALS_vs_Control"
"P05089","ARG1",-1.83,0.00705573750501763,0.742,FALSE,"RNase_ARS","C9ALS_vs_Control"
"P09429;B2RPK0","HMGB1",-0.794,0.00699390950865385,0.742,FALSE,"RNase_ARS","C9ALS_vs_Control"
"Q14694","USP10",0.862,0.0070465507463484,0.742,FALSE,"RNase_ARS","C9ALS_vs_Control"
"Q16543","CDC37",-0.765,0.00727087362500623,0.745,FALSE,"RNase_ARS","C9ALS_vs_Control"
"P24928","POLR2A",-1.73,0.00727974339509692,0.745,FALSE,"RNase_ARS","C9ALS_vs_Control"
"Q9NUL3","STAU2",0.684,0.00725445964913449,0.745,FALSE,"RNase_ARS","C9ALS_vs_Control"
"Q96KR1","ZFR",0.936,0.00734921446834136,0.746,FALSE,"RNase_ARS","C9ALS_vs_Control"
"P62910","RPL32",1.01,0.00754382410189342,0.747,FALSE,"RNase_ARS","C9ALS_vs_Control"
"Q4G0J3","LARP7",-1.01,0.0075976199865418,0.748,FALSE,"RNase_ARS","C9ALS_vs_Control"
"Q29RF7","PDS5A",-1.29,0.00770261173879236,0.749,FALSE,"RNase_ARS","C9ALS_vs_Control"
"O75151","PHF2",-0.692,0.00766081630154507,0.749,FALSE,"RNase_ARS","C9ALS_vs_Control"
"Q9UJV9","DDX41",1.1,0.00787622725980475,0.751,FALSE,"RNase_ARS","C9ALS_vs_Control"
"P45973","CBX5",-0.586,0.00798896371142647,0.752,FALSE,"RNase_ARS","C9ALS_vs_Control"
"P07197","NEFM",0.545,0.00817509487033554,0.753,FALSE,"RNase_ARS","C9ALS_vs_Control"
"Q96G61;Q8NFP7;A0A024RBG1;Q9NZJ9;O95989","NUDT11",1.75,0.00809875406505813,0.753,FALSE,"RNase_ARS","C9ALS_vs_Control"
"Q9BZ95","WHSC1L1",-1.75,0.00813236614000142,0.753,FALSE,"RNase_ARS","C9ALS_vs_Control"
"Q8N5C6","SRBD1",-0.574,0.00836441705308696,0.755,FALSE,"RNase_ARS","C9ALS_vs_Control"
"Q08554","DSC1",-1.76,0.00845549019869612,0.756,FALSE,"RNase_ARS","C9ALS_vs_Control"
"P50454","SERPINH1",-0.515,0.00866721455846935,0.757,FALSE,"RNase_ARS","C9ALS_vs_Control"
"P07355;A6NMY6","ANXA2",-0.954,0.008748770705685,0.758,FALSE,"RNase_ARS","C9ALS_vs_Control"
"Q9NPI1","BRD7",-0.589,0.00889318007841838,0.759,FALSE,"RNase_ARS","C9ALS_vs_Control"
"Q9H1E3","NUCKS1",-2.54,0.00891101255323699,0.759,FALSE,"RNase_ARS","C9ALS_vs_Control"
"O96019","ACTL6A",-0.621,0.00919604405395746,0.761,FALSE,"RNase_ARS","C9ALS_vs_Control"
"Q96P50","ACAP3",-0.933,0.00935689734688814,0.763,FALSE,"RNase_ARS","C9ALS_vs_Control"
"Q96GQ7","DDX27",-0.748,0.00933493640321916,0.763,FALSE,"RNase_ARS","C9ALS_vs_Control"
"Q96GA3","LTV1",-0.656,0.00963658132156548,0.765,FALSE,"RNase_ARS","C9ALS_vs_Control"
"Q15427","SF3B4",-0.665,0.0100403256270799,0.767,FALSE,"RNase_ARS","C9ALS_vs_Control"
"Q8WYP5","AHCTF1",-1.04,0.0101422819405947,0.768,FALSE,"RNase_ARS","C9ALS_vs_Control"
"P60842","EIF4A1",0.605,0.010296645777077,0.769,FALSE,"RNase_ARS","C9ALS_vs_Control"
"Q14318","FKBP8",0.756,0.0103567784127423,0.769,FALSE,"RNase_ARS","C9ALS_vs_Control"
"O94805","ACTL6B",-0.652,0.0105904962948782,0.771,FALSE,"RNase_ARS","C9ALS_vs_Control"
"O75152;A0A1B0GTU1","ZC3H11A",-0.8,0.0107726028551113,0.772,FALSE,"RNase_ARS","C9ALS_vs_Control"
"O14646","CHD1",-1.4,0.0109569390026456,0.773,FALSE,"RNase_ARS","C9ALS_vs_Control"
"Q07666;Q9H6N6","KHDRBS1",-0.577,0.0109307970052121,0.773,FALSE,"RNase_ARS","C9ALS_vs_Control"
"Q8WXI9","GATAD2B",-1.48,0.0110317873592579,0.774,FALSE,"RNase_ARS","C9ALS_vs_Control"
"P61019","RAB2A",0.572,0.0114426117999628,0.776,FALSE,"RNase_ARS","C9ALS_vs_Control"
"Q96JP5","ZFP91",-0.986,0.0114491809893397,0.776,FALSE,"RNase_ARS","C9ALS_vs_Control"
"Q9UM54","MYO6",0.637,0.0117658807356094,0.778,FALSE,"RNase_ARS","C9ALS_vs_Control"
"P01040","CSTA",-1.33,0.0120958819397204,0.779,FALSE,"RNase_ARS","C9ALS_vs_Control"
"Q13045","FLII",0.872,0.0119257562328333,0.779,FALSE,"RNase_ARS","C9ALS_vs_Control"
"Q99426","TBCB",-0.671,0.0119110203244852,0.779,FALSE,"RNase_ARS","C9ALS_vs_Control"
"P15880","RPS2",0.678,0.0121360088072658,0.78,FALSE,"RNase_ARS","C9ALS_vs_Control"
"O94875","SORBS2",0.694,0.0121519883107233,0.78,FALSE,"RNase_ARS","C9ALS_vs_Control"
"P60709","ACTB",0.946,0.0124873368503486,0.781,FALSE,"RNase_ARS","C9ALS_vs_Control"
"Q96I25","RBM17",-0.505,0.0127321151564382,0.783,FALSE,"RNase_ARS","C9ALS_vs_Control"
"P09104","ENO2",-0.92,0.0135293868328015,0.786,FALSE,"RNase_ARS","C9ALS_vs_Control"
"Q96SB4","SRPK1",1.29,0.0135352649501079,0.786,FALSE,"RNase_ARS","C9ALS_vs_Control"
"Q96PK6","RBM14",-0.521,0.0135780337376968,0.787,FALSE,"RNase_ARS","C9ALS_vs_Control"
"Q9H5H4;Q96SL8","ZNF768",1.12,0.0138522732679641,0.788,FALSE,"RNase_ARS","C9ALS_vs_Control"
"Q86YR5","GPSM1",-0.486,0.0144601462683346,0.79,FALSE,"RNase_ARS","C9ALS_vs_Control"
"Q8N5F7;Q5M9Q1","NKAP",0.945,0.0144860489468378,0.79,FALSE,"RNase_ARS","C9ALS_vs_Control"
"Q969Q0","RPL36AL",1.96,0.0143066470888732,0.79,FALSE,"RNase_ARS","C9ALS_vs_Control"
"Q9P1Y6","PHRF1",-0.451,0.0148194692379578,0.792,FALSE,"RNase_ARS","C9ALS_vs_Control"
"P67775","PPP2CA",1.09,0.0147827226974682,0.792,FALSE,"RNase_ARS","C9ALS_vs_Control"
"Q8NE71","ABCF1",-0.777,0.0152254708006789,0.793,FALSE,"RNase_ARS","C9ALS_vs_Control"
"Q6P2E9","EDC4",-0.528,0.0152087512234743,0.793,FALSE,"RNase_ARS","C9ALS_vs_Control"
"Q7L099;Q96T51","RUFY3",1.03,0.0150083342426297,0.793,FALSE,"RNase_ARS","C9ALS_vs_Control"
"Q13435","SF3B2",-0.581,0.0153749584101862,0.794,FALSE,"RNase_ARS","C9ALS_vs_Control"
"P61158;Q9P1U1;Q9C0K3","ACTR3",1.37,0.0155257084359569,0.795,FALSE,"RNase_ARS","C9ALS_vs_Control"
"P15924","DSP",-1.53,0.0156596633421182,0.795,FALSE,"RNase_ARS","C9ALS_vs_Control"
"P07942","LAMB1",-0.909,0.01557556894049,0.795,FALSE,"RNase_ARS","C9ALS_vs_Control"
"P48634","PRRC2A",-0.882,0.0156178926008936,0.795,FALSE,"RNase_ARS","C9ALS_vs_Control"
"Q9UIK5","TMEFF2",-0.773,0.0158369806390354,0.796,FALSE,"RNase_ARS","C9ALS_vs_Control"
"P22492","HIST1H1T",1.4,0.0162675957706214,0.797,FALSE,"RNase_ARS","C9ALS_vs_Control"
"P11142;P54652","HSPA8",0.852,0.0162495155380014,0.797,FALSE,"RNase_ARS","C9ALS_vs_Control"
"Q9UKM9","RALY",-0.517,0.0163034449036322,0.797,FALSE,"RNase_ARS","C9ALS_vs_Control"
"Q92973;O14787","TNPO1",1.09,0.0166278773627011,0.798,FALSE,"RNase_ARS","C9ALS_vs_Control"
"P35998","PSMC2",0.878,0.0171657265358367,0.8,FALSE,"RNase_ARS","C9ALS_vs_Control"
"P50402","EMD",0.774,0.0173788146744067,0.801,FALSE,"RNase_ARS","C9ALS_vs_Control"
"P46783;Q9NQ39","RPS10",-0.95,0.0173647502723464,0.801,FALSE,"RNase_ARS","C9ALS_vs_Control"
"Q5VZL5","ZMYM4",-1.1,0.0173226489195243,0.801,FALSE,"RNase_ARS","C9ALS_vs_Control"
"P47813","EIF1AX",-1.22,0.0178234411195802,0.802,FALSE,"RNase_ARS","C9ALS_vs_Control"
"P35579;REV__Q9UKV3;Q8N1T3;Q9Y2K3;Q6PIF6;Q13402","MYH9",1,0.0178654597992274,0.802,FALSE,"RNase_ARS","C9ALS_vs_Control"
"O43395","PRPF3",-1.31,0.018102548284842,0.803,FALSE,"RNase_ARS","C9ALS_vs_Control"
"P17677","GAP43",-0.603,0.0182898844813279,0.804,FALSE,"RNase_ARS","C9ALS_vs_Control"
"P14923","JUP",-1.84,0.0183258500955902,0.804,FALSE,"RNase_ARS","C9ALS_vs_Control"
"Q8NB50;Q96NL3;Q9H963;Q8N782;Q8NCK3;Q9Y5A6;Q6ZN06;A6NDX5;Q86XN6","ZFP62",0.857,0.018375948385385,0.804,FALSE,"RNase_ARS","C9ALS_vs_Control"
"Q13367","AP3B2",-0.587,0.018706679766622,0.805,FALSE,"RNase_ARS","C9ALS_vs_Control"
"P08708","RPS17",-0.883,0.018804786487699,0.805,FALSE,"RNase_ARS","C9ALS_vs_Control"
"P42696","RBM34",-1.19,0.0189106498486984,0.806,FALSE,"RNase_ARS","C9ALS_vs_Control"
"C9JLW8","FAM195B",1.19,0.0194217265378639,0.807,FALSE,"RNase_ARS","C9ALS_vs_Control"
"Q9BYN8","MRPS26",1.16,0.0194938088825888,0.807,FALSE,"RNase_ARS","C9ALS_vs_Control"
"P09455","RBP1",0.705,0.0196968993497311,0.808,FALSE,"RNase_ARS","C9ALS_vs_Control"
"Q8N556;Q8TED9","AFAP1",0.685,0.0202675931582398,0.809,FALSE,"RNase_ARS","C9ALS_vs_Control"
"Q8WXX7","AUTS2",0.478,0.0201989726591218,0.809,FALSE,"RNase_ARS","C9ALS_vs_Control"
"Q5UIP0","RIF1",-0.935,0.0202696523016253,0.809,FALSE,"RNase_ARS","C9ALS_vs_Control"
"Q13557;Q9UQM7","CAMK2D",-0.663,0.0205354841401064,0.81,FALSE,"RNase_ARS","C9ALS_vs_Control"
"P11171","EPB41",-0.609,0.0204833796953992,0.81,FALSE,"RNase_ARS","C9ALS_vs_Control"
"Q9Y4W2","LAS1L",1.51,0.020510937064518,0.81,FALSE,"RNase_ARS","C9ALS_vs_Control"
"P19105;O14950","MYL12A",2.27,0.0205560709783177,0.81,FALSE,"RNase_ARS","C9ALS_vs_Control"
"Q12824","SMARCB1",-0.696,0.0207041280309855,0.81,FALSE,"RNase_ARS","C9ALS_vs_Control"
"O95819","MAP4K4",0.461,0.0207497689448191,0.811,FALSE,"RNase_ARS","C9ALS_vs_Control"
"Q4KMP7","TBC1D10B",-2.01,0.0208627635280596,0.811,FALSE,"RNase_ARS","C9ALS_vs_Control"
"Q14315","FLNC",1.33,0.021447374711709,0.812,FALSE,"RNase_ARS","C9ALS_vs_Control"
"P46778","RPL21",0.631,0.0214286127767552,0.812,FALSE,"RNase_ARS","C9ALS_vs_Control"
"P62316","SNRPD2",-0.698,0.0214602180937517,0.812,FALSE,"RNase_ARS","C9ALS_vs_Control"
"A6NNA2","SRRM3",1.09,0.0214333086892853,0.812,FALSE,"RNase_ARS","C9ALS_vs_Control"
"Q13838","DDX39B",0.666,0.0216168250653762,0.813,FALSE,"RNase_ARS","C9ALS_vs_Control"
"P68363","TUBA1B",0.696,0.0218931613124908,0.813,FALSE,"RNase_ARS","C9ALS_vs_Control"
"P62304","SNRPE",-0.59,0.0222450985100617,0.814,FALSE,"RNase_ARS","C9ALS_vs_Control"
"Q9BVP2","GNL3",0.526,0.0227429769369349,0.815,FALSE,"RNase_ARS","C9ALS_vs_Control"
"Q96JM3","CHAMP1",-0.489,0.0237104197152586,0.817,FALSE,"RNase_ARS","C9ALS_vs_Control"
"P30153","PPP2R1A",0.609,0.0236400759436751,0.817,FALSE,"RNase_ARS","C9ALS_vs_Control"
"Q9UPN6","SCAF8",-1.1,0.0237007648869811,0.817,FALSE,"RNase_ARS","C9ALS_vs_Control"
"P78316","NOP14",-0.66,0.0238247908757894,0.818,FALSE,"RNase_ARS","C9ALS_vs_Control"
"Q5JTH9","RRP12",-0.706,0.0239112246877102,0.818,FALSE,"RNase_ARS","C9ALS_vs_Control"
"P06733;P13929","ENO1",-0.62,0.0245571332404534,0.819,FALSE,"RNase_ARS","C9ALS_vs_Control"
"P42766","RPL35",0.681,0.0242604047087315,0.819,FALSE,"RNase_ARS","C9ALS_vs_Control"
"P55010","EIF5",-0.895,0.0248634749754265,0.82,FALSE,"RNase_ARS","C9ALS_vs_Control"
"P50148;Q14344;Q03113","GNAQ",0.76,0.0251510257930553,0.82,FALSE,"RNase_ARS","C9ALS_vs_Control"
"P84098","RPL19",0.433,0.0249229483095339,0.82,FALSE,"RNase_ARS","C9ALS_vs_Control"
"Q9Y314","NOSIP",-0.836,0.0253468181454093,0.821,FALSE,"RNase_ARS","C9ALS_vs_Control"
"Q13283","G3BP1",0.629,0.0260820746144446,0.822,FALSE,"RNase_ARS","C9ALS_vs_Control"
"P35908","KRT2",-1.37,0.0263567628530654,0.823,FALSE,"RNase_ARS","C9ALS_vs_Control"
"Q9UHX1","PUF60",0.815,0.0268365723081178,0.823,FALSE,"RNase_ARS","C9ALS_vs_Control"
"P62753","RPS6",0.653,0.0273567480251727,0.824,FALSE,"RNase_ARS","C9ALS_vs_Control"
"Q9UMY1","NOL7",0.791,0.0275450361477849,0.825,FALSE,"RNase_ARS","C9ALS_vs_Control"
"Q15020","SART3",-0.74,0.0274666039992406,0.825,FALSE,"RNase_ARS","C9ALS_vs_Control"
"Q07021","C1QBP",-1.43,0.0282932749334689,0.826,FALSE,"RNase_ARS","C9ALS_vs_Control"
"Q8N163","CCAR2",-1.04,0.0285539924012923,0.826,FALSE,"RNase_ARS","C9ALS_vs_Control"
"O43242","PSMD3",0.985,0.0280962440389893,0.826,FALSE,"RNase_ARS","C9ALS_vs_Control"
"P49674","CSNK1E",-0.521,0.0286938792263382,0.827,FALSE,"RNase_ARS","C9ALS_vs_Control"
"Q9GZR7","DDX24",0.443,0.0291099356402517,0.827,FALSE,"RNase_ARS","C9ALS_vs_Control"
"Q5T3I0","GPATCH4",0.687,0.030458324136943,0.829,FALSE,"RNase_ARS","C9ALS_vs_Control"
"P09211","GSTP1",-0.584,0.0302282324053085,0.829,FALSE,"RNase_ARS","C9ALS_vs_Control"
"Q9P0K7;O15034","RAI14",1.16,0.0310313481917094,0.83,FALSE,"RNase_ARS","C9ALS_vs_Control"
"Q12849","GRSF1",0.78,0.0316536464215124,0.831,FALSE,"RNase_ARS","C9ALS_vs_Control"
"Q13151","HNRNPA0",-0.481,0.0315115272481098,0.831,FALSE,"RNase_ARS","C9ALS_vs_Control"
"P07951","TPM2",0.764,0.0312735062000247,0.831,FALSE,"RNase_ARS","C9ALS_vs_Control"
"Q9BQA1","WDR77",-2.11,0.0316599043523542,0.831,FALSE,"RNase_ARS","C9ALS_vs_Control"
"Q9NZI8;REV__Q15833","IGF2BP1",-0.421,0.0319374359103243,0.832,FALSE,"RNase_ARS","C9ALS_vs_Control"
"Q05519","SRSF11",0.422,0.0318316580185543,0.832,FALSE,"RNase_ARS","C9ALS_vs_Control"
"Q9UGU5","HMGXB4",-1.69,0.0332011651669069,0.833,FALSE,"RNase_ARS","C9ALS_vs_Control"
"Q9BXY0","MAK16",0.445,0.0326922724471148,0.833,FALSE,"RNase_ARS","C9ALS_vs_Control"
"Q96K58","ZNF668",1.53,0.0326732195273009,0.833,FALSE,"RNase_ARS","C9ALS_vs_Control"
"Q08211","DHX9",0.506,0.0337486973619441,0.834,FALSE,"RNase_ARS","C9ALS_vs_Control"
"Q12765","SCRN1",0.737,0.0338861107515877,0.834,FALSE,"RNase_ARS","C9ALS_vs_Control"
"P29692","EEF1D",0.689,0.0340564496792261,0.835,FALSE,"RNase_ARS","C9ALS_vs_Control"
"P34932","HSPA4",0.944,0.0341170099399544,0.835,FALSE,"RNase_ARS","C9ALS_vs_Control"
"P17844","DDX5",0.507,0.0348656356180887,0.836,FALSE,"RNase_ARS","C9ALS_vs_Control"
"P10599","TXN",-0.509,0.0354612773471279,0.836,FALSE,"RNase_ARS","C9ALS_vs_Control"
"Q9NP64","ZCCHC17",0.495,0.0354887671655683,0.836,FALSE,"RNase_ARS","C9ALS_vs_Control"
"Q7L2E3","DHX30",0.381,0.035631083697441,0.837,FALSE,"RNase_ARS","C9ALS_vs_Control"
"Q99729","HNRNPAB",0.517,0.035689637037908,0.837,FALSE,"RNase_ARS","C9ALS_vs_Control"
"Q9UKV3","ACIN1",-0.59,0.0370667682853734,0.838,FALSE,"RNase_ARS","C9ALS_vs_Control"
"Q15459","SF3A1",-0.599,0.0367504547805661,0.838,FALSE,"RNase_ARS","C9ALS_vs_Control"
"P35080","PFN2",0.583,0.0374533001263306,0.839,FALSE,"RNase_ARS","C9ALS_vs_Control"
"O75569","PRKRA",-0.574,0.0378334034111701,0.839,FALSE,"RNase_ARS","C9ALS_vs_Control"
"Q01082","SPTBN1",0.54,0.0379380083768251,0.839,FALSE,"RNase_ARS","C9ALS_vs_Control"
"P23526","AHCY",-0.535,0.0388530712617522,0.84,FALSE,"RNase_ARS","C9ALS_vs_Control"
"P81605","DCD",-0.765,0.0380985790809049,0.84,FALSE,"RNase_ARS","C9ALS_vs_Control"
"Q9Y5Q9","GTF3C3",-0.523,0.0384373212342124,0.84,FALSE,"RNase_ARS","C9ALS_vs_Control"
"Q93077;Q7L7L0;P04908","HIST1H2AC",0.643,0.0385884015202482,0.84,FALSE,"RNase_ARS","C9ALS_vs_Control"
"Q86V81","ALYREF",-0.7,0.0391330940601878,0.841,FALSE,"RNase_ARS","C9ALS_vs_Control"
"O43491","EPB41L2",-0.436,0.039496616599967,0.841,FALSE,"RNase_ARS","C9ALS_vs_Control"
"Q9UN86","G3BP2",0.549,0.0392981465178934,0.841,FALSE,"RNase_ARS","C9ALS_vs_Control"
"P59780","AP3S2",-0.77,0.0399750705762282,0.842,FALSE,"RNase_ARS","C9ALS_vs_Control"
"Q9Y2V2","CARHSP1",-0.424,0.0415851724583722,0.843,FALSE,"RNase_ARS","C9ALS_vs_Control"
"A2NJV5;A0A0A0MRZ7;A0A075B6S2;A0A075B6S6;A0A075B6P5;A0A087WW87;P06310;P01615;P01614;A0A0C4DH68","IGKV A18",-1.08,0.0413734896955781,0.843,FALSE,"RNase_ARS","C9ALS_vs_Control"
"P61163","ACTR1A",0.798,0.0427049739215089,0.844,FALSE,"RNase_ARS","C9ALS_vs_Control"
"Q8TDN6","BRIX1",0.546,0.0419711237178592,0.844,FALSE,"RNase_ARS","C9ALS_vs_Control"
"Q9Y6A4","CFAP20",-1.11,0.0425264949353044,0.844,FALSE,"RNase_ARS","C9ALS_vs_Control"
"P36915","GNL1",-0.602,0.042441023427362,0.844,FALSE,"RNase_ARS","C9ALS_vs_Control"
"Q9ULI4","KIF26A",-1.65,0.0420649152138345,0.844,FALSE,"RNase_ARS","C9ALS_vs_Control"
"Q92504","SLC39A7",0.723,0.0432138702168048,0.845,FALSE,"RNase_ARS","C9ALS_vs_Control"
"P04040","CAT",-1.06,0.0439726379086536,0.846,FALSE,"RNase_ARS","C9ALS_vs_Control"
"Q02383","SEMG2",-1.28,0.0446108711962704,0.846,FALSE,"RNase_ARS","C9ALS_vs_Control"
"P25705","ATP5A1",-0.369,0.0457439015397174,0.847,FALSE,"RNase_ARS","C9ALS_vs_Control"
"Q9BUQ8","DDX23",-1.22,0.0453642415419793,0.847,FALSE,"RNase_ARS","C9ALS_vs_Control"
"P11387;Q969P6","TOP1",1.13,0.0456314554382857,0.847,FALSE,"RNase_ARS","C9ALS_vs_Control"
"Q3B7J2","GFOD2",0.909,0.0466360876909712,0.848,FALSE,"RNase_ARS","C9ALS_vs_Control"
"Q9P2K5","MYEF2",0.374,0.0471380882556108,0.848,FALSE,"RNase_ARS","C9ALS_vs_Control"
"Q14980","NUMA1",0.585,0.0470354866336317,0.848,FALSE,"RNase_ARS","C9ALS_vs_Control"
"Q9UHB9","SRP68",-0.614,0.0470989705856536,0.848,FALSE,"RNase_ARS","C9ALS_vs_Control"
"Q9Y3F4","STRAP",0.518,0.0465331700350176,0.848,FALSE,"RNase_ARS","C9ALS_vs_Control"
"Q7Z6Z7","HUWE1",0.419,0.0480276599210001,0.849,FALSE,"RNase_ARS","C9ALS_vs_Control"
"P62917","RPL8",0.422,0.0472997391001996,0.849,FALSE,"RNase_ARS","C9ALS_vs_Control"
"Q01831","XPC",-0.526,0.0472919137833249,0.849,FALSE,"RNase_ARS","C9ALS_vs_Control"
"O15014","ZNF609",-0.969,0.0473188883377568,0.849,FALSE,"RNase_ARS","C9ALS_vs_Control"
"P32119","PRDX2",-0.633,0.0490867767046553,0.85,FALSE,"RNase_ARS","C9ALS_vs_Control"
"Q9Y2J2","EPB41L3",-1.9,0.049769347865294,0.851,FALSE,"RNase_ARS","C9ALS_vs_Control"
"Q8WXA9","SREK1",0.731,0.0507616139932904,0.851,FALSE,"RNase_ARS","C9ALS_vs_Control"
"Q96MU7","YTHDC1",-0.429,0.0496626346485349,0.851,FALSE,"RNase_ARS","C9ALS_vs_Control"
"O95218","ZRANB2",0.468,0.0521361342347459,0.852,FALSE,"RNase_ARS","C9ALS_vs_Control"
"Q8WUM0","NUP133",-0.794,0.0531413915323157,0.853,FALSE,"RNase_ARS","C9ALS_vs_Control"
"Q68D10","SPTY2D1",-1.79,0.0530232599338117,0.853,FALSE,"RNase_ARS","C9ALS_vs_Control"
"Q5VUA4","ZNF318",-0.716,0.0537456024227251,0.854,FALSE,"RNase_ARS","C9ALS_vs_Control"
"P06702","S100A9",-1.38,0.0562849570839426,0.855,FALSE,"RNase_ARS","C9ALS_vs_Control"
"Q9NZT1","CALML5",-1.11,0.057062322070607,0.856,FALSE,"RNase_ARS","C9ALS_vs_Control"
"Q06787","FMR1",0.512,0.0575565427548171,0.856,FALSE,"RNase_ARS","C9ALS_vs_Control"
"Q9UIS9","MBD1",-0.436,0.0565213388703321,0.856,FALSE,"RNase_ARS","C9ALS_vs_Control"
"O75607","NPM3",-0.824,0.0566839575232617,0.856,FALSE,"RNase_ARS","C9ALS_vs_Control"
"O15231","ZNF185",-0.674,0.0572692949538995,0.856,FALSE,"RNase_ARS","C9ALS_vs_Control"
"P68104;Q5VTE0;Q05639","EEF1A1",0.535,0.0588057165418437,0.857,FALSE,"RNase_ARS","C9ALS_vs_Control"
"P62861","FAU.1",-1.24,0.0593341790124796,0.857,FALSE,"RNase_ARS","C9ALS_vs_Control"
"A8CG34","POM121C",-0.959,0.0592741158766281,0.857,FALSE,"RNase_ARS","C9ALS_vs_Control"
"P20340;Q53S08","RAB6A",0.857,0.0590388108827039,0.857,FALSE,"RNase_ARS","C9ALS_vs_Control"
"Q5BKZ1","ZNF326",-0.364,0.0590980910526608,0.857,FALSE,"RNase_ARS","C9ALS_vs_Control"
"O60508","CDC40",0.872,0.0601927920944752,0.858,FALSE,"RNase_ARS","C9ALS_vs_Control"
"P29373","CRABP2",0.691,0.0605991221830045,0.858,FALSE,"RNase_ARS","C9ALS_vs_Control"
"Q6ZN17","LIN28B",0.487,0.061912195151937,0.859,FALSE,"RNase_ARS","C9ALS_vs_Control"
"Q5T200;Q9H1K0","ZC3H13",-0.562,0.062483920626087,0.859,FALSE,"RNase_ARS","C9ALS_vs_Control"
"P21127;Q9UQ88;Q13882","CDK11B",-0.342,0.0629404577136444,0.86,FALSE,"RNase_ARS","C9ALS_vs_Control"
"P36957","DLST",-0.4,0.0642913796638735,0.86,FALSE,"RNase_ARS","C9ALS_vs_Control"
"Q3MHD2","LSM12",0.726,0.0635929497282682,0.86,FALSE,"RNase_ARS","C9ALS_vs_Control"
"Q14254","FLOT2",-0.476,0.0660792814604534,0.861,FALSE,"RNase_ARS","C9ALS_vs_Control"
"P62826","RAN",0.39,0.065487524444906,0.861,FALSE,"RNase_ARS","C9ALS_vs_Control"
"P49591","SARS",-0.502,0.0650995618638043,0.861,FALSE,"RNase_ARS","C9ALS_vs_Control"
"O00468","AGRN",-0.58,0.0666772740284084,0.862,FALSE,"RNase_ARS","C9ALS_vs_Control"
"Q16527","CSRP2",0.396,0.0669135388260848,0.862,FALSE,"RNase_ARS","C9ALS_vs_Control"
"Q99959","PKP2",-0.504,0.0677067737268838,0.862,FALSE,"RNase_ARS","C9ALS_vs_Control"
"Q9UNX3","RPL26L1",-1.84,0.0677955103424064,0.862,FALSE,"RNase_ARS","C9ALS_vs_Control"
"P62277","RPS13",-0.471,0.0666936445618248,0.862,FALSE,"RNase_ARS","C9ALS_vs_Control"
"P55081;Q00653","MFAP1",-0.5,0.0688007828997246,0.863,FALSE,"RNase_ARS","C9ALS_vs_Control"
"Q13610","PWP1",0.318,0.068220284694207,0.863,FALSE,"RNase_ARS","C9ALS_vs_Control"
"P27694","RPA1",0.65,0.0695706430695014,0.863,FALSE,"RNase_ARS","C9ALS_vs_Control"
"P62266","RPS23",0.586,0.069067939111141,0.863,FALSE,"RNase_ARS","C9ALS_vs_Control"
"P62979;P62987;P0CG47;P0CG48","RPS27A",0.501,0.0699090653546129,0.863,FALSE,"RNase_ARS","C9ALS_vs_Control"
"P38919","EIF4A3",-0.346,0.0711091105545002,0.864,FALSE,"RNase_ARS","C9ALS_vs_Control"
"Q13330","MTA1",-0.474,0.071929449079653,0.864,FALSE,"RNase_ARS","C9ALS_vs_Control"
"Q9Y3I0","RTCB",0.62,0.0719208851625939,0.864,FALSE,"RNase_ARS","C9ALS_vs_Control"
"P05141;Q9H0C2","SLC25A5",-0.328,0.0713808488429076,0.864,FALSE,"RNase_ARS","C9ALS_vs_Control"
"P17480","UBTF",0.474,0.0707810129315071,0.864,FALSE,"RNase_ARS","C9ALS_vs_Control"
"O60716;Q99569","CTNND1",-0.419,0.0729303158248203,0.865,FALSE,"RNase_ARS","C9ALS_vs_Control"
"A0A075B6R9","IGKV2D-24",-0.993,0.0731792441350797,0.865,FALSE,"RNase_ARS","C9ALS_vs_Control"
"P30414","NKTR",-0.436,0.0726554877117841,0.865,FALSE,"RNase_ARS","C9ALS_vs_Control"
"P40227;Q92526","CCT6A",-0.365,0.0747611175310413,0.866,FALSE,"RNase_ARS","C9ALS_vs_Control"
"Q58FF8","HSP90AB2P",-0.443,0.0752326416817198,0.866,FALSE,"RNase_ARS","C9ALS_vs_Control"
"Q7Z417","NUFIP2",0.374,0.0741154252547772,0.866,FALSE,"RNase_ARS","C9ALS_vs_Control"
"Q16531","DDB1",-1.19,0.0767650335913124,0.867,FALSE,"RNase_ARS","C9ALS_vs_Control"
"Q9BY44","EIF2A",-0.539,0.0778566442731088,0.867,FALSE,"RNase_ARS","C9ALS_vs_Control"
"Q6AI39","GLTSCR1L",-0.501,0.0780990782765806,0.867,FALSE,"RNase_ARS","C9ALS_vs_Control"
"P49773","HINT1",-1.25,0.0783320281342241,0.867,FALSE,"RNase_ARS","C9ALS_vs_Control"
"P52701","MSH6",-0.659,0.0777351540245714,0.867,FALSE,"RNase_ARS","C9ALS_vs_Control"
"Q9UBC0;O60422;O95948","ONECUT1",0.512,0.0772878087363682,0.867,FALSE,"RNase_ARS","C9ALS_vs_Control"
"Q9Y3B4","SF3B6",-1.09,0.0778145620548729,0.867,FALSE,"RNase_ARS","C9ALS_vs_Control"
"Q93045","STMN2",0.409,0.0775955913892865,0.867,FALSE,"RNase_ARS","C9ALS_vs_Control"
"O95785","WIZ",-0.684,0.0766659650899045,0.867,FALSE,"RNase_ARS","C9ALS_vs_Control"
"P56537","EIF6",0.347,0.0788194773422776,0.868,FALSE,"RNase_ARS","C9ALS_vs_Control"
"P10809","HSPD1",-0.74,0.0800447802252869,0.868,FALSE,"RNase_ARS","C9ALS_vs_Control"
"Q12906","ILF3",-0.294,0.0802153233924433,0.868,FALSE,"RNase_ARS","C9ALS_vs_Control"
"Q15084","PDIA6",0.388,0.0783991055645544,0.868,FALSE,"RNase_ARS","C9ALS_vs_Control"
"Q99832","CCT7",-1.09,0.0811510942026597,0.869,FALSE,"RNase_ARS","C9ALS_vs_Control"
"Q92785","DPF2",-0.456,0.0822986117657057,0.869,FALSE,"RNase_ARS","C9ALS_vs_Control"
"Q5SSJ5","HP1BP3",-0.39,0.0829579636001796,0.869,FALSE,"RNase_ARS","C9ALS_vs_Control"
"Q9NTI5","PDS5B",-0.33,0.0823512713694129,0.869,FALSE,"RNase_ARS","C9ALS_vs_Control"
"Q6PCB5","RSBN1L",-0.513,0.0820649621118595,0.869,FALSE,"RNase_ARS","C9ALS_vs_Control"
"Q12873","CHD3",-2.1,0.0845296428550225,0.87,FALSE,"RNase_ARS","C9ALS_vs_Control"
"O43602","DCX",0.501,0.0842168579302444,0.87,FALSE,"RNase_ARS","C9ALS_vs_Control"
"P62873","GNB1",0.997,0.083557653028016,0.87,FALSE,"RNase_ARS","C9ALS_vs_Control"
"P13010","XRCC5",-0.421,0.0851438121400303,0.87,FALSE,"RNase_ARS","C9ALS_vs_Control"
"P35221;Q9UI47","CTNNA1",-1.16,0.0873276654270364,0.871,FALSE,"RNase_ARS","C9ALS_vs_Control"
"O15075","DCLK1",0.346,0.0855615066832107,0.871,FALSE,"RNase_ARS","C9ALS_vs_Control"
"Q8TDD1","DDX54",0.45,0.0866081998019196,0.871,FALSE,"RNase_ARS","C9ALS_vs_Control"
"P68431;Q71DI3;Q16695","HIST1H3A",-0.441,0.0876134188497259,0.871,FALSE,"RNase_ARS","C9ALS_vs_Control"
"Q9NQ29","LUC7L",-0.463,0.0868598844968634,0.871,FALSE,"RNase_ARS","C9ALS_vs_Control"
"P62249","RPS16",-0.408,0.0870982432053617,0.871,FALSE,"RNase_ARS","C9ALS_vs_Control"
"Q12962","TAF10",-0.449,0.086697168791228,0.871,FALSE,"RNase_ARS","C9ALS_vs_Control"
"P53396","ACLY",0.372,0.0898221123946197,0.872,FALSE,"RNase_ARS","C9ALS_vs_Control"
"Q8ND24","RNF214",-0.558,0.0902419181953278,0.872,FALSE,"RNase_ARS","C9ALS_vs_Control"
"P61254","RPL26",-0.617,0.0896135766824398,0.872,FALSE,"RNase_ARS","C9ALS_vs_Control"
"Q9UQR0","SCML2",-0.443,0.0894408299035553,0.872,FALSE,"RNase_ARS","C9ALS_vs_Control"
"P12956","XRCC6",-0.502,0.0886617249265832,0.872,FALSE,"RNase_ARS","C9ALS_vs_Control"
"P20020;Q01814;Q16720","ATP2B1",-0.807,0.0911028612776103,0.873,FALSE,"RNase_ARS","C9ALS_vs_Control"
"Q9NY93","DDX56",0.383,0.0921979002871165,0.873,FALSE,"RNase_ARS","C9ALS_vs_Control"
"P26641","EEF1G",0.383,0.0933861786075079,0.873,FALSE,"RNase_ARS","C9ALS_vs_Control"
"Q9Y383","LUC7L2",0.878,0.0926750292445303,0.873,FALSE,"RNase_ARS","C9ALS_vs_Control"
"Q14684","RRP1B",0.376,0.0916244763247918,0.873,FALSE,"RNase_ARS","C9ALS_vs_Control"
"Q16629","SRSF7",0.579,0.0921468442186004,0.873,FALSE,"RNase_ARS","C9ALS_vs_Control"
"P21675;Q8IZX4","TAF1",0.547,0.0931133054819227,0.873,FALSE,"RNase_ARS","C9ALS_vs_Control"
"Q9HBM6","TAF9B",0.386,0.0908216016889263,0.873,FALSE,"RNase_ARS","C9ALS_vs_Control"
"Q9BRD0","BUD13",-0.479,0.0952897983097227,0.874,FALSE,"RNase_ARS","C9ALS_vs_Control"
"P06748","NPM1",0.317,0.0942444556032083,0.874,FALSE,"RNase_ARS","C9ALS_vs_Control"
"P46060","RANGAP1",0.682,0.0936476004087318,0.874,FALSE,"RNase_ARS","C9ALS_vs_Control"
"P62244","RPS15A",0.375,0.0957266812924086,0.874,FALSE,"RNase_ARS","C9ALS_vs_Control"
"Q15428","SF3A2",-1.94,0.0948454518098013,0.874,FALSE,"RNase_ARS","C9ALS_vs_Control"
"Q04917","YWHAH",1.14,0.0962077484670605,0.874,FALSE,"RNase_ARS","C9ALS_vs_Control"
"Q5VTL8","PRPF38B",0.431,0.0975952682419126,0.875,FALSE,"RNase_ARS","C9ALS_vs_Control"
"Q7L576","CYFIP1",-0.38,0.0994976903310657,0.876,FALSE,"RNase_ARS","C9ALS_vs_Control"
"Q9H6W3","NO66",0.345,0.102160152817933,0.876,FALSE,"RNase_ARS","C9ALS_vs_Control"
"P51149","RAB7A",-0.78,0.0999701048477913,0.876,FALSE,"RNase_ARS","C9ALS_vs_Control"
"Q15050","RRS1",0.426,0.100019892813426,0.876,FALSE,"RNase_ARS","C9ALS_vs_Control"
"O95391","SLU7",-0.611,0.100637708054991,0.876,FALSE,"RNase_ARS","C9ALS_vs_Control"
"Q15029","EFTUD2",0.613,0.104795813032551,0.877,FALSE,"RNase_ARS","C9ALS_vs_Control"
"P38117","ETFB",-0.357,0.105521551099686,0.877,FALSE,"RNase_ARS","C9ALS_vs_Control"
"Q16777;Q6FI13","HIST2H2AC",0.604,0.103483417356469,0.877,FALSE,"RNase_ARS","C9ALS_vs_Control"
"P31942","HNRNPH3",0.65,0.103583225756797,0.877,FALSE,"RNase_ARS","C9ALS_vs_Control"
"Q13595","TRA2A",-0.45,0.104655128706752,0.877,FALSE,"RNase_ARS","C9ALS_vs_Control"
"Q96GY0","ZC2HC1A",-1.24,0.102828497179365,0.877,FALSE,"RNase_ARS","C9ALS_vs_Control"
"Q92616","GCN1L1",0.895,0.106499574544934,0.878,FALSE,"RNase_ARS","C9ALS_vs_Control"
"Q03164;Q9UMN6","KMT2A",0.374,0.108057906690821,0.878,FALSE,"RNase_ARS","C9ALS_vs_Control"
"P49790","NUP153",-0.401,0.107252874851643,0.878,FALSE,"RNase_ARS","C9ALS_vs_Control"
"O15027","SEC16A",-0.764,0.105975952624705,0.878,FALSE,"RNase_ARS","C9ALS_vs_Control"
"O75643","SNRNP200",-0.339,0.107033438854196,0.878,FALSE,"RNase_ARS","C9ALS_vs_Control"
"P62308;A8MWD9","SNRPG",0.924,0.107007533467798,0.878,FALSE,"RNase_ARS","C9ALS_vs_Control"
"Q8IYR6","TMEFF1",-0.311,0.107622262143258,0.878,FALSE,"RNase_ARS","C9ALS_vs_Control"
"P07384","CAPN1",-0.664,0.110642722735043,0.879,FALSE,"RNase_ARS","C9ALS_vs_Control"
"Q15287","RNPS1",0.353,0.109571595817777,0.879,FALSE,"RNase_ARS","C9ALS_vs_Control"
"O15020","SPTBN2",-1.05,0.111617677505366,0.879,FALSE,"RNase_ARS","C9ALS_vs_Control"
"Q13428","TCOF1",-0.357,0.110725472193328,0.879,FALSE,"RNase_ARS","C9ALS_vs_Control"
"Q9Y2W1","THRAP3",-0.393,0.109838613357223,0.879,FALSE,"RNase_ARS","C9ALS_vs_Control"
"Q9NYF8","BCLAF1",-0.355,0.112996822472186,0.88,FALSE,"RNase_ARS","C9ALS_vs_Control"
"Q9BUT1","BDH2",0.552,0.114427466998662,0.88,FALSE,"RNase_ARS","C9ALS_vs_Control"
"Q96N67","DOCK7",-0.782,0.112906212489756,0.88,FALSE,"RNase_ARS","C9ALS_vs_Control"
"Q99879","HIST1H2BM",0.448,0.114904755956608,0.88,FALSE,"RNase_ARS","C9ALS_vs_Control"
"Q15542;O60303","TAF5",0.438,0.114305384621036,0.88,FALSE,"RNase_ARS","C9ALS_vs_Control"
"P31946","YWHAB",0.282,0.11617174651591,0.88,FALSE,"RNase_ARS","C9ALS_vs_Control"
"P63244","GNB2L1",-1.05,0.118721025915557,0.881,FALSE,"RNase_ARS","C9ALS_vs_Control"
"Q9H9Z2","LIN28A",-0.319,0.116514874010229,0.881,FALSE,"RNase_ARS","C9ALS_vs_Control"
"P46459","NSF",0.404,0.118084071383435,0.881,FALSE,"RNase_ARS","C9ALS_vs_Control"
"P29590","PML",-0.984,0.117800180757402,0.881,FALSE,"RNase_ARS","C9ALS_vs_Control"
"P62491;Q15907","RAB11A",-0.392,0.119227790330476,0.881,FALSE,"RNase_ARS","C9ALS_vs_Control"
"P35251","RFC1",-0.424,0.117004283141137,0.881,FALSE,"RNase_ARS","C9ALS_vs_Control"
"P62829","RPL23",0.345,0.117913022557801,0.881,FALSE,"RNase_ARS","C9ALS_vs_Control"
"O75934","BCAS2",0.83,0.123824784280606,0.882,FALSE,"RNase_ARS","C9ALS_vs_Control"
"P00338;Q6ZMR3;P07864","LDHA",-3.72,0.12268691491974,0.882,FALSE,"RNase_ARS","C9ALS_vs_Control"
"P21741","MDK",0.457,0.122942223414511,0.882,FALSE,"RNase_ARS","C9ALS_vs_Control"
"P54577","YARS",0.338,0.122138292985151,0.882,FALSE,"RNase_ARS","C9ALS_vs_Control"
"P62191","PSMC1",0.524,0.12531142143532,0.883,FALSE,"RNase_ARS","C9ALS_vs_Control"
"Q9NW13","RBM28",0.495,0.128110412155688,0.883,FALSE,"RNase_ARS","C9ALS_vs_Control"
"P49815","TSC2",-0.454,0.126605001789295,0.883,FALSE,"RNase_ARS","C9ALS_vs_Control"
"Q9NR30","DDX21",0.382,0.131729058237318,0.884,FALSE,"RNase_ARS","C9ALS_vs_Control"
"Q9NPA8","ENY2",0.706,0.130323506207969,0.884,FALSE,"RNase_ARS","C9ALS_vs_Control"
"Q71UI9;P0C0S5","H2AFV",0.434,0.130490665388181,0.884,FALSE,"RNase_ARS","C9ALS_vs_Control"
"P36507;Q02750","MAP2K2",0.794,0.129435439816591,0.884,FALSE,"RNase_ARS","C9ALS_vs_Control"
"P33993","MCM7",-0.561,0.129377137785366,0.884,FALSE,"RNase_ARS","C9ALS_vs_Control"
"Q86U86","PBRM1",-0.494,0.13042185853134,0.884,FALSE,"RNase_ARS","C9ALS_vs_Control"
"Q7Z7C8","TAF8",-0.39,0.128720573897914,0.884,FALSE,"RNase_ARS","C9ALS_vs_Control"
"P42166","TMPO",-0.286,0.129721094933171,0.884,FALSE,"RNase_ARS","C9ALS_vs_Control"
"Q9ULD9","ZNF608",0.353,0.129785796827645,0.884,FALSE,"RNase_ARS","C9ALS_vs_Control"
"P00558;P07205","PGK1",-0.405,0.136081103033585,0.885,FALSE,"RNase_ARS","C9ALS_vs_Control"
"P62136","PPP1CA",0.344,0.134178807381552,0.885,FALSE,"RNase_ARS","C9ALS_vs_Control"
"Q06830","PRDX1",0.464,0.134247915833866,0.885,FALSE,"RNase_ARS","C9ALS_vs_Control"
"Q9UIF9","BAZ2A",0.406,0.139050879273408,0.886,FALSE,"RNase_ARS","C9ALS_vs_Control"
"O43390","HNRNPR",0.323,0.139871334316612,0.886,FALSE,"RNase_ARS","C9ALS_vs_Control"
"Q7Z406","MYH14",-0.711,0.137839639531662,0.886,FALSE,"RNase_ARS","C9ALS_vs_Control"
"Q9NP72","RAB18",0.447,0.140511245588835,0.886,FALSE,"RNase_ARS","C9ALS_vs_Control"
"P31939","ATIC",0.317,0.145231207759736,0.887,FALSE,"RNase_ARS","C9ALS_vs_Control"
"P48735","IDH2",0.49,0.146234623111119,0.887,FALSE,"RNase_ARS","C9ALS_vs_Control"
"P62879;Q9HAV0","GNB2",0.981,0.149859644864675,0.888,FALSE,"RNase_ARS","C9ALS_vs_Control"
"Q92917","GPKOW",-0.398,0.149533019941422,0.888,FALSE,"RNase_ARS","C9ALS_vs_Control"
"Q5T749","KPRP",-0.767,0.15104458937499,0.888,FALSE,"RNase_ARS","C9ALS_vs_Control"
"Q9Y5B6","PAXBP1",-0.41,0.148619203645972,0.888,FALSE,"RNase_ARS","C9ALS_vs_Control"
"P61026","RAB10",0.483,0.14894131794331,0.888,FALSE,"RNase_ARS","C9ALS_vs_Control"
"P61513;A6NKH3","RPL37A",1.59,0.147549373029351,0.888,FALSE,"RNase_ARS","C9ALS_vs_Control"
"P08865","RPSA",-0.672,0.151602760236371,0.888,FALSE,"RNase_ARS","C9ALS_vs_Control"
"P08621","SNRNP70",-0.403,0.15161070350408,0.888,FALSE,"RNase_ARS","C9ALS_vs_Control"
"Q9BRX9","WDR83",-1.27,0.151377161798735,0.888,FALSE,"RNase_ARS","C9ALS_vs_Control"
"Q92572","AP3S1",0.335,0.157303794335574,0.889,FALSE,"RNase_ARS","C9ALS_vs_Control"
"Q8IWX8","CHERP",-0.305,0.156745502846243,0.889,FALSE,"RNase_ARS","C9ALS_vs_Control"
"Q9UJU6","DBNL",-0.539,0.155249807607123,0.889,FALSE,"RNase_ARS","C9ALS_vs_Control"
"Q13427","PPIG",-0.314,0.154105186804817,0.889,FALSE,"RNase_ARS","C9ALS_vs_Control"
"P30044","PRDX5",-0.328,0.156957517870905,0.889,FALSE,"RNase_ARS","C9ALS_vs_Control"
"O00231","PSMD11",0.304,0.154889596498965,0.889,FALSE,"RNase_ARS","C9ALS_vs_Control"
"Q5SW79;Q96L14;Q00G26","CEP170",-0.551,0.157710740825564,0.89,FALSE,"RNase_ARS","C9ALS_vs_Control"
"Q96I24","FUBP3",-0.251,0.158574580957665,0.89,FALSE,"RNase_ARS","C9ALS_vs_Control"
"Q7Z3K3","POGZ",-0.276,0.161593873220414,0.89,FALSE,"RNase_ARS","C9ALS_vs_Control"
"Q8TA86","RP9",0.473,0.161647078964926,0.89,FALSE,"RNase_ARS","C9ALS_vs_Control"
"P62899","RPL31",-0.352,0.161203528811881,0.89,FALSE,"RNase_ARS","C9ALS_vs_Control"
"P23528","CFL1",0.319,0.163862476075806,0.891,FALSE,"RNase_ARS","C9ALS_vs_Control"
"O14579","COPE",0.352,0.165025221538617,0.891,FALSE,"RNase_ARS","C9ALS_vs_Control"
"P63241;Q6IS14;Q9GZV4","EIF5A",-1.55,0.168128003775413,0.891,FALSE,"RNase_ARS","C9ALS_vs_Control"
"P62807","HIST1H2BC",1.48,0.164845410042137,0.891,FALSE,"RNase_ARS","C9ALS_vs_Control"
"P08238;Q58FF7;Q58FF6","HSP90AB1",0.33,0.164683850270075,0.891,FALSE,"RNase_ARS","C9ALS_vs_Control"
"Q16352","INA",0.27,0.167485587819562,0.891,FALSE,"RNase_ARS","C9ALS_vs_Control"
"Q9NQ55","PPAN",0.675,0.16382006681664,0.891,FALSE,"RNase_ARS","C9ALS_vs_Control"
"O95104","SCAF4",-0.546,0.164969814539467,0.891,FALSE,"RNase_ARS","C9ALS_vs_Control"
"Q9UBB9","TFIP11",-0.442,0.165619839189985,0.891,FALSE,"RNase_ARS","C9ALS_vs_Control"
"Q9UL18;Q9H9G7;Q9HCK5","AGO1",-0.432,0.173973450048913,0.892,FALSE,"RNase_ARS","C9ALS_vs_Control"
"Q9UPA5","BSN",0.474,0.169529888693579,0.892,FALSE,"RNase_ARS","C9ALS_vs_Control"
"P47755","CAPZA2",0.358,0.172236361389787,0.892,FALSE,"RNase_ARS","C9ALS_vs_Control"
"Q99459","CDC5L",0.407,0.171594074989822,0.892,FALSE,"RNase_ARS","C9ALS_vs_Control"
"Q9HCG8","CWC22",-0.351,0.173510960541842,0.892,FALSE,"RNase_ARS","C9ALS_vs_Control"
"O14974","PPP1R12A",-0.781,0.17044008075463,0.892,FALSE,"RNase_ARS","C9ALS_vs_Control"
"O94906","PRPF6",-0.259,0.172668058560931,0.892,FALSE,"RNase_ARS","C9ALS_vs_Control"
"Q9Y5B9","SUPT16H",-0.3,0.175325391772156,0.893,FALSE,"RNase_ARS","C9ALS_vs_Control"
"P63313","TMSB10",-0.603,0.178256120052728,0.893,FALSE,"RNase_ARS","C9ALS_vs_Control"
"P48444","ARCN1",-0.62,0.187490834012898,0.894,FALSE,"RNase_ARS","C9ALS_vs_Control"
"Q69YN4","KIAA1429",0.762,0.184816743278294,0.894,FALSE,"RNase_ARS","C9ALS_vs_Control"
"Q2TAK8","MUM1",-0.524,0.183231015275568,0.894,FALSE,"RNase_ARS","C9ALS_vs_Control"
"P40967","PMEL",0.272,0.184845089849037,0.894,FALSE,"RNase_ARS","C9ALS_vs_Control"
"Q9UMS4","PRPF19",0.54,0.187206239516679,0.894,FALSE,"RNase_ARS","C9ALS_vs_Control"
"Q7Z6E9","RBBP6",0.329,0.182633037815414,0.894,FALSE,"RNase_ARS","C9ALS_vs_Control"
"O76021","RSL1D1",-0.308,0.18430695580093,0.894,FALSE,"RNase_ARS","C9ALS_vs_Control"
"O00422","SAP18",0.396,0.187025226094443,0.894,FALSE,"RNase_ARS","C9ALS_vs_Control"
"Q15393","SF3B3",0.485,0.184274870741403,0.894,FALSE,"RNase_ARS","C9ALS_vs_Control"
"O75367","H2AFY",-0.267,0.192877967677914,0.895,FALSE,"RNase_ARS","C9ALS_vs_Control"
"P33778","HIST1H2BB",0.433,0.192649725988501,0.895,FALSE,"RNase_ARS","C9ALS_vs_Control"
"Q1KMD3","HNRNPUL2",-0.246,0.192154025074863,0.895,FALSE,"RNase_ARS","C9ALS_vs_Control"
"O43719","HTATSF1",-0.412,0.191739097564748,0.895,FALSE,"RNase_ARS","C9ALS_vs_Control"
"P52294;O15131","KPNA1",-0.427,0.18878298383065,0.895,FALSE,"RNase_ARS","C9ALS_vs_Control"
"Q9UPN3","MACF1",-0.393,0.189589982873058,0.895,FALSE,"RNase_ARS","C9ALS_vs_Control"
"Q6P2Q9","PRPF8",0.476,0.193564938075097,0.895,FALSE,"RNase_ARS","C9ALS_vs_Control"
"Q969G3","SMARCE1",0.728,0.190910094688928,0.895,FALSE,"RNase_ARS","C9ALS_vs_Control"
"Q96DI7","SNRNP40",0.424,0.189785697495709,0.895,FALSE,"RNase_ARS","C9ALS_vs_Control"
"Q10570","CPSF1",-0.4,0.196490535492741,0.896,FALSE,"RNase_ARS","C9ALS_vs_Control"
"Q5VSY0","GKAP1",0.47,0.199728198532837,0.896,FALSE,"RNase_ARS","C9ALS_vs_Control"
"P35658","NUP214",0.301,0.198081068997095,0.896,FALSE,"RNase_ARS","C9ALS_vs_Control"
"Q8TF01","PNISR",-0.358,0.199070323925101,0.896,FALSE,"RNase_ARS","C9ALS_vs_Control"
"P29508","SERPINB3",-0.76,0.198901585210358,0.896,FALSE,"RNase_ARS","C9ALS_vs_Control"
"P62314","SNRPD1",-0.474,0.197656919078112,0.896,FALSE,"RNase_ARS","C9ALS_vs_Control"
"Q8IWZ8","SUGP1",-0.411,0.1989935196122,0.896,FALSE,"RNase_ARS","C9ALS_vs_Control"
"Q16594","TAF9",-0.325,0.198853999155306,0.896,FALSE,"RNase_ARS","C9ALS_vs_Control"
"Q96SK2","TMEM209",-0.716,0.197959861849033,0.896,FALSE,"RNase_ARS","C9ALS_vs_Control"
"Q13263","TRIM28",-0.258,0.197632442897805,0.896,FALSE,"RNase_ARS","C9ALS_vs_Control"
"Q9UPT8","ZC3H4",-0.315,0.198870349290064,0.896,FALSE,"RNase_ARS","C9ALS_vs_Control"
"P48643","CCT5",-0.287,0.205488434132424,0.897,FALSE,"RNase_ARS","C9ALS_vs_Control"
"Q9C005","DPY30",-0.248,0.205599300398823,0.897,FALSE,"RNase_ARS","C9ALS_vs_Control"
"P51991","HNRNPA3",-0.256,0.207117992731763,0.897,FALSE,"RNase_ARS","C9ALS_vs_Control"
"Q14103","HNRNPD",0.362,0.208132487346605,0.897,FALSE,"RNase_ARS","C9ALS_vs_Control"
"Q9BU76","MMTAG2",0.271,0.205265139614697,0.897,FALSE,"RNase_ARS","C9ALS_vs_Control"
"Q9H307","PNN",0.269,0.204380389484335,0.897,FALSE,"RNase_ARS","C9ALS_vs_Control"
"Q9H0U4;Q92928","RAB1B",0.371,0.204148614171845,0.897,FALSE,"RNase_ARS","C9ALS_vs_Control"
"Q9H7E2","TDRD3",-0.999,0.204379263733663,0.897,FALSE,"RNase_ARS","C9ALS_vs_Control"
"P06576","ATP5B",-0.199,0.217673377631962,0.898,FALSE,"RNase_ARS","C9ALS_vs_Control"
"P05455","SSB",0.416,0.216587903363719,0.898,FALSE,"RNase_ARS","C9ALS_vs_Control"
"Q9H8G2","CAAP1",0.351,0.222251145672583,0.899,FALSE,"RNase_ARS","C9ALS_vs_Control"
"P04264","KRT1",-1.15,0.222905133341353,0.899,FALSE,"RNase_ARS","C9ALS_vs_Control"
"P49916","LIG3",-0.351,0.219775485022534,0.899,FALSE,"RNase_ARS","C9ALS_vs_Control"
"P35268","RPL22",0.313,0.220241422967655,0.899,FALSE,"RNase_ARS","C9ALS_vs_Control"
"P28370","SMARCA1",-0.307,0.224893242150716,0.899,FALSE,"RNase_ARS","C9ALS_vs_Control"
"Q6P1X5","TAF2",-1.09,0.224969232001251,0.899,FALSE,"RNase_ARS","C9ALS_vs_Control"
"P49368","CCT3",-0.245,0.233264450976463,0.9,FALSE,"RNase_ARS","C9ALS_vs_Control"
"Q14004","CDK13",-0.283,0.229568232072374,0.9,FALSE,"RNase_ARS","C9ALS_vs_Control"
"P13639","EEF2",0.241,0.227405178823066,0.9,FALSE,"RNase_ARS","C9ALS_vs_Control"
"P04899","GNAI2",0.325,0.227890751140179,0.9,FALSE,"RNase_ARS","C9ALS_vs_Control"
"Q9Y4L1","HYOU1",-0.258,0.229643107234277,0.9,FALSE,"RNase_ARS","C9ALS_vs_Control"
"A0JLT2","MED19",-0.311,0.232483866814747,0.9,FALSE,"RNase_ARS","C9ALS_vs_Control"
"O94832","MYO1D",0.318,0.232923253235041,0.9,FALSE,"RNase_ARS","C9ALS_vs_Control"
"Q9Y2X3","NOP58",-0.242,0.229750654784719,0.9,FALSE,"RNase_ARS","C9ALS_vs_Control"
"P22061","PCMT1",0.394,0.227152517724213,0.9,FALSE,"RNase_ARS","C9ALS_vs_Control"
"Q15185","PTGES3",0.715,0.229776431401636,0.9,FALSE,"RNase_ARS","C9ALS_vs_Control"
"P62081","RPS7",0.243,0.229063156675386,0.9,FALSE,"RNase_ARS","C9ALS_vs_Control"
"Q9BR76;A9Z1Z3","CORO1B",0.263,0.236939994398772,0.901,FALSE,"RNase_ARS","C9ALS_vs_Control"
"O14531","DPYSL4",-0.701,0.240535390668041,0.901,FALSE,"RNase_ARS","C9ALS_vs_Control"
"P21333","FLNA",0.345,0.240742176673022,0.901,FALSE,"RNase_ARS","C9ALS_vs_Control"
"P20700","LMNB1",0.479,0.238574596183305,0.901,FALSE,"RNase_ARS","C9ALS_vs_Control"
"O43776","NARS",-0.274,0.236324599761741,0.901,FALSE,"RNase_ARS","C9ALS_vs_Control"
"P18583;Q8N1G2","SON",-0.3,0.238903613700913,0.901,FALSE,"RNase_ARS","C9ALS_vs_Control"
"Q16658","FSCN1",0.334,0.246354324792527,0.902,FALSE,"RNase_ARS","C9ALS_vs_Control"
"Q14739","LBR",-0.211,0.250731864354905,0.902,FALSE,"RNase_ARS","C9ALS_vs_Control"
"P11137","MAP2",0.311,0.248363017259377,0.902,FALSE,"RNase_ARS","C9ALS_vs_Control"
"Q8IZL8","PELP1",-0.386,0.245569600641831,0.902,FALSE,"RNase_ARS","C9ALS_vs_Control"
"Q3YEC7","RABL6",-0.267,0.2452689143299,0.902,FALSE,"RNase_ARS","C9ALS_vs_Control"
"O95625","ZBTB11",0.241,0.251695312165785,0.902,FALSE,"RNase_ARS","C9ALS_vs_Control"
"Q75N03","CBLL1",-0.363,0.259809490790707,0.903,FALSE,"RNase_ARS","C9ALS_vs_Control"
"P19784","CSNK2A2",-0.373,0.261098779785365,0.903,FALSE,"RNase_ARS","C9ALS_vs_Control"
"Q96JG8","MAGED4",-0.445,0.254906281134002,0.903,FALSE,"RNase_ARS","C9ALS_vs_Control"
"Q08945","SSRP1",-0.187,0.255039816508078,0.903,FALSE,"RNase_ARS","C9ALS_vs_Control"
"Q5VWG9","TAF3",-0.363,0.260096595991753,0.903,FALSE,"RNase_ARS","C9ALS_vs_Control"
"P49411","TUFM",0.225,0.254925267352121,0.903,FALSE,"RNase_ARS","C9ALS_vs_Control"
"P17026","ZNF22",0.179,0.263861017900362,0.903,FALSE,"RNase_ARS","C9ALS_vs_Control"
"Q1ED39","KNOP1",0.377,0.268485936811946,0.904,FALSE,"RNase_ARS","C9ALS_vs_Control"
"P35232","PHB",-0.254,0.268371273139332,0.904,FALSE,"RNase_ARS","C9ALS_vs_Control"
"P48651","PTDSS1",0.334,0.273561092035547,0.904,FALSE,"RNase_ARS","C9ALS_vs_Control"
"Q9NQC3","RTN4",0.268,0.267839996989339,0.904,FALSE,"RNase_ARS","C9ALS_vs_Control"
"Q9BWJ5","SF3B5",-0.644,0.273374544200384,0.904,FALSE,"RNase_ARS","C9ALS_vs_Control"
"P11766","ADH5",0.483,0.283735024068721,0.905,FALSE,"RNase_ARS","C9ALS_vs_Control"
"Q2TBE0","CWF19L2",-0.212,0.283143749758125,0.905,FALSE,"RNase_ARS","C9ALS_vs_Control"
"Q7L014","DDX46",0.294,0.277009591861578,0.905,FALSE,"RNase_ARS","C9ALS_vs_Control"
"Q8WXX5","DNAJC9",0.392,0.28233064259496,0.905,FALSE,"RNase_ARS","C9ALS_vs_Control"
"P16403","HIST1H1C",-0.755,0.27963927978092,0.905,FALSE,"RNase_ARS","C9ALS_vs_Control"
"P14866","HNRNPL",-0.278,0.283037148984441,0.905,FALSE,"RNase_ARS","C9ALS_vs_Control"
"Q15102","PAFAH1B3",-0.805,0.275475230485211,0.905,FALSE,"RNase_ARS","C9ALS_vs_Control"
"P61106","RAB14",-0.455,0.275994821167242,0.905,FALSE,"RNase_ARS","C9ALS_vs_Control"
"Q9NVU7","SDAD1",-0.292,0.280093466790348,0.905,FALSE,"RNase_ARS","C9ALS_vs_Control"
"P12236","SLC25A6",-0.769,0.279828542057255,0.905,FALSE,"RNase_ARS","C9ALS_vs_Control"
"O00193","SMAP",0.609,0.284418317196133,0.905,FALSE,"RNase_ARS","C9ALS_vs_Control"
"Q92925","SMARCD2",-0.375,0.281776974618113,0.905,FALSE,"RNase_ARS","C9ALS_vs_Control"
"Q6UXN9","WDR82",-0.3,0.28158953476053,0.905,FALSE,"RNase_ARS","C9ALS_vs_Control"
"P78371","CCT2",-0.259,0.286780617056145,0.906,FALSE,"RNase_ARS","C9ALS_vs_Control"
"P78344","EIF4G2",0.218,0.296067178190766,0.906,FALSE,"RNase_ARS","C9ALS_vs_Control"
"P14625;Q58FF3","HSP90B1",-0.638,0.293030471470196,0.906,FALSE,"RNase_ARS","C9ALS_vs_Control"
"P17858","PFKL",0.213,0.288705548135291,0.906,FALSE,"RNase_ARS","C9ALS_vs_Control"
"Q8NC51","SERBP1",0.248,0.289220831365185,0.906,FALSE,"RNase_ARS","C9ALS_vs_Control"
"P84103","SRSF3",0.203,0.297255155405049,0.906,FALSE,"RNase_ARS","C9ALS_vs_Control"
"Q9Y2Z0","SUGT1",-0.409,0.289269258073227,0.906,FALSE,"RNase_ARS","C9ALS_vs_Control"
"Q14669","TRIP12",-0.28,0.286000560264092,0.906,FALSE,"RNase_ARS","C9ALS_vs_Control"
"Q8ND82","ZNF280C",-0.231,0.296460197192134,0.906,FALSE,"RNase_ARS","C9ALS_vs_Control"
"Q9NVI7","ATAD3A",-0.371,0.302111513313635,0.907,FALSE,"RNase_ARS","C9ALS_vs_Control"
"P31689","DNAJA1",0.237,0.299486689193137,0.907,FALSE,"RNase_ARS","C9ALS_vs_Control"
"Q49A26","GLYR1",0.26,0.302318942289087,0.907,FALSE,"RNase_ARS","C9ALS_vs_Control"
"P09651;Q32P51","HNRNPA1",0.177,0.307994630257241,0.907,FALSE,"RNase_ARS","C9ALS_vs_Control"
"Q96JE9","MAP6",0.281,0.307146955803335,0.907,FALSE,"RNase_ARS","C9ALS_vs_Control"
"Q14165","MLEC",-0.351,0.302905458652879,0.907,FALSE,"RNase_ARS","C9ALS_vs_Control"
"Q5SY16","NOL9",0.243,0.307224840292347,0.907,FALSE,"RNase_ARS","C9ALS_vs_Control"
"O43660","PLRG1",0.376,0.307865700322704,0.907,FALSE,"RNase_ARS","C9ALS_vs_Control"
"P53621","COPA",0.227,0.312306676399682,0.908,FALSE,"RNase_ARS","C9ALS_vs_Control"
"O00622","CYR61",0.41,0.317086717162813,0.908,FALSE,"RNase_ARS","C9ALS_vs_Control"
"P50542","PEX5",0.31,0.31898541249489,0.908,FALSE,"RNase_ARS","C9ALS_vs_Control"
"P17980","PSMC3",0.185,0.312968423979867,0.908,FALSE,"RNase_ARS","C9ALS_vs_Control"
"Q8NDT2","RBM15B",-0.268,0.320704332648528,0.908,FALSE,"RNase_ARS","C9ALS_vs_Control"
"Q12888","TP53BP1",-0.192,0.320312732347401,0.908,FALSE,"RNase_ARS","C9ALS_vs_Control"
"Q2Q1W2","TRIM71",0.4,0.316695786835691,0.908,FALSE,"RNase_ARS","C9ALS_vs_Control"
"O15042","U2SURP",-0.235,0.319790384133647,0.908,FALSE,"RNase_ARS","C9ALS_vs_Control"
"P18887","XRCC1",-0.223,0.320185739487551,0.908,FALSE,"RNase_ARS","C9ALS_vs_Control"
"P16615;O14983;Q93084","ATP2A2",0.329,0.335435786827108,0.909,FALSE,"RNase_ARS","C9ALS_vs_Control"
"Q8WWM7","ATXN2L",0.203,0.329350758402181,0.909,FALSE,"RNase_ARS","C9ALS_vs_Control"
"O75531","BANF1",-0.241,0.325842673370602,0.909,FALSE,"RNase_ARS","C9ALS_vs_Control"
"P11021","HSPA5",0.229,0.324570065577531,0.909,FALSE,"RNase_ARS","C9ALS_vs_Control"
"Q92665","MRPS31",0.309,0.335158454843037,0.909,FALSE,"RNase_ARS","C9ALS_vs_Control"
"Q99733","NAP1L4",-0.279,0.32312980061984,0.909,FALSE,"RNase_ARS","C9ALS_vs_Control"
"P09493","TPM1",0.312,0.332730668030917,0.909,FALSE,"RNase_ARS","C9ALS_vs_Control"
"P61964","WDR5",0.2,0.334601398548191,0.909,FALSE,"RNase_ARS","C9ALS_vs_Control"
"Q02040","AKAP17A",0.17,0.348811245470733,0.91,FALSE,"RNase_ARS","C9ALS_vs_Control"
"Q5SQI0","ATAT1",0.218,0.336002695645035,0.91,FALSE,"RNase_ARS","C9ALS_vs_Control"
"P83916","CBX1",-0.795,0.342057949405069,0.91,FALSE,"RNase_ARS","C9ALS_vs_Control"
"Q9Y678","COPG1",0.28,0.340822179277013,0.91,FALSE,"RNase_ARS","C9ALS_vs_Control"
"Q9NPE3","NOP10",-0.301,0.34925226399745,0.91,FALSE,"RNase_ARS","C9ALS_vs_Control"
"Q99623","PHB2",-0.216,0.342531091954226,0.91,FALSE,"RNase_ARS","C9ALS_vs_Control"
"O15160","POLR1C",-0.306,0.347486837531843,0.91,FALSE,"RNase_ARS","C9ALS_vs_Control"
"Q86X10","RALGAPB",0.389,0.34656692635046,0.91,FALSE,"RNase_ARS","C9ALS_vs_Control"
"P32969","RPL9",-0.162,0.337104969215245,0.91,FALSE,"RNase_ARS","C9ALS_vs_Control"
"Q9H4L4","SENP3",-0.203,0.345660825858042,0.91,FALSE,"RNase_ARS","C9ALS_vs_Control"
"P41091;Q2VIR3","EIF2S3",-0.166,0.351435846504776,0.911,FALSE,"RNase_ARS","C9ALS_vs_Control"
"P62805","HIST1H4A",0.349,0.352877749393125,0.911,FALSE,"RNase_ARS","C9ALS_vs_Control"
"Q12905","ILF2",0.177,0.354653269472834,0.911,FALSE,"RNase_ARS","C9ALS_vs_Control"
"Q03252","LMNB2",0.459,0.352381661834829,0.911,FALSE,"RNase_ARS","C9ALS_vs_Control"
"Q9BQG0","MYBBP1A",0.209,0.359752157079724,0.911,FALSE,"RNase_ARS","C9ALS_vs_Control"
"Q14498;Q86U06","RBM39",0.233,0.358130521648821,0.911,FALSE,"RNase_ARS","C9ALS_vs_Control"
"P47914","RPL29",-0.297,0.36151099424073,0.911,FALSE,"RNase_ARS","C9ALS_vs_Control"
"Q9BTT0","ANP32E",-0.309,0.372299683117371,0.912,FALSE,"RNase_ARS","C9ALS_vs_Control"
"Q00610;P53675","CLTC",0.282,0.373770800785566,0.912,FALSE,"RNase_ARS","C9ALS_vs_Control"
"P49711","CTCF",-0.22,0.370574589465436,0.912,FALSE,"RNase_ARS","C9ALS_vs_Control"
"P38646","HSPA9",0.201,0.37420537640678,0.912,FALSE,"RNase_ARS","C9ALS_vs_Control"
"Q92945","KHSRP",-0.16,0.370151968117401,0.912,FALSE,"RNase_ARS","C9ALS_vs_Control"
"O75381","PEX14",-0.197,0.368628916495576,0.912,FALSE,"RNase_ARS","C9ALS_vs_Control"
"P18669;P15259;Q8N0Y7","PGAM1",0.211,0.366176813363155,0.912,FALSE,"RNase_ARS","C9ALS_vs_Control"
"P13489","RNH1",0.227,0.375974763788183,0.912,FALSE,"RNase_ARS","C9ALS_vs_Control"
"P04843","RPN1",0.228,0.367478002178577,0.912,FALSE,"RNase_ARS","C9ALS_vs_Control"
"P62280","RPS11",-0.244,0.374529693116464,0.912,FALSE,"RNase_ARS","C9ALS_vs_Control"
"P39687;O95626;O43423","ANP32A",-0.323,0.386854928888582,0.913,FALSE,"RNase_ARS","C9ALS_vs_Control"
"Q9H3K6","BOLA2",0.237,0.383866933789507,0.913,FALSE,"RNase_ARS","C9ALS_vs_Control"
"Q92841","DDX17",0.224,0.388258265446865,0.913,FALSE,"RNase_ARS","C9ALS_vs_Control"
"Q99613;B5ME19","EIF3C",-0.248,0.393902925752474,0.913,FALSE,"RNase_ARS","C9ALS_vs_Control"
"P16402","HIST1H1D",-0.799,0.392048982651424,0.913,FALSE,"RNase_ARS","C9ALS_vs_Control"
"P0DMV9;P0DMV8","HSPA1B",0.197,0.382763818563456,0.913,FALSE,"RNase_ARS","C9ALS_vs_Control"
"P12268;P20839","IMPDH2",0.18,0.391504125580162,0.913,FALSE,"RNase_ARS","C9ALS_vs_Control"
"Q99575","POP1",-0.185,0.390961095119344,0.913,FALSE,"RNase_ARS","C9ALS_vs_Control"
"Q06587","RING1",0.175,0.390701799797657,0.913,FALSE,"RNase_ARS","C9ALS_vs_Control"
"O43159","RRP8",0.178,0.386171103135793,0.913,FALSE,"RNase_ARS","C9ALS_vs_Control"
"Q9Y265","RUVBL1",0.323,0.394204679158928,0.913,FALSE,"RNase_ARS","C9ALS_vs_Control"
"O60264","SMARCA5",-0.158,0.382406726121393,0.913,FALSE,"RNase_ARS","C9ALS_vs_Control"
"Q13247","SRSF6",-0.259,0.396341041356037,0.913,FALSE,"RNase_ARS","C9ALS_vs_Control"
"Q9NZ01","TECR",0.374,0.385420188343401,0.913,FALSE,"RNase_ARS","C9ALS_vs_Control"
"P23381","WARS",0.194,0.383924155420701,0.913,FALSE,"RNase_ARS","C9ALS_vs_Control"
"O96028","WHSC1",0.269,0.389002621438036,0.913,FALSE,"RNase_ARS","C9ALS_vs_Control"
"P84090","ERH",0.205,0.411715466132718,0.914,FALSE,"RNase_ARS","C9ALS_vs_Control"
"O00425","IGF2BP3",0.165,0.411346457129714,0.914,FALSE,"RNase_ARS","C9ALS_vs_Control"
"P46087","NOP2",-0.315,0.402546014528785,0.914,FALSE,"RNase_ARS","C9ALS_vs_Control"
"P30876","POLR2B",-0.162,0.405410395851022,0.914,FALSE,"RNase_ARS","C9ALS_vs_Control"
"P61129","ZC3H6",-0.195,0.413570497215044,0.914,FALSE,"RNase_ARS","C9ALS_vs_Control"
"Q9UIG0","BAZ1B",-0.239,0.424342819398741,0.915,FALSE,"RNase_ARS","C9ALS_vs_Control"
"P29762","CRABP1",0.232,0.425560410505374,0.915,FALSE,"RNase_ARS","C9ALS_vs_Control"
"O75369","FLNB",0.297,0.426100319522947,0.915,FALSE,"RNase_ARS","C9ALS_vs_Control"
"P27816","MAP4",0.316,0.430474748789142,0.915,FALSE,"RNase_ARS","C9ALS_vs_Control"
"P11586","MTHFD1",-0.378,0.423560780338227,0.915,FALSE,"RNase_ARS","C9ALS_vs_Control"
"Q9Y520","PRRC2C",-0.237,0.421678550183615,0.915,FALSE,"RNase_ARS","C9ALS_vs_Control"
"Q8IYB3","SRRM1",0.196,0.427351456059038,0.915,FALSE,"RNase_ARS","C9ALS_vs_Control"
"O00268;Q92750","TAF4",-0.174,0.431224379656173,0.915,FALSE,"RNase_ARS","C9ALS_vs_Control"
"P26640","VARS",0.205,0.430989193475678,0.915,FALSE,"RNase_ARS","C9ALS_vs_Control"
"Q8NFW8","CMAS",0.212,0.448744975238409,0.916,FALSE,"RNase_ARS","C9ALS_vs_Control"
"Q9BQ39","DDX50",0.124,0.437233853449687,0.916,FALSE,"RNase_ARS","C9ALS_vs_Control"
"Q5JSZ5","PRRC2B",0.22,0.449402703359067,0.916,FALSE,"RNase_ARS","C9ALS_vs_Control"
"P62306","SNRPF",-0.563,0.440512875111013,0.916,FALSE,"RNase_ARS","C9ALS_vs_Control"
"Q13573","SNW1",0.245,0.434007087797879,0.916,FALSE,"RNase_ARS","C9ALS_vs_Control"
"Q9UPQ9","TNRC6B",-0.172,0.446701911790899,0.916,FALSE,"RNase_ARS","C9ALS_vs_Control"
"P62995","TRA2B",-0.232,0.440056942657738,0.916,FALSE,"RNase_ARS","C9ALS_vs_Control"
"Q92747","ARPC1A",0.499,0.466296851493647,0.917,FALSE,"RNase_ARS","C9ALS_vs_Control"
"Q6PD62","CTR9",-0.295,0.468533521910609,0.917,FALSE,"RNase_ARS","C9ALS_vs_Control"
"O43432","EIF4G3",0.132,0.465562610259616,0.917,FALSE,"RNase_ARS","C9ALS_vs_Control"
"Q9Y285","FARSA",-0.189,0.461269891195155,0.917,FALSE,"RNase_ARS","C9ALS_vs_Control"
"Q9P0M6","H2AFY2",-0.188,0.458432815583806,0.917,FALSE,"RNase_ARS","C9ALS_vs_Control"
"O94776","MTA2",-0.319,0.464865215141466,0.917,FALSE,"RNase_ARS","C9ALS_vs_Control"
"O00567","NOP56",-0.191,0.452610656830089,0.917,FALSE,"RNase_ARS","C9ALS_vs_Control"
"Q96HS1","PGAM5",-0.135,0.462124688886224,0.917,FALSE,"RNase_ARS","C9ALS_vs_Control"
"P14618;P30613","PKM",-0.133,0.465935869519967,0.917,FALSE,"RNase_ARS","C9ALS_vs_Control"
"Q96IZ7","RSRC1",-0.197,0.46974848271614,0.917,FALSE,"RNase_ARS","C9ALS_vs_Control"
"Q92922;Q9UL12","SMARCC1",-0.191,0.455298681147273,0.917,FALSE,"RNase_ARS","C9ALS_vs_Control"
"P62318","SNRPD3",-0.311,0.455528445225048,0.917,FALSE,"RNase_ARS","C9ALS_vs_Control"
"Q9UQ35","SRRM2",-0.154,0.465686057162107,0.917,FALSE,"RNase_ARS","C9ALS_vs_Control"
"P49848","TAF6",0.17,0.466171054464214,0.917,FALSE,"RNase_ARS","C9ALS_vs_Control"
"P61981","YWHAG",-0.122,0.467191681029188,0.917,FALSE,"RNase_ARS","C9ALS_vs_Control"
"Q7Z2W4","ZC3HAV1",-0.207,0.452811730434766,0.917,FALSE,"RNase_ARS","C9ALS_vs_Control"
"Q9UIF8","BAZ2B",0.209,0.47330275724289,0.918,FALSE,"RNase_ARS","C9ALS_vs_Control"
"Q9NY12","GAR1",-0.18,0.485110330864016,0.918,FALSE,"RNase_ARS","C9ALS_vs_Control"
"Q92769","HDAC2",0.245,0.471548812053605,0.918,FALSE,"RNase_ARS","C9ALS_vs_Control"
"O00505","KPNA3",-0.58,0.490437755545112,0.918,FALSE,"RNase_ARS","C9ALS_vs_Control"
"Q08J23","NSUN2",0.229,0.470559711229886,0.918,FALSE,"RNase_ARS","C9ALS_vs_Control"
"P08559;P29803","PDHA1",-0.33,0.477559363848915,0.918,FALSE,"RNase_ARS","C9ALS_vs_Control"
"P62937;P0DN26;A0A0B4J2A2;A0A075B767;A0A075B759;Q9Y536;F5H284;P0DN37","PPIA",-0.18,0.484447077791195,0.918,FALSE,"RNase_ARS","C9ALS_vs_Control"
"Q99873;Q9NR22","PRMT1",0.24,0.474696598730773,0.918,FALSE,"RNase_ARS","C9ALS_vs_Control"
"P62750","RPL23A",0.144,0.479897829096884,0.918,FALSE,"RNase_ARS","C9ALS_vs_Control"
"P46777","RPL5",0.378,0.480383428741581,0.918,FALSE,"RNase_ARS","C9ALS_vs_Control"
"P27348","YWHAQ",0.181,0.487896747360361,0.918,FALSE,"RNase_ARS","C9ALS_vs_Control"
"O14497","ARID1A",-0.157,0.499448782644589,0.919,FALSE,"RNase_ARS","C9ALS_vs_Control"
"Q66PJ3","ARL6IP4",0.173,0.492642854260538,0.919,FALSE,"RNase_ARS","C9ALS_vs_Control"
"P04406","GAPDH",-0.161,0.49131055588677,0.919,FALSE,"RNase_ARS","C9ALS_vs_Control"
"P26583","HMGB2",-0.149,0.511807154755757,0.919,FALSE,"RNase_ARS","C9ALS_vs_Control"
"O95299","NDUFA10",-0.148,0.510216993244354,0.919,FALSE,"RNase_ARS","C9ALS_vs_Control"
"Q13310","PABPC4",0.607,0.51112992851628,0.919,FALSE,"RNase_ARS","C9ALS_vs_Control"
"O43175","PHGDH",0.122,0.510742091891911,0.919,FALSE,"RNase_ARS","C9ALS_vs_Control"
"Q6GYQ0","RALGAPA1",0.217,0.507940610835317,0.919,FALSE,"RNase_ARS","C9ALS_vs_Control"
"P63173","RPL38",-0.379,0.500439015893288,0.919,FALSE,"RNase_ARS","C9ALS_vs_Control"
"Q01105;P0DME0","SET",-0.653,0.491508393589683,0.919,FALSE,"RNase_ARS","C9ALS_vs_Control"
"Q9H9J4","USP42",-0.164,0.511984129897698,0.919,FALSE,"RNase_ARS","C9ALS_vs_Control"
"P13637","ATP1A3",-0.194,0.518134150569759,0.92,FALSE,"RNase_ARS","C9ALS_vs_Control"
"P50991","CCT4",-0.159,0.512908113668946,0.92,FALSE,"RNase_ARS","C9ALS_vs_Control"
"O15371","EIF3D",0.102,0.529966639477625,0.92,FALSE,"RNase_ARS","C9ALS_vs_Control"
"Q14331","FRG1",-0.217,0.520134737385233,0.92,FALSE,"RNase_ARS","C9ALS_vs_Control"
"P49841","GSK3B",0.113,0.513923310597681,0.92,FALSE,"RNase_ARS","C9ALS_vs_Control"
"P10412","HIST1H1E",-0.321,0.527374735543239,0.92,FALSE,"RNase_ARS","C9ALS_vs_Control"
"P52597","HNRNPF",0.122,0.528074915572284,0.92,FALSE,"RNase_ARS","C9ALS_vs_Control"
"Q5T4S7","UBR4",0.212,0.516696436237087,0.92,FALSE,"RNase_ARS","C9ALS_vs_Control"
"Q96MX3;Q6ZT77;P52743;O75840;Q96N95;P57682;Q9H4T2;Q15973;Q9Y4X4;Q8N859;Q8IZC7;Q8N8L2;Q13887;Q96BR6;Q13360;C9JN71;Q14584;Q9UC07;P36508;Q8NDW4;Q86XU0;Q96RE9;Q9NPC7;P16415;Q7Z7L9;Q9H7R0;Q8N972;O95125;Q2M218;P15621;Q9Y2A4;O14978;Q99676;Q9HBT7;P51814","ZNF48",-0.126,0.514229900900692,0.92,FALSE,"RNase_ARS","C9ALS_vs_Control"
"O00154;Q6ZUV0","ACOT7",-0.218,0.541913330469601,0.921,FALSE,"RNase_ARS","C9ALS_vs_Control"
"P61160","ACTR2",0.486,0.544491234824567,0.921,FALSE,"RNase_ARS","C9ALS_vs_Control"
"P59998","ARPC4",0.27,0.544958767800315,0.921,FALSE,"RNase_ARS","C9ALS_vs_Control"
"O00571;Q9NQI0","DDX3X",-0.0923,0.538669745358443,0.921,FALSE,"RNase_ARS","C9ALS_vs_Control"
"O14979","HNRNPDL",0.209,0.540208146286434,0.921,FALSE,"RNase_ARS","C9ALS_vs_Control"
"Q9C086","INO80B",0.249,0.552909869185326,0.921,FALSE,"RNase_ARS","C9ALS_vs_Control"
"P46821","MAP1B",0.128,0.536660972154971,0.921,FALSE,"RNase_ARS","C9ALS_vs_Control"
"Q6WCQ1","MPRIP",0.102,0.539867793728235,0.921,FALSE,"RNase_ARS","C9ALS_vs_Control"
"P82675","MRPS5",-0.117,0.544849666711041,0.921,FALSE,"RNase_ARS","C9ALS_vs_Control"
"P78527","PRKDC",0.103,0.537353643868692,0.921,FALSE,"RNase_ARS","C9ALS_vs_Control"
"P09936","UCHL1",0.33,0.555628537189977,0.921,FALSE,"RNase_ARS","C9ALS_vs_Control"
"Q13432;A6NIH7","UNC119",0.104,0.540476686296651,0.921,FALSE,"RNase_ARS","C9ALS_vs_Control"
"P55072","VCP",-0.154,0.555473432358292,0.921,FALSE,"RNase_ARS","C9ALS_vs_Control"
"P38432","COIL",0.237,0.563961631587951,0.922,FALSE,"RNase_ARS","C9ALS_vs_Control"
"P33240","CSTF2",-0.214,0.562741181805045,0.922,FALSE,"RNase_ARS","C9ALS_vs_Control"
"Q92522","H1FX",-0.264,0.565782733016416,0.922,FALSE,"RNase_ARS","C9ALS_vs_Control"
"P49006","MARCKSL1",-0.167,0.582688134478019,0.922,FALSE,"RNase_ARS","C9ALS_vs_Control"
"P49321","NASP",-0.11,0.566032649553473,0.922,FALSE,"RNase_ARS","C9ALS_vs_Control"
"P19338","NCL",0.0971,0.571295915628021,0.922,FALSE,"RNase_ARS","C9ALS_vs_Control"
"Q14978","NOLC1",-0.121,0.574301487583396,0.922,FALSE,"RNase_ARS","C9ALS_vs_Control"
"P11940;Q9H361;Q4VXU2","PABPC1",0.365,0.563152094545477,0.922,FALSE,"RNase_ARS","C9ALS_vs_Control"
"P18621","RPL17",0.173,0.576134373855933,0.922,FALSE,"RNase_ARS","C9ALS_vs_Control"
"P05388;Q8NHW5","RPLP0",0.117,0.575669185871037,0.922,FALSE,"RNase_ARS","C9ALS_vs_Control"
"Q12872","SFSWAP",0.0993,0.583647975037528,0.922,FALSE,"RNase_ARS","C9ALS_vs_Control"
"Q16637","SMN1",-0.232,0.575791968019723,0.922,FALSE,"RNase_ARS","C9ALS_vs_Control"
"Q9UHI6","DDX20",-0.134,0.599370493515966,0.923,FALSE,"RNase_ARS","C9ALS_vs_Control"
"Q14152","EIF3A",0.136,0.604193910296178,0.923,FALSE,"RNase_ARS","C9ALS_vs_Control"
"P07305","H1F0",0.264,0.594782833434545,0.923,FALSE,"RNase_ARS","C9ALS_vs_Control"
"P10636","MAPT",-0.225,0.596396000826483,0.923,FALSE,"RNase_ARS","C9ALS_vs_Control"
"Q9H0A0","NAT10",0.162,0.605009832482349,0.923,FALSE,"RNase_ARS","C9ALS_vs_Control"
"Q8NFH5","NUP35",-0.21,0.60411916709136,0.923,FALSE,"RNase_ARS","C9ALS_vs_Control"
"P52948","NUP98",-0.138,0.593395666992768,0.923,FALSE,"RNase_ARS","C9ALS_vs_Control"
"Q8WUM4","PDCD6IP",-0.12,0.586761138128768,0.923,FALSE,"RNase_ARS","C9ALS_vs_Control"
"Q7Z5J4","RAI1",-0.188,0.592897174527656,0.923,FALSE,"RNase_ARS","C9ALS_vs_Control"
"Q9Y5S9","RBM8A",-0.13,0.595967927373573,0.923,FALSE,"RNase_ARS","C9ALS_vs_Control"
"Q8TAD8","SNIP1",-0.197,0.584654133662304,0.923,FALSE,"RNase_ARS","C9ALS_vs_Control"
"P19525","EIF2AK2",-0.115,0.619989669922267,0.924,FALSE,"RNase_ARS","C9ALS_vs_Control"
"Q9NV70","EXOC1",0.326,0.627551260045471,0.924,FALSE,"RNase_ARS","C9ALS_vs_Control"
"P51114","FXR1",-0.101,0.613582578515764,0.924,FALSE,"RNase_ARS","C9ALS_vs_Control"
"Q96QD9","FYTTD1",0.118,0.61422224442631,0.924,FALSE,"RNase_ARS","C9ALS_vs_Control"
"Q9UKJ3","GPATCH8",-0.0977,0.636707302617447,0.924,FALSE,"RNase_ARS","C9ALS_vs_Control"
"Q13526","PIN1",0.185,0.633736567082128,0.924,FALSE,"RNase_ARS","C9ALS_vs_Control"
"Q8WVK2","SNRNP27",-0.225,0.61992909234789,0.924,FALSE,"RNase_ARS","C9ALS_vs_Control"
"P16949;Q9H169;REV__P36956;Q9NZ72","STMN1",-0.305,0.627459675987014,0.924,FALSE,"RNase_ARS","C9ALS_vs_Control"
"O14617","AP3D1",-0.0853,0.648020531120935,0.925,FALSE,"RNase_ARS","C9ALS_vs_Control"
"O95996","APC2",-0.144,0.650702559771354,0.925,FALSE,"RNase_ARS","C9ALS_vs_Control"
"Q4VC05","BCL7A",-0.114,0.642561425722215,0.925,FALSE,"RNase_ARS","C9ALS_vs_Control"
"Q14195;Q14117","DPYSL3",-0.14,0.657784025945666,0.925,FALSE,"RNase_ARS","C9ALS_vs_Control"
"Q9HCM4","EPB41L5",0.137,0.656961217360843,0.925,FALSE,"RNase_ARS","C9ALS_vs_Control"
"Q9Y6M1","IGF2BP2",0.14,0.642220480856982,0.925,FALSE,"RNase_ARS","C9ALS_vs_Control"
"Q9Y5V3","MAGED1",0.126,0.638588268754025,0.925,FALSE,"RNase_ARS","C9ALS_vs_Control"
"Q3KQU3","MAP7D1",-0.105,0.655017483398716,0.925,FALSE,"RNase_ARS","C9ALS_vs_Control"
"P41219","PRPH",-0.0807,0.646779302559445,0.925,FALSE,"RNase_ARS","C9ALS_vs_Control"
"P49792;O14715;Q99666","RANBP2",-0.16,0.642714092419545,0.925,FALSE,"RNase_ARS","C9ALS_vs_Control"
"P62263","RPS14",-0.165,0.642371734094713,0.925,FALSE,"RNase_ARS","C9ALS_vs_Control"
"Q7L4I2","RSRC2",-0.0997,0.658658837576743,0.925,FALSE,"RNase_ARS","C9ALS_vs_Control"
"P63162;P14678","SNRPN",-0.191,0.649333728327964,0.925,FALSE,"RNase_ARS","C9ALS_vs_Control"
"Q9UHB7","AFF4",-0.0993,0.672223048670939,0.926,FALSE,"RNase_ARS","C9ALS_vs_Control"
"Q16630","CPSF6",-0.274,0.682693651687782,0.926,FALSE,"RNase_ARS","C9ALS_vs_Control"
"Q14194","CRMP1",-0.112,0.67152611800236,0.926,FALSE,"RNase_ARS","C9ALS_vs_Control"
"Q9UPY3","DICER1",0.11,0.681415738973335,0.926,FALSE,"RNase_ARS","C9ALS_vs_Control"
"Q6PKG0","LARP1",0.181,0.687134901219576,0.926,FALSE,"RNase_ARS","C9ALS_vs_Control"
"Q15366;P57721","PCBP2",-0.0802,0.696618516671,0.926,FALSE,"RNase_ARS","C9ALS_vs_Control"
"Q9UHD8","SEPT9",-0.0724,0.667628491682907,0.926,FALSE,"RNase_ARS","C9ALS_vs_Control"
"Q96GM5;Q6STE5","SMARCD1",-0.115,0.693630147521786,0.926,FALSE,"RNase_ARS","C9ALS_vs_Control"
"Q9NXF1","TEX10",0.114,0.68384195059207,0.926,FALSE,"RNase_ARS","C9ALS_vs_Control"
"Q99700","ATXN2",-0.096,0.717970596878757,0.927,FALSE,"RNase_ARS","C9ALS_vs_Control"
"Q14011","CIRBP",0.078,0.720459211538668,0.927,FALSE,"RNase_ARS","C9ALS_vs_Control"
"O00299","CLIC1",-0.115,0.720558623644285,0.927,FALSE,"RNase_ARS","C9ALS_vs_Control"
"O60832","DKC1",-0.0706,0.716763733103859,0.927,FALSE,"RNase_ARS","C9ALS_vs_Control"
"O60814;P57053","HIST1H2BK",0.242,0.723670015600686,0.927,FALSE,"RNase_ARS","C9ALS_vs_Control"
"P31943","HNRNPH1",-0.0721,0.69772241367621,0.927,FALSE,"RNase_ARS","C9ALS_vs_Control"
"Q9ULH0","KIDINS220",0.106,0.703198768191245,0.927,FALSE,"RNase_ARS","C9ALS_vs_Control"
"O75376","NCOR1",-0.195,0.715000931431336,0.927,FALSE,"RNase_ARS","C9ALS_vs_Control"
"Q15365","PCBP1",-0.0767,0.718071330844107,0.927,FALSE,"RNase_ARS","C9ALS_vs_Control"
"P07737;CON__P02584","PFN1",0.225,0.716268436615493,0.927,FALSE,"RNase_ARS","C9ALS_vs_Control"
"P26373","RPL13",0.0991,0.697546235264522,0.927,FALSE,"RNase_ARS","C9ALS_vs_Control"
"P24666","ACP1",0.0699,0.744123394561999,0.928,FALSE,"RNase_ARS","C9ALS_vs_Control"
"Q96CS3","FAF2",-0.0755,0.730401571278989,0.928,FALSE,"RNase_ARS","C9ALS_vs_Control"
"A1L0T0","ILVBL",-0.0743,0.750166269617002,0.928,FALSE,"RNase_ARS","C9ALS_vs_Control"
"Q15691","MAPRE1",-0.154,0.754629386213316,0.928,FALSE,"RNase_ARS","C9ALS_vs_Control"
"Q9H7Z3","NRDE2",-0.0573,0.737954113822747,0.928,FALSE,"RNase_ARS","C9ALS_vs_Control"
"P22234","PAICS",-0.0942,0.751284592354326,0.928,FALSE,"RNase_ARS","C9ALS_vs_Control"
"P30101","PDIA3",-0.0833,0.745919754158883,0.928,FALSE,"RNase_ARS","C9ALS_vs_Control"
"Q8WUB8","PHF10",-0.171,0.729380031213769,0.928,FALSE,"RNase_ARS","C9ALS_vs_Control"
"Q2PPJ7","RALGAPA2",0.115,0.755518489999327,0.928,FALSE,"RNase_ARS","C9ALS_vs_Control"
"P60866","RPS20",-0.08,0.740046755931351,0.928,FALSE,"RNase_ARS","C9ALS_vs_Control"
"P62857","RPS28",-0.093,0.746570065650646,0.928,FALSE,"RNase_ARS","C9ALS_vs_Control"
"Q5VWQ0","RSBN1",-0.0575,0.734285371717241,0.928,FALSE,"RNase_ARS","C9ALS_vs_Control"
"Q12874","SF3A3",0.128,0.733657752989487,0.928,FALSE,"RNase_ARS","C9ALS_vs_Control"
"Q9NUQ6","SPATS2L",0.131,0.745728328969973,0.928,FALSE,"RNase_ARS","C9ALS_vs_Control"
"Q3B726","TWISTNB",0.15,0.744355425679957,0.928,FALSE,"RNase_ARS","C9ALS_vs_Control"
"Q9ULK5","VANGL2",-0.0839,0.740732310854437,0.928,FALSE,"RNase_ARS","C9ALS_vs_Control"
"P49588","AARS",0.0749,0.776301197129308,0.929,FALSE,"RNase_ARS","C9ALS_vs_Control"
"Q9ULX6","AKAP8L",-0.0729,0.790068556140473,0.929,FALSE,"RNase_ARS","C9ALS_vs_Control"
"Q9Y3Y2","CHTOP",-0.0703,0.781656806762066,0.929,FALSE,"RNase_ARS","C9ALS_vs_Control"
"Q9BPU6","DPYSL5",0.0603,0.767310783580676,0.929,FALSE,"RNase_ARS","C9ALS_vs_Control"
"Q15555","MAPRE2",0.08,0.789250426255411,0.929,FALSE,"RNase_ARS","C9ALS_vs_Control"
"A1L020","MEX3A",0.119,0.787164515832845,0.929,FALSE,"RNase_ARS","C9ALS_vs_Control"
"Q8WX93;Q86TC9","PALLD",0.25,0.767727338254384,0.929,FALSE,"RNase_ARS","C9ALS_vs_Control"
"Q14690","PDCD11",0.0549,0.779990544163491,0.929,FALSE,"RNase_ARS","C9ALS_vs_Control"
"Q14671","PUM1",0.0603,0.768833030628105,0.929,FALSE,"RNase_ARS","C9ALS_vs_Control"
"Q16576","RBBP7",0.0803,0.785074842883189,0.929,FALSE,"RNase_ARS","C9ALS_vs_Control"
"Q9BWF3","RBM4",-0.0509,0.784141940582415,0.929,FALSE,"RNase_ARS","C9ALS_vs_Control"
"P61247","RPS3A",-0.0619,0.77596368871672,0.929,FALSE,"RNase_ARS","C9ALS_vs_Control"
"Q9Y230","RUVBL2",-0.0593,0.76289396185508,0.929,FALSE,"RNase_ARS","C9ALS_vs_Control"
"P50502;Q8IZP2;Q8NFI4","ST13",0.0912,0.774981541458554,0.929,FALSE,"RNase_ARS","C9ALS_vs_Control"
"P0DN76;Q01081;Q8WU68","U2AF1",0.0898,0.78467800392878,0.929,FALSE,"RNase_ARS","C9ALS_vs_Control"
"P67809;Q9Y2T7","YBX1",-0.0431,0.78689921808173,0.929,FALSE,"RNase_ARS","C9ALS_vs_Control"
"P36542","ATP5C1",-0.054,0.811149031413552,0.93,FALSE,"RNase_ARS","C9ALS_vs_Control"
"E9PRG8","C11orf98",-0.0685,0.805904248632077,0.93,FALSE,"RNase_ARS","C9ALS_vs_Control"
"P50990","CCT8",0.153,0.805430354760487,0.93,FALSE,"RNase_ARS","C9ALS_vs_Control"
"Q07065;Q96K21","CKAP4",-0.0725,0.804818056314671,0.93,FALSE,"RNase_ARS","C9ALS_vs_Control"
"Q9UBM7","DHCR7",-0.116,0.82737366697965,0.93,FALSE,"RNase_ARS","C9ALS_vs_Control"
"P08754;P11488;P19087;A8MTJ3","GNAI3",0.0772,0.811461843709243,0.93,FALSE,"RNase_ARS","C9ALS_vs_Control"
"Q9BRR8","GPATCH1",0.0436,0.821769812405438,0.93,FALSE,"RNase_ARS","C9ALS_vs_Control"
"Q7Z4V5","HDGFRP2",0.0738,0.799962821668745,0.93,FALSE,"RNase_ARS","C9ALS_vs_Control"
"O75874","IDH1",0.114,0.809815303405043,0.93,FALSE,"RNase_ARS","C9ALS_vs_Control"
"Q14676","MDC1",0.0653,0.795448115574849,0.93,FALSE,"RNase_ARS","C9ALS_vs_Control"
"Q86XN8","MEX3D",0.157,0.829217970993352,0.93,FALSE,"RNase_ARS","C9ALS_vs_Control"
"Q8WTT2","NOC3L",-0.0473,0.795894294912343,0.93,FALSE,"RNase_ARS","C9ALS_vs_Control"
"Q8TEM1","NUP210",-0.131,0.807712140847539,0.93,FALSE,"RNase_ARS","C9ALS_vs_Control"
"Q9BW30","TPPP3",-0.115,0.81841573671627,0.93,FALSE,"RNase_ARS","C9ALS_vs_Control"
"Q12816","TRO",-0.048,0.820962672533265,0.93,FALSE,"RNase_ARS","C9ALS_vs_Control"
"O14980","XPO1",0.08,0.796803274018063,0.93,FALSE,"RNase_ARS","C9ALS_vs_Control"
"Q9H8M2","BRD9",0.0467,0.850333556716705,0.931,FALSE,"RNase_ARS","C9ALS_vs_Control"
"Q99439","CNN2",0.0764,0.834252224818238,0.931,FALSE,"RNase_ARS","C9ALS_vs_Control"
"Q9P013","CWC15",0.0956,0.833779193214162,0.931,FALSE,"RNase_ARS","C9ALS_vs_Control"
"O43143","DHX15",0.0544,0.859692619044819,0.931,FALSE,"RNase_ARS","C9ALS_vs_Control"
"Q13347","EIF3I",-0.0453,0.835903843633745,0.931,FALSE,"RNase_ARS","C9ALS_vs_Control"
"Q8N158","GPC2",-0.0303,0.866686392530367,0.931,FALSE,"RNase_ARS","C9ALS_vs_Control"
"P07900;Q14568;Q58FG0;Q58FG1","HSP90AA1",0.0475,0.856005015030507,0.931,FALSE,"RNase_ARS","C9ALS_vs_Control"
"O95232","LUC7L3",0.0388,0.846294409035566,0.931,FALSE,"RNase_ARS","C9ALS_vs_Control"
"Q96A72","MAGOHB",0.151,0.839517673836113,0.931,FALSE,"RNase_ARS","C9ALS_vs_Control"
"Q9UQ80","PA2G4",-0.0336,0.864466511013156,0.931,FALSE,"RNase_ARS","C9ALS_vs_Control"
"Q96T37","RBM15",0.0302,0.860619473923788,0.931,FALSE,"RNase_ARS","C9ALS_vs_Control"
"Q15637","SF1",0.0427,0.834877197133128,0.931,FALSE,"RNase_ARS","C9ALS_vs_Control"
"Q07955","SRSF1",0.0463,0.847832858609305,0.931,FALSE,"RNase_ARS","C9ALS_vs_Control"
"Q9BRL6","SRSF8",0.0855,0.864657321093416,0.931,FALSE,"RNase_ARS","C9ALS_vs_Control"
"P45880","VDAC2",0.0547,0.831933620104029,0.931,FALSE,"RNase_ARS","C9ALS_vs_Control"
"Q15007","WTAP",-0.0662,0.858189125638585,0.931,FALSE,"RNase_ARS","C9ALS_vs_Control"
"Q86VM9","ZC3H18",-0.0451,0.852075971668636,0.931,FALSE,"RNase_ARS","C9ALS_vs_Control"
"Q6NZY4","ZCCHC8",-0.0417,0.86272594771595,0.931,FALSE,"RNase_ARS","C9ALS_vs_Control"
"P07195","LDHB",-0.233,0.900311474684429,0.932,FALSE,"RNase_ARS","C9ALS_vs_Control"
"Q8N1G4","LRRC47",-0.0296,0.88508574186365,0.932,FALSE,"RNase_ARS","C9ALS_vs_Control"
"Q8TDZ2","MICAL1",-0.0997,0.867588145630608,0.932,FALSE,"RNase_ARS","C9ALS_vs_Control"
"Q9H3P2","NELFA",0.0291,0.875065591569354,0.932,FALSE,"RNase_ARS","C9ALS_vs_Control"
"Q8NAV1","PRPF38A",-0.0422,0.875684230499187,0.932,FALSE,"RNase_ARS","C9ALS_vs_Control"
"Q13523","PRPF4B",-0.0339,0.88375290097889,0.932,FALSE,"RNase_ARS","C9ALS_vs_Control"
"P49756","RBM25",-0.03,0.869378482391529,0.932,FALSE,"RNase_ARS","C9ALS_vs_Control"
"Q14683","SMC1A",0.0391,0.891858627000574,0.932,FALSE,"RNase_ARS","C9ALS_vs_Control"
"P37108","SRP14",-0.0295,0.902195428099773,0.932,FALSE,"RNase_ARS","C9ALS_vs_Control"
"A7MD48","SRRM4",0.0382,0.891134840538081,0.932,FALSE,"RNase_ARS","C9ALS_vs_Control"
"P17987","TCP1",-0.0228,0.893811998518375,0.932,FALSE,"RNase_ARS","C9ALS_vs_Control"
"Q14157","UBAP2L",0.0692,0.879172502252748,0.932,FALSE,"RNase_ARS","C9ALS_vs_Control"
"P63104","YWHAZ",0.0264,0.902497924593817,0.932,FALSE,"RNase_ARS","C9ALS_vs_Control"
"Q6ZUT1","C11orf57",-0.0313,0.905604537909914,0.933,FALSE,"RNase_ARS","C9ALS_vs_Control"
"O14647","CHD2",0.0193,0.92934564342783,0.933,FALSE,"RNase_ARS","C9ALS_vs_Control"
"Q16555","DPYSL2",-0.0319,0.905555010867391,0.933,FALSE,"RNase_ARS","C9ALS_vs_Control"
"P60981","DSTN",-0.0152,0.936239713682756,0.933,FALSE,"RNase_ARS","C9ALS_vs_Control"
"A6NHQ2","FBLL1",0.0398,0.913975573877789,0.933,FALSE,"RNase_ARS","C9ALS_vs_Control"
"O00151","PDLIM1",0.0188,0.924514860371618,0.933,FALSE,"RNase_ARS","C9ALS_vs_Control"
"O43164","PJA2",-0.0169,0.920309350945075,0.933,FALSE,"RNase_ARS","C9ALS_vs_Control"
"O75400","PRPF40A",0.0234,0.918253632952027,0.933,FALSE,"RNase_ARS","C9ALS_vs_Control"
"P11216;P11217;P06737","PYGB",-0.0491,0.934949224079551,0.933,FALSE,"RNase_ARS","C9ALS_vs_Control"
"P62913","RPL11",0.0158,0.927489083413223,0.933,FALSE,"RNase_ARS","C9ALS_vs_Control"
"P62269","RPS18",0.0192,0.939151522207195,0.933,FALSE,"RNase_ARS","C9ALS_vs_Control"
"P42677","RPS27",0.0187,0.942856756711698,0.933,FALSE,"RNase_ARS","C9ALS_vs_Control"
"P62701","RPS4X",-0.0202,0.934101689694383,0.933,FALSE,"RNase_ARS","C9ALS_vs_Control"
"Q08170","SRSF4",-0.0272,0.941023051137107,0.933,FALSE,"RNase_ARS","C9ALS_vs_Control"
"P06753","TPM3",-0.0163,0.936731519336407,0.933,FALSE,"RNase_ARS","C9ALS_vs_Control"
"Q96ME7","ZNF512",0.0258,0.918973417064587,0.933,FALSE,"RNase_ARS","C9ALS_vs_Control"
"O94973","AP2A2",0.0133,0.945568328143831,0.934,FALSE,"RNase_ARS","C9ALS_vs_Control"
"Q9UK58","CCNL1",-0.017,0.951994335253472,0.934,FALSE,"RNase_ARS","C9ALS_vs_Control"
"Q8N684","CPSF7",-0.0175,0.964258137017319,0.934,FALSE,"RNase_ARS","C9ALS_vs_Control"
"O75534","CSDE1",0.0075,0.975839193803744,0.934,FALSE,"RNase_ARS","C9ALS_vs_Control"
"Q9Y6G9","DYNC1LI1",0.00946,0.971028616206086,0.934,FALSE,"RNase_ARS","C9ALS_vs_Control"
"Q9NZM4","GLTSCR1",-0.00486,0.981552047553312,0.934,FALSE,"RNase_ARS","C9ALS_vs_Control"
"Q96JB3","HIC2",-0.00721,0.975114663988485,0.934,FALSE,"RNase_ARS","C9ALS_vs_Control"
"P22626","HNRNPA2B1",0.00423,0.98201033367086,0.934,FALSE,"RNase_ARS","C9ALS_vs_Control"
"Q9NX24","NHP2",0.0141,0.94952280692492,0.934,FALSE,"RNase_ARS","C9ALS_vs_Control"
"O43809","NUDT21",-0.015,0.976077192064266,0.934,FALSE,"RNase_ARS","C9ALS_vs_Control"
"Q8IWS0","PHF6",0.0134,0.947481128597771,0.934,FALSE,"RNase_ARS","C9ALS_vs_Control"
"Q15291","RBBP5",-0.0099,0.978627491740371,0.934,FALSE,"RNase_ARS","C9ALS_vs_Control"
"Q9P2E9;REV__Q9P2M7","RRBP1",0.0158,0.955454598142129,0.934,FALSE,"RNase_ARS","C9ALS_vs_Control"
"P51532","SMARCA4",-0.00631,0.976249230642915,0.934,FALSE,"RNase_ARS","C9ALS_vs_Control"
"O75494","SRSF10",-0.0114,0.960492381285587,0.934,FALSE,"RNase_ARS","C9ALS_vs_Control"
"Q13242","SRSF9",0.0193,0.949262633497497,0.934,FALSE,"RNase_ARS","C9ALS_vs_Control"
"P26368","U2AF2",-0.0349,0.951786607360443,0.934,FALSE,"RNase_ARS","C9ALS_vs_Control"
"O95292","VAPB",-0.00454,0.982713188255369,0.934,FALSE,"RNase_ARS","C9ALS_vs_Control"
"Q99536","VAT1",0.0147,0.961827026057701,0.934,FALSE,"RNase_ARS","C9ALS_vs_Control"
"Q9HCE3","ZNF532",0.00612,0.972233151876819,0.934,FALSE,"RNase_ARS","C9ALS_vs_Control"
"P35611","ADD1",-0.000194,0.999083993578289,0.935,FALSE,"RNase_ARS","C9ALS_vs_Control"
"P22087","FBL",0.0035,0.990863128436125,0.935,FALSE,"RNase_ARS","C9ALS_vs_Control"
"P55769","NHP2L1",-0.00119,0.996458121243663,0.935,FALSE,"RNase_ARS","C9ALS_vs_Control"
"P67936;Q2TAC2","TPM4",0.003,0.988235568248661,0.935,FALSE,"RNase_ARS","C9ALS_vs_Control"
"Q9Y6Q3;Q9BS34;P17030;Q7L945;P13682;P17024;Q86T29;P17021","ZFP37",0.00637,0.988253535457799,0.935,FALSE,"RNase_ARS","C9ALS_vs_Control"
"P17096","HMGA1",-4.42,1.91836023757288e-09,6.17e-10,TRUE,"RNase_CTRL","C9ALS_vs_Control"
"O43264","ZW10",3.6,6.52164757029485e-09,1.14e-07,TRUE,"RNase_CTRL","C9ALS_vs_Control"
"Q6S8J3;P0CG39;Q9BYX7","POTEE",-2.73,9.32124073622336e-09,3.31e-07,TRUE,"RNase_CTRL","C9ALS_vs_Control"
"P25391","LAMA1",-3.25,1.94708019909591e-08,3.8e-06,TRUE,"RNase_CTRL","C9ALS_vs_Control"
"Q96L73","NSD1",3.02,3.30411995710573e-08,1.61e-05,TRUE,"RNase_CTRL","C9ALS_vs_Control"
"Q96KR1","ZFR",2.47,3.71177583588447e-08,2.04e-05,TRUE,"RNase_CTRL","C9ALS_vs_Control"
"P63261","ACTG1",8.11,5.82245622810087e-08,6.48e-05,TRUE,"RNase_CTRL","C9ALS_vs_Control"
"Q9BRX9","WDR83",2.53,1.03614031595942e-07,0.000258,TRUE,"RNase_CTRL","C9ALS_vs_Control"
"O43395","PRPF3",3.11,1.32593896225138e-07,0.000417,TRUE,"RNase_CTRL","C9ALS_vs_Control"
"Q9HCS7","XAB2",2.57,1.94394780541756e-07,0.000883,TRUE,"RNase_CTRL","C9ALS_vs_Control"
"Q6ZU65","UBN2",2.45,2.26767111885856e-07,0.00114,TRUE,"RNase_CTRL","C9ALS_vs_Control"
"P02787;CON__Q2HJF0","TF",-2.77,3.4480427302709e-07,0.00232,TRUE,"RNase_CTRL","C9ALS_vs_Control"
"Q01844","EWSR1",2.29,3.56561733777401e-07,0.00244,TRUE,"RNase_CTRL","C9ALS_vs_Control"
"P01834","IGKC",-2.77,4.61746453937938e-07,0.00352,TRUE,"RNase_CTRL","C9ALS_vs_Control"
"Q6PJT7","ZC3H14",5.37,4.75873136758704e-07,0.00366,TRUE,"RNase_CTRL","C9ALS_vs_Control"
"P05783;CON__Q92764;CON__Q497I4;Q92764;CON__H-INV:HIT000015463","KRT18",-1.79,5.59129902098548e-07,0.00458,TRUE,"RNase_CTRL","C9ALS_vs_Control"
"P31431","SDC4",-2.34,6.54494624474091e-07,0.00557,TRUE,"RNase_CTRL","C9ALS_vs_Control"
"O15240","VGF",-3.09,6.93882082483064e-07,0.00595,TRUE,"RNase_CTRL","C9ALS_vs_Control"
"Q9BZJ0","CRNKL1",4.43,7.49453079495736e-07,0.00647,TRUE,"RNase_CTRL","C9ALS_vs_Control"
"O95631","NTN1",2.87,1.01354140298519e-06,0.01,TRUE,"RNase_CTRL","C9ALS_vs_Control"
"P48444","ARCN1",1.73,1.21156818717685e-06,0.0127,TRUE,"RNase_CTRL","C9ALS_vs_Control"
"Q14624","ITIH4",-3.29,1.3752192233833e-06,0.0148,TRUE,"RNase_CTRL","C9ALS_vs_Control"
"O15020","SPTBN2",3.48,1.82372126357637e-06,0.0205,TRUE,"RNase_CTRL","C9ALS_vs_Control"
"P61073","CXCR4",1.89,1.90718480175923e-06,0.0215,TRUE,"RNase_CTRL","C9ALS_vs_Control"
"Q9BYG3","NIFK",2.1,2.01286431060239e-06,0.0227,TRUE,"RNase_CTRL","C9ALS_vs_Control"
"Q9Y520","PRRC2C",-2.37,2.25453294043799e-06,0.0255,TRUE,"RNase_CTRL","C9ALS_vs_Control"
"Q14257","RCN2",3.7,2.53801710449251e-06,0.0285,TRUE,"RNase_CTRL","C9ALS_vs_Control"
"P49321","NASP",-2.42,2.96953758076588e-06,0.0327,TRUE,"RNase_CTRL","C9ALS_vs_Control"
"P0DP25;P0DP24;P0DP23;P27482;P02585","P0DP25",1.89,3.41923843289943e-06,0.0365,TRUE,"RNase_CTRL","C9ALS_vs_Control"
"Q9Y4F1","FARP1",-2,3.44200942115275e-06,0.0367,TRUE,"RNase_CTRL","C9ALS_vs_Control"
"Q5T5P2","KIAA1217",-4.27,3.53676136332128e-06,0.0374,TRUE,"RNase_CTRL","C9ALS_vs_Control"
"P62854;Q5JNZ5","RPS26",1.31,3.67228751933155e-06,0.0385,TRUE,"RNase_CTRL","C9ALS_vs_Control"
"P61278","SST",-1.85,3.81429834616958e-06,0.0395,TRUE,"RNase_CTRL","C9ALS_vs_Control"
"O43513","MED7",-1.96,3.89536604377185e-06,0.0401,TRUE,"RNase_CTRL","C9ALS_vs_Control"
"Q9HCB6","SPON1",3.44,4.10692645319369e-06,0.0416,TRUE,"RNase_CTRL","C9ALS_vs_Control"
"Q9H1E3","NUCKS1",-3.32,4.65168501596876e-06,0.0459,TRUE,"RNase_CTRL","C9ALS_vs_Control"
"P38159;O75526;Q8N7X1","RBMX",-1.87,4.69253557695126e-06,0.0462,TRUE,"RNase_CTRL","C9ALS_vs_Control"
"Q93079;Q5QNW6","HIST1H2BH",-2.36,5.63179182675989e-06,0.0533,FALSE,"RNase_CTRL","C9ALS_vs_Control"
"Q96JP5","ZFP91",-2.81,5.71412423513022e-06,0.0539,FALSE,"RNase_CTRL","C9ALS_vs_Control"
"Q6UN15","FIP1L1",-1.71,5.73712160547663e-06,0.054,FALSE,"RNase_CTRL","C9ALS_vs_Control"
"P67870","CSNK2B",-1.64,6.02158416997991e-06,0.0559,FALSE,"RNase_CTRL","C9ALS_vs_Control"
"P52926","HMGA2",-2.57,7.18944002506173e-06,0.0663,FALSE,"RNase_CTRL","C9ALS_vs_Control"
"P10645","CHGA",-2.38,8.31701603957018e-06,0.0756,FALSE,"RNase_CTRL","C9ALS_vs_Control"
"Q14244","MAP7",-2.67,8.82486214229939e-06,0.0796,FALSE,"RNase_CTRL","C9ALS_vs_Control"
"P07942","LAMB1",-2.73,1.36965028781739e-05,0.114,FALSE,"RNase_CTRL","C9ALS_vs_Control"
"O95639","CPSF4",-1.39,1.53891988395561e-05,0.124,FALSE,"RNase_CTRL","C9ALS_vs_Control"
"Q9NWH9","SLTM",-1.65,1.67324578037912e-05,0.131,FALSE,"RNase_CTRL","C9ALS_vs_Control"
"Q9C0J8","WDR33",-1.36,1.75207893742407e-05,0.135,FALSE,"RNase_CTRL","C9ALS_vs_Control"
"Q9Y3B9","RRP15",1.71,1.82190266511171e-05,0.139,FALSE,"RNase_CTRL","C9ALS_vs_Control"
"O43684","BUB3",1.68,2.14782001617689e-05,0.154,FALSE,"RNase_CTRL","C9ALS_vs_Control"
"P62906","RPL10A",-1.9,2.23591384002045e-05,0.158,FALSE,"RNase_CTRL","C9ALS_vs_Control"
"Q9ULX6","AKAP8L",2.11,2.327956839624e-05,0.161,FALSE,"RNase_CTRL","C9ALS_vs_Control"
"P38432","COIL",1.04,2.34398229209243e-05,0.162,FALSE,"RNase_CTRL","C9ALS_vs_Control"
"Q12830","BPTF",-2.28,2.44292258212646e-05,0.166,FALSE,"RNase_CTRL","C9ALS_vs_Control"
"P18077","RPL35A",1.49,2.47428182322842e-05,0.167,FALSE,"RNase_CTRL","C9ALS_vs_Control"
"P08670;P17661","VIM",1.28,2.48020498712662e-05,0.167,FALSE,"RNase_CTRL","C9ALS_vs_Control"
"Q14203","DCTN1",2.12,2.52236156753757e-05,0.169,FALSE,"RNase_CTRL","C9ALS_vs_Control"
"P62424","RPL7A",1.26,2.8333388291256e-05,0.18,FALSE,"RNase_CTRL","C9ALS_vs_Control"
"O95400","CD2BP2",-1.28,2.85027841441541e-05,0.181,FALSE,"RNase_CTRL","C9ALS_vs_Control"
"Q92541","RTF1",1.39,2.93148899877862e-05,0.183,FALSE,"RNase_CTRL","C9ALS_vs_Control"
"O60313","OPA1",1.6,3.0038425483445e-05,0.186,FALSE,"RNase_CTRL","C9ALS_vs_Control"
"Q9Y3B4","SF3B6",2.72,3.00909143553505e-05,0.186,FALSE,"RNase_CTRL","C9ALS_vs_Control"
"P51608","MECP2",-2.99,3.15107072279569e-05,0.192,FALSE,"RNase_CTRL","C9ALS_vs_Control"
"Q96JE9","MAP6",1.65,3.68427545871469e-05,0.213,FALSE,"RNase_CTRL","C9ALS_vs_Control"
"Q7Z7K6","CENPV",-1.47,3.78593089412232e-05,0.217,FALSE,"RNase_CTRL","C9ALS_vs_Control"
"P18887","XRCC1",-1.66,4.31545833112261e-05,0.235,FALSE,"RNase_CTRL","C9ALS_vs_Control"
"P61353","RPL27",1.24,4.77041967055691e-05,0.25,FALSE,"RNase_CTRL","C9ALS_vs_Control"
"Q92804","TAF15",-1.86,4.8189747578359e-05,0.251,FALSE,"RNase_CTRL","C9ALS_vs_Control"
"Q8WXI9","GATAD2B",-2.11,5.53285610188445e-05,0.272,FALSE,"RNase_CTRL","C9ALS_vs_Control"
"Q8IWU6","SULF1",2.74,5.64848216044081e-05,0.275,FALSE,"RNase_CTRL","C9ALS_vs_Control"
"O43172","PRPF4",1.82,5.69902872306754e-05,0.276,FALSE,"RNase_CTRL","C9ALS_vs_Control"
"P09874","PARP1",-1.37,6.06575714431789e-05,0.286,FALSE,"RNase_CTRL","C9ALS_vs_Control"
"Q9UDY2","TJP2",-1.67,6.10218012284693e-05,0.287,FALSE,"RNase_CTRL","C9ALS_vs_Control"
"P25205","MCM3",-2.06,6.19006058024516e-05,0.289,FALSE,"RNase_CTRL","C9ALS_vs_Control"
"P49773","HINT1",-2.28,6.34361734060747e-05,0.293,FALSE,"RNase_CTRL","C9ALS_vs_Control"
"Q8WVC0","LEO1",-1.79,6.43581079798856e-05,0.295,FALSE,"RNase_CTRL","C9ALS_vs_Control"
"Q00839","HNRNPU",-1.09,6.5004481008426e-05,0.297,FALSE,"RNase_CTRL","C9ALS_vs_Control"
"P18124","RPL7",1.01,6.59766294793418e-05,0.299,FALSE,"RNase_CTRL","C9ALS_vs_Control"
"Q4KMP7","TBC1D10B",-2.77,6.60118739376202e-05,0.299,FALSE,"RNase_CTRL","C9ALS_vs_Control"
"Q9UI12","ATP6V1H",1.44,7.14406494452584e-05,0.312,FALSE,"RNase_CTRL","C9ALS_vs_Control"
"Q9NVI7","ATAD3A",2.07,7.22858862171541e-05,0.313,FALSE,"RNase_CTRL","C9ALS_vs_Control"
"Q14315","FLNC",2.81,7.33303197942681e-05,0.316,FALSE,"RNase_CTRL","C9ALS_vs_Control"
"P34932","HSPA4",1.85,8.6337192265794e-05,0.342,FALSE,"RNase_CTRL","C9ALS_vs_Control"
"P09429;B2RPK0","HMGB1",-1.77,0.000105832536758628,0.374,FALSE,"RNase_CTRL","C9ALS_vs_Control"
"Q8IXM2","BAP18",-1.68,0.000115145883397518,0.388,FALSE,"RNase_CTRL","C9ALS_vs_Control"
"Q96K17","BTF3L4",-1.4,0.000116290652862875,0.389,FALSE,"RNase_CTRL","C9ALS_vs_Control"
"Q14839","CHD4",-1,0.000124003084088459,0.4,FALSE,"RNase_CTRL","C9ALS_vs_Control"
"Q9P258","RCC2",-1.1,0.000127364321031392,0.404,FALSE,"RNase_CTRL","C9ALS_vs_Control"
"Q96GY0","ZC2HC1A",-1.62,0.000128089453570363,0.405,FALSE,"RNase_CTRL","C9ALS_vs_Control"
"P49207","RPL34",1.1,0.000130984200849967,0.408,FALSE,"RNase_CTRL","C9ALS_vs_Control"
"O76070","SNCG",1.63,0.0001316874901133,0.409,FALSE,"RNase_CTRL","C9ALS_vs_Control"
"O95402","MED26",-2.85,0.000133022374858627,0.411,FALSE,"RNase_CTRL","C9ALS_vs_Control"
"P35637","FUS",-3.13,0.000134020114652491,0.412,FALSE,"RNase_CTRL","C9ALS_vs_Control"
"O43670","ZNF207",1.99,0.000140167956749001,0.419,FALSE,"RNase_CTRL","C9ALS_vs_Control"
"Q7Z6I8","C5orf24",-1.06,0.000145309145679665,0.425,FALSE,"RNase_CTRL","C9ALS_vs_Control"
"Q9BZE4","GTPBP4",1.15,0.000147043345147973,0.427,FALSE,"RNase_CTRL","C9ALS_vs_Control"
"P62888","RPL30",1.4,0.000147513403104296,0.427,FALSE,"RNase_CTRL","C9ALS_vs_Control"
"O60488","ACSL4",1.37,0.000151530440955771,0.431,FALSE,"RNase_CTRL","C9ALS_vs_Control"
"Q9UIS9","MBD1",-1.43,0.000156159757420799,0.436,FALSE,"RNase_CTRL","C9ALS_vs_Control"
"Q9P2I0","CPSF2",-0.864,0.000158477682513394,0.438,FALSE,"RNase_CTRL","C9ALS_vs_Control"
"Q9UGN5","PARP2",2.15,0.000161932989472287,0.442,FALSE,"RNase_CTRL","C9ALS_vs_Control"
"Q86U42;A6NDY0","PABPN1",3.04,0.000167938537812977,0.448,FALSE,"RNase_CTRL","C9ALS_vs_Control"
"Q9P2D1;Q3L8U1","CHD7",-1.19,0.000182172521891083,0.46,FALSE,"RNase_CTRL","C9ALS_vs_Control"
"Q9Y281","CFL2",2,0.000187299473301792,0.464,FALSE,"RNase_CTRL","C9ALS_vs_Control"
"Q15691","MAPRE1",1.36,0.000207553402004705,0.48,FALSE,"RNase_CTRL","C9ALS_vs_Control"
"Q9NYV4;REV__Q05397","CDK12",-0.879,0.000210120347194146,0.482,FALSE,"RNase_CTRL","C9ALS_vs_Control"
"Q4G0J3","LARP7",-1.52,0.000232134575334219,0.497,FALSE,"RNase_CTRL","C9ALS_vs_Control"
"P62847","RPS24",0.846,0.000234909897906463,0.499,FALSE,"RNase_CTRL","C9ALS_vs_Control"
"O15355","PPM1G",-1.11,0.00023589475982366,0.5,FALSE,"RNase_CTRL","C9ALS_vs_Control"
"P36578","RPL4",0.848,0.000243620147070832,0.504,FALSE,"RNase_CTRL","C9ALS_vs_Control"
"O75934","BCAS2",2.4,0.000244056048212937,0.505,FALSE,"RNase_CTRL","C9ALS_vs_Control"
"Q8IX12","CCAR1",-1.69,0.00025238419537303,0.51,FALSE,"RNase_CTRL","C9ALS_vs_Control"
"P48681","NES",0.823,0.000252558334672073,0.51,FALSE,"RNase_CTRL","C9ALS_vs_Control"
"Q13347","EIF3I",-0.898,0.000267316328347831,0.518,FALSE,"RNase_CTRL","C9ALS_vs_Control"
"Q15029","EFTUD2",1.25,0.000269352140217285,0.519,FALSE,"RNase_CTRL","C9ALS_vs_Control"
"Q12849","GRSF1",1.01,0.000272389421896546,0.521,FALSE,"RNase_CTRL","C9ALS_vs_Control"
"O43290","SART1",-0.897,0.000277772044503494,0.524,FALSE,"RNase_CTRL","C9ALS_vs_Control"
"Q02878","RPL6",0.885,0.000300487927193547,0.535,FALSE,"RNase_CTRL","C9ALS_vs_Control"
"P51116","FXR2",1.18,0.000306154032180893,0.537,FALSE,"RNase_CTRL","C9ALS_vs_Control"
"Q86UE4","MTDH",-2.26,0.000313163790997488,0.541,FALSE,"RNase_CTRL","C9ALS_vs_Control"
"Q96T58","SPEN",-0.974,0.000317342457029954,0.543,FALSE,"RNase_CTRL","C9ALS_vs_Control"
"P27695","APEX1",-1.5,0.000358083787411322,0.559,FALSE,"RNase_CTRL","C9ALS_vs_Control"
"Q99829","CPNE1",-0.929,0.00038958121831547,0.571,FALSE,"RNase_CTRL","C9ALS_vs_Control"
"O95793","STAU1",0.855,0.000424074672142778,0.582,FALSE,"RNase_CTRL","C9ALS_vs_Control"
"P07196","NEFL",1.01,0.000436793348473889,0.586,FALSE,"RNase_CTRL","C9ALS_vs_Control"
"Q8N9T8","KRI1",1.12,0.000459674365609253,0.593,FALSE,"RNase_CTRL","C9ALS_vs_Control"
"Q8WUA2","PPIL4",-0.976,0.000464167418130359,0.594,FALSE,"RNase_CTRL","C9ALS_vs_Control"
"Q8IVW6","ARID3B",-2.17,0.000473180689925884,0.596,FALSE,"RNase_CTRL","C9ALS_vs_Control"
"Q14151","SAFB2",-1.45,0.000490898709992219,0.601,FALSE,"RNase_CTRL","C9ALS_vs_Control"
"Q9ULR0","ISY1",2.29,0.000501704916140992,0.604,FALSE,"RNase_CTRL","C9ALS_vs_Control"
"P43243","MATR3",-0.832,0.000511674916935496,0.606,FALSE,"RNase_CTRL","C9ALS_vs_Control"
"O43660","PLRG1",1.82,0.00051136271319107,0.606,FALSE,"RNase_CTRL","C9ALS_vs_Control"
"Q6P158","DHX57",1.69,0.000520295374799673,0.608,FALSE,"RNase_CTRL","C9ALS_vs_Control"
"P09661","SNRPA1",2.15,0.000518533263482776,0.608,FALSE,"RNase_CTRL","C9ALS_vs_Control"
"P11047","LAMC1",-1.82,0.000522225013453099,0.609,FALSE,"RNase_CTRL","C9ALS_vs_Control"
"P61313","RPL15",0.975,0.000524838098680398,0.609,FALSE,"RNase_CTRL","C9ALS_vs_Control"
"O76094","SRP72",-1.79,0.000526747531900857,0.61,FALSE,"RNase_CTRL","C9ALS_vs_Control"
"Q8IY81","FTSJ3",0.7,0.000543078753792888,0.614,FALSE,"RNase_CTRL","C9ALS_vs_Control"
"O43795","MYO1B",1.23,0.000556963532278543,0.617,FALSE,"RNase_CTRL","C9ALS_vs_Control"
"Q8WVV9","HNRNPLL",-1.54,0.000563405200093051,0.618,FALSE,"RNase_CTRL","C9ALS_vs_Control"
"P62861","FAU.1",-1.77,0.000585740868502802,0.623,FALSE,"RNase_CTRL","C9ALS_vs_Control"
"Q8TAQ2","SMARCC2",-0.781,0.000585230243337526,0.623,FALSE,"RNase_CTRL","C9ALS_vs_Control"
"Q03188","CENPC",-2.48,0.000591831247824884,0.624,FALSE,"RNase_CTRL","C9ALS_vs_Control"
"O95926","SYF2",2.45,0.000614588344099641,0.629,FALSE,"RNase_CTRL","C9ALS_vs_Control"
"P08708","RPS17",-1.07,0.000622335575135019,0.63,FALSE,"RNase_CTRL","C9ALS_vs_Control"
"P07355;A6NMY6","ANXA2",-0.864,0.000630069683815321,0.631,FALSE,"RNase_CTRL","C9ALS_vs_Control"
"Q8TD26","CHD6",-2.15,0.000644982071469169,0.634,FALSE,"RNase_CTRL","C9ALS_vs_Control"
"P50914","RPL14",0.988,0.000649100804804454,0.635,FALSE,"RNase_CTRL","C9ALS_vs_Control"
"Q9UNF1","MAGED2",-1.12,0.000654020574688452,0.636,FALSE,"RNase_CTRL","C9ALS_vs_Control"
"P04792","HSPB1",-2.06,0.0007103311524482,0.645,FALSE,"RNase_CTRL","C9ALS_vs_Control"
"Q9UJS0","SLC25A13",1.3,0.000708071836836802,0.645,FALSE,"RNase_CTRL","C9ALS_vs_Control"
"Q06587","RING1",-0.906,0.000717570762767462,0.646,FALSE,"RNase_CTRL","C9ALS_vs_Control"
"Q00325","SLC25A3",1.26,0.00072837313630354,0.648,FALSE,"RNase_CTRL","C9ALS_vs_Control"
"Q02880","TOP2B",-1.68,0.000727979951385372,0.648,FALSE,"RNase_CTRL","C9ALS_vs_Control"
"P56537","EIF6",0.775,0.000803077852274985,0.659,FALSE,"RNase_CTRL","C9ALS_vs_Control"
"O14579","COPE",0.854,0.000832504500435917,0.663,FALSE,"RNase_CTRL","C9ALS_vs_Control"
"Q07020","RPL18",0.864,0.000830731363254964,0.663,FALSE,"RNase_CTRL","C9ALS_vs_Control"
"Q06787","FMR1",0.835,0.000873831499296539,0.668,FALSE,"RNase_CTRL","C9ALS_vs_Control"
"Q13283","G3BP1",0.902,0.000884845719070163,0.669,FALSE,"RNase_CTRL","C9ALS_vs_Control"
"Q86YP4","GATAD2A",-1.02,0.000884192030970422,0.669,FALSE,"RNase_CTRL","C9ALS_vs_Control"
"Q3B7J2","GFOD2",1.55,0.00088012492669827,0.669,FALSE,"RNase_CTRL","C9ALS_vs_Control"
"Q9NZM5","GLTSCR2",1.14,0.000877167834982873,0.669,FALSE,"RNase_CTRL","C9ALS_vs_Control"
"P07197","NEFM",0.67,0.000886483206931115,0.67,FALSE,"RNase_CTRL","C9ALS_vs_Control"
"Q96CS4","ZNF689",1.56,0.000890070039667831,0.67,FALSE,"RNase_CTRL","C9ALS_vs_Control"
"P09496","CLTA",2.5,0.000908113961023081,0.672,FALSE,"RNase_CTRL","C9ALS_vs_Control"
"Q2TB10","ZNF800",3.48,0.000940004202930063,0.676,FALSE,"RNase_CTRL","C9ALS_vs_Control"
"P49458","SRP9",0.699,0.000979720833269831,0.68,FALSE,"RNase_CTRL","C9ALS_vs_Control"
"Q9BRS2","RIOK1",-2.15,0.00106850939452339,0.689,FALSE,"RNase_CTRL","C9ALS_vs_Control"
"Q13573","SNW1",1.48,0.00108156525586755,0.69,FALSE,"RNase_CTRL","C9ALS_vs_Control"
"P61254","RPL26",-0.774,0.00110167150198207,0.692,FALSE,"RNase_CTRL","C9ALS_vs_Control"
"Q14444","CAPRIN1",1.29,0.00110952690987228,0.693,FALSE,"RNase_CTRL","C9ALS_vs_Control"
"Q9Y450","HBS1L",-1.26,0.0011438027242512,0.696,FALSE,"RNase_CTRL","C9ALS_vs_Control"
"P31942","HNRNPH3",1.24,0.00114920878880288,0.696,FALSE,"RNase_CTRL","C9ALS_vs_Control"
"Q9NW64","RBM22",2.14,0.00115251035710519,0.696,FALSE,"RNase_CTRL","C9ALS_vs_Control"
"Q8WUQ7","CACTIN",0.816,0.00118325213163843,0.699,FALSE,"RNase_CTRL","C9ALS_vs_Control"
"Q9UHA3","RSL24D1",0.929,0.00133191492584802,0.71,FALSE,"RNase_CTRL","C9ALS_vs_Control"
"Q96T23","RSF1",-3.08,0.00134181475826335,0.711,FALSE,"RNase_CTRL","C9ALS_vs_Control"
"Q9UMS4","PRPF19",1.27,0.0013546011558595,0.712,FALSE,"RNase_CTRL","C9ALS_vs_Control"
"P50579","METAP2",-1.88,0.00139380496952869,0.714,FALSE,"RNase_CTRL","C9ALS_vs_Control"
"Q9H0D6","XRN2",-1.15,0.00138313562155563,0.714,FALSE,"RNase_CTRL","C9ALS_vs_Control"
"P49916","LIG3",-1.61,0.0015230840110371,0.722,FALSE,"RNase_CTRL","C9ALS_vs_Control"
"P61019","RAB2A",0.959,0.0015183762237593,0.722,FALSE,"RNase_CTRL","C9ALS_vs_Control"
"P45973","CBX5",-0.908,0.00153916756370549,0.723,FALSE,"RNase_CTRL","C9ALS_vs_Control"
"P08621","SNRNP70",-0.828,0.00153243381503683,0.723,FALSE,"RNase_CTRL","C9ALS_vs_Control"
"Q8WWQ0","PHIP",-2.91,0.00158044529073789,0.725,FALSE,"RNase_CTRL","C9ALS_vs_Control"
"O75683","SURF6",0.704,0.00165395842310069,0.729,FALSE,"RNase_CTRL","C9ALS_vs_Control"
"O14980","XPO1",0.908,0.00164182010785224,0.729,FALSE,"RNase_CTRL","C9ALS_vs_Control"
"P16401","HIST1H1B",-1.16,0.00170536739847883,0.732,FALSE,"RNase_CTRL","C9ALS_vs_Control"
"O60508","CDC40",1.67,0.00184288664034067,0.738,FALSE,"RNase_CTRL","C9ALS_vs_Control"
"Q13428","TCOF1",-0.668,0.00183579246992707,0.738,FALSE,"RNase_CTRL","C9ALS_vs_Control"
"Q9BUJ2","HNRNPUL1",-0.599,0.00186221747360011,0.739,FALSE,"RNase_CTRL","C9ALS_vs_Control"
"Q8NI27","THOC2",-2.02,0.00197897077300408,0.744,FALSE,"RNase_CTRL","C9ALS_vs_Control"
"P02790","HPX",-2.49,0.00201378679887863,0.746,FALSE,"RNase_CTRL","C9ALS_vs_Control"
"Q6P2Q9","PRPF8",1.16,0.00202879829259748,0.746,FALSE,"RNase_CTRL","C9ALS_vs_Control"
"Q5JSZ5","PRRC2B",-1.29,0.00203315435460858,0.746,FALSE,"RNase_CTRL","C9ALS_vs_Control"
"Q02543","RPL18A",0.853,0.00208312675340645,0.748,FALSE,"RNase_CTRL","C9ALS_vs_Control"
"P60891;P11908;P21108","PRPS1",1.14,0.00221418904656648,0.753,FALSE,"RNase_CTRL","C9ALS_vs_Control"
"Q15424","SAFB",-1.04,0.00228084242315898,0.755,FALSE,"RNase_CTRL","C9ALS_vs_Control"
"Q9P2K5","MYEF2",0.562,0.00233445604756481,0.757,FALSE,"RNase_CTRL","C9ALS_vs_Control"
"Q9NZ01","TECR",1.91,0.00233507391542991,0.757,FALSE,"RNase_CTRL","C9ALS_vs_Control"
"Q96DI7","SNRNP40",1.16,0.00235643756199251,0.758,FALSE,"RNase_CTRL","C9ALS_vs_Control"
"Q9NZT1","CALML5",-0.567,0.00243678604009908,0.76,FALSE,"RNase_CTRL","C9ALS_vs_Control"
"Q15843","NEDD8",-0.814,0.00255706499384818,0.764,FALSE,"RNase_CTRL","C9ALS_vs_Control"
"Q14694","USP10",0.927,0.00260725181168561,0.765,FALSE,"RNase_CTRL","C9ALS_vs_Control"
"Q9Y625","GPC6",-1.26,0.00263659812812822,0.766,FALSE,"RNase_CTRL","C9ALS_vs_Control"
"P39060","COL18A1",-1.16,0.00266653090208553,0.767,FALSE,"RNase_CTRL","C9ALS_vs_Control"
"Q01130","SRSF2",-0.692,0.00265123812374043,0.767,FALSE,"RNase_CTRL","C9ALS_vs_Control"
"P40429;Q6NVV1","RPL13A",0.663,0.00269850887602718,0.768,FALSE,"RNase_CTRL","C9ALS_vs_Control"
"Q9BSJ8","ESYT1",-1.18,0.00274339391511968,0.769,FALSE,"RNase_CTRL","C9ALS_vs_Control"
"Q92522","H1FX",-0.981,0.002743983289241,0.769,FALSE,"RNase_CTRL","C9ALS_vs_Control"
"P12273","PIP",-1.41,0.00272594944137856,0.769,FALSE,"RNase_CTRL","C9ALS_vs_Control"
"Q86VM9","ZC3H18",-0.781,0.00272375342468516,0.769,FALSE,"RNase_CTRL","C9ALS_vs_Control"
"P62249","RPS16",-0.728,0.00281550082337474,0.771,FALSE,"RNase_CTRL","C9ALS_vs_Control"
"Q9Y388","RBMX2",1.35,0.00289749912391421,0.773,FALSE,"RNase_CTRL","C9ALS_vs_Control"
"Q9UKF6","CPSF3",-1.08,0.00291936885729661,0.774,FALSE,"RNase_CTRL","C9ALS_vs_Control"
"A6NFI3;Q8N9L1;Q14872","ZNF316",0.931,0.00294335929574931,0.774,FALSE,"RNase_CTRL","C9ALS_vs_Control"
"P07741","APRT",-1.05,0.00299927332130336,0.775,FALSE,"RNase_CTRL","C9ALS_vs_Control"
"O95785","WIZ",-1.1,0.00302378761565901,0.776,FALSE,"RNase_CTRL","C9ALS_vs_Control"
"P08754;P11488;P19087;A8MTJ3","GNAI3",1.22,0.0031258349473407,0.778,FALSE,"RNase_CTRL","C9ALS_vs_Control"
"P46100","ATRX",-1.52,0.0031453370306406,0.779,FALSE,"RNase_CTRL","C9ALS_vs_Control"
"P37108","SRP14",-0.764,0.00315263720904219,0.779,FALSE,"RNase_CTRL","C9ALS_vs_Control"
"P36957","DLST",-0.998,0.0032303532566073,0.78,FALSE,"RNase_CTRL","C9ALS_vs_Control"
"Q96PK6","RBM14",0.76,0.00322315673290674,0.78,FALSE,"RNase_CTRL","C9ALS_vs_Control"
"P62277","RPS13",-0.688,0.00320017170631162,0.78,FALSE,"RNase_CTRL","C9ALS_vs_Control"
"Q8WYP5","AHCTF1",-1.03,0.00324651998928539,0.781,FALSE,"RNase_CTRL","C9ALS_vs_Control"
"Q99459","CDC5L",1.26,0.00326331953452133,0.781,FALSE,"RNase_CTRL","C9ALS_vs_Control"
"P50402","EMD",1.17,0.00332379103249419,0.782,FALSE,"RNase_CTRL","C9ALS_vs_Control"
"Q15393","SF3B3",1.13,0.00338770350435307,0.784,FALSE,"RNase_CTRL","C9ALS_vs_Control"
"Q15555","MAPRE2",0.688,0.00353230350260422,0.786,FALSE,"RNase_CTRL","C9ALS_vs_Control"
"P62241","RPS8",0.555,0.00359663316482818,0.788,FALSE,"RNase_CTRL","C9ALS_vs_Control"
"Q9NWB6","ARGLU1",1.14,0.0036734337022837,0.789,FALSE,"RNase_CTRL","C9ALS_vs_Control"
"P11142;P54652","HSPA8",0.808,0.00374577266092901,0.79,FALSE,"RNase_CTRL","C9ALS_vs_Control"
"Q15648","MED1",-1.8,0.00371634366839554,0.79,FALSE,"RNase_CTRL","C9ALS_vs_Control"
"Q15637","SF1",0.539,0.00402002009844829,0.795,FALSE,"RNase_CTRL","C9ALS_vs_Control"
"P81605","DCD",-0.778,0.00408643406262527,0.796,FALSE,"RNase_CTRL","C9ALS_vs_Control"
"Q9BUQ8","DDX23",-1.37,0.00410572501971845,0.796,FALSE,"RNase_CTRL","C9ALS_vs_Control"
"Q6UWP8","SBSN",-0.811,0.00409609841430494,0.796,FALSE,"RNase_CTRL","C9ALS_vs_Control"
"Q9NZR1","TMOD2",1.64,0.00408701454351357,0.796,FALSE,"RNase_CTRL","C9ALS_vs_Control"
"Q7L2J0","MEPCE",-2.67,0.00416838650619821,0.797,FALSE,"RNase_CTRL","C9ALS_vs_Control"
"O14744","PRMT5",-0.861,0.00427661993732126,0.798,FALSE,"RNase_CTRL","C9ALS_vs_Control"
"Q2Q1W2","TRIM71",0.569,0.00439328140500595,0.8,FALSE,"RNase_CTRL","C9ALS_vs_Control"
"Q9P2Y4","ZNF219",-1.22,0.00437112318228795,0.8,FALSE,"RNase_CTRL","C9ALS_vs_Control"
"Q15084","PDIA6",1.02,0.00453608080757007,0.802,FALSE,"RNase_CTRL","C9ALS_vs_Control"
"Q12824","SMARCB1",-0.95,0.00452901039475507,0.802,FALSE,"RNase_CTRL","C9ALS_vs_Control"
"Q13813","SPTAN1",2.52,0.00470981066089683,0.804,FALSE,"RNase_CTRL","C9ALS_vs_Control"
"Q9UHX1","PUF60",0.928,0.00480801468745148,0.805,FALSE,"RNase_CTRL","C9ALS_vs_Control"
"P42696","RBM34",-1.49,0.0047735129951057,0.805,FALSE,"RNase_CTRL","C9ALS_vs_Control"
"P17677","GAP43",-0.811,0.00486280604493438,0.806,FALSE,"RNase_CTRL","C9ALS_vs_Control"
"O95182","NDUFA7",-0.66,0.00482166031753347,0.806,FALSE,"RNase_CTRL","C9ALS_vs_Control"
"Q9NUL3","STAU2",0.499,0.00492779709756898,0.807,FALSE,"RNase_CTRL","C9ALS_vs_Control"
"O43602","DCX",0.87,0.00499256912184081,0.808,FALSE,"RNase_CTRL","C9ALS_vs_Control"
"P61081","UBE2M",-1.04,0.00506663502245518,0.808,FALSE,"RNase_CTRL","C9ALS_vs_Control"
"Q99700","ATXN2",-0.596,0.00513453384293951,0.809,FALSE,"RNase_CTRL","C9ALS_vs_Control"
"Q9UJV9","DDX41",1.25,0.00512980728529887,0.809,FALSE,"RNase_CTRL","C9ALS_vs_Control"
"Q9H4G0","EPB41L1",-1.12,0.00513952649653567,0.809,FALSE,"RNase_CTRL","C9ALS_vs_Control"
"Q9H9Y2","RPF1",0.965,0.00520231233680163,0.81,FALSE,"RNase_CTRL","C9ALS_vs_Control"
"Q8NE71","ABCF1",-0.847,0.00537637282594395,0.812,FALSE,"RNase_CTRL","C9ALS_vs_Control"
"Q8N7H5","PAF1",-1.25,0.00539828277125439,0.812,FALSE,"RNase_CTRL","C9ALS_vs_Control"
"Q99959","PKP2",-0.873,0.00535656543611418,0.812,FALSE,"RNase_CTRL","C9ALS_vs_Control"
"O95104","SCAF4",-0.951,0.00553811504848324,0.813,FALSE,"RNase_CTRL","C9ALS_vs_Control"
"Q14562","DHX8",-0.616,0.00574861926850284,0.815,FALSE,"RNase_CTRL","C9ALS_vs_Control"
"Q5T3I0","GPATCH4",0.656,0.00573425386059428,0.815,FALSE,"RNase_CTRL","C9ALS_vs_Control"
"P29375","KDM5A",-0.985,0.00568515990926349,0.815,FALSE,"RNase_CTRL","C9ALS_vs_Control"
"Q96JM3","CHAMP1",-0.663,0.00581059088546459,0.816,FALSE,"RNase_CTRL","C9ALS_vs_Control"
"Q96CW1","AP2M1",1.71,0.00595677863862908,0.817,FALSE,"RNase_CTRL","C9ALS_vs_Control"
"Q13243","SRSF5",0.614,0.00596987807835484,0.817,FALSE,"RNase_CTRL","C9ALS_vs_Control"
"P22492","HIST1H1T",1.52,0.00613681090906317,0.819,FALSE,"RNase_CTRL","C9ALS_vs_Control"
"P07237","P4HB",-2.36,0.00621710924376992,0.82,FALSE,"RNase_CTRL","C9ALS_vs_Control"
"O00422","SAP18",0.743,0.00623761851709205,0.82,FALSE,"RNase_CTRL","C9ALS_vs_Control"
"P33240","CSTF2",-0.931,0.00632983102236939,0.821,FALSE,"RNase_CTRL","C9ALS_vs_Control"
"Q13823","GNL2",0.557,0.00640526686977443,0.821,FALSE,"RNase_CTRL","C9ALS_vs_Control"
"P52294;O15131","KPNA1",-0.655,0.00635265432352405,0.821,FALSE,"RNase_CTRL","C9ALS_vs_Control"
"P05976;P08590","MYL1",1.45,0.00647811741400823,0.822,FALSE,"RNase_CTRL","C9ALS_vs_Control"
"P48634","PRRC2A",-2.76,0.00648772800731164,0.822,FALSE,"RNase_CTRL","C9ALS_vs_Control"
"Q9NP64","ZCCHC17",0.746,0.00654648044134075,0.822,FALSE,"RNase_CTRL","C9ALS_vs_Control"
"Q9P013","CWC15",1.46,0.00668707719398994,0.823,FALSE,"RNase_CTRL","C9ALS_vs_Control"
"Q96SB4","SRPK1",1.31,0.00669014295559367,0.823,FALSE,"RNase_CTRL","C9ALS_vs_Control"
"Q14697","GANAB",-0.977,0.00680284223508736,0.824,FALSE,"RNase_CTRL","C9ALS_vs_Control"
"P62195;Q8NB90","PSMC5",1.4,0.00674383466399027,0.824,FALSE,"RNase_CTRL","C9ALS_vs_Control"
"O00479","HMGN4",-1.28,0.00685546682488239,0.825,FALSE,"RNase_CTRL","C9ALS_vs_Control"
"A1L0T0","ILVBL",0.554,0.00707147439365893,0.826,FALSE,"RNase_CTRL","C9ALS_vs_Control"
"Q9NPA8","ENY2",1.39,0.00710032307839897,0.827,FALSE,"RNase_CTRL","C9ALS_vs_Control"
"P62269","RPS18",-0.548,0.00717104502367817,0.827,FALSE,"RNase_CTRL","C9ALS_vs_Control"
"P53999","SUB1",-0.653,0.00737752950950952,0.828,FALSE,"RNase_CTRL","C9ALS_vs_Control"
"Q12873","CHD3",-0.813,0.00741574231655161,0.829,FALSE,"RNase_CTRL","C9ALS_vs_Control"
"P62910","RPL32",0.886,0.00744557796644932,0.829,FALSE,"RNase_CTRL","C9ALS_vs_Control"
"P07910;O60812;B2RXH8;P0DMR1;B7ZW38","HNRNPC",-0.88,0.00777974372604845,0.831,FALSE,"RNase_CTRL","C9ALS_vs_Control"
"Q9ULV0","MYO5B",-1.25,0.00788079587157592,0.832,FALSE,"RNase_CTRL","C9ALS_vs_Control"
"P28370","SMARCA1",-0.477,0.00800027452260862,0.832,FALSE,"RNase_CTRL","C9ALS_vs_Control"
"Q6PD62","CTR9",-1.33,0.00807243185480499,0.833,FALSE,"RNase_CTRL","C9ALS_vs_Control"
"Q13557;Q9UQM7","CAMK2D",-0.823,0.00834071181039418,0.834,FALSE,"RNase_CTRL","C9ALS_vs_Control"
"Q9BVP2","GNL3",0.559,0.00825774212721082,0.834,FALSE,"RNase_CTRL","C9ALS_vs_Control"
"P68431;Q71DI3;Q16695","HIST1H3A",-0.653,0.00827688167463324,0.834,FALSE,"RNase_CTRL","C9ALS_vs_Control"
"P78362;Q9UPE1","SRPK2",0.46,0.00836922632851913,0.835,FALSE,"RNase_CTRL","C9ALS_vs_Control"
"Q13885;A6NNZ2","TUBB2A",2.24,0.00845474769594065,0.835,FALSE,"RNase_CTRL","C9ALS_vs_Control"
"Q96E39","RBMXL1",-0.734,0.00887103626164335,0.837,FALSE,"RNase_CTRL","C9ALS_vs_Control"
"P05089","ARG1",-0.811,0.00892341883823964,0.838,FALSE,"RNase_CTRL","C9ALS_vs_Control"
"Q9UGU5","HMGXB4",-1.65,0.00906680958793127,0.838,FALSE,"RNase_CTRL","C9ALS_vs_Control"
"Q499Z4;Q99612;Q9BSK1;P52747;O94892;Q9NX65;Q8WXB4","ZNF672",-0.582,0.00932228179451268,0.84,FALSE,"RNase_CTRL","C9ALS_vs_Control"
"P61962","DCAF7",0.543,0.00966464844048241,0.841,FALSE,"RNase_CTRL","C9ALS_vs_Control"
"Q7Z406","MYH14",-1.14,0.00965591777188666,0.841,FALSE,"RNase_CTRL","C9ALS_vs_Control"
"P62491;Q15907","RAB11A",-1.07,0.00992800496882438,0.842,FALSE,"RNase_CTRL","C9ALS_vs_Control"
"Q14669","TRIP12",-0.728,0.00988575549652574,0.842,FALSE,"RNase_CTRL","C9ALS_vs_Control"
"O95394","PGM3",0.729,0.0102277580966287,0.844,FALSE,"RNase_CTRL","C9ALS_vs_Control"
"P41091;Q2VIR3","EIF2S3",-0.649,0.0104838929585799,0.845,FALSE,"RNase_CTRL","C9ALS_vs_Control"
"Q9BVA1","TUBB2B",0.699,0.0107210023569436,0.846,FALSE,"RNase_CTRL","C9ALS_vs_Control"
"Q9UIG0","BAZ1B",-0.894,0.0110694064058108,0.847,FALSE,"RNase_CTRL","C9ALS_vs_Control"
"Q9Y3F4","STRAP",1.3,0.0110374226653729,0.847,FALSE,"RNase_CTRL","C9ALS_vs_Control"
"Q15233;Q6Y7W6","NONO",-1.05,0.011720485166281,0.85,FALSE,"RNase_CTRL","C9ALS_vs_Control"
"Q9ULI0","ATAD2B",-1.36,0.0123808376022549,0.852,FALSE,"RNase_CTRL","C9ALS_vs_Control"
"Q7L2E3","DHX30",0.438,0.0124531117604849,0.852,FALSE,"RNase_CTRL","C9ALS_vs_Control"
"P47813","EIF1AX",-1.44,0.0124496592049154,0.852,FALSE,"RNase_CTRL","C9ALS_vs_Control"
"Q8NDF8","PAPD5",1.41,0.0125576062071525,0.852,FALSE,"RNase_CTRL","C9ALS_vs_Control"
"P62899","RPL31",-0.548,0.0124108934750976,0.852,FALSE,"RNase_CTRL","C9ALS_vs_Control"
"Q7Z6Z7","HUWE1",0.546,0.0126773931824343,0.853,FALSE,"RNase_CTRL","C9ALS_vs_Control"
"Q9ULV4;Q6QEF8","CORO1C",1.02,0.0134274840150424,0.855,FALSE,"RNase_CTRL","C9ALS_vs_Control"
"O15371","EIF3D",-0.444,0.0134576977012348,0.855,FALSE,"RNase_CTRL","C9ALS_vs_Control"
"Q9H307","PNN",0.46,0.0134827298112611,0.855,FALSE,"RNase_CTRL","C9ALS_vs_Control"
"Q9BQ04","RBM4B",1.03,0.0134055757893628,0.855,FALSE,"RNase_CTRL","C9ALS_vs_Control"
"P27694","RPA1",0.618,0.013335334518324,0.855,FALSE,"RNase_CTRL","C9ALS_vs_Control"
"Q14318","FKBP8",0.699,0.0136722674917843,0.856,FALSE,"RNase_CTRL","C9ALS_vs_Control"
"Q12906","ILF3",-0.415,0.0137904995320541,0.856,FALSE,"RNase_CTRL","C9ALS_vs_Control"
"P33993","MCM7",-0.757,0.0141364514226204,0.857,FALSE,"RNase_CTRL","C9ALS_vs_Control"
"P14649","MYL6B",1.04,0.0139315380721691,0.857,FALSE,"RNase_CTRL","C9ALS_vs_Control"
"P83881","RPL36A",0.573,0.014200762085901,0.857,FALSE,"RNase_CTRL","C9ALS_vs_Control"
"P62304","SNRPE",-0.446,0.0139358134406951,0.857,FALSE,"RNase_CTRL","C9ALS_vs_Control"
"Q5QJE6","DNTTIP2",-0.524,0.0145488182542084,0.858,FALSE,"RNase_CTRL","C9ALS_vs_Control"
"P46087","NOP2",-0.894,0.0144767985444527,0.858,FALSE,"RNase_CTRL","C9ALS_vs_Control"
"Q13185","CBX3",-0.826,0.0149407010470044,0.859,FALSE,"RNase_CTRL","C9ALS_vs_Control"
"P26583","HMGB2",-1.34,0.0147687585482901,0.859,FALSE,"RNase_CTRL","C9ALS_vs_Control"
"Q9Y383","LUC7L2",1.2,0.0148384542159796,0.859,FALSE,"RNase_CTRL","C9ALS_vs_Control"
"Q8N1G4","LRRC47",-0.548,0.0150697710639306,0.86,FALSE,"RNase_CTRL","C9ALS_vs_Control"
"Q9UN86","G3BP2",0.751,0.0156770631042856,0.861,FALSE,"RNase_CTRL","C9ALS_vs_Control"
"P27448;Q9P0L2","MARK3",-1.21,0.0157113600833739,0.861,FALSE,"RNase_CTRL","C9ALS_vs_Control"
"P35658","NUP214",0.945,0.0155971321922631,0.861,FALSE,"RNase_CTRL","C9ALS_vs_Control"
"P36915","GNL1",-1.06,0.0161538355249731,0.862,FALSE,"RNase_CTRL","C9ALS_vs_Control"
"Q02539","HIST1H1A",-1.58,0.0161117946930339,0.862,FALSE,"RNase_CTRL","C9ALS_vs_Control"
"Q9NP66","HMG20A",0.817,0.0159444716842824,0.862,FALSE,"RNase_CTRL","C9ALS_vs_Control"
"Q8WUD4","CCDC12",1.36,0.0163277054851136,0.863,FALSE,"RNase_CTRL","C9ALS_vs_Control"
"P40967","PMEL",0.453,0.0162492246280374,0.863,FALSE,"RNase_CTRL","C9ALS_vs_Control"
"P08865","RPSA",-0.618,0.0164815032566777,0.863,FALSE,"RNase_CTRL","C9ALS_vs_Control"
"Q9NYL9","TMOD3",1.05,0.0164822524985703,0.863,FALSE,"RNase_CTRL","C9ALS_vs_Control"
"P63313","TMSB10",-1.08,0.0165244376555346,0.863,FALSE,"RNase_CTRL","C9ALS_vs_Control"
"Q03701","CEBPZ",0.487,0.016858997743324,0.864,FALSE,"RNase_CTRL","C9ALS_vs_Control"
"Q07666;Q9H6N6","KHDRBS1",-0.464,0.01683876570862,0.864,FALSE,"RNase_CTRL","C9ALS_vs_Control"
"P23246","SFPQ",-0.979,0.0170234873529868,0.864,FALSE,"RNase_CTRL","C9ALS_vs_Control"
"Q9Y2W1","THRAP3",-0.467,0.0169587558635294,0.864,FALSE,"RNase_CTRL","C9ALS_vs_Control"
"P62258","YWHAE",1.72,0.0170899510617335,0.864,FALSE,"RNase_CTRL","C9ALS_vs_Control"
"P09211","GSTP1",-1.03,0.0173178881844585,0.865,FALSE,"RNase_CTRL","C9ALS_vs_Control"
"Q09028","RBBP4",-0.442,0.0174661282342561,0.865,FALSE,"RNase_CTRL","C9ALS_vs_Control"
"Q96QD9","FYTTD1",0.654,0.0177896442868724,0.866,FALSE,"RNase_CTRL","C9ALS_vs_Control"
"Q5JTH9","RRP12",-0.675,0.0176483041230963,0.866,FALSE,"RNase_CTRL","C9ALS_vs_Control"
"P04350","TUBB4A",0.639,0.0176460447884819,0.866,FALSE,"RNase_CTRL","C9ALS_vs_Control"
"Q92614","MYO18A",0.841,0.0182567469671168,0.867,FALSE,"RNase_CTRL","C9ALS_vs_Control"
"P25398","RPS12",-0.718,0.018380669371177,0.867,FALSE,"RNase_CTRL","C9ALS_vs_Control"
"Q9H4L4","SENP3",-0.566,0.0182624089827063,0.867,FALSE,"RNase_CTRL","C9ALS_vs_Control"
"P51531","SMARCA2",-1.01,0.0185723743141411,0.867,FALSE,"RNase_CTRL","C9ALS_vs_Control"
"Q14004","CDK13",-0.576,0.0189570089406501,0.868,FALSE,"RNase_CTRL","C9ALS_vs_Control"
"Q92841","DDX17",0.586,0.0190110751313892,0.868,FALSE,"RNase_CTRL","C9ALS_vs_Control"
"Q8NAV1","PRPF38A",0.577,0.0185872699095239,0.868,FALSE,"RNase_CTRL","C9ALS_vs_Control"
"P07437","TUBB",0.588,0.0194519311087052,0.869,FALSE,"RNase_CTRL","C9ALS_vs_Control"
"Q9Y6G9","DYNC1LI1",0.584,0.0197982133154146,0.87,FALSE,"RNase_CTRL","C9ALS_vs_Control"
"Q96GA3","LTV1",-0.468,0.0197017986140281,0.87,FALSE,"RNase_CTRL","C9ALS_vs_Control"
"A7MD48","SRRM4",0.543,0.0199841515016531,0.87,FALSE,"RNase_CTRL","C9ALS_vs_Control"
"Q8WWM7","ATXN2L",0.485,0.0206132386352055,0.871,FALSE,"RNase_CTRL","C9ALS_vs_Control"
"Q15417;P51911","CNN3",-0.945,0.0217592316707496,0.873,FALSE,"RNase_CTRL","C9ALS_vs_Control"
"Q92499","DDX1",0.469,0.0224416086288994,0.874,FALSE,"RNase_CTRL","C9ALS_vs_Control"
"Q96JB3","HIC2",-1.36,0.0221263693413392,0.874,FALSE,"RNase_CTRL","C9ALS_vs_Control"
"Q9H7N4","SCAF1",-0.579,0.0222337024149641,0.874,FALSE,"RNase_CTRL","C9ALS_vs_Control"
"P35580","MYH10",0.973,0.0230873887727947,0.875,FALSE,"RNase_CTRL","C9ALS_vs_Control"
"P48426;P78356","PIP4K2A",1,0.0228739391309182,0.875,FALSE,"RNase_CTRL","C9ALS_vs_Control"
"Q96A65","EXOC4",-0.709,0.023515750364658,0.876,FALSE,"RNase_CTRL","C9ALS_vs_Control"
"O00159","MYO1C",0.849,0.0234381485517307,0.876,FALSE,"RNase_CTRL","C9ALS_vs_Control"
"Q06830","PRDX1",0.582,0.0236274805350618,0.876,FALSE,"RNase_CTRL","C9ALS_vs_Control"
"P49189","ALDH9A1",0.742,0.0244668807448835,0.877,FALSE,"RNase_CTRL","C9ALS_vs_Control"
"P52597","HNRNPF",0.417,0.0245377406532782,0.877,FALSE,"RNase_CTRL","C9ALS_vs_Control"
"P68363","TUBA1B",0.551,0.0243284541383361,0.877,FALSE,"RNase_CTRL","C9ALS_vs_Control"
"P59780","AP3S2",-0.637,0.0252822498528995,0.878,FALSE,"RNase_CTRL","C9ALS_vs_Control"
"P49591","SARS",-0.675,0.0253013331957847,0.878,FALSE,"RNase_CTRL","C9ALS_vs_Control"
"P60953;P17081;Q9H4E5","CDC42",-1.1,0.0261907368536928,0.879,FALSE,"RNase_CTRL","C9ALS_vs_Control"
"P55010","EIF5",-1.09,0.0260651777812876,0.879,FALSE,"RNase_CTRL","C9ALS_vs_Control"
"Q9BQG0","MYBBP1A",1.07,0.0264772870400728,0.879,FALSE,"RNase_CTRL","C9ALS_vs_Control"
"Q15007","WTAP",0.828,0.0258983784589796,0.879,FALSE,"RNase_CTRL","C9ALS_vs_Control"
"Q9Y6A4","CFAP20",-1.34,0.0271177933779816,0.88,FALSE,"RNase_CTRL","C9ALS_vs_Control"
"Q9UBC0;O60422;O95948","ONECUT1",0.548,0.0271380442807694,0.88,FALSE,"RNase_CTRL","C9ALS_vs_Control"
"P62244","RPS15A",0.527,0.0266818918243792,0.88,FALSE,"RNase_CTRL","C9ALS_vs_Control"
"Q08945","SSRP1",-0.664,0.0272552588065745,0.88,FALSE,"RNase_CTRL","C9ALS_vs_Control"
"Q9Y5B9","SUPT16H",-0.673,0.0265172661980636,0.88,FALSE,"RNase_CTRL","C9ALS_vs_Control"
"Q9BQ39","DDX50",0.39,0.0275873604243718,0.881,FALSE,"RNase_CTRL","C9ALS_vs_Control"
"Q16637","SMN1",-0.55,0.0281170388803402,0.881,FALSE,"RNase_CTRL","C9ALS_vs_Control"
"Q9H2P0","ADNP",-1.78,0.0285427915812766,0.882,FALSE,"RNase_CTRL","C9ALS_vs_Control"
"P61604","HSPE1",-0.851,0.0282928665225735,0.882,FALSE,"RNase_CTRL","C9ALS_vs_Control"
"P62979;P62987;P0CG47;P0CG48","RPS27A",0.398,0.0286196024708173,0.882,FALSE,"RNase_CTRL","C9ALS_vs_Control"
"Q68D10","SPTY2D1",-0.82,0.0282944915937785,0.882,FALSE,"RNase_CTRL","C9ALS_vs_Control"
"Q7L014","DDX46",0.698,0.0299170181043587,0.883,FALSE,"RNase_CTRL","C9ALS_vs_Control"
"P82675","MRPS5",-0.73,0.0295137286034999,0.883,FALSE,"RNase_CTRL","C9ALS_vs_Control"
"A6NNA2","SRRM3",0.782,0.0295760213004064,0.883,FALSE,"RNase_CTRL","C9ALS_vs_Control"
"Q9UGU0","TCF20",-1.02,0.0309603788201626,0.884,FALSE,"RNase_CTRL","C9ALS_vs_Control"
"P07900;Q14568;Q58FG0;Q58FG1","HSP90AA1",-0.627,0.0320654675054713,0.885,FALSE,"RNase_CTRL","C9ALS_vs_Control"
"Q5VTL8","PRPF38B",0.958,0.0321140422335478,0.885,FALSE,"RNase_CTRL","C9ALS_vs_Control"
"Q96N64","PWWP2A",-0.729,0.031686032115755,0.885,FALSE,"RNase_CTRL","C9ALS_vs_Control"
"Q14498;Q86U06","RBM39",0.53,0.0319124031402228,0.885,FALSE,"RNase_CTRL","C9ALS_vs_Control"
"Q02040","AKAP17A",0.589,0.0324869056110674,0.886,FALSE,"RNase_CTRL","C9ALS_vs_Control"
"Q66PJ3","ARL6IP4",0.748,0.0326851245899189,0.886,FALSE,"RNase_CTRL","C9ALS_vs_Control"
"O75367","H2AFY",-0.578,0.0325286302533964,0.886,FALSE,"RNase_CTRL","C9ALS_vs_Control"
"P31943","HNRNPH1",0.372,0.0333090625216542,0.886,FALSE,"RNase_CTRL","C9ALS_vs_Control"
"Q03252","LMNB2",0.876,0.0332238143120081,0.886,FALSE,"RNase_CTRL","C9ALS_vs_Control"
"P47914","RPL29",-0.639,0.0331052292590075,0.886,FALSE,"RNase_CTRL","C9ALS_vs_Control"
"Q71U36;P0DPH8;P0DPH7;Q6PEY2","TUBA1A",0.537,0.0326722005576652,0.886,FALSE,"RNase_CTRL","C9ALS_vs_Control"
"Q16531","DDB1",-0.993,0.0341660982655567,0.887,FALSE,"RNase_CTRL","C9ALS_vs_Control"
"Q14254","FLOT2",-0.719,0.034123318733791,0.887,FALSE,"RNase_CTRL","C9ALS_vs_Control"
"P52701","MSH6",-0.847,0.0343267419223904,0.887,FALSE,"RNase_CTRL","C9ALS_vs_Control"
"Q12874","SF3A3",0.731,0.0344833802148312,0.887,FALSE,"RNase_CTRL","C9ALS_vs_Control"
"P13010","XRCC5",-0.667,0.0335174954076234,0.887,FALSE,"RNase_CTRL","C9ALS_vs_Control"
"Q15020","SART3",-0.431,0.034852777394941,0.888,FALSE,"RNase_CTRL","C9ALS_vs_Control"
"O15260","SURF4",0.515,0.0354822345423606,0.888,FALSE,"RNase_CTRL","C9ALS_vs_Control"
"P46783;Q9NQ39","RPS10",-0.597,0.0365174268829029,0.889,FALSE,"RNase_CTRL","C9ALS_vs_Control"
"O00622","CYR61",1.18,0.0373076478472188,0.89,FALSE,"RNase_CTRL","C9ALS_vs_Control"
"P62807","HIST1H2BC",-2.37,0.0381273527552792,0.89,FALSE,"RNase_CTRL","C9ALS_vs_Control"
"O75874","IDH1",-1.08,0.0370905423878501,0.89,FALSE,"RNase_CTRL","C9ALS_vs_Control"
"O00629","KPNA4",-0.65,0.0382161990568304,0.89,FALSE,"RNase_CTRL","C9ALS_vs_Control"
"P60866","RPS20",-0.46,0.0382006979605152,0.89,FALSE,"RNase_CTRL","C9ALS_vs_Control"
"O14979","HNRNPDL",0.511,0.038534832213217,0.891,FALSE,"RNase_CTRL","C9ALS_vs_Control"
"P60660","MYL6",0.989,0.0386561011717163,0.891,FALSE,"RNase_CTRL","C9ALS_vs_Control"
"Q969G3","SMARCE1",0.832,0.038867797294439,0.891,FALSE,"RNase_CTRL","C9ALS_vs_Control"
"P50991","CCT4",-0.599,0.0410707628299019,0.892,FALSE,"RNase_CTRL","C9ALS_vs_Control"
"Q14974","KPNB1",-0.977,0.0406499724847687,0.892,FALSE,"RNase_CTRL","C9ALS_vs_Control"
"P19338","NCL",0.389,0.0409038114160834,0.892,FALSE,"RNase_CTRL","C9ALS_vs_Control"
"Q7Z417","NUFIP2",0.531,0.0397659481007293,0.892,FALSE,"RNase_CTRL","C9ALS_vs_Control"
"P62081","RPS7",0.351,0.0410562163195477,0.892,FALSE,"RNase_CTRL","C9ALS_vs_Control"
"P12956","XRCC6",-0.627,0.0406628887496618,0.892,FALSE,"RNase_CTRL","C9ALS_vs_Control"
"P38646","HSPA9",0.46,0.0421850555519067,0.893,FALSE,"RNase_CTRL","C9ALS_vs_Control"
"O94880","PHF14",-0.622,0.0418515617833051,0.893,FALSE,"RNase_CTRL","C9ALS_vs_Control"
"P62937;P0DN26;A0A0B4J2A2;A0A075B767;A0A075B759;Q9Y536;F5H284;P0DN37","PPIA",-0.589,0.0420397584419654,0.893,FALSE,"RNase_CTRL","C9ALS_vs_Control"
"Q15428","SF3A2",0.732,0.0416025019951056,0.893,FALSE,"RNase_CTRL","C9ALS_vs_Control"
"Q8WXA9","SREK1",0.757,0.0424550021440108,0.893,FALSE,"RNase_CTRL","C9ALS_vs_Control"
"P84103","SRSF3",0.362,0.0420860236624194,0.893,FALSE,"RNase_CTRL","C9ALS_vs_Control"
"Q7L576","CYFIP1",-0.553,0.0436154510496111,0.894,FALSE,"RNase_CTRL","C9ALS_vs_Control"
"P63092;Q5JWF2;P38405","GNAS",0.928,0.0441286154946352,0.894,FALSE,"RNase_CTRL","C9ALS_vs_Control"
"P52272","HNRNPM",0.398,0.0432413968807904,0.894,FALSE,"RNase_CTRL","C9ALS_vs_Control"
"Q13330","MTA1",-0.411,0.0439411331149922,0.894,FALSE,"RNase_CTRL","C9ALS_vs_Control"
"A8CG34","POM121C",-1.12,0.0434375155705174,0.894,FALSE,"RNase_CTRL","C9ALS_vs_Control"
"P62140","PPP1CB",-0.41,0.0436582157185006,0.894,FALSE,"RNase_CTRL","C9ALS_vs_Control"
"O43242","PSMD3",0.735,0.0439534718764985,0.894,FALSE,"RNase_CTRL","C9ALS_vs_Control"
"Q5UIP0","RIF1",-1.18,0.0434815167445599,0.894,FALSE,"RNase_CTRL","C9ALS_vs_Control"
"P62280","RPS11",-0.354,0.0429106807519555,0.894,FALSE,"RNase_CTRL","C9ALS_vs_Control"
"Q9BRL6","SRSF8",0.86,0.0433798231319863,0.894,FALSE,"RNase_CTRL","C9ALS_vs_Control"
"O00468","AGRN",-0.564,0.0445483057000735,0.895,FALSE,"RNase_CTRL","C9ALS_vs_Control"
"O60841;Q9H2L5","EIF5B",-0.646,0.0450715914444912,0.895,FALSE,"RNase_CTRL","C9ALS_vs_Control"
"P46781","RPS9",0.414,0.0454181725817011,0.895,FALSE,"RNase_CTRL","C9ALS_vs_Control"
"O95218","ZRANB2",0.558,0.0444191075754483,0.895,FALSE,"RNase_CTRL","C9ALS_vs_Control"
"P35221;Q9UI47","CTNNA1",-1.34,0.047672082331022,0.896,FALSE,"RNase_CTRL","C9ALS_vs_Control"
"Q16643","DBN1",0.879,0.0472005548759371,0.896,FALSE,"RNase_CTRL","C9ALS_vs_Control"
"C9JLW8","FAM195B",0.921,0.0474046301861235,0.896,FALSE,"RNase_CTRL","C9ALS_vs_Control"
"P07737;CON__P02584","PFN1",-1.11,0.0471064471206476,0.896,FALSE,"RNase_CTRL","C9ALS_vs_Control"
"Q86X10","RALGAPB",0.544,0.0473781541488606,0.896,FALSE,"RNase_CTRL","C9ALS_vs_Control"
"Q9NYF8","BCLAF1",-0.308,0.0481420044783762,0.897,FALSE,"RNase_CTRL","C9ALS_vs_Control"
"P50990","CCT8",-1.19,0.0494049784126829,0.897,FALSE,"RNase_CTRL","C9ALS_vs_Control"
"Q9BXY0","MAK16",0.305,0.048648652615449,0.897,FALSE,"RNase_CTRL","C9ALS_vs_Control"
"Q8N5F7;Q5M9Q1","NKAP",0.704,0.0487614310352933,0.897,FALSE,"RNase_CTRL","C9ALS_vs_Control"
"Q8IWS0","PHF6",-0.844,0.0483093644512483,0.897,FALSE,"RNase_CTRL","C9ALS_vs_Control"
"P24928","POLR2A",-0.863,0.0483384473864934,0.897,FALSE,"RNase_CTRL","C9ALS_vs_Control"
"Q8WXF1","PSPC1",-0.589,0.0481154629722824,0.897,FALSE,"RNase_CTRL","C9ALS_vs_Control"
"Q9UKM9","RALY",-0.339,0.0481914748782614,0.897,FALSE,"RNase_CTRL","C9ALS_vs_Control"
"Q68CP9","ARID2",-0.517,0.051092272521674,0.898,FALSE,"RNase_CTRL","C9ALS_vs_Control"
"Q92616","GCN1L1",0.637,0.0497831398441378,0.898,FALSE,"RNase_CTRL","C9ALS_vs_Control"
"P30876","POLR2B",-0.43,0.0510977409070296,0.898,FALSE,"RNase_CTRL","C9ALS_vs_Control"
"P05455","SSB",-0.489,0.0502283844346667,0.898,FALSE,"RNase_CTRL","C9ALS_vs_Control"
"Q96MU7","YTHDC1",-0.571,0.0503668885947101,0.898,FALSE,"RNase_CTRL","C9ALS_vs_Control"
"Q07021","C1QBP",-1.59,0.0528091117896794,0.899,FALSE,"RNase_CTRL","C9ALS_vs_Control"
"Q00610;P53675","CLTC",-0.548,0.0523060414983189,0.899,FALSE,"RNase_CTRL","C9ALS_vs_Control"
"P52756","RBM5",0.447,0.0536282099596811,0.899,FALSE,"RNase_CTRL","C9ALS_vs_Control"
"Q5VWQ0","RSBN1",0.348,0.0528078362422006,0.899,FALSE,"RNase_CTRL","C9ALS_vs_Control"
"Q9Y3I0","RTCB",0.439,0.0529666992375424,0.899,FALSE,"RNase_CTRL","C9ALS_vs_Control"
"O94964","SOGA1",0.614,0.053449230146809,0.899,FALSE,"RNase_CTRL","C9ALS_vs_Control"
"P68371","TUBB4B",0.476,0.0529311040966283,0.899,FALSE,"RNase_CTRL","C9ALS_vs_Control"
"P61964","WDR5",-1.86,0.0529166916505344,0.899,FALSE,"RNase_CTRL","C9ALS_vs_Control"
"Q13367","AP3B2",-0.409,0.0537432994411371,0.9,FALSE,"RNase_CTRL","C9ALS_vs_Control"
"P48643","CCT5",-0.549,0.0556234981515439,0.9,FALSE,"RNase_CTRL","C9ALS_vs_Control"
"P68400;Q8NEV1","CSNK2A1",-0.619,0.0550129594558698,0.9,FALSE,"RNase_CTRL","C9ALS_vs_Control"
"P17844","DDX5",0.451,0.0541747111221189,0.9,FALSE,"RNase_CTRL","C9ALS_vs_Control"
"P16402","HIST1H1D",-1.27,0.0547513571256756,0.9,FALSE,"RNase_CTRL","C9ALS_vs_Control"
"Q14739","LBR",-0.379,0.0556309902282218,0.9,FALSE,"RNase_CTRL","C9ALS_vs_Control"
"P30101","PDIA3",-0.388,0.0547201928638976,0.9,FALSE,"RNase_CTRL","C9ALS_vs_Control"
"Q93045","STMN2",0.797,0.0553152131869694,0.9,FALSE,"RNase_CTRL","C9ALS_vs_Control"
"P19784","CSNK2A2",-0.608,0.056206544627218,0.901,FALSE,"RNase_CTRL","C9ALS_vs_Control"
"Q92733","PRCC",0.945,0.0561334236809053,0.901,FALSE,"RNase_CTRL","C9ALS_vs_Control"
"Q13523","PRPF4B",0.512,0.0572022996789439,0.901,FALSE,"RNase_CTRL","C9ALS_vs_Control"
"Q13509","TUBB3",0.51,0.0565196557422651,0.901,FALSE,"RNase_CTRL","C9ALS_vs_Control"
"Q86V81","ALYREF",-0.59,0.0589541856261406,0.902,FALSE,"RNase_CTRL","C9ALS_vs_Control"
"Q99848","EBNA1BP2",0.397,0.0605353990870667,0.902,FALSE,"RNase_CTRL","C9ALS_vs_Control"
"Q6DKI1","RPL7L1",0.419,0.0586521811039192,0.902,FALSE,"RNase_CTRL","C9ALS_vs_Control"
"P22314","UBA1",0.3,0.0599382756123902,0.902,FALSE,"RNase_CTRL","C9ALS_vs_Control"
"P20020;Q01814;Q16720","ATP2B1",-0.78,0.0609590041663239,0.903,FALSE,"RNase_CTRL","C9ALS_vs_Control"
"Q10570","CPSF1",-0.392,0.0623097540433336,0.903,FALSE,"RNase_CTRL","C9ALS_vs_Control"
"P62851","RPS25",-1.33,0.0606351161672414,0.903,FALSE,"RNase_CTRL","C9ALS_vs_Control"
"P39687;O95626;O43423","ANP32A",-0.525,0.0650745333786886,0.904,FALSE,"RNase_CTRL","C9ALS_vs_Control"
"O14497","ARID1A",0.384,0.0657870419630286,0.904,FALSE,"RNase_CTRL","C9ALS_vs_Control"
"O00299","CLIC1",-0.847,0.0641671637626928,0.904,FALSE,"RNase_CTRL","C9ALS_vs_Control"
"Q7Z3K3","POGZ",-0.358,0.0640129833986172,0.904,FALSE,"RNase_CTRL","C9ALS_vs_Control"
"Q15459","SF3A1",0.549,0.0648564348677757,0.904,FALSE,"RNase_CTRL","C9ALS_vs_Control"
"Q14683","SMC1A",-0.379,0.0648698047485624,0.904,FALSE,"RNase_CTRL","C9ALS_vs_Control"
"P18583;Q8N1G2","SON",0.524,0.0652318676140035,0.904,FALSE,"RNase_CTRL","C9ALS_vs_Control"
"O95201","ZNF205",-0.305,0.0646068194471082,0.904,FALSE,"RNase_CTRL","C9ALS_vs_Control"
"Q9H8M2","BRD9",0.509,0.0676854040603362,0.905,FALSE,"RNase_CTRL","C9ALS_vs_Control"
"Q9Y3Y2","CHTOP",0.479,0.0676303614017506,0.905,FALSE,"RNase_CTRL","C9ALS_vs_Control"
"Q8N684","CPSF7",-0.444,0.0678383811003131,0.905,FALSE,"RNase_CTRL","C9ALS_vs_Control"
"Q96GQ7","DDX27",-0.842,0.0666041621071918,0.905,FALSE,"RNase_CTRL","C9ALS_vs_Control"
"Q02413;P32926;Q86SJ6","DSG1",-0.651,0.066909974425731,0.905,FALSE,"RNase_CTRL","C9ALS_vs_Control"
"Q96CS3","FAF2",0.653,0.0683137376281975,0.905,FALSE,"RNase_CTRL","C9ALS_vs_Control"
"Q7Z4V5","HDGFRP2",-0.315,0.0684850644133864,0.905,FALSE,"RNase_CTRL","C9ALS_vs_Control"
"O95819","MAP4K4",0.311,0.0679171745706887,0.905,FALSE,"RNase_CTRL","C9ALS_vs_Control"
"Q92665","MRPS31",-0.682,0.0677910630808607,0.905,FALSE,"RNase_CTRL","C9ALS_vs_Control"
"Q9Y2X3","NOP58",-0.311,0.0665733444488505,0.905,FALSE,"RNase_CTRL","C9ALS_vs_Control"
"P08237","PFKM",0.817,0.0683537425155597,0.905,FALSE,"RNase_CTRL","C9ALS_vs_Control"
"P00558;P07205","PGK1",-0.51,0.0661038620310794,0.905,FALSE,"RNase_CTRL","C9ALS_vs_Control"
"P62333","PSMC6",1.23,0.0667014802720299,0.905,FALSE,"RNase_CTRL","C9ALS_vs_Control"
"Q9Y3U8","RPL36",0.351,0.0677131685161613,0.905,FALSE,"RNase_CTRL","C9ALS_vs_Control"
"P17480","UBTF",-0.801,0.0686252060574275,0.905,FALSE,"RNase_CTRL","C9ALS_vs_Control"
"P61163","ACTR1A",1.13,0.0689684076028977,0.906,FALSE,"RNase_CTRL","C9ALS_vs_Control"
"P78371","CCT2",-0.605,0.0702497290505632,0.906,FALSE,"RNase_CTRL","C9ALS_vs_Control"
"O95864","FADS2",0.406,0.0691054774917514,0.906,FALSE,"RNase_CTRL","C9ALS_vs_Control"
"Q9Y6M1","IGF2BP2",0.558,0.0708186674292373,0.906,FALSE,"RNase_CTRL","C9ALS_vs_Control"
"Q16352","INA",0.421,0.0696104561995332,0.906,FALSE,"RNase_CTRL","C9ALS_vs_Control"
"O43776","NARS",-0.396,0.0713739856990185,0.906,FALSE,"RNase_CTRL","C9ALS_vs_Control"
"Q9UNX3","RPL26L1",-1.34,0.06872937444326,0.906,FALSE,"RNase_CTRL","C9ALS_vs_Control"
"Q9UPN6","SCAF8",-1.17,0.0694732286488687,0.906,FALSE,"RNase_CTRL","C9ALS_vs_Control"
"O60264","SMARCA5",-0.289,0.07075903289742,0.906,FALSE,"RNase_CTRL","C9ALS_vs_Control"
"Q9NVU7","SDAD1",-1,0.0726358546748815,0.907,FALSE,"RNase_CTRL","C9ALS_vs_Control"
"Q99832","CCT7",-0.865,0.0770611019995935,0.908,FALSE,"RNase_CTRL","C9ALS_vs_Control"
"O00425","IGF2BP3",0.33,0.0772096597929864,0.908,FALSE,"RNase_CTRL","C9ALS_vs_Control"
"P11586","MTHFD1",-0.933,0.0750902249123873,0.908,FALSE,"RNase_CTRL","C9ALS_vs_Control"
"O15075","DCLK1",0.345,0.0807346095964094,0.909,FALSE,"RNase_CTRL","C9ALS_vs_Control"
"Q9NVP1","DDX18",0.401,0.079121588159926,0.909,FALSE,"RNase_CTRL","C9ALS_vs_Control"
"Q8TEM1","NUP210",-0.438,0.0816955905167735,0.909,FALSE,"RNase_CTRL","C9ALS_vs_Control"
"O00541","PES1",0.712,0.0783127088237989,0.909,FALSE,"RNase_CTRL","C9ALS_vs_Control"
"P50542","PEX5",0.426,0.0816511661405957,0.909,FALSE,"RNase_CTRL","C9ALS_vs_Control"
"Q8NDT2","RBM15B",0.351,0.0815339445838847,0.909,FALSE,"RNase_CTRL","C9ALS_vs_Control"
"Q9H7B2","RPF2",0.325,0.0797774597552546,0.909,FALSE,"RNase_CTRL","C9ALS_vs_Control"
"P06702","S100A9",-1.33,0.0802600506023632,0.909,FALSE,"RNase_CTRL","C9ALS_vs_Control"
"Q9UJU6","DBNL",-1.05,0.083218403769712,0.91,FALSE,"RNase_CTRL","C9ALS_vs_Control"
"Q9NYR9","NKIRAS2",0.509,0.0840643208398486,0.91,FALSE,"RNase_CTRL","C9ALS_vs_Control"
"Q14978","NOLC1",-0.311,0.0850779953265819,0.91,FALSE,"RNase_CTRL","C9ALS_vs_Control"
"P14618;P30613","PKM",-0.37,0.0846634424441718,0.91,FALSE,"RNase_CTRL","C9ALS_vs_Control"
"P84098","RPL19",0.369,0.0855331549012963,0.91,FALSE,"RNase_CTRL","C9ALS_vs_Control"
"P11766","ADH5",-0.932,0.0884579765916782,0.911,FALSE,"RNase_CTRL","C9ALS_vs_Control"
"Q07866","KLC1",0.492,0.0887204226044864,0.911,FALSE,"RNase_CTRL","C9ALS_vs_Control"
"Q15365","PCBP1",0.422,0.0856487097791805,0.911,FALSE,"RNase_CTRL","C9ALS_vs_Control"
"Q96I25","RBM17",-0.385,0.087639416910461,0.911,FALSE,"RNase_CTRL","C9ALS_vs_Control"
"P83731","RPL24",0.322,0.0880405440404179,0.911,FALSE,"RNase_CTRL","C9ALS_vs_Control"
"Q9UHD8","SEPT9",-0.844,0.0889266373835207,0.911,FALSE,"RNase_CTRL","C9ALS_vs_Control"
"P62316","SNRPD2",-0.355,0.0873967954387623,0.911,FALSE,"RNase_CTRL","C9ALS_vs_Control"
"Q9UHB9","SRP68",-0.686,0.0881588551659641,0.911,FALSE,"RNase_CTRL","C9ALS_vs_Control"
"P10599","TXN",-0.403,0.085620955638671,0.911,FALSE,"RNase_CTRL","C9ALS_vs_Control"
"Q6NZY4","ZCCHC8",0.385,0.086234047729836,0.911,FALSE,"RNase_CTRL","C9ALS_vs_Control"
"P23526","AHCY",-0.458,0.0911490260898065,0.912,FALSE,"RNase_CTRL","C9ALS_vs_Control"
"Q9UK58","CCNL1",0.475,0.0915622955859349,0.912,FALSE,"RNase_CTRL","C9ALS_vs_Control"
"Q16630","CPSF6",0.841,0.0901083523955639,0.912,FALSE,"RNase_CTRL","C9ALS_vs_Control"
"Q08211","DHX9",0.253,0.0924152909826116,0.912,FALSE,"RNase_CTRL","C9ALS_vs_Control"
"P04406","GAPDH",-0.522,0.0920138619505707,0.912,FALSE,"RNase_CTRL","C9ALS_vs_Control"
"Q9Y4I1","MYO5A",0.636,0.0909407574278061,0.912,FALSE,"RNase_CTRL","C9ALS_vs_Control"
"Q15291","RBBP5",-0.73,0.0931770566629229,0.912,FALSE,"RNase_CTRL","C9ALS_vs_Control"
"P30050","RPL12",-0.423,0.0922961641281117,0.912,FALSE,"RNase_CTRL","C9ALS_vs_Control"
"O75351;Q6PIW4","VPS4B",-0.441,0.0912799476587071,0.912,FALSE,"RNase_CTRL","C9ALS_vs_Control"
"Q96MX3;Q6ZT77;P52743;O75840;Q96N95;P57682;Q9H4T2;Q15973;Q9Y4X4;Q8N859;Q8IZC7;Q8N8L2;Q13887;Q96BR6;Q13360;C9JN71;Q14584;Q9UC07;P36508;Q8NDW4;Q86XU0;Q96RE9;Q9NPC7;P16415;Q7Z7L9;Q9H7R0;Q8N972;O95125;Q2M218;P15621;Q9Y2A4;O14978;Q99676;Q9HBT7;P51814","ZNF48",-0.39,0.0903329079438341,0.912,FALSE,"RNase_CTRL","C9ALS_vs_Control"
"O94973","AP2A2",-0.442,0.0951144088701937,0.913,FALSE,"RNase_CTRL","C9ALS_vs_Control"
"O60282;Q86Y91","KIF5C",0.56,0.0959032369089497,0.913,FALSE,"RNase_CTRL","C9ALS_vs_Control"
"Q9BWF3","RBM4",0.279,0.0962590391296167,0.913,FALSE,"RNase_CTRL","C9ALS_vs_Control"
"Q9HBM6","TAF9B",0.485,0.0976981969541546,0.913,FALSE,"RNase_CTRL","C9ALS_vs_Control"
"Q14966","ZNF638",-0.399,0.0976287534474358,0.913,FALSE,"RNase_CTRL","C9ALS_vs_Control"
"O95232","LUC7L3",0.454,0.0989930570209282,0.914,FALSE,"RNase_CTRL","C9ALS_vs_Control"
"Q13610","PWP1",0.286,0.102373073432615,0.914,FALSE,"RNase_CTRL","C9ALS_vs_Control"
"O94875","SORBS2",0.899,0.10003015626882,0.914,FALSE,"RNase_CTRL","C9ALS_vs_Control"
"P50502;Q8IZP2;Q8NFI4","ST13",-0.768,0.100447736782752,0.914,FALSE,"RNase_CTRL","C9ALS_vs_Control"
"Q7Z2W4","ZC3HAV1",-0.852,0.102699120226383,0.914,FALSE,"RNase_CTRL","C9ALS_vs_Control"
"Q8TF47","ZFP90",0.433,0.101014844171834,0.914,FALSE,"RNase_CTRL","C9ALS_vs_Control"
"P16615;O14983;Q93084","ATP2A2",0.356,0.105119313920783,0.915,FALSE,"RNase_CTRL","C9ALS_vs_Control"
"O43143","DHX15",0.489,0.107771277144902,0.915,FALSE,"RNase_CTRL","C9ALS_vs_Control"
"Q9P0M6","H2AFY2",-0.49,0.10752732806158,0.915,FALSE,"RNase_CTRL","C9ALS_vs_Control"
"Q16777;Q6FI13","HIST2H2AC",0.468,0.103138422997323,0.915,FALSE,"RNase_CTRL","C9ALS_vs_Control"
"Q58FF8","HSP90AB2P",-0.623,0.104693514227762,0.915,FALSE,"RNase_CTRL","C9ALS_vs_Control"
"P19105;O14950","MYL12A",0.569,0.104342642232434,0.915,FALSE,"RNase_CTRL","C9ALS_vs_Control"
"P18621","RPL17",-0.377,0.106876766297735,0.915,FALSE,"RNase_CTRL","C9ALS_vs_Control"
"Q01831","XPC",-0.418,0.107238898406893,0.915,FALSE,"RNase_CTRL","C9ALS_vs_Control"
"Q92974","ARHGEF2",-0.643,0.111657951207122,0.916,FALSE,"RNase_CTRL","C9ALS_vs_Control"
"Q9NPI1","BRD7",-0.369,0.111481610900752,0.916,FALSE,"RNase_CTRL","C9ALS_vs_Control"
"Q9H6F5","CCDC86",-1.18,0.118657552515315,0.917,FALSE,"RNase_CTRL","C9ALS_vs_Control"
"Q9NV70","EXOC1",-0.365,0.114481051632116,0.917,FALSE,"RNase_CTRL","C9ALS_vs_Control"
"P54198","HIRA",-0.603,0.117763042715263,0.917,FALSE,"RNase_CTRL","C9ALS_vs_Control"
"O00567","NOP56",-0.313,0.117347406064177,0.917,FALSE,"RNase_CTRL","C9ALS_vs_Control"
"Q9H7Z3","NRDE2",-0.508,0.114052550089196,0.917,FALSE,"RNase_CTRL","C9ALS_vs_Control"
"Q7KZF4","SND1",-0.953,0.114668062979153,0.917,FALSE,"RNase_CTRL","C9ALS_vs_Control"
"Q16629","SRSF7",0.725,0.117873962623207,0.917,FALSE,"RNase_CTRL","C9ALS_vs_Control"
"Q9C0C2","TNKS1BP1",1.18,0.114749638748474,0.917,FALSE,"RNase_CTRL","C9ALS_vs_Control"
"P11387;Q969P6","TOP1",0.639,0.116307315105478,0.917,FALSE,"RNase_CTRL","C9ALS_vs_Control"
"Q12888","TP53BP1",-0.243,0.116216170577909,0.917,FALSE,"RNase_CTRL","C9ALS_vs_Control"
"Q3B726","TWISTNB",0.843,0.115809015851123,0.917,FALSE,"RNase_CTRL","C9ALS_vs_Control"
"Q9C005","DPY30",-0.272,0.121053842334016,0.918,FALSE,"RNase_CTRL","C9ALS_vs_Control"
"Q99613;B5ME19","EIF3C",-0.601,0.123165470791975,0.918,FALSE,"RNase_CTRL","C9ALS_vs_Control"
"P10809","HSPD1",-0.451,0.120310040171471,0.918,FALSE,"RNase_CTRL","C9ALS_vs_Control"
"Q7Z4S6","KIF21A",-0.705,0.123276611798534,0.918,FALSE,"RNase_CTRL","C9ALS_vs_Control"
"Q3MHD2","LSM12",0.326,0.119954231588167,0.918,FALSE,"RNase_CTRL","C9ALS_vs_Control"
"Q9H0A0","NAT10",-0.409,0.121385857499969,0.918,FALSE,"RNase_CTRL","C9ALS_vs_Control"
"Q9UQ80","PA2G4",-0.994,0.122278559043927,0.918,FALSE,"RNase_CTRL","C9ALS_vs_Control"
"P62314","SNRPD1",-0.381,0.122038406967871,0.918,FALSE,"RNase_CTRL","C9ALS_vs_Control"
"A2NJV5;A0A0A0MRZ7;A0A075B6S2;A0A075B6S6;A0A075B6P5;A0A087WW87;P06310;P01615;P01614;A0A0C4DH68","IGKV A18",-0.574,0.125802425949717,0.919,FALSE,"RNase_CTRL","C9ALS_vs_Control"
"P29590","PML",-0.612,0.131387463707593,0.919,FALSE,"RNase_CTRL","C9ALS_vs_Control"
"Q9Y5S9","RBM8A",0.444,0.128822890184345,0.919,FALSE,"RNase_CTRL","C9ALS_vs_Control"
"P61513;A6NKH3","RPL37A",-0.257,0.126715463107143,0.919,FALSE,"RNase_CTRL","C9ALS_vs_Control"
"Q7L4I2","RSRC2",0.324,0.125492047541373,0.919,FALSE,"RNase_CTRL","C9ALS_vs_Control"
"Q8IYR6","TMEFF1",-0.351,0.128561628184615,0.919,FALSE,"RNase_CTRL","C9ALS_vs_Control"
"P49368","CCT3",-0.364,0.137320747322037,0.92,FALSE,"RNase_CTRL","C9ALS_vs_Control"
"Q9Y2J2","EPB41L3",-1.06,0.136336210361173,0.92,FALSE,"RNase_CTRL","C9ALS_vs_Control"
"P21333","FLNA",-0.768,0.133647731429331,0.92,FALSE,"RNase_CTRL","C9ALS_vs_Control"
"P10412","HIST1H1E",-0.581,0.13346070450158,0.92,FALSE,"RNase_CTRL","C9ALS_vs_Control"
"Q99575","POP1",-0.321,0.135568243841296,0.92,FALSE,"RNase_CTRL","C9ALS_vs_Control"
"O14974","PPP1R12A",-1.36,0.134229532809055,0.92,FALSE,"RNase_CTRL","C9ALS_vs_Control"
"Q9H8G2","CAAP1",1.4,0.144745194789888,0.921,FALSE,"RNase_CTRL","C9ALS_vs_Control"
"O60716;Q99569","CTNND1",-0.269,0.143300151373919,0.921,FALSE,"RNase_CTRL","C9ALS_vs_Control"
"Q9UBM7","DHCR7",0.288,0.144167550930347,0.921,FALSE,"RNase_CTRL","C9ALS_vs_Control"
"Q14126","DSG2",-0.506,0.144298153763976,0.921,FALSE,"RNase_CTRL","C9ALS_vs_Control"
"Q9UKJ3","GPATCH8",0.29,0.141160789151152,0.921,FALSE,"RNase_CTRL","C9ALS_vs_Control"
"P11021","HSPA5",0.347,0.141427167689988,0.921,FALSE,"RNase_CTRL","C9ALS_vs_Control"
"Q9C086","INO80B",-0.653,0.14300764070552,0.921,FALSE,"RNase_CTRL","C9ALS_vs_Control"
"P20700","LMNB1",0.685,0.139670760943804,0.921,FALSE,"RNase_CTRL","C9ALS_vs_Control"
"Q9Y608","LRRFIP2",1.33,0.140810247593368,0.921,FALSE,"RNase_CTRL","C9ALS_vs_Control"
"P11137","MAP2",0.281,0.140177658238862,0.921,FALSE,"RNase_CTRL","C9ALS_vs_Control"
"P36507;Q02750","MAP2K2",0.908,0.144311005946333,0.921,FALSE,"RNase_CTRL","C9ALS_vs_Control"
"P78316","NOP14",-0.503,0.145524385640019,0.921,FALSE,"RNase_CTRL","C9ALS_vs_Control"
"Q13526","PIN1",-0.75,0.144519755190136,0.921,FALSE,"RNase_CTRL","C9ALS_vs_Control"
"Q92878","RAD50",0.324,0.143645731724138,0.921,FALSE,"RNase_CTRL","C9ALS_vs_Control"
"P34897","SHMT2",-0.329,0.144167619894843,0.921,FALSE,"RNase_CTRL","C9ALS_vs_Control"
"Q07955","SRSF1",0.445,0.139993753648623,0.921,FALSE,"RNase_CTRL","C9ALS_vs_Control"
"Q13263","TRIM28",-0.292,0.144589206415228,0.921,FALSE,"RNase_CTRL","C9ALS_vs_Control"
"P40227;Q92526","CCT6A",-0.3,0.153810360695331,0.922,FALSE,"RNase_CTRL","C9ALS_vs_Control"
"P29373","CRABP2",0.611,0.150048466888994,0.922,FALSE,"RNase_CTRL","C9ALS_vs_Control"
"Q08554","DSC1",-0.752,0.14905034858505,0.922,FALSE,"RNase_CTRL","C9ALS_vs_Control"
"P16403","HIST1H1C",-1.14,0.14675864229031,0.922,FALSE,"RNase_CTRL","C9ALS_vs_Control"
"Q1KMD3","HNRNPUL2",-0.222,0.147840716055905,0.922,FALSE,"RNase_CTRL","C9ALS_vs_Control"
"Q03164;Q9UMN6","KMT2A",0.32,0.153678857648331,0.922,FALSE,"RNase_CTRL","C9ALS_vs_Control"
"Q9Y3T9","NOC2L",0.301,0.152888398290582,0.922,FALSE,"RNase_CTRL","C9ALS_vs_Control"
"O75569","PRKRA",-0.805,0.149412392540016,0.922,FALSE,"RNase_CTRL","C9ALS_vs_Control"
"P35251","RFC1",-0.338,0.151479114316365,0.922,FALSE,"RNase_CTRL","C9ALS_vs_Control"
"P23396","RPS3",0.254,0.147543437517273,0.922,FALSE,"RNase_CTRL","C9ALS_vs_Control"
"Q8TF01","PNISR",-0.316,0.156934593731908,0.923,FALSE,"RNase_CTRL","C9ALS_vs_Control"
"Q8ND82","ZNF280C",-0.324,0.162571767064608,0.923,FALSE,"RNase_CTRL","C9ALS_vs_Control"
"Q5BKZ1","ZNF326",-0.389,0.157574922898627,0.923,FALSE,"RNase_CTRL","C9ALS_vs_Control"
"P59923","ZNF445",0.643,0.162257785500837,0.923,FALSE,"RNase_CTRL","C9ALS_vs_Control"
"P68032;P63267;P62736;P68133","ACTC1",0.641,0.168114905967174,0.924,FALSE,"RNase_CTRL","C9ALS_vs_Control"
"P53618","COPB1",-0.689,0.169647971010268,0.924,FALSE,"RNase_CTRL","C9ALS_vs_Control"
"P14625;Q58FF3","HSP90B1",-0.408,0.164332518940695,0.924,FALSE,"RNase_CTRL","C9ALS_vs_Control"
"Q8WTT2","NOC3L",0.266,0.170884044761706,0.924,FALSE,"RNase_CTRL","C9ALS_vs_Control"
"Q15287","RNPS1",0.24,0.17124255863511,0.924,FALSE,"RNase_CTRL","C9ALS_vs_Control"
"E9PRG8","C11orf98",-0.404,0.177581415464926,0.925,FALSE,"RNase_CTRL","C9ALS_vs_Control"
"P07384","CAPN1",-0.371,0.180805274313838,0.925,FALSE,"RNase_CTRL","C9ALS_vs_Control"
"P47755","CAPZA2",-1.01,0.180750370458969,0.925,FALSE,"RNase_CTRL","C9ALS_vs_Control"
"Q49A26","GLYR1",0.581,0.17444157131279,0.925,FALSE,"RNase_CTRL","C9ALS_vs_Control"
"P35998","PSMC2",0.484,0.176338952399398,0.925,FALSE,"RNase_CTRL","C9ALS_vs_Control"
"P61020","RAB5B",0.228,0.178843862691845,0.925,FALSE,"RNase_CTRL","C9ALS_vs_Control"
"O00193","SMAP",0.725,0.177808839402093,0.925,FALSE,"RNase_CTRL","C9ALS_vs_Control"
"P09012","SNRPA",-0.661,0.178730992486798,0.925,FALSE,"RNase_CTRL","C9ALS_vs_Control"
"P54577","YARS",0.27,0.173854770774743,0.925,FALSE,"RNase_CTRL","C9ALS_vs_Control"
"Q9Y6Q3;Q9BS34;P17030;Q7L945;P13682;P17024;Q86T29;P17021","ZFP37",-0.451,0.173123115842973,0.925,FALSE,"RNase_CTRL","C9ALS_vs_Control"
"O60828","PQBP1",-0.583,0.189751850270424,0.926,FALSE,"RNase_CTRL","C9ALS_vs_Control"
"P61026","RAB10",-1.04,0.191346203730003,0.926,FALSE,"RNase_CTRL","C9ALS_vs_Control"
"P46779","RPL28",0.273,0.184923945171946,0.926,FALSE,"RNase_CTRL","C9ALS_vs_Control"
"Q9UL18;Q9H9G7;Q9HCK5","AGO1",-0.48,0.199625069287156,0.927,FALSE,"RNase_CTRL","C9ALS_vs_Control"
"O14646","CHD1",-0.803,0.196024170333876,0.927,FALSE,"RNase_CTRL","C9ALS_vs_Control"
"P12277;P06732","CKB",0.226,0.200579034961908,0.927,FALSE,"RNase_CTRL","C9ALS_vs_Control"
"P29692","EEF1D",0.286,0.201788085297652,0.927,FALSE,"RNase_CTRL","C9ALS_vs_Control"
"P06733;P13929","ENO1",-0.307,0.198669141709816,0.927,FALSE,"RNase_CTRL","C9ALS_vs_Control"
"P48735","IDH2",0.297,0.200245325126298,0.927,FALSE,"RNase_CTRL","C9ALS_vs_Control"
"Q69YN4","KIAA1429",0.475,0.194139215612647,0.927,FALSE,"RNase_CTRL","C9ALS_vs_Control"
"O00151","PDLIM1",-0.422,0.20098326918594,0.927,FALSE,"RNase_CTRL","C9ALS_vs_Control"
"P46777","RPL5",-0.38,0.198580525416717,0.927,FALSE,"RNase_CTRL","C9ALS_vs_Control"
"O75083","WDR1",0.492,0.192354857258593,0.927,FALSE,"RNase_CTRL","C9ALS_vs_Control"
"Q08AN1;Q6ZN19","ZNF616",0.485,0.192655969021413,0.927,FALSE,"RNase_CTRL","C9ALS_vs_Control"
"Q96K58","ZNF668",0.297,0.193670275501102,0.927,FALSE,"RNase_CTRL","C9ALS_vs_Control"
"Q86WJ1","CHD1L",0.395,0.203598709072707,0.928,FALSE,"RNase_CTRL","C9ALS_vs_Control"
"Q9BRR8","GPATCH1",0.29,0.20958201921325,0.928,FALSE,"RNase_CTRL","C9ALS_vs_Control"
"Q13151","HNRNPA0",0.192,0.213525554502513,0.928,FALSE,"RNase_CTRL","C9ALS_vs_Control"
"Q5SSJ5","HP1BP3",-0.22,0.205854847126207,0.928,FALSE,"RNase_CTRL","C9ALS_vs_Control"
"P21741","MDK",-0.35,0.206095722830128,0.928,FALSE,"RNase_CTRL","C9ALS_vs_Control"
"Q86U86","PBRM1",-0.37,0.213920341201595,0.928,FALSE,"RNase_CTRL","C9ALS_vs_Control"
"P48651","PTDSS1",0.371,0.209792780758156,0.928,FALSE,"RNase_CTRL","C9ALS_vs_Control"
"O76021","RSL1D1",-0.259,0.203756878416414,0.928,FALSE,"RNase_CTRL","C9ALS_vs_Control"
"P62306","SNRPF",-0.523,0.204969005192503,0.928,FALSE,"RNase_CTRL","C9ALS_vs_Control"
"P07951","TPM2",0.452,0.212923203372381,0.928,FALSE,"RNase_CTRL","C9ALS_vs_Control"
"P55072","VCP",-0.338,0.21197084807574,0.928,FALSE,"RNase_CTRL","C9ALS_vs_Control"
"O14617","AP3D1",-0.197,0.220284632774052,0.929,FALSE,"RNase_CTRL","C9ALS_vs_Control"
"Q9UIF8","BAZ2B",0.336,0.219455305912407,0.929,FALSE,"RNase_CTRL","C9ALS_vs_Control"
"P41250","GARS",0.388,0.226735189790014,0.929,FALSE,"RNase_CTRL","C9ALS_vs_Control"
"Q1ED39","KNOP1",0.304,0.217107237702002,0.929,FALSE,"RNase_CTRL","C9ALS_vs_Control"
"P04264","KRT1",0.494,0.219496723901537,0.929,FALSE,"RNase_CTRL","C9ALS_vs_Control"
"P02545","LMNA",-0.265,0.215146205678014,0.929,FALSE,"RNase_CTRL","C9ALS_vs_Control"
"Q15366;P57721","PCBP2",0.785,0.223530054891556,0.929,FALSE,"RNase_CTRL","C9ALS_vs_Control"
"Q13427","PPIG",0.33,0.221092099927843,0.929,FALSE,"RNase_CTRL","C9ALS_vs_Control"
"Q8IXT5","RBM12B",-1.14,0.21622494503779,0.929,FALSE,"RNase_CTRL","C9ALS_vs_Control"
"Q9NQC3","RTN4",-0.576,0.226920296798507,0.929,FALSE,"RNase_CTRL","C9ALS_vs_Control"
"P0DN76;Q01081;Q8WU68","U2AF1",0.32,0.214902118604732,0.929,FALSE,"RNase_CTRL","C9ALS_vs_Control"
"P63104","YWHAZ",-0.238,0.215849097218097,0.929,FALSE,"RNase_CTRL","C9ALS_vs_Control"
"O95625","ZBTB11",0.215,0.219194863658313,0.929,FALSE,"RNase_CTRL","C9ALS_vs_Control"
"Q9BUT1","BDH2",-0.425,0.23003739825262,0.93,FALSE,"RNase_CTRL","C9ALS_vs_Control"
"Q14195;Q14117","DPYSL3",-0.418,0.238448197835794,0.93,FALSE,"RNase_CTRL","C9ALS_vs_Control"
"Q71UI9;P0C0S5","H2AFV",0.31,0.22893234524736,0.93,FALSE,"RNase_CTRL","C9ALS_vs_Control"
"Q9UM54","MYO6",0.273,0.238350376564558,0.93,FALSE,"RNase_CTRL","C9ALS_vs_Control"
"P55209","NAP1L1",-0.833,0.234156132538597,0.93,FALSE,"RNase_CTRL","C9ALS_vs_Control"
"Q14980","NUMA1",0.241,0.239249109771921,0.93,FALSE,"RNase_CTRL","C9ALS_vs_Control"
"P17858","PFKL",-0.311,0.233104119914797,0.93,FALSE,"RNase_CTRL","C9ALS_vs_Control"
"P20339","RAB5A",-0.309,0.230058390604053,0.93,FALSE,"RNase_CTRL","C9ALS_vs_Control"
"Q9NW13","RBM28",0.274,0.240653988499589,0.93,FALSE,"RNase_CTRL","C9ALS_vs_Control"
"Q9Y265","RUVBL1",0.29,0.228496819779468,0.93,FALSE,"RNase_CTRL","C9ALS_vs_Control"
"Q9H9J4","USP42",0.372,0.231491037377226,0.93,FALSE,"RNase_CTRL","C9ALS_vs_Control"
"P15924","DSP",-0.717,0.24473490809729,0.931,FALSE,"RNase_CTRL","C9ALS_vs_Control"
"Q5T749","KPRP",-0.506,0.253900494149035,0.931,FALSE,"RNase_CTRL","C9ALS_vs_Control"
"P62136","PPP1CA",-0.228,0.25450148205935,0.931,FALSE,"RNase_CTRL","C9ALS_vs_Control"
"O75475;Q9Y3E1","PSIP1",-0.427,0.250470039195586,0.931,FALSE,"RNase_CTRL","C9ALS_vs_Control"
"P61927","RPL37",0.437,0.248890879355729,0.931,FALSE,"RNase_CTRL","C9ALS_vs_Control"
"P62266","RPS23",0.24,0.252737496467326,0.931,FALSE,"RNase_CTRL","C9ALS_vs_Control"
"Q12872","SFSWAP",0.26,0.255164915323979,0.931,FALSE,"RNase_CTRL","C9ALS_vs_Control"
"Q92504","SLC39A7",0.309,0.246231831630905,0.931,FALSE,"RNase_CTRL","C9ALS_vs_Control"
"Q9UQ35","SRRM2",0.234,0.244572045362543,0.931,FALSE,"RNase_CTRL","C9ALS_vs_Control"
"P31948","STIP1",0.399,0.241885420329154,0.931,FALSE,"RNase_CTRL","C9ALS_vs_Control"
"P31946","YWHAB",0.223,0.246730601383259,0.931,FALSE,"RNase_CTRL","C9ALS_vs_Control"
"Q07065;Q96K21","CKAP4",-0.23,0.271264059757976,0.932,FALSE,"RNase_CTRL","C9ALS_vs_Control"
"Q8NFW8","CMAS",-0.287,0.257741902952779,0.932,FALSE,"RNase_CTRL","C9ALS_vs_Control"
"P62879;Q9HAV0","GNB2",-0.723,0.260133605323856,0.932,FALSE,"RNase_CTRL","C9ALS_vs_Control"
"P0DMV9;P0DMV8","HSPA1B",0.223,0.259240111724896,0.932,FALSE,"RNase_CTRL","C9ALS_vs_Control"
"Q8TDZ2","MICAL1",-0.558,0.257841362567597,0.932,FALSE,"RNase_CTRL","C9ALS_vs_Control"
"Q9HCD5","NCOA5",-0.849,0.258917532544271,0.932,FALSE,"RNase_CTRL","C9ALS_vs_Control"
"Q14690","PDCD11",0.243,0.262640029724868,0.932,FALSE,"RNase_CTRL","C9ALS_vs_Control"
"Q7Z6E9","RBBP6",0.304,0.266288421452356,0.932,FALSE,"RNase_CTRL","C9ALS_vs_Control"
"P12236","SLC25A6",-0.93,0.256916844728492,0.932,FALSE,"RNase_CTRL","C9ALS_vs_Control"
"Q5TF21","SOGA3",0.215,0.262742733186518,0.932,FALSE,"RNase_CTRL","C9ALS_vs_Control"
"Q13242","SRSF9",0.386,0.268220506423186,0.932,FALSE,"RNase_CTRL","C9ALS_vs_Control"
"Q9UIK5","TMEFF2",-0.493,0.256558893508725,0.932,FALSE,"RNase_CTRL","C9ALS_vs_Control"
"Q9Y2I8","WDR37",0.22,0.258466852806068,0.932,FALSE,"RNase_CTRL","C9ALS_vs_Control"
"Q5SQI0","ATAT1",0.198,0.275931349411853,0.933,FALSE,"RNase_CTRL","C9ALS_vs_Control"
"O75531","BANF1",0.637,0.287044570316366,0.933,FALSE,"RNase_CTRL","C9ALS_vs_Control"
"P49759","CLK1",0.337,0.278212661959172,0.933,FALSE,"RNase_CTRL","C9ALS_vs_Control"
"P56192","MARS",-0.354,0.277440198272241,0.933,FALSE,"RNase_CTRL","C9ALS_vs_Control"
"O43809","NUDT21",0.421,0.282338724889457,0.933,FALSE,"RNase_CTRL","C9ALS_vs_Control"
"Q9Y678","COPG1",-0.379,0.301024644400151,0.934,FALSE,"RNase_CTRL","C9ALS_vs_Control"
"Q9GZR7","DDX24",0.294,0.293051620398311,0.934,FALSE,"RNase_CTRL","C9ALS_vs_Control"
"Q14204","DYNC1H1",0.252,0.293599475921378,0.934,FALSE,"RNase_CTRL","C9ALS_vs_Control"
"Q14331","FRG1",-0.31,0.300780435036365,0.934,FALSE,"RNase_CTRL","C9ALS_vs_Control"
"P62873","GNB1",0.318,0.30251065412411,0.934,FALSE,"RNase_CTRL","C9ALS_vs_Control"
"P08238;Q58FF7;Q58FF6","HSP90AB1",-0.229,0.299752179717326,0.934,FALSE,"RNase_CTRL","C9ALS_vs_Control"
"O43719","HTATSF1",0.281,0.296514905373705,0.934,FALSE,"RNase_CTRL","C9ALS_vs_Control"
"Q6PKG0","LARP1",-0.547,0.290837595295417,0.934,FALSE,"RNase_CTRL","C9ALS_vs_Control"
"Q14676","MDC1",-0.235,0.294856714431455,0.934,FALSE,"RNase_CTRL","C9ALS_vs_Control"
"P17980","PSMC3",-0.269,0.29315063010171,0.934,FALSE,"RNase_CTRL","C9ALS_vs_Control"
"P62263","RPS14",-0.258,0.300724701788652,0.934,FALSE,"RNase_CTRL","C9ALS_vs_Control"
"O43159","RRP8",0.194,0.301154888561151,0.934,FALSE,"RNase_CTRL","C9ALS_vs_Control"
"P21675;Q8IZX4","TAF1",0.268,0.303506438478668,0.934,FALSE,"RNase_CTRL","C9ALS_vs_Control"
"Q99426","TBCB",-0.788,0.298129225978396,0.934,FALSE,"RNase_CTRL","C9ALS_vs_Control"
"P17026","ZNF22",-0.191,0.299632260000796,0.934,FALSE,"RNase_CTRL","C9ALS_vs_Control"
"Q86VP6;O75155","CAND1",0.284,0.319377425160547,0.935,FALSE,"RNase_CTRL","C9ALS_vs_Control"
"P27824","CANX",-0.318,0.316456430981609,0.935,FALSE,"RNase_CTRL","C9ALS_vs_Control"
"P83916","CBX1",-0.255,0.322053206037003,0.935,FALSE,"RNase_CTRL","C9ALS_vs_Control"
"P22087","FBL",-0.205,0.311083182807363,0.935,FALSE,"RNase_CTRL","C9ALS_vs_Control"
"Q9NZM4","GLTSCR1",0.29,0.313364939591966,0.935,FALSE,"RNase_CTRL","C9ALS_vs_Control"
"A0JLT2","MED19",0.286,0.308778088972243,0.935,FALSE,"RNase_CTRL","C9ALS_vs_Control"
"P22234","PAICS",-0.626,0.312713546385086,0.935,FALSE,"RNase_CTRL","C9ALS_vs_Control"
"P52209","PGD",-0.296,0.315616405216018,0.935,FALSE,"RNase_CTRL","C9ALS_vs_Control"
"P20340;Q53S08","RAB6A",0.335,0.310607389887319,0.935,FALSE,"RNase_CTRL","C9ALS_vs_Control"
"Q96GM5;Q6STE5","SMARCD1",0.261,0.306631593434995,0.935,FALSE,"RNase_CTRL","C9ALS_vs_Control"
"O75494","SRSF10",0.297,0.311895797905464,0.935,FALSE,"RNase_CTRL","C9ALS_vs_Control"
"O14949","UQCRQ",0.432,0.318951342709208,0.935,FALSE,"RNase_CTRL","C9ALS_vs_Control"
"Q96ME7","ZNF512",-0.221,0.322168439225409,0.935,FALSE,"RNase_CTRL","C9ALS_vs_Control"
"O43633","CHMP2A",-0.286,0.345692241306672,0.936,FALSE,"RNase_CTRL","C9ALS_vs_Control"
"A6NHQ2","FBLL1",-0.344,0.343949159519851,0.936,FALSE,"RNase_CTRL","C9ALS_vs_Control"
"P49841","GSK3B",0.208,0.340074794564124,0.936,FALSE,"RNase_CTRL","C9ALS_vs_Control"
"P07305","H1F0",-0.3,0.340521105156951,0.936,FALSE,"RNase_CTRL","C9ALS_vs_Control"
"P22626","HNRNPA2B1",-0.195,0.343140257798264,0.936,FALSE,"RNase_CTRL","C9ALS_vs_Control"
"Q6VY07","PACS1",-0.2,0.340736212208195,0.936,FALSE,"RNase_CTRL","C9ALS_vs_Control"
"O75381","PEX14",-0.251,0.329981696396348,0.936,FALSE,"RNase_CTRL","C9ALS_vs_Control"
"Q2PPJ7","RALGAPA2",-0.263,0.333456271390557,0.936,FALSE,"RNase_CTRL","C9ALS_vs_Control"
"P62318","SNRPD3",-0.214,0.330550441438703,0.936,FALSE,"RNase_CTRL","C9ALS_vs_Control"
"Q9ULK5","VANGL2",0.192,0.327112344989385,0.936,FALSE,"RNase_CTRL","C9ALS_vs_Control"
"Q9Y2V2","CARHSP1",-0.248,0.352229854534101,0.937,FALSE,"RNase_CTRL","C9ALS_vs_Control"
"Q14194","CRMP1",-0.251,0.362681302516373,0.937,FALSE,"RNase_CTRL","C9ALS_vs_Control"
"P48730","CSNK1D",-0.392,0.365227446127758,0.937,FALSE,"RNase_CTRL","C9ALS_vs_Control"
"Q92769","HDAC2",0.181,0.3685131605929,0.937,FALSE,"RNase_CTRL","C9ALS_vs_Control"
"Q9NZI8;REV__Q15833","IGF2BP1",0.164,0.34712950838843,0.937,FALSE,"RNase_CTRL","C9ALS_vs_Control"
"Q92945","KHSRP",-0.162,0.364205343524012,0.937,FALSE,"RNase_CTRL","C9ALS_vs_Control"
"P07195","LDHB",-0.747,0.365286928940637,0.937,FALSE,"RNase_CTRL","C9ALS_vs_Control"
"Q96A72","MAGOHB",0.577,0.363229975513365,0.937,FALSE,"RNase_CTRL","C9ALS_vs_Control"
"O94832","MYO1D",0.321,0.355973460011736,0.937,FALSE,"RNase_CTRL","C9ALS_vs_Control"
"P39023;Q92901","RPL3",0.147,0.352635728353619,0.937,FALSE,"RNase_CTRL","C9ALS_vs_Control"
"P32969","RPL9",-0.155,0.361227451283859,0.937,FALSE,"RNase_CTRL","C9ALS_vs_Control"
"P26368","U2AF2",0.432,0.366594640172919,0.937,FALSE,"RNase_CTRL","C9ALS_vs_Control"
"Q9BQA1","WDR77",-0.743,0.34999348356999,0.937,FALSE,"RNase_CTRL","C9ALS_vs_Control"
"Q6UXN9","WDR82",-0.178,0.352952400060362,0.937,FALSE,"RNase_CTRL","C9ALS_vs_Control"
"O96028","WHSC1",-0.32,0.353416549624431,0.937,FALSE,"RNase_CTRL","C9ALS_vs_Control"
"Q8NB50;Q96NL3;Q9H963;Q8N782;Q8NCK3;Q9Y5A6;Q6ZN06;A6NDX5;Q86XN6","ZFP62",0.259,0.358131411847814,0.937,FALSE,"RNase_CTRL","C9ALS_vs_Control"
"P38117","ETFB",-0.188,0.371857890468658,0.938,FALSE,"RNase_CTRL","C9ALS_vs_Control"
"Q12905","ILF2",0.186,0.385300863643596,0.938,FALSE,"RNase_CTRL","C9ALS_vs_Control"
"Q12756","KIF1A",0.247,0.372452911632345,0.938,FALSE,"RNase_CTRL","C9ALS_vs_Control"
"P11216;P11217;P06737","PYGB",-0.978,0.381940232318884,0.938,FALSE,"RNase_CTRL","C9ALS_vs_Control"
"Q969Q0","RPL36AL",0.361,0.386443540388726,0.938,FALSE,"RNase_CTRL","C9ALS_vs_Control"
"P09936","UCHL1",-0.353,0.384572409605915,0.938,FALSE,"RNase_CTRL","C9ALS_vs_Control"
"Q9BR76;A9Z1Z3","CORO1B",-0.322,0.407633011248424,0.939,FALSE,"RNase_CTRL","C9ALS_vs_Control"
"O94905","ERLIN2",0.256,0.404099004538309,0.939,FALSE,"RNase_CTRL","C9ALS_vs_Control"
"P62805","HIST1H4A",0.312,0.400910655212006,0.939,FALSE,"RNase_CTRL","C9ALS_vs_Control"
"Q14103","HNRNPD",0.152,0.404677585320371,0.939,FALSE,"RNase_CTRL","C9ALS_vs_Control"
"Q6ZN17","LIN28B",-0.54,0.403569625949603,0.939,FALSE,"RNase_CTRL","C9ALS_vs_Control"
"P41219","PRPH",0.123,0.403291707893347,0.939,FALSE,"RNase_CTRL","C9ALS_vs_Control"
"P05141;Q9H0C2","SLC25A5",-0.176,0.400450998679671,0.939,FALSE,"RNase_CTRL","C9ALS_vs_Control"
"P51532","SMARCA4",0.193,0.417449588758158,0.939,FALSE,"RNase_CTRL","C9ALS_vs_Control"
"Q05519","SRSF11",0.197,0.406912381420761,0.939,FALSE,"RNase_CTRL","C9ALS_vs_Control"
"O96019","ACTL6A",-0.201,0.427271122624075,0.94,FALSE,"RNase_CTRL","C9ALS_vs_Control"
"O14647","CHD2",0.158,0.425503695852362,0.94,FALSE,"RNase_CTRL","C9ALS_vs_Control"
"P60842","EIF4A1",0.203,0.428458446789005,0.94,FALSE,"RNase_CTRL","C9ALS_vs_Control"
"P14923","JUP",-0.417,0.435195113603727,0.94,FALSE,"RNase_CTRL","C9ALS_vs_Control"
"P06748","NPM1",0.151,0.445597706054515,0.94,FALSE,"RNase_CTRL","C9ALS_vs_Control"
"P57740","NUP107",-0.17,0.419260197475593,0.94,FALSE,"RNase_CTRL","C9ALS_vs_Control"
"O75400","PRPF40A",0.212,0.446093380210664,0.94,FALSE,"RNase_CTRL","C9ALS_vs_Control"
"P62917","RPL8",0.125,0.42526551787919,0.94,FALSE,"RNase_CTRL","C9ALS_vs_Control"
"Q9P2E9;REV__Q9P2M7","RRBP1",-0.305,0.423622674623368,0.94,FALSE,"RNase_CTRL","C9ALS_vs_Control"
"P34741","SDC2",-0.391,0.421212109147218,0.94,FALSE,"RNase_CTRL","C9ALS_vs_Control"
"Q08170","SRSF4",0.266,0.431914835772091,0.94,FALSE,"RNase_CTRL","C9ALS_vs_Control"
"Q5VWG9","TAF3",-0.242,0.430929988632004,0.94,FALSE,"RNase_CTRL","C9ALS_vs_Control"
"P49848","TAF6",0.256,0.430838015948978,0.94,FALSE,"RNase_CTRL","C9ALS_vs_Control"
"Q13148","TARDBP",0.162,0.423841270821278,0.94,FALSE,"RNase_CTRL","C9ALS_vs_Control"
"P67809;Q9Y2T7","YBX1",-0.134,0.436571980527917,0.94,FALSE,"RNase_CTRL","C9ALS_vs_Control"
"Q5T200;Q9H1K0","ZC3H13",-0.253,0.42519927732099,0.94,FALSE,"RNase_CTRL","C9ALS_vs_Control"
"P49711","CTCF",-0.147,0.457312881080334,0.941,FALSE,"RNase_CTRL","C9ALS_vs_Control"
"P39656","DDOST",0.325,0.447438873412752,0.941,FALSE,"RNase_CTRL","C9ALS_vs_Control"
"P68104;Q5VTE0;Q05639","EEF1A1",0.161,0.450802295708933,0.941,FALSE,"RNase_CTRL","C9ALS_vs_Control"
"P52292","KPNA2",-0.129,0.450291593970269,0.941,FALSE,"RNase_CTRL","C9ALS_vs_Control"
"Q9BU76","MMTAG2",0.156,0.460204903053908,0.941,FALSE,"RNase_CTRL","C9ALS_vs_Control"
"O94776","MTA2",-0.151,0.453909237246047,0.941,FALSE,"RNase_CTRL","C9ALS_vs_Control"
"Q15102","PAFAH1B3",-0.441,0.449030577776372,0.941,FALSE,"RNase_CTRL","C9ALS_vs_Control"
"Q9BY77","POLDIP3",-0.131,0.455841854084766,0.941,FALSE,"RNase_CTRL","C9ALS_vs_Control"
"P61106","RAB14",-0.27,0.455313222747951,0.941,FALSE,"RNase_CTRL","C9ALS_vs_Control"
"Q9BWE0","REPIN1",-0.194,0.465110930896879,0.941,FALSE,"RNase_CTRL","C9ALS_vs_Control"
"P62829","RPL23",0.136,0.447582714153978,0.941,FALSE,"RNase_CTRL","C9ALS_vs_Control"
"P46782","RPS5",-0.155,0.46444711625035,0.941,FALSE,"RNase_CTRL","C9ALS_vs_Control"
"Q15542;O60303","TAF5",0.185,0.459780788470426,0.941,FALSE,"RNase_CTRL","C9ALS_vs_Control"
"P62995","TRA2B",0.305,0.450360145485838,0.941,FALSE,"RNase_CTRL","C9ALS_vs_Control"
"O75820","ZNF189",0.282,0.47649198470214,0.941,FALSE,"RNase_CTRL","C9ALS_vs_Control"
"Q75N03","CBLL1",0.169,0.505771082068478,0.942,FALSE,"RNase_CTRL","C9ALS_vs_Control"
"Q16555","DPYSL2",-0.202,0.493377519728612,0.942,FALSE,"RNase_CTRL","C9ALS_vs_Control"
"P13639","EEF2",0.155,0.476818496646578,0.942,FALSE,"RNase_CTRL","C9ALS_vs_Control"
"A0A075B6R9","IGKV2D-24",-0.253,0.495820204149011,0.942,FALSE,"RNase_CTRL","C9ALS_vs_Control"
"Q9NX58","LYAR",0.394,0.499241231996007,0.942,FALSE,"RNase_CTRL","C9ALS_vs_Control"
"P35579;REV__Q9UKV3;Q8N1T3;Q9Y2K3;Q6PIF6;Q13402","MYH9",0.272,0.504400180222116,0.942,FALSE,"RNase_CTRL","C9ALS_vs_Control"
"P11940;Q9H361;Q4VXU2","PABPC1",-0.256,0.494822499735055,0.942,FALSE,"RNase_CTRL","C9ALS_vs_Control"
"P61586","RHOA",-0.44,0.478162696887176,0.942,FALSE,"RNase_CTRL","C9ALS_vs_Control"
"P63173","RPL38",-0.223,0.483380612655114,0.942,FALSE,"RNase_CTRL","C9ALS_vs_Control"
"P62701","RPS4X",-0.124,0.482417838631128,0.942,FALSE,"RNase_CTRL","C9ALS_vs_Control"
"P31151;Q86SG5","S100A7",-0.445,0.482477770891316,0.942,FALSE,"RNase_CTRL","C9ALS_vs_Control"
"Q8NC51","SERBP1",-0.115,0.492020227495771,0.942,FALSE,"RNase_CTRL","C9ALS_vs_Control"
"Q9BWJ5","SF3B5",0.171,0.508485964232758,0.942,FALSE,"RNase_CTRL","C9ALS_vs_Control"
"Q92922;Q9UL12","SMARCC1",0.164,0.484104732206513,0.942,FALSE,"RNase_CTRL","C9ALS_vs_Control"
"Q8WVK2","SNRNP27",-0.231,0.486960803117627,0.942,FALSE,"RNase_CTRL","C9ALS_vs_Control"
"Q8IYB3","SRRM1",0.236,0.486727125051362,0.942,FALSE,"RNase_CTRL","C9ALS_vs_Control"
"Q969S3","ZNF622",-0.201,0.477565573984792,0.942,FALSE,"RNase_CTRL","C9ALS_vs_Control"
"P61158;Q9P1U1;Q9C0K3","ACTR3",-0.488,0.529140065452258,0.943,FALSE,"RNase_CTRL","C9ALS_vs_Control"
"P25705","ATP5A1",-0.0904,0.526538530677331,0.943,FALSE,"RNase_CTRL","C9ALS_vs_Control"
"P52907","CAPZA1",0.264,0.530179262429779,0.943,FALSE,"RNase_CTRL","C9ALS_vs_Control"
"Q9BXF3","CECR2",-0.386,0.523355453626385,0.943,FALSE,"RNase_CTRL","C9ALS_vs_Control"
"Q8IWX8","CHERP",-0.108,0.53462353708617,0.943,FALSE,"RNase_CTRL","C9ALS_vs_Control"
"O60832","DKC1",-0.108,0.541706832989844,0.943,FALSE,"RNase_CTRL","C9ALS_vs_Control"
"Q9UI10","EIF2B4",-0.145,0.512222021007541,0.943,FALSE,"RNase_CTRL","C9ALS_vs_Control"
"Q6AI39","GLTSCR1L",0.139,0.524643730542361,0.943,FALSE,"RNase_CTRL","C9ALS_vs_Control"
"P22061","PCMT1",0.181,0.519594114603104,0.943,FALSE,"RNase_CTRL","C9ALS_vs_Control"
"Q99623","PHB2",0.113,0.517055091669831,0.943,FALSE,"RNase_CTRL","C9ALS_vs_Control"
"Q3YEC7","RABL6",-0.118,0.531156713875155,0.943,FALSE,"RNase_CTRL","C9ALS_vs_Control"
"Q14684","RRP1B",0.135,0.509964134092181,0.943,FALSE,"RNase_CTRL","C9ALS_vs_Control"
"Q15050","RRS1",0.14,0.52764459737516,0.943,FALSE,"RNase_CTRL","C9ALS_vs_Control"
"Q9Y230","RUVBL2",-0.127,0.532151580009785,0.943,FALSE,"RNase_CTRL","C9ALS_vs_Control"
"Q13435","SF3B2",0.19,0.511531023518216,0.943,FALSE,"RNase_CTRL","C9ALS_vs_Control"
"Q15427","SF3B4",-0.185,0.52568056732937,0.943,FALSE,"RNase_CTRL","C9ALS_vs_Control"
"Q13595","TRA2A",0.211,0.527601392248961,0.943,FALSE,"RNase_CTRL","C9ALS_vs_Control"
"Q99536","VAT1",-0.311,0.526642278421547,0.943,FALSE,"RNase_CTRL","C9ALS_vs_Control"
"O94805","ACTL6B",-0.196,0.563613654016825,0.944,FALSE,"RNase_CTRL","C9ALS_vs_Control"
"Q8IV32","CCDC71",-0.162,0.572116720969613,0.944,FALSE,"RNase_CTRL","C9ALS_vs_Control"
"P53621","COPA",0.153,0.575052360962665,0.944,FALSE,"RNase_CTRL","C9ALS_vs_Control"
"P49674","CSNK1E",-0.174,0.561346490732144,0.944,FALSE,"RNase_CTRL","C9ALS_vs_Control"
"Q8WXX5","DNAJC9",0.204,0.548546059586238,0.944,FALSE,"RNase_CTRL","C9ALS_vs_Control"
"P33176","KIF5B",0.17,0.548243353359047,0.944,FALSE,"RNase_CTRL","C9ALS_vs_Control"
"P27816","MAP4",-0.183,0.552614058637795,0.944,FALSE,"RNase_CTRL","C9ALS_vs_Control"
"P52948","NUP98",0.196,0.550113328894077,0.944,FALSE,"RNase_CTRL","C9ALS_vs_Control"
"P78527","PRKDC",0.0829,0.563430307950072,0.944,FALSE,"RNase_CTRL","C9ALS_vs_Control"
"O94906","PRPF6",0.13,0.54354355974172,0.944,FALSE,"RNase_CTRL","C9ALS_vs_Control"
"P46776","RPL27A",0.112,0.579389365617715,0.944,FALSE,"RNase_CTRL","C9ALS_vs_Control"
"P42766","RPL35",0.155,0.553670517457754,0.944,FALSE,"RNase_CTRL","C9ALS_vs_Control"
"Q6PCB5","RSBN1L",-0.114,0.573506796917687,0.944,FALSE,"RNase_CTRL","C9ALS_vs_Control"
"Q96RF0","SNX18",0.205,0.553794799287677,0.944,FALSE,"RNase_CTRL","C9ALS_vs_Control"
"Q01082","SPTBN1",-0.206,0.543203357085783,0.944,FALSE,"RNase_CTRL","C9ALS_vs_Control"
"Q12962","TAF10",-0.127,0.570879712629639,0.944,FALSE,"RNase_CTRL","C9ALS_vs_Control"
"P00568","AK1",0.225,0.617778700967849,0.945,FALSE,"RNase_CTRL","C9ALS_vs_Control"
"P25311","AZGP1",0.118,0.582589456477112,0.945,FALSE,"RNase_CTRL","C9ALS_vs_Control"
"P21127;Q9UQ88;Q13882","CDK11B",-0.0778,0.587069578353395,0.945,FALSE,"RNase_CTRL","C9ALS_vs_Control"
"O00571;Q9NQI0","DDX3X",-0.0778,0.598048253498572,0.945,FALSE,"RNase_CTRL","C9ALS_vs_Control"
"P11171","EPB41",-0.102,0.606440599955813,0.945,FALSE,"RNase_CTRL","C9ALS_vs_Control"
"Q9H9Z2","LIN28A",-0.122,0.61509160595421,0.945,FALSE,"RNase_CTRL","C9ALS_vs_Control"
"Q14165","MLEC",0.265,0.615914229493755,0.945,FALSE,"RNase_CTRL","C9ALS_vs_Control"
"Q6WCQ1","MPRIP",0.145,0.598122034285403,0.945,FALSE,"RNase_CTRL","C9ALS_vs_Control"
"O75376","NCOR1",0.213,0.607940955305399,0.945,FALSE,"RNase_CTRL","C9ALS_vs_Control"
"Q15185","PTGES3",0.117,0.613270691359525,0.945,FALSE,"RNase_CTRL","C9ALS_vs_Control"
"Q16576","RBBP7",0.149,0.594991380298269,0.945,FALSE,"RNase_CTRL","C9ALS_vs_Control"
"Q96T37","RBM15",0.0817,0.583165167775889,0.945,FALSE,"RNase_CTRL","C9ALS_vs_Control"
"P61247","RPS3A",-0.0841,0.585812515368541,0.945,FALSE,"RNase_CTRL","C9ALS_vs_Control"
"P62753","RPS6",0.107,0.61893692292222,0.945,FALSE,"RNase_CTRL","C9ALS_vs_Control"
"O75643","SNRNP200",0.112,0.58929286770661,0.945,FALSE,"RNase_CTRL","C9ALS_vs_Control"
"Q9NUQ6","SPATS2L",-0.253,0.580424047365785,0.945,FALSE,"RNase_CTRL","C9ALS_vs_Control"
"P49411","TUFM",0.0855,0.588368357667465,0.945,FALSE,"RNase_CTRL","C9ALS_vs_Control"
"P06576","ATP5B",-0.068,0.649243354743782,0.946,FALSE,"RNase_CTRL","C9ALS_vs_Control"
"Q4VC05","BCL7A",0.158,0.628375378663349,0.946,FALSE,"RNase_CTRL","C9ALS_vs_Control"
"Q6ZUT1","C11orf57",-0.112,0.629820425654166,0.946,FALSE,"RNase_CTRL","C9ALS_vs_Control"
"Q13838","DDX39B",0.0885,0.655725317748518,0.946,FALSE,"RNase_CTRL","C9ALS_vs_Control"
"Q8TDD1","DDX54",0.0751,0.658210453148492,0.946,FALSE,"RNase_CTRL","C9ALS_vs_Control"
"P49327","FASN",0.141,0.630763196051281,0.946,FALSE,"RNase_CTRL","C9ALS_vs_Control"
"P51114","FXR1",-0.33,0.643205716121263,0.946,FALSE,"RNase_CTRL","C9ALS_vs_Control"
"P00338;Q6ZMR3;P07864","LDHA",-1.11,0.660320269437573,0.946,FALSE,"RNase_CTRL","C9ALS_vs_Control"
"P49006","MARCKSL1",-0.159,0.65315161311546,0.946,FALSE,"RNase_CTRL","C9ALS_vs_Control"
"P30153","PPP2R1A",0.209,0.649189164096962,0.946,FALSE,"RNase_CTRL","C9ALS_vs_Control"
"Q13029","PRDM2",0.184,0.649481240388638,0.946,FALSE,"RNase_CTRL","C9ALS_vs_Control"
"Q6GYQ0","RALGAPA1",0.0884,0.63556870143838,0.946,FALSE,"RNase_CTRL","C9ALS_vs_Control"
"P50454","SERPINH1",-0.089,0.638145914875116,0.946,FALSE,"RNase_CTRL","C9ALS_vs_Control"
"Q92925","SMARCD2",-0.191,0.634840564408126,0.946,FALSE,"RNase_CTRL","C9ALS_vs_Control"
"P06753","TPM3",0.103,0.631724496776234,0.946,FALSE,"RNase_CTRL","C9ALS_vs_Control"
"P61129","ZC3H6",0.124,0.619335055565056,0.946,FALSE,"RNase_CTRL","C9ALS_vs_Control"
"O00154;Q6ZUV0","ACOT7",-0.237,0.670493562160793,0.947,FALSE,"RNase_CTRL","C9ALS_vs_Control"
"Q9UIF9","BAZ2A",-0.126,0.691975096660899,0.947,FALSE,"RNase_CTRL","C9ALS_vs_Control"
"Q8N163","CCAR2",0.0792,0.662742917108537,0.947,FALSE,"RNase_CTRL","C9ALS_vs_Control"
"Q5SW79;Q96L14;Q00G26","CEP170",-0.121,0.674342771085183,0.947,FALSE,"RNase_CTRL","C9ALS_vs_Control"
"P19525","EIF2AK2",-0.0964,0.701575320618622,0.947,FALSE,"RNase_CTRL","C9ALS_vs_Control"
"P09651;Q32P51","HNRNPA1",0.0614,0.67056754052476,0.947,FALSE,"RNase_CTRL","C9ALS_vs_Control"
"Q3KQU3","MAP7D1",-0.0644,0.680713309564508,0.947,FALSE,"RNase_CTRL","C9ALS_vs_Control"
"P30414","NKTR",0.128,0.662758787390361,0.947,FALSE,"RNase_CTRL","C9ALS_vs_Control"
"Q9NPE3","NOP10",-0.0987,0.688411101784832,0.947,FALSE,"RNase_CTRL","C9ALS_vs_Control"
"P35232","PHB",0.0709,0.662240445210779,0.947,FALSE,"RNase_CTRL","C9ALS_vs_Control"
"O75151","PHF2",-0.122,0.699089795971077,0.947,FALSE,"RNase_CTRL","C9ALS_vs_Control"
"P55036","PSMD4",-0.142,0.693784687773491,0.947,FALSE,"RNase_CTRL","C9ALS_vs_Control"
"P98175","RBM10",0.339,0.665852106228909,0.947,FALSE,"RNase_CTRL","C9ALS_vs_Control"
"P27635;Q96L21","RPL10",0.0795,0.668822114348951,0.947,FALSE,"RNase_CTRL","C9ALS_vs_Control"
"P62913","RPL11",0.0662,0.671482321720883,0.947,FALSE,"RNase_CTRL","C9ALS_vs_Control"
"Q16594","TAF9",-0.125,0.664008768767152,0.947,FALSE,"RNase_CTRL","C9ALS_vs_Control"
"Q9UBB9","TFIP11",0.145,0.697284332104605,0.947,FALSE,"RNase_CTRL","C9ALS_vs_Control"
"O15042","U2SURP",-0.134,0.687543157627051,0.947,FALSE,"RNase_CTRL","C9ALS_vs_Control"
"P60709","ACTB",0.117,0.745631777359731,0.948,FALSE,"RNase_CTRL","C9ALS_vs_Control"
"P29762","CRABP1",-0.111,0.750222527285889,0.948,FALSE,"RNase_CTRL","C9ALS_vs_Control"
"O14531","DPYSL4",-0.178,0.713991332655479,0.948,FALSE,"RNase_CTRL","C9ALS_vs_Control"
"O43491","EPB41L2",-0.0769,0.725730715003219,0.948,FALSE,"RNase_CTRL","C9ALS_vs_Control"
"Q9Y285","FARSA",-0.0683,0.753620016780769,0.948,FALSE,"RNase_CTRL","C9ALS_vs_Control"
"Q99733","NAP1L4",-0.0872,0.747413760799473,0.948,FALSE,"RNase_CTRL","C9ALS_vs_Control"
"P55769","NHP2L1",0.0674,0.741411069525229,0.948,FALSE,"RNase_CTRL","C9ALS_vs_Control"
"P46459","NSF",-0.113,0.714828911938213,0.948,FALSE,"RNase_CTRL","C9ALS_vs_Control"
"Q9P1Y6","PHRF1",0.0533,0.752091704409684,0.948,FALSE,"RNase_CTRL","C9ALS_vs_Control"
"Q96IZ7","RSRC1",0.104,0.737297379241302,0.948,FALSE,"RNase_CTRL","C9ALS_vs_Control"
"P27348","YWHAQ",0.0751,0.744484550616971,0.948,FALSE,"RNase_CTRL","C9ALS_vs_Control"
"Q9UKV3","ACIN1",-0.0677,0.785178684079534,0.949,FALSE,"RNase_CTRL","C9ALS_vs_Control"
"P53396","ACLY",-0.0741,0.769533754997204,0.949,FALSE,"RNase_CTRL","C9ALS_vs_Control"
"P36542","ATP5C1",0.0554,0.791684342031368,0.949,FALSE,"RNase_CTRL","C9ALS_vs_Control"
"Q9BRD0","BUD13",0.0796,0.801910369029997,0.949,FALSE,"RNase_CTRL","C9ALS_vs_Control"
"P55060","CSE1L",-0.662,0.797110419618433,0.949,FALSE,"RNase_CTRL","C9ALS_vs_Control"
"P14868","DARS",0.0761,0.783419928553757,0.949,FALSE,"RNase_CTRL","C9ALS_vs_Control"
"Q9BPU6","DPYSL5",0.0508,0.787693809095165,0.949,FALSE,"RNase_CTRL","C9ALS_vs_Control"
"Q14152","EIF3A",-0.0534,0.777139346575041,0.949,FALSE,"RNase_CTRL","C9ALS_vs_Control"
"P35908","KRT2",0.0927,0.775550286417515,0.949,FALSE,"RNase_CTRL","C9ALS_vs_Control"
"Q9H6W3","NO66",0.046,0.792195722617484,0.949,FALSE,"RNase_CTRL","C9ALS_vs_Control"
"Q8IZL8","PELP1",0.0885,0.783357082309465,0.949,FALSE,"RNase_CTRL","C9ALS_vs_Control"
"P18669;P15259;Q8N0Y7","PGAM1",-0.0831,0.758066862155203,0.949,FALSE,"RNase_CTRL","C9ALS_vs_Control"
"Q8WUB8","PHF10",0.121,0.792764691783037,0.949,FALSE,"RNase_CTRL","C9ALS_vs_Control"
"P62826","RAN",0.046,0.77338466262998,0.949,FALSE,"RNase_CTRL","C9ALS_vs_Control"
"P49756","RBM25",0.0743,0.798536036521118,0.949,FALSE,"RNase_CTRL","C9ALS_vs_Control"
"P42677","RPS27",-0.0566,0.757889286140366,0.949,FALSE,"RNase_CTRL","C9ALS_vs_Control"
"P62857","RPS28",-0.0664,0.755160342437285,0.949,FALSE,"RNase_CTRL","C9ALS_vs_Control"
"P63162;P14678","SNRPN",0.0508,0.769525742003955,0.949,FALSE,"RNase_CTRL","C9ALS_vs_Control"
"P16949;Q9H169;REV__P36956;Q9NZ72","STMN1",0.104,0.774432395501367,0.949,FALSE,"RNase_CTRL","C9ALS_vs_Control"
"P67936;Q2TAC2","TPM4",-0.0732,0.764137360745393,0.949,FALSE,"RNase_CTRL","C9ALS_vs_Control"
"Q92572","AP3S1",0.027,0.857788326950365,0.95,FALSE,"RNase_CTRL","C9ALS_vs_Control"
"Q9NY93","DDX56",0.0277,0.852634734958593,0.95,FALSE,"RNase_CTRL","C9ALS_vs_Control"
"P38919","EIF4A3",-0.0332,0.855666296395639,0.95,FALSE,"RNase_CTRL","C9ALS_vs_Control"
"P84090","ERH",-0.0318,0.84341411265511,0.95,FALSE,"RNase_CTRL","C9ALS_vs_Control"
"Q8N158","GPC2",-0.0406,0.838579986902066,0.95,FALSE,"RNase_CTRL","C9ALS_vs_Control"
"P33778","HIST1H2BB",-0.0705,0.812035041034548,0.95,FALSE,"RNase_CTRL","C9ALS_vs_Control"
"P51991","HNRNPA3",0.0347,0.807544530305382,0.95,FALSE,"RNase_CTRL","C9ALS_vs_Control"
"Q99729","HNRNPAB",-0.051,0.829982806471068,0.95,FALSE,"RNase_CTRL","C9ALS_vs_Control"
"O43390","HNRNPR",-0.0465,0.832532884782181,0.95,FALSE,"RNase_CTRL","C9ALS_vs_Control"
"O00505","KPNA3",0.151,0.830326185393417,0.95,FALSE,"RNase_CTRL","C9ALS_vs_Control"
"Q9NX24","NHP2",0.0482,0.827069688911151,0.95,FALSE,"RNase_CTRL","C9ALS_vs_Control"
"Q13310","PABPC4",-0.152,0.81206502670468,0.95,FALSE,"RNase_CTRL","C9ALS_vs_Control"
"Q9NTI5","PDS5B",0.0442,0.822372574782424,0.95,FALSE,"RNase_CTRL","C9ALS_vs_Control"
"Q96HS1","PGAM5",0.0402,0.805756258924569,0.95,FALSE,"RNase_CTRL","C9ALS_vs_Control"
"P43686","PSMC4",0.0867,0.83832371628963,0.95,FALSE,"RNase_CTRL","C9ALS_vs_Control"
"Q9NP72","RAB18",0.0626,0.857028326295526,0.95,FALSE,"RNase_CTRL","C9ALS_vs_Control"
"Q9H0U4;Q92928","RAB1B",-0.0376,0.851636984117261,0.95,FALSE,"RNase_CTRL","C9ALS_vs_Control"
"Q7Z5J4","RAI1",-0.0526,0.831739452304782,0.95,FALSE,"RNase_CTRL","C9ALS_vs_Control"
"P09455","RBP1",0.0693,0.816520428637243,0.95,FALSE,"RNase_CTRL","C9ALS_vs_Control"
"P26373","RPL13",0.0408,0.819855633097242,0.95,FALSE,"RNase_CTRL","C9ALS_vs_Control"
"P15880","RPS2",0.0442,0.833895130447178,0.95,FALSE,"RNase_CTRL","C9ALS_vs_Control"
"O75533","SF3B1",-0.0421,0.844101116227452,0.95,FALSE,"RNase_CTRL","C9ALS_vs_Control"
"O95391","SLU7",0.0913,0.816709507882317,0.95,FALSE,"RNase_CTRL","C9ALS_vs_Control"
"Q6P1X5","TAF2",-0.199,0.831039824940005,0.95,FALSE,"RNase_CTRL","C9ALS_vs_Control"
"Q7Z7C8","TAF8",-0.0771,0.816858188028811,0.95,FALSE,"RNase_CTRL","C9ALS_vs_Control"
"P17987","TCP1",-0.0352,0.829201905035654,0.95,FALSE,"RNase_CTRL","C9ALS_vs_Control"
"Q8TDN6","BRIX1",0.0397,0.867985388109442,0.951,FALSE,"RNase_CTRL","C9ALS_vs_Control"
"P23528","CFL1",0.0403,0.887308645432945,0.951,FALSE,"RNase_CTRL","C9ALS_vs_Control"
"Q14011","CIRBP",-0.0297,0.909180610168831,0.951,FALSE,"RNase_CTRL","C9ALS_vs_Control"
"Q9HCG8","CWC22",0.04,0.884490475400147,0.951,FALSE,"RNase_CTRL","C9ALS_vs_Control"
"Q9UPY3","DICER1",-0.0407,0.872390537596441,0.951,FALSE,"RNase_CTRL","C9ALS_vs_Control"
"P60981","DSTN",0.0383,0.880752633098251,0.951,FALSE,"RNase_CTRL","C9ALS_vs_Control"
"P26641","EEF1G",-0.0379,0.874325791249108,0.951,FALSE,"RNase_CTRL","C9ALS_vs_Control"
"Q13045","FLII",-0.0427,0.907383874997859,0.951,FALSE,"RNase_CTRL","C9ALS_vs_Control"
"Q16658","FSCN1",0.0457,0.877806105162393,0.951,FALSE,"RNase_CTRL","C9ALS_vs_Control"
"P61978","HNRNPK",-0.0235,0.882059178568334,0.951,FALSE,"RNase_CTRL","C9ALS_vs_Control"
"P55081;Q00653","MFAP1",0.0522,0.86390614821205,0.951,FALSE,"RNase_CTRL","C9ALS_vs_Control"
"Q9UMY1","NOL7",-0.0403,0.913383449378282,0.951,FALSE,"RNase_CTRL","C9ALS_vs_Control"
"P62191","PSMC1",0.036,0.888459351118709,0.951,FALSE,"RNase_CTRL","C9ALS_vs_Control"
"Q8TA86","RP9",-0.0408,0.884364122035364,0.951,FALSE,"RNase_CTRL","C9ALS_vs_Control"
"P05388;Q8NHW5","RPLP0",0.0387,0.875557215635036,0.951,FALSE,"RNase_CTRL","C9ALS_vs_Control"
"Q9UHR5","SAP30BP",0.0341,0.871978480814669,0.951,FALSE,"RNase_CTRL","C9ALS_vs_Control"
"P42285","SKIV2L2",-0.0432,0.875533938631475,0.951,FALSE,"RNase_CTRL","C9ALS_vs_Control"
"Q8TAD8","SNIP1",-0.0327,0.906928426986592,0.951,FALSE,"RNase_CTRL","C9ALS_vs_Control"
"Q13247","SRSF6",-0.0299,0.909765408958091,0.951,FALSE,"RNase_CTRL","C9ALS_vs_Control"
"Q8IX01","SUGP2",0.0361,0.872804794977337,0.951,FALSE,"RNase_CTRL","C9ALS_vs_Control"
"P09493","TPM1",-0.0662,0.866184233233979,0.951,FALSE,"RNase_CTRL","C9ALS_vs_Control"
"P61981","YWHAG",0.0333,0.85798476009808,0.951,FALSE,"RNase_CTRL","C9ALS_vs_Control"
"Q9H5H4;Q96SL8","ZNF768",0.0471,0.863465309980162,0.951,FALSE,"RNase_CTRL","C9ALS_vs_Control"
"P61160","ACTR2",0.0496,0.950526977362895,0.952,FALSE,"RNase_CTRL","C9ALS_vs_Control"
"P59998","ARPC4",-0.0587,0.919930285017243,0.952,FALSE,"RNase_CTRL","C9ALS_vs_Control"
"Q2TBE0","CWF19L2",-0.00898,0.959082126102136,0.952,FALSE,"RNase_CTRL","C9ALS_vs_Control"
"Q9NR30","DDX21",-0.0284,0.918937155362227,0.952,FALSE,"RNase_CTRL","C9ALS_vs_Control"
"P31689","DNAJA1",0.0237,0.916731963582507,0.952,FALSE,"RNase_CTRL","C9ALS_vs_Control"
"P04899","GNAI2",0.00839,0.969153584721195,0.952,FALSE,"RNase_CTRL","C9ALS_vs_Control"
"Q93077;Q7L7L0;P04908","HIST1H2AC",-0.0138,0.957687757377818,0.952,FALSE,"RNase_CTRL","C9ALS_vs_Control"
"Q99879","HIST1H2BM",-0.0184,0.918425322919002,0.952,FALSE,"RNase_CTRL","C9ALS_vs_Control"
"P14866","HNRNPL",0.0202,0.934390040183503,0.952,FALSE,"RNase_CTRL","C9ALS_vs_Control"
"Q9Y4L1","HYOU1",-0.0102,0.95172846344108,0.952,FALSE,"RNase_CTRL","C9ALS_vs_Control"
"P12268;P20839","IMPDH2",-0.0194,0.935326830419945,0.952,FALSE,"RNase_CTRL","C9ALS_vs_Control"
"Q9NQ29","LUC7L",-0.0172,0.933616214426735,0.952,FALSE,"RNase_CTRL","C9ALS_vs_Control"
"P46821","MAP1B",0.0211,0.924758672829379,0.952,FALSE,"RNase_CTRL","C9ALS_vs_Control"
"Q9Y5B6","PAXBP1",0.0324,0.926977047933561,0.952,FALSE,"RNase_CTRL","C9ALS_vs_Control"
"P30044","PRDX5",0.0366,0.924069896028084,0.952,FALSE,"RNase_CTRL","C9ALS_vs_Control"
"P35268","RPL22",-0.00999,0.961203648325097,0.952,FALSE,"RNase_CTRL","C9ALS_vs_Control"
"Q01105;P0DME0","SET",-0.0656,0.928927018192281,0.952,FALSE,"RNase_CTRL","C9ALS_vs_Control"
"O00268;Q92750","TAF4",-0.0117,0.96504865931869,0.952,FALSE,"RNase_CTRL","C9ALS_vs_Control"
"P42166","TMPO",-0.0105,0.94965455325234,0.952,FALSE,"RNase_CTRL","C9ALS_vs_Control"
"O60701","UGDH",-0.033,0.953476994412515,0.952,FALSE,"RNase_CTRL","C9ALS_vs_Control"
"P26640","VARS",0.0211,0.935904134182722,0.952,FALSE,"RNase_CTRL","C9ALS_vs_Control"
"Q9Y4B6","VPRBP",-0.00853,0.967130066824617,0.952,FALSE,"RNase_CTRL","C9ALS_vs_Control"
"Q5VZL5","ZMYM4",0.00908,0.968908352209251,0.952,FALSE,"RNase_CTRL","C9ALS_vs_Control"
"Q9NY12","GAR1",-0.00346,0.988228428871677,0.953,FALSE,"RNase_CTRL","C9ALS_vs_Control"
"Q7RTV0","PHF5A",-0.00359,0.986887240241163,0.953,FALSE,"RNase_CTRL","C9ALS_vs_Control"
"O43175","PHGDH",0.000317,0.998901081582753,0.953,FALSE,"RNase_CTRL","C9ALS_vs_Control"
"P46778","RPL21",0.00474,0.976836811607044,0.953,FALSE,"RNase_CTRL","C9ALS_vs_Control"
"P62750","RPL23A",-0.00351,0.983660676998412,0.953,FALSE,"RNase_CTRL","C9ALS_vs_Control"
"P04843","RPN1",0.00498,0.982699278581319,0.953,FALSE,"RNase_CTRL","C9ALS_vs_Control"
"P45880","VDAC2",0.00501,0.980698223769516,0.953,FALSE,"RNase_CTRL","C9ALS_vs_Control"
"Q9UPT8","ZC3H4",-0.00212,0.988568097213583,0.953,FALSE,"RNase_CTRL","C9ALS_vs_Control"
"Q5HYK9;Q8NA42","ZNF667",0.0222,0.980365033902451,0.953,FALSE,"RNase_CTRL","C9ALS_vs_Control"
