Gene_Symbol,mRNA_logFC,mRNA_adjPval
UBE3A,6.44492906652745,1.87636823872509e-06
PKP1,-5.13855097048739,4.04710639610314e-05
SELL,5.66920675609016,8.43749195600042e-05
ARHGAP25,5.96996358313869,0.0011037443174163
FURIN,5.10033064562031,0.0011037443174163
SLC12A3,-2.9450109379783,0.0011622209492791
CHRNA4,4.54601593899987,0.0014944184871867
ITGB2,6.72341855022847,0.0016173783283579
MEP1A,-4.42089932398977,0.0019734572565824
BAK1,5.00481240793309,0.0022309060459098
ELN,5.21641898414054,0.0065390076272679
BMPR1A,3.6670779521392,0.0071258845275856
KRT33B,-2.93434854525028,0.0137375435777728
RARRES2,2.12260891911827,0.0180095660249265
GDF10,4.62331387370186,0.0201333445232229
LGMN,5.71122126777379,0.0201333445232229
NUCB2,3.52142802207152,0.0219680172110147
ALK,-6.39582579227742,0.0219680172110147
PTX3,4.00984625688553,0.023650889019893
PRKCD,5.56996313556755,0.0282466358482436
SERPINA3,2.25660148691568,0.0331955810277442
FABP6,-3.88272136894178,0.0341706909666646
PDLIM4,5.51215316816301,0.0382038101129042
COL9A2,-0.913128718962735,0.0422047819618877
CDH1,-1.658289640362,0.0422047819618877
IL13RA1,3.67384471709863,0.0422047819618877
CHIC1,-1.81316547211199,0.0422047819618877
ABCE1,3.38848139737565,0.0439340057138117
EMP3,3.31960929681396,0.0476614473752767
CAPG,6.52538304860383,0.0504197661615813
TNXB,-4.27834314597561,0.0543548167848929
NME4,5.25272344119857,0.0571704442447983
FHL3,-1.81991808064096,0.0605079562393519
PPFIA1,-2.66699817336251,0.0629271560703625
CBX5,-1.03895781276032,0.063959428059479
FOLR1,-4.66393033747588,0.0744274521724848
PCYT1A,2.4039988464184,0.0744274521724848
SEC24C,4.88382091171715,0.0744274521724848
PGAM2,5.25394281217525,0.0744274521724848
DTNA,2.2621951014245,0.0744274521724848
CCDC85B,-1.39588631901725,0.0817613273888414
PRKCSH,5.82148427486178,0.0817613273888414
TAF13,2.94224849060435,0.0886155155499571
RHOC,0.927427919185304,0.0886155155499571
PLSCR1,4.78477002507026,0.0886222888094416
SRM,-5.44201870925463,0.0886222888094416
ACTN1,5.9952632472874,0.0886222888094416
CYBA,5.78357210955394,0.0982614571878181
HTR2B,-3.51730435591838,0.0982614571878181
BMPR2,-1.91514885206344,0.0982614571878181
ADCY2,5.47980848941453,0.0982614571878181
PLP1,-1.86389119754282,0.0982614571878181
TF,-1.61445575633646,0.0982614571878181
DARS,1.49579308581506,0.0982614571878181
ZNF267,4.28440487127059,0.0982614571878181
PPARD,-4.34211993751341,0.0982614571878181
DPEP1,4.49840751069646,0.0982614571878181
SPP2,-4.31070123038193,0.0995360951989818
TNC,3.99103299770259,0.101279641549758
ARHGDIB,1.17136945006913,0.106591892417512
MAPK6,-1.34695823538175,0.106591892417512
DRD4,4.88974103663998,0.106591892417512
GYS1,5.06597579555693,0.106591892417512
CALCOCO2,-1.10455822039595,0.106591892417512
CD14,6.13252113517927,0.106591892417512
CARTPT,-0.939825572523546,0.106591892417512
CHI3L1,4.37523110169277,0.106591892417512
DPYSL2,-0.889539564362535,0.106591892417512
MT1E,1.20655154414422,0.106591892417512
GNB2,4.04736086958014,0.106591892417512
HLA-DMA,4.83120903248175,0.108078262531792
CHI3L2,2.5836049518062,0.1103746504413
CFDP1,4.77885329827126,0.115412202646535
CFI,3.31793742506752,0.116101022883705
DDT,-0.924372938807966,0.116932554550053
RASA2,3.31556235446673,0.117193455416713
APOC3,-1.55153411546749,0.117193455416713
COX7C,-0.821444408402796,0.117193455416713
CYP3A4,-3.76113146752061,0.119470096771897
SUPT6H,2.57666863079511,0.122308439114964
GTPBP1,-4.34152997523414,0.122308439114964
TACR3,-1.31791642867774,0.122308439114964
C4BPA,-2.0136974572978,0.122308439114964
COL16A1,-1.19156216166094,0.122308439114964
IFNA6,4.33901375354128,0.122308439114964
DOCK2,4.38931078385526,0.122308439114964
GLRA1,-3.13092233397722,0.122331757641277
RNASE1,-3.04362532450432,0.123047776904644
IFI30,5.02964059386568,0.123047776904644
NID1,3.05154242589745,0.125298735637239
ANK3,-1.40269499851892,0.125839963648488
GSE1,-2.42236063574876,0.128315568394001
ITPR2,3.42343204590616,0.128315568394001
SIRPA,3.47126724554973,0.128315568394001
GPNMB,2.72507208086529,0.128315568394001
AQP1,1.36822151487082,0.128315568394001
ATP5F1,4.1431154690522,0.130438921284272
PRG4,-2.79136814395808,0.130438921284272
MBP,-1.57664376186415,0.130795472289988
EIF3F,1.33808288773256,0.130795472289988
KLF3,2.69614695908638,0.137245984057856
VAMP1,-4.37520048330525,0.137245984057856
LPAR4,-1.87731890277251,0.137429052630631
P2RY6,-3.81997684133414,0.138143544253178
RAB35,-2.31716731677818,0.138839955135617
GK,2.65098383484756,0.141415340745528
GPKOW,3.09261470898308,0.15139781499083
SECTM1,4.71359055541532,0.15139781499083
AZGP1,3.51042263266338,0.15139781499083
TSPO,3.83747629918148,0.15139781499083
C2,4.7883439761746,0.15139781499083
DDX6,-3.20531118036398,0.15139781499083
CEP57,3.87068350303659,0.153680254590318
SRP19,4.90742313168544,0.153680254590318
LGALS3,1.84524280703844,0.162006584631431
PDE6H,-3.75998760044968,0.162006584631431
RPS19,0.881527394015796,0.162006584631431
CPM,3.320548535518,0.162906545536409
LHFPL2,3.78828253893655,0.16397957337023
C3,2.30876930863038,0.16397957337023
PTPN7,3.05149660841657,0.16397957337023
GYPE,-3.38443016646465,0.16397957337023
GRIA1,3.87027785474824,0.16397957337023
AHR,1.82042230730532,0.16397957337023
RRAGB,1.32120872655139,0.165198555059138
HLA-A,1.12423941731013,0.165809907135761
UBB,-0.892255920019172,0.16657560181492
CTSC,4.24224348432694,0.169012981265149
TP53,2.89677919863841,0.169012981265149
ARFIP1,-1.10606649184365,0.169012981265149
DCTN1,-0.979118246198343,0.169012981265149
FASN,-0.928233862179329,0.169012981265149
GPLD1,-3.54396654497091,0.171558125300358
LARP4B,3.99109920948471,0.172264185283828
AOC3,-3.71043541398131,0.172264185283828
FXR2,-0.620034933501257,0.172264185283828
CTNNB1,-0.947561348060303,0.18907045867083
CAMP,-2.38370216530793,0.189650471622626
ATP13A3,2.66186800782962,0.1913968845894
PSME3,-2.01594675279912,0.1913968845894
CR1,-2.71704604887575,0.191840142385304
SEPT5-GP1BB,3.10111076269995,0.193562995272996
PNN,-1.29614322177377,0.193562995272996
GSTZ1,-1.02670921385879,0.193562995272996
PTHLH,-2.81041172493802,0.193562995272996
CD74,3.04838949886697,0.193562995272996
CALB1,-2.10678402919838,0.193562995272996
FCGR2A,-3.81660876462527,0.193562995272996
ITGAV,2.9726697502952,0.193562995272996
NMI,3.24830419033503,0.193562995272996
PEA15,-1.10796914828974,0.194435042833001
GPSM2,-4.13421767178786,0.194435042833001
CCNB1,-3.864496601212,0.196139565774259
MIR4485,-1.6907531727956,0.197733993379722
RELN,-1.15273473306549,0.197733993379722
NCBP2,3.33327215983014,0.197954474157653
UCP3,-3.62163989479592,0.197954474157653
IL15,-2.39153846636088,0.197954474157653
CIB1,1.27785587272148,0.197954474157653
FCGBP,3.45936628498097,0.197954474157653
GAD2,-1.99835945012551,0.197954474157653
SLA,1.35977791455603,0.197985629229225
RBL1,-2.5416324011396,0.198332297159341
CHKA,3.63461691796982,0.203344879383774
TM4SF4,-3.15141479269564,0.203852146925418
FBXO21,-3.32702351082165,0.205964780676338
CD37,4.53663100924466,0.206064473813475
IMPA1,-2.61249330629999,0.207656843547543
HSD11B1,-3.42053275672743,0.207656843547543
FCER1G,4.71217750527049,0.207656843547543
UBE2A,1.2659802706202,0.207656843547543
DBT,-1.01761977449315,0.207656843547543
ENPEP,-2.05701314868228,0.207656843547543
SEPT8,3.3513319892895,0.210574928220531
APOA4,3.62014840051079,0.210574928220531
FH,-0.789652562227239,0.210574928220531
FOXO4,4.99187745476786,0.211050708636791
PUM2,3.17723122827823,0.211050708636791
RRAS,5.08829656778315,0.211050708636791
ETFB,-0.87111125908782,0.211050708636791
PRKCZ,-1.63780720919519,0.211050708636791
IFI16,2.68448017278434,0.211050708636791
HLA-DPA1,1.89118934911451,0.211050708636791
PHKA1,3.296673359328,0.213438370418312
ARSE,3.70244395155664,0.215167643656386
HPD,3.0993610517848,0.216050121556738
APOE,1.35788655810141,0.217872711782229
OPCML,-2.74035267919767,0.217872711782229
POLD2,4.08932327182769,0.217872711782229
PDLIM1,-1.55713637383854,0.218853451674063
THAP11,-0.965924716560467,0.218853451674063
PDCD2,-1.21357676916671,0.222472604699168
ZNF185,-3.54956795278523,0.22264401019858
HLA-F,1.32268660537482,0.223723844884968
NCL,-0.82574645652076,0.223723844884968
MRPL28,-1.62308366412624,0.223723844884968
GDF5,3.63486272007897,0.224731150310865
ASAH1,1.57728536299635,0.225197777790571
FDFT1,-1.61803646154791,0.228145412375708
COL1A1,0.821306163830895,0.228319953010778
SF3B3,-3.89618108675696,0.228971987160348
EDNRB,2.8973651481649,0.230140924518793
GAS1,2.89260014911307,0.232079439288554
IFNG,-1.99280966681492,0.232079439288554
PGGT1B,-2.43897723423402,0.232079439288554
CNP,-1.07365948556042,0.232079439288554
PHOX2B,-3.44677176254426,0.232079439288554
ASMT,-1.30666552523099,0.232079439288554
CCNE1,-3.66220890098124,0.232079439288554
MAP3K5,2.64052724119105,0.232079439288554
HSP90AA1,-0.814404728803474,0.232079439288554
NME3,-0.534257158077267,0.232079439288554
CD226,-1.55881688241029,0.232079439288554
MED12,3.55889034132006,0.232079439288554
PPARG,4.19734158131615,0.23215715357119
CREM,-2.08854014319828,0.23215715357119
RAD23A,0.94405257247128,0.233849031227471
PSMB1,1.7817536601021,0.239902896971222
PLOD2,2.57368095154249,0.239902896971222
NAAA,-1.28900050321937,0.239902896971222
BNIP1,-1.00734829264848,0.239902896971222
CDO1,-0.871260393591589,0.239902896971222
TRAK1,3.65876262246598,0.239902896971222
POLD4,0.692003446092578,0.239902896971222
OR1D2,-3.36183796798481,0.239902896971222
PSMC5,-0.821060507550971,0.239902896971222
SND1,2.08461941735759,0.239902896971222
IDS,-3.19799862401559,0.239902896971222
CPT1A,2.69215026846646,0.239902896971222
ADK,1.21139977437686,0.242076681128906
EPHB2,3.58141117475191,0.243175734387979
GNG11,-1.42172456303578,0.244225402506087
LMO3,2.74354034206524,0.244700182181919
FOXF2,-4.85672473268604,0.244913801356988
MYL2,-2.3735557375572,0.244913801356988
CCL23,-3.22770166038402,0.244913801356988
PAFAH1B1,-1.2689563950334,0.245411728718535
CHRNA2,3.24931896830409,0.245978134758475
FAM3C,2.87999276733154,0.245978134758475
SLC10A3,3.97799838247969,0.245978134758475
ARC,3.89284545696455,0.245978134758475
KEL,-1.25464852440817,0.246867829296813
VIM,1.8906849239441,0.246867829296813
KDM5C,4.19582756233897,0.246867829296813
GNAT1,2.48670210981724,0.246867829296813
SLC25A1,4.41718242615708,0.246867829296813
SNRPG,1.52618854646474,0.246867829296813
DMD,-1.84580781590087,0.251522136848915
GUCA2A,3.1481019878651,0.256341489636542
RER1,1.53352274561373,0.260733979947667
IRF5,-1.57107789770942,0.262979932994384
PTGDR,2.74442924394518,0.262979932994384
CD7,-1.03225704905393,0.265681690559064
XRCC4,-2.57007727414582,0.266285333829668
DHX38,-1.13425801269226,0.271655133585869
NUP88,3.16748512124014,0.271655133585869
SLC39A9,-2.02716850418284,0.271655133585869
IQCB1,3.34928772784192,0.271655133585869
TACR2,-1.32092951022699,0.273490744174546
ZFP36L2,5.58788303761153,0.273490744174546
ALCAM,-0.644727657722388,0.274034369114155
CTSE,-2.94460814325608,0.276508777127006
RPLP0,0.972493692843836,0.279723293055961
IL7R,-1.21922318943504,0.280763018993201
RARA,3.6389633449947,0.282093411252831
ATR,-2.27414750701875,0.282338512774084
APOC1,1.58131863479427,0.282338512774084
PSMB2,0.798721790713957,0.282338512774084
PNLIPRP1,-0.802286067825987,0.282338512774084
ST6GAL1,3.41337350536495,0.28234350738787
MVP,3.47410314765723,0.28234350738787
MTR,-2.03665595671656,0.28234350738787
KCNJ10,-3.66372506665765,0.28234350738787
NR4A1,-1.01178331236784,0.28234350738787
TOP2A,2.77542303286517,0.28234350738787
QDPR,-1.02177781895992,0.28234350738787
SFXN3,3.51534157247863,0.283899047537189
EMP1,1.48860600641785,0.283899047537189
PIK3R3,-1.12291663701137,0.286829347484783
GABRA1,-1.12453197322952,0.286829347484783
CDK4,3.21999165044739,0.286829347484783
PDE1A,2.21996240261242,0.286829347484783
CD72,2.93704362577303,0.286829347484783
C3AR1,3.71366130211673,0.286829347484783
HLA-DRA,1.42085208552648,0.286829347484783
NUBP1,-2.57550845667369,0.286829347484783
TAX1BP1,-0.823053061691297,0.286829347484783
IL2RG,3.78309113564861,0.286829347484783
GFAP,-1.19365505739445,0.286829347484783
ENO2,-1.24736928313779,0.286829347484783
HMGN2,-1.03536944043092,0.288570974581217
PPP3CA,-1.06282512200312,0.288570974581217
PRDX3,2.67688866932376,0.288570974581217
FPR1,2.79594392004906,0.288570974581217
PMS2P5,3.32222822676807,0.289379899791313
GNAQ,-2.9532584134733,0.289379899791313
EFNA1,3.94962002862618,0.289379899791313
SLC25A16,-1.99221572138232,0.289379899791313
CCNF,2.93954358702933,0.291175736102506
KIF2C,-3.40624807876523,0.291997084467634
KRT32,-1.13473181416989,0.29500690488947
IGFBP5,1.3724905504294,0.296313805554313
SCP2,2.59201433098572,0.297887436147003
CSF1R,2.82562744526299,0.297887436147003
CSTF3,-0.890069463973425,0.297887436147003
SEPT2,0.704799779889342,0.298001192210937
CTNND2,0.85942366357817,0.298001192210937
PTPRG,2.37639386347825,0.298032852144447
CHRNB4,3.69533085211605,0.298032852144447
EFNB3,-1.21140789795615,0.299594488110418
CEACAM4,-1.23769985487668,0.300488064247222
SRD5A1,-1.01742408799396,0.300488064247222
EIF3E,-0.551135828443092,0.300488064247222
ITGB4,4.75107087525518,0.300488064247222
CTLA4,-0.95945337365724,0.300488064247222
KRT16,3.1746926472498,0.300488064247222
RPS27A,-0.555459197741964,0.300488064247222
CSRP3,-3.46769578671693,0.300488064247222
POLD3,1.93966185161638,0.300488064247222
RGS16,-1.01535822174201,0.300488064247222
C1QB,1.60637263809033,0.300488064247222
PKN2,2.4631685631191,0.300488064247222
UBC,-1.21089019709023,0.300488064247222
SLC10A2,-1.51073897365918,0.300488064247222
DDOST,2.79779573195246,0.301504937415293
MPP3,-1.89221111716666,0.302854700900822
TYK2,0.891717799614197,0.304786992434845
GUCY2C,-2.88635160290152,0.306059220008656
MAP4,-0.760040560824201,0.306059220008656
THBS2,3.34245461979228,0.306059220008656
SCNN1B,3.03923740168016,0.306059220008656
S100A2,-3.35417439643905,0.312480324137199
BAD,-1.02756466121019,0.312750015922196
BTN2A1,-1.17545542026299,0.312750015922196
UFD1L,-0.942424389338656,0.31362908389427
FGF4,-2.63855639775611,0.314261855074068
NCSTN,1.05949335421049,0.315770818252014
TPR,-0.721486829992678,0.315770818252014
PFN1,0.617306242249597,0.31620279690667
PLEK,2.40171662539385,0.31734539266031
HMGA1,2.88619896276778,0.318167969400357
MEN1,-1.47961186227182,0.318938932867891
CTSH,1.52816822509326,0.318938932867891
RXRG,-3.89029328831155,0.318938932867891
PSAP,0.753634687936493,0.318938932867891
CENPB,4.15476116839256,0.318938932867891
GGA3,-1.04548224778608,0.318938932867891
LRRC41,3.11473440383631,0.319446782112585
ONECUT1,-1.35669015399466,0.320073766106986
FCGR2B,2.51362591039777,0.320414644750093
CRADD,2.25114222995744,0.322331192820412
MYOC,3.17858451655572,0.322331192820412
RPL36AL,1.67332562003421,0.326160428055982
THPO,-2.72730634821016,0.327973984303357
MKRN3,-3.11769883943003,0.327973984303357
EIF2S1,1.08218838501084,0.327973984303357
MTMR3,2.74968869832703,0.327973984303357
CHAF1A,-1.87947454269802,0.327973984303357
HERC2P2,-1.05008574242201,0.327973984303357
TTYH2,-1.05959857748759,0.327973984303357
Hadha,2.52989206008036,0.327973984303357
ZNF134,-1.03032497242489,0.327973984303357
ETV4,-3.11152394812751,0.327973984303357
AKT3,2.82125923168132,0.327973984303357
PDGFRB,-0.735302189948412,0.327973984303357
RBMS2,1.67986300243022,0.327973984303357
CTDSP2,-0.761859258893114,0.327973984303357
TMEM115,-1.01649381112559,0.327973984303357
CSE1L,-1.01398218529213,0.327973984303357
CACNB3,2.94884442886263,0.327973984303357
NCF2,2.89741321894331,0.327973984303357
RPL14,1.06731057353373,0.327973984303357
HNRNPA2B1,-0.894453510887802,0.327973984303357
BCL2L1,-1.0048510689771,0.327973984303357
AOX1,-2.51452973545474,0.327973984303357
HFE,2.14601104856742,0.328544516764961
ENOX2,-2.60998281345449,0.328544516764961
TXK,-2.33768747945906,0.328544516764961
HTN3,-1.90231153925556,0.328680269533427
GPC1,-1.19316497952418,0.328939016395304
LMOD1,3.08776671623125,0.328967081295376
ACVR1B,-1.36314932844933,0.329100823484513
CYP2C19,-0.864680772798861,0.329100823484513
HIP1,2.73833532794685,0.329100823484513
ADIPOQ,-0.944239343132779,0.329223621730171
MEP1B,-2.1374551838218,0.331501408952211
CD99,1.01341351691465,0.331501408952211
DNAJC7,-1.93254137462635,0.332788418601384
CYP1A2,-1.90738923996306,0.334158011921227
PTK2B,3.10610060306301,0.334158011921227
GM2A,3.77717774354803,0.334158011921227
TUBA1A,-1.13670497023885,0.334158011921227
TBX2,-1.38267901198413,0.334158011921227
PLAUR,-2.61992376858379,0.335136203005074
ZBTB14,-2.09986411848339,0.335136203005074
NIPA2,2.89551143363161,0.335136203005074
IER2,-1.4326213049607,0.335136203005074
GLMN,-2.25591378867261,0.335335961547946
PXN,-1.33860510189293,0.335335961547946
ALDH1A1,0.796435391508208,0.338380654530771
APP,-0.804947861093559,0.338380654530771
PPIL2,-3.73500234087231,0.338380654530771
CRIP1,-3.60123939286487,0.338380654530771
YBX3,2.00720336574495,0.338380654530771
THBS1,2.57353308685659,0.338804249979426
SPINK1,-1.58046382393696,0.338804249979426
NMT1,1.01237348900433,0.338804249979426
FLNB,-0.963631440778702,0.338804249979426
ANXA7,2.38118859294809,0.338804249979426
MGLL,-0.613894495689589,0.338804249979426
MAOB,1.38404911384488,0.338804249979426
HIST1H2BD,-1.86258630875469,0.338804249979426
ERH,3.22148837932762,0.338804249979426
ENTPD1,-1.44722029601648,0.338804249979426
POLG,3.07875856107839,0.338804249979426
ARNTL,-1.88692125632073,0.338804249979426
ASPA,-0.87460980816404,0.338804249979426
P2RY10,-4.2983908055209,0.338804249979426
ARL4A,-3.31226386346462,0.338804249979426
GPR22,-2.64738941149154,0.338804249979426
CITED1,2.76927055420455,0.338804249979426
SERPINF1,3.37126752729068,0.338804249979426
TEF,-1.26146357515651,0.338804249979426
CTCF,-0.975168144607412,0.338804249979426
COL18A1,3.87698855346269,0.338804249979426
LIG4,-2.3541562418327,0.339367261344857
PTPN9,-1.87583718379187,0.339451293015743
EIF3A,-0.961199182940369,0.339451293015743
GSTP1,1.71166066472592,0.339451293015743
CD1B,2.63575095426565,0.340414027622782
DLG4,-1.51361316640879,0.340414027622782
SMARCB1,-3.18385123553416,0.341629974650118
GLRA2,-3.53131159065554,0.341944527447481
SCRIB,-1.30232770519586,0.344049868782629
HBQ1,-3.09988771697669,0.344049868782629
BYSL,-2.26414757545525,0.344049868782629
ABHD2,-3.40424837291654,0.344049868782629
POLD1,-3.98284496529009,0.344049868782629
HOXB3,-2.64781557850415,0.344049868782629
CHD8,-1.06195926157054,0.344049868782629
QSOX1,-1.22880956165085,0.344049868782629
FUBP3,-0.874271136877555,0.344049868782629
DYNLL1,-0.737562524769015,0.344049868782629
DCC,-1.27802733017431,0.344049868782629
F11,-2.99407199652736,0.344049868782629
ESR2,-1.5674377501975,0.344049868782629
FAM155A,-1.02482356156934,0.344049868782629
GRB2,-1.0601058610081,0.344049868782629
CPA3,-1.55694610008957,0.344049868782629
GPX1,0.855910346546555,0.344049868782629
ECRP,3.46106036234378,0.344049868782629
KCNMA1,-1.45275567902678,0.344049868782629
EXOC5,-1.99410811811448,0.344049868782629
SUPT4H1,-0.735048420382492,0.344049868782629
EIF4G2,-0.911496683684042,0.344049868782629
LOC100506699,-3.10855322530866,0.344049868782629
FAS,3.64595202932796,0.344049868782629
PTPN14,1.72699526729783,0.344299391527118
CDH8,-0.693125980459525,0.344875705497192
PPIG,-2.10878032752364,0.344875705497192
APLP2,0.85969125533167,0.347660547584985
CXCR4,2.77608855468053,0.347805129696922
RFC2,-1.55094711332715,0.347805129696922
DR1,2.65977049244225,0.347805129696922
APBB2,-2.69799580613829,0.347805129696922
PZP,2.30789027157873,0.347805129696922
ITGA8,-1.10108648242778,0.347805129696922
EIF4A3,0.730958507995322,0.347805129696922
ERCC4,-0.70673155171311,0.347805129696922
AP3B2,-2.75464046266262,0.347805129696922
MLANA,-1.51205132442658,0.348461232991204
PDZK1IP1,-2.93467694381218,0.351583375811061
HSPG2,-2.86250181984267,0.351583375811061
EZH1,-2.2193728814267,0.35305840494106
FKBP4,-0.732322571304536,0.353583097839342
PIK3R4,2.17547671862005,0.353730835837479
LAMB2,0.884184876404724,0.353730835837479
SLC25A11,3.03789254478435,0.353730835837479
HCCS,-1.38210304609819,0.353730835837479
PEBP1,-0.763124552930361,0.353730835837479
CBLN1,-2.14892336043669,0.353730835837479
AZU1,3.52415294429226,0.353730835837479
NCF4,2.41739214380478,0.353730835837479
SERPINB5,-2.73230404916621,0.353730835837479
BDH1,-0.817667952718459,0.353730835837479
TMED10P1,-1.10924397614969,0.353730835837479
CCNA1,-2.61509216232299,0.353730835837479
PIEZO1,4.20431724498886,0.353730835837479
CSF3R,3.39083841922706,0.353923730311708
KLK3,-1.00919982701136,0.354019178411981
BCHE,-2.06312374601331,0.354019178411981
CIITA,-1.6609076458944,0.356275911277506
RLN2,-2.97699057797309,0.356275911277506
COL19A1,-1.99047926124882,0.356518805769729
THOP1,-0.619569348763125,0.356518805769729
PAX6,0.619150175293784,0.356666878446822
GRM5,-0.920573092857708,0.357721421962847
CD22,-2.56986682223914,0.357721421962847
PTMS,4.40712891751772,0.357721421962847
GLI3,-3.3007087426928,0.357971215009807
HSD17B8,3.42305035900699,0.358979174294123
CRISP3,-1.53141794084815,0.358979174294123
COL11A1,-0.692847994160536,0.358979174294123
PDE6A,-2.89559457147071,0.359906476187988
VAV2,3.49869780575811,0.359906476187988
GUCY2D,2.73409387858614,0.359906476187988
TALDO1,-0.607983316096449,0.359906476187988
PRDX1,-0.575682675512439,0.359906476187988
EMP2,1.09070696883415,0.359906476187988
MSMB,2.27545389366466,0.359906476187988
AKAP1,3.60941761759084,0.359906476187988
WIPF2,-1.09676496636791,0.359906476187988
R3HDM1,2.31340324902905,0.359906476187988
PRKACB,-0.826897872435268,0.359906476187988
ZKSCAN3,-2.48843539251783,0.359906476187988
PDE6B,-1.1811157914388,0.359906476187988
MAN1A1,-2.19624653722196,0.360970566910747
DNAH8,-1.38326658752878,0.363144311189139
AKAP6,-2.43359065473144,0.363730850940776
MYCN,2.92021484000058,0.364538627143566
AMPD2,-1.12858854714488,0.366750561621996
CTSG,-0.831776600436557,0.366750561621996
NR4A3,-2.44013053799008,0.366750561621996
ZNF132,-1.41833940423777,0.366750561621996
SDC2,2.98777775035262,0.366750561621996
RPL18,0.70721303151474,0.366750561621996
C5,-1.79172419028219,0.366750561621996
E4F1,-1.01295177675332,0.366750561621996
SNRPB,3.56397004712064,0.366750561621996
FANCC,-0.93036283004902,0.366750561621996
COPS5,-0.751288448933858,0.366750561621996
NEFM,-2.16043961348812,0.366750561621996
EPS8,2.26178964357766,0.366750561621996
IL1A,-2.48618115412294,0.369363230176318
SNRNP70,-1.13554110004139,0.369363230176318
YBX1,1.20872321387692,0.369363230176318
CTRC,-1.90751532821353,0.369363230176318
PTPRC,1.43447585489263,0.369363230176318
DAZL,-2.34426432506599,0.369363230176318
PSMB5,-0.475449668253829,0.369363230176318
AMELY,-1.40364391328084,0.369363230176318
SLC12A4,3.02162830481453,0.369363230176318
HAAO,1.69073942626961,0.370306841425145
WFDC2,-2.39745603129929,0.370710101580262
GRM8,-2.89056753418283,0.371196147244141
HTR2C,-1.87176043043545,0.371250962593037
HAS2,-2.56999868982057,0.372156042903217
OVOL3,-2.47881590217542,0.372156042903217
RCAN1,2.69734379303048,0.372156042903217
ACLY,-0.713369485668709,0.373489257654326
RCVRN,2.96587136128369,0.373489257654326
SLC30A3,-1.22850135236106,0.373489257654326
KCNQ1,-0.941733404985458,0.373489257654326
PTPRU,-1.41011264820732,0.373489257654326
SNRK,-2.14708622935672,0.373489257654326
TGFBI,0.947879530805677,0.373489257654326
SLC38A3,-0.925224668929692,0.375017668320905
GPM6B,-0.792199775177707,0.375017668320905
PAK1,-0.9657585891806,0.375444141454761
CXCR1,-2.74460929633987,0.37589411339447
CD3D,-1.34792084487075,0.37589411339447
CYTIP,1.71408820022565,0.37589411339447
P2RY4,2.38679173236088,0.37589411339447
CDH18,-2.6946502998293,0.37589411339447
ACTB,-0.79737857738909,0.37589411339447
BRE,-0.647088102711564,0.37589411339447
ZNF22,2.03188134314873,0.37589411339447
GNAI3,2.16990571027318,0.37589411339447
DYRK4,2.20650535123717,0.37589411339447
TMED2,-1.67946595617601,0.37589411339447
ME2,1.93525522145813,0.37589411339447
C16orf45,-0.604460176525611,0.37589411339447
CXADR,-1.1771095111653,0.377248017029719
NAIP,2.72029188716609,0.377248017029719
SRPX,1.62484828661924,0.377248017029719
CMA1,-0.947526579341323,0.377248017029719
KRAS,-2.04679556786507,0.377420463353967
ACOT7,-2.87153612925844,0.377707059640651
ANXA11,0.983028415074481,0.377836839257639
NEO1,-2.13694484438857,0.378186998029836
GCLM,2.06836427384342,0.378322789618351
MAPK14,2.18287665849062,0.378322789618351
FTH1,-0.790395634456763,0.378322789618351
KIF20B,-2.86780690214506,0.378322789618351
THRA,-1.34176890583386,0.378322789618351
KAL1,3.97206040766686,0.380409586852082
DHODH,-1.35016236396515,0.380409586852082
TCEAL1,2.79334206438772,0.383367851889111
ALOX5AP,2.85028335870492,0.383367851889111
GFPT1,-2.06413051762272,0.383367851889111
IL1RN,-2.39523578085048,0.383367851889111
CDK9,-1.81131239040249,0.383367851889111
PSD,-0.872790033388537,0.383367851889111
TMPO,-1.40521990283885,0.383367851889111
CCT5,3.57432309234033,0.383367851889111
TP53BP1,-0.897965378321731,0.383367851889111
LYN,0.949099061495726,0.383367851889111
TRDN,-2.16391453691078,0.383367851889111
IL16,1.77561656433572,0.383367851889111
NDUFA12,-0.605527854904912,0.383367851889111
VSNL1,-1.55645277852609,0.383367851889111
SIX1,-2.38782675282838,0.383367851889111
SOD1,-0.651456224778057,0.384223830906572
DGKD,2.70689487493011,0.384852089471701
GPR18,-1.00207599313582,0.384852089471701
TRIM31,-1.83589172562882,0.3850639377576
PAX2,-3.3844044268882,0.386363803390863
PDGFRL,-2.47772839206973,0.386638176955836
ID2B,1.57158233523284,0.38696628189663
PIK3C3,-1.90764225666839,0.387147343709491
MTMR2,2.2118133041914,0.387147343709491
PTCH1,-0.871091360821474,0.387147343709491
LGALS9,0.645320785375946,0.388713875678333
DGCR10,-1.81432373603324,0.389417264510759
TRIP13,-2.10052414517261,0.389417264510759
TSHR,-3.08687691372729,0.392229893416145
RALGDS,1.31579848209758,0.392229893416145
APCS,2.3673224805466,0.392229893416145
BPHL,-3.20041117681112,0.392229893416145
B4GALT1,-0.851447827850899,0.392229893416145
CPB1,-1.04834957461198,0.392229893416145
TSPAN8,-1.45752227539442,0.392229893416145
MBOAT7,-0.397789381426419,0.392229893416145
CYP4A11,-1.40462475427387,0.392229893416145
ETV6,-2.50968948367812,0.392229893416145
SLC39A6,-0.871556819319199,0.392229893416145
RGS7,-1.02896343954665,0.392229893416145
ATRX,-2.34191684939377,0.392229893416145
KIF5B,-2.75181032183309,0.392229893416145
PPBP,-2.58459452962811,0.392229893416145
STAC,-2.60233429497099,0.392229893416145
CEBPD,2.99151276261656,0.392229893416145
MYL6,-2.70332944783329,0.392229893416145
PTCRA,-0.957519632490355,0.392902580545241
COPA,-0.571789791588847,0.392902580545241
GRPR,-3.57128614297168,0.392902580545241
SFTPB,-2.69483039303287,0.392902580545241
EFEMP1,2.09566654088757,0.392902580545241
HLA-DPB1,2.731211624571,0.39436450266902
FEZ1,-0.791383281348583,0.394484054619591
NAT2,1.83534296625689,0.394598378481868
PLCG1,-0.886928535020756,0.394598378481868
PRKAA1,-1.87070463656185,0.394598378481868
ATP7A,-2.16045988455859,0.394598378481868
IQGAP2,1.26396121652147,0.394598378481868
CRABP1,-1.03230745494088,0.394598378481868
ARPC1B,0.738339653872981,0.394598378481868
WNT2,-2.49788888993949,0.394598378481868
ALPI,-0.902702261700025,0.394598378481868
NHLH2,-1.99462671585152,0.394598378481868
KLRD1,-1.34839631194813,0.394598378481868
MYOG,3.18955651633183,0.394598378481868
TBXAS1,3.54444143446231,0.394598378481868
IGFALS,2.72323135911601,0.39474563652817
FNTA,-1.13640832883612,0.395841532423038
SPAG8,2.35718128698975,0.395841532423038
LIF,-1.1955650773426,0.395841532423038
LRMP,1.77699506876281,0.395841532423038
RGS3,-2.41297472119513,0.395841532423038
KRT6B,-3.64704284846677,0.395841532423038
SPRR1A,-1.27441669044903,0.395841532423038
ERCC8,-2.97383567996128,0.395841532423038
HES1,-1.5623136929785,0.395841532423038
LYZ,-1.69678648445162,0.395841532423038
ZNF274,2.53833022085546,0.395841532423038
APBA2,-3.02514583033082,0.395841532423038
HADHB,0.946773922608358,0.395841532423038
CRHR1,2.61723820452533,0.395841532423038
TIMP4,2.17233478693004,0.397303834702526
HAS3,-3.34714180149209,0.397303834702526
SLC18A3,-2.56140046332668,0.397303834702526
PPP2R1B,-0.961880054374644,0.397303834702526
MAS1L,-1.7735693479579,0.397303834702526
POLB,-2.84304056636087,0.397303834702526
PRKACG,-0.732177690716631,0.397303834702526
HIC1,3.43325919730917,0.397303834702526
SDC1,-2.36363006349607,0.397303834702526
NPY5R,-1.15773968116903,0.398788399037035
CCDC6,-2.61959775687631,0.398788399037035
APEX1,1.71098877138354,0.398788399037035
HDHD1,-0.633186814813863,0.398788399037035
C1D,1.65165243913962,0.398788399037035
ICAM5,2.68517888428503,0.398788399037035
SMAD7,2.377096778892,0.398788399037035
STMN1,-0.665896178056197,0.398788399037035
PHKG2,2.38091110910073,0.398788399037035
ARHGAP19,-2.63049286742582,0.398788399037035
SEPP1,-1.58350766763576,0.398788399037035
DKK3,-2.14559569099379,0.398788399037035
SEMA4D,3.78052773041522,0.398788399037035
SLC35A1,2.04489158050961,0.398788399037035
GCGR,-0.999386741146472,0.398788399037035
ELF1,-1.76603899206685,0.398788399037035
ZNF80,-1.86479964443115,0.398788399037035
TUBG1,2.94788028464616,0.398788399037035
ANXA6,-0.959565099811458,0.398788399037035
FAM175B,-2.34756474895442,0.398788399037035
LCN2,3.40383998683685,0.398788399037035
HLA-DRB1,3.38526045445084,0.398788399037035
TMEM106A,-1.05361869281066,0.400428485286326
NOS1,-2.00161104427957,0.400428485286326
GH2,-0.759182005215569,0.400428485286326
PHLDA1,2.22964767122935,0.400428485286326
ATP5D,-0.611845772328515,0.400428485286326
ALAS2,2.96770843425148,0.400428485286326
N4BP2L2-IT2,2.05008153165108,0.400428485286326
CD33,1.95421963061928,0.400428485286326
RAB5A,-2.7711505476595,0.400428485286326
RCAN2,-0.790467986521289,0.400428485286326
MERTK,-1.41720040622966,0.400428485286326
GPS1,-0.525290651642251,0.400428485286326
NCOA6,2.68476537806323,0.400428485286326
MIR483,-1.70605661199026,0.400428485286326
SAT1,-1.17862772259044,0.400428485286326
BCL2,-0.538900402681762,0.400428485286326
PPIB,3.28288749777747,0.400428485286326
CD247,2.49302689642795,0.400428485286326
MYH7,2.35243865048181,0.400428485286326
CCSER2,-0.659521000051324,0.400428485286326
FYN,-0.460560793471149,0.400428485286326
RUNX2,2.37902340239133,0.400428485286326
NPC2,0.796671492457158,0.400904224984759
TAGLN2,0.860945270270269,0.400904224984759
ZNF160,2.50997451959909,0.400904224984759
GNAZ,-0.855363497915368,0.401162375821145
CHKB,-1.55263967831509,0.402197888204394
CLCN4,-0.841356292929854,0.402197888204394
RHO,-2.03857744105462,0.402466365989536
MECOM,-3.31628397368724,0.402466365989536
RAD9A,3.3921653760943,0.402558700844069
YWHAE,-1.02266323851237,0.403047344046558
CXCR2,-1.95854404540767,0.403126615675743
G6PD,0.625665892615789,0.403126615675743
PTP4A1,-2.20785217460871,0.403126615675743
DNMT1,2.70071018248711,0.403231860684421
MAPT,2.89684034208197,0.404559078666309
PDXK,2.95585464651281,0.404559078666309
MYBPC2,-0.943170970790732,0.404559078666309
HTR1E,-1.83197238504535,0.404559078666309
TEP1,1.80770281434108,0.405978845502428
GEM,-1.89516745892416,0.405992203677781
CXCL3,-2.02812210962365,0.405992203677781
RBM42,2.35747869895587,0.405992203677781
HRH1,-1.80485341704638,0.405992203677781
GYPA,3.06298153782043,0.405992203677781
IL18R1,2.05093423476335,0.405992203677781
RPL9,-0.455778679843997,0.405992203677781
ADCYAP1,-1.22762207553388,0.405992203677781
EPHA3,-1.53844506195104,0.405992203677781
CTSD,0.673255003205645,0.405992203677781
DCAF7,2.92312705116038,0.405992203677781
SPINK2,-2.58716766191931,0.405992203677781
LDLR,-2.87369272209644,0.405992203677781
COL14A1,-0.615377851789152,0.405992203677781
TUBGCP3,-1.06497283435745,0.406005843321771
CLEC10A,2.72246170854897,0.406051541467579
YWHAB,-0.666833158782188,0.406161479987149
UCP1,2.66173226783387,0.406161479987149
TMEM97,-0.785146649698236,0.406161479987149
GSK3A,-0.521619932773335,0.406161479987149
SEMA3F,3.09478927111839,0.406161479987149
PLA2R1,-1.71050606193782,0.406161479987149
CSTF1,2.23459227845142,0.406161479987149
SMG1,-2.22885209572185,0.406161479987149
ERP29,-2.46877271382733,0.406307982576018
F2RL2,-1.44010307421832,0.406711768497805
LIPF,-1.4048002606528,0.406711768497805
LMAN1,-1.48287305149103,0.406711768497805
TUFM,2.89707561503372,0.406711768497805
ABCC1,-0.718054132310556,0.407480473777871
ALDH2,0.778354985893928,0.407480473777871
POU6F1,-1.34445446327091,0.407977911995508
SPINT2,-2.97634761325196,0.408178423740053
SORD,2.4019236217537,0.408633244933689
RPS6,-0.435385518562995,0.408633244933689
INTS9,2.45828330933531,0.408633244933689
GOLGA4,-2.03788710395853,0.408633244933689
SNAPC3,-1.49226412357689,0.408930588217211
COL5A2,-2.79621274334932,0.409007518356161
CACNG1,2.73866425859159,0.409007518356161
CYFIP1,0.666087342382342,0.409519490625113
UBE2H,2.10698463392762,0.409931450556544
TAF15,-0.801276837438948,0.409931450556544
EBP,-0.965352495589878,0.410769095997156
FEZ2,-2.20074466262333,0.410769095997156
LY6D,-2.83311748813859,0.410769095997156
ZFX,1.94355707749274,0.410795675780621
HSPH1,-2.85059175884949,0.410841132093143
EXOSC7,2.35591668345366,0.411599679204085
ATF3,-2.11731544023337,0.412597784215175
GUCY2F,1.92538760232828,0.412691439220067
SSTR4,-0.695849190619315,0.413009062775876
KLHDC3,-2.64958501359877,0.413243180802423
PSMB8,2.6122958894525,0.413243180802423
PGM1,0.565531522624976,0.413243180802423
MXI1,-2.28733318026176,0.413243180802423
LALBA,-2.16624279141265,0.413243180802423
INSR,-1.96685433482797,0.413243180802423
RIN1,3.30659651882979,0.413243180802423
PRKCB,-1.27926842349313,0.413243180802423
SKAP1,-1.88700991435573,0.413243180802423
STMN2,-1.76454888183345,0.41409010443314
SMYD5,2.98302251926352,0.41409010443314
ABL2,-1.48486466191522,0.41409010443314
PFDN4,-2.0539216448496,0.414925287589892
TIMM17A,-1.2575630514208,0.414925287589892
SALL1,-3.4619824497357,0.414925287589892
DCTN2,-0.409110660069878,0.414925287589892
MVK,-0.863410162785673,0.414925287589892
FGFR1,-2.3129837512258,0.414925287589892
TUB,-1.03364653748103,0.415922005411209
S100A11,4.65021503719945,0.41681337131693
CNTN1,-2.49592754627277,0.41681337131693
FBXW4P1,-3.06219950752308,0.417925580069658
GABRB1,2.77892842353055,0.418269259894048
ACP2,-0.50161747784102,0.419672799566755
BDKRB1,-2.71607398704369,0.421349183657703
ADRA2C,2.38535823157009,0.421632806888602
AANAT,-1.62838816576719,0.421915809608641
ACOX1,-1.67851180691446,0.421915809608641
FHL2,3.1394200251283,0.421915809608641
ARHGAP22,-2.61908722886144,0.422302656355658
ARHGAP4,-1.27142488611386,0.423258787907618
SCNN1G,-1.90632314493107,0.423940981079836
WAS,2.39296501630392,0.424052170812139
TWF1,1.62365290719492,0.424911310837213
ADRB2,2.2594156163644,0.424911310837213
CDH12,-2.17621930449815,0.424911310837213
CALCB,-1.85477400320278,0.425203369186986
CLIC1,0.959081207015187,0.425203369186986
ADIRF,0.929281923162339,0.425203369186986
CYP2E1,-2.58017381174503,0.425203369186986
AGFG1,-0.658026302628926,0.425203369186986
BDNF,-2.5180081458721,0.425203369186986
NFIB,-0.672848774827603,0.425203369186986
HTRA1,-0.540645744462713,0.425203369186986
ZNF133,-2.42258597381968,0.426139228521728
CDR2L,2.77891396942936,0.426195268749946
ECM1,-1.38685622061156,0.426349763997336
FSCN1,0.525124162177622,0.426410213582754
SLC35B1,1.12191250130061,0.426410213582754
KANK1,0.531400850040708,0.426410213582754
NUP98,1.68852907782869,0.426410213582754
ZFP36,0.933767199593506,0.426410213582754
NGFR,-0.485980757420021,0.426410213582754
OAZ1,0.545939652416241,0.426410213582754
KRT14,-0.871704643872835,0.426410213582754
ERV9-1,-0.876525943515626,0.426410213582754
SMPD1,-1.20207915647443,0.426410213582754
CASR,2.35704310006585,0.426410213582754
Fgfr3,-2.57720525812443,0.426410213582754
TRIM32,-1.9523589041837,0.426410213582754
FMOD,-0.717967540173239,0.426410213582754
GRIA2,-0.898077155339537,0.426410213582754
SGSH,-1.68034640489174,0.426410213582754
NFATC3,-2.13583978821748,0.426410213582754
ALPL,-1.321581229552,0.426410213582754
EEF1A2,-1.17220243979517,0.426410213582754
TIMP3,0.684134588496324,0.426410213582754
ELANE,-2.23289701108764,0.426410213582754
KIAA0513,-0.813018161019473,0.426410213582754
SLC2A4,2.86505985438052,0.426410213582754
SORL1,0.766646344605249,0.427323065014795
ABO,1.46058758554097,0.427654930762164
RPS6KB1,1.83089732075645,0.427753611266515
ITGAM,1.95103667819302,0.427761325114448
AUH,-2.46619482170719,0.427761325114448
NRF1,-2.58708394327401,0.427761325114448
PDIA2,-0.803617704570486,0.427761325114448
ARHGEF5,-2.17691607495979,0.428236150258229
CDKN1C,-1.39786934645184,0.428236150258229
NFKB2,2.03874511710905,0.430159875423858
COL6A2,-0.995770661418218,0.430159875423858
BMI1,-0.575211272445639,0.430624745842832
ATF1,-1.90498229081389,0.430624745842832
RPL12,0.560697995447645,0.430624745842832
TNK2,-0.768566650257823,0.430624745842832
CDC20,2.93031964701143,0.432311122467204
RRS1,0.747192270744135,0.432311122467204
PRB2,3.0584363560887,0.432311122467204
RFC3,2.70571202699229,0.432311122467204
KLK1,1.98850573471191,0.432806692046101
PDLIM7,3.06703731456347,0.435874962774074
FYB,2.63782292980776,0.436276276067428
HLA-DOA,1.87525353123409,0.436728757891024
SLC1A3,0.474419354216536,0.436728757891024
FCN2,2.83803410779751,0.436728757891024
MTMR11,-0.487417334326803,0.436728757891024
ZKSCAN1,-0.775909931252073,0.436728757891024
ATXN2,-1.03035210133914,0.436728757891024
TNFRSF25,-2.63935292582783,0.436728757891024
MBTPS1,3.43028225491588,0.436736566942152
CDH3,-2.62614297026258,0.436741451347157
RPS23,-0.518780623418877,0.436741451347157
PPP6C,-1.56696893784635,0.436741451347157
FUT2,-0.784254287985593,0.43683890102984
MAX,-3.0809573264624,0.437124482106631
CD38,1.22702346238568,0.437124482106631
PDK2,-1.41608682446065,0.437124482106631
CAMLG,-1.01173848220479,0.437124482106631
CDX2,2.00189889789089,0.437124482106631
BRD2,-0.444884462037322,0.437124482106631
ALPP,-1.15500863053094,0.439989397381329
GDI1,-0.97382929490753,0.440217185568689
FPGS,-3.54782030829632,0.440217185568689
MAP2,1.94033389510961,0.441758858700505
TOP3A,-2.17262204510104,0.441758858700505
USP8,1.0761006123686,0.441758858700505
KIAA0226,-0.470379695049047,0.441832003528865
HTR2A,-1.64541883013695,0.441832003528865
TCIRG1,-2.4425267002093,0.441832003528865
SERPING1,0.926989816734636,0.441832003528865
HSPB1,0.861164152642356,0.441832003528865
CD164,0.883806993595744,0.442011246172586
C21orf33,-2.05434588626297,0.442011246172586
C5AR1,3.64017316887235,0.442068663959487
NFRKB,-2.38456749832885,0.443026004536063
ITGA1,1.99697525659381,0.443068138887388
ART1,-2.47615329324829,0.443714201911075
TRH,-2.03962432462212,0.445283230877764
GCN1L1,-2.76846843602656,0.445283230877764
TRO,-1.01691529549114,0.445283230877764
KDM4A,-1.21576423487709,0.445283230877764
NR1H4,-2.831043440707,0.445283230877764
MMP2,1.64351629152442,0.445283230877764
TFAP4,-2.6551018270471,0.446552295617311
CX3CL1,2.86113862076926,0.447310618274816
SLC35F2,1.63370959260342,0.447515795822756
SGCG,-2.08416494122912,0.447515795822756
PPOX,-1.65747688013171,0.447515795822756
APLP1,-0.658736799838767,0.447515795822756
PABPC1,1.43638129048277,0.447515795822756
NHLH1,-0.728935448988972,0.447515795822756
PCDH1,-0.820699413219122,0.447515795822756
NDRG1,-0.830252021108734,0.447943995641456
SMAD4,-1.7576770779571,0.448759158403397
SNRNP27,0.97312897341043,0.448759158403397
CPT2,1.86216306694631,0.448759158403397
HERC1,-1.66424940545592,0.448759158403397
ABCB1,-0.778090341197903,0.449189023281369
PMP2,1.12181684509251,0.449189023281369
SPRR2A,-2.21170094032228,0.449189023281369
MLC1,0.55181676738361,0.449189023281369
LAPTM5,1.33661678284516,0.449189023281369
NFIL3,2.25313817269051,0.449189023281369
RNPEP,2.48697340213381,0.449189023281369
ATP6V1B1,2.06134825212828,0.449189023281369
ATP12A,-1.22835072364108,0.449189023281369
CASP2,-2.61301965123138,0.449189023281369
VPS72,-0.524067037752454,0.449189023281369
ANXA1,2.55549120636384,0.449189023281369
CDC123,-0.562226075726002,0.449189023281369
NUP188,-0.643153340229363,0.449189023281369
ACTN2,-2.4563467436692,0.449189023281369
SCG5,-1.26124070366845,0.449189023281369
F7,-1.93151719855138,0.449189023281369
PTP4A2,-0.594446140016503,0.449189023281369
RPS16,0.821320236800924,0.449189023281369
MTMR6,-0.82633727251921,0.449189023281369
MAS1,-2.1778628681538,0.449189023281369
CYCS,-0.927572391121766,0.449189023281369
SEMA3B-AS1,-1.95411495011582,0.449189023281369
CDK16,2.35009883130417,0.449189023281369
IL1B,-2.0434586639789,0.449189023281369
PTPRN2,-1.20753178757906,0.449189023281369
EPHB4,-0.556910479944223,0.449189023281369
SULT1C2,-2.03059510083762,0.449189023281369
GRIN2C,-0.641340929654319,0.449189023281369
GLP1R,2.03500813140763,0.449189023281369
RBPJ,-2.17116205616702,0.449189023281369
ST3GAL4,-2.43355904613816,0.449189023281369
NELL2,-0.644439244717628,0.449189023281369
SELP,-2.11465828840638,0.449189023281369
SAP18,-1.36127181286628,0.449189023281369
BIRC3,-2.64061253219124,0.449189023281369
DEFA6,-2.13622131832817,0.449189023281369
ATP6V1F,0.676511544717261,0.449189023281369
SMAD1,-0.692557658554312,0.449189023281369
CA9,2.92232878411733,0.449189023281369
NELL1,-3.2914905029894,0.449548398651866
EPYC,-2.08976674802826,0.449548398651866
NNT,2.2851633965067,0.449816894813352
PSMD2,-0.41448115766911,0.450470744020792
IFITM1,1.44740099920783,0.450470744020792
XAF1,-2.28535056543331,0.450470744020792
PMP22,0.668559246366472,0.451400745124543
ACSL1,-0.676526437577673,0.451400745124543
LRP1,0.624974613979047,0.451400745124543
ZNF91,-0.603514869069572,0.451400745124543
KDELR1,2.78606214297916,0.451400745124543
CAMK2G,-0.624727670075037,0.451437666151201
MMP3,-1.20397119483779,0.451437666151201
FAM168A,1.3529576640831,0.452554539256259
AGPS,-1.79516032051267,0.452554539256259
RPL34,-0.566713999502603,0.452554539256259
FCER1A,-1.46792546065324,0.452554539256259
PRKX,2.28911205833879,0.452554539256259
TAF4,1.39139008868422,0.452554539256259
HLA-E,0.868150908771218,0.452554539256259
SLC11A1,2.72449784941304,0.452554539256259
NUP62,-0.765134975283924,0.452554539256259
PDE4A,-2.54197810326526,0.452554539256259
HSPD1,-0.495496113191534,0.452554539256259
PROZ,-2.95504173473507,0.452554539256259
FDX1,-2.12445170756367,0.452554539256259
ADH4,-2.81231837486252,0.453499290876976
BGN,-0.947379610467459,0.453499290876976
PECAM1,-3.51055949669647,0.453499290876976
YME1L1,-1.30636864691932,0.453499290876976
SPIB,-1.034142757849,0.453499290876976
GHRHR,-0.867746111908799,0.453694270503535
LRRC16A,2.18459006748729,0.453989738059878
TSC2,-0.41402463919124,0.454108534186676
GZMM,-1.33486712539059,0.454108534186676
WT1-AS,-3.03686314351872,0.454108534186676
SOAT1,-2.60746194047967,0.454108534186676
MT3,0.604510434915968,0.454108534186676
LST1,2.19737615423335,0.454108534186676
WARS,-0.533309769095517,0.454108534186676
SIRPB1,-0.757636118168893,0.455015279614644
PPP2R2A,2.17150596735608,0.455416995659326
PWAR5,-1.51626386727098,0.455416995659326
NME1,-0.565666227701236,0.455416995659326
RAB40AL,-1.1025420305843,0.455416995659326
SNRPA,3.02426252967555,0.455416995659326
TRIP10,2.89446473739557,0.455416995659326
NKX2-1,1.83925454854099,0.455416995659326
NUP205,1.37061109132727,0.455776652361085
UBE2B,-2.08273924672325,0.455776652361085
P2RX3,1.8619363909852,0.455776652361085
INHA,1.8472804696988,0.45629131619431
RFX5,-1.120197486265,0.456420674700947
KHDRBS1,0.494712151021369,0.456420674700947
RIMS3,2.56251604670215,0.456961574831561
XPA,-1.8974945324357,0.457384020933114
MAMLD1,-0.555228768614532,0.458533949339651
KCNC4,1.82286386494181,0.458533949339651
NF2,-2.30887360112714,0.458533949339651
TBXA2R,2.22503505615957,0.458533949339651
GRB14,-2.38771614245271,0.459550199031402
GSN,-1.00180504418898,0.45955131059646
ZFP36L1,2.90599834943585,0.45973665766962
SERPINC1,-2.06147341562236,0.45973665766962
TLN2,-0.91840919936566,0.460758336107774
SPTB,-2.75833189420964,0.460758336107774
SYP,1.61513897146653,0.460758336107774
BAGE,-2.25169420405637,0.461409548697598
AKR1A1,2.50225789656515,0.461409548697598
TFAM,-0.868135700023512,0.462424211307644
CDC25C,-2.09345937494071,0.462424211307644
DMWD,-3.39022506160843,0.462424211307644
PNO1,1.69006798114923,0.462424211307644
MST1L,-2.14926197036956,0.462474740976828
NPPA,2.11575087291387,0.462573232494195
SSTR3,-0.905633558783233,0.463426484115731
PGK2,1.68727455236328,0.463639123319335
SRPK1,-1.66699036148674,0.464006653054007
KRTAP1-1,-0.769768387520283,0.464006653054007
ITGB7,2.29222626458141,0.464006653054007
FOS,-0.951492084863622,0.464862917790664
LCK,1.94275140312489,0.465648008492511
TGIF1,-0.4725701744423,0.465648008492511
POU5F1,-1.00844645258429,0.465648008492511
YWHAQ,-0.628813588708695,0.466394751008616
BTG1,1.95093694244375,0.467288248448329
KCNK1,-0.701513750037103,0.467288248448329
TRPC3,-2.55550280009842,0.467288248448329
GNA11,-0.650959868133599,0.467288248448329
IDE,-1.89635226628434,0.467288248448329
SPTAN1,0.565675972937722,0.467288248448329
CD53,0.787462340841087,0.469536727008924
MEF2C,2.07036006475361,0.469640293390252
GALT,-0.918978603516925,0.469864786632797
SETDB1,0.64357855437709,0.469864786632797
FOXA1,-2.39076418827214,0.470429512140131
BRCC3,-1.8962874548972,0.47061658863001
PPP3CB,-0.838613662676568,0.470660297374348
AVPR1B,-0.614160979112688,0.470660297374348
FGL1,-1.24066619850463,0.470660297374348
ASGR2,-2.19750266869727,0.470660297374348
ADORA2B,-1.96148374621683,0.471477058742598
PRDM2,-2.36571308325232,0.471592644161633
LOX,-1.23469137272587,0.471932194154444
POP1,-0.640630031357249,0.471932194154444
POU3F4,2.50758269819089,0.471996787255255
PWP1,-1.05759254066034,0.473380410136454
PSG1,-1.47390750016839,0.473380410136454
SH3GL3,-0.865473640260813,0.473380410136454
PAICS,-0.773819356113037,0.473380410136454
AP2S1,-0.61964002029069,0.473380410136454
IGHMBP2,-0.927901205272404,0.473380410136454
CYP27A1,1.89022960362101,0.473472485130303
PRKACA,-0.587075723720799,0.473896493575492
CYP1B1,-1.99372852868799,0.473896493575492
RPL10A,-0.349501584829921,0.473896493575492
THOC5,-0.646685015925847,0.473896493575492
DNAH3,-2.81656829789843,0.474057002733925
YARS,-0.885436455969391,0.474583432400282
SNX19,2.38942179925122,0.475235360629942
SUMO1,-0.870131578522592,0.475235360629942
HRAS,-0.947221069983835,0.475235360629942
EVI2B,1.54695493126514,0.475235360629942
EMG1,1.60352623767323,0.475235360629942
MYH8,1.63392529559383,0.475235360629942
PLD3,1.58028111471227,0.475235360629942
OCRL,1.64338201676701,0.475617397721161
CYFIP2,-0.628744944979953,0.476199758412844
SFSWAP,2.54227523880567,0.476199758412844
DPYSL3,0.728120097837044,0.476568646993209
PKMYT1,-2.68421922704352,0.478360089282696
KAT2A,-1.50701411613214,0.478433303104092
IMMT,-0.478471801332869,0.478433303104092
ST3GAL1,2.11164217286287,0.478433303104092
GMFB,-0.750556711650997,0.478433303104092
SNAP23,-1.32771300884992,0.478433303104092
PRAME,1.98501718817664,0.478897555358042
ITGB3,1.78580260208847,0.47914720588291
HADHA,3.37622396109131,0.47914720588291
SERPINA5,1.5649912376767,0.480041089696567
NFATC4,-2.11046593496025,0.481090551995735
ARHGEF12,0.765015199927884,0.481090551995735
MNT,-2.55698793936977,0.481090551995735
FLOT2,-0.515812220941752,0.481090551995735
PSEN2,2.33814697671665,0.481090551995735
METTL1,-0.907172039586188,0.481090551995735
CSTB,0.613897016137084,0.481090551995735
TK2,1.86532620980197,0.481090551995735
GPM6A,0.580586001492419,0.481379914817449
SQLE,-1.99956691254598,0.481379914817449
RNF113A,-1.94695667442832,0.481739072892404
SERTAD2,-2.28910241618093,0.482665155445168
SLC35A2,3.03860441337316,0.482665155445168
RB1CC1,-0.591301141451225,0.482665155445168
EEF1A1,-0.584517638577061,0.484098415815851
TTF1,1.81876375348001,0.484098415815851
DNM1L,-2.63106631845851,0.484098415815851
PEX12,1.48270708498792,0.484098415815851
GYPC,1.92437224262336,0.484098415815851
B2M,1.43425120955342,0.484098415815851
ERVH-4,-1.8481362178713,0.484255007220924
KLKB1,-0.827780275165285,0.484278483402944
TFDP2,1.82718748984643,0.484278483402944
ARMCX6,-0.359161854889212,0.484278483402944
GRSF1,-1.433683002961,0.485326492279407
EIF2S2,-0.681575104464683,0.485326492279407
CFHR2,-2.41326512945905,0.485326492279407
HMGXB3,-1.70869449080758,0.485326492279407
ATIC,0.852496446299403,0.485326492279407
MOBP,-1.16476936163069,0.485326492279407
SKIV2L2,2.46653648901208,0.485326492279407
ATF2,-1.82516611064824,0.485326492279407
BBS9,-0.535779232775781,0.485326492279407
MATN1,2.07464637802406,0.485326492279407
PCYT2,-2.20973930567322,0.485326492279407
MRPL3,1.63710719840196,0.485326492279407
CMKLR1,-1.50745137910151,0.485326492279407
MECP2,-1.99808272211824,0.485368937117666
CNR1,-2.04106921211781,0.485368937117666
RPS6KA3,-2.09222544665306,0.485368937117666
HNRNPF,0.845805647369206,0.486515258526269
HK1,-0.572311402602709,0.486515258526269
SLC28A1,-2.62981263717624,0.486515258526269
RRH,2.39914578733479,0.486671729022568
SUPT5H,0.573133051340809,0.488182040394187
NCOA4,1.64521999688215,0.488713907200796
CPOX,-2.07472131322922,0.488713907200796
RPS15A,0.539386682776692,0.488946020703003
PTPRH,1.89015047120258,0.489595013545945
PIGA,-1.67995089400008,0.48979522778852
CCL22,-0.748418449343486,0.48979522778852
CUX1,-1.27186496865247,0.490547073161795
AFF2,1.62989037649009,0.490547073161795
ATN1,-0.686702968610389,0.490623131872102
STRN3,-1.33835968876563,0.490774514903079
PIAS1,1.96978365153733,0.493790810095182
CCR9,-0.715742424524866,0.493897518179036
LY9,-0.821697818604891,0.493897518179036
SMARCA1,-0.679337241688605,0.493897518179036
NCAM1,-1.3209920836837,0.493897518179036
CPNE1,0.589204857131474,0.49443380237343
CTPS1,1.87803554890552,0.49443380237343
RARS,2.24176078264502,0.49443380237343
VAV1,-0.810805514534081,0.49443380237343
GPC3,-2.40003390120981,0.49469668314906
PLS1,-1.7405187158969,0.49469668314906
MYLPF,-0.912212553574648,0.49469668314906
CXCL5,-1.54520879173105,0.4948895477131
PTH2R,-1.79071832033553,0.495073761664864
UBE2G1,-2.08344554650234,0.495073761664864
UMOD,-2.28787744990734,0.495073761664864
ITGB8,-1.83287218607803,0.495073761664864
CNGA2,2.01308135515817,0.495073761664864
PKN1,1.0302311004111,0.495073761664864
SCGB2A2,-1.06487631193372,0.495073761664864
ARID3A,1.07351361991094,0.495073761664864
TNFRSF14,-0.712647110805209,0.495073761664864
CALR,2.41625838540529,0.495073761664864
CHRM4,2.79838819161812,0.495073761664864
COX8A,0.564904390487467,0.495073761664864
RPLP1,0.559000819194353,0.495073761664864
FUT1,-0.988008974638447,0.495073761664864
ITSN1,-0.991436582921583,0.495073761664864
CHRNA5,-1.46815934092593,0.495073761664864
CCDC106,-3.14388437358305,0.495073761664864
PRKCA,-1.8060430350897,0.495073761664864
GPR4,2.27580025579196,0.495073761664864
SEL1L,2.2000528809278,0.495073761664864
SNW1,-2.0179230447702,0.495073761664864
PTGR1,1.67661034437787,0.495073761664864
FUBP1,-1.50627916633926,0.495566723643119
CELA2B,-1.8465226503919,0.495566723643119
ISL1,-1.09525937059503,0.495670123137738
SLC34A1,1.68276395531372,0.495670123137738
CEACAM7,-1.02581419665023,0.496445667716724
TRAC,-1.83371296964466,0.497113151973369
PNRC1,-0.632521179403623,0.497113151973369
ACTR1A,0.562660652823105,0.497113151973369
CYP2A6,-1.4896001403892,0.497165530651805
CNTNAP1,1.28019548706519,0.497165530651805
NPTX1,-1.91912477533104,0.497872491565355
PSMA2,2.45278541514517,0.499086247471465
IFIT5,-1.68757447710993,0.499086247471465
CSF1,-0.562428649213905,0.499086247471465
MGAT2,1.82182569995745,0.499086247471465
CD3E,-0.613671634935232,0.499086247471465
EPCAM,-0.88195837882396,0.499086247471465
CDC25A,2.5731739266881,0.499798962784201
TSTA3,-1.58960789531414,0.499798962784201
CLDN10,2.10998072876554,0.499851289386203
FN1,2.72364233237053,0.499851289386203
TGFBR2,2.24397196249889,0.500408208548823
ALB,-2.04565494313944,0.500408208548823
ODF1,-0.861793075895886,0.50041707432489
RAPGEF5,-0.779939154935441,0.50041707432489
NEU1,1.94361057442923,0.500514182411736
HADH,0.83284140371512,0.500594988339642
DUT,-0.732259025276617,0.500594988339642
DPF2,-0.754830127746096,0.500594988339642
TGFB3,-1.04656962023073,0.500594988339642
SPTA1,-1.23554595608807,0.500594988339642
SLC39A14,2.89815319262064,0.500594988339642
MAGEA10,-2.4619984362884,0.500594988339642
COL15A1,-1.97756958564882,0.500594988339642
OCA2,-1.60986334407009,0.500740842019145
FABP5,0.774717360321592,0.502317400023066
GARS,-0.810483151499383,0.502917124185433
KRT31,-0.746225230587141,0.5030226991096
COL6A1,-0.857600598186192,0.5030226991096
TPD52,-2.25234303608839,0.5030226991096
HLA-DMB,0.715554818288348,0.5030226991096
SFN,3.07365177105314,0.503848705192034
MOK,-1.03334452531041,0.503848705192034
USF2,1.44720504869972,0.503895242001572
OR1E1,-2.24766482420477,0.503895242001572
PDGFB,-0.981443173223626,0.503895242001572
RET,-1.75975002728861,0.503895242001572
RANBP2,-2.38766094484421,0.505125736505654
IFNA8,-0.689476737081316,0.50553159958632
SF1,2.72067416910808,0.50553159958632
FGFR2,-0.991915577146946,0.506158217463145
IQGAP1,0.495289955448415,0.507765387094101
CD163,2.13701595111447,0.507765387094101
INPP5E,-0.606417585963094,0.507765387094101
AHSG,-1.99313796263515,0.508256191704159
BTN2A2,-0.745968801228873,0.508256191704159
TCF12,1.96255444101159,0.508256191704159
TOP1,1.42215146834695,0.508994221007869
CCNG2,-2.20612415694936,0.508994221007869
TJP2,0.566006260857474,0.508994221007869
EN2,2.06893691660991,0.508994221007869
BNC1,1.67538664546063,0.508994221007869
CCR5,1.87960560063224,0.508994221007869
ITGB3BP,-0.767791132478727,0.508994221007869
AEBP1,0.519995030828881,0.508994221007869
NTRK2,1.1302115979236,0.508994221007869
TLE1,1.95542777621355,0.508994221007869
TMF1,-1.58280733170632,0.508994221007869
MDK,2.9023589547887,0.508994221007869
CBL,-2.00522342486128,0.508994221007869
NONO,0.509468730995474,0.508994221007869
HCLS1,0.868637442242461,0.508994221007869
EIF3B,1.98442894324189,0.508994221007869
AXIN1,2.93145192391017,0.508994221007869
C1R,-0.581086202664885,0.508994221007869
PRL,-1.39555969601818,0.508994221007869
CCL21,-2.23444402527252,0.508994221007869
SLC12A5,-2.75731317820628,0.508994221007869
SMARCA4,-0.679568719397361,0.508994221007869
OXT,2.66199746202554,0.508994221007869
IFNGR2,-0.72399030263497,0.508994221007869
PIGB,1.54592914401542,0.508994221007869
OAS2,-1.78614345358506,0.508994221007869
MRPL23,-2.16496545368131,0.509472308598603
SRSF11,-0.341155068020178,0.510091410305357
IGHM,-1.38688544162806,0.510091410305357
TMED10,0.574236526844269,0.510237574264708
PLA2G16,-0.443614010424422,0.510437935056874
TRIM28,0.547020684611354,0.510773675141119
CASP8,-1.98206352091687,0.510773675141119
PPP2R2B,2.00027105935808,0.510773675141119
GDF15,-3.12812162633735,0.510773675141119
RHOG,0.833904475481013,0.510773675141119
RNASE6,2.3186946250325,0.510773675141119
FXYD2,2.6974181594378,0.510773675141119
SLC7A6,1.98031230775077,0.510789540279084
BNIP3,2.06585723124292,0.510789540279084
ARSB,1.53908554533727,0.510789540279084
NDUFB7,2.4273287714639,0.510789540279084
FMR1,-0.450752094682541,0.510789540279084
PDK3,1.36514726083593,0.510789540279084
MAF,-1.83401156138505,0.510789540279084
GML,-2.04648594075006,0.510789540279084
TFF2,-2.07805500752099,0.510789540279084
CD34,-0.512084940869814,0.510789540279084
PSEN1,2.25246530539025,0.510789540279084
NFE2,-2.19855848208804,0.510789540279084
GALNS,-2.52140183411116,0.510789540279084
ARSA,-0.962379108667005,0.510789540279084
SELENBP1,2.09063076175058,0.510789540279084
BCAT1,-1.68571818618219,0.510789540279084
ITGAL,2.10632640644582,0.510789540279084
SLC3A2,3.63293722711836,0.510789540279084
GRM3,-1.87957431444828,0.510789540279084
DST,2.01200173871212,0.510789540279084
CNN2,2.10620789236994,0.510789540279084
ABCD3,2.10560869185392,0.510789540279084
CYBB,1.60416218442067,0.510789540279084
YLPM1,1.33663976869617,0.510789540279084
DPYD,1.445576830081,0.510789540279084
MEOX2,1.32654859864628,0.510789540279084
GGCX,-0.7540698168989,0.510789540279084
CYB5A,-0.610489474361492,0.510789540279084
AFAP1,-1.74505980373655,0.510789540279084
CSN3,-0.761176197533501,0.510789540279084
CDC37,-0.608581312598801,0.510789540279084
LTF,2.98705458226974,0.510789540279084
MYH10,1.93327586906367,0.510789540279084
ZNF345,1.10680223658953,0.511004764113604
MSX1,-0.432133724886357,0.511004764113604
NPY1R,-2.63748731463105,0.511004764113604
ZNF45,1.9382921569656,0.511004764113604
SPRR2D,1.63413004856521,0.511004764113604
FGF7,-1.99741049186692,0.511004764113604
VIP,-1.58402230025918,0.511004764113604
ABCC8,1.87773264648814,0.511004764113604
TEC,-0.85315840767405,0.511004764113604
EPOR,2.14489247009157,0.511510984511643
OXA1L,2.66363615497919,0.512396323303609
GRAP,2.16101652524071,0.512633231530795
GLA,-0.70005610072622,0.513552941789746
CCNO,1.86418674637202,0.514005404807657
CA7,2.99998615379989,0.514005404807657
POLRMT,-1.73280057886251,0.514017531508353
STARD3,2.02095167854324,0.514432052662429
SERPINB1,1.732747355886,0.514432052662429
DGKZ,-1.95605286277139,0.514432052662429
LTBR,2.29929736954192,0.514432052662429
IL2RB,1.76595817621179,0.514432052662429
ID4,1.49757168480853,0.514432052662429
OMD,-2.68625999613056,0.514432052662429
CKB,1.06490061738104,0.515108252150754
FLT4,-0.990958750709705,0.515108252150754
HSF2,-1.72237791161257,0.515108252150754
STXBP3,0.675627689122475,0.516677994386451
GCK,-3.04797711353472,0.516677994386451
SERPINA1,0.890420639127978,0.516740857881671
SPA17,1.53217181756789,0.516974559449485
IL23A,-2.36701597047581,0.516974559449485
ROR2,2.17006421483755,0.516974559449485
STOM,0.776568836064184,0.516974559449485
LAMA3,2.03586294506428,0.517222774977034
LRRC23,-0.863753192217185,0.517350144658472
CACNB1,-0.674265591890853,0.517800174057401
COL4A5,-1.45205464249218,0.517800174057401
RPS18,0.723610985340306,0.518650511803548
SRPR,1.73118710607426,0.518650511803548
HYAL1,1.83041876484042,0.518650511803548
CTAGE5,1.88123619689888,0.518650511803548
TRIM38,-1.34903063025214,0.519382622597439
SMTN,2.48331156933615,0.519382622597439
KRT85,2.29789514507454,0.520413980857831
PTGER2,-1.32644445258537,0.520413980857831
GRK6,-0.714955033727644,0.520413980857831
MSMO1,-1.82041302641636,0.520413980857831
NOVA1,-1.02529899800934,0.520577559074897
GALK1,1.76087166303522,0.521194340045901
NEFH,-2.77458516823486,0.521194340045901
NOS3,0.737165217594791,0.521194340045901
CDH15,-1.02602717553522,0.521481469842047
IFRD1,-1.02370987690755,0.521481469842047
CHRNA3,-1.48736799904944,0.522397411607255
KLC1,-0.591359008678761,0.522485502136142
NR6A1,2.01969931013583,0.52272992699794
MAP2K5,-1.66374415585821,0.522889862324776
TM9SF2,-1.40267935879119,0.523437227714434
TPBG,-0.994196684887131,0.523437227714434
TROVE2,2.3696457286565,0.523437227714434
NMB,2.9098721696961,0.523437227714434
DAP3,1.62387597790905,0.523437227714434
MCC,-2.24466912199584,0.523437227714434
SPIDR,-1.69848849138195,0.523437227714434
PRPH,-3.20882287215391,0.523437227714434
ALAD,1.73918210006805,0.523437227714434
EYA2,1.63317849588977,0.523437227714434
CCR3,-0.981931168698933,0.523437227714434
DNM2,3.26047215936863,0.523437227714434
JUN,0.947680821715364,0.523672441745049
PTH,-1.89221153042244,0.523672441745049
RPS14,0.390247744846958,0.525121399359419
LSR,1.73675306441088,0.525121399359419
SLC7A1,-2.12204090485044,0.525121399359419
PNLIP,1.15506626117345,0.52526258131827
ALDH3B2,-2.06638029625049,0.52526258131827
DCAF8,-1.06788289737393,0.525513658971123
KIF14,-2.17010390936959,0.525513658971123
MEIS3P1,-2.04258740832566,0.526328992568239
LIMK2,-2.83291370741511,0.526436610205089
ARNT,-2.2070643723186,0.526629881127964
ATP2A3,-2.39854263098324,0.526822437979683
H2AFZ,1.83894074399357,0.526822437979683
PKP4,-1.12534405494505,0.527129027682492
AQP6,-0.670372258257316,0.527247499289702
ATF6,2.2521838074018,0.527247499289702
KRT12,-0.94428413609764,0.527247499289702
RPL37A,-0.485776963933422,0.527247499289702
ERBB4,-1.43204990385262,0.527247499289702
RPGR,-1.56937177667851,0.527247499289702
CCL4,2.27072369581758,0.527247499289702
DDC,1.62793330447986,0.527247499289702
KRT83,-0.737928137625934,0.527247499289702
ST5,1.87612192615265,0.527367781786241
CD101,2.12549414893036,0.527424312677403
ILK,-1.94809369022894,0.527424312677403
PTPRF,2.22454253302548,0.527473412698379
HSPB3,0.817194854149927,0.527473412698379
MNX1,2.17498327261684,0.527473412698379
MATN3,1.19081853891724,0.527473412698379
FASLG,2.25241040984254,0.527473412698379
CDH6,-0.82974079288147,0.527473412698379
RAB5B,1.95959287448738,0.527473412698379
RECQL,-1.81843570107438,0.527473412698379
RPS29,-0.550741823748016,0.527473412698379
HELZ,2.50737143469012,0.527473412698379
RPS6KA1,1.69252468961807,0.527473412698379
SRY,2.07947229644739,0.528294972518706
PSMB10,0.876468909967356,0.528437759973033
TRIM14,1.53309163996598,0.528437759973033
JOSD1,0.540690577119106,0.529112543691021
FDXR,1.56978425456841,0.529531465821846
ZNF146,-0.682198332287253,0.529531465821846
KCNJ1,-1.64367438706794,0.529531465821846
MYF5,-1.7831416853342,0.530300916185412
ARL4D,-1.60392164250281,0.530571396136355
PIGF,0.6370924748469,0.530737994747826
THBS4,2.15059962807471,0.530737994747826
CBX1,-0.529761982601135,0.530781443617992
MATK,-2.05623726828841,0.530781443617992
RPS10,0.412717123755252,0.530824414217528
IFI44,-0.839053485211108,0.530824414217528
VARS,2.61364348527601,0.530824414217528
UBE2L3,1.78291259697183,0.530824414217528
RPS15,0.476210134668145,0.530824414217528
FERMT2,0.381057697969586,0.530824414217528
WNT10B,-2.29145278036063,0.530824414217528
EPHA4,1.63631121465385,0.530824414217528
LEP,-1.25135684428121,0.530824414217528
ALDH3A2,2.07196554652394,0.530824414217528
HGFAC,1.10571765279021,0.530824414217528
KIF1A,-2.83099234464925,0.530824414217528
SPTBN1,-0.624598371591047,0.530824414217528
TRIM22,0.791616704914953,0.530824414217528
TTPA,-1.46456709805659,0.530824414217528
IGFBP6,-1.13617114890246,0.530824414217528
GPR6,-1.43018667538866,0.530824414217528
CLEC2B,1.74811867291613,0.530824414217528
GLRB,-1.72587075141927,0.530824414217528
ARCN1,-0.4433225539786,0.530824414217528
PIM1,-2.1358562615007,0.530824414217528
HOXB7,2.07234567313087,0.530824414217528
IRF7,1.52954260218047,0.530824414217528
MARCH8,-1.01006708606653,0.531421363956464
C9,-2.34274164849386,0.531421363956464
UGT8,-1.16253333625591,0.531421363956464
CCRL2,2.44812166729732,0.531421363956464
RPS25,0.68429694813325,0.531719451452974
GPT,1.63895500020616,0.531719451452974
CALD1,1.78533091254587,0.531719451452974
LIMK1,-2.41833031551601,0.531719451452974
IGLL5,-1.14231352070428,0.53245404821207
PNOC,-0.732193651411221,0.53245404821207
PTPN2,-1.4455267192929,0.53245404821207
MYH3,-1.56239602143383,0.532670995388953
HPRT1,-1.08134236973521,0.532670995388953
KRT35,-0.799328536076677,0.532670995388953
CXCL8,-2.07271665315302,0.533331574699294
TOMM34,-1.39565754814405,0.533331574699294
NFX1,1.58221149807917,0.533331574699294
RPL41,-0.502966775995592,0.533408500390272
UBE2D2,1.73584164444142,0.533532624322219
CD96,-2.02243472429207,0.533532624322219
TFF1,2.59340057790413,0.533532624322219
PAFAH2,-0.685119917095646,0.533532624322219
CCR2,-1.61637932900621,0.533540683247499
INS,-2.26743711152733,0.534150838993233
SUOX,1.55434429075622,0.534150838993233
MYO5A,-1.67036772110349,0.534801127214867
SPI1,1.86301776750065,0.534801127214867
LDLRAD4,2.03659929260672,0.535111463358877
POU3F1,1.76719781541856,0.535111463358877
GAS6,-2.6502021580431,0.535148931984437
CFP,1.99678177969168,0.535148931984437
ACRV1,-1.0108705808707,0.535148931984437
ACTA1,-2.05642800371777,0.535148931984437
CRHR2,-2.03227483251956,0.535238742962834
DNAH14,-0.72001925970914,0.535238742962834
TAF4B,1.82490902496966,0.535238742962834
LBR,1.30818327311125,0.535434704805066
MRPL19,-1.52161432934598,0.537202387005909
RPL39,-0.567955081242721,0.537202387005909
KAT5,2.88213900121852,0.537202387005909
ALPPL2,-1.87291062327271,0.537276929206488
PALM,0.282338950117806,0.537629205105043
GNA13,1.65051304851253,0.538110105784586
NDUFA9,2.70523885882481,0.538110105784586
CALCA,-1.8260117377604,0.538110105784586
GRP,-1.88831537053257,0.538145741834862
ITGB1,1.22015147220766,0.538240962370508
MELK,1.3186086663814,0.538240962370508
DYNLT1,0.581049354196518,0.538255166624265
MAGEA12,-1.49474071546697,0.539451475285511
FZD9,-2.04951350878144,0.539676790650895
STAT6,1.656262779402,0.539676790650895
P2RX5,-1.01324777637225,0.539676790650895
C7,1.86859823739078,0.539676790650895
EPHA5,-1.44526947326937,0.539676790650895
LGALS2,1.34631666968065,0.539922312413594
RBP1,-0.426949755703623,0.540233679911293
RASL10A,0.555330762043722,0.540732049635059
P2RX1,2.21472673527061,0.540732049635059
MFAP3,-1.96403071454114,0.540732049635059
FHL1,-0.432784043147354,0.540732049635059
ARF6,1.78665507568131,0.540732049635059
ERF,2.28885472075565,0.540732049635059
IFNA21,-1.55457740901145,0.540732049635059
SAFB,-0.513863679048031,0.540732049635059
FAH,-0.54450503888588,0.540732049635059
PIK3CG,-1.31681781251552,0.540732049635059
CREB1,1.67897611003613,0.540732049635059
ZNHIT3,-0.492390689998398,0.540732049635059
FUS,-0.539616961969848,0.540732049635059
PROS1,2.29074986118406,0.540809382220601
ANXA2,0.796180144165991,0.541062622383624
LPCAT3,-0.60733811295218,0.541062622383624
FUCA1,0.725050360491503,0.541062622383624
CCT2,1.56941346044004,0.541062622383624
IVL,2.57997331501753,0.541062622383624
LHX2,-0.601772321686126,0.541062622383624
DLGAP1,-2.13896255354863,0.541062622383624
DGKQ,1.02520490656563,0.541062622383624
SLC5A3,-1.53715700327034,0.541062622383624
REG3A,-1.34749232313134,0.541062622383624
HEXB,1.77310673685658,0.541062622383624
PLK4,-0.92752247006813,0.541062622383624
LSM1,2.08363434578857,0.54160105572807
DNAJB4,-1.91660150581127,0.54160105572807
BLVRB,0.510807489533214,0.54160105572807
DMP1,1.54582555666544,0.54160105572807
PURA,-0.771875104099498,0.54160105572807
PPP2CA,-0.405392341420868,0.54160105572807
ADRA1A,-0.939013813998486,0.541852444234747
TP53BP2,-0.759863424109344,0.541852444234747
ERBB3,-2.36962075532096,0.541852444234747
XPO1,-0.412665042485148,0.541852444234747
CD300C,2.01182618335385,0.541852444234747
POU2F2,2.10509390327801,0.54186105568309
SRSF6,-1.79461892871322,0.54186105568309
SEPW1,-0.446106259780553,0.542471914688575
PNP,0.453975741929069,0.542471914688575
CCT8,1.64982667281994,0.542471914688575
MTMR1,1.93017374309242,0.542471914688575
EHHADH,-1.74933680476371,0.543722529645012
ITSN2,0.752505114009818,0.543722529645012
ATP5A1,2.46499028613176,0.543722529645012
F12,-1.91430585208585,0.544180279277265
BMP1,-1.83086429581184,0.544200941986241
PPAP2B,-0.291560634085181,0.544200941986241
SLC18A1,-0.810514334696796,0.544200941986241
SLC5A5,-1.5978532361902,0.54427206009403
TLX1,-1.86984847148395,0.545237333988886
LPL,0.749219855124698,0.545286200176367
MMP11,-1.48415420750217,0.545486214809515
SLC17A1,-2.07329506954024,0.545486214809515
C1S,0.789423348819488,0.545579226592134
IRF9,1.75128824398007,0.545656350384837
GNAO1,-0.823134151435315,0.546662633492584
TPM2,-1.77791401554199,0.547045281770067
NFKBIB,-1.86432652061102,0.547045281770067
HINT1,1.6564370727625,0.547045281770067
RGN,1.62368567151383,0.547045281770067
NR2C1,-1.6607186282928,0.547045281770067
CNGB1,2.38734151726243,0.547045281770067
USP5,-0.641728568257077,0.547045281770067
NF1,2.06652024475135,0.547109123495493
LTK,1.79346853769195,0.547495927391027
PHB2,0.851125646869693,0.548643097980764
NCOR2,-0.595245267721642,0.548781892172687
ALX1,-0.947399539823159,0.548781892172687
UROS,-1.63659018849362,0.548781892172687
DGCR6,-0.491722457398309,0.549096557808742
OLIG2,2.10844278357591,0.549096557808742
MCFD2,1.48405118754921,0.549096557808742
MOB1A,0.768526361637168,0.549096557808742
MPHOSPH9,1.23588663565766,0.549096557808742
TEAD1,1.98981848451646,0.549096557808742
HMBS,-0.673547332663459,0.549096557808742
TAF7,-0.474193060557941,0.549096557808742
RAB2A,2.20782794107594,0.549096557808742
RTF1,2.05855157694325,0.549138416910065
TMEM151B,2.50029891139333,0.550317276882689
SNCA,-0.596180494196494,0.550490037677952
SLC5A11,-1.31292977315149,0.550508358913773
ITGA2,1.51710934801882,0.550508358913773
MAPK7,-1.30479213011554,0.550508358913773
F13B,-1.34592841767622,0.550508358913773
COPS6,-0.419483558086259,0.550508358913773
PIGR,-2.02547828541831,0.550508358913773
GCG,-2.18644461846146,0.550508358913773
TIAM1,-1.036167501645,0.550508358913773
DHH,-1.24317316350106,0.550508358913773
MZF1,-1.21324939690333,0.550508358913773
TRADD,-1.67592742017952,0.550508358913773
KRT8,2.38816715625163,0.550508358913773
DCHS1,-1.75392345177629,0.550508358913773
FKBP3,-1.70743068377151,0.550508358913773
PEX13,-1.0601447999099,0.550508358913773
SNCB,-1.67337173937483,0.550508358913773
HPX,2.41236509810365,0.550508358913773
STK4,-1.13089048901425,0.550508358913773
CPN2,-1.13010556213161,0.550508358913773
MYCL,-1.123763882092,0.550508358913773
HCP5,-2.12350519633151,0.550508358913773
GPR183,1.42970847424155,0.550508358913773
ASL,-1.10234773403442,0.550508358913773
RAE1,-1.10149808991896,0.550508358913773
XCL1,1.08048202372184,0.550508358913773
DLX2,1.08048202372184,0.550508358913773
CXCL2,-2.56287623610299,0.550508358913773
SRC,-1.32912695477578,0.550508358913773
ATP4A,-1.32640144739636,0.550508358913773
FOLR2,-1.31528866815389,0.550508358913773
ZBTB48,-1.02080334206224,0.550508358913773
KIAA0247,0.639311763071822,0.550508358913773
HMOX2,-1.66511806046717,0.550508358913773
PHB,-2.22631931659657,0.550508358913773
S100A9,2.70095201914857,0.550508358913773
RAD52,-0.983864936951322,0.550508358913773
NFIX,2.24901560961194,0.550508358913773
IFNA14,-0.959485810472756,0.550508358913773
CDKN1A,2.873861607648,0.550508358913773
DANCR,2.37281699681516,0.550508358913773
CMTR1,0.543678891510371,0.550508358913773
GTF2E1,-0.634743170449102,0.550508358913773
NAT6,-1.17856137941653,0.550508358913773
FGFR3,-0.703474746933979,0.550508358913773
SLC18A2,-1.47320400595723,0.550508358913773
CD40,-1.80124907369375,0.550508358913773
STAR,-0.872963274082418,0.550508358913773
DHRS2,-0.57165125991855,0.550508358913773
SKI,-0.871356706792558,0.550508358913773
UFM1,-0.864857904659324,0.550508358913773
RAPGEF3,1.60579280816225,0.550508358913773
ADCY1,1.59643082684841,0.550508358913773
PTGER3,-1.04248125036058,0.550508358913773
CKM,2.06864484559427,0.550508358913773
CYB5R3,-1.17898280346759,0.550508358913773
CCDC88A,-1.05912315459532,0.550508358913773
TANK,-0.869722799029773,0.550508358913773
CAT,-0.540625816696011,0.550508358913773
HIST1H4H,1.50030656972655,0.550508358913773
EXOSC2,-0.826857131298061,0.550508358913773
HNRNPK,-1.03660690188489,0.550508358913773
FLII,-0.825030931142253,0.550508358913773
GATA3,-0.367456260523118,0.550508358913773
DCUN1D4,-1.28002849017231,0.550508358913773
CHRM1,-2.10225046891654,0.550508358913773
PITX2,-0.90514660261297,0.550508358913773
FGB,1.51315902504661,0.550508358913773
RFTN1,0.511282372021787,0.550508358913773
PROC,-2.68834457706497,0.550508358913773
PDHA2,-1.93388651763298,0.550508358913773
POLR2E,-1.09182725765776,0.550508358913773
SEC61B,2.2432463900055,0.550508358913773
MAP4K2,-0.837624311771031,0.550508358913773
IL12RB2,-0.841143108073963,0.550508358913773
INPP5K,-0.838034135183795,0.550508358913773
RND2,-2.67277036196068,0.550508358913773
PIP5K1A,-0.600222086618944,0.550508358913773
GNG4,-0.764945974507324,0.550508358913773
EGR4,-1.47822233405749,0.550508358913773
GIPR,-1.48942062154128,0.550508358913773
RABIF,-1.48883982631075,0.550508358913773
GTF2H4,-1.62793816344184,0.550508358913773
CASP10,-2.03318916344754,0.550508358913773
PRKAG1,-1.791914149854,0.550508358913773
RPS5,0.615558626309456,0.550508358913773
IGKC,-1.80022146782528,0.550508358913773
PCNA,0.630436767062008,0.550508358913773
MTHFD2,1.16396680648075,0.550508358913773
FAAH,-1.71254851091527,0.550508358913773
PDE6G,-2.00967339736797,0.550508358913773
MEF2A,-1.45543157786773,0.550508358913773
PTPRN,-0.593660096301937,0.550508358913773
P4HB,2.66734276462357,0.550508358913773
NOTCH4,-1.24788718726333,0.550508358913773
GGT5,3.05617623424421,0.550508358913773
ATP6V0A1,-0.46675872795273,0.550508358913773
GLRX,0.909072082858941,0.550508358913773
SERPINA7,-2.40745258034719,0.550508358913773
PKLR,-2.23467487375213,0.550508358913773
STXBP1,-0.491648594885589,0.550508358913773
GNB3,-1.21573956894994,0.550508358913773
ARHGAP35,-1.44105203253499,0.550508358913773
CNTFR,-1.44599510342095,0.550508358913773
MARCKS,0.80829824375612,0.550508358913773
HOXC6,-0.377706056560134,0.550508358913773
CSRP2,1.99607604286759,0.550508358913773
SMARCD2,-1.61519083035709,0.550508358913773
PON2,0.37782553451828,0.550508358913773
GNA15,-1.83696069840954,0.550508358913773
CASP7,-0.969078936617716,0.550508358913773
PRSS8,-1.87535978628972,0.550508358913773
SH3BP2,-2.10455479346155,0.550508358913773
ALDH3A1,-1.88941378868135,0.550508358913773
BLMH,-1.76055164802475,0.550508358913773
CNR2,-2.16133924599634,0.550508358913773
HNRNPC,0.30459333325801,0.550508358913773
GNAS,2.74268378097012,0.550508358913773
NEDD8,0.384089079084486,0.550508358913773
RAD51,1.57259643966489,0.550508358913773
GCH1,1.38423831069435,0.550508358913773
FMO1,-2.32748682661322,0.550508358913773
NFE2L2,1.34170645917629,0.550508358913773
E2F5,1.49901374233035,0.550508358913773
IL1RL1,1.33859801160794,0.550508358913773
CACNA1D,1.97082069778976,0.550508358913773
CCNA2,-2.26103336032064,0.550508358913773
FKBP2,-0.449348718815504,0.550923244296723
AVPR2,-0.806241591250068,0.550923244296723
NEDD9,-0.792481250360577,0.55157744474327
GART,-0.78232075423624,0.551923247746437
AQP4,0.94770788071323,0.551923247746437
AFP,-0.756700014835928,0.552115962357324
ALOX5,1.7847361157701,0.552115962357324
UBTF,-0.691910195437458,0.552115962357324
KRT1,-2.33515187556785,0.552115962357324
ARL6IP1,0.51400850328649,0.552115962357324
SYT11,-0.483825938185049,0.552115962357324
PBXIP1,0.833953952254356,0.552115962357324
CDKN3,-0.703409212279238,0.552235179228034
SCN5A,-0.733864936951321,0.552235179228034
AVPR1A,-1.37234951570271,0.552235179228034
GCM1,-0.771475197046247,0.552235179228034
HSD17B1,-0.733864936951321,0.552235179228034
HMGB2,0.910020190354997,0.552235179228034
HAB1,-0.743173163501066,0.552235179228034
POLR2B,1.36852422748658,0.55289515057724
EPHB3,-0.791461188850894,0.55289515057724
SSR2,-0.420572587161116,0.55289515057724
POLR3D,-0.925083627198624,0.55289515057724
PMEL,-1.74300300212391,0.552940713433319
FGF1,-0.539150785615471,0.553153487967042
NPPB,-1.98451034975549,0.553153487967042
SLC25A5,0.743450692767746,0.553153487967042
PSMD5,-1.78826112096132,0.553153487967042
PCBP2,0.690003596854414,0.553153487967042
KIFC1,-0.691383686590743,0.55323594302618
ZPBP,0.684241398541552,0.55374555015256
EFNB2,0.853569730284561,0.554798228838868
CXCL6,-1.82441892699218,0.555655699305217
SPP1,-0.631708029407877,0.558357930125381
CDC34,2.15842566229401,0.558379617749814
TP53I11,-2.11416400126266,0.558426104967077
UBE2S,1.82840482411354,0.558662429720166
GBP1,1.58888363397815,0.558897524072459
CSTA,0.762765666075941,0.558908896109815
TRIB2,-1.99770531458582,0.559463074060819
DHCR24,-2.37542367127993,0.559463074060819
ATP1B1,-0.73635384683991,0.559463074060819
PTPRA,0.789293389224936,0.559463074060819
NOS2,-1.75019390024238,0.559463074060819
IL4,-0.614857904659323,0.559463074060819
LRRC32,-0.732896953043234,0.559463074060819
SCARB2,-1.71549633186124,0.559463074060819
LRRC6,-1.22037282523027,0.559463074060819
HAX1,-0.502201647511976,0.559463074060819
MADD,-0.715993435015848,0.559463074060819
SF3A1,-0.611564057472391,0.559463074060819
CA3,-1.14488887208868,0.559696655387087
TYRO3,-1.96139997518731,0.559696655387087
IL11,-1.68202240342751,0.559696655387087
HLA-DQB1,1.52028097514539,0.559696655387087
PPP1CC,-0.520658033048079,0.559696655387087
EXT1,-0.877505205713085,0.559979730667868
ACTG2,2.07371733897837,0.560547435515533
PAX8,-0.66758407023185,0.561208474145394
CGRRF1,-1.27446137396626,0.561525799549783
MNDA,1.36105247712046,0.561525799549783
POU4F2,-1.23310801387916,0.561525799549783
SNRPD3,1.33878747833315,0.56153486996616
HMOX1,1.84251710892596,0.56153486996616
DPF1,-1.81825372130753,0.56153486996616
KLK6,-0.537418491347228,0.56153486996616
SKP2,-1.87973238241178,0.56153486996616
NFIC,-0.528405799660543,0.56153486996616
FUT5,-1.11927420132653,0.562280013598939
ITGA3,-1.67733391061415,0.563331222312961
ADH5,0.90616809384087,0.563331222312961
S100A12,1.86248764852613,0.563429537241145
BZW1,0.518830478068709,0.564418127270347
MARK2,-2.28630029780638,0.564418127270347
ANPEP,-1.47313456076483,0.5646185213048
ATM,-1.90752276330741,0.5646185213048
MUC1,-2.34720553105422,0.5646185213048
ABCD1,-0.534375880937484,0.5646185213048
ITGA6,2.07660048550682,0.5646185213048
LRRC17,-1.10398848270573,0.5646185213048
VAMP2,0.651977789831081,0.564690320772254
HDLBP,-0.316087825510813,0.564949847925574
NFYB,-1.64812602065219,0.565704613686204
COX10,-0.666422715551134,0.566331303908133
RAB13,-0.479498050390786,0.567127271390211
LILRB1,1.55043012108815,0.567127271390211
ILF2,0.491177561180136,0.568148259358451
RPL7,-0.376856745716559,0.568416821438201
HNF1A,-1.82515677678435,0.568696582425494
GPR12,-0.837909644713099,0.569088622304005
PCCB,1.4505734428319,0.569088622304005
KCNJ4,-1.62710773407274,0.569390799907466
TACSTD2,1.61583427997734,0.569390799907466
HSD17B2,-0.900225484228335,0.569390799907466
IRF4,0.500000000000001,0.569390799907466
GNAT2,-1.01333162675713,0.569390799907466
TLE4,0.598495546230255,0.569390799907466
SMARCD3,2.04769012436712,0.569390799907466
MAPRE1,-0.815522467127231,0.569390799907466
GRIN2A,-1.54225476255931,0.569390799907466
SALL2,-0.525926708398396,0.569390799907466
COG2,-2.36991680518807,0.569390799907466
S100P,-1.06499306593155,0.569390799907466
CENPE,-1.64359110502728,0.569390799907466
PTAFR,1.50151256101359,0.569390799907466
SCAF11,-1.33502961476878,0.569390799907466
GCDH,-1.06411558990626,0.569390799907466
FLG,-1.08761266944525,0.569406571874965
KIAA0368,-1.67205688183743,0.569406571874965
CDX1,-1.89106408103825,0.569406571874965
MFAP4,-0.732894785533414,0.569847252307164
PMS1,-1.32274901197917,0.569847252307164
LCP1,2.02654060221531,0.569847252307164
SAG,-1.77880724808957,0.570482327917777
ATP5G1,-0.43091489469956,0.57053493489043
RALBP1,-0.290653604192975,0.57053493489043
PDIA3,1.70665451855063,0.57053493489043
GTF3C1,-0.437675651816262,0.57053493489043
ZNF32,0.561412726168053,0.57053493489043
GNGT1,-1.24003423306978,0.57053493489043
RCN1,2.14160901668588,0.570862159043244
GATAD1,0.6372285651405,0.571142583152023
DCK,-1.4757005549682,0.571142583152023
AP3B1,1.68801155753433,0.57118748669289
IRS1,-2.0674339963173,0.571193401958336
CDH4,-0.627654538052742,0.571386880769314
UBE2V2,-1.0709599393605,0.571386880769314
CD48,0.80946679666747,0.57150952069263
PRR15L,-0.878534257211831,0.571954089834385
ORC3,-0.72210122108963,0.571954089834385
FKBP1B,2.54556231557314,0.571954089834385
NPAT,-0.513846868670022,0.571954089834385
NR2F6,1.81432522292004,0.571954089834385
MAP1B,-0.411328390065394,0.571999293571095
TNNI1,-2.0299317751325,0.572170358270477
FGF13,1.64464982623508,0.572846649990322
AREL1,-0.939490062003337,0.572872478239527
TAF11,-1.4489479720722,0.573394575131908
TAF1,-0.704252069754409,0.573509788082706
NAB2,1.60382875191367,0.573708654836392
ZBTB16,1.79097635177743,0.573708654836392
BCL6,0.964427629106869,0.573708654836392
SERPINB3,1.80797054251367,0.574422985314249
TG,-0.441383686590743,0.574422985314249
CHN1,-0.426663600539746,0.574871815930084
ITK,1.62788437547263,0.574871815930084
MPI,-1.63234649719448,0.574871815930084
IP6K1,-0.555005568468863,0.574871815930084
SRRM2,0.434241398541552,0.574871815930084
CPB2,-1.28306422069577,0.574871815930084
NPRL3,-2.00691260883791,0.575592706127104
PTPN11,1.72516683670273,0.575592706127104
PLCD1,0.423492088508592,0.575592706127104
DLG3,-1.56728409150357,0.575667433121309
POSTN,-1.49670823967133,0.575667433121309
UGT2B4,-0.944848670939344,0.575733951427014
PMS2P3,-1.84835926151621,0.575733951427014
CCND2,0.906237891389242,0.576053243939626
NUP160,1.6778564641277,0.576733535623425
FOXN3,1.58386615477655,0.576733535623425
ELF2,-0.700736026238111,0.576733535623425
AZIN1,-0.593100606469726,0.576746051345502
ZNF516,-1.42988605376347,0.576795974583709
MGAT5,-1.8951850569706,0.576795974583709
TTR,2.12976533268763,0.576996957905964
CRK,2.13596632288908,0.577564704172081
KCNN3,2.18671819886892,0.5781414873972
CETN1,-1.09588235758205,0.578307774422653
CYTH1,-1.5389487003994,0.578307774422653
MYL4,-1.18691448609456,0.578307774422653
GLTSCR1L,1.65184363232782,0.578454092552661
PLAT,-1.54715233307597,0.578454092552661
SSTR1,-0.909482984613906,0.579267870007448
SLC14A1,0.696960324453325,0.579267870007448
SAA1,-1.54662985506131,0.579267870007448
AGPAT2,-1.7370694637903,0.579267870007448
AK1,1.26216901232339,0.579267870007448
COL4A6,-1.82470872275214,0.579267870007448
IL15RA,1.80805877246408,0.579267870007448
HK3,-2.32888556878061,0.579267870007448
TNFRSF1A,2.53599691426463,0.579492573119903
CD97,1.1616891096539,0.580131571610284
RAB9BP1,-1.24153319738835,0.581170711752539
ARHGEF7,-0.441326666585406,0.581170711752539
GZMB,1.79136982965977,0.581776601777999
CHAD,2.23837046850427,0.5830307276062
ATP1A1,-1.15781425766069,0.5830307276062
CYAT1,-1.60092942986953,0.5830307276062
SPARC,0.601244147322396,0.5830307276062
ENPP2,-0.526674779141475,0.5830307276062
STAT4,0.952771299654611,0.583579006404723
KCNB1,-0.719215078150505,0.583579006404723
NFKB1,0.766125747168203,0.584292791536491
SLN,-1.9958457768229,0.584292791536491
CENPI,-1.4796134860833,0.584292791536491
ELAVL2,-1.31235779696018,0.584623800751903
CA5A,1.64526813823015,0.584623800751903
JMJD1C,1.88839547718006,0.584623800751903
TGM2,-1.4608860658038,0.584623800751903
MAP3K10,-0.7988287374263,0.584623800751903
HSPA6,-1.9037394861414,0.584623800751903
UNG,1.21820483661202,0.584623800751903
CA4,-1.9874561513736,0.584623800751903
ZNF43,-1.30483555579417,0.584623800751903
AIMP1,-1.46371131179043,0.584623800751903
SPINT3,-1.71844127892436,0.584623800751903
RPL27,0.336359254767142,0.584706230220507
TCHH,0.601701577666501,0.584983280089497
ACAP1,2.72958951881602,0.585785455875098
ENG,2.57904453162587,0.586818363992338
PPP2R5E,-0.522695261121395,0.588178639311574
TUBB4A,0.829272141169925,0.588178639311574
PRRX2,-0.652427505140052,0.588178639311574
ADAM17,1.81802150367596,0.588178639311574
HLA-DQB2,1.35997212728681,0.588178639311574
FUT3,-0.912726176948754,0.588178639311574
GPX4,-0.274726536960598,0.588313014215823
RELA,1.26520648869445,0.588313014215823
IFT88,0.969184472262722,0.588313014215823
ZP2,-1.43629955314188,0.588313014215823
DSG1,-1.5927684770832,0.588313014215823
LIFR-AS1,-0.784957942681022,0.588313014215823
APOBEC1,-1.67795624806846,0.588313014215823
JADE2,-1.55198709635614,0.588313014215823
PRKD1,-0.955570626674408,0.588313014215823
RNASEL,0.73531498927746,0.588313014215823
HMGN3,1.51261711470346,0.588313014215823
PFKM,1.63432129625808,0.588313014215823
VIPR2,-1.76345671452245,0.588468755286465
HCG26,-0.364857904659324,0.58859646052474
CTGF,2.00686635502168,0.58859646052474
LDHB,-0.419000876206123,0.588920397802444
IFIT2,-2.07831367252964,0.588920397802444
IL12B,-1.36910108383809,0.588920397802444
PEX5,-0.543847754487263,0.588920397802444
RBPMS,0.926857636194446,0.588920397802444
PSMA5,-0.433986606877205,0.588920397802444
TRIP12,-0.37939481030139,0.588920397802444
ZNF8,-0.644202630010772,0.588920397802444
MAPRE2,-0.501779773020234,0.590098801243575
FILIP1L,1.17112029330061,0.590098801243575
LTBP1,1.24014177558685,0.590098801243575
ARHGEF2,-0.45412243955505,0.59028662376408
PSMB4,0.459130349481693,0.59028662376408
E2F1,0.502354100960778,0.590394268812145
WNT7A,-1.93083185739562,0.590605504335683
PDK4,-2.09607424027213,0.590663908350019
GRN,0.943318699685745,0.590784058136877
CCL2,-0.612867454006846,0.590791624979822
TEK,1.60742533884165,0.591023178817605
FST,-0.351498089918958,0.591189859250715
SLC2A2,-1.64219400139916,0.591189859250715
ATP5C1,0.588437154224428,0.591189859250715
NDUFV2,1.97108906684267,0.591456554763364
CDH13,-0.826504032713823,0.591456554763364
LIPC,-1.43715535300342,0.591456554763364
CDC27,-1.67621549356463,0.591456554763364
MORC3,0.494799885098846,0.591456554763364
MUC5AC,1.85639504655558,0.591456554763364
SCN4A,2.57992138754386,0.591456554763364
BHMT,1.04246995462666,0.591456554763364
BTF3P11,0.900265342159119,0.591456554763364
GATA2,-1.85802549576316,0.591456554763364
DCLRE1A,0.64057389384508,0.591456554763364
CLCN1,-0.905170662558586,0.591456554763364
MAL,0.400644132637741,0.591505665350923
SMR3A,0.749507260947986,0.591698379985536
TRAF4,-0.309434653735265,0.591698379985536
GPER1,-0.527274982061055,0.591698379985536
ELF3,2.33995657809849,0.592077850857933
DIAPH2-AS1,-1.08113595334182,0.593002395165214
TNNT1,1.08259770972716,0.593357474058287
KMT2C,-1.49365880769363,0.593357474058287
ETF1,-0.567190064442107,0.593357474058287
SYT1,-0.828777678794083,0.593357474058287
MTTP,-1.01995681667911,0.593357474058287
TBC1D31,-1.21263077393089,0.593357474058287
CA1,1.59550383198784,0.593483323028612
JUND,-0.479717104451296,0.593483323028612
CENPC,-1.57086574554817,0.593483323028612
VAT1,-0.6928588696847,0.593500496550484
VASP,0.820659976735969,0.594749838942919
CSF2RA,-0.547100487753067,0.594749838942919
CLOCK,-1.28256653455398,0.59495510850543
WRN,1.52151308467778,0.594969717914595
DMC1,-0.652643904885306,0.594969717914595
SPCS2,0.432387754272069,0.594975545011699
CYB561,-0.648692004903168,0.594987794793929
TNFRSF11B,-1.2774527256724,0.595066905151007
CST4,-0.33048202372184,0.596367244415879
LILRA2,1.67458781703609,0.597107348971089
MUC2,2.21728700333351,0.597107348971089
CRYGB,1.64170655707589,0.597143780631933
LZTR1,-1.8164129691876,0.597143780631933
RAB7A,1.64731552890449,0.59726955990951
F8,1.25092683090189,0.598070088435638
FSTL1,-0.9727244517478,0.598182537024479
MCM5,-0.634987972344298,0.598182537024479
DECR1,-1.6471443724722,0.598182537024479
EMC1,1.78480327236484,0.598519807904977
ACTL8,-0.979428114993029,0.598771214346128
RNASE3,-0.70790092358572,0.598920264590747
NEFL,-1.03974616718013,0.59913747401255
TM9SF4,2.13997109172354,0.599276480373895
ALDH1A3,-1.57252190788853,0.599276480373895
ABCD2,-1.21543944744529,0.599276480373895
NAP1L1,-0.417683696047462,0.601459253602345
HLA-DOB,-0.540885854250998,0.601459253602345
GRIK1,-1.66571731026332,0.601459253602345
MSH6,-1.36096987788305,0.601459253602345
EVPL,-2.3903952307547,0.601700723605214
PDE3B,1.26185698210565,0.601700723605214
H2BFXP,-0.947593355714687,0.601700723605214
CAPRIN1,0.948373762374308,0.601700723605214
COMP,1.69416325802296,0.601700723605214
LRP2,-0.315758601458448,0.601700723605214
NUP153,1.92840973629795,0.601700723605214
KCNJ6,-1.64191374385224,0.601876000913293
CLU,-0.547987831339,0.602350846143795
REG1P,-0.540710296882374,0.603087332454961
SGCD,-1.43427924119526,0.603216429695419
SLCO2A1,-1.07836000590076,0.603216429695419
SNAPC1,0.60971673572587,0.603216429695419
BFSP1,1.05216741992937,0.603216429695419
HOXD10,1.15834025089181,0.603216429695419
NEDD4,-0.89176324143545,0.603216429695419
EDN3,-1.54508912365376,0.603655670096638
HYAL2,0.493904890601122,0.605044749461885
CKS2,-1.02300776779948,0.605044749461885
PREP,-1.39690445651088,0.605601801804837
LMO2,1.43580349643121,0.605601801804837
USP11,-0.415397208721123,0.605601801804837
BCL9,2.19466884662494,0.605601801804837
HBD,-0.78992018852427,0.605601801804837
CSNK2A2,-0.723216838239379,0.606135907613355
SNRPA1,-1.25663235025064,0.606135907613355
ITGA9,-1.67827015145569,0.606851893886693
IRF2,-1.44610377689308,0.607252348125449
CRISP1,1.28723101165033,0.607261215967309
ACAA1,-1.89585324996612,0.607261215967309
DUSP7,1.31613685914012,0.607529987640583
DRG2,-0.493673219686791,0.607529987640583
SHC3,-2.42486911038476,0.607529987640583
PROCR,0.526722955477126,0.607529987640583
AQP3,-0.633494132126092,0.608108982439408
APOA1,1.64228902982081,0.608108982439408
PUM1,-0.314450788056469,0.609275559487405
TRAPPC10,-1.05107334654125,0.609275559487405
ESD,0.442358585384786,0.609518401263881
NCF1C,1.49961621578104,0.60993269911303
NRG1,1.94159792166095,0.60993269911303
NNAT,-0.476808082235561,0.60993269911303
RPL6,-0.213013773560723,0.60993269911303
HCFC1,1.44473136628,0.60993269911303
HIST1H1T,1.66739180694728,0.60993269911303
NKX3-1,-1.77550112840657,0.60993269911303
GCSH,-0.532985063726311,0.60993269911303
S1PR1,0.797592262062176,0.610020750890432
GPR162,-1.25773870551141,0.610790983908159
BCAM,-1.43437298800759,0.611682273941634
JUNB,2.06417567459235,0.611682273941634
GHRH,-2.39354067431955,0.611682273941634
ECI1,1.54959727284375,0.611682273941634
ADD2,0.553742873283937,0.611853360738597
SEMA3C,-0.707548112411295,0.612029765648274
ATP1A2,-1.67392442391223,0.612119474004877
EPHX2,0.911580929927748,0.612123473645182
NR1H2,0.438455848231932,0.612185787355636
LLGL1,-1.45275957902764,0.612320014994797
NKRF,-1.37672550392991,0.614261921592773
RCC1,1.5675495713353,0.614317272571736
LRP8,1.37241273064867,0.614317272571736
U2AF2,-1.39423209651545,0.614792468547831
KNG1,1.078248979218,0.614792468547831
COL2A1,-2.07466336654091,0.614792468547831
TCEB1,0.992452323978934,0.614792468547831
HLA-DRB5,1.69196471410237,0.614792468547831
ATP2A1,1.24086366361002,0.614792468547831
UNC119,-0.497180428611795,0.615563467896063
PI4KA,-0.395001163739964,0.615937466094035
GLIPR1,1.44929433080322,0.615937466094035
TTLL12,1.66493706675064,0.616087145910269
KSR1,1.76159609604191,0.616087145910269
TUG1,1.49722294863713,0.616087145910269
ADAR,1.68238326777941,0.616087145910269
SIK1,-0.668585041327679,0.616087145910269
CHRFAM7A,-0.595326815192672,0.616087145910269
MPZ,-1.13306221438169,0.616364862223211
RHD,0.715386646280034,0.616364862223211
ARFRP1,0.477057789879099,0.616524395126057
ST13,-1.04221718267408,0.617493533986435
FCAR,-1.07792965854081,0.61904682170689
ACVRL1,-1.71681760702584,0.619520223956198
C8A,1.45260998831142,0.619640653996986
TSN,1.34433055306795,0.619640653996986
ZFHX3,-1.78933280798482,0.619705456819531
MAP4K5,-1.06323883954418,0.619717633008384
C6,-1.22964675601458,0.619718239090427
TMEM41B,1.30417207333818,0.61974088087922
DYNLT3,-1.00701367300391,0.620045915319439
PWP2,-1.20853032624924,0.620165504249978
CUL4B,-1.39317432330565,0.620165504249978
JAG1,-1.34232529108169,0.621192161167302
ID3,0.496008956989316,0.621192161167302
ALG13,-1.25317972813772,0.621304922169123
TOB1,2.35510366154747,0.621304922169123
SLC12A2,-1.53654708265129,0.621304922169123
IFI44L,-0.799360790458836,0.621451060452269
ABCA3,-0.468149591066242,0.623175200222288
PRPS1,1.21657142746337,0.623175200222288
SH3GL1,1.15208301559865,0.623175200222288
POM121L1P,1.37939347287774,0.623175200222288
CUL4A,1.18339590420544,0.623175200222288
BGLAP,0.987897409409666,0.623175200222288
OLR1,1.13217543356036,0.623175200222288
MAN2B1,1.46364020022979,0.623175200222288
OMP,-0.52442773473452,0.623175200222288
GP5,-1.30494209891406,0.623175200222288
RFC4,-1.22632160422284,0.623175200222288
SYT5,1.21720317836092,0.623175200222288
CRYAB,-0.297052463797939,0.623175200222288
HYOU1,-0.354249386454956,0.623175200222288
ALAS1,-1.32157898462339,0.623175200222288
MFAP2,1.15429019395654,0.623175200222288
IGLL1,1.1878995383608,0.623175200222288
NTSR1,1.37221797384327,0.623175200222288
LEPREL4,1.23054924340175,0.623175200222288
LDHA,0.707995021761461,0.623175200222288
TSNAX,1.36041716368142,0.623175200222288
ESR1,1.21710805238155,0.623175200222288
KDM5A,1.13949688621919,0.623175200222288
PTPRJ,1.19025895483132,0.623175200222288
MAST1,-1.6969677389583,0.623175200222288
SPAM1,-1.38904796524819,0.623175200222288
RNF4,0.861964794261187,0.623175200222288
TOP3B,0.912068797623522,0.623175200222288
C20orf24,-1.09163060545374,0.623175200222288
MS4A1,-0.541542957117085,0.623175200222288
IL1RL2,-1.31529328426242,0.623175200222288
FBLN2,1.40573493436751,0.623175200222288
PTGER4,1.41917609573207,0.623175200222288
KMO,-1.49453110654785,0.623175200222288
ACTN3,1.20569012628305,0.623175200222288
FLI1,1.16630124188347,0.623175200222288
DOK1,0.976271725238451,0.623175200222288
MME,0.429900504929721,0.623175200222288
CYLC1,1.08032852469834,0.623175200222288
FAM216A,-0.501613705343063,0.623175200222288
PLCG2,-0.733471876821921,0.623175200222288
CBLB,-0.938884494923165,0.623175200222288
P2RX4,1.38402763922467,0.623175200222288
CEBPZ,-1.17693454032291,0.623175200222288
CSF2RB,1.01294882170255,0.623175200222288
PF4,1.39816568637156,0.623175200222288
PIP4K2A,-1.48182021284725,0.623175200222288
LRPPRC,-1.1818955643548,0.623175200222288
TNNI2,0.865350038883414,0.623175200222288
MESDC2,-1.79847319440732,0.623175200222288
ANKS1A,-0.503159080895841,0.623175200222288
MYL9,-1.87723416371116,0.623175200222288
CFD,1.97225646459078,0.623175200222288
GTF2H1,1.1463693768969,0.623175200222288
FABP3,-0.674369076244927,0.623175200222288
EIF4G3,-0.58198680402591,0.623175200222288
FGFR4,-1.76785636160485,0.623175200222288
HIST1H2AB,0.878680392050774,0.623175200222288
DAXX,-0.627331452164784,0.623175200222288
NFKBIE,1.03368554974446,0.623175200222288
MRPS12,0.418522164320231,0.623175200222288
FOXF1,-1.2450134890873,0.623175200222288
COL10A1,-1.39449833550379,0.623175200222288
AMPD3,-0.55653968519206,0.623175200222288
BCAT2,-0.494292891775812,0.623175200222288
LMNA,-0.441984332453762,0.623175200222288
AGA,-1.33721546171361,0.623175200222288
AARS,0.254123311213949,0.623175200222288
B4GALNT1,1.73254955042689,0.623175200222288
GSTT1,1.78664193533336,0.623175200222288
KDSR,0.415774216613523,0.623175200222288
MAP2K1,-0.494932748458165,0.623175200222288
GRM4,1.56080673644066,0.623175200222288
ETV2,0.692112120089281,0.623175200222288
PLAU,1.96196159988188,0.623175200222288
DNASE1L3,-1.39681642118347,0.623175200222288
MITF,1.22421376996181,0.623175200222288
DUSP4,-1.67270943152893,0.623175200222288
IFNW1,1.34104378987918,0.623175200222288
STK3,0.87998161953977,0.623175200222288
MYCBP,2.04312888580377,0.623175200222288
TIMM44,1.26389889908262,0.623300870748228
RND3,1.08089205068265,0.623300870748228
COL4A2,1.33743228455064,0.623300870748228
ZNF266,-1.46706597675478,0.623300870748228
HDC,1.12022572454879,0.623300870748228
DRP2,1.62541751572751,0.623300870748228
CHP1,1.60826403978647,0.623300870748228
COPS8,-1.47805071124878,0.623300870748228
KIAA0040,1.41366859605835,0.623300870748228
GPR3,-0.977986613210934,0.623300870748228
RARB,-0.692828771760768,0.623300870748228
AGT,0.452699015665704,0.623300870748228
CSRP1,0.231652371085062,0.623455466659377
RYR2,-1.15499982614574,0.623455466659377
LINC01152,-1.43607380180469,0.623484202833157
ESM1,-1.09843064968142,0.623484202833157
SLC20A2,1.31402818890137,0.623484202833157
IFIT3,-0.444232220741803,0.623484202833157
DRD3,1.58055283098707,0.623484202833157
TKT,-0.710393513615497,0.62446999928633
FLT3LG,1.41756522239652,0.62446999928633
SEC13,0.34671582923686,0.62446999928633
CLCNKA,0.852400194514727,0.62446999928633
HSP90AB1,-0.282915384679466,0.62446999928633
MYO7A,-1.462589237374,0.62446999928633
RLBP1,-1.2969599275492,0.62446999928633
KARS,0.319994398115337,0.62446999928633
KCNA5,-1.38563586738185,0.62446999928633
TCN1,0.821964514382316,0.62446999928633
UGT2B15,-0.664622870393078,0.62446999928633
COX7A1,-0.562037215919206,0.62446999928633
ACADL,-1.76004354279095,0.624609315056301
FAM13C,-0.776198796585297,0.624628878879266
SLC9A1,-1.68907023224263,0.624628878879266
FOXD1,-0.651943694461162,0.624628878879266
G3BP1,-0.656941273116168,0.625504293793757
FLNC,0.601628805345497,0.627030742205049
LPA,-1.5446352453229,0.62718805895498
CHM,1.07455079824453,0.627461272144944
DVL1,1.54380660704249,0.627461272144944
IFNA16,1.30820950152305,0.627461272144944
DNAH12,-1.51098534312052,0.627461272144944
P4HA1,1.7898893530092,0.627522800461346
CEACAM1,0.865122844974755,0.627522800461346
TDGF1P3,0.844109268734266,0.627522800461346
SP4,-1.03014775097527,0.627522800461346
CUL1,-1.67242968933571,0.627522800461346
FXR1,-0.364042662963078,0.627564205251058
RPP38,-1.19819556386876,0.627564205251058
RPL24,-0.455592765187818,0.62818316874765
RXRB,1.87430229788372,0.62818316874765
CYP4B1,-1.47469287719617,0.62818316874765
HSF4,1.49943262456145,0.62818316874765
SERPINB9,1.27924360514276,0.62818316874765
ITGA7,-0.316019202413193,0.628790227297793
AIMP2,1.22093669878255,0.628790227297793
PHF20,1.42417751491921,0.628790227297793
ACHE,-0.782013108657324,0.628790227297793
TNNC2,1.64433642624744,0.628790227297793
RPL19,0.427053144926111,0.628790227297793
CCT4,0.567812017142785,0.628790227297793
PSMC3,-0.296001357928677,0.628790227297793
KCNA6,-1.19132098005468,0.628790227297793
PRKCQ,0.98958944057293,0.628790227297793
GUSB,0.310756938758752,0.628790227297793
GABPB1,-1.58214687330385,0.628790227297793
RBM25,-1.32048259694513,0.628790227297793
TNNC1,-0.579779635538408,0.628790227297793
HIST1H3B,0.925394038063414,0.629449848206569
ITPR1,1.03426903403906,0.629449848206569
EPB41,-1.51237897617317,0.629449848206569
MAGI1,1.51416362702329,0.630013530203403
RPL7L1,0.892940380683934,0.630013530203403
EPHA7,1.36122929056705,0.630013530203403
PLEC,0.553334709913884,0.630014664512882
CACNA1C,-1.11905818992238,0.630014664512882
HCK,1.46010597376263,0.630014664512882
AP3D1,-1.53263038513992,0.630014664512882
ELK3,-1.22198060110857,0.630014664512882
COX7A2,-0.425478695790687,0.630014664512882
TXNRD1,-0.350195177529239,0.630014664512882
RPA2,0.307901244200416,0.630014664512882
ABR,0.909999491087397,0.630014664512882
OXCT1,-1.28366951173548,0.630014664512882
UBL4A,1.92613442615016,0.630014664512882
PHKA2,-0.680663038304859,0.630519024448746
SCAMP1,-1.41559492999822,0.630564032364394
MAPK3,-0.833475881764572,0.631022853931655
ARG2,-0.475485262684797,0.631022853931655
ACR,0.884062926996451,0.631022853931655
RFC1,-0.432874184181603,0.631022853931655
IRF3,-1.50316019369268,0.631022853931655
PTEN,-0.808523266236389,0.631022853931655
BRCA1,-1.31267805108532,0.631022853931655
RHOA,0.32114554962369,0.631022853931655
EFNB1,-0.698407847857561,0.631022853931655
NAP1L3,-0.542759664055005,0.631031899802653
PDE6C,0.482694054752862,0.631101249138823
PCDHB17,1.27489567117323,0.63184999411913
ISG20,-0.42252167234639,0.632665609957828
MLLT3,-1.1801420299412,0.63280874905661
MAT1A,1.4477861900509,0.632967031918305
TGFB2,-1.32841104056549,0.633201869897885
TBR1,-0.968995443427072,0.633201869897885
CCR1,1.13170218584024,0.633494224926718
HIST1H4I,-1.01642891056624,0.633494224926718
TIE1,-1.42869509739421,0.633494224926718
GRIK3,-0.369422872934599,0.634908668301162
MC5R,2.1514761791148,0.634940716227331
EP300,-0.937738516300659,0.635521200098144
ELAVL1,-1.57060494860711,0.635736208118921
FUT4,-1.9263931944368,0.63621997401231
CCKAR,1.78007134582159,0.637083554282027
RB1,1.25248014180853,0.637083554282027
MSH3,1.04255043248273,0.63725869185769
PMM1,-0.35022036551749,0.637936205801501
PCK1,1.63550854483641,0.637936205801501
CRYGD,-0.462933244848344,0.637936205801501
STT3A,1.82599235063082,0.637936205801501
STK38,-1.77758198141257,0.637936205801501
FOXI1,-0.464158703802415,0.637936205801501
ELK4,-0.804767018169345,0.638531969460895
LHCGR,0.927212843883384,0.638531969460895
NEUROD2,-0.828512830134802,0.639264895102443
GRK4,0.449963874214954,0.639264895102443
CDH17,1.11646045219871,0.639264895102443
ETS2,1.30487403408076,0.639264895102443
GPR31,1.50371441577721,0.639264895102443
KIAA0430,-0.906089277581644,0.639264895102443
IL12RB1,1.38104571922784,0.639264895102443
MAP3K3,-1.89941826316379,0.639547424924805
COL13A1,0.763787676166519,0.639548778506262
MPST,1.43437297803141,0.639548778506262
DNASE1L1,0.821610892658727,0.639548778506262
MC4R,-1.20582683199923,0.639548778506262
IGBP1,0.730171972057716,0.639548778506262
GFRA2,-0.914264379442578,0.639548778506262
TPTEP1,-2.03481649320186,0.639548778506262
ACTR1B,-1.20492261895319,0.639548778506262
PAPOLA,-0.651786919433603,0.639548778506262
XK,-1.12604695747672,0.640679240568351
UBE2C,-0.41963143927449,0.640726418193839
GUCY1A3,-1.1378295763346,0.6413876205576
FLNA,1.57383119563374,0.6413876205576
CATR1,-1.36932223186044,0.641395499382219
PTPN5,-0.49876366107539,0.642047591792591
AAMP,0.234894154974118,0.642047591792591
PGD,2.09892550442929,0.642522066414243
VIL1,-1.4451524132555,0.642962329209048
TESK1,-0.733279177717733,0.642962329209048
FASTK,-0.39441927341556,0.643099796681692
PPP4C,1.51977476051792,0.644723880346221
RPL29,0.362546962789652,0.644723880346221
GNS,1.26396990721283,0.645334368268678
DGCR11,-0.782452075633898,0.645334368268678
SLC2A3,1.99277091856554,0.645334368268678
SDC4,0.471408308967822,0.645334368268678
RPP30,1.07641263908801,0.645334368268678
TNFRSF9,-1.46941647099843,0.645334368268678
MAPK11,-1.42272927797854,0.645606781419806
PTGS1,1.15287442063955,0.645606781419806
PSMA1,-1.34146989798734,0.645606781419806
RPS7,0.528000224858721,0.646307458037911
SERINC3,1.66350659606966,0.646307458037911
UBE2N,1.93988490042194,0.646307458037911
CUL7,0.706755642725181,0.646307458037911
DEFA5,-0.622582181273156,0.646307458037911
ZNF157,-1.33546537544455,0.646307458037911
THOC1,-1.36185535980269,0.647038731306546
LMO4,-0.975811566495764,0.647038731306546
ME3,1.37392025786152,0.647038731306546
RABGGTB,0.386697703993899,0.647714240974349
HOXA1,1.60043306624947,0.647949011953548
GLUL,-0.393282876181118,0.647949011953548
FEV,-0.499004352026713,0.648292940344484
LNPEP,-1.81381660728545,0.648292940344484
GINS1,1.1359449944288,0.648292940344484
KPNB1,-1.51629147730548,0.648292940344484
COL6A3,1.25424164742304,0.648292940344484
MTERF1,-1.07751653130926,0.648292940344484
C4orf6,-0.531522884584916,0.648292940344484
MMRN1,-1.13851595383257,0.648292940344484
EIF3I,-0.294929811445252,0.648292940344484
SERPINB8,-1.47392627573916,0.648292940344484
ANKRD46,-0.957365703659844,0.648292940344484
GC,0.828459550373418,0.648292940344484
HSPA5,-1.25879002480982,0.648292940344484
NCAPH2,1.12389971485345,0.648292940344484
HIST1H2BH,1.06842945826568,0.648292940344484
ATP6V1C1,0.409147106709433,0.648493711843851
JAK3,-1.46862742663714,0.648493711843851
NR1H3,0.390943553616321,0.648493711843851
PLAC4,-1.4765869621679,0.648493711843851
CTSS,1.43094410950611,0.648493711843851
NR3C1,-1.36503654894541,0.648801441915769
ZNF76,1.20831922678928,0.650068166809177
POR,-0.470578475547251,0.650128587726214
RASSF7,-0.890341106450903,0.650128587726214
ZMYND11,-1.15791451272455,0.650128587726214
IFNA4,1.11446688247128,0.651134587805532
LCP2,0.742546167378185,0.651368992803563
CD52,-0.611964754384291,0.651406598765903
PRR4,-1.65434953638069,0.651406598765903
UCN,-0.439948055912637,0.651406598765903
XBP1,1.2770163793786,0.651406598765903
FRY,1.58091292190057,0.651406598765903
DAG1,1.25564284849739,0.651406598765903
HEXA,1.40288424004226,0.651515853059478
CYP2C9,0.994082160402353,0.651515853059478
ERVK-11,0.916396607950973,0.651515853059478
HMGN4,-1.46014192832321,0.651515853059478
SHOX,-0.81800579726526,0.651515853059478
CLPP,1.29834910855593,0.651671054876446
PDHX,-1.20377700568837,0.651671054876446
AMELX,-1.36939884460032,0.651671054876446
TGFBR1,1.2917661276209,0.652343185058837
STAT5B,-1.26699876332811,0.652447878678013
CX3CR1,0.663520372920019,0.652447878678013
SNRPB2,-1.06010349923549,0.652447878678013
BPI,1.7116549075299,0.652447878678013
FBN2,-0.570518722785831,0.652447878678013
EIF5,-1.17864472871103,0.652579568032652
MT1H,0.446666438902444,0.652579568032652
CGREF1,1.09852355506675,0.652579568032652
BIK,1.26189566011549,0.652788788194519
ANXA4,-1.19198765798961,0.652788788194519
BIRC2,1.1250917296295,0.65284186129851
PFKFB4,2.06720475298258,0.65284186129851
RASSF2,-1.38188767905398,0.65284186129851
ORC2,-1.33120068531353,0.653015878951301
PPT1,0.365078331488348,0.653015878951301
BLOC1S1,0.366871034982381,0.653039379688166
SCN1B,-0.422981945019693,0.653039379688166
ZNF273,-0.798442935849169,0.653089484358071
RPS24,-0.272200696330993,0.654182924315325
COMT,1.50654916443655,0.654182924315325
PYGL,1.46942269662185,0.654182924315325
PDCD11,-1.36843885664136,0.654317241060507
MYBL2,1.76279404420249,0.65442209238894
POLR2C,1.36703491341677,0.654508720672273
FZD5,-1.30656431166994,0.654530752700701
CAPN1,-0.563300989243208,0.654530752700701
MLF1,0.935928085532801,0.654702757541819
RHOB,1.47648585119069,0.655731232753254
CDH5,-0.438875493429235,0.655979041467551
ACAT1,0.716233640812886,0.65669539562966
SOX11,-0.418581946647034,0.656813097344996
SLBP,-0.83926620722924,0.657161215636836
BECN1,-0.353502468361366,0.657232161889916
PRKAR2B,1.14213979275625,0.657673384796195
P2RY14,1.40681986278709,0.658464812470922
KLF9,-0.62715310379974,0.658536495686229
AES,0.302157761910685,0.658536495686229
SLC15A2,-0.525118804597172,0.658536495686229
CSF3,1.77544316496472,0.658536495686229
POLR2A,1.30305424416401,0.660270821034909
LAMA4,-0.853028986684363,0.661668586995642
IGJ,1.46670525856155,0.661668586995642
LPP,-1.17939197171689,0.661668586995642
ANP32B,-0.354110410046003,0.661668586995642
THRSP,1.42722267595314,0.661668586995642
TUBA4A,-1.78232493654622,0.661965669803721
HNRNPA1,-0.69106541253711,0.662056935965944
MYL3,-0.62673230635003,0.662056935965944
SFPQ,-1.14418516914393,0.662686370383593
ESRRA,1.33322948778388,0.662757003441365
MPO,1.18600533224119,0.662832138416703
SGCB,-1.1504031842655,0.663993125246654
SECISBP2L,0.469655791546133,0.665170105398585
MYL6B,1.30423677208251,0.665396213140501
APPBP2,1.56946880932356,0.665407579203506
HSPA1L,-0.569102120853284,0.665850571943215
PBX1,-0.542653019736655,0.666028261111432
MPP2,-0.384499186136853,0.666089899817495
UQCRB,-0.722237626132497,0.666089899817495
DDX39A,1.30350178708729,0.666802083008783
CCL7,0.765150715448994,0.666975292346223
LGALS8,-1.62817636698674,0.666975292346223
CXCL12,0.918246877052516,0.666975292346223
GDI2,1.40729185923863,0.666987608110537
RBBP5,-1.1266492441234,0.666987608110537
PAX3,1.20585031400423,0.666987608110537
GHR,-1.35891875693415,0.666987608110537
CFB,-0.310851806544015,0.666987608110537
ENO1,-0.371516453027253,0.666987608110537
IL4R,-0.428553615491175,0.666987608110537
EGR2,1.06512599947596,0.666987608110537
WWP2,-0.564330487266309,0.666987608110537
SNTB1,-0.53823116607944,0.666987608110537
HNF4A,-2.01840423723672,0.666987608110537
TRAF3,-0.55915727096642,0.666987608110537
SSB,-0.384920657420318,0.666987608110537
TRDV3,-1.60493258381854,0.666987608110537
STAT2,-1.80517316021529,0.667378670542021
MAML1,-1.582605298916,0.667378670542021
IRF8,1.88619724246753,0.668154374040409
PIM2,-0.859163025134738,0.668210272744507
PGR,-0.964565457862194,0.668232990252672
ACYP1,-0.59981292918348,0.668306069194924
MVD,-0.905770294961391,0.668306069194924
PTPRO,-1.43850289028553,0.668784927129857
KCTD2,-2.02050839832719,0.669951329607698
SLC6A3,1.0799767465147,0.669951329607698
MAPK1,1.53287063524195,0.670221482725615
CD69,-1.09055202709683,0.670770028850459
HMGN1,-0.715049924065051,0.671309427093409
RPE65,0.709315298742763,0.671309427093409
ICAM1,1.17590245673609,0.671812452458296
PCBP1,-0.633501683479814,0.671812452458296
STX1A,-0.513320612761522,0.67184567414143
ODC1,0.223490913288149,0.67184567414143
CYP2A13,0.860646554643605,0.67184567414143
RIN2,-1.18531305528946,0.672346102862679
PLN,-0.617953585480343,0.672905504338512
SLC6A6,-1.1232942409975,0.672905504338512
ACAA2,-1.09091284455745,0.674245221652067
TCF7,-1.18156888457098,0.674801110228394
EFNA3,-1.35945356711964,0.675080213940405
CLUL1,-0.288771093754663,0.675080213940405
FGR,-1.43189507795988,0.675317548484255
BST1,1.44403347435013,0.675317548484255
PLA2G7,1.39019576956712,0.67548878452895
RAB21,-1.12365499033932,0.67548878452895
SPTLC2,1.01430523875506,0.67548878452895
MDFI,-1.27836558950202,0.67548878452895
VAC14,0.66266473092373,0.67548878452895
PDE7A,-1.60776341342035,0.675588705236786
IRF1,1.42094649604135,0.675588705236786
KLRC3,1.2159341522885,0.675588705236786
IARS,-0.565999875218854,0.675588705236786
TAF5,-1.12399206150762,0.675588705236786
CENPF,-1.10800953362346,0.675588705236786
DHX34,-1.4300067151804,0.675653297465665
MT1G,1.5446747113975,0.675653297465665
NEK4,-1.30481022670974,0.675815028788261
SLC29A1,0.384143856259751,0.675996935381404
EYA3,-1.41861944102891,0.675996935381404
DUSP5,-1.48326425592913,0.675996935381404
IDUA,1.19485832975186,0.676055795265771
NEB,-0.976814273355441,0.676055795265771
SLC11A2,1.0895114149052,0.676150203598021
RAB28,1.26044690906804,0.676150203598021
FSHB,-1.21427848998288,0.67678688561189
SFTPC,1.68421043430837,0.67678688561189
F5,0.184241398541552,0.67678688561189
PCDH11X,-1.41664544061366,0.67678688561189
SCNN1A,-1.4725315145431,0.67678688561189
PSMA4,0.52380956543951,0.67678688561189
AIF1,0.640620846972091,0.67678688561189
PRTN3,0.709067731996412,0.67678688561189
ETV1,-0.662739224928938,0.67678688561189
FGD1,1.29720967280557,0.67678688561189
SRSF7,-0.432036655801092,0.67678688561189
KRIT1,0.932183698159034,0.676898127907858
GATA1,-1.73634003304617,0.676898127907858
DNAH9,-1.25146953303349,0.677224669312305
KCNH2,-1.45823240510501,0.677224669312305
MNAT1,-1.16453316762958,0.677224669312305
HTATSF1,-1.23401816854946,0.677260242451744
LSS,-1.6674470099428,0.67764483196647
HTR1A,-0.676738764321609,0.67764483196647
DAP,1.45290687047844,0.67764483196647
CCR6,1.4472508507462,0.67764483196647
MR1,0.321472669822926,0.67768873550527
PMPCA,2.0399546848466,0.677765658975437
USF1,-0.503702827339193,0.677765658975437
LIG3,-0.322762539318395,0.677830613340503
PYCR1,-0.456803052961808,0.677830613340503
AOC1,-0.785487997930836,0.677940302759887
RALB,-1.52573520854748,0.677940302759887
ACO1,-1.13179541695198,0.677940302759887
SI,-0.982094613890291,0.678413821224784
MDM2,-0.870238019811312,0.678413821224784
FAM193A,-0.40884175686352,0.678705839660915
CTNNA1,0.2880598053507,0.6787594288711
TAF6,0.806067553854399,0.6787594288711
ZNF711,1.01806030761712,0.679153744119889
TONSL,-1.2788785579476,0.67928421852586
IL5RA,-0.834349377350712,0.679813980936029
ABI2,-1.22900763386206,0.679813980936029
SRI,1.30888767223298,0.680478146533324
KCNJ5,-0.941180426625369,0.680478146533324
PKP2,1.16228073450857,0.680715686276918
FBLN1,-1.20250148109033,0.681376261481435
S100G,-1.00968396583097,0.681691986904138
NFATC1,-0.468342366248159,0.682338164694301
PAFAH1B2,1.25045509715551,0.682338164694301
TRAIP,-1.31282610976195,0.682338164694301
MSH2,0.961197305850563,0.682338164694301
SPRR2C,1.15625285448302,0.682338164694301
ACO2,0.654130715055103,0.682338164694301
PRODH2,-1.37489657664405,0.682338164694301
GP2,1.31264848545739,0.683086580922336
RPL38,-0.349712528726752,0.683193077758219
KIF2A,-1.39116243699515,0.683684802707189
NRL,-0.768001644340377,0.683977630336106
SHMT2,0.566120111996417,0.683977630336106
MAP2K6,0.405132010607768,0.683977630336106
TERF1,1.42189649164973,0.684694420988975
SMARCA2,-0.543078002456614,0.684951036849544
CALML3,-1.86517102125285,0.685378569121256
ARID5A,1.50148489829816,0.685378569121256
FES,-0.512405823812969,0.685533163294502
EXTL3,-0.322490362901481,0.686140310799655
WNT5A,-0.722168917197164,0.686140310799655
CD4,-0.598050173688108,0.686140310799655
CD79B,0.901152276998083,0.686728832286481
MAPK8IP2,-1.23993715914091,0.686728832286481
TAP1,-1.70181731920733,0.686728832286481
PIK3CA,1.07649428451455,0.686774584115931
SOX9,0.437782749753451,0.686916834205592
COX6B1,0.311800344911701,0.68735623124469
BARD1,1.27314939341626,0.687770290273254
TRIB1,-1.25217583676362,0.687921110020415
ZNF141,-1.3856090830009,0.687921110020415
ERCC2,1.24667168691178,0.688103749122422
MIEF1,-0.480402393672662,0.688184574429827
SLC1A1,-0.658988587051841,0.688620109515447
ROS1,1.5398806348128,0.689318313523077
RABGGTA,-0.359258183014756,0.689318313523077
RBL2,-1.09186760938753,0.689318313523077
SNTA1,1.50393523203355,0.689318313523077
THAP9-AS1,0.77250968782551,0.689606779812628
TIAL1,-0.563561081103261,0.689606779812628
PPP2R5C,0.986728582203739,0.689610089693376
EDEM1,0.477909123124318,0.689945811144765
PEX1,-1.44508411777439,0.689945811144765
KIAA0196,-0.731464508976762,0.689945811144765
EGR1,-0.907222336580046,0.689945811144765
IST1,-1.43969740657389,0.690426736759056
ZNF148,1.42892898045801,0.690614695641591
ACSM3,-1.25844124502977,0.6907245171996
PTPRS,1.86657800261777,0.691021631143322
HNRNPD,-0.265681505152498,0.691196201007678
RORB,-1.63590372732969,0.69266401956515
RALY,-0.225724419922926,0.69266401956515
DGKA,1.42219236012886,0.692936957335551
CNN1,1.41283334104994,0.692936957335551
PSMD4,1.27901471086925,0.693511953539128
RPL8,0.409500195895761,0.693511953539128
RBBP6,1.21694658820425,0.693511953539128
MGST1,0.649555696568282,0.693511953539128
PRPH2,-1.50344352629267,0.693511953539128
PYGM,-0.505910188409736,0.694285548621915
UCHL3,0.588004570492443,0.694441794685226
RNASE2,-1.02827671061725,0.694441794685226
LRBA,0.871045891694227,0.694441794685226
FOXJ1,-1.18096590509872,0.694441794685226
ERVH-6,-1.29334192755425,0.694441794685226
DCTN6,1.2898683418604,0.694441794685226
CCL25,0.904371887808974,0.694441794685226
AP3S1,-0.494777712945341,0.69528190951639
PBX2,-1.36432111635274,0.69555484265243
GATM,0.403626370834262,0.695729900691439
PTGIS,-0.565090782021793,0.695729900691439
MCL1,0.557285105979874,0.695729900691439
NAA10,-1.21057913616538,0.695729900691439
RIT2,-1.23033094641359,0.695729900691439
GTF2E2,1.15174686969772,0.695729900691439
RFXAP,0.683585188699692,0.695729900691439
RBM5,1.41899883504858,0.695729900691439
RNF103,-0.510190440664559,0.695729900691439
EIF1,0.305423538627201,0.695729900691439
PSG7,-1.3527691029543,0.695729900691439
MFGE8,-0.379678022592701,0.695776422411006
TGFBR3,1.27089034697967,0.695954035316132
DTYMK,-1.74644050623393,0.695954035316132
LINC00894,-0.706637554547518,0.695954035316132
GJA4,0.50443849896085,0.696089409842753
BAMBI,-0.462426608729244,0.696296471430191
AADAC,1.28530879139374,0.696296471430191
ACKR1,-0.505114674051386,0.696667205285023
ADRM1,-0.323601115877054,0.698580284032116
SLC6A11,1.5734483140886,0.698618403715163
ITGA2B,-1.16396350481457,0.699288074693247
CEACAM8,-1.40947206113251,0.699288074693247
PRPF4B,-1.13805078497398,0.699288074693247
SURF1,0.28619852570232,0.699288074693247
MMP13,-1.02152613437381,0.700069762312695
TCEB3,-0.656927801389411,0.700069762312695
PTPRZ1,0.368784077078574,0.700069762312695
DDX1,1.13167617675136,0.700181455913631
HRK,-1.46266108240588,0.70071862897238
RPS28,-0.353232136514766,0.70071862897238
LOC1720,1.13157893481885,0.70095312886025
HIF1A,0.591492250043816,0.700964955074675
CD6,1.17797631220671,0.702238384562405
TSC22D3,-0.437172417802111,0.702238384562405
SHC1,1.61562084599383,0.702290802434246
MT1X,0.469422382205723,0.702290802434246
PIK3R2,-0.510746731661518,0.702290802434246
TNFRSF17,-1.07753776127824,0.702290802434246
NEK2,-0.410465492982642,0.702290802434246
COX4I1,0.272692863483295,0.702290802434246
ISCU,-0.539716984269518,0.702495151232852
GSS,1.17445348990888,0.702632669149042
ABLIM1,0.326168170011906,0.702632669149042
NOTCH3,-1.34933818385678,0.702632669149042
PPY,0.650995072524687,0.702677989622755
KCNJ3,-1.10672075796936,0.702677989622755
ELK1,-1.21463536075826,0.703048642179564
TAC1,1.14223444883045,0.704831796408702
TRAF1,-0.48697308283923,0.704831796408702
PSMD6,-0.343895795044025,0.704831796408702
NREP,-0.997592713603112,0.704831796408702
PPP1CB,0.473346761554209,0.704831796408702
ZNF142,-0.729897934358233,0.705362914424664
PNPLA4,-0.413825580849432,0.705362914424664
CAV1,1.64449491293362,0.705362914424664
DHPS,-0.389021633972098,0.70609694681255
COX5B,-0.761425936734659,0.706369591537103
SYN1,1.32203985554218,0.706647908125272
MICB,-0.543230529663553,0.706647908125272
TFAP2C,-0.939747389253673,0.706802055061217
CAPNS1,0.31056141595977,0.706802055061217
CALCRL,-0.530253775098954,0.706875421054787
MAG,-0.353372849491892,0.706954639155644
KEAP1,1.18544749836103,0.706954639155644
FADD,1.1602980015204,0.70779486352995
CPA2,-0.304272847901313,0.710075765566271
PSMC3IP,-1.50878616319023,0.710091039537334
RAB33A,0.403511040924563,0.710509608241321
PPP2R5A,0.301744131214177,0.710547760792008
PRKDC,-1.34496892887904,0.710796365817638
TAF1C,1.14281743269439,0.710796365817638
CDC25B,-1.17659180517517,0.712322874204208
GABPA,-1.05679148395937,0.712337546031213
ATF6B,-0.791335569950588,0.712337546031213
SLC6A8,-0.367962548464911,0.712337546031213
MSX2,-1.09278143306519,0.712396788457895
ITGB5,-1.34781089913038,0.712527149641465
MAGEB1,0.203368310140257,0.713085419282973
USP9X,0.75075363039495,0.713169374276507
EEF1D,-1.30241881889777,0.713169374276507
DLD,-0.392164987345049,0.713169374276507
KCNJ15,-0.95953071463151,0.713169374276507
HIST1H4F,-1.07141329690334,0.71478427732122
IRX4,0.534807611332987,0.714956999895449
NCAPD2,-0.429288707868256,0.715829722713765
ITIH2,-1.14384920322153,0.715829722713765
ARVCF,1.80843118519763,0.715829722713765
TARS,0.444891378309656,0.715829722713765
SLPI,-1.60891318633755,0.715829722713765
MAPK9,-0.566596295518249,0.715829722713765
GBF1,-0.752335828611876,0.715829722713765
TBC1D5,-0.461375933808327,0.715829722713765
MRPL49,-0.55262840398343,0.715829722713765
STAT5A,0.592167281955714,0.715829722713765
COX6C,-0.389012234967351,0.715829722713765
GAP43,1.48186385140243,0.715829722713765
SNAPC2,-1.20672763940784,0.716692524621901
ARSD,1.53555236783794,0.717016545217162
ELMO1,1.3692878915132,0.717016545217162
TM9SF1,-1.14558177942877,0.717016545217162
CALB2,-0.520455111125269,0.717016545217162
ATP2B2,1.22818246850346,0.717016545217162
PSMF1,0.689045617845705,0.717016545217162
RNASE4,-1.05791258419248,0.717016545217162
CEBPA,0.635769497004898,0.717016545217162
LCAT,1.7733034798295,0.717016545217162
DBI,-0.950883772934469,0.717016545217162
TRA2A,-0.727487584272325,0.717016545217162
PTPRD,1.0546050516127,0.717016545217162
CIRBP,-0.508962746929528,0.717016545217162
ZNF117,1.04679603360603,0.717016545217162
MIA,-1.27522612203676,0.717016545217162
FOXK2,0.854158679287968,0.717016545217162
SLC2A5,-0.293256674338393,0.717016545217162
ATP6AP1,0.436903187107237,0.717016545217162
MYB,-0.511002605676966,0.717395235166046
CTBS,1.51144370523554,0.717395235166046
ADAM8,-0.346130273480044,0.717437669464527
CDC16,-0.534223668724151,0.717504922167068
FUT6,-1.58157632215839,0.71825953152736
ATP6V1A,-1.40974903660124,0.718587828285883
ACTC1,-0.511137972494902,0.718587828285883
ASIC1,-1.58561758821531,0.718587828285883
SUCLG1,1.03761810369553,0.718587828285883
ATXN3,1.1028217407906,0.718587828285883
SLC25A6,0.187192082408513,0.718587828285883
KCNJ11,1.07317340031328,0.718587828285883
STAM,-0.858734008124115,0.718587828285883
AHCY,-0.258350244415748,0.718587828285883
XRCC1,1.1543909301724,0.718587828285883
PPARA,1.40609018908478,0.718587828285883
APBB1,-0.444432339079865,0.718587828285883
SNRPC,1.75409119999683,0.718587828285883
BMP4,-0.255144963979161,0.718587828285883
RPL31,0.341267293826347,0.718587828285883
GATA6,-0.76861291167543,0.718587828285883
UROD,-0.332572511839993,0.718587828285883
APC,-1.06777893677745,0.718587828285883
GSPT1,0.846164168638901,0.718587828285883
GSTM5,1.24252759392381,0.718661667565577
POLR2J,2.06602251337378,0.718751038568949
RPA3,-0.562414885466882,0.718751038568949
SULT2A1,-1.39844098211376,0.719111523467472
ZNF35,-1.20005704472145,0.719111523467472
DNAH1,-1.24993544720204,0.719111523467472
CEACAM5,-1.16584979155145,0.719620994639186
TRAM2,1.44490361793223,0.719620994639186
FBN1,-0.394325689341025,0.719866651255601
CHMP1A,-1.12567282400874,0.719921907072478
PTPRR,1.24980039843831,0.720135349085321
HOXB2,-1.15783668069718,0.720715035735399
ST8SIA1,-1.02151704511913,0.720715035735399
KYNU,-0.37793899884594,0.720715035735399
ATXN10,1.27628537513542,0.720820769252002
APRT,0.281262723851382,0.720884443705099
FGFBP1,0.617366768005057,0.721191652814025
EMC2,0.497934496340729,0.721195355618927
NAT1,-0.982004741088021,0.721195355618927
RARG,-1.44173579722899,0.721195355618927
EDA,-1.57382733577921,0.721195355618927
SLC35D1,1.1658935043762,0.721195355618927
HSPB2,-0.466710585285002,0.721195355618927
IL6R,0.642994180702025,0.721195355618927
BAG6,0.242923258268195,0.721814510927403
ALDH3B1,0.75160255051148,0.723907424005583
ATP5J,-0.394958812859421,0.724179479227184
APOBEC3B,1.29958248194137,0.724292672727238
LAMB3,1.32008548652705,0.724641007300274
VGLL4,-0.272477087658439,0.726141731689006
NR5A2,1.12511779829204,0.726141731689006
DPP6,-0.320402908696751,0.726355840245005
CA8,-1.18228564802072,0.726493264481317
CDK13,-0.535399139974825,0.726953727501437
FUT8,-1.21315325899798,0.727588817150632
SSFA2,1.20521380348573,0.727588817150632
CD1E,-1.04476136060272,0.727588817150632
EML1,-0.915894478782986,0.727588817150632
BCL2L2,-1.05601566748554,0.727588817150632
CRYBA1,-1.15142131000079,0.727588817150632
CTH,1.0024786657658,0.727588817150632
PRSS3,-1.45672446100712,0.727588817150632
POLR2L,-0.385849825383385,0.727588817150632
TRIM15,-0.442669035886667,0.727588817150632
H19,-1.02225158814307,0.727588817150632
CTNNA2,1.1203703358226,0.727588817150632
MFSD9,1.08466609075703,0.727588817150632
GPSM3,-0.284050459144659,0.727588817150632
S100A5,-0.525360514415212,0.727588817150632
MMP16,-1.07428115381799,0.727588817150632
GPC5,-1.06667508672368,0.727588817150632
RGS2,-1.07700792047275,0.727588817150632
RBM6,1.13184772187718,0.727588817150632
NTS,1.09876291669859,0.727626482689202
OCLN,-0.814808224821561,0.727626482689202
ALDH7A1,-0.340249183355459,0.727831683655847
MIA3,-0.514423820842106,0.728892632176255
FOXO1,-0.745972583845457,0.729211842477722
MPV17,0.349350663057278,0.729211842477722
EPAS1,0.923710637786295,0.729676386651121
AR,-0.43202643820808,0.729676386651121
RPS6KA2,-1.22302607015997,0.729676386651121
NCAPH,0.991629263649518,0.729676386651121
PLK1,-0.498165326665113,0.729890940399028
IHH,1.42373412949492,0.730317941929141
NKG7,1.29231150730889,0.730317941929141
ITGA4,1.03019654869821,0.730317941929141
KLF6,-1.17014215336849,0.730317941929141
MARCH6,-1.52969517011733,0.730317941929141
CD180,-1.25135367385447,0.730317941929141
SLC12A1,-1.06560184726777,0.73052592243681
RPN2,0.29995444912271,0.730850999232621
GNPDA1,-0.382698621168815,0.731138142637814
GNAI2,-1.35641154997891,0.731772121033468
SUMO3,-1.05336832300932,0.731776397050666
CRYBA4,-1.3910752624092,0.731776397050666
G0S2,0.847653234037289,0.731776397050666
JADE3,-1.1944852468692,0.73196777584797
ZBTB18,-0.700766329692352,0.73196777584797
HBB,-0.888271140171743,0.732643286274033
POLA2,1.23522100312186,0.732703231793794
SSR4,0.484049018811451,0.732703231793794
CDKN2A,-1.01739000681814,0.732703231793794
TRHR,-0.990344093421063,0.732703231793794
RBP3,1.10800044488805,0.732703231793794
ALG3,-1.02274420564186,0.732703231793794
GSTT2,0.659642800813845,0.732703231793794
SLC16A1,-0.359963194892957,0.732703231793794
WDR43,-1.4106346804332,0.732703231793794
MCM4,-0.953271747143328,0.732703231793794
EPHA1,-1.1886086885134,0.732703231793794
MYOD1,-1.77053126971762,0.732703231793794
KIT,-1.26001201502311,0.732703231793794
GAMT,-0.223231317364538,0.732703231793794
GCNT1,-0.885875914732683,0.732703231793794
BLVRA,0.320951355953778,0.732703231793794
MCM2,1.67434008025552,0.732811094796828
COL3A1,-0.990532447428738,0.732903769709305
EGR3,-0.943417001454037,0.732903769709305
SPOCK1,-1.23156832089605,0.732977200414109
CLCN5,-1.00351704034847,0.734043494904709
MAP7,-0.459908284386739,0.734824680751918
IL10,1.21228366118131,0.734824680751918
F2R,0.738559112863821,0.735470546756729
CYP11B1,-0.660978686173712,0.73722759569042
RHOD,-0.569513339760361,0.737323385963666
APOH,1.02482580286973,0.737323385963666
EFR3A,-0.293447306887256,0.737323385963666
GABRA2,-0.944017442883658,0.737323385963666
GRIA4,-1.17645376416386,0.737323385963666
KTN1,-0.779074049156764,0.737323385963666
STIL,0.990477029846597,0.737323385963666
CTSK,-1.22989951314411,0.737323385963666
TSG101,-0.838428890390093,0.737323385963666
UVRAG,-0.43503929957288,0.737323385963666
TM4SF1,1.32706401262776,0.737323385963666
GCNT2,-1.14800860460599,0.737323385963666
ECE1,1.26044966602026,0.737323385963666
CD83,-0.94222265312175,0.737323385963666
CSTF2,-1.24811103359679,0.737323385963666
PLG,0.698867953057031,0.737323385963666
CLTA,1.05371090756559,0.737323385963666
OAT,1.15597508359175,0.737323385963666
DOC2A,0.920871325425214,0.737323385963666
SCN2A,-1.24511065617997,0.737323385963666
GBP2,0.962416901891923,0.737323385963666
ITPK1,-0.379816964519444,0.737323385963666
NSG1,-1.23601022279076,0.737323385963666
ZNF84,0.246845779223314,0.737323385963666
AKT2,0.716707011951195,0.737323385963666
RUNX3,0.367870286950444,0.737323385963666
IGF2R,-0.4375160269534,0.737323385963666
BTN3A2,-1.32544704400065,0.737323385963666
NPR3,0.821610892658726,0.737323385963666
RPL3L,-0.543441306706896,0.737413101257635
FKBP8,0.242431791995452,0.738358259936573
MTM1,1.08189680830051,0.738626216185771
KHSRP,-0.935396362724338,0.738626216185771
IL3,1.12962723514529,0.738626216185771
NFYC,0.736379056906337,0.739059949521633
CCND1,1.18280480345057,0.739059949521633
HHEX,0.872532775101231,0.739059949521633
PSMC6,-0.384812990530691,0.739273337144968
SYK,0.971613453666338,0.739565301653454
CDR1,-0.899382491409452,0.741005468163667
PPP2R3A,0.619536483298425,0.741005468163667
TSFM,-1.00745067633052,0.741656097198578
ANKRD36C,-0.794999155853345,0.741993810711869
UBXN1,0.471766227380511,0.743100191421014
CD200,-0.501665717768596,0.743290057884891
INHBA,0.509151676176911,0.744608930396014
IFNAR1,-1.44397703472763,0.744780829359734
ACADVL,0.272544089433184,0.745444183507736
ZNF174,-0.592598190186958,0.745444183507736
RHEB,0.410162398566166,0.745444183507736
LILRB4,-1.57438847063485,0.745444183507736
RENBP,-0.39830599590811,0.745444183507736
CTR9,0.445979649064547,0.746223899838392
SPAG1,-0.598374974385308,0.746603312592424
KRT4,0.94224868864451,0.746603312592424
TRPC2,0.70998004745907,0.746758001077502
IGHD,1.27038264869019,0.747167421039927
ASS1,-0.595979197163253,0.747448394057599
MT1F,0.393855655542716,0.747563537315578
FTL,0.227749919914146,0.747563537315578
MASP1,-0.452958781406826,0.747590994113012
CD9,1.7048287610415,0.749261737414736
ARID4A,0.811050935644075,0.749261737414736
C1orf61,-0.373293351111375,0.749830934916957
MB,1.18135063876444,0.749830934916957
MAGEA11,-0.585579278346403,0.749830934916957
NAPG,-0.942274338701169,0.749830934916957
DFFA,1.08787161355463,0.749830934916957
RAG2,-0.865985757987829,0.749852931677396
ETV5,1.01349882653943,0.750160910501587
THRB,-0.953945992966723,0.750384115305271
IL2,1.02950371655392,0.750384115305271
SMARCC1,-0.548470710737417,0.750384115305271
EIF4E,0.88748010985768,0.752000383118303
ELAVL3,-0.289104365572694,0.752415703519012
TEAD4,0.714641939346609,0.752415703519012
SELPLG,1.58221186900149,0.752415703519012
SNRNP35,-0.973325816300459,0.752531478026896
GJB1,-1.22755585924985,0.75271370054547
HGF,-1.00092498094918,0.75271370054547
KRT5,-1.40504765689003,0.75271370054547
POLR3C,0.867464955811399,0.75271370054547
LAMC2,0.770355952546604,0.753114065579158
KRT2,-0.375865357271554,0.753243846606279
MTA1,-1.4912925711213,0.753253040738449
CTF1,1.04119259317853,0.753280980969631
APBA1,-0.504688934918931,0.753280980969631
NID2,0.954682765467731,0.753280980969631
DDX21,0.933573976921387,0.753405099927158
CD2,-1.27313934740807,0.753405099927158
PIP5K1B,-0.401243839729469,0.753507136837453
HSPE1,-1.03862224692159,0.753799777880325
UBXN8,-0.815329333753149,0.753799777880325
CCNH,-0.42595851579101,0.753799777880325
OPRK1,1.18095845171653,0.754051084490461
PON1,-1.1601064482342,0.754086501895037
PYGB,-0.379536737385617,0.754086501895037
RPA4,-0.984624890152018,0.754483599521081
STIM1,-1.11482729438587,0.754483599521081
MRC1,-0.968394323539859,0.755177484910217
TRIP11,-0.928741397631265,0.755177484910217
CRISP2,1.08890036097531,0.755177484910217
EBI3,0.567846948034289,0.755177484910217
GLO1,0.546593705633569,0.75570551397733
ASGR1,-0.990780353433429,0.75570551397733
TXN,-0.265393273990181,0.756376258785828
BRPF1,-1.64424342312469,0.756376258785828
GABRA6,0.521633778674624,0.756376258785828
PPID,-0.948883628357483,0.756376258785828
TFPI2,1.06266990141056,0.756645065948235
MCM3,0.594983139517911,0.756823409652647
FAM3A,-0.550467605273038,0.756823409652647
CNGA1,0.906583654137441,0.756823409652647
TAT,-0.912963390039993,0.756823409652647
LGALS1,-0.26915014886753,0.756823409652647
DENND4A,1.1203984120588,0.756823409652647
STX5,0.318679020503335,0.756875318691519
NINJ1,1.53167148366545,0.757138884934459
YES1,-0.949997323555177,0.757138884934459
FBXO46,1.19663411362393,0.757402392044896
MTF1,-0.924107991580951,0.757930659678991
SRP54,-0.583599199789143,0.758230841730012
CDK10,-0.666779265406666,0.758697294085281
HOXB13,1.01652550695819,0.759196940846029
PML,1.29907996417028,0.761097560286623
BCR,-0.430397175457225,0.761097560286623
CD58,0.769754600552066,0.761849515841892
TRIM40,-1.43471999993302,0.761849515841892
IFI35,1.14401106269304,0.761849515841892
LOXL2,1.04117333352057,0.761849515841892
MSR1,1.17535455663525,0.762546465756395
ZBTB17,1.02427067550096,0.762796946749437
AMD1,-0.940878342227291,0.763277449345797
HCAR3,1.31390502818296,0.763277449345797
CASP4,0.982732909091929,0.763277449345797
IDI1,-1.50444084287026,0.763403351693041
OTC,1.02224114513988,0.764136381139298
TLR1,1.42863134942526,0.764136381139298
CASP5,1.00971770864218,0.764136381139298
PLCB4,1.12249101054242,0.764403924396833
DNTTIP2,0.870335542398109,0.764403924396833
UBE4A,-0.918039825109066,0.764623668886108
CSF2,-1.68957500582517,0.764623668886108
HMHA1,-0.372921204786969,0.764623668886108
GANAB,-0.364253503116405,0.764623668886108
PENK,1.17216289309517,0.764623668886108
SMPDL3B,0.889524937451206,0.764623668886108
TFCP2,1.31517406650196,0.764623668886108
MUC8,-0.135054482975567,0.764623668886108
GTF2A2,-0.205677600784538,0.764623668886108
PAM,-0.252470661628122,0.764623668886108
CLCNKB,0.723834554687683,0.764623668886108
CYP19A1,-0.954085077047469,0.764623668886108
PIGK,0.79228949394165,0.764623668886108
PEPD,0.17931527227069,0.764623668886108
RAB31,0.477822204189797,0.764623668886108
CSNK1D,-0.987269453119341,0.764623668886108
ART4,-0.790755965543593,0.764623668886108
DHX8,1.12792832833862,0.764623668886108
SRSF3,1.18911897310979,0.764623668886108
CHGA,1.17531824747798,0.764623668886108
PCBD1,1.14500408709087,0.764623668886108
RGS1,0.540944038521888,0.764623668886108
NSMAF,-0.728439018779561,0.764623668886108
GPD2,0.574274894415488,0.764623668886108
TXNIP,0.29195908455096,0.764623668886108
PPP1R7,0.320001886124883,0.764623668886108
ITGB1BP1,-0.959848410093961,0.764623668886108
LAMP2,-0.255451654896827,0.764623668886108
HERPUD1,-0.321779149232572,0.764623668886108
HOXD4,1.18103641030743,0.764623668886108
LIFR,-0.481605433662706,0.764623668886108
CELF2,-0.416775112864936,0.764623668886108
SEPHS2,-1.14972781229011,0.764623668886108
SHROOM2,-1.00090963597528,0.764623668886108
UCP2,1.01933588013522,0.764623668886108
DLST,0.336682486528025,0.764623668886108
SLC15A1,0.86631704129045,0.764623668886108
TRPC1,-0.467897403087315,0.764623668886108
SP1,-0.881617768197922,0.764623668886108
CD40LG,-1.25657176806009,0.764623668886108
COX17,0.889280909285755,0.764623668886108
KRT13,0.895522707861097,0.764623668886108
GUCY1B3,0.945984549765379,0.764623668886108
RPS3,-0.300670561607861,0.764623668886108
RBM39,0.632302387431729,0.764623668886108
SATB1,-0.281106618696723,0.764623668886108
KIAA0141,0.938225124074873,0.764623668886108
AKR1C1,-1.31608059071954,0.764623668886108
CCDC130,-0.322866558568274,0.764623668886108
SLC22A16,0.956808947638645,0.764623668886108
PRKG1,-0.809297297145105,0.764623668886108
NQO2,-0.315670602790311,0.764623668886108
DNASE2,1.03964569809162,0.764623668886108
TLK2,-0.290942856407357,0.764623668886108
CACNA2D1,0.921118124708982,0.764623668886108
TRIM29,0.792853877538833,0.764623668886108
EDC4,0.793073716804002,0.764623668886108
PCSK5,0.798708748763231,0.764623668886108
LAGE3,1.09809083772216,0.764623668886108
DGUOK,-0.503632044505977,0.764623668886108
VCAN,-0.988034274519798,0.764623668886108
AGTR2,0.829806066845438,0.764623668886108
HGD,0.834351890552792,0.764623668886108
TNFSF8,0.836498777585981,0.764623668886108
PNLIPRP2,0.479217415192409,0.764623668886108
HTR7,-1.29639542748428,0.764623668886108
PSMC2,1.57535780795464,0.764623668886108
LMAN2,0.873837679670128,0.764623668886108
RNF185-AS1,0.8761998750596,0.764623668886108
SGCA,0.710056219702097,0.764623668886108
PPBPP2,0.714285714285714,0.764623668886108
HTR1D,0.716845986856752,0.764623668886108
SERPINE1,0.310919147800679,0.764623668886108
MUC5B,0.9280934403705,0.764623668886108
RQCD1,0.933054494359473,0.764623668886108
KIAA0020,0.734513754054832,0.764623668886108
BCAP31,-0.192969278022625,0.764623668886108
GNRHR,0.904747717482559,0.764623668886108
DNA2,-0.477047623865278,0.764623668886108
MLH1,-1.18646122983156,0.764623668886108
ARFIP2,0.571933351077435,0.764623668886108
EIF4G1,-1.32516325225541,0.764623668886108
MGAT3,0.739987012859277,0.764623668886108
PHYHIP,0.397533536886211,0.764623668886108
CYLC2,0.74448594820264,0.764623668886108
SLAMF1,0.751862057976256,0.764623668886108
CDSN,-0.537131397683538,0.764623668886108
KCNAB2,0.782941181461981,0.764623668886108
MYH11,0.612728100345713,0.764623668886108
PDGFA,0.614303389224145,0.764623668886108
HRC,0.619978571840662,0.764623668886108
MT1A,-0.899746329463975,0.764623668886108
TDO2,0.807498070702595,0.764623668886108
INHBB,0.64532509902994,0.764623668886108
PLA2G4A,1.07646048730534,0.764623668886108
TP73,0.670697170399885,0.764623668886108
TAF10,0.328647373713689,0.764623668886108
GOLGA2,0.681169189253849,0.764623668886108
MMP17,0.68896144970636,0.764623668886108
HPS1,0.696118394219271,0.764623668886108
RAPSN,0.704052903288424,0.764623668886108
UPK1A,0.569487276464579,0.764623668886108
PLA2G1B,0.721873048065652,0.764623668886108
CAMK2D,0.722802122328174,0.764623668886108
CD27,0.723110885369528,0.764623668886108
ETV3,-1.3628598609838,0.764623668886108
NR1D2,0.590485589345314,0.764623668886108
THBD,0.592821017072097,0.764623668886108
ADH7,0.844066434701777,0.764623668886108
OR2H1,-0.282833602848465,0.764623668886108
CDC6,0.596845398885121,0.764623668886108
ARHGAP1,-0.144785633907091,0.764623668886108
MPRIP,-0.226307446658936,0.764623668886108
KIF11,0.524632191710214,0.764623668886108
PRMT2,0.620993841339841,0.764623668886108
SREBF1,0.363002873203644,0.764623668886108
PLK3,0.641234791407684,0.764623668886108
ESPL1,0.541687724451689,0.764623668886108
ESRRB,0.543170459563118,0.764623668886108
MAPKAPK2,0.550428226801903,0.764623668886108
TRBC1,0.551140142161081,0.764623668886108
EIF2AK2,-0.233440213529079,0.764623668886108
TFAP2A,0.949189528292663,0.764623668886108
INPP5D,-0.217851334701685,0.764623668886108
ILF3,0.565548953606178,0.764623668886108
RBBP8,-0.382453008728477,0.764623668886108
HPN,0.476611912552062,0.764623668886108
ACVR2B,0.574623973289779,0.764623668886108
CDKL1,0.575888390087247,0.764623668886108
IGFBP2,0.578394187417123,0.764623668886108
ALDH4A1,0.52235019500918,0.764623668886108
LAMP1,-0.219918614813666,0.764623668886108
FANCA,0.491374733936732,0.764623668886108
PTOV1,0.239762076616749,0.764623668886108
HSD17B10,0.499750123932547,0.764623668886108
TERT,0.501565988468197,0.764623668886108
FGF8,0.502467956172798,0.764623668886108
PPIC,0.50779840738252,0.764623668886108
MAP1A,0.512137500103023,0.764623668886108
COX5A,-1.06564825334418,0.764623668886108
HIST1H2BF,0.531780860638728,0.764623668886108
LBX1,-0.669291035960572,0.764623668886108
BCKDHB,0.459604388031525,0.764623668886108
PRRC2A,1.40611001674246,0.764623668886108
CCIN,0.462902047047673,0.764623668886108
HK2,0.462902047047673,0.764623668886108
ME1,0.463989644777655,0.764623668886108
PSMC1,-0.234456223598139,0.764623668886108
PAK2,-0.82141478756473,0.764623668886108
IL17A,-0.498660896548959,0.764623668886108
ZNF268,-0.894986623367238,0.764623668886108
PTGIR,0.478642463869162,0.764623668886108
MAP3K14,0.480653204613693,0.764623668886108
LAD1,0.431131701142466,0.764623668886108
ZNF75D,0.431131701142466,0.764623668886108
ST8SIA4,0.449382493599376,0.764623668886108
S100A3,0.433660558532961,0.764623668886108
KIR2DL4,-1.07332199438884,0.764623668886108
IGF1R,0.445859342994481,0.764623668886108
TNFRSF1B,0.478875993674317,0.764623668886108
PSG6,-1.219011578182,0.764623668886108
PLA2G5,1.36629325074711,0.764623668886108
UBE2D3,-0.351397259102791,0.764623668886108
RREB1,-1.12144406678237,0.764623668886108
KLK7,-0.121356706792559,0.764623668886108
PRDX4,-0.878848256531798,0.764623668886108
GUK1,-1.44794042366521,0.764623668886108
CD63,0.279229283134386,0.764623668886108
SRP72,-0.872756335994485,0.764623668886108
SCTR,-1.0213783243937,0.764623668886108
TCEA2,1.49428858259071,0.764623668886108
TH,0.28415086441508,0.764623668886108
IFIT1,-0.417945530449582,0.764623668886108
PKD2,-0.493836516913596,0.764623668886108
PCDHGA12,-1.05285059986536,0.764623668886108
MAGEA8,-0.745345609732458,0.764623668886108
GSTM3,0.891908155234945,0.764623668886108
TLR4,0.932380425581376,0.764623668886108
INPP5J,-0.297022901323812,0.764623668886108
HLF,-1.08759238497122,0.764623668886108
TMEM11,0.420769373311435,0.764948601948762
PRMT5,0.363955201079809,0.764948601948762
ZBTB33,1.12889043818516,0.764948601948762
GP9,0.401050703151086,0.764948601948762
PRNP,0.656736934036029,0.764948601948762
SHFM1,-0.580081505274096,0.764948601948762
DGKE,-0.590559057489372,0.764948601948762
RAB11B,1.17130525168385,0.764948601948762
CCKBR,0.396586284010452,0.764948601948762
PFKP,1.20997591012222,0.764948601948762
MOG,-0.599501155468769,0.765067162838261
TARBP2,0.385777102591584,0.765067162838261
RAD54L,0.390479191516262,0.765067162838261
VDAC1,-0.229379713106187,0.765067162838261
KRT10,1.31968360825948,0.765067162838261
LPIN1,-0.449432456209806,0.765067162838261
CTRB1,0.390479191516262,0.765067162838261
BTN3A1,-0.390995084880887,0.765067162838261
RHAG,0.374369487207411,0.765828813254217
NEK9,0.360508850865287,0.766052237457572
RAP1A,-0.833435000245926,0.766052237457572
WWOX,-0.274983115934729,0.766052237457572
VHL,-0.959917003297878,0.766052237457572
TIMP1,0.815588550303675,0.766052237457572
AGL,0.796503498148719,0.766169867474786
GRIA3,0.353212538780393,0.766169867474786
PUF60,1.55318784854943,0.766169867474786
ADH1B,-0.985347848976484,0.766352845466727
ABCB4,0.955594193961614,0.766352845466727
GRM1,0.325426392471396,0.766352845466727
TSHB,-1.07281294337536,0.766352845466727
NTHL1,0.90323295255555,0.766352845466727
CLTCL1,0.325426392471396,0.766352845466727
BCL7A,-0.949483031433074,0.766352845466727
MAPRE3,0.49368862358356,0.766352845466727
GYPB,-0.485854848427129,0.766352845466727
SMC1A,-0.402076378628355,0.766352845466727
A2M,0.336534719440127,0.766352845466727
DDB2,-0.236736367074876,0.766352845466727
GAS2L1,0.345648413073398,0.766352845466727
SLC31A2,-0.441275797904451,0.766352845466727
CASP9,-1.52683361170876,0.766352845466727
SS18,0.930290392395079,0.766352845466727
RBM15B,-0.341240265200097,0.766352845466727
ASIC2,-0.331704013555337,0.766352845466727
DDX18,0.524607689160085,0.766352845466727
ZNF250,0.331704013555338,0.766352845466727
TUSC3,0.316747245174382,0.766497681209466
SLC25A13,0.972225499740293,0.766497681209466
CEACAM6,0.318951536684326,0.766497681209466
SKIL,0.316747245174382,0.766497681209466
TNF,0.316747245174382,0.766497681209466
BMP8A,0.314519123024236,0.766789697838761
EIF2B5,-0.714046642322916,0.766995822427607
MN1,0.309989285920331,0.766995822427607
YWHAH,-0.382259330009802,0.766995822427607
ZNF154,-0.704334238251573,0.766995822427607
GIF,0.309989285920331,0.766995822427607
CUL2,-0.895464318073881,0.766995822427607
RGP1,0.363107468336562,0.767233148059935
BMP6,0.977591604493758,0.767240390672075
STXBP2,0.450740165896493,0.767240390672075
SAC3D1,-0.359782314383098,0.767240390672075
GBE1,0.556226079676627,0.767240390672075
ITPR3,0.295769903984486,0.767240390672075
PLIN2,0.293301619494224,0.767240390672075
TMSB4X,-0.285075493190448,0.767240390672075
PBX3,-0.240675410747668,0.767240390672075
TAF1A,0.300619522830678,0.767240390672075
COPB2,-0.842543120427367,0.767240390672075
UPF1,0.197149809964518,0.767240390672075
CHIT1,1.53360957604032,0.767635396931288
TNK1,0.938703090609323,0.767635396931288
ADD3,-0.359726494888866,0.767635396931288
NFE2L1,-0.289181820246942,0.767635396931288
HTR3A,1.06575477826104,0.767635396931288
RNPS1,-0.249040382049456,0.767635396931288
ASIP,-0.599202424164325,0.767635396931288
NR0B2,0.283121807612821,0.767635396931288
PRKAA2,-0.285714285714286,0.767635396931288
BCL7B,-0.881240988097202,0.767635396931288
ALDOC,-0.247894018577581,0.767635396931288
ALDH5A1,-0.5116376302287,0.767635396931288
SSRP1,-0.253423493990343,0.767635396931288
UCHL1,-0.511955819618645,0.767635396931288
FXYD3,-0.380939466610688,0.768042746372905
FUT7,-0.501774840829937,0.76821294892231
GABRQ,-0.920913510760871,0.768679233693245
LEPREL2,0.263999558079278,0.768679233693245
F10,0.829168649241261,0.768679233693245
BRF1,1.23257712605302,0.768679233693245
GRB10,-0.292578761548601,0.768679233693245
EEA1,-0.829353098795071,0.768679233693245
AKR1C4,0.263999558079278,0.768679233693245
GK3P,0.927355826473869,0.768679233693245
TAP2,-0.583660900230831,0.768679233693245
RAC2,0.261117003516761,0.769181613470682
RSU1,0.405681358201235,0.769181613470682
ENOSF1,0.915627837470042,0.769344005406712
NTRK3,0.217714840192354,0.769344005406712
LIPE,1.56309303497878,0.769417273503053
HTT,-0.22051558589718,0.769694506959809
ZNF140,0.954562754830214,0.769694506959809
CXCL11,0.255228051698687,0.769694506959809
TUBB,-0.149493951789653,0.769694506959809
CD19,-0.365682795532226,0.769758384279377
NPR2,1.22699322910026,0.769800157810076
CCL8,-0.820714617690555,0.770800470451102
DYRK2,0.479555736373174,0.770800470451102
FLT1,-0.87318119309028,0.770800470451102
PGK1,-0.233926825315645,0.770800470451102
ATP1B2,0.231038244691232,0.770800470451102
CAP1,0.191163384385518,0.770800470451102
NIPAL3,1.0944834663939,0.771311774133676
KRT9,0.242919959734442,0.77208255487431
NR4A2,1.02709078086285,0.772503234641739
SLC17A2,-0.740565940028548,0.772503234641739
TTN,0.369759083262878,0.772503234641739
FCGR3B,0.260003012031452,0.773909629525143
LINC00893,-1.11731545775188,0.773982932046047
SLC25A46,0.994828038940339,0.774442309565235
AMT,-1.24844529408233,0.775289556070219
IL6,0.679140200649642,0.775538551906634
GZMA,-0.537908723577809,0.77575742961415
HESX1,0.495210560640341,0.776396332195921
RBM10,0.531822464809892,0.776864219628005
PCSK2,-0.601594820404632,0.776864219628005
CHRM5,0.91928179516597,0.776893743147103
CACNA1B,-0.256059128801835,0.777112796674258
ZNF239,-0.818918439021445,0.777112796674258
CHRNB3,-0.782320314058973,0.777112796674258
RGS4,1.08102528310075,0.777112796674258
EIF5A,1.30160131154166,0.777112796674258
CKS1B,0.633891812499687,0.777262962122465
KRT20,0.219436128605745,0.777521743810255
DDB1,0.215462987427061,0.777521743810255
TMEM187,-0.206291099522117,0.777521743810255
G6PC,0.83542408212219,0.778155666509367
ETFA,0.383325632720402,0.778956646198667
STAG1,0.962064524211228,0.779809696164799
SOX3,-1.12118464436201,0.780104495649539
NR0B1,-0.319070625487447,0.780104495649539
CCNI,0.246048223124602,0.780104495649539
PSMA3,0.282238562027137,0.780104495649539
DNAJB1,-0.205215313128273,0.781975792281806
GGH,-0.743181355274767,0.78201136560929
CD1C,0.20470848675373,0.782018819103251
TGM1,-1.10941925693232,0.782018819103251
MPP1,-0.3154119640699,0.782018819103251
CLCN7,-0.361895356358811,0.782018819103251
KLK2,-0.812986827859557,0.782018819103251
GZMH,-1.06284580458069,0.782018819103251
SERPINI1,-0.978432118193462,0.782018819103251
IFNA10,0.74817719155739,0.782102113730271
TYR,-0.943063754849442,0.782102113730271
IL3RA,-0.352409021334065,0.782102113730271
AGAP2,-1.17130510788841,0.782147492519497
PON3,0.987274987370868,0.782147492519497
MAGEA1,-0.520118409638745,0.782147492519497
BMP5,-0.716527161522871,0.782147492519497
DYRK1A,0.861896319796248,0.782147492519497
IL18,-0.617353856875596,0.782147492519497
TUBB3,-0.414394321761524,0.782486343017291
AGER,-0.37885880166678,0.782486343017291
CCNG1,0.285502987277384,0.782774802347554
CYP7A1,-0.656864136999254,0.784268821271408
TXNDC9,-0.34708970801473,0.784772941729498
DSG3,0.788846477960339,0.784903005009836
AMBP,-1.15830837369983,0.784939338337346
ABCA2,0.987119949775916,0.784939338337346
GTF2F1,0.904543658816358,0.784939338337346
VAMP3,-0.942859941625983,0.784939338337346
ACP1,0.99245225204994,0.784939338337346
OSBP,-0.614928192771968,0.785216201582477
GNL1,-0.97632264942632,0.785216201582477
EPS15,0.490055524077905,0.785216201582477
RPS27,-0.994386114568692,0.785216201582477
CACNB2,-0.188846870698193,0.785216201582477
FMO3,0.188846870698194,0.785216201582477
S100A10,0.518567048487604,0.785216201582477
IFNA17,-0.188846870698193,0.785216201582477
OASL,1.10092616127102,0.785216201582477
ZIC1,0.336256534594918,0.785475262339636
NT5C2,0.514708561992132,0.785475262339636
HP,-0.348398078627326,0.785475262339636
CBX3,0.782236163258892,0.785475262339636
HSPA2,-0.620063557159998,0.785475262339636
PSME1,0.18615728689076,0.785475262339636
DPM1,0.479092635669868,0.785892993385893
KDELR2,-0.207680295905392,0.786268296295572
TRIO,0.184683107032551,0.786268296295572
C1QBP,0.212103306450983,0.786268296295572
CHRND,-0.422688351191962,0.786301745129978
MAZ,-0.0996756975537529,0.786450805821095
EPHX1,-0.41580750489492,0.786571003298297
TMED9,1.05764212189705,0.786984180204487
AHDC1,0.408668839448223,0.787537525595689
NEUROD1,-0.823203199542085,0.787685398541568
NOP14-AS1,-0.447908979256162,0.787933092214271
FGF6,0.726939244502751,0.78825219002886
USP7,-0.455717681213804,0.788424697195687
RAPGEF1,-1.18894848278068,0.78911782281189
SLC4A3,-0.243327864052944,0.78911782281189
MLLT11,1.07723805721437,0.78911782281189
CYP2J2,0.549927188972768,0.78911782281189
IVD,0.970710984372076,0.78911782281189
PARP4,0.201769111054096,0.78911782281189
TRAF5,-0.65835156048188,0.78911782281189
TMBIM6,0.192420933583039,0.78911782281189
TBCC,-0.501229930554429,0.78911782281189
NR1I3,1.24794787712506,0.78911782281189
FAM53B,-0.938458710898601,0.78911782281189
HSD3B1,0.803610255187513,0.78911782281189
GABRR1,-0.902793580760959,0.78911782281189
PPP1R1A,-0.392898937485416,0.78911782281189
F3,0.934045625783659,0.78911782281189
CSNK1A1,-1.07765750451584,0.78911782281189
CSN1S1,-1.09468695934185,0.78911782281189
FTO,0.169065115149399,0.78911782281189
RPL11,-0.22698971570029,0.78911782281189
S100A13,-0.30703479660027,0.78911782281189
HDAC1,-0.371833133913096,0.78911782281189
WNT1,-0.85258695020684,0.78911782281189
PFKL,0.176094393827183,0.78911782281189
UOX,-0.802961626870356,0.78911782281189
SCRN1,-0.24146376304175,0.78911782281189
ECHS1,0.139951489846251,0.789436267488014
HSPA4,-0.834728105723743,0.789436267488014
NRIP1,0.807054828914183,0.789436267488014
MEST,0.652225113527427,0.789467453101371
CCR7,-0.457050679065025,0.789467453101371
CCT7,0.795147728414371,0.789714618546428
NET1,0.789446590448543,0.790030242571543
SOX6,0.734257253463574,0.790488837224388
TST,0.189552760576191,0.790905126692982
NDUFA4,-0.28506039048743,0.792361630756477
UPK2,-0.348564406800635,0.792560108635592
LYST,-0.36229780261313,0.792560108635592
NEUROG1,-1.38262661252016,0.792560108635592
SLC6A9,1.07729769207259,0.792893959994762
HOXD9,-0.16457187049215,0.792949447355665
OPRD1,0.969229408020392,0.793066836890069
INPP1,1.12828801916451,0.793150148005867
MX2,-0.947234916867895,0.79389262912072
MAP2K4,-0.88494343346056,0.794624784482795
EXOSC9,0.560687500515111,0.794793227472397
FAT1,-0.30209010630873,0.794793227472397
IDH1,0.739477494737047,0.794869559927031
PCDHGB7,1.14786741622233,0.79498302756408
CLDN5,0.585933255681079,0.79498302756408
IDH3B,-1.19624557032544,0.79498302756408
CTBP1,1.08456064002892,0.79498302756408
ADD1,-0.288607577464449,0.795771558164287
TRIM23,-0.85424233175684,0.795771558164287
UQCRFS1,-0.414834981250518,0.795771558164287
OGDH,0.259149863241166,0.795771558164287
MAN2C1,1.2214550379335,0.795868809025418
EYA1,-0.958544653523799,0.796205472919241
BCKDHA,0.774551725389754,0.796309189881677
SNTB2,-0.815212031130853,0.796463215087024
HRSP12,0.730937251651547,0.796463215087024
TNIP1,1.24482281839949,0.796463215087024
HSF1,1.24502232791118,0.797130975045992
LGALS4,0.753202873985082,0.797884067137334
POU4F1,-0.958438360815624,0.798429264437245
CD80,-0.824999190133818,0.798429264437245
APOA2,1.00301711207342,0.79945166193976
IKZF1,-0.728745221044508,0.79945166193976
CCL17,-1.13606861631639,0.799915629997018
ECH1,1.10707951226465,0.800083350027778
ICT1,-0.912869598939709,0.800976057078354
NACA,-0.117812185328177,0.800976057078354
GABRA3,-0.477851361773251,0.801006084409922
CAD,0.915243047871607,0.801006084409922
NOP14,1.08953585553675,0.801297970733458
KRT19,0.210911669652463,0.801464630373515
OSTF1,-0.967693451760232,0.801656400569368
FCN1,0.147946272818674,0.802365969539019
CADPS,-0.680048310615939,0.802365969539019
N4BP2L1,-0.810780947885314,0.802365969539019
EXTL2,-0.345478903639847,0.802365969539019
EXT2,-0.8510352063044,0.802365969539019
PSMB9,-0.754081812226273,0.802365969539019
ZNF787,1.3108725768867,0.802365969539019
RPL35A,0.222952966835518,0.802365969539019
ERVK-7,-0.936326550147903,0.802365969539019
H1F0,-0.476851229212842,0.802365969539019
UMPS,-0.730209646629459,0.802456685262623
ZCCHC11,-0.612328512116585,0.802695309661598
GPR1,0.396029955439825,0.802695309661598
RAF1,0.372082287566654,0.802695309661598
COL11A2,-0.281475224859612,0.802695309661598
PLCB3,1.12159896307418,0.802695309661598
CDK1,-0.524763534102545,0.802695309661598
ERG,-0.750617804833394,0.802695309661598
DLG2,-0.357004939348926,0.802714166467412
RNH1,-0.231933502503663,0.802983226178485
CRH,-0.820877874803959,0.802984089728454
TK1,-0.881031873688134,0.804421525769346
KIAA0100,0.810137650345827,0.804738746400664
ZNF24,-0.782005387855935,0.804738746400664
CAPN2,-0.240138731002203,0.804738746400664
FOLR3,-0.142857142857142,0.804738746400664
SYCP1,-0.671824546150038,0.805274372272202
HOXB5,1.03447557593756,0.805431994276336
SLC10A1,-0.209835106155266,0.805840763484666
MPG,-0.28178912919539,0.805975715452126
YAP1,0.820575951702578,0.805975715452126
TBCB,-0.265436178167487,0.805975715452126
CCNC,0.737385733021624,0.806293696577112
S100A4,1.31733525549882,0.806803410746776
TOPBP1,-0.816416543799186,0.807512547273455
OLFM1,-1.13659895503775,0.807562056911613
ACVR2A,0.926717269000411,0.807562056911613
CYP24A1,0.819197296614424,0.807948411491998
STK25,0.242354752920271,0.808469486362155
ANGPT1,0.319257811981265,0.808510444692815
PIR,0.287085732399234,0.808510444692815
SYMPK,-0.824820668458402,0.808686453303555
SLC29A2,0.90446175999501,0.808810132582092
PTH1R,0.755660809249163,0.808964853333399
RPS4Y1,0.88573203468404,0.810328778232614
SMAD2,0.212056548732285,0.811490573376836
NMBR,-0.632431047227735,0.812719484063194
ADORA3,-0.284604507334063,0.812961884009986
PARG,0.537491357206433,0.813188148210454
TPM1,0.67577166976834,0.813218653367157
TYMS,0.869270189901359,0.813218653367157
SLC8A3,-0.717908500873476,0.813218653367157
SDHB,0.324012501354161,0.813352797909729
NDST1,-0.81337481328832,0.813612399778169
PMS2P4,0.85367758370908,0.813753183610942
SUZ12,0.388195346017421,0.813753183610942
UTP14C,-0.210733073848962,0.81517227278827
CASP6,-0.834855806215876,0.81517227278827
MMP14,-0.774793589749027,0.81517227278827
NGF,-0.942744813419982,0.81517227278827
PASK,1.0856519473008,0.815671861963413
USP10,-0.146961680823964,0.815671861963413
RORA,-0.54798576834638,0.815674912276309
TOP2B,-0.233863234949798,0.815674912276309
OR3A2,-0.653787648107721,0.815674912276309
CEBPG,0.625012144138899,0.815674912276309
FRK,0.733799403546723,0.815674912276309
PDHB,-0.193601419535828,0.815914754838497
GPR19,-0.585780716481077,0.815914754838497
BMP2,0.510655137011639,0.815914754838497
PI4KB,0.310621251040924,0.816715842256961
MX1,-1.05213766396778,0.816715842256961
DMPK,0.940015913559343,0.816715842256961
ATP5G2,-0.167030207679895,0.816970768091453
PLAGL2,0.330932612861076,0.817391899758314
CD47,0.80694579741278,0.817912878444249
CALCR,-0.683791870621324,0.817912878444249
DNAJC2,0.770543832191548,0.818066654007205
PTDSS1,-0.154501371973243,0.818066654007205
RUNX1T1,-1.05896997764907,0.818066654007205
MAPK4,1.01328206959679,0.818066654007205
PFKFB1,0.823233089442153,0.818066654007205
BMPR1B,-0.898471095945601,0.818348840033722
DDR2,-0.960819836162333,0.819253788008575
SNRPD1,0.707932838479458,0.819321084516084
TLE2,0.833444283657614,0.819321084516084
IL7,-0.569224823530646,0.819321084516084
CCR8,-0.383697210008023,0.819321084516084
TFF3,1.09437349964244,0.819469814252038
RTCA,-0.653998706913979,0.819469814252038
MYBPC1,-0.435857364348816,0.8197934091476
CYP4F2,-1.04540977391249,0.82063002525483
CHRM3,-0.123213782321438,0.820735564974925
ITGAX,0.244148579072727,0.82130158544633
CHRNB2,0.188555956577652,0.82159412734354
IFNGR1,-0.522901290989326,0.821736262781036
NAGA,0.740156822018756,0.822866861795825
PRKAR1B,0.914561950870068,0.822866861795825
ATOX1,0.186668332811116,0.823050452824534
MTAP,-0.859790803899642,0.824049890212481
CFTR,-0.901126025053122,0.824099715820532
MYH2,0.673160488632323,0.824099715820532
MAGEA4,0.825056400150981,0.824455935155486
PFN2,0.300795926754031,0.825447452638041
HMGA2,0.555760132544338,0.825447452638041
MSN,-0.22506240105151,0.825647566802246
PRMT1,0.280270720595411,0.825689982531879
BET1,-0.612028040809122,0.826033988641446
OGT,0.861902671029949,0.826354574713915
NAP1L4,0.869081161782775,0.827003380554208
CETP,-1.0865218670062,0.827003380554208
KMT2A,-1.22048924065833,0.827508879571551
BAAT,-0.739175685842421,0.828387700483602
ATP2A2,-0.171031099883232,0.828387700483602
HMGCR,-0.556939267015474,0.828387700483602
EED,-0.570943572015734,0.828387700483602
COX11,0.749634600060082,0.828387700483602
INPP5A,1.03815715516478,0.828387700483602
MAD2L1BP,0.662554595876752,0.828387700483602
BAP1,-0.357239113957048,0.828387700483602
GABRA5,-0.775349866533136,0.828387700483602
TARBP1,-0.679332516527225,0.828736141528008
RIT1,0.656116205702634,0.828736141528008
FGL2,0.286032745671653,0.829083944011838
TSPAN31,-1.00831610301049,0.829461744804087
SPICE1,0.625359579105169,0.829461744804087
SNX1,0.887122881607429,0.829461744804087
ITGAD,-0.377810589698045,0.829785171552427
NDUFV3,0.221739512013597,0.829785171552427
TRAM1,-0.575008766985723,0.829939260434484
TCEA1,0.18909014041677,0.829980025774353
FOSB,0.932428446141596,0.830560023810166
STAT3,0.246374380999629,0.830560023810166
KRT81,0.568182846214274,0.830616376652441
COL4A4,0.742811425705971,0.830616376652441
ARHGAP11A,0.758448830233706,0.830622632526474
IFNA5,-0.833500276120966,0.830689427176339
RTN1,-0.287443487519701,0.830794936725994
ATP2B4,0.946981093133585,0.830996643378108
CLPS,1.0985338216275,0.832137126359797
SCAP,1.2246164539511,0.832137126359797
TMSB10,-0.2539997035207,0.832137126359797
GPX3,0.40550457508183,0.832447965200624
KPNA2,0.374991027314307,0.832447965200624
DPT,0.775712504412712,0.832447965200624
SLC26A3,-0.82366293889325,0.832447965200624
CDKL5,0.601369799264344,0.832447965200624
ST3GAL2,-1.01228416108623,0.832447965200624
CD24,0.451639454677426,0.832458812640521
REG1A,-0.706111735269996,0.832458812640521
COASY,0.476458811672255,0.832930984038316
CPN1,-1.03187101849931,0.83311946351414
PHKG1,0.729844294180811,0.83311946351414
VCL,-0.879767511958116,0.83311946351414
BRD8,0.675970230108926,0.83311946351414
CTTN,1.2171842420771,0.833562937371682
MAP2K2,-0.175613655378507,0.833562937371682
DDX10,0.758721932060951,0.833562937371682
GMPR,-0.173514133326302,0.833971721437255
AGTR1,0.904862126453862,0.834532270891327
NDST2,-0.95946775264885,0.834535436744567
JAK1,-0.532965801676463,0.834812983166484
POLR2H,0.292843351072843,0.834878566191117
MAP3K8,0.713853945731224,0.83501037405187
HPGD,0.654076426484803,0.835098571054499
KNTC1,0.343615954656777,0.835098571054499
NBR1,0.264842450909644,0.835098571054499
SPIN2A,0.943619822309949,0.835098571054499
RAC1,0.283906415270062,0.835098571054499
CHRNG,-0.7482930758549,0.835098571054499
UQCRC2,-0.946079877786875,0.835661573023044
LIPA,-0.399518201517429,0.835661573023044
PYY,0.891507661013803,0.835661573023044
PRKCG,-0.284989990903158,0.835661573023044
OAS1,0.906130742991905,0.835661573023044
KRT6C,-0.271941271240555,0.835661573023044
CYP2D6,-0.806053683446266,0.835661573023044
MAP3K11,0.799310532115348,0.836039473886067
SMG7,0.14960521488694,0.838499271947055
VPS45,0.714188982159828,0.838499271947055
PRCP,-0.860790127377786,0.838499271947055
HIST1H1E,-0.1052807991666,0.83953337678271
CRYZ,0.69666611630667,0.839752662292712
HOXB1,1.01413567064213,0.839798697044698
CDC5L,0.451473880510111,0.840428539643061
SNRPE,0.354150728487712,0.840428539643061
CFLAR,0.262248738849721,0.840428539643061
ATP2B3,-0.688434580907732,0.841255240136368
BAG1,0.157601597396212,0.84155476515466
GOLGA1,-0.79055040834698,0.84155476515466
TMOD1,0.385122784014241,0.841651683928465
TPM3,-0.301061477246684,0.841727106627812
ERCC1,-0.740751469346355,0.842250282785807
MDC1,-0.272974965964023,0.842250282785807
FCER2,0.281594533297019,0.842290881537262
VGLL1,0.998713354869373,0.842323319613069
TGFB1,0.315009797365079,0.842323319613069
MARK3,-0.99149498902178,0.843081695428637
HAPLN1,-0.365225148825639,0.843181866792524
PPIF,-0.806578300290253,0.843181866792524
GCLC,0.911244745209517,0.843181866792524
EHMT2,0.838586904141406,0.843181866792524
IRX5,0.670729214721035,0.843181866792524
CTRL,0.820119164435601,0.843181866792524
PHC2,-0.18700408526179,0.843181866792524
LPAR1,0.772422993399774,0.843482386529718
MC2R,0.582849793195058,0.843517927821338
MLF2,0.207523309395603,0.844504491902316
SSR1,0.790858158630718,0.844504491902316
NEK3,0.759893358691605,0.84530043026265
ST6GALNAC2,0.869642046307144,0.846065305385793
LINC00667,-0.642919657862302,0.846146536404131
SCARB1,0.297759835351698,0.846146536404131
TIMP2,0.143471821474451,0.846146536404131
PTTG1IP,-0.426193456460812,0.846146536404131
ABCB10,-0.861867790239454,0.846146536404131
GAL3ST1,0.747467663822864,0.846146536404131
GNB1,-0.195341462444985,0.846146536404131
ABCB5,0.756871911643467,0.846655980593016
PRKCI,-0.674216833081942,0.846655980593016
PFDN5,-0.165576717574462,0.84735048595131
NAGLU,0.235801723469919,0.847924145727531
SLC5A2,0.21493857249123,0.848721929692815
ALDH18A1,0.700850869148933,0.848863733819745
TTC1,-0.188030134897911,0.848863733819745
CUL5,-0.778055655321991,0.848863733819745
SOX5,0.67681843613175,0.848926789834737
ZNF137P,0.67194577797463,0.848926789834737
TRAF6,0.443514090610147,0.848926789834737
UBA1,-0.210385251730754,0.848926789834737
CDK6,1.07213395564631,0.849220105056587
TNFSF9,-0.365860039959049,0.850607141226341
PRUNE2,-0.263968716695009,0.850607141226341
S100B,0.222453025334397,0.850607141226341
ANK1,-0.621747275674213,0.850607141226341
C8B,-0.772355598002425,0.851248665321289
BSG,0.186509952725139,0.852357500299599
UBE2K,-0.430292040428886,0.852583967295952
LYL1,0.88340870092682,0.85284103854616
CD36,0.218839655341595,0.852908094476532
MPHOSPH6,-0.382005880697356,0.853376807133873
BCLAF1,-0.302760494868073,0.853376807133873
AIM1,-0.647786971061544,0.853401524763005
KCNA4,0.709932495101453,0.854098188553042
MAT2A,-0.741453215999493,0.854512084987047
SKP1,-0.214687629439565,0.854556757014861
EDNRA,-0.76517474175157,0.855736394715987
SART3,0.628595812981052,0.856065529186278
MDH1,-0.238000516780849,0.856417346979265
OR3A1,0.865388232985703,0.856417346979265
SP110,0.111351583815564,0.85663816760724
TWIST1,0.307647177353161,0.856909158773531
RBBP7,-0.581118898972861,0.857061563307563
TFE3,0.214426269410096,0.857788407481244
ADSS,-0.657072456341131,0.857788407481244
PF4V1,0.603299322514031,0.857788407481244
TXN2,-0.187325718645269,0.857788407481244
INPP4A,0.816775432056434,0.857875451613546
TNFAIP1,0.3067445097193,0.857875451613546
GTF3C2,-0.265986599432507,0.857875451613546
PLCL1,-0.533660061287694,0.857875451613546
UCK2,-0.831730419795709,0.858231062427663
PTGS2,0.710633254165821,0.858304422283845
HLTF,-0.700828021788698,0.859128074692008
PPP2R5D,0.841573648008772,0.859442007573554
MLH3,0.890920433402047,0.859692995548483
CLNS1A,0.202454934827568,0.859836810041872
ITIH1,-0.739505296765222,0.860325783543567
MFAP5,-0.571568879585954,0.860325783543567
KRT6A,0.314327543302729,0.860325783543567
DUSP1,0.296665791300727,0.860325783543567
PPP1R3A,0.399056152570481,0.860325783543567
DES,0.746380248665774,0.860325783543567
MAPK12,0.726297099085546,0.860401803008113
ATXN1,-0.750155075610153,0.860501231535191
PPM1F,-0.838164939469941,0.860689155587288
NDP,-0.204255949518053,0.860758764537636
EVX1,0.849031876983203,0.861673006134058
DPP4,0.623529439140794,0.861673006134058
NMU,-0.834093456508792,0.861673006134058
MED1,-0.0887840538208957,0.861673006134058
RGR,-0.885562185907333,0.861678110022048
SEC23A,-0.302935026136968,0.861906503274943
ABCG1,-0.520694883933674,0.861906503274943
TCN2,1.06004576011211,0.861906503274943
FGF12,0.641826400888247,0.862084942395237
KPNA4,0.660278196873106,0.862084942395237
ABL1,-0.205946475622524,0.862192831555694
RBBP4,0.762328405563805,0.862192831555694
SLC33A1,-0.330086227055191,0.862751643076598
CDK18,0.874536156393115,0.863446673155241
CES2,-0.117945183963251,0.863446673155241
MUM1,-0.296964227837295,0.863470693643359
ZNF135,-0.524408435179917,0.864341835299183
FOSL2,-0.63684799880321,0.864341835299183
GFER,0.444931925319247,0.864627348268698
INPPL1,0.225366457475687,0.864993904195973
TRA2B,0.217722833199224,0.865158963338667
NT5E,0.699162236220947,0.865344140991512
DCTD,-0.137676083773311,0.865371225442358
PICALM,0.664526365204775,0.865651579708899
LY6E,0.30094198652632,0.866320518072005
PCOLCE,0.870955131660876,0.866497686700271
IFNAR2,0.72600132917538,0.866558952941934
HBZ,0.758831019449241,0.866558952941934
IL1R2,-0.566821550854455,0.867594783861238
MDM4,0.986452670907743,0.867594783861238
RAG1,0.0737164495719513,0.867688656094162
ABCA4,0.830254112498455,0.868430829560899
DLX4,0.349807788166261,0.868430829560899
NRCAM,0.736132102278589,0.868671930434172
FGG,-0.513818154140211,0.868847189866046
BNIP2,0.372855256882037,0.869018812152351
SMARCC2,-0.231582750069942,0.86936358764008
CA6,-0.62871650726386,0.86936358764008
HLA-G,0.697570190854626,0.870093971008183
NDN,0.756952792324578,0.870535706676678
PDGFRA,-0.213523205999179,0.870535706676678
FABP4,0.725379113954289,0.870535706676678
RORC,-0.823191540617205,0.870535706676678
CRABP2,-0.309240976832021,0.870535706676678
YY1,-0.593123193804303,0.870535706676678
RNF10,0.451921182805201,0.870535706676678
FABP2,-0.685572898346294,0.870535706676678
DUSP6,0.857112259865533,0.870535706676678
AKAP10,0.0835660715315933,0.870535706676678
QPCT,-0.77122748206657,0.870535706676678
ILVBL,-0.170940106272395,0.870535706676678
UGCG,-0.67886300895479,0.870535706676678
TNFSF4,-0.772856066092016,0.870535706676678
MRPS21,-0.507799680331533,0.870535706676678
FDPS,0.283334969490891,0.870535706676678
BTG2,-0.578667023419184,0.870535706676678
CYP2F1,-0.188094035926552,0.870535706676678
GPR125,-0.281305618723547,0.870535706676678
RPEL1,-0.409984042593832,0.870830487808242
UPP1,-0.308483824950306,0.870830487808242
GNAI1,-0.318323479784627,0.870830487808242
DEFB1,-0.625834897319504,0.870924199176199
ADH6,-0.833468393158306,0.871387986830964
MYO1C,-0.622329763592269,0.872862856974359
CELSR2,-0.169194896558468,0.873405447184183
SLC6A1,0.674098717782623,0.873498288139389
HPCAL1,0.592807986007434,0.873536913729845
PDCD1,-0.707022868593377,0.873725580265599
RAD21,0.236347120417257,0.873788091969293
PLXNB1,0.822107932709768,0.873788091969293
ADCYAP1R1,0.747209851691848,0.873788091969293
TGFA,-0.381883513124194,0.873788091969293
TNNT3,-0.952335471151726,0.873788091969293
ADAM9,0.702304483120184,0.873788091969293
PTPN6,0.282039436283517,0.874135130057574
PSMB7,-0.181224239463299,0.874233100576817
RPS21,0.127044928747418,0.874233100576817
ARPC2,-0.144001400474073,0.874233100576817
TCP10,-1.08073650028547,0.874233100576817
GALC,0.212891001721568,0.874233100576817
LOR,0.420532458317253,0.874638907026317
LGALS3BP,-0.832046865090458,0.874856625225807
MGST2,-0.223112290114644,0.874856625225807
RBP4,-0.766419513416622,0.874961822541953
PHLDA2,-0.686701528369877,0.874961822541953
TOMM20,0.14816606105575,0.874961822541953
ZBTB6,0.365944889064583,0.874961822541953
F9,0.622771478313003,0.875149055216648
SERPINB6,0.103736173917476,0.875315466361122
ATP6V0C,-0.177874628466698,0.875343531103725
BRS3,0.573176875499215,0.875488241607496
PARK7,0.155383006827027,0.875488241607496
LPO,0.64668126253941,0.876180300503618
AKAP12,0.637696638602151,0.876180300503618
RAB3GAP1,0.415043718389084,0.876180300503618
RLF,0.530075935059268,0.876180300503618
ZNF3,0.643304354817383,0.876252567278803
CSNK2A1,-0.143285709802495,0.876839487344422
DAPK1,-0.242167446023979,0.876839487344422
SNRPF,-0.727630371037082,0.876839487344422
ALDH9A1,0.184915495230355,0.877238791069845
CD81,0.095570969873485,0.878817986172927
PDE3A,0.618740135339531,0.878817986172927
BTK,0.29705163206952,0.879007520756852
XPC,0.183916002736902,0.879008623199701
CHRNA1,-0.638140917103439,0.879008623199701
CHML,0.612445060862921,0.879313492661923
ITGAE,-0.468634027495256,0.879384509701891
CSNK2B,0.135091086180491,0.879505051884471
COL4A1,0.25523764479933,0.879807138867176
CCL5,0.78929244635557,0.87988715831709
LINC00563,-0.566062460921509,0.87988715831709
SLC6A12,0.521209349003901,0.87988715831709
IPO5,-0.390251917593959,0.87988715831709
GPR21,-0.184549931193331,0.879939290349288
PLAG1,-0.443370821896964,0.879939290349288
SLC5A1,0.0765789857486014,0.879939290349288
IL12A,-0.602387224760141,0.879939290349288
WNK1,0.448683064217987,0.879939290349288
TJP1,-0.169111691545009,0.880757046124136
S100A8,0.772366818367104,0.881544317880733
CLINT1,-0.541224128213408,0.881601430487929
HAGH,0.577495990665311,0.881989065719684
ARHGEF6,0.672164134468668,0.881989065719684
WASF3,-0.57121309701647,0.882184951611359
SPOCK2,0.146136822891709,0.882954497416303
ERCC3,0.560697370375451,0.883970227151452
MC1R,-0.668171387345073,0.883970227151452
CDC7,-0.382040263468902,0.883970227151452
WT1,0.527854436279936,0.883970227151452
LTBP2,-0.237512552844624,0.884170760877185
CD86,-0.416251161245601,0.884225957212578
SPRR2E,0.6688348852589,0.884800816524733
TDRD9,-0.25463888601556,0.884800816524733
CD1D,0.514296579480173,0.884800816524733
IFNB1,0.540699578703173,0.884858706430045
IDH3A,-0.186379175409318,0.885885517247548
HDAC2,-0.498992088114331,0.885885517247548
PTPN1,-0.145429943690068,0.885885517247548
PNMT,-0.256965117902459,0.885885517247548
ANXA5,0.16176585746314,0.885885517247548
GJA1,0.284929776997826,0.886141341130261
RASGRF1,0.56042884789512,0.886587401226399
FBL,-0.174173378036894,0.886750349406303
GATA4,0.542300561284719,0.886750349406303
ASNS,-0.499518792508663,0.88708076467742
BMX,-0.169789852781454,0.88708076467742
NUDT2,0.67717659370367,0.88708076467742
HUWE1,-0.145973954030403,0.887816451978299
CKMT2,0.609222925364318,0.887871636180454
TFRC,0.509493334318998,0.887871636180454
MAOA,0.558975011129921,0.887871636180454
CIR1,0.596452927713932,0.887871636180454
MS4A2,-0.469166868228783,0.887958796980673
NDUFS1,0.607467006912044,0.887958796980673
TATDN2,0.657679688949385,0.887958796980673
PCSK1,0.546228170580553,0.888309577812116
SLK,-0.499720517956145,0.88864678933715
KRR1,0.487531312773715,0.88864678933715
PPAT,-0.543376880910342,0.88864678933715
F13A1,0.653394945402656,0.88864678933715
PIP4K2B,0.729954831301183,0.888766269509392
MLN,-0.215778501979512,0.888766269509392
NR5A1,-0.690645544212559,0.888766269509392
MTIF2,-0.600540076074618,0.888766269509392
GTF2F2,0.340477489823714,0.888766269509392
H2AFX,-0.166249498358944,0.889286713276747
TTLL4,-0.61178185897654,0.889286713276747
IL5,0.499704170449211,0.889433527316552
TPD52L1,0.462290476000833,0.889433527316552
STC1,-0.33224046507798,0.889433527316552
SIM2,-0.400394583099829,0.889433527316552
CD59,-0.186389727731809,0.889433527316552
GALNT3,-0.220382851122293,0.889433527316552
NTN3,0.802781190709852,0.889433527316552
PTGDS,-0.131956246096411,0.889494243589341
HNMT,0.330562365560835,0.889494243589341
PGAM1,-0.104224943954113,0.889860840926905
DVL3,0.090720934444084,0.88986199716022
TRIM9,0.68680404178903,0.88986199716022
SRSF4,-0.536743655766236,0.88986199716022
KPNA3,-0.344510086859501,0.88986199716022
TRPV6,0.803566212667686,0.88986199716022
LPIN2,0.356665334430021,0.890012637896396
ADCY7,-0.697474886614233,0.890012637896396
PIGC,-0.596343960656149,0.890077912472754
SMAD5,0.371314892627233,0.890426738104282
HRG,-0.27079117616066,0.890426738104282
GCA,0.479696155886763,0.890426738104282
SLC6A4,0.692967925404862,0.890426738104282
CXCR3,-0.785533657184629,0.890426738104282
SLC8A1,-0.440552444023205,0.890426738104282
PSMD9,0.195071149822615,0.890426738104282
BPGM,0.339409130257408,0.890426738104282
CRYAA,0.825517871443116,0.890922017846204
CTSO,0.345262820273263,0.891481356340722
SERPINH1,0.168690289532726,0.892378465742413
TMPRSS15,-0.363815139330334,0.892378465742413
VRK1,-0.634973462854812,0.892378465742413
HIST1H2AC,-0.595419895710929,0.892378465742413
TAL1,0.49562115151662,0.892378465742413
PSPH,-0.577446100784061,0.892378465742413
IGFBP3,-0.565755589240419,0.892410130148069
NUS1P3,0.553672141919296,0.892578032331578
ALOX15,-0.558669126404983,0.892578032331578
GSK3B,0.22934328749146,0.892578032331578
ZNF211,0.368922193788979,0.892578032331578
SETMAR,0.678630617446252,0.8928266491048
KLF5,-0.717342303131144,0.8928266491048
LCT,0.572815802686615,0.8928266491048
FRMPD4,-0.704925412742794,0.893126047233978
MMP7,-0.551502605363313,0.893126047233978
ELAVL4,-0.683434200546957,0.894360942294344
MAP3K4,-0.622545421695403,0.89495466669631
SRPK2,-0.144398512483734,0.89495466669631
RLN1,0.830654335089068,0.89495466669631
XIST,0.598998781111721,0.89495466669631
IER3,0.68742535638706,0.89495466669631
YWHAZ,0.166573904587244,0.895039062697716
SPRR2B,-0.478420751051312,0.895039062697716
YAF2,-0.298791390124054,0.895039062697716
VPREB1,0.577615578781319,0.895039062697716
NPM1,-0.18020531485349,0.895039062697716
IDH2,0.163031871898495,0.895039062697716
NPC1,-0.144308959243618,0.895039062697716
HLA-DQA1,0.229740238205927,0.895039062697716
KCNQ2,0.826628110272091,0.895039062697716
POLR2K,-0.20164055028812,0.895039062697716
FGF3,0.821476618024995,0.895039062697716
ODF3B,-0.29404754611148,0.895039062697716
JARID2,-0.67241896485117,0.895039062697716
ARF5,0.807758727832546,0.895039062697716
EVI2A,0.68561526341021,0.895155566847382
AP3M2,0.705235058750121,0.895155566847382
POLA1,-0.588521314876519,0.89516713629203
FGF2,0.300732647781317,0.895214490327266
REST,0.63707974303941,0.895400550515432
GLI2,0.879129311001647,0.895722277838783
ARF3,0.0823874499024306,0.895722277838783
IK,-0.186250945745613,0.896590010343739
PMCH,-0.368723708427022,0.898164949564134
KL,-0.646296760313215,0.898694098245899
HPCA,-0.232458086082918,0.899356206330692
ELL,-0.170157966969857,0.899356206330692
SLC1A5,-0.135308153546726,0.899498031014782
ICAM2,-0.430030478569561,0.899498031014782
TPMT,-0.286173121306291,0.899498031014782
PDE4B,-0.18215247128961,0.899498031014782
WAPAL,-0.447770237001247,0.899498031014782
IDO1,-0.538824505846375,0.899545377604936
CCL13,0.283139982576132,0.899545377604936
UBA52,-0.123835193686359,0.899691430455282
PFKFB3,0.207483468089904,0.899867280247137
COL1A2,-0.37214751794842,0.900234597157009
PGRMC1,-0.659860810582108,0.900234597157009
KIAA1549L,0.869222112301651,0.900268545004022
CAMK4,0.595086836722163,0.900498937437151
SYN2,-0.570197688572362,0.900579308553314
DTX2P1-UPK3BP1-PMS2P11,-0.169164376662611,0.900708252970884
ANK2,-0.574358030477315,0.901219358577164
CDK17,-0.220880049661798,0.901705790025527
CNN3,0.341710364162017,0.901788328244381
LMO1,0.593416001261442,0.901788328244381
TTC9,0.517106070802872,0.901788328244381
PPM1A,-0.206289686316257,0.902005105209455
ARHGDIG,0.731063599148601,0.902005105209455
RPS9,0.14678200058585,0.902005105209455
FKBP5,0.652484022858858,0.902363684682881
CBFB,0.137414263301791,0.902363684682881
YIPF6,0.558715023670617,0.902363684682881
ANP32A,0.561760475457991,0.902363684682881
ADA,0.260634937082646,0.902363684682881
HTR1F,0.574907064454839,0.902363684682881
SLC23A2,0.235856980843,0.902363684682881
PPP1R11,0.287832410522068,0.902481021660715
CXCL10,0.533216493590238,0.902936372624603
SNRPD2,0.177210688765271,0.902940536373953
CKAP4,-0.20197264638978,0.903164854581815
RRAGA,-0.221680088036532,0.903164854581815
GLUD1,-0.142075148537574,0.903331910671663
CD70,-0.243353065700552,0.903512757750373
HMGB1,-0.230539861088207,0.903512757750373
FOXG1,-0.435206960273588,0.903512757750373
HIBCH,-0.407873797360796,0.903755247541593
NR2C2,-0.585340252232354,0.903755247541593
GAD1,0.611098864624264,0.903755247541593
LITAF,-0.622840405238486,0.904625497679676
RGS19,0.147181978783035,0.904835937996859
COMMD1,0.668254462742436,0.905316662842386
MAPK8,-0.268086664832836,0.905353883380886
MALL,-0.781110133637124,0.905929568422153
PRPS1L1,-0.487248114635967,0.905929568422153
ARHGEF16,0.814929870067859,0.905929568422153
PRPF18,0.428521099691309,0.905929568422153
RAB40B,-0.575812810348446,0.905929568422153
ZNF33A,-0.512237417746309,0.906156643390265
GALNT1,-0.468581882325942,0.906156643390265
ADRA2B,0.673773800331691,0.906156643390265
KIAA0101,0.456789385130431,0.906156643390265
SLC4A1,0.471132545926398,0.906235833798222
PRDX6,-0.167346127000885,0.90651507101608
CYR61,-0.529455172157625,0.90651507101608
ITPKB,0.188677891716345,0.90651507101608
DLAT,-0.40155219767624,0.90651507101608
MAP2K3,0.798520401691661,0.90651507101608
MYL5,-0.155119357476195,0.90651507101608
PCP4,-0.333629655685899,0.907228185882373
ZYX,-0.341724590363325,0.907228185882373
LTC4S,-0.13487985803417,0.907389750828974
IGH,-0.666197856046875,0.907389750828974
CSN2,0.201931662398881,0.908821248605416
FGA,0.503677683003283,0.908861000939967
DCBLD2,-0.505164979250928,0.909056501938838
TCF20,-0.268832296413821,0.909634705363149
SPRR1B,0.618708448917752,0.909634705363149
RGL2,-0.161288635932367,0.910064478384794
SEPT7,-0.13979847136887,0.910064478384794
TYRP1,-0.566891861846498,0.910064478384794
BTC,-0.43981026378166,0.910064478384794
UBE3C,0.435932599693045,0.910075737343777
CFL1,-0.100080279987814,0.910286422009479
CDH11,0.658230686389095,0.910286422009479
RHOH,-0.34382610844731,0.910286422009479
IL11RA,0.40912798462816,0.910419587657426
AMPD1,-0.426309656073673,0.910764741457227
GRB7,0.798367184166638,0.910764741457227
MAPK10,0.672549173355401,0.910764741457227
MAN2A2,-0.23800916339364,0.910764741457227
FIG4,-0.119862937857555,0.910764741457227
IGFBP4,0.223538796254223,0.911430094685253
ARF4,-0.244342924754879,0.91190190161918
MFAP1,0.285957577416896,0.91190190161918
MTOR,0.298226496146867,0.9126657193184
ATXN2L,-0.469990013013208,0.912728923054762
CDK7,0.632576199620766,0.912804079148555
EFNA5,0.554004681681662,0.912804079148555
AFF1,-0.405993798869059,0.913049932674956
CYP11A1,0.525818900727307,0.913049932674956
KPNA5,-0.58049145032057,0.913049932674956
ALDH6A1,0.14461226510492,0.913736973669123
STATH,-0.489214988144353,0.913788069452571
POU3F2,0.703480575096949,0.91381503646121
CDKN2D,0.48682197768856,0.913836510155963
PXDN,0.281368650977505,0.913836510155963
GOT2,-0.207733673262029,0.913976054962271
CYP1A1,0.568778119987613,0.913976054962271
PMVK,0.405995715875004,0.913976054962271
HMGCL,0.245660517619964,0.91414639800636
MYO1E,-0.366489825307916,0.914486214592068
HSD17B4,-0.48435388842905,0.914691663146759
PDC,-0.453796916040591,0.915919630143944
ZNF7,0.451789024328631,0.915919630143944
SQSTM1,0.0865429992858147,0.91652792387186
PTK6,-0.504097799733478,0.91652792387186
ETFDH,0.152912761127343,0.91652792387186
SARS,-0.103821607250836,0.91652792387186
MYO1F,0.208142485070013,0.91652792387186
CAPZA2,-0.26207690649097,0.91652792387186
COX6A1,-0.168934046432522,0.917375487776438
TCF7L2,0.256406654954407,0.917375487776438
MYLK,-0.221146525065251,0.917375487776438
SCN9A,-0.246858370261244,0.917792461701681
LARS2,-0.200057053799725,0.917792461701681
ADCY8,0.649678658748659,0.917792461701681
IKBKE,-0.116872754457363,0.917792461701681
APLNR,-0.185360742895277,0.9181487280899
GIT2,-0.577402361168057,0.918630841313081
SMR3B,0.523191102833223,0.919082524769579
MT4,0.512143334868504,0.919411356086082
CD44,-0.509444329396065,0.919999541603795
KCNMB1,0.540638570546802,0.920268091329041
ARAF,0.556115941366469,0.920277049247399
PCCA,-0.276529359717347,0.920277049247399
MGP,0.189884268468283,0.920277049247399
TLE3,0.457067413610191,0.920277049247399
CLC,0.616486257081074,0.920277049247399
BIN1,-0.141743824894959,0.920277049247399
CD8A,-0.18491742303028,0.920277049247399
HNRNPU,-0.438354045551806,0.920499147055204
EGF,-0.481625566128772,0.920499147055204
CST3,0.0855514636195771,0.920499147055204
LRRC14,-0.210661258543743,0.920499147055204
NUDT1,0.193014411613614,0.920499147055204
AP1B1,-0.156770639871556,0.921632060754934
NAMPT,0.25520030987542,0.922214474957435
KIFAP3,0.300278685521672,0.922322901949657
STRA13,0.629910450083136,0.922322901949657
B3GNTL1,0.455545130758379,0.923093443610547
MMD,0.412733986153313,0.923656141905748
PIGH,-0.432438646030002,0.923724773447826
RCN2,0.232303627187965,0.923724773447826
GAA,-0.521247176955752,0.923875366141559
MYC,0.427193286015631,0.924259222907785
MCM7,-0.262721831093653,0.92447365592627
SCG2,-0.508547371585751,0.92447365592627
OTUD4,0.497839836368526,0.92447365592627
DSC2,-0.471937845467699,0.925098339332714
CAPZA1,0.141957151088436,0.926149679825782
KDM5D,-0.566436744807315,0.927637889530696
CXCL1,-0.460942228779497,0.928116550797945
LAMC1,0.484762086992668,0.928162338551663
NAPA,0.219254828705152,0.928162338551663
VRK2,0.574705259536028,0.928162338551663
LEPROT,-0.155236519900795,0.928338690994182
ANKRD7,-0.436197943440217,0.928843259907833
ATP5S,0.637208286901459,0.929015050919418
PPP2R5B,-0.117927657441154,0.929054438007751
ZMAT2,0.558517219310439,0.929054438007751
AMPH,-0.45082556759694,0.929054438007751
PPP1R2,0.469510469624115,0.929054438007751
DUSP9,-0.124050844165589,0.929054438007751
TMED1,-0.617690438874588,0.929160409705854
HNRNPA0,-0.653458565765096,0.929475794782432
SST,0.186673287518554,0.929777438317176
DGCR5,0.467463212367577,0.930056337030863
HNRNPH1,0.156939697459201,0.930672341637655
SIGMAR1,0.142254234749135,0.931131464734849
SEC62,-0.442731216458974,0.931231310544646
PRDX2,0.218783156383051,0.931792081031457
ST14,0.491196795321888,0.931792081031457
FGF9,-0.661601025158942,0.932174638359683
MEIS1,0.295426070396991,0.932174638359683
MYL12A,0.322047883189891,0.932174638359683
HOXA5,0.462330863815644,0.932174638359683
MANF,-0.162618051670929,0.932304188787388
PPP4R1,0.441406344293966,0.932675596072505
CYC1,-0.593646312904188,0.93315770836939
CARS,0.612027290314605,0.93315770836939
CHRNE,0.167430279638303,0.93315770836939
MAP3K12,0.209068151791762,0.933436685867552
CSK,0.127962073405497,0.934146513769157
MGAT1,-0.551811474860136,0.934146513769157
FGF5,-0.355638623033268,0.934529033704813
SOD3,-0.5019556171716,0.93490626105263
AQP5,0.610269355975933,0.93490626105263
MKNK1,0.573928492194413,0.934948412392373
ATP5O,-0.150834075646337,0.935018032507947
NDUFA5,0.558910430034723,0.935018032507947
PEG3,0.593945253792659,0.935018032507947
ERBB2,-0.361198655014556,0.935223237565072
ADRB3,-0.174450772744802,0.935275206771668
PRPSAP1,-0.294434712533562,0.935277327505198
SRRD,-0.172335269931937,0.935277327505198
HIST2H2BE,-0.571124163187303,0.935277327505198
SLC7A5,-0.136194713417428,0.936266568546431
EPHB1,0.517661377005217,0.936266568546431
SPR,-0.298736776238106,0.936284166467494
TPP2,0.586250228200568,0.937361360596692
PI3,0.536685550054776,0.937361360596692
TLK1,-0.375140219598618,0.937361360596692
GAL,0.520738063448285,0.937361360596692
INSM1,-0.360875987549966,0.937361360596692
PIN1,-0.182783253639055,0.937361360596692
SMOX,-0.162807100297973,0.937361360596692
GPR64,-0.58370770269181,0.937361360596692
SSBP1,-0.245572255627662,0.937649665663369
EFTUD2,0.542397613648588,0.938240819752087
IL13,-0.669179191826322,0.938240819752087
CRYGC,0.402091655480805,0.939193835059226
MMP9,0.46848643960033,0.939246830799341
AGXT,0.595947607836543,0.940096398756446
NPAS1,0.558729284018349,0.940096398756446
ARHGAP5,0.510848030619183,0.940900433876091
PTPRB,-0.444523344755383,0.94091159056381
REL,0.492247156845867,0.94091159056381
PRIM2,0.417080066128443,0.94091159056381
CCND3,0.142469849084733,0.941255384003869
HTR6,0.690125471894961,0.941255384003869
PCGF2,-0.307418821900647,0.941707358700062
CD151,-0.091838383370078,0.942024650797714
FCGRT,0.112726896740124,0.943106698293269
AHNAK,-0.265277585900009,0.943106698293269
CNTN2,-0.509849277461559,0.943176754062601
METAP1,-0.226015481302412,0.943176754062601
GZMK,0.475345906522449,0.943258840925575
LSP1,0.511833285712187,0.943649775502139
HSPA9,-0.241828054432892,0.943930064879948
CSDC2,0.192255232425556,0.943930064879948
PDIA6,-0.172004220439391,0.943930064879948
MYL1,-0.395506860821126,0.943930064879948
TAF1B,-0.387321468616282,0.944670821749165
RRM2,0.434862043603305,0.945008783778039
MYBL1,-0.180623271497526,0.945008783778039
DDO,-0.256383052288744,0.945008783778039
CCL20,-0.258596910972352,0.945371122791219
F2,-0.547375217606296,0.945981691973196
SGK1,-0.409722785178209,0.945981691973196
VLDLR,0.436493479071697,0.945981691973196
PHKB,-0.441585485860791,0.945981691973196
SEPHS1,0.348736016670017,0.945981691973196
SP2,-0.148074244967416,0.945981691973196
TNFAIP3,-0.36860754685814,0.945981691973196
ADORA1,-0.12354710948366,0.946140301193422
PARP1,0.0750216683415541,0.946140301193422
UBXN4,-0.397015078320832,0.94622336937736
ROR1,-0.227075712002304,0.94622336937736
CPE,-0.125742236680734,0.94622336937736
KPNA1,0.165114548626478,0.946839968065125
DNTT,-0.520067180553967,0.948077734824688
CRY1,-0.267465087701066,0.948077734824688
ALKBH1,0.405512870286832,0.948077734824688
ALDOA,-0.134560289774319,0.948077734824688
INA,-0.189045261869788,0.948077734824688
PPP1R10,-0.180762379223209,0.948084214565667
SLC7A2,-0.443356819467589,0.948452958862463
AP2B1,-0.114454584888547,0.948532616349725
CXorf40A,0.352895528509689,0.948532616349725
AMHR2,-0.152685638232317,0.948532616349725
MPPED2,0.347436650031624,0.948532616349725
SAFB2,0.209411739665196,0.949092336616518
MTFR1,0.1675385566827,0.950085384193385
SDF2,0.274257460457411,0.950202711445666
DHX9,-0.342740268006024,0.950500426310789
DRD2,0.491283084136152,0.950539386789067
KIF5A,0.36190641929409,0.951850878617063
RNF144A,0.0905583064441267,0.951850878617063
CTSL,-0.132732689065502,0.952053837955918
MAP4K1,0.51696399034756,0.952053837955918
KCNJ8,0.246066574924441,0.952053837955918
DDX17,-0.385053287663842,0.952053837955918
BDKRB2,-0.342457464516281,0.952393834471776
S100A1,0.132400323401829,0.95310533357944
HOXA4,0.409555162182047,0.953135871763377
PLD1,0.444770235923833,0.953135871763377
TNNT2,-0.354428444676706,0.954181877843322
CDC42EP1,-0.0956511116704633,0.954566212318182
SRP14,-0.128904507032241,0.955582491751925
NUCB1,-0.203243403466825,0.956028116686271
HOXC4,-0.189998566314545,0.956096066628423
UBAP2L,0.107594719303242,0.956488218619921
CHN2,-0.437726127550043,0.956537792078305
P2RX7,0.216998807482277,0.956923272959612
WIPF1,-0.446142028660404,0.957239598992592
SRSF5,0.125161743022865,0.957239598992592
UGT2B7,-0.442469029416027,0.957239598992592
RANBP1,-0.146027113352933,0.957239598992592
PSME4,0.242027740107092,0.957239598992592
WEE1,-0.305079048782729,0.957239598992592
VWF,-0.21722340212744,0.957239598992592
CKAP5,0.12940809201036,0.957239598992592
CSPG4,-0.467397536363947,0.957239598992592
ATP1B3,-0.0918138718536383,0.957239598992592
CUL3,-0.114209522242929,0.957285297467486
COX7B,0.197606578371817,0.957662049561415
CYP2C18,-0.39990059837768,0.957700112992767
PGF,-0.391574212015771,0.95793887776357
PPP3CC,-0.292378888327413,0.957964627247641
NPY6R,0.380165184620189,0.958285030124105
ADARB1,0.371925660420294,0.959158626697238
ZNF165,0.407244708036898,0.959255965342604
RAB9A,0.399677166485551,0.959255965342604
COL5A1,-0.375542673006551,0.959395366477052
SDCBP,-0.072048777042399,0.959686412321418
ARL1,0.269270428789685,0.9597082256054
GSTO1,-0.123266898672055,0.9597082256054
GLDC,0.138337867069932,0.9597082256054
REN,-0.486835832656661,0.960243753383805
POU1F1,-0.131521999584961,0.96026295840737
MT1B,-0.451949629202096,0.96029535638653
IL24,0.287437621445235,0.960368836401665
ACAN,-0.342824781261609,0.961818912068557
HNRNPM,0.108533463178517,0.961867740728424
U2AF1,-0.411145853023342,0.962191883486586
HSPA13,-0.392572095614032,0.963421396060914
ADM,0.182567594064086,0.963584137037475
SLC6A2,0.328741267232729,0.963782310563499
ANXA13,0.41226553831551,0.963782310563499
KLF1,0.434473727360229,0.964010363341927
RXRA,-0.404631048661404,0.964696431178966
GNRH1,-0.402533232299082,0.964701660709985
EIF2S3,0.3666075302144,0.964701660709985
SF3A3,-0.426986330457398,0.964701660709985
SERPINB13,-0.373540855240849,0.964701660709985
KCNJ2,0.449002919236422,0.964814569578543
GFI1,-0.171985691593484,0.964814569578543
GOLIM4,-0.330275376442364,0.964814569578543
MCF2,-0.308979571227205,0.964814569578543
SOX2,-0.144049399366342,0.965009300125669
RPN1,0.102405804486867,0.965326232959849
POLR2G,-0.186944699924965,0.965481638019495
PSMD1,-0.121885529596293,0.966291849801587
KRTAP5-9,0.33878787515697,0.966291849801587
CAST,-0.0894793537296188,0.966291849801587
LDHC,-0.318732503716086,0.966291849801587
SERPINA2,0.189258657631498,0.967274752701361
HTN1,-0.140509819185102,0.967441714443401
GUSBP11,0.486618876684391,0.968338725048579
DRD1,-0.374481668752287,0.968442735547755
SNAP25,-0.29183220835867,0.968442735547755
ACTA2,-0.223384919144273,0.968608301744341
SCN7A,0.341289566002354,0.968608301744341
CPSF6,-0.325127334731679,0.96871384862955
HAS1,-0.523767805201509,0.969529601560627
PSIP1,-0.316379182182956,0.969569544759086
PITPNA,-0.181482764260101,0.969708925521476
FBP2,-0.278486918243456,0.969708925521476
NPEPPS,-0.294119105448035,0.969835643723773
GABRG2,0.28259135627152,0.969835643723773
NR2F2,-0.156981101368544,0.970027347825092
GADD45A,0.243928791034007,0.970027347825092
LMNB2,0.088503641937562,0.970027347825092
VPS41,0.333681312153949,0.970146419887699
PPP3R1,0.28390887198005,0.970146419887699
TAZ,-0.328911250113871,0.970146419887699
RAB1A,-0.146891065337773,0.972948511437447
IL10RB,-0.311257702387365,0.972963421250578
PTS,-0.45882521030663,0.972963421250578
H1FX,0.192669685570655,0.972963421250578
CD46,0.269500013974562,0.973198756078358
TSC22D1,-0.105675529252224,0.973467719472322
TERF2,0.294640910608408,0.974020374785584
ARPC4,-0.128634152495167,0.974020374785584
GOT1,0.380883356993621,0.974442506986673
ABAT,-0.190105864621602,0.974442506986673
EIF4H,-0.0792849017869148,0.974442506986673
PSMD8,0.117058041626763,0.974579500351318
DCT,-0.344499841510096,0.974819721297397
OS9,-0.101174308870304,0.975468641274495
VBP1,-0.318043298255377,0.976043001835024
CELP,0.0829970358672405,0.976390165159942
SLC20A1,0.395473189489087,0.976463537465488
NPY,0.360355100353156,0.976494336736168
ABCC2,-0.321351954474836,0.977025775006984
COL4A3,-0.27000958299532,0.977279558028135
CASP1,0.197092375862882,0.977806263549677
SEC14L1,0.112309244981184,0.977956473468335
ZNF184,-0.114052305547196,0.978138534222146
TOB2,-0.145996145588276,0.978308052263302
PRCC,0.384612173727557,0.978308052263302
GAB1,-0.355789804055601,0.978774956066582
NSDHL,-0.114860433320969,0.978977804599832
GJA5,-0.389123136790701,0.978977804599832
HIPK3,0.297943725971704,0.979100385744584
HAL,0.344657938402853,0.979327194735856
DSG2,0.311607975019722,0.979419239189398
FMO4,0.248355575229342,0.980174901415295
EPHA2,-0.379503396557353,0.980174901415295
DNAJA1,0.411790768522303,0.980203036448837
AGPAT1,-0.0662828827698192,0.980419277107021
CTSA,0.406304623942299,0.980419277107021
MYOM2,-0.285443522386247,0.980688036611319
SOX4,-0.351955835103218,0.980861628836812
PDAP1,0.396161414291479,0.980861628836812
ITIH4,-0.154347862334232,0.980861628836812
PVALB,-0.403232191032412,0.980861628836812
AKR1C3,0.317585686637875,0.980861628836812
EXOSC10,-0.375508334576353,0.980861628836812
DDX3X,-0.308128881826958,0.980861628836812
RASA1,0.316768667985109,0.980861628836812
GPA33,0.41618021311308,0.980870713611227
BCL2A1,-0.143983925128452,0.980870713611227
SLC39A7,0.285188873833178,0.980870713611227
SCARF1,-0.390786421571207,0.980870713611227
RDX,0.344557747616183,0.980870713611227
LOC101927206,0.114696427631488,0.980870713611227
WTAP,-0.104973917212673,0.980870713611227
UBE2I,-0.421898330347275,0.980870713611227
IL2RA,-0.367463179635807,0.981238393915182
FMO2,0.271714973599177,0.982759738125342
RPL35,0.0601096623194,0.984707086165187
PTPN12,0.326000316700002,0.984707086165187
AQP2,-0.0897682117134675,0.984763971569876
AKR1B1,0.0930664347987662,0.984840445861504
LUM,-0.274090031852433,0.985124068127796
ENPP1,-0.120693192568316,0.985124068127796
ATF4,0.0718547360977695,0.985124068127796
TBC1D22A,-0.260395221508837,0.985124068127796
MORF4L2,-0.0791154260191309,0.98571166230046
FZD2,0.340919907573836,0.986426839778165
FAM50A,0.171839081993321,0.986603688225842
SMPDL3A,-0.244796644565859,0.986678762991362
AKT1,0.0901640437702671,0.987156889900228
CLCN6,-0.131320346869476,0.987297826590855
TDG,-0.244585666379113,0.988400918489912
PTN,0.12213882313903,0.988400918489912
EMD,-0.069656052743527,0.989208389819316
VEGFA,0.247583533376073,0.989208389819316
SF3B2,-0.0707677876202144,0.989490650122698
FMO5,-0.298579149543412,0.990113030587855
DAO,0.215121025506354,0.990158841653969
CBR1,0.23557924568105,0.990207953579133
PTPN18,0.290184122927962,0.991171842557114
GPR176,-0.248950435574018,0.991493892981374
TCTA,0.445769972547694,0.991604371203844
PGC,0.347957728082042,0.991694798782573
STIP1,-0.443300757466179,0.992074254562998
LIG1,0.334719740149804,0.992074254562998
CHGB,0.30745480828428,0.992074254562998
CNBP,-0.183321148401444,0.99253854286359
PSMD7,-0.0738449465245665,0.99253854286359
PLAGL1,0.270037929055539,0.99253854286359
ACVR1,-0.300329540768655,0.99253854286359
APOD,0.0908590771174893,0.99253854286359
RPS17,0.056985767082665,0.99253854286359
FXN,-0.392668769799746,0.993215376449551
TGM3,-0.216651174625522,0.993533305011194
C21orf2,-0.0965038935160702,0.993571207675697
PSMD14,-0.293274843754297,0.993799484291645
NASP,-0.149427959774926,0.993799484291645
JUP,-0.241460237578835,0.994235982854896
USP13,0.28028117509931,0.994235982854896
ICA1,0.337240385671532,0.994689985660019
CLEC3B,0.359252006356507,0.994689985660019
SULT1E1,0.352685922070499,0.994689985660019
FSHR,0.179029122750442,0.99482128068944
USP9Y,0.297083434714003,0.995654220148506
BRD3,-0.0854829084555142,0.996171464423449
KRT76,0.198677997730723,0.996448116467851
PTGES3,0.184734519338472,0.996550985329458
NCAPD3,-0.0793979708828765,0.996550985329458
MYH9,0.0629318015704641,0.996550985329458
HMGCS1,-0.297027718085632,0.996550985329458
SRP9,-0.109386852807274,0.996550985329458
TRIP4,-0.225426049000832,0.996550985329458
ITPKA,0.339539169622864,0.996550985329458
EIF2B1,-0.184733257738841,0.996550985329458
ARL3,0.27626724139151,0.996550985329458
CCL19,0.0618513438965866,0.996633349508076
ADAM10,0.298402510790768,0.996892726466426
THBS3,0.380945670422965,0.996892726466426
CANX,-0.0482952033680135,0.996892726466426
GABRB3,-0.24008597874225,0.997024811852477
STARD9,-0.0952251808964011,0.997357552423061
SERPINB10,0.212342418080118,0.997357552423061
TAF12,-0.259225042144474,0.997412867012713
EGFR,0.160319315537122,0.997896885858121
TNP1,-0.338208574211604,0.997896885858121
FARSA,-0.0735281561051373,0.998841152045063
GNLY,-0.311096348533503,0.998841152045063
RBM38,-0.296986242153594,0.998841152045063
RPIA,-0.25928667807582,0.998841152045063
PKNOX1,-0.295917974694071,0.998841152045063
XRCC5,0.164027448048754,0.998841152045063
SSTR2,0.0974757231810663,0.999156409015974
COPS2,-0.230595000468571,0.999156409015974
FOXC2,-0.301378888436693,0.999251700295789
GCFC2,0.191529208696865,0.999251700295789
ELL2,-0.16552958892866,0.999251700295789
EZH2,-0.0466347965728371,0.999251700295789
CLK2,0.117901125814912,0.999251700295789
IFI6,0.423543485268677,0.999877062182358
XRCC2,0.0,1.0
TBX5,0.0,1.0
TFAP2B,0.0,1.0
GK2,0.0,1.0
CDK5R1,0.0,1.0
EMR1,0.0,1.0
TCL1A,0.0,1.0
HMGCS2,0.0,1.0
ANKRD1,0.0,1.0
MED22,0.0,1.0
CDK8,0.0,1.0
PPP2R4,0.0,1.0
LLGL2,0.0,1.0
ITPKC,0.0,1.0
PRKAB1,0.0,1.0
PRG2,0.0,1.0
HIST1H3A,0.0,1.0
SEMG2,0.0,1.0
GCKR,0.0,1.0
MMP15,0.0,1.0
HIST1H2BE,0.0,1.0
RBM3,-0.0928511403210379,1.0
PRKAR1A,-0.107016425135075,1.0
ACADSB,-0.0442749461117842,1.0
LMF2,-8.881784197001249e-16,1.0
MYF6,-0.145649842748809,1.0
TIA1,0.0971104411673025,1.0
SLC6A14,-0.112099152352407,1.0
CREBBP,-0.145697903978002,1.0
PGM5,-0.268979539267017,1.0
UQCRC1,0.141705286103763,1.0
PSMB3,-0.0537500059315743,1.0
LPGAT1,0.24613753923218,1.0
CLN3,-0.298497532159095,1.0
EEF2,-0.0791203403833638,1.0
C11orf58,-0.110145238183456,1.0
PTPN3,0.270311531542097,1.0
TNFAIP6,-0.276491569675405,1.0
WASF1,-0.12718711743773,1.0
ISG15,0.381167221802043,1.0
RAB27A,-0.255364979039644,1.0
GPI,0.0636327168164694,1.0
PLCB2,-0.0903576760259952,1.0
CDA,-0.0863237339127281,1.0
AFM,0.28074429619257,1.0
ATP5B,0.0959416010647161,1.0
CPS1,-0.225729481223055,1.0
MMP10,0.278970679577944,1.0
RAB32,0.110989907003605,1.0
MFSD10,-0.171781693193681,1.0
CDH2,-0.209601360786323,1.0
FAM110B,-0.337323657637763,1.0
GPR143,0.336131805946608,1.0
CPD,-0.220979901012229,1.0
THY1,0.309010475629286,1.0
CLIP1,0.270091465511804,1.0
SC5D,-0.131806782345672,1.0
MLLT10,0.239941438356331,1.0
ATP6V1E1,0.061902010240658,1.0
FLAD1,-0.298314801545108,1.0
ACPP,-0.193034970763522,1.0
SLC25A3,0.0869279501810816,1.0
NXF1,0.226297091569942,1.0
ANXA3,-0.159576909263661,1.0
ATP6V0B,0.0783283848243581,1.0
ATP5G3,0.117174074271508,1.0
TNFSF10,-0.254153323081811,1.0
DAZAP2,0.0612323181732375,1.0
IGF1,0.249014207524477,1.0
SLC1A4,0.277733182476777,1.0
PHF3,0.139209001001355,1.0
BRCA2,0.228844232927726,1.0
CRP,0.252175312107142,1.0
MYOM1,0.235564118452227,1.0
PTPRK,-0.0714392805042738,1.0
DRAP1,-0.0783758837046964,1.0
ATF7,0.204422414934466,1.0
PIK3CD,0.119566838881097,1.0
KCNAB1,0.226520033106538,1.0
IL32,0.0550761210281756,1.0
PDE1C,-0.243636239179827,1.0
NUP93,-0.129069132253127,1.0
ACADM,-0.0749222233207281,1.0
TSC1,-0.254331773247674,1.0
STAT1,0.0513208068130329,1.0
ART3,-0.2169941139425,1.0
VDAC2,-0.0571526354410139,1.0
PRPS2,0.202427982704076,1.0
SLC17A4,-0.162225992613044,1.0
GOLGB1,-0.0619857049382464,1.0
EDDM3A,0.199556204567505,1.0
KRT18,-0.202459349536534,1.0
MMP19,-0.186659635105928,1.0
DNM1,-0.204468431504621,1.0
CREB3,-0.0537525518104385,1.0
SLC30A1,0.052184296876046,1.0
LMNB1,-0.189721138107775,1.0
NAE1,0.0777305780815105,1.0
GYS2,-0.185417117199111,1.0
SLC2A1,-0.08204644256924,1.0
ARPC1A,-0.242946683647531,1.0
STAB1,0.316630955875224,1.0
CHD4,0.333098856199758,1.0
CAV2,-0.0923267594242301,1.0
CRMP1,-0.0584855043624479,1.0
L1CAM,-0.0557665332165538,1.0
RAD50,-0.190159056356156,1.0
DSC3,0.226737953161325,1.0
IFNA2,-0.212341633780438,1.0
STX3,0.217903305644016,1.0
REEP5,-0.0411939096258855,1.0
ZFY,0.186866917626232,1.0
PTPRM,-0.209580964350388,1.0
REG1B,-0.183208237804374,1.0
AP2M1,-0.051005615453807,1.0
LUZP2,-0.181850917302781,1.0
PIK3R1,-0.233799736646489,1.0
MLEC,0.240088357437525,1.0
ZNF85,-0.133568343496185,1.0
ASPH,0.119925450589437,1.0
AKAP9,-0.252403844282274,1.0
TBCE,-0.240468378364074,1.0
RABEP1,-0.238461323743785,1.0
NUP214,0.102041477473991,1.0
FECH,-0.0623761503868607,1.0
MMP1,-0.177333545353439,1.0
ATP6V1B2,-0.0848823116595927,1.0
TAGLN,-0.086965367852093,1.0
MIPEP,-0.113063155358551,1.0
PDK1,-0.19672393057694,1.0
PRM1,0.165346946575468,1.0
AXL,-0.184859635704762,1.0
PCMT1,0.0955638955118676,1.0
BUD31,-0.0482627666773876,1.0
HLX,0.0196433605357047,1.0
FAM120A,-0.187283244477204,1.0
NRAS,0.176000187077134,1.0
MUT,-0.0746474639493115,1.0
FHIT,0.222427324458761,1.0
RARRES1,0.139064942863835,1.0
HLCS,-0.29000556812376,1.0
AOC2,-0.225023663811085,1.0
E2F3,-0.0639348856505197,1.0
GPX2,-0.155504792571453,1.0
IFI27,-0.323983996899385,1.0
ROM1,-0.0717866308777264,1.0
NAB1,-0.128926913650282,1.0
TNP2,0.168199785025821,1.0
RPUSD2,-0.291535328102442,1.0
STX16,0.24940964448483,1.0
MIF,-0.110851437416995,1.0
SRF,-0.0559765722670935,1.0
PKM,-0.0393797022451778,1.0
PEX6,0.183412082886528,1.0
SH3BGR,-0.180993236849472,1.0
CETN2,0.038841197967951,1.0
ZMYND8,0.107504378346631,1.0
CDK2,0.296820325560787,1.0
RAB11A,0.0932796077762337,1.0
ASCL1,0.189711761451562,1.0
MRPS27,-0.18032462830848,1.0
ZNF136,-0.149226201820608,1.0
PLP2,-0.0551670534719992,1.0
CCL11,-0.261952372315166,1.0
LASP1,-0.056998551187494,1.0
GALE,0.234165950933099,1.0
MPL,0.138928914724334,1.0
PCK2,0.0956361250611799,1.0
TCF4,0.049970871720868,1.0
RNF2,-0.114977957955729,1.0
BPTF,-0.0779146299981868,1.0
HARS2,-0.054158869834307,1.0
GUCA2B,-0.230658569320196,1.0
HCG9,-0.11845339795533,1.0
MAD1L1,0.121999378168057,1.0
P2RY1,0.080322107787909,1.0
MAN2A1,-0.0565591438277391,1.0
MTHFD1,0.26748667255533,1.0
PPP5C,0.283658458327486,1.0
OXTR,-0.18857138809665,1.0
RRM1,-0.157285102713444,1.0
GBX1,-0.160139341237433,1.0
NOV,-0.173269528814139,1.0
SERPINA6,0.0889511350646135,1.0
EIF4B,0.0332795197906428,1.0
TPH1,-0.133216706838573,1.0
NR3C2,0.164363636668234,1.0
BLM,-0.173540455556811,1.0
CLP1,0.15782411874245,1.0
PCM1,-0.0458522361283951,1.0
UGP2,-0.149456495518335,1.0
TRAP1,0.186135653276221,1.0
GPS2,-0.0591893289499303,1.0
MYT1,-0.195659487335291,1.0
ZNF74,-0.210796134309996,1.0
IDH3G,0.0456168629485028,1.0
RAB27B,-0.140497605066683,1.0
GCHFR,0.286020860891075,1.0
PPP1R8,-0.041584042470614,1.0
EWSR1,0.166339705436072,1.0
SLCO1A2,-0.169336011430627,1.0
CHRM2,-0.186616007028043,1.0
PRKG2,-0.120637272158929,1.0
COL9A3,-0.221046055395085,1.0
NFKBIA,-0.0499076827438802,1.0
IFNA1,-0.194282164543065,1.0
FBP1,0.063146220090081,1.0
CFHR4,0.183922157048624,1.0
SLC9A3R2,-0.14343881090246,1.0
KIF23,0.113215916376614,1.0
SLC26A2,0.138730624909677,1.0
CR2,0.135194616012615,1.0
GLG1,-0.174433516786467,1.0
SELE,-0.102718144538334,1.0
PRELP,-0.215246451179913,1.0
IMPDH1,-0.0636799756894746,1.0
CDK5,0.0722568851304128,1.0
COIL,-0.10623980708208,1.0
ZMYM3,0.180200114421556,1.0
DLGAP5,0.149983781860133,1.0
TBP,-0.162846043342864,1.0
VCAM1,0.0583924008047436,1.0
COL17A1,0.157485444138151,1.0
RAD23B,0.0644015687165727,1.0
SHB,0.0518095221075416,1.0
RGS6,0.188120752066423,1.0
ACKR3,-0.147717377587965,1.0
LAMB1,0.164975139653267,1.0
RFX3,0.140811702824313,1.0
CRYM,-0.136207365561678,1.0
NFYA,0.149551057884802,1.0
PSMB6,0.0337831242137767,1.0
HNRNPL,-0.0423381042759488,1.0
TMEM131,0.150708553141362,1.0
IMPDH2,-0.153146782641219,1.0
MMP12,0.127341292795508,1.0
SMS,-0.0498113273000733,1.0
PKIA,0.0370090946831638,1.0
SEC23B,0.179583184022938,1.0
PDE2A,-0.119933907714559,1.0
XRCC6,0.216046150599844,1.0
DOCK1,-0.0656104443231822,1.0
MT2A,-0.0582216099174602,1.0
PEX19,-0.135041870713487,1.0
ATP6V0D1,-0.131187178872956,1.0
GPD1L,0.0480826674524408,1.0
RRP1B,0.14327826882996,1.0
HIVEP2,0.140882663338993,1.0
IL13RA2,0.101955365625386,1.0
TTK,0.128517919529121,1.0
SMAD6,-0.0744635542912366,1.0
FRZB,0.141286844614541,1.0
IGFBP1,-0.10143796615088,1.0
DGCR2,0.193567841538431,1.0
ARG1,0.149954670469238,1.0
ACADS,-0.107229362342734,1.0
CRAT,-0.183767242849907,1.0
SPARCL1,0.0282765941091085,1.0
PRIM1,0.140129090863103,1.0
AMFR,-0.0328573805059111,1.0
USP4,-0.0467881288836232,1.0
HSD17B3,-0.0421974034092116,1.0
HTR1B,-0.0688129738182983,1.0
CXCL9,0.117608591907032,1.0
DEK,0.101122148829939,1.0
ADAM15,0.0316086532597772,1.0
EXTL1,0.124287075435538,1.0
SLC1A2,0.0576406803619527,1.0
IRAK1,-0.0452791681190465,1.0
MAPK1IP1L,0.048338971473262,1.0
MRE11A,0.109584869490893,1.0
NCK1,-0.115281257820417,1.0
PSMD12,0.0678642428516856,1.0
NKX2-5,-0.137110529396399,1.0
CSNK1G2,0.13120982525,1.0
CD79A,0.129036224055423,1.0
TRIM26,-0.0186355208202791,1.0
KRT15,0.010055618270199,1.0
TNR,0.105878793435421,1.0
ETS1,0.135986371912752,1.0
SMARCD1,-0.0670857223945553,1.0
TCF3,0.0986310985114756,1.0
ARHGDIA,-0.0243257873231997,1.0
GAPDH,-0.0364407847454267,1.0
CRYGA,-0.130307827640845,1.0
SMCP,-0.0657969946297037,1.0
PTGFR,0.107517958425486,1.0
GTF2B,0.107214225103648,1.0
STS,-0.144858883803169,1.0
TNPO1,0.110933721458384,1.0
OPRM1,-0.0970985520043985,1.0
HIST1H2AE,-0.0881867222785688,1.0
PDYN,0.124506538988205,1.0
SLC9A6,0.0272867000247778,1.0
CCT6B,0.105577459666208,1.0
SRGN,-0.0735218337868861,1.0
EPRS,0.110193309284563,1.0
ATP4B,-0.14014983500089,1.0
SON,0.0318944879637755,1.0
AKR1D1,0.104388461433333,1.0
LOXL1,-0.130379554662895,1.0
SLC9A3,0.14427017233094,1.0
PLA2G2A,-0.042619357116676,1.0
KLF10,-0.0500266050483411,1.0
PTPN21,0.0996043851327659,1.0
ZNF197,0.0596858371172431,1.0
TNFRSF4,-0.0303449019621027,1.0
MMP8,-0.10024643947469,1.0
RELB,-0.0489133657141352,1.0
BST2,0.0466758994799736,1.0
PITPNB,0.107562424392778,1.0
AIP,-0.017481164807041,1.0
CRYBB2,0.0638496343424757,1.0
ARR3,0.132868427175477,1.0
ALDH1B1,0.0810851294288524,1.0
NOLC1,0.0978045017399642,1.0
HBEGF,0.132626224386327,1.0
ATP2B1,-0.0955997160111641,1.0
SP100,0.0864106736103549,1.0
SHBG,0.118084857064997,1.0
NPTX2,0.112770068026756,1.0
KISS1,-0.0388637763432929,1.0
DAD1,-0.0395162859599836,1.0
CA2,-0.118092337339103,1.0
ACP5,0.0788446941008338,1.0
PSMD11,0.014388967191767,1.0
PSG11,0.100722730444751,1.0
TNFAIP2,0.0907932913829246,1.0
KIAA0125,0.0855397980687913,1.0
GP1BA,0.0592023055187525,1.0
NARS,-0.0260139693482095,1.0
EZR,0.0263595221549728,1.0
RAB8A,-0.112242824367286,1.0
KIAA0232,-0.0203690403593164,1.0
TCF15,0.0924179048060498,1.0
NPR1,-0.0867599489553337,1.0
NCOA1,-0.0180962999464196,1.0
IGF2BP3,-0.0700720406884141,1.0
CP,0.105378921565592,1.0
PPP2CB,-0.0171643216888384,1.0
RCOR1,-0.0817123494078595,1.0
AKAP13,-0.0350791827238091,1.0
CBS,0.0209524400324614,1.0
TSPAN7,0.0348678126640856,1.0
DIS3,0.0479565083608859,1.0
NQO1,0.0726599840807953,1.0
RABEPK,-0.0932218655545398,1.0
PC,-0.0306231818730147,1.0
NTF3,0.0553373821611425,1.0
SDHC,0.0153404349154869,1.0
GUCA1A,0.0746582180331412,1.0
ZXDA,0.0585286215625072,1.0
TNNI3,-0.0910001144872528,1.0
LAMA2,-0.104374584896675,1.0
CD55,-0.0623144002349019,1.0
SNX17,0.086794104281708,1.0
PCDHB11,0.0641764790892001,1.0
UBXN2B,0.0761215913358786,1.0
CCT6A,-0.0281295645939572,1.0
ZKSCAN8,0.0817289364277531,1.0
DSTN,0.0087584247750349,1.0
ZNF592,-0.0256316826201921,1.0
DYNC2H1,-0.054189337200544,1.0
VAMP7,0.0703733177169941,1.0
HMMR,-0.0753019474815746,1.0
NCKAP1L,0.0186848901565284,1.0
C19orf57,-0.0998183390673884,1.0
EDN1,-0.0839794140493018,1.0
HIVEP1,-0.0397690496944669,1.0
PPP2R1A,0.0272955329222082,1.0
GNL2,0.0747440585906141,1.0
RING1,0.0193178942178136,1.0
ZSCAN26,-0.0281125034385816,1.0
CDKN2B,-0.0219785287546674,1.0
CRIP2,0.0102106966478779,1.0
ERCC5,-0.0409847182854204,1.0
CCR4,-0.0708077679492209,1.0
MEOX1,-0.0352102442907594,1.0
EIF1AX,-0.0160033955114383,1.0
IFRD2,-0.0563670824290288,1.0
AVL9,0.0631208539331078,1.0
WRB,0.0757369823560365,1.0
IL1R1,-0.0289754824028758,1.0
SLC25A4,-0.0697474779873062,1.0
SEMG1,0.0537032247075748,1.0
CHRNB1,0.0420022491522225,1.0
PEX2,0.0457988351173624,1.0
PLOD1,0.0829891707264441,1.0
SYPL1,0.0565786606738641,1.0
NFKBIL1,0.0691136525679514,1.0
MOGS,0.0162890549014065,1.0
PTPN4,0.016871731539112,1.0
RPL32,-0.0095193515579641,1.0
PEX7,-0.0435871052890118,1.0
CITED2,-0.0740547781129903,1.0
HIST1H4E,0.0516215207413699,1.0
RAB30,-0.0301613036290576,1.0
FAP,-0.0265889421494592,1.0
MT1L,0.0182187254720398,1.0
CLTC,-0.0202369358772767,1.0
CLCN3,0.0477600174708552,1.0
E2F4,-0.0127524768710128,1.0
MRPS31,-0.0146439573252799,1.0
SP3,-0.0137398331376257,1.0
PCSK7,-0.0549429032724973,1.0
GPR68,0.0218387223843379,1.0
GRIN1,-0.0246646660888299,1.0
IBSP,-0.0318791300811343,1.0
ICAM3,0.0377982173648155,1.0
SIAH1,-0.0447418331867242,1.0
HOXC5,-0.024157042062205,1.0
ADSL,0.0329665254347695,1.0
SDHA,-0.0121057732637855,1.0
LRPAP1,-0.0401105935515886,1.0
TFPI,-0.0277381479578374,1.0
HSD3B2,0.0378886088161092,1.0
RIPK1,0.0177524223574839,1.0
FOXE1,0.0299205445571067,1.0
ZAP70,0.0352979018853805,1.0
MBL2,-0.0333275406519871,1.0
BTG3,-0.0081817787713109,1.0
KRT7,-0.0115020904852869,1.0
PAFAH1B3,-0.0128949790228585,1.0
HOXB6,-0.0020543666940309,1.0
TSPY1,0.0285160282558845,1.0
PIK3IP1,0.0284967416078103,1.0
PRR3,-0.0288218518798402,1.0
F2RL1,0.0291992912781023,1.0
TSPAN3,-0.0127879927513597,1.0
POFUT1,0.0099193498454095,1.0
DBH,-0.0189897314505902,1.0
CD1A,0.026935346731916,1.0
CCK,-0.0238610986589594,1.0
HNRNPA3P1,0.0195725699487745,1.0
ZKSCAN7,-0.0216806011806501,1.0
FPR2,0.0034596709783958,1.0
MAPKAPK3,-0.0053650307911281,1.0
EIF2B2,-0.0017676541003037,1.0
DLG1,-0.0217589058543437,1.0
KAT6A,0.0059454555369615,1.0
TCOF1,0.0257077424410248,1.0
CHERP,-0.0056055743682019,1.0
COPB1,0.0059864283117452,1.0
BMP7,-0.0159356175222314,1.0
MCM6,0.0047008694807839,1.0
STX4,0.0068829843251254,1.0
CYTH2,-0.0067171701712052,1.0
MYD88,-0.004832756431357,1.0
TPM4,0.0119145357294901,1.0
MSLN,0.0133893405491357,1.0
SSTR5,0.0,1.0
ADAM11,0.0,1.0
ACAP2,0.0023247316265209,1.0
GLUDP5,-0.0087515750067694,1.0
VEZF1,0.0024347035274594,1.0
RYK,-0.0066357100995295,1.0
CASP3,0.0097114727669964,1.0
PDHA1,-0.003563126222108,1.0
CD5,-0.0038997332901491,1.0
WWP1,0.0059430197070327,1.0
FAM189A2,0.0029928610857599,1.0
MST1R,-0.0079145021303634,1.0
STARD8,0.0,1.0
DNASE1,0.0,1.0
USP14,-0.0013191824681015,1.0
MGMT,0.0051010325684846,1.0
PPWD1,-0.0026922434215279,1.0
CCBL1,-0.0051999320487992,1.0
INPP5B,-0.0033114351276166,1.0
GNAL,0.0015661435605949,1.0
IL10RA,0.0002711891235263,1.0
OGG1,0.0,1.0
PRB4,0.0,1.0
KDR,0.0,1.0
DUSP3,0.0,1.0
TRIM25,0.0,1.0
DGKG,0.0,1.0
NCBP1,0.0,1.0
KIF22,0.0,1.0
KIAA0087,0.0,1.0
ZRSR2,0.0,1.0
HABP2,0.0,1.0
SEPT6,0.0,1.0
URB2,0.0,1.0
ZC3H3,0.0,1.0
DOC2B,0.0,1.0
DPYS,0.0,1.0
CTSB,0.0,1.0
TFDP1,0.0,1.0
RRAD,0.0,1.0
LRRC8B,0.0,1.0
ZNF280B,0.0,1.0
ZNF280A,0.0,1.0
KLHDC10,0.0,1.0
WASL,0.0,1.0
PMAIP1,0.0,1.0
GH1,0.0,1.0
VDR,0.0,1.0
SDS,0.0,1.0
RYR1,0.0,1.0
PRB1,0.0,1.0
FABP1,0.0,1.0
ANG,0.0,1.0
MYBPH,0.0,1.0
MXD1,0.0,1.0
RFC5,0.0,1.0
C4BPB,0.0,1.0
DUSP2,0.0,1.0
LCN1,0.0,1.0
TXLNA,0.0,1.0
GRK5,0.0,1.0
GDNF,0.0,1.0
ADRA2A,0.0,1.0
ACE,0.0,1.0
OSM,0.0,1.0
SEMA3A,0.0,1.0
APOF,0.0,1.0
CLK3,0.0,1.0
CACNA1S,0.0,1.0
INSL4,0.0,1.0
CAMK1,0.0,1.0
KIR2DS3,0.0,1.0
DGCR9,0.0,1.0
CD28,0.0,1.0
PRKCH,0.0,1.0
ALDOB,0.0,1.0
GAST,0.0,1.0
LTA,0.0,1.0
CYP21A2,0.0,1.0
GIP,0.0,1.0
APOB,0.0,1.0
SERPINF2,0.0,1.0
EDN2,0.0,1.0
DRD5,0.0,1.0
SRD5A2,0.0,1.0
RAB3A,0.0,1.0
RAB3B,0.0,1.0
IL9,0.0,1.0
AREG,0.0,1.0
CYP17A1,0.0,1.0
SERPINB2,0.0,1.0
PRLR,0.0,1.0
PRF1,0.0,1.0
ENDOU,0.0,1.0
PAX5,0.0,1.0
IL6ST,0.0,1.0
CCL1,0.0,1.0
SERPIND1,0.0,1.0
KITLG,0.0,1.0
EPB42,0.0,1.0
TRIM21,0.0,1.0
AOAH,0.0,1.0
ALOX12,0.0,1.0
RPA1,0.0,1.0
NPPC,0.0,1.0
RAP1GAP,0.0,1.0
DBN1,0.0,1.0
ZFR,0.0,1.0
SCGB1A1,0.0,1.0
TACR1,0.0,1.0
ADRA1D,0.0,1.0
COX6A2,0.0,1.0
TNFRSF8,0.0,1.0
KCNA3,0.0,1.0
S100A7,0.0,1.0
GJB2,0.0,1.0
GABRR2,0.0,1.0
AKAP5,0.0,1.0
MYL7,0.0,1.0
ADRBK1,0.0,1.0
OVGP1,0.0,1.0
SKIV2L,0.0,1.0
GALM,0.0,1.0
CGA,0.0,1.0
BLK,0.0,1.0
ID1,0.0,1.0
DIO3,0.0,1.0
PROL1,0.0,1.0
YIF1A,0.0,1.0
SLC9A2,0.0,1.0
CHAF1B,0.0,1.0
HBE1,0.0,1.0
SREBF2,0.0,1.0
TBL3,0.0,1.0
FLT3,0.0,1.0
BTD,0.0,1.0
TROAP,0.0,1.0
SLC16A2,0.0,1.0
P2RY2,0.0,1.0
C8G,0.0,1.0
AFF3,0.0,1.0
CPLX2,0.0,1.0
CRYBB1,0.0,1.0
ZNF212,0.0,1.0
GRIN2B,0.0,1.0
PRM2,0.0,1.0
BATF,0.0,1.0
GRIK2,0.0,1.0
SLC1A6,0.0,1.0
LPAL2,0.0,1.0
TAB1,0.0,1.0
KCNJ9,0.0,1.0
SEMA5A,0.0,1.0
TCF19,0.0,1.0
HSD11B2,0.0,1.0
ZNF169,0.0,1.0
PAPPA,0.0,1.0
OPRL1,0.0,1.0
ELF4,0.0,1.0
GPR17,0.0,1.0
LTB4R,0.0,1.0
MUTYH,0.0,1.0
MAD2L1,0.0,1.0
XDH,0.0,1.0
BTN1A1,0.0,1.0
ORC1,0.0,1.0
PTK7,0.0,1.0
VEGFC,0.0,1.0
PROX1,0.0,1.0
DBP,0.0,1.0
CEBPE,0.0,1.0
FAM65B,0.0,1.0
PHEX,0.0,1.0
LTB,0.0,1.0
DIO2,0.0,1.0
PDE1B,0.0,1.0
CORO2A,0.0,1.0
KAT2B,0.0,1.0
ASNA1,0.0,1.0
C6orf10,0.0,1.0
OSMR,0.0,1.0
CDS1,0.0,1.0
SLC4A2,0.0,1.0
CST6,0.0,1.0
CELF1,0.0,1.0
ITGA5,0.0,1.0
GLI1,0.0,1.0
SMAD3,0.0,1.0
PITX1,0.0,1.0
KLF4,0.0,1.0
MCHR1,0.0,1.0
HYAL3,0.0,1.0
FOXM1,0.0,1.0
NPAS2,0.0,1.0
BLZF1,0.0,1.0
TULP1,0.0,1.0
CYP11B2,0.0,1.0
HIST1H1C,0.0,1.0
CRHBP,0.0,1.0
IGHV5-78,0.0,1.0
SULT2B1,0.0,1.0
CD93,0.0,1.0
CACNB4,0.0,1.0
INPP4B,0.0,1.0
POMC,0.0,1.0
HIST1H2BJ,0.0,1.0
EPO,0.0,1.0
ORM1,0.0,1.0
CD3G,0.0,1.0
DSC1,0.0,1.0
VIPR1,0.0,1.0
KHK,0.0,1.0
EPX,0.0,1.0
ITIH3,0.0,1.0
PRKAR2A,0.0,1.0
GSR,0.0,1.0
ENO3,0.0,1.0
FOSL1,0.0,1.0
LAG3,0.0,1.0
CEL,0.0,1.0
PLXNA3,0.0,1.0
CORO1A,0.0,1.0
TGOLN2,0.0,1.0
RFX1,0.0,1.0
USPL1,0.0,1.0
CRKL,0.0,1.0
AVP,0.0,1.0
PRKCE,0.0,1.0
MKI67,0.0,1.0
DEFA4,0.0,1.0
CPA1,0.0,1.0
CXCR5,0.0,1.0
HNF1B,0.0,1.0
GUCY1A2,-0.0669665910416812,1.0
PDX1,0.0,1.0
ZER1,0.0,1.0
SH3GL2,0.0,1.0
ADAM2,0.0,1.0
NRGN,0.0,1.0
NCOA2,0.0,1.0
PTPRCAP,0.0,1.0
ACOX2,0.0,1.0
HIST1H4G,0.0,1.0
HLA-C,0.0,1.0
