SYMBOL	ORIGINAL_ID
CCDC125	CCDC125
HIST1H3A;HIST1H3B;HIST1H3C;HIST1H3D;HIST1H3E;HIST1H3F;HIST1H3G;HIST1H3H;HIST1H3I;HIST1H3J	HIST1H3A;HIST1H3B;HIST1H3C;HIST1H3D;HIST1H3E;HIST1H3F;HIST1H3G;HIST1H3H;HIST1H3I;HIST1H3J
DSC2	DSC2
DUSP6	DUSP6
FMN1	FMN1
ZNF90	ZNF90
ENTPD3	ENTPD3
SLC41A2	SLC41A2
NR4A2	NR4A2
ORC5	ORC5
HIST1H2BM	HIST1H2BM
HGF	HGF
DIAPH3	DIAPH3
DSP	DSP
LAMA1	LAMA1
HIST1H3A;HIST1H3B;HIST1H3C;HIST1H3D;HIST1H3E;HIST1H3F;HIST1H3G;HIST1H3H;HIST1H3I;HIST1H3J	HIST1H3A;HIST1H3B;HIST1H3C;HIST1H3D;HIST1H3E;HIST1H3F;HIST1H3G;HIST1H3H;HIST1H3I;HIST1H3J
CLIC4	CLIC4
PDE1C	PDE1C
EPB41L3	EPB41L3
LRP2	LRP2
TMEM63C	TMEM63C
NPAS2	NPAS2
GSTCD	GSTCD
ID4	ID4
PTPN13	PTPN13
SLC2A12	SLC2A12
C11orf70	C11orf70
LIN28B	LIN28B
BARD1	BARD1
VTRNA2-1	VTRNA2-1
PAX3	PAX3
DCHS2	DCHS2
NARG2	NARG2
AGT	AGT
SYNPR	SYNPR
SFRP2	SFRP2
HMGA2	HMGA2
MIR4687;STIM1	MIR4687;STIM1
VIP	VIP
CALCA	CALCA
ZNF850	ZNF850
TTC3;TTC3P1	TTC3;TTC3P1
HIST1H4A;HIST1H4B;HIST1H4C;HIST1H4D;HIST1H4E;HIST1H4F;HIST1H4H;HIST1H4I;HIST1H4J;HIST1H4K;HIST1H4L;HIST2H4A;HIST2H4B;HIST4H4	HIST1H4A;HIST1H4B;HIST1H4C;HIST1H4D;HIST1H4E;HIST1H4F;HIST1H4H;HIST1H4I;HIST1H4J;HIST1H4K;HIST1H4L;HIST2H4A;HIST2H4B;HIST4H4
CD177	CD177
ZNF730	ZNF730
IGF2BP3	IGF2BP3
ROR2	ROR2
ARF4	ARF4
CD177P1	CD177P1
TMOD1	TMOD1
NSD1	NSD1
HIST1H2BH	HIST1H2BH
FGFR2	FGFR2
GALNT6	GALNT6
OTTHUMG00000067411;RP11-706O15.3	OTTHUMG00000067411;RP11-706O15.3
CLIP4	CLIP4
HSPA13	HSPA13
OTTHUMG00000161955;RP11-184E9.4	OTTHUMG00000161955;RP11-184E9.4
HIST1H3A;HIST1H3B;HIST1H3C;HIST1H3D;HIST1H3E;HIST1H3F;HIST1H3G;HIST1H3H;HIST1H3I;HIST1H3J	HIST1H3A;HIST1H3B;HIST1H3C;HIST1H3D;HIST1H3E;HIST1H3F;HIST1H3G;HIST1H3H;HIST1H3I;HIST1H3J
TTC13	TTC13
CLCN6;NPPA-AS1	CLCN6;NPPA-AS1
SYT13	SYT13
ZNF217	ZNF217
PTPRG	PTPRG
HIST1H4A;HIST1H4B;HIST1H4C;HIST1H4D;HIST1H4E;HIST1H4F;HIST1H4H;HIST1H4I;HIST1H4J;HIST1H4K;HIST1H4L;HIST2H4A;HIST2H4B;HIST4H4	HIST1H4A;HIST1H4B;HIST1H4C;HIST1H4D;HIST1H4E;HIST1H4F;HIST1H4H;HIST1H4I;HIST1H4J;HIST1H4K;HIST1H4L;HIST2H4A;HIST2H4B;HIST4H4
CNTN3	CNTN3
MFSD6	MFSD6
ANKDD1A	ANKDD1A
STXBP5-AS1	STXBP5-AS1
GJC1	GJC1
SH3D19	SH3D19
AKT3	AKT3
ODAM	ODAM
HIST1H4A;HIST1H4B;HIST1H4C;HIST1H4D;HIST1H4E;HIST1H4F;HIST1H4H;HIST1H4I;HIST1H4J;HIST1H4K;HIST1H4L;HIST2H4A;HIST2H4B;HIST4H4	HIST1H4A;HIST1H4B;HIST1H4C;HIST1H4D;HIST1H4E;HIST1H4F;HIST1H4H;HIST1H4I;HIST1H4J;HIST1H4K;HIST1H4L;HIST2H4A;HIST2H4B;HIST4H4
COMMD10	COMMD10
SLC16A7	SLC16A7
NBLA00301;OTTHUMG00000160783;RP11-471J12.1	NBLA00301;OTTHUMG00000160783;RP11-471J12.1
KRT18	KRT18
NT5DC1	NT5DC1
TPST1	TPST1
CENPE	CENPE
TAPT1	TAPT1
C19orf82	C19orf82
CYTH1	CYTH1
LOC100506453;OTTHUMG00000067421;RP11-706O15.5	LOC100506453;OTTHUMG00000067421;RP11-706O15.5
C1orf126;TMEM51-AS1	C1orf126;TMEM51-AS1
EXD2	EXD2
GPR155	GPR155
INSIG2	INSIG2
ZNF93	ZNF93
AQP4	AQP4
ANKEF1;ANKRD5	ANKEF1;ANKRD5
HYDIN;LOC101060699	HYDIN;LOC101060699
OTTHUMG00000014257;RP11-716O23.2	OTTHUMG00000014257;RP11-716O23.2
CRISPLD2	CRISPLD2
NSMCE4A	NSMCE4A
MAP9	MAP9
AC092168.2;OTTHUMG00000153029	AC092168.2;OTTHUMG00000153029
NBN	NBN
NR3C1	NR3C1
HIST1H4A;HIST1H4B;HIST1H4C;HIST1H4D;HIST1H4E;HIST1H4F;HIST1H4H;HIST1H4I;HIST1H4J;HIST1H4K;HIST1H4L;HIST2H4A;HIST2H4B;HIST4H4	HIST1H4A;HIST1H4B;HIST1H4C;HIST1H4D;HIST1H4E;HIST1H4F;HIST1H4H;HIST1H4I;HIST1H4J;HIST1H4K;HIST1H4L;HIST2H4A;HIST2H4B;HIST4H4
OTTHUMG00000067420;RP11-706O15.7	OTTHUMG00000067420;RP11-706O15.7
PNPLA8	PNPLA8
CACHD1	CACHD1
CFH	CFH
ANKRD18A	ANKRD18A
PNRC2	PNRC2
ZNF630	ZNF630
MPDU1	MPDU1
LOC100996626;PNRC2	LOC100996626;PNRC2
B4GALT5	B4GALT5
DHFR	DHFR
HIF1A	HIF1A
CACNB2	CACNB2
ATP6V1G2	ATP6V1G2
TRIM71	TRIM71
MAN2A2	MAN2A2
GAL	GAL
ERP27	ERP27
HIST1H2BD	HIST1H2BD
TREM1	TREM1
PSAT1	PSAT1
SLC6A17	SLC6A17
PRDX3	PRDX3
PCDHB10;PCDHB9	PCDHB10;PCDHB9
SYNM	SYNM
KCTD15	KCTD15
COG1	COG1
PHF17	PHF17
LIN28A	LIN28A
PREPL	PREPL
ALG3	ALG3
TMEM66	TMEM66
SPP1	SPP1
GARNL3	GARNL3
C2CD2L	C2CD2L
KIAA1009	KIAA1009
ZNRF3	ZNRF3
MEF2D	MEF2D
RPS6KC1	RPS6KC1
MICAL3;OTTHUMG00000150085;XXbac-B461K10.4	MICAL3;OTTHUMG00000150085;XXbac-B461K10.4
ATP1B2	ATP1B2
HIST2H3A;HIST2H3C;HIST2H3D	HIST2H3A;HIST2H3C;HIST2H3D
MAGEH1	MAGEH1
AC058791.2;FLJ43663;OTTHUMG00000155000	AC058791.2;FLJ43663;OTTHUMG00000155000
BOD1L1	BOD1L1
SNORD115-2	SNORD115-2
KLHL14	KLHL14
OTTHUMG00000014778;RP1-8B1.4	OTTHUMG00000014778;RP1-8B1.4
HIST1H4A;HIST1H4B;HIST1H4C;HIST1H4D;HIST1H4E;HIST1H4F;HIST1H4H;HIST1H4I;HIST1H4J;HIST1H4K;HIST1H4L;HIST2H4A;HIST2H4B;HIST4H4	HIST1H4A;HIST1H4B;HIST1H4C;HIST1H4D;HIST1H4E;HIST1H4F;HIST1H4H;HIST1H4I;HIST1H4J;HIST1H4K;HIST1H4L;HIST2H4A;HIST2H4B;HIST4H4
SP3	SP3
HIST1H4A;HIST1H4B;HIST1H4C;HIST1H4D;HIST1H4E;HIST1H4F;HIST1H4H;HIST1H4I;HIST1H4J;HIST1H4K;HIST1H4L;HIST2H4A;HIST2H4B;HIST4H4	HIST1H4A;HIST1H4B;HIST1H4C;HIST1H4D;HIST1H4E;HIST1H4F;HIST1H4H;HIST1H4I;HIST1H4J;HIST1H4K;HIST1H4L;HIST2H4A;HIST2H4B;HIST4H4
ART3	ART3
DGKK	DGKK
SEC24A	SEC24A
ABHD2	ABHD2
AMIGO2	AMIGO2
PFAS	PFAS
ZNF43	ZNF43
PSMD5	PSMD5
MED17	MED17
TADA2A	TADA2A
HIST1H3A;HIST1H3B;HIST1H3C;HIST1H3D;HIST1H3E;HIST1H3F;HIST1H3G;HIST1H3H;HIST1H3I;HIST1H3J	HIST1H3A;HIST1H3B;HIST1H3C;HIST1H3D;HIST1H3E;HIST1H3F;HIST1H3G;HIST1H3H;HIST1H3I;HIST1H3J
MCF2L2	MCF2L2
CDC42SE2	CDC42SE2
TBX2	TBX2
GSS	GSS
HIST2H2BC	HIST2H2BC
MUT	MUT
BAZ1A	BAZ1A
H3F3A;H3F3B;MIR4738	H3F3A;H3F3B;MIR4738
IL1RAP	IL1RAP
CHTF8	CHTF8
COG6	COG6
QTRTD1	QTRTD1
PLXNB1	PLXNB1
CXCL14	CXCL14
TFAP2A	TFAP2A
KRT8	KRT8
PDGFRL	PDGFRL
HAND2	HAND2
NDFIP1	NDFIP1
SST	SST
ATRN	ATRN
ERAP2	ERAP2
CA14	CA14
DNAH6	DNAH6
SCN11A	SCN11A
CDC14A;OTTHUMG00000010984;RP5-837M10.2	CDC14A;OTTHUMG00000010984;RP5-837M10.2
ZC3H14	ZC3H14
CYSLTR2	CYSLTR2
HIST1H2AI	HIST1H2AI
HIST1H2AB;HIST1H2AE	HIST1H2AB;HIST1H2AE
MAT2A	MAT2A
BTN3A1	BTN3A1
NASP	NASP
SPG11	SPG11
SYNCRIP	SYNCRIP
FBXL2	FBXL2
ANXA1	ANXA1
ATP5SL	ATP5SL
DLK1	DLK1
CNN3	CNN3
SP4	SP4
SEMA5A	SEMA5A
C18orf1;LDLRAD4	C18orf1;LDLRAD4
MID2	MID2
SRSF7	SRSF7
CCDC152	CCDC152
IGF2BP1	IGF2BP1
TBX3	TBX3
HIST1H2AG;HIST1H2AH;HIST1H2AI;HIST1H2AK;HIST1H2AL;HIST1H2AM	HIST1H2AG;HIST1H2AH;HIST1H2AI;HIST1H2AK;HIST1H2AL;HIST1H2AM
SNAI2	SNAI2
MEGF11	MEGF11
PRICKLE1	PRICKLE1
CP	CP
LPCAT2	LPCAT2
SCFD2	SCFD2
MCHR1	MCHR1
LPHN1	LPHN1
NCAM2	NCAM2
SLC8A1	SLC8A1
ENTPD4	ENTPD4
TCF12	TCF12
FAM177A1	FAM177A1
GFPT1	GFPT1
HIST1H2BI	HIST1H2BI
MIR622	MIR622
RRAS2	RRAS2
PPP3CC	PPP3CC
CDH6	CDH6
AKTIP	AKTIP
DOCK1	DOCK1
HIST2H2AC	HIST2H2AC
OTTHUMG00000161243;RP11-138I17.1	OTTHUMG00000161243;RP11-138I17.1
DOCK7	DOCK7
SEC62	SEC62
PCDHB1	PCDHB1
UBE2Q2P1	UBE2Q2P1
LOC100507639;OTTHUMG00000161381;RP11-362F19.1	LOC100507639;OTTHUMG00000161381;RP11-362F19.1
SCN5A	SCN5A
SDCCAG3	SDCCAG3
CHST1	CHST1
TICAM2;TMED7;TMED7-TICAM2	TICAM2;TMED7;TMED7-TICAM2
GUF1	GUF1
HRH1	HRH1
RPN1	RPN1
UFM1	UFM1
FSBP;OTTHUMG00000164425;RAD54B;RP11-267M23.1	FSBP;OTTHUMG00000164425;RAD54B;RP11-267M23.1
HIST1H2BC;HIST1H2BE;HIST1H2BF;HIST1H2BG;HIST1H2BI	HIST1H2BC;HIST1H2BE;HIST1H2BF;HIST1H2BG;HIST1H2BI
RNMT	RNMT
OPTN	OPTN
ARHGAP26	ARHGAP26
PABPC1L	PABPC1L
BMPR1B	BMPR1B
NME4	NME4
ARSE	ARSE
C6orf211	C6orf211
FXN	FXN
ZZEF1	ZZEF1
PRTG	PRTG
SRP54	SRP54
AP006222.2;OTTHUMG00000002553	AP006222.2;OTTHUMG00000002553
BAI2	BAI2
ABCA3	ABCA3
ACSL3	ACSL3
PIRT	PIRT
ZNF844	ZNF844
ZNF25	ZNF25
OTTHUMG00000144166;RP11-168O22.1	OTTHUMG00000144166;RP11-168O22.1
MRPS9	MRPS9
HM13;PSIMCT-1	HM13;PSIMCT-1
CXCL11	CXCL11
CDKL2	CDKL2
ZDHHC2	ZDHHC2
LOC401164;OTTHUMG00000160242;RP11-219G10.3	LOC401164;OTTHUMG00000160242;RP11-219G10.3
CTCF	CTCF
MIA3;OTTHUMG00000037651;RP11-378J18.5	MIA3;OTTHUMG00000037651;RP11-378J18.5
FAM118B	FAM118B
ZNF486	ZNF486
SCG2	SCG2
TRA2A	TRA2A
PRUNE2	PRUNE2
HIST2H3A;HIST2H3C;HIST2H3D	HIST2H3A;HIST2H3C;HIST2H3D
WDR44	WDR44
SQLE	SQLE
ZNF75A	ZNF75A
LAP3	LAP3
B3GNT1	B3GNT1
PDE4B	PDE4B
LIFR	LIFR
SRSF3	SRSF3
VAMP4	VAMP4
MIR636;SRSF2	MIR636;SRSF2
LINGO2	LINGO2
ACBD3	ACBD3
BRP44L;MPC1	BRP44L;MPC1
PPM1D	PPM1D
ACSL1	ACSL1
DYNLL1	DYNLL1
MED1	MED1
PCSK5	PCSK5
FAM168A	FAM168A
MGST1	MGST1
GAPVD1	GAPVD1
SYT9	SYT9
GCGR	GCGR
SPIRE1	SPIRE1
WFDC2	WFDC2
DDX24	DDX24
ARL6IP6	ARL6IP6
RRM2	RRM2
CCDC34	CCDC34
PLEKHG4B	PLEKHG4B
RPSAP58	RPSAP58
HIST2H2BF;HIST2H3PS2	HIST2H2BF;HIST2H3PS2
GOLT1B	GOLT1B
KIAA1324	KIAA1324
KIT	KIT
RET	RET
CPSF2	CPSF2
PTGES	PTGES
SFXN3	SFXN3
SLC9A7	SLC9A7
HP1BP3	HP1BP3
AMBN	AMBN
OLFML2A	OLFML2A
CRYL1	CRYL1
OTTHUMG00000008422;RP11-436K8.1	OTTHUMG00000008422;RP11-436K8.1
PRAF2	PRAF2
DARS2	DARS2
KDELR2	KDELR2
HIST1H4A;HIST1H4B;HIST1H4C;HIST1H4D;HIST1H4E;HIST1H4F;HIST1H4H;HIST1H4I;HIST1H4J;HIST1H4K;HIST1H4L;HIST2H4A;HIST2H4B;HIST4H4	HIST1H4A;HIST1H4B;HIST1H4C;HIST1H4D;HIST1H4E;HIST1H4F;HIST1H4H;HIST1H4I;HIST1H4J;HIST1H4K;HIST1H4L;HIST2H4A;HIST2H4B;HIST4H4
SNORD115-27	SNORD115-27
ZBTB8B	ZBTB8B
LOC100653515;TIMP2	LOC100653515;TIMP2
LINC00087	LINC00087
EIF5	EIF5
PSMC5	PSMC5
SALL4	SALL4
EPCAM	EPCAM
FAM70A;TMEM255A	FAM70A;TMEM255A
PAWR	PAWR
CCDC99;SPDL1	CCDC99;SPDL1
CDH19	CDH19
KCTD12	KCTD12
PTPRB	PTPRB
ERO1L	ERO1L
COQ2	COQ2
ANO5	ANO5
TBC1D23	TBC1D23
SNORD115-24	SNORD115-24
LOC100996752;LOC101060261;NUDT4;NUDT4P1	LOC100996752;LOC101060261;NUDT4;NUDT4P1
ELMO2	ELMO2
FADS2	FADS2
ZIC2	ZIC2
SLC43A3	SLC43A3
FERMT1	FERMT1
ECEL1	ECEL1
C3orf35	C3orf35
MDN1	MDN1
CYLD	CYLD
UCP2	UCP2
KIAA0101	KIAA0101
RBBP4	RBBP4
SEL1L	SEL1L
SEC61A2	SEC61A2
MECOM	MECOM
SLC35E1	SLC35E1
ITGA11	ITGA11
OSBP	OSBP
GS1-600G8.5;OTTHUMG00000021149	GS1-600G8.5;OTTHUMG00000021149
GPR107;OTTHUMG00000020802;RP11-88G17.2	GPR107;OTTHUMG00000020802;RP11-88G17.2
QRSL1	QRSL1
CSN1S1	CSN1S1
ORC2	ORC2
DKK3	DKK3
SNORD114-3	SNORD114-3
MIR3615;SLC9A3R1	MIR3615;SLC9A3R1
ANKRD44	ANKRD44
MED10	MED10
MIR100HG	MIR100HG
COPB2	COPB2
LONP2	LONP2
ROCK2	ROCK2
CFTR	CFTR
DDX52	DDX52
ZNF826P	ZNF826P
CYB5R2	CYB5R2
DLGAP1	DLGAP1
SAR1B	SAR1B
IQSEC2	IQSEC2
ACIN1	ACIN1
PAG1	PAG1
SLC17A5	SLC17A5
MELK	MELK
SLC37A4	SLC37A4
LURAP1L	LURAP1L
LUZP2	LUZP2
ARHGEF3	ARHGEF3
TUBD1	TUBD1
SCARNA7	SCARNA7
LLGL1	LLGL1
COPS3	COPS3
TXNDC17	TXNDC17
PCNA	PCNA
HIST1H2AD;HIST1H3A;HIST1H3B;HIST1H3C;HIST1H3D;HIST1H3E;HIST1H3F;HIST1H3G;HIST1H3H;HIST1H3I;HIST1H3J	HIST1H2AD;HIST1H3A;HIST1H3B;HIST1H3C;HIST1H3D;HIST1H3E;HIST1H3F;HIST1H3G;HIST1H3H;HIST1H3I;HIST1H3J
ABCG1	ABCG1
PRTFDC1	PRTFDC1
AL035610.2;OTTHUMG00000078706	AL035610.2;OTTHUMG00000078706
SET	SET
LLPH;LOC100506562	LLPH;LOC100506562
JAK1	JAK1
CAMK1G	CAMK1G
NDUFAF1	NDUFAF1
SNORD115-3	SNORD115-3
TMX1	TMX1
HIST1H4A;HIST1H4B;HIST1H4C;HIST1H4D;HIST1H4E;HIST1H4F;HIST1H4H;HIST1H4I;HIST1H4J;HIST1H4K;HIST1H4L;HIST2H4A;HIST2H4B;HIST4H4	HIST1H4A;HIST1H4B;HIST1H4C;HIST1H4D;HIST1H4E;HIST1H4F;HIST1H4H;HIST1H4I;HIST1H4J;HIST1H4K;HIST1H4L;HIST2H4A;HIST2H4B;HIST4H4
CASC4	CASC4
LOC100134868	LOC100134868
SRPRB	SRPRB
PPP4R1	PPP4R1
ST3GAL1	ST3GAL1
KIF13B	KIF13B
CREM	CREM
GDAP2	GDAP2
ZNF177;ZNF559-ZNF177	ZNF177;ZNF559-ZNF177
HDHD2	HDHD2
MADD	MADD
GRM1	GRM1
RANBP17	RANBP17
HIST2H3A;HIST2H3C;HIST2H3D	HIST2H3A;HIST2H3C;HIST2H3D
H2AFZ	H2AFZ
BMP3	BMP3
NIP7	NIP7
APOL4	APOL4
GOLGA5	GOLGA5
HIST1H4A;HIST1H4B;HIST1H4C;HIST1H4D;HIST1H4E;HIST1H4F;HIST1H4H;HIST1H4I;HIST1H4J;HIST1H4K;HIST1H4L;HIST2H4A;HIST2H4B;HIST4H4	HIST1H4A;HIST1H4B;HIST1H4C;HIST1H4D;HIST1H4E;HIST1H4F;HIST1H4H;HIST1H4I;HIST1H4J;HIST1H4K;HIST1H4L;HIST2H4A;HIST2H4B;HIST4H4
SPINK5	SPINK5
MAST2	MAST2
HMCN1	HMCN1
HFM1	HFM1
CD38	CD38
SNORD115-48	SNORD115-48
LOC101060281;VOPP1	LOC101060281;VOPP1
RFPL1-AS1;RFPL1S	RFPL1-AS1;RFPL1S
DCLK2	DCLK2
YIPF5	YIPF5
COLGALT2;GLT25D2	COLGALT2;GLT25D2
NUP160	NUP160
CBX2	CBX2
MYPN	MYPN
MFSD2A	MFSD2A
SLC30A4	SLC30A4
ZFP36L2	ZFP36L2
RAB28	RAB28
ATP6V1G2	ATP6V1G2
DIS3L	DIS3L
UBE4A	UBE4A
GEN1	GEN1
KDM4A	KDM4A
NR6A1	NR6A1
CLDN6	CLDN6
CITED2	CITED2
GOLGA2	GOLGA2
TPH1	TPH1
AC058791.1;LOC646329;OTTHUMG00000043895	AC058791.1;LOC646329;OTTHUMG00000043895
ABLIM3	ABLIM3
SLC25A27	SLC25A27
ZNF273	ZNF273
ZNF8	ZNF8
LOC100287934	LOC100287934
HERC2P3	HERC2P3
LOC100996620;ZNF644	LOC100996620;ZNF644
AC063976.6;OTTHUMG00000074115;P4HA2	AC063976.6;OTTHUMG00000074115;P4HA2
ATP6V1G2	ATP6V1G2
ATP6V1G2	ATP6V1G2
ATP6V1G2	ATP6V1G2
ATP6V1G2	ATP6V1G2
LAYN	LAYN
TMEM130	TMEM130
CYP20A1	CYP20A1
IDS	IDS
C1orf112	C1orf112
LRRN2	LRRN2
ZNF385A	ZNF385A
UBR4	UBR4
RAB18	RAB18
OTTHUMG00000163250;RP11-43D2.6;ZNF608	OTTHUMG00000163250;RP11-43D2.6;ZNF608
COG3	COG3
UPF3B	UPF3B
LOC101060433;PDXDC1	LOC101060433;PDXDC1
SNORD115-4	SNORD115-4
TMEM30A	TMEM30A
SLC7A2	SLC7A2
CNOT6	CNOT6
SMAD1	SMAD1
MAN1C1	MAN1C1
ZNF501	ZNF501
SAAL1	SAAL1
ATP6V1G2	ATP6V1G2
NDEL1	NDEL1
SMARCC1	SMARCC1
SYT16	SYT16
CD9;LOC100652804;LOC100653288	CD9;LOC100652804;LOC100653288
SNORD115-35	SNORD115-35
EXOSC10	EXOSC10
CTD-2001C12.1;OTTHUMG00000162801	CTD-2001C12.1;OTTHUMG00000162801
COLEC12	COLEC12
GPR173	GPR173
DSCAML1	DSCAML1
TRIL	TRIL
HMGN2;LOC100996852	HMGN2;LOC100996852
IFT88	IFT88
BCL2	BCL2
SPOCK3	SPOCK3
CA2	CA2
LARS2	LARS2
ANP32A	ANP32A
LOC100216479;LOC100996884	LOC100216479;LOC100996884
SC5D	SC5D
LOC101060716;POTEC	LOC101060716;POTEC
MAP4K5	MAP4K5
ZNF582-AS1	ZNF582-AS1
PI4K2A	PI4K2A
C17orf28;HID1	C17orf28;HID1
HIST1H3A;HIST1H3B;HIST1H3C;HIST1H3D;HIST1H3E;HIST1H3F;HIST1H3G;HIST1H3H;HIST1H3I;HIST1H3J	HIST1H3A;HIST1H3B;HIST1H3C;HIST1H3D;HIST1H3E;HIST1H3F;HIST1H3G;HIST1H3H;HIST1H3I;HIST1H3J
LINC00883;OTTHUMG00000159173;RP11-446H18.3	LINC00883;OTTHUMG00000159173;RP11-446H18.3
HIST3H2BB	HIST3H2BB
JAG1	JAG1
SLC44A5	SLC44A5
HCRTR1	HCRTR1
ZC3H4	ZC3H4
HIST1H3A;HIST1H3B;HIST1H3C;HIST1H3D;HIST1H3E;HIST1H3F;HIST1H3G;HIST1H3H;HIST1H3I;HIST1H3J	HIST1H3A;HIST1H3B;HIST1H3C;HIST1H3D;HIST1H3E;HIST1H3F;HIST1H3G;HIST1H3H;HIST1H3I;HIST1H3J
JMJD6	JMJD6
PARP2	PARP2
HN1L	HN1L
PTCHD1	PTCHD1
EZH2	EZH2
KCNE4	KCNE4
ZBBX	ZBBX
SASH1	SASH1
SLC5A6	SLC5A6
ADCK2	ADCK2
ESRP1	ESRP1
KIAA0586	KIAA0586
LOC100287934;OTTHUMG00000002404;RP11-206L10.9	LOC100287934;OTTHUMG00000002404;RP11-206L10.9
DHX9	DHX9
SLC25A21	SLC25A21
RHOQ	RHOQ
HIST1H2BK	HIST1H2BK
LYPLA1	LYPLA1
GPR125	GPR125
SRPR	SRPR
EDEM3	EDEM3
CD68	CD68
ALX1	ALX1
CRELD1	CRELD1
MARCH6	MARCH6
TMX4	TMX4
ATP8A2	ATP8A2
SLX4IP	SLX4IP
TP53I3	TP53I3
IQCH	IQCH
PDE4D	PDE4D
AKAP9	AKAP9
ADH5	ADH5
EFEMP1	EFEMP1
MYO3A	MYO3A
HIST1H4A;HIST1H4B;HIST1H4C;HIST1H4D;HIST1H4E;HIST1H4F;HIST1H4H;HIST1H4I;HIST1H4J;HIST1H4K;HIST1H4L;HIST2H4A;HIST2H4B;HIST4H4	HIST1H4A;HIST1H4B;HIST1H4C;HIST1H4D;HIST1H4E;HIST1H4F;HIST1H4H;HIST1H4I;HIST1H4J;HIST1H4K;HIST1H4L;HIST2H4A;HIST2H4B;HIST4H4
C21orf91	C21orf91
ZBTB16	ZBTB16
ZNF619	ZNF619
MAD2L2	MAD2L2
OR8A1	OR8A1
FREM2	FREM2
MIR3117	MIR3117
MDK	MDK
SNORD114-1	SNORD114-1
GALNT5	GALNT5
ZMYM4	ZMYM4
DNALI1	DNALI1
C11orf24	C11orf24
LMBRD2	LMBRD2
TACC1	TACC1
ENG	ENG
OTTHUMG00000008421;RP4-668G5.1	OTTHUMG00000008421;RP4-668G5.1
FAM73A;RNA5SP21	FAM73A;RNA5SP21
ZNF681	ZNF681
DFFA	DFFA
ERLEC1	ERLEC1
LONRF2	LONRF2
SLC16A9	SLC16A9
SNORD115-28	SNORD115-28
TMEM108	TMEM108
ESCO2	ESCO2
HMBOX1	HMBOX1
PLAT	PLAT
SEC61A1	SEC61A1
CFB	CFB
ZNF724P	ZNF724P
C1orf144;SZRD1	C1orf144;SZRD1
AGTR1	AGTR1
POP1	POP1
PITPNM2	PITPNM2
LRP4	LRP4
YKT6	YKT6
DHX40	DHX40
UBTF	UBTF
BRD7	BRD7
HNRNPA2B1	HNRNPA2B1
FBXL21	FBXL21
RCBTB2	RCBTB2
ZNF625	ZNF625
EIF2AK3	EIF2AK3
DBF4B	DBF4B
STAMBPL1	STAMBPL1
HIST1H2BO	HIST1H2BO
CDK14	CDK14
C4A;C4B;C4B_2	C4A;C4B;C4B_2
MIR4785;RBMS1	MIR4785;RBMS1
FRAS1	FRAS1
ATIC	ATIC
C4A;C4B;C4B_2	C4A;C4B;C4B_2
MIR4741;RBBP8	MIR4741;RBBP8
MPZL2	MPZL2
SRSF6	SRSF6
GJA5;LOC101060613	GJA5;LOC101060613
KIF18A	KIF18A
PRMT3	PRMT3
PANX3	PANX3
LOC79015;OTTHUMG00000032542;OTTHUMG00000032545;RP11-445H22.3;RP11-445H22.4	LOC79015;OTTHUMG00000032542;OTTHUMG00000032545;RP11-445H22.3;RP11-445H22.4
C4A;C4B;C4B_2	C4A;C4B;C4B_2
C4A;C4B;C4B_2	C4A;C4B;C4B_2
C4A;C4B;C4B_2;DASS-307J8.7;OTTHUMG00000137669	C4A;C4B;C4B_2;DASS-307J8.7;OTTHUMG00000137669
HIST1H2BE	HIST1H2BE
C4A;C4B;C4B_2	C4A;C4B;C4B_2
ADAMTS19	ADAMTS19
TBRG1	TBRG1
C4A;C4B;C4B_2	C4A;C4B;C4B_2
PTPRZ1	PTPRZ1
C4A;C4B;C4B_2	C4A;C4B;C4B_2
ACOT9	ACOT9
RYR2	RYR2
CREBBP	CREBBP
FAM134B	FAM134B
NT5C	NT5C
LTN1	LTN1
ATG13	ATG13
HIST1H2AG;HIST1H2AH;HIST1H2AI;HIST1H2AK;HIST1H2AL;HIST1H2AM	HIST1H2AG;HIST1H2AH;HIST1H2AI;HIST1H2AK;HIST1H2AL;HIST1H2AM
C4A;C4B;C4B_2	C4A;C4B;C4B_2
RABL3	RABL3
RCC2	RCC2
RAPGEF5	RAPGEF5
ARID2	ARID2
G3BP1	G3BP1
CIR1	CIR1
POTEB;POTEB2	POTEB;POTEB2
WBSCR16	WBSCR16
F11R;TSTD1	F11R;TSTD1
LOC100287497	LOC100287497
KANSL1L	KANSL1L
ACVR1	ACVR1
TRPA1	TRPA1
AJAP1	AJAP1
RPSA;SNORA6;SNORA62	RPSA;SNORA6;SNORA62
SLFN12	SLFN12
CTAGE5	CTAGE5
SLC7A11	SLC7A11
ITGA9	ITGA9
LOC100129361	LOC100129361
PAN3	PAN3
HIST3H2A	HIST3H2A
RPS10	RPS10
TARS	TARS
SLC39A9	SLC39A9
ILF3	ILF3
YIF1A	YIF1A
ASAH1	ASAH1
SNORD115-17;SNORD115-18;SNORD115-19	SNORD115-17;SNORD115-18;SNORD115-19
SNORD115-17;SNORD115-18;SNORD115-19	SNORD115-17;SNORD115-18;SNORD115-19
SNORD115-17;SNORD115-18;SNORD115-19	SNORD115-17;SNORD115-18;SNORD115-19
LRCH1	LRCH1
APOL2	APOL2
TMEM248	TMEM248
TXNDC11	TXNDC11
TSHZ2	TSHZ2
PAX7	PAX7
OTTHUMG00000163254;RP11-436H11.5	OTTHUMG00000163254;RP11-436H11.5
CFHR1	CFHR1
WWP1	WWP1
POTEB;POTEB2	POTEB;POTEB2
LINC00473	LINC00473
SNORD9	SNORD9
CFB	CFB
H2AFX	H2AFX
HELLS;OTTHUMG00000018792;RP11-119K6.6	HELLS;OTTHUMG00000018792;RP11-119K6.6
SERPINA3	SERPINA3
RALGPS1	RALGPS1
ITGB3	ITGB3
HIST2H2AA3;HIST2H2AA4	HIST2H2AA3;HIST2H2AA4
LYST	LYST
C20orf100;OTTHUMG00000032517;TOX2	C20orf100;OTTHUMG00000032517;TOX2
GBF1	GBF1
CRK	CRK
LOC100996481;PRIM2	LOC100996481;PRIM2
SLC46A3	SLC46A3
LMNB1	LMNB1
MRPL19	MRPL19
FRY	FRY
SNORD115-8	SNORD115-8
TPP2	TPP2
OTTHUMG00000160745;RP11-148L24.1	OTTHUMG00000160745;RP11-148L24.1
EEF1B2;SNORA41	EEF1B2;SNORA41
SP8	SP8
OTTHUMG00000021411;RP5-1158E12.3	OTTHUMG00000021411;RP5-1158E12.3
VPS13D	VPS13D
ZNF559	ZNF559
NUP188	NUP188
MRPS18A	MRPS18A
RBM3	RBM3
SNORD94	SNORD94
MBTD1	MBTD1
SNORD115-30	SNORD115-30
OLFML3	OLFML3
PDXDC2P	PDXDC2P
PPP2R5B	PPP2R5B
IFT80	IFT80
PDHX	PDHX
DACH1	DACH1
ZFP106;ZNF106	ZFP106;ZNF106
SNORD115-25	SNORD115-25
MTMR11	MTMR11
SNORD115-45	SNORD115-45
CEP70	CEP70
ZNF660	ZNF660
TRAF4	TRAF4
NPRL2	NPRL2
PPP1R3E	PPP1R3E
MTMR6	MTMR6
OR10D3	OR10D3
TRIM23	TRIM23
RNF2	RNF2
NEK3	NEK3
CFB	CFB
LSR	LSR
PCK2	PCK2
TLX2	TLX2
AC078941.1;LOC644838;OTTHUMG00000152856	AC078941.1;LOC644838;OTTHUMG00000152856
PTGFR	PTGFR
P2RX2	P2RX2
SYT17	SYT17
CPEB1	CPEB1
AP001052.9;OTTHUMG00000086887;PDXK	AP001052.9;OTTHUMG00000086887;PDXK
STARD3NL	STARD3NL
CFB	CFB
POLR2E	POLR2E
CFB	CFB
MEX3A	MEX3A
MAML1	MAML1
TYW3	TYW3
CFB	CFB
CFB	CFB
ACHE	ACHE
PLOD1	PLOD1
ANLN	ANLN
GPN1	GPN1
PAQR6	PAQR6
LOC100506948;SNHG14;SNORD107;SNORD115-13;SNORD115-26;SNORD115-7;SNORD116-28	LOC100506948;SNHG14;SNORD107;SNORD115-13;SNORD115-26;SNORD115-7;SNORD116-28
OTTHUMG00000160613;RP11-290F5.1	OTTHUMG00000160613;RP11-290F5.1
C4orf40;CSN1S2BP	C4orf40;CSN1S2BP
FAM115C;LOC101060689	FAM115C;LOC101060689
CHD1L;LOC101060601	CHD1L;LOC101060601
CHAT	CHAT
G0S2	G0S2
ZIC5	ZIC5
MRPS27	MRPS27
AJUBA	AJUBA
PEX3	PEX3
C9orf64	C9orf64
SLC12A7	SLC12A7
DDX6	DDX6
OR8G1;OR8G5	OR8G1;OR8G5
FAM115C;LOC154761	FAM115C;LOC154761
XYLT1	XYLT1
LOC101060202;LOC101060684;NBPF24;NBPF9	LOC101060202;LOC101060684;NBPF24;NBPF9
GRIK4	GRIK4
OTTHUMG00000037473;RP11-504P24.4	OTTHUMG00000037473;RP11-504P24.4
EML6	EML6
SRSF10	SRSF10
PLCD4	PLCD4
SGIP1	SGIP1
TCEAL1	TCEAL1
LINC00115	LINC00115
GNA14	GNA14
MIR421	MIR421
RPS6	RPS6
MX2	MX2
SMC6	SMC6
RPL23A;SNORD42A;SNORD42B;SNORD4A	RPL23A;SNORD42A;SNORD42B;SNORD4A
CLUL1	CLUL1
IGF2BP2	IGF2BP2
EFS	EFS
KIAA0922	KIAA0922
SECISBP2	SECISBP2
AP3M1	AP3M1
NUDCD3	NUDCD3
SLC39A7	SLC39A7
EPHX1	EPHX1
MED8	MED8
LOC653375;WBSCR16	LOC653375;WBSCR16
ZNF404	ZNF404
HIST1H2AB;HIST1H2AE	HIST1H2AB;HIST1H2AE
MNT	MNT
SNORD115-14	SNORD115-14
MRPL55	MRPL55
CCNE2	CCNE2
GDF5	GDF5
CLPTM1	CLPTM1
HIST1H2BJ	HIST1H2BJ
OSTM1	OSTM1
PTGER2	PTGER2
MYH10	MYH10
RPS2P7	RPS2P7
ATP6AP2	ATP6AP2
PRKDC	PRKDC
SYNPO2	SYNPO2
MOSPD2	MOSPD2
MAPK1IP1L	MAPK1IP1L
KDSR	KDSR
UGDH	UGDH
LRRIQ1	LRRIQ1
PPARD	PPARD
SPEG	SPEG
MTM1	MTM1
LOC100288602;LOC101060363;PPIA	LOC100288602;LOC101060363;PPIA
QPCT	QPCT
HIST1H3A;HIST1H3B;HIST1H3C;HIST1H3D;HIST1H3E;HIST1H3F;HIST1H3G;HIST1H3H;HIST1H3I;HIST1H3J	HIST1H3A;HIST1H3B;HIST1H3C;HIST1H3D;HIST1H3E;HIST1H3F;HIST1H3G;HIST1H3H;HIST1H3I;HIST1H3J
SLC5A8	SLC5A8
ANG;RNASE4	ANG;RNASE4
CCAR1;SNORD98	CCAR1;SNORD98
HIAT1	HIAT1
SDK2	SDK2
KLHDC10	KLHDC10
TALDO1	TALDO1
ZNF224	ZNF224
RALGAPB	RALGAPB
SLC39A7	SLC39A7
SLC39A7	SLC39A7
SLC39A7	SLC39A7
SLC39A7	SLC39A7
SLC39A7	SLC39A7
SDIM1	SDIM1
NRG3	NRG3
GPR98	GPR98
FOXI3	FOXI3
TDRKH	TDRKH
MIR3143	MIR3143
TBCD	TBCD
MBOAT2	MBOAT2
NALCN	NALCN
TFAP2B	TFAP2B
NUDT5	NUDT5
KIF15	KIF15
ADIPOR1	ADIPOR1
LOC145783;ZNF280D	LOC145783;ZNF280D
CPNE8	CPNE8
PRMT1	PRMT1
CDRT4;FAM18B2;FAM18B2-CDRT4;TVP23C;TVP23C-CDRT4	CDRT4;FAM18B2;FAM18B2-CDRT4;TVP23C;TVP23C-CDRT4
METAP1D	METAP1D
SDHC	SDHC
E2F5	E2F5
UMPS	UMPS
FIGN	FIGN
MYO5B	MYO5B
HIST1H2BL	HIST1H2BL
TFDP1	TFDP1
YIPF2	YIPF2
C7orf53;LSMEM1	C7orf53;LSMEM1
SPC25	SPC25
TM9SF2	TM9SF2
L3MBTL4	L3MBTL4
MIR181B1	MIR181B1
CTDSPL	CTDSPL
ANKRD22	ANKRD22
USP16	USP16
COG4	COG4
SLC30A5	SLC30A5
FTX	FTX
RNF167	RNF167
HIST1H2AH;OTTHUMG00000014468;RP1-86C11.4	HIST1H2AH;OTTHUMG00000014468;RP1-86C11.4
GPR135	GPR135
POTEC;POTED	POTEC;POTED
MIR125B1	MIR125B1
AADAT	AADAT
HMGB1	HMGB1
FAM8A1	FAM8A1
RPL8	RPL8
IFI6	IFI6
GRIN3A	GRIN3A
IFFO2	IFFO2
CDKL1	CDKL1
KIF1A	KIF1A
ZCCHC7	ZCCHC7
COPG1	COPG1
FMO2	FMO2
CXorf26;PBDC1	CXorf26;PBDC1
LAMP2	LAMP2
C6orf89	C6orf89
SCLT1	SCLT1
ZBTB12	ZBTB12
KIAA1244	KIAA1244
ATP2B4	ATP2B4
DEK	DEK
MCAM	MCAM
MED11	MED11
IRX3	IRX3
ADCY2	ADCY2
PWP2	PWP2
LNPEP	LNPEP
MANEA	MANEA
GREB1L	GREB1L
DIP2C	DIP2C
NIPA2	NIPA2
GPATCH4	GPATCH4
PARP8	PARP8
TOM1	TOM1
PAX6	PAX6
MIR181A1HG;OTTHUMG00000035888;RP11-31E23.1	MIR181A1HG;OTTHUMG00000035888;RP11-31E23.1
SNORD115-31	SNORD115-31
ECHS1	ECHS1
ABCD2	ABCD2
CHRFAM7A;CHRNA7	CHRFAM7A;CHRNA7
XKR9	XKR9
DMKN	DMKN
BTN3A2	BTN3A2
SNORD115-39	SNORD115-39
CDC7	CDC7
ZBTB12	ZBTB12
ZC3HC1	ZC3HC1
XRCC2	XRCC2
LINC00882;OTTHUMG00000159196;RP11-280F2.2	LINC00882;OTTHUMG00000159196;RP11-280F2.2
ZNF214	ZNF214
SUCLG1	SUCLG1
SNORD90	SNORD90
CHPF	CHPF
MTUS1	MTUS1
FBXO25	FBXO25
SET	SET
CCDC74B-AS1	CCDC74B-AS1
MDH1	MDH1
PNPO	PNPO
SEC22A	SEC22A
AP1G1	AP1G1
HDAC8	HDAC8
KDM4C	KDM4C
HECTD2	HECTD2
LIN37	LIN37
ITGA8	ITGA8
SNORD114-14	SNORD114-14
EPC2	EPC2
CUL1	CUL1
P4HA3	P4HA3
METTL3	METTL3
WDHD1	WDHD1
SLC25A6	SLC25A6
CXCL10	CXCL10
BRD8	BRD8
MYO10	MYO10
OSBPL2	OSBPL2
OTTHUMG00000164729;RP11-347C18.3	OTTHUMG00000164729;RP11-347C18.3
HIST2H2AA3;HIST2H2AA4	HIST2H2AA3;HIST2H2AA4
EBPL	EBPL
MSH3	MSH3
WRB	WRB
PODXL	PODXL
METTL12;SNORA57	METTL12;SNORA57
HIST1H4A;HIST1H4B;HIST1H4C;HIST1H4D;HIST1H4E;HIST1H4F;HIST1H4H;HIST1H4I;HIST1H4J;HIST1H4K;HIST1H4L;HIST2H4A;HIST2H4B;HIST4H4	HIST1H4A;HIST1H4B;HIST1H4C;HIST1H4D;HIST1H4E;HIST1H4F;HIST1H4H;HIST1H4I;HIST1H4J;HIST1H4K;HIST1H4L;HIST2H4A;HIST2H4B;HIST4H4
OTTHUMG00000159344;RP11-768G7.2	OTTHUMG00000159344;RP11-768G7.2
AMPD2	AMPD2
CLDN7	CLDN7
CRAT	CRAT
PGAM1	PGAM1
ETV1	ETV1
LPAR4;OTTHUMG00000021893;RP11-475D8.1	LPAR4;OTTHUMG00000021893;RP11-475D8.1
AC079767.2;CREB1;OTTHUMG00000154783	AC079767.2;CREB1;OTTHUMG00000154783
AC019186.1;OTTHUMG00000153914	AC019186.1;OTTHUMG00000153914
CA8	CA8
NDC80	NDC80
FAM189A2	FAM189A2
MKI67	MKI67
SORD	SORD
RAB3C	RAB3C
LOC100996657;SRSF10	LOC100996657;SRSF10
RNF13	RNF13
TP53	TP53
SEPT9	SEPT9
ZNF22	ZNF22
FOPNL	FOPNL
TRIM24	TRIM24
NUSAP1	NUSAP1
MYH15	MYH15
SAMD8	SAMD8
C2CD3	C2CD3
LOC100287163;ZNF717	LOC100287163;ZNF717
MCM8	MCM8
RHOBTB3	RHOBTB3
ADI1	ADI1
LRRC6	LRRC6
ZNF219	ZNF219
LMX1A	LMX1A
PMP22	PMP22
SERINC1	SERINC1
WDR85	WDR85
HIST1H4C	HIST1H4C
MTDH	MTDH
GORASP2	GORASP2
KCNJ3	KCNJ3
TMBIM4	TMBIM4
AL353791.1;OTTHUMG00000066698	AL353791.1;OTTHUMG00000066698
CACNA1A	CACNA1A
GGA2	GGA2
CCDC41	CCDC41
TMEM57	TMEM57
INTS8	INTS8
SERPINB6	SERPINB6
MIR612;NEAT1	MIR612;NEAT1
ANGPT2	ANGPT2
HLA-DPB1	HLA-DPB1
LINC00467	LINC00467
ANAPC16	ANAPC16
C3orf37	C3orf37
NOMO2	NOMO2
OTTHUMG00000160167;RP11-1244E8.1;UVSSA	OTTHUMG00000160167;RP11-1244E8.1;UVSSA
OTTHUMG00000041137;RP11-139E24.1	OTTHUMG00000041137;RP11-139E24.1
CXorf24	CXorf24
SALL2	SALL2
IDH2	IDH2
KLC4	KLC4
SEC31A	SEC31A
EMC7	EMC7
TMEM214	TMEM214
ZNF354C	ZNF354C
ACADM	ACADM
CDK2	CDK2
OTTHUMG00000020440;RP11-508N12.4;ZNF462	OTTHUMG00000020440;RP11-508N12.4;ZNF462
PJA2	PJA2
DAQB-335A13.8;HLA-F-AS1;OTTHUMG00000148889	DAQB-335A13.8;HLA-F-AS1;OTTHUMG00000148889
DAQB-335A13.8;HLA-F-AS1;OTTHUMG00000149169	DAQB-335A13.8;HLA-F-AS1;OTTHUMG00000149169
DAQB-335A13.8;HLA-F-AS1;OTTHUMG00000004786	DAQB-335A13.8;HLA-F-AS1;OTTHUMG00000004786
COIL	COIL
UBQLNL	UBQLNL
CTBS	CTBS
CLHC1	CLHC1
SYVN1	SYVN1
TFE3	TFE3
NEK9	NEK9
BHLHE40	BHLHE40
SCARNA6	SCARNA6
PGPEP1	PGPEP1
IFI16	IFI16
HIST1H4A;HIST1H4B;HIST1H4C;HIST1H4D;HIST1H4E;HIST1H4F;HIST1H4H;HIST1H4I;HIST1H4J;HIST1H4K;HIST1H4L;HIST2H4A;HIST2H4B;HIST4H4	HIST1H4A;HIST1H4B;HIST1H4C;HIST1H4D;HIST1H4E;HIST1H4F;HIST1H4H;HIST1H4I;HIST1H4J;HIST1H4K;HIST1H4L;HIST2H4A;HIST2H4B;HIST4H4
LRCH3	LRCH3
NUP210	NUP210
ELOVL5	ELOVL5
DCPS	DCPS
OR8B2;OR8B3	OR8B2;OR8B3
RALGAPA1	RALGAPA1
LOC101060373;NOMO1	LOC101060373;NOMO1
RTKN2	RTKN2
BCL6	BCL6
CCNJ	CCNJ
MKX	MKX
TACR3	TACR3
RNPEP	RNPEP
SNORD114-17	SNORD114-17
SMARCA5	SMARCA5
CYP21A1P;CYP21A2	CYP21A1P;CYP21A2
SNORD115-41	SNORD115-41
SNX7	SNX7
RFX3	RFX3
MIR4482-1	MIR4482-1
UBAP1L	UBAP1L
POMT1	POMT1
DNAJB12	DNAJB12
NPY6R	NPY6R
CLMN	CLMN
NDUFA10	NDUFA10
IL15	IL15
AC007740.1;OTTHUMG00000153947	AC007740.1;OTTHUMG00000153947
CKS1B	CKS1B
PIFO	PIFO
LOC100506710;OTTHUMG00000019910;RP11-220I1.1	LOC100506710;OTTHUMG00000019910;RP11-220I1.1
GOLGA6L5	GOLGA6L5
MED24	MED24
ZBTB12	ZBTB12
ZBTB12	ZBTB12
OTTHUMG00000160440;RP11-734I18.1	OTTHUMG00000160440;RP11-734I18.1
ZNF805	ZNF805
RUVBL1	RUVBL1
PREX2	PREX2
PSAT1P4	PSAT1P4
GDF15	GDF15
ZMYM6;ZMYM6NB	ZMYM6;ZMYM6NB
PAXIP1	PAXIP1
WDR18	WDR18
PNN	PNN
TMEM126B	TMEM126B
HNRNPU	HNRNPU
SHCBP1	SHCBP1
TMEM237	TMEM237
MAK16	MAK16
AGBL5	AGBL5
TRAPPC2L	TRAPPC2L
CYP2E1	CYP2E1
GIGYF1	GIGYF1
LSM14A	LSM14A
YAP1	YAP1
C2orf18;SLC35F6	C2orf18;SLC35F6
SLC16A4	SLC16A4
NOMO2;NOMO3	NOMO2;NOMO3
KRT8	KRT8
KIAA0513	KIAA0513
NACC1	NACC1
HLA-F-AS1	HLA-F-AS1
NRAS	NRAS
ANKS6	ANKS6
EDEM1	EDEM1
RRP15	RRP15
WEE1	WEE1
NUDT9	NUDT9
HS6ST3	HS6ST3
LRSAM1	LRSAM1
ACTL6A	ACTL6A
SEPHS1	SEPHS1
CGREF1	CGREF1
CYP21A1P;CYP21A2	CYP21A1P;CYP21A2
REC8	REC8
LRAT	LRAT
TMEM51	TMEM51
AKAP11	AKAP11
CTPS1	CTPS1
ABCA5	ABCA5
FAM173B	FAM173B
OR8G2	OR8G2
KDM3B	KDM3B
ZNF561	ZNF561
CYP21A2	CYP21A2
DLGAP5	DLGAP5
CSGALNACT2	CSGALNACT2
SCAMP3	SCAMP3
NCAPG	NCAPG
DAQB-335A13.8;HLA-F-AS1;OTTHUMG00000040513	DAQB-335A13.8;HLA-F-AS1;OTTHUMG00000040513
YTHDF2	YTHDF2
HIST1H2BJ	HIST1H2BJ
TCF3	TCF3
LOC100505715	LOC100505715
DPPA4	DPPA4
SNORA71D	SNORA71D
HS3ST5	HS3ST5
GPC5	GPC5
RTN4	RTN4
TDRD7	TDRD7
ABCA17P	ABCA17P
ZNF253	ZNF253
RPAP1	RPAP1
PTER	PTER
SLC16A10	SLC16A10
TET1	TET1
BIVM-ERCC5;ERCC5	BIVM-ERCC5;ERCC5
CTSB	CTSB
SARS2	SARS2
LOC100131320	LOC100131320
AL953854.2;OTTHUMG00000066812	AL953854.2;OTTHUMG00000066812
H2AFY2	H2AFY2
ACAA2	ACAA2
TAS2R10	TAS2R10
MEG3	MEG3
OTTHUMG00000016834;RP11-269C23.3	OTTHUMG00000016834;RP11-269C23.3
PHC3	PHC3
WDR37	WDR37
SUCLG2	SUCLG2
HDAC3	HDAC3
CTD-2152M20.2;OTTHUMG00000162178	CTD-2152M20.2;OTTHUMG00000162178
ZFP42	ZFP42
DAQB-335A13.8;HLA-F-AS1;OTTHUMG00000057543	DAQB-335A13.8;HLA-F-AS1;OTTHUMG00000057543
LINC00260	LINC00260
SNX10	SNX10
CREB3	CREB3
HNRNPM	HNRNPM
ZWINT	ZWINT
TAF13	TAF13
LOC100505679	LOC100505679
HAUS1	HAUS1
CYP21A1P;CYP21A2	CYP21A1P;CYP21A2
ZIC3	ZIC3
CYP21A2	CYP21A2
PIGL	PIGL
PPM1K	PPM1K
ULBP1	ULBP1
LOC439994;OTTHUMG00000018673;RP11-322M19.2	LOC439994;OTTHUMG00000018673;RP11-322M19.2
ARCN1	ARCN1
NUP62	NUP62
NAALADL2-AS2	NAALADL2-AS2
UBE2I	UBE2I
GAS1	GAS1
RPS2;SNORA64	RPS2;SNORA64
SMO	SMO
TMED3	TMED3
LOC100509195;OTTHUMG00000013881;RP4-565E6.1	LOC100509195;OTTHUMG00000013881;RP4-565E6.1
FADS3	FADS3
SNORD115-10	SNORD115-10
IGFBP4	IGFBP4
CRY2	CRY2
PPP1CA	PPP1CA
HCN1	HCN1
USP48	USP48
LARP7	LARP7
GOLGA6L4	GOLGA6L4
MOB1A	MOB1A
SLC16A1	SLC16A1
NUCB2	NUCB2
TOX	TOX
DCTD	DCTD
OTTHUMG00000011749;RP11-552M11.4;WDR77	OTTHUMG00000011749;RP11-552M11.4;WDR77
EYA1	EYA1
MPV17L	MPV17L
NUP50	NUP50
RP9P	RP9P
LPCAT4	LPCAT4
SNORD115-32	SNORD115-32
VPS36	VPS36
HES1	HES1
RBM11	RBM11
WDR76	WDR76
NHLRC2	NHLRC2
LAPTM4A	LAPTM4A
ZNF70	ZNF70
NUCB1	NUCB1
ELTD1	ELTD1
ATP2B3	ATP2B3
MSX1	MSX1
GABPB2	GABPB2
LSAMP;OTTHUMG00000159530;RP11-384F7.2	LSAMP;OTTHUMG00000159530;RP11-384F7.2
FAM227B	FAM227B
CNTNAP3	CNTNAP3
FBXO31	FBXO31
HERC2P2	HERC2P2
GABPB1-AS1	GABPB1-AS1
INSIG1	INSIG1
HLA-DPB1	HLA-DPB1
ZNF449	ZNF449
HIST1H3A;HIST1H3B;HIST1H3C;HIST1H3D;HIST1H3E;HIST1H3F;HIST1H3G;HIST1H3H;HIST1H3I;HIST1H3J	HIST1H3A;HIST1H3B;HIST1H3C;HIST1H3D;HIST1H3E;HIST1H3F;HIST1H3G;HIST1H3H;HIST1H3I;HIST1H3J
RSPH4A	RSPH4A
WLS	WLS
KIF20A	KIF20A
SNORD115-38	SNORD115-38
ACSS2	ACSS2
UBA6	UBA6
BTN3A3	BTN3A3
DAZAP1	DAZAP1
TRIM33	TRIM33
COMMD4	COMMD4
SRCAP	SRCAP
GOLGA1	GOLGA1
SKA3	SKA3
VASP	VASP
NAA50	NAA50
OTTHUMG00000015939;RP1-56L9.7	OTTHUMG00000015939;RP1-56L9.7
SNORD113-1	SNORD113-1
ZNF66P	ZNF66P
TMEM62	TMEM62
CYP27A1	CYP27A1
EVI5	EVI5
GBE1	GBE1
TMEM192	TMEM192
HIST2H2AB	HIST2H2AB
C1QTNF9;OTTHUMG00000016574;RP11-309I15.1;SPATA13	C1QTNF9;OTTHUMG00000016574;RP11-309I15.1;SPATA13
TNS1	TNS1
CTTNBP2	CTTNBP2
WFIKKN1	WFIKKN1
KCTD21-AS1	KCTD21-AS1
RASGRF2	RASGRF2
SNORD115-15	SNORD115-15
ZNF311	ZNF311
RIOK3	RIOK3
BZW1	BZW1
NDUFS6	NDUFS6
PPEF1	PPEF1
SNORD75	SNORD75
BPTF	BPTF
MCM7	MCM7
TMEM69	TMEM69
PDE7A	PDE7A
FCRL4	FCRL4
EMP2	EMP2
HLA-DPB1	HLA-DPB1
HLA-DPB1	HLA-DPB1
BLZF1	BLZF1
VPS26A	VPS26A
LYSMD3	LYSMD3
CHD7	CHD7
FBXO28	FBXO28
STK4	STK4
CAMK2A	CAMK2A
ZNF311	ZNF311
KIAA1551	KIAA1551
TTPAL	TTPAL
ZNF283	ZNF283
FBXL19-AS1	FBXL19-AS1
AMOTL2	AMOTL2
POLR2G	POLR2G
COMMD8	COMMD8
SLTM	SLTM
KCTD16	KCTD16
HDGF	HDGF
ELN	ELN
SMURF2	SMURF2
OR8G5	OR8G5
PTEN	PTEN
ZNF311	ZNF311
ZNF311	ZNF311
ZNF311	ZNF311
KIFAP3	KIFAP3
SLC22A18	SLC22A18
NOTCH2NL;OTTHUMG00000167702;RP11-458D21.5	NOTCH2NL;OTTHUMG00000167702;RP11-458D21.5
AC007401.2;FEZ2;OTTHUMG00000152151	AC007401.2;FEZ2;OTTHUMG00000152151
TIMM13	TIMM13
OTTHUMG00000020327;RP11-244N9.4	OTTHUMG00000020327;RP11-244N9.4
MYBL2	MYBL2
LST1	LST1
PFDN1	PFDN1
NMT2	NMT2
SAE1	SAE1
TMF1	TMF1
HNRNPK;MIR7-1	HNRNPK;MIR7-1
SNORD115-44	SNORD115-44
PAPOLG	PAPOLG
NBPF16	NBPF16
LOC100652902	LOC100652902
POLR2A	POLR2A
MIR17;MIR17HG;MIR18A;MIR18B;MIR19A;MIR19B1;MIR20A;MIR92A1	MIR17;MIR17HG;MIR18A;MIR18B;MIR19A;MIR19B1;MIR20A;MIR92A1
LYAR	LYAR
SLC38A3	SLC38A3
ADNP	ADNP
AURKAPS1;RAB3GAP2	AURKAPS1;RAB3GAP2
DDRGK1	DDRGK1
CYBA	CYBA
CASP2	CASP2
SNORA71C	SNORA71C
ADSL;OTTHUMG00000162527;RP5-1042K10.13	ADSL;OTTHUMG00000162527;RP5-1042K10.13
SLC25A6	SLC25A6
HMGN2P28	HMGN2P28
SAMHD1	SAMHD1
GINS4	GINS4
RPLP1	RPLP1
SALL1	SALL1
OTTHUMG00000033150;RGS5;RP11-267N12.3	OTTHUMG00000033150;RGS5;RP11-267N12.3
TFAP2C	TFAP2C
WDR67	WDR67
MSMO1	MSMO1
SGPP1	SGPP1
ZNF311	ZNF311
BAT1;DDX39B;OTTHUMG00000166665;SNORD84	BAT1;DDX39B;OTTHUMG00000166665;SNORD84
IGIP	IGIP
ZNF506	ZNF506
OTTHUMG00000013950;RP11-353N4.1	OTTHUMG00000013950;RP11-353N4.1
TAF9B	TAF9B
NOL11	NOL11
PFKM	PFKM
CCT3	CCT3
SPTY2D1	SPTY2D1
HIST1H4A;HIST1H4B;HIST1H4C;HIST1H4D;HIST1H4E;HIST1H4F;HIST1H4H;HIST1H4I;HIST1H4J;HIST1H4K;HIST1H4L;HIST2H4A;HIST2H4B;HIST4H4	HIST1H4A;HIST1H4B;HIST1H4C;HIST1H4D;HIST1H4E;HIST1H4F;HIST1H4H;HIST1H4I;HIST1H4J;HIST1H4K;HIST1H4L;HIST2H4A;HIST2H4B;HIST4H4
MRPL45	MRPL45
EWSR1	EWSR1
ENTPD1-AS1;OTTHUMG00000018822;RP11-429G19.2	ENTPD1-AS1;OTTHUMG00000018822;RP11-429G19.2
MPHOSPH6	MPHOSPH6
AXIN2	AXIN2
LOC400655	LOC400655
REL	REL
UNC13A	UNC13A
PCMT1	PCMT1
KCNH7	KCNH7
HLA-DPB1	HLA-DPB1
GOLGA8J;GOLGA8K	GOLGA8J;GOLGA8K
PHYHIP	PHYHIP
PPP6R3	PPP6R3
PTPRR	PTPRR
FCHSD1	FCHSD1
METRN	METRN
SNORD115-6	SNORD115-6
CDH22	CDH22
KLKP1	KLKP1
SNORD115-33	SNORD115-33
MIR4451	MIR4451
HRSP12	HRSP12
HIST2H2BF;OTTHUMG00000012090;OTTHUMG00000040891;RP11-196G18.21;RP11-196G18.3	HIST2H2BF;OTTHUMG00000012090;OTTHUMG00000040891;RP11-196G18.21;RP11-196G18.3
TMPRSS15	TMPRSS15
ARSK	ARSK
GABPB1	GABPB1
AC084018.1;LOC338799;OTTHUMG00000128905	AC084018.1;LOC338799;OTTHUMG00000128905
ASPM	ASPM
SEC13	SEC13
SNORD115-22	SNORD115-22
FAM135A	FAM135A
MYO5C	MYO5C
AHR	AHR
SNORD113-2	SNORD113-2
CLIC1	CLIC1
ZNF678	ZNF678
DPY19L1;MIR548N	DPY19L1;MIR548N
TM2D3	TM2D3
NUP88	NUP88
IL4R	IL4R
AC009404.2;OTTHUMG00000058513	AC009404.2;OTTHUMG00000058513
IGFBP2	IGFBP2
DGKI	DGKI
CCDC138	CCDC138
CDK4	CDK4
NPIPB6	NPIPB6
VRK2	VRK2
DPY19L3	DPY19L3
OAZ1	OAZ1
DTL	DTL
SNORD115-5;SNORD115-9	SNORD115-5;SNORD115-9
SNORD115-12;SNORD115-9	SNORD115-12;SNORD115-9
SNORD115-12;SNORD115-9	SNORD115-12;SNORD115-9
SNORD115-11;SNORD115-29;SNORD115-36;SNORD115-43	SNORD115-11;SNORD115-29;SNORD115-36;SNORD115-43
SNORD115-11;SNORD115-29;SNORD115-36;SNORD115-43	SNORD115-11;SNORD115-29;SNORD115-36;SNORD115-43
SNORD115-11;SNORD115-29;SNORD115-36;SNORD115-43	SNORD115-11;SNORD115-29;SNORD115-36;SNORD115-43
SNORD115-11;SNORD115-29;SNORD115-36;SNORD115-43	SNORD115-11;SNORD115-29;SNORD115-36;SNORD115-43
DPAGT1	DPAGT1
POTEA	POTEA
MRPL1	MRPL1
LNX2	LNX2
C10orf118;MIR2110	C10orf118;MIR2110
ITSN2	ITSN2
NUCKS1	NUCKS1
ARHGEF39	ARHGEF39
SCN3B	SCN3B
ANP32E	ANP32E
LOC389906;OTTHUMG00000067412;RP11-706O15.1	LOC389906;OTTHUMG00000067412;RP11-706O15.1
TIMELESS	TIMELESS
SNORD115-42	SNORD115-42
PMEL	PMEL
TPM4	TPM4
H3F3A;H3F3AP4;H3F3B	H3F3A;H3F3AP4;H3F3B
TARSL2	TARSL2
HLA-DPB1	HLA-DPB1
HLA-DPB1	HLA-DPB1
ILF2	ILF2
TGIF2	TGIF2
PBLD	PBLD
CEP55	CEP55
SEC16A	SEC16A
PNPT1	PNPT1
CD274	CD274
SNORD115-37	SNORD115-37
PLP2	PLP2
SPTLC2	SPTLC2
STXBP4	STXBP4
ZIC1	ZIC1
GOLGA8R	GOLGA8R
HERPUD1	HERPUD1
ZNF311	ZNF311
SKP2	SKP2
AC034220.3;LOC553103;OTTHUMG00000059646	AC034220.3;LOC553103;OTTHUMG00000059646
UBE2R2	UBE2R2
LMNB2	LMNB2
CLIC1	CLIC1
CLIC1	CLIC1
CLIC1	CLIC1
CCNA2	CCNA2
ZNF333	ZNF333
CASC5	CASC5
LOC729609	LOC729609
CHMP5	CHMP5
BRPF3	BRPF3
HNRNPAB	HNRNPAB
EPB41L2	EPB41L2
SLC35A2	SLC35A2
OPRM1	OPRM1
DBN1	DBN1
OTTHUMG00000161299;RP11-9G1.3	OTTHUMG00000161299;RP11-9G1.3
CDCA7L	CDCA7L
IMMP2L	IMMP2L
TRIP13	TRIP13
GOLGA8T;LOC100288601;LOC653720	GOLGA8T;LOC100288601;LOC653720
GNPTAB	GNPTAB
RAB8A	RAB8A
JMY	JMY
IMPAD1	IMPAD1
SNORD115-40	SNORD115-40
GOLGA8R	GOLGA8R
GOLGA8J	GOLGA8J
RCN3	RCN3
CLIC1	CLIC1
CLIC1	CLIC1
CTD-2201E9.2;OTTHUMG00000161717	CTD-2201E9.2;OTTHUMG00000161717
SCRG1	SCRG1
SKA1	SKA1
SCARB2	SCARB2
SNORD115-16	SNORD115-16
OTTHUMG00000015989;RP11-252P19.2	OTTHUMG00000015989;RP11-252P19.2
OTTHUMG00000020776;OTTHUMG00000020777;RP11-344B5.3;RP11-344B5.4	OTTHUMG00000020776;OTTHUMG00000020777;RP11-344B5.3;RP11-344B5.4
LOC100288842;OTTHUMG00000020574;RP11-27I1.4	LOC100288842;OTTHUMG00000020574;RP11-27I1.4
EXO1	EXO1
CYB561D2	CYB561D2
ZBTB40	ZBTB40
SNCB	SNCB
FAM110B	FAM110B
PLEKHA3	PLEKHA3
GK5	GK5
LRRN1	LRRN1
PSMC3IP	PSMC3IP
MND1	MND1
BRCA1	BRCA1
TCEA3	TCEA3
MTIF2	MTIF2
RPL41P2	RPL41P2
ZBTB12	ZBTB12
FANCM	FANCM
LOC286437	LOC286437
ZNF695	ZNF695
BLM	BLM
SLC31A1	SLC31A1
CLN6	CLN6
SNORD115-15;SNORD115-20;SNORD115-21;SNORD115-34	SNORD115-15;SNORD115-20;SNORD115-21;SNORD115-34
DUSP14	DUSP14
NOS1AP	NOS1AP
RSU1P1	RSU1P1
GOLGA8Q	GOLGA8Q
ALDH9A1	ALDH9A1
PLAU	PLAU
PDLIM3	PDLIM3
C9orf72	C9orf72
CSPP1	CSPP1
PER3	PER3
SNORD115-1	SNORD115-1
LBR	LBR
LAMTOR1	LAMTOR1
MIR548O2	MIR548O2
KLHL13	KLHL13
CTSH	CTSH
IL13RA1	IL13RA1
TRIM59	TRIM59
ZNF788	ZNF788
LIPA;LOC100507575	LIPA;LOC100507575
KLHL23;PHOSPHO2-KLHL23	KLHL23;PHOSPHO2-KLHL23
TOMM34	TOMM34
A-575C2.4;LOC728734;NPIPB6	A-575C2.4;LOC728734;NPIPB6
CEP89	CEP89
DNM1P41	DNM1P41
HMGA1;HMGA1P8	HMGA1;HMGA1P8
EAF2	EAF2
RNF141	RNF141
AASDH	AASDH
ATP6V1G2-DDX39B;BAT1;DDX39B;OTTHUMG00000148789	ATP6V1G2-DDX39B;BAT1;DDX39B;OTTHUMG00000148789
RBM15B	RBM15B
DKFZP667F0711	DKFZP667F0711
CENPN	CENPN
KB-1183D5.11;LOC642633;OTTHUMG00000150782	KB-1183D5.11;LOC642633;OTTHUMG00000150782
SSB	SSB
LOC100996400;NOL4	LOC100996400;NOL4
GOSR2	GOSR2
DNM3	DNM3
GOLGA8O	GOLGA8O
CENPI	CENPI
AC008079.9;LOC100652750;OTTHUMG00000150103	AC008079.9;LOC100652750;OTTHUMG00000150103
MEX3C	MEX3C
IQGAP3	IQGAP3
RAB24	RAB24
ATAD1	ATAD1
SLC4A10	SLC4A10
AC018804.3;OTTHUMG00000153626	AC018804.3;OTTHUMG00000153626
LOC100505519;SCAF8;TIAM2	LOC100505519;SCAF8;TIAM2
RPS11;SNORD35B	RPS11;SNORD35B
BRIP1	BRIP1
NIPAL3	NIPAL3
YIPF4	YIPF4
AKR7A2	AKR7A2
ARMC3	ARMC3
LINC00086	LINC00086
ITFG1;RNA5SP424	ITFG1;RNA5SP424
GEMIN4	GEMIN4
COG5	COG5
CNDP2	CNDP2
DDX39B;SNORD84	DDX39B;SNORD84
MFN1	MFN1
CNKSR2	CNKSR2
ZNF830	ZNF830
CACNA2D1	CACNA2D1
PLCH1	PLCH1
CLIC1	CLIC1
VPS37A	VPS37A
FUZ	FUZ
LRRC4	LRRC4
DET1	DET1
NBPF11;NBPF24	NBPF11;NBPF24
C11orf58	C11orf58
NEIL3	NEIL3
LOC100506948;PAR4;SNHG14;SNORD107;SNORD115-13;SNORD115-23;SNORD115-26;SNORD115-7;SNORD116-28	LOC100506948;PAR4;SNHG14;SNORD107;SNORD115-13;SNORD115-23;SNORD115-26;SNORD115-7;SNORD116-28
PAICS	PAICS
LOC100508408;RPS13;SNORD14B	LOC100508408;RPS13;SNORD14B
ROCK1	ROCK1
JAK2	JAK2
NBPF15;NBPF16	NBPF15;NBPF16
NFYC	NFYC
SEC23A	SEC23A
USP13	USP13
NSL1	NSL1
CDHR1	CDHR1
KCNC4	KCNC4
ISPD	ISPD
GOLGA8I	GOLGA8I
OLA1	OLA1
HIST1H1C	HIST1H1C
ELL3	ELL3
WDR35	WDR35
GTDC2	GTDC2
EMC6	EMC6
OTTHUMG00000014256;RP11-716O23.1	OTTHUMG00000014256;RP11-716O23.1
POLQ	POLQ
SCP2	SCP2
TMEM59L	TMEM59L
GPATCH2	GPATCH2
TCN2	TCN2
STYXL1	STYXL1
RHCE	RHCE
TDG	TDG
UBR1	UBR1
HNRNPC;LOC100652761;LOC100653343	HNRNPC;LOC100652761;LOC100653343
FLVCR2	FLVCR2
LINC00682	LINC00682
ZNF281	ZNF281
CECR2	CECR2
DBX1	DBX1
NUF2	NUF2
RNA5SP259	RNA5SP259
WDPCP	WDPCP
LOC100996253;NCL	LOC100996253;NCL
ATP5C1	ATP5C1
ZNF286A	ZNF286A
KLF7	KLF7
ATAD5	ATAD5
PDCL3	PDCL3
ME3	ME3
PSMB3	PSMB3
SEMA3F	SEMA3F
MESDC2	MESDC2
LOC100653178;LOC101060202;LOC101060684;NBPF3	LOC100653178;LOC101060202;LOC101060684;NBPF3
MIR3714;PLCL2	MIR3714;PLCL2
CAMTA1	CAMTA1
PTP4A3	PTP4A3
GEMIN7	GEMIN7
C9orf91	C9orf91
CXorf22	CXorf22
SNORD115-21	SNORD115-21
EMC10	EMC10
AC103965.1;LOC388152;LOC642423;OTTHUMG00000133525	AC103965.1;LOC388152;LOC642423;OTTHUMG00000133525
DNAJC3	DNAJC3
DNAJC6	DNAJC6
RNU86;RPL3;SNORD43;SNORD83B	RNU86;RPL3;SNORD43;SNORD83B
ATG9A	ATG9A
RPL29	RPL29
MCEE	MCEE
HTRA1	HTRA1
FABP5;LOC101060453	FABP5;LOC101060453
C1orf162	C1orf162
PSPH	PSPH
MX1	MX1
AURKB	AURKB
TNPO1	TNPO1
PCYT1B	PCYT1B
TLE4	TLE4
REPS2	REPS2
CDCA4	CDCA4
TMEM88	TMEM88
HMGN2P11	HMGN2P11
PDE3B	PDE3B
ZNF507	ZNF507
XRCC5	XRCC5
NBPF11;NBPF24	NBPF11;NBPF24
THADA	THADA
BCYRN1	BCYRN1
SEC61G	SEC61G
SNORD114-21	SNORD114-21
PHF1	PHF1
TTI1	TTI1
TYMS	TYMS
RNGTT	RNGTT
CFL1P1	CFL1P1
PCSK1N	PCSK1N
OSBPL5	OSBPL5
C4orf33	C4orf33
DDAH2	DDAH2
DDAH2	DDAH2
DDAH2	DDAH2
DDAH2	DDAH2
DDAH2	DDAH2
PMM2	PMM2
DHCR7	DHCR7
PHF1	PHF1
SOX21-AS1	SOX21-AS1
CDR2	CDR2
CENPO	CENPO
PBK	PBK
CCDC82	CCDC82
SYNJ1	SYNJ1
VDAC3	VDAC3
NOL10	NOL10
XRN2	XRN2
E2F3	E2F3
TOP1	TOP1
ZNF254	ZNF254
GOLGB1	GOLGB1
NADK2;NADKD1	NADK2;NADKD1
SLC25A28	SLC25A28
EXOSC2	EXOSC2
IL31RA	IL31RA
ARHGAP11A	ARHGAP11A
DDAH2	DDAH2
WDR25	WDR25
SCYL3	SCYL3
SLC6A9	SLC6A9
NPIPL1	NPIPL1
SNX6	SNX6
RAB27B	RAB27B
NCAPG2	NCAPG2
BCCIP	BCCIP
PURG	PURG
UBA3	UBA3
FGGY	FGGY
CNTN6	CNTN6
RAB25	RAB25
OCIAD1	OCIAD1
CEP78	CEP78
H2AFV	H2AFV
LOC101060449;NPIPB8;NPIPB9	LOC101060449;NPIPB8;NPIPB9
MIR217	MIR217
RAD23B	RAD23B
PLA2G4C	PLA2G4C
MRPS7	MRPS7
CDC45	CDC45
SEC24D	SEC24D
ARHGAP8;PRR5;PRR5-ARHGAP8	ARHGAP8;PRR5;PRR5-ARHGAP8
UBE2D1	UBE2D1
CYP51A1	CYP51A1
PTBP2	PTBP2
PITRM1	PITRM1
VPS53	VPS53
RAD51C	RAD51C
DDAH2	DDAH2
CYP21A1P;CYP21A2	CYP21A1P;CYP21A2
HDGFRP2	HDGFRP2
C14orf28	C14orf28
ISG20L2	ISG20L2
UBE2C	UBE2C
HEATR5A	HEATR5A
CCNB2	CCNB2
KCTD5	KCTD5
SGOL2	SGOL2
FXYD2;FXYD6;FXYD6-FXYD2	FXYD2;FXYD6;FXYD6-FXYD2
MCM10	MCM10
LRP11	LRP11
RANBP3	RANBP3
OTTHUMG00000020214;RP11-100G15.10	OTTHUMG00000020214;RP11-100G15.10
AC092635.1;OTTHUMG00000151714	AC092635.1;OTTHUMG00000151714
CTD-2001E22.2;LOC100505806;OTTHUMG00000161753	CTD-2001E22.2;LOC100505806;OTTHUMG00000161753
PTPRF	PTPRF
ZNF85	ZNF85
DSG2	DSG2
DNAJB9	DNAJB9
BLOC1S5	BLOC1S5
TCERG1L	TCERG1L
PLEKHG2	PLEKHG2
C3orf17	C3orf17
KIF22	KIF22
THOC6	THOC6
ELP2	ELP2
POU3F2	POU3F2
MAT2B	MAT2B
KRT19	KRT19
NSMCE1	NSMCE1
RAB1A	RAB1A
LOC100996724;LOC100996761;LOC101060291;LOC101060344;LOC101060353;LOC101060463;LOC101060582;LOC653513;LOC728802;PDE4DIP	LOC100996724;LOC100996761;LOC101060291;LOC101060344;LOC101060353;LOC101060463;LOC101060582;LOC653513;LOC728802;PDE4DIP
AGRN;OTTHUMG00000040780;RP11-54O7.14	AGRN;OTTHUMG00000040780;RP11-54O7.14
HNRNPA1;HNRNPA1L2;HNRNPA1P10	HNRNPA1;HNRNPA1L2;HNRNPA1P10
FLRT1	FLRT1
SNORD114-22	SNORD114-22
C2	C2
SNORD114-12	SNORD114-12
TACC3	TACC3
ELOVL2	ELOVL2
GPRC5B	GPRC5B
MRPS25	MRPS25
ZRANB3	ZRANB3
AVEN	AVEN
LPHN2	LPHN2
MCL1	MCL1
MIR216B	MIR216B
CUZD1	CUZD1
C2	C2
CYP21A1P;CYP21A2	CYP21A1P;CYP21A2
POLR3D	POLR3D
GOLGA6L10	GOLGA6L10
MAX	MAX
INPP5A	INPP5A
UBE3B	UBE3B
LOC101060460;POLR3C	LOC101060460;POLR3C
IFT74	IFT74
UTP20	UTP20
SNX14	SNX14
CYP21A2	CYP21A2
WDR1	WDR1
SMARCA4	SMARCA4
SEC63	SEC63
NBPF8;NBPF9	NBPF8;NBPF9
KIF23	KIF23
LOC100996517;SEC22B	LOC100996517;SEC22B
USP44	USP44
KIF11	KIF11
SYNE2	SYNE2
AC003991.3;OTTHUMG00000153895	AC003991.3;OTTHUMG00000153895
TEX2	TEX2
MIR873	MIR873
AASS	AASS
HEXIM1	HEXIM1
HNMT	HNMT
FAM126B	FAM126B
LINC00669	LINC00669
ZNF101	ZNF101
HERC4	HERC4
GLT8D1	GLT8D1
SNORD97	SNORD97
BMP5	BMP5
CEP72	CEP72
NRM	NRM
NRM	NRM
NRM	NRM
NRM	NRM
NRM	NRM
NRM	NRM
NRM	NRM
AC005593.1;FNIP1;OTTHUMG00000162684	AC005593.1;FNIP1;OTTHUMG00000162684
C11orf82	C11orf82
PDE8A	PDE8A
C2	C2
C2	C2
LARGE;OTTHUMG00000150004;RP1-302D9.4	LARGE;OTTHUMG00000150004;RP1-302D9.4
RUNX2	RUNX2
JAZF1	JAZF1
C10orf114	C10orf114
SNRPD1	SNRPD1
LINC00356	LINC00356
NPY5R	NPY5R
SNORD114-20	SNORD114-20
C1QBP	C1QBP
ZSCAN29	ZSCAN29
RPP30	RPP30
SETD5	SETD5
HJURP	HJURP
LINC00577	LINC00577
PI4KA	PI4KA
DEPDC4	DEPDC4
MBD6	MBD6
SIAE	SIAE
TMEM39B	TMEM39B
POLDIP3	POLDIP3
POTEM	POTEM
C2	C2
CENPV	CENPV
CCDC91	CCDC91
ZNRF2	ZNRF2
MYLK3	MYLK3
DCN	DCN
ZNF503	ZNF503
NCAPH	NCAPH
RPL39;SNORA69	RPL39;SNORA69
ADCYAP1	ADCYAP1
RPUSD4	RPUSD4
CBS	CBS
CDK1	CDK1
NME7	NME7
MDGA2	MDGA2
PATZ1	PATZ1
PPFIA3	PPFIA3
PLK1	PLK1
ZNF460	ZNF460
FYN	FYN
ZNF841	ZNF841
ALG8	ALG8
SNRK	SNRK
SNORD113-6	SNORD113-6
LINC00657	LINC00657
TIAM1	TIAM1
C10orf68;CCDC7	C10orf68;CCDC7
MYRF	MYRF
RSU1P2	RSU1P2
COPG2	COPG2
LTBP2	LTBP2
SRFBP1	SRFBP1
NEDD1	NEDD1
RBM38	RBM38
MUC16	MUC16
RNA5S1;RNA5S10;RNA5S11;RNA5S12;RNA5S13;RNA5S14;RNA5S15;RNA5S16;RNA5S17;RNA5S2;RNA5S3;RNA5S4;RNA5S5;RNA5S6;RNA5S7;RNA5S8	RNA5S1;RNA5S10;RNA5S11;RNA5S12;RNA5S13;RNA5S14;RNA5S15;RNA5S16;RNA5S17;RNA5S2;RNA5S3;RNA5S4;RNA5S5;RNA5S6;RNA5S7;RNA5S8
RNA5S1;RNA5S10;RNA5S11;RNA5S12;RNA5S13;RNA5S14;RNA5S15;RNA5S16;RNA5S17;RNA5S2;RNA5S3;RNA5S4;RNA5S5;RNA5S6;RNA5S7;RNA5S8	RNA5S1;RNA5S10;RNA5S11;RNA5S12;RNA5S13;RNA5S14;RNA5S15;RNA5S16;RNA5S17;RNA5S2;RNA5S3;RNA5S4;RNA5S5;RNA5S6;RNA5S7;RNA5S8
RNA5S1;RNA5S10;RNA5S11;RNA5S12;RNA5S13;RNA5S14;RNA5S15;RNA5S16;RNA5S17;RNA5S2;RNA5S3;RNA5S4;RNA5S5;RNA5S6;RNA5S7;RNA5S8	RNA5S1;RNA5S10;RNA5S11;RNA5S12;RNA5S13;RNA5S14;RNA5S15;RNA5S16;RNA5S17;RNA5S2;RNA5S3;RNA5S4;RNA5S5;RNA5S6;RNA5S7;RNA5S8
RNA5S1;RNA5S10;RNA5S11;RNA5S12;RNA5S13;RNA5S14;RNA5S15;RNA5S16;RNA5S17;RNA5S2;RNA5S3;RNA5S4;RNA5S5;RNA5S6;RNA5S7;RNA5S8	RNA5S1;RNA5S10;RNA5S11;RNA5S12;RNA5S13;RNA5S14;RNA5S15;RNA5S16;RNA5S17;RNA5S2;RNA5S3;RNA5S4;RNA5S5;RNA5S6;RNA5S7;RNA5S8
RNA5S1;RNA5S10;RNA5S11;RNA5S12;RNA5S13;RNA5S14;RNA5S15;RNA5S16;RNA5S17;RNA5S2;RNA5S3;RNA5S4;RNA5S5;RNA5S6;RNA5S7;RNA5S8	RNA5S1;RNA5S10;RNA5S11;RNA5S12;RNA5S13;RNA5S14;RNA5S15;RNA5S16;RNA5S17;RNA5S2;RNA5S3;RNA5S4;RNA5S5;RNA5S6;RNA5S7;RNA5S8
RNA5S1;RNA5S10;RNA5S11;RNA5S12;RNA5S13;RNA5S14;RNA5S15;RNA5S16;RNA5S17;RNA5S2;RNA5S3;RNA5S4;RNA5S5;RNA5S6;RNA5S7;RNA5S8	RNA5S1;RNA5S10;RNA5S11;RNA5S12;RNA5S13;RNA5S14;RNA5S15;RNA5S16;RNA5S17;RNA5S2;RNA5S3;RNA5S4;RNA5S5;RNA5S6;RNA5S7;RNA5S8
RNA5S1;RNA5S10;RNA5S11;RNA5S12;RNA5S13;RNA5S14;RNA5S15;RNA5S16;RNA5S17;RNA5S2;RNA5S3;RNA5S4;RNA5S5;RNA5S6;RNA5S7;RNA5S8	RNA5S1;RNA5S10;RNA5S11;RNA5S12;RNA5S13;RNA5S14;RNA5S15;RNA5S16;RNA5S17;RNA5S2;RNA5S3;RNA5S4;RNA5S5;RNA5S6;RNA5S7;RNA5S8
RNA5S1;RNA5S10;RNA5S11;RNA5S12;RNA5S13;RNA5S14;RNA5S15;RNA5S16;RNA5S17;RNA5S2;RNA5S3;RNA5S4;RNA5S5;RNA5S6;RNA5S7;RNA5S8	RNA5S1;RNA5S10;RNA5S11;RNA5S12;RNA5S13;RNA5S14;RNA5S15;RNA5S16;RNA5S17;RNA5S2;RNA5S3;RNA5S4;RNA5S5;RNA5S6;RNA5S7;RNA5S8
RNA5S1;RNA5S10;RNA5S11;RNA5S12;RNA5S13;RNA5S14;RNA5S15;RNA5S16;RNA5S17;RNA5S2;RNA5S3;RNA5S4;RNA5S5;RNA5S6;RNA5S7;RNA5S8	RNA5S1;RNA5S10;RNA5S11;RNA5S12;RNA5S13;RNA5S14;RNA5S15;RNA5S16;RNA5S17;RNA5S2;RNA5S3;RNA5S4;RNA5S5;RNA5S6;RNA5S7;RNA5S8
RNA5S1;RNA5S10;RNA5S11;RNA5S12;RNA5S13;RNA5S14;RNA5S15;RNA5S16;RNA5S17;RNA5S2;RNA5S3;RNA5S4;RNA5S5;RNA5S6;RNA5S7;RNA5S8	RNA5S1;RNA5S10;RNA5S11;RNA5S12;RNA5S13;RNA5S14;RNA5S15;RNA5S16;RNA5S17;RNA5S2;RNA5S3;RNA5S4;RNA5S5;RNA5S6;RNA5S7;RNA5S8
RNA5S1;RNA5S10;RNA5S11;RNA5S12;RNA5S13;RNA5S14;RNA5S15;RNA5S16;RNA5S17;RNA5S2;RNA5S3;RNA5S4;RNA5S5;RNA5S6;RNA5S7;RNA5S8	RNA5S1;RNA5S10;RNA5S11;RNA5S12;RNA5S13;RNA5S14;RNA5S15;RNA5S16;RNA5S17;RNA5S2;RNA5S3;RNA5S4;RNA5S5;RNA5S6;RNA5S7;RNA5S8
RNA5S1;RNA5S10;RNA5S11;RNA5S12;RNA5S13;RNA5S14;RNA5S15;RNA5S16;RNA5S17;RNA5S2;RNA5S3;RNA5S4;RNA5S5;RNA5S6;RNA5S7;RNA5S8	RNA5S1;RNA5S10;RNA5S11;RNA5S12;RNA5S13;RNA5S14;RNA5S15;RNA5S16;RNA5S17;RNA5S2;RNA5S3;RNA5S4;RNA5S5;RNA5S6;RNA5S7;RNA5S8
RNA5S1;RNA5S10;RNA5S11;RNA5S12;RNA5S13;RNA5S14;RNA5S15;RNA5S16;RNA5S17;RNA5S2;RNA5S3;RNA5S4;RNA5S5;RNA5S6;RNA5S7;RNA5S8	RNA5S1;RNA5S10;RNA5S11;RNA5S12;RNA5S13;RNA5S14;RNA5S15;RNA5S16;RNA5S17;RNA5S2;RNA5S3;RNA5S4;RNA5S5;RNA5S6;RNA5S7;RNA5S8
RNA5S1;RNA5S10;RNA5S11;RNA5S12;RNA5S13;RNA5S14;RNA5S15;RNA5S16;RNA5S17;RNA5S2;RNA5S3;RNA5S4;RNA5S5;RNA5S6;RNA5S7;RNA5S8	RNA5S1;RNA5S10;RNA5S11;RNA5S12;RNA5S13;RNA5S14;RNA5S15;RNA5S16;RNA5S17;RNA5S2;RNA5S3;RNA5S4;RNA5S5;RNA5S6;RNA5S7;RNA5S8
RNA5S1;RNA5S10;RNA5S11;RNA5S12;RNA5S13;RNA5S14;RNA5S15;RNA5S16;RNA5S17;RNA5S2;RNA5S3;RNA5S4;RNA5S5;RNA5S6;RNA5S7;RNA5S8	RNA5S1;RNA5S10;RNA5S11;RNA5S12;RNA5S13;RNA5S14;RNA5S15;RNA5S16;RNA5S17;RNA5S2;RNA5S3;RNA5S4;RNA5S5;RNA5S6;RNA5S7;RNA5S8
RNA5S1;RNA5S10;RNA5S11;RNA5S12;RNA5S13;RNA5S14;RNA5S15;RNA5S16;RNA5S17;RNA5S2;RNA5S3;RNA5S4;RNA5S5;RNA5S6;RNA5S7;RNA5S8	RNA5S1;RNA5S10;RNA5S11;RNA5S12;RNA5S13;RNA5S14;RNA5S15;RNA5S16;RNA5S17;RNA5S2;RNA5S3;RNA5S4;RNA5S5;RNA5S6;RNA5S7;RNA5S8
AP001056.1;OTTHUMG00000086912	AP001056.1;OTTHUMG00000086912
PDE12	PDE12
HCN3	HCN3
CCDC97	CCDC97
AKIRIN1	AKIRIN1
DHX35	DHX35
ZNF426	ZNF426
IMP3	IMP3
IRAK2	IRAK2
OTTHUMG00000161598;RP11-22A3.2	OTTHUMG00000161598;RP11-22A3.2
EEF1DP3	EEF1DP3
RNF144A-AS1	RNF144A-AS1
CLYBL	CLYBL
HNRNPL	HNRNPL
TNKS1BP1	TNKS1BP1
RPS7	RPS7
FBL	FBL
CD47	CD47
FAM22E;LOC642361	FAM22E;LOC642361
CYP26B1	CYP26B1
EXOSC9	EXOSC9
C2	C2
HCG27	HCG27
TIMM10	TIMM10
MKRN2	MKRN2
N4BP2L1	N4BP2L1
SIPA1L1	SIPA1L1
ELOVL4	ELOVL4
BAT1;DDX39B;OTTHUMG00000031447;SNORD84	BAT1;DDX39B;OTTHUMG00000031447;SNORD84
GABRA5	GABRA5
HIPK3	HIPK3
NBPF8P;OTTHUMG00000182425;RP11-640M9.2	NBPF8P;OTTHUMG00000182425;RP11-640M9.2
XRCC6	XRCC6
MFHAS1	MFHAS1
DNAJC11	DNAJC11
VPS35	VPS35
USP6NL;USP6NL-IT1	USP6NL;USP6NL-IT1
CNIH3	CNIH3
TAF2	TAF2
PARVA	PARVA
BLID	BLID
RPL12	RPL12
HMBS	HMBS
TOX3	TOX3
ASUN	ASUN
DNAJC25;DNAJC25-GNG10;GNG10	DNAJC25;DNAJC25-GNG10;GNG10
SLC26A2	SLC26A2
TRAF6	TRAF6
MAGI2-AS3	MAGI2-AS3
RYR1	RYR1
RHPN2	RHPN2
ERC1	ERC1
SHKBP1	SHKBP1
ANKRD44-IT1	ANKRD44-IT1
CENPF	CENPF
CENPH	CENPH
CDC42-IT1	CDC42-IT1
POLR1A	POLR1A
PXK	PXK
H3F3C	H3F3C
CTA-286B10.7;MCM5;OTTHUMG00000151148	CTA-286B10.7;MCM5;OTTHUMG00000151148
PRDM5	PRDM5
POFUT2	POFUT2
COPA	COPA
NUP155	NUP155
RPL30	RPL30
PEX5L	PEX5L
IKZF5	IKZF5
HTR4	HTR4
RSU1	RSU1
STON2	STON2
PCYOX1	PCYOX1
SYPL2	SYPL2
OTTHUMG00000164861;RP11-152P17.2	OTTHUMG00000164861;RP11-152P17.2
NTNG1	NTNG1
ZNF100;ZNF626	ZNF100;ZNF626
IFT20	IFT20
GPR180	GPR180
STAP2	STAP2
S100A11	S100A11
SYN2	SYN2
REEP5	REEP5
ARHGAP11B	ARHGAP11B
KHSRP;MIR3940	KHSRP;MIR3940
HIST1H2BC;HIST1H2BE;HIST1H2BF;HIST1H2BG;HIST1H2BI	HIST1H2BC;HIST1H2BE;HIST1H2BF;HIST1H2BG;HIST1H2BI
CROT	CROT
PEX19	PEX19
ZNF833P	ZNF833P
PARP11	PARP11
ZNF107	ZNF107
MNF1	MNF1
SLC29A2	SLC29A2
RLIM	RLIM
ZNF180	ZNF180
ODC1	ODC1
CPS1	CPS1
CALU	CALU
MILR1	MILR1
CMAHP	CMAHP
KIF14	KIF14
CCNB1	CCNB1
IGSF3	IGSF3
PPARGC1A	PPARGC1A
TSEN15	TSEN15
BAT1;DDX39B;OTTHUMG00000149942;SNORD84	BAT1;DDX39B;OTTHUMG00000149942;SNORD84
TMEM254	TMEM254
IRS2	IRS2
ATP6V0A1	ATP6V0A1
SNORA76	SNORA76
FAM161B	FAM161B
RAD51AP1	RAD51AP1
FAM91A1	FAM91A1
BUB1B;PAK6	BUB1B;PAK6
LOX	LOX
DERA	DERA
ZNF674	ZNF674
FAM18B1;TVP23B	FAM18B1;TVP23B
ARID3A	ARID3A
RBM23	RBM23
WHAMM	WHAMM
MOAP1	MOAP1
BCL9;LOC101060700	BCL9;LOC101060700
KIF2C	KIF2C
PHIP	PHIP
PHTF1	PHTF1
ARL10	ARL10
CES3	CES3
C5orf56	C5orf56
HMGB2	HMGB2
MARC2	MARC2
LOC101059961;OTTHUMG00000158074;WI2-3658N16.1	LOC101059961;OTTHUMG00000158074;WI2-3658N16.1
ZNF41	ZNF41
GEMIN5	GEMIN5
PROM1	PROM1
TRIM7	TRIM7
MSI2	MSI2
ATP5H	ATP5H
ARFGEF2	ARFGEF2
DHDDS	DHDDS
MIR1469;NR2F2	MIR1469;NR2F2
ZNF124	ZNF124
SLC25A5	SLC25A5
NCOA7	NCOA7
OTTHUMG00000019222;RP11-298J20.4;ZRANB1	OTTHUMG00000019222;RP11-298J20.4;ZRANB1
NSUN3;OTTHUMG00000159026;RP13-503K1.4	NSUN3;OTTHUMG00000159026;RP13-503K1.4
WARS2	WARS2
PLD2	PLD2
PSIP1	PSIP1
CRIPT	CRIPT
NDUFS1	NDUFS1
BTBD2	BTBD2
RIMS2	RIMS2
FUS	FUS
CYP4F31P;LOC440910	CYP4F31P;LOC440910
CNTNAP3;CNTNAP3B	CNTNAP3;CNTNAP3B
PRDM10	PRDM10
MTA2	MTA2
DNMT3A	DNMT3A
AP001136.2;OTTHUMG00000078120	AP001136.2;OTTHUMG00000078120
TRMT10A	TRMT10A
FBXO32	FBXO32
SIN3A	SIN3A
PPP1R8	PPP1R8
NBPF14	NBPF14
LRGUK	LRGUK
ANO6	ANO6
SNX5	SNX5
WWOX	WWOX
CHST7	CHST7
RNA5SP129	RNA5SP129
PRRC2A	PRRC2A
BAT1;DDX39B;OTTHUMG00000149014;SNORD84	BAT1;DDX39B;OTTHUMG00000149014;SNORD84
TICRR	TICRR
NCDN	NCDN
MIR3198-1	MIR3198-1
RPS15	RPS15
SERTM1	SERTM1
PDZD8	PDZD8
LOC101060541;RBM8A	LOC101060541;RBM8A
ITPA	ITPA
FAM134C	FAM134C
RWDD3	RWDD3
SNORD114-28	SNORD114-28
GBA2	GBA2
FGF10	FGF10
MPP6	MPP6
PVRL3	PVRL3
NPIPA2;NPIPA3;NPIPA5	NPIPA2;NPIPA3;NPIPA5
AC007566.10;OTTHUMG00000155862	AC007566.10;OTTHUMG00000155862
BAT2;OTTHUMG00000149283;PRRC2A	BAT2;OTTHUMG00000149283;PRRC2A
TOP2A	TOP2A
BAT1;DDX39B;OTTHUMG00000149528;SNORD84	BAT1;DDX39B;OTTHUMG00000149528;SNORD84
PROSER1	PROSER1
HYDIN2;LOC101059961;NBPF12	HYDIN2;LOC101059961;NBPF12
MBTPS2	MBTPS2
HNRNPUL1	HNRNPUL1
BAT1;DDX39B;OTTHUMG00000149295;SNORD84	BAT1;DDX39B;OTTHUMG00000149295;SNORD84
AC083884.8;OTTHUMG00000156239	AC083884.8;OTTHUMG00000156239
NUS1	NUS1
DHRS12	DHRS12
RPS17;RPS17L	RPS17;RPS17L
RPS17;RPS17L	RPS17;RPS17L
DKC1;MIR644B;SNORA36A;SNORA56	DKC1;MIR644B;SNORA36A;SNORA56
C9orf114	C9orf114
SGOL1	SGOL1
CHEK1	CHEK1
MICB	MICB
ANKIB1	ANKIB1
FLAD1	FLAD1
SCNN1A	SCNN1A
ZNF3	ZNF3
HUS1	HUS1
EIF4A1;SNORA48;SNORA67;SNORD10	EIF4A1;SNORA48;SNORA67;SNORD10
ARL5B	ARL5B
MCCC2	MCCC2
MIR29A	MIR29A
PCDH10	PCDH10
CDC20	CDC20
OTTHUMG00000163407;RP11-1277A3.1	OTTHUMG00000163407;RP11-1277A3.1
CTBP2	CTBP2
EML5	EML5
BAT2;OTTHUMG00000149514;PRRC2A	BAT2;OTTHUMG00000149514;PRRC2A
RNASEH2A	RNASEH2A
DDX5;MIR3064;MIR5047	DDX5;MIR3064;MIR5047
ZBTB2	ZBTB2
MYO9A	MYO9A
GCKR	GCKR
AAK1	AAK1
UBE2E1	UBE2E1
MCM2	MCM2
CXorf30	CXorf30
RNF34	RNF34
BCAT1	BCAT1
DEPDC1	DEPDC1
C18orf54	C18orf54
RPS14	RPS14
NSDHL	NSDHL
DAXX	DAXX
AGPAT6	AGPAT6
RPL31	RPL31
PHTF2	PHTF2
GOLGA8M	GOLGA8M
SLC47A1	SLC47A1
CAPRIN1	CAPRIN1
NCAPD2	NCAPD2
SH3BGRL3	SH3BGRL3
GDPD4	GDPD4
CKAP2L	CKAP2L
KIF4A	KIF4A
MGC21881	MGC21881
MYB	MYB
STAT3	STAT3
C11orf80	C11orf80
LRRC36	LRRC36
NPY1R	NPY1R
LOC399715	LOC399715
PTX3	PTX3
DEPDC1B	DEPDC1B
BAI3	BAI3
FUT8	FUT8
BSG	BSG
GSKIP	GSKIP
IFITM10	IFITM10
KIFC1	KIFC1
CRLF3	CRLF3
HNRNPH1	HNRNPH1
JAM2	JAM2
CMTM7	CMTM7
KIF20B	KIF20B
SPTLC3	SPTLC3
GOLGA3	GOLGA3
TSC22D3	TSC22D3
MIR4745;PTBP1	MIR4745;PTBP1
KIFC1	KIFC1
KIFC1	KIFC1
SH3RF1	SH3RF1
DOT1L	DOT1L
GRIP1	GRIP1
ARPP21	ARPP21
NPIPA8;PKD1P6	NPIPA8;PKD1P6
C16orf58	C16orf58
PANK1	PANK1
LOC728323	LOC728323
LSM12	LSM12
ZNF121	ZNF121
MEX3D	MEX3D
TGFBR1	TGFBR1
RPF1	RPF1
GINS1	GINS1
NPTXR	NPTXR
ZNF528	ZNF528
ARHGEF9	ARHGEF9
SNRPA	SNRPA
TMEM41B	TMEM41B
BCMO1	BCMO1
GOLGA6L10;GOLGA6L3	GOLGA6L10;GOLGA6L3
MIR4700;UNC119B	MIR4700;UNC119B
FMR1	FMR1
CYP46A1	CYP46A1
SLC25A24	SLC25A24
PGD	PGD
OTTHUMG00000150064;XXbac-B476C20.13	OTTHUMG00000150064;XXbac-B476C20.13
C17orf80	C17orf80
SMARCE1	SMARCE1
LOC100996628;SHROOM3	LOC100996628;SHROOM3
ZCCHC8	ZCCHC8
TSR3	TSR3
SRPK1	SRPK1
ADCY8	ADCY8
TRAF3IP2-AS1	TRAF3IP2-AS1
CDH1	CDH1
CCDC150	CCDC150
MSTO1	MSTO1
TF;TFP1	TF;TFP1
KIAA1967	KIAA1967
ANP32B	ANP32B
RPL15	RPL15
ANO7L1;OTTHUMG00000002221	ANO7L1;OTTHUMG00000002221
CENPQ	CENPQ
ZCRB1	ZCRB1
FAM111B	FAM111B
TNXA;TNXB	TNXA;TNXB
CDCA2	CDCA2
SERPINF1	SERPINF1
ZIK1	ZIK1
SMC5-AS1	SMC5-AS1
PKM	PKM
PSMA4	PSMA4
ARID3B	ARID3B
ARF6	ARF6
LUZP1	LUZP1
NARR;RAB34	NARR;RAB34
PHB	PHB
CPAMD8	CPAMD8
TUBB	TUBB
TUBB	TUBB
TUBB	TUBB
TUBB	TUBB
TUBB	TUBB
TUBB	TUBB
HEATR7A;LOC100652949;LOC377711;MROH1	HEATR7A;LOC100652949;LOC377711;MROH1
BAT2;OTTHUMG00000149000;PRRC2A	BAT2;OTTHUMG00000149000;PRRC2A
ENPP4	ENPP4
MTAP	MTAP
RPS12	RPS12
SNORA71A	SNORA71A
TOM1L1	TOM1L1
CDH24	CDH24
SCML1	SCML1
ATG4A	ATG4A
TTK	TTK
CDON	CDON
RMRP	RMRP
RSAD1	RSAD1
DAXX	DAXX
PTPN22	PTPN22
SRF	SRF
PUS7	PUS7
C1QL1	C1QL1
ITSN1	ITSN1
MEIS1	MEIS1
CETN3	CETN3
SUPT4H1	SUPT4H1
KLF8	KLF8
TMEM18	TMEM18
URGCP	URGCP
MBNL3	MBNL3
LYPLA2	LYPLA2
C2	C2
SLC26A11	SLC26A11
IL6ST	IL6ST
NREP	NREP
ICAM5	ICAM5
MICB	MICB
PALB2	PALB2
MUC19	MUC19
OTTHUMG00000019975;RP11-265B8.4;TJP2	OTTHUMG00000019975;RP11-265B8.4;TJP2
PDIA5	PDIA5
BX571672.2;OTTHUMG00000013472	BX571672.2;OTTHUMG00000013472
TEAD2	TEAD2
LOC646813	LOC646813
PGM3	PGM3
KCNA4	KCNA4
LOC646543	LOC646543
BRCC3	BRCC3
SNORD88A	SNORD88A
FTSJ2	FTSJ2
SWAP70	SWAP70
GOLGA6L10;GOLGA6L3;GOLGA6L4;GOLGA6L9	GOLGA6L10;GOLGA6L3;GOLGA6L4;GOLGA6L9
PLS3	PLS3
ARHGEF34P;OR2A7	ARHGEF34P;OR2A7
METTL18	METTL18
GNL3L	GNL3L
RELA	RELA
KCNK3	KCNK3
FABP5P7	FABP5P7
PRKCE	PRKCE
IMPACT	IMPACT
GRHL2	GRHL2
CBX5;MIR3198-2	CBX5;MIR3198-2
CILP2	CILP2
PAR1	PAR1
PTPRD	PTPRD
RPL4;SNORD16;SNORD18A;SNORD18B;SNORD18C	RPL4;SNORD16;SNORD18A;SNORD18B;SNORD18C
PLK4	PLK4
MAGI2-IT1	MAGI2-IT1
RPL41	RPL41
ATP5G2	ATP5G2
ING3	ING3
RPL23;SNORA21	RPL23;SNORA21
TMEM50B	TMEM50B
HINT2	HINT2
AR	AR
SATB2	SATB2
MIR4667;TESK1	MIR4667;TESK1
DAQB-335A13.8;OTTHUMG00000149420	DAQB-335A13.8;OTTHUMG00000149420
PCA3	PCA3
MRPL47	MRPL47
RPS28	RPS28
COQ10B	COQ10B
LOC100509484;PLIN2	LOC100509484;PLIN2
APEX1	APEX1
BMP2KL	BMP2KL
CCPG1;MIR628	CCPG1;MIR628
CDCA7	CDCA7
FILIP1	FILIP1
RGS11	RGS11
CHAF1A	CHAF1A
NFYB	NFYB
AIG1	AIG1
AC005753.1;OTTHUMG00000162830	AC005753.1;OTTHUMG00000162830
CPEB4	CPEB4
B4GALT4	B4GALT4
ZBTB20	ZBTB20
IL8	IL8
RBL1	RBL1
TEK	TEK
NPC1	NPC1
ERMP1	ERMP1
FAM174A	FAM174A
CTB-131B5.2;OTTHUMG00000163412	CTB-131B5.2;OTTHUMG00000163412
IRF2	IRF2
TMEM233	TMEM233
GTF2H3	GTF2H3
TUBB8;TUBBP5	TUBB8;TUBBP5
ALG2	ALG2
GLG1	GLG1
MACC1	MACC1
TUBB4B	TUBB4B
GLRB	GLRB
GTF2E1	GTF2E1
CPT2	CPT2
RNU6ATAC	RNU6ATAC
EEF1G;MIR3654	EEF1G;MIR3654
SNRPD3	SNRPD3
NCOA5	NCOA5
ZNF92	ZNF92
RNU4-1	RNU4-1
NMRK1	NMRK1
VWA5A	VWA5A
PCDH9	PCDH9
SNORD114-25	SNORD114-25
FH	FH
HIST1H1E	HIST1H1E
ALPK1	ALPK1
SLC9A5	SLC9A5
SLC9A6	SLC9A6
SLFN13	SLFN13
ATPBD4;DPH6	ATPBD4;DPH6
MCRS1	MCRS1
EFCAB1	EFCAB1
TMEM26	TMEM26
THRAP3	THRAP3
DHTKD1	DHTKD1
ZNF682	ZNF682
ZBTB9	ZBTB9
C12orf57;RNU7-1	C12orf57;RNU7-1
ABCB6	ABCB6
LOC642799;NPIPA2;NPIPA3	LOC642799;NPIPA2;NPIPA3
DAXX	DAXX
DAXX	DAXX
FAT1	FAT1
BCLAF1	BCLAF1
FABP5P1	FABP5P1
NPIPA3	NPIPA3
EMX2OS	EMX2OS
ARHGEF38	ARHGEF38
DPP3	DPP3
KIF24	KIF24
YBEY	YBEY
MIR1270-1;MIR1270-2	MIR1270-1;MIR1270-2
MIR1270-1;MIR1270-2	MIR1270-1;MIR1270-2
ZNF703	ZNF703
DAXX	DAXX
MIS12	MIS12
TUBB	TUBB
SMC4	SMC4
RPA2	RPA2
CEP104	CEP104
LOC100506948;SNHG14;SNORD107;SNORD115-13;SNORD115-26;SNORD115-7;SNORD116-28	LOC100506948;SNHG14;SNORD107;SNORD115-13;SNORD115-26;SNORD115-7;SNORD116-28
SPAG6	SPAG6
UBA5	UBA5
FAM60A	FAM60A
MIR1303	MIR1303
HIST1H2BC;HIST1H2BE;HIST1H2BF;HIST1H2BG;HIST1H2BI	HIST1H2BC;HIST1H2BE;HIST1H2BF;HIST1H2BG;HIST1H2BI
TFAM	TFAM
DNAJB11	DNAJB11
RPSAP52	RPSAP52
RNF103	RNF103
C6orf72;GINM1	C6orf72;GINM1
WBP1L	WBP1L
RPLP0	RPLP0
CC2D2A	CC2D2A
AC141586.5;LOC652276;OTTHUMG00000128875	AC141586.5;LOC652276;OTTHUMG00000128875
ATP2B2	ATP2B2
SYNE1	SYNE1
EXOC5	EXOC5
OTTHUMG00000042023;RP11-433J22.2	OTTHUMG00000042023;RP11-433J22.2
AL132709.5;LOC100507242;OTTHUMG00000029060;SNORD113-4	AL132709.5;LOC100507242;OTTHUMG00000029060;SNORD113-4
ZNF551	ZNF551
LOC100506032;LOC101059961;LOC101060202;LOC101060362;LOC101060684;NBPF10;NOTCH2NL	LOC100506032;LOC101059961;LOC101060202;LOC101060362;LOC101060684;NBPF10;NOTCH2NL
FLRT2;LOC100506718	FLRT2;LOC100506718
OTTHUMG00000155076;RP13-1039J1.3	OTTHUMG00000155076;RP13-1039J1.3
HMGB1P5	HMGB1P5
SNCA	SNCA
ZNF675	ZNF675
NIN	NIN
OTTHUMG00000018395;RP11-262I2.2	OTTHUMG00000018395;RP11-262I2.2
KLF7-IT1	KLF7-IT1
TRAPPC9	TRAPPC9
BRD9	BRD9
FAM43A	FAM43A
UTRN	UTRN
SERPINE1	SERPINE1
RAB12	RAB12
STIL	STIL
HIST1H3A;HIST1H3B;HIST1H3C;HIST1H3D;HIST1H3E;HIST1H3F;HIST1H3G;HIST1H3H;HIST1H3I;HIST1H3J	HIST1H3A;HIST1H3B;HIST1H3C;HIST1H3D;HIST1H3E;HIST1H3F;HIST1H3G;HIST1H3H;HIST1H3I;HIST1H3J
C14orf45;CCDC176;OTTHUMG00000171202	C14orf45;CCDC176;OTTHUMG00000171202
SUV39H2	SUV39H2
LOC644215	LOC644215
ANKRD17	ANKRD17
SMARCD1	SMARCD1
PRKACA	PRKACA
AC015691.13;AC104389.28;HBE1;HBG1;HBG2;LOC100653006;LOC100653319;OR51B5;OTTHUMG00000066670;OTTHUMG00000133694	AC015691.13;AC104389.28;HBE1;HBG1;HBG2;LOC100653006;LOC100653319;OR51B5;OTTHUMG00000066670;OTTHUMG00000133694
TTC26	TTC26
TLR6	TLR6
KRCC1	KRCC1
CDC25C	CDC25C
RPL7A;SNORD24;SNORD36A;SNORD36B;SNORD36C	RPL7A;SNORD24;SNORD36A;SNORD36B;SNORD36C
SOX21	SOX21
C12orf55	C12orf55
ABI3BP	ABI3BP
LOC101060226;NBPF12;NBPF20;NBPF7	LOC101060226;NBPF12;NBPF20;NBPF7
ZNF862	ZNF862
ZNF431	ZNF431
GNA12	GNA12
AC079154.1;OTTHUMG00000153351	AC079154.1;OTTHUMG00000153351
ANKRD19P	ANKRD19P
RPS6KA5	RPS6KA5
PPP4R4	PPP4R4
RNF175	RNF175
FOXM1	FOXM1
ABHD5	ABHD5
CIAPIN1	CIAPIN1
RELN	RELN
CRTC1	CRTC1
VSIG10	VSIG10
NUB1	NUB1
TNXA;TNXB	TNXA;TNXB
APRT	APRT
U2AF2	U2AF2
PRMT6	PRMT6
SOCS5	SOCS5
MYO1B	MYO1B
DNMT3B	DNMT3B
ANXA3	ANXA3
LOC100287789;SLMAP	LOC100287789;SLMAP
MEG8;SNORD112	MEG8;SNORD112
ACVR2B	ACVR2B
GOLGA4	GOLGA4
CPXM1	CPXM1
INTU	INTU
PAX8	PAX8
HMGN2P17	HMGN2P17
MGMT	MGMT
IPO5	IPO5
BUB1	BUB1
SURF4	SURF4
KCTD10	KCTD10
TIGD4	TIGD4
EIF4G2	EIF4G2
MGAT4C	MGAT4C
FANCD2	FANCD2
SEPT10	SEPT10
MSTO2P	MSTO2P
PRIM1	PRIM1
BIRC5	BIRC5
SGCD	SGCD
ZNF518B	ZNF518B
CHPF2;MIR671	CHPF2;MIR671
FAM49B	FAM49B
MIR1251	MIR1251
GIPR	GIPR
RNF43	RNF43
FAM70B;TMEM255B	FAM70B;TMEM255B
PHOX2B	PHOX2B
SLC1A4	SLC1A4
DOCK10	DOCK10
ARHGAP24	ARHGAP24
PON2	PON2
PRMT2	PRMT2
OIP5	OIP5
GPR176	GPR176
AJ239322.3;OTTHUMG00000154620	AJ239322.3;OTTHUMG00000154620
PVR	PVR
FUCA1	FUCA1
JPH4	JPH4
IFT81	IFT81
MRTO4	MRTO4
NPIPL2	NPIPL2
ATP5G3	ATP5G3
OTTHUMG00000018330;RP11-222A11.1	OTTHUMG00000018330;RP11-222A11.1
SETDB1	SETDB1
ZNF544	ZNF544
ABCG4	ABCG4
HCG27	HCG27
HCG27	HCG27
IFI44	IFI44
CTDSPL2	CTDSPL2
AC023469.2;OTTHUMG00000153782	AC023469.2;OTTHUMG00000153782
AC008746.12;OTTHUMG00000150514	AC008746.12;OTTHUMG00000150514
ERN1	ERN1
RAD54L	RAD54L
MTF1	MTF1
HMGA1P1	HMGA1P1
ZWILCH	ZWILCH
SEPT11	SEPT11
GALNT7	GALNT7
OTTHUMG00000016090;XX-C2158C6.1	OTTHUMG00000016090;XX-C2158C6.1
STX4	STX4
DNAH11	DNAH11
PABPN1	PABPN1
ST14	ST14
AC046143.7;LINC00884;OTTHUMG00000156037	AC046143.7;LINC00884;OTTHUMG00000156037
ZNF555	ZNF555
ESR2	ESR2
PNPLA3	PNPLA3
CTC-218H9.1;OTTHUMG00000163168	CTC-218H9.1;OTTHUMG00000163168
MTF2	MTF2
RPL18A;SNORA68	RPL18A;SNORA68
FNDC5	FNDC5
EHMT1	EHMT1
ADCY5	ADCY5
SGOL1-AS1	SGOL1-AS1
OTTHUMG00000035709;RP11-263K19.4	OTTHUMG00000035709;RP11-263K19.4
CSGALNACT1	CSGALNACT1
EXT2	EXT2
ASF1B	ASF1B
COQ5	COQ5
PIWIL2	PIWIL2
KCTD7;RABGEF1	KCTD7;RABGEF1
RNF219	RNF219
C2orf43	C2orf43
KCNC3	KCNC3
TBP	TBP
MAPRE1	MAPRE1
CTR9	CTR9
ZNF268	ZNF268
SEL1L3	SEL1L3
FAM199X	FAM199X
PLB1	PLB1
DCTPP1	DCTPP1
ECI1	ECI1
FOXJ3	FOXJ3
LOC143188	LOC143188
AC013460.1;LOC100506274;OTTHUMG00000151593	AC013460.1;LOC100506274;OTTHUMG00000151593
ZBTB9	ZBTB9
MIR3126	MIR3126
TNK2	TNK2
OR8D1	OR8D1
PBX2	PBX2
PBX2	PBX2
APOL3	APOL3
MIR548B	MIR548B
SNRPE	SNRPE
OTTHUMG00000018883;RP11-441O15.3	OTTHUMG00000018883;RP11-441O15.3
POLI	POLI
TAX1BP3	TAX1BP3
EDARADD	EDARADD
DUOXA1	DUOXA1
PBX2	PBX2
PBX2	PBX2
CHDC2;CXorf59	CHDC2;CXorf59
MVD	MVD
VKORC1	VKORC1
PPP1R12A	PPP1R12A
COL22A1	COL22A1
C7orf49;LOC653739	C7orf49;LOC653739
IFI44L	IFI44L
NKIRAS1	NKIRAS1
GLUL	GLUL
KANSL2	KANSL2
GRIN2D	GRIN2D
NUP107	NUP107
SFTPA1;SFTPA2	SFTPA1;SFTPA2
UNK	UNK
KLHDC2	KLHDC2
GREM1	GREM1
ASIC3	ASIC3
SNORA55	SNORA55
GLTSCR2;SNORD23	GLTSCR2;SNORD23
POP4	POP4
TNRC6A	TNRC6A
RASSF2	RASSF2
CBX4	CBX4
C6orf228;SMIM13	C6orf228;SMIM13
QPCTL	QPCTL
OTTHUMG00000150889;RP1-222E13.10;RRP7B	OTTHUMG00000150889;RP1-222E13.10;RRP7B
GTSE1	GTSE1
WNT5B	WNT5B
MTMR12	MTMR12
OR52H1	OR52H1
IFI30	IFI30
CSE1L	CSE1L
PITPNB	PITPNB
IQGAP2	IQGAP2
CTSC	CTSC
AIMP2	AIMP2
SUFU	SUFU
C10orf76	C10orf76
UGT3A2	UGT3A2
RNMTL1	RNMTL1
DNAJC10	DNAJC10
SMARCB1	SMARCB1
CPED1	CPED1
KIAA1841	KIAA1841
MICB	MICB
OTTHUMG00000163252;RP11-436H11.3	OTTHUMG00000163252;RP11-436H11.3
SMIM2	SMIM2
PLXDC1	PLXDC1
ZNF518A	ZNF518A
TTC3P1	TTC3P1
PTGFRN	PTGFRN
CCDC18	CCDC18
FKBP3	FKBP3
LMO7	LMO7
PRC1	PRC1
SETMAR	SETMAR
TRMT5	TRMT5
ATXN7L1	ATXN7L1
ADAMTS20	ADAMTS20
MT1F	MT1F
PRKAA2	PRKAA2
ZBTB38	ZBTB38
TLR4	TLR4
CYP4F43P	CYP4F43P
FAM156A;FAM156B	FAM156A;FAM156B
USP39	USP39
HMMR	HMMR
UAP1	UAP1
SNORD8	SNORD8
THAP1	THAP1
LRRC69;SLC26A7	LRRC69;SLC26A7
OTOR	OTOR
LOC100507568	LOC100507568
NOC2L	NOC2L
IGFBPL1	IGFBPL1
TMCO1	TMCO1
RFC3	RFC3
STK38L	STK38L
ZNF429	ZNF429
ZNF184	ZNF184
CNOT3	CNOT3
BAT2;OTTHUMG00000031450;PRRC2A	BAT2;OTTHUMG00000031450;PRRC2A
BAT2;OTTHUMG00000004895;PRRC2A	BAT2;OTTHUMG00000004895;PRRC2A
BAT2;OTTHUMG00000065679;PRRC2A	BAT2;OTTHUMG00000065679;PRRC2A
ZNF674-AS1	ZNF674-AS1
PBX2	PBX2
LOC128322;NUTF2	LOC128322;NUTF2
C16orf62	C16orf62
LINC00869;LOC388692;OTTHUMG00000041568;OTTHUMG00000041632;RP11-403I13.7;RP11-403I13.8	LINC00869;LOC388692;OTTHUMG00000041568;OTTHUMG00000041632;RP11-403I13.7;RP11-403I13.8
RPS6KA3	RPS6KA3
TNXA;TNXB	TNXA;TNXB
ERI2	ERI2
OTTHUMG00000019961;RP11-561O23.5	OTTHUMG00000019961;RP11-561O23.5
IMMT	IMMT
PLA2G4A	PLA2G4A
ATF4	ATF4
LOC100996496;SFPQ	LOC100996496;SFPQ
RAF1	RAF1
WHAMMP1	WHAMMP1
SSRP1	SSRP1
SLC35E2B	SLC35E2B
CIT;MIR1178	CIT;MIR1178
ABCA12	ABCA12
AC016730.1;OTTHUMG00000151713	AC016730.1;OTTHUMG00000151713
SUV420H1	SUV420H1
SMARCD3	SMARCD3
GABPA	GABPA
PAPPA2	PAPPA2
PTPN21	PTPN21
RDX	RDX
ELP4	ELP4
DGAT1	DGAT1
SPTBN4	SPTBN4
FAM110A;OTTHUMG00000031650;RP11-276A18.2	FAM110A;OTTHUMG00000031650;RP11-276A18.2
POLE2	POLE2
MRPS18B	MRPS18B
NDUFB3	NDUFB3
SNORD10	SNORD10
TMEM87A	TMEM87A
SLITRK6	SLITRK6
OGT	OGT
PBX2	PBX2
GOLGA6A;GOLGA6B;GOLGA6C;GOLGA6D	GOLGA6A;GOLGA6B;GOLGA6C;GOLGA6D
WDR45	WDR45
EMX2	EMX2
POU2F1	POU2F1
CDC123	CDC123
PTGIR	PTGIR
OTTHUMG00000031561;VARS2;VARSL	OTTHUMG00000031561;VARS2;VARSL
ANAPC15	ANAPC15
STOML2	STOML2
SUMO3	SUMO3
PXMP2	PXMP2
RGPD5;RGPD8	RGPD5;RGPD8
SSFA2	SSFA2
LCLAT1	LCLAT1
PTPN4	PTPN4
ECE1	ECE1
OTTHUMG00000156245;RP11-89N17.1	OTTHUMG00000156245;RP11-89N17.1
DERL3	DERL3
TTC17	TTC17
JAKMIP3	JAKMIP3
CPSF3	CPSF3
RGPD3;RGPD4;RGPD5;RGPD6;RGPD8	RGPD3;RGPD4;RGPD5;RGPD6;RGPD8
TIMP1	TIMP1
EXOC4	EXOC4
ARL8B	ARL8B
DSCC1	DSCC1
TCTN1	TCTN1
ATXN1	ATXN1
SYNGR2	SYNGR2
NSA2	NSA2
MDC1	MDC1
ZNF418	ZNF418
GRID2	GRID2
DCAF12	DCAF12
OTTHUMG00000148945;VARS2;VARSL	OTTHUMG00000148945;VARS2;VARSL
COLGALT1;GLT25D1	COLGALT1;GLT25D1
FAM83B	FAM83B
SS18	SS18
OTTHUMG00000039995;RP11-370K11.1	OTTHUMG00000039995;RP11-370K11.1
FAM98B	FAM98B
KHDRBS1	KHDRBS1
SGPP2	SGPP2
MNS1	MNS1
PPL	PPL
LOC442075	LOC442075
GGPS1	GGPS1
GLYR1	GLYR1
EED	EED
CLUAP1	CLUAP1
CDC42SE1;OTTHUMG00000035161;RP11-316M1.11	CDC42SE1;OTTHUMG00000035161;RP11-316M1.11
RFXANK	RFXANK
ZFAS1;ZNFX1-AS1	ZFAS1;ZNFX1-AS1
C12orf55	C12orf55
KIAA1279	KIAA1279
WNK3	WNK3
DHCR24	DHCR24
C19orf66	C19orf66
NANS	NANS
DMC1	DMC1
ASL	ASL
MDC1	MDC1
MDC1	MDC1
EPS15	EPS15
TK1	TK1
TM9SF3	TM9SF3
ZSWIM8	ZSWIM8
CA3	CA3
TIGD2	TIGD2
MICB	MICB
PITPNA-AS1	PITPNA-AS1
MIR5193;UBA7	MIR5193;UBA7
DNMT1	DNMT1
ZNF878	ZNF878
MAPK1	MAPK1
TLK1	TLK1
RARS2	RARS2
MDC1	MDC1
MDC1	MDC1
SYN1	SYN1
STRC	STRC
INPP5E	INPP5E
SERBP1	SERBP1
RRP12	RRP12
NTN5	NTN5
TIFA	TIFA
INSM1	INSM1
CXorf38	CXorf38
RGPD3;RGPD5;RGPD6	RGPD3;RGPD5;RGPD6
FAM217B	FAM217B
BRD3	BRD3
ABHD17C	ABHD17C
HCG27	HCG27
RBM17	RBM17
SGSM1	SGSM1
AC069257.8;OTTHUMG00000155671	AC069257.8;OTTHUMG00000155671
LOC619207;OTTHUMG00000019326;RP11-108K14.4	LOC619207;OTTHUMG00000019326;RP11-108K14.4
TRA2B	TRA2B
PCDHA11	PCDHA11
ZNF483	ZNF483
MDC1	MDC1
ARHGEF6	ARHGEF6
OARD1	OARD1
C11orf83	C11orf83
BTN2A2	BTN2A2
SIK3	SIK3
SRPX	SRPX
C8orf34	C8orf34
EPS8L2	EPS8L2
OTTHUMG00000163706;RP11-806O11.1	OTTHUMG00000163706;RP11-806O11.1
TMEM209	TMEM209
KDR	KDR
BCO2	BCO2
CCT5	CCT5
IFI27L1	IFI27L1
MDC1	MDC1
E2F7	E2F7
MGC21881;OTTHUMG00000013294;RP11-262H14.4	MGC21881;OTTHUMG00000013294;RP11-262H14.4
DOC2B	DOC2B
CRNDE	CRNDE
STRC	STRC
KLK6	KLK6
TPI1	TPI1
DCN	DCN
SOAT1	SOAT1
LDB2	LDB2
PSPC1;PSPC1-OT1	PSPC1;PSPC1-OT1
PTTG1	PTTG1
LECT1	LECT1
LINC00665	LINC00665
PCYOX1L	PCYOX1L
ANTXR1	ANTXR1
TARBP2	TARBP2
MED21	MED21
FIBCD1	FIBCD1
EPT1	EPT1
SLC15A4	SLC15A4
RMND1	RMND1
CDH5	CDH5
PLCG1	PLCG1
RHBDL1	RHBDL1
PER2	PER2
HNRNPA1P8	HNRNPA1P8
CBX1	CBX1
LRIG2	LRIG2
MICB	MICB
C5orf4;FAXDC2	C5orf4;FAXDC2
OTTHUMG00000020015;RP11-151D14.1	OTTHUMG00000020015;RP11-151D14.1
MAMDC2-AS1;OTTHUMG00000019986;RP11-195E11.2	MAMDC2-AS1;OTTHUMG00000019986;RP11-195E11.2
GLI3	GLI3
TNFSF9	TNFSF9
RPL11	RPL11
TEKT3	TEKT3
AFF1	AFF1
PRSS8	PRSS8
MIRLET7I	MIRLET7I
TRDMT1	TRDMT1
GATM	GATM
CACNA1B	CACNA1B
PXN-AS1	PXN-AS1
RPS16	RPS16
PRMT7	PRMT7
STK39	STK39
CYTH2	CYTH2
MRPL11	MRPL11
FRMPD1	FRMPD1
RPL26	RPL26
ATP2B1	ATP2B1
OTTHUMG00000022515;RP11-1114A5.4	OTTHUMG00000022515;RP11-1114A5.4
USP1	USP1
AC074138.3;OTTHUMG00000048158	AC074138.3;OTTHUMG00000048158
COPB1	COPB1
ANKRD42	ANKRD42
ELAVL1	ELAVL1
C12orf63	C12orf63
MDC1	MDC1
NT5DC2	NT5DC2
OXNAD1	OXNAD1
SEPP1	SEPP1
SEC22C	SEC22C
FAM183B	FAM183B
CCDC88A	CCDC88A
PIGL	PIGL
ZNF737	ZNF737
PMVK	PMVK
LRFN5	LRFN5
CYYR1	CYYR1
RNU6ATAC2P	RNU6ATAC2P
CLCC1	CLCC1
CCDC149	CCDC149
ARHGAP18	ARHGAP18
CYP4F30P	CYP4F30P
FAM156A;FAM156B	FAM156A;FAM156B
PBX2	PBX2
ANKRD18B	ANKRD18B
MIDN	MIDN
COL5A2	COL5A2
GPNMB	GPNMB
MARVELD2	MARVELD2
MIR449B	MIR449B
AP2A2	AP2A2
DNAJC7	DNAJC7
LINC00966;OTTHUMG00000164360;RP11-32K4.2	LINC00966;OTTHUMG00000164360;RP11-32K4.2
RNA5S9	RNA5S9
E2F1	E2F1
SLC35F3	SLC35F3
CUBN	CUBN
COL9A1	COL9A1
HMGN2P25	HMGN2P25
EPM2AIP1	EPM2AIP1
RPL7	RPL7
SLC6A2	SLC6A2
RSRC1	RSRC1
EIF2A	EIF2A
ROBO3	ROBO3
ATHL1	ATHL1
SESN2	SESN2
MIR4275	MIR4275
HPS3	HPS3
XIAP	XIAP
SUMO2	SUMO2
SPATA5	SPATA5
TPRA1	TPRA1
TOM1L2	TOM1L2
LCP1	LCP1
STAM2	STAM2
SKIV2L2	SKIV2L2
ZNF146	ZNF146
NUBP1	NUBP1
FBLN1	FBLN1
TNXA;TNXB	TNXA;TNXB
RPL23AP7	RPL23AP7
DERL1	DERL1
ZNF256	ZNF256
AP001057.1;OTTHUMG00000086911	AP001057.1;OTTHUMG00000086911
TAF1B	TAF1B
UNG	UNG
PTGR1	PTGR1
IGSF9B	IGSF9B
ASF1A	ASF1A
ZBTB10	ZBTB10
C7orf73	C7orf73
BX255923.3;LOC440896;OTTHUMG00000058674;OTTHUMG00000066918;RP11-58A12.2	BX255923.3;LOC440896;OTTHUMG00000058674;OTTHUMG00000066918;RP11-58A12.2
HNRNPD	HNRNPD
TDP2	TDP2
MUM1L1	MUM1L1
AAGAB	AAGAB
WDR5	WDR5
MMRN1	MMRN1
TMEM246	TMEM246
SLC10A3	SLC10A3
CAMTA1-IT1	CAMTA1-IT1
ARL1	ARL1
CCDC88C	CCDC88C
ANKRD18CP;OTTHUMG00000020321;RP11-498P14.5	ANKRD18CP;OTTHUMG00000020321;RP11-498P14.5
LINC00890	LINC00890
PAK4	PAK4
PRKY	PRKY
LYRM7	LYRM7
DNAJC8	DNAJC8
SHB	SHB
BOC	BOC
XPNPEP1	XPNPEP1
RCE1	RCE1
SPA17	SPA17
HCG4	HCG4
HCG4	HCG4
HCG4	HCG4
HCG4	HCG4
HCG4	HCG4
DCAF15	DCAF15
ERV3;ERV3-1;OTTHUMG00000165023;ZNF117	ERV3;ERV3-1;OTTHUMG00000165023;ZNF117
SLC35E2	SLC35E2
MIR4750;TBC1D17	MIR4750;TBC1D17
C17orf85	C17orf85
RSAD2	RSAD2
TMEM47	TMEM47
CORO1B	CORO1B
SNN	SNN
IRX5	IRX5
CALM1;CALM2;CALM3	CALM1;CALM2;CALM3
FHL1	FHL1
SERINC3	SERINC3
SAR1A	SAR1A
TSN	TSN
OTTHUMG00000004840;VARS2;VARSL	OTTHUMG00000004840;VARS2;VARSL
ARPC4	ARPC4
TFPI	TFPI
WDR73	WDR73
PHAX	PHAX
FBN3	FBN3
BYSL	BYSL
ARFGAP1	ARFGAP1
TBL2	TBL2
ARL9	ARL9
ID2	ID2
AC010729.1;OTTHUMG00000151423;SOX11	AC010729.1;OTTHUMG00000151423;SOX11
ATF7IP	ATF7IP
CLEC7A	CLEC7A
TUBB	TUBB
AP001347.6;OTTHUMG00000074260	AP001347.6;OTTHUMG00000074260
FAM86DP	FAM86DP
RFWD3	RFWD3
KLHDC1	KLHDC1
FAM83H	FAM83H
ZNF606	ZNF606
SGTB	SGTB
GTPBP8	GTPBP8
IVNS1ABP	IVNS1ABP
BX004987.5;OTTHUMG00000013630	BX004987.5;OTTHUMG00000013630
DLX5	DLX5
ARHGEF37	ARHGEF37
ZNF367	ZNF367
PDSS1	PDSS1
ABCB8	ABCB8
ZNF230	ZNF230
PRR11	PRR11
SMAP1	SMAP1
BTG1	BTG1
TRIM49B	TRIM49B
ADAP2	ADAP2
MICB	MICB
CTB-43P18.1;OTTHUMG00000163389	CTB-43P18.1;OTTHUMG00000163389
HIST1H2AL	HIST1H2AL
SLC18A3	SLC18A3
SEMA4B	SEMA4B
HDX	HDX
OTTHUMG00000074805;RP3-377D14.1	OTTHUMG00000074805;RP3-377D14.1
DAPK1	DAPK1
SLC25A13	SLC25A13
IRX2	IRX2
OTTHUMG00000149460;VARS2;VARSL	OTTHUMG00000149460;VARS2;VARSL
TTC27	TTC27
CTD-2201E9.3;OTTHUMG00000161720	CTD-2201E9.3;OTTHUMG00000161720
ORC6	ORC6
MYOZ2	MYOZ2
WIBG	WIBG
CEP68	CEP68
MRPS18B	MRPS18B
MRPS18B	MRPS18B
MRPS18B	MRPS18B
MRPS18B	MRPS18B
MRPS18B	MRPS18B
MRPS18B	MRPS18B
RUFY3	RUFY3
SNX19	SNX19
NR2C1	NR2C1
TPM3	TPM3
UCHL5	UCHL5
LIFR-AS1;MIR3650	LIFR-AS1;MIR3650
RAN	RAN
VEPH1	VEPH1
LOC155060;ZNF783	LOC155060;ZNF783
HBP1	HBP1
LINC00958	LINC00958
THEM6	THEM6
TMPO	TMPO
PIGH	PIGH
ICA1L	ICA1L
OTTHUMG00000073688;RP1-90G24.6	OTTHUMG00000073688;RP1-90G24.6
FAM160B1	FAM160B1
VAMP1	VAMP1
ABRACL	ABRACL
RHOA	RHOA
GALNT11	GALNT11
JPH3	JPH3
SNORD114-23	SNORD114-23
OTTHUMG00000035174;RP11-46A10.5;STX6	OTTHUMG00000035174;RP11-46A10.5;STX6
EME1	EME1
PMS2P4	PMS2P4
DFNB31	DFNB31
OTTHUMG00000154966;RP11-175O19.4	OTTHUMG00000154966;RP11-175O19.4
MDFIC	MDFIC
METAP1	METAP1
APOA1BP	APOA1BP
FLI1	FLI1
SKA2	SKA2
ZNF597	ZNF597
RPS21	RPS21
LOC727751;LOC80154	LOC727751;LOC80154
KIF26A	KIF26A
SEPT7L;SEPT7P9	SEPT7L;SEPT7P9
PARP14	PARP14
GFRA3	GFRA3
APOL1	APOL1
LPGAT1	LPGAT1
IER3	IER3
IER3	IER3
IER3	IER3
IER3	IER3
ZFPL1	ZFPL1
NEUROG2	NEUROG2
ZNF536	ZNF536
ARHGEF5;LOC101060316	ARHGEF5;LOC101060316
UPF3A	UPF3A
GBP2	GBP2
HTR2A	HTR2A
RPL10;SNORA70	RPL10;SNORA70
NKAIN4	NKAIN4
FANCI	FANCI
RNU6ATAC5P	RNU6ATAC5P
GEM	GEM
PMEPA1	PMEPA1
CABLES1	CABLES1
VEGFB	VEGFB
XPO5	XPO5
PLXNB3	PLXNB3
R3HCC1L	R3HCC1L
ITGA10;LOC101060422;OTTHUMG00000042455;RP11-315I20.3	ITGA10;LOC101060422;OTTHUMG00000042455;RP11-315I20.3
ZDHHC20	ZDHHC20
TMEM168	TMEM168
GALNT2	GALNT2
SYK	SYK
LOC642423	LOC642423
NAA40	NAA40
PUF60	PUF60
HIST1H2AJ	HIST1H2AJ
SNORD114-2	SNORD114-2
LRIG3	LRIG3
LRRC9	LRRC9
NR4A3	NR4A3
CLCN5	CLCN5
MAPRE3	MAPRE3
GPR50	GPR50
SPTB	SPTB
C14orf144	C14orf144
PRKRA	PRKRA
UBE2S	UBE2S
SMIM10	SMIM10
RASGRP1	RASGRP1
ZDHHC9	ZDHHC9
OTTHUMG00000015879;RP11-477D19.2;TFB1M	OTTHUMG00000015879;RP11-477D19.2;TFB1M
PPP3R1	PPP3R1
CFL1	CFL1
TNFRSF19	TNFRSF19
LSM2	LSM2
KIF3A	KIF3A
CAMTA2	CAMTA2
CSTF3	CSTF3
LYPD3	LYPD3
SRSF4	SRSF4
ADAMTS14	ADAMTS14
IMP4	IMP4
AMOTL1	AMOTL1
LINC00632;OTTHUMG00000022548;RP1-177G6.2	LINC00632;OTTHUMG00000022548;RP1-177G6.2
FNIP2	FNIP2
PLEKHH1	PLEKHH1
ZNF226	ZNF226
WBP4	WBP4
ZNF204P	ZNF204P
HSD17B13	HSD17B13
GAPDH	GAPDH
GINS2	GINS2
ANKRD36BP2	ANKRD36BP2
EPB41L5	EPB41L5
HCFC2	HCFC2
C1orf132;MIR29B2;MIR29C	C1orf132;MIR29B2;MIR29C
MIRLET7A2	MIRLET7A2
ICAM1	ICAM1
HIST1H1D	HIST1H1D
ANKFY1	ANKFY1
AC078852.2;OTTHUMG00000163526	AC078852.2;OTTHUMG00000163526
PXMP4	PXMP4
POTEG	POTEG
AIF1L	AIF1L
TMEM35	TMEM35
DHX15	DHX15
NPIPA2;NPIPA3;NPIPA5;PKD1P1	NPIPA2;NPIPA3;NPIPA5;PKD1P1
ACTB;LOC100505829	ACTB;LOC100505829
VARS2	VARS2
MCTP2	MCTP2
FKBP4	FKBP4
NIF3L1	NIF3L1
SLC11A2	SLC11A2
ASAP3	ASAP3
BID	BID
SUMO1	SUMO1
NOTCH2	NOTCH2
AGTRAP	AGTRAP
EHD3	EHD3
EIF6	EIF6
FAM63A	FAM63A
GTF3C6	GTF3C6
NAALAD2	NAALAD2
APAF1	APAF1
SHMT2	SHMT2
SNRPB	SNRPB
KDELR3	KDELR3
GCH1	GCH1
OTTHUMG00000162862;RP11-278J6.3	OTTHUMG00000162862;RP11-278J6.3
PRIMA1	PRIMA1
POLE	POLE
CERS4	CERS4
LOC643837;OTTHUMG00000002468;RP11-206L10.11	LOC643837;OTTHUMG00000002468;RP11-206L10.11
SESN3	SESN3
OR51I1	OR51I1
RNA5SP202	RNA5SP202
RPL10A	RPL10A
MASTL	MASTL
FAM230C;KB-1183D5.13;LINC00281;LOC642633;OTTHUMG00000150795	FAM230C;KB-1183D5.13;LINC00281;LOC642633;OTTHUMG00000150795
SAP30	SAP30
MTERFD1	MTERFD1
HMGN1	HMGN1
CHI3L1	CHI3L1
TNIK	TNIK
AL132709.8;OTTHUMG00000067435	AL132709.8;OTTHUMG00000067435
ZNF618	ZNF618
TMEM194A	TMEM194A
ZNF193;ZSCAN9	ZNF193;ZSCAN9
PTGER4	PTGER4
MARCH1	MARCH1
IL1RAPL1	IL1RAPL1
CCND2	CCND2
MIR504	MIR504
ESD	ESD
RAD51	RAD51
CHAMP1	CHAMP1
MIR937;SCRIB	MIR937;SCRIB
CCDC101	CCDC101
AC069277.2;OTTHUMG00000154923	AC069277.2;OTTHUMG00000154923
SLC25A3	SLC25A3
SNRPC	SNRPC
RNA5SP85	RNA5SP85
SNORD114-10	SNORD114-10
VGLL1	VGLL1
SNORA59A;SNORA59B	SNORA59A;SNORA59B
SNORA59A;SNORA59B	SNORA59A;SNORA59B
C2CD4A	C2CD4A
FBXO5	FBXO5
MCM4	MCM4
MPZL1	MPZL1
TM9SF1	TM9SF1
PRDX2	PRDX2
HDLBP	HDLBP
PARP1	PARP1
NCMAP	NCMAP
MDM1	MDM1
C9orf3;LOC100507319;MIR23B;MIR24-1;MIR27B;MIR3074	C9orf3;LOC100507319;MIR23B;MIR24-1;MIR27B;MIR3074
LSM14B	LSM14B
NSMAF	NSMAF
FAM64A	FAM64A
IER3	IER3
CARKD	CARKD
CTSL2	CTSL2
PARPBP	PARPBP
CAPZB	CAPZB
DYRK1B	DYRK1B
GALNT4;POC1B;POC1B-GALNT4	GALNT4;POC1B;POC1B-GALNT4
ERCC8	ERCC8
TOMM22	TOMM22
CORO6	CORO6
UHRF1	UHRF1
OTTHUMG00000149224;VARS2;VARSL	OTTHUMG00000149224;VARS2;VARSL
ATP1B1	ATP1B1
LRRC39	LRRC39
MCM9	MCM9
AGA	AGA
TRIP4	TRIP4
HIVEP2	HIVEP2
POLR2D	POLR2D
C14orf169	C14orf169
STOML1	STOML1
SLC9A7P1	SLC9A7P1
TMEM39A	TMEM39A
NCEH1	NCEH1
LINC00478	LINC00478
CEL	CEL
LOC400590	LOC400590
AC005682.5;OTTHUMG00000152563	AC005682.5;OTTHUMG00000152563
LOXL4	LOXL4
TMEM86A	TMEM86A
AC009404.2;OTTHUMG00000058513	AC009404.2;OTTHUMG00000058513
TRAIP	TRAIP
RNU6-39P	RNU6-39P
TSEN2	TSEN2
RINT1	RINT1
CHMP3;RNF103-CHMP3	CHMP3;RNF103-CHMP3
MIR4426;RPS27A	MIR4426;RPS27A
ITGB1BP1	ITGB1BP1
OTTHUMG00000018570;RP11-589B3.6	OTTHUMG00000018570;RP11-589B3.6
PURA	PURA
ETV4	ETV4
NAP1L1	NAP1L1
ZBTB7C	ZBTB7C
MRPL16	MRPL16
DYNC1LI2	DYNC1LI2
SPATA6L	SPATA6L
HYKK	HYKK
KCNRG;TRIM13	KCNRG;TRIM13
PDP2	PDP2
POLR3B	POLR3B
RPL13A;RPL13AP5;SNORD32A;SNORD33;SNORD34;SNORD35A	RPL13A;RPL13AP5;SNORD32A;SNORD33;SNORD34;SNORD35A
FLJ31306	FLJ31306
CYC1	CYC1
RNA5SP150	RNA5SP150
DPYSL3	DPYSL3
AGO3;EIF2C3	AGO3;EIF2C3
SNORD113-3	SNORD113-3
THG1L	THG1L
GNB2L1;SNORD95;SNORD96A	GNB2L1;SNORD95;SNORD96A
FAM107B	FAM107B
FLJ37644	FLJ37644
CDK5RAP2	CDK5RAP2
FAM83D	FAM83D
UBQLN4	UBQLN4
DUSP12	DUSP12
ADCK4	ADCK4
CNNM4	CNNM4
PELP1	PELP1
TMEM50A	TMEM50A
LSM2	LSM2
LSM2	LSM2
LSM2	LSM2
LSM2	LSM2
LSM2	LSM2
ADK	ADK
PSD	PSD
KDM2B	KDM2B
LOC728989	LOC728989
ZCCHC17	ZCCHC17
NIPA1	NIPA1
GOSR1	GOSR1
MCAT	MCAT
GALK2	GALK2
DPYSL4	DPYSL4
ZCCHC14	ZCCHC14
TTC21A	TTC21A
MGLL	MGLL
ARHGAP26-IT1	ARHGAP26-IT1
AC004538.3;OTTHUMG00000152311	AC004538.3;OTTHUMG00000152311
CDC6	CDC6
EYA2	EYA2
CCDC93	CCDC93
VANGL2	VANGL2
MIR1268A	MIR1268A
GOLGA6C	GOLGA6C
DBR1	DBR1
PCNA-AS1	PCNA-AS1
LOC554249;OTTHUMG00000013301;RP11-111F5.4	LOC554249;OTTHUMG00000013301;RP11-111F5.4
OTTHUMG00000017792;RP11-275N1.1	OTTHUMG00000017792;RP11-275N1.1
PTRHD1	PTRHD1
CYFIP1	CYFIP1
OTTHUMG00000160984;RP11-10L7.1	OTTHUMG00000160984;RP11-10L7.1
NIPBL	NIPBL
LRRC61	LRRC61
C11orf48	C11orf48
SSPO	SSPO
SLC25A44	SLC25A44
AC000123.2;OTTHUMG00000066284	AC000123.2;OTTHUMG00000066284
BDKRB1	BDKRB1
CHL1	CHL1
ZNF711	ZNF711
DNAJC13	DNAJC13
CYP2R1	CYP2R1
DHRS11	DHRS11
SNRPEP4	SNRPEP4
LDHA	LDHA
MICB	MICB
HNRNPH3	HNRNPH3
SMYD2	SMYD2
ATP8B2	ATP8B2
SEMA4C	SEMA4C
SLIT1	SLIT1
LOC729444;OTTHUMG00000150594;XXbac-B33L19.3	LOC729444;OTTHUMG00000150594;XXbac-B33L19.3
ATRNL1	ATRNL1
PPP2R5E	PPP2R5E
TAF10	TAF10
PCBP3	PCBP3
CRYAB	CRYAB
LIMD2	LIMD2
HIST2H2BA	HIST2H2BA
COL2A1	COL2A1
RHOQP2	RHOQP2
C9orf135	C9orf135
OPN3	OPN3
ARHGAP44	ARHGAP44
EHMT2	EHMT2
MPPE1	MPPE1
TST	TST
RTN3	RTN3
MRPS28	MRPS28
DVL2	DVL2
SNHG1;SNORD22;SNORD25;SNORD26;SNORD27;SNORD28;SNORD29;SNORD30;SNORD31	SNHG1;SNORD22;SNORD25;SNORD26;SNORD27;SNORD28;SNORD29;SNORD30;SNORD31
IGFN1	IGFN1
MFSD4	MFSD4
ARID1A	ARID1A
FAM118A	FAM118A
ERBB2;MIR4728	ERBB2;MIR4728
LOC285540;PI4K2B	LOC285540;PI4K2B
SCD	SCD
IQCK	IQCK
RALB	RALB
USF1	USF1
TACO1	TACO1
AC012317.1;FLJ45256;OTTHUMG00000131650	AC012317.1;FLJ45256;OTTHUMG00000131650
TP53TG1	TP53TG1
PSMG1	PSMG1
DOPEY1	DOPEY1
RHNO1	RHNO1
MIR3610;RAD21	MIR3610;RAD21
EIF3G	EIF3G
WNT11	WNT11
PCYT1A	PCYT1A
YPEL4	YPEL4
RAB9B	RAB9B
IER3	IER3
IDI1	IDI1
MAMDC2-AS1;OTTHUMG00000019986;RP11-195E11.2	MAMDC2-AS1;OTTHUMG00000019986;RP11-195E11.2
IPO9	IPO9
SP2	SP2
AP1M2	AP1M2
VRK3	VRK3
GPR158	GPR158
PCLO	PCLO
NUAK2	NUAK2
ZER1	ZER1
ABCA9	ABCA9
GGH	GGH
OTTHUMG00000032678;RP11-347D21.3	OTTHUMG00000032678;RP11-347D21.3
BPHL	BPHL
MLF1IP	MLF1IP
FZD2	FZD2
SKIDA1	SKIDA1
STIM2	STIM2
CNOT7	CNOT7
KIAA0391	KIAA0391
STC2	STC2
OTTHUMG00000019543;RP11-75C9.1	OTTHUMG00000019543;RP11-75C9.1
DNAJB2	DNAJB2
GOLGA6D	GOLGA6D
GLMN	GLMN
VWA9	VWA9
HCG27;LOC100996357	HCG27;LOC100996357
ENTPD7	ENTPD7
MSX2	MSX2
OTTHUMG00000012342;RP11-418J17.1	OTTHUMG00000012342;RP11-418J17.1
PIH1D2	PIH1D2
C21orf90	C21orf90
TWISTNB	TWISTNB
OTTHUMG00000163952;RP11-11N9.4	OTTHUMG00000163952;RP11-11N9.4
ATG9B	ATG9B
LEPREL1-AS1	LEPREL1-AS1
CCDC163P	CCDC163P
C1orf226;NOS1AP	C1orf226;NOS1AP
WDR62	WDR62
PAMR1	PAMR1
FZD7	FZD7
THOC7	THOC7
EHMT2	EHMT2
NVL	NVL
RPL27	RPL27
SPRY3	SPRY3
SPRY3	SPRY3
CELF2	CELF2
MIR3136	MIR3136
GCSH;LOC101060817	GCSH;LOC101060817
SUCO	SUCO
ARGLU1	ARGLU1
ITCH-IT1	ITCH-IT1
KCNQ3	KCNQ3
SMC3	SMC3
DNAH17	DNAH17
C1R	C1R
NBAS	NBAS
OXTR	OXTR
ARAP1	ARAP1
B3GNT5	B3GNT5
FAM175A	FAM175A
LNX1	LNX1
NDST4	NDST4
EHMT2	EHMT2
RPS19	RPS19
STX12	STX12
DBF4	DBF4
PLD5	PLD5
CYP2U1	CYP2U1
CTSZ	CTSZ
EHMT2	EHMT2
LRPPRC	LRPPRC
DVL3	DVL3
SNORD114-15	SNORD114-15
AC017116.8;FLJ35390;LINC00957;OTTHUMG00000155351	AC017116.8;FLJ35390;LINC00957;OTTHUMG00000155351
CLCN3	CLCN3
LOC100507367;OTTHUMG00000015003;RP11-154D6.1	LOC100507367;OTTHUMG00000015003;RP11-154D6.1
C3	C3
S1PR3	S1PR3
GOLGA6B	GOLGA6B
POTEKP	POTEKP
NOL9	NOL9
EHMT2	EHMT2
EHMT2	EHMT2
EHMT2	EHMT2
KIAA0226;MIR922	KIAA0226;MIR922
VPS4B	VPS4B
PDDC1	PDDC1
HMGCS1	HMGCS1
SNRPA1	SNRPA1
FAM136A	FAM136A
LPPR2	LPPR2
CASD1	CASD1
ERCC6L2	ERCC6L2
FAM184A	FAM184A
WDR61	WDR61
RNF216P1	RNF216P1
CCDC12	CCDC12
AC012123.1;OTTHUMG00000154695	AC012123.1;OTTHUMG00000154695
UBR2	UBR2
HMGN2P46	HMGN2P46
NRP2	NRP2
AP4B1	AP4B1
DDX60L	DDX60L
HMGCR	HMGCR
OTTHUMG00000020422;RP11-287A8.6;SLC44A1	OTTHUMG00000020422;RP11-287A8.6;SLC44A1
TASP1	TASP1
LPAR3	LPAR3
RHOB	RHOB
LMCD1-AS1	LMCD1-AS1
PRSS53	PRSS53
GALNT8	GALNT8
FXC1;TIMM10B	FXC1;TIMM10B
TUBG1	TUBG1
DDTL	DDTL
ZNF815P	ZNF815P
CDCA8	CDCA8
LOC732360	LOC732360
LOC100505828;MGST3	LOC100505828;MGST3
HYPK	HYPK
PRSS56	PRSS56
GOLGA6L10;GOLGA6L3;GOLGA6L4;GOLGA6L9	GOLGA6L10;GOLGA6L3;GOLGA6L4;GOLGA6L9
MIR4706	MIR4706
TRIM43;TRIM43B	TRIM43;TRIM43B
POLK	POLK
SREK1	SREK1
MICB	MICB
STEAP3	STEAP3
C10orf2	C10orf2
SCAMP1	SCAMP1
KCTD1	KCTD1
OTTHUMG00000032631;RP11-465L10.7;SLC12A5	OTTHUMG00000032631;RP11-465L10.7;SLC12A5
DROSHA	DROSHA
GTF2H4	GTF2H4
SNAPC5	SNAPC5
LOC653160;OTTHUMG00000004046;RP11-244H3.1	LOC653160;OTTHUMG00000004046;RP11-244H3.1
HAUS6	HAUS6
LRRC4B	LRRC4B
SAMD4B	SAMD4B
EMILIN1	EMILIN1
HIST1H2BN	HIST1H2BN
AKAP12	AKAP12
LINC00548	LINC00548
RRH	RRH
MUL1	MUL1
FTSJ3	FTSJ3
STT3B	STT3B
GIN1	GIN1
ITGA1;PELO	ITGA1;PELO
LOC101060412;NPIP;NPIPA1;NPIPA3;NPIPA7;NPIPA8	LOC101060412;NPIP;NPIPA1;NPIPA3;NPIPA7;NPIPA8
CLPB	CLPB
FLJ38723	FLJ38723
THUMPD3	THUMPD3
MRPL24	MRPL24
KIF18B	KIF18B
PROKR1	PROKR1
RNF144A	RNF144A
HSPBAP1	HSPBAP1
TOE1	TOE1
VIM	VIM
BRF1	BRF1
AP4E1	AP4E1
SNW1	SNW1
FUT3	FUT3
APBB3	APBB3
AC133680.1;OTTHUMG00000155664	AC133680.1;OTTHUMG00000155664
HDAC5	HDAC5
PECR	PECR
RPL24	RPL24
CRNKL1	CRNKL1
EPHA4	EPHA4
BRCA2	BRCA2
SYT5	SYT5
L3HYPDH	L3HYPDH
CHAF1B	CHAF1B
TNXB	TNXB
CWC22	CWC22
PTGR2	PTGR2
VIMP	VIMP
ISCA1	ISCA1
LOC100131060	LOC100131060
SNORA38	SNORA38
SNORA38	SNORA38
FBXL19	FBXL19
ZNF853	ZNF853
SRBD1	SRBD1
IKBKAP	IKBKAP
SUN1	SUN1
F10	F10
OTTHUMG00000008188;RP11-296A18.6	OTTHUMG00000008188;RP11-296A18.6
INVS	INVS
CENPP;LOC100128361	CENPP;LOC100128361
RAB14	RAB14
MIR197	MIR197
TAF15	TAF15
LPIN1	LPIN1
APOBEC3B;APOBEC3B-AS1	APOBEC3B;APOBEC3B-AS1
STX2	STX2
SNORD114-18	SNORD114-18
CNTRL	CNTRL
RSL1D1	RSL1D1
BMP4	BMP4
DHRS3	DHRS3
ZNF789	ZNF789
LACC1	LACC1
CGGBP1	CGGBP1
NQO1	NQO1
SNORA5C	SNORA5C
AC011718.2;LOC642633;LOC729461;OTTHUMG00000150683	AC011718.2;LOC642633;LOC729461;OTTHUMG00000150683
LHX5	LHX5
MIR181A1	MIR181A1
ABCA8	ABCA8
PTPRM	PTPRM
SP110	SP110
LOC644554	LOC644554
OTTHUMG00000171061;RP11-192H23.4;SGK494;SPAG5	OTTHUMG00000171061;RP11-192H23.4;SGK494;SPAG5
FAM208B	FAM208B
ECT2	ECT2
OTTHUMG00000002261;RP5-857K21.1	OTTHUMG00000002261;RP5-857K21.1
OTTHUMG00000014752;RP5-1120P11.1	OTTHUMG00000014752;RP5-1120P11.1
AC131025.8;MIR143;MIR143HG;MIR145;OTTHUMG00000163505	AC131025.8;MIR143;MIR143HG;MIR145;OTTHUMG00000163505
TAF3	TAF3
SLC41A1	SLC41A1
RPS18	RPS18
RPS18	RPS18
RPS18	RPS18
RPS18	RPS18
RPS18	RPS18
PWWP2A	PWWP2A
THBS2	THBS2
ACSL6	ACSL6
PARD6G-AS1	PARD6G-AS1
ZFP37	ZFP37
BTN2A1	BTN2A1
ZMAT2	ZMAT2
STRIP2	STRIP2
ORMDL2	ORMDL2
TRIM43B	TRIM43B
MIR1292;NOP56;SNORA51;SNORD110;SNORD56;SNORD57;SNORD86	MIR1292;NOP56;SNORA51;SNORD110;SNORD56;SNORD57;SNORD86
GCSHP3	GCSHP3
HLA-DPB1	HLA-DPB1
VTCN1	VTCN1
GTPBP2	GTPBP2
CTNNA3	CTNNA3
HMGN2P18	HMGN2P18
ZNRF2	ZNRF2
LMAN1	LMAN1
PHLDB3	PHLDB3
LMAN2L	LMAN2L
NFIX	NFIX
AKR1A1	AKR1A1
PARP9	PARP9
COMMD1	COMMD1
MRPL51	MRPL51
RNA5SP506	RNA5SP506
NBPF7	NBPF7
KIAA1024	KIAA1024
ZBED5-AS1	ZBED5-AS1
RNU12	RNU12
LEMD2	LEMD2
RPS8;SNORD38A;SNORD38B;SNORD55	RPS8;SNORD38A;SNORD38B;SNORD55
STK32A	STK32A
LOC101060681;TNXB	LOC101060681;TNXB
LACE1	LACE1
RCAN3	RCAN3
PREX1	PREX1
LDHD	LDHD
CDH3	CDH3
ZNF286B	ZNF286B
TRO	TRO
OTTHUMG00000159825;RP11-392O18.1;SELT	OTTHUMG00000159825;RP11-392O18.1;SELT
OTTHUMG00000009024;RP11-24J23.2	OTTHUMG00000009024;RP11-24J23.2
NEUROG1	NEUROG1
BCKDHB	BCKDHB
OTTHUMG00000003650;RP1-212P9.2	OTTHUMG00000003650;RP1-212P9.2
WDR78	WDR78
ADPGK	ADPGK
FBXO4	FBXO4
ZNF689	ZNF689
MTBP	MTBP
ZNF236	ZNF236
GPR135	GPR135
KIAA0556	KIAA0556
TMEM126A	TMEM126A
PLAGL2	PLAGL2
MME	MME
GHR	GHR
LINC00202-2;OTTHUMG00000017847;RP13-16H11.7	LINC00202-2;OTTHUMG00000017847;RP13-16H11.7
SMIM7	SMIM7
CDC42EP2	CDC42EP2
PANX1	PANX1
SQRDL	SQRDL
LOC648771;NBEAL1	LOC648771;NBEAL1
NDUFB10	NDUFB10
AC138969.4;NPIPA2;NPIPA3;NPIPA5;OTTHUMG00000133624;PKD1P1	AC138969.4;NPIPA2;NPIPA3;NPIPA5;OTTHUMG00000133624;PKD1P1
TNXB	TNXB
PCIF1	PCIF1
TNXA;TNXB	TNXA;TNXB
PPM1E	PPM1E
DMRT3	DMRT3
SIRT1	SIRT1
LL22NC03-2H8.4;OTTHUMG00000151038	LL22NC03-2H8.4;OTTHUMG00000151038
RPS23	RPS23
RPL21;RPL21P28;SNORA27;SNORD102	RPL21;RPL21P28;SNORA27;SNORD102
TMC3	TMC3
HSPE1	HSPE1
PTPN18	PTPN18
UBE2G1	UBE2G1
MARS2	MARS2
PRLHR	PRLHR
OTTHUMG00000022220;RP5-964N17.1	OTTHUMG00000022220;RP5-964N17.1
EMP1	EMP1
TAB3-AS1	TAB3-AS1
MBTPS1	MBTPS1
C5orf17	C5orf17
CNTNAP5	CNTNAP5
OTTHUMG00000041039;RP11-439A17.10	OTTHUMG00000041039;RP11-439A17.10
PRNP	PRNP
TUG1	TUG1
MAN1B1	MAN1B1
VRK1	VRK1
MFSD11	MFSD11
SLC39A10	SLC39A10
HLA-L	HLA-L
SLC22A5	SLC22A5
C9orf96	C9orf96
HTR5BP	HTR5BP
TTC18	TTC18
FOXJ1	FOXJ1
JAKMIP1	JAKMIP1
MOB3A	MOB3A
BAIAP2L1;BRI3	BAIAP2L1;BRI3
KIAA0195	KIAA0195
LEO1	LEO1
RPL13;SNORD68	RPL13;SNORD68
MSANTD4	MSANTD4
POTEH	POTEH
RPL32;SNORA7A	RPL32;SNORA7A
SH3BP5-AS1	SH3BP5-AS1
WDR72	WDR72
CDC20P1	CDC20P1
SURF2	SURF2
CCT7	CCT7
ANK2	ANK2
FBXL14	FBXL14
SRPX2	SRPX2
SNRPF	SNRPF
NRF1;RNA5SP244	NRF1;RNA5SP244
APBA1;LOC100510701;OTTHUMG00000019980;RP11-548B3.3	APBA1;LOC100510701;OTTHUMG00000019980;RP11-548B3.3
MIR363	MIR363
AC017048.3;LOC375295;OTTHUMG00000154156	AC017048.3;LOC375295;OTTHUMG00000154156
GNAO1	GNAO1
CTD-2215L10.1;OTTHUMG00000161752	CTD-2215L10.1;OTTHUMG00000161752
COQ10A	COQ10A
LOC100288814	LOC100288814
OTTHUMG00000160532;RP11-227F19.1	OTTHUMG00000160532;RP11-227F19.1
RAB33B	RAB33B
GZMB	GZMB
GBP7	GBP7
SLC27A6	SLC27A6
LOC101060429;PKD1	LOC101060429;PKD1
NCK2	NCK2
PLA2R1	PLA2R1
XPO1	XPO1
HIGD1A	HIGD1A
PCBP4	PCBP4
PCSK1	PCSK1
PNCK	PNCK
ENDOD1	ENDOD1
MDM2	MDM2
INSR	INSR
N6AMT1	N6AMT1
MYSM1	MYSM1
C1S	C1S
AC009948.5;OTTHUMG00000154423	AC009948.5;OTTHUMG00000154423
DFFB	DFFB
RCC1;SNHG3;SNORA73A	RCC1;SNHG3;SNORA73A
ANKZF1	ANKZF1
SCN10A	SCN10A
OTTHUMG00000004419;RP11-70P17.1	OTTHUMG00000004419;RP11-70P17.1
RAB8B	RAB8B
SNAR-G2	SNAR-G2
MIR1228	MIR1228
PNMA2	PNMA2
TMEM165	TMEM165
OTTHUMG00000041308;RP4-799P18.4	OTTHUMG00000041308;RP4-799P18.4
CTNNA1	CTNNA1
ETAA1	ETAA1
FAM169A	FAM169A
RABL5	RABL5
MURC	MURC
LOC100506804;OTTHUMG00000015048;RP1-234P15.4	LOC100506804;OTTHUMG00000015048;RP1-234P15.4
SCPEP1	SCPEP1
MSH5	MSH5
ZNF143	ZNF143
ZNF222	ZNF222
FAM213A	FAM213A
JHDM1D	JHDM1D
ELMOD1;LOC643923	ELMOD1;LOC643923
DMGDH	DMGDH
DYX1C1	DYX1C1
OTTHUMG00000158417;RP11-286H14.6;TSPAN33	OTTHUMG00000158417;RP11-286H14.6;TSPAN33
CIB1	CIB1
EEF1D	EEF1D
LINC00403	LINC00403
PA2G4	PA2G4
ZNF532	ZNF532
SNX31	SNX31
OTTHUMG00000021018;RP11-143M1.3	OTTHUMG00000021018;RP11-143M1.3
C4orf46	C4orf46
HLA-L	HLA-L
MEPCE	MEPCE
C19orf43	C19orf43
SYDE2	SYDE2
GALNT8;KCNA6	GALNT8;KCNA6
SNTB2	SNTB2
RANGRF	RANGRF
TNXA;TNXB	TNXA;TNXB
ISCA2	ISCA2
METTL21B	METTL21B
GRAMD3	GRAMD3
FAH	FAH
MMS22L	MMS22L
CIRH1A	CIRH1A
TMED9	TMED9
ZNF786	ZNF786
MBD4	MBD4
TPTE2P6	TPTE2P6
ZNF398	ZNF398
UNC80	UNC80
IDUA	IDUA
REEP4	REEP4
C3orf58	C3orf58
GATSL3;OTTHUMG00000162144;RP1-130H16.18;TBC1D10A	GATSL3;OTTHUMG00000162144;RP1-130H16.18;TBC1D10A
USP32	USP32
LSM4	LSM4
PDE1B	PDE1B
PAPPA	PAPPA
TOR2A	TOR2A
C12orf23	C12orf23
PYCR1	PYCR1
AC090044.2;OTTHUMG00000154884	AC090044.2;OTTHUMG00000154884
PLA2G15	PLA2G15
BCOR	BCOR
PTDSS2	PTDSS2
MAPKAP1	MAPKAP1
COA6	COA6
RPL19	RPL19
PGLS	PGLS
RGS20	RGS20
TOP3B	TOP3B
PTPDC1	PTPDC1
ZNF260	ZNF260
PVRL1	PVRL1
ALMS1-IT1	ALMS1-IT1
CEP135	CEP135
LGMN	LGMN
KCNA2	KCNA2
NUMB	NUMB
TSC22D1	TSC22D1
GTF2H4	GTF2H4
NTPCR	NTPCR
BCL2L15	BCL2L15
SLC30A7	SLC30A7
VSIG1	VSIG1
SCIN	SCIN
TNXB	TNXB
FGF13	FGF13
ATAD2	ATAD2
CDK20	CDK20
ATG4D	ATG4D
SLC22A15	SLC22A15
ARV1	ARV1
TLE1	TLE1
AGO1;EIF2C1	AGO1;EIF2C1
SFR1	SFR1
UBE2E3	UBE2E3
PRRC1	PRRC1
KITLG	KITLG
SPSB1	SPSB1
MIR205;MIR205HG	MIR205;MIR205HG
RNA5SP452	RNA5SP452
OTTHUMG00000001096;OTTHUMG00000001097;RP11-34P13.7;RP11-34P13.8	OTTHUMG00000001096;OTTHUMG00000001097;RP11-34P13.7;RP11-34P13.8
IER5	IER5
CD99P1	CD99P1
PFN1	PFN1
NFKBIE	NFKBIE
GTF2H4	GTF2H4
GTF2H4	GTF2H4
GTF2H4	GTF2H4
GTF2H4	GTF2H4
NOC3L	NOC3L
MIR21;VMP1	MIR21;VMP1
HAS2	HAS2
RNU7-23P	RNU7-23P
HECW2	HECW2
FAM98A	FAM98A
ZSWIM4	ZSWIM4
C4orf21	C4orf21
HSD11B1	HSD11B1
SH3BGR	SH3BGR
LOC100130557	LOC100130557
OTTHUMG00000043432;XXyac-YX155B6.6	OTTHUMG00000043432;XXyac-YX155B6.6
SNORD114-13	SNORD114-13
VLDLR	VLDLR
FAM45B	FAM45B
CDCA5	CDCA5
IL7	IL7
FANCA	FANCA
RRN3	RRN3
BCL3	BCL3
COL5A1	COL5A1
MIR25	MIR25
MIR18B	MIR18B
LINC00395	LINC00395
CYP2G1P	CYP2G1P
AC060834.3;OTTHUMG00000151925	AC060834.3;OTTHUMG00000151925
ARPC1A	ARPC1A
ATP10A	ATP10A
NDC1;TMEM48	NDC1;TMEM48
ABT1	ABT1
ANAPC7	ANAPC7
ST7L	ST7L
HLA-L	HLA-L
OTTHUMG00000164842;RP11-417F21.1	OTTHUMG00000164842;RP11-417F21.1
GPD1L	GPD1L
LYRM1	LYRM1
MKKS	MKKS
CPNE1;RBM12	CPNE1;RBM12
GMPS	GMPS
SNORD114-9	SNORD114-9
FRYL	FRYL
ARHGAP36	ARHGAP36
SLC2A1	SLC2A1
OTUD5	OTUD5
OXSM	OXSM
NAV1	NAV1
MGAT1	MGAT1
C7orf69	C7orf69
NRG2	NRG2
STX5	STX5
RER1	RER1
SPAG7	SPAG7
XKR5	XKR5
SREBF2	SREBF2
SLC4A9	SLC4A9
TOR1AIP1	TOR1AIP1
CBR1	CBR1
HSD17B11	HSD17B11
LOC286367	LOC286367
LIN9	LIN9
TRPC4AP	TRPC4AP
NUP205	NUP205
UHRF1BP1	UHRF1BP1
LYPLAL1	LYPLAL1
GFPT2	GFPT2
EEF2K;LOC101060570	EEF2K;LOC101060570
LOC100527964;OTTHUMG00000035113;RP5-1180C10.2	LOC100527964;OTTHUMG00000035113;RP5-1180C10.2
ITFG2;LOC100507424	ITFG2;LOC100507424
SNORD123	SNORD123
CHCHD3	CHCHD3
ADAM19	ADAM19
MIR100	MIR100
ADA	ADA
AC093171.1;OTTHUMG00000154964	AC093171.1;OTTHUMG00000154964
PHLDA1	PHLDA1
SUZ12	SUZ12
KCNIP2	KCNIP2
OTTHUMG00000156971;RP5-857K21.15	OTTHUMG00000156971;RP5-857K21.15
TMEM208	TMEM208
ZNF529	ZNF529
SUPT16H	SUPT16H
OTTHUMG00000150500;RP11-403H13.1	OTTHUMG00000150500;RP11-403H13.1
LOC100996870;OTTHUMG00000013291;RP11-262H14.1	LOC100996870;OTTHUMG00000013291;RP11-262H14.1
RPL6	RPL6
PPARGC1B	PPARGC1B
KCTD2	KCTD2
AC009961.3;OTTHUMG00000154081	AC009961.3;OTTHUMG00000154081
UAP1L1	UAP1L1
MED31	MED31
ILVBL	ILVBL
USP9X	USP9X
GSTM2	GSTM2
IL1RAP	IL1RAP
FAM21D	FAM21D
ANKRD30BL;LOC100132154	ANKRD30BL;LOC100132154
PDP1	PDP1
HAUS4;MIR4707	HAUS4;MIR4707
APPL2	APPL2
CCDC90A;MCUR1	CCDC90A;MCUR1
LARP6	LARP6
OR2A20P;OR2A9P	OR2A20P;OR2A9P
CHRFAM7A	CHRFAM7A
SDC2	SDC2
C6orf57	C6orf57
PUM2	PUM2
LCNL1	LCNL1
RPL39L	RPL39L
TP53BP1	TP53BP1
RIMBP2	RIMBP2
LRP10	LRP10
SNORD116-29	SNORD116-29
C9orf89	C9orf89
HMGN1P30	HMGN1P30
CWC27	CWC27
LPPR1;OTTHUMG00000020373	LPPR1;OTTHUMG00000020373
RNU5D-1	RNU5D-1
OR8B4	OR8B4
ACER2	ACER2
MYL5	MYL5
ERVK13-1	ERVK13-1
MIR219-2;MIR2964A	MIR219-2;MIR2964A
HTT	HTT
INTS7	INTS7
CPPED1	CPPED1
EIF2B2	EIF2B2
CDCA3	CDCA3
MBD3	MBD3
LOC100129203	LOC100129203
MIR1537	MIR1537
RPS25	RPS25
YWHAE	YWHAE
VPS72	VPS72
HLA-L	HLA-L
PHKG2	PHKG2
MRE11A	MRE11A
DHRS7B	DHRS7B
KCNK2	KCNK2
ADAT2	ADAT2
DAD1	DAD1
ZDHHC24	ZDHHC24
METTL7A	METTL7A
ARNTL	ARNTL
PIAS4	PIAS4
CNN2	CNN2
USP18	USP18
TMEM55B	TMEM55B
CYB5R1	CYB5R1
MTHFS	MTHFS
OTTHUMG00000035848;PLEKHO1;RP11-458I7.4	OTTHUMG00000035848;PLEKHO1;RP11-458I7.4
OTTHUMG00000156583;RP5-945F2.2	OTTHUMG00000156583;RP5-945F2.2
UQCC	UQCC
TRIM9	TRIM9
BGN	BGN
CHST2	CHST2
PPT2;PPT2-EGFL8	PPT2;PPT2-EGFL8
MFSD10	MFSD10
MYL6	MYL6
RHOC	RHOC
HCG27	HCG27
ELFN2;OTTHUMG00000150561;RP1-63G5.5	ELFN2;OTTHUMG00000150561;RP1-63G5.5
SEPT7P2	SEPT7P2
FAM127A	FAM127A
NHLRC3	NHLRC3
LARS	LARS
CPNE5	CPNE5
MIR3936	MIR3936
LSAMP-AS3;TUSC7	LSAMP-AS3;TUSC7
KCTD14;NDUFC2;NDUFC2-KCTD14	KCTD14;NDUFC2;NDUFC2-KCTD14
YWHAZ	YWHAZ
GJA1	GJA1
CNRIP1	CNRIP1
GMEB2	GMEB2
LOC100129518;SOD2	LOC100129518;SOD2
OTTHUMG00000014248;RP11-637O19.2	OTTHUMG00000014248;RP11-637O19.2
OTTHUMG00000162825;RP11-254I22.1	OTTHUMG00000162825;RP11-254I22.1
FLT3LG	FLT3LG
OTTHUMG00000151207;RP3-412A9.11;SELM	OTTHUMG00000151207;RP3-412A9.11;SELM
ASH2L	ASH2L
ATP6AP1L;FLJ41309	ATP6AP1L;FLJ41309
PEX12	PEX12
NRSN1	NRSN1
C15orf48;MIR147B	C15orf48;MIR147B
ETHE1	ETHE1
C7orf55;C7orf55-LUC7L2;LUC7L2	C7orf55;C7orf55-LUC7L2;LUC7L2
OTTHUMG00000032288;RALY;RP1-64K7.4	OTTHUMG00000032288;RALY;RP1-64K7.4
AGFG2	AGFG2
OTTHUMG00000020083;RP11-154D17.1	OTTHUMG00000020083;RP11-154D17.1
MIR3120	MIR3120
RAVER1	RAVER1
TCF4	TCF4
LOC100132815	LOC100132815
H1F0	H1F0
RNA5SP161	RNA5SP161
F8	F8
OTTHUMG00000015100;RP5-991C6.4	OTTHUMG00000015100;RP5-991C6.4
UNC13C	UNC13C
JDP2	JDP2
LGALS1	LGALS1
PIR	PIR
OTTHUMG00000163980;RP11-962G15.1	OTTHUMG00000163980;RP11-962G15.1
C1orf106	C1orf106
MRPS31	MRPS31
SIRT2	SIRT2
ASAH2B	ASAH2B
ABCA2	ABCA2
ADORA2A	ADORA2A
TTBK2	TTBK2
ZNF607	ZNF607
RNU7-35P	RNU7-35P
VDR	VDR
MIS18A	MIS18A
AVPI1	AVPI1
MIR4311	MIR4311
AEBP1;MIR4649	AEBP1;MIR4649
PRKCH	PRKCH
MAPT	MAPT
ORC1	ORC1
KLHL12	KLHL12
NFKBIZ	NFKBIZ
LOC645752	LOC645752
TMTC2	TMTC2
RABL6	RABL6
LOC220729	LOC220729
C20orf72;MGME1	C20orf72;MGME1
OTTHUMG00000021315;RP1-146A15.1	OTTHUMG00000021315;RP1-146A15.1
PCK1	PCK1
NXPE3	NXPE3
RALGPS2	RALGPS2
RALYL	RALYL
UBR3	UBR3
FAM3A	FAM3A
NLRP2	NLRP2
C19orf48;SNORD88C	C19orf48;SNORD88C
RPS27	RPS27
ZNF747	ZNF747
CTD-2340D6.1;OTTHUMG00000164700	CTD-2340D6.1;OTTHUMG00000164700
ZDHHC14	ZDHHC14
HTR3A	HTR3A
SFMBT1	SFMBT1
CYP4F43P;LOC440905	CYP4F43P;LOC440905
HLA-B	HLA-B
AP001469.9;MCM3AP;OTTHUMG00000090631	AP001469.9;MCM3AP;OTTHUMG00000090631
AAMDC	AAMDC
GMNN	GMNN
AC007731.1;LOC101060787;OTTHUMG00000150686	AC007731.1;LOC101060787;OTTHUMG00000150686
LINC00887;OTTHUMG00000155982;RP11-513G11.1	LINC00887;OTTHUMG00000155982;RP11-513G11.1
NRBP1	NRBP1
OTTHUMG00000015546;OTTHUMG00000015548;RP1-69D17.3;RP1-69D17.4	OTTHUMG00000015546;OTTHUMG00000015548;RP1-69D17.3;RP1-69D17.4
STK17A	STK17A
NMB	NMB
GUK1	GUK1
EFHA1;MICU2	EFHA1;MICU2
MIR611;TMEM258	MIR611;TMEM258
LMF2	LMF2
ZNF814	ZNF814
ZFYVE26	ZFYVE26
TLE2	TLE2
TTC9C	TTC9C
MAZ	MAZ
RENBP	RENBP
SLC7A11-AS1	SLC7A11-AS1
CLTC	CLTC
PTCD2	PTCD2
SMAD9	SMAD9
PCYT2	PCYT2
OTTHUMG00000013217;RP11-211N8.2	OTTHUMG00000013217;RP11-211N8.2
ADH5P4	ADH5P4
ISCA1P1	ISCA1P1
WFDC1	WFDC1
NR2C2AP	NR2C2AP
C2orf29;CNOT11	C2orf29;CNOT11
THUMPD1	THUMPD1
UBE2Q1	UBE2Q1
HMOX2	HMOX2
IGSF8	IGSF8
DENND5B	DENND5B
DHX58	DHX58
SMAD9-AS1	SMAD9-AS1
C3orf67	C3orf67
MIR21	MIR21
PHKA1	PHKA1
HOXD9	HOXD9
SNORD114-16	SNORD114-16
SCARNA5	SCARNA5
ATF1	ATF1
MATR3;SNHG4	MATR3;SNHG4
CNOT1	CNOT1
PSMC3	PSMC3
KCNK6	KCNK6
AL583842.6;OTTHUMG00000013382	AL583842.6;OTTHUMG00000013382
OTTHUMG00000016714;RP11-141M1.3;STARD13	OTTHUMG00000016714;RP11-141M1.3;STARD13
ABLIM1	ABLIM1
FLJ37644	FLJ37644
OTTHUMG00000164799;RP11-318M2.3	OTTHUMG00000164799;RP11-318M2.3
STAC2	STAC2
ENOX1	ENOX1
SPAG16	SPAG16
ZNF385D-AS1	ZNF385D-AS1
COL4A3BP	COL4A3BP
PLSCR4	PLSCR4
TCF7L2	TCF7L2
ZNF622	ZNF622
RBM4B	RBM4B
SMARCAL1	SMARCAL1
DUS2L	DUS2L
CLDN22;WWC2	CLDN22;WWC2
RNU6-14P	RNU6-14P
FAM185A	FAM185A
TRIM45	TRIM45
PPIL1	PPIL1
ACE	ACE
HMGN5	HMGN5
LOC101060511;PRKAB2	LOC101060511;PRKAB2
LOC100507018;OTTHUMG00000165073;RP11-383J24.5	LOC100507018;OTTHUMG00000165073;RP11-383J24.5
FIGNL2	FIGNL2
MIR4724;RAB11FIP4	MIR4724;RAB11FIP4
DCLRE1A	DCLRE1A
ERBB3	ERBB3
GNPNAT1	GNPNAT1
GUSBP1;GUSBP4;LINC00680;LOC100996497	GUSBP1;GUSBP4;LINC00680;LOC100996497
SFT2D3	SFT2D3
SPATS2	SPATS2
CNP	CNP
ESPL1	ESPL1
TMEM70	TMEM70
ARL6IP5	ARL6IP5
FAM86B2	FAM86B2
TAC3	TAC3
KIF9-AS1	KIF9-AS1
SCARNA27	SCARNA27
IGFBP5	IGFBP5
PLEKHA7	PLEKHA7
P2RX7	P2RX7
MAP3K2	MAP3K2
TTLL6	TTLL6
LARP1B	LARP1B
NAT6	NAT6
AMFR	AMFR
ID2B	ID2B
ARHGAP17	ARHGAP17
ATG4B	ATG4B
HAUS2	HAUS2
WDR34	WDR34
OTTHUMG00000020572;PSMD5-AS1;RP11-27I1.2	OTTHUMG00000020572;PSMD5-AS1;RP11-27I1.2
MTCH1	MTCH1
RHD	RHD
DBC1	DBC1
PFKFB3	PFKFB3
GPBP1	GPBP1
SF3A1	SF3A1
CAPN7	CAPN7
PHF23	PHF23
SP140	SP140
SNORA38B	SNORA38B
FAM54A;MTFR2	FAM54A;MTFR2
DUSP28	DUSP28
SLC25A32	SLC25A32
OTTHUMG00000162414;RP11-266N13.2	OTTHUMG00000162414;RP11-266N13.2
TTC8	TTC8
KDM1A	KDM1A
KCNH1	KCNH1
SLX4	SLX4
UBE2B	UBE2B
SPPL2A	SPPL2A
BDKRB2	BDKRB2
OTTHUMG00000016828;RP11-478K15.1	OTTHUMG00000016828;RP11-478K15.1
TRIM62	TRIM62
SACS	SACS
HLA-B	HLA-B
ABCB1	ABCB1
OTTHUMG00000017739;RP11-197M22.2	OTTHUMG00000017739;RP11-197M22.2
AGK	AGK
SLCO4C1	SLCO4C1
DCC	DCC
MIR4442;TOP2B	MIR4442;TOP2B
ENO4;OTTHUMG00000019112;RP11-539I5.2	ENO4;OTTHUMG00000019112;RP11-539I5.2
CRBN	CRBN
VSTM4	VSTM4
RAB38	RAB38
ETV6	ETV6
MIR4262	MIR4262
SCAF11	SCAF11
EIF3J	EIF3J
CACNG2	CACNG2
WWTR1	WWTR1
POP5	POP5
CAND2	CAND2
CCDC58	CCDC58
DOCK8	DOCK8
LOC100288637	LOC100288637
MAB21L2	MAB21L2
ICK	ICK
KIAA0196	KIAA0196
ZMYM1	ZMYM1
ANKRD9	ANKRD9
SLC5A10	SLC5A10
DNHD1	DNHD1
SLITRK4	SLITRK4
ARID4B	ARID4B
LOC100506695;PHF21B	LOC100506695;PHF21B
C14orf159	C14orf159
CPSF7	CPSF7
CLK2	CLK2
CRABP1	CRABP1
PCF11	PCF11
VWCE	VWCE
TMEM169	TMEM169
C2CD5	C2CD5
DR1	DR1
LDLR	LDLR
LYSMD2	LYSMD2
OTTHUMG00000022240;RP11-761E20.1	OTTHUMG00000022240;RP11-761E20.1
S100A10	S100A10
FAM208A	FAM208A
INTS12	INTS12
C2orf15;MRPL30	C2orf15;MRPL30
MIR548H4	MIR548H4
TMEM41A	TMEM41A
ZNF519	ZNF519
OTTHUMG00000157254;RP11-33A14.1	OTTHUMG00000157254;RP11-33A14.1
ARHGDIG	ARHGDIG
HOXA6	HOXA6
FSCN1;LOC100653350	FSCN1;LOC100653350
DNAAF2	DNAAF2
ZNF394	ZNF394
OTTHUMG00000041221;RP11-285F7.2	OTTHUMG00000041221;RP11-285F7.2
WDR6	WDR6
OTTHUMG00000164865;RP11-410L14.2	OTTHUMG00000164865;RP11-410L14.2
LEPREL4	LEPREL4
LOC145837	LOC145837
RTKN	RTKN
FOXN2	FOXN2
ZNF702P	ZNF702P
GPX1	GPX1
HIST1H2AC	HIST1H2AC
PSMD4	PSMD4
TRIM28	TRIM28
FLRT3	FLRT3
OTTHUMG00000159435;RP11-242C19.2	OTTHUMG00000159435;RP11-242C19.2
HERC6	HERC6
ABHD17B;FAM108B1	ABHD17B;FAM108B1
GOLIM4	GOLIM4
C11orf84	C11orf84
MLH1	MLH1
NCR3LG1	NCR3LG1
ZNF134	ZNF134
HLA-B	HLA-B
FAM100B;UBALD2	FAM100B;UBALD2
CTB-118N6.3;OTTHUMG00000162986	CTB-118N6.3;OTTHUMG00000162986
SND1;SND1-IT1	SND1;SND1-IT1
AC104809.3;OTTHUMG00000151855	AC104809.3;OTTHUMG00000151855
NT5C2	NT5C2
FAM45A;FAM45B	FAM45A;FAM45B
DNAJC3-AS1	DNAJC3-AS1
VEZF1	VEZF1
SMEK2	SMEK2
PLAUR	PLAUR
BEND6	BEND6
KAT2B	KAT2B
ZNF641	ZNF641
BDH1	BDH1
TMEM198B	TMEM198B
RNU7-20P	RNU7-20P
COX6B2;FAM71E2	COX6B2;FAM71E2
SV2B	SV2B
ACOX1	ACOX1
METTL25	METTL25
KLHL42	KLHL42
FBXL8;HSF4	FBXL8;HSF4
NCLN	NCLN
NXN	NXN
OTTHUMG00000014787;RP11-446F17.3	OTTHUMG00000014787;RP11-446F17.3
OTTHUMG00000018686;RP11-380G5.2	OTTHUMG00000018686;RP11-380G5.2
MRPL41	MRPL41
GPR35	GPR35
ATE1	ATE1
AC007091.1;OTTHUMG00000152489	AC007091.1;OTTHUMG00000152489
LGR5	LGR5
SPCS3	SPCS3
TRIAP1	TRIAP1
TGM2	TGM2
CLDN16	CLDN16
WRAP53	WRAP53
ZNF326	ZNF326
CBFB	CBFB
LGI3	LGI3
SH3GLB1	SH3GLB1
UBA2	UBA2
PHLPP1	PHLPP1
USP34	USP34
TPBG	TPBG
UPF1	UPF1
DOK6	DOK6
STAT2	STAT2
ZBED4	ZBED4
ETFA	ETFA
OTTHUMG00000035508;RP1-45C12.1	OTTHUMG00000035508;RP1-45C12.1
RSRC2	RSRC2
MANBA	MANBA
OTTHUMG00000164068;RP11-723D22.2	OTTHUMG00000164068;RP11-723D22.2
FAM3C	FAM3C
HLA-B	HLA-B
RFC5	RFC5
KCND1	KCND1
TMEM185A	TMEM185A
FKBP1A	FKBP1A
ZNF687	ZNF687
B4GALT1	B4GALT1
ZNF32-AS3	ZNF32-AS3
NAMPT	NAMPT
UQCRHL	UQCRHL
MRS2	MRS2
RNU7-37P	RNU7-37P
MEIS1-AS1;MEIS1-AS2	MEIS1-AS1;MEIS1-AS2
DNMBP	DNMBP
ZNF443	ZNF443
TUBA4B	TUBA4B
PARD6G	PARD6G
MREG	MREG
MIR218-1	MIR218-1
THSD7A	THSD7A
H1FX	H1FX
METTL16	METTL16
PPHLN1	PPHLN1
RPS2P32	RPS2P32
HCG15;HCG16	HCG15;HCG16
HCG15;HCG16	HCG15;HCG16
HCG15;HCG16	HCG15;HCG16
HCG15;HCG16	HCG15;HCG16
HCG15;HCG16	HCG15;HCG16
HCG15;HCG16	HCG15;HCG16
HCG15;HCG16	HCG15;HCG16
FAM27E3	FAM27E3
OTTHUMG00000164076;RP11-15G16.1	OTTHUMG00000164076;RP11-15G16.1
RPN2	RPN2
KIAA1656;OTTHUMG00000151008;RNF215;RP1-130H16.16	KIAA1656;OTTHUMG00000151008;RNF215;RP1-130H16.16
FGF14-AS2	FGF14-AS2
LOC100505616	LOC100505616
CBWD3;CBWD5;CBWD7;LOC101060578	CBWD3;CBWD5;CBWD7;LOC101060578
ACTR3	ACTR3
TAOK3	TAOK3
MICA	MICA
ITGBL1;OTTHUMG00000017298;RP11-397O8.4	ITGBL1;OTTHUMG00000017298;RP11-397O8.4
SNORD114-19	SNORD114-19
BEGAIN	BEGAIN
MIR664;SNORA36B	MIR664;SNORA36B
TMEM205	TMEM205
C1orf52	C1orf52
CARHSP1	CARHSP1
DTX3	DTX3
SNUPN	SNUPN
PSEN1	PSEN1
ESYT2	ESYT2
STX1B	STX1B
MGAT4B	MGAT4B
AC000123.3;OTTHUMG00000066283	AC000123.3;OTTHUMG00000066283
THRA	THRA
BRD1	BRD1
CDT1	CDT1
DNAH7	DNAH7
KCNMB4	KCNMB4
TANK	TANK
RXRB	RXRB
CBX7;OTTHUMG00000151026;RP4-742C19.8	CBX7;OTTHUMG00000151026;RP4-742C19.8
OTTHUMG00000160092;RP11-689P11.2	OTTHUMG00000160092;RP11-689P11.2
ELP5	ELP5
LINC00698	LINC00698
ANO3	ANO3
OPRD1	OPRD1
BSDC1	BSDC1
WBP2	WBP2
ROBO1	ROBO1
MYO9B	MYO9B
AC010980.2;LOC440934;OTTHUMG00000153406	AC010980.2;LOC440934;OTTHUMG00000153406
LAMB2	LAMB2
ARL2	ARL2
ACVR2A	ACVR2A
MMGT1	MMGT1
NEDD4	NEDD4
C11orf65	C11orf65
FAT3	FAT3
MXD1	MXD1
BRMS1L	BRMS1L
OTTHUMG00000015764;RP11-361F15.2;STXBP5	OTTHUMG00000015764;RP11-361F15.2;STXBP5
ATP11B	ATP11B
TCEA1	TCEA1
KDM4B	KDM4B
TROAP	TROAP
RNU6-46P	RNU6-46P
NEFH	NEFH
LOC283299	LOC283299
PENK	PENK
RXRB	RXRB
YWHAQ	YWHAQ
MIRLET7DHG	MIRLET7DHG
RMI1	RMI1
MTHFD1	MTHFD1
SNORD114-11	SNORD114-11
UBE2S	UBE2S
LOC647264	LOC647264
CTSL1	CTSL1
CC2D1A	CC2D1A
TGS1	TGS1
SLC25A1	SLC25A1
WHSC1	WHSC1
HIST1H1B	HIST1H1B
ZNF516	ZNF516
ECHDC1	ECHDC1
OTTHUMG00000134301;RP11-15M15.1	OTTHUMG00000134301;RP11-15M15.1
TMPO-AS1	TMPO-AS1
SH3BP4	SH3BP4
AC097500.2;OTTHUMG00000154250	AC097500.2;OTTHUMG00000154250
MIR216A	MIR216A
DDR2	DDR2
BEND7	BEND7
MRPS11	MRPS11
ASMTL	ASMTL
DDT	DDT
ADAMTS17	ADAMTS17
SNRNP40	SNRNP40
ARF5	ARF5
TMED5	TMED5
OR1F1	OR1F1
DCDC1;DCDC5	DCDC1;DCDC5
SOCS6	SOCS6
GLS2	GLS2
SORCS1	SORCS1
BIRC6	BIRC6
WWC1	WWC1
YPEL1	YPEL1
RPL38	RPL38
CNPY4	CNPY4
DNA2	DNA2
ARF1;MIR3620	ARF1;MIR3620
MTA1	MTA1
ATG2B	ATG2B
LOC100506403;RUNX1	LOC100506403;RUNX1
MKL2	MKL2
NUDT11	NUDT11
GNB4	GNB4
RXRB	RXRB
SCARNA22	SCARNA22
EMC3	EMC3
C9orf41	C9orf41
PRR12	PRR12
SEC23IP	SEC23IP
OTTHUMG00000159877;RP11-454C18.2	OTTHUMG00000159877;RP11-454C18.2
PIKFYVE	PIKFYVE
SSC5D	SSC5D
CARM1	CARM1
LRP6	LRP6
CHRAC1	CHRAC1
LRTOMT	LRTOMT
C12orf43	C12orf43
CAPZA2	CAPZA2
NAE1	NAE1
SNORD114-31	SNORD114-31
CSNK2A2	CSNK2A2
CFC1;CFC1B	CFC1;CFC1B
SUGP1	SUGP1
RNA5SP242	RNA5SP242
FAM174B	FAM174B
IL33	IL33
TMEM218	TMEM218
CAMKK2	CAMKK2
MIR3935	MIR3935
GSTP1	GSTP1
STRN	STRN
HEATR2	HEATR2
SCAI	SCAI
TINAGL1	TINAGL1
MSH5;MSH5-SAPCD1	MSH5;MSH5-SAPCD1
CATSPER2	CATSPER2
USP41	USP41
LOC100507468;OTTHUMG00000156644;RP5-942I16.1	LOC100507468;OTTHUMG00000156644;RP5-942I16.1
CNTF;ZFP91;ZFP91-CNTF	CNTF;ZFP91;ZFP91-CNTF
FOXD1	FOXD1
THAP5	THAP5
UXS1	UXS1
KPNA7	KPNA7
HMGN2P15	HMGN2P15
SNORA80B	SNORA80B
EPOR	EPOR
COTL1	COTL1
CDKL5	CDKL5
XPO7	XPO7
ARHGEF7	ARHGEF7
C10orf12;LCOR	C10orf12;LCOR
KCNK1	KCNK1
USP3	USP3
FLNB	FLNB
GABRA3	GABRA3
ZNF252P	ZNF252P
MIR20B	MIR20B
C1orf192	C1orf192
AC018462.2;OTTHUMG00000152512	AC018462.2;OTTHUMG00000152512
APMAP	APMAP
CTD-2015H6.3;OTTHUMG00000162534	CTD-2015H6.3;OTTHUMG00000162534
FAF2	FAF2
RFC2	RFC2
CCDC25	CCDC25
OTTHUMG00000153136;RP1-151F17.1	OTTHUMG00000153136;RP1-151F17.1
RPS20;SNORD54	RPS20;SNORD54
TGFB3	TGFB3
PNPLA6	PNPLA6
RANBP3L	RANBP3L
IGDCC3	IGDCC3
GUCA1B	GUCA1B
AC013268.5;LOC440894;OTTHUMG00000154954	AC013268.5;LOC440894;OTTHUMG00000154954
WHAMMP3	WHAMMP3
ADAMTS1	ADAMTS1
TUBA1C	TUBA1C
XRN1	XRN1
C4orf34;SMIM14	C4orf34;SMIM14
DAK	DAK
ZNF513	ZNF513
SLIT2	SLIT2
OCM	OCM
SORT1	SORT1
DCTN1-AS1	DCTN1-AS1
ATRIP;TREX1	ATRIP;TREX1
PPAPDC1B	PPAPDC1B
PTCH1	PTCH1
PEX6	PEX6
MICA	MICA
ZMYND8	ZMYND8
MAPT	MAPT
HNRNPA3;MIR4444-1	HNRNPA3;MIR4444-1
MARCH8;OTTHUMG00000018084;RP11-358L16.2	MARCH8;OTTHUMG00000018084;RP11-358L16.2
TRNT1	TRNT1
NAALADL2	NAALADL2
LOC100132686	LOC100132686
PAK2	PAK2
B3GALNT2	B3GALNT2
FZD5	FZD5
OTTHUMG00000162582;RP11-49I4.3	OTTHUMG00000162582;RP11-49I4.3
ZCCHC10	ZCCHC10
MSH5;MSH5-SAPCD1;SAPCD1	MSH5;MSH5-SAPCD1;SAPCD1
HIST2H2BE	HIST2H2BE
SLC7A1	SLC7A1
OLFM3	OLFM3
RXRB	RXRB
RXRB	RXRB
OTTHUMG00000000399;RP11-255A11.2	OTTHUMG00000000399;RP11-255A11.2
RGAG1	RGAG1
DSCR3	DSCR3
MRRF	MRRF
DDX54	DDX54
INTS9	INTS9
MED4	MED4
WHAMMP2	WHAMMP2
ZNF195	ZNF195
APLP2	APLP2
CRTC3	CRTC3
RPA1	RPA1
CLEC18A	CLEC18A
MAL2	MAL2
ABCC9	ABCC9
RYK	RYK
MSH5;MSH5-SAPCD1;SAPCD1	MSH5;MSH5-SAPCD1;SAPCD1
RNU6-36P	RNU6-36P
TCF7	TCF7
HNRNPA0	HNRNPA0
CXorf40A;CXorf40B	CXorf40A;CXorf40B
ADCK1	ADCK1
CLDN12	CLDN12
CTB-174D11.3;OTTHUMG00000163878	CTB-174D11.3;OTTHUMG00000163878
AC016725.4;LOC100129961;OTTHUMG00000154855	AC016725.4;LOC100129961;OTTHUMG00000154855
OTTHUMG00000007457;RP4-739H11.3	OTTHUMG00000007457;RP4-739H11.3
HAGH	HAGH
YEATS2	YEATS2
C12orf49	C12orf49
EIF5A2	EIF5A2
PIGT	PIGT
SF1	SF1
PINK1	PINK1
AKT1S1	AKT1S1
KNTC1	KNTC1
MAPK13	MAPK13
C14orf132	C14orf132
RBM19	RBM19
EFNA5	EFNA5
ALPK3	ALPK3
HES5	HES5
CEP128	CEP128
CDC37L1	CDC37L1
ATG14	ATG14
MTSS1	MTSS1
NWD1	NWD1
TSPAN14	TSPAN14
MIR1236;NELFE;RDBP	MIR1236;NELFE;RDBP
MIR1236;NELFE;RDBP	MIR1236;NELFE;RDBP
MIR1236;NELFE;RDBP	MIR1236;NELFE;RDBP
MIR1236;NELFE;RDBP	MIR1236;NELFE;RDBP
MIR1236;NELFE;RDBP	MIR1236;NELFE;RDBP
DRD2	DRD2
GBP4	GBP4
KLK4	KLK4
RPRD2	RPRD2
PARM1	PARM1
MSH5;MSH5-SAPCD1;SAPCD1	MSH5;MSH5-SAPCD1;SAPCD1
MT1X	MT1X
DGCR8;MIR1306;MIR3618	DGCR8;MIR1306;MIR3618
GMEB1	GMEB1
L3MBTL1	L3MBTL1
SNAR-A12;SNAR-A13	SNAR-A12;SNAR-A13
POLR3F	POLR3F
DARS	DARS
C2orf42	C2orf42
LUM	LUM
RGS7	RGS7
TBC1D5	TBC1D5
TM7SF3	TM7SF3
OTTHUMG00000160310;RP11-11N5.1	OTTHUMG00000160310;RP11-11N5.1
GPR124	GPR124
FRMPD2P1;FRMPD2P2	FRMPD2P1;FRMPD2P2
RPL18	RPL18
RPL23AP7;RPL23AP82	RPL23AP7;RPL23AP82
C1orf123	C1orf123
MEGF10	MEGF10
STXBP5L	STXBP5L
PPP1CC	PPP1CC
TBC1D25	TBC1D25
MFF	MFF
ZNF419	ZNF419
MIER3	MIER3
AHI1	AHI1
AKT1	AKT1
ITK	ITK
RAPH1	RAPH1
SETD9	SETD9
LOC730102;OTTHUMG00000035027;OTTHUMG00000040860;OTTHUMG00000154878;RP11-568K15.1;RP4-798P15.2;RP4-798P15.3;SEC16B	LOC730102;OTTHUMG00000035027;OTTHUMG00000040860;OTTHUMG00000154878;RP11-568K15.1;RP4-798P15.2;RP4-798P15.3;SEC16B
RXRB	RXRB
UBA52	UBA52
FAM86B3P	FAM86B3P
DPP10	DPP10
LMTK2	LMTK2
INO80D	INO80D
C20orf203	C20orf203
AC097499.1;OTTHUMG00000153369	AC097499.1;OTTHUMG00000153369
FAM86C2P	FAM86C2P
PPP2R1A	PPP2R1A
GNG11	GNG11
MICA	MICA
NHEJ1	NHEJ1
HNRNPUL2	HNRNPUL2
CAPZA1	CAPZA1
AMD1	AMD1
MCM3	MCM3
SGMS1	SGMS1
ZNF12	ZNF12
MICA	MICA
MICA	MICA
CENPM	CENPM
CEACAM19	CEACAM19
GTF2A2	GTF2A2
WNT1	WNT1
RIC8B	RIC8B
ACTN3	ACTN3
FOXJ2	FOXJ2
PPP1R13B	PPP1R13B
EIF4EBP1	EIF4EBP1
KIDINS220	KIDINS220
MIR4677	MIR4677
SNORD92	SNORD92
ERGIC3	ERGIC3
PARD3B	PARD3B
CMTM1	CMTM1
CAMKMT	CAMKMT
C1orf56	C1orf56
PNPLA7	PNPLA7
RPS29	RPS29
NBPF1	NBPF1
FYCO1	FYCO1
SENP5	SENP5
YY2	YY2
KPNB1	KPNB1
BRMS1	BRMS1
FITM2	FITM2
NUDT21	NUDT21
HTR1E	HTR1E
RTN3P1	RTN3P1
ENO1	ENO1
AC084082.3;OTTHUMG00000164472	AC084082.3;OTTHUMG00000164472
MANSC1	MANSC1
CNNM2	CNNM2
KIAA1045;OTTHUMG00000019846;RP11-392A14.7	KIAA1045;OTTHUMG00000019846;RP11-392A14.7
SPRED1	SPRED1
TRIM69	TRIM69
TBC1D16	TBC1D16
AATF	AATF
LOC283856	LOC283856
VHL	VHL
TRIM52	TRIM52
IL10RA	IL10RA
USP6	USP6
TMEM175	TMEM175
ABCA7	ABCA7
LRRC34	LRRC34
HIF1AN	HIF1AN
AP001604.3;OTTHUMG00000078699	AP001604.3;OTTHUMG00000078699
MYO15A	MYO15A
TTC12	TTC12
TEX10	TEX10
CARD8	CARD8
GS1-124K5.4;LOC100289098;OTTHUMG00000156593	GS1-124K5.4;LOC100289098;OTTHUMG00000156593
AC006465.3;LOC401307;LOC729852;OTTHUMG00000152007	AC006465.3;LOC401307;LOC729852;OTTHUMG00000152007
TNKS	TNKS
AC020594.5;OTTHUMG00000152537	AC020594.5;OTTHUMG00000152537
TANC1	TANC1
SNORD20	SNORD20
EFCAB2	EFCAB2
KLHDC4	KLHDC4
GNPDA1	GNPDA1
LIG3	LIG3
SEPT12	SEPT12
CBWD7;LOC101060578	CBWD7;LOC101060578
NFIC	NFIC
ICT1	ICT1
OTTHUMG00000021529;RP11-104D21.3	OTTHUMG00000021529;RP11-104D21.3
UFC1	UFC1
ZNF17	ZNF17
BTF3L4	BTF3L4
PPP1R13L	PPP1R13L
PTPRN	PTPRN
NKX6-1	NKX6-1
TBC1D8B	TBC1D8B
HLA-B	HLA-B
GYS1	GYS1
GLYATL1;LOC100287413	GLYATL1;LOC100287413
KDM5C-IT1	KDM5C-IT1
ZNF732	ZNF732
MMACHC	MMACHC
ZNF571	ZNF571
KLF11	KLF11
TMEM2	TMEM2
SPSB4	SPSB4
LINC00222	LINC00222
PAIP2	PAIP2
RNU5F-3P	RNU5F-3P
AKIRIN2	AKIRIN2
LYNX1	LYNX1
HMG20A	HMG20A
FGFBP2	FGFBP2
RGS9	RGS9
TERF1	TERF1
KRTAP21-1	KRTAP21-1
AC007319.1;OTTHUMG00000154263	AC007319.1;OTTHUMG00000154263
GTF2H1	GTF2H1
OTTHUMG00000032765;RP4-724E16.2	OTTHUMG00000032765;RP4-724E16.2
EP300;MIR1281	EP300;MIR1281
EHHADH	EHHADH
NMU	NMU
IKZF4	IKZF4
CDKN2AIP	CDKN2AIP
LST1	LST1
ZBED3-AS1	ZBED3-AS1
AQP11	AQP11
OTTHUMG00000153472;RP11-321C1.1	OTTHUMG00000153472;RP11-321C1.1
SSU72	SSU72
KALRN	KALRN
FLJ42627	FLJ42627
OTTHUMG00000021838;RP13-216E22.4	OTTHUMG00000021838;RP13-216E22.4
C17orf61;TMEM256	C17orf61;TMEM256
UBQLN3	UBQLN3
INPP4B	INPP4B
CECR5	CECR5
TTC14	TTC14
PPP1R9B	PPP1R9B
GPR143	GPR143
OTTHUMG00000020108;RP11-575L7.2	OTTHUMG00000020108;RP11-575L7.2
LAPTM4B	LAPTM4B
CEP152	CEP152
CMBL	CMBL
PSMD14	PSMD14
FAM72A;FAM72B;FAM72C;LOC101060656	FAM72A;FAM72B;FAM72C;LOC101060656
PIGZ	PIGZ
TMEM38A	TMEM38A
DBI	DBI
AC006028.10;AMZ1;OTTHUMG00000152110	AC006028.10;AMZ1;OTTHUMG00000152110
PRPF40A	PRPF40A
MIR4712	MIR4712
SNORA71B	SNORA71B
IL6	IL6
ECHDC2	ECHDC2
SLC25A12	SLC25A12
CCDC173	CCDC173
ERP44	ERP44
FAM21A;FAM21C	FAM21A;FAM21C
SBDS	SBDS
TCOF1	TCOF1
KIAA0196-AS1	KIAA0196-AS1
OTTHUMG00000018301;RP11-120C12.3	OTTHUMG00000018301;RP11-120C12.3
PDE1A	PDE1A
SLC15A2	SLC15A2
KMT2D	KMT2D
NUP54	NUP54
SOX4	SOX4
SNORD121B;UBAP2	SNORD121B;UBAP2
RPL7L1	RPL7L1
OTTHUMG00000035719;RP11-469A15.2	OTTHUMG00000035719;RP11-469A15.2
SFRP4	SFRP4
TSR2	TSR2
ERP29	ERP29
TMEM245	TMEM245
SMPD1	SMPD1
NRCAM	NRCAM
MRPS15	MRPS15
SNRPEP2;SNRPEP3	SNRPEP2;SNRPEP3
AHCY;OTTHUMG00000032294;RP4-785G19.5	AHCY;OTTHUMG00000032294;RP4-785G19.5
EXOSC8	EXOSC8
WDR12	WDR12
WDR52	WDR52
WBP5	WBP5
CDH10	CDH10
RNU6-7	RNU6-7
ARNT	ARNT
KCNE1L	KCNE1L
MSI1	MSI1
KDM5A	KDM5A
AC069277.2;OTTHUMG00000154923	AC069277.2;OTTHUMG00000154923
COPS6	COPS6
COPZ1	COPZ1
ZNF782	ZNF782
XK	XK
GLTSCR1	GLTSCR1
ANKRD24	ANKRD24
RGS14	RGS14
TSPEAR-AS1	TSPEAR-AS1
PUS7L	PUS7L
PCCA	PCCA
AC104650.2;OTTHUMG00000090503;SH3TC1	AC104650.2;OTTHUMG00000090503;SH3TC1
FAM114A1	FAM114A1
TGOLN2	TGOLN2
LOC100506029;LOC100506051;OTTHUMG00000010831;RP11-421L21.3	LOC100506029;LOC100506051;OTTHUMG00000010831;RP11-421L21.3
CDADC1	CDADC1
FAM72C	FAM72C
RAPGEF4	RAPGEF4
KCNK15	KCNK15
PPAP2A	PPAP2A
TMEM63B	TMEM63B
NOSIP	NOSIP
SRRT	SRRT
GPR139	GPR139
RPL36A;RPL36A-HNRNPH2	RPL36A;RPL36A-HNRNPH2
LCMT2	LCMT2
POMT2	POMT2
SPEN	SPEN
LST1	LST1
FAM86B1;FAM86B2	FAM86B1;FAM86B2
TIPIN	TIPIN
C11orf87	C11orf87
F3	F3
PICK1	PICK1
FOXC1	FOXC1
SHPK	SHPK
TAGLN3	TAGLN3
OVGP1	OVGP1
NUDT12	NUDT12
FAM46A	FAM46A
TPBGL	TPBGL
FAM21B;FAM21C	FAM21B;FAM21C
PPFIBP2	PPFIBP2
CHML	CHML
WDR47	WDR47
RASA4;RASA4B	RASA4;RASA4B
CITED1	CITED1
RNF138P1	RNF138P1
RPL22	RPL22
SULF1	SULF1
COX10	COX10
NKD1	NKD1
SLC7A8	SLC7A8
OTTHUMG00000017701;PRPF18;RP11-295P9.3	OTTHUMG00000017701;PRPF18;RP11-295P9.3
PDAP1	PDAP1
NCOA6	NCOA6
STRN4	STRN4
HIGD1C	HIGD1C
ATP7A	ATP7A
OTTHUMG00000157538;RP5-894A10.5;WEE2-AS1	OTTHUMG00000157538;RP5-894A10.5;WEE2-AS1
ENOPH1	ENOPH1
CD99P1	CD99P1
FAM27E3	FAM27E3
CBWD3;CBWD5;CBWD7;LOC100653334;LOC101060578	CBWD3;CBWD5;CBWD7;LOC100653334;LOC101060578
SPOP	SPOP
PCGF6	PCGF6
TAS2R14	TAS2R14
KCND2	KCND2
ATP5A1	ATP5A1
LOC146880	LOC146880
FGD6	FGD6
EHD2	EHD2
AC011306.2;OTTHUMG00000152029	AC011306.2;OTTHUMG00000152029
HAP1	HAP1
LRWD1;MIR4467	LRWD1;MIR4467
IPO8	IPO8
AC112229.7;LOC151009;OTTHUMG00000155034	AC112229.7;LOC151009;OTTHUMG00000155034
LOC100506801;OTTHUMG00000002777;RP5-1071N3.1	LOC100506801;OTTHUMG00000002777;RP5-1071N3.1
RNU7-57P	RNU7-57P
HNRNPF	HNRNPF
CAAP1	CAAP1
IBSP	IBSP
OTTHUMG00000000769;RP1-202O8.2	OTTHUMG00000000769;RP1-202O8.2
RNU6-37	RNU6-37
RNU6-1;RNU6-2	RNU6-1;RNU6-2
RNU6-1;RNU6-2	RNU6-1;RNU6-2
RNU6-11	RNU6-11
RNU6-1;RNU6-2	RNU6-1;RNU6-2
RNU6-1	RNU6-1
RNU6-1	RNU6-1
RNU6-1;RNU6-2	RNU6-1;RNU6-2
RNU6-1;RNU6-2	RNU6-1;RNU6-2
RNU6-1;RNU6-2	RNU6-1;RNU6-2
OTTHUMG00000003552;RP3-476K8.3	OTTHUMG00000003552;RP3-476K8.3
RANP1	RANP1
STMND1	STMND1
SLC12A6	SLC12A6
IQCJ;IQCJ-SCHIP1;SCHIP1	IQCJ;IQCJ-SCHIP1;SCHIP1
ITGB6	ITGB6
LINC00598;OTTHUMG00000016771;RP11-172E9.2	LINC00598;OTTHUMG00000016771;RP11-172E9.2
AC023115.1;OTTHUMG00000152863	AC023115.1;OTTHUMG00000152863
TAP1	TAP1
CHMP1A	CHMP1A
LST1	LST1
FAM92A1	FAM92A1
LINC00889	LINC00889
ZNF33B	ZNF33B
LOC100653018;LOC100653255;NELL2	LOC100653018;LOC100653255;NELL2
LOC100133957	LOC100133957
MAMLD1	MAMLD1
CCNF	CCNF
RPS5	RPS5
ESF1	ESF1
LINC00271	LINC00271
LOC554206	LOC554206
FAM96A	FAM96A
CTNNBIP1	CTNNBIP1
LOC100506885;OTTHUMG00000014330;RP4-625H18.2	LOC100506885;OTTHUMG00000014330;RP4-625H18.2
RNU5E-8P	RNU5E-8P
MIR1236;NELFE;RDBP	MIR1236;NELFE;RDBP
HNRNPA1P33	HNRNPA1P33
BANF1	BANF1
MIR19B2	MIR19B2
DIS3L2	DIS3L2
HIF1A-AS2	HIF1A-AS2
RAB6A	RAB6A
OTTHUMG00000161492;RP11-1079K10.4	OTTHUMG00000161492;RP11-1079K10.4
COA4	COA4
TNFRSF10D	TNFRSF10D
ZFHX4	ZFHX4
LINC00599;MIR124-1	LINC00599;MIR124-1
LINC00284	LINC00284
CCDC77	CCDC77
NHLH1	NHLH1
C3orf80;OTTHUMG00000158950;RP11-431I8.1	C3orf80;OTTHUMG00000158950;RP11-431I8.1
RNU6ATAC3P	RNU6ATAC3P
CCDC171	CCDC171
LAMB3;MIR4260	LAMB3;MIR4260
OTTHUMG00000159640;RP11-88I21.2	OTTHUMG00000159640;RP11-88I21.2
KGFLP1	KGFLP1
RNA5SP155	RNA5SP155
ZNF653	ZNF653
GDF11	GDF11
PAFAH2	PAFAH2
TTC4	TTC4
OTTHUMG00000162289;RP11-158J3.2	OTTHUMG00000162289;RP11-158J3.2
RNU6-30P	RNU6-30P
SPTBN2	SPTBN2
ARFIP2	ARFIP2
NANOS3	NANOS3
LST1	LST1
TAP1	TAP1
TAP1	TAP1
HLA-B	HLA-B
RNA5SP81	RNA5SP81
ITCH	ITCH
SNORD114-5	SNORD114-5
UPRT	UPRT
LOC100506394	LOC100506394
SYT4	SYT4
CSRP2BP;PET117	CSRP2BP;PET117
FLT1	FLT1
NDUFA4L2	NDUFA4L2
ALDOC	ALDOC
SNORD113-8	SNORD113-8
POLD2	POLD2
RAD51D	RAD51D
OTTHUMG00000159957;RP11-319G6.3	OTTHUMG00000159957;RP11-319G6.3
UTS2	UTS2
FAM72B;FAM72C	FAM72B;FAM72C
HLA-DPB2	HLA-DPB2
APOD	APOD
MAST4	MAST4
CBWD6	CBWD6
SNAR-A3;SNAR-A4	SNAR-A3;SNAR-A4
HEATR1	HEATR1
SNAR-A1;SNAR-A2	SNAR-A1;SNAR-A2
SNORD116-2	SNORD116-2
JARID2	JARID2
PPP1R12B	PPP1R12B
ALDH7A1	ALDH7A1
NPRL3	NPRL3
FZD3	FZD3
TAP1	TAP1
TAP1	TAP1
TAP1	TAP1
EMB	EMB
CEP41	CEP41
ACBD6	ACBD6
HNRNPR	HNRNPR
ZNF407	ZNF407
ASRGL1	ASRGL1
TAP1	TAP1
TAP1	TAP1
CTD-2231H16.1;OTTHUMG00000161574	CTD-2231H16.1;OTTHUMG00000161574
NME1-NME2;NME2	NME1-NME2;NME2
CTC-463A16.1;OTTHUMG00000162829	CTC-463A16.1;OTTHUMG00000162829
USP36	USP36
AC004540.4;OTTHUMG00000152805	AC004540.4;OTTHUMG00000152805
TMA7	TMA7
GAK	GAK
KRT8P11	KRT8P11
OTTHUMG00000162058;RP11-893F2.9	OTTHUMG00000162058;RP11-893F2.9
RNU6-29	RNU6-29
SLC35E3	SLC35E3
PPP1R14BP3	PPP1R14BP3
GNPAT	GNPAT
BEND3	BEND3
CSNK2A1;CSNK2A1P	CSNK2A1;CSNK2A1P
TIPRL	TIPRL
KCTD7;RABGEF1	KCTD7;RABGEF1
ZFYVE28	ZFYVE28
HIBCH	HIBCH
AC092594.1;OTTHUMG00000151766	AC092594.1;OTTHUMG00000151766
SPINT2	SPINT2
PTPN2	PTPN2
NPDC1	NPDC1
DDX19B	DDX19B
CHRM3	CHRM3
DST;LOC100652766	DST;LOC100652766
MSANTD4	MSANTD4
ZFYVE27	ZFYVE27
FAM72D;LOC101060656	FAM72D;LOC101060656
MIR153-2	MIR153-2
MGP	MGP
YARS2	YARS2
FAM160B2	FAM160B2
CSRP2	CSRP2
ZNF480	ZNF480
C22orf39;HIRA	C22orf39;HIRA
RPS15A	RPS15A
CDKN1B	CDKN1B
TRGV3	TRGV3
RGAG4	RGAG4
EIF2S2	EIF2S2
ITGB3BP	ITGB3BP
RASSF5	RASSF5
GLTP	GLTP
BZW2	BZW2
BAG5	BAG5
PROC	PROC
PCDHB14	PCDHB14
CYP1A1	CYP1A1
ZNF423	ZNF423
MIR4792	MIR4792
CCDC71	CCDC71
MIR4780	MIR4780
AURKA	AURKA
C5orf38	C5orf38
OTTHUMG00000165016;RP11-909N17.2	OTTHUMG00000165016;RP11-909N17.2
NYNRIN	NYNRIN
IFNGR1	IFNGR1
OTTHUMG00000013230;RP11-475I24.3	OTTHUMG00000013230;RP11-475I24.3
RPL22L1	RPL22L1
MARCKSL1	MARCKSL1
OTTHUMG00000161132;RP11-402J6.1	OTTHUMG00000161132;RP11-402J6.1
LINC00240	LINC00240
RNU6-33P	RNU6-33P
LOC100129973	LOC100129973
RNU6-18	RNU6-18
RNU6-17	RNU6-17
SEPT7	SEPT7
SNORD113-9	SNORD113-9
MYADM	MYADM
PRPF38A	PRPF38A
FLJ37453;OTTHUMG00000009375;RP11-169K16.9	FLJ37453;OTTHUMG00000009375;RP11-169K16.9
LGALS3BP	LGALS3BP
YY1AP1	YY1AP1
POLB	POLB
ANXA8;ANXA8L1;LINC00842	ANXA8;ANXA8L1;LINC00842
PLD3	PLD3
CERKL	CERKL
EXPH5	EXPH5
SERF1A;SERF1B	SERF1A;SERF1B
RAB11FIP5	RAB11FIP5
NREP-AS1	NREP-AS1
SLC25A20	SLC25A20
UPF3AP1	UPF3AP1
MIR218-2	MIR218-2
SHISA6	SHISA6
C6orf118	C6orf118
RRN3P1	RRN3P1
HLA-DPB2	HLA-DPB2
HSD17B7	HSD17B7
GSTT2;GSTT2B	GSTT2;GSTT2B
RNF213	RNF213
AC023481.1;OTTHUMG00000154972	AC023481.1;OTTHUMG00000154972
ENPEP	ENPEP
ELOVL7	ELOVL7
AP000473.5;OTTHUMG00000074396	AP000473.5;OTTHUMG00000074396
CENPK	CENPK
IL11RA	IL11RA
ALOX12B	ALOX12B
CCDC47	CCDC47
CRLS1	CRLS1
BRPF1	BRPF1
LOC100505815	LOC100505815
PTH2R	PTH2R
PPP1R10	PPP1R10
GBX2	GBX2
MSH5;MSH5-SAPCD1;SAPCD1	MSH5;MSH5-SAPCD1;SAPCD1
AC017006.3;OTTHUMG00000151721	AC017006.3;OTTHUMG00000151721
GNA13	GNA13
SH3GL3	SH3GL3
R3HDM4	R3HDM4
RNA5SP86	RNA5SP86
TMUB1	TMUB1
LINC00693	LINC00693
OTTHUMG00000133715;XXbac-BPG299F13.14	OTTHUMG00000133715;XXbac-BPG299F13.14
OTTHUMG00000148962;XXbac-BPG299F13.14	OTTHUMG00000148962;XXbac-BPG299F13.14
AC090044.1;OTTHUMG00000154876	AC090044.1;OTTHUMG00000154876
B4GALT2	B4GALT2
LMTK3	LMTK3
CNTN2	CNTN2
PHPT1	PHPT1
TM6SF2	TM6SF2
STH	STH
TMEM37	TMEM37
NOP2	NOP2
MIR7-3	MIR7-3
TFPT	TFPT
BGLAP;PMF1;PMF1-BGLAP	BGLAP;PMF1;PMF1-BGLAP
LOC100133050	LOC100133050
ITGB1	ITGB1
GTF3C5	GTF3C5
NCKAP5-IT1	NCKAP5-IT1
NFE2L1	NFE2L1
PPP4R2	PPP4R2
EPB41	EPB41
LINC00674	LINC00674
BTLA	BTLA
SH3RF2	SH3RF2
CAPN2	CAPN2
GALNT15;GALNTL2	GALNT15;GALNTL2
SLC38A5	SLC38A5
ARID1B	ARID1B
VPS52	VPS52
HDAC2	HDAC2
MIR4749;PTOV1	MIR4749;PTOV1
NRIP3	NRIP3
PRPF8	PRPF8
EPHA7	EPHA7
NTM	NTM
MARCKS	MARCKS
TBC1D3P1-DHX40P1	TBC1D3P1-DHX40P1
LOC100505519;TIAM2	LOC100505519;TIAM2
SYMPK	SYMPK
SOX13	SOX13
NDST1	NDST1
LRRC16A	LRRC16A
RMST	RMST
SPON1	SPON1
OTTHUMG00000017023;RP11-473M10.3	OTTHUMG00000017023;RP11-473M10.3
MRPL43	MRPL43
STK35	STK35
AKT3-IT1	AKT3-IT1
LST1	LST1
CRB1	CRB1
LINC00938	LINC00938
UTP23	UTP23
THAP9	THAP9
OTTHUMG00000021202;RP1-60N8.1	OTTHUMG00000021202;RP1-60N8.1
KAZALD1	KAZALD1
OTTHUMG00000015493;RP11-160A10.2	OTTHUMG00000015493;RP11-160A10.2
LINC00901;LSAMP-AS4	LINC00901;LSAMP-AS4
NHLH2	NHLH2
GAS7	GAS7
PPP1R10	PPP1R10
PPP1R10	PPP1R10
PPP1R10	PPP1R10
RGS7BP	RGS7BP
STOX2	STOX2
AC108938.4;LIMS1;LIMS3;LIMS3L;LOC100288570;OTTHUMG00000167880;OTTHUMG00000169984;RP13-1039J1.2	AC108938.4;LIMS1;LIMS3;LIMS3L;LOC100288570;OTTHUMG00000167880;OTTHUMG00000169984;RP13-1039J1.2
MCF2L	MCF2L
P2RY4	P2RY4
RPL39P5	RPL39P5
AKAP11-IT1	AKAP11-IT1
AC098820.3;AC098820.4;LOC100507554;OTTHUMG00000154849;OTTHUMG00000154850	AC098820.3;AC098820.4;LOC100507554;OTTHUMG00000154849;OTTHUMG00000154850
MED16	MED16
NUDT6	NUDT6
SEMA3A	SEMA3A
SLC25A25	SLC25A25
PCBP3	PCBP3
CHRNE	CHRNE
GNB5	GNB5
SLC44A2	SLC44A2
CRB2	CRB2
CIZ1	CIZ1
SCN7A	SCN7A
MATN1-AS1	MATN1-AS1
GSTT2;GSTT2B	GSTT2;GSTT2B
CHRND	CHRND
HLA-L	HLA-L
KDELC1	KDELC1
MRAS	MRAS
CFC1;CFC1B	CFC1;CFC1B
EEF2	EEF2
SLC38A6	SLC38A6
ACTC1	ACTC1
AGGF1	AGGF1
SIPA1	SIPA1
NCAPD3	NCAPD3
NUP37	NUP37
OR5P2	OR5P2
CKAP2	CKAP2
RDH10	RDH10
SREK1IP1	SREK1IP1
ARL4D	ARL4D
LOC100507205	LOC100507205
C7orf60	C7orf60
DDX49	DDX49
DENND2A	DENND2A
ARHGEF25	ARHGEF25
TNFSF15	TNFSF15
WASF1	WASF1
FBXO43	FBXO43
ZNF284	ZNF284
INHBA	INHBA
RNA5SP303	RNA5SP303
DNAL4	DNAL4
MTX1	MTX1
NETO2	NETO2
FAM204A;OTTHUMG00000019133;RP11-319I23.3	FAM204A;OTTHUMG00000019133;RP11-319I23.3
OTTHUMG00000017940;RP13-259N13.2	OTTHUMG00000017940;RP13-259N13.2
ZBTB41	ZBTB41
GIPC1	GIPC1
GPR3	GPR3
LPPR4;OTTHUMG00000010763;RP4-788L13.1	LPPR4;OTTHUMG00000010763;RP4-788L13.1
FKBP14	FKBP14
PPP1R1A	PPP1R1A
PPP1R10	PPP1R10
PPP1R10	PPP1R10
TTLL11-IT1	TTLL11-IT1
OTTHUMG00000018559;RP11-202P11.1;ZMIZ1-AS1	OTTHUMG00000018559;RP11-202P11.1;ZMIZ1-AS1
MRPL13	MRPL13
MC4R	MC4R
KCNQ1OT1	KCNQ1OT1
PLK5	PLK5
SMYD3-IT1	SMYD3-IT1
FAM21A;FAM21B;FAM21C	FAM21A;FAM21B;FAM21C
RNA5SP434	RNA5SP434
SLC6A15	SLC6A15
TADA3	TADA3
BCL2L1	BCL2L1
FASTKD1	FASTKD1
FDPS	FDPS
AUH	AUH
CTA-217C2.1;LOC100506714;OTTHUMG00000151264	CTA-217C2.1;LOC100506714;OTTHUMG00000151264
IL6R	IL6R
AC004160.4;OTTHUMG00000152344	AC004160.4;OTTHUMG00000152344
GK	GK
SHMT1	SHMT1
LENG8-AS1	LENG8-AS1
ANKRD10	ANKRD10
UBXN4	UBXN4
ACTR8	ACTR8
RTBDN	RTBDN
AC013271.3;LOC440895;OTTHUMG00000153222	AC013271.3;LOC440895;OTTHUMG00000153222
ABCE1	ABCE1
RHOJ	RHOJ
KPNA2	KPNA2
ATL3	ATL3
KCTD20	KCTD20
SFXN2	SFXN2
POLD3	POLD3
GNAL	GNAL
KLHL3	KLHL3
XKR7	XKR7
SLC39A3	SLC39A3
OTTHUMG00000159106;RP11-400L8.2	OTTHUMG00000159106;RP11-400L8.2
OTTHUMG00000020972;RP11-229P13.20	OTTHUMG00000020972;RP11-229P13.20
UNC50	UNC50
MUC15	MUC15
LOC644669	LOC644669
HLTF	HLTF
CKLF	CKLF
RHBDD2	RHBDD2
FTSJ1	FTSJ1
A1BG	A1BG
CCDC167	CCDC167
AC092295.7;OTTHUMG00000048152	AC092295.7;OTTHUMG00000048152
COX6B1	COX6B1
DAAM1	DAAM1
FHL2	FHL2
HIGD2A	HIGD2A
AC078842.3;OTTHUMG00000155708	AC078842.3;OTTHUMG00000155708
LSAMP-AS1	LSAMP-AS1
GTF2F2	GTF2F2
TTC23L	TTC23L
PRPSAP2	PRPSAP2
AC004967.5;OCM2;OTTHUMG00000154162	AC004967.5;OCM2;OTTHUMG00000154162
RAPGEF6	RAPGEF6
A1BG-AS1	A1BG-AS1
RPS3	RPS3
VBP1	VBP1
CERS6	CERS6
EGFL8;OTTHUMG00000171245;PPT2;PPT2-EGFL8;XXbac-BPG300A18.12	EGFL8;OTTHUMG00000171245;PPT2;PPT2-EGFL8;XXbac-BPG300A18.12
RIN2	RIN2
EGFL8;PPT2;PPT2-EGFL8	EGFL8;PPT2;PPT2-EGFL8
EGFL8;PPT2;PPT2-EGFL8	EGFL8;PPT2;PPT2-EGFL8
DES	DES
VPS52	VPS52
VPS52	VPS52
TCTN3	TCTN3
RFXAP	RFXAP
SMARCA2	SMARCA2
KLHDC3	KLHDC3
MRPL9;OTTHUMG00000045374;RP11-98D18.3	MRPL9;OTTHUMG00000045374;RP11-98D18.3
SNAR-C3	SNAR-C3
ELF3;OTTHUMG00000040657;RP11-510N19.5	ELF3;OTTHUMG00000040657;RP11-510N19.5
CDNF	CDNF
ZNF271	ZNF271
APCDD1	APCDD1
DLG2	DLG2
POF1B	POF1B
POLR2L	POLR2L
MCU	MCU
DNAJB4	DNAJB4
FAM133A	FAM133A
ATF6	ATF6
OTTHUMG00000017664;RP11-397O4.1	OTTHUMG00000017664;RP11-397O4.1
NRG1-IT1	NRG1-IT1
RPRD1B	RPRD1B
EAF1	EAF1
CTD-2306M5.1;OTTHUMG00000161959	CTD-2306M5.1;OTTHUMG00000161959
C15orf59	C15orf59
APP	APP
GATAD2A	GATAD2A
ZNF726	ZNF726
PHF15	PHF15
PRKD1	PRKD1
PPP4C	PPP4C
MDGA1	MDGA1
GRWD1	GRWD1
OTTHUMG00000040559;RP11-666A1.5	OTTHUMG00000040559;RP11-666A1.5
MIR4735	MIR4735
STT3A	STT3A
COL15A1	COL15A1
NAA35	NAA35
PRH1;PRH2	PRH1;PRH2
CTD-2196P11.2;OTTHUMG00000162106	CTD-2196P11.2;OTTHUMG00000162106
CATSPERG	CATSPERG
TCTEX1D2	TCTEX1D2
EPPK1	EPPK1
CENPA	CENPA
C12orf75	C12orf75
LOC100507316;OTTHUMG00000164976;RP13-582O9.5	LOC100507316;OTTHUMG00000164976;RP13-582O9.5
GPR108	GPR108
CTD-2330K9.2;OTTHUMG00000156715	CTD-2330K9.2;OTTHUMG00000156715
OTTHUMG00000031774;RP11-352D3.2	OTTHUMG00000031774;RP11-352D3.2
SPRYD7	SPRYD7
UBL5	UBL5
CYP4X1	CYP4X1
CACNA1I	CACNA1I
DENR	DENR
CTU2	CTU2
SCN2B	SCN2B
PHKB	PHKB
NAA60	NAA60
SPRY1	SPRY1
MAD2L1	MAD2L1
LINC00950	LINC00950
TBC1D19	TBC1D19
ACN9	ACN9
OTTHUMG00000015729;RP1-20N2.6	OTTHUMG00000015729;RP1-20N2.6
MTMR10	MTMR10
MRPL45P2	MRPL45P2
AC008269.2;OTTHUMG00000154733	AC008269.2;OTTHUMG00000154733
MTG1	MTG1
LOC728175;OTTHUMG00000160616;RP11-290F5.2	LOC728175;OTTHUMG00000160616;RP11-290F5.2
BBS9	BBS9
MIR4770	MIR4770
OTTHUMG00000015096;RP1-300G12.2	OTTHUMG00000015096;RP1-300G12.2
LOC100132077;OTTHUMG00000020262;RP11-307E17.8	LOC100132077;OTTHUMG00000020262;RP11-307E17.8
OTX2	OTX2
NCBP2	NCBP2
RNU6-42P	RNU6-42P
ZNF365	ZNF365
R3HCC1	R3HCC1
RNF138	RNF138
TRAF7	TRAF7
AC009262.2;OTTHUMG00000153006	AC009262.2;OTTHUMG00000153006
SRM	SRM
RHOU	RHOU
TPT1-AS1	TPT1-AS1
CAT	CAT
VSIG10L	VSIG10L
OTTHUMG00000017742;RP11-124N14.3	OTTHUMG00000017742;RP11-124N14.3
RPS18	RPS18
DHRS7	DHRS7
HLF	HLF
INF2	INF2
LDHB	LDHB
AC012065.7;OTTHUMG00000151782	AC012065.7;OTTHUMG00000151782
ZNF548	ZNF548
THNSL1	THNSL1
SMEK1	SMEK1
VPS52	VPS52
KB-1047C11.2;LOC100616530;OTTHUMG00000164661	KB-1047C11.2;LOC100616530;OTTHUMG00000164661
PIK3C2G	PIK3C2G
CNOT6L	CNOT6L
SCARNA17	SCARNA17
LST1	LST1
TET3	TET3
ZNF836	ZNF836
NHSL2	NHSL2
ZNF738	ZNF738
DSEL	DSEL
PKDCC	PKDCC
LST1	LST1
EVC	EVC
TRPV4	TRPV4
ZMYND11	ZMYND11
PRDM16	PRDM16
COL24A1	COL24A1
WDR55	WDR55
INPPL1	INPPL1
TUBA4A	TUBA4A
PRR16	PRR16
TCEAL3	TCEAL3
IGF1	IGF1
YIPF6	YIPF6
MARVELD3	MARVELD3
SELENBP1	SELENBP1
MTHFSD	MTHFSD
CCDC43	CCDC43
GDF7	GDF7
CDC25A	CDC25A
RNU6-15P	RNU6-15P
RPAP3	RPAP3
GAS6	GAS6
CCNH	CCNH
ST5	ST5
FLJ44635	FLJ44635
OTTHUMG00000035180;RP11-540K16.1	OTTHUMG00000035180;RP11-540K16.1
TMEM100	TMEM100
EGFL8;PPT2;PPT2-EGFL8	EGFL8;PPT2;PPT2-EGFL8
LRCH2	LRCH2
EDNRA	EDNRA
DNM3-IT1	DNM3-IT1
HSPA5	HSPA5
FAM104A	FAM104A
IFT140	IFT140
SUV39H1	SUV39H1
YBX1	YBX1
ATP5F1	ATP5F1
STH	STH
TRIM5	TRIM5
CHD5	CHD5
RNU6-1;RNU6-2	RNU6-1;RNU6-2
PCDHB15	PCDHB15
PGM2	PGM2
ATG2A	ATG2A
RNA5SP74	RNA5SP74
HEXB	HEXB
RPL21P44	RPL21P44
CNEP1R1	CNEP1R1
SVEP1	SVEP1
KRAS	KRAS
TMED10	TMED10
SPACA3	SPACA3
BMI1;COMMD3-BMI1	BMI1;COMMD3-BMI1
HNRNPH2;RPL36A-HNRNPH2	HNRNPH2;RPL36A-HNRNPH2
MTFR1	MTFR1
MSH2	MSH2
OVCH2	OVCH2
OTTHUMG00000046130;RP11-247A12.2	OTTHUMG00000046130;RP11-247A12.2
SLC22A17	SLC22A17
METTL24	METTL24
CNNM1	CNNM1
CSNK1G1	CSNK1G1
CYSLTR1	CYSLTR1
GLB1L3	GLB1L3
PER1	PER1
IRS4	IRS4
HDAC1	HDAC1
OTTHUMG00000041299;RP11-66D17.5	OTTHUMG00000041299;RP11-66D17.5
CNTNAP4	CNTNAP4
DENND4A	DENND4A
CLSPN	CLSPN
SDHB	SDHB
IFT172	IFT172
OR8D2	OR8D2
LIMD1	LIMD1
HTRA3	HTRA3
ALMS1	ALMS1
SNORD116-1	SNORD116-1
GABARAPL1	GABARAPL1
C8orf40;SMIM19	C8orf40;SMIM19
PML	PML
WBP11	WBP11
TSPAN11	TSPAN11
MED13L	MED13L
TEX264	TEX264
RPL35	RPL35
PPP1R10	PPP1R10
CLDND1	CLDND1
PUM1	PUM1
ARMCX3	ARMCX3
CPVL	CPVL
TREML4	TREML4
RNF128	RNF128
LINC00461;MIR9-2	LINC00461;MIR9-2
SPC24	SPC24
SNAPC1	SNAPC1
FAM214B	FAM214B
LEF1	LEF1
AP2S1	AP2S1
TM4SF1	TM4SF1
PTCHD2	PTCHD2
NPFFR2	NPFFR2
PHACTR4	PHACTR4
CRYZL1	CRYZL1
PTGDS	PTGDS
AGBL2	AGBL2
AQP7P1	AQP7P1
MORF4L2	MORF4L2
C17orf103	C17orf103
ACAP2-IT1	ACAP2-IT1
PYGO2	PYGO2
STK24	STK24
RNA5SP221	RNA5SP221
MIR181A2	MIR181A2
SLC4A1AP	SLC4A1AP
TMEM104	TMEM104
ANKH	ANKH
PLGLB1;PLGLB2	PLGLB1;PLGLB2
ZNF598	ZNF598
ITPRIPL2	ITPRIPL2
GPD2	GPD2
SYCP2L	SYCP2L
TYK2	TYK2
TRPC5	TRPC5
MIR548A2	MIR548A2
SENP2	SENP2
OGDH	OGDH
ZC3H12B	ZC3H12B
AMMECR1	AMMECR1
RTL1	RTL1
AL591893.1;OTTHUMG00000013054	AL591893.1;OTTHUMG00000013054
MYCBP2	MYCBP2
SDE2	SDE2
VSNL1	VSNL1
DHRS1	DHRS1
SEH1L	SEH1L
GRHPR;OTTHUMG00000019917;RP11-397D12.6	GRHPR;OTTHUMG00000019917;RP11-397D12.6
C5	C5
DHX30	DHX30
ARL6IP1	ARL6IP1
SRA1	SRA1
PLA2G12A	PLA2G12A
ATP6V0E2-AS1	ATP6V0E2-AS1
TMEM25	TMEM25
FOXK2	FOXK2
GIGYF2	GIGYF2
DENND1B	DENND1B
GXYLT2	GXYLT2
EGFL8;OTTHUMG00000031555;PPT2;PPT2-EGFL8;XXbac-BCX105D18.9	EGFL8;OTTHUMG00000031555;PPT2;PPT2-EGFL8;XXbac-BCX105D18.9
AC105760.3;LOC93463;OTTHUMG00000153026	AC105760.3;LOC93463;OTTHUMG00000153026
RNA5SP481	RNA5SP481
ACAD10	ACAD10
RARRES1	RARRES1
CACYBP	CACYBP
AGTPBP1	AGTPBP1
MICU1	MICU1
RSPO2	RSPO2
HLA-DMA	HLA-DMA
RFC4	RFC4
ABCG2	ABCG2
OTTHUMG00000017587;RP11-445P17.3	OTTHUMG00000017587;RP11-445P17.3
TMEM43	TMEM43
ZDHHC21	ZDHHC21
TUBGCP4	TUBGCP4
DPYSL5	DPYSL5
SHANK3	SHANK3
RAB22A	RAB22A
TUBBP5	TUBBP5
ACAP2	ACAP2
AL589743.1;LOC100506303;LOC400879;LOC440157;OTTHUMG00000150376	AL589743.1;LOC100506303;LOC400879;LOC440157;OTTHUMG00000150376
FEZF2	FEZF2
LRP11	LRP11
MRPS33	MRPS33
OTTHUMG00000161956;RP11-549K20.1	OTTHUMG00000161956;RP11-549K20.1
CTC-498J12.1;OTTHUMG00000162382	CTC-498J12.1;OTTHUMG00000162382
MAP1LC3C	MAP1LC3C
SUMO4	SUMO4
SLC33A1	SLC33A1
TNFRSF11B	TNFRSF11B
SNAR-C4	SNAR-C4
SIRT5	SIRT5
ZNF32-AS1	ZNF32-AS1
LOC339874;OTTHUMG00000159632;RP11-933H2.4	LOC339874;OTTHUMG00000159632;RP11-933H2.4
FN3K	FN3K
ZCCHC24	ZCCHC24
PLEKHH2	PLEKHH2
AC005592.1;OTTHUMG00000059704	AC005592.1;OTTHUMG00000059704
MIR4778	MIR4778
AP001065.15;OTTHUMG00000086925	AP001065.15;OTTHUMG00000086925
CDHR2;OTTHUMG00000163229;PCDH24	CDHR2;OTTHUMG00000163229;PCDH24
COL6A2	COL6A2
LOC100507053;OTTHUMG00000161232;RP11-696N14.1	LOC100507053;OTTHUMG00000161232;RP11-696N14.1
FAM129B	FAM129B
RPS6KA1	RPS6KA1
PPP5C	PPP5C
RNA5SP199	RNA5SP199
COA1	COA1
NGLY1	NGLY1
RRP1B	RRP1B
ENKUR	ENKUR
ZNF337	ZNF337
ALDH8A1;OTTHUMG00000015624;RP11-349J5.2	ALDH8A1;OTTHUMG00000015624;RP11-349J5.2
CCDC121	CCDC121
AC018642.1;LOC100506881;OTTHUMG00000154998	AC018642.1;LOC100506881;OTTHUMG00000154998
MTR	MTR
SNORD114-29	SNORD114-29
CASC2	CASC2
POTEE	POTEE
TMCO6	TMCO6
IL17RC	IL17RC
VAT1L	VAT1L
ENAH	ENAH
GSTM3	GSTM3
OTTHUMG00000022051;RP1-158I15.1	OTTHUMG00000022051;RP1-158I15.1
RPS9	RPS9
PABPC1	PABPC1
LCAT;SLC12A4	LCAT;SLC12A4
COMMD2	COMMD2
C9orf156	C9orf156
SNORD83A	SNORD83A
RELL2	RELL2
SLPI	SLPI
UQCR11	UQCR11
PMPCB	PMPCB
OTUB1	OTUB1
EHD4	EHD4
RNU6-34P	RNU6-34P
MIR4732	MIR4732
KIF5A	KIF5A
IGBP1-AS2	IGBP1-AS2
OTTHUMG00000020399;RP11-341A22.2	OTTHUMG00000020399;RP11-341A22.2
POTEI	POTEI
NOP16	NOP16
GPC2	GPC2
FAM86A	FAM86A
FAM24B	FAM24B
AC107079.1;OTTHUMG00000153018	AC107079.1;OTTHUMG00000153018
PAQR8	PAQR8
SNORD116-20;SNORD116-21	SNORD116-20;SNORD116-21
DAQB-143M3.10;EGFL8;OTTHUMG00000012711;PPT2;PPT2-EGFL8	DAQB-143M3.10;EGFL8;OTTHUMG00000012711;PPT2;PPT2-EGFL8
CSNK1G3	CSNK1G3
TCEAL6	TCEAL6
OTTHUMG00000161406;RP11-284M14.1	OTTHUMG00000161406;RP11-284M14.1
GPR156	GPR156
TNFAIP6	TNFAIP6
NDUFAF4P1	NDUFAF4P1
EGFL8;PPT2;PPT2-EGFL8	EGFL8;PPT2;PPT2-EGFL8
TANGO6	TANGO6
KCNJ8	KCNJ8
FRMPD2P1;FRMPD2P2	FRMPD2P1;FRMPD2P2
CHMP4C	CHMP4C
PIGU	PIGU
CC2D1B	CC2D1B
MRPL36	MRPL36
PRSS23	PRSS23
HIP1	HIP1
GTF3A	GTF3A
DCUN1D1	DCUN1D1
ZNF181	ZNF181
CYB5A	CYB5A
VPS52	VPS52
VPS52	VPS52
PHGDH	PHGDH
TIA1	TIA1
RRN3P3	RRN3P3
ZBTB39	ZBTB39
KIAA1524	KIAA1524
POTEJ	POTEJ
FAM212B	FAM212B
RBM34	RBM34
CNBP	CNBP
MRPL15	MRPL15
OGFOD1	OGFOD1
RICTOR	RICTOR
C6orf108;DNPH1	C6orf108;DNPH1
BRI3BP	BRI3BP
AC079305.11;OTTHUMG00000155365	AC079305.11;OTTHUMG00000155365
FIGNL1	FIGNL1
C17orf53	C17orf53
CCDC107	CCDC107
ZNF71	ZNF71
SCN2A	SCN2A
AC011330.12;CKMT1A;CKMT1B;OTTHUMG00000150038	AC011330.12;CKMT1A;CKMT1B;OTTHUMG00000150038
CPT1A	CPT1A
MIR1206	MIR1206
ATP6V0B	ATP6V0B
ASAH2	ASAH2
MIR425	MIR425
TRMT10B	TRMT10B
SERF1A;SERF1B	SERF1A;SERF1B
PCBD1	PCBD1
APH1B	APH1B
S1PR2	S1PR2
ZNF135	ZNF135
TMPRSS5	TMPRSS5
SMG7	SMG7
APEH	APEH
ANKRD26P3;OTTHUMG00000016478;RP11-408E5.5	ANKRD26P3;OTTHUMG00000016478;RP11-408E5.5
PARP12	PARP12
SLC1A3	SLC1A3
MCM6	MCM6
OTP	OTP
AC006378.3;BET1;OTTHUMG00000155772	AC006378.3;BET1;OTTHUMG00000155772
SPECC1L	SPECC1L
FLJ27255;OTTHUMG00000141283;RP3-393E18.2	FLJ27255;OTTHUMG00000141283;RP3-393E18.2
RPL36	RPL36
C1orf174	C1orf174
ACO1	ACO1
CHAC1	CHAC1
FAM216A	FAM216A
OTTHUMG00000017992;RP11-672F9.1	OTTHUMG00000017992;RP11-672F9.1
RPL35A	RPL35A
SCO1	SCO1
AEN	AEN
SLC4A4	SLC4A4
BRE	BRE
ZBTB33	ZBTB33
PIGM	PIGM
ANKS3	ANKS3
ARMC6	ARMC6
LOC100506124;TTC21B	LOC100506124;TTC21B
C20orf160;CCM2L	C20orf160;CCM2L
SOX2	SOX2
MIRLET7C	MIRLET7C
DCAF17	DCAF17
RALA	RALA
TECTA	TECTA
HLA-DMA	HLA-DMA
FAM86C1	FAM86C1
TUBBP1	TUBBP1
SERPING1	SERPING1
TM2D1	TM2D1
AC016907.3;OTTHUMG00000152000	AC016907.3;OTTHUMG00000152000
ACTR6	ACTR6
DANCR	DANCR
EIF4EBP2	EIF4EBP2
SLC38A1	SLC38A1
SGK2	SGK2
OTTHUMG00000161149;RP11-399F2.2	OTTHUMG00000161149;RP11-399F2.2
SMARCA5-AS1	SMARCA5-AS1
TEAD4	TEAD4
GATC	GATC
BAZ1B	BAZ1B
TMEM173	TMEM173
COQ9	COQ9
EIF3L	EIF3L
FAM196A	FAM196A
TTLL12	TTLL12
LRRTM2	LRRTM2
MVK	MVK
TANC2	TANC2
TMEM127	TMEM127
SLC3A1	SLC3A1
OTTHUMG00000019290;RP11-432J24.5	OTTHUMG00000019290;RP11-432J24.5
HLA-L	HLA-L
MYL6B	MYL6B
WDFY3-AS2	WDFY3-AS2
KRT19P2;MIR492	KRT19P2;MIR492
COL1A2	COL1A2
U2SURP	U2SURP
LHFPL5;OTTHUMG00000014584;RP3-422H11.8	LHFPL5;OTTHUMG00000014584;RP3-422H11.8
HIPK1	HIPK1
EFNA2	EFNA2
SHISA7	SHISA7
TAL2	TAL2
HLA-DMA	HLA-DMA
EFHA2;MICU3	EFHA2;MICU3
ZEB2;ZEB2-AS1	ZEB2;ZEB2-AS1
IER3IP1	IER3IP1
TUB	TUB
RASSF8-AS1	RASSF8-AS1
VPS33A	VPS33A
ADAMTS7;LOC100291699	ADAMTS7;LOC100291699
PKNOX2	PKNOX2
SOX5	SOX5
PGAP3	PGAP3
CD164	CD164
FAM120B	FAM120B
CLN8	CLN8
SFXN4	SFXN4
OTTHUMG00000015720;RP1-45I4.3	OTTHUMG00000015720;RP1-45I4.3
DNAJC12	DNAJC12
BAX	BAX
MRPS35	MRPS35
FOS	FOS
ADRA1B	ADRA1B
GLI2	GLI2
OTTHUMG00000009204;RP4-694A7.2	OTTHUMG00000009204;RP4-694A7.2
DOCK4	DOCK4
GAP43	GAP43
GSPT2	GSPT2
CCDC111	CCDC111
NR1H3	NR1H3
NCOR2	NCOR2
OTTHUMG00000037202;RP11-576D8.4	OTTHUMG00000037202;RP11-576D8.4
AL035610.1;LOC100652994;OTTHUMG00000078709	AL035610.1;LOC100652994;OTTHUMG00000078709
PTGES3	PTGES3
MYOZ3	MYOZ3
CSNK2A1P	CSNK2A1P
ABCF3	ABCF3
OTTHUMG00000020649;RP11-121A14.3	OTTHUMG00000020649;RP11-121A14.3
OTTHUMG00000164757;RP11-737F9.2	OTTHUMG00000164757;RP11-737F9.2
RFWD2	RFWD2
ZNF346-IT1	ZNF346-IT1
SCRN3	SCRN3
ATG10	ATG10
ZFP69B;ZNF643	ZFP69B;ZNF643
PELI1	PELI1
LOC100130950	LOC100130950
PTPN23	PTPN23
OTTHUMG00000041379;RP11-480I12.5	OTTHUMG00000041379;RP11-480I12.5
POLH	POLH
WNT8B	WNT8B
RAB6B	RAB6B
SLC29A1	SLC29A1
GSDMB	GSDMB
MRPL44	MRPL44
FABP3	FABP3
PDLIM5	PDLIM5
CREB3L4	CREB3L4
GALNT18	GALNT18
SERTAD4	SERTAD4
IP6K2	IP6K2
C1QTNF4	C1QTNF4
AK5	AK5
AC109829.1;OTTHUMG00000151939	AC109829.1;OTTHUMG00000151939
LHX2	LHX2
LTK	LTK
AREL1;KIAA0317	AREL1;KIAA0317
SNORA75	SNORA75
HNRNPLL;HNRPLL	HNRNPLL;HNRPLL
CWF19L1	CWF19L1
ARID5A	ARID5A
ELK1	ELK1
SCAND2;SCAND2P	SCAND2;SCAND2P
C11orf31;CTNND1	C11orf31;CTNND1
TAP2	TAP2
TAP2	TAP2
TAP2	TAP2
ZNF461	ZNF461
C12orf52	C12orf52
ALG13-AS1	ALG13-AS1
PROS1	PROS1
DPF2	DPF2
POU5F1B	POU5F1B
FEN1	FEN1
OTTHUMG00000020337;RP11-535C21.3	OTTHUMG00000020337;RP11-535C21.3
IFNAR1	IFNAR1
SCARNA21	SCARNA21
DAB1	DAB1
LMX1B	LMX1B
MAGI1;MAGI1-IT1	MAGI1;MAGI1-IT1
SASS6	SASS6
CIRBP	CIRBP
IDH3A	IDH3A
KCNC4	KCNC4
CRYBG3	CRYBG3
PPP1CB	PPP1CB
RAB6C;WTH3DI	RAB6C;WTH3DI
KHK	KHK
OTTHUMG00000019140;RP11-498J9.2	OTTHUMG00000019140;RP11-498J9.2
PPP1R12C	PPP1R12C
EVA1A	EVA1A
VAC14-AS1	VAC14-AS1
SNAR-E	SNAR-E
RABAC1	RABAC1
SNORD114-26	SNORD114-26
RPLP2;SNORA52	RPLP2;SNORA52
PRRC2B	PRRC2B
ZNF534	ZNF534
PIK3C3	PIK3C3
MYBBP1A	MYBBP1A
STK19	STK19
RNU1-18P	RNU1-18P
LTBP3	LTBP3
DICER1	DICER1
SDCBP2	SDCBP2
SMARCAD1	SMARCAD1
LOC100505912;OTTHUMG00000162099;RP11-17E2.2	LOC100505912;OTTHUMG00000162099;RP11-17E2.2
TBC1D2B	TBC1D2B
GLDC	GLDC
SNRNP25	SNRNP25
MLLT1	MLLT1
WDR92	WDR92
GCNT1	GCNT1
TMEM150C	TMEM150C
HOMEZ	HOMEZ
ASMTL	ASMTL
MIR326	MIR326
DUSP19	DUSP19
CLMP	CLMP
ZNF567	ZNF567
ATP5J2-PTCD1;PTCD1	ATP5J2-PTCD1;PTCD1
LARP1	LARP1
NGF	NGF
NUDT14	NUDT14
AC017048.4;OTTHUMG00000154157	AC017048.4;OTTHUMG00000154157
ANKRD12	ANKRD12
FKBP15	FKBP15
SNTB1	SNTB1
FAU	FAU
OTTHUMG00000019964;RP11-88I18.2	OTTHUMG00000019964;RP11-88I18.2
SERHL2	SERHL2
PRDM1	PRDM1
APBA2	APBA2
OTTHUMG00000014332;RP3-471C18.2	OTTHUMG00000014332;RP3-471C18.2
CLEC4A	CLEC4A
DIAPH2	DIAPH2
TEX261	TEX261
RALBP1	RALBP1
NABP1	NABP1
PCCB	PCCB
RNU7-40P	RNU7-40P
TAS2R8	TAS2R8
BDP1	BDP1
SYBU	SYBU
PLEKHF2	PLEKHF2
AC093484.4;OTTHUMG00000058991;TRPV2	AC093484.4;OTTHUMG00000058991;TRPV2
TMEM123	TMEM123
OTTHUMG00000016063;RP1-266L20.4	OTTHUMG00000016063;RP1-266L20.4
PCDH19	PCDH19
CUL3	CUL3
TCEAL4	TCEAL4
IPO9-AS1	IPO9-AS1
RPL13AP20	RPL13AP20
CLVS1	CLVS1
ZNF511	ZNF511
B2M	B2M
TAP2	TAP2
ZNF324	ZNF324
HNRNPA1L2	HNRNPA1L2
OPN1SW	OPN1SW
MOGAT1	MOGAT1
KIAA1191	KIAA1191
TMOD2	TMOD2
MIR4786	MIR4786
HOXB-AS1	HOXB-AS1
INTS6	INTS6
BMPR2	BMPR2
CHRNA3	CHRNA3
SNORD116-5;SNORD116-7	SNORD116-5;SNORD116-7
SNORD116-5;SNORD116-7	SNORD116-5;SNORD116-7
DUS3L	DUS3L
NXNL2	NXNL2
CYB5B	CYB5B
C1orf54	C1orf54
STX1A	STX1A
KIAA1715	KIAA1715
ST18	ST18
FAM172A;MIR2277	FAM172A;MIR2277
CHD1	CHD1
ARMC7	ARMC7
SOX15	SOX15
COASY	COASY
PPP1R32	PPP1R32
MEST	MEST
C3orf19;CCDC174	C3orf19;CCDC174
HERC2P9	HERC2P9
ABHD12	ABHD12
LPAL2	LPAL2
ANXA11	ANXA11
OTTHUMG00000157233;RP11-114M1.2	OTTHUMG00000157233;RP11-114M1.2
HERC2P4	HERC2P4
ZBTB25	ZBTB25
SMARCD2	SMARCD2
FUT5	FUT5
GNAI3	GNAI3
POLR3A	POLR3A
RAB7L1	RAB7L1
SENP1	SENP1
GPRASP1	GPRASP1
TMEM9B	TMEM9B
PTPN11	PTPN11
LPL	LPL
RCN2	RCN2
AC009501.4;LOC100132215;OTTHUMG00000152553	AC009501.4;LOC100132215;OTTHUMG00000152553
PLOD2	PLOD2
NAPG	NAPG
FANCL	FANCL
OTTHUMG00000060826;Z69666.2	OTTHUMG00000060826;Z69666.2
TSSK1B	TSSK1B
GGNBP2	GGNBP2
MLLT10	MLLT10
APITD1;APITD1-CORT;CORT	APITD1;APITD1-CORT;CORT
KISS1R	KISS1R
ANP32A-IT1	ANP32A-IT1
OTX1	OTX1
NFKB2	NFKB2
PPP2R3B	PPP2R3B
NDRG4	NDRG4
VAPB	VAPB
ZNF776	ZNF776
POTEF	POTEF
CSPG4P8	CSPG4P8
TAS2R3	TAS2R3
TRRAP	TRRAP
OTTHUMG00000020126;RP11-213G2.2	OTTHUMG00000020126;RP11-213G2.2
ANGPTL2	ANGPTL2
FLOT2	FLOT2
C9orf147;OTTHUMG00000020506;RP11-32M23.4	C9orf147;OTTHUMG00000020506;RP11-32M23.4
CASP8AP2	CASP8AP2
BTN2A3P	BTN2A3P
FARS2	FARS2
FTCD	FTCD
SUOX	SUOX
RAB5A	RAB5A
FMO6P	FMO6P
OTTHUMG00000150008;RP1-90G24.10	OTTHUMG00000150008;RP1-90G24.10
AC113607.2;LOC100508751;LOC101060385;OTTHUMG00000151369	AC113607.2;LOC100508751;LOC101060385;OTTHUMG00000151369
SNORD88C	SNORD88C
DHX33	DHX33
TEC	TEC
PMAIP1	PMAIP1
HOXA5	HOXA5
DYNC1H1	DYNC1H1
SHC1	SHC1
RAD54L2	RAD54L2
NEUROD1	NEUROD1
AF241725.6;OTTHUMG00000078124	AF241725.6;OTTHUMG00000078124
ANKRD10-IT1	ANKRD10-IT1
TLCD1	TLCD1
RNU7-24P	RNU7-24P
VEGFC	VEGFC
TPI1P3	TPI1P3
PPP1R26	PPP1R26
TH	TH
MIR1185-2	MIR1185-2
CCDC36	CCDC36
LOC100270746	LOC100270746
PPARA	PPARA
MKI67IP	MKI67IP
AC008073.5;OTTHUMG00000125499;SF3B14	AC008073.5;OTTHUMG00000125499;SF3B14
SCN9A	SCN9A
SS18L2	SS18L2
GGT7	GGT7
FAM134A	FAM134A
PNISR	PNISR
RAB1B	RAB1B
HLA-DMA	HLA-DMA
HLA-DMA	HLA-DMA
HLA-DMA	HLA-DMA
HLA-DMA	HLA-DMA
HLA-DMA	HLA-DMA
TMLHE	TMLHE
PPP2R3B	PPP2R3B
SLC11A1	SLC11A1
SLC5A2	SLC5A2
PEX7	PEX7
ESRG	ESRG
SOS1	SOS1
MIR4781;TCEANC2	MIR4781;TCEANC2
SLC35A4	SLC35A4
FLJ22447	FLJ22447
CCDC8	CCDC8
LOC100128770	LOC100128770
C10orf112	C10orf112
MED25	MED25
ARPC2	ARPC2
OTTHUMG00000000825;RP1-283E3.4	OTTHUMG00000000825;RP1-283E3.4
BUB3	BUB3
FKBP8	FKBP8
PRDM15	PRDM15
AC005076.5;OTTHUMG00000154197	AC005076.5;OTTHUMG00000154197
DMRTA1	DMRTA1
OTTHUMG00000161575;RP11-33B1.3	OTTHUMG00000161575;RP11-33B1.3
ARHGEF2;OTTHUMG00000017458;OTTHUMG00000017460;RP11-336K24.4;RP11-336K24.6	ARHGEF2;OTTHUMG00000017458;OTTHUMG00000017460;RP11-336K24.4;RP11-336K24.6
PDZD7	PDZD7
SENP6	SENP6
BAG1	BAG1
RNU6-8	RNU6-8
PRSS16	PRSS16
LOC100509445	LOC100509445
DDO	DDO
RNA5SP336	RNA5SP336
OTTHUMG00000016875;RP11-189B4.6	OTTHUMG00000016875;RP11-189B4.6
NPIPB11;OTTHUMG00000170467;RP11-231C14.2	NPIPB11;OTTHUMG00000170467;RP11-231C14.2
USP5	USP5
MRPS2	MRPS2
KCNN3;OTTHUMG00000041317;RP11-274N19.2	KCNN3;OTTHUMG00000041317;RP11-274N19.2
CDKN3	CDKN3
IGHMBP2	IGHMBP2
SCARNA8	SCARNA8
ZNF257	ZNF257
ALMS1P	ALMS1P
RPL17;RPL17-C18orf32;SNORD58B	RPL17;RPL17-C18orf32;SNORD58B
DDX20	DDX20
OTTHUMG00000041339;RP11-275I14.4	OTTHUMG00000041339;RP11-275I14.4
BABAM1	BABAM1
MAP2K6	MAP2K6
TTF2	TTF2
PROCA1	PROCA1
OTTHUMG00000162216;RP11-94C24.11	OTTHUMG00000162216;RP11-94C24.11
GJD3	GJD3
C4orf3	C4orf3
HEATR3	HEATR3
OTTHUMG00000015510;RP1-293L8.5	OTTHUMG00000015510;RP1-293L8.5
LOC100127983;OTTHUMG00000164011;RP11-122A3.2	LOC100127983;OTTHUMG00000164011;RP11-122A3.2
RASA4CP	RASA4CP
SEMA4F	SEMA4F
AC073284.4;OTTHUMG00000154818	AC073284.4;OTTHUMG00000154818
ARAP1-AS1	ARAP1-AS1
FANCG	FANCG
STARD10	STARD10
OSBPL7	OSBPL7
PNLIPRP3	PNLIPRP3
MIR4768	MIR4768
KIAA2026	KIAA2026
SMAP2	SMAP2
RPS27P25	RPS27P25
RPL14	RPL14
SARNP	SARNP
YTHDF1	YTHDF1
CD2BP2	CD2BP2
C17orf89	C17orf89
AKAP7	AKAP7
OTTHUMG00000039564;RP11-544D21.1	OTTHUMG00000039564;RP11-544D21.1
PTPLAD2	PTPLAD2
RPS12P23	RPS12P23
SERPINA13P	SERPINA13P
LOC100508046;POTEH-AS1	LOC100508046;POTEH-AS1
MON2	MON2
CABLES2	CABLES2
FAM82A2;RMDN3	FAM82A2;RMDN3
AIFM1	AIFM1
WAPAL	WAPAL
ENDOV;LOC100507440	ENDOV;LOC100507440
KCNB1	KCNB1
DNASE2	DNASE2
ATP6V1E1	ATP6V1E1
ALKBH5;LOC100652858;LOC100653189	ALKBH5;LOC100652858;LOC100653189
ATP8B4	ATP8B4
CRADD	CRADD
PSORS1C1	PSORS1C1
RASD2	RASD2
NOA1	NOA1
MIR500A	MIR500A
PRCP	PRCP
LOC650368	LOC650368
LEMD1	LEMD1
KPNA4	KPNA4
INPP5J	INPP5J
EIF3K	EIF3K
GTF3C4	GTF3C4
BBIP1	BBIP1
P4HB	P4HB
CRABP2	CRABP2
QSER1	QSER1
LMBRD1	LMBRD1
TMEM30B	TMEM30B
MCFD2	MCFD2
HIST1H4G	HIST1H4G
SAP18	SAP18
PEX13	PEX13
WDR45B;WDR45L	WDR45B;WDR45L
COL19A1	COL19A1
C1orf109	C1orf109
C4orf27	C4orf27
LRRC3-AS1	LRRC3-AS1
OTTHUMG00000037425;RP11-400N13.3	OTTHUMG00000037425;RP11-400N13.3
SPATA2	SPATA2
GRB7	GRB7
FAF1	FAF1
RNA5SP519	RNA5SP519
AMMECR1L	AMMECR1L
PEAK1	PEAK1
C2orf44	C2orf44
RNU6-32	RNU6-32
RNU6-13	RNU6-13
RNU6-12	RNU6-12
FAM86FP	FAM86FP
TXNRD3;TXNRD3NB	TXNRD3;TXNRD3NB
GUCA1A;OTTHUMG00000014693;RP1-139D8.6	GUCA1A;OTTHUMG00000014693;RP1-139D8.6
EBF3	EBF3
RABGGTA	RABGGTA
SIDT2	SIDT2
MIR1260B	MIR1260B
RPL22P11	RPL22P11
GP6	GP6
SDF4	SDF4
TSPY5P	TSPY5P
OTTHUMG00000159172;RP11-446H18.5	OTTHUMG00000159172;RP11-446H18.5
TXNL4A	TXNL4A
AUNIP	AUNIP
FKBP10	FKBP10
PCMTD2	PCMTD2
ZNF708	ZNF708
APOL6	APOL6
RAVER2	RAVER2
MFI2	MFI2
PYCR2	PYCR2
PDCL3P4	PDCL3P4
PLK1S1	PLK1S1
EBAG9	EBAG9
LDLRAP1	LDLRAP1
SEMA3G	SEMA3G
C3orf38;OTTHUMG00000159134;RP11-373L8.2	C3orf38;OTTHUMG00000159134;RP11-373L8.2
ZNF646	ZNF646
CHCHD1	CHCHD1
SLITRK3	SLITRK3
SETD1A	SETD1A
PTMS	PTMS
UBTD2	UBTD2
ARHGAP19	ARHGAP19
HLA-DPB2	HLA-DPB2
MRPL3	MRPL3
OTTHUMG00000133725;XXbac-BPG299F13.14	OTTHUMG00000133725;XXbac-BPG299F13.14
GRB10	GRB10
C11orf57	C11orf57
PEBP1	PEBP1
POC1A	POC1A
ME2	ME2
RRBP1	RRBP1
ALG10	ALG10
CADM4	CADM4
DPP7	DPP7
SNORA13	SNORA13
DYRK2	DYRK2
SLAIN2	SLAIN2
FLJ20373;MAP4K4	FLJ20373;MAP4K4
LOC440570;OTTHUMG00000002203;RP11-108M9.3	LOC440570;OTTHUMG00000002203;RP11-108M9.3
SEZ6L	SEZ6L
DRAM2	DRAM2
AJ006998.2;OTTHUMG00000074333	AJ006998.2;OTTHUMG00000074333
RAB40A	RAB40A
ALKBH8	ALKBH8
MTAP	MTAP
TTYH1	TTYH1
MIR1244-1;MIR1244-2	MIR1244-1;MIR1244-2
MIR1244-1;MIR1244-2	MIR1244-1;MIR1244-2
AC002467.7;CBLL1;OTTHUMG00000154805	AC002467.7;CBLL1;OTTHUMG00000154805
KLHL2	KLHL2
CSPG4P5	CSPG4P5
GS1-122H1.2;OTTHUMG00000037403	GS1-122H1.2;OTTHUMG00000037403
IRAK1BP1;OTTHUMG00000015070;RP11-173D14.1	IRAK1BP1;OTTHUMG00000015070;RP11-173D14.1
UQCR10	UQCR10
PMS2P1	PMS2P1
RNA5SP141	RNA5SP141
SCAPER	SCAPER
GTF3C2	GTF3C2
METTL8	METTL8
TGFB2	TGFB2
OBSL1	OBSL1
LINC00595	LINC00595
RRN3P2	RRN3P2
PFDN5	PFDN5
ARHGEF17	ARHGEF17
MIR4656	MIR4656
PCOLCE	PCOLCE
TRIM49	TRIM49
OTTHUMG00000022398;RP1-274L7.1	OTTHUMG00000022398;RP1-274L7.1
SAP130	SAP130
DDX59	DDX59
RABGAP1L	RABGAP1L
MARC1	MARC1
SDSL	SDSL
TMEM161B	TMEM161B
RNU6-16P	RNU6-16P
UGCG	UGCG
LEKR1	LEKR1
RNA5SP263	RNA5SP263
RBPMS2	RBPMS2
SNX13	SNX13
BCL7A	BCL7A
NPM1	NPM1
LRP2BP	LRP2BP
FBXO10	FBXO10
UBL7	UBL7
MORC4	MORC4
TMEM99	TMEM99
SPTAN1	SPTAN1
PRDX6	PRDX6
MIR325	MIR325
THOP1	THOP1
CHI3L2	CHI3L2
MIR3658;UCK2	MIR3658;UCK2
PPIP5K1	PPIP5K1
C11orf92	C11orf92
AGPAT4-IT1	AGPAT4-IT1
YBX3	YBX3
ARL6IP4	ARL6IP4
C5orf50	C5orf50
OTTHUMG00000144164;RP11-598C10.1	OTTHUMG00000144164;RP11-598C10.1
CMAS	CMAS
FUNDC2	FUNDC2
SNORD127	SNORD127
C2orf15;MRPL30	C2orf15;MRPL30
STX8	STX8
GSPT1	GSPT1
CTD-3105H18.14;OTTHUMG00000156422;ZNF799	CTD-3105H18.14;OTTHUMG00000156422;ZNF799
AFTPH	AFTPH
AGBL1	AGBL1
OTOGL	OTOGL
BATF2	BATF2
L1TD1	L1TD1
GRID2IP	GRID2IP
INO80	INO80
RASA3	RASA3
PSORS1C1	PSORS1C1
ZNF25;ZNF33A	ZNF25;ZNF33A
TPX2	TPX2
LOC100130357;OTTHUMG00000014271;RP1-257A7.4;TBC1D7	LOC100130357;OTTHUMG00000014271;RP1-257A7.4;TBC1D7
ZNF32-AS2	ZNF32-AS2
MTCH2	MTCH2
SCARB1	SCARB1
HP	HP
IGHV3-30	IGHV3-30
LOC100652886;LOC100653157;TGFBI	LOC100652886;LOC100653157;TGFBI
PTAR1	PTAR1
TACC2	TACC2
FABP5P3	FABP5P3
IMPA2	IMPA2
ACSM3	ACSM3
PCNXL2	PCNXL2
SLC37A2	SLC37A2
CSF2RA	CSF2RA
FAM219A	FAM219A
LCTL	LCTL
DYNC1LI1	DYNC1LI1
TTC3P1	TTC3P1
AHRR;PDCD6	AHRR;PDCD6
DUT	DUT
PDCD11	PDCD11
REST	REST
OTTHUMG00000134300;RP11-15M15.2	OTTHUMG00000134300;RP11-15M15.2
SNORD71	SNORD71
TMEM229B	TMEM229B
FLJ12825;OTTHUMG00000160034;RP11-834C11.3	FLJ12825;OTTHUMG00000160034;RP11-834C11.3
ZNF138	ZNF138
APOB	APOB
PSMA2	PSMA2
FMO3	FMO3
CRYBG3	CRYBG3
AC079988.3;OTTHUMG00000153330	AC079988.3;OTTHUMG00000153330
UQCRC1	UQCRC1
HCG20	HCG20
GNG12-AS1	GNG12-AS1
SNORD114-4	SNORD114-4
MYL7	MYL7
CD58	CD58
EIF4A3	EIF4A3
CDC34	CDC34
OTTHUMG00000046186;RP11-122K13.12	OTTHUMG00000046186;RP11-122K13.12
LCORL	LCORL
TRIM49D1;TRIM49D2P	TRIM49D1;TRIM49D2P
RNF169	RNF169
OTTHUMG00000018710;RP11-149I23.3	OTTHUMG00000018710;RP11-149I23.3
CTD-2022H16.1;OTTHUMG00000156285	CTD-2022H16.1;OTTHUMG00000156285
TIMM17A	TIMM17A
LANCL3	LANCL3
PLEKHB2	PLEKHB2
XPO4	XPO4
CTSL3P	CTSL3P
MIR99A	MIR99A
C10orf82	C10orf82
CYP7B1	CYP7B1
HIP1R	HIP1R
MXI1	MXI1
SLC2A3	SLC2A3
GATAD1	GATAD1
MIR106A	MIR106A
FAM41C	FAM41C
LOC729080	LOC729080
SCARNA9;SCARNA9L	SCARNA9;SCARNA9L
ZNF740	ZNF740
MIR4723;TMEM199	MIR4723;TMEM199
KNSTRN	KNSTRN
GNL2	GNL2
MSH5;MSH5-SAPCD1;SAPCD1	MSH5;MSH5-SAPCD1;SAPCD1
AC068282.3;OTTHUMG00000153398	AC068282.3;OTTHUMG00000153398
FAM198A	FAM198A
TNXB	TNXB
LGALS9	LGALS9
EIF1B	EIF1B
GCC1	GCC1
LINC00571	LINC00571
SLC38A9	SLC38A9
NRBF2	NRBF2
HYI-AS1;SZT2	HYI-AS1;SZT2
TAF1	TAF1
KCNJ2	KCNJ2
API5	API5
RAI1	RAI1
OTTHUMG00000163770;RP11-586K2.1	OTTHUMG00000163770;RP11-586K2.1
CHURC1	CHURC1
MAGEE1	MAGEE1
GPR61	GPR61
DDIT4	DDIT4
ARL5A	ARL5A
ZNF192P1	ZNF192P1
MOB1B	MOB1B
MIR548AN	MIR548AN
AC024704.2;AC104653.1;LOC101060091;OTTHUMG00000153496;OTTHUMG00000153498	AC024704.2;AC104653.1;LOC101060091;OTTHUMG00000153496;OTTHUMG00000153498
TMEM54	TMEM54
ACE2	ACE2
CCDC53	CCDC53
LOC101060431;PIAS3	LOC101060431;PIAS3
LOC440300	LOC440300
MIR1207	MIR1207
CYTH3	CYTH3
SNORD78	SNORD78
C19orf18	C19orf18
ATG16L2	ATG16L2
PPIAL4D;PPIAL4F	PPIAL4D;PPIAL4F
PPIAL4D;PPIAL4E;PPIAL4F	PPIAL4D;PPIAL4E;PPIAL4F
CKS2	CKS2
RARRES2	RARRES2
KIAA1804;OTTHUMG00000037889;RP5-862P8.2	KIAA1804;OTTHUMG00000037889;RP5-862P8.2
S1PR1	S1PR1
CBWD1;CBWD2;LOC100653334	CBWD1;CBWD2;LOC100653334
FDFT1	FDFT1
LINC00909	LINC00909
SCARA3	SCARA3
ALG11;UTP14C	ALG11;UTP14C
ESYT1	ESYT1
VCAN	VCAN
PSMB4	PSMB4
TLL1	TLL1
VEZT	VEZT
OTTHUMG00000041348;RP11-153F1.1	OTTHUMG00000041348;RP11-153F1.1
ANKRD36;ANKRD36C	ANKRD36;ANKRD36C
LARGE-IT1	LARGE-IT1
DOLPP1	DOLPP1
BNC1	BNC1
OTTHUMG00000017562;RP11-195B3.1	OTTHUMG00000017562;RP11-195B3.1
CDR1	CDR1
METTL22	METTL22
OTTHUMG00000151247;RP1-5O6.6;TMEM184B	OTTHUMG00000151247;RP1-5O6.6;TMEM184B
LOC100506248;LOC728026;MIR1244-1;MIR1244-2;MIR1244-3;PTMA	LOC100506248;LOC728026;MIR1244-1;MIR1244-2;MIR1244-3;PTMA
C6orf170	C6orf170
ZFAND3	ZFAND3
UBXN2A	UBXN2A
BUD13	BUD13
FGF7	FGF7
TBC1D15	TBC1D15
CNOT2	CNOT2
SPRY2	SPRY2
LRRC57	LRRC57
BAG4	BAG4
PI15	PI15
C12orf45	C12orf45
RNU1-11P	RNU1-11P
LIN7B	LIN7B
C22orf32;SMDT1	C22orf32;SMDT1
DKFZp686K1684;RCN1	DKFZp686K1684;RCN1
SNORA74A	SNORA74A
OTTHUMG00000161438;RP11-6L6.2	OTTHUMG00000161438;RP11-6L6.2
NUFIP1	NUFIP1
PAPSS2	PAPSS2
CPNE3	CPNE3
SDC3	SDC3
KCTD6	KCTD6
LOC100996725;PPIAL4A;PPIAL4B;PPIAL4C;PPIAL4G	LOC100996725;PPIAL4A;PPIAL4B;PPIAL4C;PPIAL4G
KDM6B	KDM6B
CCDC68	CCDC68
SOX6	SOX6
MIF	MIF
ZNF225	ZNF225
RNU7-53P	RNU7-53P
CALCB	CALCB
CNTN4	CNTN4
PHC1	PHC1
SLC35G1	SLC35G1
GPN3	GPN3
TP53INP1	TP53INP1
C10orf108;OTTHUMG00000017528;PRR26;RP11-809C18.1	C10orf108;OTTHUMG00000017528;PRR26;RP11-809C18.1
BLMH	BLMH
EPB41L4A	EPB41L4A
CRIPAK	CRIPAK
INO80C	INO80C
PPA2	PPA2
ING1	ING1
SLC35C1	SLC35C1
RAB30-AS1	RAB30-AS1
SLED1	SLED1
GATC;SRSF9	GATC;SRSF9
NACAD	NACAD
BACH1;BACH1-IT1;GRIK1-AS2	BACH1;BACH1-IT1;GRIK1-AS2
AL136419.6;CHMP4A;OTTHUMG00000029324	AL136419.6;CHMP4A;OTTHUMG00000029324
HCG20	HCG20
USP14	USP14
GPHA2	GPHA2
LINC00338;SCARNA16;SEC14L1	LINC00338;SCARNA16;SEC14L1
MIR4444-1	MIR4444-1
AC010987.5;OTTHUMG00000152562	AC010987.5;OTTHUMG00000152562
NINJ1	NINJ1
CTB-118P15.2;OTTHUMG00000163768	CTB-118P15.2;OTTHUMG00000163768
APPL1	APPL1
OTTHUMG00000014981;RP3-525N10.2	OTTHUMG00000014981;RP3-525N10.2
RTF1	RTF1
OTTHUMG00000039533;RP11-177F15.1	OTTHUMG00000039533;RP11-177F15.1
FEZF1-AS1	FEZF1-AS1
KRT18P52	KRT18P52
HDDC2	HDDC2
EEF1DP1	EEF1DP1
CAP2	CAP2
MAP6	MAP6
RAD18	RAD18
C15orf52;RNA5SP392	C15orf52;RNA5SP392
SGMS2	SGMS2
LTBP1	LTBP1
PACS1	PACS1
CWC25	CWC25
WDR43	WDR43
TREML3P	TREML3P
GPCPD1	GPCPD1
SSSCA1	SSSCA1
MIR4450	MIR4450
ETFDH	ETFDH
PAIP1	PAIP1
OR4F21	OR4F21
ARL4C	ARL4C
SLC6A6	SLC6A6
MIR4516	MIR4516
HARS2	HARS2
NECAP1	NECAP1
FSTL5	FSTL5
ATXN7L3B;OTTHUMG00000163936;RP11-56G10.1	ATXN7L3B;OTTHUMG00000163936;RP11-56G10.1
LZIC	LZIC
ZC3H7B	ZC3H7B
PABPC1L2A;PABPC1L2B	PABPC1L2A;PABPC1L2B
MMP1	MMP1
GCFC2	GCFC2
ZNF710	ZNF710
TMEM161B-AS1	TMEM161B-AS1
OTTHUMG00000160328;RP11-756P10.5	OTTHUMG00000160328;RP11-756P10.5
BTF3L4P1	BTF3L4P1
ATP6V1B2	ATP6V1B2
NUP107	NUP107
F2RL1	F2RL1
CTD-2135J3.2;OTTHUMG00000163808;PINX1	CTD-2135J3.2;OTTHUMG00000163808;PINX1
LOC100126784	LOC100126784
OTTHUMG00000162349;RP11-481C4.1	OTTHUMG00000162349;RP11-481C4.1
LAMP3	LAMP3
OTTHUMG00000161234;OTTHUMG00000161767;RP11-1E22.1;RP11-789C2.1	OTTHUMG00000161234;OTTHUMG00000161767;RP11-1E22.1;RP11-789C2.1
SNX24	SNX24
HOXB-AS3	HOXB-AS3
LOC728613	LOC728613
CTD-2336O2.1;OTTHUMG00000163625	CTD-2336O2.1;OTTHUMG00000163625
MIR4517;NFATC2IP	MIR4517;NFATC2IP
OTTHUMG00000011645;RP5-1160K1.6	OTTHUMG00000011645;RP5-1160K1.6
PLEKHO2	PLEKHO2
SNORD12C	SNORD12C
TBC1D13	TBC1D13
NFIB	NFIB
CALCOCO1	CALCOCO1
SNORD114-7	SNORD114-7
NUDCD1	NUDCD1
MIR4295	MIR4295
DCLRE1C	DCLRE1C
MAT1A	MAT1A
LL0XNC01-19D8.1;NXF2;NXF2B;OTTHUMG00000152592;TCP11X1;TCP11X2	LL0XNC01-19D8.1;NXF2;NXF2B;OTTHUMG00000152592;TCP11X1;TCP11X2
AC003102.3;OTTHUMG00000132629	AC003102.3;OTTHUMG00000132629
FAM81B	FAM81B
FAM219B	FAM219B
RANBP10	RANBP10
ENSA	ENSA
PIEZO2	PIEZO2
FBXL20	FBXL20
PSPN	PSPN
G2E3	G2E3
SNORD118;TMEM107	SNORD118;TMEM107
SLC9B2	SLC9B2
MIOS	MIOS
AC073842.19;OTTHUMG00000154845	AC073842.19;OTTHUMG00000154845
INSL3	INSL3
VPS25	VPS25
RPL23AP64	RPL23AP64
POLD1	POLD1
SNORD116-25	SNORD116-25
TRAM1	TRAM1
ATP1A2	ATP1A2
GTF2F1	GTF2F1
WNT7B	WNT7B
STARD3	STARD3
OTTHUMG00000037716;RP11-449J1.1	OTTHUMG00000037716;RP11-449J1.1
BPIFB3	BPIFB3
RASA4;RASA4B	RASA4;RASA4B
STOM	STOM
RNA5SP273	RNA5SP273
RPUSD3	RPUSD3
MIR181C	MIR181C
ADAMTS9-AS2	ADAMTS9-AS2
GRIN1	GRIN1
NACA	NACA
SNORD3A	SNORD3A
TSEN54	TSEN54
P2RY1	P2RY1
GANC	GANC
UQCRH;UQCRHL	UQCRH;UQCRHL
TGFA	TGFA
PPP1R7	PPP1R7
HCG20	HCG20
KIAA1407	KIAA1407
ZFYVE20	ZFYVE20
GGCT	GGCT
OTTHUMG00000040699;RP11-763B22.4	OTTHUMG00000040699;RP11-763B22.4
TCEAL3-AS1	TCEAL3-AS1
C19orf44	C19orf44
LINC00923	LINC00923
GCNT2	GCNT2
FGF19	FGF19
ZSCAN21	ZSCAN21
RNA5SP370	RNA5SP370
METTL14	METTL14
PCDHGB7	PCDHGB7
USPL1	USPL1
SLC23A2	SLC23A2
ARFIP1	ARFIP1
CYB561	CYB561
PARP3	PARP3
SNRNP200	SNRNP200
NR2F1-AS1;OTTHUMG00000162643;RP11-65F13.2	NR2F1-AS1;OTTHUMG00000162643;RP11-65F13.2
AC123886.2;OTTHUMG00000153641	AC123886.2;OTTHUMG00000153641
MIR1285-1	MIR1285-1
CTC-241N9.1;OTTHUMG00000163262	CTC-241N9.1;OTTHUMG00000163262
C14orf101;TMEM260	C14orf101;TMEM260
SIX1	SIX1
RNU1-1;RNU1-2;RNU1-27P;RNU1-28P;RNU1-3;RNU1-4;RNVU1-18	RNU1-1;RNU1-2;RNU1-27P;RNU1-28P;RNU1-3;RNU1-4;RNVU1-18
RNU1-1;RNU1-2;RNU1-27P;RNU1-28P;RNU1-3;RNU1-4;RNVU1-18	RNU1-1;RNU1-2;RNU1-27P;RNU1-28P;RNU1-3;RNU1-4;RNVU1-18
RNU1-1;RNU1-2;RNU1-27P;RNU1-28P;RNU1-3;RNU1-4;RNVU1-18	RNU1-1;RNU1-2;RNU1-27P;RNU1-28P;RNU1-3;RNU1-4;RNVU1-18
RNU1-1;RNU1-2;RNU1-27P;RNU1-28P;RNU1-3;RNU1-4;RNVU1-18	RNU1-1;RNU1-2;RNU1-27P;RNU1-28P;RNU1-3;RNU1-4;RNVU1-18
RNU1-1;RNU1-2;RNU1-27P;RNU1-28P;RNU1-3;RNU1-4;RNVU1-18	RNU1-1;RNU1-2;RNU1-27P;RNU1-28P;RNU1-3;RNU1-4;RNVU1-18
RNU1-1;RNU1-2;RNU1-27P;RNU1-28P;RNU1-3;RNU1-4;RNVU1-18	RNU1-1;RNU1-2;RNU1-27P;RNU1-28P;RNU1-3;RNU1-4;RNVU1-18
RNU1-1;RNU1-2;RNU1-27P;RNU1-28P;RNU1-3;RNU1-4;RNVU1-18	RNU1-1;RNU1-2;RNU1-27P;RNU1-28P;RNU1-3;RNU1-4;RNVU1-18
MRP63	MRP63
KRR1	KRR1
MSL2	MSL2
BLVRB	BLVRB
C9orf116	C9orf116
TOPBP1	TOPBP1
MIR4721;TUFM	MIR4721;TUFM
GOLPH3	GOLPH3
KCNAB3	KCNAB3
TRAF2	TRAF2
MIR4675	MIR4675
LOC100996447;OTTHUMG00000158791;RP11-538P18.2	LOC100996447;OTTHUMG00000158791;RP11-538P18.2
PPIAL4G	PPIAL4G
GATAD2B	GATAD2B
OTTHUMG00000155439;RP11-767C1.1	OTTHUMG00000155439;RP11-767C1.1
GOLGA8S	GOLGA8S
CXCL16	CXCL16
PPIP5K1	PPIP5K1
UPK3A	UPK3A
PHYHIPL	PHYHIPL
AC087294.2;OTTHUMG00000130765	AC087294.2;OTTHUMG00000130765
CDKN2AIPNL	CDKN2AIPNL
ADRA2A	ADRA2A
SNHG7;SNORA17;SNORA43	SNHG7;SNORA17;SNORA43
ELK4;SLC45A3	ELK4;SLC45A3
SRSF8	SRSF8
GOLGA8DP	GOLGA8DP
RPL27A;SNORA3	RPL27A;SNORA3
RCOR2	RCOR2
EXOC8	EXOC8
SLC6A11	SLC6A11
NLN	NLN
BBS4	BBS4
PPIAL4E	PPIAL4E
ANO8	ANO8
UBAC1	UBAC1
DYNC1I1	DYNC1I1
PAN2	PAN2
OLIG3	OLIG3
AC005522.7;OTTHUMG00000155798	AC005522.7;OTTHUMG00000155798
CMTM8	CMTM8
S100A2	S100A2
ZBED5	ZBED5
FAM66C	FAM66C
NANOS1	NANOS1
OTTHUMG00000021671;RP11-431N15.2	OTTHUMG00000021671;RP11-431N15.2
SNAI1	SNAI1
AC007620.3;OTTHUMG00000133759	AC007620.3;OTTHUMG00000133759
AK4P3	AK4P3
MIR3942	MIR3942
CTNNAL1	CTNNAL1
HCG20	HCG20
HCG20	HCG20
OR51B2	OR51B2
PSORS1C1	PSORS1C1
SNORA77	SNORA77
ACSF3	ACSF3
MARS	MARS
MIR4273	MIR4273
MIR4273	MIR4273
RFX5	RFX5
WDFY3	WDFY3
PSORS1C1	PSORS1C1
CPEB2	CPEB2
CBWD1;CBWD5;LOC100653334	CBWD1;CBWD5;LOC100653334
ELFN1	ELFN1
SLC39A11	SLC39A11
ALG5	ALG5
TTC39B	TTC39B
INCENP	INCENP
SF3B3	SF3B3
CNTNAP2	CNTNAP2
CCND1	CCND1
PKHD1L1	PKHD1L1
HPCAL4	HPCAL4
CSF2RA	CSF2RA
DPY19L1P1	DPY19L1P1
RNA5SP448	RNA5SP448
OTTHUMG00000160318;RP11-123O22.1	OTTHUMG00000160318;RP11-123O22.1
CPB1	CPB1
SYT11	SYT11
RNU6-10P	RNU6-10P
DHX32	DHX32
OTTHUMG00000160396;RP11-769N22.1	OTTHUMG00000160396;RP11-769N22.1
CAPN5	CAPN5
TRIM38	TRIM38
OTTHUMG00000158688;RP11-3K16.2	OTTHUMG00000158688;RP11-3K16.2
TWF1	TWF1
AC083949.1;OTTHUMG00000152629	AC083949.1;OTTHUMG00000152629
AC093375.1;OTTHUMG00000153834	AC093375.1;OTTHUMG00000153834
GLUD1P3	GLUD1P3
OTTHUMG00000165011;RP11-85I17.2	OTTHUMG00000165011;RP11-85I17.2
FRS2	FRS2
OTTHUMG00000158943;RP11-47P18.1	OTTHUMG00000158943;RP11-47P18.1
EP400	EP400
CRTC2	CRTC2
PIP5K1B	PIP5K1B
DCP2	DCP2
MBIP	MBIP
AC004562.1;OTTHUMG00000132247	AC004562.1;OTTHUMG00000132247
OTTHUMG00000160141;RP11-68L1.1	OTTHUMG00000160141;RP11-68L1.1
SHISA2	SHISA2
MLKL	MLKL
CECR1	CECR1
ACTR2	ACTR2
FAM66E	FAM66E
ATP8B3	ATP8B3
AC023137.2;OTTHUMG00000151780	AC023137.2;OTTHUMG00000151780
TMPRSS2	TMPRSS2
ZNF521	ZNF521
RRS1	RRS1
CTB-33O18.1;OTTHUMG00000163338	CTB-33O18.1;OTTHUMG00000163338
CYP2S1	CYP2S1
TMEM14B	TMEM14B
CCNG2	CCNG2
DAGLA	DAGLA
SLC35A5	SLC35A5
HAPLN1	HAPLN1
MSRB1	MSRB1
SPATA20	SPATA20
FAM110C	FAM110C
C9orf152	C9orf152
SNORA72	SNORA72
BLOC1S1	BLOC1S1
CCDC169	CCDC169
FBXW4	FBXW4
PRMT5	PRMT5
SMC2	SMC2
BRF2	BRF2
FLJ46906;OTTHUMG00000015677;RP11-390P2.4	FLJ46906;OTTHUMG00000015677;RP11-390P2.4
ZPLD1	ZPLD1
SNORD114-6	SNORD114-6
LINC00475	LINC00475
DGCR5;LOC100287576;LOC100506454	DGCR5;LOC100287576;LOC100506454
SLC39A13	SLC39A13
CHST12	CHST12
LOC100293704	LOC100293704
C19orf10	C19orf10
ZNF550	ZNF550
FEM1B	FEM1B
CSTF2	CSTF2
OTTHUMG00000011643;RP5-1160K1.3	OTTHUMG00000011643;RP5-1160K1.3
MTTP	MTTP
CUL5	CUL5
RANBP2	RANBP2
FSTL3	FSTL3
ZNRF3-IT1	ZNRF3-IT1
ZRSR2	ZRSR2
TMEM151A	TMEM151A
LOC100996725;PPIAL4A;PPIAL4B;PPIAL4C;PPIAL4G	LOC100996725;PPIAL4A;PPIAL4B;PPIAL4C;PPIAL4G
ASXL3	ASXL3
N6AMT2	N6AMT2
CMTM3	CMTM3
C9orf16	C9orf16
WSB1	WSB1
TRIM36	TRIM36
DNAH5	DNAH5
IRS1	IRS1
EFTUD2	EFTUD2
ST20	ST20
OTTHUMG00000162185;RP11-301H24.3	OTTHUMG00000162185;RP11-301H24.3
SGPL1	SGPL1
NDRG2	NDRG2
FAM163A;LOC100506206;OTTHUMG00000035261;RP11-12M5.1	FAM163A;LOC100506206;OTTHUMG00000035261;RP11-12M5.1
ZC3H18	ZC3H18
NRXN2	NRXN2
EIF4A2;MIR1248;SNORA4;SNORA63;SNORA81;SNORD2	EIF4A2;MIR1248;SNORA4;SNORA63;SNORA81;SNORD2
MIR4725	MIR4725
DENND2C	DENND2C
AP2M1	AP2M1
POLR2H	POLR2H
THBS3	THBS3
SNORD116-3;SNORD116-9	SNORD116-3;SNORD116-9
SNORD116-3;SNORD116-9	SNORD116-3;SNORD116-9
NXF2;NXF2B;OTTHUMG00000152591;RP11-353J17.2;TCP11X1;TCP11X2	NXF2;NXF2B;OTTHUMG00000152591;RP11-353J17.2;TCP11X1;TCP11X2
SUPT5H	SUPT5H
GNG5P2	GNG5P2
DNASE1L1	DNASE1L1
TMEM170A	TMEM170A
ZDHHC13	ZDHHC13
OR8B8	OR8B8
ANKRD20A5P	ANKRD20A5P
C1orf43	C1orf43
MRPL37	MRPL37
CA11	CA11
CCDC69	CCDC69
SNORD116-26	SNORD116-26
PCED1A	PCED1A
ID3	ID3
SDAD1	SDAD1
APOBEC3C	APOBEC3C
RPL12P2	RPL12P2
ATP6V0E1	ATP6V0E1
FAM218A	FAM218A
PCDHGB8P	PCDHGB8P
CLIP2	CLIP2
RNVU1-7;RNVU1-9	RNVU1-7;RNVU1-9
RNVU1-7;RNVU1-9	RNVU1-7;RNVU1-9
ARNTL2	ARNTL2
GABRA1	GABRA1
CFI	CFI
FEZF1	FEZF1
C15orf38	C15orf38
GPC4	GPC4
FAM160A2	FAM160A2
ALOX5	ALOX5
RNF14	RNF14
MKNK1-AS1	MKNK1-AS1
OTTHUMG00000037717;RP11-3L21.2	OTTHUMG00000037717;RP11-3L21.2
AMACR	AMACR
LOC92249;OTTHUMG00000021699;RP11-357C3.3	LOC92249;OTTHUMG00000021699;RP11-357C3.3
LHCGR	LHCGR
MAP1A	MAP1A
LOC100133669;OTTHUMG00000164752;RP11-273G15.2	LOC100133669;OTTHUMG00000164752;RP11-273G15.2
FAM228A	FAM228A
INTS4L2	INTS4L2
OTTHUMG00000150445;RP6-109B7.4	OTTHUMG00000150445;RP6-109B7.4
STIP1	STIP1
OTTHUMG00000039860;RP11-261C10.2	OTTHUMG00000039860;RP11-261C10.2
CKMT1A;CKMT1B	CKMT1A;CKMT1B
ATP5I	ATP5I
SAFB2	SAFB2
LIMS3;LIMS3L	LIMS3;LIMS3L
EMBP1	EMBP1
LYPD6	LYPD6
RBM15	RBM15
CCDC14	CCDC14
OTTHUMG00000031658;PSMF1;RP4-545L17.7	OTTHUMG00000031658;PSMF1;RP4-545L17.7
PRG4	PRG4
DPH1;OVCA2	DPH1;OVCA2
OTTHUMG00000004135;RP4-534N18.2	OTTHUMG00000004135;RP4-534N18.2
ULK1	ULK1
NME6	NME6
H2AFY	H2AFY
OSTN-AS1	OSTN-AS1
ITGA3	ITGA3
MGA	MGA
CHKB-AS1;CTA-384D8.20;OTTHUMG00000150208	CHKB-AS1;CTA-384D8.20;OTTHUMG00000150208
OTTHUMG00000012112;RP5-1185H19.2	OTTHUMG00000012112;RP5-1185H19.2
DUSP11	DUSP11
PCBP2	PCBP2
MAP2K2	MAP2K2
MR1	MR1
ZKSCAN7;ZNF167	ZKSCAN7;ZNF167
SNORA2B	SNORA2B
HAUS8	HAUS8
WTH3DI	WTH3DI
IGSF22	IGSF22
SKA2P1	SKA2P1
FCGR2A	FCGR2A
C11orf1	C11orf1
ANKLE2	ANKLE2
C10orf53	C10orf53
RNASE1	RNASE1
AC004540.5;LOC441204;OTTHUMG00000152806	AC004540.5;LOC441204;OTTHUMG00000152806
LHFP	LHFP
DGKE	DGKE
MIR490	MIR490
CTNS	CTNS
NT5E	NT5E
C1orf201;STPG1	C1orf201;STPG1
UST	UST
ACP5	ACP5
KSR2	KSR2
SLC22A7	SLC22A7
ELAC2	ELAC2
RNU6-28P	RNU6-28P
FRMD4B	FRMD4B
CELF1	CELF1
IGFL4	IGFL4
PARVB	PARVB
MRPL42	MRPL42
SULT1C4	SULT1C4
COX7C;MIR3607	COX7C;MIR3607
HIST1H2AG;HIST1H2AH;HIST1H2AI;HIST1H2AK;HIST1H2AL;HIST1H2AM	HIST1H2AG;HIST1H2AH;HIST1H2AI;HIST1H2AK;HIST1H2AL;HIST1H2AM
HOMER3	HOMER3
OTTHUMG00000144163;RP11-264A11.1	OTTHUMG00000144163;RP11-264A11.1
ABCA11P;ZNF721	ABCA11P;ZNF721
VAC14	VAC14
ELMSAN1	ELMSAN1
GRM2	GRM2
RNU1-14P	RNU1-14P
DCAF4L1;OTTHUMG00000160527;WDR21B	DCAF4L1;OTTHUMG00000160527;WDR21B
ALYREF	ALYREF
EPAS1	EPAS1
POLR1E	POLR1E
TRAPPC2P2	TRAPPC2P2
KIAA0907	KIAA0907
CCDC160	CCDC160
KBTBD4	KBTBD4
PAK1	PAK1
OTTHUMG00000019752;RP11-462B18.2	OTTHUMG00000019752;RP11-462B18.2
OTTHUMG00000014329;RP1-167F1.2	OTTHUMG00000014329;RP1-167F1.2
TRIP6	TRIP6
AXIN1	AXIN1
SPRYD3	SPRYD3
ZNF852	ZNF852
FAM131C	FAM131C
HLA-DOA	HLA-DOA
PSAP	PSAP
ZNF879	ZNF879
AP1B1	AP1B1
SGSH	SGSH
BAG6;BAT3;OTTHUMG00000149640	BAG6;BAT3;OTTHUMG00000149640
UBN2	UBN2
HSD17B4	HSD17B4
AC140481.8;OTTHUMG00000154047	AC140481.8;OTTHUMG00000154047
PRKCI	PRKCI
RPS3A;SNORD73A	RPS3A;SNORD73A
ALG1;NAGPA-AS1	ALG1;NAGPA-AS1
MAVS	MAVS
RNU6-22	RNU6-22
SLC7A6	SLC7A6
C5orf63;LOC101060408	C5orf63;LOC101060408
OTTHUMG00000149475;XXbac-BPG299F13.14	OTTHUMG00000149475;XXbac-BPG299F13.14
GTSE1-AS1	GTSE1-AS1
KIAA0100	KIAA0100
RNU1-19P	RNU1-19P
OTOP2	OTOP2
AC093726.6;LOC100132707;OTTHUMG00000151324	AC093726.6;LOC100132707;OTTHUMG00000151324
OTTHUMG00000008948;RP4-784A16.5	OTTHUMG00000008948;RP4-784A16.5
SSBP3	SSBP3
TAF6L	TAF6L
WDR27	WDR27
SCRT1	SCRT1
ZNF436	ZNF436
MYO5A	MYO5A
LOC100506303;LOC100653149;LOC101060483	LOC100506303;LOC100653149;LOC101060483
PDE4A	PDE4A
C3orf75;ELP6	C3orf75;ELP6
HLA-DOA	HLA-DOA
NOS2	NOS2
HECTD3	HECTD3
PPM1G	PPM1G
ADCY9	ADCY9
HSPD1	HSPD1
RCAN2	RCAN2
PGM2L1	PGM2L1
MIR548H4	MIR548H4
AF212831.2;OTTHUMG00000074395	AF212831.2;OTTHUMG00000074395
TLK2	TLK2
MRI1	MRI1
MFAP3	MFAP3
SEC16A	SEC16A
GPM6A	GPM6A
MYCN	MYCN
PIK3C2B	PIK3C2B
AC023115.2;OTTHUMG00000152865	AC023115.2;OTTHUMG00000152865
NANOG	NANOG
TONSL	TONSL
FAM162B	FAM162B
TMEM187	TMEM187
AC012442.5;CHCHD5;OTTHUMG00000153302	AC012442.5;CHCHD5;OTTHUMG00000153302
GPT2	GPT2
PRKD3	PRKD3
ZFAND2B	ZFAND2B
CAD	CAD
LOC100652805;LOC100653302;PGK1	LOC100652805;LOC100653302;PGK1
C9orf47	C9orf47
RND1	RND1
ARHGEF35	ARHGEF35
ATP5O	ATP5O
LOC100507032	LOC100507032
ZNF155	ZNF155
USP10	USP10
FAM106A;FAM106CP	FAM106A;FAM106CP
AC013727.2;OTTHUMG00000153043	AC013727.2;OTTHUMG00000153043
DPP6	DPP6
CTC-436K13.3;OTTHUMG00000163521	CTC-436K13.3;OTTHUMG00000163521
ATPAF1	ATPAF1
TRPV1	TRPV1
AGMO	AGMO
CD99L2	CD99L2
ASPN	ASPN
MIR33B	MIR33B
BMS1P1;BMS1P5	BMS1P1;BMS1P5
ALS2CR8;CARF	ALS2CR8;CARF
PDIA2	PDIA2
RNY4P20	RNY4P20
ABHD11	ABHD11
AC069154.2;OTTHUMG00000153310;PCDP1	AC069154.2;OTTHUMG00000153310;PCDP1
COX7A2L	COX7A2L
ATL2	ATL2
EIF4B;LOC100653227	EIF4B;LOC100653227
SPATA6	SPATA6
PCDH12	PCDH12
SFN	SFN
LPHN3	LPHN3
FAM192A	FAM192A
NES	NES
CAMK2B	CAMK2B
LOC100506157	LOC100506157
ATP6V1B1	ATP6V1B1
NCK1	NCK1
WDR63	WDR63
YME1L1	YME1L1
PSMB6	PSMB6
MRPL48	MRPL48
PLGLB1;PLGLB2	PLGLB1;PLGLB2
HIBADH	HIBADH
PXDC1	PXDC1
TAP2	TAP2
VAMP2	VAMP2
PQLC1	PQLC1
MAMSTR	MAMSTR
PPP2R2C	PPP2R2C
WIPI1	WIPI1
RPA4	RPA4
RC3H1	RC3H1
DEPDC5	DEPDC5
FKBP5	FKBP5
FLJ00104	FLJ00104
LOC148413;OTTHUMG00000002908;RP4-758J18.2	LOC148413;OTTHUMG00000002908;RP4-758J18.2
SNAR-C2;SNAR-C5	SNAR-C2;SNAR-C5
P4HTM	P4HTM
CTA-796E4.4;OTTHUMG00000151345	CTA-796E4.4;OTTHUMG00000151345
BET1L	BET1L
DACT3	DACT3
USP11	USP11
CNTLN	CNTLN
RAD9A	RAD9A
FGF18	FGF18
MIR548AN	MIR548AN
MIR4796	MIR4796
YWHAZP3	YWHAZP3
DBNDD2	DBNDD2
TRMT2A	TRMT2A
CTD-2288O8.1;OTTHUMG00000162165	CTD-2288O8.1;OTTHUMG00000162165
RPL36AP33	RPL36AP33
PPCS	PPCS
EIF3H	EIF3H
LOC100996725;PPIAL4A;PPIAL4B;PPIAL4C;PPIAL4G	LOC100996725;PPIAL4A;PPIAL4B;PPIAL4C;PPIAL4G
RNA5SP286	RNA5SP286
EMP3	EMP3
ZNF75D	ZNF75D
MIR4499	MIR4499
MSH5;MSH5-SAPCD1;SAPCD1	MSH5;MSH5-SAPCD1;SAPCD1
OTTHUMG00000017729;RP11-455B2.7;RPP38	OTTHUMG00000017729;RP11-455B2.7;RPP38
SETDB2	SETDB2
ZNF706	ZNF706
REEP1	REEP1
MIR548AA1;PALMD	MIR548AA1;PALMD
STPG2	STPG2
FNDC1	FNDC1
DIO3	DIO3
MIR124-2	MIR124-2
RPL9	RPL9
TIMM9	TIMM9
TMEM201	TMEM201
CTB-43E15.3;OTTHUMG00000163343	CTB-43E15.3;OTTHUMG00000163343
CHM	CHM
RNU1-13P	RNU1-13P
RNU1-12P	RNU1-12P
NUP35	NUP35
ZMYM3	ZMYM3
SCYL1	SCYL1
ADIPOR2	ADIPOR2
HCG27;LOC100996357	HCG27;LOC100996357
TAP2	TAP2
LINC00670	LINC00670
MECR	MECR
VTRNA1-1	VTRNA1-1
SRP9	SRP9
OTTHUMG00000164525;RP11-1114I9.1	OTTHUMG00000164525;RP11-1114I9.1
RNF126	RNF126
NPAT	NPAT
MIR4317	MIR4317
DHRS4;DHRS4L2	DHRS4;DHRS4L2
OTTHUMG00000164814;RP11-127H5.1	OTTHUMG00000164814;RP11-127H5.1
TNKS2	TNKS2
USP47	USP47
PPM1N	PPM1N
OTTHUMG00000164283;RP11-1112C15.2	OTTHUMG00000164283;RP11-1112C15.2
ADAMTSL1	ADAMTSL1
ATP1A1OS	ATP1A1OS
CA5B	CA5B
C3orf62	C3orf62
ATP6AP1	ATP6AP1
TPRXL	TPRXL
SNORD14B	SNORD14B
GALNT13	GALNT13
NRDE2	NRDE2
NDUFA2	NDUFA2
MYOCD	MYOCD
ITGA1	ITGA1
FOXP2	FOXP2
MOB3B	MOB3B
RPP25L	RPP25L
MIB2	MIB2
LOC100996344	LOC100996344
MAGI2-AS1	MAGI2-AS1
FAAH	FAAH
SNAI3-AS1	SNAI3-AS1
AC010127.3;OTTHUMG00000154045	AC010127.3;OTTHUMG00000154045
ADAM33	ADAM33
WNT3	WNT3
SLC2A11	SLC2A11
IGF2R	IGF2R
TRIM56	TRIM56
HLA-C	HLA-C
AC069277.2;OTTHUMG00000154923	AC069277.2;OTTHUMG00000154923
CRH	CRH
RNU7-21P	RNU7-21P
PIN1	PIN1
LRRC4C	LRRC4C
C10orf10	C10orf10
BRAF	BRAF
OTTHUMG00000015884;RP1-257I9.2	OTTHUMG00000015884;RP1-257I9.2
INADL	INADL
NEDD4L	NEDD4L
VMAC	VMAC
TGFBRAP1	TGFBRAP1
LSM5	LSM5
AC074391.1;FLJ16124;OTTHUMG00000152768	AC074391.1;FLJ16124;OTTHUMG00000152768
OTTHUMG00000158944;RP11-47P18.2	OTTHUMG00000158944;RP11-47P18.2
AC005609.17;OTTHUMG00000163365	AC005609.17;OTTHUMG00000163365
CDRT15	CDRT15
SOCS4	SOCS4
CYB5D1	CYB5D1
CLGN	CLGN
XDH	XDH
LOC731223	LOC731223
ETNK1	ETNK1
GCHFR	GCHFR
PTPMT1	PTPMT1
RNA5SP389	RNA5SP389
PYROXD1	PYROXD1
EI24	EI24
BRWD1-AS1	BRWD1-AS1
MIR548H2	MIR548H2
PPIC	PPIC
POU6F2	POU6F2
ANKRA2	ANKRA2
SNORA79	SNORA79
RNA5SP124	RNA5SP124
CD2AP	CD2AP
KRTAP1-1	KRTAP1-1
AC127904.2;OTTHUMG00000155528	AC127904.2;OTTHUMG00000155528
ITM2B	ITM2B
RGS2	RGS2
TNFRSF21	TNFRSF21
CNIH4	CNIH4
SPATA25	SPATA25
MYO16	MYO16
IPO4	IPO4
MIR4427	MIR4427
PGM1	PGM1
CPT1C	CPT1C
SPECC1	SPECC1
TMEM221	TMEM221
SMIM2-IT1	SMIM2-IT1
MRPS17	MRPS17
RARB	RARB
RCAN1	RCAN1
ARL15	ARL15
LOC100652856;OTTHUMG00000016469;RP11-442J17.2	LOC100652856;OTTHUMG00000016469;RP11-442J17.2
TSPAN12	TSPAN12
COPS7A	COPS7A
POLG	POLG
RNF44	RNF44
KDM8	KDM8
RNU7-80P	RNU7-80P
KLRF1	KLRF1
FAM78B	FAM78B
ZNF235	ZNF235
TFAP4	TFAP4
AF127577.12;OTTHUMG00000074332	AF127577.12;OTTHUMG00000074332
SYTL4	SYTL4
GABBR1	GABBR1
GABBR1	GABBR1
GABBR1	GABBR1
MIR568	MIR568
AC009299.3;LOC100996579;OTTHUMG00000151885	AC009299.3;LOC100996579;OTTHUMG00000151885
OTTHUMG00000055979;RP11-490N5.3	OTTHUMG00000055979;RP11-490N5.3
CTB-131B5.4;LOC100505636;OTTHUMG00000163537	CTB-131B5.4;LOC100505636;OTTHUMG00000163537
NSMCE2	NSMCE2
CACUL1	CACUL1
UFL1-AS1	UFL1-AS1
MARK2	MARK2
PKD1P5	PKD1P5
BCL7C	BCL7C
RAC1	RAC1
CYP2D6	CYP2D6
IL1B	IL1B
BTBD3	BTBD3
TTLL13	TTLL13
MIR548I4	MIR548I4
MIR374B;MIR374C	MIR374B;MIR374C
FAM182B;FAM27A;FAM27B;FAM27C	FAM182B;FAM27A;FAM27B;FAM27C
LEPRE1	LEPRE1
LGR4	LGR4
RAB33A	RAB33A
FENDRR	FENDRR
FAIM2	FAIM2
MIR548U	MIR548U
MLXIPL	MLXIPL
RNU1-22P	RNU1-22P
HOXB1	HOXB1
RNA5SP207	RNA5SP207
ZNF620	ZNF620
LOC101060440;LOC101060471;LOC101060522;LOC440434;OTTHUMG00000164418;RP11-1407O15.2;TBC1D3	LOC101060440;LOC101060471;LOC101060522;LOC440434;OTTHUMG00000164418;RP11-1407O15.2;TBC1D3
PLGRKT	PLGRKT
PGAM5	PGAM5
SLC2A14	SLC2A14
GINS3	GINS3
MTHFD2	MTHFD2
DMTF1	DMTF1
AC018464.3;OTTHUMG00000155236	AC018464.3;OTTHUMG00000155236
AC005152.2;FLJ37644;OTTHUMG00000132234	AC005152.2;FLJ37644;OTTHUMG00000132234
RUVBL2	RUVBL2
PDIA6	PDIA6
OTTHUMG00000009087;RP11-397C12.1	OTTHUMG00000009087;RP11-397C12.1
GAS5;SNORD44;SNORD47;SNORD74;SNORD76;SNORD77;SNORD79;SNORD80;SNORD81	GAS5;SNORD44;SNORD47;SNORD74;SNORD76;SNORD77;SNORD79;SNORD80;SNORD81
PFKL	PFKL
WDR4	WDR4
RAB2A	RAB2A
PHACTR2	PHACTR2
C8orf44-SGK3;SGK3	C8orf44-SGK3;SGK3
CS	CS
SNHG12;SNORA16A;SNORA44;SNORA61	SNHG12;SNORA16A;SNORA44;SNORA61
HOXA4	HOXA4
FLJ43681	FLJ43681
SLCO5A1	SLCO5A1
HOMER2	HOMER2
GRB14	GRB14
SKP1	SKP1
GLE1	GLE1
NR1D1	NR1D1
OTTHUMG00000037783;RP5-837I24.6	OTTHUMG00000037783;RP5-837I24.6
SNAR-B1;SNAR-B2	SNAR-B1;SNAR-B2
MTERFD3	MTERFD3
TAPBP	TAPBP
SIKE1	SIKE1
LOC729020;RPE	LOC729020;RPE
GRHL3	GRHL3
GABBR1	GABBR1
HNRNPA3P1	HNRNPA3P1
ENPP5	ENPP5
IDH1	IDH1
RNU7-25P	RNU7-25P
PLEKHG5;TNFRSF25	PLEKHG5;TNFRSF25
FBXO7	FBXO7
GDPD5	GDPD5
ATP6V1C1	ATP6V1C1
PHF5A	PHF5A
LINC00856;OTTHUMG00000018555;RP11-90J7.3	LINC00856;OTTHUMG00000018555;RP11-90J7.3
PLXNC1	PLXNC1
ITGA2B	ITGA2B
GGCX	GGCX
HLA-C	HLA-C
HLA-C	HLA-C
ACOT13	ACOT13
U2AF1L4	U2AF1L4
STEAP3-AS1	STEAP3-AS1
OR52B4	OR52B4
MED14	MED14
EYA4	EYA4
KIAA1755	KIAA1755
TGIF1	TGIF1
PFN2	PFN2
LOC440518	LOC440518
ERH	ERH
SNORD14E	SNORD14E
TFR2	TFR2
HOXD8	HOXD8
PROSC	PROSC
LOC440300	LOC440300
CCDC140	CCDC140
ONECUT2	ONECUT2
MIIP	MIIP
TNRC6C-AS1	TNRC6C-AS1
RHOD	RHOD
SF3A2	SF3A2
PPP1R15B	PPP1R15B
PLAG1	PLAG1
CD163L1	CD163L1
RGPD3	RGPD3
OTTHUMG00000035711;RP11-263K19.6	OTTHUMG00000035711;RP11-263K19.6
RNA5SP50	RNA5SP50
GABBR1	GABBR1
RNA5SP405	RNA5SP405
ZBTB42	ZBTB42
KATNAL2	KATNAL2
MMP14	MMP14
BTBD19	BTBD19
AL845154.2;OTTHUMG00000017405	AL845154.2;OTTHUMG00000017405
NAMPTL	NAMPTL
C17orf96	C17orf96
LOC101060235;TMSB15A;TMSB15B	LOC101060235;TMSB15A;TMSB15B
OTTHUMG00000015431;RP3-486I3.5	OTTHUMG00000015431;RP3-486I3.5
RBX1;XPNPEP3	RBX1;XPNPEP3
OTTHUMG00000002234;RP5-902P8.10;SCNN1D	OTTHUMG00000002234;RP5-902P8.10;SCNN1D
RAB40AL	RAB40AL
GTDC1	GTDC1
RNA5SP395	RNA5SP395
SOD1	SOD1
AC079586.1;LOC151121;OTTHUMG00000153413	AC079586.1;LOC151121;OTTHUMG00000153413
S100PBP	S100PBP
CXCL5	CXCL5
TSSC1	TSSC1
SLC37A3	SLC37A3
SHANK2	SHANK2
ASNS	ASNS
GABBR1	GABBR1
JPX	JPX
LINC00339	LINC00339
MIR548H3	MIR548H3
MIR2116	MIR2116
BCAM	BCAM
COL25A1	COL25A1
KRT40	KRT40
LIN7A	LIN7A
SLC19A2	SLC19A2
FLJ46010;OTTHUMG00000164090;RP11-305P14.1	FLJ46010;OTTHUMG00000164090;RP11-305P14.1
TBCK	TBCK
BMF	BMF
LOC100506546;OTTHUMG00000035785;RP11-168O16.1	LOC100506546;OTTHUMG00000035785;RP11-168O16.1
SALL3	SALL3
WDR65	WDR65
SIAH1	SIAH1
COA3	COA3
HLA-C	HLA-C
ZIC4	ZIC4
MIR3605;PHC2	MIR3605;PHC2
CRKL	CRKL
PRPF6	PRPF6
MIR582	MIR582
MIR608	MIR608
USP28	USP28
LRRC40	LRRC40
CNTNAP1	CNTNAP1
RNY1P7	RNY1P7
CAPS	CAPS
SP9	SP9
GABBR1	GABBR1
OR52N4	OR52N4
YBX3P1	YBX3P1
IGSF11	IGSF11
RGMB	RGMB
RRP7A	RRP7A
SPTSSA	SPTSSA
AC084149.2;OTTHUMG00000152843	AC084149.2;OTTHUMG00000152843
BMP2K	BMP2K
PPP2R3C	PPP2R3C
HLA-DOA	HLA-DOA
HLA-DOA	HLA-DOA
OTTHUMG00000018511;RP11-77G23.5	OTTHUMG00000018511;RP11-77G23.5
RFFL	RFFL
MAGED1	MAGED1
C1orf167;LOC100506310	C1orf167;LOC100506310
ABCF1	ABCF1
LAMA5;MIR4758	LAMA5;MIR4758
NPR3	NPR3
ARHGEF12	ARHGEF12
OTTHUMG00000007603;PIK3R3;RP11-322N21.2	OTTHUMG00000007603;PIK3R3;RP11-322N21.2
TMEFF1	TMEFF1
HSPB6	HSPB6
ARIH1;MIR630	ARIH1;MIR630
ETV5	ETV5
KCNK5	KCNK5
MIR3676	MIR3676
PAPPA-AS1	PAPPA-AS1
MIR1256	MIR1256
COL6A4P2	COL6A4P2
VTI1A	VTI1A
PGAP2	PGAP2
PIBF1	PIBF1
PSMD2	PSMD2
NAA38	NAA38
ORMDL1	ORMDL1
USP40	USP40
PLEKHG1	PLEKHG1
BCL10	BCL10
MESP1	MESP1
G6PC	G6PC
TIMM50	TIMM50
ZBTB21;ZNF295	ZBTB21;ZNF295
RSBN1L	RSBN1L
NACA2	NACA2
ABLIM2	ABLIM2
SAP30BP	SAP30BP
BATF3	BATF3
BIK	BIK
MRPS34	MRPS34
ZNF202	ZNF202
DNAJC1	DNAJC1
DDIT4L	DDIT4L
OTTHUMG00000156487;RP11-321E8.4	OTTHUMG00000156487;RP11-321E8.4
SERP2	SERP2
JUN	JUN
ADAT1	ADAT1
TIGD3	TIGD3
HLA-DOA	HLA-DOA
CCDC94	CCDC94
TBC1D4	TBC1D4
DEXI	DEXI
KLF13	KLF13
ZNF362	ZNF362
AC016722.1;LOC388948;OTTHUMG00000153080	AC016722.1;LOC388948;OTTHUMG00000153080
POLR1C	POLR1C
HPDL	HPDL
MIR4330	MIR4330
ETS1	ETS1
LINC00921;ZNF263	LINC00921;ZNF263
PTPRN2	PTPRN2
AC114814.4;OTTHUMG00000153145	AC114814.4;OTTHUMG00000153145
CCBL2;RBMXL1	CCBL2;RBMXL1
C7orf43;MIR4658	C7orf43;MIR4658
ATP1B3	ATP1B3
TMEM59	TMEM59
FNBP4	FNBP4
MIR4697;MIR4697HG	MIR4697;MIR4697HG
OR1F2P	OR1F2P
ACBD7	ACBD7
OTTHUMG00000162824;RP11-254I22.2	OTTHUMG00000162824;RP11-254I22.2
CBX1P1	CBX1P1
TMEM200A	TMEM200A
TIMM8A	TIMM8A
CSNK1E	CSNK1E
OTTHUMG00000159695;RP11-38P22.2	OTTHUMG00000159695;RP11-38P22.2
C1orf195	C1orf195
ANKRD2	ANKRD2
ELF5	ELF5
DENND4B	DENND4B
ST8SIA6-AS1	ST8SIA6-AS1
CPD	CPD
CASC1	CASC1
NUP153	NUP153
DSCAM-IT1	DSCAM-IT1
TRMT13	TRMT13
HSP90AA1	HSP90AA1
SULT4A1	SULT4A1
AC005592.2;OTTHUMG00000133693	AC005592.2;OTTHUMG00000133693
CEP95	CEP95
TTN-AS1	TTN-AS1
RNA5SP429	RNA5SP429
ARHGEF28	ARHGEF28
OTTHUMG00000034431;RP11-277B15.2	OTTHUMG00000034431;RP11-277B15.2
PARK7	PARK7
RHBDL3	RHBDL3
RB1CC1	RB1CC1
LOC646214	LOC646214
SERPINA5	SERPINA5
BAG6;BAT3;OTTHUMG00000149381	BAG6;BAT3;OTTHUMG00000149381
OTTHUMG00000034467;RP11-474I16.1	OTTHUMG00000034467;RP11-474I16.1
KMT2C;MLL3	KMT2C;MLL3
USP7	USP7
LOC100506731	LOC100506731
LRP5L	LRP5L
CRHR1	CRHR1
ANXA9	ANXA9
KIAA0247	KIAA0247
UBAC2-IT1	UBAC2-IT1
CLOCK	CLOCK
ZBTB47	ZBTB47
CDC5L	CDC5L
TMEM167B	TMEM167B
APC	APC
OTTHUMG00000163999;RP11-150O12.4	OTTHUMG00000163999;RP11-150O12.4
GPR19	GPR19
OTTHUMG00000153503;RP4-753M9.1	OTTHUMG00000153503;RP4-753M9.1
CXADR	CXADR
GAD1	GAD1
AP000302.58;OTTHUMG00000065530	AP000302.58;OTTHUMG00000065530
MIR92A2	MIR92A2
PRDM12	PRDM12
TOX4	TOX4
FAM212B	FAM212B
KPNA6;LOC100652828;LOC100653335;OTTHUMG00000004332;RP4-622L5.2	KPNA6;LOC100652828;LOC100653335;OTTHUMG00000004332;RP4-622L5.2
GNRHR2	GNRHR2
ADD3-AS1;OTTHUMG00000019028;RP11-451M19.3	ADD3-AS1;OTTHUMG00000019028;RP11-451M19.3
OTTHUMG00000161357;RP11-752L20.3	OTTHUMG00000161357;RP11-752L20.3
RIPK4	RIPK4
PTPN1	PTPN1
SNORD116-2;SNORD116-6	SNORD116-2;SNORD116-6
COL1A1	COL1A1
SUPT6H	SUPT6H
C3orf72	C3orf72
TAP2	TAP2
HCRTR2	HCRTR2
OTTHUMG00000019865;RP11-331F9.3	OTTHUMG00000019865;RP11-331F9.3
HERC3	HERC3
BAG6	BAG6
OTTHUMG00000021384;RP3-326I13.1	OTTHUMG00000021384;RP3-326I13.1
NUPL2	NUPL2
ADAM1A	ADAM1A
CRHR1	CRHR1
APOBEC3G	APOBEC3G
LINC00202-1	LINC00202-1
SENP3	SENP3
CISD2	CISD2
NUP43	NUP43
RNA5SP145	RNA5SP145
CAMLG	CAMLG
HES3	HES3
LOC254896;TNFRSF10C	LOC254896;TNFRSF10C
C14orf39	C14orf39
OTTHUMG00000021681;RP3-323P24.3	OTTHUMG00000021681;RP3-323P24.3
MYCL1	MYCL1
BAG6;BAT3;OTTHUMG00000149124	BAG6;BAT3;OTTHUMG00000149124
DUS4L	DUS4L
ANKRD32	ANKRD32
RHOXF1	RHOXF1
GSC	GSC
TAX1BP1	TAX1BP1
RCBTB1	RCBTB1
LOC613037;NPIPB3;NPIPL3	LOC613037;NPIPB3;NPIPL3
CDK7	CDK7
TBX1	TBX1
OTTHUMG00000157039;RP11-395B7.7	OTTHUMG00000157039;RP11-395B7.7
SEC11C	SEC11C
CTC-351M12.1;OTTHUMG00000163000	CTC-351M12.1;OTTHUMG00000163000
HLA-F	HLA-F
GJA9;GJA9-MYCBP;MYCBP	GJA9;GJA9-MYCBP;MYCBP
SGTA	SGTA
AP000251.2;LOC150051;OTTHUMG00000084870	AP000251.2;LOC150051;OTTHUMG00000084870
RBMX;SNORD61	RBMX;SNORD61
LOC100288974;MBL1P	LOC100288974;MBL1P
OTTHUMG00000018719;RP11-80H5.2	OTTHUMG00000018719;RP11-80H5.2
SHPRH	SHPRH
RAB27A	RAB27A
NOP14	NOP14
S100A9	S100A9
LOC400558	LOC400558
TAPBP	TAPBP
ADRBK2	ADRBK2
DEFB119	DEFB119
ZBTB46	ZBTB46
B4GALNT3	B4GALNT3
URB2	URB2
JTB	JTB
RAE1	RAE1
ZC3HAV1	ZC3HAV1
DHODH	DHODH
TUBE1	TUBE1
TMEM87B	TMEM87B
AK4;LOC100507855	AK4;LOC100507855
STAT5A	STAT5A
SDCCAG8	SDCCAG8
BACH1-IT2	BACH1-IT2
WEE2	WEE2
SRRM4	SRRM4
NHSL1	NHSL1
LINC00266-1	LINC00266-1
FCF1	FCF1
GOLGA8F;GOLGA8G	GOLGA8F;GOLGA8G
OTTHUMG00000014232;RP1-290I10.5	OTTHUMG00000014232;RP1-290I10.5
GPR160	GPR160
SERPINA6	SERPINA6
ZNF649	ZNF649
CNPY3	CNPY3
ARL17A	ARL17A
DCP1B	DCP1B
SNORD114-30	SNORD114-30
EPHA2	EPHA2
ADAM22	ADAM22
OTTHUMG00000159252;RP11-383G6.3	OTTHUMG00000159252;RP11-383G6.3
ITPR3	ITPR3
SORL1	SORL1
FAM69A	FAM69A
OTTHUMG00000055982;RP11-490N5.2	OTTHUMG00000055982;RP11-490N5.2
IFT46	IFT46
QPRT	QPRT
CD109	CD109
HTR1A	HTR1A
RNA5SP333;SAA2	RNA5SP333;SAA2
PROCR	PROCR
AC092684.1;OTTHUMG00000153912	AC092684.1;OTTHUMG00000153912
BOD1	BOD1
ARMCX1	ARMCX1
OTTHUMG00000160129;RP11-438D8.2	OTTHUMG00000160129;RP11-438D8.2
KLF9	KLF9
ATP13A2	ATP13A2
LRRC29	LRRC29
ZNF735	ZNF735
METTL2A	METTL2A
POLR2J2;POLR2J3;UPK3BL	POLR2J2;POLR2J3;UPK3BL
SNRPD2	SNRPD2
GTPBP6	GTPBP6
GTPBP6	GTPBP6
F7	F7
SIL1	SIL1
MTFMT	MTFMT
TRMT44	TRMT44
FRMPD2;FRMPD2P1;FRMPD2P2;OTTHUMG00000018167;RP11-13E1.3	FRMPD2;FRMPD2P1;FRMPD2P2;OTTHUMG00000018167;RP11-13E1.3
LOC100287290;MFSD1;OTTHUMG00000158833;RP11-379F4.4	LOC100287290;MFSD1;OTTHUMG00000158833;RP11-379F4.4
OTTHUMG00000015689;RP11-445F6.2	OTTHUMG00000015689;RP11-445F6.2
SPTSSB	SPTSSB
TBL1Y	TBL1Y
PAN3-AS1	PAN3-AS1
CCDC144NL	CCDC144NL
MIR3622A	MIR3622A
LRRD1	LRRD1
GPR83	GPR83
FAM35A;OTTHUMG00000018658;RP11-96C23.7	FAM35A;OTTHUMG00000018658;RP11-96C23.7
LTB4R2	LTB4R2
URM1	URM1
C21orf15	C21orf15
VPS37B	VPS37B
CCSER2;FAM190B	CCSER2;FAM190B
ARFGAP3;PACSIN2	ARFGAP3;PACSIN2
LOC90784	LOC90784
MIR3917;STMN1	MIR3917;STMN1
TNS3	TNS3
PILRA	PILRA
AC093323.3;LOC93622;OTTHUMG00000125505	AC093323.3;LOC93622;OTTHUMG00000125505
STARD4	STARD4
SRR	SRR
RAC1P2	RAC1P2
RAPGEF3	RAPGEF3
SLC17A7	SLC17A7
ZNF880	ZNF880
TAPBP	TAPBP
TAPBP	TAPBP
FRK	FRK
PELI2	PELI2
LINC00671	LINC00671
HMP19;OTTHUMG00000130543	HMP19;OTTHUMG00000130543
FAM117A	FAM117A
NKRF	NKRF
STAT4	STAT4
PSMG2	PSMG2
C1orf145	C1orf145
UBE3D	UBE3D
RNA5SP246	RNA5SP246
DECR1	DECR1
FAM114A2	FAM114A2
FCN1	FCN1
IGDCC4	IGDCC4
ACTR5	ACTR5
SYTL3	SYTL3
LILRA3	LILRA3
CTD-2021J15.2;LOC100506377;OTTHUMG00000159060	CTD-2021J15.2;LOC100506377;OTTHUMG00000159060
OTTHUMG00000001770;RP11-431K24.4	OTTHUMG00000001770;RP11-431K24.4
FAM150B	FAM150B
ZNF208	ZNF208
NDUFB2	NDUFB2
ASB2	ASB2
PMS2P3	PMS2P3
CCNYL2	CCNYL2
BAG6;BAT3;OTTHUMG00000031455	BAG6;BAT3;OTTHUMG00000031455
BAG6;BAT3;OTTHUMG00000137392	BAG6;BAT3;OTTHUMG00000137392
GREM2	GREM2
PLEKHA8P1	PLEKHA8P1
C18orf56	C18orf56
LOC391322	LOC391322
CCNI2	CCNI2
DEGS1	DEGS1
PRCD	PRCD
INTS4	INTS4
SNORA26	SNORA26
PNMA1	PNMA1
HEATR8;MROH7	HEATR8;MROH7
C14orf182	C14orf182
SLC39A1	SLC39A1
OR9A2	OR9A2
NUP62CL	NUP62CL
ZMYND10	ZMYND10
PSTK	PSTK
TBC1D1	TBC1D1
OGG1	OGG1
DPYD	DPYD
ZBTB17	ZBTB17
RGP1	RGP1
MANF	MANF
TMA16	TMA16
OTTHUMG00000015374;RP5-1112D6.4	OTTHUMG00000015374;RP5-1112D6.4
PPFIA4	PPFIA4
NKTR	NKTR
PDGFD	PDGFD
OLFM1	OLFM1
EXOC3	EXOC3
OTTHUMG00000020443;RP11-196I18.4	OTTHUMG00000020443;RP11-196I18.4
MEF2A	MEF2A
DSCR6;RIPPLY3	DSCR6;RIPPLY3
CAMK2G	CAMK2G
MIR574	MIR574
MESTIT1	MESTIT1
RNU7-7P	RNU7-7P
PANK2	PANK2
R3HDM1	R3HDM1
TDP1	TDP1
ANKRD6	ANKRD6
CA4	CA4
CD320	CD320
DPY19L2	DPY19L2
GGT5	GGT5
OTTHUMG00000163675;RP11-211C9.1	OTTHUMG00000163675;RP11-211C9.1
SYNE2	SYNE2
TNXB	TNXB
GS1-124K5.3;OTTHUMG00000156596	GS1-124K5.3;OTTHUMG00000156596
ARRDC3	ARRDC3
TMEM176B	TMEM176B
SEMA3C	SEMA3C
CLCNKA	CLCNKA
HSD3B7	HSD3B7
OTTHUMG00000014879;RP1-27K12.2	OTTHUMG00000014879;RP1-27K12.2
FBXO44	FBXO44
OTTHUMG00000161187;RP11-115D19.1	OTTHUMG00000161187;RP11-115D19.1
C7orf61	C7orf61
C16orf95	C16orf95
ORAI2	ORAI2
EIF3E	EIF3E
CREBL2	CREBL2
PRPF38B	PRPF38B
MLST8	MLST8
HLX	HLX
SLC10A7	SLC10A7
GMIP	GMIP
OTTHUMG00000170233;RP11-357H14.20	OTTHUMG00000170233;RP11-357H14.20
EPB41L1	EPB41L1
GTF2E2	GTF2E2
FER1L6-AS1	FER1L6-AS1
CKB	CKB
RNU6-56P	RNU6-56P
EPC1	EPC1
OTTHUMG00000041413;RP11-385F5.4	OTTHUMG00000041413;RP11-385F5.4
BAG6;BAT3;OTTHUMG00000149936	BAG6;BAT3;OTTHUMG00000149936
MIR380	MIR380
LRRC15	LRRC15
FLJ23867;QSOX1	FLJ23867;QSOX1
HLA-DPB2	HLA-DPB2
HLA-DPB2	HLA-DPB2
AKR1B10	AKR1B10
C9orf131	C9orf131
PKN3	PKN3
OTTHUMG00000162372;RP11-1018N14.1	OTTHUMG00000162372;RP11-1018N14.1
CCBL1	CCBL1
METTL21D	METTL21D
DOC2A	DOC2A
SUSD5	SUSD5
MMP15	MMP15
NGRN	NGRN
FLOT1	FLOT1
AC108025.2;OTTHUMG00000151425	AC108025.2;OTTHUMG00000151425
ZNF800	ZNF800
OTTHUMG00000017555;RP11-298E9.6	OTTHUMG00000017555;RP11-298E9.6
AC016722.2;LOC100134259;OTTHUMG00000153081	AC016722.2;LOC100134259;OTTHUMG00000153081
PPP6C	PPP6C
USP32P1	USP32P1
RNU7-67P	RNU7-67P
SLC25A45	SLC25A45
NRG1-IT2	NRG1-IT2
OTTHUMG00000004418;RP1-187B23.1	OTTHUMG00000004418;RP1-187B23.1
CDK5R2	CDK5R2
PTCD3	PTCD3
KIAA1430	KIAA1430
RNY1P5	RNY1P5
DNM2	DNM2
AC092162.1;OTTHUMG00000154103	AC092162.1;OTTHUMG00000154103
CDKN1A	CDKN1A
MIR5095	MIR5095
HEBP1	HEBP1
DNM3OS;MIR199A2;MIR214;MIR3120	DNM3OS;MIR199A2;MIR214;MIR3120
ARHGDIB	ARHGDIB
OR51B4	OR51B4
FRAT1	FRAT1
MAST3	MAST3
ZNF554	ZNF554
RIBC2	RIBC2
ZCCHC2	ZCCHC2
BRI3	BRI3
TNFRSF1A	TNFRSF1A
MIR548Q	MIR548Q
OTTHUMG00000016695;RP11-37E23.5	OTTHUMG00000016695;RP11-37E23.5
MAP3K1	MAP3K1
IL15RA	IL15RA
PPP3CB	PPP3CB
CLDN1	CLDN1
SLCO3A1	SLCO3A1
MIR1250	MIR1250
TUBB2B	TUBB2B
PSORS1C1	PSORS1C1
CLEC18C	CLEC18C
GOLGA7B;OTTHUMG00000018870;RP11-459F3.6	GOLGA7B;OTTHUMG00000018870;RP11-459F3.6
SLC8A1-AS1	SLC8A1-AS1
ZNF768	ZNF768
OTTHUMG00000131122;RP11-499E18.1	OTTHUMG00000131122;RP11-499E18.1
KCNG4	KCNG4
LINGO1	LINGO1
RNA5SP19	RNA5SP19
UBE2L3	UBE2L3
LDB3	LDB3
COL4A6	COL4A6
KPNA3	KPNA3
MIR4690	MIR4690
RNA5SP243	RNA5SP243
PAX5	PAX5
ANP32D	ANP32D
OTTHUMG00000162336;RP11-141O11.2	OTTHUMG00000162336;RP11-141O11.2
LOC101060439;RAP1B	LOC101060439;RAP1B
RNA5SP285	RNA5SP285
USP32P2	USP32P2
ASH1L;MIR555	ASH1L;MIR555
OTTHUMG00000018729;RP11-94M14.2	OTTHUMG00000018729;RP11-94M14.2
SLC25A22	SLC25A22
SLC43A2	SLC43A2
OTTHUMG00000161728;RP11-622J8.1	OTTHUMG00000161728;RP11-622J8.1
MIR124-3	MIR124-3
ARHGEF10L	ARHGEF10L
LOC100288366;TUBA1B	LOC100288366;TUBA1B
MIR3613	MIR3613
COL3A1;MIR3606	COL3A1;MIR3606
RNA5SP355	RNA5SP355
TAP2	TAP2
HLA-DOA	HLA-DOA
FN3KRP	FN3KRP
EXO5	EXO5
MIR548M	MIR548M
TRIM53AP	TRIM53AP
ALG10;ALG10B	ALG10;ALG10B
SPTBN1	SPTBN1
OTTHUMG00000018787;PLCE1-AS1;RP11-76P2.3	OTTHUMG00000018787;PLCE1-AS1;RP11-76P2.3
LOC100506548;RPL37	LOC100506548;RPL37
MIR376B	MIR376B
FADS1;MIR1908	FADS1;MIR1908
CAPN6	CAPN6
C20orf27	C20orf27
GNL1	GNL1
SFMBT2	SFMBT2
CHTOP	CHTOP
N4BP2L2-IT2	N4BP2L2-IT2
BTBD8	BTBD8
UFL1	UFL1
GATM	GATM
EPHB6	EPHB6
ATP6V1C2	ATP6V1C2
MIR3153	MIR3153
RNU6-27	RNU6-27
SFI1	SFI1
TMEM259	TMEM259
INTS4L1	INTS4L1
OTTHUMG00000160219;RP11-576E20.1	OTTHUMG00000160219;RP11-576E20.1
MOB3C	MOB3C
RNA5SP238	RNA5SP238
CPA4	CPA4
HEMK1	HEMK1
CHMP2B	CHMP2B
MIR921	MIR921
TRIOBP	TRIOBP
AHNAK2	AHNAK2
CENPJ	CENPJ
PHYH	PHYH
CAST	CAST
POLDIP2	POLDIP2
RAB4A;SPHAR	RAB4A;SPHAR
CTD-2031P19.3;FLJ31104;OTTHUMG00000162310	CTD-2031P19.3;FLJ31104;OTTHUMG00000162310
LOXL3	LOXL3
FGF14;FGF14-IT1	FGF14;FGF14-IT1
SLC9A1	SLC9A1
MIR1290	MIR1290
LINC00594	LINC00594
FAM86HP	FAM86HP
OTTHUMG00000011632;RP4-735C1.4	OTTHUMG00000011632;RP4-735C1.4
MIR329-2	MIR329-2
PCDHGB2	PCDHGB2
ZNF492	ZNF492
LOC100505738;MIR4458;OTTHUMG00000161710;RP11-480D4.3	LOC100505738;MIR4458;OTTHUMG00000161710;RP11-480D4.3
AC009487.5;OTTHUMG00000153887;TBR1	AC009487.5;OTTHUMG00000153887;TBR1
LTV1	LTV1
BICD1	BICD1
OTUD4	OTUD4
C3orf20	C3orf20
GJB6	GJB6
FANCF	FANCF
PFKFB2	PFKFB2
PCM1	PCM1
PRKAG1	PRKAG1
OTTHUMG00000014341;RP1-135L22.1	OTTHUMG00000014341;RP1-135L22.1
TMED8	TMED8
OTTHUMG00000161394;RP11-526A4.1	OTTHUMG00000161394;RP11-526A4.1
AC074366.3;OTTHUMG00000153449	AC074366.3;OTTHUMG00000153449
CCDC110	CCDC110
UBE2T	UBE2T
OTTHUMG00000018423;RP11-790G19.2;UNC5B-AS1	OTTHUMG00000018423;RP11-790G19.2;UNC5B-AS1
CSDC2	CSDC2
FKRP	FKRP
PDRG1	PDRG1
DNAJC27-AS1	DNAJC27-AS1
OSBPL11	OSBPL11
CDCP2	CDCP2
CYP3A7;CYP3A7-CYP3AP1	CYP3A7;CYP3A7-CYP3AP1
AL773604.8;OTTHUMG00000090255	AL773604.8;OTTHUMG00000090255
SRP14-AS1	SRP14-AS1
CCKAR	CCKAR
AKAP8	AKAP8
TMEM8B	TMEM8B
ZSCAN23	ZSCAN23
RGPD4	RGPD4
IGHV3-23	IGHV3-23
GNMT	GNMT
OTTHUMG00000163249;RP11-436H11.6	OTTHUMG00000163249;RP11-436H11.6
TCEB2	TCEB2
PRND	PRND
MRPS24	MRPS24
LOC554223	LOC554223
LOC554223	LOC554223
OTTHUMG00000019433;RP11-130C19.3	OTTHUMG00000019433;RP11-130C19.3
TMEM135	TMEM135
FLJ42393	FLJ42393
TAPBP	TAPBP
LINC00159	LINC00159
PPP2R2B	PPP2R2B
LOC100506999	LOC100506999
MYO3B	MYO3B
RAP1GAP2	RAP1GAP2
HMGB1P4	HMGB1P4
LOC100996747;RPS26	LOC100996747;RPS26
ANKHD1;ANKHD1-EIF4EBP3;EIF4EBP3	ANKHD1;ANKHD1-EIF4EBP3;EIF4EBP3
CXXC4	CXXC4
TXN	TXN
OTTHUMG00000162499;RP11-79P5.5	OTTHUMG00000162499;RP11-79P5.5
COL4A1	COL4A1
WDR41	WDR41
HLA-E	HLA-E
HLA-E	HLA-E
HLA-E	HLA-E
HLA-E	HLA-E
CTC-454M9.1;OTTHUMG00000162630	CTC-454M9.1;OTTHUMG00000162630
LOC400043;OTTHUMG00000160035;RP11-834C11.4	LOC400043;OTTHUMG00000160035;RP11-834C11.4
STARD4-AS1	STARD4-AS1
FAM27A	FAM27A
PSMG3	PSMG3
SCLY	SCLY
SYNPO	SYNPO
AP5M1	AP5M1
RPAIN	RPAIN
GLB1L2	GLB1L2
DHRS2	DHRS2
RPL23P8	RPL23P8
FUT11	FUT11
CLK4	CLK4
ZNF37A	ZNF37A
GJD2	GJD2
ABCF1	ABCF1
ABCF1	ABCF1
ABCF1	ABCF1
ABCF1	ABCF1
ABCF1	ABCF1
ABCF1	ABCF1
HOXB9	HOXB9
RNA5SP474	RNA5SP474
GAS5-AS1	GAS5-AS1
MT1G	MT1G
LOC100130219;RAD52	LOC100130219;RAD52
ATP5E	ATP5E
AP1AR	AP1AR
PSMB9	PSMB9
KLHL4	KLHL4
SYT12	SYT12
TERC	TERC
ASNA1	ASNA1
ERAL1	ERAL1
C9orf123	C9orf123
DBNDD1	DBNDD1
ASGR2	ASGR2
PCSK7	PCSK7
SLFN5	SLFN5
NOL6	NOL6
ANKRD20A11P	ANKRD20A11P
SLC38A7	SLC38A7
ZFP64	ZFP64
HLA-C	HLA-C
SUMF1	SUMF1
CALY	CALY
FAM27E2	FAM27E2
AC063976.3;OTTHUMG00000059642	AC063976.3;OTTHUMG00000059642
PSMB9	PSMB9
PSMB9	PSMB9
ELAVL2	ELAVL2
GOLGA8F;GOLGA8G	GOLGA8F;GOLGA8G
OTTHUMG00000016629;RP11-428O18.4	OTTHUMG00000016629;RP11-428O18.4
OTTHUMG00000035263;RP11-12M5.3	OTTHUMG00000035263;RP11-12M5.3
RASAL3	RASAL3
PHB2	PHB2
POSTN	POSTN
LOC341056	LOC341056
RNA5SP472	RNA5SP472
FHOD3	FHOD3
NEK11	NEK11
YEATS4	YEATS4
BCL7B	BCL7B
ONECUT1	ONECUT1
EARS2	EARS2
ACOT1	ACOT1
PSMD13	PSMD13
DYRK3	DYRK3
PGBD4	PGBD4
RNA5SP149	RNA5SP149
OTTHUMG00000037978;RP4-781K5.2	OTTHUMG00000037978;RP4-781K5.2
HPD	HPD
MIR2964A	MIR2964A
OTTHUMG00000032391;RP5-977B1.7	OTTHUMG00000032391;RP5-977B1.7
MROH5	MROH5
MIR876	MIR876
RBFA	RBFA
REPS1	REPS1
C9orf9	C9orf9
MIR125B2	MIR125B2
MIR569	MIR569
L3MBTL3	L3MBTL3
CDC42EP1	CDC42EP1
CDHR3;OTTHUMG00000157519;RP4-568B10.1	CDHR3;OTTHUMG00000157519;RP4-568B10.1
NDST3	NDST3
SLC25A35	SLC25A35
COX7A1	COX7A1
OTTHUMG00000055986;RP3-477O4.14	OTTHUMG00000055986;RP3-477O4.14
EXOSC7	EXOSC7
LOC100507325	LOC100507325
SLC47A2	SLC47A2
SNORA31	SNORA31
LOC100507540;OTTHUMG00000020007;RP11-63P12.6	LOC100507540;OTTHUMG00000020007;RP11-63P12.6
TBX19	TBX19
HPGD	HPGD
SMU1	SMU1
OTTHUMG00000158739;RP11-81N13.1	OTTHUMG00000158739;RP11-81N13.1
DCDC1;DCDC5	DCDC1;DCDC5
HMGN1P38	HMGN1P38
CCDC113	CCDC113
SNORA33;SNORD100;SNORD101	SNORA33;SNORD100;SNORD101
ERI1	ERI1
MINPP1	MINPP1
LOC554249	LOC554249
OTTHUMG00000041729;RP11-542C10.1	OTTHUMG00000041729;RP11-542C10.1
AFF2	AFF2
CCNE1	CCNE1
MTMR7	MTMR7
TRIM49D1;TRIM49D2P	TRIM49D1;TRIM49D2P
PAK3	PAK3
TSPAN31	TSPAN31
ERVMER34-1	ERVMER34-1
SNORD3B-1	SNORD3B-1
SNORD3B-2	SNORD3B-2
TGFB1	TGFB1
TFEB	TFEB
OTTHUMG00000042457;RP11-89F3.2	OTTHUMG00000042457;RP11-89F3.2
MBOAT7	MBOAT7
SLC35F5	SLC35F5
HIST1H1A	HIST1H1A
CCDC86	CCDC86
DNAJB6	DNAJB6
LAMP5	LAMP5
RNU6-35P	RNU6-35P
RNA5SP335	RNA5SP335
TM4SF4	TM4SF4
ADCY10	ADCY10
YY1	YY1
SOS1-IT1	SOS1-IT1
DENND3	DENND3
ADAP1	ADAP1
INPP4A	INPP4A
TMIGD2	TMIGD2
OGDHL	OGDHL
TAS2R30	TAS2R30
RNU1-20P	RNU1-20P
AC073346.2;LOC401397;OTTHUMG00000154780	AC073346.2;LOC401397;OTTHUMG00000154780
RFPL2	RFPL2
SPHKAP	SPHKAP
MCCC1	MCCC1
EIF3F	EIF3F
PROX1	PROX1
HLA-C	HLA-C
MIR1825;OTTHUMG00000032209;POFUT1;RP11-392M18.5	MIR1825;OTTHUMG00000032209;POFUT1;RP11-392M18.5
WDFY4	WDFY4
ALKBH7	ALKBH7
NFIL3	NFIL3
FASTKD5;UBOX5	FASTKD5;UBOX5
IQCB1	IQCB1
AC026202.3;OTTHUMG00000154898	AC026202.3;OTTHUMG00000154898
RNU6-23P	RNU6-23P
TRMT12	TRMT12
RNF214	RNF214
SMG9	SMG9
RNU7-50P	RNU7-50P
AC105344.2;LOC348761;OTTHUMG00000154076	AC105344.2;LOC348761;OTTHUMG00000154076
AIM2	AIM2
MIR647	MIR647
GPR1	GPR1
UGT3A1	UGT3A1
CLIC6	CLIC6
UCN	UCN
SMAD5	SMAD5
ZZZ3	ZZZ3
GPX8	GPX8
MIR548H3	MIR548H3
SPATA18	SPATA18
CCDC122	CCDC122
ADRM1	ADRM1
ZMYM5	ZMYM5
DMXL1	DMXL1
PAIP2B	PAIP2B
EID2B	EID2B
GAS2L3	GAS2L3
ACSS3	ACSS3
TP53BP2	TP53BP2
MIR1973	MIR1973
KIAA1107	KIAA1107
TMEM182	TMEM182
SDC1	SDC1
LINC00675	LINC00675
TSPAN32	TSPAN32
OTTHUMG00000016503;RP11-61K9.2	OTTHUMG00000016503;RP11-61K9.2
ZFHX4-AS1	ZFHX4-AS1
DCTN2	DCTN2
SLC36A1	SLC36A1
BHLHE41	BHLHE41
CELSR2	CELSR2
HYPK;MIR1282;SERF2	HYPK;MIR1282;SERF2
FBN2	FBN2
DNAJC14	DNAJC14
UBB	UBB
MTIF3	MTIF3
XBP1	XBP1
ALKBH1	ALKBH1
VPS54	VPS54
RAMP2-AS1	RAMP2-AS1
RGL1	RGL1
XRCC3	XRCC3
HLA-DRB1;HLA-DRB3	HLA-DRB1;HLA-DRB3
KIAA1683	KIAA1683
CLCN2	CLCN2
ZSCAN20	ZSCAN20
ILDR2	ILDR2
GOLGA8DP;GOLGA8EP	GOLGA8DP;GOLGA8EP
RALGAPA2	RALGAPA2
RNA5SP283	RNA5SP283
KB-1205A7.2;OTTHUMG00000164864	KB-1205A7.2;OTTHUMG00000164864
FAM122C	FAM122C
TNNC1	TNNC1
ZNF639	ZNF639
TXNDC15	TXNDC15
ANKMY1	ANKMY1
RAMP1	RAMP1
EMILIN2	EMILIN2
TJP1	TJP1
PTRH2	PTRH2
IGSF6	IGSF6
RDH14	RDH14
ENPP2	ENPP2
KCTD11	KCTD11
HIST1H2BA	HIST1H2BA
LOC284454;MIR23A;MIR24-2;MIR27A	LOC284454;MIR23A;MIR24-2;MIR27A
CENPL	CENPL
CCDC13	CCDC13
RSL24D1	RSL24D1
OTTHUMG00000015716;RP11-439L18.1	OTTHUMG00000015716;RP11-439L18.1
CISH	CISH
COQ3	COQ3
HLA-E	HLA-E
HLA-E	HLA-E
HLA-E	HLA-E
MIR4730	MIR4730
SMUG1	SMUG1
WNK1	WNK1
ALG1L2	ALG1L2
DIS3	DIS3
SNORD116-30	SNORD116-30
MGC39372;OTTHUMG00000014127;RP11-420G6.4	MGC39372;OTTHUMG00000014127;RP11-420G6.4
CSNK1G2	CSNK1G2
C6orf165	C6orf165
RNFT2	RNFT2
MIR1257;TAF4	MIR1257;TAF4
LPAR2	LPAR2
RESP18	RESP18
NQO2	NQO2
ZBTB20-AS1	ZBTB20-AS1
C17orf75	C17orf75
AC113331.9;LOC100506101;OTTHUMG00000066612	AC113331.9;LOC100506101;OTTHUMG00000066612
PPP2R5C	PPP2R5C
MYBPC2	MYBPC2
ARMCX4	ARMCX4
PIK3IP1	PIK3IP1
NME9	NME9
LOC441601	LOC441601
LINC00472	LINC00472
NUDT8	NUDT8
AC006378.2;OTTHUMG00000155775	AC006378.2;OTTHUMG00000155775
NFIA	NFIA
PAK1IP1	PAK1IP1
CHRM2	CHRM2
CHD8	CHD8
CTB-51J22.1;OTTHUMG00000157272	CTB-51J22.1;OTTHUMG00000157272
FUBP1	FUBP1
GAA	GAA
EXOC6	EXOC6
MYBL1	MYBL1
SPAG8	SPAG8
TMEM106B	TMEM106B
ALDOA	ALDOA
MAF	MAF
OAZ2	OAZ2
CCDC164;DRC1	CCDC164;DRC1
AC009228.1;OTTHUMG00000151893	AC009228.1;OTTHUMG00000151893
OTTHUMG00000163782;RP11-981G7.2	OTTHUMG00000163782;RP11-981G7.2
AP000473.6;OTTHUMG00000074394	AP000473.6;OTTHUMG00000074394
DDX41	DDX41
PAR5;SNORD108;SNORD64	PAR5;SNORD108;SNORD64
RHOF	RHOF
RNU6-54	RNU6-54
OTTHUMG00000156611;RP11-123O1.1	OTTHUMG00000156611;RP11-123O1.1
MYOC	MYOC
FAM98C	FAM98C
RNU1-21P	RNU1-21P
EPHA10	EPHA10
MIR29B1	MIR29B1
MIR3660	MIR3660
NOX4	NOX4
FAM9A	FAM9A
SLC9A8	SLC9A8
DDX1	DDX1
UBL7-AS1	UBL7-AS1
OTTHUMG00000009307;RP11-182I10.3	OTTHUMG00000009307;RP11-182I10.3
HOOK3	HOOK3
HN1	HN1
KIAA1958	KIAA1958
MAP3K4	MAP3K4
MIR302A;MIR302B;MIR302C;MIR302D;MIR367;OTTHUMG00000161565;RP11-148B6.1	MIR302A;MIR302B;MIR302C;MIR302D;MIR367;OTTHUMG00000161565;RP11-148B6.1
MRPL17	MRPL17
LOC100507511	LOC100507511
OTTHUMG00000014562;RP3-329A5.4;SCUBE3	OTTHUMG00000014562;RP3-329A5.4;SCUBE3
PDK1	PDK1
CTB-78F1.1;OTTHUMG00000162925	CTB-78F1.1;OTTHUMG00000162925
BPESC1	BPESC1
BCYRN1	BCYRN1
CDV3	CDV3
DLL4	DLL4
TSC22D4	TSC22D4
TMEM45A	TMEM45A
LINC00515	LINC00515
THOC5	THOC5
BREA2	BREA2
ECM1	ECM1
NPHP4	NPHP4
PAX2	PAX2
OTTHUMG00000161722;RP11-143A12.3	OTTHUMG00000161722;RP11-143A12.3
IGSF9	IGSF9
USP2-AS1	USP2-AS1
CTB-49A3.2;OTTHUMG00000162705	CTB-49A3.2;OTTHUMG00000162705
RNA5SP62	RNA5SP62
SMPD2	SMPD2
PCNXL3	PCNXL3
MIR621;SLC25A15	MIR621;SLC25A15
MOCS1	MOCS1
SNORD116-17	SNORD116-17
C12orf5	C12orf5
SPATA17	SPATA17
HLA-C	HLA-C
EMD	EMD
PTOV1-AS1	PTOV1-AS1
MAPK8	MAPK8
OTTHUMG00000160362;RP11-548L20.1	OTTHUMG00000160362;RP11-548L20.1
SNORD3C	SNORD3C
LOC100128505;OTTHUMG00000020556;RP11-264C15.2	LOC100128505;OTTHUMG00000020556;RP11-264C15.2
OTTHUMG00000004857;XXbac-BPG299F13.14	OTTHUMG00000004857;XXbac-BPG299F13.14
TPTE2P1	TPTE2P1
PMS2L2	PMS2L2
KCNJ12;KCNJ18;LOC100996843	KCNJ12;KCNJ18;LOC100996843
LOC100996464;ZNF84	LOC100996464;ZNF84
AC015922.6;OTTHUMG00000059147	AC015922.6;OTTHUMG00000059147
MYO6	MYO6
LA16c-83F12.6;OTTHUMG00000140260	LA16c-83F12.6;OTTHUMG00000140260
ASB1	ASB1
REV3L	REV3L
NELFCD;TH1L	NELFCD;TH1L
ABI2	ABI2
OR1L3	OR1L3
HSPB1	HSPB1
SHC2	SHC2
CLP1	CLP1
C16orf7;VPS9D1	C16orf7;VPS9D1
HAS1	HAS1
PSRC1	PSRC1
ARSD-AS1	ARSD-AS1
CTA-150C2.13;OTTHUMG00000151001	CTA-150C2.13;OTTHUMG00000151001
MIR597	MIR597
EEPD1	EEPD1
TMEM155	TMEM155
FAM47E;FAM47E-STBD1;OTTHUMG00000160834;RP11-67M24.5;STBD1	FAM47E;FAM47E-STBD1;OTTHUMG00000160834;RP11-67M24.5;STBD1
BTBD17	BTBD17
RNA5SP38	RNA5SP38
OTTHUMG00000165042;RP11-713M15.1	OTTHUMG00000165042;RP11-713M15.1
MROH6	MROH6
CSTF2T	CSTF2T
COLEC11	COLEC11
RNU6V	RNU6V
TMEM136	TMEM136
EEF1A2	EEF1A2
OTTHUMG00000009978;RP11-776H12.1	OTTHUMG00000009978;RP11-776H12.1
AC005154.9;OTTHUMG00000152804	AC005154.9;OTTHUMG00000152804
PAPOLA	PAPOLA
PKP2	PKP2
RNU6-47	RNU6-47
CYP21A1P;CYP21A2	CYP21A1P;CYP21A2
SMARCC2	SMARCC2
OTTHUMG00000002836;RP4-745E8.2	OTTHUMG00000002836;RP4-745E8.2
SIAH3	SIAH3
ATP2C1;OTTHUMG00000159704;RP11-39E3.6	ATP2C1;OTTHUMG00000159704;RP11-39E3.6
LOC101060360;LOC388210;LOC400499	LOC101060360;LOC388210;LOC400499
OR4F13P	OR4F13P
ZBTB5	ZBTB5
GLI4	GLI4
GPR116	GPR116
DDX25	DDX25
LOC100131564;OTTHUMG00000010705;RP4-717I23.3	LOC100131564;OTTHUMG00000010705;RP4-717I23.3
TNFSF13	TNFSF13
FBXO33	FBXO33
AC012499.1;OTTHUMG00000154189	AC012499.1;OTTHUMG00000154189
CLEC18B	CLEC18B
MIR548AC	MIR548AC
FOSL2	FOSL2
STRA13	STRA13
RAB7A	RAB7A
LINC00965	LINC00965
MIR4668	MIR4668
ZNF627	ZNF627
MTHFR	MTHFR
SNAPIN	SNAPIN
ALG14;OTTHUMG00000010782;RP4-639F20.3	ALG14;OTTHUMG00000010782;RP4-639F20.3
FANCB	FANCB
PWP1	PWP1
ANKRD33	ANKRD33
ZMYM4-AS1	ZMYM4-AS1
IQCA1	IQCA1
CCDC90B	CCDC90B
C6orf1	C6orf1
KRTAP19-8	KRTAP19-8
SLC9B1	SLC9B1
DIAPH1	DIAPH1
AP001046.6;FLJ41733;OTTHUMG00000086868	AP001046.6;FLJ41733;OTTHUMG00000086868
TRAPPC5	TRAPPC5
LOC645513	LOC645513
HINT1	HINT1
DNAJC24	DNAJC24
MIR548Q	MIR548Q
XKR6	XKR6
RAB3D	RAB3D
GRK6	GRK6
GPX7	GPX7
PVRL2	PVRL2
MFAP1	MFAP1
DISC1-IT1;LINC00582	DISC1-IT1;LINC00582
BZRAP1	BZRAP1
61E3.4;LOC100132247;LOC100652992;LOC613037;NPIPB3;NPIPB4;NPIPB5;OTTHUMG00000163573;RP11-368J21.2	61E3.4;LOC100132247;LOC100652992;LOC613037;NPIPB3;NPIPB4;NPIPB5;OTTHUMG00000163573;RP11-368J21.2
C8orf59	C8orf59
ALDH16A1	ALDH16A1
ZNF829	ZNF829
RNU6-73	RNU6-73
HCG20	HCG20
CDIPT	CDIPT
TMEM63A	TMEM63A
PROX1-IT1	PROX1-IT1
DDX23	DDX23
PRKACB	PRKACB
KIFC2	KIFC2
LYRM5	LYRM5
CFD	CFD
CDKN2B-AS1	CDKN2B-AS1
OTTHUMG00000157590;RP5-884M6.1	OTTHUMG00000157590;RP5-884M6.1
LINC00029	LINC00029
PRKRIR	PRKRIR
FBXW2	FBXW2
IFNE	IFNE
ZNF20	ZNF20
AC092431.3;OTTHUMG00000152688	AC092431.3;OTTHUMG00000152688
OTTHUMG00000161209;RP11-21I10.2	OTTHUMG00000161209;RP11-21I10.2
CTC-231O11.1;MIR146A;OTTHUMG00000163553	CTC-231O11.1;MIR146A;OTTHUMG00000163553
PSORS1C1	PSORS1C1
NCKAP1	NCKAP1
AC010729.2;OTTHUMG00000151422	AC010729.2;OTTHUMG00000151422
DPH3	DPH3
CTDSP2	CTDSP2
ZNF664	ZNF664
MGC24103	MGC24103
TOMM22P5	TOMM22P5
MBD5	MBD5
CERK	CERK
OTTHUMG00000021416;RP1-30G7.2	OTTHUMG00000021416;RP1-30G7.2
PLIN3	PLIN3
P2RX4	P2RX4
TTC25	TTC25
AQP7;LOC100509620	AQP7;LOC100509620
DFNA5	DFNA5
TRIM73;TRIM74	TRIM73;TRIM74
PFN4	PFN4
TBCCD1	TBCCD1
SELE	SELE
ZBTB44	ZBTB44
CALB2	CALB2
THAP2	THAP2
MIR1200	MIR1200
LRRC37A3	LRRC37A3
MIR378E	MIR378E
VIT	VIT
RPL34-AS1	RPL34-AS1
PATL1	PATL1
CTD-2366F13.1;LOC257396;OTTHUMG00000162191	CTD-2366F13.1;LOC257396;OTTHUMG00000162191
CCDC102B	CCDC102B
RNA5SP68	RNA5SP68
RABIF	RABIF
CTD-2260A17.1;OTTHUMG00000162841	CTD-2260A17.1;OTTHUMG00000162841
IFRD1	IFRD1
CNOT8	CNOT8
CYP4F35P	CYP4F35P
OTTHUMG00000019232;RP11-383C5.5	OTTHUMG00000019232;RP11-383C5.5
MOGS	MOGS
B4GALNT4	B4GALNT4
OTTHUMG00000032202;RP1-310O13.7	OTTHUMG00000032202;RP1-310O13.7
KIAA0825	KIAA0825
FAM83H-AS1	FAM83H-AS1
SLC4A5	SLC4A5
NTM-IT2	NTM-IT2
EGF	EGF
WIZ	WIZ
C8orf42;TDRP	C8orf42;TDRP
CRLF2	CRLF2
CRLF2	CRLF2
MLEC	MLEC
ZNF416	ZNF416
PCDHGC5	PCDHGC5
KTN1	KTN1
OTTHUMG00000020274;RP11-54O15.3	OTTHUMG00000020274;RP11-54O15.3
ZDHHC18	ZDHHC18
ALLC	ALLC
TSPAN9	TSPAN9
LINC00869;OTTHUMG00000013956;OTTHUMG00000182668;OTTHUMG00000182669;RP11-277L2.2;RP11-353N4.6;RP11-353N4.7	LINC00869;OTTHUMG00000013956;OTTHUMG00000182668;OTTHUMG00000182669;RP11-277L2.2;RP11-353N4.6;RP11-353N4.7
SNORA2A	SNORA2A
BNC2	BNC2
DAPK3;MIR637	DAPK3;MIR637
SNORA65	SNORA65
AQP4-AS1	AQP4-AS1
GPX4	GPX4
MIR329-1	MIR329-1
MRPL32	MRPL32
RPS6KB2	RPS6KB2
LHFPL3-AS2;OTTHUMG00000157279;RP11-325F22.5	LHFPL3-AS2;OTTHUMG00000157279;RP11-325F22.5
CGN	CGN
OR10G8	OR10G8
U2AF1	U2AF1
TRIB1	TRIB1
ST6GALNAC6	ST6GALNAC6
ABCB7	ABCB7
FGD4	FGD4
RNU4-4P	RNU4-4P
SYAP1	SYAP1
TAGAP	TAGAP
ZCWPW2	ZCWPW2
ETNK2	ETNK2
MIR3185	MIR3185
ARHGEF1	ARHGEF1
RPL34	RPL34
ACAT1	ACAT1
OR2A20P;OR2A9P;OTTHUMG00000158050;RP4-798C17.6	OR2A20P;OR2A9P;OTTHUMG00000158050;RP4-798C17.6
OTTHUMG00000160465;RP11-360F5.3	OTTHUMG00000160465;RP11-360F5.3
EFHD2	EFHD2
PLEKHA2	PLEKHA2
M6PR	M6PR
OTTHUMG00000164410;RP11-17A4.2	OTTHUMG00000164410;RP11-17A4.2
MT1JP	MT1JP
INTS2	INTS2
CTC-255N20.1;OTTHUMG00000163410	CTC-255N20.1;OTTHUMG00000163410
GBP5	GBP5
PDZRN4	PDZRN4
ATAD2B	ATAD2B
GS1-259H13.2;LOC100289187;OTTHUMG00000156636	GS1-259H13.2;LOC100289187;OTTHUMG00000156636
TMEM189;TMEM189-UBE2V1;UBE2V1	TMEM189;TMEM189-UBE2V1;UBE2V1
LINC00083	LINC00083
OTTHUMG00000164841;RP11-417F21.2	OTTHUMG00000164841;RP11-417F21.2
CD81	CD81
SPPL3	SPPL3
LOC284581	LOC284581
LOC554223	LOC554223
CD63	CD63
ZNF385C	ZNF385C
FKBP9L	FKBP9L
AKR7L	AKR7L
FAM58A	FAM58A
MEMO1	MEMO1
CSDE1	CSDE1
ZRANB2	ZRANB2
FGFR3	FGFR3
EGFLAM	EGFLAM
AC002480.5;OTTHUMG00000152532	AC002480.5;OTTHUMG00000152532
MAST1	MAST1
MT1CP	MT1CP
LGALS9B	LGALS9B
CTD-2324F15.2;FLJ33360;OTTHUMG00000161679	CTD-2324F15.2;FLJ33360;OTTHUMG00000161679
SMAD4	SMAD4
MIR644A	MIR644A
GOLGA8CP	GOLGA8CP
MIR1256	MIR1256
OTTHUMG00000164860;RP11-642D21.1	OTTHUMG00000164860;RP11-642D21.1
OTTHUMG00000159112;RP11-734K21.3	OTTHUMG00000159112;RP11-734K21.3
GMPPA	GMPPA
MIRLET7A1	MIRLET7A1
STAC3	STAC3
CCR10	CCR10
ARL14EP	ARL14EP
SYTL5	SYTL5
TNRC6C	TNRC6C
CHST9	CHST9
GOLGA2P2Y;GOLGA2P3Y	GOLGA2P2Y;GOLGA2P3Y
RUSC2	RUSC2
CLINT1	CLINT1
SAMD15	SAMD15
WDFY2	WDFY2
LDLRAD4-AS1	LDLRAD4-AS1
MDH1B	MDH1B
LINC00413	LINC00413
GCDH	GCDH
ATCAY	ATCAY
NPHP3	NPHP3
OTTHUMG00000164866;RP11-35G22.1	OTTHUMG00000164866;RP11-35G22.1
POM121L10P	POM121L10P
MT1H	MT1H
TMEM211	TMEM211
KCNK12	KCNK12
RBMS3	RBMS3
CANX	CANX
OTTHUMG00000164432;RP11-326E22.1	OTTHUMG00000164432;RP11-326E22.1
HLA-F	HLA-F
NUP93	NUP93
HLA-F	HLA-F
HLA-F	HLA-F
HLA-F	HLA-F
OTTHUMG00000041460;RP11-384C4.6	OTTHUMG00000041460;RP11-384C4.6
OTTHUMG00000021616;RP3-339A18.6	OTTHUMG00000021616;RP3-339A18.6
CCT2	CCT2
PITPNA	PITPNA
PTPRG-AS1	PTPRG-AS1
ZNF749	ZNF749
BMP8B	BMP8B
FAM66B	FAM66B
KIF3B	KIF3B
PCDHB16	PCDHB16
LOC100335030	LOC100335030
CSRNP2	CSRNP2
HLA-F	HLA-F
ZNF331	ZNF331
C17orf76-AS1;SNORD49A;SNORD49B;SNORD65	C17orf76-AS1;SNORD49A;SNORD49B;SNORD65
OSTN	OSTN
SLC6A16	SLC6A16
HES4	HES4
SUB1	SUB1
MIR484;NDE1	MIR484;NDE1
CLEC4G	CLEC4G
FASTKD2	FASTKD2
AC011995.1;OTTHUMG00000151393	AC011995.1;OTTHUMG00000151393
SFTPA1	SFTPA1
OTTHUMG00000039869;RP11-561I11.3	OTTHUMG00000039869;RP11-561I11.3
TMC5	TMC5
MSTN	MSTN
SERGEF	SERGEF
DYNC2H1	DYNC2H1
JRKL	JRKL
FOXO4	FOXO4
SART3	SART3
LOC100506499	LOC100506499
ABHD4	ABHD4
RHCG	RHCG
LOC100505991;PIGC	LOC100505991;PIGC
ZNF239	ZNF239
TACR2	TACR2
C20orf82;ISM1;OTTHUMG00000031902	C20orf82;ISM1;OTTHUMG00000031902
KRT8P41	KRT8P41
MYO1E	MYO1E
AFAP1L2	AFAP1L2
EFCAB14;KIAA0494	EFCAB14;KIAA0494
LRRC27	LRRC27
PEX26	PEX26
GRIN2B	GRIN2B
THAP6	THAP6
WASH4P	WASH4P
HIST1H2BB	HIST1H2BB
ADCY3	ADCY3
FCGRT	FCGRT
CCDC114;CTC-241F20.2;OTTHUMG00000156160	CCDC114;CTC-241F20.2;OTTHUMG00000156160
CCNJL	CCNJL
MEOX1	MEOX1
ZNF839	ZNF839
OTTHUMG00000165687;RP11-380O24.1;SRGAP3	OTTHUMG00000165687;RP11-380O24.1;SRGAP3
GNL1	GNL1
SLC1A6	SLC1A6
LINC00661	LINC00661
LTB4R	LTB4R
ACOT12	ACOT12
MRPL53	MRPL53
ZBTB11	ZBTB11
MPP2	MPP2
KCNK10	KCNK10
ZNF572	ZNF572
ATP2A1	ATP2A1
RNU7-81P	RNU7-81P
CNOT6LP1	CNOT6LP1
CTD-2008N3.1;OTTHUMG00000161635	CTD-2008N3.1;OTTHUMG00000161635
ZCCHC12	ZCCHC12
CTD-2337A12.1;OTTHUMG00000162821	CTD-2337A12.1;OTTHUMG00000162821
HLA-DOA	HLA-DOA
VPS51	VPS51
COPS8	COPS8
C22orf25;TANGO2	C22orf25;TANGO2
TAF11	TAF11
PRDM4	PRDM4
NCOA1	NCOA1
OTTHUMG00000031663;RP11-314N13.3	OTTHUMG00000031663;RP11-314N13.3
CCDC124	CCDC124
EIF4ENIF1	EIF4ENIF1
MT1B	MT1B
USP46	USP46
C2orf69	C2orf69
BNIP3P1	BNIP3P1
LINC00971;OTTHUMG00000158981;RP11-735B13.1	LINC00971;OTTHUMG00000158981;RP11-735B13.1
TRIM34;TRIM6-TRIM34;TRIM78P	TRIM34;TRIM6-TRIM34;TRIM78P
EFHC2	EFHC2
PCAT1	PCAT1
TEPP	TEPP
FADS6	FADS6
OVCH1	OVCH1
ZNF91	ZNF91
OTTHUMG00000163594;RP11-443C10.2	OTTHUMG00000163594;RP11-443C10.2
OTTHUMG00000018554;RP11-90J7.4	OTTHUMG00000018554;RP11-90J7.4
DRAXIN;LOC100996614	DRAXIN;LOC100996614
FAM19A5	FAM19A5
ANKRD30BP2	ANKRD30BP2
AC004893.11;OTTHUMG00000154440	AC004893.11;OTTHUMG00000154440
MIR4521	MIR4521
SNORD116-15	SNORD116-15
MIR3978	MIR3978
GRTP1-AS1	GRTP1-AS1
MALAT1	MALAT1
GPR141	GPR141
TMEM86B	TMEM86B
RAP1GDS1	RAP1GDS1
RPL23AP32	RPL23AP32
GNE	GNE
ZNF558	ZNF558
TRDN	TRDN
AC006145.4;MIR1255B1;OTTHUMG00000154779	AC006145.4;MIR1255B1;OTTHUMG00000154779
NIPSNAP3B	NIPSNAP3B
PPDPF	PPDPF
NUP85	NUP85
HSD17B12	HSD17B12
UHRF2	UHRF2
PCNX	PCNX
MYBL1	MYBL1
P2RX3	P2RX3
EHBP1	EHBP1
CBX3	CBX3
AC011995.3;OTTHUMG00000151428	AC011995.3;OTTHUMG00000151428
OMG	OMG
OTTHUMG00000161302;RP11-404I7.1	OTTHUMG00000161302;RP11-404I7.1
PREB	PREB
TAS2R13	TAS2R13
AC012501.2;OTTHUMG00000153821	AC012501.2;OTTHUMG00000153821
MAML2	MAML2
AC097467.2;OTTHUMG00000150212	AC097467.2;OTTHUMG00000150212
SH3GLB2	SH3GLB2
GMFB	GMFB
APOA5	APOA5
MAD2L1BP	MAD2L1BP
LRRC3	LRRC3
ARHGEF10	ARHGEF10
ZNF24	ZNF24
MPHOSPH9	MPHOSPH9
VMA21	VMA21
SLC25A51	SLC25A51
ABCF2	ABCF2
AC022816.2;OTTHUMG00000058811	AC022816.2;OTTHUMG00000058811
FLOT1	FLOT1
SNURFL	SNURFL
OTTHUMG00000014086;RP11-495P10.2	OTTHUMG00000014086;RP11-495P10.2
STK19	STK19
PIP5K1C	PIP5K1C
ZNRD1	ZNRD1
SMCR9	SMCR9
AC108488.3;LOC100506054;OTTHUMG00000151419	AC108488.3;LOC100506054;OTTHUMG00000151419
OTTHUMG00000022239;RP1-241P17.4	OTTHUMG00000022239;RP1-241P17.4
THUMPD2	THUMPD2
PIAS2	PIAS2
MIR571	MIR571
SNORD93	SNORD93
RAB43	RAB43
MSRB2	MSRB2
SMA5	SMA5
TXNDC5	TXNDC5
MAPK12	MAPK12
OTTHUMG00000160414;RP11-83C7.2	OTTHUMG00000160414;RP11-83C7.2
PSMB9	PSMB9
OTTHUMG00000157651;RP11-775D22.2	OTTHUMG00000157651;RP11-775D22.2
CXorf40B	CXorf40B
UBR5	UBR5
MSANTD2	MSANTD2
USP42	USP42
TAS2R14	TAS2R14
BDNF	BDNF
OTTHUMG00000034801;RP3-436N22.3	OTTHUMG00000034801;RP3-436N22.3
MIR138-1	MIR138-1
LIMD1-AS1	LIMD1-AS1
AC006038.4;OTTHUMG00000152656	AC006038.4;OTTHUMG00000152656
ZNF594	ZNF594
OTTHUMG00000015539;RP1-86D1.4	OTTHUMG00000015539;RP1-86D1.4
SMN1;SMN2	SMN1;SMN2
CPLX1	CPLX1
OTTHUMG00000164271;RP11-756K15.2	OTTHUMG00000164271;RP11-756K15.2
GRTP1	GRTP1
SYT8	SYT8
OTTHUMG00000163819;RP11-561E1.1	OTTHUMG00000163819;RP11-561E1.1
OTTHUMG00000041432;RP11-293G6__A.2;TBCE	OTTHUMG00000041432;RP11-293G6__A.2;TBCE
LOC286190;OTTHUMG00000164429;RP11-382J12.1	LOC286190;OTTHUMG00000164429;RP11-382J12.1
LHX1	LHX1
LOC100131392;TRIM49;TRIM49C;TRIM49D1;TRIM49D2P	LOC100131392;TRIM49;TRIM49C;TRIM49D1;TRIM49D2P
USF2	USF2
C5orf60	C5orf60
SNORD88B	SNORD88B
OTTHUMG00000158096;RP4-751H13.5	OTTHUMG00000158096;RP4-751H13.5
LOC100130275;OTTHUMG00000014233;RP1-290I10.6	LOC100130275;OTTHUMG00000014233;RP1-290I10.6
LOC101060662	LOC101060662
AC107218.3;OTTHUMG00000154823	AC107218.3;OTTHUMG00000154823
GSTTP2	GSTTP2
AC018731.3;OTTHUMG00000153781	AC018731.3;OTTHUMG00000153781
ZNF234	ZNF234
ATP1A1	ATP1A1
FUT9	FUT9
EOMES	EOMES
IQCF1	IQCF1
OTTHUMG00000162204;RP11-479O16.1	OTTHUMG00000162204;RP11-479O16.1
BEX2	BEX2
AC108056.1;OTTHUMG00000059447	AC108056.1;OTTHUMG00000059447
CBLN2	CBLN2
ZFYVE28	ZFYVE28
STK16	STK16
GSAP;PION	GSAP;PION
CXorf28	CXorf28
C11orf49	C11orf49
GPATCH3	GPATCH3
HBEGF	HBEGF
MAP3K5	MAP3K5
SLC27A1	SLC27A1
DAND5	DAND5
SSTR2	SSTR2
NPHP1	NPHP1
C18orf21	C18orf21
CBX8	CBX8
AC107057.2;OTTHUMG00000151424	AC107057.2;OTTHUMG00000151424
LOC554223	LOC554223
NDUFB7	NDUFB7
MAP1LC3B2	MAP1LC3B2
PCGF3	PCGF3
SNORA47	SNORA47
OTTHUMG00000158130;RP11-85M11.2	OTTHUMG00000158130;RP11-85M11.2
LEMD1-AS1	LEMD1-AS1
HLA-J	HLA-J
UNCX	UNCX
SPRR1A	SPRR1A
TSGA10	TSGA10
NDUFA9	NDUFA9
LOC100506963;OTTHUMG00000002959;RP5-886K2.3	LOC100506963;OTTHUMG00000002959;RP5-886K2.3
CHRNA6	CHRNA6
NKAIN1	NKAIN1
LRP12	LRP12
MIR1296	MIR1296
ARHGDIA	ARHGDIA
ZNF616	ZNF616
TTF1	TTF1
OTTHUMG00000037290;RP11-400N13.1	OTTHUMG00000037290;RP11-400N13.1
RLTPR	RLTPR
LOC728145	LOC728145
AC078883.4;OTTHUMG00000154231	AC078883.4;OTTHUMG00000154231
MIR130A	MIR130A
SETD4	SETD4
HEBP2	HEBP2
THSD7B	THSD7B
PIK3C2A	PIK3C2A
CTD-3023L14.3;OTTHUMG00000163671	CTD-3023L14.3;OTTHUMG00000163671
ANKRD40	ANKRD40
IAH1	IAH1
RASGRP3	RASGRP3
KCNT2	KCNT2
ANKRD36C;LOC100996862	ANKRD36C;LOC100996862
LYST-AS1	LYST-AS1
LOC100507283	LOC100507283
HLA-F	HLA-F
RDH12	RDH12
TGDS	TGDS
GPC5-IT1	GPC5-IT1
RNU7-10P	RNU7-10P
RNA5SP177	RNA5SP177
PLCE1	PLCE1
ACTG1	ACTG1
RNF41	RNF41
RAET1K	RAET1K
ARHGEF4	ARHGEF4
OSR2	OSR2
OTTHUMG00000159610;RP11-265F19.1	OTTHUMG00000159610;RP11-265F19.1
OTTHUMG00000156011;RP11-761N21.1	OTTHUMG00000156011;RP11-761N21.1
TAF8	TAF8
HDAC6	HDAC6
RNY1	RNY1
CWF19L2	CWF19L2
PKD1L1	PKD1L1
GPR162	GPR162
KIAA1199	KIAA1199
MIR1255B2	MIR1255B2
TSPAN18	TSPAN18
SARS	SARS
BCL2L12	BCL2L12
FRAT2	FRAT2
CUL7	CUL7
MYCBPAP	MYCBPAP
GTF3C3	GTF3C3
TMTC4	TMTC4
OCRL	OCRL
ERO1LB	ERO1LB
PEX5	PEX5
BTNL10	BTNL10
WSB2	WSB2
SLC1A1	SLC1A1
EIF3A;SNORA19	EIF3A;SNORA19
ST8SIA2	ST8SIA2
MIR454	MIR454
FAM26E	FAM26E
NUDT7	NUDT7
DLGAP2	DLGAP2
ZC3H10	ZC3H10
GPR161	GPR161
OTTHUMG00000165078;RP11-44N11.1	OTTHUMG00000165078;RP11-44N11.1
WWP2	WWP2
OTTHUMG00000153513;RP5-1039K5.16	OTTHUMG00000153513;RP5-1039K5.16
OLIG2	OLIG2
OTTHUMG00000037610;RP11-275O4.3	OTTHUMG00000037610;RP11-275O4.3
OTTHUMG00000165050;RP11-89M16.1	OTTHUMG00000165050;RP11-89M16.1
ASTE1	ASTE1
OTTHUMG00000031780;RP5-1164C1.2	OTTHUMG00000031780;RP5-1164C1.2
NSFL1C	NSFL1C
ASAH2C	ASAH2C
HNRNPDL;HNRPDL	HNRNPDL;HNRPDL
RAB5C	RAB5C
TSPY26P	TSPY26P
PLSCR1	PLSCR1
TMEM72	TMEM72
DIRAS3	DIRAS3
RNA5SP20	RNA5SP20
PNLIP	PNLIP
SNHG6;SNORD87	SNHG6;SNORD87
IGSF5	IGSF5
MIR4637	MIR4637
ZNF79	ZNF79
USP21	USP21
HOOK1	HOOK1
OTTHUMG00000162648;RP11-666A20.4	OTTHUMG00000162648;RP11-666A20.4
ACSM3	ACSM3
LRRC73	LRRC73
OTTHUMG00000156463;RP11-208N14.4	OTTHUMG00000156463;RP11-208N14.4
ASCC3	ASCC3
CHIC2	CHIC2
MIR4323	MIR4323
CTC-431G16.2;OTTHUMG00000162658	CTC-431G16.2;OTTHUMG00000162658
ZNF277	ZNF277
TNS4	TNS4
ZW10	ZW10
IWS1	IWS1
LINC00254;MEIOB	LINC00254;MEIOB
FGFR1OP2	FGFR1OP2
SNORD114-24	SNORD114-24
PRRG4	PRRG4
TMEM200C	TMEM200C
SLC26A6	SLC26A6
H1FX-AS1	H1FX-AS1
MUTYH	MUTYH
DRP2	DRP2
RNA5SP119	RNA5SP119
RPL26L1	RPL26L1
MYNN	MYNN
ZNF667-AS1	ZNF667-AS1
GTF2H2B;GTF2H2C;GTF2H2D	GTF2H2B;GTF2H2C;GTF2H2D
SLC9B1P1	SLC9B1P1
C22orf42	C22orf42
GNL1	GNL1
GRPR	GRPR
OTTHUMG00000013949;RP11-277L2.3	OTTHUMG00000013949;RP11-277L2.3
MFSD8	MFSD8
GNL1	GNL1
GNL1	GNL1
MORN4	MORN4
OTTHUMG00000020277;RP11-80I15.4	OTTHUMG00000020277;RP11-80I15.4
OR5P3	OR5P3
LOC100506634	LOC100506634
LOC646938	LOC646938
ZNF438	ZNF438
SNTA1	SNTA1
FAM221A	FAM221A
AC011330.13;OTTHUMG00000150036	AC011330.13;OTTHUMG00000150036
ERCC3	ERCC3
RNU7-59P	RNU7-59P
H19;MIR675	H19;MIR675
LUZP6;MTPN	LUZP6;MTPN
CUX1	CUX1
OTTHUMG00000163997;RP11-150O12.2	OTTHUMG00000163997;RP11-150O12.2
CBY1	CBY1
AP000346.2;C22orf43;OTTHUMG00000150864	AP000346.2;C22orf43;OTTHUMG00000150864
MGC72080	MGC72080
FRA10AC1	FRA10AC1
AC137723.5;OTTHUMG00000154387	AC137723.5;OTTHUMG00000154387
RGS22	RGS22
PLXNA2	PLXNA2
C3orf45;LSMEM2	C3orf45;LSMEM2
AC011891.5;OTTHUMG00000152386	AC011891.5;OTTHUMG00000152386
SERTAD4-AS1	SERTAD4-AS1
MIR3200	MIR3200
ZNF410	ZNF410
GPSM2	GPSM2
KIAA0020	KIAA0020
VCAN-AS1	VCAN-AS1
TAS2R46	TAS2R46
TATDN1	TATDN1
LOC100506406;OTTHUMG00000162092;RP11-79C6.3	LOC100506406;OTTHUMG00000162092;RP11-79C6.3
LOC374443	LOC374443
DSCR4	DSCR4
DDX10	DDX10
OTTHUMG00000040861;RP1-35C21.1	OTTHUMG00000040861;RP1-35C21.1
SP140L	SP140L
CLCNKB	CLCNKB
MIR618	MIR618
LOC339535;OTTHUMG00000039532;RP11-371I1.2	LOC339535;OTTHUMG00000039532;RP11-371I1.2
OR51C1P	OR51C1P
OTTHUMG00000020098;RP11-15B24.5	OTTHUMG00000020098;RP11-15B24.5
SLC35F2	SLC35F2
BNIP2	BNIP2
DPM1	DPM1
TRIM3	TRIM3
OTTHUMG00000150069;XXbac-B476C20.14	OTTHUMG00000150069;XXbac-B476C20.14
SFSWAP	SFSWAP
REREP3	REREP3
SSPN	SSPN
OTTHUMG00000021404;RP11-342D14.1	OTTHUMG00000021404;RP11-342D14.1
C19orf54	C19orf54
HYOU1	HYOU1
ZSCAN16	ZSCAN16
RNA5SP387	RNA5SP387
OCLN	OCLN
CTB-47B11.3;OTTHUMG00000163483	CTB-47B11.3;OTTHUMG00000163483
MMAB	MMAB
CDK11A;CDK11B	CDK11A;CDK11B
PSMB10	PSMB10
PHEX	PHEX
POP7	POP7
FOXO3	FOXO3
OTTHUMG00000002880;RP11-69E9.1	OTTHUMG00000002880;RP11-69E9.1
TMEM154	TMEM154
CAB39	CAB39
NOD2	NOD2
HLA-J	HLA-J
CTSK	CTSK
ESYT3	ESYT3
KCNJ16	KCNJ16
OTTHUMG00000157861;RP11-496B10.3	OTTHUMG00000157861;RP11-496B10.3
LACTB	LACTB
SLC5A7	SLC5A7
CDK10	CDK10
TEAD3	TEAD3
GNL1	GNL1
GNL1	GNL1
TRIM47	TRIM47
TSC2	TSC2
SCARNA13;SNHG10	SCARNA13;SNHG10
LOC100505501;OTTHUMG00000164333;RP11-25K19.1	LOC100505501;OTTHUMG00000164333;RP11-25K19.1
AC009403.2;LOC100506302;OTTHUMG00000151355	AC009403.2;LOC100506302;OTTHUMG00000151355
RAB31	RAB31
RUFY2	RUFY2
MPLKIP	MPLKIP
MIR1185-1	MIR1185-1
CHMP7	CHMP7
RNU1-17P	RNU1-17P
SLC25A33	SLC25A33
GON4L	GON4L
GNS	GNS
CT45A2;CT45A4;CT45A6	CT45A2;CT45A4;CT45A6
RNU7-60P	RNU7-60P
DNTT	DNTT
YIPF3	YIPF3
MAPK9	MAPK9
CAMSAP1	CAMSAP1
OTTHUMG00000164200;RP11-567J20.1	OTTHUMG00000164200;RP11-567J20.1
SBDSP1	SBDSP1
GUCA2B	GUCA2B
RNA5SP508	RNA5SP508
BOLA3-AS1	BOLA3-AS1
MIA	MIA
ATP7B	ATP7B
CTXN1	CTXN1
CMYA5	CMYA5
LINC00085	LINC00085
FKBP1C	FKBP1C
FAM129A	FAM129A
VTRNA1-2	VTRNA1-2
PTGER4P2-CDK2AP2P2	PTGER4P2-CDK2AP2P2
AC074183.3;AC074183.4;OTTHUMG00000154628;OTTHUMG00000154637	AC074183.3;AC074183.4;OTTHUMG00000154628;OTTHUMG00000154637
SNORA24	SNORA24
NRSN2	NRSN2
ZNF670	ZNF670
LOC100507547;PRRT1	LOC100507547;PRRT1
NDUFS3	NDUFS3
PPP2R1B	PPP2R1B
KRT23	KRT23
ZNF577	ZNF577
PEPD	PEPD
C18orf25	C18orf25
OTTHUMG00000007958;RP11-543D5.2;TRABD2B	OTTHUMG00000007958;RP11-543D5.2;TRABD2B
EBF1	EBF1
RASL11B	RASL11B
PLEKHA6	PLEKHA6
OTTHUMG00000031890;RP4-742J24.2	OTTHUMG00000031890;RP4-742J24.2
FZR1	FZR1
CTD-2168K21.1;OTTHUMG00000163846	CTD-2168K21.1;OTTHUMG00000163846
MIR4710	MIR4710
RNA5SP61	RNA5SP61
ACBD4	ACBD4
RBP1	RBP1
FAM214A	FAM214A
TLE1P1	TLE1P1
RNA5SP123	RNA5SP123
SNORD113-7	SNORD113-7
HIST1H1T	HIST1H1T
ANKAR	ANKAR
FHDC1	FHDC1
TRPT1	TRPT1
WASH3P	WASH3P
CUEDC1	CUEDC1
MIR648	MIR648
DLL1	DLL1
SH2B2	SH2B2
HLA-J	HLA-J
HSPA1L	HSPA1L
SNORD62A;SNORD62B	SNORD62A;SNORD62B
SNORD62A;SNORD62B	SNORD62A;SNORD62B
CTC-756D1.2;OTTHUMG00000163862	CTC-756D1.2;OTTHUMG00000163862
AC079354.1;LOC100652824;OTTHUMG00000154580	AC079354.1;LOC100652824;OTTHUMG00000154580
ZNF334	ZNF334
NCOA3	NCOA3
CA12	CA12
OTTHUMG00000019699;RP11-315I14.2	OTTHUMG00000019699;RP11-315I14.2
METTL4	METTL4
CTC-448D22.1;OTTHUMG00000162962	CTC-448D22.1;OTTHUMG00000162962
MAP3K11	MAP3K11
NT5DC3	NT5DC3
IFT27	IFT27
LIPE	LIPE
ILK	ILK
MIR626	MIR626
EPRS	EPRS
AC090939.1;OTTHUMG00000155264;VGLL4	AC090939.1;OTTHUMG00000155264;VGLL4
OTTHUMG00000015988;RP11-252P19.1	OTTHUMG00000015988;RP11-252P19.1
OTTHUMG00000008497;RP4-665N4.4	OTTHUMG00000008497;RP4-665N4.4
ZNF430	ZNF430
FCGR2C	FCGR2C
RNA5SP465	RNA5SP465
LINC00667	LINC00667
RPS6KB1	RPS6KB1
OTTHUMG00000164704;RP11-320N21.2	OTTHUMG00000164704;RP11-320N21.2
GADD45GIP1	GADD45GIP1
ABCA4	ABCA4
MIR1293	MIR1293
FGL1	FGL1
PKD1L3	PKD1L3
CUEDC2	CUEDC2
C10orf88	C10orf88
C7	C7
ZNHIT3	ZNHIT3
KREMEN1	KREMEN1
FAM151B	FAM151B
C12orf73	C12orf73
SHOC2	SHOC2
KLHL25	KLHL25
C5orf34	C5orf34
OTTHUMG00000018041;RP11-402L1.11	OTTHUMG00000018041;RP11-402L1.11
PCDH8	PCDH8
MIR558	MIR558
XPOT	XPOT
B4GALT7	B4GALT7
ZNF720	ZNF720
PSMB9	PSMB9
GYPC	GYPC
ZNF487P	ZNF487P
CTD-2050E21.1;OTTHUMG00000163174	CTD-2050E21.1;OTTHUMG00000163174
PSMB5	PSMB5
EEF1E1	EEF1E1
PLOD3	PLOD3
LURAP1	LURAP1
CARTPT	CARTPT
CHD4	CHD4
PCDHB8	PCDHB8
TNFRSF9	TNFRSF9
MAPK8IP3	MAPK8IP3
FGFRL1	FGFRL1
COQ7	COQ7
RNA5SP396	RNA5SP396
BET3L;TRAPPC3L	BET3L;TRAPPC3L
OTTHUMG00000164609;RP11-51M18.1	OTTHUMG00000164609;RP11-51M18.1
LOC100507346	LOC100507346
C14orf105	C14orf105
GRAMD1B	GRAMD1B
SMAGP	SMAGP
WIPF1	WIPF1
JAGN1	JAGN1
FCN3	FCN3
GUSBP2	GUSBP2
MTMR14	MTMR14
MRPL50	MRPL50
NDUFS4	NDUFS4
AC005487.2;OTTHUMG00000154871	AC005487.2;OTTHUMG00000154871
LOC100507384	LOC100507384
LOC100652768	LOC100652768
IGHV3-49	IGHV3-49
ZSCAN12	ZSCAN12
OTTHUMG00000037449;RP1-20B21.4	OTTHUMG00000037449;RP1-20B21.4
PSME3	PSME3
C5orf27	C5orf27
RBM42	RBM42
KIAA1211	KIAA1211
MKS1	MKS1
FKSG29	FKSG29
PRKCDBP	PRKCDBP
C12orf79	C12orf79
FBLN7	FBLN7
PRDM13	PRDM13
OTTHUMG00000015204;RP1-122O8.7	OTTHUMG00000015204;RP1-122O8.7
ZBTB20-AS4	ZBTB20-AS4
LRIT3	LRIT3
RNFT1	RNFT1
ACOT8	ACOT8
SLC45A4	SLC45A4
GPR113	GPR113
UPB1	UPB1
ZNF804A	ZNF804A
FUK	FUK
AWAT1	AWAT1
RNF10	RNF10
GTF2A1	GTF2A1
UBE2N	UBE2N
LOC729987;OTTHUMG00000010681;RP5-1070A16.1	LOC729987;OTTHUMG00000010681;RP5-1070A16.1
PRPF19	PRPF19
PTPN6	PTPN6
ANKRD18DP	ANKRD18DP
OTTHUMG00000162817;RP11-549J18.1	OTTHUMG00000162817;RP11-549J18.1
AHCYL2	AHCYL2
TBX20	TBX20
AVPR2	AVPR2
NFAT5	NFAT5
IGHJ1	IGHJ1
LOC644961;RNU6-48	LOC644961;RNU6-48
GADD45A	GADD45A
TNFSF18	TNFSF18
AC129929.5;OTTHUMG00000009760	AC129929.5;OTTHUMG00000009760
RNA5SP450	RNA5SP450
TRGV1	TRGV1
FCRL1	FCRL1
AC079767.4;OTTHUMG00000154786	AC079767.4;OTTHUMG00000154786
UBXN10	UBXN10
MIR891A	MIR891A
MIR1288	MIR1288
SNORA46	SNORA46
FAM179B	FAM179B
HSPA1L	HSPA1L
AP001631.10;LOC100288336;OTTHUMG00000086844	AP001631.10;LOC100288336;OTTHUMG00000086844
EXD3	EXD3
RNU7-13P	RNU7-13P
LOC100130954;OTTHUMG00000020912;RP11-98L5.2	LOC100130954;OTTHUMG00000020912;RP11-98L5.2
LINC00892;OTTHUMG00000022511;RP3-527F8.2	LINC00892;OTTHUMG00000022511;RP3-527F8.2
PTPRA	PTPRA
TMOD3	TMOD3
WWTR1-IT1	WWTR1-IT1
OTTHUMG00000160246;RP13-560N11.1	OTTHUMG00000160246;RP13-560N11.1
SQSTM1	SQSTM1
ZNF26	ZNF26
TMEM98	TMEM98
MIR766	MIR766
MIR548Z	MIR548Z
PSMB9	PSMB9
PSMB9	PSMB9
AGER	AGER
AGER	AGER
AGER	AGER
AGER	AGER
AC073316.2;OTTHUMG00000151735	AC073316.2;OTTHUMG00000151735
PTHLH	PTHLH
MTRF1	MTRF1
TRAF3	TRAF3
STX3	STX3
PEX11A	PEX11A
CYP27B1	CYP27B1
SNORD116-23	SNORD116-23
MTFP1	MTFP1
COG8;PDF	COG8;PDF
GLOD4	GLOD4
NDUFA8	NDUFA8
RIPK1	RIPK1
LOC339505;OTTHUMG00000002842;RP4-749H3.1	LOC339505;OTTHUMG00000002842;RP4-749H3.1
AC008440.5;OTTHUMG00000060830	AC008440.5;OTTHUMG00000060830
FBXO11	FBXO11
SLC25A41	SLC25A41
ISLR2	ISLR2
FMO4	FMO4
ELL2	ELL2
FAM223B	FAM223B
OTTHUMG00000014884;RP13-476E20.1	OTTHUMG00000014884;RP13-476E20.1
LOC100129550	LOC100129550
RORB	RORB
OR1K1	OR1K1
SELPLG	SELPLG
TXLNA	TXLNA
GS1-251I9.4;LOC100506365;OTTHUMG00000164022	GS1-251I9.4;LOC100506365;OTTHUMG00000164022
DHRSX;ZBED1	DHRSX;ZBED1
HOXB2	HOXB2
ANKRD20A8P;FAM95A	ANKRD20A8P;FAM95A
SNORA5B;TBRG4	SNORA5B;TBRG4
AZIN1	AZIN1
MYRIP	MYRIP
CNGA3	CNGA3
SNRNP35	SNRNP35
TRMU	TRMU
ZNF718	ZNF718
RBM18	RBM18
UBXN2B	UBXN2B
AQP7P3	AQP7P3
STX7	STX7
POU4F1	POU4F1
ABHD16A	ABHD16A
LOC100130849	LOC100130849
AC017104.6;OTTHUMG00000153881	AC017104.6;OTTHUMG00000153881
ARHGAP32	ARHGAP32
KAT2A	KAT2A
TRAV13-2	TRAV13-2
LOC100507489;OTTHUMG00000015718;RP11-439L18.3	LOC100507489;OTTHUMG00000015718;RP11-439L18.3
AC073636.1;OTTHUMG00000154100	AC073636.1;OTTHUMG00000154100
PCSK2	PCSK2
TMEM14A	TMEM14A
FLJ42842;OTTHUMG00000162374;RP11-1018N14.2	FLJ42842;OTTHUMG00000162374;RP11-1018N14.2
FNTA	FNTA
CCDC78	CCDC78
GLI1	GLI1
TMEM184C	TMEM184C
LOC285484;OTTHUMG00000160216;RP11-586D19.1	LOC285484;OTTHUMG00000160216;RP11-586D19.1
VAX1	VAX1
ARSG	ARSG
MIR3612	MIR3612
PLCXD1	PLCXD1
ADAL	ADAL
CHD2;LOC100507217	CHD2;LOC100507217
ZNF684	ZNF684
TRIM63	TRIM63
OTTHUMG00000163790;RP11-624C23.1	OTTHUMG00000163790;RP11-624C23.1
MIR548AA2;MIR548D2	MIR548AA2;MIR548D2
LOC100129917;OTTHUMG00000160004;RP11-440L14.1	LOC100129917;OTTHUMG00000160004;RP11-440L14.1
SNORD3D	SNORD3D
OTTHUMG00000039868;RP11-561I11.2	OTTHUMG00000039868;RP11-561I11.2
PON3	PON3
LOC728290;OTTHUMG00000158949;RP11-6B4.1	LOC728290;OTTHUMG00000158949;RP11-6B4.1
ZNF98	ZNF98
DDAH1	DDAH1
ING2	ING2
PSMB8	PSMB8
LOC646268;OTTHUMG00000022441;RP11-404O13.1	LOC646268;OTTHUMG00000022441;RP11-404O13.1
CHIT1	CHIT1
HOXB-AS4	HOXB-AS4
STEAP2	STEAP2
OTTHUMG00000163859;RP11-468H14.2	OTTHUMG00000163859;RP11-468H14.2
CD40	CD40
LOC101060545;RPIA	LOC101060545;RPIA
SH3KBP1	SH3KBP1
GTF2H2B;GTF2H2C;GTF2H2D	GTF2H2B;GTF2H2C;GTF2H2D
ZNF652	ZNF652
OTTHUMG00000163654;RP11-136K7.2	OTTHUMG00000163654;RP11-136K7.2
YLPM1	YLPM1
MLX	MLX
RNA5SP174	RNA5SP174
OTTHUMG00000161774;RP11-371F15.3	OTTHUMG00000161774;RP11-371F15.3
LINC00410	LINC00410
AC000067.1;OTTHUMG00000150429	AC000067.1;OTTHUMG00000150429
FAM131A	FAM131A
SLITRK2	SLITRK2
NPIPB3;NPIPL3	NPIPB3;NPIPL3
OTTHUMG00000004228;RP1-50O24.6	OTTHUMG00000004228;RP1-50O24.6
NRG1-IT3	NRG1-IT3
CHFR	CHFR
FAM175B	FAM175B
IQUB	IQUB
PCED1B-AS1	PCED1B-AS1
AIRE	AIRE
RPL28	RPL28
CACNB1	CACNB1
AC068057.1;OTTHUMG00000153054	AC068057.1;OTTHUMG00000153054
LRRC37A4P	LRRC37A4P
OTTHUMG00000020547;RP11-445L6.3	OTTHUMG00000020547;RP11-445L6.3
RASL10B	RASL10B
C8orf44	C8orf44
OTTHUMG00000014592;RP1-50J22.4	OTTHUMG00000014592;RP1-50J22.4
AC016735.1;OTTHUMG00000152375	AC016735.1;OTTHUMG00000152375
FER	FER
UROS	UROS
ELF2	ELF2
STRBP	STRBP
TCEAL5	TCEAL5
FIZ1	FIZ1
BAALC	BAALC
MIXL1	MIXL1
TTTY6;TTTY6B	TTTY6;TTTY6B
AP000343.2;OTTHUMG00000150838	AP000343.2;OTTHUMG00000150838
ATXN1L	ATXN1L
LITAF	LITAF
PLAC2;TINCR	PLAC2;TINCR
AAAS	AAAS
AEBP2	AEBP2
ITGB5	ITGB5
RNU7-26P	RNU7-26P
VWDE	VWDE
ALDH6A1	ALDH6A1
OTTHUMG00000014707;RP3-475N16.1	OTTHUMG00000014707;RP3-475N16.1
SPARC	SPARC
TPPP3	TPPP3
CADPS	CADPS
FREM1	FREM1
SNORD67	SNORD67
AC079779.5;OTTHUMG00000151363	AC079779.5;OTTHUMG00000151363
OTTHUMG00000161278;RP11-785F11.1	OTTHUMG00000161278;RP11-785F11.1
ENDOG	ENDOG
TTC32	TTC32
BAIAP2-AS1	BAIAP2-AS1
LFNG;MIR4648	LFNG;MIR4648
OTUD3	OTUD3
C9orf40	C9orf40
MEX3B	MEX3B
ATN1	ATN1
RNF216-IT1	RNF216-IT1
ANKRD37	ANKRD37
CLDND2	CLDND2
ERVMER61-1	ERVMER61-1
C22orf26	C22orf26
SNORD61	SNORD61
ACLY	ACLY
PCGF5	PCGF5
ATP6V0D2	ATP6V0D2
AC008175.1;OTTHUMG00000043582	AC008175.1;OTTHUMG00000043582
AC006481.1;OTTHUMG00000152589	AC006481.1;OTTHUMG00000152589
DAZL	DAZL
NFKBIL1	NFKBIL1
OPN5	OPN5
PCTP	PCTP
ZNF585B	ZNF585B
NPTN	NPTN
OTTHUMG00000057525;RP4-771M4.3	OTTHUMG00000057525;RP4-771M4.3
SPEF2	SPEF2
OTTHUMG00000163823;RP11-177H2.1	OTTHUMG00000163823;RP11-177H2.1
NDUFA6-AS1;OTTHUMG00000150917;RP4-669P10.18	NDUFA6-AS1;OTTHUMG00000150917;RP4-669P10.18
ZG16B	ZG16B
OTTHUMG00000161723;RP11-18H21.2	OTTHUMG00000161723;RP11-18H21.2
PET112	PET112
COBRA1;NELFB	COBRA1;NELFB
GPRC5A;MIR614	GPRC5A;MIR614
DACT1	DACT1
EXD1	EXD1
AC092614.2;OTTHUMG00000154306	AC092614.2;OTTHUMG00000154306
OTTHUMG00000019702;RP11-321L2.1	OTTHUMG00000019702;RP11-321L2.1
RNA5SP353	RNA5SP353
KCNA3	KCNA3
C21ORF59;C21orf59	C21ORF59;C21orf59
PI4KB	PI4KB
OTTHUMG00000159353;RP11-80H8.3	OTTHUMG00000159353;RP11-80H8.3
CAMKV	CAMKV
EXOSC4	EXOSC4
GPR63	GPR63
LEF1-AS1	LEF1-AS1
PAPD7	PAPD7
B3GNT9	B3GNT9
MIR2278	MIR2278
BRI3	BRI3
S100P	S100P
FGD2	FGD2
OTTHUMG00000163707;RP11-43A14.1	OTTHUMG00000163707;RP11-43A14.1
AC073257.1;OTTHUMG00000153753	AC073257.1;OTTHUMG00000153753
NICN1-AS1	NICN1-AS1
ZNF197	ZNF197
BAZ2B	BAZ2B
UFD1L	UFD1L
OTTHUMG00000018021;RP11-124O11.1	OTTHUMG00000018021;RP11-124O11.1
RNA5SP153	RNA5SP153
CYP19A1	CYP19A1
RNA5SP302	RNA5SP302
BICD2	BICD2
ARRDC4	ARRDC4
EFCAB7	EFCAB7
NYAP2	NYAP2
FAM66D	FAM66D
OTTHUMG00000020645;RP11-85O21.5	OTTHUMG00000020645;RP11-85O21.5
FLNA	FLNA
LDOC1	LDOC1
AC004988.1;OTTHUMG00000155092	AC004988.1;OTTHUMG00000155092
HCG4B	HCG4B
MIR4523	MIR4523
GNL1	GNL1
RNA5SP433	RNA5SP433
AP000688.15;OTTHUMG00000086614	AP000688.15;OTTHUMG00000086614
ST6GALNAC5	ST6GALNAC5
C16orf13	C16orf13
CD8BP	CD8BP
MIR2276	MIR2276
MIR345	MIR345
OTTHUMG00000016713;RP11-37L2.1	OTTHUMG00000016713;RP11-37L2.1
AC144521.1;OTTHUMG00000155346	AC144521.1;OTTHUMG00000155346
AC073130.3;OTTHUMG00000066049	AC073130.3;OTTHUMG00000066049
SSTR1	SSTR1
ZNF663	ZNF663
TNFSF12;TNFSF12-TNFSF13	TNFSF12;TNFSF12-TNFSF13
PLEKHA5	PLEKHA5
AC025442.3;OTTHUMG00000164088	AC025442.3;OTTHUMG00000164088
PLCXD1	PLCXD1
GALT	GALT
PCOLCE-AS1	PCOLCE-AS1
CDC20B	CDC20B
ZNF813	ZNF813
OCLM	OCLM
TFPI2	TFPI2
FMN2	FMN2
LOC441455	LOC441455
PPP3R2	PPP3R2
SNORD14A	SNORD14A
LOC101060321;TBC1D3B;TBC1D3C;TBC1D3H	LOC101060321;TBC1D3B;TBC1D3C;TBC1D3H
AP000260.4;OTTHUMG00000085305	AP000260.4;OTTHUMG00000085305
DCAF12L2	DCAF12L2
OTTHUMG00000016010;RP1-167A14.2	OTTHUMG00000016010;RP1-167A14.2
SLAIN1	SLAIN1
NHS-AS1	NHS-AS1
ZG16	ZG16
GTF3C3	GTF3C3
MED23	MED23
ATP2A2	ATP2A2
OTTHUMG00000164358;RP11-32K4.1	OTTHUMG00000164358;RP11-32K4.1
KAT7	KAT7
MIR1255A	MIR1255A
SESN1	SESN1
CPSF6	CPSF6
CD6	CD6
IL18BP	IL18BP
TMEM242	TMEM242
PHF14	PHF14
WFDC11	WFDC11
CTC-327F10.5;OTTHUMG00000163422	CTC-327F10.5;OTTHUMG00000163422
CAPG	CAPG
CEBPD	CEBPD
PSMB7	PSMB7
MIR3689A;MIR3689E	MIR3689A;MIR3689E
LOC100505729;VPS8	LOC100505729;VPS8
MT1E	MT1E
LINC00587	LINC00587
SRSF11	SRSF11
SLC35B3	SLC35B3
XIAP-AS1	XIAP-AS1
LINC00843;TIMM23B	LINC00843;TIMM23B
TENC1	TENC1
FHL3	FHL3
ANKRD13D	ANKRD13D
COX4I1	COX4I1
MIR411	MIR411
RNU6-4	RNU6-4
EIF5A	EIF5A
ARNT2	ARNT2
GPR21;RABGAP1	GPR21;RABGAP1
AIMP1	AIMP1
LINC00516;LOC101101776	LINC00516;LOC101101776
EBF2	EBF2
LRRC49	LRRC49
C1orf140;OTTHUMG00000037427;RP11-421L10.1	C1orf140;OTTHUMG00000037427;RP11-421L10.1
FXYD7	FXYD7
CTSS	CTSS
CT45A1;CT45A3;LOC101060211;OTTHUMG00000022488;XX-FW88277B6.1	CT45A1;CT45A3;LOC101060211;OTTHUMG00000022488;XX-FW88277B6.1
OTTHUMG00000037944;RP5-827C21.2	OTTHUMG00000037944;RP5-827C21.2
C13orf45	C13orf45
NR2F1	NR2F1
SEPSECS	SEPSECS
DRGX	DRGX
LINC00623;LOC728875	LINC00623;LOC728875
AC073218.3;OTTHUMG00000152140	AC073218.3;OTTHUMG00000152140
GSTM5	GSTM5
RNU6-61	RNU6-61
AOC3	AOC3
OTTHUMG00000164938;RP11-681L8.1	OTTHUMG00000164938;RP11-681L8.1
SNORD85	SNORD85
PCOLCE2	PCOLCE2
OTTHUMG00000022014;RP3-341D10.4	OTTHUMG00000022014;RP3-341D10.4
GATSL1;GATSL2	GATSL1;GATSL2
SPHK1	SPHK1
OTTHUMG00000008767;RP4-782L23.1	OTTHUMG00000008767;RP4-782L23.1
LOC150381;OTTHUMG00000150198;OTTHUMG00000150446;RP4-695O20__B.10;RP6-109B7.3;hsa-let-7a-3;hsa-let-7b;hsa-mir-4763	LOC150381;OTTHUMG00000150198;OTTHUMG00000150446;RP4-695O20__B.10;RP6-109B7.3;hsa-let-7a-3;hsa-let-7b;hsa-mir-4763
PSMB8	PSMB8
PSMB8	PSMB8
PSMB8	PSMB8
PSMB8	PSMB8
ABR	ABR
RELL1	RELL1
TPK1	TPK1
PSMB8	PSMB8
TTC19	TTC19
YIF1B	YIF1B
MMP9	MMP9
OTTHUMG00000164595;RP11-1149M10.2	OTTHUMG00000164595;RP11-1149M10.2
OXCT2	OXCT2
EPDR1	EPDR1
PLSCR2	PLSCR2
RPL13AP6	RPL13AP6
RNU1-10P	RNU1-10P
SCYL2	SCYL2
LOC643486	LOC643486
ATAD3B	ATAD3B
C16orf93	C16orf93
DCAF16	DCAF16
RNA5SP502	RNA5SP502
SLC22A4	SLC22A4
CTC-229L21.1;OTTHUMG00000163130	CTC-229L21.1;OTTHUMG00000163130
SNORD32B	SNORD32B
ZCCHC9	ZCCHC9
OTTHUMG00000137385;RP4-614C15.3	OTTHUMG00000137385;RP4-614C15.3
CTC-281B15.1;LOC100131067;OTTHUMG00000162566	CTC-281B15.1;LOC100131067;OTTHUMG00000162566
F10-AS1	F10-AS1
AC018816.3;OTTHUMG00000155240	AC018816.3;OTTHUMG00000155240
EML2	EML2
ZNF137P	ZNF137P
MKRN1	MKRN1
FBXL5	FBXL5
AP001255.2;OTTHUMG00000078253	AP001255.2;OTTHUMG00000078253
MEDAG	MEDAG
TTTY18	TTTY18
ATAT1	ATAT1
ZNF295-AS1	ZNF295-AS1
PXN	PXN
ATAT1	ATAT1
ATAT1	ATAT1
ATAT1	ATAT1
OTTHUMG00000161907;RP11-818C3.1	OTTHUMG00000161907;RP11-818C3.1
AC007364.1;FLJ32955;OTTHUMG00000153746	AC007364.1;FLJ32955;OTTHUMG00000153746
USO1	USO1
LOC400756;OTTHUMG00000009136;RP11-230B22.1	LOC400756;OTTHUMG00000009136;RP11-230B22.1
CARD18	CARD18
ZHX1	ZHX1
OTTHUMG00000084883;XXbac-BPG308K3.5	OTTHUMG00000084883;XXbac-BPG308K3.5
OTTHUMG00000148688;XXbac-BPG308K3.5	OTTHUMG00000148688;XXbac-BPG308K3.5
OTTHUMG00000085278;XXbac-BPG308K3.5	OTTHUMG00000085278;XXbac-BPG308K3.5
OTTHUMG00000148852;XXbac-BPG308K3.5	OTTHUMG00000148852;XXbac-BPG308K3.5
OTTHUMG00000149131;XXbac-BPG308K3.5	OTTHUMG00000149131;XXbac-BPG308K3.5
OTTHUMG00000149387;XXbac-BPG308K3.5	OTTHUMG00000149387;XXbac-BPG308K3.5
OTTHUMG00000004760;XXbac-BPG308K3.5	OTTHUMG00000004760;XXbac-BPG308K3.5
OTTHUMG00000085910;XXbac-BPG308K3.5	OTTHUMG00000085910;XXbac-BPG308K3.5
ARMC4	ARMC4
ICA1	ICA1
OTTHUMG00000013060;RP11-98D18.9	OTTHUMG00000013060;RP11-98D18.9
AL132709.1;OTTHUMG00000045024	AL132709.1;OTTHUMG00000045024
OTTHUMG00000163180;RP11-91H12.3	OTTHUMG00000163180;RP11-91H12.3
LOC728431;OTTHUMG00000004224;RP11-422J8.1	LOC728431;OTTHUMG00000004224;RP11-422J8.1
BPIFA3	BPIFA3
SDF2	SDF2
OTTHUMG00000163513;RP11-175K6.1	OTTHUMG00000163513;RP11-175K6.1
LOC100506083	LOC100506083
CDK12	CDK12
KNOP1	KNOP1
FAM193B	FAM193B
LOC441025;OTTHUMG00000161884;RP11-542G1.3	LOC441025;OTTHUMG00000161884;RP11-542G1.3
GRHL1	GRHL1
OTTHUMG00000034707;RP4-635E18.7	OTTHUMG00000034707;RP4-635E18.7
RPP14	RPP14
MIR431	MIR431
LOC613037;NPIPB4;OTTHUMG00000163556;RP11-347C12.1	LOC613037;NPIPB4;OTTHUMG00000163556;RP11-347C12.1
LOC100507547;PRRT1	LOC100507547;PRRT1
LOC392364	LOC392364
OTTHUMG00000156711;RP11-329B9.1	OTTHUMG00000156711;RP11-329B9.1
CLEC3B	CLEC3B
THNSL2	THNSL2
C20orf62	C20orf62
ULK4P3	ULK4P3
ITGA5	ITGA5
LOC100507557;OTTHUMG00000015748;RP11-545I5.3	LOC100507557;OTTHUMG00000015748;RP11-545I5.3
PIH1D1	PIH1D1
LOC101059935;LOC101060026;LOC644249;OTTHUMG00000067320;RP11-195B21.3	LOC101059935;LOC101060026;LOC644249;OTTHUMG00000067320;RP11-195B21.3
KDELC2	KDELC2
PRUNE	PRUNE
FAM223A;FAM223B	FAM223A;FAM223B
ATP6V1D	ATP6V1D
OTTHUMG00000156716;RP13-131K19.2	OTTHUMG00000156716;RP13-131K19.2
OTTHUMG00000037740;RP11-145A3.2	OTTHUMG00000037740;RP11-145A3.2
HLA-DRB1;HLA-DRB3	HLA-DRB1;HLA-DRB3
RTN1	RTN1
MTRNR2L2	MTRNR2L2
PLAC8L1	PLAC8L1
RNU7-16P	RNU7-16P
IRAK4	IRAK4
ATL1	ATL1
USP49	USP49
FBXO38	FBXO38
AC109589.1;OTTHUMG00000154464	AC109589.1;OTTHUMG00000154464
RPS24	RPS24
BANP	BANP
OTTHUMG00000150974;RP11-375H17.1	OTTHUMG00000150974;RP11-375H17.1
HSPA1L	HSPA1L
PLIN1	PLIN1
UGP2	UGP2
USP17L19	USP17L19
WDR5B	WDR5B
WWC2-AS2	WWC2-AS2
PDK4	PDK4
P2RX5	P2RX5
HLA-J	HLA-J
HLA-G	HLA-G
HLA-G	HLA-G
PP13439	PP13439
SIRT6	SIRT6
BTG2	BTG2
PRRG1	PRRG1
MIR3668	MIR3668
USP22	USP22
SYNE1-AS1	SYNE1-AS1
CT45A2;CT45A3	CT45A2;CT45A3
ZNRD1	ZNRD1
COMT;MIR4761	COMT;MIR4761
IGBP1	IGBP1
SAFB	SAFB
SERINC5	SERINC5
TMEM116	TMEM116
MIR505	MIR505
SLC39A6	SLC39A6
CDKL3	CDKL3
ZBTB18;ZNF238	ZBTB18;ZNF238
NAA16	NAA16
ZNRD1	ZNRD1
ZNRD1	ZNRD1
SPATC1L	SPATC1L
HMGN4	HMGN4
ZNF655	ZNF655
CTD-2647L4.1;OTTHUMG00000164033	CTD-2647L4.1;OTTHUMG00000164033
LYPD6B	LYPD6B
MIR4326	MIR4326
MYL12A	MYL12A
IFIT3	IFIT3
ZNF791	ZNF791
DCST2	DCST2
WDSUB1	WDSUB1
GSG2	GSG2
LOC221122	LOC221122
C22orf24	C22orf24
DRG2	DRG2
RWDD2A	RWDD2A
ACP6;LOC101060704	ACP6;LOC101060704
AP006216.11;OTTHUMG00000150016	AP006216.11;OTTHUMG00000150016
HPN-AS1	HPN-AS1
JAG2	JAG2
DOCK11	DOCK11
C2orf74;KIAA1841	C2orf74;KIAA1841
C19orf57	C19orf57
HLA-J	HLA-J
HLA-J	HLA-J
HLA-J	HLA-J
ALDH1L1-AS1	ALDH1L1-AS1
ARL8A	ARL8A
NFKBIL1	NFKBIL1
NFKBIL1	NFKBIL1
NFKBIL1	NFKBIL1
NFKBIL1	NFKBIL1
NFKBIL1	NFKBIL1
C16orf59	C16orf59
ARHGAP10	ARHGAP10
CSNK1A1;CTB-89H12.4;OTTHUMG00000163462	CSNK1A1;CTB-89H12.4;OTTHUMG00000163462
LAMA3	LAMA3
AC113188.2;OTTHUMG00000059815;SAMD12	AC113188.2;OTTHUMG00000059815;SAMD12
OTTHUMG00000035230;RP1-79C4.1	OTTHUMG00000035230;RP1-79C4.1
EPB41L4A-AS1	EPB41L4A-AS1
PKHD1	PKHD1
LOC148709;OTTHUMG00000041389;RP11-480I12.7	LOC148709;OTTHUMG00000041389;RP11-480I12.7
PA2G4P4	PA2G4P4
PSMB8	PSMB8
DLGAP1-AS3	DLGAP1-AS3
OTTHUMG00000163461;RP11-423H2.5	OTTHUMG00000163461;RP11-423H2.5
PPCDC	PPCDC
GPR6	GPR6
OTTHUMG00000163595;RP11-443C10.1	OTTHUMG00000163595;RP11-443C10.1
TUBG2	TUBG2
SNORD116-8	SNORD116-8
OTTHUMG00000073673;RP11-126K1.8	OTTHUMG00000073673;RP11-126K1.8
ZNF233	ZNF233
TTN-AS1	TTN-AS1
PRKCSH	PRKCSH
EZH1	EZH1
SNHG5;SNORD50A;SNORD50B	SNHG5;SNORD50A;SNORD50B
GP9	GP9
SPOCK1	SPOCK1
CCDC9	CCDC9
SLC35C2	SLC35C2
SLC35B4	SLC35B4
KCTD21-AS1	KCTD21-AS1
BTBD18	BTBD18
OTTHUMG00000161016;RP11-10L12.4	OTTHUMG00000161016;RP11-10L12.4
HMGB3	HMGB3
PNOC	PNOC
MIR619	MIR619
SMC5	SMC5
KLK12	KLK12
GFM1	GFM1
IL12RB1	IL12RB1
PSMB8	PSMB8
OTTHUMG00000151147;RP4-591N18.2	OTTHUMG00000151147;RP4-591N18.2
LOC642846	LOC642846
OTTHUMG00000015628;RP1-32B1.4	OTTHUMG00000015628;RP1-32B1.4
FAM27B	FAM27B
AC074286.1;LOC100130691;OTTHUMG00000132531	AC074286.1;LOC100130691;OTTHUMG00000132531
ILKAP	ILKAP
DLAT	DLAT
HLA-DQA2	HLA-DQA2
PPP1R3D	PPP1R3D
OTTHUMG00000021486;RP11-344N17.8	OTTHUMG00000021486;RP11-344N17.8
SLCO6A1	SLCO6A1
ZNF767	ZNF767
AC012363.4;OTTHUMG00000153764	AC012363.4;OTTHUMG00000153764
SKIV2L	SKIV2L
ZNF414	ZNF414
SLC24A5	SLC24A5
TATDN3	TATDN3
LRRC63	LRRC63
ARHGAP20	ARHGAP20
TSTD2	TSTD2
TMEM65	TMEM65
PRLR	PRLR
FAM65B	FAM65B
ATAT1	ATAT1
ATAT1	ATAT1
ATAT1	ATAT1
WT1-AS	WT1-AS
RRAGC	RRAGC
MCTP1	MCTP1
SOCS2-AS1	SOCS2-AS1
LL0XNC01-237H1.2;OTTHUMG00000022085	LL0XNC01-237H1.2;OTTHUMG00000022085
SVOP	SVOP
MIR1299	MIR1299
ALX3	ALX3
SLC35A1	SLC35A1
PIGA	PIGA
SMURF1	SMURF1
OTTHUMG00000160762;RP11-287F9.2	OTTHUMG00000160762;RP11-287F9.2
EIF4G1	EIF4G1
PCBD2	PCBD2
RIMKLB	RIMKLB
CSRNP1	CSRNP1
TNNI1	TNNI1
TMBIM1	TMBIM1
AC104809.2;LOC728208;OTTHUMG00000151846	AC104809.2;LOC728208;OTTHUMG00000151846
CDC42EP5	CDC42EP5
TAZ	TAZ
LINC00629	LINC00629
DLEU2;MIR15A;MIR16-1	DLEU2;MIR15A;MIR16-1
HCN4	HCN4
LINC00312	LINC00312
FBLL1	FBLL1
KLF2	KLF2
SLC23A3	SLC23A3
TRBV30	TRBV30
OTTHUMG00000163214;RP11-114H21.2	OTTHUMG00000163214;RP11-114H21.2
ZNF540;ZNF571-AS1	ZNF540;ZNF571-AS1
TEF	TEF
ZNF592	ZNF592
TBC1D3P2	TBC1D3P2
C19orf67	C19orf67
C6orf25	C6orf25
C6orf25	C6orf25
C6orf25	C6orf25
C6orf25	C6orf25
ANKRD11	ANKRD11
COX11	COX11
GNLY	GNLY
CCDC84	CCDC84
PEX14	PEX14
LGALS9B;LGALS9C	LGALS9B;LGALS9C
COX5A	COX5A
PSMA1	PSMA1
ALG9	ALG9
KLRD1	KLRD1
DKKL1	DKKL1
ADAMTSL5	ADAMTSL5
CASKIN2	CASKIN2
MIR1307;USMG5	MIR1307;USMG5
HECA	HECA
LSS	LSS
OTTHUMG00000163755;RP11-875O11.1	OTTHUMG00000163755;RP11-875O11.1
NUDC	NUDC
KATNA1	KATNA1
AC006296.2;OTTHUMG00000160105	AC006296.2;OTTHUMG00000160105
MIR3922	MIR3922
MIR382	MIR382
OTTHUMG00000014661;RP11-121P10.1	OTTHUMG00000014661;RP11-121P10.1
LOC441242	LOC441242
AC026167.1;OTTHUMG00000154909	AC026167.1;OTTHUMG00000154909
C1orf158	C1orf158
RBAK;RBAK-RBAKDN;RBAKDN	RBAK;RBAK-RBAKDN;RBAKDN
LOC100507160;OTTHUMG00000161246;RP11-340A13.1	LOC100507160;OTTHUMG00000161246;RP11-340A13.1
CDC42EP3	CDC42EP3
VSX1	VSX1
LIMS1	LIMS1
SCAND1	SCAND1
AKAP17A	AKAP17A
SEZ6	SEZ6
OTTHUMG00000150906;RP3-462D8.2	OTTHUMG00000150906;RP3-462D8.2
MBNL2	MBNL2
RTTN	RTTN
ARF3	ARF3
CTD-2530N21.4;LOC100507071;OTTHUMG00000164269	CTD-2530N21.4;LOC100507071;OTTHUMG00000164269
IRX1	IRX1
OTTHUMG00000160925;RP11-556G22.3	OTTHUMG00000160925;RP11-556G22.3
NBR1	NBR1
SPOCD1	SPOCD1
HMX2	HMX2
OTTHUMG00000011907;RP11-426L16.3	OTTHUMG00000011907;RP11-426L16.3
OTTHUMG00000164389;RP11-1D12.2	OTTHUMG00000164389;RP11-1D12.2
ATP6V1H	ATP6V1H
OTTHUMG00000035603;RP11-476H20.1	OTTHUMG00000035603;RP11-476H20.1
CTBP1	CTBP1
GBP1P1	GBP1P1
RNA5SP290	RNA5SP290
BLACE	BLACE
RIBC1	RIBC1
RBP2	RBP2
DLX3	DLX3
BIN1	BIN1
GLRA4	GLRA4
LOC100507447;OTTHUMG00000159460;RP11-71N10.1	LOC100507447;OTTHUMG00000159460;RP11-71N10.1
NRBP2	NRBP2
NCR1	NCR1
VPS26B	VPS26B
WDR3	WDR3
COL17A1;MIR936	COL17A1;MIR936
SKI	SKI
CES4A	CES4A
PRSS12	PRSS12
LOC100506071	LOC100506071
AFG3L1P	AFG3L1P
IGHV3-74	IGHV3-74
MIR548A2	MIR548A2
C1GALT1C1	C1GALT1C1
WDR81	WDR81
PHLDB2	PHLDB2
OTTHUMG00000021363;RP13-43E11.1	OTTHUMG00000021363;RP13-43E11.1
OTTHUMG00000160313;RP11-696F12.1	OTTHUMG00000160313;RP11-696F12.1
GSTM4	GSTM4
OR7G1	OR7G1
DNAH9	DNAH9
LINC00906	LINC00906
CRLF1	CRLF1
MFSD5	MFSD5
LOC100507516;OTTHUMG00000164264;RP11-400K9.4	LOC100507516;OTTHUMG00000164264;RP11-400K9.4
C1QTNF5;MFRP	C1QTNF5;MFRP
PAFAH1B2	PAFAH1B2
PRMT8	PRMT8
SLC25A14	SLC25A14
OTTHUMG00000160325;RP11-756P10.4	OTTHUMG00000160325;RP11-756P10.4
MIR3155A	MIR3155A
OTTHUMG00000019221;RP11-298J20.3	OTTHUMG00000019221;RP11-298J20.3
TMPRSS13	TMPRSS13
OSMR	OSMR
SPAST	SPAST
NUDT1	NUDT1
LOC728875;OTTHUMG00000182426;RP11-640M9.1	LOC728875;OTTHUMG00000182426;RP11-640M9.1
ZNF557	ZNF557
LAD1	LAD1
ST3GAL3	ST3GAL3
OR8B12	OR8B12
NDUFA6	NDUFA6
HLA-DRB1;HLA-DRB3	HLA-DRB1;HLA-DRB3
GATSL2	GATSL2
FAR1	FAR1
FLOT1	FLOT1
AL133493.2;OTTHUMG00000090408	AL133493.2;OTTHUMG00000090408
DDX42	DDX42
FNDC1-IT1	FNDC1-IT1
OTTHUMG00000161291;RP11-427M20.1	OTTHUMG00000161291;RP11-427M20.1
GS1-421I3.4;OTTHUMG00000022291	GS1-421I3.4;OTTHUMG00000022291
SGK1	SGK1
COL4A3	COL4A3
MIR3187	MIR3187
HLA-G	HLA-G
ZNF442	ZNF442
C20orf181	C20orf181
CSK	CSK
PCYT1B-AS1	PCYT1B-AS1
SPRYD4	SPRYD4
RNA5SP382	RNA5SP382
CTDNEP1	CTDNEP1
CLCN7	CLCN7
CCDC136	CCDC136
NPR2	NPR2
HUWE1	HUWE1
DYM	DYM
KLF6	KLF6
CT45A1;CT45A3;CT45A4;CT45A6;LOC101060208;LOC101060211	CT45A1;CT45A3;CT45A4;CT45A6;LOC101060208;LOC101060211
OTTHUMG00000159075;RP11-3P17.4	OTTHUMG00000159075;RP11-3P17.4
TTLL7-IT1	TTLL7-IT1
CNOT10	CNOT10
OTTHUMG00000017772;RP11-49L2.1	OTTHUMG00000017772;RP11-49L2.1
CYGB	CYGB
ANKRD20A3;LOC101059935	ANKRD20A3;LOC101059935
ADSSL1	ADSSL1
ALKBH4	ALKBH4
SLC30A6	SLC30A6
OTTHUMG00000017527;RP11-490E15.2	OTTHUMG00000017527;RP11-490E15.2
AHCYL1	AHCYL1
KCNMB3P1	KCNMB3P1
RNA5SP298	RNA5SP298
MARCO	MARCO
WNT4	WNT4
RBBP9	RBBP9
ANKRD20A2;ANKRD20A3;ANKRD20A4;LOC101059935	ANKRD20A2;ANKRD20A3;ANKRD20A4;LOC101059935
ATG7	ATG7
CCDC60	CCDC60
NOP58	NOP58
RMI2	RMI2
LINC00518	LINC00518
C5orf25;SIMC1	C5orf25;SIMC1
HIST1H2APS1	HIST1H2APS1
NME1	NME1
FTSJD2	FTSJD2
MIR548H2	MIR548H2
NPIPB11;NPIPB3;NPIPB4;OTTHUMG00000163555;RP11-645C24.1	NPIPB11;NPIPB3;NPIPB4;OTTHUMG00000163555;RP11-645C24.1
OTTHUMG00000157258;RP5-981O7.2	OTTHUMG00000157258;RP5-981O7.2
ZC3H15	ZC3H15
GDI2	GDI2
CREG1	CREG1
SLC2A10	SLC2A10
BAHCC1	BAHCC1
OTTHUMG00000163869;RP11-213G6.2	OTTHUMG00000163869;RP11-213G6.2
DNAJC9;MRPS16;OTTHUMG00000018455;RP11-152N13.11	DNAJC9;MRPS16;OTTHUMG00000018455;RP11-152N13.11
AGER	AGER
AGER	AGER
LOC100505761	LOC100505761
FLJ45825	FLJ45825
CXorf23;OTTHUMG00000021225;RP11-24O6.2	CXorf23;OTTHUMG00000021225;RP11-24O6.2
LOC100507547;PRRT1	LOC100507547;PRRT1
PRRT1	PRRT1
PRRT1	PRRT1
PRRT1	PRRT1
PRRT1	PRRT1
PRRT1	PRRT1
PRRT1	PRRT1
PRRT1	PRRT1
MYO18A;TIAF1	MYO18A;TIAF1
C15orf40	C15orf40
TBCB	TBCB
MIR3122	MIR3122
ZNF133	ZNF133
PSMB9	PSMB9
RNF180	RNF180
SYP	SYP
CDO1	CDO1
TRAPPC11	TRAPPC11
VWA1	VWA1
LEFTY2	LEFTY2
SOX9	SOX9
OR5C1	OR5C1
PYCRL	PYCRL
C7orf63	C7orf63
CFHR2	CFHR2
ACBD5	ACBD5
OTTHUMG00000035865;RP11-465N4.4	OTTHUMG00000035865;RP11-465N4.4
ABCB9	ABCB9
IDH3G	IDH3G
PLEKHG3	PLEKHG3
MIR598	MIR598
FLJ11235	FLJ11235
CTD-2195M18.1;LOC255167;OTTHUMG00000161680	CTD-2195M18.1;LOC255167;OTTHUMG00000161680
TP53TG3;TP53TG3B;TP53TG3C;TP53TG3D	TP53TG3;TP53TG3B;TP53TG3C;TP53TG3D
RNA5SP67	RNA5SP67
NUFIP2	NUFIP2
HSPA1A	HSPA1A
ZNF267	ZNF267
MIR491	MIR491
XAGE3	XAGE3
ARPP21-AS1	ARPP21-AS1
IP6K1	IP6K1
ZNRD1	ZNRD1
OTTHUMG00000015142;RP1-3J17.3	OTTHUMG00000015142;RP1-3J17.3
TCEAL2	TCEAL2
STAMBP	STAMBP
RBM33	RBM33
OTTHUMG00000158980;RP11-520D19.2	OTTHUMG00000158980;RP11-520D19.2
THAP11	THAP11
CD101	CD101
LOC100128993;OTTHUMG00000163715;RP11-1080G15.1	LOC100128993;OTTHUMG00000163715;RP11-1080G15.1
SPINK4	SPINK4
TSPAN13	TSPAN13
DAXX	DAXX
AC064853.4;OTTHUMG00000153553;SLC19A3	AC064853.4;OTTHUMG00000153553;SLC19A3
OTTHUMG00000165061;PCAT1;RP11-645E10.1	OTTHUMG00000165061;PCAT1;RP11-645E10.1
KIR3DS1	KIR3DS1
RNF19A	RNF19A
WASH1;WASH6P	WASH1;WASH6P
SLC25A42	SLC25A42
SMPD4P1	SMPD4P1
GUCY1A2	GUCY1A2
AC009227.2;LOC100144595;OTTHUMG00000153848	AC009227.2;LOC100144595;OTTHUMG00000153848
LRRC1	LRRC1
OTTHUMG00000002204;RP11-108M9.4	OTTHUMG00000002204;RP11-108M9.4
AGAP6;AGAP8;LOC101060581	AGAP6;AGAP8;LOC101060581
DOPEY2	DOPEY2
LYRM4	LYRM4
LINC00894;OTTHUMG00000022638;RP13-507I23.1	LINC00894;OTTHUMG00000022638;RP13-507I23.1
SMS	SMS
VPS29	VPS29
MARCH5	MARCH5
TRABD	TRABD
LOC100652770	LOC100652770
ARRB2	ARRB2
AC091736.10;OTTHUMG00000155536;SLC13A4	AC091736.10;OTTHUMG00000155536;SLC13A4
SDR39U1	SDR39U1
OTTHUMG00000017604;RP11-336A10.2	OTTHUMG00000017604;RP11-336A10.2
PLXNA1	PLXNA1
ZFP69;ZNF642	ZFP69;ZNF642
THAP9-AS1	THAP9-AS1
STK19	STK19
STK19	STK19
RNF224;SLC34A3	RNF224;SLC34A3
ZNRD1	ZNRD1
POLA2	POLA2
VAMP8	VAMP8
ESCO1	ESCO1
OTTHUMG00000158587;RP11-298O21.2	OTTHUMG00000158587;RP11-298O21.2
C1orf204;VSIG8	C1orf204;VSIG8
TPH2	TPH2
ZNF849P	ZNF849P
TMEM97	TMEM97
BEX5	BEX5
OTTHUMG00000164280;RP11-44D19.1	OTTHUMG00000164280;RP11-44D19.1
OTTHUMG00000014887;RP11-411K7.1	OTTHUMG00000014887;RP11-411K7.1
IGHV3-11	IGHV3-11
FAM222B	FAM222B
KIAA2026	KIAA2026
FZD4	FZD4
ANKRD27	ANKRD27
HSPA1A	HSPA1A
LOC100507438;OTTHUMG00000020357;RP11-547C13.1	LOC100507438;OTTHUMG00000020357;RP11-547C13.1
SLIRP	SLIRP
MIR548K	MIR548K
CDR2L	CDR2L
STAG1	STAG1
RNA5SP288	RNA5SP288
ALDH1A2	ALDH1A2
MIR4644	MIR4644
CYP3A4	CYP3A4
RNU6-24	RNU6-24
FEM1A	FEM1A
TMEM71	TMEM71
OTTHUMG00000160836;RP11-692D12.1	OTTHUMG00000160836;RP11-692D12.1
ZNF883	ZNF883
TCHP	TCHP
AC016683.5;OTTHUMG00000153342	AC016683.5;OTTHUMG00000153342
OTTHUMG00000161346;RP13-884E18.4	OTTHUMG00000161346;RP13-884E18.4
ZNF358	ZNF358
MMAA	MMAA
OTTHUMG00000156977;RP1-40E16.11	OTTHUMG00000156977;RP1-40E16.11
HRASLS5	HRASLS5
ZNF425	ZNF425
ABL1	ABL1
OTTHUMG00000032014;OTTHUMG00000032018;RP4-777D9.2;RP5-872K7.7	OTTHUMG00000032014;OTTHUMG00000032018;RP4-777D9.2;RP5-872K7.7
RNY4P23	RNY4P23
LCN6	LCN6
EFCAB10	EFCAB10
GPR87	GPR87
SCAF1	SCAF1
SIAH2	SIAH2
OSGIN1	OSGIN1
OTTHUMG00000017571;RP11-433J20.1	OTTHUMG00000017571;RP11-433J20.1
PDZD9	PDZD9
RNA5SP512	RNA5SP512
NOTCH4	NOTCH4
CTC-359M8.1;OTTHUMG00000163435	CTC-359M8.1;OTTHUMG00000163435
BCRP3	BCRP3
LINC00519	LINC00519
PSMA6	PSMA6
LSM1	LSM1
STX17	STX17
UPK3B	UPK3B
SRC	SRC
OTTHUMG00000161702;RP11-722M1.1	OTTHUMG00000161702;RP11-722M1.1
ARHGAP23	ARHGAP23
SNORD1B	SNORD1B
INE1	INE1
CYBRD1	CYBRD1
CTD-2227I18.1;OTTHUMG00000162302	CTD-2227I18.1;OTTHUMG00000162302
MOCOS	MOCOS
DNM1	DNM1
STK11	STK11
C9orf174;CCDC180;LOC100499484;LOC100499484-C9ORF174	C9orf174;CCDC180;LOC100499484;LOC100499484-C9ORF174
MSLN	MSLN
LOC100132999	LOC100132999
NDUFA7	NDUFA7
OOEP-AS1	OOEP-AS1
LY6G6C	LY6G6C
PIGX	PIGX
IL12A	IL12A
OTTHUMG00000164918;RP11-536K17.1	OTTHUMG00000164918;RP11-536K17.1
ZC3HAV1L	ZC3HAV1L
ZNRD1	ZNRD1
HSPA1A	HSPA1A
KBTBD8	KBTBD8
RWDD2B	RWDD2B
BOP1;KM-PA-2	BOP1;KM-PA-2
CSF2RB	CSF2RB
AC010987.6;OTTHUMG00000152485	AC010987.6;OTTHUMG00000152485
CFL1P3	CFL1P3
CDH11	CDH11
OTTHUMG00000159786;RP11-85F14.5	OTTHUMG00000159786;RP11-85F14.5
CTC-327F10.4;OTTHUMG00000163419	CTC-327F10.4;OTTHUMG00000163419
SEMA3B	SEMA3B
PCDH9-AS3	PCDH9-AS3
ZFYVE1	ZFYVE1
RNA5SP359	RNA5SP359
CLIP1	CLIP1
JAKMIP2-AS1	JAKMIP2-AS1
FARP2	FARP2
GHRHR	GHRHR
RNU7-85P	RNU7-85P
FKSG52	FKSG52
NFKBID	NFKBID
COL7A1	COL7A1
LGALS3	LGALS3
SDCBP2-AS1	SDCBP2-AS1
KB-1460A1.3;OTTHUMG00000164822	KB-1460A1.3;OTTHUMG00000164822
OTTHUMG00000007814;RP5-1109J22.2	OTTHUMG00000007814;RP5-1109J22.2
LOC101060287;LOC101060321;LOC101060351;TBC1D3;TBC1D3C;TBC1D3G;TBC1D3H	LOC101060287;LOC101060321;LOC101060351;TBC1D3;TBC1D3C;TBC1D3G;TBC1D3H
EIF2B5	EIF2B5
LHX1	LHX1
SOX10	SOX10
CCDC59	CCDC59
NEFL	NEFL
OTTHUMG00000035305;RP11-276H7.3	OTTHUMG00000035305;RP11-276H7.3
C7orf50	C7orf50
RNA5SP185	RNA5SP185
CACNG5	CACNG5
LOC100996472	LOC100996472
OSGEPL1	OSGEPL1
OTTHUMG00000164013;RP11-90P5.2	OTTHUMG00000164013;RP11-90P5.2
SCARNA2	SCARNA2
EGR2	EGR2
ANKRD20A2;ANKRD20A3	ANKRD20A2;ANKRD20A3
NEXN-AS1	NEXN-AS1
EDC3	EDC3
SNAPC3	SNAPC3
SLC40A1	SLC40A1
MIR2355	MIR2355
POU5F1	POU5F1
OTTHUMG00000156717;RP13-131K19.1	OTTHUMG00000156717;RP13-131K19.1
PYGB	PYGB
TRIM10	TRIM10
OTTHUMG00000008402;RP11-145M4.2	OTTHUMG00000008402;RP11-145M4.2
ZNRD1	ZNRD1
LL0XNC01-37G1.1;OTTHUMG00000067451;ZNF275	LL0XNC01-37G1.1;OTTHUMG00000067451;ZNF275
LINC00900	LINC00900
ZNF347	ZNF347
TOB2	TOB2
KIF19	KIF19
ARHGAP9	ARHGAP9
ODF2L	ODF2L
MIR4647;SLC35B2	MIR4647;SLC35B2
OTTHUMG00000159842;RP11-657O9.1	OTTHUMG00000159842;RP11-657O9.1
OTTHUMG00000159799;RP11-317B7.3	OTTHUMG00000159799;RP11-317B7.3
NOB1	NOB1
AC012309.5;OTTHUMG00000048167	AC012309.5;OTTHUMG00000048167
RNA5SP271	RNA5SP271
XPC	XPC
KCNJ6	KCNJ6
ARPP19	ARPP19
GADD45G	GADD45G
CMTM6	CMTM6
CAPNS1	CAPNS1
RNU6-21P	RNU6-21P
HAUS3;POLN	HAUS3;POLN
MIR548AI	MIR548AI
OTTHUMG00000018648;RP11-93H12.4	OTTHUMG00000018648;RP11-93H12.4
OTTHUMG00000014284;RP11-359N11.1	OTTHUMG00000014284;RP11-359N11.1
C21orf37	C21orf37
FBP1	FBP1
C1orf168	C1orf168
ERCC2	ERCC2
OTTHUMG00000014156;RP3-406P24.3	OTTHUMG00000014156;RP3-406P24.3
FBRSL1	FBRSL1
ARHGEF9-IT1	ARHGEF9-IT1
LOC285629;OTTHUMG00000163562;RP11-109J4.1	LOC285629;OTTHUMG00000163562;RP11-109J4.1
LRRC8C	LRRC8C
RNA5SP29	RNA5SP29
AC012358.8;OTTHUMG00000152491	AC012358.8;OTTHUMG00000152491
GS1-174L6.4;OTTHUMG00000042129	GS1-174L6.4;OTTHUMG00000042129
OTTHUMG00000032526;RP5-881L22.5	OTTHUMG00000032526;RP5-881L22.5
MAGED2	MAGED2
CCRN4L	CCRN4L
AC004381.6;LOC81691;OTTHUMG00000131556	AC004381.6;LOC81691;OTTHUMG00000131556
NMUR1	NMUR1
SVIP	SVIP
OTTHUMG00000032217;RP5-1184F4.5	OTTHUMG00000032217;RP5-1184F4.5
URI1	URI1
NDUFC1	NDUFC1
ZNF35	ZNF35
TRAPPC3	TRAPPC3
PCDH15	PCDH15
HLA-DRB1	HLA-DRB1
OTTHUMG00000160354;RP11-79E3.3	OTTHUMG00000160354;RP11-79E3.3
OTTHUMG00000020681;RP11-12A16.3	OTTHUMG00000020681;RP11-12A16.3
FJX1	FJX1
ZKSCAN1	ZKSCAN1
GK-IT1	GK-IT1
PDCL	PDCL
EIF3D	EIF3D
CEP350	CEP350
RNA5SP167	RNA5SP167
HSPA1L	HSPA1L
HSPA1L	HSPA1L
C6orf25	C6orf25
DYNLL1-AS1	DYNLL1-AS1
RNU6-59P	RNU6-59P
LOC649395	LOC649395
KLHDC8A	KLHDC8A
DQX1	DQX1
CLEC17A	CLEC17A
ZNF595	ZNF595
LRRCC1	LRRCC1
ZBED3	ZBED3
SKIV2L	SKIV2L
NT5C1A	NT5C1A
C12orf61	C12orf61
OTTHUMG00000164332;RP11-328K2.1	OTTHUMG00000164332;RP11-328K2.1
OTTHUMG00000019313;RP11-122K13.7	OTTHUMG00000019313;RP11-122K13.7
EDIL3	EDIL3
MIR548F3	MIR548F3
FBXO18	FBXO18
MAP6D1	MAP6D1
NLRC5	NLRC5
AC003665.1;LOC100506325;OTTHUMG00000132519	AC003665.1;LOC100506325;OTTHUMG00000132519
HSPA1A	HSPA1A
DCBLD1	DCBLD1
ERCC6;ERCC6-PGBD3;PGBD3	ERCC6;ERCC6-PGBD3;PGBD3
TBL1XR1	TBL1XR1
KIAA1257;LOC100132731;OTTHUMG00000162589;RP11-723O4.6	KIAA1257;LOC100132731;OTTHUMG00000162589;RP11-723O4.6
SNORA5A	SNORA5A
STXBP1	STXBP1
OTTHUMG00000036266;RP11-372M18.2	OTTHUMG00000036266;RP11-372M18.2
CTAGE6	CTAGE6
SLC38A4	SLC38A4
ZNF709	ZNF709
RNU6-49	RNU6-49
TXNRD1	TXNRD1
WDR19	WDR19
STK19	STK19
MASP1	MASP1
AC007362.3;OTTHUMG00000154647	AC007362.3;OTTHUMG00000154647
LOC100507266;OTTHUMG00000159923;RP11-323F5.2	LOC100507266;OTTHUMG00000159923;RP11-323F5.2
SECISBP2L	SECISBP2L
OTTHUMG00000019444;RP11-264I13.2	OTTHUMG00000019444;RP11-264I13.2
CHST6	CHST6
LINC00614	LINC00614
SRRM1	SRRM1
DDX11;DDX12P	DDX11;DDX12P
SLC52A1	SLC52A1
OFD1	OFD1
HOXD10	HOXD10
NOTCH4	NOTCH4
TMEM167A	TMEM167A
STK19	STK19
AC107399.2;OTTHUMG00000059449	AC107399.2;OTTHUMG00000059449
WDR66	WDR66
KIF7	KIF7
LOC100134361;OTTHUMG00000150696;Z83851.1	LOC100134361;OTTHUMG00000150696;Z83851.1
AC073043.1;OTTHUMG00000154483	AC073043.1;OTTHUMG00000154483
OTTHUMG00000018174;RP11-534L6.2	OTTHUMG00000018174;RP11-534L6.2
MPND	MPND
CTB-12O2.1;OTTHUMG00000163523	CTB-12O2.1;OTTHUMG00000163523
GNB1	GNB1
SKIV2L	SKIV2L
SKIV2L	SKIV2L
SKIV2L	SKIV2L
OTTHUMG00000161216;RP11-553P9.3	OTTHUMG00000161216;RP11-553P9.3
GPAA1	GPAA1
CA5BP1	CA5BP1
OR51I1	OR51I1
CTSE	CTSE
OTTHUMG00000151100;RP5-1104E15.6	OTTHUMG00000151100;RP5-1104E15.6
DNAJA1	DNAJA1
TNC	TNC
IL1R1	IL1R1
FAM63B	FAM63B
XPA	XPA
GK3P	GK3P
SKIV2L	SKIV2L
AC005593.2;OTTHUMG00000162685	AC005593.2;OTTHUMG00000162685
OTTHUMG00000041421;RP11-365O16.6	OTTHUMG00000041421;RP11-365O16.6
STK19	STK19
TRIM4	TRIM4
RDM1	RDM1
C16orf57;USB1	C16orf57;USB1
MYL12B	MYL12B
AVPR1B	AVPR1B
BBS5	BBS5
CTNNB1	CTNNB1
OR4F16;OR4F29;OR4F3	OR4F16;OR4F29;OR4F3
SETBP1	SETBP1
OTTHUMG00000162186;RP11-301H24.4	OTTHUMG00000162186;RP11-301H24.4
DHX37	DHX37
ZFPM2	ZFPM2
OTTHUMG00000156242;RP11-89N17.2	OTTHUMG00000156242;RP11-89N17.2
OTTHUMG00000037030;RP11-23I7.1	OTTHUMG00000037030;RP11-23I7.1
PTPRK	PTPRK
MIR605	MIR605
AC005740.5;OTTHUMG00000165057	AC005740.5;OTTHUMG00000165057
OTTHUMG00000041543;RP11-301M17.3	OTTHUMG00000041543;RP11-301M17.3
OTTHUMG00000032148;RP13-329D4.3	OTTHUMG00000032148;RP13-329D4.3
OTTHUMG00000022458;RP11-308B5.2	OTTHUMG00000022458;RP11-308B5.2
CELSR1	CELSR1
OTTHUMG00000153447;RP11-439E19.8	OTTHUMG00000153447;RP11-439E19.8
OTTHUMG00000159059;RP11-247I13.11	OTTHUMG00000159059;RP11-247I13.11
CSMD2	CSMD2
TCAIM	TCAIM
DSCAM	DSCAM
ZNF454	ZNF454
UBXN1	UBXN1
UCP3	UCP3
DEC1	DEC1
LOC283440	LOC283440
DAOA-AS1	DAOA-AS1
EXOSC5	EXOSC5
LINC00313	LINC00313
OTTHUMG00000015621;RP1-287H17.1	OTTHUMG00000015621;RP1-287H17.1
PAXBP1-AS1	PAXBP1-AS1
SNORD116-14	SNORD116-14
OTTHUMG00000161591;RP11-181K12.1	OTTHUMG00000161591;RP11-181K12.1
PGM5	PGM5
ANKRD20A1;ANKRD20A3	ANKRD20A1;ANKRD20A3
PPP2R2B-IT1	PPP2R2B-IT1
NUDT15	NUDT15
SOX3	SOX3
HADH	HADH
AKAP17A	AKAP17A
USP17L12	USP17L12
CCR6	CCR6
RNA5SP84	RNA5SP84
AC002511.1;LOC100128682;OTTHUMG00000048095	AC002511.1;LOC100128682;OTTHUMG00000048095
LOC285547	LOC285547
OTTHUMG00000164100;SGK196	OTTHUMG00000164100;SGK196
PGGT1B	PGGT1B
TRMT2B	TRMT2B
LOC100507547;PRRT1	LOC100507547;PRRT1
LOC100507547;PRRT1	LOC100507547;PRRT1
ZNF215	ZNF215
VWC2	VWC2
OTTHUMG00000018245;RP11-539E19.2	OTTHUMG00000018245;RP11-539E19.2
E2F2	E2F2
OR7E156P	OR7E156P
CMPK2	CMPK2
STK24-AS1	STK24-AS1
HERPUD2	HERPUD2
LINC00160	LINC00160
PLEKHJ1	PLEKHJ1
TMEM161A	TMEM161A
RNA5SP428	RNA5SP428
OTTHUMG00000163798;RP11-136K7.3	OTTHUMG00000163798;RP11-136K7.3
SRD5A3	SRD5A3
HLA-DOB	HLA-DOB
HLA-DOB	HLA-DOB
LRRC2	LRRC2
NIT2	NIT2
SH2D4A	SH2D4A
ATXN2	ATXN2
ZNF428	ZNF428
RASA1	RASA1
ZNF891	ZNF891
ESRRA	ESRRA
SNORA52	SNORA52
LOC100996732;LOC100996735;LOC101060590;LOC645166;OTTHUMG00000017423;RP11-14N7.2	LOC100996732;LOC100996735;LOC101060590;LOC645166;OTTHUMG00000017423;RP11-14N7.2
TMEM160	TMEM160
CTC-499J9.1;OTTHUMG00000162845	CTC-499J9.1;OTTHUMG00000162845
LOC100506929;OTTHUMG00000040503;RP11-80B9.4	LOC100506929;OTTHUMG00000040503;RP11-80B9.4
GNRH1	GNRH1
SART3	SART3
LOC100131635;OTTHUMG00000156439;RP11-211G3.3	LOC100131635;OTTHUMG00000156439;RP11-211G3.3
MKRN4P	MKRN4P
ATP6V1D	ATP6V1D
TRBJ2-2P	TRBJ2-2P
OTTHUMG00000160269;RP11-484O2.1	OTTHUMG00000160269;RP11-484O2.1
OTTHUMG00000156551;RP11-340I6.8	OTTHUMG00000156551;RP11-340I6.8
KIF27	KIF27
OTTHUMG00000032505;RP1-138B7.5	OTTHUMG00000032505;RP1-138B7.5
RASGEF1A	RASGEF1A
RNA5SP77	RNA5SP77
MIR22;MIR22HG	MIR22;MIR22HG
GTF2H5;OTTHUMG00000015906;RP11-120J8.2	GTF2H5;OTTHUMG00000015906;RP11-120J8.2
AC016912.3;OTTHUMG00000153138	AC016912.3;OTTHUMG00000153138
MIR548AC	MIR548AC
ZNF713	ZNF713
RNA5SP366	RNA5SP366
ENO2	ENO2
OTTHUMG00000035334;RP11-540D14.6;SLC50A1	OTTHUMG00000035334;RP11-540D14.6;SLC50A1
RAB35	RAB35
CLSTN2	CLSTN2
LINC00504	LINC00504
C16orf47	C16orf47
FUT6	FUT6
CYP2D7P1	CYP2D7P1
AKR1CL1	AKR1CL1
IRF5	IRF5
LOC100506422	LOC100506422
HDC	HDC
MAGEC3	MAGEC3
FBXW11	FBXW11
TMEM5	TMEM5
AGER	AGER
ALDH4A1;MIR4695	ALDH4A1;MIR4695
JOSD1	JOSD1
SRRD	SRRD
ODF3L1	ODF3L1
TMEM132A	TMEM132A
ZSCAN2	ZSCAN2
OTTHUMG00000058150;RP11-211N8.7	OTTHUMG00000058150;RP11-211N8.7
STK10	STK10
MAOA	MAOA
SLC35G2	SLC35G2
LOC728024	LOC728024
NLRP3	NLRP3
ST6GALNAC3	ST6GALNAC3
BECN1	BECN1
PSMA5	PSMA5
MB21D1	MB21D1
AC010149.4;OTTHUMG00000153765	AC010149.4;OTTHUMG00000153765
RPS6KA6	RPS6KA6
HECTD4	HECTD4
FOLR1	FOLR1
ANGPTL6	ANGPTL6
RPS6KA2	RPS6KA2
MTRNR2L5	MTRNR2L5
LOC100130502;OTTHUMG00000172199;RP11-89K21.1	LOC100130502;OTTHUMG00000172199;RP11-89K21.1
NPFFR1	NPFFR1
ARHGAP33	ARHGAP33
RGS12	RGS12
GUCD1	GUCD1
BMP2	BMP2
BHLHE22	BHLHE22
TMEM143	TMEM143
CTRL	CTRL
TTL	TTL
OSBPL3	OSBPL3
LY6G5B	LY6G5B
IPW;LOC100506948;SNORD107;SNORD115-13;SNORD115-26;SNORD115-7;SNORD116-19;SNORD116-22;SNORD116-28;SNORD116-4	IPW;LOC100506948;SNORD107;SNORD115-13;SNORD115-26;SNORD115-7;SNORD116-19;SNORD116-22;SNORD116-28;SNORD116-4
CLK1	CLK1
SLC38A11	SLC38A11
HIF3A	HIF3A
TEX9	TEX9
OR10H1	OR10H1
COL4A2-AS2	COL4A2-AS2
LCN12	LCN12
ZSCAN30	ZSCAN30
MIR379	MIR379
TMEFF2	TMEFF2
TPI1P2	TPI1P2
MIR543	MIR543
STK19	STK19
MIR545	MIR545
HINT3	HINT3
LINC00237	LINC00237
RPS19BP1	RPS19BP1
RBFOX1	RBFOX1
OTTHUMG00000041394;RP11-569A11.1	OTTHUMG00000041394;RP11-569A11.1
RNA5SP363	RNA5SP363
OTTHUMG00000164576;RP11-48B3.3	OTTHUMG00000164576;RP11-48B3.3
FLJ13224	FLJ13224
OTTHUMG00000162375;RP11-1250I15.2	OTTHUMG00000162375;RP11-1250I15.2
IKZF3	IKZF3
KDM5C	KDM5C
RNA5SP513	RNA5SP513
NRG1	NRG1
CHRNB1	CHRNB1
LINC00264	LINC00264
OTTHUMG00000001219;RP3-453P22.2	OTTHUMG00000001219;RP3-453P22.2
CTD-2281E23.2;OTTHUMG00000163652	CTD-2281E23.2;OTTHUMG00000163652
GRPEL1	GRPEL1
RUFY4	RUFY4
TPRG1L	TPRG1L
OR7E87P	OR7E87P
LOC283692	LOC283692
OTTHUMG00000160894;RP11-42A4.1	OTTHUMG00000160894;RP11-42A4.1
OTTHUMG00000017704;RP11-353M9.1	OTTHUMG00000017704;RP11-353M9.1
KATNAL1	KATNAL1
SNORD72	SNORD72
FANCC	FANCC
AC005062.2;OTTHUMG00000152535	AC005062.2;OTTHUMG00000152535
NAP1L3	NAP1L3
CIITA	CIITA
PNP	PNP
KIF5C	KIF5C
LINC00361	LINC00361
AC073321.4;OTTHUMG00000155344	AC073321.4;OTTHUMG00000155344
ACTR3B	ACTR3B
AL592528.1;LOC100129027;OTTHUMG00000090417	AL592528.1;LOC100129027;OTTHUMG00000090417
POGK	POGK
GSR	GSR
FAM13A-AS1	FAM13A-AS1
RNA5SP517	RNA5SP517
LOC149351;OTTHUMG00000010018;RP4-665J23.1	LOC149351;OTTHUMG00000010018;RP4-665J23.1
ERI3-IT1	ERI3-IT1
DLL3	DLL3
DARC	DARC
MEF2C	MEF2C
KIAA1432	KIAA1432
EFNB2	EFNB2
MIR4289	MIR4289
RNA5SP216	RNA5SP216
CTD-2260A17.2;OTTHUMG00000162867	CTD-2260A17.2;OTTHUMG00000162867
PPFIA1	PPFIA1
OTTHUMG00000032784;RP11-380D15.3	OTTHUMG00000032784;RP11-380D15.3
LEPROTL1	LEPROTL1
AC115115.2;OTTHUMG00000153288;ZC3H6	AC115115.2;OTTHUMG00000153288;ZC3H6
MANBAL	MANBAL
ADAM17	ADAM17
SNORA29;TCP1	SNORA29;TCP1
MIR4441	MIR4441
MTRNR2L7	MTRNR2L7
AC083864.3;OTTHUMG00000155064	AC083864.3;OTTHUMG00000155064
MAP2K1	MAP2K1
KRTAP12-4	KRTAP12-4
PISD	PISD
NCF1	NCF1
ZNF391	ZNF391
OTTHUMG00000018679;RP11-57C13.3	OTTHUMG00000018679;RP11-57C13.3
MRPL39	MRPL39
RNA5SP455	RNA5SP455
COL28A1	COL28A1
KIAA1328;LOC100506821	KIAA1328;LOC100506821
GPR64	GPR64
TMEM92	TMEM92
DPRX	DPRX
AC016644.1;OTTHUMG00000059593	AC016644.1;OTTHUMG00000059593
PAAF1	PAAF1
DEFB129	DEFB129
HK2	HK2
EPG5	EPG5
FAM82B;RMDN1	FAM82B;RMDN1
PIM2	PIM2
YPEL5	YPEL5
CEP112	CEP112
CT64	CT64
LOC100505697;OTTHUMG00000014663;RP3-462C17.1	LOC100505697;OTTHUMG00000014663;RP3-462C17.1
AC007359.6;OTTHUMG00000043574	AC007359.6;OTTHUMG00000043574
FKBP9	FKBP9
ZFP62	ZFP62
NOL12	NOL12
PS1TP5;SCRT2;SRXN1	PS1TP5;SCRT2;SRXN1
DENND2D	DENND2D
LINC00615	LINC00615
CD52	CD52
DLD	DLD
HLA-DOB	HLA-DOB
SLC2A1-AS1	SLC2A1-AS1
LINC00415	LINC00415
TMPRSS11F	TMPRSS11F
JAK3	JAK3
CNDP1	CNDP1
MVP	MVP
OTTHUMG00000164396;RP11-45K10.2	OTTHUMG00000164396;RP11-45K10.2
MIR3156-1	MIR3156-1
BOLA3	BOLA3
C19orf59	C19orf59
RNF123	RNF123
PBX2P1	PBX2P1
GIPC3	GIPC3
ARHGAP30	ARHGAP30
AIP	AIP
PMS2P5	PMS2P5
AC015849.2;OTTHUMG00000132737	AC015849.2;OTTHUMG00000132737
STK25	STK25
KRTCAP2	KRTCAP2
KIR2DL5A;KIR2DL5B	KIR2DL5A;KIR2DL5B
SLC5A11	SLC5A11
TCP11L1	TCP11L1
HPR	HPR
SMYD1	SMYD1
OTTHUMG00000159585;RP11-379B18.5	OTTHUMG00000159585;RP11-379B18.5
AKR1B15	AKR1B15
CLDN4;LOC100996451	CLDN4;LOC100996451
PLEKHA8	PLEKHA8
OTTHUMG00000032375;RP4-550H1.4	OTTHUMG00000032375;RP4-550H1.4
CTD-2012I17.1;OTTHUMG00000161215	CTD-2012I17.1;OTTHUMG00000161215
MT2A	MT2A
OTTHUMG00000163628;RP11-439C15.4	OTTHUMG00000163628;RP11-439C15.4
OTTHUMG00000162363;RP11-374A4.1	OTTHUMG00000162363;RP11-374A4.1
POLR2I	POLR2I
SLC28A3	SLC28A3
OTTHUMG00000144165;RP11-598C10.2	OTTHUMG00000144165;RP11-598C10.2
PLS1	PLS1
AL592494.4;OTTHUMG00000013091	AL592494.4;OTTHUMG00000013091
ANP32AP1	ANP32AP1
AC073342.12;OTTHUMG00000152673	AC073342.12;OTTHUMG00000152673
IER5L	IER5L
POU5F1	POU5F1
POU5F1	POU5F1
MSH6	MSH6
COL8A1	COL8A1
LAIR2	LAIR2
KCTD21	KCTD21
AC004840.9;OTTHUMG00000152044	AC004840.9;OTTHUMG00000152044
OTTHUMG00000019247;RP11-223P11.3	OTTHUMG00000019247;RP11-223P11.3
FAM43B	FAM43B
WAC	WAC
AC009965.2;OTTHUMG00000154540	AC009965.2;OTTHUMG00000154540
FMNL3	FMNL3
ATOH8	ATOH8
RNASEH2C	RNASEH2C
CYB5R4	CYB5R4
DNAH14	DNAH14
EZR	EZR
MIR663B	MIR663B
RNU6-19P	RNU6-19P
SNORD116-12	SNORD116-12
HEATR7B1;MROH2A	HEATR7B1;MROH2A
FKBP7	FKBP7
COBL	COBL
LPCAT1	LPCAT1
GLT1D1	GLT1D1
ZCCHC6	ZCCHC6
NELL1	NELL1
RNA5SP514	RNA5SP514
PACRGL	PACRGL
CALML4	CALML4
MZB1	MZB1
OXA1L	OXA1L
OTTHUMG00000161085;RP11-286E11.1	OTTHUMG00000161085;RP11-286E11.1
TRAPPC8	TRAPPC8
OTTHUMG00000043773;RP11-5K23.5	OTTHUMG00000043773;RP11-5K23.5
MESDC1	MESDC1
WDR54	WDR54
MIR4639;MYLIP	MIR4639;MYLIP
OTTHUMG00000164543;RP11-758M4.4	OTTHUMG00000164543;RP11-758M4.4
AC012668.2;OTTHUMG00000154833	AC012668.2;OTTHUMG00000154833
AC006160.8;FAM184B;OTTHUMG00000163753	AC006160.8;FAM184B;OTTHUMG00000163753
OTTHUMG00000002331;RP5-857K21.4	OTTHUMG00000002331;RP5-857K21.4
KCNMB3	KCNMB3
PIGN	PIGN
ARHGEF15	ARHGEF15
CHRNA5	CHRNA5
MTX3	MTX3
AC007405.4;OTTHUMG00000154055	AC007405.4;OTTHUMG00000154055
LINC00520	LINC00520
LOC113230	LOC113230
RSPO1	RSPO1
GPR144	GPR144
NMT1	NMT1
GNG5	GNG5
TMEM132B	TMEM132B
CELP	CELP
OTTHUMG00000019202;RP11-282I1.1	OTTHUMG00000019202;RP11-282I1.1
IRF9;RNF31	IRF9;RNF31
KCNQ5	KCNQ5
ZNF584	ZNF584
ZFYVE16	ZFYVE16
WFDC13	WFDC13
OTTHUMG00000014286;RP3-448I9.1	OTTHUMG00000014286;RP3-448I9.1
FKBP1B	FKBP1B
C9orf53	C9orf53
RNA5SP125	RNA5SP125
ZDHHC8P1	ZDHHC8P1
MAGOHB	MAGOHB
MIR579	MIR579
CHKB	CHKB
LRRC10B	LRRC10B
MARCH4	MARCH4
NOP10	NOP10
RNF146	RNF146
MKL1	MKL1
RPA3	RPA3
NXPE1	NXPE1
RNA5SP435	RNA5SP435
LOC339975;OTTHUMG00000160295;RP11-138B4.1	LOC339975;OTTHUMG00000160295;RP11-138B4.1
RRM2B	RRM2B
CCDC15	CCDC15
OTTHUMG00000164159;RP11-100L22.2	OTTHUMG00000164159;RP11-100L22.2
RNA5SP325	RNA5SP325
NPY	NPY
KLHL22	KLHL22
HSFX1;HSFX2	HSFX1;HSFX2
OTTHUMG00000161086;RP11-286E11.2	OTTHUMG00000161086;RP11-286E11.2
STAT6	STAT6
OTTHUMG00000159120;RP11-521D12.2	OTTHUMG00000159120;RP11-521D12.2
TMEM55A	TMEM55A
PDZK1IP1	PDZK1IP1
LOC100130899	LOC100130899
HHIP	HHIP
CYP2C8	CYP2C8
AC023590.1;OTTHUMG00000059818	AC023590.1;OTTHUMG00000059818
C6orf48;SNORD48;SNORD52	C6orf48;SNORD48;SNORD52
ANO9	ANO9
CANT1	CANT1
ZNF568	ZNF568
SYT2	SYT2
GDF9	GDF9
LY6H	LY6H
GAD2	GAD2
ZNF600	ZNF600
ANKRD20A4	ANKRD20A4
AC019118.2;OTTHUMG00000151427	AC019118.2;OTTHUMG00000151427
RGS18	RGS18
OTTHUMG00000014979;RP11-406O16.1	OTTHUMG00000014979;RP11-406O16.1
ATP6V1E2;FLJ41757	ATP6V1E2;FLJ41757
SNX29P1;SNX29P2	SNX29P1;SNX29P2
TICAM1	TICAM1
ST8SIA4	ST8SIA4
ZNF175	ZNF175
ZBTB45	ZBTB45
HAPLN2	HAPLN2
WDR17	WDR17
MAP2	MAP2
SCAF4	SCAF4
PIK3CB	PIK3CB
ACYP2	ACYP2
CKAP5	CKAP5
AP000356.2;OTTHUMG00000150625	AP000356.2;OTTHUMG00000150625
LA16c-2F2.8;OTTHUMG00000140353	LA16c-2F2.8;OTTHUMG00000140353
ZNF250	ZNF250
LY6G6C	LY6G6C
LY6G6C	LY6G6C
LY6G6C	LY6G6C
LY6G6C	LY6G6C
LY6G6C	LY6G6C
LY6G6C	LY6G6C
FAM160A1	FAM160A1
TMEM159	TMEM159
OTTHUMG00000159262;RP11-572M11.1	OTTHUMG00000159262;RP11-572M11.1
APOC3	APOC3
RDH13	RDH13
ADAMTS18	ADAMTS18
MTA3	MTA3
KIAA1467	KIAA1467
TAS2R5	TAS2R5
OTTHUMG00000018267;RP11-179B15.5	OTTHUMG00000018267;RP11-179B15.5
SNRPB2	SNRPB2
UGGT2	UGGT2
LINC00652	LINC00652
PRDX4	PRDX4
AC104667.3;OTTHUMG00000152979	AC104667.3;OTTHUMG00000152979
MCF2	MCF2
CD22	CD22
FUT1	FUT1
RAB3B	RAB3B
RNA5SP338	RNA5SP338
PPP1R17	PPP1R17
PGAP1	PGAP1
FGFR1	FGFR1
JMJD1C	JMJD1C
PSMD1	PSMD1
TRMT2B-AS1	TRMT2B-AS1
KRTAP5-3;KRTAP5-4	KRTAP5-3;KRTAP5-4
HLA-G	HLA-G
REM2	REM2
POU5F1	POU5F1
RNA5SP267	RNA5SP267
NUDT10	NUDT10
PHKA2	PHKA2
SMIM3	SMIM3
CCT4	CCT4
MIR361	MIR361
OTTHUMG00000019258;RP11-442O18.2	OTTHUMG00000019258;RP11-442O18.2
LSMD1	LSMD1
NEK4	NEK4
MRC2	MRC2
TNFSF13B	TNFSF13B
TAS2R19	TAS2R19
ADAMTS3	ADAMTS3
AC002127.4;OTTHUMG00000153893	AC002127.4;OTTHUMG00000153893
DIDO1	DIDO1
RNA5SP463	RNA5SP463
RBM48	RBM48
CERS6-AS1	CERS6-AS1
PDIK1L	PDIK1L
LIAS	LIAS
NOTCH4	NOTCH4
MIR4320	MIR4320
LHFPL3	LHFPL3
USP35	USP35
RNA5SP421	RNA5SP421
AP001189.4;OTTHUMG00000150349	AP001189.4;OTTHUMG00000150349
LINS	LINS
HCG23	HCG23
HCG23	HCG23
HCG23	HCG23
SFT2D1	SFT2D1
TP53TG3;TP53TG3B;TP53TG3C;TP53TG3D	TP53TG3;TP53TG3B;TP53TG3C;TP53TG3D
ATP5B	ATP5B
BTF3	BTF3
ZFP41	ZFP41
C16orf89	C16orf89
ENPP2	ENPP2
TXNDC9	TXNDC9
GNG2	GNG2
TLR8-AS1	TLR8-AS1
SYNGR3	SYNGR3
GHDC	GHDC
AC012456.3;OTTHUMG00000140389	AC012456.3;OTTHUMG00000140389
SMIM1	SMIM1
GSTM2P1	GSTM2P1
POMP	POMP
ARMCX6	ARMCX6
CACNG3	CACNG3
TSC22D1-AS1	TSC22D1-AS1
FLJ45513;TAC4	FLJ45513;TAC4
AP001422.3;OTTHUMG00000090768	AP001422.3;OTTHUMG00000090768
MIR1271	MIR1271
NRARP	NRARP
RNA5SP319	RNA5SP319
AC090952.5;OTTHUMG00000155547	AC090952.5;OTTHUMG00000155547
CDX2	CDX2
CGA	CGA
UPK2	UPK2
LRRTM4	LRRTM4
OPHN1	OPHN1
NDUFB5	NDUFB5
VTI1B	VTI1B
CACNA2D2	CACNA2D2
RNA5SP82	RNA5SP82
NOTCH4	NOTCH4
LRRC41	LRRC41
TRAFD1	TRAFD1
RFESD	RFESD
PCDH1	PCDH1
USE1	USE1
TCF7L1	TCF7L1
RNU6-31P	RNU6-31P
OTTHUMG00000156520;RP11-573D15.2	OTTHUMG00000156520;RP11-573D15.2
AP1G2	AP1G2
TBC1D24	TBC1D24
SPIN2B	SPIN2B
LIN54	LIN54
RNA5SP301	RNA5SP301
PM20D1	PM20D1
LINC00910	LINC00910
C11orf93	C11orf93
MAPT-IT1	MAPT-IT1
MIR3622B	MIR3622B
PCDH9-AS4	PCDH9-AS4
SLC26A9	SLC26A9
GIMAP6	GIMAP6
SATB1	SATB1
FAM27C	FAM27C
RBPJ	RBPJ
JMJD8	JMJD8
OTTHUMG00000161063;RP11-689K5.3	OTTHUMG00000161063;RP11-689K5.3
FAM71F1	FAM71F1
USP17;USP17L24;USP17L25;USP17L5	USP17;USP17L24;USP17L25;USP17L5
MIR342	MIR342
OTTHUMG00000160392;RP11-399D2.1	OTTHUMG00000160392;RP11-399D2.1
GDPD3	GDPD3
ANKRD33B	ANKRD33B
OTTHUMG00000161962;RP11-192H6.2	OTTHUMG00000161962;RP11-192H6.2
LTF	LTF
ZFP30	ZFP30
CSTL1	CSTL1
AC116366.6;OTTHUMG00000059495	AC116366.6;OTTHUMG00000059495
SMG8	SMG8
FAM26F	FAM26F
C19orf47	C19orf47
NELF;NSMF	NELF;NSMF
MIR1914;UCKL1	MIR1914;UCKL1
CAPNS2	CAPNS2
GRID1	GRID1
MMP2	MMP2
GPKOW	GPKOW
TREM2	TREM2
POU5F1	POU5F1
POU5F1	POU5F1
DUX2;DUX4;DUX4L2	DUX2;DUX4;DUX4L2
DUX2;DUX4L2	DUX2;DUX4L2
DUX2;DUX4;DUX4L2	DUX2;DUX4;DUX4L2
GNG13	GNG13
C19orf26	C19orf26
CIC	CIC
NOG	NOG
AC000120.7;KRIT1;OTTHUMG00000155860	AC000120.7;KRIT1;OTTHUMG00000155860
MST4;OTTHUMG00000022420	MST4;OTTHUMG00000022420
AC012442.6;OTTHUMG00000153300	AC012442.6;OTTHUMG00000153300
OTTHUMG00000165043;RP11-369K17.1	OTTHUMG00000165043;RP11-369K17.1
THAP10	THAP10
DCD	DCD
CHRNA2	CHRNA2
SAA2-SAA4;SAA4	SAA2-SAA4;SAA4
USP2	USP2
C17orf57;EFCAB13	C17orf57;EFCAB13
ARGFX	ARGFX
KCTD17	KCTD17
RNA5SP324	RNA5SP324
F12	F12
SFTPB	SFTPB
OTTHUMG00000020594;RP11-524G24.2	OTTHUMG00000020594;RP11-524G24.2
CACNG2	CACNG2
TADA2B	TADA2B
OCA2	OCA2
SDHA	SDHA
CCDC28A	CCDC28A
EPN3	EPN3
MIR450A1	MIR450A1
WDR24	WDR24
CLEC11A	CLEC11A
C5orf51	C5orf51
AC051649.12;LSP1;OTTHUMG00000066644	AC051649.12;LSP1;OTTHUMG00000066644
C21orf58	C21orf58
IGHV3-16	IGHV3-16
OTTHUMG00000018564;RP11-342M3.5	OTTHUMG00000018564;RP11-342M3.5
AGR3	AGR3
KHDRBS2	KHDRBS2
DNAH12	DNAH12
C8orf31	C8orf31
MRPL28	MRPL28
WNK2	WNK2
CFDP1	CFDP1
OTTHUMG00000151090;RP1-56J10.8	OTTHUMG00000151090;RP1-56J10.8
CDKN2A	CDKN2A
FAM20B	FAM20B
COL20A1	COL20A1
GOLGA8A;GOLGA8B;LOC100508892	GOLGA8A;GOLGA8B;LOC100508892
SF3B5	SF3B5
ARIH2	ARIH2
MRPS36	MRPS36
ZBTB7B	ZBTB7B
IL9	IL9
ALG6	ALG6
NFKBIL1	NFKBIL1
MRPS14	MRPS14
BROX	BROX
EFHB	EFHB
C6orf48;SNORD48;SNORD52	C6orf48;SNORD48;SNORD52
C6orf48;SNORD48;SNORD52	C6orf48;SNORD48;SNORD52
C6orf48;SNORD48;SNORD52	C6orf48;SNORD48;SNORD52
HNF1A-AS1	HNF1A-AS1
CTC-459I6.1;OTTHUMG00000162539	CTC-459I6.1;OTTHUMG00000162539
MIR3925	MIR3925
ZNF154	ZNF154
RRP1	RRP1
MIR15B	MIR15B
NPTX1	NPTX1
LANCL2	LANCL2
HLA-DRB1;HLA-DRB3	HLA-DRB1;HLA-DRB3
TPPP	TPPP
ARFGEF1	ARFGEF1
KIAA1024L	KIAA1024L
RNA5SP226	RNA5SP226
LOC100507472;PCSK6	LOC100507472;PCSK6
ZNF18	ZNF18
ZNF84	ZNF84
PPIAP21	PPIAP21
ACY1	ACY1
RNA5SP223	RNA5SP223
USP25	USP25
NPPA	NPPA
MIR1910	MIR1910
DDC	DDC
CRYGS	CRYGS
TMEM178A	TMEM178A
CDK17	CDK17
AGPAT9	AGPAT9
RNA5SP460	RNA5SP460
SNORA54	SNORA54
CDC42BPA	CDC42BPA
MIR548AL	MIR548AL
SNORA20	SNORA20
WDYHV1	WDYHV1
NDOR1	NDOR1
PAQR9	PAQR9
RNU7-52P	RNU7-52P
MYADML	MYADML
AC051649.6;OTTHUMG00000012473	AC051649.6;OTTHUMG00000012473
AF003626.1;OTTHUMG00000024161	AF003626.1;OTTHUMG00000024161
PLA2G5	PLA2G5
NFAM1	NFAM1
GGT2;LOC101060682	GGT2;LOC101060682
CD247	CD247
ASCL1	ASCL1
PLAC8	PLAC8
OTTHUMG00000158784;RP11-398A8.3	OTTHUMG00000158784;RP11-398A8.3
SLC4A11	SLC4A11
KCNB2	KCNB2
MIR223	MIR223
DPP8	DPP8
ADAM20	ADAM20
HCG4B	HCG4B
HCG4B	HCG4B
SPTLC1	SPTLC1
FAIM	FAIM
LL22NC03-86D4.1;OTTHUMG00000150928	LL22NC03-86D4.1;OTTHUMG00000150928
GEMIN8	GEMIN8
PRRG3	PRRG3
HDAC7	HDAC7
OSTCP1	OSTCP1
AP3B1	AP3B1
MME-AS1	MME-AS1
HTR4-IT1	HTR4-IT1
EEA1	EEA1
C12orf10	C12orf10
KRTAP10-1	KRTAP10-1
ATP5S	ATP5S
HEATR7B2;MROH2B	HEATR7B2;MROH2B
RSF1	RSF1
C17orf97	C17orf97
LINC00476	LINC00476
SLC52A2	SLC52A2
SLFN11	SLFN11
AC012506.4;OTTHUMG00000151891	AC012506.4;OTTHUMG00000151891
MT1L	MT1L
PPM1L	PPM1L
OTTHUMG00000150220;XX-C283C717.1	OTTHUMG00000150220;XX-C283C717.1
C20orf166-AS1	C20orf166-AS1
CRYZ	CRYZ
STK40	STK40
OTTHUMG00000015353;RP1-249I4.2	OTTHUMG00000015353;RP1-249I4.2
TSHR	TSHR
TFG	TFG
PNKD	PNKD
LOC151760;OTTHUMG00000159242;RP11-553A10.1	LOC151760;OTTHUMG00000159242;RP11-553A10.1
RPS6KL1	RPS6KL1
OTTHUMG00000162233;RP11-473L15.2	OTTHUMG00000162233;RP11-473L15.2
P2RX6P	P2RX6P
DDI2;RSC1A1	DDI2;RSC1A1
CTA-282F2.3;LARGE-AS1;OTTHUMG00000150916	CTA-282F2.3;LARGE-AS1;OTTHUMG00000150916
ESRRG	ESRRG
CTC-436P18.1;OTTHUMG00000162242	CTC-436P18.1;OTTHUMG00000162242
IMPA1	IMPA1
OTTHUMG00000018322;RP11-174J11.1	OTTHUMG00000018322;RP11-174J11.1
RPS27L	RPS27L
KBTBD4	KBTBD4
GATA2	GATA2
AQP6	AQP6
PTGS1	PTGS1
RLF	RLF
MORC2-AS1	MORC2-AS1
DMRTA2	DMRTA2
GPR97	GPR97
ZFP112;ZNF285	ZFP112;ZNF285
AL583842.2;OTTHUMG00000013378	AL583842.2;OTTHUMG00000013378
FCHSD2	FCHSD2
OTTHUMG00000150989;RP3-508I15.9	OTTHUMG00000150989;RP3-508I15.9
CLVS2	CLVS2
PRPSAP1	PRPSAP1
TMPRSS4	TMPRSS4
OTTHUMG00000164229;RP11-400K9.3	OTTHUMG00000164229;RP11-400K9.3
DISP2	DISP2
DZIP1L	DZIP1L
RIMBP3	RIMBP3
FLOT1	FLOT1
LINC00933	LINC00933
GART	GART
PI3	PI3
SERPINA9	SERPINA9
KANK3	KANK3
PLRG1	PLRG1
MIR593	MIR593
OSGEP	OSGEP
N4BP3;OTTHUMG00000163456;RP11-889L3.3	N4BP3;OTTHUMG00000163456;RP11-889L3.3
CARD17	CARD17
OTTHUMG00000015617;RP11-557H15.3	OTTHUMG00000015617;RP11-557H15.3
HNF1B	HNF1B
AF127936.3;OTTHUMG00000074314	AF127936.3;OTTHUMG00000074314
SHOX	SHOX
SHOX	SHOX
HTR2B	HTR2B
CDC73	CDC73
LXN	LXN
AP000350.4;LOC284889;OTTHUMG00000150772	AP000350.4;LOC284889;OTTHUMG00000150772
LINC00525	LINC00525
PUSL1	PUSL1
LOC100506023	LOC100506023
GLRA2	GLRA2
RAB21	RAB21
FZD10	FZD10
MDC1-AS1	MDC1-AS1
OTTHUMG00000148749;XXbac-BPG27H4.7	OTTHUMG00000148749;XXbac-BPG27H4.7
OTTHUMG00000133708;XXbac-BPG27H4.7	OTTHUMG00000133708;XXbac-BPG27H4.7
OTTHUMG00000148934;XXbac-BPG27H4.7	OTTHUMG00000148934;XXbac-BPG27H4.7
OTTHUMG00000149214;XXbac-BPG27H4.7	OTTHUMG00000149214;XXbac-BPG27H4.7
OTTHUMG00000149450;XXbac-BPG27H4.7	OTTHUMG00000149450;XXbac-BPG27H4.7
OTTHUMG00000133721;XXbac-BPG27H4.7	OTTHUMG00000133721;XXbac-BPG27H4.7
MAP1S	MAP1S
CTD-2072I24.1;OTTHUMG00000161900	CTD-2072I24.1;OTTHUMG00000161900
OTTHUMG00000035891;RP11-382E9.1	OTTHUMG00000035891;RP11-382E9.1
LOC407835	LOC407835
DNM1L	DNM1L
SPIN1	SPIN1
POGZ	POGZ
ECSCR	ECSCR
PACSIN1	PACSIN1
RNU7-69P	RNU7-69P
ZNF790-AS1	ZNF790-AS1
KIAA1377	KIAA1377
NPM3	NPM3
GLP2R	GLP2R
MIR615	MIR615
ENY2	ENY2
FAM166B	FAM166B
NUPR1	NUPR1
ZFP28	ZFP28
CDK8	CDK8
MARCH2	MARCH2
TRNAI6	TRNAI6
ACTA1	ACTA1
SIVA1	SIVA1
ZNF471	ZNF471
ERRFI1	ERRFI1
HLA-DOB	HLA-DOB
LOC100287515;ZNF26	LOC100287515;ZNF26
CHD6	CHD6
C11orf34	C11orf34
SYNJ2-IT1	SYNJ2-IT1
OTTHUMG00000018783;RP11-429H9.4	OTTHUMG00000018783;RP11-429H9.4
HLA-G	HLA-G
TPGS2	TPGS2
RNA5SP332	RNA5SP332
ATP6V1A	ATP6V1A
MIR3677	MIR3677
NPHS1	NPHS1
GPR114	GPR114
LINC00968;OTTHUMG00000164412;RP11-16M8.2	LINC00968;OTTHUMG00000164412;RP11-16M8.2
SLC7A6OS	SLC7A6OS
C2orf83	C2orf83
LOC100126582	LOC100126582
FLOT1	FLOT1
FLOT1	FLOT1
FLOT1	FLOT1
MIR34A;OTTHUMG00000001762;RP3-510D11.1	MIR34A;OTTHUMG00000001762;RP3-510D11.1
AC013436.6;OTTHUMG00000155816	AC013436.6;OTTHUMG00000155816
IGLJ6	IGLJ6
OTTHUMG00000160691;RP11-84A1.3	OTTHUMG00000160691;RP11-84A1.3
OTTHUMG00000156135;RP11-375H19.2	OTTHUMG00000156135;RP11-375H19.2
OTTHUMG00000164253;RP11-128L5.1	OTTHUMG00000164253;RP11-128L5.1
CDK2AP1	CDK2AP1
SIGLEC1	SIGLEC1
RAB39A	RAB39A
B3GALT4	B3GALT4
B3GALT4	B3GALT4
B3GALT4	B3GALT4
B3GALT4	B3GALT4
B3GALT4	B3GALT4
PRDX1	PRDX1
TIMP3	TIMP3
KRTAP12-3	KRTAP12-3
OTTHUMG00000160625;RP11-227F19.5	OTTHUMG00000160625;RP11-227F19.5
OTTHUMG00000036749;RP11-61J19.3	OTTHUMG00000036749;RP11-61J19.3
HR	HR
KIN	KIN
WHSC1L1	WHSC1L1
ANO2	ANO2
RPL5;SNORA66;SNORD21	RPL5;SNORA66;SNORD21
CHD9	CHD9
ANXA8;ANXA8L1	ANXA8;ANXA8L1
MIR211	MIR211
OTTHUMG00000020112;RP11-575L7.8	OTTHUMG00000020112;RP11-575L7.8
TARS2	TARS2
COMMD6	COMMD6
ADHFE1	ADHFE1
NOTCH4	NOTCH4
RNF26	RNF26
MYH14	MYH14
NXT2	NXT2
PPAPDC3	PPAPDC3
GZF1	GZF1
STYX	STYX
HSD17B7P2	HSD17B7P2
PIF1	PIF1
LOC149134;OTTHUMG00000040519;RP11-439E19.3	LOC149134;OTTHUMG00000040519;RP11-439E19.3
DKFZP586I1420	DKFZP586I1420
DUSP10	DUSP10
TAAR9	TAAR9
SNORD105B	SNORD105B
NAGK	NAGK
EXOSC3	EXOSC3
IFIT2	IFIT2
AC003092.1;OTTHUMG00000155746	AC003092.1;OTTHUMG00000155746
GOT2	GOT2
ZNF432	ZNF432
GHITM	GHITM
PLEKHG4	PLEKHG4
LOC646903	LOC646903
PASK	PASK
LOC100996721;LOC644634	LOC100996721;LOC644634
LOC100499489	LOC100499489
MIR720	MIR720
CXorf57	CXorf57
ADNP2	ADNP2
ARHGEF11	ARHGEF11
ANKRD13A	ANKRD13A
BEX4	BEX4
SFXN1	SFXN1
NDUFV3	NDUFV3
ZNF451	ZNF451
MAGEA8	MAGEA8
PRPH2	PRPH2
C1orf87	C1orf87
TRAJ38	TRAJ38
RNA5SP72	RNA5SP72
TRH	TRH
OTTHUMG00000164000;RP11-346L1.2	OTTHUMG00000164000;RP11-346L1.2
GPBP1L1	GPBP1L1
ATAD3A	ATAD3A
CD99	CD99
AC010145.4;OTTHUMG00000151751	AC010145.4;OTTHUMG00000151751
RPL29P2	RPL29P2
OTTHUMG00000184091;RP11-395L14.3	OTTHUMG00000184091;RP11-395L14.3
SEC24B	SEC24B
NEUROD4	NEUROD4
STEAP4	STEAP4
GAB4	GAB4
OTTHUMG00000160291;RP11-478C1.7	OTTHUMG00000160291;RP11-478C1.7
MIR196A1	MIR196A1
NBPF4	NBPF4
CT49	CT49
LINC00491	LINC00491
SETD7	SETD7
PSMA3	PSMA3
HMG20B	HMG20B
LRRC3C	LRRC3C
SERHL	SERHL
ATG5	ATG5
MYT1	MYT1
HGS	HGS
SNX16	SNX16
BPI	BPI
CTC-228N24.3;FLJ33630;OTTHUMG00000163312	CTC-228N24.3;FLJ33630;OTTHUMG00000163312
SERP1	SERP1
MIR548G	MIR548G
RNA5SP442	RNA5SP442
LINC00692	LINC00692
ARHGEF33	ARHGEF33
CRCP	CRCP
RASSF1	RASSF1
SCN3A	SCN3A
HCG4	HCG4
HCG4	HCG4
HCG4	HCG4
PAF1	PAF1
C2orf54	C2orf54
TTC3-AS1	TTC3-AS1
LOC729668;MTPAP	LOC729668;MTPAP
HS1BP3	HS1BP3
NEURL	NEURL
FAM50A	FAM50A
RNA5SP191	RNA5SP191
MIR3147	MIR3147
PTPRS	PTPRS
RNA5SP260	RNA5SP260
LOC100506282	LOC100506282
TRMT10C	TRMT10C
OTTHUMG00000035772;RP11-134G8.7	OTTHUMG00000035772;RP11-134G8.7
TMEM74	TMEM74
C14orf162;CCDC177	C14orf162;CCDC177
OTTHUMG00000160614;RP11-273B19.1	OTTHUMG00000160614;RP11-273B19.1
AC099668.5;MST1;OTTHUMG00000155919	AC099668.5;MST1;OTTHUMG00000155919
AC034228.2;OTTHUMG00000059635	AC034228.2;OTTHUMG00000059635
CTH	CTH
ROR1	ROR1
LETM1	LETM1
PABPC3	PABPC3
ANGPT1	ANGPT1
MLLT6	MLLT6
USH1C	USH1C
ZNF774	ZNF774
ZNF705G	ZNF705G
OBFC1	OBFC1
C20orf11;GID8	C20orf11;GID8
PPP1R14B	PPP1R14B
TRPM8	TRPM8
ISLR	ISLR
MIR31HG	MIR31HG
MGC27382;OTTHUMG00000041107;RP11-183M13.1	MGC27382;OTTHUMG00000041107;RP11-183M13.1
MEI1	MEI1
EGR1	EGR1
OR52W1	OR52W1
ARHGAP6	ARHGAP6
MIR548F1	MIR548F1
OTTHUMG00000019257;RP11-442O18.1	OTTHUMG00000019257;RP11-442O18.1
GSG1L	GSG1L
LOC101059957;TTC6	LOC101059957;TTC6
ST8SIA6	ST8SIA6
ANKS1B	ANKS1B
PARP6	PARP6
IRF2BP2	IRF2BP2
AP001092.4;OTTHUMG00000133666	AP001092.4;OTTHUMG00000133666
RORC	RORC
IFI35	IFI35
GM140;OTTHUMG00000035177;RP11-380B22.1	GM140;OTTHUMG00000035177;RP11-380B22.1
OTOP1	OTOP1
DOCK5	DOCK5
MIR4294	MIR4294
DUSP27	DUSP27
GSTZ1	GSTZ1
YAE1D1	YAE1D1
TCF25	TCF25
KLLN	KLLN
JRK	JRK
CD1A	CD1A
HTR1D	HTR1D
MRPL4	MRPL4
RNA5SP132	RNA5SP132
SFTPD	SFTPD
OTTHUMG00000015300;RP11-404H14.1	OTTHUMG00000015300;RP11-404H14.1
OTTHUMG00000018553;RP11-90J7.2	OTTHUMG00000018553;RP11-90J7.2
KLHL35	KLHL35
POU5F1	POU5F1
EIF3I	EIF3I
GALNT14	GALNT14
TRIT1	TRIT1
EGLN1	EGLN1
ADCY4	ADCY4
GS1-600G8.3;LOC100093698;OTTHUMG00000021147	GS1-600G8.3;LOC100093698;OTTHUMG00000021147
MICALL1	MICALL1
GBAP1	GBAP1
LOC100510707;LOC101060303;LOC101060321;LOC101060351;LOC101060367;LOC101060376;LOC101060389;LOC101060403;LOC101060421;LOC101060440;LOC101060489;LOC101060506;TBC1D3;TBC1D3C;TBC1D3F	LOC100510707;LOC101060303;LOC101060321;LOC101060351;LOC101060367;LOC101060376;LOC101060389;LOC101060403;LOC101060421;LOC101060440;LOC101060489;LOC101060506;TBC1D3;TBC1D3C;TBC1D3F
CDKN1C	CDKN1C
DPYD-IT1	DPYD-IT1
OTTHUMG00000017554;RP11-118K6.2	OTTHUMG00000017554;RP11-118K6.2
MIR4520B	MIR4520B
MCPH1	MCPH1
RASEF	RASEF
OTTHUMG00000008300;RP5-1198O20.4	OTTHUMG00000008300;RP5-1198O20.4
RPL19P13	RPL19P13
OTTHUMG00000019951;RP11-402N8.1	OTTHUMG00000019951;RP11-402N8.1
A2M-AS1	A2M-AS1
GGA3	GGA3
HESX1	HESX1
C9orf142	C9orf142
NT5DC4	NT5DC4
HLA-DPB2	HLA-DPB2
C1orf95	C1orf95
OTTHUMG00000159418;RP11-201E8.1	OTTHUMG00000159418;RP11-201E8.1
OTTHUMG00000161427;RP11-502M1.2	OTTHUMG00000161427;RP11-502M1.2
LOC100506060	LOC100506060
SYNJ2	SYNJ2
EAPP	EAPP
EGLN2	EGLN2
ST6GAL1	ST6GAL1
KRT79	KRT79
TSPYL5	TSPYL5
FAM86EP	FAM86EP
SCAMP2	SCAMP2
CAPN14	CAPN14
AC012456.4;OTTHUMG00000151836	AC012456.4;OTTHUMG00000151836
CAV2	CAV2
AP000688.11;OTTHUMG00000086615	AP000688.11;OTTHUMG00000086615
RNA5SP48	RNA5SP48
ABCC6	ABCC6
KRI1	KRI1
PRRC2C	PRRC2C
WBP11P1	WBP11P1
SLC19A1	SLC19A1
HLA-G	HLA-G
HLA-G	HLA-G
MRPL14	MRPL14
AC114877.3;OTTHUMG00000155686	AC114877.3;OTTHUMG00000155686
DAZ2;DAZ3;DAZ4	DAZ2;DAZ3;DAZ4
SLC35A3	SLC35A3
SCUBE2	SCUBE2
P4HA2-AS1	P4HA2-AS1
MIR532	MIR532
CHRDL1	CHRDL1
IKZF2	IKZF2
OTTHUMG00000162997;RP11-43D2.2	OTTHUMG00000162997;RP11-43D2.2
OTTHUMG00000163972;RP11-317N12.1	OTTHUMG00000163972;RP11-317N12.1
GPRIN3	GPRIN3
MIR548AJ2	MIR548AJ2
DLGAP4	DLGAP4
GLB1L	GLB1L
LY6G5B	LY6G5B
LY6G5B	LY6G5B
MAGEA1	MAGEA1
TAS2R50	TAS2R50
RNU6-68P	RNU6-68P
MEP1B	MEP1B
RNU6-77	RNU6-77
FAM27E1;FAM27E3	FAM27E1;FAM27E3
RNA5SP507	RNA5SP507
SERPINE2	SERPINE2
OTTHUMG00000034984;RP11-492I21.1	OTTHUMG00000034984;RP11-492I21.1
GJB4	GJB4
TIGD6	TIGD6
LRRC3B	LRRC3B
LOXL2	LOXL2
AHDC1	AHDC1
LINC00841	LINC00841
TSPAN7	TSPAN7
TRAPPC2	TRAPPC2
DIRC2	DIRC2
SHD	SHD
HCG23	HCG23
HCG23	HCG23
C14orf1	C14orf1
TMEM27	TMEM27
PLXNA4	PLXNA4
UG0898H09	UG0898H09
RNA5SP192	RNA5SP192
LINC00658	LINC00658
OR51A2	OR51A2
LINC00871	LINC00871
GGT6	GGT6
AC067959.1;OTTHUMG00000151796	AC067959.1;OTTHUMG00000151796
ST7-AS1	ST7-AS1
MKNK2	MKNK2
FKSG62	FKSG62
CTD-2552K11.2;OTTHUMG00000164986	CTD-2552K11.2;OTTHUMG00000164986
MIR934	MIR934
MYL4	MYL4
PIM1	PIM1
PCGF2	PCGF2
COL4A2	COL4A2
MIR562	MIR562
C1QTNF1	C1QTNF1
TRPV6	TRPV6
CTA-384D8.31;OTTHUMG00000155749	CTA-384D8.31;OTTHUMG00000155749
SLC23A1	SLC23A1
AC012314.20;OTTHUMG00000149883	AC012314.20;OTTHUMG00000149883
CTB-129O4.1;OTTHUMG00000163311	CTB-129O4.1;OTTHUMG00000163311
C14orf93	C14orf93
KIRREL3	KIRREL3
RNPS1	RNPS1
LOC387647;OTTHUMG00000017881;PTCHD3P1;RP11-534G20.3	LOC387647;OTTHUMG00000017881;PTCHD3P1;RP11-534G20.3
OTTHUMG00000149240;XXbac-BPG299F13.14	OTTHUMG00000149240;XXbac-BPG299F13.14
LLGL2	LLGL2
OTTHUMG00000005710;RP11-399E6.1	OTTHUMG00000005710;RP11-399E6.1
MRM1	MRM1
AKR1E2	AKR1E2
OTTHUMG00000156509;RP4-672N11.1	OTTHUMG00000156509;RP4-672N11.1
C16orf72	C16orf72
LL0XNC01-250H12.2;OTTHUMG00000022101	LL0XNC01-250H12.2;OTTHUMG00000022101
SNORD99	SNORD99
OTTHUMG00000014120;RP1-80B9.2	OTTHUMG00000014120;RP1-80B9.2
RPRD1A	RPRD1A
OTTHUMG00000018179;RP11-563N6.6	OTTHUMG00000018179;RP11-563N6.6
OTTHUMG00000037143;RP11-135J2.3	OTTHUMG00000037143;RP11-135J2.3
C1orf185	C1orf185
HSPB11	HSPB11
RUNX1-IT1	RUNX1-IT1
BRSK2	BRSK2
LOC100507431	LOC100507431
OTTHUMG00000163011;RP11-395P13.5	OTTHUMG00000163011;RP11-395P13.5
OTTHUMG00000164759;RP11-381I15.1	OTTHUMG00000164759;RP11-381I15.1
TMEM14C	TMEM14C
AC108142.1;MGC45800;OTTHUMG00000133641	AC108142.1;MGC45800;OTTHUMG00000133641
AC116366.5;OTTHUMG00000059494	AC116366.5;OTTHUMG00000059494
PLP1	PLP1
C22orf28;RTCB	C22orf28;RTCB
ZNF526	ZNF526
AC003084.2;OTTHUMG00000150172	AC003084.2;OTTHUMG00000150172
PRDM8	PRDM8
POU2AF1	POU2AF1
CES1P2	CES1P2
LOC100128881	LOC100128881
HLA-DRB6	HLA-DRB6
TMEM232	TMEM232
SLAMF9	SLAMF9
STEAP1B	STEAP1B
HSPA1A;HSPA1B	HSPA1A;HSPA1B
UTP3	UTP3
RNU5E-4P	RNU5E-4P
FBXO22	FBXO22
LOC100652791	LOC100652791
LOXL1	LOXL1
MIR219-1	MIR219-1
MIR219-1	MIR219-1
MIR219-1	MIR219-1
MIR219-1	MIR219-1
MIR219-1	MIR219-1
MIR219-1	MIR219-1
FLOT1	FLOT1
INPP1	INPP1
TINF2	TINF2
LPCAT3	LPCAT3
YRDC	YRDC
PRH1	PRH1
C6orf25	C6orf25
LINC00282	LINC00282
ACR	ACR
AC017002.1;OTTHUMG00000153695	AC017002.1;OTTHUMG00000153695
LOC100507547;PRRT1	LOC100507547;PRRT1
LOC100507547;PRRT1	LOC100507547;PRRT1
RAX	RAX
OTTHUMG00000157278;RP11-325F22.3	OTTHUMG00000157278;RP11-325F22.3
ZMAT1	ZMAT1
OTTHUMG00000163393;RP11-115J23.1	OTTHUMG00000163393;RP11-115J23.1
SNX30	SNX30
ZNF440	ZNF440
TTTY6;TTTY6B	TTTY6;TTTY6B
FAM138B;FAM138D	FAM138B;FAM138D
FBXO34	FBXO34
STAU2	STAU2
FAHD2B;FAHD2CP	FAHD2B;FAHD2CP
LTA	LTA
LTA	LTA
LTA	LTA
SETX	SETX
HMCN2;LOC101060175	HMCN2;LOC101060175
HSCB	HSCB
ADM	ADM
KLHL28	KLHL28
FAM161A	FAM161A
RAD21L1;SNPH	RAD21L1;SNPH
AC005237.4;OTTHUMG00000151792	AC005237.4;OTTHUMG00000151792
LOC100289574	LOC100289574
ITGB4	ITGB4
AL672294.1;OTTHUMG00000040425	AL672294.1;OTTHUMG00000040425
LOC441167;OTTHUMG00000164691;RP3-399L15.3	LOC441167;OTTHUMG00000164691;RP3-399L15.3
CHAC2	CHAC2
PRKD2	PRKD2
FAM117B	FAM117B
JUP	JUP
ALS2CL	ALS2CL
TMUB2	TMUB2
RNA5SP92	RNA5SP92
SIPA1L3	SIPA1L3
HCG23	HCG23
HCG23	HCG23
HCG23	HCG23
OTTHUMG00000017146;RP11-452B18.2	OTTHUMG00000017146;RP11-452B18.2
NOL3	NOL3
HSPB8	HSPB8
E2F8	E2F8
OTTHUMG00000164236;RP11-388K12.2	OTTHUMG00000164236;RP11-388K12.2
GPC5-AS1	GPC5-AS1
PRR13	PRR13
LOC541473	LOC541473
GLRA3	GLRA3
OTTHUMG00000160692;RP11-752D24.2	OTTHUMG00000160692;RP11-752D24.2
MRPL2	MRPL2
OTTHUMG00000037935;RP11-239E10.3	OTTHUMG00000037935;RP11-239E10.3
ALKBH6	ALKBH6
OR7E5P	OR7E5P
NUAK1	NUAK1
TMEM129	TMEM129
ELOF1	ELOF1
OTTHUMG00000156244;RP11-89N17.4	OTTHUMG00000156244;RP11-89N17.4
LOC285768;OTTHUMG00000014118;RP5-1077H22.1	LOC285768;OTTHUMG00000014118;RP5-1077H22.1
CALN1	CALN1
GSTM1	GSTM1
COPS5	COPS5
TMCO4	TMCO4
LRRN4CL	LRRN4CL
RPS20P22	RPS20P22
MIS18BP1	MIS18BP1
OTTHUMG00000159352;RP11-80H8.4	OTTHUMG00000159352;RP11-80H8.4
AC008440.10;OTTHUMG00000149885	AC008440.10;OTTHUMG00000149885
AC103564.7;OTTHUMG00000153714	AC103564.7;OTTHUMG00000153714
KMT2E;MLL5	KMT2E;MLL5
PLCB2	PLCB2
AC005355.3;OTTHUMG00000163058	AC005355.3;OTTHUMG00000163058
OTTHUMG00000015979;RP1-230L10.1	OTTHUMG00000015979;RP1-230L10.1
C16orf3	C16orf3
HTR1D	HTR1D
ANXA6	ANXA6
SYNRG	SYNRG
OTTHUMG00000017574;RP11-34C15.2	OTTHUMG00000017574;RP11-34C15.2
LOC286442;OTTHUMG00000024095;RP11-265P11.2	LOC286442;OTTHUMG00000024095;RP11-265P11.2
TRIM10	TRIM10
USP17L18	USP17L18
LDLRAD2	LDLRAD2
ABCC3	ABCC3
GPR45	GPR45
ANKRD36B;LOC100996862	ANKRD36B;LOC100996862
CD44	CD44
OTTHUMG00000015138;RP11-321N4.3	OTTHUMG00000015138;RP11-321N4.3
ANXA8;ANXA8L2;C10orf43;LOC100996760;LOC101060462;OTTHUMG00000018128	ANXA8;ANXA8L2;C10orf43;LOC100996760;LOC101060462;OTTHUMG00000018128
OTTHUMG00000017942;RP11-490O24.2	OTTHUMG00000017942;RP11-490O24.2
EXOG	EXOG
WDR83OS	WDR83OS
BAGE;BAGE2;BAGE3;BAGE4;BAGE5	BAGE;BAGE2;BAGE3;BAGE4;BAGE5
MIR4519	MIR4519
GAL3ST4	GAL3ST4
SLC29A3	SLC29A3
SHROOM1	SHROOM1
VPRBP	VPRBP
TRAF3IP3	TRAF3IP3
PPM1J	PPM1J
RNU4-2	RNU4-2
LOC100506321	LOC100506321
LOC100652772;OTTHUMG00000162220;RP11-159F24.1	LOC100652772;OTTHUMG00000162220;RP11-159F24.1
AC078883.3;OTTHUMG00000154089	AC078883.3;OTTHUMG00000154089
CEACAM6	CEACAM6
MIR3173	MIR3173
C4orf29	C4orf29
OTTHUMG00000021825;RP11-493K23.4	OTTHUMG00000021825;RP11-493K23.4
MBD1	MBD1
OTTHUMG00000156320;OXR1;RP11-395G23.3	OTTHUMG00000156320;OXR1;RP11-395G23.3
CD4	CD4
C5orf30	C5orf30
RNA5SP25	RNA5SP25
RNU105A;SNORA73B	RNU105A;SNORA73B
APOLD1	APOLD1
FBXO24	FBXO24
MIR4310	MIR4310
OTTHUMG00000158383;RP11-875H7.5	OTTHUMG00000158383;RP11-875H7.5
C6orf48;SNORD48;SNORD52	C6orf48;SNORD48;SNORD52
OTTHUMG00000017139;RP11-501G7.1	OTTHUMG00000017139;RP11-501G7.1
BCS1L	BCS1L
NOTCH4	NOTCH4
GCM2	GCM2
IGJ	IGJ
OTTHUMG00000163716;RP11-1080G15.2	OTTHUMG00000163716;RP11-1080G15.2
L29074.3;OTTHUMG00000022605	L29074.3;OTTHUMG00000022605
OTTHUMG00000022662;RP13-228J13.1;TMLHE-AS1	OTTHUMG00000022662;RP13-228J13.1;TMLHE-AS1
RILPL2	RILPL2
POGLUT1	POGLUT1
TSPYL1	TSPYL1
ANKRD34A;LOC101060487	ANKRD34A;LOC101060487
RNA5SP179	RNA5SP179
CRYGD	CRYGD
KANSL1	KANSL1
CMC1	CMC1
SCGB1D2	SCGB1D2
AP000304.2;DONSON;OTTHUMG00000065868	AP000304.2;DONSON;OTTHUMG00000065868
OTTHUMG00000019532;RP11-390F4.6	OTTHUMG00000019532;RP11-390F4.6
RNA5SP37	RNA5SP37
FBXO3	FBXO3
TBC1D9	TBC1D9
AGPAT3	AGPAT3
LYZL4	LYZL4
MRPS31P5;OTTHUMG00000016962;RP11-64P12.8	MRPS31P5;OTTHUMG00000016962;RP11-64P12.8
ASXL1	ASXL1
LRIT1	LRIT1
ADAM9	ADAM9
DAZAP2	DAZAP2
MYH9	MYH9
OTTHUMG00000021824;PABPC1L2A;PABPC1L2B;RP11-493K23.3	OTTHUMG00000021824;PABPC1L2A;PABPC1L2B;RP11-493K23.3
VIPR1	VIPR1
NME8	NME8
RAB3A	RAB3A
CPNE6	CPNE6
OTTHUMG00000150002;RP1-302D9.2	OTTHUMG00000150002;RP1-302D9.2
IRF1	IRF1
TMC1	TMC1
C1QC	C1QC
OTTHUMG00000018585;RP11-773D16.1	OTTHUMG00000018585;RP11-773D16.1
RNF145	RNF145
SUV420H2	SUV420H2
SPG7	SPG7
OTTHUMG00000157300;RP11-255G21.1	OTTHUMG00000157300;RP11-255G21.1
KIR2DL4	KIR2DL4
PDLIM1	PDLIM1
WIPF2	WIPF2
TTLL11	TTLL11
MFAP4	MFAP4
NCOR1	NCOR1
SNORD104	SNORD104
IGHV3OR16-7	IGHV3OR16-7
LHFPL3-AS1	LHFPL3-AS1
OTTHUMG00000017650;RP11-428L9.1	OTTHUMG00000017650;RP11-428L9.1
RNA5SP79	RNA5SP79
ZDHHC23	ZDHHC23
OTTHUMG00000019301;RP13-439H18.4	OTTHUMG00000019301;RP13-439H18.4
NAAA	NAAA
LOXL1-AS1	LOXL1-AS1
OTTHUMG00000021255;RP13-314C10.5	OTTHUMG00000021255;RP13-314C10.5
SEMA3E	SEMA3E
LOC388499	LOC388499
BACE1-AS	BACE1-AS
RIMKLBP1	RIMKLBP1
OTTHUMG00000056480;RP5-1103B4.3	OTTHUMG00000056480;RP5-1103B4.3
C7orf65	C7orf65
RNU11	RNU11
EMC8	EMC8
ZNF704	ZNF704
MUM1	MUM1
MXRA8	MXRA8
OTTHUMG00000024213;U52111.14	OTTHUMG00000024213;U52111.14
RNF20	RNF20
OTTHUMG00000035513;RP11-108M21.1	OTTHUMG00000035513;RP11-108M21.1
TGM1	TGM1
ALOXE3	ALOXE3
PPP1R14C	PPP1R14C
ABHD16A;BAT5;OTTHUMG00000149953	ABHD16A;BAT5;OTTHUMG00000149953
OTTHUMG00000017831;RP11-80K21.3	OTTHUMG00000017831;RP11-80K21.3
ATP5L	ATP5L
AC009495.4;OTTHUMG00000154038	AC009495.4;OTTHUMG00000154038
OTTHUMG00000159115;RP11-521D12.1	OTTHUMG00000159115;RP11-521D12.1
ABHD17A	ABHD17A
ERAP1	ERAP1
MPV17L2	MPV17L2
CTC-340A15.2;OTTHUMG00000162877	CTC-340A15.2;OTTHUMG00000162877
NDFIP2	NDFIP2
ATP9B	ATP9B
SERINC4	SERINC4
PRG1	PRG1
HAO1	HAO1
MBNL1	MBNL1
FANK1-AS1	FANK1-AS1
RNU7-62P	RNU7-62P
PRKAR2A	PRKAR2A
ELMO1	ELMO1
ZNF736	ZNF736
GOT1L1	GOT1L1
PPP2R5D	PPP2R5D
OTTHUMG00000035581;RP11-295K2.3	OTTHUMG00000035581;RP11-295K2.3
AP000770.1;OTTHUMG00000045138	AP000770.1;OTTHUMG00000045138
ZNF512	ZNF512
AC107081.5;OTTHUMG00000152650	AC107081.5;OTTHUMG00000152650
SLCO2B1	SLCO2B1
DCUN1D2	DCUN1D2
TMEM231	TMEM231
ABHD16A;BAT5;OTTHUMG00000149285	ABHD16A;BAT5;OTTHUMG00000149285
LOC100507334	LOC100507334
KCTD19	KCTD19
C6orf163	C6orf163
TBC1D26	TBC1D26
SLC6A5	SLC6A5
OTTHUMG00000024076;RP11-536C5.2	OTTHUMG00000024076;RP11-536C5.2
CACNA1C	CACNA1C
LOC100996876	LOC100996876
OTTHUMG00000161757;RP11-269F21.1	OTTHUMG00000161757;RP11-269F21.1
HCG4B	HCG4B
HERC2P7	HERC2P7
C14orf183	C14orf183
GPR149	GPR149
RNU7-77P	RNU7-77P
TNFRSF13C	TNFRSF13C
CNTROB	CNTROB
LY6G5B	LY6G5B
RNF24	RNF24
SNTN	SNTN
R3HDML	R3HDML
TRAPPC6A	TRAPPC6A
STAT5B	STAT5B
USP44	USP44
OTTHUMG00000160261;RP11-231L11.3	OTTHUMG00000160261;RP11-231L11.3
ABCC1	ABCC1
MIR147A	MIR147A
LY6G5B	LY6G5B
SETD3	SETD3
NLK	NLK
ABHD16A;BAT5;OTTHUMG00000031468	ABHD16A;BAT5;OTTHUMG00000031468
ABHD16A;BAT5;OTTHUMG00000149002	ABHD16A;BAT5;OTTHUMG00000149002
ABHD16A;BAT5;OTTHUMG00000149516	ABHD16A;BAT5;OTTHUMG00000149516
DLG5	DLG5
OXCT2	OXCT2
DNAH10OS	DNAH10OS
TTTY2	TTTY2
ZNF484	ZNF484
CTD-2116N20.1;OTTHUMG00000162551	CTD-2116N20.1;OTTHUMG00000162551
AC061961.2;OTTHUMG00000153808	AC061961.2;OTTHUMG00000153808
CCL26	CCL26
RBP4	RBP4
LOC100128554	LOC100128554
RNA5SP368	RNA5SP368
FREM3	FREM3
KIAA0319	KIAA0319
TTC24	TTC24
URB1	URB1
CTIF;MIR4743	CTIF;MIR4743
FDXACB1	FDXACB1
CD99	CD99
FBXO46	FBXO46
CLEC3A	CLEC3A
DDHD1	DDHD1
PDCD1LG2	PDCD1LG2
CDYL	CDYL
RBM26	RBM26
PRX	PRX
SDHAF2	SDHAF2
POLR2J	POLR2J
MSLNL	MSLNL
RAD51-AS1	RAD51-AS1
ARHGAP39	ARHGAP39
PRSS33	PRSS33
LOC100129307;LOC100131107;LOC729159	LOC100129307;LOC100131107;LOC729159
OTTHUMG00000021819;RP11-69A21.2	OTTHUMG00000021819;RP11-69A21.2
COL26A1;EMID2	COL26A1;EMID2
OTTHUMG00000020933;RP11-611D20.2	OTTHUMG00000020933;RP11-611D20.2
SLC34A1	SLC34A1
BX284650.1;BX284650.3;FLJ39739;LINC00875;OTTHUMG00000013625;OTTHUMG00000013627	BX284650.1;BX284650.3;FLJ39739;LINC00875;OTTHUMG00000013625;OTTHUMG00000013627
AC010731.3;OTTHUMG00000154730	AC010731.3;OTTHUMG00000154730
AC007879.2;AC007879.3;OTTHUMG00000154725;OTTHUMG00000154732	AC007879.2;AC007879.3;OTTHUMG00000154725;OTTHUMG00000154732
LOC100216546	LOC100216546
APOBEC3B-AS1	APOBEC3B-AS1
AC105760.2;OTTHUMG00000153027	AC105760.2;OTTHUMG00000153027
MIR191	MIR191
OTTHUMG00000163624;RP11-93O7.5	OTTHUMG00000163624;RP11-93O7.5
PLA2G2D	PLA2G2D
FTO	FTO
PANK3	PANK3
TRIM44	TRIM44
CCBE1	CCBE1
LOC100133207	LOC100133207
NLGN4Y	NLGN4Y
NRXN3	NRXN3
GLB1;TMPPE	GLB1;TMPPE
LYRM9	LYRM9
MIR320B1	MIR320B1
GHSR	GHSR
OTTHUMG00000015925;RP11-13P5.1	OTTHUMG00000015925;RP11-13P5.1
CD27	CD27
CTC-498J12.3;OTTHUMG00000162416	CTC-498J12.3;OTTHUMG00000162416
SOCS2	SOCS2
NEK5	NEK5
SYNDIG1	SYNDIG1
USP19	USP19
TEX29	TEX29
TRIM27	TRIM27
GDNF	GDNF
OTTHUMG00000015798;RP11-350J20.5	OTTHUMG00000015798;RP11-350J20.5
AC007381.3;OTTHUMG00000152619	AC007381.3;OTTHUMG00000152619
AC072062.1;OTTHUMG00000154799	AC072062.1;OTTHUMG00000154799
CTD-2201E18.3;LOC648987;OTTHUMG00000162133	CTD-2201E18.3;LOC648987;OTTHUMG00000162133
CCNT2	CCNT2
ARAF	ARAF
PBOV1	PBOV1
TCEAL8	TCEAL8
OTTHUMG00000163757;RP11-369E15.1	OTTHUMG00000163757;RP11-369E15.1
ST8SIA3	ST8SIA3
ABCC2	ABCC2
AP003774.5;OTTHUMG00000066368	AP003774.5;OTTHUMG00000066368
WTIP	WTIP
PSMD11	PSMD11
PCDHGA5	PCDHGA5
RAD23A	RAD23A
OTTHUMG00000039910;RP11-467I20.2	OTTHUMG00000039910;RP11-467I20.2
C1orf127	C1orf127
CDH23-AS1	CDH23-AS1
OTTHUMG00000035770;RP11-134G8.5;RPS10P7	OTTHUMG00000035770;RP11-134G8.5;RPS10P7
C14orf79	C14orf79
SH2D5	SH2D5
ZDHHC1	ZDHHC1
OTTHUMG00000032152;RP4-610C12.3	OTTHUMG00000032152;RP4-610C12.3
ZNF292	ZNF292
AC009312.1;OTTHUMG00000141319	AC009312.1;OTTHUMG00000141319
MN1	MN1
SNORA11	SNORA11
ZFP14	ZFP14
KLHL36	KLHL36
IGSF21	IGSF21
HUNK	HUNK
OTTHUMG00000032760;RP4-715N11.2	OTTHUMG00000032760;RP4-715N11.2
CD5	CD5
NDST2;OTTHUMG00000018488;RP11-574K11.18	NDST2;OTTHUMG00000018488;RP11-574K11.18
RNA5SP106	RNA5SP106
SNX25	SNX25
ZDHHC19	ZDHHC19
HLA-DOB	HLA-DOB
TRIM27	TRIM27
UNC5A	UNC5A
RNA5-8SP5	RNA5-8SP5
EGLN3	EGLN3
LHX9	LHX9
AGAP2	AGAP2
BCR	BCR
ARPC1B	ARPC1B
FAM104B;LOC101060846	FAM104B;LOC101060846
KIF1B	KIF1B
SMA4	SMA4
ANKRD55	ANKRD55
RNASET2	RNASET2
PTP4A1	PTP4A1
DCXR	DCXR
RNA5SP398	RNA5SP398
AC093381.2;OTTHUMG00000154769	AC093381.2;OTTHUMG00000154769
HEATR5B	HEATR5B
FAM73B	FAM73B
HSD17B2	HSD17B2
OTTHUMG00000158637;RP11-755B10.3	OTTHUMG00000158637;RP11-755B10.3
HSPA2	HSPA2
OTTHUMG00000015645;RP3-325F22.3	OTTHUMG00000015645;RP3-325F22.3
GLYATL2	GLYATL2
PTGIS	PTGIS
LINC00524	LINC00524
PSMC4	PSMC4
KCNK7	KCNK7
F5	F5
OTTHUMG00000035264;RP11-12M5.4	OTTHUMG00000035264;RP11-12M5.4
KLC2	KLC2
EFTUD1P1	EFTUD1P1
GRM7-AS1	GRM7-AS1
AIFM3	AIFM3
LONRF3	LONRF3
SLC25A10	SLC25A10
OTTHUMG00000161676;RP11-164P12.5	OTTHUMG00000161676;RP11-164P12.5
ADAMTS12	ADAMTS12
LOC101060303;LOC101060351;LOC101060376;LOC101060389;LOC101060403;LOC101060421;LOC101060440;LOC101060489;LOC101060506;TBC1D3;TBC1D3C;TBC1D3F	LOC101060303;LOC101060351;LOC101060376;LOC101060389;LOC101060403;LOC101060421;LOC101060440;LOC101060489;LOC101060506;TBC1D3;TBC1D3C;TBC1D3F
ABCC10	ABCC10
PDE3A	PDE3A
GUCY2GP	GUCY2GP
LOC100996817;POM121L1P	LOC100996817;POM121L1P
MGC2752	MGC2752
OTTHUMG00000150102;RP11-404E16.1;SNX27	OTTHUMG00000150102;RP11-404E16.1;SNX27
NEURL3	NEURL3
ZNF699	ZNF699
SGSM2	SGSM2
SOS2	SOS2
OTTHUMG00000158359;RP11-64C1.1	OTTHUMG00000158359;RP11-64C1.1
RNU6-44	RNU6-44
DHRSX;OTTHUMG00000159326;RP11-325D5.3;ZBED1	DHRSX;OTTHUMG00000159326;RP11-325D5.3;ZBED1
FAM59B;GAREML	FAM59B;GAREML
PTPLA	PTPLA
LAMTOR4	LAMTOR4
OTTHUMG00000161494;RP11-1079K10.5	OTTHUMG00000161494;RP11-1079K10.5
SAP30	SAP30
AC013448.1;OTTHUMG00000153378	AC013448.1;OTTHUMG00000153378
NANP	NANP
LOC100507651;OTTHUMG00000164416;RP11-513O17.2	LOC100507651;OTTHUMG00000164416;RP11-513O17.2
NCBP1	NCBP1
DGKA	DGKA
CNFN	CNFN
AKAP10	AKAP10
CRISP1	CRISP1
KIAA1147;OTTHUMG00000157537;RP5-894A10.2	KIAA1147;OTTHUMG00000157537;RP5-894A10.2
EM:AC006547.7;LINC00896	EM:AC006547.7;LINC00896
OTTHUMG00000018055;RP11-20J15.2	OTTHUMG00000018055;RP11-20J15.2
OTTHUMG00000040015;RP11-278H7.3	OTTHUMG00000040015;RP11-278H7.3
FOXA1	FOXA1
SBNO1	SBNO1
AC074363.1;OTTHUMG00000154028	AC074363.1;OTTHUMG00000154028
LOC100505828;MGST3	LOC100505828;MGST3
DGKZ	DGKZ
SERPINB1	SERPINB1
NRG3-AS1;OTTHUMG00000018625;RP11-202D18.2	NRG3-AS1;OTTHUMG00000018625;RP11-202D18.2
DPF3	DPF3
ITGB2	ITGB2
GLIPR2	GLIPR2
MATN1	MATN1
SUGP2	SUGP2
OTTHUMG00000162055;RP11-893F2.5	OTTHUMG00000162055;RP11-893F2.5
OTTHUMG00000017159;RP11-30L8.1	OTTHUMG00000017159;RP11-30L8.1
RNA5SP348	RNA5SP348
ABCC11	ABCC11
ALAD	ALAD
RNA5SP90	RNA5SP90
HLA-DRB1;HLA-DRB3	HLA-DRB1;HLA-DRB3
OTOG	OTOG
OTTHUMG00000015981;RP11-347L18.1	OTTHUMG00000015981;RP11-347L18.1
FAM182A	FAM182A
GALC	GALC
INSC	INSC
INHA	INHA
NPY2R	NPY2R
CD74	CD74
OTTHUMG00000161832;RP11-304F15.4	OTTHUMG00000161832;RP11-304F15.4
RNA5SP198	RNA5SP198
LOC100132891;OTTHUMG00000164497;RP11-383H13.1	LOC100132891;OTTHUMG00000164497;RP11-383H13.1
SLC14A1	SLC14A1
DPY30	DPY30
CWC15	CWC15
CTC-210G5.1;MGC32805;OTTHUMG00000162973	CTC-210G5.1;MGC32805;OTTHUMG00000162973
AC017074.2;OTTHUMG00000153380	AC017074.2;OTTHUMG00000153380
OTTHUMG00000012496;RP11-126K1.6	OTTHUMG00000012496;RP11-126K1.6
OTTHUMG00000000481;RP11-329N22.1	OTTHUMG00000000481;RP11-329N22.1
ACVR1C	ACVR1C
FGD5	FGD5
C4orf19	C4orf19
SLC1A5	SLC1A5
FBP2	FBP2
BCAN	BCAN
DDX11	DDX11
GEMIN2	GEMIN2
ERICH2	ERICH2
AC007383.3;OTTHUMG00000154653	AC007383.3;OTTHUMG00000154653
XRCC4	XRCC4
FSCN2	FSCN2
LEFTY1	LEFTY1
SLC41A3	SLC41A3
STRAP	STRAP
KRT78	KRT78
BX571672.1;OTTHUMG00000013471	BX571672.1;OTTHUMG00000013471
RNU6-80	RNU6-80
EPHX3	EPHX3
MIR4804	MIR4804
NKPD1	NKPD1
SCGB1D1	SCGB1D1
HIVEP3	HIVEP3
TRIM10	TRIM10
TRIM10	TRIM10
TRIM10	TRIM10
SNORD11B	SNORD11B
SPAG17	SPAG17
RNU6-70	RNU6-70
OTTHUMG00000032716;RP11-112L6.2	OTTHUMG00000032716;RP11-112L6.2
AFP	AFP
ITM2A	ITM2A
ABHD16A;BAT5;OTTHUMG00000137411	ABHD16A;BAT5;OTTHUMG00000137411
DUSP5	DUSP5
HMBOX1-IT1	HMBOX1-IT1
DNPEP	DNPEP
KTN1-AS1	KTN1-AS1
BPIFA1	BPIFA1
FAM230C	FAM230C
LOC100129540	LOC100129540
FAM159B	FAM159B
C1orf51	C1orf51
OTTHUMG00000021249;RP11-40F8.2	OTTHUMG00000021249;RP11-40F8.2
DCAF13	DCAF13
ALDH1L1	ALDH1L1
SLC24A3	SLC24A3
AC092675.3;OTTHUMG00000153102	AC092675.3;OTTHUMG00000153102
ZNF596	ZNF596
KBTBD3	KBTBD3
SPINT1	SPINT1
CHRDL2	CHRDL2
RFX2	RFX2
ACO2	ACO2
MIR3907	MIR3907
ARRB1	ARRB1
CCDC22	CCDC22
GRIA1	GRIA1
C14orf166	C14orf166
BAI1	BAI1
RNA5SP143	RNA5SP143
OTTHUMG00000058662;RP11-764K9.1	OTTHUMG00000058662;RP11-764K9.1
OTTHUMG00000058669;RP11-449H15.2	OTTHUMG00000058669;RP11-449H15.2
OTTHUMG00000014657;RP11-552E20.1	OTTHUMG00000014657;RP11-552E20.1
NUMBL	NUMBL
CREB3L3	CREB3L3
AC116609.2;OTTHUMG00000151380	AC116609.2;OTTHUMG00000151380
OTTHUMG00000019570;RP11-120J1.1	OTTHUMG00000019570;RP11-120J1.1
HAT1	HAT1
KIF16B	KIF16B
HLA-DOB	HLA-DOB
AZGP1P1	AZGP1P1
OTOF	OTOF
CLDN14	CLDN14
MEGF9	MEGF9
OTTHUMG00000160990;RP11-297P16.4	OTTHUMG00000160990;RP11-297P16.4
ANO10	ANO10
PRAMEF17	PRAMEF17
TMEM106C	TMEM106C
MIR3121	MIR3121
MRPL27	MRPL27
CTA-929C8.8;OTTHUMG00000150950	CTA-929C8.8;OTTHUMG00000150950
LOC644936	LOC644936
MIR1343	MIR1343
TP53TG3;TP53TG3B;TP53TG3C;TP53TG3D	TP53TG3;TP53TG3B;TP53TG3C;TP53TG3D
DHX29	DHX29
SLC10A4	SLC10A4
LOC100132913;OTTHUMG00000041037;RP11-439A17.7	LOC100132913;OTTHUMG00000041037;RP11-439A17.7
DCAF7	DCAF7
RNA5SP399	RNA5SP399
RNU6ATAC4P	RNU6ATAC4P
DKFZP686I15217;OTTHUMG00000014128;RP1-90J20.7	DKFZP686I15217;OTTHUMG00000014128;RP1-90J20.7
PHF10	PHF10
LINC00353	LINC00353
OSBPL8	OSBPL8
MDS2	MDS2
OTTHUMG00000020831;RP11-323H21.3	OTTHUMG00000020831;RP11-323H21.3
GGA2	GGA2
SEMA4G	SEMA4G
DNM1P46	DNM1P46
MIR2052	MIR2052
OTTHUMG00000161747;RP11-452C8.1	OTTHUMG00000161747;RP11-452C8.1
MAFA	MAFA
PODN	PODN
LOC100507459;OTTHUMG00000031624;RP5-1103G7.4	LOC100507459;OTTHUMG00000031624;RP5-1103G7.4
FOXR1	FOXR1
MGAT2	MGAT2
ADAMTS16	ADAMTS16
OTTHUMG00000160986;RP11-323J4.1	OTTHUMG00000160986;RP11-323J4.1
UGT8	UGT8
METTL1	METTL1
OTTHUMG00000035507;RP1-127D3.4	OTTHUMG00000035507;RP1-127D3.4
ADAMTSL4;LOC100996516	ADAMTSL4;LOC100996516
PIK3CA	PIK3CA
C10orf137	C10orf137
VIPR2	VIPR2
HNRNPA3P5	HNRNPA3P5
LGALS2	LGALS2
TRIM27	TRIM27
OTTHUMG00000160525;RP11-227F19.2	OTTHUMG00000160525;RP11-227F19.2
FOXC2	FOXC2
RETN	RETN
TMED4	TMED4
SSR3	SSR3
LOC100506730	LOC100506730
SF3B4	SF3B4
FSD1	FSD1
OTTHUMG00000161060;RP11-742B18.1	OTTHUMG00000161060;RP11-742B18.1
GSTT1	GSTT1
WASH2P	WASH2P
CTC-458I2.2;OTTHUMG00000162657	CTC-458I2.2;OTTHUMG00000162657
RNA5SP250	RNA5SP250
MOV10	MOV10
LYPD1	LYPD1
LOC285419;OTTHUMG00000161162;RP11-93L9.1	LOC285419;OTTHUMG00000161162;RP11-93L9.1
LOC100506834;OTTHUMG00000020143;RP11-276H19.1	LOC100506834;OTTHUMG00000020143;RP11-276H19.1
SLC45A1	SLC45A1
AP2B1	AP2B1
MAL	MAL
OTTHUMG00000034807;RP11-296O14.3	OTTHUMG00000034807;RP11-296O14.3
TPCN1	TPCN1
NAV2	NAV2
MUC13	MUC13
DESI2	DESI2
OR7E91P	OR7E91P
SNORD111	SNORD111
AC008073.9;OTTHUMG00000151894	AC008073.9;OTTHUMG00000151894
CCNL1	CCNL1
MIR4526	MIR4526
ANKRD23	ANKRD23
MICAL1	MICAL1
OTTHUMG00000161174;RP11-501C14.5	OTTHUMG00000161174;RP11-501C14.5
ZMYM2	ZMYM2
IGHV3-33	IGHV3-33
LOC100507464;OTTHUMG00000164210;RP11-738G5.1	LOC100507464;OTTHUMG00000164210;RP11-738G5.1
OTTHUMG00000000392;RP11-311H10.4	OTTHUMG00000000392;RP11-311H10.4
RNF126P1	RNF126P1
PLLP	PLLP
SRSF12	SRSF12
IL27RA	IL27RA
RNU6-3	RNU6-3
MFAP2	MFAP2
XIST	XIST
DGKB	DGKB
KLB	KLB
PPIAP30	PPIAP30
KRTAP1-4	KRTAP1-4
APOC1	APOC1
MUC5B	MUC5B
WASH1	WASH1
SAGE1	SAGE1
SBF2	SBF2
SLC7A5	SLC7A5
ETF1	ETF1
FAM89A;MIR1182	FAM89A;MIR1182
C1QTNF3	C1QTNF3
PRR24	PRR24
LCE3E	LCE3E
RNA5SP33	RNA5SP33
EIF3FP3	EIF3FP3
LOC100652849;LOC100653110;PGRMC2	LOC100652849;LOC100653110;PGRMC2
OTTHUMG00000160663;RP11-319E12.1	OTTHUMG00000160663;RP11-319E12.1
ATG3	ATG3
CHURC1-FNTB;FNTB	CHURC1-FNTB;FNTB
OTTHUMG00000020025;RP11-171A24.3	OTTHUMG00000020025;RP11-171A24.3
LOC100996490;OTTHUMG00000158238;RP11-416O18.1	LOC100996490;OTTHUMG00000158238;RP11-416O18.1
KLF3	KLF3
MIR1245A;MIR1245B	MIR1245A;MIR1245B
RNA5SP466	RNA5SP466
OTTHUMG00000032990;RP4-583P15.11	OTTHUMG00000032990;RP4-583P15.11
SLC25A46	SLC25A46
OTTHUMG00000163705;RP11-156K13.1	OTTHUMG00000163705;RP11-156K13.1
TRAPPC6B	TRAPPC6B
LOC100506948;PAR-SN;SNORD107;SNORD115-13;SNORD115-26;SNORD115-7;SNORD116-28	LOC100506948;PAR-SN;SNORD107;SNORD115-13;SNORD115-26;SNORD115-7;SNORD116-28
ATF3	ATF3
OR4F2P	OR4F2P
PAPD4	PAPD4
MLH3	MLH3
OTTHUMG00000018875;RP11-34A14.3	OTTHUMG00000018875;RP11-34A14.3
MRAP	MRAP
C11orf91;CD59	C11orf91;CD59
DTX1	DTX1
ZNF229	ZNF229
CCDC115	CCDC115
CD79A	CD79A
ACAT2	ACAT2
RHOT1	RHOT1
BOK-AS1	BOK-AS1
AC002331.1;OTTHUMG00000060136	AC002331.1;OTTHUMG00000060136
PUS1	PUS1
BST1	BST1
RNA5SP388	RNA5SP388
ILF3-AS1	ILF3-AS1
FGFBP3	FGFBP3
NODAL	NODAL
VPS41	VPS41
RNA5SP289	RNA5SP289
RGL4	RGL4
IRAK3	IRAK3
DENND1C	DENND1C
MYOZ1	MYOZ1
OTTHUMG00000164458;RP11-142A23.1	OTTHUMG00000164458;RP11-142A23.1
ZNHIT1	ZNHIT1
CCDC85C	CCDC85C
LOC100128398	LOC100128398
OTTHUMG00000158329;RP4-584D14.6	OTTHUMG00000158329;RP4-584D14.6
CRHR1-IT1	CRHR1-IT1
GBP3	GBP3
MIR3973	MIR3973
SLC4A8	SLC4A8
MIR4435-1;MIR4435-2	MIR4435-1;MIR4435-2
RNF166	RNF166
NT5C3B;NT5C3L	NT5C3B;NT5C3L
MAGED4;MAGED4B;SNORA11D	MAGED4;MAGED4B;SNORA11D
OTTHUMG00000011166;RP5-1125M8.2	OTTHUMG00000011166;RP5-1125M8.2
OTTHUMG00000162145;RP11-454E7.1	OTTHUMG00000162145;RP11-454E7.1
PIGF	PIGF
AP001595.1;OTTHUMG00000078482	AP001595.1;OTTHUMG00000078482
SPTBN5	SPTBN5
C11orf16	C11orf16
TP53INP2	TP53INP2
LOC286189;OTTHUMG00000164449;RP11-664D7.4	LOC286189;OTTHUMG00000164449;RP11-664D7.4
OTTHUMG00000043709;RP4-704D21.2	OTTHUMG00000043709;RP4-704D21.2
RIF1	RIF1
S100B	S100B
OTTHUMG00000161730;RP11-725D20.1	OTTHUMG00000161730;RP11-725D20.1
MOG	MOG
MAP1LC3B	MAP1LC3B
OTTHUMG00000156171;RP13-766D20.2	OTTHUMG00000156171;RP13-766D20.2
ZNF142	ZNF142
MIR635	MIR635
OSTF1	OSTF1
RNU7-11P	RNU7-11P
OTTHUMG00000150003;RP1-90G24.8	OTTHUMG00000150003;RP1-90G24.8
UBAP1	UBAP1
MIR3180-1;MIR3180-2;MIR3180-3	MIR3180-1;MIR3180-2;MIR3180-3
MIR122;MIR3591	MIR122;MIR3591
GATA6	GATA6
ZNF354B	ZNF354B
OTTHUMG00000020155;XXyac-YM21GA2.3	OTTHUMG00000020155;XXyac-YM21GA2.3
RNF6	RNF6
OR4F16;OR4F29;OR4F3	OR4F16;OR4F29;OR4F3
OR4F16;OR4F29;OR4F3	OR4F16;OR4F29;OR4F3
SPNS3	SPNS3
OTTHUMG00000163326;RP11-541P9.3	OTTHUMG00000163326;RP11-541P9.3
OTTHUMG00000161339;RP11-208N20.1	OTTHUMG00000161339;RP11-208N20.1
RAB11B	RAB11B
FAM41AY1;FAM41AY2	FAM41AY1;FAM41AY2
FAM41AY1;FAM41AY2	FAM41AY1;FAM41AY2
PSEN2	PSEN2
DNAI1	DNAI1
NEO1	NEO1
TXLNG	TXLNG
ELK3	ELK3
CTDSP1	CTDSP1
FAIM3	FAIM3
ZNF479	ZNF479
LOC100507250	LOC100507250
RNF38	RNF38
SLC5A9	SLC5A9
AC008753.6;OTTHUMG00000060780	AC008753.6;OTTHUMG00000060780
KBTBD7	KBTBD7
RBM12B-AS2	RBM12B-AS2
NXPH1	NXPH1
OR2A7	OR2A7
PRELID2	PRELID2
OTTHUMG00000162230;RP11-8L21.1	OTTHUMG00000162230;RP11-8L21.1
MIR1275	MIR1275
UFSP2	UFSP2
STAU2-AS1	STAU2-AS1
KDM1B	KDM1B
LOC100506985	LOC100506985
ODF1	ODF1
RNU2-7P	RNU2-7P
SMN1;SMN2	SMN1;SMN2
AC064853.2;OTTHUMG00000153551	AC064853.2;OTTHUMG00000153551
OTTHUMG00000018558;RP11-481G8.2	OTTHUMG00000018558;RP11-481G8.2
C2orf27B	C2orf27B
PTTG3P	PTTG3P
OTTHUMG00000017566;RP11-184A2.3	OTTHUMG00000017566;RP11-184A2.3
OTTHUMG00000013953;RP11-353N4.4	OTTHUMG00000013953;RP11-353N4.4
LTA	LTA
CTB-51A17.1;OTTHUMG00000161749	CTB-51A17.1;OTTHUMG00000161749
C1orf233	C1orf233
RBFOX2	RBFOX2
CLDN10	CLDN10
OR2L2	OR2L2
LY6G5B	LY6G5B
LY6G5B	LY6G5B
CTC-338M12.6;LOC100507546;OTTHUMG00000163005	CTC-338M12.6;LOC100507546;OTTHUMG00000163005
BBS12	BBS12
NOP14-AS1	NOP14-AS1
MIR670	MIR670
LOC284648	LOC284648
RNA5SP379	RNA5SP379
OTTHUMG00000008359;RP5-866L20.1	OTTHUMG00000008359;RP5-866L20.1
AC016700.5;LOC100133985;OTTHUMG00000153133	AC016700.5;LOC100133985;OTTHUMG00000153133
HERC1	HERC1
SCARF2	SCARF2
ADAMTS13	ADAMTS13
ASPG	ASPG
TCTN2	TCTN2
MYL6P1	MYL6P1
OTTHUMG00000010830;RP11-421L21.2	OTTHUMG00000010830;RP11-421L21.2
DLG3	DLG3
TTBK1	TTBK1
OTTHUMG00000157074;RP11-359D14.2	OTTHUMG00000157074;RP11-359D14.2
STUB1	STUB1
EIF4H	EIF4H
LOC100507156;OTTHUMG00000163787;RP11-177H13.2	LOC100507156;OTTHUMG00000163787;RP11-177H13.2
TLR2	TLR2
OSBPL10	OSBPL10
MIP	MIP
HSPB7	HSPB7
HLA-DQA2	HLA-DQA2
KLF12	KLF12
ZNF323;ZSCAN31	ZNF323;ZSCAN31
OTTHUMG00000042242;RP11-458D21.2	OTTHUMG00000042242;RP11-458D21.2
LOC100507547;PRRT1	LOC100507547;PRRT1
LOC100507547;PRRT1	LOC100507547;PRRT1
EVI5L	EVI5L
USP17L21	USP17L21
C21orf33	C21orf33
SPARCL1	SPARCL1
HDGFRP3	HDGFRP3
RNU7-46P	RNU7-46P
ULK3	ULK3
MAPKBP1	MAPKBP1
TRIM10	TRIM10
BRAP	BRAP
RIC3	RIC3
OTTHUMG00000160879;RP11-97E7.1	OTTHUMG00000160879;RP11-97E7.1
TSPAN1	TSPAN1
C5orf46	C5orf46
OTTHUMG00000164208;RP11-10H3.1	OTTHUMG00000164208;RP11-10H3.1
FCN2	FCN2
ANP32C	ANP32C
MIR3140	MIR3140
TTTY11	TTTY11
PGC	PGC
AC092660.1;OTTHUMG00000152871	AC092660.1;OTTHUMG00000152871
C4A-AS1	C4A-AS1
C4B-AS1	C4B-AS1
OTTHUMG00000137633;XXbac-BPG116M5.15	OTTHUMG00000137633;XXbac-BPG116M5.15
OTTHUMG00000149049;XXbac-BPG116M5.16	OTTHUMG00000149049;XXbac-BPG116M5.16
OTTHUMG00000149558;XXbac-BPG116M5.16	OTTHUMG00000149558;XXbac-BPG116M5.16
OTTHUMG00000137498;XXbac-BPG116M5.16	OTTHUMG00000137498;XXbac-BPG116M5.16
OTTHUMG00000137660;XXbac-BPG116M5.15	OTTHUMG00000137660;XXbac-BPG116M5.15
OTTHUMG00000137666;XXbac-BPG116M5.16	OTTHUMG00000137666;XXbac-BPG116M5.16
AK9;AKD1	AK9;AKD1
LOC286149;MIR3150B;OTTHUMG00000164658;RP11-320N21.1	LOC286149;MIR3150B;OTTHUMG00000164658;RP11-320N21.1
RNU6-65	RNU6-65
MTRNR2L6	MTRNR2L6
GS1-256O22.5;OTTHUMG00000022584	GS1-256O22.5;OTTHUMG00000022584
RFPL1S	RFPL1S
LOC100506926;OTTHUMG00000015128;RP11-132M7.3	LOC100506926;OTTHUMG00000015128;RP11-132M7.3
MIR135B	MIR135B
TAF9	TAF9
SCRN2	SCRN2
AL592494.5;OTTHUMG00000013092	AL592494.5;OTTHUMG00000013092
AGAP7;AGAP8;LOC728407;OTTHUMG00000018209;PARG;RP11-592B15.3	AGAP7;AGAP8;LOC728407;OTTHUMG00000018209;PARG;RP11-592B15.3
LINC00261	LINC00261
GS1-279B7.1;LOC100288079;OTTHUMG00000035393	GS1-279B7.1;LOC100288079;OTTHUMG00000035393
KCTD3	KCTD3
NFS1	NFS1
MAPT-IT1	MAPT-IT1
CNTD1	CNTD1
ANGPTL3	ANGPTL3
HBZ	HBZ
PCMTD1	PCMTD1
LOC286059;OTTHUMG00000163763;RP11-875O11.2	LOC286059;OTTHUMG00000163763;RP11-875O11.2
OTTHUMG00000162786;RP11-1072N2.3	OTTHUMG00000162786;RP11-1072N2.3
HIST3H3	HIST3H3
RAB23	RAB23
LBX1-AS1;OTTHUMG00000018928;RP11-107I14.1	LBX1-AS1;OTTHUMG00000018928;RP11-107I14.1
RPRM	RPRM
OR5T1	OR5T1
LRRC25	LRRC25
LAMTOR5-AS1	LAMTOR5-AS1
ZNF821	ZNF821
LOC145845	LOC145845
CASP6	CASP6
SSR1	SSR1
CEBPZ	CEBPZ
EPB42	EPB42
ECHDC3	ECHDC3
FOXN3-AS1	FOXN3-AS1
CORO1C	CORO1C
SNORA37	SNORA37
OTTHUMG00000164493;RP11-434I12.2	OTTHUMG00000164493;RP11-434I12.2
AC003991.3;OTTHUMG00000153895	AC003991.3;OTTHUMG00000153895
RPS2P45	RPS2P45
AMZ2P1	AMZ2P1
NLRC3	NLRC3
SNX33	SNX33
CTD-2117L12.1;OTTHUMG00000162427	CTD-2117L12.1;OTTHUMG00000162427
TRMT6	TRMT6
RIN1	RIN1
SMCHD1	SMCHD1
LOC100132167	LOC100132167
SERTAD1	SERTAD1
MIR384	MIR384
LOC284757;LOC729296;OTTHUMG00000032883;RP5-1043L13.1	LOC284757;LOC729296;OTTHUMG00000032883;RP5-1043L13.1
AC114947.1;NIM1;OTTHUMG00000131147	AC114947.1;NIM1;OTTHUMG00000131147
OTTHUMG00000157649;RP11-775D22.3	OTTHUMG00000157649;RP11-775D22.3
OTTHUMG00000041669;RP4-681L3.2	OTTHUMG00000041669;RP4-681L3.2
OTTHUMG00000163128;RP11-267A15.1	OTTHUMG00000163128;RP11-267A15.1
TSC1	TSC1
NFE2L2	NFE2L2
LOC100505547;OTTHUMG00000157218;RP11-71G7.1	LOC100505547;OTTHUMG00000157218;RP11-71G7.1
JPH1	JPH1
FN1	FN1
INO80B	INO80B
PDHB	PDHB
SFT2D3;WDR33	SFT2D3;WDR33
CRYAA	CRYAA
AC007405.6;LOC100505695;OTTHUMG00000154075	AC007405.6;LOC100505695;OTTHUMG00000154075
ATP10D	ATP10D
KIF13A	KIF13A
AL928742.12;IGHA2;IGHD;IGHD3-9;IGHE;IGHG1;IGHG2;IGHG3;IGHJ2;IGHJ3;IGHJ4;IGHJ6;IGHV1-2;IGHV1-24;IGHV4-31;IGHV4-4;OTTHUMG00000029923;OTTHUMG00000164789;OTTHUMG00000164792;RP11-731F5.1;RP11-731F5.2	AL928742.12;IGHA2;IGHD;IGHD3-9;IGHE;IGHG1;IGHG2;IGHG3;IGHJ2;IGHJ3;IGHJ4;IGHJ6;IGHV1-2;IGHV1-24;IGHV4-31;IGHV4-4;OTTHUMG00000029923;OTTHUMG00000164789;OTTHUMG00000164792;RP11-731F5.1;RP11-731F5.2
MAFK	MAFK
OTTHUMG00000150955;RP5-1172A22.1	OTTHUMG00000150955;RP5-1172A22.1
LOC100132078	LOC100132078
ALG13	ALG13
ABHD1	ABHD1
OAS1	OAS1
OTTHUMG00000164967;RP11-398G24.2	OTTHUMG00000164967;RP11-398G24.2
RARRES3	RARRES3
LCN10	LCN10
LTA	LTA
LTA	LTA
LTA	LTA
ARFGAP2	ARFGAP2
IER2	IER2
CA6	CA6
KIAA1324L	KIAA1324L
ZNF136	ZNF136
PTP4A2	PTP4A2
OTTHUMG00000020189;RP11-406A20.1	OTTHUMG00000020189;RP11-406A20.1
RNA5SP196	RNA5SP196
KLHL21	KLHL21
IGHV3-48	IGHV3-48
PRKCQ	PRKCQ
FAM133B;FAM133DP	FAM133B;FAM133DP
FAM181A	FAM181A
EPHX2	EPHX2
HYAL1	HYAL1
LOC100288911	LOC100288911
OTTHUMG00000018659;RP11-96C23.10	OTTHUMG00000018659;RP11-96C23.10
ABTB1	ABTB1
OTTHUMG00000020648;RP11-121A14.2	OTTHUMG00000020648;RP11-121A14.2
IARS2	IARS2
NLGN2	NLGN2
CTB-105N12.2;OTTHUMG00000163875	CTB-105N12.2;OTTHUMG00000163875
OTTHUMG00000162638;RP11-158I23.1	OTTHUMG00000162638;RP11-158I23.1
PRRT2	PRRT2
DISC1;TSNAX;TSNAX-DISC1	DISC1;TSNAX;TSNAX-DISC1
AC092687.5;OTTHUMG00000153036	AC092687.5;OTTHUMG00000153036
ADAM15	ADAM15
FAM50B	FAM50B
MIR889	MIR889
MAGED4;MAGED4B;SNORA11D	MAGED4;MAGED4B;SNORA11D
CITF22-49D8.1;OTTHUMG00000150328	CITF22-49D8.1;OTTHUMG00000150328
LINC00354	LINC00354
OTTHUMG00000015244;RP3-417O22.3	OTTHUMG00000015244;RP3-417O22.3
FAR1-IT1	FAR1-IT1
RBM7	RBM7
FBXO48	FBXO48
MIR4748	MIR4748
AC013448.2;OTTHUMG00000153377	AC013448.2;OTTHUMG00000153377
HMX3	HMX3
AP001058.3;OTTHUMG00000086915	AP001058.3;OTTHUMG00000086915
CUX2	CUX2
NAP1L5	NAP1L5
OTTHUMG00000161633;RP11-121L11.2	OTTHUMG00000161633;RP11-121L11.2
MIR500B	MIR500B
OTTHUMG00000008632;RP11-91A18.5	OTTHUMG00000008632;RP11-91A18.5
RNU7-29P	RNU7-29P
OTTHUMG00000018574;RP11-506M13.3	OTTHUMG00000018574;RP11-506M13.3
KCNS1	KCNS1
ATRAID	ATRAID
SUCLA2	SUCLA2
CNPY2	CNPY2
ESAM	ESAM
NCSTN	NCSTN
TMX2	TMX2
RIOK1	RIOK1
LINC00441	LINC00441
CYP4A22-AS1	CYP4A22-AS1
KGFLP2;OTTHUMG00000067165;RP11-204M4.2	KGFLP2;OTTHUMG00000067165;RP11-204M4.2
KBTBD10;KLHL41	KBTBD10;KLHL41
AC131097.3;OTTHUMG00000151343	AC131097.3;OTTHUMG00000151343
TIMM8B	TIMM8B
SLC22A12	SLC22A12
TM2D2	TM2D2
RPS3AP47	RPS3AP47
ITIH1	ITIH1
ALDH3B1	ALDH3B1
SEC24C	SEC24C
LOC283194	LOC283194
LINC00421	LINC00421
LOC100996291	LOC100996291
UGGT1	UGGT1
RNA5SP237	RNA5SP237
GAS2L1	GAS2L1
MPZ	MPZ
LOC101059975;OTTHUMG00000003749;RP1-65J11.1	LOC101059975;OTTHUMG00000003749;RP1-65J11.1
HOXA10-HOXA9;HOXA9;MIR196B;OTTHUMG00000170193;RP1-170O19.20	HOXA10-HOXA9;HOXA9;MIR196B;OTTHUMG00000170193;RP1-170O19.20
CTNNBL1	CTNNBL1
RNF139	RNF139
TRGV4	TRGV4
PIN4	PIN4
GBP6	GBP6
SRP14	SRP14
FAM83C-AS1	FAM83C-AS1
C8orf76	C8orf76
TELO2	TELO2
SBK1	SBK1
CPZ;GPR78	CPZ;GPR78
OR4C16	OR4C16
SOGA2	SOGA2
CATSPERD	CATSPERD
ERMN	ERMN
AKR1C2;LOC101060798	AKR1C2;LOC101060798
ARL13B	ARL13B
AP001607.1;OTTHUMG00000078707	AP001607.1;OTTHUMG00000078707
OTTHUMG00000160487;RP11-386B13.3	OTTHUMG00000160487;RP11-386B13.3
TNNT1	TNNT1
FBXL8	FBXL8
CLEC4M	CLEC4M
RHEBL1	RHEBL1
MIR3919	MIR3919
PSMD7	PSMD7
OR2A4	OR2A4
RNA5SP431	RNA5SP431
COLEC10	COLEC10
RPL23AP53	RPL23AP53
SFTPC	SFTPC
FAM9C	FAM9C
MIR656	MIR656
UBQLN2	UBQLN2
VPS52	VPS52
ID1	ID1
KB-1254G8.1;OTTHUMG00000164839	KB-1254G8.1;OTTHUMG00000164839
TNRC6B	TNRC6B
ADTRP	ADTRP
CTD-2194D22.3;OTTHUMG00000161602	CTD-2194D22.3;OTTHUMG00000161602
C12orf29	C12orf29
LINC00508	LINC00508
CTB-161M19.4;OTTHUMG00000162961	CTB-161M19.4;OTTHUMG00000162961
ASMT	ASMT
KIAA0753	KIAA0753
LRRC17	LRRC17
OTTHUMG00000018470;RP11-137L10.6	OTTHUMG00000018470;RP11-137L10.6
GZMM	GZMM
FRY-AS1	FRY-AS1
SLC35D2	SLC35D2
C6orf203	C6orf203
ESPN	ESPN
UBR7	UBR7
IGKV4-1	IGKV4-1
OTTHUMG00000160863;RP11-727M10.1	OTTHUMG00000160863;RP11-727M10.1
OTTHUMG00000160867;RP11-727M10.2	OTTHUMG00000160867;RP11-727M10.2
ZNF587;ZNF587B	ZNF587;ZNF587B
RNU6-20	RNU6-20
ARMC8	ARMC8
TIMM23;TIMM23B	TIMM23;TIMM23B
BLOC1S6	BLOC1S6
AC013400.2;LINC00954;OTTHUMG00000151773	AC013400.2;LINC00954;OTTHUMG00000151773
AC007255.7;LOC646762;OTTHUMG00000152751;ZNRF2P2	AC007255.7;LOC646762;OTTHUMG00000152751;ZNRF2P2
FAM171B	FAM171B
OTTHUMG00000156464;RP11-136C24.2	OTTHUMG00000156464;RP11-136C24.2
C8orf33	C8orf33
OTTHUMG00000021822;RP11-493K23.1	OTTHUMG00000021822;RP11-493K23.1
KANSL1	KANSL1
CELF6	CELF6
OTTHUMG00000015618;OTTHUMG00000015620;RP11-557H15.4;RP11-557H15.5	OTTHUMG00000015618;OTTHUMG00000015620;RP11-557H15.4;RP11-557H15.5
HPCA	HPCA
OBP2A	OBP2A
ZNF827	ZNF827
SGSM3	SGSM3
AC004951.6;OTTHUMG00000155268	AC004951.6;OTTHUMG00000155268
MIR182	MIR182
OR56B1;TRIM22	OR56B1;TRIM22
MIR1323	MIR1323
LOC100505841	LOC100505841
OTTHUMG00000163826;RP11-855C21.1	OTTHUMG00000163826;RP11-855C21.1
OTTHUMG00000163226;RP11-375B1.2	OTTHUMG00000163226;RP11-375B1.2
RSPH10B;RSPH10B2	RSPH10B;RSPH10B2
C16orf92	C16orf92
PGBD2	PGBD2
SLC26A10	SLC26A10
LOC727677;OTTHUMG00000165066;RP11-382A18.1	LOC727677;OTTHUMG00000165066;RP11-382A18.1
MIR135A2	MIR135A2
DAZ2;DAZ3;DAZ4	DAZ2;DAZ3;DAZ4
NBR2	NBR2
LECT2	LECT2
LINC00686	LINC00686
RNA5SP486	RNA5SP486
CDH16	CDH16
ICMT	ICMT
CD34	CD34
OTTHUMG00000161776;RP11-171N4.1	OTTHUMG00000161776;RP11-171N4.1
KLHL6	KLHL6
LOC646736	LOC646736
IGHV7-81	IGHV7-81
CALML3-AS1	CALML3-AS1
MIR4476	MIR4476
BMPER	BMPER
CLEC16A	CLEC16A
OTTHUMG00000150909;RP1-102K2.6	OTTHUMG00000150909;RP1-102K2.6
MIR769	MIR769
OTTHUMG00000002403;OTTHUMG00000002467;RP11-206L10.10;RP11-206L10.8	OTTHUMG00000002403;OTTHUMG00000002467;RP11-206L10.10;RP11-206L10.8
ZNF586	ZNF586
CARD11	CARD11
CYMP	CYMP
OTTHUMG00000001449;RP11-558F24.4	OTTHUMG00000001449;RP11-558F24.4
BCL2L13	BCL2L13
AC138655.6;OTTHUMG00000151777	AC138655.6;OTTHUMG00000151777
MRPL54	MRPL54
HSPA8;SNORD14C;SNORD14D	HSPA8;SNORD14C;SNORD14D
OTTHUMG00000150567;XXbac-B444P24.8	OTTHUMG00000150567;XXbac-B444P24.8
EIF4A1P2	EIF4A1P2
ZBTB43	ZBTB43
ZSWIM1	ZSWIM1
DHX38	DHX38
OTTHUMG00000020115;RP11-158D2.2	OTTHUMG00000020115;RP11-158D2.2
C4orf52;SMIM20	C4orf52;SMIM20
AC092198.1;LOC100506641;OTTHUMG00000024099	AC092198.1;LOC100506641;OTTHUMG00000024099
CTD-2175A23.1;OTTHUMG00000162173	CTD-2175A23.1;OTTHUMG00000162173
NPLOC4	NPLOC4
SLC27A4	SLC27A4
TRNP1	TRNP1
MSS51	MSS51
OTTHUMG00000022783;RP11-470L19.2	OTTHUMG00000022783;RP11-470L19.2
APOC2;APOC4	APOC2;APOC4
UNC119	UNC119
DIO2	DIO2
C10orf107	C10orf107
KLHL11	KLHL11
OTTHUMG00000010718;RP11-86H7.6	OTTHUMG00000010718;RP11-86H7.6
ARHGAP15	ARHGAP15
PRKAG3	PRKAG3
ZNF778	ZNF778
MIR181B2	MIR181B2
WFDC3	WFDC3
OTTHUMG00000015630;RP3-388E23.2	OTTHUMG00000015630;RP3-388E23.2
MIR7-3HG	MIR7-3HG
LIME1	LIME1
OTTHUMG00000160100;RP11-669M16.2	OTTHUMG00000160100;RP11-669M16.2
OTTHUMG00000019291;RP11-432J24.6	OTTHUMG00000019291;RP11-432J24.6
OTTHUMG00000003065;RP11-169K16.3;TMEM82	OTTHUMG00000003065;RP11-169K16.3;TMEM82
COL6A3	COL6A3
LINC00905	LINC00905
TSPY2	TSPY2
PGAM4	PGAM4
CTC-228N24.2;OTTHUMG00000163283	CTC-228N24.2;OTTHUMG00000163283
TFAP2E	TFAP2E
SNORD116-16	SNORD116-16
OTTHUMG00000158429;RP3-395M20.7	OTTHUMG00000158429;RP3-395M20.7
RNU7-76P	RNU7-76P
RBKS	RBKS
ZNF491	ZNF491
ADH1C	ADH1C
POPDC2	POPDC2
MARCH11	MARCH11
OTTHUMG00000032968;RP4-697K14.3	OTTHUMG00000032968;RP4-697K14.3
LOC389247;OTTHUMG00000160630;RP11-367N14.2	LOC389247;OTTHUMG00000160630;RP11-367N14.2
RAP2B	RAP2B
OTTHUMG00000021088;RP11-707P20.1	OTTHUMG00000021088;RP11-707P20.1
CEACAM21	CEACAM21
WNT3A	WNT3A
AC006042.6;OTTHUMG00000152019	AC006042.6;OTTHUMG00000152019
CTC-345K18.2;OTTHUMG00000165097	CTC-345K18.2;OTTHUMG00000165097
SMC1B	SMC1B
AC009506.1;LOC643072;OTTHUMG00000154041	AC009506.1;LOC643072;OTTHUMG00000154041
LL0XNC01-250H12.3;OTTHUMG00000022102	LL0XNC01-250H12.3;OTTHUMG00000022102
CXCR3	CXCR3
WDR49	WDR49
POLR1D	POLR1D
SAMD9	SAMD9
C19orf53	C19orf53
OTTHUMG00000015949;RP1-276N6.2	OTTHUMG00000015949;RP1-276N6.2
UPP2	UPP2
MAPK6	MAPK6
RNU7-41P	RNU7-41P
MAFA	MAFA
CCL7	CCL7
PADI1	PADI1
C1QA	C1QA
PIK3R1	PIK3R1
LINC00654	LINC00654
LIMK1	LIMK1
RNA5SP178	RNA5SP178
PATE2	PATE2
CAMP	CAMP
C14orf23	C14orf23
MIR193A	MIR193A
CLDN3	CLDN3
GUCY2EP	GUCY2EP
MIR3180-1;MIR3180-2;MIR3180-3	MIR3180-1;MIR3180-2;MIR3180-3
MIR3180-1;MIR3180-2;MIR3180-3	MIR3180-1;MIR3180-2;MIR3180-3
RNA5SP64	RNA5SP64
PCGF1	PCGF1
MIR548A1	MIR548A1
OTTHUMG00000015116;RP3-393K13.1	OTTHUMG00000015116;RP3-393K13.1
OTTHUMG00000021126;RP6-1O2.1	OTTHUMG00000021126;RP6-1O2.1
KIAA1033	KIAA1033
ZNF165	ZNF165
PRR3	PRR3
PRR3	PRR3
ADAT3;SCAMP4	ADAT3;SCAMP4
EEF1B2P1	EEF1B2P1
GLP1R	GLP1R
SYCP2	SYCP2
ZNF784	ZNF784
ROM1	ROM1
OTTHUMG00000162581;RP11-64D22.5	OTTHUMG00000162581;RP11-64D22.5
PBXIP1	PBXIP1
LINC00668	LINC00668
KAT5	KAT5
CCL24	CCL24
FHAD1	FHAD1
RAET1L	RAET1L
TG	TG
FAM54B;MTFR1L	FAM54B;MTFR1L
MIR3651;SNORA84	MIR3651;SNORA84
PKN2	PKN2
MIR3151	MIR3151
TXLNB	TXLNB
OTTHUMG00000017570;RP11-433J20.2	OTTHUMG00000017570;RP11-433J20.2
ERCC1	ERCC1
KEAP1	KEAP1
NKAIN3	NKAIN3
B3GALT6	B3GALT6
CEP63	CEP63
MEGF6	MEGF6
AC005013.5;OTTHUMG00000152794	AC005013.5;OTTHUMG00000152794
USP51	USP51
FAM27D1;LOC100132859;LOC100289375;LOC100509638	FAM27D1;LOC100132859;LOC100289375;LOC100509638
SMPDL3B	SMPDL3B
NKAPP1	NKAPP1
HNRNPA3P3	HNRNPA3P3
ARHGEF7-IT1	ARHGEF7-IT1
GRIN2A	GRIN2A
KB-431C1.4;OTTHUMG00000164878	KB-431C1.4;OTTHUMG00000164878
MAPKAPK5	MAPKAPK5
TAS2R30;TAS2R31	TAS2R30;TAS2R31
ZNF148	ZNF148
BHLHE40-AS1	BHLHE40-AS1
OTTHUMG00000160948;RP11-6E9.5	OTTHUMG00000160948;RP11-6E9.5
OTTHUMG00000034539;RP11-474I16.8	OTTHUMG00000034539;RP11-474I16.8
SPRED2	SPRED2
MIR548AA2	MIR548AA2
TFDP2	TFDP2
AC013269.3;OTTHUMG00000153978	AC013269.3;OTTHUMG00000153978
AGPS	AGPS
FLJ45445;LOC100653346	FLJ45445;LOC100653346
OTTHUMG00000157105;RP11-132A1.4	OTTHUMG00000157105;RP11-132A1.4
GBP1	GBP1
ZBTB34	ZBTB34
BX004987.3;OTTHUMG00000013469	BX004987.3;OTTHUMG00000013469
OTTHUMG00000040116;RP11-525G13.2	OTTHUMG00000040116;RP11-525G13.2
ELOVL6	ELOVL6
LINC00494	LINC00494
RNA5SP440	RNA5SP440
FOXD2	FOXD2
OTTHUMG00000007703;RP11-184I16.4	OTTHUMG00000007703;RP11-184I16.4
AC140481.2;LOC646743;OTTHUMG00000153992;TISP43	AC140481.2;LOC646743;OTTHUMG00000153992;TISP43
CXorf36	CXorf36
ABCB10	ABCB10
OTTHUMG00000020845;RP11-295G24.4	OTTHUMG00000020845;RP11-295G24.4
WDR48	WDR48
AC019064.1;OTTHUMG00000152142	AC019064.1;OTTHUMG00000152142
TBX5	TBX5
LIPT2	LIPT2
GPR39	GPR39
OTTHUMG00000018505;RP11-46O21.2	OTTHUMG00000018505;RP11-46O21.2
DPCR1	DPCR1
GPR182	GPR182
ALG1L	ALG1L
HIF1A-AS2	HIF1A-AS2
HS3ST1	HS3ST1
OTTHUMG00000016088;XX-C2158C12.1	OTTHUMG00000016088;XX-C2158C12.1
MIR770	MIR770
ASB9	ASB9
SPHK2	SPHK2
HLA-J	HLA-J
TMC2	TMC2
C6orf58	C6orf58
GHRLOS;TATDN2	GHRLOS;TATDN2
ULK2	ULK2
C1QL3	C1QL3
MYH16	MYH16
MALL	MALL
RNF216	RNF216
FOXF1	FOXF1
COMMD7	COMMD7
ZNF546	ZNF546
RMDN2-AS1	RMDN2-AS1
HCN2	HCN2
CD84	CD84
ZNF790	ZNF790
PPM1A	PPM1A
RNF165	RNF165
MIR3614;TRIM25	MIR3614;TRIM25
POLD4	POLD4
ATP6V0E2	ATP6V0E2
CHDH	CHDH
ARL3	ARL3
KIAA1586	KIAA1586
OTTHUMG00000016846;RP11-290D2.3	OTTHUMG00000016846;RP11-290D2.3
CTC-338M12.5;OTTHUMG00000163004	CTC-338M12.5;OTTHUMG00000163004
KCNIP2-AS1;OTTHUMG00000018936;RP11-190J1.10	KCNIP2-AS1;OTTHUMG00000018936;RP11-190J1.10
LOC344887	LOC344887
SMKR1	SMKR1
ZC4H2	ZC4H2
MIR3691	MIR3691
TRMT1L	TRMT1L
XXYLT1	XXYLT1
MOG	MOG
MOG	MOG
FAM109B	FAM109B
JMJD7;JMJD7-PLA2G4B;PLA2G4B	JMJD7;JMJD7-PLA2G4B;PLA2G4B
B3GALT1	B3GALT1
MIR3150A	MIR3150A
PAEP	PAEP
ALDH3A1	ALDH3A1
OTTHUMG00000160329;RP11-462G22.1	OTTHUMG00000160329;RP11-462G22.1
MIR1238	MIR1238
MIR4466	MIR4466
OTTHUMG00000160549;RP11-701P16.2	OTTHUMG00000160549;RP11-701P16.2
OTTHUMG00000010834;RP11-157N3.1	OTTHUMG00000010834;RP11-157N3.1
VSTM2B	VSTM2B
CCDC148-AS1	CCDC148-AS1
LOC100506342;OTTHUMG00000163788;RP11-37B2.1	LOC100506342;OTTHUMG00000163788;RP11-37B2.1
LINC00707	LINC00707
KIAA0895	KIAA0895
GCAT	GCAT
TREML2	TREML2
AC106875.1;LOC100506405;OTTHUMG00000151822	AC106875.1;LOC100506405;OTTHUMG00000151822
AC108051.3;OTTHUMG00000153099	AC108051.3;OTTHUMG00000153099
UFSP1	UFSP1
CTSF	CTSF
AP3B2	AP3B2
IGLV10-54	IGLV10-54
PTCHD4	PTCHD4
TRIM10	TRIM10
RNA5SP173	RNA5SP173
RNA5SP284	RNA5SP284
FGA	FGA
DOM3Z	DOM3Z
MIR1972-1;MIR1972-2	MIR1972-1;MIR1972-2
MIR1972-1;MIR1972-2	MIR1972-1;MIR1972-2
RNU6-57P	RNU6-57P
ASB3;GPR75-ASB3	ASB3;GPR75-ASB3
GABRR2	GABRR2
AC016710.1;OTTHUMG00000153649	AC016710.1;OTTHUMG00000153649
C15orf39	C15orf39
OR52K2	OR52K2
AC083843.2;OTTHUMG00000164325	AC083843.2;OTTHUMG00000164325
RXRG	RXRG
MKRN9P	MKRN9P
OTTHUMG00000164807;RP11-649G15.2	OTTHUMG00000164807;RP11-649G15.2
OTTHUMG00000162355;RP11-83M16.5	OTTHUMG00000162355;RP11-83M16.5
OTTHUMG00000161282;RP11-98O2.1	OTTHUMG00000161282;RP11-98O2.1
MIR378F	MIR378F
TRIM27	TRIM27
KCNH8	KCNH8
ZNFX1	ZNFX1
OTTHUMG00000134283;RP5-1112F19.2	OTTHUMG00000134283;RP5-1112F19.2
FAM57B;LOC100996332	FAM57B;LOC100996332
NIPSNAP1	NIPSNAP1
KANSL3	KANSL3
OTTHUMG00000014339;RP3-348I23.2	OTTHUMG00000014339;RP3-348I23.2
C1orf53	C1orf53
AACS	AACS
AGAP11;FAM25A;FAM25B;FAM25C;FAM25G	AGAP11;FAM25A;FAM25B;FAM25C;FAM25G
HLA-DQA2	HLA-DQA2
AC104699.1;OTTHUMG00000155125	AC104699.1;OTTHUMG00000155125
OTTHUMG00000017613;RP11-414H17.5	OTTHUMG00000017613;RP11-414H17.5
AP000318.2;MRPS6;OTTHUMG00000086188;SLC5A3	AP000318.2;MRPS6;OTTHUMG00000086188;SLC5A3
RNA5SP103	RNA5SP103
COL4A4	COL4A4
ZNRF2P1	ZNRF2P1
SLC12A2	SLC12A2
GP1BA	GP1BA
PDPK1	PDPK1
FAM127B	FAM127B
RNA5SP157	RNA5SP157
PRPF3	PRPF3
PFDN4	PFDN4
PSMC6	PSMC6
RBM47	RBM47
LOC100216545;OTTHUMG00000157280;RP11-325F22.4	LOC100216545;OTTHUMG00000157280;RP11-325F22.4
ARMC10	ARMC10
RPTOR	RPTOR
TUBA1A	TUBA1A
ENC1	ENC1
DACT2	DACT2
LINC00664	LINC00664
TUBGCP6	TUBGCP6
MIR378C	MIR378C
CPLX2	CPLX2
SNORD11	SNORD11
ZNF354A	ZNF354A
OTTHUMG00000162778;RP11-138J23.1	OTTHUMG00000162778;RP11-138J23.1
IL17REL	IL17REL
BACH1-IT3	BACH1-IT3
AC139712.4;OTTHUMG00000152267	AC139712.4;OTTHUMG00000152267
ALPK2	ALPK2
TNFRSF4	TNFRSF4
OTTHUMG00000163950;RP11-10C8.2	OTTHUMG00000163950;RP11-10C8.2
CD3G	CD3G
NUDT18	NUDT18
HS3ST2	HS3ST2
C5orf54	C5orf54
OTTHUMG00000160298;RP11-91J3.3	OTTHUMG00000160298;RP11-91J3.3
OR1E1	OR1E1
SHOX2	SHOX2
RTEL1;RTEL1-TNFRSF6B;TNFRSF6B	RTEL1;RTEL1-TNFRSF6B;TNFRSF6B
CADM2-AS2	CADM2-AS2
ZNRF4	ZNRF4
OTTHUMG00000013940;PDZK1P1;RP6-74O6.2	OTTHUMG00000013940;PDZK1P1;RP6-74O6.2
SLC36A2	SLC36A2
FBLN5	FBLN5
MIEN1	MIEN1
HLCS	HLCS
ADRA2B	ADRA2B
E2F6	E2F6
AASDHPPT	AASDHPPT
MIR1295A;MIR1295B	MIR1295A;MIR1295B
KRTAP5-1	KRTAP5-1
SNORA57	SNORA57
AC142293.3;OTTHUMG00000160824	AC142293.3;OTTHUMG00000160824
OTTHUMG00000008939;RP5-1024G6.2	OTTHUMG00000008939;RP5-1024G6.2
ITPKC	ITPKC
BPIFB2	BPIFB2
CTB-113P19.1;OTTHUMG00000163500	CTB-113P19.1;OTTHUMG00000163500
SNORA70B	SNORA70B
FDXR	FDXR
OR6C6	OR6C6
RANBP6	RANBP6
RNA5SP51	RNA5SP51
METTL10	METTL10
CCND3	CCND3
OTTHUMG00000160767;RP11-598D14.1	OTTHUMG00000160767;RP11-598D14.1
LOC389705	LOC389705
RNA5SP183	RNA5SP183
MIR523	MIR523
MOG	MOG
OTTHUMG00000163853;RP11-395I14.2	OTTHUMG00000163853;RP11-395I14.2
HOXA-AS3	HOXA-AS3
ANTXRL	ANTXRL
ALAS2	ALAS2
ZXDC	ZXDC
OTTHUMG00000163123;RP11-517I3.1	OTTHUMG00000163123;RP11-517I3.1
OTTHUMG00000015717;RP11-439L18.2	OTTHUMG00000015717;RP11-439L18.2
C22orf46	C22orf46
MIER2	MIER2
MIR526A1	MIR526A1
ADAM11	ADAM11
MIR4709;NPC2	MIR4709;NPC2
OTTHUMG00000037499;RP1-92O14.6	OTTHUMG00000037499;RP1-92O14.6
LOC643802	LOC643802
RGCC	RGCC
OTTHUMG00000159455;RP11-232M24.1	OTTHUMG00000159455;RP11-232M24.1
TBC1D20	TBC1D20
PSTPIP2	PSTPIP2
ZNF343	ZNF343
ST3GAL6	ST3GAL6
PRSS36	PRSS36
AKR1C3	AKR1C3
PMM1	PMM1
STK17B	STK17B
SUN5	SUN5
PRRT3-AS1	PRRT3-AS1
RBCK1	RBCK1
MYO1A	MYO1A
OTTHUMG00000018682;RP11-57C13.6	OTTHUMG00000018682;RP11-57C13.6
BCKDK	BCKDK
OTTHUMG00000164491;RP11-313C15.1	OTTHUMG00000164491;RP11-313C15.1
JAZF1-AS1	JAZF1-AS1
CFP	CFP
XIRP2	XIRP2
PPM1H	PPM1H
SPATA12	SPATA12
VDAC1	VDAC1
DPYD-AS1	DPYD-AS1
LINC00346	LINC00346
GLRX5	GLRX5
USP31	USP31
NUDT16P1	NUDT16P1
ZFY	ZFY
TVP23A	TVP23A
SCFD1	SCFD1
CGB;CGB5;CGB8	CGB;CGB5;CGB8
OTTHUMG00000019008;RP11-127O4.3	OTTHUMG00000019008;RP11-127O4.3
SLURP1	SLURP1
USP17L24;USP17L25;USP17L26;USP17L27;USP17L28;USP17L29;USP17L30	USP17L24;USP17L25;USP17L26;USP17L27;USP17L28;USP17L29;USP17L30
USP17;USP17L24;USP17L25;USP17L26;USP17L27;USP17L28;USP17L29;USP17L30	USP17;USP17L24;USP17L25;USP17L26;USP17L27;USP17L28;USP17L29;USP17L30
USP17L24;USP17L25;USP17L26;USP17L27;USP17L28;USP17L29;USP17L30	USP17L24;USP17L25;USP17L26;USP17L27;USP17L28;USP17L29;USP17L30
USP17L24;USP17L25;USP17L26;USP17L27;USP17L28;USP17L29;USP17L30	USP17L24;USP17L25;USP17L26;USP17L27;USP17L28;USP17L29;USP17L30
USP17L24;USP17L25;USP17L26;USP17L27;USP17L28;USP17L29;USP17L30	USP17L24;USP17L25;USP17L26;USP17L27;USP17L28;USP17L29;USP17L30
USP17;USP17L24;USP17L25;USP17L26;USP17L27;USP17L28;USP17L29;USP17L30	USP17;USP17L24;USP17L25;USP17L26;USP17L27;USP17L28;USP17L29;USP17L30
MIR4300	MIR4300
AC003664.1;OTTHUMG00000058770	AC003664.1;OTTHUMG00000058770
ASIP	ASIP
EPHA5	EPHA5
PPOX	PPOX
TRIM27	TRIM27
TRIM27	TRIM27
OTTHUMG00000162038;RP11-122C5.1	OTTHUMG00000162038;RP11-122C5.1
AC012668.3;OTTHUMG00000154832	AC012668.3;OTTHUMG00000154832
LRFN3	LRFN3
TRPM2	TRPM2
NOV	NOV
AC002480.2;LOC401312;OTTHUMG00000150712	AC002480.2;LOC401312;OTTHUMG00000150712
UBE2J2	UBE2J2
SSH1	SSH1
OTTHUMG00000160634;PRR23C;RP11-306L14.2	OTTHUMG00000160634;PRR23C;RP11-306L14.2
RPP21	RPP21
ENO1-IT1	ENO1-IT1
CCL4;LOC101060278	CCL4;LOC101060278
LL22NC03-102D1.18;OTTHUMG00000151209	LL22NC03-102D1.18;OTTHUMG00000151209
RNY1P1	RNY1P1
OTTHUMG00000164182;RP11-398H6.1	OTTHUMG00000164182;RP11-398H6.1
IFT52	IFT52
LRRC30	LRRC30
MIR4534	MIR4534
OR2T35	OR2T35
AC091177.1;OTTHUMG00000132799	AC091177.1;OTTHUMG00000132799
RDH5	RDH5
FSHB	FSHB
AC006159.3;AC006159.4;LOC100996266;OTTHUMG00000064097;OTTHUMG00000066048	AC006159.3;AC006159.4;LOC100996266;OTTHUMG00000064097;OTTHUMG00000066048
OTTHUMG00000034864;RP11-54A4.2	OTTHUMG00000034864;RP11-54A4.2
NEK7	NEK7
BBS10	BBS10
HILPDA	HILPDA
ZNF496	ZNF496
RAB3IL1	RAB3IL1
OTTHUMG00000157289;RP11-385J1.2	OTTHUMG00000157289;RP11-385J1.2
RSPO3	RSPO3
OTTHUMG00000161768;RP11-149A7.2	OTTHUMG00000161768;RP11-149A7.2
FSIP2	FSIP2
TTYH2	TTYH2
SNORD116-24	SNORD116-24
DDX39A	DDX39A
SRGAP2-AS1	SRGAP2-AS1
HAL	HAL
EPN2;EPN2-IT1;LOC79999	EPN2;EPN2-IT1;LOC79999
H1FOO	H1FOO
C20ORF141;C20orf141;TMEM239	C20ORF141;C20orf141;TMEM239
IRX4	IRX4
NDP	NDP
SRRM3	SRRM3
MOG	MOG
MBD2	MBD2
RNA5SP220	RNA5SP220
AC006547.13;OTTHUMG00000150731	AC006547.13;OTTHUMG00000150731
TAS2R4	TAS2R4
MIR4269	MIR4269
DEFB122	DEFB122
FAM181B	FAM181B
LOC729970;OTTHUMG00000010780;RP4-639F20.1	LOC729970;OTTHUMG00000010780;RP4-639F20.1
NMUR2	NMUR2
SWSAP1	SWSAP1
ZBTB24	ZBTB24
IGLV3-22	IGLV3-22
FAM122B	FAM122B
AC108004.2;LOC100506371;OTTHUMG00000132133	AC108004.2;LOC100506371;OTTHUMG00000132133
ADAD2	ADAD2
TRIO	TRIO
GMPR	GMPR
HLA-DQA2	HLA-DQA2
NCOA2	NCOA2
MIR4252	MIR4252
CECR6	CECR6
RNH1	RNH1
MLF1	MLF1
LARS2-AS1	LARS2-AS1
AKR7A3	AKR7A3
PHLDB1	PHLDB1
ZBTB8A	ZBTB8A
LOC286467;OTTHUMG00000022417;RP11-453F18__B.1	LOC286467;OTTHUMG00000022417;RP11-453F18__B.1
MIR4682	MIR4682
UBE3C	UBE3C
UCK1	UCK1
MIR3685	MIR3685
PQBP1	PQBP1
AC025171.1;LOC153684;OTTHUMG00000131146	AC025171.1;LOC153684;OTTHUMG00000131146
ATP13A5	ATP13A5
CTD-2263F21.1;OTTHUMG00000162102	CTD-2263F21.1;OTTHUMG00000162102
ADH6	ADH6
TSPY1;TSPY3;TSPY4	TSPY1;TSPY3;TSPY4
IL10RB	IL10RB
WASH1	WASH1
DDR1;MIR4640	DDR1;MIR4640
CTA-929C8.5;OTTHUMG00000150952	CTA-929C8.5;OTTHUMG00000150952
ACOXL	ACOXL
MIR154	MIR154
TRIP12	TRIP12
MGC13053	MGC13053
GRIA2	GRIA2
RNA5SP483	RNA5SP483
POU5F1P3	POU5F1P3
C19orf38	C19orf38
EIF4E1B	EIF4E1B
NFASC	NFASC
OTTHUMG00000017922;RP11-166N17.3	OTTHUMG00000017922;RP11-166N17.3
AL163953.3;OTTHUMG00000133700	AL163953.3;OTTHUMG00000133700
LAT;SPNS1	LAT;SPNS1
TCF23	TCF23
HSPA4L	HSPA4L
AKIP1	AKIP1
MIR1282	MIR1282
MGC57346	MGC57346
IGFL1	IGFL1
LOC100127888;OTTHUMG00000032925;RP11-93B14.5	LOC100127888;OTTHUMG00000032925;RP11-93B14.5
TPTEP1	TPTEP1
CHN2	CHN2
RUNX3	RUNX3
NDUFAB1	NDUFAB1
SEC14L2	SEC14L2
CELA1	CELA1
PSMD8	PSMD8
CTC-529L17.2;OTTHUMG00000162675	CTC-529L17.2;OTTHUMG00000162675
LRRC20	LRRC20
SUMO1P3	SUMO1P3
ISYNA1	ISYNA1
HOXC10	HOXC10
PI4KAP2	PI4KAP2
AC091814.3;OTTHUMG00000150192	AC091814.3;OTTHUMG00000150192
LCE2C	LCE2C
HMCN2;LOC101060175	HMCN2;LOC101060175
OTTHUMG00000021958;RP13-212L9.1	OTTHUMG00000021958;RP13-212L9.1
TMEM19	TMEM19
CTB-111H14.1;OTTHUMG00000157591	CTB-111H14.1;OTTHUMG00000157591
ATP8A1	ATP8A1
LEP	LEP
LOC100505532	LOC100505532
RNU2-3P	RNU2-3P
GRSF1	GRSF1
AD000090.2;LOC100506469;OTTHUMG00000048104	AD000090.2;LOC100506469;OTTHUMG00000048104
LINC00489	LINC00489
FAM120AOS	FAM120AOS
HCG4B	HCG4B
NOM1	NOM1
GPR112	GPR112
SUCLA2-AS1	SUCLA2-AS1
LOC100507462	LOC100507462
PDZD3	PDZD3
EIF1AY	EIF1AY
MIR4267	MIR4267
AC005029.1;OTTHUMG00000155113	AC005029.1;OTTHUMG00000155113
C11orf95	C11orf95
ZNF69	ZNF69
VRTN	VRTN
LOC728755	LOC728755
MLLT4-AS1	MLLT4-AS1
LOC100996920;OTTHUMG00000085413;RP11-423O2.5	LOC100996920;OTTHUMG00000085413;RP11-423O2.5
SMTNL1	SMTNL1
PSKH1	PSKH1
OTTHUMG00000164073;RP11-231D20.2	OTTHUMG00000164073;RP11-231D20.2
MRGPRE	MRGPRE
PSMD10	PSMD10
UNC13D	UNC13D
AC008069.1;OTTHUMG00000151740	AC008069.1;OTTHUMG00000151740
CCDC154	CCDC154
HILS1	HILS1
AC104809.4;LOC200772;OTTHUMG00000151847	AC104809.4;LOC200772;OTTHUMG00000151847
MIR4298	MIR4298
MIR4253	MIR4253
MIR4318	MIR4318
SMCR8	SMCR8
OTTHUMG00000162179;RP11-5N11.2	OTTHUMG00000162179;RP11-5N11.2
TNFAIP3	TNFAIP3
NDUFA11	NDUFA11
EXTL3	EXTL3
LINC00493	LINC00493
OTTHUMG00000162463;RP11-60A8.1	OTTHUMG00000162463;RP11-60A8.1
PI4KAP1	PI4KAP1
STARD13-IT1	STARD13-IT1
CDH9	CDH9
HCCS	HCCS
DDR1	DDR1
OTTHUMG00000015540;RP1-86D1.5	OTTHUMG00000015540;RP1-86D1.5
GPN2	GPN2
C4orf47	C4orf47
ENTHD1	ENTHD1
MIR1262	MIR1262
AC017048.1;OTTHUMG00000154142	AC017048.1;OTTHUMG00000154142
KRTAP2-1	KRTAP2-1
OTTHUMG00000014182;RP3-380B8.4	OTTHUMG00000014182;RP3-380B8.4
C6orf132	C6orf132
LOC392196	LOC392196
AC023797.1;OTTHUMG00000155570	AC023797.1;OTTHUMG00000155570
SNAR-D	SNAR-D
CPNE1;NFS1	CPNE1;NFS1
OTTHUMG00000031992;RP1-122P22.2	OTTHUMG00000031992;RP1-122P22.2
LINC00937	LINC00937
OTTHUMG00000022550;RP11-298A8.2	OTTHUMG00000022550;RP11-298A8.2
GPATCH1	GPATCH1
OTTHUMG00000018534;RP11-443A13.5	OTTHUMG00000018534;RP11-443A13.5
XKR3	XKR3
ARMCX2	ARMCX2
OTTHUMG00000159416;RP11-274H2.3	OTTHUMG00000159416;RP11-274H2.3
PTMAP5	PTMAP5
TLR5	TLR5
OTTHUMG00000020784;RP11-492E3.2	OTTHUMG00000020784;RP11-492E3.2
OTTHUMG00000037122;RP11-552D8.1	OTTHUMG00000037122;RP11-552D8.1
VPREB3	VPREB3
RFX6	RFX6
SNORA12	SNORA12
MIR493	MIR493
GCC2	GCC2
OTTHUMG00000165030;RP11-65D17.1	OTTHUMG00000165030;RP11-65D17.1
OTTHUMG00000160222;RP11-231L11.1	OTTHUMG00000160222;RP11-231L11.1
FOXN4	FOXN4
CPS1-IT1	CPS1-IT1
BRICD5	BRICD5
METTL6	METTL6
SETD8	SETD8
CTA-342B11.1;OTTHUMG00000058207	CTA-342B11.1;OTTHUMG00000058207
FLJ33581;OTTHUMG00000032098;RP5-1100I6.2	FLJ33581;OTTHUMG00000032098;RP5-1100I6.2
KLHL30	KLHL30
SLC17A6	SLC17A6
FAM84A	FAM84A
TET2	TET2
FLJ37201;OTTHUMG00000018723;RP11-80H5.7	FLJ37201;OTTHUMG00000018723;RP11-80H5.7
AC006157.2;OTTHUMG00000036155;RPS4Y1	AC006157.2;OTTHUMG00000036155;RPS4Y1
MIR507	MIR507
ZNF503-AS1	ZNF503-AS1
MIR374A	MIR374A
GRIPAP1	GRIPAP1
TMEM56	TMEM56
C5orf64	C5orf64
ZBTB32	ZBTB32
PLEKHD1	PLEKHD1
GNGT2	GNGT2
FLJ34503;OTTHUMG00000133566;RP11-544L8__B.4	FLJ34503;OTTHUMG00000133566;RP11-544L8__B.4
BPIFA2	BPIFA2
LTBP4	LTBP4
KB-1458E12.1;OTTHUMG00000164655	KB-1458E12.1;OTTHUMG00000164655
HDAC11	HDAC11
FLCN	FLCN
GCFC1;PAXBP1	GCFC1;PAXBP1
IL13	IL13
FBXL12	FBXL12
ZNF287	ZNF287
DCDC2	DCDC2
MIR3662	MIR3662
AC084125.4;LOC100287098;OTTHUMG00000153175	AC084125.4;LOC100287098;OTTHUMG00000153175
NEK1	NEK1
TKTL2	TKTL2
FAM207A	FAM207A
OPRL1	OPRL1
SCN1B	SCN1B
OTTHUMG00000020697;RP13-225O21.2	OTTHUMG00000020697;RP13-225O21.2
ONECUT3	ONECUT3
S100Z	S100Z
R3HDM2	R3HDM2
HOXA1	HOXA1
DEAF1	DEAF1
MIR600;MIR600HG;STRBP	MIR600;MIR600HG;STRBP
HS3ST4	HS3ST4
SIGLEC15	SIGLEC15
AC099552.4;OTTHUMG00000151325	AC099552.4;OTTHUMG00000151325
VPS29	VPS29
GAMT	GAMT
CD33	CD33
BBX	BBX
RUSC1-AS1	RUSC1-AS1
LINC00330	LINC00330
ZNF729	ZNF729
LOC653486;SCGB1C1	LOC653486;SCGB1C1
ABHD8	ABHD8
LOC100506695;PHF21B	LOC100506695;PHF21B
MS4A12	MS4A12
NCR2	NCR2
AC098617.1;OTTHUMG00000154332	AC098617.1;OTTHUMG00000154332
AC093822.1;LOC100996902;OTTHUMG00000153433	AC093822.1;LOC100996902;OTTHUMG00000153433
RNA5SP500	RNA5SP500
NOX5;SPESP1	NOX5;SPESP1
LINC00501	LINC00501
ACSM2B	ACSM2B
MRPL34	MRPL34
CMC2	CMC2
BEST2	BEST2
LOC100130887;OTTHUMG00000019179;RP11-500G22.2	LOC100130887;OTTHUMG00000019179;RP11-500G22.2
MIR1298	MIR1298
LOC440600;OTTHUMG00000011283;RP5-1074L1.1	LOC440600;OTTHUMG00000011283;RP5-1074L1.1
SUPT7L	SUPT7L
RNA5SP170	RNA5SP170
ZSCAN1	ZSCAN1
FAHD2A	FAHD2A
HLA-H	HLA-H
EIF1	EIF1
AC009236.1;OTTHUMG00000152484;UNQ6975	AC009236.1;OTTHUMG00000152484;UNQ6975
CNTFR-AS1;OTTHUMG00000000441;RP11-296L22.4	CNTFR-AS1;OTTHUMG00000000441;RP11-296L22.4
CTB-43E15.1;OTTHUMG00000163339	CTB-43E15.1;OTTHUMG00000163339
TRIM6	TRIM6
AC092168.4;OTTHUMG00000153159	AC092168.4;OTTHUMG00000153159
OTTHUMG00000015347;RP5-919F19.5	OTTHUMG00000015347;RP5-919F19.5
CYSTM1	CYSTM1
RANBP9	RANBP9
LOC100652739;OTTHUMG00000015804;RP11-244K5.1	LOC100652739;OTTHUMG00000015804;RP11-244K5.1
POLR1B	POLR1B
CRYBB3	CRYBB3
OTTHUMG00000164087;RP11-723D22.3	OTTHUMG00000164087;RP11-723D22.3
CTD-2201E9.1;OTTHUMG00000161718	CTD-2201E9.1;OTTHUMG00000161718
FUT4;PIWIL4	FUT4;PIWIL4
GRAP2	GRAP2
CEBPG	CEBPG
NARF	NARF
LOC650226	LOC650226
OTTHUMG00000034319;RP4-782G3.1	OTTHUMG00000034319;RP4-782G3.1
PRSS46;PRSS50	PRSS46;PRSS50
ADORA3	ADORA3
GPR151	GPR151
RNU4ATAC2P	RNU4ATAC2P
CTD-3064M3.4;OTTHUMG00000164486	CTD-3064M3.4;OTTHUMG00000164486
OTTHUMG00000164284;RP11-648L3.2	OTTHUMG00000164284;RP11-648L3.2
BTBD11	BTBD11
GGNBP1	GGNBP1
CTB-114C7.4;LOC100128059;OTTHUMG00000163119	CTB-114C7.4;LOC100128059;OTTHUMG00000163119
TMEM170B	TMEM170B
CPQ	CPQ
FRMD4A	FRMD4A
CYP4A22	CYP4A22
DPH5	DPH5
PHF11	PHF11
LOC100506869	LOC100506869
TNRC18	TNRC18
ZKSCAN2	ZKSCAN2
AC016682.1;OTTHUMG00000153755	AC016682.1;OTTHUMG00000153755
AC073072.5;LOC541472;OTTHUMG00000152547	AC073072.5;LOC541472;OTTHUMG00000152547
PRB1	PRB1
RNU6-43	RNU6-43
OTTHUMG00000058148;RP11-38P6.1	OTTHUMG00000058148;RP11-38P6.1
ADO	ADO
OTTHUMG00000163837;RP11-299D14.2	OTTHUMG00000163837;RP11-299D14.2
LOC100652777;PLA2G10	LOC100652777;PLA2G10
CTC-228N24.3;OTTHUMG00000163312	CTC-228N24.3;OTTHUMG00000163312
HLA-H	HLA-H
CCDC48;EFCC1	CCDC48;EFCC1
RNA5SP46	RNA5SP46
GRK4	GRK4
OTTHUMG00000004829;XXbac-BPG27H4.7	OTTHUMG00000004829;XXbac-BPG27H4.7
RHBDF2	RHBDF2
TOMM40	TOMM40
OTTHUMG00000018907;RP11-34D15.2	OTTHUMG00000018907;RP11-34D15.2
C10orf120	C10orf120
PPP2R4	PPP2R4
PTK2B	PTK2B
RNA5SP175	RNA5SP175
LY6D	LY6D
MIR3663	MIR3663
TMEM194B	TMEM194B
SLC7A5P1	SLC7A5P1
CAPN10	CAPN10
CTB-78F1.2;OTTHUMG00000163874	CTB-78F1.2;OTTHUMG00000163874
PANX2	PANX2
SLC25A40	SLC25A40
RPP40	RPP40
MAD1L1	MAD1L1
OTTHUMG00000009987;RP11-67L3.2	OTTHUMG00000009987;RP11-67L3.2
POU3F4	POU3F4
KIAA0430	KIAA0430
LINC00426	LINC00426
LACTB2	LACTB2
OTTHUMG00000164580;RP11-531A24.5	OTTHUMG00000164580;RP11-531A24.5
WASF3	WASF3
OTTHUMG00000001211;RP3-467L1.4	OTTHUMG00000001211;RP3-467L1.4
BLVRA	BLVRA
PRAMEF24P;PRAMEL	PRAMEF24P;PRAMEL
APIP	APIP
PRPF31	PRPF31
TGM6	TGM6
FLJ41200	FLJ41200
SNORA36C	SNORA36C
HLA-H	HLA-H
SAMD10	SAMD10
RERE	RERE
RNA5SP225	RNA5SP225
ZNF610	ZNF610
GALNS	GALNS
LOC100996792;MAP2K3	LOC100996792;MAP2K3
ACAD11	ACAD11
GAB3	GAB3
LIPC	LIPC
OTTHUMG00000161692;RP11-180C1.1	OTTHUMG00000161692;RP11-180C1.1
OTTHUMG00000039465;RP11-286M16.1	OTTHUMG00000039465;RP11-286M16.1
TTTY15	TTTY15
CDH8	CDH8
OTTHUMG00000163018;RP11-114J13.1	OTTHUMG00000163018;RP11-114J13.1
HLA-DRA	HLA-DRA
PRDM7	PRDM7
RAB10	RAB10
DPY19L4	DPY19L4
MIR320C1	MIR320C1
OMA1	OMA1
RNA5SP356	RNA5SP356
TXLNG2P	TXLNG2P
EXOC6B	EXOC6B
OR51J1	OR51J1
BIRC7	BIRC7
RNU7-5P	RNU7-5P
OTTHUMG00000150536;RP5-1170K4.7	OTTHUMG00000150536;RP5-1170K4.7
OR2L1P	OR2L1P
YIPF7	YIPF7
ARHGEF40	ARHGEF40
PDHA1	PDHA1
LINC00094	LINC00094
ANGPT4	ANGPT4
OTTHUMG00000040771;RP1-313L4.3	OTTHUMG00000040771;RP1-313L4.3
ARID5B	ARID5B
NDUFA12	NDUFA12
OTTHUMG00000001769;RP11-431K24.3	OTTHUMG00000001769;RP11-431K24.3
IGHV3-38	IGHV3-38
CXorf48	CXorf48
LY6G6E	LY6G6E
CDH12	CDH12
ZFP36	ZFP36
BHMT	BHMT
SNAP91	SNAP91
OTTHUMG00000020476;RP11-406O23.2	OTTHUMG00000020476;RP11-406O23.2
ZFAND5	ZFAND5
C1orf216	C1orf216
DMD-AS1	DMD-AS1
LOC100996551	LOC100996551
SPN	SPN
AP001046.5;OTTHUMG00000086865	AP001046.5;OTTHUMG00000086865
OTTHUMG00000163175;RP11-1379J22.2	OTTHUMG00000163175;RP11-1379J22.2
TMEM9	TMEM9
ZFP2	ZFP2
AC006370.2;KALP;OTTHUMG00000036367	AC006370.2;KALP;OTTHUMG00000036367
ELMOD2	ELMOD2
AC008271.1;OTTHUMG00000151724	AC008271.1;OTTHUMG00000151724
OTTHUMG00000151134;RP1-5O6.4	OTTHUMG00000151134;RP1-5O6.4
PHF20	PHF20
KCNK16	KCNK16
GOPC	GOPC
SPG21	SPG21
CCDC130	CCDC130
ALCAM	ALCAM
CCDC64	CCDC64
DTX3L	DTX3L
CD300LF	CD300LF
SMG5	SMG5
MS4A6A	MS4A6A
RRP36	RRP36
ADPRHL1	ADPRHL1
FOLH1;FOLH1B	FOLH1;FOLH1B
BX571672.4;OTTHUMG00000013474	BX571672.4;OTTHUMG00000013474
AC104782.3;LOC150577;OTTHUMG00000153132	AC104782.3;LOC150577;OTTHUMG00000153132
OTTHUMG00000162049;RP11-1C1.5	OTTHUMG00000162049;RP11-1C1.5
ARRDC5	ARRDC5
RNU7-45P	RNU7-45P
LAPTM5	LAPTM5
NR0B1	NR0B1
MAP4K1	MAP4K1
OTTHUMG00000034822;RP11-160H22.5	OTTHUMG00000034822;RP11-160H22.5
LOC284578	LOC284578
MIR3591	MIR3591
OTTHUMG00000161802;RP11-154F14.2	OTTHUMG00000161802;RP11-154F14.2
CYP2B7P1	CYP2B7P1
MIR4281	MIR4281
WBSCR28	WBSCR28
ZNF701	ZNF701
MIR301A	MIR301A
MYD88	MYD88
CTD-2199O4.1;OTTHUMG00000161773	CTD-2199O4.1;OTTHUMG00000161773
C3orf27	C3orf27
PHF7	PHF7
UGT1A1;UGT1A10;UGT1A3;UGT1A4;UGT1A5;UGT1A6;UGT1A7;UGT1A8;UGT1A9	UGT1A1;UGT1A10;UGT1A3;UGT1A4;UGT1A5;UGT1A6;UGT1A7;UGT1A8;UGT1A9
CLASP1	CLASP1
DBT	DBT
PLCL2-AS1	PLCL2-AS1
OTTHUMG00000017863;RP11-360I20.2	OTTHUMG00000017863;RP11-360I20.2
TSG101	TSG101
KCNN2	KCNN2
CCL2	CCL2
KRTAP5-11	KRTAP5-11
OTTHUMG00000019457;RP11-509J21.1	OTTHUMG00000019457;RP11-509J21.1
OTTHUMG00000164252;RP11-1023P17.2	OTTHUMG00000164252;RP11-1023P17.2
DDX19A	DDX19A
GPR56	GPR56
GJB5	GJB5
DUSP3	DUSP3
UTY	UTY
CTC-348L5.1;OTTHUMG00000163561	CTC-348L5.1;OTTHUMG00000163561
CCL28	CCL28
LOC100505702;OTTHUMG00000160897;RP11-792D21.2	LOC100505702;OTTHUMG00000160897;RP11-792D21.2
EPM2A	EPM2A
TM4SF19	TM4SF19
TMEM174	TMEM174
RNA5SP357	RNA5SP357
OTTHUMG00000034834;RP3-471M13.2	OTTHUMG00000034834;RP3-471M13.2
CCT8	CCT8
CNOT10-AS1	CNOT10-AS1
CD209	CD209
OTTHUMG00000019888;RP11-327L3.3	OTTHUMG00000019888;RP11-327L3.3
MYH7B	MYH7B
TTTY2;TTTY2B	TTTY2;TTTY2B
EPHA6	EPHA6
TFIP11	TFIP11
ZBTB4	ZBTB4
AC008174.3;OTTHUMG00000155450	AC008174.3;OTTHUMG00000155450
KIF21B	KIF21B
XRCC1	XRCC1
RNA5-8SP6	RNA5-8SP6
RNA5SP76	RNA5SP76
TMEM102	TMEM102
BNIP3	BNIP3
C1orf98;LINC00862;SMIM16	C1orf98;LINC00862;SMIM16
DMD-AS2	DMD-AS2
TRGV8	TRGV8
ORMDL3	ORMDL3
FHIT	FHIT
PPP3CA	PPP3CA
OTTHUMG00000150677;Z99756.1	OTTHUMG00000150677;Z99756.1
SCARNA15	SCARNA15
ATP6V1G1	ATP6V1G1
RNF187	RNF187
MED27	MED27
IPP;OTTHUMG00000085067;RP11-767N6.7	IPP;OTTHUMG00000085067;RP11-767N6.7
MIR4731	MIR4731
GIT2	GIT2
ANXA7	ANXA7
ZNF485	ZNF485
OTTHUMG00000160372;RP11-431M7.3	OTTHUMG00000160372;RP11-431M7.3
BCL2L11	BCL2L11
RNU6-58P	RNU6-58P
AC064875.2;LOC100506474;OTTHUMG00000151711	AC064875.2;LOC100506474;OTTHUMG00000151711
CTC-546K23.1;OTTHUMG00000162941	CTC-546K23.1;OTTHUMG00000162941
LINC00511	LINC00511
IQCC	IQCC
NKX2-2	NKX2-2
EXOC7	EXOC7
OTTHUMG00000034820;RP11-160H22.3	OTTHUMG00000034820;RP11-160H22.3
PRKCQ-AS1	PRKCQ-AS1
RNA5SP493	RNA5SP493
SNORD32B	SNORD32B
SNORD32B	SNORD32B
SNORD32B	SNORD32B
SNORD32B	SNORD32B
SNORD32B	SNORD32B
SNORD32B	SNORD32B
OTTHUMG00000032099;RP4-564O4.1	OTTHUMG00000032099;RP4-564O4.1
OTTHUMG00000159357;RP11-340E6.1	OTTHUMG00000159357;RP11-340E6.1
TMEM163	TMEM163
TTR	TTR
CCNYL1;MIR4775	CCNYL1;MIR4775
MIR4313	MIR4313
KCNH4	KCNH4
SNORD97	SNORD97
FAT2	FAT2
CTAG1A;CTAG1B	CTAG1A;CTAG1B
AGXT2L1;ETNPPL	AGXT2L1;ETNPPL
EPHA3	EPHA3
SLC16A14	SLC16A14
FAM188A	FAM188A
CAMK4	CAMK4
NT5M	NT5M
MIR3129	MIR3129
ABHD15	ABHD15
ZNF705E	ZNF705E
RNA5SP55	RNA5SP55
MIR495	MIR495
FASTKD3	FASTKD3
CRELD2	CRELD2
ZNF302	ZNF302
RN7SKP8	RN7SKP8
CLCN4	CLCN4
AC144449.1;OTTHUMG00000153745	AC144449.1;OTTHUMG00000153745
NUBPL	NUBPL
LINC00200	LINC00200
FAM170B-AS1	FAM170B-AS1
LOC402779;OTTHUMG00000013025;RP5-1007G16.1	LOC402779;OTTHUMG00000013025;RP5-1007G16.1
CTB-109A12.1;OTTHUMG00000163480	CTB-109A12.1;OTTHUMG00000163480
KDM6A	KDM6A
LINC00922	LINC00922
FLI1-AS1	FLI1-AS1
GPR17	GPR17
IL16	IL16
TMEM64	TMEM64
USP9Y	USP9Y
AC074093.1;LOC100505498;OTTHUMG00000153701;TEX41	AC074093.1;LOC100505498;OTTHUMG00000153701;TEX41
RIMS3	RIMS3
AC007038.7;OTTHUMG00000154698	AC007038.7;OTTHUMG00000154698
PHLPP2	PHLPP2
OTTHUMG00000162708;RP11-485M7.2	OTTHUMG00000162708;RP11-485M7.2
SPIRE2	SPIRE2
USP24	USP24
OTTHUMG00000163253;RP11-436H11.2	OTTHUMG00000163253;RP11-436H11.2
SLC2A4	SLC2A4
KRT7	KRT7
DAGLB	DAGLB
THAP4	THAP4
LCE1E	LCE1E
LOC728040;OTTHUMG00000161581;RP11-622A1.2	LOC728040;OTTHUMG00000161581;RP11-622A1.2
RPP21	RPP21
AC096670.3;FLJ44006;OTTHUMG00000153643	AC096670.3;FLJ44006;OTTHUMG00000153643
OTTHUMG00000150992;RP3-508I15.10	OTTHUMG00000150992;RP3-508I15.10
CILP	CILP
OTTHUMG00000014389;RP3-522P13.3	OTTHUMG00000014389;RP3-522P13.3
RARG	RARG
TSPAN19	TSPAN19
AC008592.4;OTTHUMG00000162741	AC008592.4;OTTHUMG00000162741
EPB41L4B	EPB41L4B
PWRN1	PWRN1
MAPK3	MAPK3
OTTHUMG00000035542;RP11-373J16.1	OTTHUMG00000035542;RP11-373J16.1
ADAMTS5	ADAMTS5
ECE2	ECE2
LOC644070	LOC644070
OR13C4	OR13C4
OTTHUMG00000159743;RP11-651P23.5	OTTHUMG00000159743;RP11-651P23.5
MPP3	MPP3
ANXA8;ANXA8L1;LOC100996760;LOC101060462	ANXA8;ANXA8L1;LOC100996760;LOC101060462
CYP4V2	CYP4V2
CHRM5	CHRM5
LOC100505663;OTTHUMG00000032469;RP11-101E14.2	LOC100505663;OTTHUMG00000032469;RP11-101E14.2
NFATC3	NFATC3
CEP85L	CEP85L
IQCG	IQCG
FABP3P2	FABP3P2
OTTHUMG00000016536;RP11-101P17.6	OTTHUMG00000016536;RP11-101P17.6
ZNF823	ZNF823
MIR1267	MIR1267
PHF21A	PHF21A
LOC727983;POM121L9P	LOC727983;POM121L9P
AC007403.2;LOC101060019;OTTHUMG00000152853	AC007403.2;LOC101060019;OTTHUMG00000152853
RUFY1	RUFY1
HLA-H	HLA-H
CD300LB	CD300LB
S100A7	S100A7
KIAA0754	KIAA0754
OTTHUMG00000163040;RP11-346A9.1	OTTHUMG00000163040;RP11-346A9.1
FAM57A	FAM57A
MUC5AC	MUC5AC
CSAG2;CSAG3	CSAG2;CSAG3
OTTHUMG00000161893;RP11-1094H24.3	OTTHUMG00000161893;RP11-1094H24.3
SYNE3	SYNE3
CTSO	CTSO
OTTHUMG00000162067;RP11-774D14.1	OTTHUMG00000162067;RP11-774D14.1
CTSD	CTSD
COPS2	COPS2
LINC00536	LINC00536
PRR3	PRR3
TSPY1;TSPY10;TSPY3	TSPY1;TSPY10;TSPY3
LOC654342	LOC654342
TAF7	TAF7
RPL23AP4	RPL23AP4
TESPA1	TESPA1
GTF2H2;GTF2H2B;GTF2H2C	GTF2H2;GTF2H2B;GTF2H2C
SP1	SP1
GPHN	GPHN
MGC10814	MGC10814
FBXO2	FBXO2
OTTHUMG00000157252;RP11-706D8.3	OTTHUMG00000157252;RP11-706D8.3
OTTHUMG00000032185;RP11-243J16.7	OTTHUMG00000032185;RP11-243J16.7
PRH1-PRR4;PRR4	PRH1-PRR4;PRR4
ZC3H13	ZC3H13
DYTN	DYTN
IL2RB	IL2RB
CCL19	CCL19
ZCCHC18	ZCCHC18
ATP5J2	ATP5J2
SLC51A	SLC51A
MIR186	MIR186
OTTHUMG00000157143;RP11-956J14.1	OTTHUMG00000157143;RP11-956J14.1
AC104024.2;OTTHUMG00000059263	AC104024.2;OTTHUMG00000059263
AC008280.5;OTTHUMG00000152404	AC008280.5;OTTHUMG00000152404
MICALCL	MICALCL
MYCT1	MYCT1
GNB2	GNB2
PSD2	PSD2
OTTHUMG00000160350;RP11-802H3.2	OTTHUMG00000160350;RP11-802H3.2
TREML1	TREML1
CREB3L1	CREB3L1
KB-1592A4.15;LOC100996817;OTTHUMG00000150927	KB-1592A4.15;LOC100996817;OTTHUMG00000150927
LINC00535	LINC00535
AFF4	AFF4
OTTHUMG00000160859;RP11-234K19.1	OTTHUMG00000160859;RP11-234K19.1
AC097468.4;LOC100129175;OTTHUMG00000154630	AC097468.4;LOC100129175;OTTHUMG00000154630
OTTHUMG00000019057;RP11-324O2.3	OTTHUMG00000019057;RP11-324O2.3
OTTHUMG00000015229;RP11-524K14.1	OTTHUMG00000015229;RP11-524K14.1
OTTHUMG00000164031;RP11-662B19.2	OTTHUMG00000164031;RP11-662B19.2
SDK1	SDK1
ZNF502	ZNF502
ADAM23	ADAM23
C2orf27A	C2orf27A
HOXB5	HOXB5
RNA5SP277	RNA5SP277
PAR-SN;SNORD107;SNRPN;SNURF	PAR-SN;SNORD107;SNRPN;SNURF
ADORA1	ADORA1
SLC20A2	SLC20A2
MAN1A1	MAN1A1
AC068286.1;OTTHUMG00000151726	AC068286.1;OTTHUMG00000151726
KAL1	KAL1
OTTHUMG00000164036;RP11-863K10.7	OTTHUMG00000164036;RP11-863K10.7
AGXT	AGXT
LIX1	LIX1
OTTHUMG00000057529;XX-FW81657B9.5	OTTHUMG00000057529;XX-FW81657B9.5
HOXC9	HOXC9
CITF22-24E5.1;OTTHUMG00000150549	CITF22-24E5.1;OTTHUMG00000150549
PRR3	PRR3
KRTAP4-5	KRTAP4-5
ZMYND19	ZMYND19
C2orf49	C2orf49
RNU7-14P	RNU7-14P
LINC00866;OTTHUMG00000018868;RP11-459F3.3	LINC00866;OTTHUMG00000018868;RP11-459F3.3
C19orf35	C19orf35
CTD-2203K17.1;OTTHUMG00000162003	CTD-2203K17.1;OTTHUMG00000162003
OTTHUMG00000039859;RP11-261C10.1	OTTHUMG00000039859;RP11-261C10.1
CTB-164N12.1;OTTHUMG00000163325	CTB-164N12.1;OTTHUMG00000163325
CRHR1-IT1	CRHR1-IT1
OTTHUMG00000021406;RP11-245M24.1	OTTHUMG00000021406;RP11-245M24.1
MIR4324	MIR4324
PRLH	PRLH
AC004471.9;OTTHUMG00000150139	AC004471.9;OTTHUMG00000150139
SELP	SELP
LINC00471	LINC00471
PPBPP2	PPBPP2
DAP3	DAP3
OR51E2	OR51E2
AP006748.1;OTTHUMG00000086763	AP006748.1;OTTHUMG00000086763
TTTY13	TTTY13
HLA-DQB1;OTTHUMG00000149333;XXbac-BPG254F23.6	HLA-DQB1;OTTHUMG00000149333;XXbac-BPG254F23.6
LOC100507009;OTTHUMG00000020177;RP11-82L18.2	LOC100507009;OTTHUMG00000020177;RP11-82L18.2
SEMA7A	SEMA7A
AC002429.5;OTTHUMG00000155562	AC002429.5;OTTHUMG00000155562
TXLNG2P	TXLNG2P
CYP11B1	CYP11B1
KAT6A	KAT6A
LINC00210	LINC00210
C3orf30	C3orf30
HADHA	HADHA
IGHV3-7	IGHV3-7
STX18-IT1	STX18-IT1
OTTHUMG00000165031;RP11-103H7.1	OTTHUMG00000165031;RP11-103H7.1
TRIM48	TRIM48
HCG9	HCG9
HCG9	HCG9
OTTHUMG00000032279;RP5-1125A11.1	OTTHUMG00000032279;RP5-1125A11.1
PDCD2L	PDCD2L
LOC100996664	LOC100996664
HEATR4	HEATR4
TMEM202	TMEM202
MIR552	MIR552
DCTN5	DCTN5
IGKV1D-8	IGKV1D-8
MFAP3L	MFAP3L
FAM182B;FAM27A;FAM27B;FAM27C	FAM182B;FAM27A;FAM27B;FAM27C
SCARNA11	SCARNA11
OR2L5	OR2L5
PRKAR2B	PRKAR2B
AC017076.5;OTTHUMG00000151730	AC017076.5;OTTHUMG00000151730
RNA5SP371	RNA5SP371
ZNF630-AS1	ZNF630-AS1
APLF	APLF
CDCP2	CDCP2
PROK1	PROK1
CTD-2287N17.1;OTTHUMG00000161634	CTD-2287N17.1;OTTHUMG00000161634
LSM6	LSM6
BTAF1	BTAF1
FLCN;PLD6	FLCN;PLD6
GDEP;OTTHUMG00000161746;PCAT4	GDEP;OTTHUMG00000161746;PCAT4
ITFG2;LOC100507424	ITFG2;LOC100507424
RNU6-72P	RNU6-72P
ZNF556	ZNF556
OTTHUMG00000014930;XXbac-BPG55C20.7	OTTHUMG00000014930;XXbac-BPG55C20.7
OTTHUMG00000012244;RP11-107M16.2	OTTHUMG00000012244;RP11-107M16.2
CD226	CD226
LMCD1	LMCD1
ZNF628	ZNF628
ROPN1L	ROPN1L
EIF2S3L	EIF2S3L
CT45A3;LOC101060208;LOC101060211	CT45A3;LOC101060208;LOC101060211
FCER1G	FCER1G
COG7	COG7
MLXIP	MLXIP
OTTHUMG00000164479;RP11-10J21.4	OTTHUMG00000164479;RP11-10J21.4
VAX2	VAX2
PP12708	PP12708
SNORD121A	SNORD121A
PCBP1	PCBP1
B3GAT1	B3GAT1
NCRNA00185;TTTY14	NCRNA00185;TTTY14
MYBPC3	MYBPC3
LOC100507487;OTTHUMG00000161321;RP11-420A23.1	LOC100507487;OTTHUMG00000161321;RP11-420A23.1
EPHB4	EPHB4
SLC24A2	SLC24A2
MIR4757	MIR4757
PRC1-AS1	PRC1-AS1
THEG	THEG
TSNAXIP1	TSNAXIP1
FAM101B	FAM101B
LOC149086;OTTHUMG00000003880;RP11-439L8.3	LOC149086;OTTHUMG00000003880;RP11-439L8.3
XPO6	XPO6
JUND	JUND
TPD52L1	TPD52L1
CRHR1-IT1;MGC57346	CRHR1-IT1;MGC57346
CTD-2297D10.2;OTTHUMG00000161668	CTD-2297D10.2;OTTHUMG00000161668
SLC4A7	SLC4A7
HELB	HELB
SPATA8	SPATA8
LOC729020	LOC729020
KLHL15	KLHL15
TBC1D10C	TBC1D10C
OPTC	OPTC
MIPEP	MIPEP
AC020743.2;OTTHUMG00000155880	AC020743.2;OTTHUMG00000155880
OTTHUMG00000161674;RP11-164P12.4	OTTHUMG00000161674;RP11-164P12.4
FXYD4	FXYD4
TNFRSF14	TNFRSF14
FAM20C	FAM20C
KCNV1	KCNV1
GRIA3	GRIA3
MIR4794	MIR4794
GALNT12	GALNT12
DTNB	DTNB
RAP2A	RAP2A
MIR4681	MIR4681
CYP17A1-AS1	CYP17A1-AS1
ZSCAN5A	ZSCAN5A
PHF20L1	PHF20L1
LAMB2P1	LAMB2P1
MIR758	MIR758
FKBPL	FKBPL
FKBPL	FKBPL
AC073871.2;C7orf13;LOC100506380;OTTHUMG00000141315;OTTHUMG00000157178;RP5-982E9.1	AC073871.2;C7orf13;LOC100506380;OTTHUMG00000141315;OTTHUMG00000157178;RP5-982E9.1
RHOBTB1	RHOBTB1
OTTHUMG00000032677;RP11-347D21.2	OTTHUMG00000032677;RP11-347D21.2
PGF	PGF
CASZ1	CASZ1
KLRG1	KLRG1
HSFX1;HSFX2	HSFX1;HSFX2
OTTHUMG00000015296;RP3-355L5.4	OTTHUMG00000015296;RP3-355L5.4
TAF1A	TAF1A
KIAA1875	KIAA1875
LINC00593	LINC00593
OFCC1	OFCC1
OTTHUMG00000163993;RP11-675F6.3	OTTHUMG00000163993;RP11-675F6.3
OTTHUMG00000009500;RP13-221M14.2	OTTHUMG00000009500;RP13-221M14.2
LY6E	LY6E
OTTHUMG00000037874;RP11-361K17.2	OTTHUMG00000037874;RP11-361K17.2
MAPKAPK2	MAPKAPK2
C2orf81	C2orf81
LILRA4	LILRA4
OR4F6	OR4F6
CDHR5	CDHR5
NEK6	NEK6
LOC283788	LOC283788
AP001615.9;OTTHUMG00000086771	AP001615.9;OTTHUMG00000086771
TBC1D30	TBC1D30
OTTHUMG00000153545;RP11-98L5.5	OTTHUMG00000153545;RP11-98L5.5
IFNK	IFNK
GLDN	GLDN
RIMBP3B;RIMBP3C	RIMBP3B;RIMBP3C
AC079354.5;OTTHUMG00000154582	AC079354.5;OTTHUMG00000154582
CACNG8;MIR935	CACNG8;MIR935
MIR371B	MIR371B
ORC4	ORC4
GP5	GP5
CSTF1	CSTF1
EID2	EID2
CCDC117	CCDC117
OTTHUMG00000036063;RP11-74C13.4	OTTHUMG00000036063;RP11-74C13.4
SH2D6	SH2D6
OTTHUMG00000035956;RP11-332H17.1	OTTHUMG00000035956;RP11-332H17.1
SLMO2	SLMO2
KCNA1	KCNA1
FAM138D	FAM138D
C21orf7;MAP3K7CL	C21orf7;MAP3K7CL
OTTHUMG00000067240;RP11-118H15.1	OTTHUMG00000067240;RP11-118H15.1
AC016735.2;OTTHUMG00000152373	AC016735.2;OTTHUMG00000152373
FAM84B	FAM84B
OTTHUMG00000160367;RP11-665I14.1	OTTHUMG00000160367;RP11-665I14.1
SPATA21	SPATA21
LY96	LY96
XXYLT1-AS1	XXYLT1-AS1
C3orf22	C3orf22
RXFP2	RXFP2
OTTHUMG00000022365;RP1-30E17.2	OTTHUMG00000022365;RP1-30E17.2
C20orf173	C20orf173
IQCF3	IQCF3
AC007040.8;OTTHUMG00000153726	AC007040.8;OTTHUMG00000153726
AGPAT4	AGPAT4
SHQ1	SHQ1
OTTHUMG00000011991;RP11-88H9.1	OTTHUMG00000011991;RP11-88H9.1
CD80	CD80
NEMF	NEMF
SLC9B1P3	SLC9B1P3
OTTHUMG00000165062;RP11-255B23.2	OTTHUMG00000165062;RP11-255B23.2
ATP5EP2	ATP5EP2
GATA1	GATA1
OTTHUMG00000162954;RP11-2N5.2	OTTHUMG00000162954;RP11-2N5.2
DUOX2	DUOX2
BICC1	BICC1
ZNF563	ZNF563
SAG	SAG
CCDC50	CCDC50
RPS6KA4	RPS6KA4
KRT38	KRT38
AC005220.3;OTTHUMG00000032769	AC005220.3;OTTHUMG00000032769
AC107622.1;OTTHUMG00000155533	AC107622.1;OTTHUMG00000155533
HLA-DQA2	HLA-DQA2
HDAC9	HDAC9
MOG	MOG
RPP21	RPP21
OR6B1	OR6B1
ASMT;OTTHUMG00000021066;RP13-297E16.3	ASMT;OTTHUMG00000021066;RP13-297E16.3
OTTHUMG00000161759;RP11-308B16.2	OTTHUMG00000161759;RP11-308B16.2
TMEM206	TMEM206
BTBD7	BTBD7
IFITM3	IFITM3
CLN5	CLN5
DPCD	DPCD
OTTHUMG00000164908;RP11-946L20.2	OTTHUMG00000164908;RP11-946L20.2
DAZ1;DAZ4	DAZ1;DAZ4
RNA5SP397	RNA5SP397
OTTHUMG00000160163;RP11-68L1.2	OTTHUMG00000160163;RP11-68L1.2
OTTHUMG00000161707;OTTHUMG00000162168;RP11-4O3.1;RP11-685F15.1	OTTHUMG00000161707;OTTHUMG00000162168;RP11-4O3.1;RP11-685F15.1
OTTHUMG00000019252;RP11-4C20.4	OTTHUMG00000019252;RP11-4C20.4
ZNF285	ZNF285
TBC1D22B	TBC1D22B
DEFB124	DEFB124
LINC00917	LINC00917
LBX2	LBX2
CGB;CGB5;CGB8	CGB;CGB5;CGB8
CYAT1;IGLC1;IGLC2;IGLC3;IGLJ1;IGLJ2;IGLJ3;IGLL5;IGLV1-36;IGLV1-40;IGLV1-44;IGLV1-47;IGLV1-50;IGLV1-51;IGLV2-11;IGLV2-14;IGLV2-23;IGLV2-8;IGLV3-10;IGLV3-19;IGLV3-21;IGLV5-45;IGLV5-52;IGLV8-61;LOC96610;MIR650	CYAT1;IGLC1;IGLC2;IGLC3;IGLJ1;IGLJ2;IGLJ3;IGLL5;IGLV1-36;IGLV1-40;IGLV1-44;IGLV1-47;IGLV1-50;IGLV1-51;IGLV2-11;IGLV2-14;IGLV2-23;IGLV2-8;IGLV3-10;IGLV3-19;IGLV3-21;IGLV5-45;IGLV5-52;IGLV8-61;LOC96610;MIR650
TRAF3IP2	TRAF3IP2
OSBPL1A	OSBPL1A
C1orf200	C1orf200
IDO2	IDO2
IPCEF1	IPCEF1
OTTHUMG00000161706;RP11-332J15.2	OTTHUMG00000161706;RP11-332J15.2
DDX3Y	DDX3Y
CRYBA1	CRYBA1
MICALL2	MICALL2
C2CD4B	C2CD4B
OTTHUMG00000003064;RP11-288I21.1	OTTHUMG00000003064;RP11-288I21.1
LINC00266-4P	LINC00266-4P
LRRC8E	LRRC8E
OTTHUMG00000032248;RP11-49G10.3	OTTHUMG00000032248;RP11-49G10.3
PCDHB13	PCDHB13
IGLV4-69	IGLV4-69
IGLJ7	IGLJ7
FAM229A	FAM229A
RHOA-IT1	RHOA-IT1
TCF20	TCF20
ST6GALNAC2	ST6GALNAC2
DIP2B	DIP2B
AC104809.3;LOC728763;OTTHUMG00000151855	AC104809.3;LOC728763;OTTHUMG00000151855
PCDHB18	PCDHB18
LAMP1	LAMP1
TSPAN5	TSPAN5
LOC100233156;LOC389834	LOC100233156;LOC389834
MIR3679	MIR3679
CLPX	CLPX
SNX21	SNX21
CTC-353G13.1;OTTHUMG00000162966	CTC-353G13.1;OTTHUMG00000162966
WNT2	WNT2
ELAC1	ELAC1
UBFD1	UBFD1
DNAJB11	DNAJB11
GALR2	GALR2
MIRLET7F1	MIRLET7F1
CHAD	CHAD
RNA5SP39	RNA5SP39
MIR3918	MIR3918
MT1DP	MT1DP
RPP21	RPP21
RPP21	RPP21
LGALS8	LGALS8
LINC00308	LINC00308
OTTHUMG00000161704;RP11-332J15.1	OTTHUMG00000161704;RP11-332J15.1
RPS18	RPS18
C21orf119	C21orf119
TERF2	TERF2
LOC645355	LOC645355
AC079790.2;OTTHUMG00000155109	AC079790.2;OTTHUMG00000155109
EBP	EBP
SLC22A25	SLC22A25
TMSB4Y	TMSB4Y
CD300A	CD300A
AK2	AK2
IBA57	IBA57
CCDC30	CCDC30
AC092580.3;OTTHUMG00000151592	AC092580.3;OTTHUMG00000151592
ARRDC3-AS1	ARRDC3-AS1
TRAPPC12	TRAPPC12
HNRNPKP3	HNRNPKP3
GPR148	GPR148
MIR1279	MIR1279
PARVG	PARVG
OTTHUMG00000018241;RP11-96B5.3	OTTHUMG00000018241;RP11-96B5.3
CHMP2A	CHMP2A
PRG3	PRG3
EXT1	EXT1
PLG	PLG
OTTHUMG00000008236;RP11-253A20.1	OTTHUMG00000008236;RP11-253A20.1
FNDC4	FNDC4
DDB1	DDB1
RNA5SP245	RNA5SP245
GUSBP3;GUSBP9	GUSBP3;GUSBP9
MPP7	MPP7
PRR3	PRR3
PRR3	PRR3
PRR3	PRR3
MIR4659A	MIR4659A
TRIM51	TRIM51
ECD;OTTHUMG00000018451;RP11-152N13.3	ECD;OTTHUMG00000018451;RP11-152N13.3
RNA5SP235	RNA5SP235
ZXDA	ZXDA
MOG	MOG
STX16	STX16
UBLCP1	UBLCP1
ZEB1-AS1	ZEB1-AS1
GALNT16;GALNTL1	GALNT16;GALNTL1
OTTHUMG00000014794;RP3-365O12.2	OTTHUMG00000014794;RP3-365O12.2
TMEM72-AS1	TMEM72-AS1
MAGT1	MAGT1
CTB-157D17.1;OTTHUMG00000163570;SAP30L-AS1	CTB-157D17.1;OTTHUMG00000163570;SAP30L-AS1
OTTHUMG00000019476;RCL1;RP11-125K10.4	OTTHUMG00000019476;RCL1;RP11-125K10.4
DUSP15	DUSP15
HLA-DQB1;OTTHUMG00000149581;XXbac-BPG254F23.6	HLA-DQB1;OTTHUMG00000149581;XXbac-BPG254F23.6
OTTHUMG00000164250;RP11-26M5.3	OTTHUMG00000164250;RP11-26M5.3
TTC7A	TTC7A
C9orf135-AS1;OTTHUMG00000019983;RP11-109D9.3	C9orf135-AS1;OTTHUMG00000019983;RP11-109D9.3
GTF2B	GTF2B
GALNTL6	GALNTL6
OTTHUMG00000031858;RP5-839B4.8	OTTHUMG00000031858;RP5-839B4.8
VTA1	VTA1
ZNF439	ZNF439
KRT42P	KRT42P
MSN	MSN
TNN	TNN
PITPNM3	PITPNM3
AC006547.14;LOC388849;OTTHUMG00000150751	AC006547.14;LOC388849;OTTHUMG00000150751
DMTN;EPB49	DMTN;EPB49
OTTHUMG00000149050;XXbac-BPG116M5.15	OTTHUMG00000149050;XXbac-BPG116M5.15
RETSAT	RETSAT
TRBV4-1	TRBV4-1
MT1A	MT1A
ZFYVE21	ZFYVE21
AC091199.1;OTTHUMG00000132706	AC091199.1;OTTHUMG00000132706
GHRH	GHRH
NARS2	NARS2
AOC4	AOC4
GUSBP9	GUSBP9
OTTHUMG00000018056;RP11-20J15.3	OTTHUMG00000018056;RP11-20J15.3
C21orf49	C21orf49
OTTHUMG00000003683;RP11-111I12.1	OTTHUMG00000003683;RP11-111I12.1
OTTHUMG00000019981;RP11-470P21.2	OTTHUMG00000019981;RP11-470P21.2
OTTHUMG00000161242;RP11-775H9.2	OTTHUMG00000161242;RP11-775H9.2
GOLGA6L6;LOC100996599;LOC100996625;LOC100996644;LOC101060115	GOLGA6L6;LOC100996599;LOC100996625;LOC100996644;LOC101060115
LOC400685	LOC400685
METTL21A	METTL21A
AC092415.1;OTTHUMG00000155651	AC092415.1;OTTHUMG00000155651
TRPC3	TRPC3
DDR1	DDR1
ZNF812	ZNF812
MIR550B1	MIR550B1
THEMIS	THEMIS
NISCH	NISCH
SLC35G3;SLC35G5	SLC35G3;SLC35G5
ZNF441	ZNF441
LARP4B	LARP4B
ING5	ING5
CTA-397C4.2;OTTHUMG00000150468	CTA-397C4.2;OTTHUMG00000150468
OTTHUMG00000163914;RP11-566H8.1	OTTHUMG00000163914;RP11-566H8.1
UHRF1BP1L	UHRF1BP1L
LINC00458	LINC00458
NCCRP1	NCCRP1
LOC255654;OTTHUMG00000040555;RP11-690C23.2	LOC255654;OTTHUMG00000040555;RP11-690C23.2
MTRNR2L9	MTRNR2L9
NRP1	NRP1
OTTHUMG00000156589;RP11-24C3.2	OTTHUMG00000156589;RP11-24C3.2
SWI5	SWI5
RNF8	RNF8
HLA-DRB5	HLA-DRB5
MAMDC4	MAMDC4
OTTHUMG00000018280;RP11-135D11.2	OTTHUMG00000018280;RP11-135D11.2
OTTHUMG00000012449;RP1-13P20.6	OTTHUMG00000012449;RP1-13P20.6
CDK15	CDK15
DMPK	DMPK
ARPC5	ARPC5
MPO	MPO
UCHL1	UCHL1
KLF4	KLF4
LINC00898;OTTHUMG00000150323;RP11-191L9.6	LINC00898;OTTHUMG00000150323;RP11-191L9.6
C11orf21	C11orf21
NADKD1-AS1	NADKD1-AS1
OTTHUMG00000160297;RP11-91J3.2	OTTHUMG00000160297;RP11-91J3.2
KDM5D	KDM5D
PPIF	PPIF
RPS4Y2	RPS4Y2
PMS2CL	PMS2CL
AC092835.2;OTTHUMG00000155176	AC092835.2;OTTHUMG00000155176
H2BFXP	H2BFXP
TSPAN6	TSPAN6
OTTHUMG00000014652;RP11-61I13.3	OTTHUMG00000014652;RP11-61I13.3
EXOC3L4	EXOC3L4
OTTHUMG00000158007;RP4-545C24.1	OTTHUMG00000158007;RP4-545C24.1
AC010095.5;OTTHUMG00000153229	AC010095.5;OTTHUMG00000153229
KLHL7	KLHL7
OTTHUMG00000041453;RP11-154H17.1	OTTHUMG00000041453;RP11-154H17.1
KRT18P55	KRT18P55
AC144568.2;OTTHUMG00000163939	AC144568.2;OTTHUMG00000163939
IGFBP7;OTTHUMG00000160777;RP11-738E22.2	IGFBP7;OTTHUMG00000160777;RP11-738E22.2
OTTHUMG00000000941;RP1-140A9.1	OTTHUMG00000000941;RP1-140A9.1
CTAGE1	CTAGE1
C11orf45	C11orf45
AC002451.3;OTTHUMG00000154145	AC002451.3;OTTHUMG00000154145
RPL32P3;SNORA7B	RPL32P3;SNORA7B
RNY3P7	RNY3P7
MANEAL	MANEAL
NIT1	NIT1
DDR1	DDR1
DDR1	DDR1
LOC100506476	LOC100506476
MIR519A1	MIR519A1
HYLS1	HYLS1
OTTHUMG00000160118;RP11-343D2.11	OTTHUMG00000160118;RP11-343D2.11
MYEOV	MYEOV
OTTHUMG00000160808;RP11-10K16.1	OTTHUMG00000160808;RP11-10K16.1
MIR563	MIR563
LOC101060503;TXNIP	LOC101060503;TXNIP
DPCR1	DPCR1
NSG1;OTTHUMG00000160002	NSG1;OTTHUMG00000160002
RNA5SP99	RNA5SP99
ZNF385B	ZNF385B
RNF144B	RNF144B
OTTHUMG00000015742;RP1-91J24.3	OTTHUMG00000015742;RP1-91J24.3
PBX4	PBX4
OCIAD2	OCIAD2
CTD-3080P12.3;OTTHUMG00000161928	CTD-3080P12.3;OTTHUMG00000161928
TRIM10	TRIM10
SGCA	SGCA
BSN	BSN
RCN1P2	RCN1P2
AC091801.1;LOC392621;OTTHUMG00000152117	AC091801.1;LOC392621;OTTHUMG00000152117
OTTHUMG00000015959;RP11-235G24.1	OTTHUMG00000015959;RP11-235G24.1
SLC44A4	SLC44A4
EPN2-AS1	EPN2-AS1
CTD-2083E4.6;OTTHUMG00000161587	CTD-2083E4.6;OTTHUMG00000161587
NADK	NADK
CTC-506B8.1;OTTHUMG00000162823	CTC-506B8.1;OTTHUMG00000162823
AC078942.1;OTTHUMG00000152641	AC078942.1;OTTHUMG00000152641
PNPLA2	PNPLA2
SPSB2	SPSB2
FAM177B	FAM177B
CTAG1A;CTAG1B	CTAG1A;CTAG1B
KCNJ2-AS1	KCNJ2-AS1
PRKAR2A-AS1	PRKAR2A-AS1
C11orf85	C11orf85
VDAC2	VDAC2
ZNF843	ZNF843
FSTL4	FSTL4
TRBC2;TRBJ2-1;TRBJ2-2;TRBJ2-3;TRBJ2-4;TRBJ2-5;TRBJ2-6;TRBJ2-7;TRBV20-1;TRBV23-1;TRBV24-1;TRBV28	TRBC2;TRBJ2-1;TRBJ2-2;TRBJ2-3;TRBJ2-4;TRBJ2-5;TRBJ2-6;TRBJ2-7;TRBV20-1;TRBV23-1;TRBV24-1;TRBV28
CTD-2187J20.1;OTTHUMG00000162351	CTD-2187J20.1;OTTHUMG00000162351
PQLC2	PQLC2
OTTHUMG00000161769;RP11-62N21.1	OTTHUMG00000161769;RP11-62N21.1
OTTHUMG00000158297;RP11-646E18.2	OTTHUMG00000158297;RP11-646E18.2
ZNF569	ZNF569
AC003077.1;LOC100506413;OTTHUMG00000155078	AC003077.1;LOC100506413;OTTHUMG00000155078
MYLK	MYLK
ATXN7	ATXN7
TPR	TPR
IQCJ-SCHIP1-AS1	IQCJ-SCHIP1-AS1
MIR4774	MIR4774
OTTHUMG00000008426;RP11-435D7.3	OTTHUMG00000008426;RP11-435D7.3
GPX3	GPX3
OTTHUMG00000163616;RP11-124B13.1	OTTHUMG00000163616;RP11-124B13.1
LOC100130548;OTTHUMG00000020881;RP11-374P20.4	LOC100130548;OTTHUMG00000020881;RP11-374P20.4
BOP1	BOP1
RCVRN	RCVRN
OTTHUMG00000004127;RP11-415J8.5	OTTHUMG00000004127;RP11-415J8.5
C17orf64	C17orf64
OTTHUMG00000165064;RP11-255B23.4	OTTHUMG00000165064;RP11-255B23.4
CLEC10A	CLEC10A
OTTHUMG00000014331;RP3-471C18.1	OTTHUMG00000014331;RP3-471C18.1
CTD-2315M5.2;OTTHUMG00000162377	CTD-2315M5.2;OTTHUMG00000162377
ZCWPW1	ZCWPW1
OTTHUMG00000159737;RP11-167H9.6	OTTHUMG00000159737;RP11-167H9.6
SPRR2D	SPRR2D
RAB3IP	RAB3IP
OTTHUMG00000014261;RP3-413H6.2	OTTHUMG00000014261;RP3-413H6.2
WDR7	WDR7
CCDC137	CCDC137
AC009502.3;OTTHUMG00000059376	AC009502.3;OTTHUMG00000059376
HYALP1	HYALP1
LOC100506207;OTTHUMG00000014225;RP11-314C16.1	LOC100506207;OTTHUMG00000014225;RP11-314C16.1
OTTHUMG00000159958;RP11-442N1.1	OTTHUMG00000159958;RP11-442N1.1
AL109767.1;OTTHUMG00000150112	AL109767.1;OTTHUMG00000150112
RNA5SP60	RNA5SP60
MIR450B	MIR450B
FAM197Y2;FAM197Y5;FAM197Y6	FAM197Y2;FAM197Y5;FAM197Y6
BCDIN3D	BCDIN3D
OTTHUMG00000016583;RP11-169O17.5	OTTHUMG00000016583;RP11-169O17.5
LINC00888	LINC00888
MADCAM1	MADCAM1
ARMC1	ARMC1
TMEM80	TMEM80
SELRC1	SELRC1
FAM226A;FAM226B	FAM226A;FAM226B
NCF1C	NCF1C
HMCN2	HMCN2
SOX8	SOX8
OR2L8	OR2L8
RNU7-61P	RNU7-61P
PRICKLE2-AS2	PRICKLE2-AS2
CHID1	CHID1
BLCAP;OTTHUMG00000032422;RP11-425M5.5	BLCAP;OTTHUMG00000032422;RP11-425M5.5
C8orf87	C8orf87
SLC25A43	SLC25A43
NFKB1	NFKB1
DENND5B-AS1	DENND5B-AS1
GNL3;SNORD19B	GNL3;SNORD19B
ANKS4B	ANKS4B
TAS2R42	TAS2R42
LOC728739	LOC728739
GABRG2	GABRG2
EDA	EDA
NRTN	NRTN
DPH2	DPH2
OTTHUMG00000018892;RP11-483F11.7	OTTHUMG00000018892;RP11-483F11.7
DDA1	DDA1
SNORA21	SNORA21
C7orf49	C7orf49
ALOX15	ALOX15
SAMD12-AS1	SAMD12-AS1
ETV5-AS1	ETV5-AS1
VTRNA1-3	VTRNA1-3
GPC3	GPC3
OTTHUMG00000042553;RP11-312O7.2	OTTHUMG00000042553;RP11-312O7.2
FLJ25363;OTTHUMG00000159217;RP11-702L6.4	FLJ25363;OTTHUMG00000159217;RP11-702L6.4
THBD	THBD
OTTHUMG00000159722;RP11-402L6.1	OTTHUMG00000159722;RP11-402L6.1
OTTHUMG00000020797;RP11-409K20.6	OTTHUMG00000020797;RP11-409K20.6
MRPL40	MRPL40
MIR3167	MIR3167
AC002511.2;OTTHUMG00000048096	AC002511.2;OTTHUMG00000048096
WBSCR22	WBSCR22
METAP2	METAP2
EGFLAM-AS1	EGFLAM-AS1
MRAP2	MRAP2
KIF26B	KIF26B
GPR22	GPR22
LOC100506639;ZNF131	LOC100506639;ZNF131
OTTHUMG00000162438;RP11-2O17.2	OTTHUMG00000162438;RP11-2O17.2
SMPD3	SMPD3
AC007099.2;OTTHUMG00000152939	AC007099.2;OTTHUMG00000152939
OR11H7	OR11H7
C3orf33	C3orf33
DSG3	DSG3
MOG	MOG
GLA	GLA
OTTHUMG00000164452;RP11-267M23.3	OTTHUMG00000164452;RP11-267M23.3
EMILIN3	EMILIN3
ARHGAP26-AS1	ARHGAP26-AS1
IL1F10	IL1F10
OR2J3	OR2J3
OR2J3	OR2J3
OR2J3	OR2J3
OR2J3	OR2J3
OR2J3	OR2J3
OR2J3	OR2J3
PLEK2	PLEK2
ACCSL	ACCSL
C9orf69	C9orf69
NUBP2	NUBP2
ITPRIP	ITPRIP
HCG4B	HCG4B
AC008277.1;OTTHUMG00000154042	AC008277.1;OTTHUMG00000154042
EXOC4	EXOC4
CSAG2;CSAG3	CSAG2;CSAG3
HMCN2	HMCN2
OTTHUMG00000161693;RP11-415C15.1	OTTHUMG00000161693;RP11-415C15.1
OTTHUMG00000000422;RP11-176F3.7	OTTHUMG00000000422;RP11-176F3.7
OTTHUMG00000020885;RP11-473E2.3	OTTHUMG00000020885;RP11-473E2.3
ABCD4	ABCD4
OTTHUMG00000159264;RP11-506M12.1	OTTHUMG00000159264;RP11-506M12.1
OTTHUMG00000163779;RP11-203E8.1	OTTHUMG00000163779;RP11-203E8.1
LOC100289561;LOC100630923;PRKRIP1	LOC100289561;LOC100630923;PRKRIP1
MOCS2	MOCS2
IQCF2	IQCF2
DTX2P1-UPK3BP1-PMS2P11;LOC100132832	DTX2P1-UPK3BP1-PMS2P11;LOC100132832
PPEF2	PPEF2
CABP7	CABP7
OTTHUMG00000021238;RP11-147O5.1	OTTHUMG00000021238;RP11-147O5.1
LINC00277	LINC00277
RRP8	RRP8
TRIM60	TRIM60
OTTHUMG00000024091;RP4-646N3.1	OTTHUMG00000024091;RP4-646N3.1
RBM22	RBM22
LZTS1	LZTS1
OTTHUMG00000009528;RP11-276H7.2	OTTHUMG00000009528;RP11-276H7.2
HLA-DQA1;LOC100507718;LOC100509457	HLA-DQA1;LOC100507718;LOC100509457
LINC00244	LINC00244
RNY1P6	RNY1P6
SHF	SHF
OVOL2	OVOL2
RASGRF1	RASGRF1
TOMM5	TOMM5
RNU7-47P	RNU7-47P
TRIM50	TRIM50
UBE2Q2P2	UBE2Q2P2
OTTHUMG00000067215;RP11-160N1.10	OTTHUMG00000067215;RP11-160N1.10
MRPS21	MRPS21
PROX1-AS1	PROX1-AS1
SUSD1	SUSD1
CLPSL2	CLPSL2
AC006293.3;LILRP2;OTTHUMG00000065934	AC006293.3;LILRP2;OTTHUMG00000065934
LCE3D	LCE3D
ALPL	ALPL
LIPF	LIPF
PDE6A	PDE6A
ITGB5-AS1	ITGB5-AS1
OTTHUMG00000160773;RP11-440I14.2	OTTHUMG00000160773;RP11-440I14.2
UBOX5-AS1	UBOX5-AS1
EFR3A	EFR3A
AC093662.5;OTTHUMG00000152648	AC093662.5;OTTHUMG00000152648
MRRFP1	MRRFP1
HCLS1	HCLS1
AC093627.7;OTTHUMG00000151403	AC093627.7;OTTHUMG00000151403
C12orf4	C12orf4
LOC100288778	LOC100288778
OTTHUMG00000164481;RP11-10J21.6	OTTHUMG00000164481;RP11-10J21.6
OTTHUMG00000035890;RP11-16L9.2	OTTHUMG00000035890;RP11-16L9.2
PNMA6A;PNMA6B	PNMA6A;PNMA6B
ERICH1-AS1	ERICH1-AS1
RNU6-52P	RNU6-52P
CD70	CD70
RDH11	RDH11
GCLM	GCLM
CRHBP	CRHBP
OTTHUMG00000024178;RP11-329E24.6	OTTHUMG00000024178;RP11-329E24.6
AGAP3	AGAP3
OTTHUMG00000033066;RP4-669H2.1	OTTHUMG00000033066;RP4-669H2.1
ABHD6	ABHD6
OTTHUMG00000157321;RP5-921G16.1	OTTHUMG00000157321;RP5-921G16.1
HS3ST6	HS3ST6
ADAMTS9	ADAMTS9
ACOT11	ACOT11
LINC00445	LINC00445
AC133106.2;OTTHUMG00000154303	AC133106.2;OTTHUMG00000154303
GS1-39E22.2;OTTHUMG00000165055	GS1-39E22.2;OTTHUMG00000165055
PREP	PREP
LOC100506351;OTTHUMG00000164007;RP11-68L18.1	LOC100506351;OTTHUMG00000164007;RP11-68L18.1
MINOS1	MINOS1
GTF2IRD2P1	GTF2IRD2P1
MAFG	MAFG
EPHB2	EPHB2
KIR2DS2	KIR2DS2
STRADA	STRADA
AKAP13	AKAP13
NTAN1	NTAN1
STARD8	STARD8
MIR320D2	MIR320D2
AC073834.3;OTTHUMG00000154167	AC073834.3;OTTHUMG00000154167
VCL	VCL
OTTHUMG00000014196;RP11-556O15.1	OTTHUMG00000014196;RP11-556O15.1
AMBP	AMBP
CTB-35F21.4;OTTHUMG00000163348	CTB-35F21.4;OTTHUMG00000163348
HOXC4;HOXC5;HOXC6	HOXC4;HOXC5;HOXC6
MIR3065;MIR338	MIR3065;MIR338
C21orf128	C21orf128
RNU7-6P	RNU7-6P
HMGB4	HMGB4
LINC00648	LINC00648
PDC	PDC
MED19	MED19
GNAI1	GNAI1
RASSF10	RASSF10
L2HGDH	L2HGDH
MAK;OTTHUMG00000014247;RP3-417M14.2	MAK;OTTHUMG00000014247;RP3-417M14.2
DDX26B	DDX26B
CCDC104	CCDC104
TADA1	TADA1
OTTHUMG00000034550;RP1-10C16.1	OTTHUMG00000034550;RP1-10C16.1
LOC283731	LOC283731
OTTHUMG00000017025;RP11-394A14.2	OTTHUMG00000017025;RP11-394A14.2
RHOH	RHOH
LIN7C	LIN7C
OTTHUMG00000041346;RP11-347K2.1	OTTHUMG00000041346;RP11-347K2.1
OTTHUMG00000041349;RP11-153F1.2	OTTHUMG00000041349;RP11-153F1.2
MET	MET
CTC-347C20.2;OTTHUMG00000163319	CTC-347C20.2;OTTHUMG00000163319
LOC100129213;SLC39A12-AS1	LOC100129213;SLC39A12-AS1
GS1-278J22.1;OTTHUMG00000156043	GS1-278J22.1;OTTHUMG00000156043
OTTHUMG00000156655;RP5-1132H15.1	OTTHUMG00000156655;RP5-1132H15.1
AKR1C1	AKR1C1
AC078852.1;OTTHUMG00000163525	AC078852.1;OTTHUMG00000163525
GPR132	GPR132
ZNF691	ZNF691
AARSD1;PTGES3L;PTGES3L-AARSD1	AARSD1;PTGES3L;PTGES3L-AARSD1
GRINA	GRINA
LINC00603	LINC00603
LY6G6E	LY6G6E
LY6G6E	LY6G6E
LY6G6E	LY6G6E
LY6G6E	LY6G6E
LY6G6E	LY6G6E
LY6G6E	LY6G6E
CTD-2134P3.1;OTTHUMG00000161934	CTD-2134P3.1;OTTHUMG00000161934
CDHR4	CDHR4
OTTHUMG00000160741;RP11-248N22.2	OTTHUMG00000160741;RP11-248N22.2
OTTHUMG00000009114;RP4-630A11.3	OTTHUMG00000009114;RP4-630A11.3
RAB33B	RAB33B
WASH7P	WASH7P
MLLT4	MLLT4
TKTL1	TKTL1
SLC13A5	SLC13A5
IGFBP3	IGFBP3
BBOX1	BBOX1
KLK7	KLK7
CTD-2013M15.1;OTTHUMG00000162210	CTD-2013M15.1;OTTHUMG00000162210
TNFRSF8	TNFRSF8
CYBB	CYBB
OTTHUMG00000019549;RP11-87N24.2	OTTHUMG00000019549;RP11-87N24.2
C10orf54	C10orf54
OTTHUMG00000020963;RP11-229P13.19	OTTHUMG00000020963;RP11-229P13.19
RAI14	RAI14
LRRIQ3	LRRIQ3
KIR2DS3;KIR2DS5	KIR2DS3;KIR2DS5
OTTHUMG00000022260;RP4-562J12.2	OTTHUMG00000022260;RP4-562J12.2
OTTHUMG00000040769;RP5-968D22.3	OTTHUMG00000040769;RP5-968D22.3
MIR4533	MIR4533
LOC100506411	LOC100506411
RPL22P19	RPL22P19
MIR4535	MIR4535
RAB40C	RAB40C
NTSR2	NTSR2
SIN3B	SIN3B
LOC100124692;LOC93432;OTTHUMG00000158558;RP11-1220K2.2	LOC100124692;LOC93432;OTTHUMG00000158558;RP11-1220K2.2
AVL9	AVL9
DCHS1	DCHS1
DCAF4	DCAF4
FMOD	FMOD
ZNF140	ZNF140
ZNF845	ZNF845
OTTHUMG00000020611;RP11-542K23.7	OTTHUMG00000020611;RP11-542K23.7
KIAA0319L	KIAA0319L
ZFAT	ZFAT
OTTHUMG00000157320;RP5-921G16.2	OTTHUMG00000157320;RP5-921G16.2
FAM201A	FAM201A
ELF1	ELF1
APOA1	APOA1
OTTHUMG00000164616;RP11-91P17.1	OTTHUMG00000164616;RP11-91P17.1
IL2RA	IL2RA
PPP1R3B	PPP1R3B
KLF16	KLF16
OTTHUMG00000161765;RP11-125O18.1	OTTHUMG00000161765;RP11-125O18.1
OTTHUMG00000162157;RP3-510L9.1	OTTHUMG00000162157;RP3-510L9.1
RFT1	RFT1
FAM197Y2;FAM197Y5;FAM197Y7	FAM197Y2;FAM197Y5;FAM197Y7
AC007679.3;OTTHUMG00000154652	AC007679.3;OTTHUMG00000154652
AC005534.9;OTTHUMG00000151508	AC005534.9;OTTHUMG00000151508
MIR4480	MIR4480
PLEKHH3	PLEKHH3
TSPY1;TSPY10;TSPY3	TSPY1;TSPY10;TSPY3
AC008278.2;OTTHUMG00000151725	AC008278.2;OTTHUMG00000151725
OTTHUMG00000009988;OTTHUMG00000009990;RP11-67L3.4;RP11-67L3.5	OTTHUMG00000009988;OTTHUMG00000009990;RP11-67L3.4;RP11-67L3.5
DKFZp434J0226	DKFZp434J0226
ZCCHC3	ZCCHC3
AL157902.3;LOC100996263;OTTHUMG00000013706	AL157902.3;LOC100996263;OTTHUMG00000013706
OTTHUMG00000160883;RP11-377G16.2	OTTHUMG00000160883;RP11-377G16.2
BLOC1S3	BLOC1S3
DIAPH3-AS1	DIAPH3-AS1
IKBKG	IKBKG
CTD-2588J1.1;OTTHUMG00000164537	CTD-2588J1.1;OTTHUMG00000164537
STXBP6	STXBP6
RNA5SP215	RNA5SP215
NDUFB4	NDUFB4
LOC644450	LOC644450
AC015936.3;OTTHUMG00000154265	AC015936.3;OTTHUMG00000154265
RNY4P18	RNY4P18
SGMS2	SGMS2
LINC00332	LINC00332
CTD-2218G20.2;LOC340113;OTTHUMG00000162007	CTD-2218G20.2;LOC340113;OTTHUMG00000162007
ACAP1	ACAP1
SNORA53	SNORA53
CLTA	CLTA
OTTHUMG00000040631;RP5-833A20.1	OTTHUMG00000040631;RP5-833A20.1
TBC1D14	TBC1D14
HAUS5	HAUS5
C9orf24	C9orf24
PTPRO	PTPRO
CTD-2334D19.1;OTTHUMG00000162927	CTD-2334D19.1;OTTHUMG00000162927
SLMO1	SLMO1
SLK	SLK
AC016757.3;LOC151174;OTTHUMG00000152898	AC016757.3;LOC151174;OTTHUMG00000152898
C14orf142	C14orf142
ZNF205-AS1	ZNF205-AS1
PSMD6	PSMD6
GFRA4	GFRA4
OTTHUMG00000018491;RP11-417O11.5	OTTHUMG00000018491;RP11-417O11.5
LHPP	LHPP
TP53TG5	TP53TG5
KIAA1462	KIAA1462
LOC100652782;OTTHUMG00000163295;RP11-451H23.3	LOC100652782;OTTHUMG00000163295;RP11-451H23.3
FOLH1B	FOLH1B
GLS	GLS
MAN2C1	MAN2C1
AC114752.1;OTTHUMG00000152671	AC114752.1;OTTHUMG00000152671
CEP170P1	CEP170P1
NAT2	NAT2
CNKSR1	CNKSR1
CXCL17	CXCL17
OTTHUMG00000016604;RP11-165I9.4	OTTHUMG00000016604;RP11-165I9.4
PPM1B	PPM1B
AC025165.8;OTTHUMG00000152518	AC025165.8;OTTHUMG00000152518
OR6W1P	OR6W1P
TMED10P1	TMED10P1
SNORD63	SNORD63
SERPINA11	SERPINA11
PSMD12	PSMD12
OTTHUMG00000016054;RP11-417E7.1	OTTHUMG00000016054;RP11-417E7.1
PTCHD3	PTCHD3
OTTHUMG00000018829;RP11-35J23.1	OTTHUMG00000018829;RP11-35J23.1
CTC-205M6.1;OTTHUMG00000162253	CTC-205M6.1;OTTHUMG00000162253
PRKG1-AS1	PRKG1-AS1
CLCN1	CLCN1
OTTHUMG00000159113;RP11-734K21.2	OTTHUMG00000159113;RP11-734K21.2
OTTHUMG00000164665;RP11-90D11.1	OTTHUMG00000164665;RP11-90D11.1
MIR4472-2	MIR4472-2
AF064860.5;B3GALT5;OTTHUMG00000086721	AF064860.5;B3GALT5;OTTHUMG00000086721
MACC1-AS1	MACC1-AS1
LOC100506414;OTTHUMG00000020070;RP11-375O18.2	LOC100506414;OTTHUMG00000020070;RP11-375O18.2
OTTHUMG00000021161;RP1-122K4.2	OTTHUMG00000021161;RP1-122K4.2
LOC100506050;OTTHUMG00000156482;RP11-3N2.3	LOC100506050;OTTHUMG00000156482;RP11-3N2.3
RNA5SP188	RNA5SP188
ALKBH3;SEC14L1P1	ALKBH3;SEC14L1P1
SNAP23	SNAP23
TMEM132C	TMEM132C
RUNX1T1	RUNX1T1
RPL13AP3	RPL13AP3
TMPRSS9	TMPRSS9
LINC00640	LINC00640
HTR7	HTR7
SRSF1	SRSF1
LOC100996758;NPY4R;PPYR1	LOC100996758;NPY4R;PPYR1
HOGA1	HOGA1
RNA5SP118	RNA5SP118
LETMD1	LETMD1
CASP7	CASP7
SLC22A18AS	SLC22A18AS
WRAP73	WRAP73
TFF1	TFF1
SH3BGRL2	SH3BGRL2
LPO	LPO
MIR3916	MIR3916
LOC100132999;LOC101060698;LOC642441;LOC730256	LOC100132999;LOC101060698;LOC642441;LOC730256
HMGCLL1	HMGCLL1
LONRF1	LONRF1
COL8A2	COL8A2
GNRHR	GNRHR
LOC100506175;OTTHUMG00000032727;RP4-530I15.6	LOC100506175;OTTHUMG00000032727;RP4-530I15.6
SPNS2	SPNS2
ASAP1	ASAP1
MIR642A;MIR642B	MIR642A;MIR642B
PLCL1	PLCL1
AOAH-IT1	AOAH-IT1
CTC-529L17.1;OTTHUMG00000162625	CTC-529L17.1;OTTHUMG00000162625
LMO2	LMO2
SF3A3	SF3A3
OTTHUMG00000160337;RP11-302F12.10	OTTHUMG00000160337;RP11-302F12.10
HIC1	HIC1
RNA5SP449	RNA5SP449
RNA5SP278	RNA5SP278
SLC22A10	SLC22A10
ELL	ELL
OR52E8	OR52E8
KCNQ1DN	KCNQ1DN
ERGIC2	ERGIC2
ST6GAL2-IT1	ST6GAL2-IT1
AC079776.3;OTTHUMG00000153485	AC079776.3;OTTHUMG00000153485
CHST15	CHST15
UNKL	UNKL
OTTHUMG00000019064;RP11-25C19.3	OTTHUMG00000019064;RP11-25C19.3
WWC3	WWC3
OTTHUMG00000040077;RP11-62I21.1	OTTHUMG00000040077;RP11-62I21.1
TMEM200B	TMEM200B
LOC399815	LOC399815
DEF8	DEF8
CCHCR1	CCHCR1
AC062028.1;FLJ33534;OTTHUMG00000119056	AC062028.1;FLJ33534;OTTHUMG00000119056
PYHIN1	PYHIN1
TSGA10IP	TSGA10IP
GRAMD1C	GRAMD1C
AC020907.6;GRAMD1A;OTTHUMG00000044564	AC020907.6;GRAMD1A;OTTHUMG00000044564
FBXW5	FBXW5
OTTHUMG00000020222;RP11-62C3.6	OTTHUMG00000020222;RP11-62C3.6
PLA2G4E	PLA2G4E
AC015977.6;OTTHUMG00000151995	AC015977.6;OTTHUMG00000151995
MTUS2	MTUS2
MIR4443	MIR4443
CDC16	CDC16
IFIT1	IFIT1
LOC100506048;OTTHUMG00000159680;RP11-293A21.1	LOC100506048;OTTHUMG00000159680;RP11-293A21.1
OTTHUMG00000041338;RP4-559A3.6	OTTHUMG00000041338;RP4-559A3.6
MEIS3P2	MEIS3P2
SERPINF2	SERPINF2
LOC100506393	LOC100506393
OTTHUMG00000003412;RP5-1092A11.2	OTTHUMG00000003412;RP5-1092A11.2
CEP97	CEP97
OTTHUMG00000162673;RP11-133F8.2	OTTHUMG00000162673;RP11-133F8.2
LOC100653024;LOC100653146;PTK2	LOC100653024;LOC100653146;PTK2
KRT71	KRT71
RNA5SP93	RNA5SP93
OTTHUMG00000164870;RP11-1136L8.1	OTTHUMG00000164870;RP11-1136L8.1
NAPA	NAPA
RNU6-82P	RNU6-82P
TMCC3	TMCC3
AC007390.6;OTTHUMG00000152168	AC007390.6;OTTHUMG00000152168
ZNF697	ZNF697
HLCS-IT1	HLCS-IT1
MTRF1L	MTRF1L
LRRC14B	LRRC14B
CCHCR1	CCHCR1
CCHCR1	CCHCR1
CCHCR1	CCHCR1
OTTHUMG00000014117;RP1-20B11.2	OTTHUMG00000014117;RP1-20B11.2
MIR4739	MIR4739
QTRT1	QTRT1
ATP10B	ATP10B
LINC00837	LINC00837
RNF113A	RNF113A
MIR3939	MIR3939
AMBRA1	AMBRA1
CTC-203F4.1;CTC-349C3.1;LOC100996485;OTTHUMG00000163075;OTTHUMG00000163106	CTC-203F4.1;CTC-349C3.1;LOC100996485;OTTHUMG00000163075;OTTHUMG00000163106
ADD3	ADD3
RNA5SP258	RNA5SP258
HAAO	HAAO
MRPS23	MRPS23
NFATC4	NFATC4
CLECL1	CLECL1
MLK7-AS1	MLK7-AS1
ATP6V0C	ATP6V0C
LINC00323	LINC00323
SLC27A5	SLC27A5
CINP	CINP
TSPO2	TSPO2
AC105053.3;LOC284950;OTTHUMG00000153166	AC105053.3;LOC284950;OTTHUMG00000153166
PTPN7	PTPN7
OTTHUMG00000017760;RP11-109I13.2	OTTHUMG00000017760;RP11-109I13.2
TTC37	TTC37
KANSL1-AS1	KANSL1-AS1
RFPL3-AS1;RFPL3S	RFPL3-AS1;RFPL3S
RNF130	RNF130
LAT2	LAT2
UNC93A	UNC93A
CTC-303L1.2;OTTHUMG00000183942	CTC-303L1.2;OTTHUMG00000183942
AL133249.1;OTTHUMG00000152056	AL133249.1;OTTHUMG00000152056
HLA-DPA1	HLA-DPA1
AC007405.8;OTTHUMG00000154073	AC007405.8;OTTHUMG00000154073
OTTHUMG00000037423;RP11-815M8.1	OTTHUMG00000037423;RP11-815M8.1
LOC100505478;OTTHUMG00000020542;RP11-402G3.3	LOC100505478;OTTHUMG00000020542;RP11-402G3.3
LINC00189	LINC00189
UBAC2-AS1	UBAC2-AS1
RNU7-48P	RNU7-48P
QARS	QARS
RABEPK	RABEPK
HSPBP1	HSPBP1
PPP2R3A	PPP2R3A
BX322557.10;LINC00205;LOC642852;OTTHUMG00000090398	BX322557.10;LINC00205;LOC642852;OTTHUMG00000090398
PTPRCAP	PTPRCAP
CNR2	CNR2
SEC14L3	SEC14L3
SNORD117	SNORD117
SNORD117	SNORD117
SNORD117	SNORD117
SNORD117	SNORD117
SNORD117	SNORD117
SNORD117	SNORD117
SNORD117	SNORD117
SNORD117	SNORD117
AC012075.2;LOC100507201;OTTHUMG00000152947	AC012075.2;LOC100507201;OTTHUMG00000152947
CTC-367J11.1;OTTHUMG00000163588	CTC-367J11.1;OTTHUMG00000163588
TBCC	TBCC
ZC3H8	ZC3H8
TMTC3	TMTC3
MIR4505	MIR4505
OTTHUMG00000161179;RP11-45L9.1	OTTHUMG00000161179;RP11-45L9.1
ARAP3	ARAP3
LOC388906;OTTHUMG00000150700;Z83851.3	LOC388906;OTTHUMG00000150700;Z83851.3
EXTL2	EXTL2
CEACAM18	CEACAM18
OTTHUMG00000015847;RP11-133I21.2	OTTHUMG00000015847;RP11-133I21.2
WSCD2	WSCD2
STXBP3	STXBP3
OTTHUMG00000022403;RP1-23K20.2	OTTHUMG00000022403;RP1-23K20.2
OR2L3	OR2L3
BSPRY	BSPRY
HAX1	HAX1
ATG12	ATG12
PRSS51	PRSS51
LASP1	LASP1
OTTHUMG00000019016;RP11-298H24.1	OTTHUMG00000019016;RP11-298H24.1
SERPINB9	SERPINB9
DCAF6	DCAF6
SURF6	SURF6
OTTHUMG00000020075;RP11-394O9.1	OTTHUMG00000020075;RP11-394O9.1
FOLR3	FOLR3
OTTHUMG00000163102;RP11-119J18.1	OTTHUMG00000163102;RP11-119J18.1
GRIK3	GRIK3
OTTHUMG00000002490;RP4-798A10.4	OTTHUMG00000002490;RP4-798A10.4
LOC283710	LOC283710
ACOX3	ACOX3
HOXB8	HOXB8
CREB5;LOC401317	CREB5;LOC401317
TM6SF1	TM6SF1
TMEM31	TMEM31
YDJC	YDJC
TCIRG1	TCIRG1
CA10	CA10
OTTHUMG00000161211;RP11-710F7.3	OTTHUMG00000161211;RP11-710F7.3
PROK2	PROK2
MEMO1P1	MEMO1P1
KIAA1949;OTTHUMG00000149990;PPP1R18	KIAA1949;OTTHUMG00000149990;PPP1R18
OTTHUMG00000014659;RP11-552E20.4	OTTHUMG00000014659;RP11-552E20.4
APOF	APOF
NLRC4	NLRC4
TTTY16	TTTY16
OTTHUMG00000160363;RP11-315A17.1	OTTHUMG00000160363;RP11-315A17.1
PEX5L-AS1	PEX5L-AS1
FAM162A	FAM162A
RNU5A-5P	RNU5A-5P
CTC-205M6.3;HEIH;OTTHUMG00000162271	CTC-205M6.3;HEIH;OTTHUMG00000162271
OTTHUMG00000151279;OTTHUMG00000151281;RP1-76B20.11;RP1-76B20.12	OTTHUMG00000151279;OTTHUMG00000151281;RP1-76B20.11;RP1-76B20.12
LINC00269	LINC00269
LOC101060455;LOC595101	LOC101060455;LOC595101
CD5L	CD5L
STX4	STX4
OR9I1	OR9I1
HOXA7	HOXA7
RNA5SP105	RNA5SP105
OTTHUMG00000021383;RP1-154K9.2	OTTHUMG00000021383;RP1-154K9.2
SH3BP2	SH3BP2
FGF4	FGF4
FAM178B	FAM178B
TIFAB	TIFAB
LIF	LIF
PRNT	PRNT
LAS1L	LAS1L
HPSE2	HPSE2
GABARAP	GABARAP
CCR8	CCR8
SSTR3	SSTR3
FAM224A	FAM224A
CTB-140J7.2;OTTHUMG00000165096	CTB-140J7.2;OTTHUMG00000165096
G6PC3	G6PC3
KLHL1	KLHL1
OTTHUMG00000158358;RP11-875H7.2	OTTHUMG00000158358;RP11-875H7.2
TBC1D27;TNFRSF13B	TBC1D27;TNFRSF13B
CCL18;LOC101060271	CCL18;LOC101060271
LRRC26	LRRC26
CKMT2	CKMT2
SRY	SRY
AMY2A	AMY2A
TRAV8-1	TRAV8-1
LINGO4	LINGO4
LTA4H	LTA4H
OTTHUMG00000017568;RP11-464C19.2	OTTHUMG00000017568;RP11-464C19.2
MRPS30	MRPS30
AC226118.1;LOC442497;OTTHUMG00000160233	AC226118.1;LOC442497;OTTHUMG00000160233
FLJ26850	FLJ26850
BIN2	BIN2
MRPS22	MRPS22
TMEM156	TMEM156
MMP20	MMP20
GUSBP1;GUSBP4	GUSBP1;GUSBP4
OR2G3	OR2G3
OTTHUMG00000031766;RP11-119B16.2	OTTHUMG00000031766;RP11-119B16.2
ZFP1	ZFP1
TRAF3IP1	TRAF3IP1
CBLN3	CBLN3
CCDC146	CCDC146
KIAA1468	KIAA1468
AP001627.1;OTTHUMG00000153501	AP001627.1;OTTHUMG00000153501
AC005895.3;OTTHUMG00000169771;PDGFRB	AC005895.3;OTTHUMG00000169771;PDGFRB
CHIAP2	CHIAP2
MIR4265	MIR4265
RNA5SP511	RNA5SP511
KLHL34	KLHL34
OTTHUMG00000021664;RP13-188A5.1	OTTHUMG00000021664;RP13-188A5.1
C10orf90	C10orf90
SNHG11;SNORA39;SNORA60	SNHG11;SNORA39;SNORA60
MAP3K8	MAP3K8
RNA5SP427	RNA5SP427
NGDN	NGDN
PRODH2	PRODH2
FNDC3B	FNDC3B
PRSS3P3	PRSS3P3
MIR4288	MIR4288
AC011239.1;OTTHUMG00000151895	AC011239.1;OTTHUMG00000151895
RNA5SP22	RNA5SP22
CYLC1	CYLC1
OR52N5	OR52N5
GMDS	GMDS
ADAR	ADAR
KIF17	KIF17
OTTHUMG00000163567;RP11-798K23.4	OTTHUMG00000163567;RP11-798K23.4
STARD7	STARD7
DICER1-AS1	DICER1-AS1
HGSNAT	HGSNAT
FAM13C	FAM13C
LOC100144602;OTTHUMG00000161982;RP11-807H7.1	LOC100144602;OTTHUMG00000161982;RP11-807H7.1
GPR52	GPR52
LOC283683	LOC283683
LIPH	LIPH
HLA-H	HLA-H
IL17RA	IL17RA
MIR1909;REXO1	MIR1909;REXO1
SPATA5L1	SPATA5L1
MAN1A2	MAN1A2
COL16A1	COL16A1
FAM32A	FAM32A
RNF152	RNF152
SLC35G4;SLC35G5	SLC35G4;SLC35G5
CD82	CD82
AC007163.3;LOC100507140;OTTHUMG00000154537	AC007163.3;LOC100507140;OTTHUMG00000154537
TTC30A	TTC30A
C20orf132;MROH8	C20orf132;MROH8
C14orf178	C14orf178
RBM10	RBM10
ZNF350	ZNF350
FAM197Y3	FAM197Y3
UNC5C	UNC5C
GPR179	GPR179
YTHDC1	YTHDC1
HLA-DPA1	HLA-DPA1
AC073641.2;OTTHUMG00000153359	AC073641.2;OTTHUMG00000153359
MCC	MCC
HIST1H2AA	HIST1H2AA
C8orf12	C8orf12
YAF2	YAF2
GSN;OTTHUMG00000020587;RP11-477J21.5	GSN;OTTHUMG00000020587;RP11-477J21.5
AC096559.2;OTTHUMG00000151710	AC096559.2;OTTHUMG00000151710
HLA-DPA1	HLA-DPA1
HLA-DPA1	HLA-DPA1
OTTHUMG00000160040;RP11-281P23.1	OTTHUMG00000160040;RP11-281P23.1
OTTHUMG00000018126;RP11-292F22.5	OTTHUMG00000018126;RP11-292F22.5
MYBPH	MYBPH
OTTHUMG00000039875;RP11-261C10.5	OTTHUMG00000039875;RP11-261C10.5
OR51V1	OR51V1
OTTHUMG00000003881;RP11-73M7.6	OTTHUMG00000003881;RP11-73M7.6
COL11A1	COL11A1
MIR1246	MIR1246
TOPORS	TOPORS
PIK3CD	PIK3CD
POM121L2	POM121L2
ABCG8	ABCG8
HCG27	HCG27
SH3BP5L	SH3BP5L
LOC100506172	LOC100506172
SV2A	SV2A
AC104781.1;OTTHUMG00000152469	AC104781.1;OTTHUMG00000152469
MIR487A	MIR487A
SEZ6L2	SEZ6L2
C1orf105	C1orf105
OTTHUMG00000020273;RP11-49O14.2	OTTHUMG00000020273;RP11-49O14.2
OTTHUMG00000164198;RP11-770E5.1	OTTHUMG00000164198;RP11-770E5.1
STAB1	STAB1
LOC101060714;LOC101060729;SLX1A;SLX1A-SULT1A3;SLX1B;SULT1A3;SULT1A4	LOC101060714;LOC101060729;SLX1A;SLX1A-SULT1A3;SLX1B;SULT1A3;SULT1A4
AC011893.3;LOC100507600;OTTHUMG00000153579	AC011893.3;LOC100507600;OTTHUMG00000153579
AC008073.7;OTTHUMG00000151892	AC008073.7;OTTHUMG00000151892
LRRC52	LRRC52
CTD-2232E5.2;OTTHUMG00000162670	CTD-2232E5.2;OTTHUMG00000162670
OTTHUMG00000022180;RP6-24A23.3	OTTHUMG00000022180;RP6-24A23.3
IGF1R	IGF1R
VCPIP1	VCPIP1
OTTHUMG00000165067;RP11-382A18.2	OTTHUMG00000165067;RP11-382A18.2
CALCR	CALCR
OTTHUMG00000158828;RP11-543D10.2	OTTHUMG00000158828;RP11-543D10.2
RNA5SP276	RNA5SP276
TMEM241	TMEM241
RPSAP9	RPSAP9
OTTHUMG00000161883;RP11-567N4.3	OTTHUMG00000161883;RP11-567N4.3
RAB11A	RAB11A
XKRX	XKRX
DPY19L2P2	DPY19L2P2
OTTHUMG00000156934;RP11-736E3.1	OTTHUMG00000156934;RP11-736E3.1
HNF1A	HNF1A
LOC100506705	LOC100506705
MED9	MED9
C12orf74	C12orf74
PLCH2	PLCH2
LINC00899;OTTHUMG00000150406;RP11-398F12.1	LINC00899;OTTHUMG00000150406;RP11-398F12.1
VWF	VWF
SLC2A8	SLC2A8
ANKRD20A9P;RNU6-55P	ANKRD20A9P;RNU6-55P
MAP2K7	MAP2K7
WDR89	WDR89
VAV3	VAV3
QRICH2	QRICH2
LBX1	LBX1
TUSC2	TUSC2
ALOX12P2	ALOX12P2
PRR7-AS1	PRR7-AS1
GCOM2	GCOM2
AGXT2	AGXT2
LOC100506776	LOC100506776
OTTHUMG00000009304;RP4-535B20.1	OTTHUMG00000009304;RP4-535B20.1
FAM69B	FAM69B
LOC100128822	LOC100128822
RPUSD1	RPUSD1
NDP-AS1	NDP-AS1
HMCN2	HMCN2
FAM200B	FAM200B
PDS5A	PDS5A
CACNA1E	CACNA1E
AC096579.13;AC096579.7;IGK;IGKC;IGKJ1;IGKJ2;IGKJ3;IGKJ4;IGKJ5;IGKV1-12;IGKV1-16;IGKV1-33;IGKV1-39;IGKV2-30;IGKV3-15;IGKV3-20;OTTHUMG00000151686;OTTHUMG00000151694	AC096579.13;AC096579.7;IGK;IGKC;IGKJ1;IGKJ2;IGKJ3;IGKJ4;IGKJ5;IGKV1-12;IGKV1-16;IGKV1-33;IGKV1-39;IGKV2-30;IGKV3-15;IGKV3-20;OTTHUMG00000151686;OTTHUMG00000151694
ZNF890P	ZNF890P
ZFR	ZFR
CXorf51A;CXorf51B	CXorf51A;CXorf51B
FGF5	FGF5
CNPY1	CNPY1
CREBRF	CREBRF
ZBTB48	ZBTB48
AC106876.2;OTTHUMG00000153231	AC106876.2;OTTHUMG00000153231
UBE2Q2P2;UBE2Q2P3	UBE2Q2P2;UBE2Q2P3
PNLIPRP1	PNLIPRP1
PLEKHB1	PLEKHB1
LUCAT1;OTTHUMG00000162611;RP11-213H15.3	LUCAT1;OTTHUMG00000162611;RP11-213H15.3
BTBD1	BTBD1
C8orf37	C8orf37
NR1I3	NR1I3
CTA-125H2.2;OTTHUMG00000150907	CTA-125H2.2;OTTHUMG00000150907
STARD9	STARD9
PHKA1-AS1	PHKA1-AS1
MIR4638	MIR4638
SLC3A2	SLC3A2
AC068491.1;LINC00152;LOC541471;OTTHUMG00000150313	AC068491.1;LINC00152;LOC541471;OTTHUMG00000150313
MIR631	MIR631
OTTHUMG00000159908;RP11-1191J2.2	OTTHUMG00000159908;RP11-1191J2.2
AGRP	AGRP
RPE65	RPE65
OTTHUMG00000162820;RP11-254I22.3	OTTHUMG00000162820;RP11-254I22.3
SLC4A1	SLC4A1
OTTHUMG00000017642;RP11-379F12.4	OTTHUMG00000017642;RP11-379F12.4
CD8B;LOC100996919	CD8B;LOC100996919
OTTHUMG00000161347;RP13-884E18.2	OTTHUMG00000161347;RP13-884E18.2
OTTHUMG00000161151;RP11-767N15.1	OTTHUMG00000161151;RP11-767N15.1
LOC100287036	LOC100287036
OTTHUMG00000161244;RP11-363G15.2	OTTHUMG00000161244;RP11-363G15.2
C6orf52	C6orf52
TMEM234	TMEM234
OTTHUMG00000160619;RP11-739P1.2	OTTHUMG00000160619;RP11-739P1.2
MIR4287	MIR4287
MRGPRX1	MRGPRX1
DNTTIP2	DNTTIP2
HLA-H	HLA-H
OTTHUMG00000164531;RP11-38H17.1	OTTHUMG00000164531;RP11-38H17.1
XYLT2	XYLT2
CPN2	CPN2
CD28	CD28
PIP4K2A	PIP4K2A
COL4A2-AS1	COL4A2-AS1
EMR4P	EMR4P
AP5B1	AP5B1
AC005160.3;OTTHUMG00000155093	AC005160.3;OTTHUMG00000155093
PRAMEF16;PRAMEF17	PRAMEF16;PRAMEF17
AC009305.1;OTTHUMG00000152041	AC009305.1;OTTHUMG00000152041
NOXA1	NOXA1
GPR15	GPR15
HMGB3P22	HMGB3P22
C16orf80	C16orf80
INTS5	INTS5
STRA8	STRA8
RGS16	RGS16
MIR548H3	MIR548H3
GPR26	GPR26
C12orf77	C12orf77
TRIM29	TRIM29
OTTHUMG00000002089;RP3-467K16.2	OTTHUMG00000002089;RP3-467K16.2
OR7A17	OR7A17
OTTHUMG00000156136;RP11-9L18.3	OTTHUMG00000156136;RP11-9L18.3
CLCA3P	CLCA3P
AC005534.8;OTTHUMG00000151509	AC005534.8;OTTHUMG00000151509
NUP214	NUP214
AHSA2	AHSA2
TEX13A	TEX13A
AC012363.13;OTTHUMG00000155116	AC012363.13;OTTHUMG00000155116
SPATA1	SPATA1
MT1M	MT1M
AC004019.13;OTTHUMG00000150092	AC004019.13;OTTHUMG00000150092
GDF6	GDF6
CST2	CST2
EGFEM1P	EGFEM1P
MIR4666A	MIR4666A
RNA5SP374	RNA5SP374
PROKR2	PROKR2
MRPS10	MRPS10
DUSP13	DUSP13
RNA5SP171	RNA5SP171
C4BPB	C4BPB
TXNRD2	TXNRD2
CCDC155	CCDC155
ZNF714	ZNF714
REP15	REP15
ZNF669	ZNF669
OTTHUMG00000163029;RP11-434D11.4	OTTHUMG00000163029;RP11-434D11.4
OTTHUMG00000010913;RP11-14O19.2	OTTHUMG00000010913;RP11-14O19.2
RNA5SP484	RNA5SP484
DENND5A	DENND5A
OTTHUMG00000032809;RP11-560A15.4	OTTHUMG00000032809;RP11-560A15.4
NCF1B	NCF1B
ZNF615	ZNF615
TMPRSS11B	TMPRSS11B
OTTHUMG00000037983;RP4-781K5.6	OTTHUMG00000037983;RP4-781K5.6
CD69	CD69
DDX58	DDX58
OTTHUMG00000161298;RP11-404I7.2	OTTHUMG00000161298;RP11-404I7.2
SOX2-OT	SOX2-OT
ARHGAP31-AS1	ARHGAP31-AS1
SIGLEC12	SIGLEC12
CEP170	CEP170
LOC100506119;OTTHUMG00000020778;RP11-65J3.1	LOC100506119;OTTHUMG00000020778;RP11-65J3.1
PRR21	PRR21
C7orf25	C7orf25
FCAR	FCAR
TBX10	TBX10
FAM200A	FAM200A
LOC643401;OTTHUMG00000161968;RP11-46C20.1	LOC643401;OTTHUMG00000161968;RP11-46C20.1
OTTHUMG00000159649;RP11-217E22.5	OTTHUMG00000159649;RP11-217E22.5
SNORA10	SNORA10
DYNLL2	DYNLL2
ARR3	ARR3
FLJ46284;OTTHUMG00000164159;RP11-100L22.2	FLJ46284;OTTHUMG00000164159;RP11-100L22.2
CTC-295J13.3;OTTHUMG00000163424	CTC-295J13.3;OTTHUMG00000163424
OTTHUMG00000159446;RP11-1000B6.2	OTTHUMG00000159446;RP11-1000B6.2
POU2F2	POU2F2
ALDH1A1	ALDH1A1
LINC00578	LINC00578
FAM9B	FAM9B
MAGEB10	MAGEB10
ZNF766	ZNF766
KIRREL3-AS2	KIRREL3-AS2
FAM48A;SUPT20H	FAM48A;SUPT20H
FGD1	FGD1
CPSF4	CPSF4
MAGEA4	MAGEA4
EIF4E	EIF4E
CATSPER2P1	CATSPER2P1
CEMP1	CEMP1
XIRP1	XIRP1
RGS9BP	RGS9BP
AP001042.1;OTTHUMG00000086700	AP001042.1;OTTHUMG00000086700
SMCR7	SMCR7
GLYCAM1	GLYCAM1
SUZ12P1	SUZ12P1
OTTHUMG00000008097;RP4-533D7.4	OTTHUMG00000008097;RP4-533D7.4
LOC284100	LOC284100
SHISA4	SHISA4
AC013463.2;OTTHUMG00000153999	AC013463.2;OTTHUMG00000153999
HEY2	HEY2
FAM132A	FAM132A
OTTHUMG00000158357;RP11-889D3.1	OTTHUMG00000158357;RP11-889D3.1
COPZ2	COPZ2
HLA-DPA1	HLA-DPA1
HLA-DPA1	HLA-DPA1
MERTK	MERTK
RPP21	RPP21
AP001626.2;OTTHUMG00000086814	AP001626.2;OTTHUMG00000086814
MYLPF	MYLPF
OTTHUMG00000032051;RP4-753D10.3	OTTHUMG00000032051;RP4-753D10.3
PDZK1P1	PDZK1P1
DTD1	DTD1
AC097662.2;OTTHUMG00000149890	AC097662.2;OTTHUMG00000149890
AF015262.2;OTTHUMG00000086303	AF015262.2;OTTHUMG00000086303
AC012074.2;OTTHUMG00000152130	AC012074.2;OTTHUMG00000152130
FAM133CP	FAM133CP
TAB3	TAB3
CUTA	CUTA
CUTA	CUTA
MRPL12	MRPL12
DOCK3	DOCK3
LOC727924;OR4N3P;OR4N4	LOC727924;OR4N3P;OR4N4
FBXO39	FBXO39
HLA-H	HLA-H
MAGEA9;MAGEA9B	MAGEA9;MAGEA9B
AC004741.3;LOC100506025;OTTHUMG00000152466	AC004741.3;LOC100506025;OTTHUMG00000152466
ARC	ARC
KIAA0087	KIAA0087
OTTHUMG00000160432;RP11-395F4.1	OTTHUMG00000160432;RP11-395F4.1
E2F3-IT1	E2F3-IT1
RGR	RGR
MED20	MED20
AC012360.6;OTTHUMG00000153109	AC012360.6;OTTHUMG00000153109
LOC153910;OTTHUMG00000015712;RP11-440G9.1	LOC153910;OTTHUMG00000015712;RP11-440G9.1
AC009095.4;OTTHUMG00000150496	AC009095.4;OTTHUMG00000150496
OTTHUMG00000024096;RP11-157D23.1	OTTHUMG00000024096;RP11-157D23.1
HLA-DPA1	HLA-DPA1
HLA-DPA1	HLA-DPA1
C1QL4	C1QL4
OTTHUMG00000017969;RP11-20F24.2	OTTHUMG00000017969;RP11-20F24.2
SMAD3	SMAD3
OTTHUMG00000008246;RP11-466L17.1	OTTHUMG00000008246;RP11-466L17.1
ITGAD	ITGAD
FAM222A-AS1	FAM222A-AS1
SLC16A5	SLC16A5
CACNA2D4	CACNA2D4
MIR4776-1	MIR4776-1
COX10-AS1;LOC100506974	COX10-AS1;LOC100506974
FAM195A	FAM195A
SACM1L	SACM1L
PEG3;ZIM2	PEG3;ZIM2
CNTFR	CNTFR
TMEM210	TMEM210
RRM1-AS1	RRM1-AS1
SPDYE4	SPDYE4
KRTAP9-1	KRTAP9-1
LOC100049716	LOC100049716
MIR3661	MIR3661
OTTHUMG00000015439;RP11-259P20.1	OTTHUMG00000015439;RP11-259P20.1
FKBPL	FKBPL
MIR3671	MIR3671
CHL1-AS2	CHL1-AS2
OR7E37P	OR7E37P
MAEA	MAEA
OTTHUMG00000017710;RP11-7C6.1	OTTHUMG00000017710;RP11-7C6.1
AC114765.2;OTTHUMG00000153854	AC114765.2;OTTHUMG00000153854
MYO1G	MYO1G
KL	KL
MRPL23	MRPL23
LOC283587	LOC283587
ALOX15P1	ALOX15P1
LOC100506459;OTTHUMG00000019417;RP5-1086K13.1	LOC100506459;OTTHUMG00000019417;RP5-1086K13.1
EPHA8	EPHA8
HPGDS	HPGDS
RNA5SP148	RNA5SP148
OR9A3P	OR9A3P
ZNF667	ZNF667
TSPY1	TSPY1
LOC100188947	LOC100188947
COL18A1-AS2	COL18A1-AS2
SEMA5B	SEMA5B
CXorf64	CXorf64
MUC5AC	MUC5AC
BBS1	BBS1
OTTHUMG00000020714;RP11-228B15.4	OTTHUMG00000020714;RP11-228B15.4
OTTHUMG00000018052;RP11-168P8.5	OTTHUMG00000018052;RP11-168P8.5
TUBA3FP	TUBA3FP
AP3S1	AP3S1
LINC00272	LINC00272
SIM1	SIM1
CTD-2044J15.1;OTTHUMG00000161705	CTD-2044J15.1;OTTHUMG00000161705
ZNF321P;ZNF816;ZNF816-ZNF321P	ZNF321P;ZNF816;ZNF816-ZNF321P
OTTHUMG00000157317;RP4-630C24.3	OTTHUMG00000157317;RP4-630C24.3
PABPC4	PABPC4
KCTD9	KCTD9
OTTHUMG00000164566;RP11-26J3.1	OTTHUMG00000164566;RP11-26J3.1
OTTHUMG00000158149;RP11-545G3.1	OTTHUMG00000158149;RP11-545G3.1
CTTNBP2NL;OTTHUMG00000011156;RP4-671G15.3	CTTNBP2NL;OTTHUMG00000011156;RP4-671G15.3
CTD-3023L14.2;OTTHUMG00000163673	CTD-3023L14.2;OTTHUMG00000163673
LPP	LPP
RNU7-22P	RNU7-22P
LOC100507012;OTTHUMG00000161193;RP11-168E14.1	LOC100507012;OTTHUMG00000161193;RP11-168E14.1
OTTHUMG00000022274;RP3-404F18.5	OTTHUMG00000022274;RP3-404F18.5
LRRC37A6P	LRRC37A6P
IGKV1-9	IGKV1-9
RAPGEFL1	RAPGEFL1
TGM5	TGM5
MIR548L	MIR548L
PROX1-AS1	PROX1-AS1
LOC100507564;OTTHUMG00000008941;RP5-1024G6.5	LOC100507564;OTTHUMG00000008941;RP5-1024G6.5
OTTHUMG00000160511;RP11-503N18.4	OTTHUMG00000160511;RP11-503N18.4
OTTHUMG00000017761;RP11-383B4.4	OTTHUMG00000017761;RP11-383B4.4
LRP8	LRP8
LINC00160	LINC00160
SPATA31D5P	SPATA31D5P
OTTHUMG00000002843;RP4-749H3.2	OTTHUMG00000002843;RP4-749H3.2
MTVR2	MTVR2
MIR4296	MIR4296
LOC100509091;OTTHUMG00000024203;U82695.9	LOC100509091;OTTHUMG00000024203;U82695.9
MC1R;TUBB3	MC1R;TUBB3
OTTHUMG00000018257;RP11-71J2.1	OTTHUMG00000018257;RP11-71J2.1
COX11P1	COX11P1
TGFBR3L	TGFBR3L
NRG4	NRG4
CTC-228N24.1;LOC728586;OTTHUMG00000163284	CTC-228N24.1;LOC728586;OTTHUMG00000163284
RNY4P29	RNY4P29
LAIR1	LAIR1
METTL20	METTL20
OTTHUMG00000162467;RP11-229C3.2	OTTHUMG00000162467;RP11-229C3.2
LOC440461	LOC440461
MBNL1-AS1	MBNL1-AS1
GSTA1;GSTA2	GSTA1;GSTA2
AC091493.2;OTTHUMG00000155461	AC091493.2;OTTHUMG00000155461
CTD-2377D24.4;OTTHUMG00000159903	CTD-2377D24.4;OTTHUMG00000159903
OTTHUMG00000014269;RP11-125M16.1	OTTHUMG00000014269;RP11-125M16.1
OTTHUMG00000149968;XXbac-B476C20.9	OTTHUMG00000149968;XXbac-B476C20.9
CTC-529G1.1;OTTHUMG00000163552	CTC-529G1.1;OTTHUMG00000163552
AC009878.2;OTTHUMG00000056666	AC009878.2;OTTHUMG00000056666
PITPNC1	PITPNC1
SNAP25	SNAP25
SLC7A10	SLC7A10
LINC00457	LINC00457
OTTHUMG00000028603;RP11-544M22.1	OTTHUMG00000028603;RP11-544M22.1
PRDM14	PRDM14
AC017006.2;OTTHUMG00000151722	AC017006.2;OTTHUMG00000151722
NLRX1	NLRX1
NFRKB	NFRKB
LINC00474	LINC00474
NUDT22	NUDT22
LOC101060233;OPN1MW;OPN1MW2	LOC101060233;OPN1MW;OPN1MW2
TRAPPC12-AS1	TRAPPC12-AS1
OTTHUMG00000158562;RP11-637O11.2	OTTHUMG00000158562;RP11-637O11.2
CYP4F2	CYP4F2
CCHCR1	CCHCR1
LOC100130705;OTTHUMG00000158367;RP11-309L24.4	LOC100130705;OTTHUMG00000158367;RP11-309L24.4
ANK3	ANK3
OTTHUMG00000160388;RP11-103J17.1	OTTHUMG00000160388;RP11-103J17.1
AC004593.3;OTTHUMG00000152748	AC004593.3;OTTHUMG00000152748
LOC100240734;OTTHUMG00000160029;RP11-834C11.6	LOC100240734;OTTHUMG00000160029;RP11-834C11.6
MTRNR2L3	MTRNR2L3
CBL	CBL
NME5	NME5
OTTHUMG00000160454;RP11-279O9.4	OTTHUMG00000160454;RP11-279O9.4
BTRC	BTRC
MIR378D2	MIR378D2
OR8H1	OR8H1
TJAP1	TJAP1
AC016994.2;OTTHUMG00000153202	AC016994.2;OTTHUMG00000153202
WDR53	WDR53
CLEC4C	CLEC4C
ZNF227	ZNF227
AUP1	AUP1
AC005154.6;LOC401320;OTTHUMG00000152788	AC005154.6;LOC401320;OTTHUMG00000152788
CD46	CD46
MFGE8	MFGE8
OTTHUMG00000159016;RP11-62G11.2	OTTHUMG00000159016;RP11-62G11.2
BCAR4	BCAR4
MIR365A	MIR365A
COL6A5	COL6A5
KCNN1	KCNN1
LOC100287894;LOC100996328;LOC100996502;LOC101059936;LOC101060494;LOC101060495	LOC100287894;LOC100996328;LOC100996502;LOC101059936;LOC101060494;LOC101060495
CXCR1	CXCR1
OTTHUMG00000008286;RP4-737A23.2	OTTHUMG00000008286;RP4-737A23.2
OTTHUMG00000160920;RP11-703C10.1	OTTHUMG00000160920;RP11-703C10.1
TMEM196	TMEM196
SLC9A9-AS1	SLC9A9-AS1
AMIGO3;GMPPB	AMIGO3;GMPPB
OTTHUMG00000022271;RP5-1139I1.1	OTTHUMG00000022271;RP5-1139I1.1
CGB;CGB5;CGB8	CGB;CGB5;CGB8
KIAA0232	KIAA0232
EAF1-AS1	EAF1-AS1
C15orf65	C15orf65
AC018643.4;OTTHUMG00000155196	AC018643.4;OTTHUMG00000155196
AC023490.1;AC023490.2;OTTHUMG00000150646;OTTHUMG00000152507;TMEM191B	AC023490.1;AC023490.2;OTTHUMG00000150646;OTTHUMG00000152507;TMEM191B
TCP11L2	TCP11L2
RNA5SP362	RNA5SP362
OTTHUMG00000164667;RP11-31K23.2	OTTHUMG00000164667;RP11-31K23.2
RNA5SP403	RNA5SP403
MIR548W	MIR548W
OTTHUMG00000020779;RP11-65J3.2	OTTHUMG00000020779;RP11-65J3.2
KRTAP22-2	KRTAP22-2
ZC2HC1A	ZC2HC1A
HSBP1	HSBP1
LOC100506558;MATN2	LOC100506558;MATN2
C3orf70	C3orf70
CHSY1	CHSY1
MIR580	MIR580
OTTHUMG00000159970;RP11-1191J2.4	OTTHUMG00000159970;RP11-1191J2.4
IGHV3-72	IGHV3-72
DHX34	DHX34
OR6Q1	OR6Q1
NLRP6	NLRP6
LOC643669	LOC643669
KLHL38	KLHL38
ODF4	ODF4
FTSJD1	FTSJD1
FLJ43315	FLJ43315
VAPA	VAPA
SNORD115-47	SNORD115-47
RNA5SP247	RNA5SP247
C7orf45;SSMEM1	C7orf45;SSMEM1
AC068535.4;OTTHUMG00000153051	AC068535.4;OTTHUMG00000153051
TIGIT	TIGIT
LSM3	LSM3
AC004941.3;OTTHUMG00000151503	AC004941.3;OTTHUMG00000151503
LOC100128002	LOC100128002
HLA-DQA2	HLA-DQA2
ITGAM	ITGAM
GRASP	GRASP
SLC28A2	SLC28A2
POPDC3	POPDC3
RNY4P19	RNY4P19
OTTHUMG00000007844;RP1-18D14.7	OTTHUMG00000007844;RP1-18D14.7
TRIM54	TRIM54
UBE2V1	UBE2V1
GATS	GATS
WISP2	WISP2
ABCD1	ABCD1
SAMSN1	SAMSN1
OTTHUMG00000022519;RP11-308D16.4	OTTHUMG00000022519;RP11-308D16.4
CTD-2281E23.3;OTTHUMG00000163653	CTD-2281E23.3;OTTHUMG00000163653
CARNS1	CARNS1
OTTHUMG00000164015;RP11-14I17.3	OTTHUMG00000164015;RP11-14I17.3
RNA5SP294	RNA5SP294
POU3F3	POU3F3
CCDC41-AS1	CCDC41-AS1
LEPREL2	LEPREL2
AKR1C4	AKR1C4
AC010148.1;OTTHUMG00000153147	AC010148.1;OTTHUMG00000153147
RAB17	RAB17
ACSL4	ACSL4
LOC100132352	LOC100132352
TRIM40	TRIM40
TRIM40	TRIM40
ARMCX5-GPRASP2;GPRASP2	ARMCX5-GPRASP2;GPRASP2
AC005037.3;OTTHUMG00000154691	AC005037.3;OTTHUMG00000154691
LYN	LYN
OTTHUMG00000157724;RP11-514P8.2	OTTHUMG00000157724;RP11-514P8.2
MOXD1	MOXD1
C4orf45	C4orf45
ESPNL	ESPNL
CENPBD1	CENPBD1
HLA-H	HLA-H
CCDC92	CCDC92
LOC100133315	LOC100133315
OTTHUMG00000015900;RP3-403L10.3	OTTHUMG00000015900;RP3-403L10.3
TSPAN15	TSPAN15
FPR1	FPR1
OAS2	OAS2
MOK	MOK
MAP2K4	MAP2K4
AC005027.3;OTTHUMG00000155112	AC005027.3;OTTHUMG00000155112
PTDSS1	PTDSS1
HEXDC	HEXDC
DEDD2	DEDD2
VSIG2	VSIG2
AP001625.5;OTTHUMG00000086812	AP001625.5;OTTHUMG00000086812
OTTHUMG00000018145;RP11-463P17.1	OTTHUMG00000018145;RP11-463P17.1
FLJ45513;OTTHUMG00000161829;RP11-304F15.3	FLJ45513;OTTHUMG00000161829;RP11-304F15.3
FAM102A	FAM102A
C8G	C8G
RNY4P8	RNY4P8
TRAP1	TRAP1
OTTHUMG00000164989;RP11-6D1.3	OTTHUMG00000164989;RP11-6D1.3
CR2	CR2
PRG2	PRG2
ZNF467	ZNF467
OTTHUMG00000035319;RCSD1;RP3-455J7.4	OTTHUMG00000035319;RCSD1;RP3-455J7.4
FAM19A2	FAM19A2
OTTHUMG00000045405;XXyac-YX65C7_A.2	OTTHUMG00000045405;XXyac-YX65C7_A.2
HTR2C	HTR2C
CLDN18	CLDN18
OPN1LW	OPN1LW
AC018359.1;OTTHUMG00000155767	AC018359.1;OTTHUMG00000155767
F2RL2	F2RL2
PADI4	PADI4
PTK6	PTK6
OTTHUMG00000009742;RP4-726F1.1	OTTHUMG00000009742;RP4-726F1.1
MIR1280	MIR1280
LMOD2	LMOD2
OTTHUMG00000040016;RP11-269F20.1	OTTHUMG00000040016;RP11-269F20.1
MIR1249	MIR1249
LETM2	LETM2
RNA5SP439	RNA5SP439
ROMO1	ROMO1
MEPE	MEPE
CALM1;CALM2;CALM3	CALM1;CALM2;CALM3
OR2AJ1	OR2AJ1
ACACA	ACACA
LYZ	LYZ
ASB9P1	ASB9P1
LOC100294145	LOC100294145
SOCS3	SOCS3
RBM24	RBM24
GBGT1	GBGT1
SPRY4	SPRY4
PRMT5-AS1	PRMT5-AS1
ZNF57	ZNF57
AC106706.1;OTTHUMG00000156019	AC106706.1;OTTHUMG00000156019
GSE1	GSE1
G6PD	G6PD
HCG14	HCG14
HCG14	HCG14
HCG14	HCG14
ZNF45	ZNF45
EDN3	EDN3
OTTHUMG00000164814;RP11-127H5.1	OTTHUMG00000164814;RP11-127H5.1
LIX1L;LOC101060547	LIX1L;LOC101060547
AC073046.25;OTTHUMG00000152824	AC073046.25;OTTHUMG00000152824
LBP	LBP
PCDHB3	PCDHB3
OTTHUMG00000012346;RP11-126K1.2	OTTHUMG00000012346;RP11-126K1.2
ADAM32	ADAM32
PEMT	PEMT
CD37	CD37
KB-1083B1.1;OTTHUMG00000164778	KB-1083B1.1;OTTHUMG00000164778
SEC23B	SEC23B
IFT43	IFT43
MIR663A	MIR663A
RAB9A	RAB9A
RTP2	RTP2
OTTHUMG00000013243;RP11-374M1.4	OTTHUMG00000013243;RP11-374M1.4
DLG1	DLG1
ULBP2	ULBP2
MTRR	MTRR
KRT76	KRT76
PRSS2;PRSS3	PRSS2;PRSS3
KIAA0564;VWA8	KIAA0564;VWA8
OTTHUMG00000020552;RP11-787B4.2	OTTHUMG00000020552;RP11-787B4.2
OTTHUMG00000014990;RP11-462G2.2	OTTHUMG00000014990;RP11-462G2.2
SLC44A4	SLC44A4
SLC44A4	SLC44A4
MIR4788	MIR4788
CACNG7	CACNG7
TMEM212	TMEM212
MTMR1	MTMR1
RNU7-71P	RNU7-71P
LL22NC03-104C7.1;OTTHUMG00000058269	LL22NC03-104C7.1;OTTHUMG00000058269
NEURL1B	NEURL1B
CTA-398F10.2;OTTHUMG00000163731	CTA-398F10.2;OTTHUMG00000163731
FAM46B	FAM46B
CASP9	CASP9
OTTHUMG00000161360;RP11-425A23.1	OTTHUMG00000161360;RP11-425A23.1
FITM1	FITM1
DLGAP1-AS1	DLGAP1-AS1
CHST10	CHST10
LOC284788;OTTHUMG00000032040;RP5-1004I9.1	LOC284788;OTTHUMG00000032040;RP5-1004I9.1
WFDC10B	WFDC10B
AC007078.4;FDPSP2;OTTHUMG00000022872	AC007078.4;FDPSP2;OTTHUMG00000022872
ZNF420	ZNF420
LMOD1	LMOD1
MIR3689B	MIR3689B
ASCL4	ASCL4
DLX6	DLX6
FRMD1	FRMD1
C7orf10	C7orf10
AP001434.2;OTTHUMG00000090613	AP001434.2;OTTHUMG00000090613
MED13	MED13
RNA5SP478	RNA5SP478
CST3	CST3
ARID4A	ARID4A
FMO9P	FMO9P
LIPN	LIPN
LILRB5	LILRB5
ERN2	ERN2
OTTHUMG00000149585;XXbac-BPG254F23.5	OTTHUMG00000149585;XXbac-BPG254F23.5
LINC00857;OTTHUMG00000018605;RP11-40F6.2	LINC00857;OTTHUMG00000018605;RP11-40F6.2
SPATA16	SPATA16
DUOX1	DUOX1
ZC2HC1C	ZC2HC1C
ADIPOQ	ADIPOQ
OTTHUMG00000018680;RP11-57C13.4	OTTHUMG00000018680;RP11-57C13.4
BIRC3	BIRC3
DEDD	DEDD
TGFA-IT1	TGFA-IT1
ARL17A;ARL17B	ARL17A;ARL17B
OTTHUMG00000010986;RP5-837M10.4	OTTHUMG00000010986;RP5-837M10.4
MS4A10	MS4A10
OTTHUMG00000013475;RP11-782C8.5	OTTHUMG00000013475;RP11-782C8.5
EIF2D	EIF2D
GYG2	GYG2
MIR383	MIR383
OTTHUMG00000007683;RP11-277A4.4	OTTHUMG00000007683;RP11-277A4.4
F2RL3	F2RL3
TPSG1	TPSG1
RBM12B-AS1	RBM12B-AS1
RNU6-60	RNU6-60
CACNA1C-AS3	CACNA1C-AS3
MYO7B	MYO7B
OTTHUMG00000160584;RP11-463J17.1	OTTHUMG00000160584;RP11-463J17.1
VWA5B1	VWA5B1
FAM90A22P	FAM90A22P
XAF1	XAF1
CTC-537E7.2;OTTHUMG00000162335	CTC-537E7.2;OTTHUMG00000162335
MAGOH	MAGOH
CDC25B	CDC25B
OTTHUMG00000041043;RP11-317P15.3	OTTHUMG00000041043;RP11-317P15.3
LOC100507634	LOC100507634
NTNG2	NTNG2
LOC642426	LOC642426
AC007879.7;LOC101059946;OTTHUMG00000154787	AC007879.7;LOC101059946;OTTHUMG00000154787
CATSPER2	CATSPER2
ABCC12	ABCC12
CRIP2	CRIP2
TK2	TK2
MIR4485;MTRNR2L2;MTRNR2L8	MIR4485;MTRNR2L2;MTRNR2L8
OTTHUMG00000008327;RP11-378I13.1	OTTHUMG00000008327;RP11-378I13.1
AQP5	AQP5
UBE2K	UBE2K
OTTHUMG00000156317;RP11-272D20.2	OTTHUMG00000156317;RP11-272D20.2
ACSBG1	ACSBG1
AK3	AK3
SCARNA3	SCARNA3
C3AR1	C3AR1
CTD-2227C6.3;OTTHUMG00000162780	CTD-2227C6.3;OTTHUMG00000162780
RUNDC3B	RUNDC3B
ELF4	ELF4
LOC728138	LOC728138
SGCZ	SGCZ
MIR520C	MIR520C
DDX18	DDX18
SNORD113-5	SNORD113-5
BX322559.3;LOC100505827;OTTHUMG00000090400	BX322559.3;LOC100505827;OTTHUMG00000090400
OTTHUMG00000042020;RP11-433J22.3	OTTHUMG00000042020;RP11-433J22.3
RNLS	RNLS
TM4SF18	TM4SF18
ARHGAP4	ARHGAP4
MGRN1	MGRN1
SLC8A3	SLC8A3
OR2AK2	OR2AK2
OTTHUMG00000162227;RP11-159F24.3	OTTHUMG00000162227;RP11-159F24.3
C1orf111	C1orf111
CBR3-AS1	CBR3-AS1
IL17B	IL17B
LOC100507030;OTTHUMG00000040511;RP11-36N20.1	LOC100507030;OTTHUMG00000040511;RP11-36N20.1
PBRM1	PBRM1
C4orf6	C4orf6
MUC4	MUC4
MIR1269A	MIR1269A
SERPINC1	SERPINC1
BPIFC	BPIFC
OTTHUMG00000018119;RP11-144G6.4	OTTHUMG00000018119;RP11-144G6.4
LIG1	LIG1
KRT31	KRT31
CASP3	CASP3
SLC5A12	SLC5A12
UCMA	UCMA
CUL4A	CUL4A
BRIX1	BRIX1
NDUFAF4	NDUFAF4
GK-AS1	GK-AS1
OTTHUMG00000020272;RP11-49O14.3	OTTHUMG00000020272;RP11-49O14.3
KLF1	KLF1
PGBD5	PGBD5
CASP5	CASP5
LOC646498;OTTHUMG00000156816;RP11-694I15.6	LOC646498;OTTHUMG00000156816;RP11-694I15.6
HOXC-AS3	HOXC-AS3
HELQ	HELQ
IGLON5	IGLON5
OTTHUMG00000018384;RP11-343J3.2	OTTHUMG00000018384;RP11-343J3.2
TUBGCP3	TUBGCP3
LOC729305	LOC729305
FLJ40194;OTTHUMG00000161323;RP1-62O9.3	FLJ40194;OTTHUMG00000161323;RP1-62O9.3
IGHD2-21	IGHD2-21
CACNA1C-AS4	CACNA1C-AS4
NKAIN2	NKAIN2
FLII	FLII
SLC44A4	SLC44A4
HYAL2	HYAL2
MIR544A	MIR544A
AC068491.2;OTTHUMG00000153690	AC068491.2;OTTHUMG00000153690
ZNF74	ZNF74
CCDC6	CCDC6
MIR4291	MIR4291
FLJ13197;OTTHUMG00000160386;RP11-617D20.1	FLJ13197;OTTHUMG00000160386;RP11-617D20.1
RNU2-6P	RNU2-6P
FOXH1	FOXH1
PRKCB	PRKCB
HTR1B	HTR1B
OCEL1	OCEL1
KRTAP2-3;KRTAP2-4	KRTAP2-3;KRTAP2-4
CD55	CD55
LOC642366	LOC642366
FAM108A2	FAM108A2
OTTHUMG00000158502;RP11-298O21.6	OTTHUMG00000158502;RP11-298O21.6
ADAMTSL2;LOC100996396	ADAMTSL2;LOC100996396
KRTAP5-10	KRTAP5-10
KRTAP12-2	KRTAP12-2
WWC2-AS1	WWC2-AS1
PLXNA3	PLXNA3
OTTHUMG00000159625;RP11-292E2.1	OTTHUMG00000159625;RP11-292E2.1
OTTHUMG00000041183;RP11-444D13.1	OTTHUMG00000041183;RP11-444D13.1
IFIH1	IFIH1
DHDH	DHDH
ACTR1B	ACTR1B
ATP1A3	ATP1A3
UBE2G2	UBE2G2
ACTRT3	ACTRT3
MYO18B	MYO18B
OTTHUMG00000149338;XXbac-BPG254F23.7	OTTHUMG00000149338;XXbac-BPG254F23.7
OTTHUMG00000140118;XXbac-BPG254F23.7	OTTHUMG00000140118;XXbac-BPG254F23.7
SLC25A11	SLC25A11
ADCY2	ADCY2
CTSW	CTSW
RNA5SP281	RNA5SP281
LOC100509646;PRY;PRY2	LOC100509646;PRY;PRY2
AC006037.2;OTTHUMG00000059209	AC006037.2;OTTHUMG00000059209
RNU2-4P	RNU2-4P
ZNF445	ZNF445
TFF2	TFF2
HLA-DPB2	HLA-DPB2
TAS2R20	TAS2R20
FOXA2	FOXA2
PCDHGA1;PCDHGA10;PCDHGA11;PCDHGA12;PCDHGA2;PCDHGA3;PCDHGA4;PCDHGA5;PCDHGA6;PCDHGA7;PCDHGA8;PCDHGA9;PCDHGB1;PCDHGB2;PCDHGB3;PCDHGB4;PCDHGB5;PCDHGB6;PCDHGB7;PCDHGC3;PCDHGC4;PCDHGC5	PCDHGA1;PCDHGA10;PCDHGA11;PCDHGA12;PCDHGA2;PCDHGA3;PCDHGA4;PCDHGA5;PCDHGA6;PCDHGA7;PCDHGA8;PCDHGA9;PCDHGB1;PCDHGB2;PCDHGB3;PCDHGB4;PCDHGB5;PCDHGB6;PCDHGB7;PCDHGC3;PCDHGC4;PCDHGC5
MGAM	MGAM
OTTHUMG00000013250;RP11-187C18.2	OTTHUMG00000013250;RP11-187C18.2
SSBP1	SSBP1
RPL19P12	RPL19P12
TSPAN3	TSPAN3
AC129492.6;OTTHUMG00000132872	AC129492.6;OTTHUMG00000132872
CCDC116	CCDC116
FGG	FGG
HLA-DQA1	HLA-DQA1
DCTN6	DCTN6
C1orf180	C1orf180
LOC729041	LOC729041
OTTHUMG00000011035;RP5-947P14.1	OTTHUMG00000011035;RP5-947P14.1
ADRB3	ADRB3
WDR86	WDR86
COL6A1	COL6A1
OTTHUMG00000018022;RP11-124O11.2	OTTHUMG00000018022;RP11-124O11.2
DHPS	DHPS
KRT8P12	KRT8P12
CACNA1F	CACNA1F
TMEM219	TMEM219
C7orf34	C7orf34
OTTHUMG00000009373;RP4-763G1.2	OTTHUMG00000009373;RP4-763G1.2
NEB	NEB
TMPRSS7	TMPRSS7
AC073321.3;OTTHUMG00000155340	AC073321.3;OTTHUMG00000155340
DNAH3	DNAH3
C14orf80	C14orf80
SH3GL1P1	SH3GL1P1
AC073128.10;OTTHUMG00000154664	AC073128.10;OTTHUMG00000154664
AC002511.3;OTTHUMG00000048097	AC002511.3;OTTHUMG00000048097
OTTHUMG00000164235;RP11-388K12.1	OTTHUMG00000164235;RP11-388K12.1
AC104777.4;OTTHUMG00000153757	AC104777.4;OTTHUMG00000153757
EIF2S2P3	EIF2S2P3
ATP9A	ATP9A
PAQR7	PAQR7
SRD5A3-AS1	SRD5A3-AS1
FAM19A3	FAM19A3
SULT2B1	SULT2B1
LINC00483	LINC00483
OTTHUMG00000161582;RP11-766F14.1	OTTHUMG00000161582;RP11-766F14.1
GNAS-AS1	GNAS-AS1
MIR3065	MIR3065
OTTHUMG00000162955;RP11-2N5.1	OTTHUMG00000162955;RP11-2N5.1
LOC100509240;LOC101060314;OTTHUMG00000160728;RP11-140M13.1	LOC100509240;LOC101060314;OTTHUMG00000160728;RP11-140M13.1
FLJ46361	FLJ46361
IGLV7-46	IGLV7-46
CINP	CINP
SLC38A8	SLC38A8
MIR744	MIR744
PRSS27	PRSS27
TRPM5	TRPM5
CTD-2127H9.1;OTTHUMG00000162040	CTD-2127H9.1;OTTHUMG00000162040
DHRS4L1	DHRS4L1
OTTHUMG00000160615;RP11-273B19.2	OTTHUMG00000160615;RP11-273B19.2
FAM169B	FAM169B
SNORD18B	SNORD18B
OTTHUMG00000002407;RP11-206L10.3	OTTHUMG00000002407;RP11-206L10.3
FBXO17;SARS2	FBXO17;SARS2
BAIAP3	BAIAP3
TRIM36-IT1	TRIM36-IT1
ATP13A4-AS1	ATP13A4-AS1
GDPD1	GDPD1
BASP1	BASP1
ITIH2	ITIH2
MIR3675	MIR3675
AC073624.1;C1QTNF1-AS1;OTTHUMG00000132159	AC073624.1;C1QTNF1-AS1;OTTHUMG00000132159
C3orf49	C3orf49
AQP3	AQP3
FAM172BP	FAM172BP
AC013264.2;OTTHUMG00000154428	AC013264.2;OTTHUMG00000154428
CXorf58	CXorf58
CRYBB2P1	CRYBB2P1
MINK1	MINK1
MIR661	MIR661
LOC84931	LOC84931
OTTHUMG00000067237;RP11-111F5.8	OTTHUMG00000067237;RP11-111F5.8
GK2	GK2
SLC17A9	SLC17A9
MIR4692	MIR4692
EMR3	EMR3
AC008103.5;OTTHUMG00000150177	AC008103.5;OTTHUMG00000150177
AC079807.2;LOC100506235;OTTHUMG00000151834	AC079807.2;LOC100506235;OTTHUMG00000151834
OTTHUMG00000161957;RP11-184E9.2	OTTHUMG00000161957;RP11-184E9.2
LIPK	LIPK
ANAPC10	ANAPC10
ANKS1A	ANKS1A
OTTHUMG00000160395;RP11-292B1.2	OTTHUMG00000160395;RP11-292B1.2
GSTA5	GSTA5
OTTHUMG00000159638;RP11-59J16.2	OTTHUMG00000159638;RP11-59J16.2
DOCK6	DOCK6
HCG9	HCG9
GPR85	GPR85
NRADDP	NRADDP
HSPA4	HSPA4
CA1	CA1
MYO15B	MYO15B
AC004009.2;OTTHUMG00000064693	AC004009.2;OTTHUMG00000064693
CTB-57H20.1;OTTHUMG00000163171	CTB-57H20.1;OTTHUMG00000163171
LOC100506115;OTTHUMG00000032721;RP11-290F20.3	LOC100506115;OTTHUMG00000032721;RP11-290F20.3
LYPD2	LYPD2
C2orf16	C2orf16
CTC-305H11.1;OTTHUMG00000162193	CTC-305H11.1;OTTHUMG00000162193
CNGA2	CNGA2
LBH	LBH
PEBP4	PEBP4
MIR4325	MIR4325
DOM3Z	DOM3Z
OTTHUMG00000161697;RP11-613C6.2	OTTHUMG00000161697;RP11-613C6.2
TP63	TP63
AP000320.6;OTTHUMG00000086192	AP000320.6;OTTHUMG00000086192
AC005682.8;OTTHUMG00000152579	AC005682.8;OTTHUMG00000152579
FDCSP	FDCSP
MAP7D2	MAP7D2
BMP8A	BMP8A
DGCR2	DGCR2
PLA2G4D	PLA2G4D
KB-1448A5.1;OTTHUMG00000164715	KB-1448A5.1;OTTHUMG00000164715
ADARB2-AS1	ADARB2-AS1
CTD-2049J23.2;OTTHUMG00000158951	CTD-2049J23.2;OTTHUMG00000158951
FRRS1L	FRRS1L
SELL	SELL
RNA5SP164	RNA5SP164
DPH6-AS1	DPH6-AS1
SLC39A14	SLC39A14
TMEM33	TMEM33
RNA5SP156	RNA5SP156
AP1M1	AP1M1
MIER1	MIER1
OTTHUMG00000160243;RP11-3J1.1	OTTHUMG00000160243;RP11-3J1.1
PRPS2	PRPS2
PER4	PER4
LINC00684;LOC100132304;OTTHUMG00000035613;RP1-172N19.1	LINC00684;LOC100132304;OTTHUMG00000035613;RP1-172N19.1
SNX4	SNX4
CASP1	CASP1
SLC7A13	SLC7A13
ECH1	ECH1
OTTHUMG00000155998;RP4-718N17.2	OTTHUMG00000155998;RP4-718N17.2
TTLL5	TTLL5
RBMX2	RBMX2
PTPN9	PTPN9
CTA-221G9.11;LOC100128531;OTTHUMG00000150908	CTA-221G9.11;LOC100128531;OTTHUMG00000150908
PYGM	PYGM
ACRV1	ACRV1
SYNPR-AS1	SYNPR-AS1
OTTHUMG00000161396;RP11-707F2.1	OTTHUMG00000161396;RP11-707F2.1
PHF16	PHF16
SH2B1	SH2B1
CD44	CD44
ZNF189	ZNF189
C2orf50	C2orf50
OTTHUMG00000151194;RP5-1039K5.13	OTTHUMG00000151194;RP5-1039K5.13
TNNI2	TNNI2
COX10-AS1;LOC100506974	COX10-AS1;LOC100506974
CTC-366B18.2;OTTHUMG00000162488	CTC-366B18.2;OTTHUMG00000162488
AC093850.2;OTTHUMG00000154838	AC093850.2;OTTHUMG00000154838
OTTHUMG00000164037;RP11-205M5.3	OTTHUMG00000164037;RP11-205M5.3
RARS	RARS
TAS2R60	TAS2R60
RSF1-IT2	RSF1-IT2
SMIM8	SMIM8
FGF13-AS1	FGF13-AS1
OTTHUMG00000015322;RP1-128O3.4	OTTHUMG00000015322;RP1-128O3.4
CD164L2	CD164L2
AC106900.6;OTTHUMG00000154132	AC106900.6;OTTHUMG00000154132
LOC284661;OTTHUMG00000000733;RP5-1166F10.1	LOC284661;OTTHUMG00000000733;RP5-1166F10.1
OTTHUMG00000163906;RP11-181B11.2	OTTHUMG00000163906;RP11-181B11.2
MIR374C	MIR374C
PSCA	PSCA
AC093734.13;AC093734.14;OTTHUMG00000151451;OTTHUMG00000151455;TMEM184A	AC093734.13;AC093734.14;OTTHUMG00000151451;OTTHUMG00000151455;TMEM184A
OTTHUMG00000163447;RP11-619L12.4	OTTHUMG00000163447;RP11-619L12.4
ASS1	ASS1
CTC-251I16.1;OTTHUMG00000163182	CTC-251I16.1;OTTHUMG00000163182
GADD45B	GADD45B
OTTHUMG00000018722;RP11-80H5.6	OTTHUMG00000018722;RP11-80H5.6
RC3H2	RC3H2
ZNF705A;ZNF705E	ZNF705A;ZNF705E
AC011752.1;LOC100507562;OTTHUMG00000151793	AC011752.1;LOC100507562;OTTHUMG00000151793
OTTHUMG00000014459;RP11-457M11.2;ZNF322	OTTHUMG00000014459;RP11-457M11.2;ZNF322
LOC389033	LOC389033
MRPL10	MRPL10
PIK3AP1	PIK3AP1
OLFML1	OLFML1
CD3EAP	CD3EAP
LOC344967	LOC344967
IDO1	IDO1
OTTHUMG00000157235;RP11-114M1.1	OTTHUMG00000157235;RP11-114M1.1
OTTHUMG00000037078;RP5-1099E6.3	OTTHUMG00000037078;RP5-1099E6.3
C9orf117	C9orf117
LOC100653194;LOC100653231;SIRPB1	LOC100653194;LOC100653231;SIRPB1
DTX4	DTX4
CSNK2B	CSNK2B
CDH18	CDH18
LOC100287792;OTTHUMG00000140219;RP4-640H8.2	LOC100287792;OTTHUMG00000140219;RP4-640H8.2
LRCOL1	LRCOL1
MIR4754	MIR4754
HBB	HBB
KRTAP20-4	KRTAP20-4
KCNQ5-IT1	KCNQ5-IT1
OTTHUMG00000016859;RP11-154C3.2	OTTHUMG00000016859;RP11-154C3.2
OTTHUMG00000014831;RP1-28O17.1	OTTHUMG00000014831;RP1-28O17.1
SLC22A11	SLC22A11
AC107070.1;LOC100505964;OTTHUMG00000151486	AC107070.1;LOC100505964;OTTHUMG00000151486
C11orf40	C11orf40
LY6G6D;LY6G6F	LY6G6D;LY6G6F
NEK2	NEK2
OTTHUMG00000156440;RP11-211G3.2	OTTHUMG00000156440;RP11-211G3.2
OTTHUMG00000156924;RP11-166O4.5	OTTHUMG00000156924;RP11-166O4.5
OTTHUMG00000019203;RP11-282I1.2	OTTHUMG00000019203;RP11-282I1.2
ZNF575	ZNF575
FBXL3	FBXL3
ZNF19	ZNF19
OTTHUMG00000017979;RP11-162G10.5	OTTHUMG00000017979;RP11-162G10.5
USP12-AS2	USP12-AS2
MOSPD3	MOSPD3
SLFNL1-AS1	SLFNL1-AS1
ZNF14	ZNF14
LOC100129345	LOC100129345
MAP3K12	MAP3K12
OTTHUMG00000020824;RP11-334J6.6	OTTHUMG00000020824;RP11-334J6.6
AQP12A	AQP12A
AP001048.4;OTTHUMG00000086871	AP001048.4;OTTHUMG00000086871
GPSM3	GPSM3
GPSM3	GPSM3
GPSM3	GPSM3
GPSM3	GPSM3
GPSM3	GPSM3
GPSM3	GPSM3
LINC00651;OTTHUMG00000032711;RP4-710H13.2	LINC00651;OTTHUMG00000032711;RP4-710H13.2
ZNF433	ZNF433
PRAMEF13;PRAMEF14	PRAMEF13;PRAMEF14
OTTHUMG00000160385;RP11-83C7.1	OTTHUMG00000160385;RP11-83C7.1
OTTHUMG00000162883;RP11-249M12.2	OTTHUMG00000162883;RP11-249M12.2
LINC00610	LINC00610
TMCO5B	TMCO5B
TRBV21OR9-2	TRBV21OR9-2
KRT16	KRT16
RNASE10	RNASE10
ELMOD1;LOC643923	ELMOD1;LOC643923
SPRR2A	SPRR2A
GDNF-AS1	GDNF-AS1
PAX9	PAX9
AC067945.4;OTTHUMG00000154513	AC067945.4;OTTHUMG00000154513
PRPH	PRPH
LINC00689	LINC00689
DZANK1-AS1;LINC00851	DZANK1-AS1;LINC00851
STRADB	STRADB
EGR4	EGR4
ZNF658	ZNF658
ZNRF1	ZNRF1
NR2C2	NR2C2
SUDS3	SUDS3
HTRA4	HTRA4
SRGAP2;SRGAP2D	SRGAP2;SRGAP2D
GYG2-AS1	GYG2-AS1
MIR23C	MIR23C
OTTHUMG00000015069;RP11-173D14.3	OTTHUMG00000015069;RP11-173D14.3
C6orf141	C6orf141
ADAMDEC1	ADAMDEC1
ATP2A3	ATP2A3
RNA5SP312	RNA5SP312
RNA5SP315	RNA5SP315
RNA5SP313	RNA5SP313
OTTHUMG00000020457;RP11-505C13.1	OTTHUMG00000020457;RP11-505C13.1
FAM224A;FAM224B	FAM224A;FAM224B
ANKRD53	ANKRD53
PNMAL2	PNMAL2
MIR542	MIR542
RNA5SP162	RNA5SP162
AP001372.2;LOC100287896;OTTHUMG00000150368	AP001372.2;LOC100287896;OTTHUMG00000150368
BMX	BMX
SLC8A2	SLC8A2
MIR550B2	MIR550B2
MIR4689	MIR4689
CTD-2074D8.1;OTTHUMG00000161885	CTD-2074D8.1;OTTHUMG00000161885
AC010127.4;OTTHUMG00000154077;SCN1A	AC010127.4;OTTHUMG00000154077;SCN1A
ARHGAP27	ARHGAP27
PDLIM7	PDLIM7
SPANXA2-OT1	SPANXA2-OT1
CTA-747E2.10;OTTHUMG00000151012	CTA-747E2.10;OTTHUMG00000151012
METTL9	METTL9
GGT8P	GGT8P
FAM19A1	FAM19A1
GPR150	GPR150
SNORD56B	SNORD56B
OTTHUMG00000017666;RP3-323N1.2	OTTHUMG00000017666;RP3-323N1.2
GDF3	GDF3
ARHGAP5-AS1	ARHGAP5-AS1
ZNF668	ZNF668
ADCY1	ADCY1
RNA5SP361	RNA5SP361
MIR130B;PPIL2	MIR130B;PPIL2
LINC00470	LINC00470
OTTHUMG00000164553;RP11-706J10.1	OTTHUMG00000164553;RP11-706J10.1
MAP4K2	MAP4K2
TPM2	TPM2
OTTHUMG00000036745;RP11-384C4.2	OTTHUMG00000036745;RP11-384C4.2
ENTPD2	ENTPD2
OTTHUMG00000150931;RP1-288L1.5	OTTHUMG00000150931;RP1-288L1.5
ANKDD1B	ANKDD1B
OTTHUMG00000040132;RP11-439E19.1	OTTHUMG00000040132;RP11-439E19.1
LOC100287728;OTTHUMG00000022470;RP11-85L21.4	LOC100287728;OTTHUMG00000022470;RP11-85L21.4
LOC100506948;SNHG14;SNORD107;SNORD115-13;SNORD115-26;SNORD115-46;SNORD115-7;SNORD116-28	LOC100506948;SNHG14;SNORD107;SNORD115-13;SNORD115-26;SNORD115-46;SNORD115-7;SNORD116-28
SBSN	SBSN
SON	SON
TOR1AIP2	TOR1AIP2
OTTHUMG00000013895;RP11-4M23.3	OTTHUMG00000013895;RP11-4M23.3
SPRR1B	SPRR1B
CLLU1OS	CLLU1OS
AC096655.1;OTTHUMG00000153313	AC096655.1;OTTHUMG00000153313
TRIM74	TRIM74
C1orf143	C1orf143
IGHV2-26	IGHV2-26
TRAV40	TRAV40
CRTAM	CRTAM
DNLZ	DNLZ
MAU2	MAU2
MIR548X	MIR548X
OR9A4	OR9A4
AC011753.5;OTTHUMG00000154962	AC011753.5;OTTHUMG00000154962
C7orf72	C7orf72
AGBL5-IT1	AGBL5-IT1
RNA5SP457	RNA5SP457
OTTHUMG00000037519;RP11-496N12.6	OTTHUMG00000037519;RP11-496N12.6
LOC729950	LOC729950
MAGEE2	MAGEE2
FAM165B;SMIM11	FAM165B;SMIM11
OTTHUMG00000021535;RP11-56H2.2	OTTHUMG00000021535;RP11-56H2.2
AC019117.1;OTTHUMG00000152729	AC019117.1;OTTHUMG00000152729
CTA-256D12.11;OTTHUMG00000151293	CTA-256D12.11;OTTHUMG00000151293
IL23A	IL23A
OTTHUMG00000164964;RP11-654G14.1	OTTHUMG00000164964;RP11-654G14.1
KIAA1109	KIAA1109
MTMR2	MTMR2
TP53I13	TP53I13
GPR111	GPR111
AC020595.1;OTTHUMG00000154211	AC020595.1;OTTHUMG00000154211
HIATL2;OTTHUMG00000020309;RP11-330M2.7	HIATL2;OTTHUMG00000020309;RP11-330M2.7
OTTHUMG00000013262;RP11-292F9.2	OTTHUMG00000013262;RP11-292F9.2
AC009950.2;OTTHUMG00000154963	AC009950.2;OTTHUMG00000154963
C1orf134;RSG1	C1orf134;RSG1
ZPLD1	ZPLD1
PRAMEF14	PRAMEF14
SCIMP	SCIMP
SLC28A1	SLC28A1
IST1	IST1
LOC440173	LOC440173
OTTHUMG00000133711;XXbac-BPG27H4.8	OTTHUMG00000133711;XXbac-BPG27H4.8
SYNGAP1	SYNGAP1
OTTHUMG00000164211;RP11-738G5.2	OTTHUMG00000164211;RP11-738G5.2
AC019349.2;LOC147093;OTTHUMG00000133607	AC019349.2;LOC147093;OTTHUMG00000133607
ALDH18A1	ALDH18A1
FLJ45832;OTTHUMG00000133197;RP4-610C12.4	FLJ45832;OTTHUMG00000133197;RP4-610C12.4
TMC6	TMC6
SNORA11E	SNORA11E
OTTHUMG00000158638;RP11-755B10.2	OTTHUMG00000158638;RP11-755B10.2
AF127936.5;OTTHUMG00000074319	AF127936.5;OTTHUMG00000074319
OTTHUMG00000003034;RP11-293P20.2	OTTHUMG00000003034;RP11-293P20.2
OTTHUMG00000032883;RP5-1043L13.1	OTTHUMG00000032883;RP5-1043L13.1
EMC1	EMC1
OTTHUMG00000018809;RP11-310E22.4	OTTHUMG00000018809;RP11-310E22.4
OTTHUMG00000163924;RP11-63E5.6	OTTHUMG00000163924;RP11-63E5.6
KCNQ5-AS2	KCNQ5-AS2
ANKRD28	ANKRD28
OR2H1	OR2H1
OR2H1	OR2H1
MIR4292	MIR4292
AC007680.2;OTTHUMG00000151842	AC007680.2;OTTHUMG00000151842
OTTHUMG00000020283;RP11-332M4.1	OTTHUMG00000020283;RP11-332M4.1
STX18	STX18
OTTHUMG00000163813;RP11-94H18.2	OTTHUMG00000163813;RP11-94H18.2
CTB-99A3.1;OTTHUMG00000163449	CTB-99A3.1;OTTHUMG00000163449
CDH20	CDH20
BFAR	BFAR
KCNK17	KCNK17
RNU7-72P	RNU7-72P
HPSE	HPSE
NOTCH4	NOTCH4
RGS8	RGS8
MRGBP	MRGBP
SSSCA1-AS1	SSSCA1-AS1
IFNL1	IFNL1
TRAPPC10	TRAPPC10
CUL4B	CUL4B
OTTHUMG00000015930;RP11-125D12.1	OTTHUMG00000015930;RP11-125D12.1
RASAL1	RASAL1
GMNC	GMNC
KB-1208A12.3;OTTHUMG00000164797;SNORA72	KB-1208A12.3;OTTHUMG00000164797;SNORA72
CSNK2B	CSNK2B
OTTHUMG00000000613;RP11-46F15.2	OTTHUMG00000000613;RP11-46F15.2
C20orf202	C20orf202
C18orf32	C18orf32
VSTM2L	VSTM2L
POLE4	POLE4
DOM3Z	DOM3Z
CD1D	CD1D
RNA5SP266	RNA5SP266
RNASEH2B-AS1	RNASEH2B-AS1
GPD1	GPD1
SLIT2-IT1	SLIT2-IT1
IGLV2-18	IGLV2-18
AC130710.1;OTTHUMG00000151744	AC130710.1;OTTHUMG00000151744
SULT1C2	SULT1C2
P4HA3	P4HA3
OTTHUMG00000017963;RP11-92J19.3	OTTHUMG00000017963;RP11-92J19.3
CTD-2292P10.4;LOC100288181;OTTHUMG00000164731	CTD-2292P10.4;LOC100288181;OTTHUMG00000164731
MIR4652	MIR4652
LANCL1	LANCL1
OR1E2	OR1E2
RNU7-54P	RNU7-54P
KLRC1	KLRC1
CD300E	CD300E
IGKV1D-42	IGKV1D-42
DMRTB1	DMRTB1
LGALS12	LGALS12
ZNF582	ZNF582
CTD-2270F17.1;OTTHUMG00000163147	CTD-2270F17.1;OTTHUMG00000163147
OTTHUMG00000018106;RP11-38L15.3	OTTHUMG00000018106;RP11-38L15.3
FAM101A;ZNF664-FAM101A	FAM101A;ZNF664-FAM101A
BHMT2	BHMT2
USP26	USP26
OTTHUMG00000041465;RP5-845O24.8	OTTHUMG00000041465;RP5-845O24.8
ARPC5L	ARPC5L
EXOC1	EXOC1
BIVM	BIVM
GPER	GPER
DCAF8	DCAF8
TMEM164	TMEM164
CBX6	CBX6
OTTHUMG00000164594;RP11-1149M10.1	OTTHUMG00000164594;RP11-1149M10.1
CSTB	CSTB
NUGGC	NUGGC
NHP2	NHP2
OTTHUMG00000041341;RP11-396C23.2	OTTHUMG00000041341;RP11-396C23.2
RFX8	RFX8
AZGP1	AZGP1
MMRN2;OTTHUMG00000018661;RP11-96C23.8	MMRN2;OTTHUMG00000018661;RP11-96C23.8
REPIN1	REPIN1
HK3	HK3
UBE2V2	UBE2V2
BOLA1	BOLA1
CDH26	CDH26
C5orf47	C5orf47
LL22NC03-121E8.3;OTTHUMG00000150318	LL22NC03-121E8.3;OTTHUMG00000150318
ATR	ATR
FOXP3	FOXP3
PET100	PET100
DLEC1	DLEC1
LOC100499405	LOC100499405
MIR1827	MIR1827
IFITM2	IFITM2
LYPD8;OTTHUMG00000078489;XX-CR54.3	LYPD8;OTTHUMG00000078489;XX-CR54.3
AMOT;MIR4329	AMOT;MIR4329
CETN1	CETN1
PYY	PYY
OTTHUMG00000008520;RP4-604K5.1;SEP15	OTTHUMG00000008520;RP4-604K5.1;SEP15
OTTHUMG00000162028;RP11-181K12.2	OTTHUMG00000162028;RP11-181K12.2
OTTHUMG00000160726;RP11-584P21.2	OTTHUMG00000160726;RP11-584P21.2
OTTHUMG00000159740;RP11-167H9.3	OTTHUMG00000159740;RP11-167H9.3
OTTHUMG00000015399;RP1-124C6.1	OTTHUMG00000015399;RP1-124C6.1
TLR8	TLR8
OTTHUMG00000164044;RP11-359E19.2	OTTHUMG00000164044;RP11-359E19.2
DTX2;LOC100653244	DTX2;LOC100653244
CEP57L1	CEP57L1
FMNL1	FMNL1
TEX38	TEX38
HLA-A	HLA-A
RASA2-IT1	RASA2-IT1
OTTHUMG00000163748;RP11-108E14.1	OTTHUMG00000163748;RP11-108E14.1
VWA7	VWA7
VWA7	VWA7
VWA7	VWA7
VWA7	VWA7
LATS2	LATS2
UBE2J1	UBE2J1
OTTHUMG00000019106;RP11-498B4.5	OTTHUMG00000019106;RP11-498B4.5
KRTAP3-3	KRTAP3-3
XCL1	XCL1
PRKG2	PRKG2
AC104655.3;OTTHUMG00000153079	AC104655.3;OTTHUMG00000153079
OTTHUMG00000034556;RP11-479J7.2	OTTHUMG00000034556;RP11-479J7.2
CCNK	CCNK
AC025918.2;OTTHUMG00000074032	AC025918.2;OTTHUMG00000074032
UBAP2L	UBAP2L
AL589743.2;OTTHUMG00000150377	AL589743.2;OTTHUMG00000150377
VAV1	VAV1
SPPL2C	SPPL2C
FLJ30679	FLJ30679
FAM197Y2;FAM197Y5	FAM197Y2;FAM197Y5
OTTHUMG00000020815;RP11-83J21.3	OTTHUMG00000020815;RP11-83J21.3
LOC647323;OTTHUMG00000155981;RP11-699L21.1	LOC647323;OTTHUMG00000155981;RP11-699L21.1
LOC100130417;OTTHUMG00000040718;RP11-54O7.3	LOC100130417;OTTHUMG00000040718;RP11-54O7.3
OOEP	OOEP
ZSWIM5	ZSWIM5
C12orf66	C12orf66
KCNK13	KCNK13
SPATA31C1	SPATA31C1
HDAC4	HDAC4
LINC00597	LINC00597
CTXN3	CTXN3
GAS6-AS1	GAS6-AS1
MIR1227	MIR1227
LINC00552	LINC00552
LINC00642	LINC00642
OTTHUMG00000160369;RP11-617I14.1	OTTHUMG00000160369;RP11-617I14.1
LOC100294145	LOC100294145
LOC100294145	LOC100294145
LOC100294145	LOC100294145
OTTHUMG00000067927;RP11-328M4.3	OTTHUMG00000067927;RP11-328M4.3
FAM46C	FAM46C
HULC	HULC
PCED1B	PCED1B
TJP3	TJP3
TLCD2	TLCD2
TRBV4-2	TRBV4-2
HMSD	HMSD
CTD-2247C11.5;OTTHUMG00000161660	CTD-2247C11.5;OTTHUMG00000161660
MIR4454	MIR4454
SCNM1;TNFAIP8L2-SCNM1	SCNM1;TNFAIP8L2-SCNM1
OTTHUMG00000009524;RP11-5P18.5	OTTHUMG00000009524;RP11-5P18.5
DYRK4	DYRK4
EPS8L3	EPS8L3
GARS	GARS
SNX32	SNX32
CACNB3	CACNB3
NLGN1-AS1	NLGN1-AS1
GCN1L1	GCN1L1
TMEM11	TMEM11
GRP	GRP
OTTHUMG00000160278;RP11-380P13.1	OTTHUMG00000160278;RP11-380P13.1
MIR4468	MIR4468
HAVCR1P1	HAVCR1P1
DOM3Z	DOM3Z
DOM3Z	DOM3Z
DOM3Z	DOM3Z
MAGI2	MAGI2
SYNGAP1	SYNGAP1
LOC441666	LOC441666
AC010136.2;OTTHUMG00000155260	AC010136.2;OTTHUMG00000155260
HIPK2	HIPK2
AC068538.4;OTTHUMG00000153149	AC068538.4;OTTHUMG00000153149
OTTHUMG00000032472;RP1-191L6.2	OTTHUMG00000032472;RP1-191L6.2
OR2H1	OR2H1
STYK1	STYK1
CD160;LOC101060629	CD160;LOC101060629
AC098973.2;OTTHUMG00000155653	AC098973.2;OTTHUMG00000155653
C22orf34	C22orf34
OTTHUMG00000037268;RP11-191N8.2	OTTHUMG00000037268;RP11-191N8.2
FLNB-AS1	FLNB-AS1
ZMYND12	ZMYND12
ENO3	ENO3
HYAL4	HYAL4
CC2D2B;LOC100652732	CC2D2B;LOC100652732
C6orf70	C6orf70
RNU7-28P	RNU7-28P
OSBPL10-AS1	OSBPL10-AS1
DNASE2B	DNASE2B
AGAP4;LOC101060581	AGAP4;LOC101060581
RNA5SP57	RNA5SP57
RNA5SP58	RNA5SP58
CRAMP1L	CRAMP1L
BRWD1	BRWD1
OTTHUMG00000017625;RP11-554I8.2	OTTHUMG00000017625;RP11-554I8.2
AC093415.2;OTTHUMG00000155924	AC093415.2;OTTHUMG00000155924
AC009473.1;LOC100505921;OTTHUMG00000152026	AC009473.1;LOC100505921;OTTHUMG00000152026
SLC32A1	SLC32A1
GPSM3	GPSM3
WNT6	WNT6
VPS11	VPS11
PKIG	PKIG
ITPRIPL1	ITPRIPL1
MIR3134;PTBP3	MIR3134;PTBP3
OTTHUMG00000158715;RP11-555M1.3	OTTHUMG00000158715;RP11-555M1.3
OTTHUMG00000161724;RP11-18H21.3	OTTHUMG00000161724;RP11-18H21.3
IGHV1-8	IGHV1-8
FLJ35282;OTTHUMG00000019696;RP11-399D6.2	FLJ35282;OTTHUMG00000019696;RP11-399D6.2
CRYM	CRYM
SLC25A19	SLC25A19
CTA-292E10.6;OTTHUMG00000151093	CTA-292E10.6;OTTHUMG00000151093
OTTHUMG00000040690;RP11-383G10.5	OTTHUMG00000040690;RP11-383G10.5
THOC3	THOC3
FBN1	FBN1
POU6F1	POU6F1
LALBA	LALBA
RNU6-69P	RNU6-69P
ZMYND10-AS1	ZMYND10-AS1
PABPC4L	PABPC4L
ZNF665	ZNF665
PHKA2-AS1	PHKA2-AS1
FRZB	FRZB
LINC00485	LINC00485
OR12D3	OR12D3
ZAN	ZAN
RNA5SP400	RNA5SP400
RNA5SP256	RNA5SP256
KCTD13	KCTD13
KRT74	KRT74
CDRT15P1	CDRT15P1
AP000692.9;MORC3;OTTHUMG00000086612	AP000692.9;MORC3;OTTHUMG00000086612
CCNB1IP1	CCNB1IP1
SH3YL1	SH3YL1
RNA5SP444	RNA5SP444
ATP4A	ATP4A
PPIH	PPIH
GPS1	GPS1
LONP1	LONP1
ACADVL	ACADVL
PODXL2	PODXL2
IGSF23	IGSF23
OTTHUMG00000019216;RP11-464O2.2	OTTHUMG00000019216;RP11-464O2.2
IARS	IARS
MIR362	MIR362
MOCS3	MOCS3
PRSS55	PRSS55
SPACA1	SPACA1
LRRC8B	LRRC8B
OR2H1	OR2H1
CAGE1	CAGE1
LCN1	LCN1
OTTHUMG00000018480;RP11-574K11.8	OTTHUMG00000018480;RP11-574K11.8
MIR4762	MIR4762
ATXN10	ATXN10
CCDC65	CCDC65
C10orf62	C10orf62
MIR548F4	MIR548F4
PHEX-AS1	PHEX-AS1
SLC31A2	SLC31A2
AC007557.4;OTTHUMG00000155312	AC007557.4;OTTHUMG00000155312
OTTHUMG00000159849;RP11-166N6.2	OTTHUMG00000159849;RP11-166N6.2
GJA10	GJA10
FUCA2	FUCA2
TRBV3-1	TRBV3-1
OTTHUMG00000156041;RP11-806J6.1	OTTHUMG00000156041;RP11-806J6.1
DGCR10	DGCR10
AQP8	AQP8
OTTHUMG00000003643;RP11-242O24.3	OTTHUMG00000003643;RP11-242O24.3
AC007422.1;OTTHUMG00000152486	AC007422.1;OTTHUMG00000152486
OTTHUMG00000159999;RP11-534L6.5	OTTHUMG00000159999;RP11-534L6.5
EMID1	EMID1
NAV3	NAV3
OR2W3;TRIM58	OR2W3;TRIM58
RNA5SP490	RNA5SP490
IMPDH2	IMPDH2
DCLK3	DCLK3
CX3CL1	CX3CL1
NPBWR2	NPBWR2
PLEKHA1	PLEKHA1
AP001625.4;OTTHUMG00000086811;SLC37A1	AP001625.4;OTTHUMG00000086811;SLC37A1
OTTHUMG00000046174;RP11-16C18.3	OTTHUMG00000046174;RP11-16C18.3
ECSIT	ECSIT
TNFAIP8L1	TNFAIP8L1
C16orf55	C16orf55
NPHS2	NPHS2
TLR7	TLR7
EMR1	EMR1
CLEC12B	CLEC12B
OTTHUMG00000018768;RP11-348J12.2	OTTHUMG00000018768;RP11-348J12.2
SH3PXD2B	SH3PXD2B
LOC285501;OTTHUMG00000160724;RP11-389E17.1	LOC285501;OTTHUMG00000160724;RP11-389E17.1
TXNDC2	TXNDC2
MIR4316	MIR4316
OTTHUMG00000164546;RP11-697M17.2	OTTHUMG00000164546;RP11-697M17.2
AP5Z1;MIR4656	AP5Z1;MIR4656
CYP4F3	CYP4F3
OTTHUMG00000003794;RP11-266K22.2	OTTHUMG00000003794;RP11-266K22.2
OTTHUMG00000009453;RP4-660H19.1	OTTHUMG00000009453;RP4-660H19.1
LOC100422737;OTTHUMG00000015305;RP1-60O19.1	LOC100422737;OTTHUMG00000015305;RP1-60O19.1
MPRIP	MPRIP
AP000402.3;OTTHUMG00000078329	AP000402.3;OTTHUMG00000078329
HLA-A	HLA-A
OTTHUMG00000041395;RP11-569A11.2	OTTHUMG00000041395;RP11-569A11.2
OTTHUMG00000160738;RP11-161D15.3	OTTHUMG00000160738;RP11-161D15.3
CTC-235G5.3;OTTHUMG00000162399	CTC-235G5.3;OTTHUMG00000162399
OTTHUMG00000012388;RP1-91G5.3	OTTHUMG00000012388;RP1-91G5.3
RNU5A-8P	RNU5A-8P
SERPINB4	SERPINB4
OTTHUMG00000160754;RP11-51M24.1	OTTHUMG00000160754;RP11-51M24.1
GPR34	GPR34
MLLT3	MLLT3
OTTHUMG00000156818;RP11-3B7.1	OTTHUMG00000156818;RP11-3B7.1
ZNF16	ZNF16
OTTHUMG00000164676;RP11-706C16.8	OTTHUMG00000164676;RP11-706C16.8
VSTM1	VSTM1
CASQ1	CASQ1
C12orf60	C12orf60
ZKSCAN8;ZNF192	ZKSCAN8;ZNF192
OTTHUMG00000032803;RP5-843L14.1	OTTHUMG00000032803;RP5-843L14.1
RPP21	RPP21
MPST	MPST
CST4	CST4
OTTHUMG00000156607;RP11-3P22.2	OTTHUMG00000156607;RP11-3P22.2
ZNF688	ZNF688
PPAPDC1A	PPAPDC1A
OTTHUMG00000160651;RP11-530I17.1	OTTHUMG00000160651;RP11-530I17.1
CHCHD4	CHCHD4
IRGM	IRGM
SPDYE1;SPDYE5	SPDYE1;SPDYE5
CTD-3179P9.1;OTTHUMG00000162888	CTD-3179P9.1;OTTHUMG00000162888
AC000099.1;OTTHUMG00000063970	AC000099.1;OTTHUMG00000063970
FAM168B	FAM168B
BACE2-IT1	BACE2-IT1
PHYHD1	PHYHD1
CLEC1A	CLEC1A
RHOT2	RHOT2
FAM127C	FAM127C
FAM71F2	FAM71F2
CPNE2	CPNE2
C14orf2	C14orf2
AC012487.2;FLJ38668;OTTHUMG00000153224	AC012487.2;FLJ38668;OTTHUMG00000153224
KRBA2	KRBA2
LOC145474	LOC145474
ZNF99	ZNF99
NAT1	NAT1
GNRH2	GNRH2
OTTHUMG00000164388;RP11-1D12.1	OTTHUMG00000164388;RP11-1D12.1
CTD-2275D24.1;OTTHUMG00000162457	CTD-2275D24.1;OTTHUMG00000162457
BMP7	BMP7
MAPK14	MAPK14
BST2	BST2
CORO2B	CORO2B
BAG2	BAG2
BTBD9	BTBD9
FOXP1-AS1	FOXP1-AS1
LY6G6D;LY6G6F	LY6G6D;LY6G6F
LY6G6D;LY6G6F	LY6G6D;LY6G6F
LY6G6D;LY6G6F	LY6G6D;LY6G6F
OTTHUMG00000160039;RP11-227H4.5	OTTHUMG00000160039;RP11-227H4.5
FLJ25758	FLJ25758
FAM135B	FAM135B
OTTHUMG00000039631;RP13-436F16.1	OTTHUMG00000039631;RP13-436F16.1
OTTHUMG00000158064;RP11-71H9.1	OTTHUMG00000158064;RP11-71H9.1
MRPL52	MRPL52
BRE-AS1	BRE-AS1
TSSC4	TSSC4
RNA5SP114	RNA5SP114
FAM196B	FAM196B
F13A1	F13A1
RNA5SP451	RNA5SP451
PIWIL1	PIWIL1
ARMCX3-AS1	ARMCX3-AS1
OTTHUMG00000046223;RP1-149M18.3	OTTHUMG00000046223;RP1-149M18.3
TRNAU1AP	TRNAU1AP
DSTYK	DSTYK
OTTHUMG00000018307;RP11-436D10.3	OTTHUMG00000018307;RP11-436D10.3
INPP5K	INPP5K
GAPT	GAPT
OR52J3	OR52J3
DIEXF	DIEXF
CEACAM20	CEACAM20
RCCD1	RCCD1
DEFB130;LOC100133267;OTTHUMG00000158721;RP11-1236K1.1	DEFB130;LOC100133267;OTTHUMG00000158721;RP11-1236K1.1
DEFB130;LOC100133267	DEFB130;LOC100133267
HYAL3	HYAL3
TTTY1;TTTY1B	TTTY1;TTTY1B
AC079117.1;OTTHUMG00000152840	AC079117.1;OTTHUMG00000152840
C9orf43	C9orf43
CTB-111F10.1;OTTHUMG00000156062	CTB-111F10.1;OTTHUMG00000156062
NSUN5	NSUN5
OTTHUMG00000160708;RP11-51P8.1	OTTHUMG00000160708;RP11-51P8.1
PDE6B	PDE6B
SLC16A3	SLC16A3
MMD	MMD
TRAF5	TRAF5
MAP4	MAP4
MIR4736	MIR4736
CEBPB	CEBPB
HLA-A	HLA-A
SRPK2	SRPK2
MIR3142	MIR3142
ACAD9	ACAD9
UNC13B	UNC13B
HECTD1	HECTD1
LINC00051	LINC00051
STC1	STC1
FBXL16	FBXL16
PPWD1	PPWD1
OTTHUMG00000000421;RP11-133O22.6	OTTHUMG00000000421;RP11-133O22.6
TMSB4XP4	TMSB4XP4
LOC100653336;OTTHUMG00000047830;RP11-395L14.4	LOC100653336;OTTHUMG00000047830;RP11-395L14.4
LOC728012;OTTHUMG00000015271;RP11-14I4.3	LOC728012;OTTHUMG00000015271;RP11-14I4.3
OTTHUMG00000155986;RP11-513G11.3	OTTHUMG00000155986;RP11-513G11.3
OTTHUMG00000040085;RP4-799P18.3	OTTHUMG00000040085;RP4-799P18.3
KIR3DL1;KIR3DL2	KIR3DL1;KIR3DL2
LOC100506352	LOC100506352
AC007952.6;EPN2;EPN2-IT1;LOC79999;OTTHUMG00000059429	AC007952.6;EPN2;EPN2-IT1;LOC79999;OTTHUMG00000059429
AC067956.1;AC114765.1;OTTHUMG00000153855;OTTHUMG00000153857	AC067956.1;AC114765.1;OTTHUMG00000153855;OTTHUMG00000153857
LOC286114;OTTHUMG00000163761;RP11-421P23.1	LOC286114;OTTHUMG00000163761;RP11-421P23.1
TTTY10	TTTY10
MARK1	MARK1
EFNA3	EFNA3
MIR4327	MIR4327
TOP1MT	TOP1MT
NEK10	NEK10
OTTHUMG00000017845;RP13-16H11.5	OTTHUMG00000017845;RP13-16H11.5
OTTHUMG00000017359;RP11-65D24.1	OTTHUMG00000017359;RP11-65D24.1
TRIM21	TRIM21
FAM23B;OTTHUMG00000017755;TMEM236	FAM23B;OTTHUMG00000017755;TMEM236
OTTHUMG00000018061;RP11-285G1.9	OTTHUMG00000018061;RP11-285G1.9
FAM186B	FAM186B
DHX36	DHX36
ZNF787	ZNF787
CTC-340D7.1;OTTHUMG00000162332	CTC-340D7.1;OTTHUMG00000162332
AC092687.4;OTTHUMG00000151708	AC092687.4;OTTHUMG00000151708
KBTBD2	KBTBD2
AP001062.9;OTTHUMG00000086923	AP001062.9;OTTHUMG00000086923
GSX2	GSX2
DCBLD2	DCBLD2
LOC101060714;LOC101060729;SLX1A;SLX1A-SULT1A3;SLX1B;SLX1B-SULT1A4;SULT1A3;SULT1A4	LOC101060714;LOC101060729;SLX1A;SLX1A-SULT1A3;SLX1B;SLX1B-SULT1A4;SULT1A3;SULT1A4
GAN	GAN
OR52D1	OR52D1
OXCT1	OXCT1
RSPO4	RSPO4
TET2-AS1	TET2-AS1
FLJ36777;OTTHUMG00000159980;RP11-367J11.3	FLJ36777;OTTHUMG00000159980;RP11-367J11.3
FZD10-AS1	FZD10-AS1
TSRM	TSRM
IRG1	IRG1
PHACTR1	PHACTR1
SLC16A2	SLC16A2
OTTHUMG00000160022;RP11-834C11.8	OTTHUMG00000160022;RP11-834C11.8
HPCAL1	HPCAL1
AP001464.4;OTTHUMG00000074167	AP001464.4;OTTHUMG00000074167
OTTHUMG00000163704;RP11-326L2.1	OTTHUMG00000163704;RP11-326L2.1
SRI	SRI
PRAM1	PRAM1
PRAP1	PRAP1
OTTHUMG00000160643;RP11-89B16.1	OTTHUMG00000160643;RP11-89B16.1
LGI1	LGI1
RNA5SP131	RNA5SP131
HTR5A	HTR5A
TRGV5	TRGV5
TSPYL4	TSPYL4
ZNF578	ZNF578
ZNF385D-AS2	ZNF385D-AS2
PHOSPHO2	PHOSPHO2
LCT	LCT
OTTHUMG00000020418;RP11-217B7.2	OTTHUMG00000020418;RP11-217B7.2
OTTHUMG00000018904;RP11-316M21.7	OTTHUMG00000018904;RP11-316M21.7
EEF1A1;LOC100653236	EEF1A1;LOC100653236
MIR654	MIR654
VPS16	VPS16
HLA-DQA2	HLA-DQA2
LOC541473	LOC541473
HSF1	HSF1
MUC2	MUC2
FBXO36	FBXO36
ZNF605	ZNF605
OTTHUMG00000040633;RP11-104L21.2	OTTHUMG00000040633;RP11-104L21.2
FAM170A	FAM170A
OTTHUMG00000162814;RP11-252I13.2	OTTHUMG00000162814;RP11-252I13.2
ZNF330	ZNF330
YWHAB	YWHAB
PDE2A	PDE2A
ZFAND2A	ZFAND2A
MIR1254-1	MIR1254-1
MAB21L1;MIR548F5	MAB21L1;MIR548F5
AOC2	AOC2
NDUFA4	NDUFA4
CTC-575I10.1;OTTHUMG00000162452	CTC-575I10.1;OTTHUMG00000162452
NECAP2	NECAP2
HM13-IT1	HM13-IT1
TECPR1	TECPR1
CHSY3	CHSY3
OTTHUMG00000016716;RP11-179A7.2	OTTHUMG00000016716;RP11-179A7.2
C19orf40	C19orf40
TEX15	TEX15
LMBR1	LMBR1
E2F4	E2F4
C1orf27	C1orf27
COL9A3	COL9A3
LUC7L	LUC7L
LOC100130298	LOC100130298
NCBP2L;OTTHUMG00000022170;RP5-820B18.3	NCBP2L;OTTHUMG00000022170;RP5-820B18.3
LOC101060567;PEX11B	LOC101060567;PEX11B
GGN	GGN
OTTHUMG00000163986;RP11-473J6.1	OTTHUMG00000163986;RP11-473J6.1
GS1-5L10.1;OTTHUMG00000164152	GS1-5L10.1;OTTHUMG00000164152
MIR4746	MIR4746
HMHA1	HMHA1
GPS2;NEURL4	GPS2;NEURL4
DNER	DNER
ANO7	ANO7
AC003075.4;OTTHUMG00000152468	AC003075.4;OTTHUMG00000152468
SNORD51	SNORD51
FAM86JP	FAM86JP
AC013472.3;OTTHUMG00000151998	AC013472.3;OTTHUMG00000151998
OTTHUMG00000035655;RP11-553K8.2	OTTHUMG00000035655;RP11-553K8.2
TENM2	TENM2
KIAA1143	KIAA1143
LINC00870;OTTHUMG00000159724;RP11-433A10.1	LINC00870;OTTHUMG00000159724;RP11-433A10.1
POU5F1P4	POU5F1P4
SEPT2	SEPT2
GPRIN2	GPRIN2
RNA5SP521	RNA5SP521
RNA5SP522	RNA5SP522
NEXN	NEXN
AC005562.1;LRRC37BP1;OTTHUMG00000132793	AC005562.1;LRRC37BP1;OTTHUMG00000132793
GFRA2	GFRA2
ATG10-IT1	ATG10-IT1
MAGEA11	MAGEA11
TMPRSS4-AS1	TMPRSS4-AS1
AP000474.1;OTTHUMG00000078274	AP000474.1;OTTHUMG00000078274
QKI	QKI
CYB561D1	CYB561D1
OTTHUMG00000159952;RP11-166D18.1	OTTHUMG00000159952;RP11-166D18.1
DYNC2LI1	DYNC2LI1
SNX17	SNX17
RC3H1-IT1	RC3H1-IT1
OTTHUMG00000017611;RP11-536K7.3	OTTHUMG00000017611;RP11-536K7.3
TRABD2A	TRABD2A
SLC7A3	SLC7A3
OTTHUMG00000036478;RP1-28O10.1	OTTHUMG00000036478;RP1-28O10.1
S100A16	S100A16
MRPS12	MRPS12
INSL4	INSL4
HLA-DQA2	HLA-DQA2
PALLD	PALLD
OTTHUMG00000015516;RP11-527F13.1	OTTHUMG00000015516;RP11-527F13.1
SIAH2-AS1	SIAH2-AS1
LOC100130673	LOC100130673
UVRAG	UVRAG
LOC100506775;OTTHUMG00000041219;RP11-134P9.3	LOC100506775;OTTHUMG00000041219;RP11-134P9.3
OTTHUMG00000014768;RP3-449H6.1	OTTHUMG00000014768;RP3-449H6.1
RAD21-AS1	RAD21-AS1
IGHV1OR21-1	IGHV1OR21-1
HAGHL	HAGHL
NKIRAS2	NKIRAS2
ZBTB22	ZBTB22
ZBTB22	ZBTB22
KRT24	KRT24
AC087499.10;OTTHUMG00000059551	AC087499.10;OTTHUMG00000059551
OTTHUMG00000161786;RP1-167G20.2	OTTHUMG00000161786;RP1-167G20.2
DDX55	DDX55
ATP13A1	ATP13A1
BCL9L	BCL9L
AREG;AREGB	AREG;AREGB
IGLL1	IGLL1
TPSAB1;TPSB2	TPSAB1;TPSB2
RNU7-34P	RNU7-34P
TSPY1;TSPY10;TSPY3	TSPY1;TSPY10;TSPY3
CLEC2D	CLEC2D
B3GNT2	B3GNT2
LOC441178;OTTHUMG00000016027;RP11-351J23.1	LOC441178;OTTHUMG00000016027;RP11-351J23.1
MTRNR2L4	MTRNR2L4
SPRR3	SPRR3
ANKLE1	ANKLE1
SLC44A4	SLC44A4
SLC44A4	SLC44A4
MIR4301	MIR4301
OTTHUMG00000037755;RP5-956O18.2	OTTHUMG00000037755;RP5-956O18.2
DPEP2	DPEP2
FAM25A;FAM25B;FAM25C;FAM25G	FAM25A;FAM25B;FAM25C;FAM25G
AC195454.1;OTTHUMG00000160407	AC195454.1;OTTHUMG00000160407
SLC22A6	SLC22A6
CSF3R	CSF3R
RNA5SP36	RNA5SP36
RNU7-75P	RNU7-75P
LOC100130172;OTTHUMG00000163222;RP11-325L7.1	LOC100130172;OTTHUMG00000163222;RP11-325L7.1
IGKV1D-27	IGKV1D-27
DIP2A	DIP2A
MIR3689C	MIR3689C
ZNF32	ZNF32
FAR2	FAR2
AC108058.1;OTTHUMG00000153108	AC108058.1;OTTHUMG00000153108
RNF113B	RNF113B
DPEP3	DPEP3
NEU3	NEU3
IGKV5-2	IGKV5-2
JAM3	JAM3
MIR149	MIR149
RNF183	RNF183
CAPN12	CAPN12
ETFB	ETFB
IPO7	IPO7
AC005538.5;OTTHUMG00000059128	AC005538.5;OTTHUMG00000059128
GSTA3	GSTA3
OR12D3	OR12D3
TSTD3	TSTD3
OTTHUMG00000158995;RP11-331K15.1	OTTHUMG00000158995;RP11-331K15.1
MIR613	MIR613
KB-173C10.1;OTTHUMG00000164709	KB-173C10.1;OTTHUMG00000164709
ZNF763	ZNF763
TLE6	TLE6
OTTHUMG00000032376;RP4-550H1.5	OTTHUMG00000032376;RP4-550H1.5
OTTHUMG00000014335;RP11-239H6.2	OTTHUMG00000014335;RP11-239H6.2
LOC284801;OTTHUMG00000032149;RP3-410C9.1	LOC284801;OTTHUMG00000032149;RP3-410C9.1
HCG22	HCG22
MIR3123	MIR3123
LOC100505666;OTTHUMG00000041316;RP11-307C12.11	LOC100505666;OTTHUMG00000041316;RP11-307C12.11
ISY1	ISY1
PLK2	PLK2
CYP2A7P1	CYP2A7P1
SNORD121B	SNORD121B
LRRC14	LRRC14
FAM22D;NUTM2D	FAM22D;NUTM2D
HSPA9	HSPA9
ZNF232	ZNF232
GRIN2C	GRIN2C
GPSM1	GPSM1
TMEM141	TMEM141
OTTHUMG00000018652;RP11-77P6.2	OTTHUMG00000018652;RP11-77P6.2
AC007064.24;OTTHUMG00000147348	AC007064.24;OTTHUMG00000147348
OR12D3	OR12D3
SCARNA18	SCARNA18
SOSTDC1	SOSTDC1
FLJ44838	FLJ44838
TUBGCP5	TUBGCP5
AP000472.2;OTTHUMG00000078243	AP000472.2;OTTHUMG00000078243
GPC6-AS1	GPC6-AS1
AP1B1P1;OTTHUMG00000073689;RP1-127L4.7	AP1B1P1;OTTHUMG00000073689;RP1-127L4.7
C8orf49	C8orf49
GNN	GNN
CTD-2284J15.1;OTTHUMG00000163689	CTD-2284J15.1;OTTHUMG00000163689
OTTHUMG00000015375;RP11-428F8.2	OTTHUMG00000015375;RP11-428F8.2
CASP14	CASP14
CXorf51A;CXorf51B	CXorf51A;CXorf51B
C1orf137	C1orf137
NEU4	NEU4
LINC00239	LINC00239
OR2G6	OR2G6
AVPR1A	AVPR1A
PPM1F	PPM1F
RNA5SP180	RNA5SP180
LINC00211	LINC00211
OTTHUMG00000031897;RP5-1069C8.2	OTTHUMG00000031897;RP5-1069C8.2
FAS	FAS
LINC00279	LINC00279
OTTHUMG00000017336;RP11-259F4.1	OTTHUMG00000017336;RP11-259F4.1
CMSS1	CMSS1
CLPS	CLPS
ZNF212	ZNF212
LRRTM3;OTTHUMG00000018332;RP11-68P3.2	LRRTM3;OTTHUMG00000018332;RP11-68P3.2
SLC30A8	SLC30A8
MAMDC2	MAMDC2
GDAP1L1	GDAP1L1
PCDH9-AS2	PCDH9-AS2
MIR1180	MIR1180
OTTHUMG00000002202;RP11-108M9.2	OTTHUMG00000002202;RP11-108M9.2
THSD1	THSD1
FABP2	FABP2
DCAF4L2	DCAF4L2
AZU1	AZU1
AC122136.2;OTTHUMG00000154837	AC122136.2;OTTHUMG00000154837
RSPH3	RSPH3
CSAD	CSAD
C2CD2	C2CD2
OR8U1;OR8U8	OR8U1;OR8U8
AC002398.5;OTTHUMG00000048120	AC002398.5;OTTHUMG00000048120
ITGB7	ITGB7
AP000959.2;OTTHUMG00000078247	AP000959.2;OTTHUMG00000078247
MAN2A1	MAN2A1
PAH	PAH
OTTHUMG00000010702;RP11-465K1.2	OTTHUMG00000010702;RP11-465K1.2
MRPL23-AS1	MRPL23-AS1
ANKRD31	ANKRD31
GALNT3	GALNT3
SLC44A4	SLC44A4
CYP4A11	CYP4A11
OTTHUMG00000160185;RP11-1396O13.13	OTTHUMG00000160185;RP11-1396O13.13
C1orf110	C1orf110
BMS1P5;OTTHUMG00000018158;RP11-508M1.3	BMS1P5;OTTHUMG00000018158;RP11-508M1.3
GDPD2	GDPD2
MDP1	MDP1
OTTHUMG00000162901;RP11-159K7.2	OTTHUMG00000162901;RP11-159K7.2
LINC00404	LINC00404
TPP1	TPP1
NDNF	NDNF
LMO3	LMO3
LOC100505596;OTTHUMG00000162046;RP11-292D4.1	LOC100505596;OTTHUMG00000162046;RP11-292D4.1
C12orf53;PIANP	C12orf53;PIANP
SCP2D1	SCP2D1
MIR153-1	MIR153-1
LOC100129148	LOC100129148
C8orf48	C8orf48
VCAN-AS1	VCAN-AS1
SYT15	SYT15
AC007271.3;OTTHUMG00000153435	AC007271.3;OTTHUMG00000153435
PTCRA	PTCRA
TPRG1-AS2	TPRG1-AS2
AC006026.13;OTTHUMG00000152691	AC006026.13;OTTHUMG00000152691
OTTHUMG00000020775;RP11-344B5.2	OTTHUMG00000020775;RP11-344B5.2
KPTN	KPTN
OTTHUMG00000164004;RP11-863K10.2	OTTHUMG00000164004;RP11-863K10.2
FOXL2	FOXL2
KCNH1-IT1	KCNH1-IT1
OTTHUMG00000157170;RP11-3B12.1	OTTHUMG00000157170;RP11-3B12.1
PDCD5	PDCD5
GPR68	GPR68
SLFNL1	SLFNL1
MIR3156-2	MIR3156-2
AC007379.5;HSFY1;HSFY2;OTTHUMG00000041952	AC007379.5;HSFY1;HSFY2;OTTHUMG00000041952
OTTHUMG00000159875;RP11-454C18.1	OTTHUMG00000159875;RP11-454C18.1
TAMM41	TAMM41
LOC100505903;OTTHUMG00000016073;RP11-302L19.1	LOC100505903;OTTHUMG00000016073;RP11-302L19.1
EPHA1	EPHA1
OTTHUMG00000163879;RP11-467K18.2	OTTHUMG00000163879;RP11-467K18.2
C6orf25	C6orf25
DLK2	DLK2
LINC00507	LINC00507
OTTHUMG00000021054;RP11-309M23.1	OTTHUMG00000021054;RP11-309M23.1
OTTHUMG00000020588;RP11-477J21.6	OTTHUMG00000020588;RP11-477J21.6
AC004549.6;OTTHUMG00000152710	AC004549.6;OTTHUMG00000152710
LOC100294145	LOC100294145
FAM66A	FAM66A
RNA5SP128	RNA5SP128
AC009303.2;OTTHUMG00000058520	AC009303.2;OTTHUMG00000058520
OTTHUMG00000162131;RP11-661C8.3	OTTHUMG00000162131;RP11-661C8.3
OTTHUMG00000003685;RP5-893G23.1	OTTHUMG00000003685;RP5-893G23.1
AC009950.1;OTTHUMG00000153669	AC009950.1;OTTHUMG00000153669
IMMP2L-IT1	IMMP2L-IT1
C4BPA	C4BPA
ROCK1P1	ROCK1P1
ZMIZ1	ZMIZ1
FIBP	FIBP
MIR4663	MIR4663
MAGEA10	MAGEA10
TRIM40	TRIM40
C3orf52	C3orf52
AC034110.1;FLJ44881;OTTHUMG00000132860	AC034110.1;FLJ44881;OTTHUMG00000132860
C20orf78	C20orf78
OBP2B	OBP2B
OTTHUMG00000015908;RP11-732M18.2	OTTHUMG00000015908;RP11-732M18.2
ENTPD8	ENTPD8
ZBTB22	ZBTB22
LINC00116	LINC00116
LMBR1L	LMBR1L
OTTHUMG00000162183;RP11-557J10.4	OTTHUMG00000162183;RP11-557J10.4
TRIML1	TRIML1
LOC100192426	LOC100192426
MIR4765	MIR4765
LOC441155;ZBED6;ZC3H11A	LOC441155;ZBED6;ZC3H11A
PDE11A	PDE11A
MIR4660	MIR4660
OTTHUMG00000020884;RP11-473E2.2	OTTHUMG00000020884;RP11-473E2.2
FAM106CP	FAM106CP
CMPK1	CMPK1
OTTHUMG00000037842;RP5-930J4.4	OTTHUMG00000037842;RP5-930J4.4
AFAP1-AS1	AFAP1-AS1
SLC9A9	SLC9A9
ULBP3	ULBP3
CTA-126B4.7;OTTHUMG00000150919	CTA-126B4.7;OTTHUMG00000150919
PDCD1	PDCD1
PMS1	PMS1
ST7;ST7-OT3;ST7-OT4	ST7;ST7-OT3;ST7-OT4
CETP	CETP
RNA5SP87	RNA5SP87
RMND5B	RMND5B
PIGP	PIGP
OTTHUMG00000157043;RP11-395B7.2	OTTHUMG00000157043;RP11-395B7.2
CALCOCO2	CALCOCO2
OTTHUMG00000163759;OTTHUMG00000163760;RP11-369E15.2;RP11-369E15.4	OTTHUMG00000163759;OTTHUMG00000163760;RP11-369E15.2;RP11-369E15.4
NMI	NMI
EVA1C	EVA1C
PLSCR3	PLSCR3
AC006947.1;OTTHUMG00000132305	AC006947.1;OTTHUMG00000132305
SH2D3C	SH2D3C
OTTHUMG00000160989;RP11-328K4.1	OTTHUMG00000160989;RP11-328K4.1
OTTHUMG00000161689;RP11-415C15.2	OTTHUMG00000161689;RP11-415C15.2
OTTHUMG00000151130;RP3-434P1.6	OTTHUMG00000151130;RP3-434P1.6
NECAB2	NECAB2
NEDD9	NEDD9
NFE2	NFE2
CARS2	CARS2
OTTHUMG00000040691;RP11-430C7.5	OTTHUMG00000040691;RP11-430C7.5
DAPK2	DAPK2
HOXC4	HOXC4
RNU6-81P	RNU6-81P
IDH3B	IDH3B
OTTHUMG00000150584;RP1-293L6.1	OTTHUMG00000150584;RP1-293L6.1
OTTHUMG00000160961;RP11-8L2.1	OTTHUMG00000160961;RP11-8L2.1
LINC00959;OTTHUMG00000019268;RP11-500G10.1	LINC00959;OTTHUMG00000019268;RP11-500G10.1
LOC100505550;OTTHUMG00000014621;RP1-153P14.3	LOC100505550;OTTHUMG00000014621;RP1-153P14.3
LOC554223	LOC554223
LOC554223	LOC554223
OTTHUMG00000032154;RP4-610C12.1	OTTHUMG00000032154;RP4-610C12.1
RNF168	RNF168
OTTHUMG00000163783;RP11-1149O23.2	OTTHUMG00000163783;RP11-1149O23.2
ATG16L1	ATG16L1
OTTHUMG00000015852;RP1-200K18.1	OTTHUMG00000015852;RP1-200K18.1
AC024560.2;OTTHUMG00000155477	AC024560.2;OTTHUMG00000155477
AC019068.2;OTTHUMG00000153059	AC019068.2;OTTHUMG00000153059
CLEC4F	CLEC4F
PACS2	PACS2
RNF111	RNF111
SIX6	SIX6
ASB10	ASB10
CTD-2130F23.1;OTTHUMG00000162105	CTD-2130F23.1;OTTHUMG00000162105
AFMID	AFMID
TCAM1P	TCAM1P
LRRC58	LRRC58
AC097467.2;OTTHUMG00000150212	AC097467.2;OTTHUMG00000150212
ADCK3	ADCK3
TIGD1	TIGD1
C11orf63	C11orf63
ZNF679;ZNF735	ZNF679;ZNF735
ZDHHC20-IT1	ZDHHC20-IT1
FAM189B	FAM189B
CHST14	CHST14
CTHRC1	CTHRC1
MATN4	MATN4
OTTHUMG00000161116;RP11-380D23.1	OTTHUMG00000161116;RP11-380D23.1
C8orf46	C8orf46
MIR892A	MIR892A
AC133528.2;OTTHUMG00000151513	AC133528.2;OTTHUMG00000151513
FYTTD1	FYTTD1
OTTHUMG00000157073;RP11-359D14.3	OTTHUMG00000157073;RP11-359D14.3
TRBV7-3	TRBV7-3
OTTHUMG00000159892;RP11-548O1.3	OTTHUMG00000159892;RP11-548O1.3
OTTHUMG00000163303;RP11-779O18.3	OTTHUMG00000163303;RP11-779O18.3
MGST1	MGST1
RNU5F-6P	RNU5F-6P
ANKRD61	ANKRD61
MNX1	MNX1
OTTHUMG00000074100;RP11-25K21.1	OTTHUMG00000074100;RP11-25K21.1
VPS33B	VPS33B
FOXO3B	FOXO3B
TTC39C	TTC39C
LOC554223	LOC554223
C5orf42	C5orf42
AC005104.3;OTTHUMG00000151587	AC005104.3;OTTHUMG00000151587
RNA5SP205	RNA5SP205
EIF2AK2	EIF2AK2
C11orf96	C11orf96
PLXDC2	PLXDC2
AC011298.2;OTTHUMG00000152264	AC011298.2;OTTHUMG00000152264
SAMD1	SAMD1
IL21R	IL21R
MMP16	MMP16
CD79B	CD79B
NLRP9	NLRP9
CTD-2192J16.11;OTTHUMG00000156402	CTD-2192J16.11;OTTHUMG00000156402
SOGA1	SOGA1
GLRA3	GLRA3
MEA1	MEA1
OTTHUMG00000010247;RP4-651E10.4	OTTHUMG00000010247;RP4-651E10.4
FAM49A	FAM49A
CTD-2066L21.1;OTTHUMG00000162000	CTD-2066L21.1;OTTHUMG00000162000
SOBP	SOBP
MIR632;ZNF207	MIR632;ZNF207
LOC285740;OTTHUMG00000015731;RP11-436I24.1	LOC285740;OTTHUMG00000015731;RP11-436I24.1
RNU12-2P	RNU12-2P
ZNF683	ZNF683
OTTHUMG00000164897;RP11-267L5.1	OTTHUMG00000164897;RP11-267L5.1
TIMM17B	TIMM17B
SP6	SP6
AC022173.2;LOC100130880;OTTHUMG00000155696	AC022173.2;LOC100130880;OTTHUMG00000155696
AP000345.1;LOC388882;OTTHUMG00000150669	AP000345.1;LOC388882;OTTHUMG00000150669
MMP8	MMP8
OTTHUMG00000020780;RP11-65J3.3	OTTHUMG00000020780;RP11-65J3.3
AC023469.1;OTTHUMG00000153783	AC023469.1;OTTHUMG00000153783
ULK4	ULK4
SOWAHA	SOWAHA
RNA5SP190	RNA5SP190
MAP3K6	MAP3K6
OTTHUMG00000150933;RP1-288L1.4	OTTHUMG00000150933;RP1-288L1.4
MIR548I1	MIR548I1
MAML3	MAML3
LINC00265	LINC00265
ASB11	ASB11
AC097517.2;LOC100506216;OTTHUMG00000151631	AC097517.2;LOC100506216;OTTHUMG00000151631
MIR412	MIR412
ZNF888	ZNF888
FOXB1	FOXB1
C20orf112	C20orf112
LOC100506674;OTTHUMG00000162143;RP11-53O19.1	LOC100506674;OTTHUMG00000162143;RP11-53O19.1
CTC-459M5.2;OTTHUMG00000162900	CTC-459M5.2;OTTHUMG00000162900
PIGR	PIGR
MIR1302-8	MIR1302-8
INTS3	INTS3
PHF2	PHF2
C12orf36	C12orf36
GRM6	GRM6
C10orf47;PROSER2	C10orf47;PROSER2
CASS4	CASS4
IL27	IL27
ZNF444	ZNF444
RSL24D1P11	RSL24D1P11
PPAP2B	PPAP2B
AC092661.1;OTTHUMG00000059450	AC092661.1;OTTHUMG00000059450
MIR30A	MIR30A
NMS	NMS
OTTHUMG00000015943;RP1-249F5.3	OTTHUMG00000015943;RP1-249F5.3
UBE2L6	UBE2L6
LINC00637	LINC00637
OTTHUMG00000014379;RP3-425P12.1	OTTHUMG00000014379;RP3-425P12.1
BCL2L10	BCL2L10
SELV	SELV
ADAM8	ADAM8
AMY1A;AMY1B;AMY1C	AMY1A;AMY1B;AMY1C
APOOL	APOOL
FAM103A1	FAM103A1
RNA5SP253	RNA5SP253
RNA5SP254	RNA5SP254
RNA5SP342	RNA5SP342
DEFB121	DEFB121
LOC101060555;POLR3GL	LOC101060555;POLR3GL
EBF4	EBF4
RD3	RD3
ADAM7	ADAM7
AC000364.1;GRM8;OTTHUMG00000066223	AC000364.1;GRM8;OTTHUMG00000066223
OTTHUMG00000020029;RP11-197P3.4	OTTHUMG00000020029;RP11-197P3.4
OTTHUMG00000164295;RP11-318K15.2	OTTHUMG00000164295;RP11-318K15.2
OR1I1	OR1I1
ORAI1	ORAI1
PAFAH1B3	PAFAH1B3
ZIC4-AS1	ZIC4-AS1
VPS4A	VPS4A
TRIM46	TRIM46
IGHV1-45	IGHV1-45
OTTHUMG00000151346;RP11-259P1.1	OTTHUMG00000151346;RP11-259P1.1
AP000470.2;OTTHUMG00000078333	AP000470.2;OTTHUMG00000078333
ZFHX3	ZFHX3
MIR1289-1	MIR1289-1
BX571672.3;OTTHUMG00000013473	BX571672.3;OTTHUMG00000013473
OTTHUMG00000163714;RP11-420B22.1	OTTHUMG00000163714;RP11-420B22.1
SIGLEC14;SIGLEC5	SIGLEC14;SIGLEC5
OTOS	OTOS
SVOPL	SVOPL
OTTHUMG00000161479;RP13-539F13.3	OTTHUMG00000161479;RP13-539F13.3
CORO7	CORO7
OTTHUMG00000014623;RP1-153P14.5	OTTHUMG00000014623;RP1-153P14.5
LINC00533	LINC00533
TSPY3;TSPY8	TSPY3;TSPY8
ACTN1-AS1	ACTN1-AS1
DYDC2	DYDC2
RNU5D-2P	RNU5D-2P
PPP1R37	PPP1R37
SERPINB5	SERPINB5
CTA-212D2.2;OTTHUMG00000015625	CTA-212D2.2;OTTHUMG00000015625
C15ORF37;C15orf37	C15ORF37;C15orf37
KLK2	KLK2
SNORD109A;SNORD109B	SNORD109A;SNORD109B
SNORD109A;SNORD109B	SNORD109A;SNORD109B
LINC00539	LINC00539
LINC00649;LINC00650	LINC00649;LINC00650
DMAP1	DMAP1
GEMIN8P4	GEMIN8P4
TRAV12-1	TRAV12-1
HLA-DRA	HLA-DRA
OTTHUMG00000034840;RP3-395P12.2	OTTHUMG00000034840;RP3-395P12.2
PRKCA	PRKCA
ELMOD3	ELMOD3
OTTHUMG00000164770;RP13-923O23.6	OTTHUMG00000164770;RP13-923O23.6
ADAM20P1	ADAM20P1
OTTHUMG00000039496;RP11-152L7.2	OTTHUMG00000039496;RP11-152L7.2
LOC100506606	LOC100506606
OTTHUMG00000161417;RP11-234O6.2	OTTHUMG00000161417;RP11-234O6.2
ABCA6	ABCA6
SERTAD2	SERTAD2
SMYD3	SMYD3
PLA2G2C	PLA2G2C
SLC25A23	SLC25A23
ZSWIM6	ZSWIM6
UBE2H	UBE2H
CTD-2331D11.4;OTTHUMG00000162579	CTD-2331D11.4;OTTHUMG00000162579
TGFBR2	TGFBR2
MAGEA9;MAGEA9B	MAGEA9;MAGEA9B
ADPGK-AS1	ADPGK-AS1
OTTHUMG00000160733;RP11-313E19.2	OTTHUMG00000160733;RP11-313E19.2
C8orf47	C8orf47
AC011625.1;OTTHUMG00000155198	AC011625.1;OTTHUMG00000155198
OTTHUMG00000164413;RP11-17A4.3	OTTHUMG00000164413;RP11-17A4.3
SH2D4B	SH2D4B
DCUN1D2-AS2	DCUN1D2-AS2
CDSN	CDSN
ASIC1	ASIC1
CTD-2249K22.1;OTTHUMG00000162555	CTD-2249K22.1;OTTHUMG00000162555
TPSD1	TPSD1
MIR3158-2	MIR3158-2
LOC100128076	LOC100128076
OTTHUMG00000032097;RP5-1100I6.1	OTTHUMG00000032097;RP5-1100I6.1
MMP24	MMP24
IGFLR1	IGFLR1
AC093865.1;OTTHUMG00000154804	AC093865.1;OTTHUMG00000154804
THYN1	THYN1
FBXO22-AS1	FBXO22-AS1
LOC100505622	LOC100505622
MIR449A	MIR449A
SIGLEC8	SIGLEC8
ZAR1	ZAR1
LINC00379	LINC00379
CTD-2532K18.1;OTTHUMG00000163129	CTD-2532K18.1;OTTHUMG00000163129
B3GNTL1	B3GNTL1
PRRX1	PRRX1
CYTH4	CYTH4
ZNF211	ZNF211
OTTHUMG00000011637;RP4-735C1.6	OTTHUMG00000011637;RP4-735C1.6
OTTHUMG00000161124;RP11-679C8.2	OTTHUMG00000161124;RP11-679C8.2
SRP68	SRP68
KRTAP5-5	KRTAP5-5
OTTHUMG00000037778;RP11-99J16__A.2	OTTHUMG00000037778;RP11-99J16__A.2
GPR119	GPR119
GOLGA6L1;LOC100996599;LOC100996625;LOC100996644;LOC101060115;LOC440243	GOLGA6L1;LOC100996599;LOC100996625;LOC100996644;LOC101060115;LOC440243
MIR139	MIR139
CTA-373H7.7;OTTHUMG00000150982	CTA-373H7.7;OTTHUMG00000150982
ST3GAL6-AS1	ST3GAL6-AS1
KCNQ1	KCNQ1
LL0XNC01-116E7.2;OTTHUMG00000022115	LL0XNC01-116E7.2;OTTHUMG00000022115
OTTHUMG00000160918;RP11-428L21.1	OTTHUMG00000160918;RP11-428L21.1
OTTHUMG00000161141;RP11-501E14.1	OTTHUMG00000161141;RP11-501E14.1
DCAF5	DCAF5
RN7SKP6	RN7SKP6
PRPF40B	PRPF40B
AC079354.3;LOC729224;OTTHUMG00000154578	AC079354.3;LOC729224;OTTHUMG00000154578
OTTHUMG00000164915;RP11-238I10.1	OTTHUMG00000164915;RP11-238I10.1
RORA	RORA
REM1	REM1
OTTHUMG00000161213;RP11-614F17.2	OTTHUMG00000161213;RP11-614F17.2
OTTHUMG00000158345;RP5-1121E10.2	OTTHUMG00000158345;RP5-1121E10.2
TNFRSF17	TNFRSF17
CHERP	CHERP
LOC440337	LOC440337
EVX1-AS	EVX1-AS
LOC100506271;OTTHUMG00000150559;RP1-63G5.7	LOC100506271;OTTHUMG00000150559;RP1-63G5.7
OTTHUMG00000156119;RP11-310H4.1	OTTHUMG00000156119;RP11-310H4.1
CSNK1A1P1	CSNK1A1P1
AC147651.3;FLJ44511;OTTHUMG00000151410	AC147651.3;FLJ44511;OTTHUMG00000151410
OTTHUMG00000034985;RP11-318C24.2	OTTHUMG00000034985;RP11-318C24.2
AC008746.3;OTTHUMG00000065547	AC008746.3;OTTHUMG00000065547
APOA4	APOA4
OTTHUMG00000161364;RP11-1079K10.2	OTTHUMG00000161364;RP11-1079K10.2
C6orf223	C6orf223
GABRA6	GABRA6
FAM35B;FAM35B2;FAM35BP;FAM35DP	FAM35B;FAM35B2;FAM35BP;FAM35DP
ZBTB22	ZBTB22
LOC286238;OTTHUMG00000020171;RP13-60M5.2	LOC286238;OTTHUMG00000020171;RP13-60M5.2
OTTHUMG00000021590;RP13-77O11.5;SPANXN5	OTTHUMG00000021590;RP13-77O11.5;SPANXN5
HRK	HRK
DNAJB5	DNAJB5
AC068138.1;OTTHUMG00000153471	AC068138.1;OTTHUMG00000153471
SLC6A7	SLC6A7
HCG22	HCG22
NCBP2-AS2	NCBP2-AS2
INPP5D	INPP5D
PDE5A	PDE5A
AP000355.2;OTTHUMG00000150750	AP000355.2;OTTHUMG00000150750
ACMSD	ACMSD
LY6G6D;LY6G6F;MEGT1;OTTHUMG00000162247;XXbac-BPG32J3.19	LY6G6D;LY6G6F;MEGT1;OTTHUMG00000162247;XXbac-BPG32J3.19
LY6G6D;LY6G6F	LY6G6D;LY6G6F
OTTHUMG00000020335;RP11-23B15.1	OTTHUMG00000020335;RP11-23B15.1
AC103563.8;OTTHUMG00000155157	AC103563.8;OTTHUMG00000155157
CLIC3	CLIC3
OR14C36	OR14C36
RNA5SP193	RNA5SP193
PYDC2	PYDC2
SLC25A53	SLC25A53
OTTHUMG00000008038;RP11-219C24.10	OTTHUMG00000008038;RP11-219C24.10
EBNA1BP2	EBNA1BP2
NFX1	NFX1
OTTHUMG00000160312;RP11-308K2.1	OTTHUMG00000160312;RP11-308K2.1
ZNF671	ZNF671
NGB	NGB
CYP2A13	CYP2A13
TRIM61	TRIM61
ZFX-AS1	ZFX-AS1
L1CAM	L1CAM
LINC00152;LOC541471	LINC00152;LOC541471
MYO1F	MYO1F
PLCB3	PLCB3
LINC00433	LINC00433
OTTHUMG00000162012;RP11-597D13.8	OTTHUMG00000162012;RP11-597D13.8
RNU5E-2P	RNU5E-2P
EFTUD1	EFTUD1
C17orf98	C17orf98
AC009223.2;OTTHUMG00000153143	AC009223.2;OTTHUMG00000153143
CTA-85E5.10;OTTHUMG00000151289	CTA-85E5.10;OTTHUMG00000151289
AC003088.1;OTTHUMG00000155021	AC003088.1;OTTHUMG00000155021
PTPRVP	PTPRVP
TMEM150B	TMEM150B
LOC143666	LOC143666
OTTHUMG00000067728;RP5-1187J4.11	OTTHUMG00000067728;RP5-1187J4.11
CORO1A	CORO1A
CTD-2023N9.3;LOC100996645;OTTHUMG00000162504	CTD-2023N9.3;LOC100996645;OTTHUMG00000162504
SLC5A1	SLC5A1
RQCD1	RQCD1
BRD2	BRD2
RNA5SP322	RNA5SP322
MYO1H	MYO1H
MIR1229	MIR1229
OTTHUMG00000160074;RP11-168E17.1	OTTHUMG00000160074;RP11-168E17.1
CREB3L2	CREB3L2
LOC100190986	LOC100190986
ANXA10	ANXA10
AP003774.1;OTTHUMG00000045125	AP003774.1;OTTHUMG00000045125
CTBP1-AS1;CTBP1-AS2	CTBP1-AS1;CTBP1-AS2
AP004372.1;OTTHUMG00000150050	AP004372.1;OTTHUMG00000150050
MYOM3;OTTHUMG00000003035;RP11-293P20.3	MYOM3;OTTHUMG00000003035;RP11-293P20.3
NID1	NID1
TMEM179B	TMEM179B
N4BP2L2	N4BP2L2
GHRLOS2;LINC00852	GHRLOS2;LINC00852
IQGAP1	IQGAP1
CXorf67	CXorf67
TRIM39	TRIM39
PAX4	PAX4
OTTHUMG00000017052;RP11-501G6.1	OTTHUMG00000017052;RP11-501G6.1
RAB11B-AS1	RAB11B-AS1
BAG3	BAG3
CROCC	CROCC
REXO4	REXO4
TBK1	TBK1
OTTHUMG00000019263;RP11-109A6.3	OTTHUMG00000019263;RP11-109A6.3
ANAPC4	ANAPC4
LRRN3	LRRN3
SEPT4	SEPT4
OTTHUMG00000161960;RP11-184E9.1	OTTHUMG00000161960;RP11-184E9.1
ALDH1B1	ALDH1B1
OTTHUMG00000018736;RP11-236B18.2	OTTHUMG00000018736;RP11-236B18.2
MIR584	MIR584
OTTHUMG00000019884;RP11-112J3.16	OTTHUMG00000019884;RP11-112J3.16
OR2D3	OR2D3
LRRC18;OTTHUMG00000018183;RP11-523O18.7	LRRC18;OTTHUMG00000018183;RP11-523O18.7
MIR660	MIR660
OTTHUMG00000021281;RP11-86A5.1	OTTHUMG00000021281;RP11-86A5.1
AMER2;FAM123A	AMER2;FAM123A
N4BP1	N4BP1
C15orf27	C15orf27
RRAS	RRAS
TRIM40	TRIM40
CTD-2049J23.3;OTTHUMG00000158954	CTD-2049J23.3;OTTHUMG00000158954
ITIH6	ITIH6
CFL2	CFL2
OTTHUMG00000020591;RP11-162D16.2	OTTHUMG00000020591;RP11-162D16.2
TCEB2P2	TCEB2P2
AP000696.2;OTTHUMG00000086644	AP000696.2;OTTHUMG00000086644
TMEM191C	TMEM191C
OTTHUMG00000171640;RP11-1070N10.6;TCL1B;TCL6	OTTHUMG00000171640;RP11-1070N10.6;TCL1B;TCL6
OTTHUMG00000039874;RP11-261C10.4	OTTHUMG00000039874;RP11-261C10.4
BACE2	BACE2
TRIM31	TRIM31
HGC6.3;OTTHUMG00000016038;RP3-470B24.5	HGC6.3;OTTHUMG00000016038;RP3-470B24.5
C19orf45	C19orf45
ZBP1	ZBP1
QRICH1	QRICH1
UCN2	UCN2
UTF1	UTF1
EIF1AD	EIF1AD
AC091133.1;OTTHUMG00000132443	AC091133.1;OTTHUMG00000132443
LOC728463;OTTHUMG00000039520;RP11-224O19.2	LOC728463;OTTHUMG00000039520;RP11-224O19.2
OTTHUMG00000017697;RP11-445K13.2	OTTHUMG00000017697;RP11-445K13.2
OTTHUMG00000015508;RP11-138M12.1	OTTHUMG00000015508;RP11-138M12.1
SRD5A1	SRD5A1
BEND2	BEND2
SLC13A2	SLC13A2
RNU7-3P	RNU7-3P
NDUFV2	NDUFV2
LINGO3	LINGO3
AC015987.1;OTTHUMG00000155616	AC015987.1;OTTHUMG00000155616
FAM167B	FAM167B
LOC644090;OTTHUMG00000157325;RP13-452N2.1	LOC644090;OTTHUMG00000157325;RP13-452N2.1
SAMD7	SAMD7
MIR4782	MIR4782
TRAV30	TRAV30
WASH5P	WASH5P
WT1	WT1
N4BP2	N4BP2
MIR3621	MIR3621
EPHX4	EPHX4
SLC13A3	SLC13A3
RNF182	RNF182
C22orf29;GNB1L	C22orf29;GNB1L
NPSR1	NPSR1
PIP5KL1	PIP5KL1
ARL17A	ARL17A
CTAGE15;CTAGE15P	CTAGE15;CTAGE15P
OTTHUMG00000165019;RP11-383J24.1	OTTHUMG00000165019;RP11-383J24.1
PABPN1L	PABPN1L
LINC00672	LINC00672
RUNDC1	RUNDC1
EGOT	EGOT
GGTLC2	GGTLC2
KRTAP13-3	KRTAP13-3
SLCO1A2	SLCO1A2
MIR4251	MIR4251
OTTHUMG00000036345;RP11-343H5.6	OTTHUMG00000036345;RP11-343H5.6
AC012507.3;LOC151484;OTTHUMG00000153828	AC012507.3;LOC151484;OTTHUMG00000153828
CTA-221G9.7;OTTHUMG00000150865	CTA-221G9.7;OTTHUMG00000150865
OTTHUMG00000014960;RP11-69I22.3	OTTHUMG00000014960;RP11-69I22.3
CIB2	CIB2
OTTHUMG00000003222;RP1-184J9.2	OTTHUMG00000003222;RP1-184J9.2
LOC100240734	LOC100240734
HSP90AB4P	HSP90AB4P
BRD2	BRD2
OSGIN2	OSGIN2
MED22	MED22
OTTHUMG00000160648;RP11-231C18.2	OTTHUMG00000160648;RP11-231C18.2
CHMP4B	CHMP4B
ACPL2	ACPL2
LINC00511;LINC00673	LINC00511;LINC00673
EPN2;EPN2-IT1;LOC79999	EPN2;EPN2-IT1;LOC79999
FGD5-AS1	FGD5-AS1
CCDC85A	CCDC85A
NSF	NSF
MAGI1-AS1	MAGI1-AS1
RNA5SP218	RNA5SP218
CAP1	CAP1
CKAP4	CKAP4
CRYBB1	CRYBB1
OTTHUMG00000040729;RP11-467I20.6	OTTHUMG00000040729;RP11-467I20.6
PIGV	PIGV
RNA5SP329	RNA5SP329
TSSK3	TSSK3
SNX22	SNX22
RNF121	RNF121
ARHGAP21	ARHGAP21
GLYAT	GLYAT
AFF2-IT1	AFF2-IT1
PPEF1-AS1	PPEF1-AS1
OTTHUMG00000016839;RP11-442J21.1	OTTHUMG00000016839;RP11-442J21.1
FFAR3	FFAR3
APOBEC3F	APOBEC3F
AC005324.6;OTTHUMG00000059148	AC005324.6;OTTHUMG00000059148
EYA3	EYA3
AC007349.7;OTTHUMG00000154945	AC007349.7;OTTHUMG00000154945
TNFSF11	TNFSF11
HLA-DRB1;LOC100507709;LOC100507714	HLA-DRB1;LOC100507709;LOC100507714
OTTHUMG00000038051;RP11-415L24.1	OTTHUMG00000038051;RP11-415L24.1
CDIP1	CDIP1
FTHL17	FTHL17
PTH1R	PTH1R
GIMAP4	GIMAP4
ICOSLG	ICOSLG
AC005355.2;OTTHUMG00000163059	AC005355.2;OTTHUMG00000163059
OTTHUMG00000037063;RP5-1111A8.3	OTTHUMG00000037063;RP5-1111A8.3
FAM25A;FAM25B;FAM25C;FAM25G	FAM25A;FAM25B;FAM25C;FAM25G
DIABLO	DIABLO
OTTHUMG00000020555;RP11-45A16.4	OTTHUMG00000020555;RP11-45A16.4
OR2H1	OR2H1
OR2H1	OR2H1
RNA5SP381	RNA5SP381
PDZD4	PDZD4
ZP2	ZP2
TIMM22	TIMM22
RASA2	RASA2
FAM197Y2;FAM197Y5;FAM197Y8	FAM197Y2;FAM197Y5;FAM197Y8
MIR4744	MIR4744
OTTHUMG00000161732;RP11-593F5.2	OTTHUMG00000161732;RP11-593F5.2
NAIF1	NAIF1
TNPO3	TNPO3
AF127577.10;OTTHUMG00000074325	AF127577.10;OTTHUMG00000074325
AP001630.5;OTTHUMG00000086837	AP001630.5;OTTHUMG00000086837
AF064858.8;OTTHUMG00000066035	AF064858.8;OTTHUMG00000066035
AOX2P	AOX2P
SLC6A3	SLC6A3
RNA5SP306	RNA5SP306
RHOXF2;RHOXF2B	RHOXF2;RHOXF2B
A2ML1-AS2	A2ML1-AS2
SLC9A3R2	SLC9A3R2
OTTHUMG00000161671;RP11-164P12.3	OTTHUMG00000161671;RP11-164P12.3
RNA5SP310	RNA5SP310
RNA5SP316	RNA5SP316
FAM205B	FAM205B
SKOR1	SKOR1
CCDC70	CCDC70
C9orf141	C9orf141
OTTHUMG00000019429;RP11-165F24.5	OTTHUMG00000019429;RP11-165F24.5
OTTHUMG00000160927;RP11-556G22.2	OTTHUMG00000160927;RP11-556G22.2
KRT17P1	KRT17P1
OTTHUMG00000157228;RP11-626E13.1	OTTHUMG00000157228;RP11-626E13.1
C4orf48	C4orf48
BEND3P3	BEND3P3
SLC39A5	SLC39A5
MIR3193	MIR3193
AC113617.1;OTTHUMG00000059445	AC113617.1;OTTHUMG00000059445
EVL	EVL
OTTHUMG00000019555;RP11-74C3.1	OTTHUMG00000019555;RP11-74C3.1
MIRLET7E	MIRLET7E
OR51B6	OR51B6
AES	AES
TRAV2	TRAV2
YTHDC2	YTHDC2
FLT4	FLT4
TACR1	TACR1
RNY1P8	RNY1P8
TMEM229A	TMEM229A
PRR14L	PRR14L
RNA5SP98	RNA5SP98
B3GALT2	B3GALT2
HOXA2	HOXA2
AMELY	AMELY
LOC100506343;OTTHUMG00000011954;RP4-773A18.4	LOC100506343;OTTHUMG00000011954;RP4-773A18.4
GAS8	GAS8
OTTHUMG00000160727;RP11-130F10.1	OTTHUMG00000160727;RP11-130F10.1
HLA-DRB1;HLA-DRB4	HLA-DRB1;HLA-DRB4
WDR83	WDR83
MIR4632;TNFRSF1B	MIR4632;TNFRSF1B
MS4A4A	MS4A4A
PI16	PI16
AC118653.2;OTTHUMG00000132240	AC118653.2;OTTHUMG00000132240
CTD-2318H23.1;OTTHUMG00000161641	CTD-2318H23.1;OTTHUMG00000161641
OTTHUMG00000159342;RP1-93H18.6	OTTHUMG00000159342;RP1-93H18.6
OR52E6	OR52E6
DCAF12L1	DCAF12L1
CHADL	CHADL
SPRNP1	SPRNP1
OTTHUMG00000041230;RP11-95P13.1	OTTHUMG00000041230;RP11-95P13.1
LINC00694	LINC00694
LOC440354	LOC440354
LOH12CR1	LOH12CR1
HOXC8	HOXC8
MIR4673	MIR4673
ALG9-IT1	ALG9-IT1
MIR4500HG	MIR4500HG
OTTHUMG00000018310;RP11-144G16.1	OTTHUMG00000018310;RP11-144G16.1
LINC00309	LINC00309
HDHD1	HDHD1
OTTHUMG00000162354;RP11-434D9.2	OTTHUMG00000162354;RP11-434D9.2
HCG27	HCG27
KRBOX1-AS1	KRBOX1-AS1
AQPEP;LVRN;OTTHUMG00000128890	AQPEP;LVRN;OTTHUMG00000128890
DKFZP434A062	DKFZP434A062
F2	F2
LOC100996643;MTHFD1L	LOC100996643;MTHFD1L
MIR140	MIR140
ZNF468	ZNF468
MYT1L	MYT1L
RHBDD1	RHBDD1
TWSG1	TWSG1
GIP	GIP
GABRA2	GABRA2
PTCSC3	PTCSC3
CPO	CPO
FAM138E	FAM138E
AC108868.6;OTTHUMG00000153180	AC108868.6;OTTHUMG00000153180
TAS2R41	TAS2R41
OTTHUMG00000157277;RP11-325F22.2	OTTHUMG00000157277;RP11-325F22.2
CDC37;MIR1181	CDC37;MIR1181
ACTR3C	ACTR3C
OTTHUMG00000034949;RP11-222A5.1	OTTHUMG00000034949;RP11-222A5.1
CDK5	CDK5
LINC00941	LINC00941
SLC6A13	SLC6A13
MIR1976	MIR1976
AC002117.1;OTTHUMG00000132571	AC002117.1;OTTHUMG00000132571
RNA5SP318	RNA5SP318
UROC1	UROC1
OTTHUMG00000046224;RP1-149M18.4	OTTHUMG00000046224;RP1-149M18.4
ZNF662	ZNF662
SLC25A5-AS1	SLC25A5-AS1
ANKRD62	ANKRD62
MIR1273A	MIR1273A
ABCG5	ABCG5
OTTHUMG00000163701;RP11-6N13.1	OTTHUMG00000163701;RP11-6N13.1
SNORD18A	SNORD18A
HLA-DMB	HLA-DMB
OTTHUMG00000058152;RP11-175I6.5	OTTHUMG00000058152;RP11-175I6.5
RNA5SP299	RNA5SP299
PCDH9-AS1	PCDH9-AS1
GKN2	GKN2
CASP8	CASP8
LOC100505504	LOC100505504
MIR623	MIR623
ZDHHC4	ZDHHC4
BRD2	BRD2
TRIM40	TRIM40
LY6G6D;LY6G6F	LY6G6D;LY6G6F
MB	MB
IDI2-AS1	IDI2-AS1
CDS2	CDS2
NPBWR1	NPBWR1
PCNT	PCNT
MIR3165	MIR3165
WFDC5	WFDC5
REEP3	REEP3
HOXC6	HOXC6
SDR16C5	SDR16C5
ABCA13	ABCA13
ASPSCR1	ASPSCR1
RIMBP3B;RIMBP3C	RIMBP3B;RIMBP3C
FAM83G	FAM83G
TAS1R3	TAS1R3
PPIG	PPIG
IGKV1D-39	IGKV1D-39
SLC25A34	SLC25A34
OTTHUMG00000160203;RP11-446J8.1	OTTHUMG00000160203;RP11-446J8.1
AKAP4	AKAP4
LILRB4	LILRB4
LINC00514	LINC00514
LYG1	LYG1
OR4F15	OR4F15
OTTHUMG00000008214;RP11-101C11.1	OTTHUMG00000008214;RP11-101C11.1
FAM22B	FAM22B
ATM	ATM
MLIP	MLIP
OTTHUMG00000008926;RP4-631H13.2;ZYG11A	OTTHUMG00000008926;RP4-631H13.2;ZYG11A
EXOC3L1	EXOC3L1
OTTHUMG00000163607;RP11-378A12.1	OTTHUMG00000163607;RP11-378A12.1
OTTHUMG00000159926;RP11-77P16.4	OTTHUMG00000159926;RP11-77P16.4
OTTHUMG00000013252;RP11-187C18.5	OTTHUMG00000013252;RP11-187C18.5
LOC100129216	LOC100129216
LL22NC03-63E9.3;LOC648691;OTTHUMG00000151164	LL22NC03-63E9.3;LOC648691;OTTHUMG00000151164
C11orf20;KCNK4;TEX40	C11orf20;KCNK4;TEX40
VWA7	VWA7
COX18	COX18
OTTHUMG00000165044;RP11-103H7.5	OTTHUMG00000165044;RP11-103H7.5
AK8	AK8
OTTHUMG00000008933;RP4-784A16.3	OTTHUMG00000008933;RP4-784A16.3
KIAA2018	KIAA2018
THRB-AS1	THRB-AS1
ANGEL1	ANGEL1
OTTHUMG00000066734;RP11-95K23.5	OTTHUMG00000066734;RP11-95K23.5
TRADD	TRADD
OTTHUMG00000015498;RP11-374A22.1	OTTHUMG00000015498;RP11-374A22.1
CTA-125H2.1;OTTHUMG00000150904	CTA-125H2.1;OTTHUMG00000150904
LOC100505902;OTTHUMG00000155989;RP11-407B7.1	LOC100505902;OTTHUMG00000155989;RP11-407B7.1
NMBR	NMBR
FAM83C	FAM83C
ZNF317	ZNF317
DPM3	DPM3
UNC45B	UNC45B
RARA	RARA
SLCO4A1	SLCO4A1
FAM53C	FAM53C
TDH	TDH
OTTHUMG00000055981;RP11-223E19.2	OTTHUMG00000055981;RP11-223E19.2
LOC202181	LOC202181
DNAJC27	DNAJC27
TMED2	TMED2
AC006840.1;OTTHUMG00000161627	AC006840.1;OTTHUMG00000161627
TMEM217	TMEM217
EIF2AK1	EIF2AK1
MIR192	MIR192
LOC101060038	LOC101060038
LOC100507531	LOC100507531
FAM90A11P	FAM90A11P
OTTHUMG00000161199;RP11-519M16.1	OTTHUMG00000161199;RP11-519M16.1
OTTHUMG00000018325;RP11-179K3.2	OTTHUMG00000018325;RP11-179K3.2
C1orf212;SMIM12	C1orf212;SMIM12
SIGIRR	SIGIRR
SNORD116-10	SNORD116-10
AF015720.3;OTTHUMG00000086462	AF015720.3;OTTHUMG00000086462
GPRIN2	GPRIN2
MGARP	MGARP
DKFZP434K028	DKFZP434K028
TMEM158	TMEM158
STK33	STK33
AC010967.2;OTTHUMG00000152413	AC010967.2;OTTHUMG00000152413
CTD-2331D11.2;OTTHUMG00000162576	CTD-2331D11.2;OTTHUMG00000162576
UBE4B	UBE4B
TNFSF14	TNFSF14
OR9G4	OR9G4
MIR4469;RNF170	MIR4469;RNF170
GRID1-AS1;OTTHUMG00000184154;RP11-93H12.2	GRID1-AS1;OTTHUMG00000184154;RP11-93H12.2
MIR4312	MIR4312
AC022486.1;HSFY1;HSFY2;OTTHUMG00000041976	AC022486.1;HSFY1;HSFY2;OTTHUMG00000041976
TAS1R1	TAS1R1
AIFM2	AIFM2
THAP8	THAP8
AC116614.1;OTTHUMG00000151389	AC116614.1;OTTHUMG00000151389
KIAA1456	KIAA1456
LOC100506497	LOC100506497
IGSF1	IGSF1
PKP1	PKP1
PPIP5K2	PPIP5K2
FOXP4;MIR4641	FOXP4;MIR4641
RNU2-1;RNU2-2P;WDR74	RNU2-1;RNU2-2P;WDR74
MIR378D1	MIR378D1
MIR4646	MIR4646
MIR4646	MIR4646
MIR4646	MIR4646
MIR4646	MIR4646
MIR4646	MIR4646
MIR4646	MIR4646
MIR4646	MIR4646
OTTHUMG00000156209;RP4-613B23.1	OTTHUMG00000156209;RP4-613B23.1
LRRC28	LRRC28
OTTHUMG00000022338;RP1-315G1.3	OTTHUMG00000022338;RP1-315G1.3
ZNF624	ZNF624
OTTHUMG00000163067;RP11-215P8.2	OTTHUMG00000163067;RP11-215P8.2
ZNHIT6	ZNHIT6
ZEB2-AS1	ZEB2-AS1
OTTHUMG00000041347;RP11-347K2.2	OTTHUMG00000041347;RP11-347K2.2
PLEC	PLEC
ZNF609	ZNF609
LOC284412	LOC284412
ZNF345	ZNF345
RNA5SP482	RNA5SP482
OTTHUMG00000160282;RP11-756P10.2	OTTHUMG00000160282;RP11-756P10.2
TRMT11	TRMT11
LDLRAD3	LDLRAD3
GALNT1	GALNT1
IKBKB	IKBKB
RNA5SP373	RNA5SP373
MIR4734	MIR4734
C17orf74	C17orf74
MIR3665	MIR3665
IQCA1P1	IQCA1P1
OTTHUMG00000163187;RP11-843P14.2	OTTHUMG00000163187;RP11-843P14.2
LOC100507506;OTTHUMG00000014161;RP3-400B16.1	LOC100507506;OTTHUMG00000014161;RP3-400B16.1
COQ6	COQ6
SNORA28	SNORA28
PPP2CA	PPP2CA
MIR1301	MIR1301
TAS2R39	TAS2R39
KLHL33	KLHL33
ARHGAP31	ARHGAP31
MIR548G	MIR548G
RNA5SP186	RNA5SP186
MMP21	MMP21
AC079613.1;OTTHUMG00000154523	AC079613.1;OTTHUMG00000154523
MAGEB16	MAGEB16
PCSK4	PCSK4
OR13J1	OR13J1
OTTHUMG00000150597;RP5-1119A7.14	OTTHUMG00000150597;RP5-1119A7.14
CXCL9	CXCL9
AC018730.1;LOC100506421;OTTHUMG00000153065	AC018730.1;LOC100506421;OTTHUMG00000153065
MIR518F	MIR518F
STAG3L4	STAG3L4
OTTHUMG00000032661;RP11-323C15.2	OTTHUMG00000032661;RP11-323C15.2
CXorf61	CXorf61
OTTHUMG00000018047;RP11-272J7.4	OTTHUMG00000018047;RP11-272J7.4
SHISA5	SHISA5
CELA3A	CELA3A
LRFN1	LRFN1
SH3GL1P2	SH3GL1P2
OTTHUMG00000164285;RP11-716D16.1	OTTHUMG00000164285;RP11-716D16.1
CCDC39	CCDC39
CIDECP	CIDECP
SYCE1L	SYCE1L
FLJ42102	FLJ42102
C3orf36	C3orf36
AC008074.4;OTTHUMG00000152676	AC008074.4;OTTHUMG00000152676
FAM5C	FAM5C
SNORD103A;SNORD103B	SNORD103A;SNORD103B
SNORD103A;SNORD103B	SNORD103A;SNORD103B
ZMAT3	ZMAT3
BHLHA15	BHLHA15
AFM	AFM
AHSG	AHSG
SERPINB3	SERPINB3
ENTHD2	ENTHD2
UBASH3B	UBASH3B
AC009411.1;OTTHUMG00000151809	AC009411.1;OTTHUMG00000151809
LOC100505609;OTTHUMG00000157863;RP11-420J11.2	LOC100505609;OTTHUMG00000157863;RP11-420J11.2
MIR190A	MIR190A
GS1-18A18.1;LOC285878;OTTHUMG00000156070;VSTM2A	GS1-18A18.1;LOC285878;OTTHUMG00000156070;VSTM2A
TMPRSS6	TMPRSS6
IFNAR2	IFNAR2
OTTHUMG00000032718;RP11-112L6.4	OTTHUMG00000032718;RP11-112L6.4
NHLRC1	NHLRC1
CRISP3	CRISP3
MAPKAPK5-AS1	MAPKAPK5-AS1
LAMA2	LAMA2
LINC00492	LINC00492
OTTHUMG00000163752;RP11-87E22.2	OTTHUMG00000163752;RP11-87E22.2
AWAT2	AWAT2
EPHB1	EPHB1
HM13-AS1	HM13-AS1
HLA-DRA	HLA-DRA
HLA-DRA	HLA-DRA
HLA-DRA	HLA-DRA
ZNF280A	ZNF280A
DNAJB8	DNAJB8
TRDV3	TRDV3
CHD2;LOC100507217;MIR3175	CHD2;LOC100507217;MIR3175
SV2C	SV2C
LINC00398	LINC00398
CHMP1B	CHMP1B
MUC21	MUC21
RNU7-2P	RNU7-2P
OTTHUMG00000020745;RP11-339B21.9	OTTHUMG00000020745;RP11-339B21.9
SLFN12L	SLFN12L
OTTHUMG00000011763;RP5-1028L10.2	OTTHUMG00000011763;RP5-1028L10.2
DNAJC19	DNAJC19
ABCC6P1	ABCC6P1
CST13P	CST13P
OTTHUMG00000161276;RP11-310I9.1	OTTHUMG00000161276;RP11-310I9.1
CEACAM22P	CEACAM22P
SPRED3	SPRED3
RNA5SP351	RNA5SP351
KRT80	KRT80
RNA5SP282	RNA5SP282
KIF2A	KIF2A
OTTHUMG00000017777;RP11-354E11.2	OTTHUMG00000017777;RP11-354E11.2
OR2J3	OR2J3
IDE	IDE
OTTHUMG00000019924;RP11-613M10.6	OTTHUMG00000019924;RP11-613M10.6
MAP3K7	MAP3K7
KIAA1211L	KIAA1211L
CFHR3	CFHR3
OTTHUMG00000039886;RP11-567G24.3	OTTHUMG00000039886;RP11-567G24.3
PGA3;PGA4	PGA3;PGA4
BRD2	BRD2
LINC00620	LINC00620
MIR4446	MIR4446
LOC388242;LOC613038	LOC388242;LOC613038
TREH	TREH
KLRG2	KLRG2
NCOA6	NCOA6
OTTHUMG00000001278;RP13-392I16.1	OTTHUMG00000001278;RP13-392I16.1
AC027601.1;OTTHUMG00000132137	AC027601.1;OTTHUMG00000132137
FAM22A;NUTM2A	FAM22A;NUTM2A
STK19	STK19
STK19	STK19
AC016831.7;OTTHUMG00000155022	AC016831.7;OTTHUMG00000155022
OGFOD3	OGFOD3
PRAME	PRAME
OTTHUMG00000160263;RP1-27K12.4	OTTHUMG00000160263;RP1-27K12.4
NOP9	NOP9
GAB1	GAB1
PLVAP	PLVAP
HCST	HCST
ZFHX2	ZFHX2
NAV2-IT1	NAV2-IT1
PAGE1	PAGE1
NONO	NONO
OTTHUMG00000150676;Z82214.2	OTTHUMG00000150676;Z82214.2
GMFG	GMFG
ARAP2	ARAP2
SLAMF7	SLAMF7
NCKAP5L	NCKAP5L
LRRC16B	LRRC16B
MIR3125	MIR3125
AP000290.7;OTTHUMG00000065063	AP000290.7;OTTHUMG00000065063
SAT1	SAT1
RNA5SP240	RNA5SP240
TMEM177	TMEM177
PP2D1	PP2D1
NFKBIB	NFKBIB
SPATA8-AS1	SPATA8-AS1
DPEP1	DPEP1
OTTHUMG00000018038;RP11-402L1.4	OTTHUMG00000018038;RP11-402L1.4
OTTHUMG00000160972;RP11-476C8.3	OTTHUMG00000160972;RP11-476C8.3
AC079612.2;OTTHUMG00000152416	AC079612.2;OTTHUMG00000152416
OTTHUMG00000012023;RP3-522D1.1	OTTHUMG00000012023;RP3-522D1.1
RNA5SP438	RNA5SP438
LOC101060424;LOC653786	LOC101060424;LOC653786
USP27X	USP27X
OTTHUMG00000159096;RP11-280H21.1	OTTHUMG00000159096;RP11-280H21.1
OTTHUMG00000012022;RP11-426L16.8	OTTHUMG00000012022;RP11-426L16.8
MNDA	MNDA
RNASE7	RNASE7
TMEM138	TMEM138
ZGPAT	ZGPAT
LOC100996437;OTTHUMG00000156753;RP4-756H11.3	LOC100996437;OTTHUMG00000156753;RP4-756H11.3
SPSB3	SPSB3
C4orf36;LOC100506746	C4orf36;LOC100506746
HABP4	HABP4
TRIM31-AS1	TRIM31-AS1
OTTHUMG00000131063;XXbac-BPG250I8.13	OTTHUMG00000131063;XXbac-BPG250I8.13
OTTHUMG00000148917;XXbac-BPG250I8.13	OTTHUMG00000148917;XXbac-BPG250I8.13
OTTHUMG00000149197;XXbac-BPG250I8.13	OTTHUMG00000149197;XXbac-BPG250I8.13
OTTHUMG00000149445;XXbac-BPG250I8.13	OTTHUMG00000149445;XXbac-BPG250I8.13
OTTHUMG00000004813;XXbac-BPG250I8.13	OTTHUMG00000004813;XXbac-BPG250I8.13
OTTHUMG00000131239;XXbac-BPG250I8.13	OTTHUMG00000131239;XXbac-BPG250I8.13
LOC100996543	LOC100996543
OTTHUMG00000161590;RP11-6L6.4	OTTHUMG00000161590;RP11-6L6.4
OTTHUMG00000164555;RP11-115I9.1	OTTHUMG00000164555;RP11-115I9.1
AC008154.5;OTTHUMG00000155590	AC008154.5;OTTHUMG00000155590
EDN1	EDN1
OTTHUMG00000161336;RP11-455G16.1	OTTHUMG00000161336;RP11-455G16.1
SIK2	SIK2
OTTHUMG00000156380;RP11-340I6.1	OTTHUMG00000156380;RP11-340I6.1
TMEM176A	TMEM176A
LOC100133920;LOC286297;OTTHUMG00000067266;RP11-381O7.3	LOC100133920;LOC286297;OTTHUMG00000067266;RP11-381O7.3
OTTHUMG00000163190;RP11-91H12.2	OTTHUMG00000163190;RP11-91H12.2
RNA5SP239	RNA5SP239
BCL11B	BCL11B
DIMT1	DIMT1
RNA5SP204	RNA5SP204
UBXN7-AS1	UBXN7-AS1
IQCF5	IQCF5
AC133785.1;OTTHUMG00000154066	AC133785.1;OTTHUMG00000154066
LOC285441;OTTHUMG00000160319;RP11-215A19.1	LOC285441;OTTHUMG00000160319;RP11-215A19.1
C10orf85	C10orf85
SGCG	SGCG
MIR1283-1	MIR1283-1
LOC100190940	LOC100190940
OTTHUMG00000016460;RP11-38M15.11	OTTHUMG00000016460;RP11-38M15.11
OGN	OGN
PRKAB1	PRKAB1
OTTHUMG00000017897;RP11-253D19.2	OTTHUMG00000017897;RP11-253D19.2
OR5A2	OR5A2
SLC15A1	SLC15A1
C7orf23;TMEM243	C7orf23;TMEM243
ZNF696	ZNF696
RHBG	RHBG
MYH3	MYH3
AC003985.1;OTTHUMG00000152596	AC003985.1;OTTHUMG00000152596
MOGAT2	MOGAT2
AC009478.1;OTTHUMG00000154248	AC009478.1;OTTHUMG00000154248
FAM25A;FAM25B;FAM25C;FAM25G	FAM25A;FAM25B;FAM25C;FAM25G
RNA5SP214	RNA5SP214
FNDC9	FNDC9
OTTHUMG00000162609;RP11-348J24.2	OTTHUMG00000162609;RP11-348J24.2
OTTHUMG00000164243;RP11-401H2.1	OTTHUMG00000164243;RP11-401H2.1
IGKV1D-16	IGKV1D-16
LL22NC01-81G9.3;LOC100506241;OTTHUMG00000150539	LL22NC01-81G9.3;LOC100506241;OTTHUMG00000150539
ANKRD45	ANKRD45
WDFY1	WDFY1
DPPA5	DPPA5
LOC441461	LOC441461
CTD-2066L21.2;OTTHUMG00000162005	CTD-2066L21.2;OTTHUMG00000162005
MKLN1	MKLN1
MIR4763;MIRLET7A3;MIRLET7B;MIRLET7BHG;OTTHUMG00000150446;RP4-695O20__B.10;hsa-let-7a-3;hsa-let-7b;hsa-mir-4763	MIR4763;MIRLET7A3;MIRLET7B;MIRLET7BHG;OTTHUMG00000150446;RP4-695O20__B.10;hsa-let-7a-3;hsa-let-7b;hsa-mir-4763
RN7SKP2	RN7SKP2
TMEM117	TMEM117
FKBP11	FKBP11
TDRD10	TDRD10
CXXC11	CXXC11
AP001619.3;OTTHUMG00000086778	AP001619.3;OTTHUMG00000086778
DDX47	DDX47
OTTHUMG00000163010;RP11-508M8.1	OTTHUMG00000163010;RP11-508M8.1
HTRA2	HTRA2
OTTHUMG00000009772;RP11-413G15.1	OTTHUMG00000009772;RP11-413G15.1
HOMER1	HOMER1
AC006277.2;OTTHUMG00000164508	AC006277.2;OTTHUMG00000164508
C10orf129	C10orf129
ACTN2	ACTN2
HLA-A	HLA-A
MIR3178	MIR3178
IMPG1	IMPG1
VCP	VCP
AC019118.3;OTTHUMG00000151429	AC019118.3;OTTHUMG00000151429
SNORD4B	SNORD4B
IL1R2	IL1R2
SEBOX;VTN	SEBOX;VTN
OTTHUMG00000140107;XXbac-BPG254F23.5	OTTHUMG00000140107;XXbac-BPG254F23.5
CTB-1I21.1;OTTHUMG00000163215	CTB-1I21.1;OTTHUMG00000163215
OTTHUMG00000003394;RP4-752I6.1	OTTHUMG00000003394;RP4-752I6.1
LOC284751;OTTHUMG00000032719;RP11-290F20.1	LOC284751;OTTHUMG00000032719;RP11-290F20.1
ZNF777	ZNF777
TAS2R9	TAS2R9
MIR588	MIR588
VWA7	VWA7
ZNF497	ZNF497
SLC25A16	SLC25A16
LRRC37A5P	LRRC37A5P
HSD17B1	HSD17B1
ASB14	ASB14
LOC339529;OTTHUMG00000040014;RP11-278H7.1	LOC339529;OTTHUMG00000040014;RP11-278H7.1
KY	KY
MMP28	MMP28
SLC2A9	SLC2A9
MIR3684	MIR3684
AC009158.1;OTTHUMG00000060108	AC009158.1;OTTHUMG00000060108
TGM7	TGM7
CCDC120	CCDC120
IKBIP	IKBIP
OS9	OS9
RNA5SP122	RNA5SP122
RNA5SP70	RNA5SP70
OTTHUMG00000034433;RP11-102C16.3	OTTHUMG00000034433;RP11-102C16.3
MIR521-1	MIR521-1
OTTHUMG00000034588;RP11-375F2.2	OTTHUMG00000034588;RP11-375F2.2
AC114783.1;LOC339760;OTTHUMG00000153376	AC114783.1;LOC339760;OTTHUMG00000153376
LOC91450	LOC91450
EXOSC6	EXOSC6
ARAP1-AS2	ARAP1-AS2
ANK1	ANK1
TARDBP	TARDBP
DIRC1	DIRC1
SKINTL	SKINTL
ARSH	ARSH
RNA5SP158	RNA5SP158
TRPV3	TRPV3
PDLIM4	PDLIM4
NDUFAF2	NDUFAF2
OTTHUMG00000162376;RP11-1250I15.1	OTTHUMG00000162376;RP11-1250I15.1
MIR548T	MIR548T
CMKLR1	CMKLR1
HLA-DMB	HLA-DMB
THBS4	THBS4
SERPINI2	SERPINI2
CTRC	CTRC
AP000233.4;OTTHUMG00000078325	AP000233.4;OTTHUMG00000078325
TRIM40	TRIM40
ELAVL3	ELAVL3
PIP	PIP
LINC00350	LINC00350
FBXL4	FBXL4
NOL7	NOL7
SULT1A1	SULT1A1
MIR586	MIR586
OTTHUMG00000016092;XX-C2158C6.3	OTTHUMG00000016092;XX-C2158C6.3
DGKQ	DGKQ
GRK1	GRK1
RNA5SP516	RNA5SP516
ULK4P1;ULK4P2	ULK4P1;ULK4P2
CCL14;CCL15;CCL15-CCL14	CCL14;CCL15;CCL15-CCL14
IMPDH1	IMPDH1
PGA4;PGA5	PGA4;PGA5
TXNDC16	TXNDC16
BRWD3	BRWD3
AC092484.1;OTTHUMG00000153709	AC092484.1;OTTHUMG00000153709
FGD5P1	FGD5P1
CXCL1	CXCL1
SNORD105	SNORD105
SLC7A7	SLC7A7
MIR4708	MIR4708
RNA5SP134	RNA5SP134
TRIP10	TRIP10
WDFY2-AS1	WDFY2-AS1
RPS4XP21	RPS4XP21
OGFRL1	OGFRL1
LOC100505549	LOC100505549
LOC100506664;OTTHUMG00000157154;RP11-807H17.1	LOC100506664;OTTHUMG00000157154;RP11-807H17.1
LOC100499183;OTTHUMG00000164798;RP11-318M2.2	LOC100499183;OTTHUMG00000164798;RP11-318M2.2
NAGPA	NAGPA
LARP4	LARP4
RXRA	RXRA
RNA5SP213	RNA5SP213
CDK5RAP3	CDK5RAP3
MGC27345	MGC27345
OTTHUMG00000160365;RP11-619J20.1	OTTHUMG00000160365;RP11-619J20.1
ANKRD50	ANKRD50
VGF	VGF
CPA5	CPA5
B3GAT3	B3GAT3
OTTHUMG00000014826;RP3-417L20.4	OTTHUMG00000014826;RP3-417L20.4
ZNF629	ZNF629
AZI2	AZI2
PMCHL1	PMCHL1
OR2H1	OR2H1
OR2H1	OR2H1
CCDC28B	CCDC28B
SLC30A10	SLC30A10
AC105339.1;LOC338963;OTTHUMG00000154948	AC105339.1;LOC338963;OTTHUMG00000154948
CLEC2L	CLEC2L
AC005162.5;OTTHUMG00000152858	AC005162.5;OTTHUMG00000152858
MIR3692	MIR3692
COQ4	COQ4
OTTHUMG00000032064;RP3-322G13.7	OTTHUMG00000032064;RP3-322G13.7
USP38	USP38
CHTF18	CHTF18
OTTHUMG00000150912;RP3-438O4.4	OTTHUMG00000150912;RP3-438O4.4
OTTHUMG00000163891;RP11-421P23.2	OTTHUMG00000163891;RP11-421P23.2
OTTHUMG00000020654;RP11-10J18.3	OTTHUMG00000020654;RP11-10J18.3
OTTHUMG00000160611;RP11-545H22.1	OTTHUMG00000160611;RP11-545H22.1
OTTHUMG00000008380;RP4-657D16.3	OTTHUMG00000008380;RP4-657D16.3
CYP11B2	CYP11B2
NDN	NDN
PPARG	PPARG
LOC100132055;LOC100996442;LOC100996554;OTTHUMG00000002480;RP11-34P13.13	LOC100132055;LOC100996442;LOC100996554;OTTHUMG00000002480;RP11-34P13.13
HLA-DQB1;LOC101060835;OTTHUMG00000140104;XXbac-BPG254F23.6	HLA-DQB1;LOC101060835;OTTHUMG00000140104;XXbac-BPG254F23.6
MSR1	MSR1
LOC100505545;OTTHUMG00000161439;RP11-6L6.3	LOC100505545;OTTHUMG00000161439;RP11-6L6.3
ADH1B	ADH1B
BCORP1	BCORP1
OR56A5	OR56A5
OTTHUMG00000015667;RP11-240M16.1	OTTHUMG00000015667;RP11-240M16.1
DNAJA1P5	DNAJA1P5
YARS	YARS
RBMY1A3P	RBMY1A3P
VIL1	VIL1
AC091814.2;OTTHUMG00000140394	AC091814.2;OTTHUMG00000140394
OTTHUMG00000014230;RP1-290I10.3	OTTHUMG00000014230;RP1-290I10.3
LOC100288198	LOC100288198
OTTHUMG00000017549;RP11-446F3.2	OTTHUMG00000017549;RP11-446F3.2
OTTHUMG00000165084;RP11-539E17.5	OTTHUMG00000165084;RP11-539E17.5
RGL2	RGL2
MIR1208	MIR1208
BARHL2	BARHL2
CDC40;OTTHUMG00000015355;RP11-315C6.3	CDC40;OTTHUMG00000015355;RP11-315C6.3
LINC00278	LINC00278
GPLD1	GPLD1
PSMD9	PSMD9
OTTHUMG00000017032;RP11-223F20.2	OTTHUMG00000017032;RP11-223F20.2
NPTX2	NPTX2
ZSWIM7	ZSWIM7
AC016716.2;OTTHUMG00000152926	AC016716.2;OTTHUMG00000152926
CCT8L2	CCT8L2
TRMT61A	TRMT61A
OTTHUMG00000157240;RP5-1142J19.1	OTTHUMG00000157240;RP5-1142J19.1
MIR4256	MIR4256
OTTHUMG00000161052;RP11-556I14.2	OTTHUMG00000161052;RP11-556I14.2
OTTHUMG00000009610;RP4-650F12.2	OTTHUMG00000009610;RP4-650F12.2
SMPX	SMPX
OR5L1	OR5L1
FAM180A	FAM180A
PSG11	PSG11
TFCP2L1	TFCP2L1
CTD-2081C10.1;OTTHUMG00000162282	CTD-2081C10.1;OTTHUMG00000162282
LIPJ	LIPJ
C2orf73	C2orf73
OTTHUMG00000163621;RP11-152K4.2	OTTHUMG00000163621;RP11-152K4.2
OR5F1	OR5F1
TRIM72	TRIM72
WASF2	WASF2
MCCD1	MCCD1
MCCD1	MCCD1
MCCD1	MCCD1
OTTHUMG00000164351;RP11-787D18.1	OTTHUMG00000164351;RP11-787D18.1
MCCD1	MCCD1
AF064858.6;FLJ45139;OTTHUMG00000066036	AF064858.6;FLJ45139;OTTHUMG00000066036
MIR1226	MIR1226
LOC100507291;OTTHUMG00000159955;RP11-319G6.1	LOC100507291;OTTHUMG00000159955;RP11-319G6.1
MIR2113	MIR2113
CCDC39-AS1	CCDC39-AS1
EXOC3L2	EXOC3L2
LINC00333	LINC00333
PLEKHG7	PLEKHG7
NME3	NME3
PRO0611	PRO0611
LOC286094;OTTHUMG00000164328;RP11-452N4.1	LOC286094;OTTHUMG00000164328;RP11-452N4.1
UNC93B1	UNC93B1
CDCA5	CDCA5
OTTHUMG00000018230;RP11-50E11.3	OTTHUMG00000018230;RP11-50E11.3
C20orf195	C20orf195
TBL1X	TBL1X
KB-1980E6.3;OTTHUMG00000164777	KB-1980E6.3;OTTHUMG00000164777
TTC22	TTC22
WWTR1-AS1	WWTR1-AS1
IRX6	IRX6
OR4C3	OR4C3
OTTHUMG00000162234;RP11-159F24.6	OTTHUMG00000162234;RP11-159F24.6
KRTAP9-6	KRTAP9-6
AC010468.2;OTTHUMG00000162847	AC010468.2;OTTHUMG00000162847
CTD-2308B18.3;OTTHUMG00000162996	CTD-2308B18.3;OTTHUMG00000162996
LINC00616	LINC00616
OTTHUMG00000165079;RP11-557C18.3	OTTHUMG00000165079;RP11-557C18.3
AC010745.3;OTTHUMG00000151749	AC010745.3;OTTHUMG00000151749
KCNIP1	KCNIP1
MIR4711	MIR4711
AC009487.4;OTTHUMG00000153883	AC009487.4;OTTHUMG00000153883
PPP1R2	PPP1R2
LRP5	LRP5
SECTM1	SECTM1
MAP3K14	MAP3K14
DNAJB8-AS1	DNAJB8-AS1
SNORD91A	SNORD91A
OTTHUMG00000020472;PTPN3;RP11-18A3.4	OTTHUMG00000020472;PTPN3;RP11-18A3.4
DDX28	DDX28
LOC100506384;OTTHUMG00000137388;RP4-719C8.1	LOC100506384;OTTHUMG00000137388;RP4-719C8.1
TRIM40	TRIM40
CACNA1G	CACNA1G
IQCD	IQCD
LCE2D	LCE2D
ARHGEF26-AS1	ARHGEF26-AS1
MIR4258	MIR4258
SLC2A6	SLC2A6
AL163953.2;OTTHUMG00000133689	AL163953.2;OTTHUMG00000133689
AP2A1	AP2A1
HCG9	HCG9
KRTAP13-2	KRTAP13-2
C10orf32	C10orf32
RALGDS	RALGDS
OXSR1	OXSR1
SIX2	SIX2
AC007391.2;OTTHUMG00000152509	AC007391.2;OTTHUMG00000152509
LOC646626;OTTHUMG00000010579;RP11-131L23.1	LOC646626;OTTHUMG00000010579;RP11-131L23.1
CHRD	CHRD
HLA-AS1	HLA-AS1
PJA1	PJA1
LOC100505664;OTTHUMG00000032057;RP4-737E23.2	LOC100505664;OTTHUMG00000032057;RP4-737E23.2
MCF2L	MCF2L
IGBP1-AS1	IGBP1-AS1
C1orf147	C1orf147
GNA11	GNA11
MIR4315-1;MIR4315-2;PLEKHM1	MIR4315-1;MIR4315-2;PLEKHM1
VAV2	VAV2
OR51Q1	OR51Q1
AA06	AA06
OTTHUMG00000021207;RAI2;RP3-389A20.4	OTTHUMG00000021207;RAI2;RP3-389A20.4
MUC6	MUC6
IL19	IL19
KIR3DX1	KIR3DX1
FAM82A1;RMDN2	FAM82A1;RMDN2
LRG1	LRG1
OTTHUMG00000031529;TIGD1L	OTTHUMG00000031529;TIGD1L
CABP1	CABP1
PRDM2	PRDM2
AC010872.2;OTTHUMG00000151795;TDRD15	AC010872.2;OTTHUMG00000151795;TDRD15
ZYG11B	ZYG11B
CENPVP1;CENPVP2	CENPVP1;CENPVP2
SPIN2A	SPIN2A
INHBA-AS1	INHBA-AS1
NEK8	NEK8
DUSP5P1	DUSP5P1
ING4	ING4
FXR2	FXR2
PCDHB19P	PCDHB19P
TAPBPL	TAPBPL
OTTHUMG00000160797;RP11-798M19.3	OTTHUMG00000160797;RP11-798M19.3
STARD6	STARD6
OTTHUMG00000151675;U51244.2	OTTHUMG00000151675;U51244.2
AC007285.6;OTTHUMG00000152760	AC007285.6;OTTHUMG00000152760
OTTHUMG00000014085;RP11-495P10.1	OTTHUMG00000014085;RP11-495P10.1
HSD11B2	HSD11B2
PRB2	PRB2
HSPA7	HSPA7
HLA-DMB	HLA-DMB
TRAV38-1	TRAV38-1
APOE	APOE
NUPL1	NUPL1
AC093415.2;OTTHUMG00000155924	AC093415.2;OTTHUMG00000155924
MIR101-1	MIR101-1
POLG2	POLG2
OTUD6B	OTUD6B
OTTHUMG00000162608;RP11-348J24.1	OTTHUMG00000162608;RP11-348J24.1
HHIP-AS1	HHIP-AS1
AC007277.3;OTTHUMG00000154056	AC007277.3;OTTHUMG00000154056
DLEU7	DLEU7
ADAM18	ADAM18
TRBV6-5	TRBV6-5
AC004448.2;OTTHUMG00000059602	AC004448.2;OTTHUMG00000059602
MIR501	MIR501
OTTHUMG00000019527;RP11-390F4.10	OTTHUMG00000019527;RP11-390F4.10
OR2AG1	OR2AG1
AC107072.2;OTTHUMG00000130102	AC107072.2;OTTHUMG00000130102
EHF	EHF
AC096669.3;OTTHUMG00000153209	AC096669.3;OTTHUMG00000153209
C8orf69;KB-1047C11.1;OTTHUMG00000164662	C8orf69;KB-1047C11.1;OTTHUMG00000164662
BTNL8	BTNL8
TSHZ1	TSHZ1
HTR3C	HTR3C
AKNA;OTTHUMG00000020540;RP11-9M16.2	AKNA;OTTHUMG00000020540;RP11-9M16.2
TBATA	TBATA
OTTHUMG00000156619;RP11-48F14.2	OTTHUMG00000156619;RP11-48F14.2
TMEM74B	TMEM74B
LINC00635	LINC00635
OTTHUMG00000158749;RP11-550I24.2	OTTHUMG00000158749;RP11-550I24.2
OTTHUMG00000151204;RP3-412A9.10	OTTHUMG00000151204;RP3-412A9.10
OTTHUMG00000032803;RP5-843L14.1	OTTHUMG00000032803;RP5-843L14.1
SLC15A5	SLC15A5
DNAH8	DNAH8
CCL23	CCL23
NTN1	NTN1
HOXA10	HOXA10
CTD-2066L21.3;OTTHUMG00000162006	CTD-2066L21.3;OTTHUMG00000162006
CTD-2308B18.2;OTTHUMG00000162993	CTD-2308B18.2;OTTHUMG00000162993
KRTAP10-3	KRTAP10-3
OTTHUMG00000148948;XXbac-BPG27H4.8	OTTHUMG00000148948;XXbac-BPG27H4.8
OTTHUMG00000160932;RP11-79P5.2	OTTHUMG00000160932;RP11-79P5.2
OAS3	OAS3
AC012613.2;OTTHUMG00000163434;OTTHUMG00000163504;RP11-331K21.1	AC012613.2;OTTHUMG00000163434;OTTHUMG00000163504;RP11-331K21.1
DCAF8L1	DCAF8L1
HSPA1A;HSPA1B	HSPA1A;HSPA1B
CTD-2014D20.1;OTTHUMG00000164255	CTD-2014D20.1;OTTHUMG00000164255
MIR370	MIR370
ADAM28	ADAM28
OTTHUMG00000164903;RP11-211F2.1	OTTHUMG00000164903;RP11-211F2.1
ZFP36L1	ZFP36L1
ASB13	ASB13
AC010096.2;OTTHUMG00000151774	AC010096.2;OTTHUMG00000151774
TRBV10-1	TRBV10-1
DPYS;KB-1552D7.2;OTTHUMG00000164889	DPYS;KB-1552D7.2;OTTHUMG00000164889
ANO1-AS1	ANO1-AS1
RELB	RELB
LZTS2	LZTS2
OTTHUMG00000018457;RP11-152N13.12	OTTHUMG00000018457;RP11-152N13.12
OTTHUMG00000037131;RP11-15I11.2	OTTHUMG00000037131;RP11-15I11.2
CARD9	CARD9
KRTAP10-7	KRTAP10-7
AC142528.1;OTTHUMG00000151471	AC142528.1;OTTHUMG00000151471
TRIM39	TRIM39
TRIM39	TRIM39
TRIM39	TRIM39
TRIM39	TRIM39
NUDT16L1	NUDT16L1
AMHR2	AMHR2
OR7E14P	OR7E14P
ATF2	ATF2
RNF32	RNF32
NAT10	NAT10
AP3M2	AP3M2
LSAMP-AS2	LSAMP-AS2
MRPL33	MRPL33
MIR601	MIR601
MIR561	MIR561
LOC100996904;ZDHHC11	LOC100996904;ZDHHC11
ACPP	ACPP
AF165138.7;LOC388813;OTTHUMG00000074315	AF165138.7;LOC388813;OTTHUMG00000074315
PPP4R1L	PPP4R1L
CNIH	CNIH
DRAM1	DRAM1
RNA5SP480	RNA5SP480
OTTHUMG00000163814;RP11-489E7.1	OTTHUMG00000163814;RP11-489E7.1
SLAMF8	SLAMF8
CXCL6	CXCL6
LOC100130987	LOC100130987
HTR3E-AS1	HTR3E-AS1
UBE2D2	UBE2D2
ALPI	ALPI
OTTHUMG00000018660;RP11-96C23.9	OTTHUMG00000018660;RP11-96C23.9
OTTHUMG00000161813;RP11-717H13.1	OTTHUMG00000161813;RP11-717H13.1
PIP4K2C	PIP4K2C
C3orf43	C3orf43
OTTHUMG00000021722;RP11-368D24__A.1	OTTHUMG00000021722;RP11-368D24__A.1
AC002064.7;OTTHUMG00000065234	AC002064.7;OTTHUMG00000065234
TPO	TPO
TEX12	TEX12
LOC284009	LOC284009
OTTHUMG00000017608;RP11-536K7.5	OTTHUMG00000017608;RP11-536K7.5
CTD-2143L24.1;LOC285692;OTTHUMG00000161688	CTD-2143L24.1;LOC285692;OTTHUMG00000161688
OTTHUMG00000164521;RP11-531A24.3	OTTHUMG00000164521;RP11-531A24.3
DACH2	DACH2
TRIM39	TRIM39
MIR4314	MIR4314
AF011889.4;AF011889.5;AF011889.6;LINC00893;OTTHUMG00000022617;OTTHUMG00000022618;OTTHUMG00000022619	AF011889.4;AF011889.5;AF011889.6;LINC00893;OTTHUMG00000022617;OTTHUMG00000022618;OTTHUMG00000022619
OTTHUMG00000002292;RP1-37C10.3	OTTHUMG00000002292;RP1-37C10.3
APC2	APC2
POU6F2-AS2	POU6F2-AS2
TFAMP1	TFAMP1
AC005276.1;OTTHUMG00000157151	AC005276.1;OTTHUMG00000157151
SSUH2	SSUH2
AC008278.3;OTTHUMG00000151727	AC008278.3;OTTHUMG00000151727
FGR	FGR
AC073343.13;OTTHUMG00000152372	AC073343.13;OTTHUMG00000152372
OTTHUMG00000032515;RP5-1030M6.3	OTTHUMG00000032515;RP5-1030M6.3
OTTHUMG00000159760;RP11-200A1.1	OTTHUMG00000159760;RP11-200A1.1
PLSCR5-AS1	PLSCR5-AS1
AP000266.7;OTTHUMG00000085304	AP000266.7;OTTHUMG00000085304
TUSC3	TUSC3
GABRB2	GABRB2
MIR487B	MIR487B
FLJ35024;OTTHUMG00000019448;RP11-125B21.2	FLJ35024;OTTHUMG00000019448;RP11-125B21.2
ISM2	ISM2
AP001625.6;OTTHUMG00000086815	AP001625.6;OTTHUMG00000086815
ADIG	ADIG
MSRA	MSRA
CTC-458G6.4;OTTHUMG00000162672	CTC-458G6.4;OTTHUMG00000162672
PRTN3	PRTN3
OTTHUMG00000031831;RP11-199O14.1	OTTHUMG00000031831;RP11-199O14.1
RNA5SP52	RNA5SP52
OTTHUMG00000015252;RP1-104O17.3	OTTHUMG00000015252;RP1-104O17.3
KRT3	KRT3
LOC100293962	LOC100293962
HCG22	HCG22
ABCB4	ABCB4
DDOST;PINK1-AS	DDOST;PINK1-AS
LZTS1-AS1;RNA5SP257	LZTS1-AS1;RNA5SP257
AC074389.7;OTTHUMG00000151492	AC074389.7;OTTHUMG00000151492
CTA-392C11.2;OTTHUMG00000164048	CTA-392C11.2;OTTHUMG00000164048
IFI27L2	IFI27L2
AC022431.2;OTTHUMG00000059482	AC022431.2;OTTHUMG00000059482
NDUFAF3	NDUFAF3
RNF186	RNF186
LOC339442;OTTHUMG00000000479;RP11-214L19.1	LOC339442;OTTHUMG00000000479;RP11-214L19.1
ACSM1	ACSM1
PHF19	PHF19
EFNB1	EFNB1
WDR88	WDR88
RANBP1	RANBP1
RNA5SP152	RNA5SP152
BTNL3	BTNL3
CTD-2320G14.2;OTTHUMG00000164510	CTD-2320G14.2;OTTHUMG00000164510
OTTHUMG00000163251;RP11-436H11.4	OTTHUMG00000163251;RP11-436H11.4
OR6Y1	OR6Y1
OTTHUMG00000160991;RP11-297P16.3	OTTHUMG00000160991;RP11-297P16.3
LOC158435;OTTHUMG00000020291;RP11-569G13.2	LOC158435;OTTHUMG00000020291;RP11-569G13.2
CTD-2015A6.1;OTTHUMG00000162772	CTD-2015A6.1;OTTHUMG00000162772
CYorf17	CYorf17
LSM11	LSM11
OR6S1	OR6S1
LCE3B	LCE3B
TRIM39;TRIM39-RPP21	TRIM39;TRIM39-RPP21
ALDH1L2	ALDH1L2
OTTHUMG00000000721;RP3-395M20.3	OTTHUMG00000000721;RP3-395M20.3
OTTHUMG00000036999;RP11-354K1.1	OTTHUMG00000036999;RP11-354K1.1
LOC400553	LOC400553
TLN1	TLN1
AC104654.2;OTTHUMG00000152505	AC104654.2;OTTHUMG00000152505
AP001631.9;OTTHUMG00000086845	AP001631.9;OTTHUMG00000086845
FAM47C	FAM47C
RAB42	RAB42
TLX1	TLX1
OTTHUMG00000158284;RP11-576M8.2	OTTHUMG00000158284;RP11-576M8.2
MYL9	MYL9
KCNS2	KCNS2
OTTHUMG00000151272;RP5-821D11.7	OTTHUMG00000151272;RP5-821D11.7
OTTHUMG00000034564;RP11-306I1.2	OTTHUMG00000034564;RP11-306I1.2
SPEM1	SPEM1
OTTHUMG00000159367;RP11-197K3.1	OTTHUMG00000159367;RP11-197K3.1
LOC100288846	LOC100288846
AC091705.1;OTTHUMG00000152593	AC091705.1;OTTHUMG00000152593
OTTHUMG00000000731;RP13-614K11.2	OTTHUMG00000000731;RP13-614K11.2
ZXDB	ZXDB
OR13D1	OR13D1
LINC00326	LINC00326
OTTHUMG00000160257;RP11-552M14.1	OTTHUMG00000160257;RP11-552M14.1
SPINK6	SPINK6
DGCR9	DGCR9
CTB-3M24.1;OTTHUMG00000162726	CTB-3M24.1;OTTHUMG00000162726
OTTHUMG00000015715;RP1-67K17.3	OTTHUMG00000015715;RP1-67K17.3
AC093627.11;OTTHUMG00000151402	AC093627.11;OTTHUMG00000151402
CATSPER1	CATSPER1
DEFB109P1	DEFB109P1
TTTY1;TTTY1B	TTTY1;TTTY1B
ANGPTL5	ANGPTL5
LRFN2	LRFN2
OTTHUMG00000032926;RP11-93B14.6	OTTHUMG00000032926;RP11-93B14.6
CYHR1	CYHR1
OTTHUMG00000020483;RP11-410K21.2	OTTHUMG00000020483;RP11-410K21.2
SGCB	SGCB
AKR1C6P	AKR1C6P
MBOAT1	MBOAT1
OTTHUMG00000015714;RP1-67K17.4	OTTHUMG00000015714;RP1-67K17.4
SWT1	SWT1
OTTHUMG00000001777;RP4-633I8.4	OTTHUMG00000001777;RP4-633I8.4
MIR4478	MIR4478
OTTHUMG00000162042;RP11-577B7.1	OTTHUMG00000162042;RP11-577B7.1
C18orf42	C18orf42
UBL4A	UBL4A
B3GNT3	B3GNT3
CTC-461F20.1;OTTHUMG00000161823	CTC-461F20.1;OTTHUMG00000161823
LDB1	LDB1
FILIP1L	FILIP1L
MPRIP-AS1	MPRIP-AS1
AXL	AXL
OTTHUMG00000162053;RP11-1C1.7	OTTHUMG00000162053;RP11-1C1.7
HLA-DMB	HLA-DMB
IL34	IL34
FAM198B	FAM198B
MAN2B2	MAN2B2
XXYLT1-AS2	XXYLT1-AS2
OTTHUMG00000160217;RP11-586D19.2	OTTHUMG00000160217;RP11-586D19.2
CLEC14A	CLEC14A
USP17L6P	USP17L6P
ODF3	ODF3
ITGA2	ITGA2
MIR548E	MIR548E
THEG5	THEG5
OR10H3	OR10H3
KCNJ5	KCNJ5
GREB1	GREB1
OTTHUMG00000164042;RP11-90P5.5	OTTHUMG00000164042;RP11-90P5.5
C10orf67	C10orf67
LRRC55	LRRC55
GRM7;LOC100996542	GRM7;LOC100996542
MAP1LC3A	MAP1LC3A
C12orf54	C12orf54
C9orf78	C9orf78
AC012668.1;OTTHUMG00000154836	AC012668.1;OTTHUMG00000154836
FIG4	FIG4
PRSS45	PRSS45
OTTHUMG00000161022;RP11-15B17.1	OTTHUMG00000161022;RP11-15B17.1
XPR1	XPR1
RNU5F-1	RNU5F-1
OTTHUMG00000159088;RP11-774I5.1	OTTHUMG00000159088;RP11-774I5.1
MYH4	MYH4
KCNMB2	KCNMB2
CBFA2T2	CBFA2T2
BRD2	BRD2
RNA5-8SP3	RNA5-8SP3
DOK4	DOK4
CCL16	CCL16
LL22NC03-13G6.2;OTTHUMG00000150930	LL22NC03-13G6.2;OTTHUMG00000150930
DLX1	DLX1
CABP5	CABP5
MIR708	MIR708
MNAT1	MNAT1
SH3BP5	SH3BP5
AREG;AREGB	AREG;AREGB
SNX29P1	SNX29P1
CAMK2N1	CAMK2N1
SYT10	SYT10
PRKAR1B	PRKAR1B
PDGFB	PDGFB
TUBA8	TUBA8
C16orf53;OTTHUMG00000177143;PAGR1	C16orf53;OTTHUMG00000177143;PAGR1
AMN1	AMN1
ZNF223	ZNF223
OTTHUMG00000037946;RP5-827C21.4	OTTHUMG00000037946;RP5-827C21.4
ZBTB20-AS2	ZBTB20-AS2
ZNF488	ZNF488
LOC100507477;OTTHUMG00000015699;RP3-332B22.1	LOC100507477;OTTHUMG00000015699;RP3-332B22.1
RNU5E-10P	RNU5E-10P
OTTHUMG00000015922;RP1-111C20.3	OTTHUMG00000015922;RP1-111C20.3
LINC00663	LINC00663
RNA5SP233	RNA5SP233
OTTHUMG00000020246;RP11-165J3.6	OTTHUMG00000020246;RP11-165J3.6
BRD2	BRD2
TTTY19	TTTY19
MIR4764	MIR4764
PXDNL	PXDNL
MAPK11	MAPK11
YTHDC1	YTHDC1
OTTHUMG00000165050;RP11-89M16.1	OTTHUMG00000165050;RP11-89M16.1
ZNF252P-AS1	ZNF252P-AS1
MIR4290	MIR4290
CEP192	CEP192
HBD	HBD
TPMT	TPMT
SLC26A3	SLC26A3
PATE1	PATE1
PACSIN3	PACSIN3
LINC00656	LINC00656
OTC	OTC
ZNF792	ZNF792
OTTHUMG00000021533;RP11-348F1.3	OTTHUMG00000021533;RP11-348F1.3
CRYM-AS1	CRYM-AS1
PARP16	PARP16
AJ006995.3;OTTHUMG00000074159	AJ006995.3;OTTHUMG00000074159
RTP3	RTP3
CTC-338M12.2;OTTHUMG00000162379	CTC-338M12.2;OTTHUMG00000162379
FGF12	FGF12
GXYLT1	GXYLT1
MIR1261	MIR1261
LOC100505875;OTTHUMG00000160858;RP11-438E5.1	LOC100505875;OTTHUMG00000160858;RP11-438E5.1
OR2A14	OR2A14
LDOC1L	LDOC1L
KIAA1949;OTTHUMG00000149220;PPP1R18	KIAA1949;OTTHUMG00000149220;PPP1R18
KIAA1949;OTTHUMG00000149456;PPP1R18	KIAA1949;OTTHUMG00000149456;PPP1R18
PPP1R21	PPP1R21
TRGV2	TRGV2
DUX2;DUX4;DUX4L2	DUX2;DUX4;DUX4L2
DUX2;DUX4;DUX4L2	DUX2;DUX4;DUX4L2
DUX2;DUX4;DUX4L2	DUX2;DUX4;DUX4L2
DUX2;DUX4;DUX4L2	DUX2;DUX4;DUX4L2
DUX2;DUX4;DUX4L2	DUX2;DUX4;DUX4L2
DUX2;DUX4L2	DUX2;DUX4L2
DUX2;DUX4;DUX4L2	DUX2;DUX4;DUX4L2
MIR573	MIR573
TMSB10	TMSB10
OTTHUMG00000019095;RP11-383C6.2	OTTHUMG00000019095;RP11-383C6.2
AL583842.3;OTTHUMG00000013379	AL583842.3;OTTHUMG00000013379
LSM10	LSM10
GPC6	GPC6
IPO11;LRRC70	IPO11;LRRC70
GABARAPL3	GABARAPL3
TM9SF4	TM9SF4
MED15	MED15
OTTHUMG00000164397;RP11-573J24.1	OTTHUMG00000164397;RP11-573J24.1
POU4F3;RBM27	POU4F3;RBM27
AC114803.3;OTTHUMG00000154505	AC114803.3;OTTHUMG00000154505
STK32C	STK32C
MUC22;OTTHUMG00000148936;XXbac-BPG118E17.9	MUC22;OTTHUMG00000148936;XXbac-BPG118E17.9
DKFZp434L192	DKFZp434L192
TUT1	TUT1
HLA-DMB	HLA-DMB
CCSAP	CCSAP
KRT26	KRT26
NXF1	NXF1
CD3D	CD3D
CTD-2021J15.1;OTTHUMG00000159061	CTD-2021J15.1;OTTHUMG00000159061
ITGAE	ITGAE
KIF3C	KIF3C
OTTHUMG00000037767;RP11-452F19.3	OTTHUMG00000037767;RP11-452F19.3
CTD-2297D10.1;OTTHUMG00000161665	CTD-2297D10.1;OTTHUMG00000161665
LPPR3;OTTHUMG00000164523	LPPR3;OTTHUMG00000164523
SPANXD;SPANXE	SPANXD;SPANXE
MIR4767	MIR4767
LOC100506091;OTTHUMG00000014223;RP11-203H2.2	LOC100506091;OTTHUMG00000014223;RP11-203H2.2
HVCN1	HVCN1
CERCAM;LOC100506065	CERCAM;LOC100506065
MIR4261	MIR4261
MIR3184;MIR423;NSRP1	MIR3184;MIR423;NSRP1
RIC8A	RIC8A
GJB2	GJB2
KCNU1	KCNU1
RNF207	RNF207
TRIM40	TRIM40
OTTHUMG00000164859;RP11-642D21.2	OTTHUMG00000164859;RP11-642D21.2
OTTHUMG00000032885;RP5-827L5.2	OTTHUMG00000032885;RP5-827L5.2
PLGLA	PLGLA
CCNI	CCNI
ZCCHC11	ZCCHC11
C6orf62	C6orf62
KCNIP3	KCNIP3
PARD3-AS1	PARD3-AS1
OTTHUMG00000018194;RP11-123B3.2	OTTHUMG00000018194;RP11-123B3.2
AC000068.5;OTTHUMG00000150135	AC000068.5;OTTHUMG00000150135
LINC00276	LINC00276
PPFIA2	PPFIA2
OTTHUMG00000163795;RP11-486M23.1	OTTHUMG00000163795;RP11-486M23.1
TMIE	TMIE
ATP2C2	ATP2C2
AC073628.1;OTTHUMG00000152845	AC073628.1;OTTHUMG00000152845
AC091633.3;OTTHUMG00000155888	AC091633.3;OTTHUMG00000155888
DISP1	DISP1
DAZ3;DAZ4	DAZ3;DAZ4
RNA5SP54	RNA5SP54
HNF1A-AS1	HNF1A-AS1
NDUFAF7	NDUFAF7
GPR78	GPR78
SPICE1	SPICE1
KCNH6	KCNH6
AC009499.1;OTTHUMG00000152138	AC009499.1;OTTHUMG00000152138
OTTHUMG00000018181;RP11-523O18.5	OTTHUMG00000018181;RP11-523O18.5
CTD-2316B1.1;OTTHUMG00000162592	CTD-2316B1.1;OTTHUMG00000162592
S100A8	S100A8
FICD	FICD
GJA3	GJA3
SAMD5	SAMD5
RNU7-88P	RNU7-88P
MYH2	MYH2
MECP2	MECP2
CTC-501N16.1;KIAA0947;OTTHUMG00000161639	CTC-501N16.1;KIAA0947;OTTHUMG00000161639
OR12D3	OR12D3
MIR4514	MIR4514
KIAA1949;OTTHUMG00000148752;PPP1R18	KIAA1949;OTTHUMG00000148752;PPP1R18
KIAA1949;OTTHUMG00000148941;PPP1R18	KIAA1949;OTTHUMG00000148941;PPP1R18
OTTHUMG00000161392;RP11-563M4.1	OTTHUMG00000161392;RP11-563M4.1
FIBIN	FIBIN
ZNF750	ZNF750
C3orf83	C3orf83
RNF112	RNF112
GLT6D1	GLT6D1
ALDH2	ALDH2
CCT6A	CCT6A
CLK2P	CLK2P
OTTHUMG00000158693;RP11-148K1.12	OTTHUMG00000158693;RP11-148K1.12
NBPF6	NBPF6
SDC4P	SDC4P
DEFB103A;DEFB103B	DEFB103A;DEFB103B
CRP	CRP
OTTHUMG00000020349;RP11-92C4.3	OTTHUMG00000020349;RP11-92C4.3
OTTHUMG00000009163;RP11-266I14.3;TCTEX1D1	OTTHUMG00000009163;RP11-266I14.3;TCTEX1D1
MIR3192	MIR3192
NOD1	NOD1
SCGB2B3P	SCGB2B3P
AC099850.1;OTTHUMG00000132079	AC099850.1;OTTHUMG00000132079
LINC00521	LINC00521
OTTHUMG00000018630;RP11-219F10.1	OTTHUMG00000018630;RP11-219F10.1
RSPRY1	RSPRY1
DPCR1	DPCR1
MAPK15	MAPK15
SNTG2	SNTG2
CTC-558O2.1;OTTHUMG00000163055	CTC-558O2.1;OTTHUMG00000163055
OTTHUMG00000162861;RP11-278J6.2	OTTHUMG00000162861;RP11-278J6.2
AGBL5-AS1	AGBL5-AS1
OTTHUMG00000162154;RP11-94C24.8	OTTHUMG00000162154;RP11-94C24.8
FGF16	FGF16
LOC100132240;OTTHUMG00000010300;RP11-488P3.1	LOC100132240;OTTHUMG00000010300;RP11-488P3.1
NSUN6	NSUN6
GBAS	GBAS
LOC644135;OTTHUMG00000015639;OTTHUMG00000015640;RP13-143G15.3;RP13-143G15.4	LOC644135;OTTHUMG00000015639;OTTHUMG00000015640;RP13-143G15.3;RP13-143G15.4
ENDOU	ENDOU
USP15	USP15
C8orf74	C8orf74
OR2A25	OR2A25
AC004009.1;OTTHUMG00000065294	AC004009.1;OTTHUMG00000065294
EIF2S3;OTTHUMG00000021260;RP11-479I1.4	EIF2S3;OTTHUMG00000021260;RP11-479I1.4
RNA5SP97	RNA5SP97
PPP1R1C	PPP1R1C
KRT82	KRT82
ART5	ART5
MYEOV2	MYEOV2
GRIK2	GRIK2
SLC25A48	SLC25A48
CCDC144C;CCDC144CP	CCDC144C;CCDC144CP
OTTHUMG00000133550;XXbac-BPG27H4.8	OTTHUMG00000133550;XXbac-BPG27H4.8
OTTHUMG00000149226;XXbac-BPG27H4.8	OTTHUMG00000149226;XXbac-BPG27H4.8
OTTHUMG00000149463;XXbac-BPG27H4.8	OTTHUMG00000149463;XXbac-BPG27H4.8
UTP14A	UTP14A
TRBV7-4	TRBV7-4
CTD-2339F6.1;LOC286178;OTTHUMG00000164274	CTD-2339F6.1;LOC286178;OTTHUMG00000164274
HSF2	HSF2
TECRL	TECRL
RABGGTB;SNORD45A;SNORD45B;SNORD45C	RABGGTB;SNORD45A;SNORD45B;SNORD45C
LAMB1	LAMB1
PPP6R2	PPP6R2
CTD-2283N19.1;OTTHUMG00000163560	CTD-2283N19.1;OTTHUMG00000163560
GNGT1	GNGT1
LILRB1	LILRB1
SPDYE3	SPDYE3
CASR	CASR
TRIM31	TRIM31
AC004878.8;OTTHUMG00000162597	AC004878.8;OTTHUMG00000162597
SNORD116-27	SNORD116-27
CUTC	CUTC
SETD1B	SETD1B
TRIM31	TRIM31
IGHV1-3	IGHV1-3
AC007551.3;OTTHUMG00000155061	AC007551.3;OTTHUMG00000155061
MIR1291;SNORA34	MIR1291;SNORA34
KIR3DL3	KIR3DL3
AARD	AARD
OTTHUMG00000156146;RP11-655G22.1	OTTHUMG00000156146;RP11-655G22.1
LOC100127974	LOC100127974
RNA5SP346	RNA5SP346
SLC25A39	SLC25A39
ERVW-1	ERVW-1
MIR2681	MIR2681
C14orf166B	C14orf166B
GPAM	GPAM
POLM	POLM
DNASE1	DNASE1
AP000330.8;LOC100506385;OTTHUMG00000086233	AP000330.8;LOC100506385;OTTHUMG00000086233
COX16;SYNJ2BP;SYNJ2BP-COX16	COX16;SYNJ2BP;SYNJ2BP-COX16
OSTC;OSTCP2	OSTC;OSTCP2
RNA5SP377	RNA5SP377
RNA5SP376	RNA5SP376
HTN3	HTN3
PCDHGA10	PCDHGA10
KIR2DS1	KIR2DS1
OTTHUMG00000067216;RP11-160N1.9	OTTHUMG00000067216;RP11-160N1.9
C5orf20	C5orf20
RPUSD2	RPUSD2
ABCA9-AS1	ABCA9-AS1
TNFRSF18	TNFRSF18
SMR3B	SMR3B
FLG	FLG
TMEM254-AS1	TMEM254-AS1
IL1RN	IL1RN
CHCHD10	CHCHD10
TRAV12-2	TRAV12-2
OTTHUMG00000015227;RP1-23E21.2	OTTHUMG00000015227;RP1-23E21.2
PPIE	PPIE
LOC649133	LOC649133
LOC100505983;OTTHUMG00000032676;RP11-347D21.1	LOC100505983;OTTHUMG00000032676;RP11-347D21.1
SLC25A4	SLC25A4
AC108676.1;LOC100507033;OTTHUMG00000156035	AC108676.1;LOC100507033;OTTHUMG00000156035
TMEM252	TMEM252
SPTA1	SPTA1
CRYBB2	CRYBB2
LOC100506518	LOC100506518
HLA-DRA	HLA-DRA
FAT4	FAT4
OTTHUMG00000163402;RP11-423H2.2	OTTHUMG00000163402;RP11-423H2.2
CEP85	CEP85
SDR42E2	SDR42E2
C8orf17	C8orf17
TNFAIP8L3	TNFAIP8L3
MIR4640	MIR4640
MIR4640	MIR4640
MIR4640	MIR4640
MIR4640	MIR4640
MIR4640	MIR4640
NUP133	NUP133
DEFB104A;DEFB104B	DEFB104A;DEFB104B
ARHGAP25	ARHGAP25
CT45A5	CT45A5
NKX2-4	NKX2-4
OTTHUMG00000162051;OTTHUMG00000162054;RP11-1C1.4;RP11-1C1.6	OTTHUMG00000162051;OTTHUMG00000162054;RP11-1C1.4;RP11-1C1.6
TRBV11-1	TRBV11-1
UBE2DNL	UBE2DNL
FBXO45	FBXO45
LOC389332	LOC389332
MALSU1	MALSU1
CCKBR	CCKBR
AC144521.1;OTTHUMG00000155346	AC144521.1;OTTHUMG00000155346
HMGB1P24	HMGB1P24
OTTHUMG00000037832;RP5-865N13.1	OTTHUMG00000037832;RP5-865N13.1
CT60	CT60
AC093673.5;LOC100507507;OTTHUMG00000152694	AC093673.5;LOC100507507;OTTHUMG00000152694
A4GALT	A4GALT
AC092171.2;AC093620.5;OTTHUMG00000151804;OTTHUMG00000151810	AC092171.2;AC093620.5;OTTHUMG00000151804;OTTHUMG00000151810
CPA1	CPA1
PEX1	PEX1
CTD-3023L14.1;OTTHUMG00000163672	CTD-3023L14.1;OTTHUMG00000163672
AC097495.3;LOC100996448;OTTHUMG00000152624	AC097495.3;LOC100996448;OTTHUMG00000152624
AC113610.1;OTTHUMG00000153759	AC113610.1;OTTHUMG00000153759
OTTHUMG00000162549;RP11-168A11.1	OTTHUMG00000162549;RP11-168A11.1
DEFB134	DEFB134
CTD-2534J5.1;OTTHUMG00000164181	CTD-2534J5.1;OTTHUMG00000164181
MRC1;MRC1L1;OTTHUMG00000017754	MRC1;MRC1L1;OTTHUMG00000017754
RINL	RINL
CAPN3	CAPN3
OTTHUMG00000020080;RP11-289F5.1	OTTHUMG00000020080;RP11-289F5.1
OTTHUMG00000046310;RP5-973N23.4	OTTHUMG00000046310;RP5-973N23.4
FGB	FGB
TTC36	TTC36
DDX60	DDX60
LINC00303	LINC00303
NUCB1-AS1	NUCB1-AS1
USP17L15	USP17L15
C17orf112	C17orf112
GPR101	GPR101
TAF5	TAF5
MEIS3P1	MEIS3P1
ANO1	ANO1
ASIC2	ASIC2
FCRL5	FCRL5
C11orf71	C11orf71
EIF3J-AS1	EIF3J-AS1
HES2	HES2
DAOA	DAOA
KRT222	KRT222
OTTHUMG00000156511;RP4-604G5.1	OTTHUMG00000156511;RP4-604G5.1
CD200R1L	CD200R1L
OTTHUMG00000150168;RP4-760C5.5	OTTHUMG00000150168;RP4-760C5.5
C16orf70	C16orf70
RAD51AP2	RAD51AP2
VNN2	VNN2
CGNL1	CGNL1
LINC00677	LINC00677
CACNA2D3	CACNA2D3
OTTHUMG00000161690;RP11-472K22.2	OTTHUMG00000161690;RP11-472K22.2
EFCAB8	EFCAB8
OTTHUMG00000003704;RP5-1125N11.1	OTTHUMG00000003704;RP5-1125N11.1
OTTHUMG00000008154;RP11-141A19.1	OTTHUMG00000008154;RP11-141A19.1
OTTHUMG00000021313;RP11-149B9.2	OTTHUMG00000021313;RP11-149B9.2
MRFAP1	MRFAP1
SMPDL3A	SMPDL3A
ZNF865	ZNF865
MRPS18C	MRPS18C
EDC4	EDC4
RTN2	RTN2
SEMA6C	SEMA6C
FAM151A	FAM151A
ASB16	ASB16
OTTHUMG00000015845;RP3-398G3.5	OTTHUMG00000015845;RP3-398G3.5
SSX7	SSX7
ZBTB42	ZBTB42
AKAP16BP	AKAP16BP
AC011286.1;OTTHUMG00000153025	AC011286.1;OTTHUMG00000153025
OTTHUMG00000163608;RP11-134O21.1	OTTHUMG00000163608;RP11-134O21.1
MS4A1	MS4A1
OTTHUMG00000161708;RP11-577G20.1	OTTHUMG00000161708;RP11-577G20.1
AL109763.2;OTTHUMG00000074544	AL109763.2;OTTHUMG00000074544
AC062021.1;OTTHUMG00000153648	AC062021.1;OTTHUMG00000153648
RASSF4	RASSF4
OTTHUMG00000162710;RP11-455B3.1	OTTHUMG00000162710;RP11-455B3.1
PRR14	PRR14
MED30	MED30
AC093609.1;LOC100506047;OTTHUMG00000152374	AC093609.1;LOC100506047;OTTHUMG00000152374
LOC100131347	LOC100131347
AC114752.3;OTTHUMG00000152672	AC114752.3;OTTHUMG00000152672
TGFB1I1	TGFB1I1
MIR4699	MIR4699
MIR3926-1	MIR3926-1
WDR60	WDR60
MSC	MSC
SULT1A2	SULT1A2
LAMC2	LAMC2
OTTHUMG00000128484;RP11-689P11.3	OTTHUMG00000128484;RP11-689P11.3
IGHV5-51	IGHV5-51
IGSF11-AS1	IGSF11-AS1
NUPR1L	NUPR1L
KRT20	KRT20
AC004383.4;MIR424;MIR503HG;OTTHUMG00000022455	AC004383.4;MIR424;MIR503HG;OTTHUMG00000022455
ZBTB22	ZBTB22
LRRC10	LRRC10
OTTHUMG00000021187;RP11-431J24.2	OTTHUMG00000021187;RP11-431J24.2
MUC22;OTTHUMG00000149216;XXbac-BPG118E17.9	MUC22;OTTHUMG00000149216;XXbac-BPG118E17.9
TBC1D10B	TBC1D10B
LOC101060233;OPN1MW;OPN1MW2	LOC101060233;OPN1MW;OPN1MW2
GTF2IRD2;GTF2IRD2B	GTF2IRD2;GTF2IRD2B
OTTHUMG00000002621;RP5-930J4.2	OTTHUMG00000002621;RP5-930J4.2
FSIP1	FSIP1
OR2AG2	OR2AG2
SENP8	SENP8
TRBV25-1	TRBV25-1
MIR2392	MIR2392
MIR3646	MIR3646
OTTHUMG00000164675;RP11-706C16.7	OTTHUMG00000164675;RP11-706C16.7
MARCH3	MARCH3
LOC643542	LOC643542
EIF3C;EIF3CL	EIF3C;EIF3CL
CD151	CD151
ANAPC11	ANAPC11
MID1	MID1
RNA5SP385	RNA5SP385
UHMK1	UHMK1
LOC100506113	LOC100506113
MIR4508	MIR4508
GALP	GALP
MIR548F2	MIR548F2
OTTHUMG00000161279;RP11-610J23.1	OTTHUMG00000161279;RP11-610J23.1
ITGAX	ITGAX
ACSF2	ACSF2
PPP2R2A	PPP2R2A
RAPGEF1	RAPGEF1
C1orf222	C1orf222
AC004947.2;LOC100506289;OTTHUMG00000152862	AC004947.2;LOC100506289;OTTHUMG00000152862
LINC00526	LINC00526
ARHGAP22	ARHGAP22
PHRF1	PHRF1
LOC100129534	LOC100129534
MIR551B	MIR551B
ACP1	ACP1
OTTHUMG00000002855;RP4-669L17.2	OTTHUMG00000002855;RP4-669L17.2
JRKL-AS1	JRKL-AS1
C6orf10	C6orf10
SULT2A1	SULT2A1
PHOX2A	PHOX2A
HCG24	HCG24
HCG24	HCG24
HCG24	HCG24
HCG24	HCG24
OTTHUMG00000164955;RP11-3G20.2	OTTHUMG00000164955;RP11-3G20.2
SDHAP3	SDHAP3
MIR4315-1;MIR4315-2;PLEKHM1	MIR4315-1;MIR4315-2;PLEKHM1
EPS15L1	EPS15L1
AC004895.4;OTTHUMG00000151887	AC004895.4;OTTHUMG00000151887
MIR3924	MIR3924
EFCAB3	EFCAB3
LINC00505	LINC00505
DPCR1	DPCR1
UQCRQ	UQCRQ
OTTHUMG00000017201;RP11-632L2.1	OTTHUMG00000017201;RP11-632L2.1
IRF4	IRF4
LOC100505735;OTTHUMG00000032922;RP13-30A9.2	LOC100505735;OTTHUMG00000032922;RP13-30A9.2
AC104655.2;OTTHUMG00000153078	AC104655.2;OTTHUMG00000153078
LINC00886;OTTHUMG00000158647;RP11-392A22.2	LINC00886;OTTHUMG00000158647;RP11-392A22.2
TPPP2	TPPP2
RIMS4	RIMS4
DIXDC1	DIXDC1
CTAGE7P	CTAGE7P
LRRC56	LRRC56
SNHG16;SNORD1C	SNHG16;SNORD1C
AC006159.5;OTTHUMG00000066050	AC006159.5;OTTHUMG00000066050
GSG1	GSG1
CABP4	CABP4
THOC1	THOC1
IGHV3-21	IGHV3-21
RNA5SP445	RNA5SP445
OTTHUMG00000014035;RP4-655J12.4	OTTHUMG00000014035;RP4-655J12.4
OTTHUMG00000017871;RP11-351M16.3	OTTHUMG00000017871;RP11-351M16.3
AC007970.1;OTTHUMG00000154735	AC007970.1;OTTHUMG00000154735
SPATA19	SPATA19
AC093802.1;LOC150935;OTTHUMG00000152415	AC093802.1;LOC150935;OTTHUMG00000152415
FOXD4L6;LOC101060560	FOXD4L6;LOC101060560
SNAP29	SNAP29
OR8K5	OR8K5
XCL2	XCL2
OTTHUMG00000022722;RP11-402P6.9	OTTHUMG00000022722;RP11-402P6.9
OTTHUMG00000161342;RP11-223C24.1	OTTHUMG00000161342;RP11-223C24.1
OR5T2	OR5T2
LINC00845;LOC100507058	LINC00845;LOC100507058
TMEM212-IT1	TMEM212-IT1
GGTA1P	GGTA1P
AP000708.1;MGC39545;OTTHUMG00000133523	AP000708.1;MGC39545;OTTHUMG00000133523
TTN	TTN
ST8SIA1	ST8SIA1
CXCR4	CXCR4
GPC5-AS2	GPC5-AS2
NAB1	NAB1
ZNF319	ZNF319
DNAJA2	DNAJA2
SEC14L6	SEC14L6
LINC00440	LINC00440
HCG22	HCG22
HCG22	HCG22
AP001610.5;OTTHUMG00000086754	AP001610.5;OTTHUMG00000086754
C3orf15;LOC100652862;MAATS1	C3orf15;LOC100652862;MAATS1
C1orf213	C1orf213
AC132217.4;IGF2;INS;INS-IGF2;OTTHUMG00000009394	AC132217.4;IGF2;INS;INS-IGF2;OTTHUMG00000009394
CTD-2013N24.2;OTTHUMG00000158770	CTD-2013N24.2;OTTHUMG00000158770
TBX15	TBX15
OTTHUMG00000031836;RP4-764O22.2	OTTHUMG00000031836;RP4-764O22.2
IFNA13	IFNA13
OTTHUMG00000163659;RP11-10A14.3	OTTHUMG00000163659;RP11-10A14.3
PPP1R14A	PPP1R14A
GCG	GCG
MIR3609	MIR3609
P2RX1	P2RX1
LOC100507261	LOC100507261
CGB7	CGB7
CELA3B	CELA3B
XAGE1A;XAGE1B;XAGE1C;XAGE1D;XAGE1E	XAGE1A;XAGE1B;XAGE1C;XAGE1D;XAGE1E
OTTHUMG00000037424;RP11-400N13.2	OTTHUMG00000037424;RP11-400N13.2
PRADC1	PRADC1
MDM4;OTTHUMG00000037031;RP11-430C7.4	MDM4;OTTHUMG00000037031;RP11-430C7.4
IGLV3-25	IGLV3-25
RTP4	RTP4
ISL2	ISL2
BEAN1	BEAN1
DRD1	DRD1
KISS1	KISS1
OTTHUMG00000017545;RP11-69C17.3	OTTHUMG00000017545;RP11-69C17.3
AC006460.2;OTTHUMG00000154512	AC006460.2;OTTHUMG00000154512
RAC3	RAC3
RNU7-87P	RNU7-87P
METTL11B	METTL11B
OTTHUMG00000022687;RP11-402P6.7	OTTHUMG00000022687;RP11-402P6.7
OTTHUMG00000021805;RP11-402P6.11	OTTHUMG00000021805;RP11-402P6.11
AC079610.2;LOC100130451;OTTHUMG00000154847	AC079610.2;LOC100130451;OTTHUMG00000154847
MIR101-2	MIR101-2
SIRPG	SIRPG
BRD4	BRD4
C7orf76;SHFM1	C7orf76;SHFM1
OTTHUMG00000157006;RP11-324C10.1	OTTHUMG00000157006;RP11-324C10.1
GLIS2	GLIS2
KIR2DL3;LOC100653050	KIR2DL3;LOC100653050
LILRB2	LILRB2
ZNF705B	ZNF705B
RNA5SP437	RNA5SP437
MAFG-AS1	MAFG-AS1
OTTHUMG00000159581;RP11-206M11.4	OTTHUMG00000159581;RP11-206M11.4
OTTHUMG00000160992;RP13-612N21.1	OTTHUMG00000160992;RP13-612N21.1
FLJ31813;OTTHUMG00000018221;RP11-324H6.5	FLJ31813;OTTHUMG00000018221;RP11-324H6.5
LINC00208	LINC00208
HTT-AS1	HTT-AS1
OTTHUMG00000039495;RP11-152L7.1	OTTHUMG00000039495;RP11-152L7.1
ZNF197-AS1	ZNF197-AS1
CIB4	CIB4
C1orf159	C1orf159
MYH13	MYH13
AC141930.2;OTTHUMG00000151384	AC141930.2;OTTHUMG00000151384
WDFY1	WDFY1
REG1P	REG1P
OTTHUMG00000163746;RP11-563N12.2	OTTHUMG00000163746;RP11-563N12.2
OTTHUMG00000153468;RP3-369A17.4	OTTHUMG00000153468;RP3-369A17.4
SNORD114-8	SNORD114-8
TTTY5	TTTY5
LINC00315	LINC00315
COBLL1	COBLL1
AC113189.5;OTTHUMG00000132895	AC113189.5;OTTHUMG00000132895
OTTHUMG00000156053;RP11-528A4.2	OTTHUMG00000156053;RP11-528A4.2
MAG	MAG
SLC46A2	SLC46A2
LOC286297	LOC286297
SBSPON	SBSPON
MS4A15	MS4A15
DEPTOR;KB-1471A8.1;OTTHUMG00000165012	DEPTOR;KB-1471A8.1;OTTHUMG00000165012
PCDHB17	PCDHB17
LOC100506161;OTTHUMG00000037542;RP11-378J18.3	LOC100506161;OTTHUMG00000037542;RP11-378J18.3
CTC-339F2.2;OTTHUMG00000162923	CTC-339F2.2;OTTHUMG00000162923
PADI6	PADI6
EHBP1L1	EHBP1L1
OTTHUMG00000015793;RP1-12G14.7	OTTHUMG00000015793;RP1-12G14.7
TSG1	TSG1
MZT2A;MZT2B	MZT2A;MZT2B
OTTHUMG00000004843;XXbac-BPG27H4.8	OTTHUMG00000004843;XXbac-BPG27H4.8
OTTHUMG00000067507;RP5-1050E16.1	OTTHUMG00000067507;RP5-1050E16.1
OTTHUMG00000016045;RP11-503C24.6	OTTHUMG00000016045;RP11-503C24.6
OTTHUMG00000014783;RP11-795J1.1	OTTHUMG00000014783;RP11-795J1.1
TRAV5	TRAV5
CTRB2	CTRB2
LINC00690	LINC00690
LOC100130093;SNAP47	LOC100130093;SNAP47
RAX2	RAX2
KB-1460A1.1;OTTHUMG00000164820	KB-1460A1.1;OTTHUMG00000164820
VPS13A	VPS13A
CXorf56	CXorf56
GOLGA8A	GOLGA8A
MRPL22	MRPL22
ANTXR2	ANTXR2
OR4D5	OR4D5
C9	C9
AC093326.2;OTTHUMG00000151361	AC093326.2;OTTHUMG00000151361
RNU4-9P	RNU4-9P
LOC646278	LOC646278
MTRNR2L1;MTRNR2L2	MTRNR2L1;MTRNR2L2
PTPLB	PTPLB
OTTHUMG00000133695;RP4-530I15.9	OTTHUMG00000133695;RP4-530I15.9
SLC51B	SLC51B
DEFB132	DEFB132
KLK10	KLK10
SLC26A1	SLC26A1
EIF3C;EIF3CL	EIF3C;EIF3CL
PRPH	PRPH
CD2	CD2
CRYGN	CRYGN
MIR548D2	MIR548D2
PDCD6IP	PDCD6IP
CYP2J2	CYP2J2
IL17D	IL17D
OTTHUMG00000158362;RP11-889D3.2	OTTHUMG00000158362;RP11-889D3.2
OTTHUMG00000165008;RP11-136O12.2	OTTHUMG00000165008;RP11-136O12.2
OTTHUMG00000021872;RP11-212D3.4	OTTHUMG00000021872;RP11-212D3.4
MCM3AP-AS1	MCM3AP-AS1
ELOVL3	ELOVL3
SOX12	SOX12
CTC-459M5.1;OTTHUMG00000162896	CTC-459M5.1;OTTHUMG00000162896
KCNJ10;OTTHUMG00000024079;RP11-226L15.4	KCNJ10;OTTHUMG00000024079;RP11-226L15.4
CD36	CD36
MIR3690	MIR3690
MIR3690	MIR3690
HCG22	HCG22
OTTHUMG00000157208;RP11-645N11.2	OTTHUMG00000157208;RP11-645N11.2
OTTHUMG00000008489;RP11-269F19.2	OTTHUMG00000008489;RP11-269F19.2
DYDC1	DYDC1
SNORD17	SNORD17
HSP90AB3P	HSP90AB3P
KIR2DL1	KIR2DL1
KCNMB1	KCNMB1
OTTHUMG00000164161;RP11-100L22.3	OTTHUMG00000164161;RP11-100L22.3
OTTHUMG00000163777;RP11-1E4.1	OTTHUMG00000163777;RP11-1E4.1
FGFBP1	FGFBP1
HSPA6	HSPA6
XRRA1	XRRA1
CTD-2272D18.1;OTTHUMG00000164605	CTD-2272D18.1;OTTHUMG00000164605
LINC00477	LINC00477
AY269186.2;OTTHUMG00000154852	AY269186.2;OTTHUMG00000154852
MIR1256	MIR1256
KDM4E	KDM4E
AC012368.1;OTTHUMG00000152631	AC012368.1;OTTHUMG00000152631
CIDEC	CIDEC
CALML5	CALML5
TRBV6-4	TRBV6-4
GABARAPL2	GABARAPL2
OTTHUMG00000019045;PDCD4-AS1;RP11-313D6.4	OTTHUMG00000019045;PDCD4-AS1;RP11-313D6.4
LINC00340	LINC00340
CTD-3239E11.2;OTTHUMG00000164195	CTD-3239E11.2;OTTHUMG00000164195
KCNJ11	KCNJ11
KIAA1919	KIAA1919
CTB-35F21.2;OTTHUMG00000163335	CTB-35F21.2;OTTHUMG00000163335
OTTHUMG00000165070;RP11-394O4.3	OTTHUMG00000165070;RP11-394O4.3
OTTHUMG00000035042;RP4-652L8.1	OTTHUMG00000035042;RP4-652L8.1
FAM92B	FAM92B
MCOLN1	MCOLN1
KCNN4	KCNN4
PCNP	PCNP
TMEM240	TMEM240
AC007308.6;OTTHUMG00000153507	AC007308.6;OTTHUMG00000153507
INSRR	INSRR
GRIN3B	GRIN3B
TRPC4	TRPC4
OAF	OAF
CYP2F1	CYP2F1
OTTHUMG00000149451;TIGD1L	OTTHUMG00000149451;TIGD1L
OTTHUMG00000031877;RP1-278O22.2	OTTHUMG00000031877;RP1-278O22.2
MED7	MED7
OTTHUMG00000163307;RP11-381K20.2	OTTHUMG00000163307;RP11-381K20.2
STX10	STX10
AC093326.3;OTTHUMG00000151360	AC093326.3;OTTHUMG00000151360
SLC36A4	SLC36A4
KLK14	KLK14
OTTHUMG00000156289;RP11-760D2.1	OTTHUMG00000156289;RP11-760D2.1
OTTHUMG00000016533;RP11-101P17.10	OTTHUMG00000016533;RP11-101P17.10
SOX17	SOX17
OTTHUMG00000007879;RP11-567C20.2	OTTHUMG00000007879;RP11-567C20.2
SNX12	SNX12
SPRR2B	SPRR2B
RRNAD1	RRNAD1
CYP4F22	CYP4F22
OTTHUMG00000148738;XXbac-BPG250I8.13	OTTHUMG00000148738;XXbac-BPG250I8.13
AL589986.2;OTTHUMG00000013065	AL589986.2;OTTHUMG00000013065
OTTHUMG00000164157;RP11-587H10.2	OTTHUMG00000164157;RP11-587H10.2
CXorf31	CXorf31
FOXE3	FOXE3
MIR578	MIR578
LINC00662	LINC00662
KMT2B;MLL4;OTTHUMG00000048119	KMT2B;MLL4;OTTHUMG00000048119
LOC400654	LOC400654
ZNF638;ZNF638-IT1	ZNF638;ZNF638-IT1
MIR4691;NDUFS8	MIR4691;NDUFS8
NLRP11	NLRP11
OTTHUMG00000161606;RP11-468D11.1	OTTHUMG00000161606;RP11-468D11.1
LOC100506489;OTTHUMG00000158447;RP11-458K10.2	LOC100506489;OTTHUMG00000158447;RP11-458K10.2
AC021016.8;OTTHUMG00000155145	AC021016.8;OTTHUMG00000155145
MCCD1	MCCD1
KIAA1949;OTTHUMG00000004836;PPP1R18	KIAA1949;OTTHUMG00000004836;PPP1R18
PLAC9	PLAC9
FAM131B	FAM131B
KDM4A-AS1	KDM4A-AS1
KRT6C	KRT6C
OTTHUMG00000164156;RP11-587H10.1	OTTHUMG00000164156;RP11-587H10.1
FRMD8	FRMD8
AMELX	AMELX
OTTHUMG00000160881;RP11-97E7.2	OTTHUMG00000160881;RP11-97E7.2
PHGR1	PHGR1
TEX22	TEX22
OR13A1	OR13A1
TMEM178B	TMEM178B
DUXA	DUXA
PACRG-AS1	PACRG-AS1
TRAV41	TRAV41
MIR4456	MIR4456
GIF	GIF
CLEC4GP1	CLEC4GP1
AC116035.2;OTTHUMG00000155735	AC116035.2;OTTHUMG00000155735
LOC100506844	LOC100506844
PCDHA6	PCDHA6
AC079896.1;OTTHUMG00000152955	AC079896.1;OTTHUMG00000152955
EGFLAM-AS4	EGFLAM-AS4
CHST5	CHST5
OR14K1	OR14K1
MIR765	MIR765
POLL	POLL
OTTHUMG00000156552;RP11-340I6.7	OTTHUMG00000156552;RP11-340I6.7
B4GALNT2	B4GALNT2
OTTHUMG00000020444;RP11-508N12.2	OTTHUMG00000020444;RP11-508N12.2
XAGE-4	XAGE-4
AMN	AMN
RAB11FIP1	RAB11FIP1
SLC35G6	SLC35G6
DEFB133	DEFB133
CADM1	CADM1
TDRD12	TDRD12
LOC253573;OTTHUMG00000156618;RP11-48F14.1	LOC253573;OTTHUMG00000156618;RP11-48F14.1
AC009229.5;OTTHUMG00000152269	AC009229.5;OTTHUMG00000152269
SCARNA10	SCARNA10
OTTHUMG00000155300;RP11-545P6.2	OTTHUMG00000155300;RP11-545P6.2
PAK7	PAK7
MIR520H	MIR520H
DHFRL1	DHFRL1
FUT2	FUT2
OTTHUMG00000017135;RP11-25J23.3	OTTHUMG00000017135;RP11-25J23.3
SLC14A2	SLC14A2
MIR30D	MIR30D
TMEM52	TMEM52
AC114730.5;OTTHUMG00000151472	AC114730.5;OTTHUMG00000151472
CTD-2340D6.2;OTTHUMG00000164699	CTD-2340D6.2;OTTHUMG00000164699
LOC100130301	LOC100130301
AP001432.14;DSCR9;OTTHUMG00000086656	AP001432.14;DSCR9;OTTHUMG00000086656
MIR616	MIR616
AC009505.4;OTTHUMG00000153152	AC009505.4;OTTHUMG00000153152
MIR3179-1;MIR3179-2;MIR3179-3	MIR3179-1;MIR3179-2;MIR3179-3
TWIST1	TWIST1
OTTHUMG00000018885;RP11-129J12.1	OTTHUMG00000018885;RP11-129J12.1
IRAK1;MIR718	IRAK1;MIR718
HMHB1	HMHB1
OR2M1P	OR2M1P
LCMT1	LCMT1
AC011754.1;AC096753.1;CTNNA2;OTTHUMG00000152925;OTTHUMG00000152958	AC011754.1;AC096753.1;CTNNA2;OTTHUMG00000152925;OTTHUMG00000152958
OTTHUMG00000163201;RP11-798K23.1	OTTHUMG00000163201;RP11-798K23.1
KRBA1	KRBA1
KB-1299A7.2;OTTHUMG00000164905	KB-1299A7.2;OTTHUMG00000164905
ROBO4	ROBO4
KRTAP1-5	KRTAP1-5
TRMT1	TRMT1
OTTHUMG00000037660;RP5-1061H20.4	OTTHUMG00000037660;RP5-1061H20.4
LOC100506183	LOC100506183
LOC100233156;MAFIP;TEKT4P2	LOC100233156;MAFIP;TEKT4P2
HLA-DRA	HLA-DRA
GNAS	GNAS
PAGE3	PAGE3
AP000295.7;IL10RB-AS1;OTTHUMG00000065125	AP000295.7;IL10RB-AS1;OTTHUMG00000065125
EHD1	EHD1
CNTD2	CNTD2
LOC100129858;OTTHUMG00000161377;RP11-425I13.3	LOC100129858;OTTHUMG00000161377;RP11-425I13.3
CDK18	CDK18
HLA-V;LOC554223	HLA-V;LOC554223
CTD-2089N3.2;OTTHUMG00000162408	CTD-2089N3.2;OTTHUMG00000162408
SLC17A4	SLC17A4
DAP	DAP
OTTHUMG00000039598;RP11-527D7.1	OTTHUMG00000039598;RP11-527D7.1
PPID	PPID
LOC100509303;OTTHUMG00000036133;RP11-385M4.1	LOC100509303;OTTHUMG00000036133;RP11-385M4.1
LINC00961;OTTHUMG00000019887;RP11-327L3.1	LINC00961;OTTHUMG00000019887;RP11-327L3.1
IL20RA	IL20RA
OTTHUMG00000161238;RP11-775H9.1	OTTHUMG00000161238;RP11-775H9.1
RMND5A	RMND5A
ZSWIM3	ZSWIM3
TYMP	TYMP
ABCC4	ABCC4
CCT6P1	CCT6P1
HSDL1	HSDL1
SOCS1	SOCS1
LOC149950;OTTHUMG00000032222;RP11-410N8.4	LOC149950;OTTHUMG00000032222;RP11-410N8.4
EVX1	EVX1
C1DP3	C1DP3
ACSM5	ACSM5
SLC4A2	SLC4A2
OTTHUMG00000156627;RP11-148G20.1	OTTHUMG00000156627;RP11-148G20.1
ATP1B3-AS1	ATP1B3-AS1
PRSS48	PRSS48
MESP2	MESP2
OTTHUMG00000156495;RP5-1185I7.1	OTTHUMG00000156495;RP5-1185I7.1
C12orf68	C12orf68
TMEM119	TMEM119
SCGB1A1	SCGB1A1
GJA4	GJA4
OTTHUMG00000140119;XXbac-BPG254F23.7	OTTHUMG00000140119;XXbac-BPG254F23.7
OTTHUMG00000140117;XXbac-BPG254F23.7	OTTHUMG00000140117;XXbac-BPG254F23.7
CASP16	CASP16
EML4	EML4
AC062032.1;OTTHUMG00000153712	AC062032.1;OTTHUMG00000153712
OTTHUMG00000160896;RP11-789C1.2	OTTHUMG00000160896;RP11-789C1.2
RNU5A-3P	RNU5A-3P
CEACAM5	CEACAM5
CTC-209H22.3;OTTHUMG00000163320	CTC-209H22.3;OTTHUMG00000163320
PTGS2	PTGS2
LOC100129520	LOC100129520
OR8S1	OR8S1
OTTHUMG00000066821;PGM5P2;RP11-87H9.3	OTTHUMG00000066821;PGM5P2;RP11-87H9.3
APTX	APTX
WAS	WAS
RGL2	RGL2
MLN	MLN
SPIB	SPIB
OTTHUMG00000032826;RP4-718J7.4	OTTHUMG00000032826;RP4-718J7.4
OTTHUMG00000019052;RP11-381K7.1	OTTHUMG00000019052;RP11-381K7.1
CTC-338M12.9;OTTHUMG00000163377	CTC-338M12.9;OTTHUMG00000163377
FLJ42969;OTTHUMG00000164780;RP11-302J23.1	FLJ42969;OTTHUMG00000164780;RP11-302J23.1
POLR2F	POLR2F
AC034187.2;OTTHUMG00000154969	AC034187.2;OTTHUMG00000154969
APOPT1;KLC1	APOPT1;KLC1
TOMM7	TOMM7
IGLV5-48	IGLV5-48
PGPEP1L	PGPEP1L
PDGFC	PDGFC
PLCL1	PLCL1
NIPAL2	NIPAL2
MICAL2	MICAL2
KCNJ4	KCNJ4
OTTHUMG00000017352;RP11-551M15.1	OTTHUMG00000017352;RP11-551M15.1
OTTHUMG00000157301;RP11-644C3.1	OTTHUMG00000157301;RP11-644C3.1
OTTHUMG00000162314;RP11-506H20.1	OTTHUMG00000162314;RP11-506H20.1
SFTA1P	SFTA1P
CNTN5	CNTN5
CYP8B1	CYP8B1
WDR11	WDR11
PSMA7	PSMA7
OTTHUMG00000156574;RP11-573D15.8	OTTHUMG00000156574;RP11-573D15.8
CYP1B1	CYP1B1
THEM5	THEM5
SLC48A1	SLC48A1
TTYH3	TTYH3
MIR4530	MIR4530
RNA5SP94	RNA5SP94
OTTHUMG00000163178;RP11-826N14.4	OTTHUMG00000163178;RP11-826N14.4
LZTS3;OTTHUMG00000031735;RP5-1187M17.10	LZTS3;OTTHUMG00000031735;RP5-1187M17.10
SERPINB13	SERPINB13
OTTHUMG00000008930;RP4-784A16.2	OTTHUMG00000008930;RP4-784A16.2
OTTHUMG00000161490;RP11-635L1.2	OTTHUMG00000161490;RP11-635L1.2
OTTHUMG00000021298;RP11-268G12.1	OTTHUMG00000021298;RP11-268G12.1
HLA-A	HLA-A
RNA5SP432	RNA5SP432
OTTHUMG00000165008;RP11-136O12.2	OTTHUMG00000165008;RP11-136O12.2
SLC22A14	SLC22A14
HLA-DMB	HLA-DMB
PLBD2	PLBD2
KB-173C10.2;OTTHUMG00000164708	KB-173C10.2;OTTHUMG00000164708
NDUFB1	NDUFB1
OTTHUMG00000037123;RP11-122M14.1	OTTHUMG00000037123;RP11-122M14.1
PRKCZ	PRKCZ
OTTHUMG00000159050;RP11-185E8.1	OTTHUMG00000159050;RP11-185E8.1
KIF21A	KIF21A
PLA2G12B	PLA2G12B
CERS2	CERS2
OTTHUMG00000161289;RP11-173E2.2	OTTHUMG00000161289;RP11-173E2.2
UBIAD1	UBIAD1
OTTHUMG00000035534;RP11-547I7.1	OTTHUMG00000035534;RP11-547I7.1
ASB18	ASB18
DDR1	DDR1
RNA5SP311	RNA5SP311
RNA5SP314	RNA5SP314
RNA5SP317	RNA5SP317
OTTHUMG00000021210;RP3-410B11.1	OTTHUMG00000021210;RP3-410B11.1
PROX1-AS1	PROX1-AS1
LIMA1	LIMA1
CACNA1S	CACNA1S
MIR4474	MIR4474
AC010880.1;OTTHUMG00000151752	AC010880.1;OTTHUMG00000151752
EPS15P1	EPS15P1
PID1	PID1
LINC00544	LINC00544
CELA2B	CELA2B
NHP2L1	NHP2L1
TEX19	TEX19
GRK7	GRK7
TMC7	TMC7
OTTHUMG00000019457;RP11-509J21.1	OTTHUMG00000019457;RP11-509J21.1
NIPAL4	NIPAL4
MIR875	MIR875
ZNF785	ZNF785
OTTHUMG00000016072;RP1-182D15.2	OTTHUMG00000016072;RP1-182D15.2
GAL3ST2	GAL3ST2
LOC641746	LOC641746
ME1	ME1
CHST13	CHST13
TIMM44	TIMM44
PKI55	PKI55
FAM149B1	FAM149B1
KCTD8	KCTD8
PSMB11	PSMB11
RPS4X	RPS4X
ADORA2A-AS1	ADORA2A-AS1
TRIM31	TRIM31
MIR4274	MIR4274
ASH1L-IT1	ASH1L-IT1
AMDHD1	AMDHD1
LINC00702	LINC00702
LIMS2	LIMS2
RNA5-8SP4	RNA5-8SP4
CTC-359M8.1;OTTHUMG00000163435	CTC-359M8.1;OTTHUMG00000163435
SERTAD3	SERTAD3
CDSN	CDSN
C4orf50	C4orf50
OTTHUMG00000163460;RP11-1026M7.4	OTTHUMG00000163460;RP11-1026M7.4
MIR3619	MIR3619
RNA5SP296	RNA5SP296
AB015752.3;OTTHUMG00000163969	AB015752.3;OTTHUMG00000163969
OTTHUMG00000017960;RP11-810B23.1	OTTHUMG00000017960;RP11-810B23.1
CCDC96	CCDC96
OTTHUMG00000137478;XXbac-BPG116M5.14	OTTHUMG00000137478;XXbac-BPG116M5.14
OTTHUMG00000149045;XXbac-BPG116M5.14	OTTHUMG00000149045;XXbac-BPG116M5.14
OTTHUMG00000149554;XXbac-BPG116M5.14	OTTHUMG00000149554;XXbac-BPG116M5.14
OTTHUMG00000137482;XXbac-BPG116M5.14	OTTHUMG00000137482;XXbac-BPG116M5.14
RBP5	RBP5
EDA2R	EDA2R
AFAP1	AFAP1
PGS1	PGS1
AC008691.1;OTTHUMG00000163543	AC008691.1;OTTHUMG00000163543
MIR106B	MIR106B
GPR123	GPR123
LOC100505685;OTTHUMG00000161725;RP11-73G16.1	LOC100505685;OTTHUMG00000161725;RP11-73G16.1
LAMC3	LAMC3
OR2C1	OR2C1
PPP2R5A	PPP2R5A
FATE1	FATE1
DAB2	DAB2
OTTHUMG00000159304;RP11-326J18.1	OTTHUMG00000159304;RP11-326J18.1
SIGLEC7	SIGLEC7
OTTHUMG00000159626;RP11-292E2.2	OTTHUMG00000159626;RP11-292E2.2
ARL17A;ARL17B;LOC100294341;LOC100996709	ARL17A;ARL17B;LOC100294341;LOC100996709
KMT2A;MLL	KMT2A;MLL
TENM4	TENM4
CTC-504A5.1;LOC728342;OTTHUMG00000162885	CTC-504A5.1;LOC728342;OTTHUMG00000162885
RNU3P3	RNU3P3
MZF1	MZF1
OTTHUMG00000164643;RP11-297B17.3	OTTHUMG00000164643;RP11-297B17.3
RNF157-AS1	RNF157-AS1
MIR3911	MIR3911
PLA2G7	PLA2G7
LOC100379224	LOC100379224
CLDN23	CLDN23
PPP1R2P1	PPP1R2P1
ESR1	ESR1
OTTHUMG00000019207;RP11-285A18.2	OTTHUMG00000019207;RP11-285A18.2
OTTHUMG00000164191;RP11-404L6.2	OTTHUMG00000164191;RP11-404L6.2
CARD14	CARD14
RGL2	RGL2
RGL2	RGL2
RGL2	RGL2
RBMXL3	RBMXL3
PVRL3-AS1	PVRL3-AS1
APCDD1L-AS1	APCDD1L-AS1
USP17;USP17L11;USP17L17;USP17L20;USP17L22	USP17;USP17L11;USP17L17;USP17L20;USP17L22
CDYL2	CDYL2
IGKV1D-33	IGKV1D-33
MIR30E	MIR30E
REEP6	REEP6
OTTHUMG00000162080;RP1-117B12.4	OTTHUMG00000162080;RP1-117B12.4
OTTHUMG00000042022;RP11-533N14.3	OTTHUMG00000042022;RP11-533N14.3
OTTHUMG00000003037;RP11-293P20.4	OTTHUMG00000003037;RP11-293P20.4
OTTHUMG00000041038;RP11-439A17.9	OTTHUMG00000041038;RP11-439A17.9
OTTHUMG00000150934;RP1-272J12.1	OTTHUMG00000150934;RP1-272J12.1
OTTHUMG00000165018;RP11-37N22.1	OTTHUMG00000165018;RP11-37N22.1
ADORA2B	ADORA2B
PSMC1	PSMC1
CAMK1D;LOC283070	CAMK1D;LOC283070
KDM2A	KDM2A
OTTHUMG00000159046;RP11-894J14.2	OTTHUMG00000159046;RP11-894J14.2
C1orf148	C1orf148
DDR1	DDR1
OTTHUMG00000156571;RP4-736H5.3	OTTHUMG00000156571;RP4-736H5.3
RWDD1	RWDD1
JARID2-AS1	JARID2-AS1
CDH17	CDH17
AP000998.2;OTTHUMG00000074517	AP000998.2;OTTHUMG00000074517
OTTHUMG00000161436;RP11-138A23.2	OTTHUMG00000161436;RP11-138A23.2
ZNF781	ZNF781
MIR1305	MIR1305
LCE5A	LCE5A
MIR595	MIR595
ITPR1-AS1	ITPR1-AS1
OTTHUMG00000164985;RP11-775B15.2	OTTHUMG00000164985;RP11-775B15.2
PPP1R18	PPP1R18
RN7SKP5	RN7SKP5
PDE10A	PDE10A
CNGA1	CNGA1
OTTHUMG00000165024;RP11-697B24.1	OTTHUMG00000165024;RP11-697B24.1
AC000123.4;OTTHUMG00000148663	AC000123.4;OTTHUMG00000148663
RNA5SP184	RNA5SP184
TLX3	TLX3
OTTHUMG00000164545;RP11-300E4.2	OTTHUMG00000164545;RP11-300E4.2
DOK1	DOK1
DSC3	DSC3
MIR3155B	MIR3155B
ACADL	ACADL
SNORD12	SNORD12
SIRPD	SIRPD
FLJ42875;OTTHUMG00000000563;RP1-163G9.1	FLJ42875;OTTHUMG00000000563;RP1-163G9.1
MIR3138	MIR3138
NSFP1	NSFP1
C1orf68	C1orf68
RNA5SP494	RNA5SP494
ZNHIT2	ZNHIT2
CTD-2116N24.1;OTTHUMG00000162104	CTD-2116N24.1;OTTHUMG00000162104
DHX8	DHX8
OTTHUMG00000160538;RP11-472B18.2	OTTHUMG00000160538;RP11-472B18.2
AC004869.2;OTTHUMG00000155475	AC004869.2;OTTHUMG00000155475
EDAR	EDAR
ATP5G1P5	ATP5G1P5
LOC100507351	LOC100507351
TNFRSF10A	TNFRSF10A
OTTHUMG00000156059;RP11-115N4.1	OTTHUMG00000156059;RP11-115N4.1
C20orf144	C20orf144
MIR3141	MIR3141
UPF2	UPF2
TRIM31	TRIM31
KHNYN	KHNYN
OR14A16	OR14A16
TMCO3	TMCO3
LOC644656	LOC644656
CD24	CD24
HHLA1	HHLA1
OTTHUMG00000017648;RP11-543F8.2	OTTHUMG00000017648;RP11-543F8.2
OTTHUMG00000015662;OTTHUMG00000015663;RP11-356I2.2;RP11-356I2.4	OTTHUMG00000015662;OTTHUMG00000015663;RP11-356I2.2;RP11-356I2.4
MFSD2B	MFSD2B
OTTHUMG00000019965;RP11-88I18.3	OTTHUMG00000019965;RP11-88I18.3
CHRNG	CHRNG
PTPN20A;PTPN20B	PTPN20A;PTPN20B
OTTHUMG00000041131;RP11-541F9.2	OTTHUMG00000041131;RP11-541F9.2
RNA5SP43	RNA5SP43
PSORS1C2	PSORS1C2
PTPRH	PTPRH
IGHV3-53	IGHV3-53
LINC00299	LINC00299
MIR4671	MIR4671
OTTHUMG00000161217;RP11-553P9.2	OTTHUMG00000161217;RP11-553P9.2
KCNIP4	KCNIP4
FAM203A;FAM203B	FAM203A;FAM203B
HIVEP1;OTTHUMG00000014264;RP11-456H18.2	HIVEP1;OTTHUMG00000014264;RP11-456H18.2
HEPACAM;HEPN1	HEPACAM;HEPN1
OTTHUMG00000009207;RP4-694A7.4	OTTHUMG00000009207;RP4-694A7.4
COL10A1	COL10A1
OTTHUMG00000019287;RP11-432J24.2	OTTHUMG00000019287;RP11-432J24.2
OTTHUMG00000046176;RP11-29B9.2	OTTHUMG00000046176;RP11-29B9.2
OR11G2	OR11G2
SERPINE3	SERPINE3
MAPT-AS1	MAPT-AS1
NTS	NTS
LOC100505630;SRGAP2B	LOC100505630;SRGAP2B
AKNAD1	AKNAD1
NSAP11;OTTHUMG00000163712;RP11-161I2.1	NSAP11;OTTHUMG00000163712;RP11-161I2.1
METRNL	METRNL
MIR4679-1	MIR4679-1
OTTHUMG00000037053;RP1-178F15.3	OTTHUMG00000037053;RP1-178F15.3
OTTHUMG00000015909;RP11-732M18.3	OTTHUMG00000015909;RP11-732M18.3
PLA2G4F	PLA2G4F
CLNS1A	CLNS1A
FABP12	FABP12
OR5H14	OR5H14
KRT77	KRT77
AL133247.2;OTTHUMG00000152058	AL133247.2;OTTHUMG00000152058
AGMAT	AGMAT
OTTHUMG00000163989;RP1-273G13.3	OTTHUMG00000163989;RP1-273G13.3
OTTHUMG00000045372;RP11-98D18.1	OTTHUMG00000045372;RP11-98D18.1
FBXL6	FBXL6
YTHDF3	YTHDF3
CEP76	CEP76
C20orf196	C20orf196
KRTAP20-2	KRTAP20-2
EMC2	EMC2
MIR4270	MIR4270
OTTHUMG00000019256;RP11-264E18.1	OTTHUMG00000019256;RP11-264E18.1
GS1-124K5.11;LOC493754;OTTHUMG00000156754	GS1-124K5.11;LOC493754;OTTHUMG00000156754
CTGF	CTGF
LZTR1	LZTR1
ZNF565	ZNF565
OTTHUMG00000151003;RP3-508I15.14	OTTHUMG00000151003;RP3-508I15.14
CPSF4L	CPSF4L
CTC-558O2.2;OTTHUMG00000163057	CTC-558O2.2;OTTHUMG00000163057
XAGE1A;XAGE1B;XAGE1C;XAGE1D;XAGE1E	XAGE1A;XAGE1B;XAGE1C;XAGE1D;XAGE1E
CTC-503K11.2;OTTHUMG00000162810	CTC-503K11.2;OTTHUMG00000162810
MIR4737	MIR4737
SLC6A8	SLC6A8
TSSK6	TSSK6
OTTHUMG00000160946;RP11-6E9.4	OTTHUMG00000160946;RP11-6E9.4
LOC442132	LOC442132
DHX16	DHX16
OTTHUMG00000164213;RP11-109P6.2	OTTHUMG00000164213;RP11-109P6.2
NPW	NPW
TACSTD2	TACSTD2
RNY3P2	RNY3P2
ASPH	ASPH
EMG1	EMG1
KIAA1949;OTTHUMG00000031537;PPP1R18	KIAA1949;OTTHUMG00000031537;PPP1R18
OTTHUMG00000164478;RP11-10J21.3	OTTHUMG00000164478;RP11-10J21.3
OTTHUMG00000003649;RP11-442N24__B.1	OTTHUMG00000003649;RP11-442N24__B.1
RNA5SP127	RNA5SP127
OTTHUMG00000018647;RP11-113E21.1	OTTHUMG00000018647;RP11-113E21.1
LINC00242	LINC00242
CCRL1	CCRL1
CTD-2247C11.4;OTTHUMG00000161659	CTD-2247C11.4;OTTHUMG00000161659
DRD5	DRD5
LINC00864;OTTHUMG00000018674;RP11-399L7.2	LINC00864;OTTHUMG00000018674;RP11-399L7.2
KLHL17	KLHL17
IRF6;OTTHUMG00000036951;RP3-434O14.8	IRF6;OTTHUMG00000036951;RP3-434O14.8
NPFF	NPFF
CMTM5	CMTM5
AC005009.1;OTTHUMG00000153976	AC005009.1;OTTHUMG00000153976
PBX3	PBX3
RNU6-45P	RNU6-45P
PLCB1-IT1	PLCB1-IT1
BANK1	BANK1
MIR2117	MIR2117
OTTHUMG00000165002;RP11-959I15.4	OTTHUMG00000165002;RP11-959I15.4
OTTHUMG00000150598;RP5-1119A7.10	OTTHUMG00000150598;RP5-1119A7.10
FFAR1	FFAR1
HSD52;OTTHUMG00000008403;RP11-470E16.1	HSD52;OTTHUMG00000008403;RP11-470E16.1
GPR89A;GPR89B;GPR89C	GPR89A;GPR89B;GPR89C
NAA15	NAA15
ARMS2	ARMS2
SPPL2C	SPPL2C
OTTHUMG00000164175;RP11-489O18.1	OTTHUMG00000164175;RP11-489O18.1
GPATCH8	GPATCH8
NDUFS2	NDUFS2
SNORD37	SNORD37
OTTHUMG00000163717;RP11-618M23.2	OTTHUMG00000163717;RP11-618M23.2
CYP2A7	CYP2A7
ZBTB49	ZBTB49
SNORA70D	SNORA70D
IGKV3D-7	IGKV3D-7
SPEF1	SPEF1
CSTF3-AS1	CSTF3-AS1
SMIM2-AS1	SMIM2-AS1
KRT25	KRT25
AC095067.1;OTTHUMG00000155554	AC095067.1;OTTHUMG00000155554
C1RL	C1RL
IGHD3-22	IGHD3-22
OTTHUMG00000041452;RP1-120G22.11	OTTHUMG00000041452;RP1-120G22.11
EPGN	EPGN
HRH4	HRH4
OTTHUMG00000156469;RP11-3N2.1	OTTHUMG00000156469;RP11-3N2.1
OLFM4	OLFM4
PCDHGB5	PCDHGB5
TRAJ2	TRAJ2
F8A1;F8A2;F8A3	F8A1;F8A2;F8A3
HCG21	HCG21
IGLV11-55	IGLV11-55
LOC494127	LOC494127
TXNL4B	TXNL4B
MLYCD	MLYCD
MIR346	MIR346
KIF5B	KIF5B
RNF25	RNF25
HCG22	HCG22
COX14	COX14
ERMAP	ERMAP
C2CD4D	C2CD4D
OTTHUMG00000009067;RP5-1044H5.1	OTTHUMG00000009067;RP5-1044H5.1
SSH3	SSH3
LOC100505985;OTTHUMG00000014829;RP11-397G17.1	LOC100505985;OTTHUMG00000014829;RP11-397G17.1
OTTHUMG00000017366;RP11-315H15.1	OTTHUMG00000017366;RP11-315H15.1
MAFIP;TEKT4P2	MAFIP;TEKT4P2
AP001891.1;OTTHUMG00000045137	AP001891.1;OTTHUMG00000045137
MIR4799	MIR4799
LOC100131289	LOC100131289
OTTHUMG00000010623;RP11-78O9.1	OTTHUMG00000010623;RP11-78O9.1
CTC-236F12.4;OTTHUMG00000162309	CTC-236F12.4;OTTHUMG00000162309
FAM102B	FAM102B
OTTHUMG00000150939;RP1-85F18.6	OTTHUMG00000150939;RP1-85F18.6
MATN3	MATN3
AC023115.4;OTTHUMG00000152879	AC023115.4;OTTHUMG00000152879
PHF2P2	PHF2P2
RNA5SP328	RNA5SP328
CDC14C	CDC14C
GNPTG	GNPTG
PAFAH1B1	PAFAH1B1
ABO	ABO
ADAMTS2	ADAMTS2
MINA	MINA
RNY1P4	RNY1P4
FLJ41278	FLJ41278
CAHM	CAHM
CTD-2215E18.1;OTTHUMG00000162702;OTTHUMG00000162866;RP11-155G15.2	CTD-2215E18.1;OTTHUMG00000162702;OTTHUMG00000162866;RP11-155G15.2
CDK13	CDK13
AC011899.9;LOC100506585;OTTHUMG00000152644	AC011899.9;LOC100506585;OTTHUMG00000152644
AC002463.3;OTTHUMG00000155194	AC002463.3;OTTHUMG00000155194
AC011747.7;OTTHUMG00000151625	AC011747.7;OTTHUMG00000151625
OTTHUMG00000159928;RP3-330M21.5	OTTHUMG00000159928;RP3-330M21.5
KCNJ9	KCNJ9
AC005518.2;LOC100507538;OTTHUMG00000152747	AC005518.2;LOC100507538;OTTHUMG00000152747
MID1IP1-AS1	MID1IP1-AS1
TMEM212-AS1	TMEM212-AS1
GLUD2	GLUD2
IQCF4	IQCF4
OTTHUMG00000015756;RP11-715G15.1	OTTHUMG00000015756;RP11-715G15.1
LOC100505633;OTTHUMG00000024077;RP11-48O20.4	LOC100505633;OTTHUMG00000024077;RP11-48O20.4
C10orf35	C10orf35
AC099344.3;OTTHUMG00000151819	AC099344.3;OTTHUMG00000151819
OTTHUMG00000013261;RP11-292F9.1	OTTHUMG00000013261;RP11-292F9.1
PRMT10	PRMT10
COX4I2	COX4I2
CTD-3007L5.1;OTTHUMG00000161964	CTD-3007L5.1;OTTHUMG00000161964
NAP1L6	NAP1L6
ZAP70	ZAP70
ALDH1L1-AS2	ALDH1L1-AS2
C12orf56	C12orf56
KIF25-AS1	KIF25-AS1
HSPA14	HSPA14
TMPRSS11E	TMPRSS11E
ZHX3	ZHX3
DPH3P1	DPH3P1
FUOM	FUOM
RNU6-50	RNU6-50
MUC22;OTTHUMG00000148750;XXbac-BPG118E17.9	MUC22;OTTHUMG00000148750;XXbac-BPG118E17.9
HRNR	HRNR
AC073043.2;FTCDNL1;OTTHUMG00000154481	AC073043.2;FTCDNL1;OTTHUMG00000154481
IZUMO1	IZUMO1
SFT2D2	SFT2D2
NDUFA3	NDUFA3
HLA-DRB4	HLA-DRB4
CTD-2281E23.1;LOC286083;OTTHUMG00000163636	CTD-2281E23.1;LOC286083;OTTHUMG00000163636
FAM83A	FAM83A
LINC00310	LINC00310
NT5C1B;NT5C1B-RDH14	NT5C1B;NT5C1B-RDH14
RHOXF2;RHOXF2B;ZBTB33	RHOXF2;RHOXF2B;ZBTB33
PERP	PERP
SPDYE5	SPDYE5
GTF2IP1;LOC100093631	GTF2IP1;LOC100093631
KRTAP5-2	KRTAP5-2
OTTHUMG00000015961;RP11-235G24.3	OTTHUMG00000015961;RP11-235G24.3
HOXA-AS2	HOXA-AS2
ZNF280B	ZNF280B
OTTHUMG00000018091;RP11-175I17.4	OTTHUMG00000018091;RP11-175I17.4
ABAT	ABAT
ZSCAN12P1	ZSCAN12P1
CD300C	CD300C
OTTHUMG00000158366;RP11-309L24.2	OTTHUMG00000158366;RP11-309L24.2
RSPH1	RSPH1
C6	C6
OTTHUMG00000158684;RP11-148K1.10	OTTHUMG00000158684;RP11-148K1.10
AMY1A;AMY1B;AMY1C	AMY1A;AMY1B;AMY1C
AP000431.1;OTTHUMG00000074542	AP000431.1;OTTHUMG00000074542
GNG4	GNG4
AC024619.2;OTTHUMG00000132826	AC024619.2;OTTHUMG00000132826
EPS8L1	EPS8L1
AJ239322.1;OTTHUMG00000150221	AJ239322.1;OTTHUMG00000150221
ATP1B4	ATP1B4
CCL8	CCL8
OTTHUMG00000015830;OTTHUMG00000015831;RP1-292B18.4;RP1-297M16.2	OTTHUMG00000015830;OTTHUMG00000015831;RP1-292B18.4;RP1-297M16.2
AP001610.9;OTTHUMG00000086761	AP001610.9;OTTHUMG00000086761
OTTHUMG00000035479;RP11-445P19.1	OTTHUMG00000035479;RP11-445P19.1
OTTHUMG00000022425;RP5-842K24.2	OTTHUMG00000022425;RP5-842K24.2
OTTHUMG00000018428;RP11-472G21.2	OTTHUMG00000018428;RP11-472G21.2
OTTHUMG00000019626;RP11-146N23.4	OTTHUMG00000019626;RP11-146N23.4
LELP1	LELP1
VWA3B	VWA3B
LOC100506813;OTTHUMG00000150405;RP3-439F8.1	LOC100506813;OTTHUMG00000150405;RP3-439F8.1
CTB-22K21.2;OTTHUMG00000162217	CTB-22K21.2;OTTHUMG00000162217
OTTHUMG00000020640;RP11-417B4.2	OTTHUMG00000020640;RP11-417B4.2
OTTHUMG00000019502;RP11-574F11.3	OTTHUMG00000019502;RP11-574F11.3
LOC100506229;OTTHUMG00000160603;RP11-701P16.4	LOC100506229;OTTHUMG00000160603;RP11-701P16.4
OTTHUMG00000148794;XXbac-BPG249D20.9	OTTHUMG00000148794;XXbac-BPG249D20.9
OTTHUMG00000132955;XXbac-BPG249D20.9	OTTHUMG00000132955;XXbac-BPG249D20.9
OTTHUMG00000149022;XXbac-BPG249D20.9	OTTHUMG00000149022;XXbac-BPG249D20.9
OTTHUMG00000004916;XXbac-BPG249D20.9	OTTHUMG00000004916;XXbac-BPG249D20.9
OTTHUMG00000133032;XXbac-BPG249D20.9	OTTHUMG00000133032;XXbac-BPG249D20.9
LOC338817	LOC338817
ACOT2	ACOT2
LOC254099;OTTHUMG00000000827;RP11-465B22.5	LOC254099;OTTHUMG00000000827;RP11-465B22.5
CCR2	CCR2
GORASP1	GORASP1
EXOC2	EXOC2
HLA-A	HLA-A
CCDC63	CCDC63
CGRRF1	CGRRF1
OTTHUMG00000047278;RP11-398K22.12	OTTHUMG00000047278;RP11-398K22.12
NBPF5;NBPF5P	NBPF5;NBPF5P
AC012485.2;OTTHUMG00000152883	AC012485.2;OTTHUMG00000152883
DPY19L2P1	DPY19L2P1
DPP4	DPP4
OTTHUMG00000156985;RP11-408H1.3	OTTHUMG00000156985;RP11-408H1.3
C6orf205;MUC21;OTTHUMG00000149232	C6orf205;MUC21;OTTHUMG00000149232
ENTPD6	ENTPD6
OLAH	OLAH
C5orf22	C5orf22
CARD10	CARD10
CCSAP	CCSAP
MGAT5B	MGAT5B
ARMC2	ARMC2
LOC100134317	LOC100134317
AC002992.4;OTTHUMG00000036381	AC002992.4;OTTHUMG00000036381
GOT2P3	GOT2P3
LRRC31	LRRC31
OTTHUMG00000000624;RP1-163G9.2	OTTHUMG00000000624;RP1-163G9.2
CLEC19A	CLEC19A
SNAR-G1	SNAR-G1
C2orf71	C2orf71
PARL	PARL
AANAT	AANAT
RAB5B	RAB5B
RGSL1	RGSL1
OTTHUMG00000140105;XXbac-BPG254F23.5	OTTHUMG00000140105;XXbac-BPG254F23.5
TCAP	TCAP
OTTHUMG00000022374;RP4-753P9.3;SASH3	OTTHUMG00000022374;RP4-753P9.3;SASH3
OTTHUMG00000021062;RP13-297E16.4	OTTHUMG00000021062;RP13-297E16.4
AGAP7	AGAP7
PINLYP	PINLYP
OTTHUMG00000015393;RP1-105O18.1	OTTHUMG00000015393;RP1-105O18.1
OSCP1	OSCP1
ZNF727	ZNF727
PABPC1P2	PABPC1P2
FGFR4	FGFR4
SPDYE8P	SPDYE8P
AC005540.3;OTTHUMG00000154511	AC005540.3;OTTHUMG00000154511
BIN3-IT1	BIN3-IT1
DUS1L	DUS1L
VPS45	VPS45
GCOM1;MYZAP;POLR2M	GCOM1;MYZAP;POLR2M
LINC00348	LINC00348
PLA2G3	PLA2G3
PARN	PARN
C6orf195	C6orf195
LINC00891;LOC100132741	LINC00891;LOC100132741
PIWIL3	PIWIL3
CTB-174D11.2;OTTHUMG00000163056	CTB-174D11.2;OTTHUMG00000163056
RTN4IP1	RTN4IP1
AP4B1-AS1	AP4B1-AS1
MIR1258	MIR1258
IBTK	IBTK
SUSD2	SUSD2
OTTHUMG00000018294;RP11-809M12.1	OTTHUMG00000018294;RP11-809M12.1
KCNK18	KCNK18
TOMM40L	TOMM40L
CYP26A1	CYP26A1
TFDP3	TFDP3
KIF1C	KIF1C
ZSCAN22	ZSCAN22
AC007131.2;OTTHUMG00000152614	AC007131.2;OTTHUMG00000152614
SUB1P1	SUB1P1
LOC100506810;OTTHUMG00000038017;RP4-781K5.8	LOC100506810;OTTHUMG00000038017;RP4-781K5.8
CYTL1	CYTL1
ALX4	ALX4
OTTHUMG00000015119;RP4-676J13.2	OTTHUMG00000015119;RP4-676J13.2
SDS	SDS
SCGN	SCGN
MYOG	MYOG
OR3A1	OR3A1
OTTHUMG00000163812;RP11-94H18.1	OTTHUMG00000163812;RP11-94H18.1
SLC25A38	SLC25A38
SMIM12-AS1	SMIM12-AS1
FBXO6	FBXO6
C17orf49;RNASEK;RNASEK-C17orf49	C17orf49;RNASEK;RNASEK-C17orf49
FSHR	FSHR
LINC00618	LINC00618
ITPR1	ITPR1
MIR32	MIR32
TCTA	TCTA
FGF12-AS1	FGF12-AS1
GLIS3	GLIS3
MIR4304	MIR4304
OTTHUMG00000162519;RP11-5N11.6	OTTHUMG00000162519;RP11-5N11.6
C20orf118;TLDC2	C20orf118;TLDC2
OR7E2P	OR7E2P
PDZK1	PDZK1
AC090286.4;OTTHUMG00000059413	AC090286.4;OTTHUMG00000059413
RPS26P11	RPS26P11
AC019330.1;OTTHUMG00000154467	AC019330.1;OTTHUMG00000154467
CDKN2D	CDKN2D
DCAF10	DCAF10
TTTY4;TTTY4B;TTTY4C	TTTY4;TTTY4B;TTTY4C
TTTY4;TTTY4B;TTTY4C	TTTY4;TTTY4B;TTTY4C
TTTY4;TTTY4B;TTTY4C	TTTY4;TTTY4B;TTTY4C
OTTHUMG00000160828;RP11-44F21.2	OTTHUMG00000160828;RP11-44F21.2
KRTAP10-11	KRTAP10-11
ACTG1P4;AMY2B;RNPC3	ACTG1P4;AMY2B;RNPC3
MAGEC1	MAGEC1
OTTHUMG00000160635;PRR23A;RP11-771O11.3	OTTHUMG00000160635;PRR23A;RP11-771O11.3
RNA5SP42	RNA5SP42
PTPRE	PTPRE
ACTR10	ACTR10
DDX18P6	DDX18P6
CCL4L1;CCL4L2	CCL4L1;CCL4L2
BCAS2	BCAS2
MIR3132	MIR3132
DNAJC21	DNAJC21
SPAG1	SPAG1
SPCS1	SPCS1
AC097468.7;OTTHUMG00000154666	AC097468.7;OTTHUMG00000154666
LRRC66	LRRC66
PCDHB2	PCDHB2
OTTHUMG00000003078;RP11-169K16.4	OTTHUMG00000003078;RP11-169K16.4
MIR2467	MIR2467
THAP7-AS1	THAP7-AS1
OTTHUMG00000159297;RP11-271C24.2	OTTHUMG00000159297;RP11-271C24.2
PRODH	PRODH
RNA5-8SP2	RNA5-8SP2
CCDC129	CCDC129
MIR4665	MIR4665
LRRC59	LRRC59
MAGEB18	MAGEB18
LOC100505834	LOC100505834
CCBP2	CCBP2
GTF2IRD2;GTF2IRD2B	GTF2IRD2;GTF2IRD2B
OTTHUMG00000008362;RP4-705F19.1	OTTHUMG00000008362;RP4-705F19.1
IL9R	IL9R
NR1D2	NR1D2
MIR1225	MIR1225
RNF157	RNF157
LOC730441	LOC730441
FADD	FADD
DNAJC2	DNAJC2
KCNA5	KCNA5
OTTHUMG00000021439;RP11-571E6.3	OTTHUMG00000021439;RP11-571E6.3
IPO13	IPO13
JMJD4	JMJD4
TDGF1	TDGF1
C2orf61;CALM1;CALM2;CALM3	C2orf61;CALM1;CALM2;CALM3
LMLN	LMLN
SLC1A2	SLC1A2
FMNL2	FMNL2
CTD-2207A17.1;OTTHUMG00000162113	CTD-2207A17.1;OTTHUMG00000162113
OR12D2	OR12D2
OR12D2	OR12D2
AC006372.5;LOC100506534;OTTHUMG00000152645	AC006372.5;LOC100506534;OTTHUMG00000152645
LIM2	LIM2
FAM154B	FAM154B
PGLYRP2	PGLYRP2
MRS2P2	MRS2P2
AC009410.1;OTTHUMG00000153589	AC009410.1;OTTHUMG00000153589
DNAI2	DNAI2
KRT34;LOC100653049	KRT34;LOC100653049
OTTHUMG00000159539;RP11-758P17.3	OTTHUMG00000159539;RP11-758P17.3
TFRC	TFRC
RBP7	RBP7
SEPW1	SEPW1
LINC00881;OTTHUMG00000158712;RP11-6F2.6	LINC00881;OTTHUMG00000158712;RP11-6F2.6
DPPA2P3	DPPA2P3
AFAP1L1	AFAP1L1
CCDC142	CCDC142
LOC100507652;OTTHUMG00000008244;RP11-90C4.2	LOC100507652;OTTHUMG00000008244;RP11-90C4.2
OTTHUMG00000014664;RP11-570K4.1	OTTHUMG00000014664;RP11-570K4.1
LENG8	LENG8
C4orf36;LOC100506746	C4orf36;LOC100506746
MASP2	MASP2
RIPK3	RIPK3
KRTAP8-1	KRTAP8-1
FBXO16	FBXO16
LINC00301	LINC00301
FCGR3B	FCGR3B
FBXO27	FBXO27
OTTHUMG00000132773;XXbac-BPG249D20.9	OTTHUMG00000132773;XXbac-BPG249D20.9
OTTHUMG00000149304;XXbac-BPG249D20.9	OTTHUMG00000149304;XXbac-BPG249D20.9
OTTHUMG00000149535;XXbac-BPG249D20.9	OTTHUMG00000149535;XXbac-BPG249D20.9
G3BP2	G3BP2
OTTHUMG00000037488;RP11-109P14.9	OTTHUMG00000037488;RP11-109P14.9
MIR1324	MIR1324
CDK16	CDK16
AC090627.1;OTTHUMG00000132087	AC090627.1;OTTHUMG00000132087
OTTHUMG00000162669;RP11-116A1.1	OTTHUMG00000162669;RP11-116A1.1
RPL10L	RPL10L
CYR61	CYR61
SPATA24	SPATA24
LOC100996286;OTTHUMG00000161715;RP11-18H21.1	LOC100996286;OTTHUMG00000161715;RP11-18H21.1
MIR591	MIR591
LINC00482	LINC00482
CCDC74A;CCDC74B	CCDC74A;CCDC74B
MIB1	MIB1
OTTHUMG00000014290;RP11-146I2.1	OTTHUMG00000014290;RP11-146I2.1
DDX11L1;DDX11L5	DDX11L1;DDX11L5
OTTHUMG00000149337;XXbac-BPG254F23.5	OTTHUMG00000149337;XXbac-BPG254F23.5
LINC00687	LINC00687
AIF1	AIF1
TRIM37	TRIM37
KRT4	KRT4
LOC100288866;OTTHUMG00000161498;RP5-1029K10.2	LOC100288866;OTTHUMG00000161498;RP5-1029K10.2
S100A3	S100A3
TRIB2	TRIB2
AC073869.19;LOC389043;OTTHUMG00000153602	AC073869.19;LOC389043;OTTHUMG00000153602
MIR4705	MIR4705
TMEM132D	TMEM132D
DEFB103A;DEFB103B	DEFB103A;DEFB103B
OTTHUMG00000021297;RP11-268G12.3	OTTHUMG00000021297;RP11-268G12.3
EMCN-IT2	EMCN-IT2
FOXO6	FOXO6
SNX8	SNX8
SLC10A5	SLC10A5
POM121C	POM121C
CTB-174D11.1;LOC728095;OTTHUMG00000163054	CTB-174D11.1;LOC728095;OTTHUMG00000163054
TMEM180	TMEM180
CAMK2N2	CAMK2N2
SPACA7	SPACA7
ABHD11-AS1;LINC00035	ABHD11-AS1;LINC00035
CTA-407F11.8;LOC100996404;OTTHUMG00000150903	CTA-407F11.8;LOC100996404;OTTHUMG00000150903
SFRP5	SFRP5
OTTHUMG00000158322;RP4-584D14.5	OTTHUMG00000158322;RP4-584D14.5
AC141928.1;LOC100507150;OTTHUMG00000159831	AC141928.1;LOC100507150;OTTHUMG00000159831
AC102953.6;OTTHUMG00000151728	AC102953.6;OTTHUMG00000151728
OTTHUMG00000010848;RP11-57H12.2	OTTHUMG00000010848;RP11-57H12.2
LOC100506392;OTTHUMG00000012128;RP11-31F15.1	LOC100506392;OTTHUMG00000012128;RP11-31F15.1
SYCE3	SYCE3
FBXW7	FBXW7
OR6F1	OR6F1
C20orf24	C20orf24
RBM12B	RBM12B
PMCH	PMCH
ENOX1-AS1	ENOX1-AS1
RNASE3	RNASE3
SLC6A18	SLC6A18
C4orf8;FAM193A;OTTHUMG00000160512	C4orf8;FAM193A;OTTHUMG00000160512
POLR3H	POLR3H
RAB2B	RAB2B
MGAT3	MGAT3
OTTHUMG00000163719;RP11-618M23.3	OTTHUMG00000163719;RP11-618M23.3
OTTHUMG00000004830;TIGD1L	OTTHUMG00000004830;TIGD1L
E4F1	E4F1
IL17RB	IL17RB
OTTHUMG00000035181;RP11-540K16.2	OTTHUMG00000035181;RP11-540K16.2
AC008592.5;OTTHUMG00000162740	AC008592.5;OTTHUMG00000162740
LOC100133461;OTTHUMG00000159968;RP3-513G18.2	LOC100133461;OTTHUMG00000159968;RP3-513G18.2
SYS1	SYS1
MIR620	MIR620
AKAP14	AKAP14
MEFV	MEFV
SAA3P	SAA3P
AC062029.1;OTTHUMG00000155049	AC062029.1;OTTHUMG00000155049
FOXD4	FOXD4
CCL4L1;CCL4L2	CCL4L1;CCL4L2
OTTHUMG00000016089;XX-C2158C12.2	OTTHUMG00000016089;XX-C2158C12.2
AC092652.1;OTTHUMG00000153724	AC092652.1;OTTHUMG00000153724
AGPAT2	AGPAT2
CLDN11	CLDN11
OTTHUMG00000160228;RP11-23P13.4	OTTHUMG00000160228;RP11-23P13.4
CACNA1C-AS1	CACNA1C-AS1
TGFBR3	TGFBR3
UOX	UOX
MIR4524A	MIR4524A
RNA5SP352	RNA5SP352
PPP1R16B	PPP1R16B
TMEM53	TMEM53
AP3D1	AP3D1
MBD3L5	MBD3L5
KCNK9	KCNK9
SIGLEC11	SIGLEC11
LINC00371	LINC00371
LZTFL1	LZTFL1
FNBP1L	FNBP1L
CTD-2024P10.1;OTTHUMG00000162022	CTD-2024P10.1;OTTHUMG00000162022
OTTHUMG00000033126;RP11-267N12.1	OTTHUMG00000033126;RP11-267N12.1
NHS	NHS
CTD-2130F23.2;OTTHUMG00000162103	CTD-2130F23.2;OTTHUMG00000162103
OTTHUMG00000150300;RP1-29C18.10	OTTHUMG00000150300;RP1-29C18.10
LOC340017;OTTHUMG00000161533;RP11-364P22.1	LOC340017;OTTHUMG00000161533;RP11-364P22.1
MYOT	MYOT
LINC00324	LINC00324
CRTAC1	CRTAC1
COL5A3	COL5A3
ZNF157	ZNF157
DHRS9	DHRS9
AIF1	AIF1
OTTHUMG00000019090;RP11-106M7.1	OTTHUMG00000019090;RP11-106M7.1
PUS3	PUS3
NXPE2	NXPE2
MIR133B	MIR133B
AP5S1	AP5S1
SMIM6	SMIM6
OTTHUMG00000022349;RP11-13E5.2	OTTHUMG00000022349;RP11-13E5.2
PYY2	PYY2
IGFBP6	IGFBP6
IFI27	IFI27
KIAA1737	KIAA1737
TRPC5OS	TRPC5OS
GRM7-AS3	GRM7-AS3
ASH1L-AS1	ASH1L-AS1
MIR920	MIR920
OTTHUMG00000017237;RP11-199B17.1	OTTHUMG00000017237;RP11-199B17.1
UNC93B6	UNC93B6
FNBP1	FNBP1
AC068580.5;OTTHUMG00000045359	AC068580.5;OTTHUMG00000045359
OTTHUMG00000162516;RP11-5N11.3	OTTHUMG00000162516;RP11-5N11.3
SARDH	SARDH
OTTHUMG00000002201;RP11-108M9.1	OTTHUMG00000002201;RP11-108M9.1
MIR4635	MIR4635
OTTHUMG00000164506;RP1-16A9.1	OTTHUMG00000164506;RP1-16A9.1
ZNF282	ZNF282
HELZ	HELZ
HAVCR1	HAVCR1
PRSS54	PRSS54
CDK5R1	CDK5R1
OTTHUMG00000161487;RP11-92A5.2	OTTHUMG00000161487;RP11-92A5.2
ZFP3	ZFP3
LOC643037	LOC643037
RNA5SP78	RNA5SP78
HNRNPR	HNRNPR
SNHG8	SNHG8
EBI3	EBI3
COX15	COX15
AC009495.3;OTTHUMG00000154037	AC009495.3;OTTHUMG00000154037
OR2T6	OR2T6
VEGFA	VEGFA
AC078882.1;LRP1B;OTTHUMG00000153687	AC078882.1;LRP1B;OTTHUMG00000153687
CCDC79	CCDC79
SIM2	SIM2
FKBP1AP1	FKBP1AP1
OTTHUMG00000020244;RP11-370F5.4	OTTHUMG00000020244;RP11-370F5.4
CST8	CST8
TSPAN4	TSPAN4
CTA-520D8.2;OTTHUMG00000007915	CTA-520D8.2;OTTHUMG00000007915
PCDHA5	PCDHA5
NPC1L1	NPC1L1
PPT1	PPT1
OTTHUMG00000019458;RP11-509J21.2	OTTHUMG00000019458;RP11-509J21.2
RNA5SP468	RNA5SP468
COL21A1	COL21A1
OTTHUMG00000021757;RP13-57D9.3	OTTHUMG00000021757;RP13-57D9.3
HOXC13	HOXC13
LOC100630918	LOC100630918
OR6T1	OR6T1
ZNF296	ZNF296
SPATA31A5;SPATA31A7	SPATA31A5;SPATA31A7
OTTHUMG00000021953;RP13-348B13.2	OTTHUMG00000021953;RP13-348B13.2
RAET1G	RAET1G
CCL21	CCL21
RFTN2	RFTN2
LOC100130348	LOC100130348
AQR	AQR
CD40LG	CD40LG
ZBTB40-IT1	ZBTB40-IT1
ENPP3	ENPP3
PPP5D1	PPP5D1
FARP1;FARP1-IT1	FARP1;FARP1-IT1
OTTHUMG00000017937;RP11-342D11.3	OTTHUMG00000017937;RP11-342D11.3
KRTAP9-3	KRTAP9-3
OTTHUMG00000164939;RP11-96A1.5	OTTHUMG00000164939;RP11-96A1.5
LILRA6;LILRB3	LILRA6;LILRB3
LOC692247	LOC692247
MIR3152	MIR3152
COL5A1-AS1	COL5A1-AS1
TNFSF10	TNFSF10
RNF208	RNF208
LINC00839;LOC84856	LINC00839;LOC84856
OPN4	OPN4
LINC00534	LINC00534
MIR2054	MIR2054
OTTHUMG00000019035;RP11-549L6.3	OTTHUMG00000019035;RP11-549L6.3
DHX16	DHX16
DHX16	DHX16
CHRM3-AS2	CHRM3-AS2
OR52E4	OR52E4
HAMP	HAMP
RNA5SP510	RNA5SP510
THOC2	THOC2
OTTHUMG00000035545;RP11-316I3.2	OTTHUMG00000035545;RP11-316I3.2
CDSN	CDSN
TRPC2	TRPC2
SIT1	SIT1
LOC100294362	LOC100294362
THY1	THY1
KIR2DS4	KIR2DS4
RFPL3	RFPL3
RNA5SP166	RNA5SP166
OTTHUMG00000156184;RP11-204C23.1	OTTHUMG00000156184;RP11-204C23.1
TMEM120B	TMEM120B
GLRA1	GLRA1
CDC23	CDC23
MIR577	MIR577
LOC100129129	LOC100129129
LINC00322	LINC00322
RNA5SP252	RNA5SP252
GATA3	GATA3
STEAP1	STEAP1
EN1	EN1
RNU6-38	RNU6-38
OTTHUMG00000041449;RP11-488L18.8	OTTHUMG00000041449;RP11-488L18.8
VWA8-AS1	VWA8-AS1
OTTHUMG00000159391;RP11-88H10.2	OTTHUMG00000159391;RP11-88H10.2
RNA5SP334;SAA1	RNA5SP334;SAA1
CSRP1	CSRP1
OTTHUMG00000002257;RP3-467K16.4	OTTHUMG00000002257;RP3-467K16.4
OTTHUMG00000156628;RP11-797H7.5	OTTHUMG00000156628;RP11-797H7.5
OR6V1	OR6V1
MIR4489	MIR4489
STRA6	STRA6
KRTAP19-1	KRTAP19-1
ST13P4	ST13P4
RASD1	RASD1
AC104654.1;OTTHUMG00000152301	AC104654.1;OTTHUMG00000152301
VPS28	VPS28
RNU5F-7P	RNU5F-7P
FOXF2	FOXF2
SHROOM2	SHROOM2
OTTHUMG00000011003;RP11-251P6.1	OTTHUMG00000011003;RP11-251P6.1
TMEM230	TMEM230
HOTAIRM1	HOTAIRM1
AC006004.1;OTTHUMG00000152744	AC006004.1;OTTHUMG00000152744
MTUS2-AS2	MTUS2-AS2
LINC00114	LINC00114
OTTHUMG00000020789;RP11-483H20.6	OTTHUMG00000020789;RP11-483H20.6
C17orf58	C17orf58
CAMSAP2	CAMSAP2
OR56A1	OR56A1
LOC286184;OTTHUMG00000164399;RP11-579E24.1	LOC286184;OTTHUMG00000164399;RP11-579E24.1
ZNF185	ZNF185
NOBOX	NOBOX
DUX4L4	DUX4L4
LINC00364	LINC00364
OTTHUMG00000020728;RP11-379C10.4	OTTHUMG00000020728;RP11-379C10.4
AC108051.2;OTTHUMG00000153094	AC108051.2;OTTHUMG00000153094
DIRAS2	DIRAS2
LGI4	LGI4
OTTHUMG00000017563;RP11-482E14.1	OTTHUMG00000017563;RP11-482E14.1
CASQ2	CASQ2
GPR137C	GPR137C
MSANTD1	MSANTD1
MIR1302-10;MIR1302-11;MIR1302-2;MIR1302-9;OTTHUMG00000019418;XXyac-YRM2039.3	MIR1302-10;MIR1302-11;MIR1302-2;MIR1302-9;OTTHUMG00000019418;XXyac-YRM2039.3
WNT9B	WNT9B
OTTHUMG00000013293;RP11-262H14.3	OTTHUMG00000013293;RP11-262H14.3
AC004878.2;OTTHUMG00000165163	AC004878.2;OTTHUMG00000165163
KLHDC8B	KLHDC8B
SOAT2	SOAT2
CTC-535M15.2;OTTHUMG00000163870	CTC-535M15.2;OTTHUMG00000163870
AC007879.5;OTTHUMG00000154795	AC007879.5;OTTHUMG00000154795
PRM3	PRM3
AC147651.1;OTTHUMG00000151413	AC147651.1;OTTHUMG00000151413
MIR1272	MIR1272
DLEU7-AS1	DLEU7-AS1
C2orf82	C2orf82
AC010105.1;OTTHUMG00000152956	AC010105.1;OTTHUMG00000152956
LINC00337	LINC00337
OTTHUMG00000007304;RP11-656D10.3	OTTHUMG00000007304;RP11-656D10.3
PTGES3P3	PTGES3P3
LRRC32	LRRC32
B9D1	B9D1
OTTHUMG00000019491;RP11-39K24.10	OTTHUMG00000019491;RP11-39K24.10
MFSD7	MFSD7
RNA5SP187	RNA5SP187
CTD-2383I20.1;OTTHUMG00000161630	CTD-2383I20.1;OTTHUMG00000161630
OTTHUMG00000160300;RP11-565A3.1	OTTHUMG00000160300;RP11-565A3.1
TOB1-AS1	TOB1-AS1
AC007463.2;OTTHUMG00000151589	AC007463.2;OTTHUMG00000151589
OTTHUMG00000164701;RP11-402L5.1	OTTHUMG00000164701;RP11-402L5.1
C7orf29;ZBED6CL	C7orf29;ZBED6CL
TRNAI2	TRNAI2
BAP1	BAP1
ANKRD35;LOC101060345	ANKRD35;LOC101060345
AC073409.1;OTTHUMG00000153426	AC073409.1;OTTHUMG00000153426
C19orf52	C19orf52
LOC374443	LOC374443
KRT85	KRT85
OTTHUMG00000018926;RP11-324L3.1	OTTHUMG00000018926;RP11-324L3.1
EXTL1	EXTL1
ANXA2	ANXA2
FAM222A	FAM222A
OTTHUMG00000017565;RP11-184A2.2	OTTHUMG00000017565;RP11-184A2.2
OTTHUMG00000000491;RP5-864K19.4	OTTHUMG00000000491;RP5-864K19.4
CCDC141	CCDC141
TBC1D9B	TBC1D9B
LOC643733	LOC643733
GABRQ	GABRQ
MAOB	MAOB
MPG	MPG
OTTHUMG00000159656;RP11-529G21.2	OTTHUMG00000159656;RP11-529G21.2
IPPK	IPPK
RNA5SP101	RNA5SP101
ARHGAP40	ARHGAP40
MSRA	MSRA
CTD-2201G3.1;OTTHUMG00000162864	CTD-2201G3.1;OTTHUMG00000162864
KLHL20	KLHL20
LINC00273	LINC00273
ZKSCAN3	ZKSCAN3
LOC101060384;LOC729574;LOC729587	LOC101060384;LOC729574;LOC729587
PSMD3	PSMD3
CCDC158	CCDC158
ANKRD54;MIR658	ANKRD54;MIR658
LOC399753	LOC399753
RNA5SP473	RNA5SP473
OTTHUMG00000011982;RP5-1073O3.7	OTTHUMG00000011982;RP5-1073O3.7
LINC00934	LINC00934
SAMD9L	SAMD9L
CAPS2	CAPS2
KLC1	KLC1
SPRR2C	SPRR2C
MIR320E	MIR320E
PFDN6	PFDN6
PFDN6	PFDN6
PFDN6	PFDN6
C22orf15	C22orf15
TMPRSS11E	TMPRSS11E
TSPY1;TSPY3	TSPY1;TSPY3
TLR1	TLR1
FAXC	FAXC
SYTL1	SYTL1
SMAD5-AS1	SMAD5-AS1
LOC286370;OTTHUMG00000020191;RP11-406A20.4	LOC286370;OTTHUMG00000020191;RP11-406A20.4
L3MBTL2	L3MBTL2
C7orf57	C7orf57
C8orf4	C8orf4
OTTHUMG00000032989;RP4-583P15.10	OTTHUMG00000032989;RP4-583P15.10
ANGPTL1	ANGPTL1
NOLC1	NOLC1
AC079150.3;OTTHUMG00000153820	AC079150.3;OTTHUMG00000153820
AC000111.3;OTTHUMG00000066356	AC000111.3;OTTHUMG00000066356
IGHV3-66	IGHV3-66
BRK1	BRK1
DNAH1	DNAH1
TBC1D22A	TBC1D22A
HMGB3P30	HMGB3P30
SNORA22	SNORA22
NCRNA00171;OTTHUMG00000031389;ZNRD1-AS1	NCRNA00171;OTTHUMG00000031389;ZNRD1-AS1
PDGFA	PDGFA
NMRAL1	NMRAL1
NRL	NRL
KEL	KEL
MIR4800;MXD4	MIR4800;MXD4
WDR13	WDR13
DDR1-AS1	DDR1-AS1
OTTHUMG00000148935;TIGD1L	OTTHUMG00000148935;TIGD1L
OTTHUMG00000149215;TIGD1L	OTTHUMG00000149215;TIGD1L
ANO4	ANO4
TMEM61	TMEM61
OTTHUMG00000158586;RP11-298O21.7	OTTHUMG00000158586;RP11-298O21.7
OTTHUMG00000014828;RP11-719J20.1	OTTHUMG00000014828;RP11-719J20.1
RGS5	RGS5
MIR142	MIR142
ACTL7B	ACTL7B
GSDMD	GSDMD
ZNF593	ZNF593
OTTHUMG00000018243;RP11-40C11.2	OTTHUMG00000018243;RP11-40C11.2
CTD-3105H18.7;OTTHUMG00000156423	CTD-3105H18.7;OTTHUMG00000156423
HS1BP3-IT1	HS1BP3-IT1
C11orf86	C11orf86
AL773572.7;OTTHUMG00000086744;PLAC4	AL773572.7;OTTHUMG00000086744;PLAC4
OTTHUMG00000164192;RP11-44K6.3	OTTHUMG00000164192;RP11-44K6.3
ENAM	ENAM
FOLR2	FOLR2
OTTHUMG00000162497;RP11-60A8.2	OTTHUMG00000162497;RP11-60A8.2
DHX16	DHX16
DHX16	DHX16
APOC2;APOC4	APOC2;APOC4
LOC100129034	LOC100129034
AC009508.1;OTTHUMG00000152555	AC009508.1;OTTHUMG00000152555
OTTHUMG00000162696;RP11-203H19.2	OTTHUMG00000162696;RP11-203H19.2
TMEM191A	TMEM191A
NINJ2	NINJ2
MIR551A	MIR551A
S1PR5	S1PR5
AC109828.1;LOC100505624;OTTHUMG00000151913	AC109828.1;LOC100505624;OTTHUMG00000151913
POU2F3	POU2F3
VPS18	VPS18
GABRE;MIR224;MIR452	GABRE;MIR224;MIR452
GPAT2	GPAT2
AP000892.4;OTTHUMG00000160666	AP000892.4;OTTHUMG00000160666
RNA5SP469	RNA5SP469
KIAA1609;TLDC1	KIAA1609;TLDC1
HSD17B6	HSD17B6
SLC39A12	SLC39A12
OR10H2	OR10H2
RASL12	RASL12
ZFP57	ZFP57
ZFP57	ZFP57
ZFP57	ZFP57
ZFP57	ZFP57
ZFP57	ZFP57
ZFP57	ZFP57
PC	PC
KDM3A	KDM3A
LINC00294	LINC00294
MIS18A-AS1	MIS18A-AS1
SLC6A14	SLC6A14
LINC00381	LINC00381
OTTHUMG00000157112;RP11-132A1.3	OTTHUMG00000157112;RP11-132A1.3
FAM76A	FAM76A
POM121	POM121
ZUFSP	ZUFSP
MPI	MPI
ZBTB8OS	ZBTB8OS
CALD1	CALD1
RHEB	RHEB
MED6	MED6
AC100802.3;OTTHUMG00000163744	AC100802.3;OTTHUMG00000163744
CACNA1D	CACNA1D
FMR1NB	FMR1NB
LINC00207	LINC00207
NEDD8	NEDD8
OTTHUMG00000020423;RP11-235C23.5	OTTHUMG00000020423;RP11-235C23.5
OTTHUMG00000032910;RP11-157P1.4	OTTHUMG00000032910;RP11-157P1.4
OTTHUMG00000009452;RP11-262K1.1	OTTHUMG00000009452;RP11-262K1.1
OTTHUMG00000041231;RP11-392O17.1	OTTHUMG00000041231;RP11-392O17.1
TNP2	TNP2
SOCS7	SOCS7
FAM211B	FAM211B
TMEM106A	TMEM106A
OTTHUMG00000149070;XXbac-BPG254F23.5	OTTHUMG00000149070;XXbac-BPG254F23.5
TRIM11	TRIM11
GADL1	GADL1
LOC100506314	LOC100506314
INHBC	INHBC
CERS1;GDF1	CERS1;GDF1
OTTHUMG00000018345;RP11-153K11.3	OTTHUMG00000018345;RP11-153K11.3
TMPRSS12	TMPRSS12
B3GNT8	B3GNT8
LOC389641;OTTHUMG00000163784;RP11-1149O23.3	LOC389641;OTTHUMG00000163784;RP11-1149O23.3
MIR3160-1	MIR3160-1
RNU4-8P	RNU4-8P
OTTHUMG00000021098;RP11-1M18.1	OTTHUMG00000021098;RP11-1M18.1
OTTHUMG00000161879;RP11-116O11.1	OTTHUMG00000161879;RP11-116O11.1
HCG9	HCG9
HCG9	HCG9
LOC100294145	LOC100294145
LOC100294145	LOC100294145
TTLL2	TTLL2
RBM20	RBM20
OTTHUMG00000015101;RP11-379B8.1	OTTHUMG00000015101;RP11-379B8.1
DUSP1	DUSP1
SDR16C6P	SDR16C6P
SRMS	SRMS
ROGDI	ROGDI
AXDND1	AXDND1
SNORD69	SNORD69
SYT3	SYT3
MIR297	MIR297
PMCHL2	PMCHL2
PPAP2C	PPAP2C
SSPN	SSPN
MIR4302	MIR4302
NRXN1	NRXN1
OTTHUMG00000017632;RP11-385N23.1	OTTHUMG00000017632;RP11-385N23.1
NOTO	NOTO
RAD51B	RAD51B
LOC100129055;OTTHUMG00000017984;OTTHUMG00000017991;RP11-508N22.8;RP11-508N22.9	LOC100129055;OTTHUMG00000017984;OTTHUMG00000017991;RP11-508N22.8;RP11-508N22.9
DNAJC30	DNAJC30
ALS2CR12	ALS2CR12
OTTHUMG00000161434;RP11-6C14.1	OTTHUMG00000161434;RP11-6C14.1
WWC3-AS1	WWC3-AS1
AC008063.2;OTTHUMG00000153863	AC008063.2;OTTHUMG00000153863
TSPYL6	TSPYL6
OR51G2	OR51G2
MAPRE2	MAPRE2
CTNND2	CTNND2
KLF14	KLF14
FAM225A	FAM225A
SULT1E1	SULT1E1
AL162151.4;OTTHUMG00000150114	AL162151.4;OTTHUMG00000150114
MIR302F	MIR302F
LINC00969;SDHAP2	LINC00969;SDHAP2
TMIGD1	TMIGD1
OTTHUMG00000007376;RP1-317E23.3	OTTHUMG00000007376;RP1-317E23.3
SPATA2L	SPATA2L
OTTHUMG00000017835;RP11-435M3.2	OTTHUMG00000017835;RP11-435M3.2
MMP19	MMP19
OTTHUMG00000162169;RP11-182I21.2	OTTHUMG00000162169;RP11-182I21.2
OTTHUMG00000164014;RP11-14I17.2	OTTHUMG00000164014;RP11-14I17.2
SPATA9	SPATA9
MIR4686	MIR4686
MIR4297	MIR4297
AC019048.1;OTTHUMG00000151660	AC019048.1;OTTHUMG00000151660
LOC339166;WSCD1	LOC339166;WSCD1
DIAPH3-AS2	DIAPH3-AS2
AC061992.2;OTTHUMG00000132645	AC061992.2;OTTHUMG00000132645
OR2F2	OR2F2
MIR566	MIR566
KRT72	KRT72
DMXL2	DMXL2
TEFM	TEFM
LINC00469	LINC00469
AC106870.1;OTTHUMG00000152001	AC106870.1;OTTHUMG00000152001
LRRK2	LRRK2
DCST1	DCST1
LOC100505775;OTTHUMG00000164136;RP11-350F16.1	LOC100505775;OTTHUMG00000164136;RP11-350F16.1
LCN8	LCN8
SFTA2	SFTA2
PTTG1IP	PTTG1IP
MBL2	MBL2
SRGN	SRGN
HEXA	HEXA
C1orf63	C1orf63
LOC101060179;PRDM11	LOC101060179;PRDM11
LINC00372	LINC00372
RNU6-62	RNU6-62
OTTHUMG00000035019;RP4-765C7.1	OTTHUMG00000035019;RP4-765C7.1
LIG4	LIG4
ANKRD34B	ANKRD34B
CLK3	CLK3
DHX16	DHX16
TRIML2	TRIML2
OTTHUMG00000020123;RP11-202I11.2	OTTHUMG00000020123;RP11-202I11.2
ENTPD1;OTTHUMG00000018817;RP11-429G19.3	ENTPD1;OTTHUMG00000018817;RP11-429G19.3
OTTHUMG00000037718;RP11-100E13.1	OTTHUMG00000037718;RP11-100E13.1
ETV7	ETV7
PPTC7	PPTC7
KIF6	KIF6
SCAP	SCAP
AC125421.1;LOC400620;OTTHUMG00000132223	AC125421.1;LOC400620;OTTHUMG00000132223
TRIB3	TRIB3
AC020571.3;OTTHUMG00000154462	AC020571.3;OTTHUMG00000154462
TEKT5	TEKT5
LINC00345	LINC00345
RNA5SP112	RNA5SP112
CTC-207P7.1;OTTHUMG00000162876	CTC-207P7.1;OTTHUMG00000162876
OTTHUMG00000041417;RP11-407H12.8	OTTHUMG00000041417;RP11-407H12.8
LINC00393	LINC00393
OTTHUMG00000007569;RP5-994D16.9	OTTHUMG00000007569;RP5-994D16.9
OTTHUMG00000158917;TRBV27;U66061.31	OTTHUMG00000158917;TRBV27;U66061.31
CCL3L1;CCL3L3	CCL3L1;CCL3L3
MYH1	MYH1
LCE2A	LCE2A
RNA5SP210	RNA5SP210
LINC00589	LINC00589
KCNJ14	KCNJ14
OR10A3	OR10A3
C6orf10	C6orf10
OTTHUMG00000012147;RP11-39H13.1	OTTHUMG00000012147;RP11-39H13.1
OTTHUMG00000024094;RP11-265P11.1	OTTHUMG00000024094;RP11-265P11.1
OTTHUMG00000021244;RP11-494I9.2	OTTHUMG00000021244;RP11-494I9.2
STXBP2	STXBP2
ACAD8	ACAD8
OR12D3	OR12D3
OTTHUMG00000046284;RP11-298J23.5	OTTHUMG00000046284;RP11-298J23.5
KLHL32	KLHL32
SLC30A1	SLC30A1
IFNA16	IFNA16
AP000431.2;OTTHUMG00000074550	AP000431.2;OTTHUMG00000074550
AC068610.3;OTTHUMG00000065346	AC068610.3;OTTHUMG00000065346
TTC28-AS1	TTC28-AS1
OTTHUMG00000161245;RP11-554D13.1	OTTHUMG00000161245;RP11-554D13.1
OTTHUMG00000017016;RP11-168G22.3	OTTHUMG00000017016;RP11-168G22.3
ITGB1BP2	ITGB1BP2
OTTHUMG00000035251;RP11-502H18.2	OTTHUMG00000035251;RP11-502H18.2
TUBB6	TUBB6
NRGN	NRGN
LOC283214	LOC283214
LOC400692	LOC400692
MTMR9LP	MTMR9LP
SNORD91B	SNORD91B
RNA5SP471	RNA5SP471
KB-1930G5.4;OTTHUMG00000164832	KB-1930G5.4;OTTHUMG00000164832
ANKRD66	ANKRD66
GSTA4	GSTA4
LOC158434	LOC158434
LOC100509646;PRY;PRY2;PRYP4	LOC100509646;PRY;PRY2;PRYP4
OTTHUMG00000014090;RP11-495P10.6	OTTHUMG00000014090;RP11-495P10.6
RAB11FIP3	RAB11FIP3
AP001471.1;OTTHUMG00000090438	AP001471.1;OTTHUMG00000090438
GLRX2	GLRX2
FCER2	FCER2
TTLL9	TTLL9
WAC-AS1	WAC-AS1
OTTHUMG00000021379;RP11-524P6.1	OTTHUMG00000021379;RP11-524P6.1
IGHV3-43	IGHV3-43
ZNF527	ZNF527
RPS11P6	RPS11P6
ABCA1	ABCA1
NUP98	NUP98
CXorf68;SMIM9	CXorf68;SMIM9
HSPG2	HSPG2
NCF4	NCF4
OTTHUMG00000018228;RP11-512N4.2	OTTHUMG00000018228;RP11-512N4.2
OTTHUMG00000000647;RP1-37J18.2	OTTHUMG00000000647;RP1-37J18.2
CTD-2024D23.1;LOC100130964;OTTHUMG00000164039	CTD-2024D23.1;LOC100130964;OTTHUMG00000164039
JKAMP	JKAMP
MIR200A	MIR200A
TRIM31	TRIM31
CLSTN1	CLSTN1
LOC100996339	LOC100996339
FTH1	FTH1
DHX16	DHX16
OTTHUMG00000037789;RP5-858B6.1	OTTHUMG00000037789;RP5-858B6.1
FSTL1;MIR198	FSTL1;MIR198
OTTHUMG00000037620;RP5-1087E8.3	OTTHUMG00000037620;RP5-1087E8.3
MPL	MPL
OTTHUMG00000164414;RP11-17A4.4	OTTHUMG00000164414;RP11-17A4.4
MIR488	MIR488
GNAZ	GNAZ
OTTHUMG00000019970;RP11-274B18.4	OTTHUMG00000019970;RP11-274B18.4
FRRS1	FRRS1
RASAL2	RASAL2
RAB32	RAB32
OTTHUMG00000160709;RP11-807H7.2	OTTHUMG00000160709;RP11-807H7.2
LINC00606	LINC00606
MTO1	MTO1
BAZ2A	BAZ2A
OTTHUMG00000164599;OTTHUMG00000164677;RP11-157I4.4;RP11-257P3.3	OTTHUMG00000164599;OTTHUMG00000164677;RP11-157I4.4;RP11-257P3.3
LINC00442	LINC00442
LOC146513	LOC146513
KIAA0930	KIAA0930
TRPC6	TRPC6
ARL2-SNX15;SNX15	ARL2-SNX15;SNX15
RNU6-67P	RNU6-67P
TMEM213	TMEM213
GPR31	GPR31
DMRT1	DMRT1
MIR3156-3	MIR3156-3
CHEK2P5	CHEK2P5
LINC00352	LINC00352
ZNF541	ZNF541
POU3F1	POU3F1
OTTHUMG00000164038;RP11-122L4.1	OTTHUMG00000164038;RP11-122L4.1
OTTHUMG00000156131;RP11-310H4.2	OTTHUMG00000156131;RP11-310H4.2
PGLYRP1	PGLYRP1
LINC00963;OTTHUMG00000020783;OTTHUMG00000046208;RP11-492E3.1;RP11-492E3.51	LINC00963;OTTHUMG00000020783;OTTHUMG00000046208;RP11-492E3.1;RP11-492E3.51
CH25H	CH25H
TBC1D12	TBC1D12
AC092625.1;OTTHUMG00000153807	AC092625.1;OTTHUMG00000153807
ALG12	ALG12
PARD6A	PARD6A
OTTHUMG00000035527;RP11-445J9.1	OTTHUMG00000035527;RP11-445J9.1
CTD-2061E19.6;OTTHUMG00000162816	CTD-2061E19.6;OTTHUMG00000162816
SLC2A2	SLC2A2
AKAP3	AKAP3
OTTHUMG00000164937;RP11-431J17.1	OTTHUMG00000164937;RP11-431J17.1
OTTHUMG00000161462;RP11-768B22.2	OTTHUMG00000161462;RP11-768B22.2
WFDC6	WFDC6
OTTHUMG00000161218;RP11-780O17.1	OTTHUMG00000161218;RP11-780O17.1
TRPS1	TRPS1
SH2B3	SH2B3
SPAG9	SPAG9
KCNV2	KCNV2
HCG21	HCG21
OTTHUMG00000015092;RP11-250B2.3	OTTHUMG00000015092;RP11-250B2.3
EVI2B	EVI2B
GID4	GID4
CACTIN	CACTIN
NKAP	NKAP
GATA4	GATA4
NINL	NINL
LOC100996679	LOC100996679
LOC152225;OTTHUMG00000159212;OTTHUMG00000159237;RP11-221J22.1;RP11-221J22.2	LOC152225;OTTHUMG00000159212;OTTHUMG00000159237;RP11-221J22.1;RP11-221J22.2
TENM1	TENM1
PSORS1C3	PSORS1C3
PSORS1C3	PSORS1C3
LOC283038;OTTHUMG00000019230;RP11-383C5.3	LOC283038;OTTHUMG00000019230;RP11-383C5.3
PDIA3P	PDIA3P
MIR181D	MIR181D
SEC14L4	SEC14L4
OTTHUMG00000163965;RP11-304F15.6	OTTHUMG00000163965;RP11-304F15.6
OR6K3	OR6K3
DNAH2	DNAH2
OTTHUMG00000022655;XX-FW83128A1.2	OTTHUMG00000022655;XX-FW83128A1.2
RAB11FIP2	RAB11FIP2
AGPAT1	AGPAT1
MIR200C	MIR200C
AC007255.8;OTTHUMG00000152753	AC007255.8;OTTHUMG00000152753
CCL11	CCL11
PMFBP1	PMFBP1
AC008753.4;OTTHUMG00000060779	AC008753.4;OTTHUMG00000060779
TRAC;TRAJ10;TRAJ11;TRAJ12;TRAJ13;TRAJ16;TRAJ17;TRAJ18;TRAJ20;TRAJ21;TRAJ22;TRAJ23;TRAJ24;TRAJ26;TRAJ27;TRAJ28;TRAJ29;TRAJ3;TRAJ30;TRAJ31;TRAJ32;TRAJ33;TRAJ34;TRAJ35;TRAJ36;TRAJ37;TRAJ39;TRAJ4;TRAJ40;TRAJ41;TRAJ42;TRAJ43;TRAJ44;TRAJ45;TRAJ46;TRAJ47;TRAJ48;TRAJ49;TRAJ5;TRAJ50;TRAJ52;TRAJ53;TRAJ54;TRAJ56;TRAJ57;TRAJ58;TRAJ6;TRAJ7;TRAJ8;TRAJ9;TRAV1-2;TRAV10;TRAV12-3;TRAV16;TRAV17;TRAV18;TRAV19;TRAV21;TRAV22;TRAV23DV6;TRAV26-1;TRAV26-2;TRAV27;TRAV29DV5;TRAV3;TRAV35;TRAV36DV7;TRAV38-2DV8;TRAV8-2;TRAV8-4;TRAV8-6;TRAV9-2;TRDV2	TRAC;TRAJ10;TRAJ11;TRAJ12;TRAJ13;TRAJ16;TRAJ17;TRAJ18;TRAJ20;TRAJ21;TRAJ22;TRAJ23;TRAJ24;TRAJ26;TRAJ27;TRAJ28;TRAJ29;TRAJ3;TRAJ30;TRAJ31;TRAJ32;TRAJ33;TRAJ34;TRAJ35;TRAJ36;TRAJ37;TRAJ39;TRAJ4;TRAJ40;TRAJ41;TRAJ42;TRAJ43;TRAJ44;TRAJ45;TRAJ46;TRAJ47;TRAJ48;TRAJ49;TRAJ5;TRAJ50;TRAJ52;TRAJ53;TRAJ54;TRAJ56;TRAJ57;TRAJ58;TRAJ6;TRAJ7;TRAJ8;TRAJ9;TRAV1-2;TRAV10;TRAV12-3;TRAV16;TRAV17;TRAV18;TRAV19;TRAV21;TRAV22;TRAV23DV6;TRAV26-1;TRAV26-2;TRAV27;TRAV29DV5;TRAV3;TRAV35;TRAV36DV7;TRAV38-2DV8;TRAV8-2;TRAV8-4;TRAV8-6;TRAV9-2;TRDV2
PRSS30P	PRSS30P
MIR548I4	MIR548I4
AC074389.9;OTTHUMG00000151496	AC074389.9;OTTHUMG00000151496
ADPRHL2	ADPRHL2
OTTHUMG00000160051;OTTHUMG00000160052;RP11-774O3.1;RP11-774O3.2	OTTHUMG00000160051;OTTHUMG00000160052;RP11-774O3.1;RP11-774O3.2
LINC00173	LINC00173
OR10G4	OR10G4
LOC100506304;OTTHUMG00000019563;RP11-536O18.1	LOC100506304;OTTHUMG00000019563;RP11-536O18.1
RGMA	RGMA
AC007395.3;OTTHUMG00000153445	AC007395.3;OTTHUMG00000153445
HHLA2	HHLA2
RAD9B	RAD9B
OTTHUMG00000019126;RP11-328K15.1	OTTHUMG00000019126;RP11-328K15.1
NET1	NET1
ZSCAN26	ZSCAN26
ZNF182	ZNF182
IGHV4-39	IGHV4-39
PARP4	PARP4
LOC642929;OTTHUMG00000013273;OTTHUMG00000013274;RP11-327I22.5;RP11-327I22.6	LOC642929;OTTHUMG00000013273;OTTHUMG00000013274;RP11-327I22.5;RP11-327I22.6
RASA3-IT1	RASA3-IT1
ZNF530	ZNF530
FARSA	FARSA
NCALD	NCALD
OTTHUMG00000032886;RP11-429E11.2	OTTHUMG00000032886;RP11-429E11.2
DDX11L1;DDX11L5;DDX11L9	DDX11L1;DDX11L5;DDX11L9
LOC283914	LOC283914
CCDC126	CCDC126
IL9R	IL9R
LINC00582	LINC00582
PTN	PTN
OTTHUMG00000160084;RP11-460I19.2	OTTHUMG00000160084;RP11-460I19.2
CHEK2	CHEK2
OTTHUMG00000021064;RP13-297E16.5	OTTHUMG00000021064;RP13-297E16.5
ARID4B-IT1	ARID4B-IT1
AC007563.1;OTTHUMG00000155313	AC007563.1;OTTHUMG00000155313
GSN-AS1	GSN-AS1
PTGER1	PTGER1
PDE9A	PDE9A
CCDC112	CCDC112
MIR3162	MIR3162
DNAJA3	DNAJA3
MYO19	MYO19
OTTHUMG00000032052;RP4-753D10.5	OTTHUMG00000032052;RP4-753D10.5
ACTA2-AS1;LOC100132116;OTTHUMG00000018703;RP11-399O19.5	ACTA2-AS1;LOC100132116;OTTHUMG00000018703;RP11-399O19.5
OTTHUMG00000009148;RP11-5P4.2	OTTHUMG00000009148;RP11-5P4.2
OTTHUMG00000153574;RP11-207N4.3	OTTHUMG00000153574;RP11-207N4.3
RNU4ATAC	RNU4ATAC
CATSPER3	CATSPER3
LINC00550	LINC00550
MPP5	MPP5
GPR152	GPR152
KLK13	KLK13
LOC100506610;OTTHUMG00000021152;RP11-1L9.1	LOC100506610;OTTHUMG00000021152;RP11-1L9.1
CPA2	CPA2
TRBV7-8	TRBV7-8
AGBL3	AGBL3
SEMA3D	SEMA3D
RNA5SP498	RNA5SP498
RNA5SP498	RNA5SP498
GAS2L2	GAS2L2
TYROBP	TYROBP
CALCRL	CALCRL
SH3BP1	SH3BP1
RXFP3	RXFP3
OTTHUMG00000162881;RP11-492L8.2	OTTHUMG00000162881;RP11-492L8.2
RTCA	RTCA
KIF25	KIF25
COMMD9	COMMD9
IGHV3-35	IGHV3-35
EFEMP2	EFEMP2
NCRNA00171;OTTHUMG00000148736;ZNRD1-AS1	NCRNA00171;OTTHUMG00000148736;ZNRD1-AS1
NCRNA00171;OTTHUMG00000148915;ZNRD1-AS1	NCRNA00171;OTTHUMG00000148915;ZNRD1-AS1
OTTHUMG00000018545;RP13-39P12.3	OTTHUMG00000018545;RP13-39P12.3
OTTHUMG00000020400;RP11-436F21.1	OTTHUMG00000020400;RP11-436F21.1
EHMT1-IT1	EHMT1-IT1
PDIA3	PDIA3
LOC152578;OTTHUMG00000160696;RP11-752D24.3	LOC152578;OTTHUMG00000160696;RP11-752D24.3
RNA5SP176	RNA5SP176
ADRA1D	ADRA1D
SLC35B1	SLC35B1
C9orf84	C9orf84
FLJ46300	FLJ46300
CDK2AP2	CDK2AP2
TEX13B	TEX13B
LOC101060141;TPRG1	LOC101060141;TPRG1
OR4D6	OR4D6
OTTHUMG00000015829;RP1-292B18.3	OTTHUMG00000015829;RP1-292B18.3
ABCC5	ABCC5
MIR4479	MIR4479
AC013727.1;OTTHUMG00000153045	AC013727.1;OTTHUMG00000153045
SNORA70E	SNORA70E
OTTHUMG00000020432;RP11-6F6.1	OTTHUMG00000020432;RP11-6F6.1
RACGAP1P	RACGAP1P
IFNLR1;IL28RA	IFNLR1;IL28RA
SERPINB11	SERPINB11
KRT32	KRT32
C6orf47	C6orf47
NAA10	NAA10
MIR4720	MIR4720
ZNF574	ZNF574
RFX1	RFX1
OTTHUMG00000017707;RP11-397C18.2	OTTHUMG00000017707;RP11-397C18.2
XRCC6P5	XRCC6P5
OTTHUMG00000159518;RP11-680B3.2	OTTHUMG00000159518;RP11-680B3.2
RLN3	RLN3
AC007952.5;OTTHUMG00000059428	AC007952.5;OTTHUMG00000059428
LYPD4	LYPD4
SLC26A4	SLC26A4
CXCR6	CXCR6
HPX	HPX
OR10AB1P	OR10AB1P
CTD-2050E21.2;OTTHUMG00000163170	CTD-2050E21.2;OTTHUMG00000163170
AP001626.1;OTTHUMG00000086813	AP001626.1;OTTHUMG00000086813
BCL2A1	BCL2A1
AC011196.3;OTTHUMG00000056662	AC011196.3;OTTHUMG00000056662
AC010884.1;OTTHUMG00000153077	AC010884.1;OTTHUMG00000153077
KC6	KC6
OTTHUMG00000017762;RP11-499P20.2	OTTHUMG00000017762;RP11-499P20.2
CTD-3184A7.4;LOC100505771;OTTHUMG00000032983	CTD-3184A7.4;LOC100505771;OTTHUMG00000032983
TPTE2	TPTE2
OTTHUMG00000159155;RP11-475O23.2	OTTHUMG00000159155;RP11-475O23.2
CTD-2350J17.1;OTTHUMG00000161797	CTD-2350J17.1;OTTHUMG00000161797
OR52B6	OR52B6
OTTHUMG00000031675;RP11-77C3.3	OTTHUMG00000031675;RP11-77C3.3
OTTHUMG00000018393;RP11-242G20.1	OTTHUMG00000018393;RP11-242G20.1
MIR548F3	MIR548F3
C15orf60	C15orf60
CPT1B	CPT1B
SNORD59B	SNORD59B
MAGEA2;MAGEA2B	MAGEA2;MAGEA2B
AGL	AGL
MIR4462	MIR4462
OTTHUMG00000035786;RP11-168O16.2	OTTHUMG00000035786;RP11-168O16.2
MIR541	MIR541
INCA1	INCA1
NRAP	NRAP
FLG2	FLG2
OR2H2	OR2H2
OR2H2	OR2H2
PFDN2	PFDN2
BX470102.3;OTTHUMG00000013548	BX470102.3;OTTHUMG00000013548
MIR4536-1	MIR4536-1
PAOX	PAOX
AC018737.3;OTTHUMG00000153333	AC018737.3;OTTHUMG00000153333
MIR3197	MIR3197
NHLRC4;PIGQ	NHLRC4;PIGQ
AC012507.4;OTTHUMG00000153836	AC012507.4;OTTHUMG00000153836
IGHV4-28;LOC100653243;LOC642131	IGHV4-28;LOC100653243;LOC642131
CPXM2	CPXM2
CBX3P2	CBX3P2
KIFC1	KIFC1
SNIP1	SNIP1
RNA5SP391	RNA5SP391
OTTHUMG00000164265;RP11-61G23.2	OTTHUMG00000164265;RP11-61G23.2
ARHGEF19-AS1	ARHGEF19-AS1
RND2	RND2
OTTHUMG00000163155;RP11-438C19.2	OTTHUMG00000163155;RP11-438C19.2
SLC30A9	SLC30A9
SDC4	SDC4
DNAJC9-AS1;OTTHUMG00000018456;OTTHUMG00000018460;RP11-152N13.4;RP11-537A6.7	DNAJC9-AS1;OTTHUMG00000018456;OTTHUMG00000018460;RP11-152N13.4;RP11-537A6.7
AC124861.1;OTTHUMG00000152377	AC124861.1;OTTHUMG00000152377
NOTCH3	NOTCH3
C11orf94	C11orf94
SERPINA7	SERPINA7
HMX1	HMX1
AC073283.7;OTTHUMG00000153134	AC073283.7;OTTHUMG00000153134
OTTHUMG00000020178;RP11-82L18.4;SHC3	OTTHUMG00000020178;RP11-82L18.4;SHC3
OTTHUMG00000032911;RP11-157P1.5	OTTHUMG00000032911;RP11-157P1.5
IGHV3-9	IGHV3-9
CTD-2015A6.2;OTTHUMG00000162768	CTD-2015A6.2;OTTHUMG00000162768
IGHD3-16	IGHD3-16
CEP120	CEP120
OR51F2	OR51F2
ASTN2	ASTN2
CTD-2377D24.6;LOC100506373;OTTHUMG00000159905	CTD-2377D24.6;LOC100506373;OTTHUMG00000159905
ZC2HC1B	ZC2HC1B
AC004920.3;OTTHUMG00000155977	AC004920.3;OTTHUMG00000155977
KRT12	KRT12
TNF	TNF
TNF	TNF
TNF	TNF
TNF	TNF
TNF	TNF
TNF	TNF
TNF	TNF
MIR429	MIR429
ATP13A3	ATP13A3
ADAMTS10	ADAMTS10
RNA5SP309	RNA5SP309
SSX2IP	SSX2IP
RNA5SP138	RNA5SP138
LL22NC03-121E8.4;OTTHUMG00000150317	LL22NC03-121E8.4;OTTHUMG00000150317
OTTHUMG00000019075;RP11-211N11.5	OTTHUMG00000019075;RP11-211N11.5
IRGQ	IRGQ
NCS1	NCS1
OTTHUMG00000158020;RP11-10O22.1	OTTHUMG00000158020;RP11-10O22.1
ACOX2	ACOX2
OTTHUMG00000019426;RP11-59O6.3	OTTHUMG00000019426;RP11-59O6.3
AC096669.1;OTTHUMG00000153144	AC096669.1;OTTHUMG00000153144
ZNF28	ZNF28
OTTHUMG00000015126;RP11-132M7.1;TBX18	OTTHUMG00000015126;RP11-132M7.1;TBX18
NKX6-3	NKX6-3
OTTHUMG00000012337;OTTHUMG00000012338;RP4-712E4.1;RP4-712E4.2	OTTHUMG00000012337;OTTHUMG00000012338;RP4-712E4.1;RP4-712E4.2
KCNAB1-AS2	KCNAB1-AS2
ALK	ALK
ABCC13	ABCC13
AC003986.7;OTTHUMG00000152498	AC003986.7;OTTHUMG00000152498
CTB-17P3.4;OTTHUMG00000164977	CTB-17P3.4;OTTHUMG00000164977
SOST	SOST
SPATA31D1;SPATA31D3;SPATA31D4	SPATA31D1;SPATA31D3;SPATA31D4
HMGN1P37	HMGN1P37
CYP4B1	CYP4B1
WDR91	WDR91
AIF1	AIF1
AIF1	AIF1
AIF1	AIF1
AIF1	AIF1
IL10	IL10
PIK3CG	PIK3CG
AC068490.1;OTTHUMG00000151805	AC068490.1;OTTHUMG00000151805
OTTHUMG00000008373;RP4-794H19.4	OTTHUMG00000008373;RP4-794H19.4
C10orf91	C10orf91
IFNA17	IFNA17
RNA5SP401	RNA5SP401
MON1B	MON1B
OTTHUMG00000161751;RP11-703G6.1	OTTHUMG00000161751;RP11-703G6.1
OTTHUMG00000014382;RP3-425P12.5	OTTHUMG00000014382;RP3-425P12.5
MIR548C;MIR548Z	MIR548C;MIR548Z
CCR9	CCR9
PGAM1P5	PGAM1P5
CTC-210G5.1;MGC32805;OTTHUMG00000162973	CTC-210G5.1;MGC32805;OTTHUMG00000162973
CACNA1C-IT3	CACNA1C-IT3
NKX1-1	NKX1-1
AMY1A;AMY1B;AMY1C	AMY1A;AMY1B;AMY1C
OTTHUMG00000160390;RP11-36B15.1	OTTHUMG00000160390;RP11-36B15.1
OSGEPL1-AS1	OSGEPL1-AS1
AC106786.1;OTTHUMG00000150470	AC106786.1;OTTHUMG00000150470
AC091132.1;OTTHUMG00000132554	AC091132.1;OTTHUMG00000132554
OTTHUMG00000164551;RP11-941H19.3	OTTHUMG00000164551;RP11-941H19.3
FAM228B	FAM228B
LINC00229	LINC00229
OTTHUMG00000159203;RP11-147N17.1	OTTHUMG00000159203;RP11-147N17.1
AC009892.10;OTTHUMG00000149999	AC009892.10;OTTHUMG00000149999
LL22NC03-86G7.1;LOC100286925;OTTHUMG00000153510	LL22NC03-86G7.1;LOC100286925;OTTHUMG00000153510
LOC100289090	LOC100289090
LOC100509646;PRY;PRY2	LOC100509646;PRY;PRY2
CTB-49A3.4;OTTHUMG00000162723	CTB-49A3.4;OTTHUMG00000162723
FAM210B	FAM210B
SMTN	SMTN
ARMC12	ARMC12
LOC100133091	LOC100133091
LOC100507463;OTTHUMG00000140123;XXbac-BPG246D15.8	LOC100507463;OTTHUMG00000140123;XXbac-BPG246D15.8
LOC100507463;OTTHUMG00000148828;XXbac-BPG246D15.8	LOC100507463;OTTHUMG00000148828;XXbac-BPG246D15.8
LOC100507463;OTTHUMG00000140125;XXbac-BPG246D15.8	LOC100507463;OTTHUMG00000140125;XXbac-BPG246D15.8
LOC100507463;OTTHUMG00000149081;XXbac-BPG246D15.8	LOC100507463;OTTHUMG00000149081;XXbac-BPG246D15.8
LOC100507463;OTTHUMG00000149347;XXbac-BPG246D15.8	LOC100507463;OTTHUMG00000149347;XXbac-BPG246D15.8
LOC100507463;OTTHUMG00000149596;XXbac-BPG246D15.8	LOC100507463;OTTHUMG00000149596;XXbac-BPG246D15.8
LOC100507463;OTTHUMG00000140124;XXbac-BPG246D15.8	LOC100507463;OTTHUMG00000140124;XXbac-BPG246D15.8
GFOD1-AS1	GFOD1-AS1
KLK3	KLK3
KCNQ4	KCNQ4
ANXA2P1	ANXA2P1
ASPHD1	ASPHD1
CD300LD	CD300LD
OTTHUMG00000018903;RP11-316M21.6	OTTHUMG00000018903;RP11-316M21.6
TRIM15	TRIM15
TRIM15	TRIM15
KIAA1984	KIAA1984
AP000344.3;OTTHUMG00000150668	AP000344.3;OTTHUMG00000150668
C19orf69	C19orf69
CTD-2330K9.3;OTTHUMG00000156735	CTD-2330K9.3;OTTHUMG00000156735
RAET1E	RAET1E
CDSN	CDSN
AP000688.14;LOC100133286;OTTHUMG00000086616	AP000688.14;LOC100133286;OTTHUMG00000086616
HEPHL1	HEPHL1
WBP2NL	WBP2NL
AC007563.3;OTTHUMG00000155311	AC007563.3;OTTHUMG00000155311
OTTHUMG00000160276;RP11-380P13.2	OTTHUMG00000160276;RP11-380P13.2
TOMM70A	TOMM70A
ATF6B	ATF6B
TRHDE	TRHDE
FAM129C	FAM129C
ELOVL2-AS1	ELOVL2-AS1
KARS	KARS
LOC100133123;OTTHUMG00000021151;RP11-142G7.2	LOC100133123;OTTHUMG00000021151;RP11-142G7.2
NUDT19	NUDT19
AC002480.3;LOC100506178;OTTHUMG00000152530	AC002480.3;LOC100506178;OTTHUMG00000152530
CCRL2;OTTHUMG00000156467;RP11-24F11.5	CCRL2;OTTHUMG00000156467;RP11-24F11.5
AC016582.2;LOC100631378;OTTHUMG00000048186	AC016582.2;LOC100631378;OTTHUMG00000048186
MIR4254	MIR4254
RNASE8	RNASE8
CCDC153	CCDC153
ZPBP2	ZPBP2
ZNF770	ZNF770
CTD-2201I18.1;OTTHUMG00000162569	CTD-2201I18.1;OTTHUMG00000162569
RNA5SP262	RNA5SP262
DMBT1	DMBT1
MAGEA2;MAGEA2B	MAGEA2;MAGEA2B
DGCR6L	DGCR6L
C10orf55	C10orf55
OTTHUMG00000008375;RP4-794H19.1	OTTHUMG00000008375;RP4-794H19.1
IFNA7	IFNA7
TMEM203	TMEM203
MRGPRX4	MRGPRX4
PRR20A;PRR20B;PRR20C;PRR20D;PRR20E	PRR20A;PRR20B;PRR20C;PRR20D;PRR20E
LOC100507654;OTTHUMG00000017288;RP11-151A6.4	LOC100507654;OTTHUMG00000017288;RP11-151A6.4
ATXN2L	ATXN2L
CYP26C1	CYP26C1
MMEL1	MMEL1
VN1R10P	VN1R10P
CXorf21	CXorf21
LOC148696	LOC148696
OR8H2	OR8H2
OTTHUMG00000008348;RP11-420K8.1	OTTHUMG00000008348;RP11-420K8.1
RGS6	RGS6
AC007349.5;OTTHUMG00000154944	AC007349.5;OTTHUMG00000154944
PRELP	PRELP
TREML5P	TREML5P
KRBOX4;ZNF673	KRBOX4;ZNF673
GALNTL5	GALNTL5
RHOG	RHOG
NCRNA00171;OTTHUMG00000149195;ZNRD1-AS1	NCRNA00171;OTTHUMG00000149195;ZNRD1-AS1
CTC-455F18.1;MIR4454;OTTHUMG00000163164	CTC-455F18.1;MIR4454;OTTHUMG00000163164
C1orf101	C1orf101
RNA5SP380	RNA5SP380
FABP6	FABP6
CTD-2313F11.1;OTTHUMG00000162200	CTD-2313F11.1;OTTHUMG00000162200
LINC00162	LINC00162
KCND3	KCND3
AC105749.5;OTTHUMG00000155802	AC105749.5;OTTHUMG00000155802
C1QTNF9B	C1QTNF9B
GPR4	GPR4
PLD4	PLD4
OTTHUMG00000163443;RP11-118M9.3	OTTHUMG00000163443;RP11-118M9.3
SKP1P2	SKP1P2
MIR520D	MIR520D
CLEC2B	CLEC2B
OTTHUMG00000156107;RP11-143P4.2	OTTHUMG00000156107;RP11-143P4.2
LOC100505986;OTTHUMG00000020691;RP11-123K19.2	LOC100505986;OTTHUMG00000020691;RP11-123K19.2
HCG22	HCG22
RNA5SP212	RNA5SP212
DCUN1D3	DCUN1D3
PPP1R3F	PPP1R3F
OR2S2	OR2S2
MIR4309	MIR4309
OTTHUMG00000157034;RP11-395B7.4	OTTHUMG00000157034;RP11-395B7.4
AF127936.7;OTTHUMG00000074322	AF127936.7;OTTHUMG00000074322
C15orf61	C15orf61
NTM-IT3	NTM-IT3
MAPKAPK3	MAPKAPK3
LOC440704;OTTHUMG00000035556;RP11-463J7.2	LOC440704;OTTHUMG00000035556;RP11-463J7.2
C20orf111;OSER1	C20orf111;OSER1
OTTHUMG00000034359;XX-FW81066F1.2	OTTHUMG00000034359;XX-FW81066F1.2
FAM99A	FAM99A
CTC-338M12.7;OTTHUMG00000163016	CTC-338M12.7;OTTHUMG00000163016
MTL5	MTL5
GNG8	GNG8
TLN2	TLN2
AC079135.1;OTTHUMG00000153089	AC079135.1;OTTHUMG00000153089
AC118345.1;OTTHUMG00000152909	AC118345.1;OTTHUMG00000152909
AC083843.1;OTTHUMG00000164324	AC083843.1;OTTHUMG00000164324
FLJ20021	FLJ20021
PIAS1	PIAS1
FAN1	FAN1
UBE2E1-AS1	UBE2E1-AS1
DEF6	DEF6
AC112518.3;OTTHUMG00000151319	AC112518.3;OTTHUMG00000151319
AC130689.5;OTTHUMG00000132217	AC130689.5;OTTHUMG00000132217
CTC-498M16.2;OTTHUMG00000162703	CTC-498M16.2;OTTHUMG00000162703
MIR496	MIR496
MIR300	MIR300
SNORA11C	SNORA11C
C5orf58	C5orf58
LRRC45	LRRC45
OR2T4	OR2T4
FLJ22184	FLJ22184
LRIF1	LRIF1
OTTHUMG00000162833;RP11-231G15.1	OTTHUMG00000162833;RP11-231G15.1
OTTHUMG00000149316;XXbac-BPG116M5.14	OTTHUMG00000149316;XXbac-BPG116M5.14
CCDC80	CCDC80
MIR3148	MIR3148
C10orf71-AS1	C10orf71-AS1
OTTHUMG00000035812;RP1-117P20.3	OTTHUMG00000035812;RP1-117P20.3
OTTHUMG00000163905;RP11-181B11.1	OTTHUMG00000163905;RP11-181B11.1
MFGE8	MFGE8
HIRIP3	HIRIP3
IPMK	IPMK
ZBTB1	ZBTB1
ZNF473	ZNF473
KRTAP12-1	KRTAP12-1
DDHD2	DDHD2
AC016903.1;OTTHUMG00000154543	AC016903.1;OTTHUMG00000154543
MIR28	MIR28
CXorf66	CXorf66
AMDHD2;CEMP1	AMDHD2;CEMP1
OTTHUMG00000163557;RP11-80G7.1	OTTHUMG00000163557;RP11-80G7.1
OTTHUMG00000019462;RP11-70J12.1	OTTHUMG00000019462;RP11-70J12.1
AC005481.5;OTTHUMG00000152643	AC005481.5;OTTHUMG00000152643
AC018647.3;LOC100506725;OTTHUMG00000155058	AC018647.3;LOC100506725;OTTHUMG00000155058
LOC100287576;LOC100506454	LOC100287576;LOC100506454
LINC00111	LINC00111
ATP11A-AS1	ATP11A-AS1
OTTHUMG00000020086;RP11-383M4.2	OTTHUMG00000020086;RP11-383M4.2
AC006960.7;OTTHUMG00000154940	AC006960.7;OTTHUMG00000154940
OR2T27	OR2T27
MIR4798	MIR4798
PAPL	PAPL
IFNL2	IFNL2
OTTHUMG00000164307;RP11-379I19.3	OTTHUMG00000164307;RP11-379I19.3
PHF3	PHF3
HRCT1	HRCT1
OTTHUMG00000002047;RP11-344F13.1	OTTHUMG00000002047;RP11-344F13.1
ZSWIM2	ZSWIM2
C19orf70	C19orf70
LOC100133077	LOC100133077
FAM178A	FAM178A
OTTHUMG00000164853;RP11-473O4.4	OTTHUMG00000164853;RP11-473O4.4
GJB1	GJB1
CHP2	CHP2
OTTHUMG00000037291;RP11-358H9.1	OTTHUMG00000037291;RP11-358H9.1
AC093627.12;OTTHUMG00000151397	AC093627.12;OTTHUMG00000151397
GCSAML-AS1;OR2C3	GCSAML-AS1;OR2C3
TAAR1	TAAR1
MRC1	MRC1
SSNA1	SSNA1
ASXL2	ASXL2
EPN1	EPN1
TARM1	TARM1
DIAPH2-AS1	DIAPH2-AS1
TTLL4	TTLL4
RNA5SP30	RNA5SP30
OTTHUMG00000158710;RP11-14D22.2	OTTHUMG00000158710;RP11-14D22.2
OTTHUMG00000009889;RP11-240D10.4	OTTHUMG00000009889;RP11-240D10.4
OTTHUMG00000008401;RP11-145M4.1	OTTHUMG00000008401;RP11-145M4.1
OTTHUMG00000007539;RP11-96L14.7	OTTHUMG00000007539;RP11-96L14.7
OR5J2	OR5J2
OTTHUMG00000014195;RP3-429O6.1	OTTHUMG00000014195;RP3-429O6.1
CCL17	CCL17
CCDC13	CCDC13
OTTHUMG00000163900;RP11-16P20.3	OTTHUMG00000163900;RP11-16P20.3
OTTHUMG00000164286;RP11-150O12.6	OTTHUMG00000164286;RP11-150O12.6
OTTHUMG00000150565;RP4-754E20__A.5	OTTHUMG00000150565;RP4-754E20__A.5
HPS1;MIR4685	HPS1;MIR4685
OTTHUMG00000039932;RP11-80B9.1	OTTHUMG00000039932;RP11-80B9.1
MRVI1	MRVI1
SSX9	SSX9
IGKV1D-17	IGKV1D-17
FLJ36000	FLJ36000
SARM1	SARM1
USP3-AS1	USP3-AS1
CTD-2313P7.1;OTTHUMG00000162886	CTD-2313P7.1;OTTHUMG00000162886
LOC101060234;LOC101060305;TEX28	LOC101060234;LOC101060305;TEX28
OTTHUMG00000163211;RP11-1379J22.5	OTTHUMG00000163211;RP11-1379J22.5
LOC100507173	LOC100507173
FLJ26245;RNA5SP411;RNA5SP412	FLJ26245;RNA5SP411;RNA5SP412
OTTHUMG00000164593;RP11-172E10.1	OTTHUMG00000164593;RP11-172E10.1
OTTHUMG00000164160;RP11-100L22.4	OTTHUMG00000164160;RP11-100L22.4
ATP6V0CP3	ATP6V0CP3
LOC100505555;ZNF846	LOC100505555;ZNF846
MGC2889	MGC2889
OTTHUMG00000016489;RP11-385E5.5	OTTHUMG00000016489;RP11-385E5.5
SMPD4	SMPD4
CTD-3064M3.1;LOC731779;OTTHUMG00000164482	CTD-3064M3.1;LOC731779;OTTHUMG00000164482
OTTHUMG00000032284;RP5-1125A11.4	OTTHUMG00000032284;RP5-1125A11.4
DEFB107A;DEFB107B	DEFB107A;DEFB107B
AC022431.3;OTTHUMG00000150054	AC022431.3;OTTHUMG00000150054
OTTHUMG00000160686;RP11-402C9.1	OTTHUMG00000160686;RP11-402C9.1
LOC100506053;OTTHUMG00000156695;RP11-1217F2.15	LOC100506053;OTTHUMG00000156695;RP11-1217F2.15
DUSP23	DUSP23
RCAN3AS	RCAN3AS
CTA-407F11.7;OTTHUMG00000150901	CTA-407F11.7;OTTHUMG00000150901
TRANK1	TRANK1
GTPBP4	GTPBP4
LGALS16	LGALS16
SLC36A3	SLC36A3
OTTHUMG00000156122;RP11-310H4.3	OTTHUMG00000156122;RP11-310H4.3
CTA-941F9.9;LOC100506737;OTTHUMG00000151331	CTA-941F9.9;LOC100506737;OTTHUMG00000151331
PNLIPRP2	PNLIPRP2
MIR125A	MIR125A
DNAJB1	DNAJB1
CDC27	CDC27
MIR3179-1;MIR3179-2;MIR3179-3	MIR3179-1;MIR3179-2;MIR3179-3
OTTHUMG00000158107;RP5-1157M23.2	OTTHUMG00000158107;RP5-1157M23.2
TNFRSF10B	TNFRSF10B
CTD-2010I22.2;OTTHUMG00000161939	CTD-2010I22.2;OTTHUMG00000161939
AC074389.5;OTTHUMG00000151498	AC074389.5;OTTHUMG00000151498
MIR887	MIR887
MIR761;NRD1	MIR761;NRD1
OTTHUMG00000165033;RP11-103H7.3	OTTHUMG00000165033;RP11-103H7.3
CCDC109B	CCDC109B
LINC00880;OTTHUMG00000158717;RP11-6F2.4	LINC00880;OTTHUMG00000158717;RP11-6F2.4
KU-MEL-3;OTTHUMG00000014166;RP4-529N6.1	KU-MEL-3;OTTHUMG00000014166;RP4-529N6.1
AC007461.2;OTTHUMG00000132235	AC007461.2;OTTHUMG00000132235
AP003774.4;LOC100996455;OTTHUMG00000046124	AP003774.4;LOC100996455;OTTHUMG00000046124
OTTHUMG00000164254;RP11-110G21.2	OTTHUMG00000164254;RP11-110G21.2
DDX50	DDX50
LOC100996557;OTTHUMG00000020301;RP11-535M15.1	LOC100996557;OTTHUMG00000020301;RP11-535M15.1
LOC100131496	LOC100131496
AC002456.2;LOC101059921;OTTHUMG00000063906	AC002456.2;LOC101059921;OTTHUMG00000063906
PIGG	PIGG
MIR548T	MIR548T
STARD5	STARD5
LOC100130480	LOC100130480
OTTHUMG00000160299;RP11-237D3.1	OTTHUMG00000160299;RP11-237D3.1
MIR4319	MIR4319
CDC42	CDC42
PGP	PGP
CASC3	CASC3
AC090587.5;OTTHUMG00000012285	AC090587.5;OTTHUMG00000012285
AC005022.1;OTTHUMG00000155115	AC005022.1;OTTHUMG00000155115
LSG1	LSG1
SDPR	SDPR
AMT	AMT
RNA5SP59	RNA5SP59
RNA5SP100	RNA5SP100
ARHGAP1	ARHGAP1
KIAA1274;PALD1	KIAA1274;PALD1
HARS	HARS
WISP1	WISP1
SLC20A1	SLC20A1
SPAM1	SPAM1
OTTHUMG00000159735;RP11-483E7.1	OTTHUMG00000159735;RP11-483E7.1
ARG1	ARG1
TOB2P1	TOB2P1
AC068134.6;OTTHUMG00000153335	AC068134.6;OTTHUMG00000153335
PRSS2;PRSS3P2	PRSS2;PRSS3P2
MSRB3	MSRB3
C1orf35	C1orf35
DNAJC5G	DNAJC5G
OTTHUMG00000163917;RP11-67M9.1	OTTHUMG00000163917;RP11-67M9.1
AC010907.2;OTTHUMG00000151467	AC010907.2;OTTHUMG00000151467
OTTHUMG00000016042;RP11-503C24.3	OTTHUMG00000016042;RP11-503C24.3
OTTHUMG00000161091;RP11-724M22.1	OTTHUMG00000161091;RP11-724M22.1
TMED6	TMED6
MIR323B	MIR323B
LINC00427	LINC00427
MBLAC2	MBLAC2
OTTHUMG00000016555;RP11-363G2.4	OTTHUMG00000016555;RP11-363G2.4
SLC35D1	SLC35D1
AC091153.4;OTTHUMG00000132939	AC091153.4;OTTHUMG00000132939
NDUFB9	NDUFB9
OR12D3	OR12D3
RNU1-16P	RNU1-16P
LOC100128988	LOC100128988
ZNF764	ZNF764
OTTHUMG00000159721;RP11-91K8.1	OTTHUMG00000159721;RP11-91K8.1
GYG2P1	GYG2P1
CALHM2	CALHM2
HMGXB3	HMGXB3
OTTHUMG00000155987;RP11-699L21.2	OTTHUMG00000155987;RP11-699L21.2
PHF6	PHF6
C1orf94	C1orf94
GTF2I	GTF2I
IGHV4-31	IGHV4-31
CA13;LOC100507258	CA13;LOC100507258
SUN3	SUN3
PARP15	PARP15
OTTHUMG00000020614;RP11-64P14.7	OTTHUMG00000020614;RP11-64P14.7
MIR148A	MIR148A
MIR4454	MIR4454
OTTHUMG00000019205;RP11-391M7.3	OTTHUMG00000019205;RP11-391M7.3
OTTHUMG00000017971;RP11-20F24.4	OTTHUMG00000017971;RP11-20F24.4
AC006227.1;OTTHUMG00000153205	AC006227.1;OTTHUMG00000153205
OTTHUMG00000160737;RP11-161D15.2	OTTHUMG00000160737;RP11-161D15.2
MIR943;NELFA;WHSC2	MIR943;NELFA;WHSC2
LOC440313	LOC440313
LOC100505824;LOC100506011;OTTHUMG00000043431;XXyac-YX155B6.5	LOC100505824;LOC100506011;OTTHUMG00000043431;XXyac-YX155B6.5
LINC00607	LINC00607
NPR1;OTTHUMG00000041237;RP11-354A16.2	NPR1;OTTHUMG00000041237;RP11-354A16.2
BPIFB4	BPIFB4
OTTHUMG00000164306;RP11-379I19.1	OTTHUMG00000164306;RP11-379I19.1
KRT15	KRT15
HES6	HES6
LOC100128028;OTTHUMG00000032629;RP11-465L10.10	LOC100128028;OTTHUMG00000032629;RP11-465L10.10
RBBP7	RBBP7
PDE6G	PDE6G
CHST11	CHST11
OTTHUMG00000161379;RP11-586L23.1	OTTHUMG00000161379;RP11-586L23.1
OR10T2	OR10T2
CLDN22	CLDN22
POU5F2	POU5F2
CACNB4	CACNB4
RDH8	RDH8
OTTHUMG00000035686;RP11-452J13.1	OTTHUMG00000035686;RP11-452J13.1
MIR3119-1	MIR3119-1
PPP2CB	PPP2CB
AC008940.1;OTTHUMG00000150053	AC008940.1;OTTHUMG00000150053
MRO	MRO
USP17L4	USP17L4
MYH7	MYH7
MMP25	MMP25
MRPS26	MRPS26
FBXO36-IT1	FBXO36-IT1
OTTHUMG00000020201;RP11-367F23.1	OTTHUMG00000020201;RP11-367F23.1
OTTHUMG00000164320;RP11-513H8.1	OTTHUMG00000164320;RP11-513H8.1
CCL20	CCL20
HEG1	HEG1
MAGEB1;MAGEB4	MAGEB1;MAGEB4
OTTHUMG00000159414;RP11-274H2.2	OTTHUMG00000159414;RP11-274H2.2
ARL17A;ARL17B;LOC100294341;LOC100996709	ARL17A;ARL17B;LOC100294341;LOC100996709
TRAJ25	TRAJ25
CABIN1	CABIN1
FAM3D	FAM3D
TMEM75	TMEM75
CES5A	CES5A
DHRS7C	DHRS7C
LINC00583	LINC00583
DDX56	DDX56
TRAV24	TRAV24
DIRAS1	DIRAS1
C12orf42	C12orf42
C6orf106	C6orf106
OTTHUMG00000164347;RP11-18A15.1	OTTHUMG00000164347;RP11-18A15.1
CTB-43E15.2;OTTHUMG00000163336	CTB-43E15.2;OTTHUMG00000163336
OTTHUMG00000011121;RP11-293A10.3	OTTHUMG00000011121;RP11-293A10.3
AC073254.1;OTTHUMG00000153318	AC073254.1;OTTHUMG00000153318
SORBS2	SORBS2
CDK5RAP1	CDK5RAP1
CYP1B1	CYP1B1
OTTHUMG00000015761;RP3-337D23.3	OTTHUMG00000015761;RP3-337D23.3
ABHD13	ABHD13
FAM138A;FAM138C;FAM138E;FAM138F	FAM138A;FAM138C;FAM138E;FAM138F
AC084809.3;LOC100506643;OTTHUMG00000132776	AC084809.3;LOC100506643;OTTHUMG00000132776
TMEM8C	TMEM8C
MEIS2	MEIS2
ZNF780B	ZNF780B
BRD2	BRD2
RBP3	RBP3
STMN4	STMN4
AIM1L	AIM1L
ANKRD26	ANKRD26
LINC00391	LINC00391
AC067945.2;OTTHUMG00000154509	AC067945.2;OTTHUMG00000154509
TRIM65	TRIM65
OTTHUMG00000040653;RP11-978I15.10	OTTHUMG00000040653;RP11-978I15.10
LPA	LPA
PFDN6	PFDN6
CTB-131B5.5;OTTHUMG00000163536	CTB-131B5.5;OTTHUMG00000163536
OR2T3	OR2T3
OTTHUMG00000163261;RP11-395P13.6	OTTHUMG00000163261;RP11-395P13.6
MIR4791	MIR4791
OTTHUMG00000021532;RP11-348F1.2	OTTHUMG00000021532;RP11-348F1.2
LDHAL6CP	LDHAL6CP
ADCY10P1	ADCY10P1
AC092573.3;OTTHUMG00000154108	AC092573.3;OTTHUMG00000154108
OTTHUMG00000015230;RP3-463P15.1	OTTHUMG00000015230;RP3-463P15.1
ICAM2	ICAM2
NOC4L	NOC4L
C19orf80	C19orf80
TSEN34	TSEN34
FANK1	FANK1
ZNF385D	ZNF385D
AC007246.3;LOC728730;OTTHUMG00000152299	AC007246.3;LOC728730;OTTHUMG00000152299
TEX35	TEX35
OTTHUMG00000013934;RP1-140J1.1	OTTHUMG00000013934;RP1-140J1.1
CABS1	CABS1
GPR89A;GPR89B;LOC101060247;LOC101060636	GPR89A;GPR89B;LOC101060247;LOC101060636
HSH2D	HSH2D
FAM171A1	FAM171A1
AC020743.4;OTTHUMG00000155881	AC020743.4;OTTHUMG00000155881
GPX5	GPX5
SLC16A8	SLC16A8
MIR662	MIR662
C6orf123	C6orf123
AKAP8L	AKAP8L
OTTHUMG00000156385;RP11-73B2.2	OTTHUMG00000156385;RP11-73B2.2
ADCY7	ADCY7
OTTHUMG00000157191;RP4-639J15.1	OTTHUMG00000157191;RP4-639J15.1
BPNT1	BPNT1
IFFO1	IFFO1
LOC101060557;VWA3A	LOC101060557;VWA3A
PIPOX	PIPOX
AF241725.4;OTTHUMG00000078122	AF241725.4;OTTHUMG00000078122
LRRC43	LRRC43
OTTHUMG00000158236;RP11-416O18.2	OTTHUMG00000158236;RP11-416O18.2
ARL5C	ARL5C
CTD-2247C11.3;LOC340094;OTTHUMG00000161653	CTD-2247C11.3;LOC340094;OTTHUMG00000161653
FOXN3	FOXN3
ELOVL1	ELOVL1
STMN3	STMN3
KLHL18	KLHL18
OTTHUMG00000016885;RP11-279N8.1	OTTHUMG00000016885;RP11-279N8.1
OTTHUMG00000160259;RP11-453O5.1	OTTHUMG00000160259;RP11-453O5.1
OTTHUMG00000040465;RP11-413E1.4	OTTHUMG00000040465;RP11-413E1.4
AC087501.1;OTTHUMG00000132850	AC087501.1;OTTHUMG00000132850
OTTHUMG00000004126;RP11-415J8.3	OTTHUMG00000004126;RP11-415J8.3
OTTHUMG00000031861;RP11-416N4.1	OTTHUMG00000031861;RP11-416N4.1
MIR128-2	MIR128-2
CADM3	CADM3
PPP1R3G	PPP1R3G
LOC100506127	LOC100506127
FAM83E	FAM83E
MOV10L1	MOV10L1
OTTHUMG00000013198;RP11-101E5.1	OTTHUMG00000013198;RP11-101E5.1
OTTHUMG00000162352;RP11-434D9.1	OTTHUMG00000162352;RP11-434D9.1
SKIL	SKIL
AC018359.3;OTTHUMG00000155766	AC018359.3;OTTHUMG00000155766
FST	FST
MVB12A	MVB12A
AC007249.3;OTTHUMG00000151706	AC007249.3;OTTHUMG00000151706
OTTHUMG00000040080;RP11-522M21.2	OTTHUMG00000040080;RP11-522M21.2
TRHDE-AS1	TRHDE-AS1
CYP3A43	CYP3A43
AC104794.4;OTTHUMG00000151705	AC104794.4;OTTHUMG00000151705
OTTHUMG00000014839;RP3-335N17.2	OTTHUMG00000014839;RP3-335N17.2
SNRPD2P2	SNRPD2P2
OTTHUMG00000017397;RP11-199F6.4	OTTHUMG00000017397;RP11-199F6.4
LOC100294145	LOC100294145
LOC339166	LOC339166
SYT14L	SYT14L
OTTHUMG00000164273;RP11-388G22.1	OTTHUMG00000164273;RP11-388G22.1
RNA5SP121	RNA5SP121
TRPC7	TRPC7
DEFB135	DEFB135
G6PC2	G6PC2
LOC100505596;OTTHUMG00000162046;RP11-292D4.1	LOC100505596;OTTHUMG00000162046;RP11-292D4.1
AP001065.2;OTTHUMG00000040845	AP001065.2;OTTHUMG00000040845
FAM187B	FAM187B
FCRLA	FCRLA
GJC2	GJC2
OTTHUMG00000164603;RP11-99H20.1	OTTHUMG00000164603;RP11-99H20.1
IMMP1L	IMMP1L
OTTHUMG00000020056;RP11-466A17.1	OTTHUMG00000020056;RP11-466A17.1
LOC100507463;OTTHUMG00000140126;XXbac-BPG246D15.8	LOC100507463;OTTHUMG00000140126;XXbac-BPG246D15.8
SULT1C3	SULT1C3
HCG9	HCG9
SRRM5	SRRM5
KRTAP21-2	KRTAP21-2
MIR4659B	MIR4659B
DPPA3P2	DPPA3P2
MRGPRX2	MRGPRX2
COPRS	COPRS
EPN2;EPN2-IT1;LOC79999	EPN2;EPN2-IT1;LOC79999
MIR489	MIR489
XKR8	XKR8
RNY4P17	RNY4P17
MIR1302-1	MIR1302-1
CTA-211A9.5;MIAT;OTTHUMG00000150981	CTA-211A9.5;MIAT;OTTHUMG00000150981
PELI3	PELI3
OTTHUMG00000151357;RP1-90L6.3	OTTHUMG00000151357;RP1-90L6.3
NANOS2	NANOS2
TRPM3	TRPM3
MIR148B	MIR148B
OTTHUMG00000009734;RP11-82L20.1	OTTHUMG00000009734;RP11-82L20.1
OTTHUMG00000156391;RP11-132N15.3	OTTHUMG00000156391;RP11-132N15.3
DCK	DCK
RNA5SP492	RNA5SP492
OTTHUMG00000014922;RP11-343D24.2	OTTHUMG00000014922;RP11-343D24.2
OTTHUMG00000015254;RP11-111D3.2	OTTHUMG00000015254;RP11-111D3.2
TEX37	TEX37
OTTHUMG00000020036;RP11-470F18.1	OTTHUMG00000020036;RP11-470F18.1
OTTHUMG00000018236;RP11-564C4.6	OTTHUMG00000018236;RP11-564C4.6
OTTHUMG00000046188;RP11-101P17.11	OTTHUMG00000046188;RP11-101P17.11
CEACAM3	CEACAM3
LGR6	LGR6
TM4SF1-AS1	TM4SF1-AS1
KIRREL3-AS1	KIRREL3-AS1
OTTHUMG00000021356;RP11-87M18.2	OTTHUMG00000021356;RP11-87M18.2
LOC646862	LOC646862
OTTHUMG00000002332;RP5-857K21.5	OTTHUMG00000002332;RP5-857K21.5
MYL3	MYL3
OTTHUMG00000020245;RP11-165J3.5	OTTHUMG00000020245;RP11-165J3.5
MIR378A	MIR378A
IGKV2-24	IGKV2-24
APOBEC3H	APOBEC3H
PDPR	PDPR
CTD-2089N3.1;OTTHUMG00000162402	CTD-2089N3.1;OTTHUMG00000162402
LINC00617	LINC00617
OR51B6	OR51B6
OTTHUMG00000014883;RP11-79N23.1	OTTHUMG00000014883;RP11-79N23.1
AP001055.6;OTTHUMG00000086913	AP001055.6;OTTHUMG00000086913
OTTHUMG00000019067;RP11-57H14.3	OTTHUMG00000019067;RP11-57H14.3
NKX2-1	NKX2-1
IGLV2-33	IGLV2-33
MIR4439	MIR4439
AC009276.4;OTTHUMG00000155405	AC009276.4;OTTHUMG00000155405
HLA-DMB	HLA-DMB
FAM213B	FAM213B
CXCL12	CXCL12
OR2H2	OR2H2
ERC2	ERC2
AC006946.15;OTTHUMG00000153502	AC006946.15;OTTHUMG00000153502
STEAP2-AS1	STEAP2-AS1
C5orf15	C5orf15
MGAT5	MGAT5
LINC00645	LINC00645
GPHB5	GPHB5
OTTHUMG00000019520;RP11-307L3.4	OTTHUMG00000019520;RP11-307L3.4
AC006019.3;OTTHUMG00000151520;OTTHUMG00000184017;RP5-1048B16.1	AC006019.3;OTTHUMG00000151520;OTTHUMG00000184017;RP5-1048B16.1
LOC284632;OTTHUMG00000003038;RP11-10N16.2	LOC284632;OTTHUMG00000003038;RP11-10N16.2
MGAT4A	MGAT4A
RNA5SP111	RNA5SP111
IGHV4-34	IGHV4-34
FOXG1	FOXG1
SHCBP1L	SHCBP1L
OTTHUMG00000162153;RP11-310P5.2	OTTHUMG00000162153;RP11-310P5.2
ANTXRLP1	ANTXRLP1
FBXO8	FBXO8
PITPNM1	PITPNM1
OTTHUMG00000017169;RP11-471M2.2	OTTHUMG00000017169;RP11-471M2.2
PNMA6A;PNMA6B;PNMA6C;PNMA6D	PNMA6A;PNMA6B;PNMA6C;PNMA6D
CSPG4	CSPG4
TOR4A	TOR4A
OTTHUMG00000159500;RP11-501O2.3	OTTHUMG00000159500;RP11-501O2.3
AC005550.3;OTTHUMG00000152391	AC005550.3;OTTHUMG00000152391
NLRP13	NLRP13
RFPL1	RFPL1
TYSND1	TYSND1
ZFP92	ZFP92
CPEB3	CPEB3
C10orf95;LOC100505761	C10orf95;LOC100505761
SLC7A9	SLC7A9
MIR3158-1	MIR3158-1
OTTHUMG00000039467;RP4-613A2.1	OTTHUMG00000039467;RP4-613A2.1
TRIQK	TRIQK
RNA5SP496	RNA5SP496
KLHL10	KLHL10
OTTHUMG00000037062;RP11-22M7.2	OTTHUMG00000037062;RP11-22M7.2
LOC100129617	LOC100129617
PLA2G2E	PLA2G2E
CGNL1	CGNL1
OTTHUMG00000022789;RP11-528G1.2	OTTHUMG00000022789;RP11-528G1.2
PATE4	PATE4
OTTHUMG00000157286;RP11-476H24.1	OTTHUMG00000157286;RP11-476H24.1
RPPH1	RPPH1
ZNF77	ZNF77
OXGR1	OXGR1
HTR3B	HTR3B
GRN	GRN
OTTHUMG00000020934;RP11-413M3.4	OTTHUMG00000020934;RP11-413M3.4
OTTHUMG00000161589;RP11-6L6.5	OTTHUMG00000161589;RP11-6L6.5
OTTHUMG00000017681;RP11-186N15.3	OTTHUMG00000017681;RP11-186N15.3
GALNT10	GALNT10
ACVR1B	ACVR1B
OR2T1	OR2T1
C6orf47	C6orf47
CTC-552D5.1;OTTHUMG00000162926	CTC-552D5.1;OTTHUMG00000162926
AC138655.4;LOC644093;OTTHUMG00000151664	AC138655.4;LOC644093;OTTHUMG00000151664
GAS2	GAS2
OTTHUMG00000156460;RP11-567G11.1	OTTHUMG00000156460;RP11-567G11.1
MARK3	MARK3
PROM2	PROM2
TRBV5-3	TRBV5-3
OTTHUMG00000033074;RP11-80K6.2	OTTHUMG00000033074;RP11-80K6.2
LL22NC03-23C6.13;OTTHUMG00000150859	LL22NC03-23C6.13;OTTHUMG00000150859
HLA-DQB1;OTTHUMG00000140108;XXbac-BPG254F23.6	HLA-DQB1;OTTHUMG00000140108;XXbac-BPG254F23.6
CD207	CD207
PFKP	PFKP
OLIG1	OLIG1
LHB	LHB
OTTHUMG00000017094;RP11-332E3.2	OTTHUMG00000017094;RP11-332E3.2
TRIM31	TRIM31
MIR3656;TRAPPC4	MIR3656;TRAPPC4
TAGLN2	TAGLN2
CLASRP	CLASRP
AC017048.2;OTTHUMG00000154158	AC017048.2;OTTHUMG00000154158
B3GNT4	B3GNT4
MYLK-AS1	MYLK-AS1
IGKV1D-13	IGKV1D-13
OTTHUMG00000015768;RP11-307P5.2	OTTHUMG00000015768;RP11-307P5.2
RNA5SP416	RNA5SP416
DSCR8	DSCR8
OTTHUMG00000017086;RP11-159J2.2	OTTHUMG00000017086;RP11-159J2.2
OTTHUMG00000017626;RP11-799O21.2	OTTHUMG00000017626;RP11-799O21.2
MMP23A;MMP23B	MMP23A;MMP23B
PSORS1C2	PSORS1C2
FUT10	FUT10
HLA-DMB	HLA-DMB
LINC00920	LINC00920
OR4K14	OR4K14
LOC100130992	LOC100130992
OTTHUMG00000009566;RP4-598G3.1	OTTHUMG00000009566;RP4-598G3.1
CECR7	CECR7
NCR3	NCR3
PMS2	PMS2
TOMM20	TOMM20
OTTHUMG00000163068;RP11-215P8.3	OTTHUMG00000163068;RP11-215P8.3
LGALS14	LGALS14
SMIM11P1	SMIM11P1
ATP5J	ATP5J
ZNF10	ZNF10
OTTHUMG00000161226;RP11-506N2.1	OTTHUMG00000161226;RP11-506N2.1
VANGL1	VANGL1
ZDHHC7	ZDHHC7
RHPN1	RHPN1
LINC00951;OTTHUMG00000014658;RP11-552E20.3	LINC00951;OTTHUMG00000014658;RP11-552E20.3
USP17;USP17L24;USP17L25;USP17L26;USP17L27;USP17L28;USP17L29;USP17L30	USP17;USP17L24;USP17L25;USP17L26;USP17L27;USP17L28;USP17L29;USP17L30
CTD-2325B11.1;OTTHUMG00000161387	CTD-2325B11.1;OTTHUMG00000161387
DBH-AS1	DBH-AS1
LSM7	LSM7
OR11H6	OR11H6
MEN1	MEN1
CASK	CASK
FAM13A	FAM13A
OR56A3	OR56A3
OTTHUMG00000019129;RP11-354M20.3	OTTHUMG00000019129;RP11-354M20.3
LOC388780;OTTHUMG00000031689;RP11-128M1.1	LOC388780;OTTHUMG00000031689;RP11-128M1.1
RNA5SP65	RNA5SP65
RNA5SP344	RNA5SP344
FAM22F;NUTM2F;NUTM2G	FAM22F;NUTM2F;NUTM2G
SMARCA1	SMARCA1
DTWD2	DTWD2
HOTTIP	HOTTIP
OTTHUMG00000010865;RP11-202K23.1	OTTHUMG00000010865;RP11-202K23.1
OTTHUMG00000160689;RP11-798L4.1	OTTHUMG00000160689;RP11-798L4.1
CAV1	CAV1
OTTHUMG00000015889;RP1-137K2.2	OTTHUMG00000015889;RP1-137K2.2
PGLYRP4	PGLYRP4
MS4A5	MS4A5
OTTHUMG00000019709;RP11-337A23.3	OTTHUMG00000019709;RP11-337A23.3
MIR557	MIR557
CTB-49A3.5;OTTHUMG00000162728	CTB-49A3.5;OTTHUMG00000162728
CTD-2004A9.1;OTTHUMG00000162001	CTD-2004A9.1;OTTHUMG00000162001
OTTHUMG00000021163;RP1-122K4.3	OTTHUMG00000021163;RP1-122K4.3
OR5V1	OR5V1
OTTHUMG00000161457;RP11-503L19.1	OTTHUMG00000161457;RP11-503L19.1
PKN1	PKN1
SLCO2A1	SLCO2A1
OTTHUMG00000009138;RP4-792G4.2	OTTHUMG00000009138;RP4-792G4.2
MIR520A	MIR520A
GOLM1	GOLM1
UGT2B4	UGT2B4
MEOX2	MEOX2
RBM46	RBM46
OTTHUMG00000161469;RP11-400D2.3	OTTHUMG00000161469;RP11-400D2.3
LINC00710	LINC00710
OTTHUMG00000150044;RP3-477O4.15	OTTHUMG00000150044;RP3-477O4.15
OR4K17	OR4K17
CA9	CA9
AC005008.2;OTTHUMG00000156705	AC005008.2;OTTHUMG00000156705
TECPR2	TECPR2
SYPL1	SYPL1
OTTHUMG00000163858;RP11-13N12.1	OTTHUMG00000163858;RP11-13N12.1
RNU5F-2P	RNU5F-2P
SLC29A4	SLC29A4
KRTAP11-1	KRTAP11-1
MED28	MED28
OTTHUMG00000162982;RP11-359P5.1	OTTHUMG00000162982;RP11-359P5.1
FERD3L	FERD3L
FAM69C	FAM69C
GFM2	GFM2
TMEM95	TMEM95
NTN3	NTN3
RFK	RFK
SFTA2	SFTA2
SFTA2	SFTA2
OTTHUMG00000015926;RP11-13P5.2	OTTHUMG00000015926;RP11-13P5.2
NLE1	NLE1
OTTHUMG00000009694;RP11-510C10.3	OTTHUMG00000009694;RP11-510C10.3
LOC100506258	LOC100506258
RNU6-79P	RNU6-79P
C10orf71	C10orf71
AC016738.3;OTTHUMG00000153028	AC016738.3;OTTHUMG00000153028
C3orf65	C3orf65
OTTHUMG00000041605;RP5-1092A11.5	OTTHUMG00000041605;RP5-1092A11.5
KRT39	KRT39
ZRANB2-AS2	ZRANB2-AS2
AC007285.7;OTTHUMG00000152763	AC007285.7;OTTHUMG00000152763
KIF12	KIF12
AP000146.2;OTTHUMG00000078324	AP000146.2;OTTHUMG00000078324
PPP2R2D	PPP2R2D
EIF3B	EIF3B
TRMT61B	TRMT61B
OTTHUMG00000000478;RP5-884C9.2	OTTHUMG00000000478;RP5-884C9.2
SCARF1	SCARF1
CDCP1	CDCP1
CYP4F12	CYP4F12
CLCF1	CLCF1
LOC285758;OTTHUMG00000015405;RP1-249H1.4	LOC285758;OTTHUMG00000015405;RP1-249H1.4
DAG1	DAG1
TIE1	TIE1
SEPT8	SEPT8
OTTHUMG00000031862;RP11-416N4.4	OTTHUMG00000031862;RP11-416N4.4
ADH7	ADH7
ZP3	ZP3
ARHGEF26	ARHGEF26
ZNF705D	ZNF705D
ELMO3	ELMO3
DNAH10	DNAH10
KCNG3	KCNG3
STRN3	STRN3
BMP1	BMP1
OTTHUMG00000019866;RP11-331F9.4	OTTHUMG00000019866;RP11-331F9.4
RNA5SP487	RNA5SP487
MSMB	MSMB
LOC100507661;OTTHUMG00000158577;RP11-368I23.2	LOC100507661;OTTHUMG00000158577;RP11-368I23.2
C16orf71	C16orf71
MIR631;NEIL1	MIR631;NEIL1
NLRP5	NLRP5
REG1B	REG1B
AGAP1	AGAP1
NPHP3-AS1;OTTHUMG00000159854;RP11-39E4.1	NPHP3-AS1;OTTHUMG00000159854;RP11-39E4.1
AC096649.2;OTTHUMG00000154227	AC096649.2;OTTHUMG00000154227
CDK9;MIR2861;MIR3960	CDK9;MIR2861;MIR3960
SLC12A3	SLC12A3
AC002310.7;OTTHUMG00000158416	AC002310.7;OTTHUMG00000158416
SLC17A8	SLC17A8
LOC100505918;OTTHUMG00000034644;RP5-968D22.1	LOC100505918;OTTHUMG00000034644;RP5-968D22.1
OTTHUMG00000164654;RP11-44N12.2	OTTHUMG00000164654;RP11-44N12.2
LOC645188;OTTHUMG00000022567;RP1-171K16.5	LOC645188;OTTHUMG00000022567;RP1-171K16.5
SHROOM4	SHROOM4
ZNF876P	ZNF876P
AC093627.8;OTTHUMG00000151400	AC093627.8;OTTHUMG00000151400
CRYBA4	CRYBA4
AC051649.16;OTTHUMG00000150032	AC051649.16;OTTHUMG00000150032
LINC00454	LINC00454
TRIM17	TRIM17
LOC100507024;OTTHUMG00000015211;RP11-63K6.7	LOC100507024;OTTHUMG00000015211;RP11-63K6.7
RNU6-66P	RNU6-66P
FAM183CP;OTTHUMG00000163817;RP11-94H18.3	FAM183CP;OTTHUMG00000163817;RP11-94H18.3
VASN	VASN
LINC00939	LINC00939
RNA5SP304	RNA5SP304
CXCL2	CXCL2
LOC728606	LOC728606
CHUK	CHUK
C17orf72	C17orf72
TUBB2A	TUBB2A
OTTHUMG00000008631;RP11-91A18.4	OTTHUMG00000008631;RP11-91A18.4
C22orf23	C22orf23
OTTHUMG00000020689;RP11-205K6.2	OTTHUMG00000020689;RP11-205K6.2
MARCH9	MARCH9
KIAA1239	KIAA1239
TSPAN10	TSPAN10
OTTHUMG00000161051;RP11-556I14.1	OTTHUMG00000161051;RP11-556I14.1
OR5V1	OR5V1
LMO7-AS1	LMO7-AS1
FBLN2	FBLN2
LRRTM1	LRRTM1
KRT27	KRT27
PSMG4	PSMG4
OTTHUMG00000164909;RP11-1084E5.1	OTTHUMG00000164909;RP11-1084E5.1
NUDT13	NUDT13
OTTHUMG00000163892;RP11-279N21.1	OTTHUMG00000163892;RP11-279N21.1
SIGLECL1	SIGLECL1
ZCCHC16	ZCCHC16
OTTHUMG00000040084;RP4-799P18.2	OTTHUMG00000040084;RP4-799P18.2
RERG-IT1	RERG-IT1
OTTHUMG00000021409;RP5-1158E12.1	OTTHUMG00000021409;RP5-1158E12.1
MIR1294	MIR1294
LINC00319	LINC00319
PDZD11	PDZD11
OTTHUMG00000163012;RP11-395P13.1	OTTHUMG00000163012;RP11-395P13.1
CTD-2046I8.1;OTTHUMG00000161645	CTD-2046I8.1;OTTHUMG00000161645
AC002480.4;OTTHUMG00000152531	AC002480.4;OTTHUMG00000152531
OR5B21	OR5B21
AC011747.4;OTTHUMG00000151622	AC011747.4;OTTHUMG00000151622
AC078842.4;OTTHUMG00000155710	AC078842.4;OTTHUMG00000155710
MIR606	MIR606
TDRD1	TDRD1
AC005863.1;FLJ45831;OTTHUMG00000058812	AC005863.1;FLJ45831;OTTHUMG00000058812
MFNG	MFNG
OAZ3;OTTHUMG00000045373;RP11-98D18.2	OAZ3;OTTHUMG00000045373;RP11-98D18.2
AC010894.3;OTTHUMG00000154152	AC010894.3;OTTHUMG00000154152
C9orf173	C9orf173
SMCR7L	SMCR7L
NAT8;NAT8B	NAT8;NAT8B
CYTIP	CYTIP
CHGB	CHGB
LOC101060277	LOC101060277
OTTHUMG00000016049;RP1-125N5.2	OTTHUMG00000016049;RP1-125N5.2
LOC729176	LOC729176
AP000855.4;OTTHUMG00000074551	AP000855.4;OTTHUMG00000074551
OACYLP	OACYLP
FAM22G;NUTM2G	FAM22G;NUTM2G
OTTHUMG00000018529;RP11-367B6.2	OTTHUMG00000018529;RP11-367B6.2
RNY3P3	RNY3P3
OTTHUMG00000161248;RP11-439E19.7	OTTHUMG00000161248;RP11-439E19.7
OTTHUMG00000156116;RP11-363D14.1	OTTHUMG00000156116;RP11-363D14.1
HGD	HGD
TP53TG3;TP53TG3B;TP53TG3C;TP53TG3D	TP53TG3;TP53TG3B;TP53TG3C;TP53TG3D
CNR1	CNR1
AC096558.1;OTTHUMG00000153939	AC096558.1;OTTHUMG00000153939
ZNF493	ZNF493
LOC100289361	LOC100289361
LOC100131691	LOC100131691
CPA3	CPA3
MIR4760	MIR4760
SRRM2-AS1	SRRM2-AS1
CMA1	CMA1
CTD-2308B18.4;OTTHUMG00000163257	CTD-2308B18.4;OTTHUMG00000163257
OTTHUMG00000161755;RP11-269F21.2	OTTHUMG00000161755;RP11-269F21.2
MIR451B	MIR451B
C19orf60	C19orf60
SP5	SP5
SLC25A3P1	SLC25A3P1
CDA	CDA
IGHA1	IGHA1
PCDH11X;PCDH11Y	PCDH11X;PCDH11Y
CTB-54I1.1;OTTHUMG00000163279	CTB-54I1.1;OTTHUMG00000163279
CTC-548H10.2;OTTHUMG00000163287	CTC-548H10.2;OTTHUMG00000163287
AC009411.2;OTTHUMG00000151806	AC009411.2;OTTHUMG00000151806
SLCO1B1	SLCO1B1
OR52R1	OR52R1
FAM211A	FAM211A
CSNK2B	CSNK2B
NR2F6	NR2F6
MIR3977	MIR3977
TBC1D8	TBC1D8
OTTHUMG00000163825;RP11-804N13.1	OTTHUMG00000163825;RP11-804N13.1
CNGB1	CNGB1
OTTHUMG00000157659;RP11-738B7.1	OTTHUMG00000157659;RP11-738B7.1
OTTHUMG00000159881;RP11-246A10.1	OTTHUMG00000159881;RP11-246A10.1
OTTHUMG00000020285;RP11-180I4.2	OTTHUMG00000020285;RP11-180I4.2
OR1L8	OR1L8
SLC25A2	SLC25A2
LIMK2	LIMK2
NFYA	NFYA
MIR4655	MIR4655
MIR4531	MIR4531
CTD-2653M23.2;OTTHUMG00000162033	CTD-2653M23.2;OTTHUMG00000162033
OTTHUMG00000022593;RP1-315J21.1;SPANXN1	OTTHUMG00000022593;RP1-315J21.1;SPANXN1
MLIP-IT1	MLIP-IT1
TERF1P2	TERF1P2
OTTHUMG00000161558;RP11-153M7.5	OTTHUMG00000161558;RP11-153M7.5
APOH	APOH
AC018495.3;OTTHUMG00000155454	AC018495.3;OTTHUMG00000155454
AP002856.4;OTTHUMG00000066362	AP002856.4;OTTHUMG00000066362
OASL	OASL
CREBZF	CREBZF
OTTHUMG00000004936;XXbac-BPG116M5.14	OTTHUMG00000004936;XXbac-BPG116M5.14
BACH2	BACH2
LOC100507254;OTTHUMG00000015574;RP3-523C21.1	LOC100507254;OTTHUMG00000015574;RP3-523C21.1
HLA-DQB1;OTTHUMG00000140110;XXbac-BPG254F23.6	HLA-DQB1;OTTHUMG00000140110;XXbac-BPG254F23.6
SNORD15A	SNORD15A
AC003958.2;LOC100505782;OTTHUMG00000133598	AC003958.2;LOC100505782;OTTHUMG00000133598
MIR548F1	MIR548F1
PAGE5	PAGE5
LOC100129083	LOC100129083
OSTM1-AS1	OSTM1-AS1
DPP9	DPP9
FLJ16779	FLJ16779
OTTHUMG00000040081;RP11-522M21.3	OTTHUMG00000040081;RP11-522M21.3
UBE2E2	UBE2E2
OTTHUMG00000163985;RP11-431M3.1	OTTHUMG00000163985;RP11-431M3.1
HLA-A	HLA-A
B3GALNT1	B3GALNT1
PLCH1-AS1	PLCH1-AS1
LOC644662;OTTHUMG00000162679;RP11-71E19.1	LOC644662;OTTHUMG00000162679;RP11-71E19.1
OTTHUMG00000163153;RP11-438C19.1	OTTHUMG00000163153;RP11-438C19.1
FLVCR1-AS1	FLVCR1-AS1
MIR4257	MIR4257
LINC00685	LINC00685
LINC00685	LINC00685
OTTHUMG00000020256;RP11-231K24.2	OTTHUMG00000020256;RP11-231K24.2
OTTHUMG00000018616;RP11-137H2.4	OTTHUMG00000018616;RP11-137H2.4
AC105402.4;OTTHUMG00000153737	AC105402.4;OTTHUMG00000153737
OR2M5	OR2M5
CDH23;LOC100653137	CDH23;LOC100653137
LINC00853;PDZK1IP1-AS1	LINC00853;PDZK1IP1-AS1
AC016768.1;OTTHUMG00000151813	AC016768.1;OTTHUMG00000151813
ZNF160	ZNF160
FER1L6	FER1L6
FAM197Y9	FAM197Y9
OTTHUMG00000017646;RP5-1119O21.2	OTTHUMG00000017646;RP5-1119O21.2
CCNC	CCNC
TTC34	TTC34
CLDN24	CLDN24
MIR335	MIR335
ESRP2	ESRP2
GBA	GBA
REG3G	REG3G
MIR590	MIR590
GNAT2	GNAT2
OTTHUMG00000161991;RP5-875H18.4	OTTHUMG00000161991;RP5-875H18.4
ZFP57	ZFP57
OTTHUMG00000164204;RP11-284H18.1	OTTHUMG00000164204;RP11-284H18.1
ARPC5	ARPC5
MIR3910-1	MIR3910-1
OTTHUMG00000009840;RP5-837I24.2	OTTHUMG00000009840;RP5-837I24.2
MIR210	MIR210
MIR4733	MIR4733
INE2	INE2
C10orf99	C10orf99
OTTHUMG00000014165;RP3-527G5.1	OTTHUMG00000014165;RP3-527G5.1
SCRN1	SCRN1
CLDN17	CLDN17
OTTHUMG00000151143;RP5-1042K10.10	OTTHUMG00000151143;RP5-1042K10.10
AC019055.1;OTTHUMG00000151775	AC019055.1;OTTHUMG00000151775
NTRK2	NTRK2
C1orf116	C1orf116
MAGEL2	MAGEL2
FAM109A	FAM109A
MIR200B	MIR200B
NCR3	NCR3
NCR3	NCR3
NCR3	NCR3
NCR3	NCR3
NCR3	NCR3
NCR3	NCR3
NCR3	NCR3
ATP6V0A2	ATP6V0A2
AC015923.1;OTTHUMG00000132315	AC015923.1;OTTHUMG00000132315
ARL16	ARL16
FAM124A	FAM124A
MIR3976	MIR3976
FPR3	FPR3
FAM27L	FAM27L
SNORD12B	SNORD12B
GOLPH3L	GOLPH3L
IFNW1	IFNW1
OTTHUMG00000041572;RP11-403I13.4	OTTHUMG00000041572;RP11-403I13.4
UNC45A	UNC45A
LINC00052	LINC00052
FGF1	FGF1
MIR609	MIR609
OTTHUMG00000015256;RP3-453D15.1	OTTHUMG00000015256;RP3-453D15.1
ARGFXP2	ARGFXP2
LOC100303749	LOC100303749
OTTHUMG00000015760;RP11-497D6.3	OTTHUMG00000015760;RP11-497D6.3
LOC100507513	LOC100507513
PKLR	PKLR
AC107057.1;OTTHUMG00000151420	AC107057.1;OTTHUMG00000151420
OR51L1	OR51L1
LINC00243	LINC00243
TRIM31	TRIM31
RAB9BP1	RAB9BP1
C6orf226	C6orf226
AC113167.2;OTTHUMG00000162602	AC113167.2;OTTHUMG00000162602
AC064865.1;OTTHUMG00000153704	AC064865.1;OTTHUMG00000153704
AC007009.1;AC007128.1;LOC100505938;OTTHUMG00000151948;OTTHUMG00000152018	AC007009.1;AC007128.1;LOC100505938;OTTHUMG00000151948;OTTHUMG00000152018
FGF17	FGF17
IGLV3-32	IGLV3-32
PPP1R3A	PPP1R3A
LOC100506446	LOC100506446
OTTHUMG00000162639;RP11-124N2.1	OTTHUMG00000162639;RP11-124N2.1
OTTHUMG00000033094;RP11-98G7.1	OTTHUMG00000033094;RP11-98G7.1
AURKC	AURKC
OTTHUMG00000161070;RP11-401I19.1	OTTHUMG00000161070;RP11-401I19.1
CCM2	CCM2
SLC22A8	SLC22A8
OTTHUMG00000014191;RP1-80N2.2	OTTHUMG00000014191;RP1-80N2.2
IGHD2-15	IGHD2-15
IFIT5	IFIT5
CSNK2B	CSNK2B
C1orf86;OTTHUMG00000001405;OTTHUMG00000001406;RP11-181G12.4;RP11-181G12.5	C1orf86;OTTHUMG00000001405;OTTHUMG00000001406;RP11-181G12.4;RP11-181G12.5
MIR187	MIR187
GVINP1	GVINP1
DUOXA2	DUOXA2
OTTHUMG00000037980;OTTHUMG00000037982;RP4-781K5.4;RP4-781K5.5	OTTHUMG00000037980;OTTHUMG00000037982;RP4-781K5.4;RP4-781K5.5
OTTHUMG00000018929;RP11-107I14.2	OTTHUMG00000018929;RP11-107I14.2
GLO1	GLO1
ST3GAL4	ST3GAL4
SSTR5-AS1	SSTR5-AS1
OTTHUMG00000009350;RP11-99H8.1	OTTHUMG00000009350;RP11-99H8.1
OTTHUMG00000161212;RP11-710F7.2	OTTHUMG00000161212;RP11-710F7.2
PHKG1	PHKG1
CTC-325J23.2;OTTHUMG00000162535	CTC-325J23.2;OTTHUMG00000162535
OTTHUMG00000150593;RP5-1177I5.3	OTTHUMG00000150593;RP5-1177I5.3
OTTHUMG00000038015;RP11-443B7.2	OTTHUMG00000038015;RP11-443B7.2
C6orf47	C6orf47
C6orf47	C6orf47
C6orf47	C6orf47
DLX2	DLX2
OTTHUMG00000164447;RP11-865I6.2	OTTHUMG00000164447;RP11-865I6.2
SUGT1P1	SUGT1P1
LEPR;LEPROT	LEPR;LEPROT
MAEL	MAEL
CSNK2B	CSNK2B
CSNK2B	CSNK2B
GPR37L1	GPR37L1
AP000459.4;D21S2088E;OTTHUMG00000078246	AP000459.4;D21S2088E;OTTHUMG00000078246
SCN4B	SCN4B
OR14I1	OR14I1
AC092597.3;OTTHUMG00000099437	AC092597.3;OTTHUMG00000099437
SLIT3	SLIT3
OTTHUMG00000021796;RP5-1091N2.9	OTTHUMG00000021796;RP5-1091N2.9
RNA5SP104	RNA5SP104
OTTHUMG00000163571;RP11-1259L22.1	OTTHUMG00000163571;RP11-1259L22.1
AC006458.3;OTTHUMG00000152389	AC006458.3;OTTHUMG00000152389
GPR84	GPR84
NTN4	NTN4
BCAT2	BCAT2
LPAR1	LPAR1
PSME2	PSME2
MLLT10P1	MLLT10P1
DSCR4-IT1	DSCR4-IT1
OTTHUMG00000001764;RP3-510D11.2	OTTHUMG00000001764;RP3-510D11.2
TNFAIP1	TNFAIP1
OTTHUMG00000018715;RP11-168O10.6	OTTHUMG00000018715;RP11-168O10.6
MIR4315-1;MIR4315-2;PLEKHM1P	MIR4315-1;MIR4315-2;PLEKHM1P
OR52A4	OR52A4
OTTHUMG00000032468;RP5-1031J8.1	OTTHUMG00000032468;RP5-1031J8.1
OTTHUMG00000163754;RP11-1105O14.1	OTTHUMG00000163754;RP11-1105O14.1
ZNF304	ZNF304
IGFALS	IGFALS
CES2	CES2
LOC100129518;SOD2	LOC100129518;SOD2
TBXA2R	TBXA2R
SLC2A5	SLC2A5
C8orf82	C8orf82
APOOP5	APOOP5
LRTM1	LRTM1
DDX43	DDX43
C1QTNF9B-AS1	C1QTNF9B-AS1
IGKV2D-24	IGKV2D-24
AMER3;FAM123C	AMER3;FAM123C
PDCL2	PDCL2
GML	GML
PMPCA	PMPCA
RNY4P11	RNY4P11
RANGAP1	RANGAP1
RNY5	RNY5
PGLYRP3	PGLYRP3
AC007381.2;OTTHUMG00000152618	AC007381.2;OTTHUMG00000152618
ADAM21P1	ADAM21P1
OTTHUMG00000158801;RP11-231I13.2	OTTHUMG00000158801;RP11-231I13.2
ARSA	ARSA
MIR26A1	MIR26A1
AC046143.3;OTTHUMG00000156018	AC046143.3;OTTHUMG00000156018
RNA5SP189	RNA5SP189
C11orf68	C11orf68
CDH2	CDH2
OTTHUMG00000066714;RP11-216M21.5	OTTHUMG00000066714;RP11-216M21.5
OTTHUMG00000161161;RP11-647P12.1	OTTHUMG00000161161;RP11-647P12.1
AC103563.9;OTTHUMG00000155169	AC103563.9;OTTHUMG00000155169
KHDRBS3	KHDRBS3
TNMD	TNMD
MIR34B;MIR34C	MIR34B;MIR34C
RWDD4	RWDD4
ADAM29	ADAM29
SH3TC2	SH3TC2
AMICA1	AMICA1
BRD7P3	BRD7P3
CABP2	CABP2
AC004053.1;OTTHUMG00000160977	AC004053.1;OTTHUMG00000160977
AGPAT1	AGPAT1
AGPAT1	AGPAT1
AGPAT1	AGPAT1
CDK11B	CDK11B
CYP24A1	CYP24A1
AC068057.2;LOC284998;OTTHUMG00000153066	AC068057.2;LOC284998;OTTHUMG00000153066
OTTHUMG00000036058;RP11-203F10.5	OTTHUMG00000036058;RP11-203F10.5
DUX2;DUX4;DUX4L2;DUX4L7	DUX2;DUX4;DUX4L2;DUX4L7
MIR1264	MIR1264
OTTHUMG00000011012;RP11-356N1.2	OTTHUMG00000011012;RP11-356N1.2
LMF1	LMF1
PIP5K1A	PIP5K1A
OTTHUMG00000163118;RP11-231G15.2	OTTHUMG00000163118;RP11-231G15.2
BMP15	BMP15
EPS8	EPS8
AC010733.4;FLJ16341;OTTHUMG00000152126	AC010733.4;FLJ16341;OTTHUMG00000152126
FOXA3	FOXA3
OTTHUMG00000162219;RP11-159F24.5	OTTHUMG00000162219;RP11-159F24.5
OTTHUMG00000019234;RP11-383C5.7	OTTHUMG00000019234;RP11-383C5.7
OTTHUMG00000163615;RP11-158A14.1	OTTHUMG00000163615;RP11-158A14.1
FAM173A	FAM173A
HLA-A	HLA-A
AC006994.2;OTTHUMG00000154719	AC006994.2;OTTHUMG00000154719
CLEC4D	CLEC4D
ZNF329	ZNF329
AC098823.3;LOC151475;OTTHUMG00000153829	AC098823.3;LOC151475;OTTHUMG00000153829
C8orf86	C8orf86
OTTHUMG00000163751;RP11-459E5.1	OTTHUMG00000163751;RP11-459E5.1
OTTHUMG00000007920;RP4-597A16.2	OTTHUMG00000007920;RP4-597A16.2
PGA5	PGA5
PFDN6	PFDN6
OTTHUMG00000162826;RP11-432G16.1	OTTHUMG00000162826;RP11-432G16.1
MIR1285-2	MIR1285-2
AC004054.1;OTTHUMG00000161005	AC004054.1;OTTHUMG00000161005
LOC100508383;OTTHUMG00000156732;RP11-433C9.2	LOC100508383;OTTHUMG00000156732;RP11-433C9.2
OTTHUMG00000165045;RP11-89K10.1	OTTHUMG00000165045;RP11-89K10.1
POLR2J3;UPK3BL	POLR2J3;UPK3BL
OTTHUMG00000009693;RP11-510C10.2	OTTHUMG00000009693;RP11-510C10.2
AP000697.6;OTTHUMG00000086642	AP000697.6;OTTHUMG00000086642
ZBTB3	ZBTB3
OTTHUMG00000161799;RP13-487K5.1	OTTHUMG00000161799;RP13-487K5.1
GTPBP10	GTPBP10
GALNT9	GALNT9
PCDH11X	PCDH11X
RFPL4A;RFPL4AL1	RFPL4A;RFPL4AL1
TFCP2	TFCP2
ZNF417	ZNF417
TMEM236	TMEM236
CRYGC	CRYGC
OTTHUMG00000164398;RP11-579E24.2	OTTHUMG00000164398;RP11-579E24.2
MRFAP1L1	MRFAP1L1
OR10S1	OR10S1
OTTHUMG00000150059;RP11-505P4.7	OTTHUMG00000150059;RP11-505P4.7
ZMIZ2	ZMIZ2
LOC653712;OTTHUMG00000159813;RP11-723O4.2	LOC653712;OTTHUMG00000159813;RP11-723O4.2
RUVBL1-AS1	RUVBL1-AS1
RYR3	RYR3
LOC730081;OTTHUMG00000010804;RP5-884G6.2	LOC730081;OTTHUMG00000010804;RP5-884G6.2
CTD-2280E9.1;OTTHUMG00000162969	CTD-2280E9.1;OTTHUMG00000162969
GPR55	GPR55
AC004692.4;OTTHUMG00000155205	AC004692.4;OTTHUMG00000155205
BFSP2	BFSP2
OTTHUMG00000164221;RP11-642A1.1	OTTHUMG00000164221;RP11-642A1.1
CYB5R3	CYB5R3
TDRG1	TDRG1
NCF2	NCF2
ATXN7L2	ATXN7L2
LRP3	LRP3
OTTHUMG00000162476;RP11-974F13.6	OTTHUMG00000162476;RP11-974F13.6
TAPT1-AS1	TAPT1-AS1
ITPK1	ITPK1
AC092155.4;OTTHUMG00000152520	AC092155.4;OTTHUMG00000152520
MAST4-AS1	MAST4-AS1
AC007317.1;OTTHUMG00000152401	AC007317.1;OTTHUMG00000152401
LOC100288524;OTTHUMG00000160231;WI2-2373I1.2	LOC100288524;OTTHUMG00000160231;WI2-2373I1.2
OTTHUMG00000008935;RP4-784A16.4	OTTHUMG00000008935;RP4-784A16.4
PPIL3	PPIL3
HOXD1	HOXD1
FDX1	FDX1
SPATA31D3	SPATA31D3
OTTHUMG00000016043;RP11-503C24.4	OTTHUMG00000016043;RP11-503C24.4
OTTHUMG00000162146;RP11-357F12.1	OTTHUMG00000162146;RP11-357F12.1
OTTHUMG00000013241;RP11-374M1.2	OTTHUMG00000013241;RP11-374M1.2
NDUFS5	NDUFS5
CTA-929C8.7;OTTHUMG00000150956	CTA-929C8.7;OTTHUMG00000150956
OR5AC2	OR5AC2
RSPH10B;RSPH10B2	RSPH10B;RSPH10B2
AF011889.2;OTTHUMG00000022616	AF011889.2;OTTHUMG00000022616
AC073283.4;OTTHUMG00000151698	AC073283.4;OTTHUMG00000151698
AC064834.2;OTTHUMG00000154381	AC064834.2;OTTHUMG00000154381
INHBB	INHBB
MCCD1	MCCD1
MCCD1	MCCD1
MCCD1	MCCD1
SCARNA4	SCARNA4
AC006296.1;OTTHUMG00000160106	AC006296.1;OTTHUMG00000160106
C2orf40	C2orf40
GABRG1	GABRG1
OTTHUMG00000137387;RP4-614C15.2	OTTHUMG00000137387;RP4-614C15.2
LINC00630	LINC00630
MAGIX	MAGIX
CTB-77H17.1;OTTHUMG00000162965	CTB-77H17.1;OTTHUMG00000162965
MIR589	MIR589
MIR4473	MIR4473
OTTHUMG00000160464;RP11-714G18.1	OTTHUMG00000160464;RP11-714G18.1
CTC-558O19.1;OTTHUMG00000162795	CTC-558O19.1;OTTHUMG00000162795
LOC100506013;OTTHUMG00000161255;RP11-366M4.3	LOC100506013;OTTHUMG00000161255;RP11-366M4.3
ATF6B;CREBL1;OTTHUMG00000149643	ATF6B;CREBL1;OTTHUMG00000149643
SNORA30	SNORA30
OTTHUMG00000015054;RP11-415D17.3	OTTHUMG00000015054;RP11-415D17.3
FAM120A	FAM120A
OTTHUMG00000015782;RP1-111D6.3	OTTHUMG00000015782;RP1-111D6.3
CTD-2194D22.1;OTTHUMG00000161599	CTD-2194D22.1;OTTHUMG00000161599
OTTHUMG00000162339;RP11-257A22.1	OTTHUMG00000162339;RP11-257A22.1
METTL17	METTL17
AC104135.3;OTTHUMG00000152932	AC104135.3;OTTHUMG00000152932
LINC00358	LINC00358
OTTHUMG00000157379;RP5-1070G24.2	OTTHUMG00000157379;RP5-1070G24.2
PCDH17	PCDH17
AC009229.6;OTTHUMG00000152559	AC009229.6;OTTHUMG00000152559
SERPINI1	SERPINI1
ZNF383	ZNF383
AGPAT1	AGPAT1
C17orf67	C17orf67
LOC100130264;OTTHUMG00000031990;RP5-1027G4.3	LOC100130264;OTTHUMG00000031990;RP5-1027G4.3
OR5B3	OR5B3
LOC100506389;OTTHUMG00000015381;RP1-97J1.2	LOC100506389;OTTHUMG00000015381;RP1-97J1.2
KIR2DL4	KIR2DL4
KLK15	KLK15
OTTHUMG00000015856;RP1-101K10.6	OTTHUMG00000015856;RP1-101K10.6
RNA5SP24	RNA5SP24
SNAPC2	SNAPC2
LINC00681	LINC00681
PIGY;PYURF	PIGY;PYURF
SERPINA4	SERPINA4
CCDC170	CCDC170
MPHOSPH8	MPHOSPH8
ASB16-AS1;C17orf65	ASB16-AS1;C17orf65
C1orf129;MROH9	C1orf129;MROH9
FAM81A	FAM81A
CYLC2	CYLC2
RPL13AP17	RPL13AP17
ZRANB2-AS1	ZRANB2-AS1
CSRNP3	CSRNP3
COL18A1	COL18A1
ATP2B2-IT2	ATP2B2-IT2
OTTHUMG00000017599;RP11-336A10.4	OTTHUMG00000017599;RP11-336A10.4
NOX3	NOX3
RGS13	RGS13
DDX51	DDX51
TMEM60	TMEM60
RNA5SP447	RNA5SP447
ZNF324B	ZNF324B
WDR87	WDR87
AC012146.7;OTTHUMG00000132913	AC012146.7;OTTHUMG00000132913
INA	INA
OTTHUMG00000162995;RP11-284A20.2	OTTHUMG00000162995;RP11-284A20.2
RNU5A-1	RNU5A-1
FZD8;MIR4683	FZD8;MIR4683
SFTA3	SFTA3
SETD5-AS1	SETD5-AS1
IL23R	IL23R
XAB2	XAB2
CYB561A3	CYB561A3
ZNF415	ZNF415
SSTR5	SSTR5
OTTHUMG00000137362;RP13-379L11.2	OTTHUMG00000137362;RP13-379L11.2
AC002539.1;OTTHUMG00000132246	AC002539.1;OTTHUMG00000132246
LINC00948;OTTHUMG00000018282;RP11-59J5.1	LINC00948;OTTHUMG00000018282;RP11-59J5.1
DISC2	DISC2
OTTHUMG00000019589;RP11-183I6.2	OTTHUMG00000019589;RP11-183I6.2
CDSN	CDSN
SEMA6A	SEMA6A
KLHL8	KLHL8
GAL3ST1	GAL3ST1
KNG1	KNG1
FAM179A	FAM179A
CT47A1;CT47A10;CT47A11;CT47A12;CT47A2;CT47A3;CT47A4;CT47A5;CT47A6;CT47A7;CT47A8;CT47A9;OTTHUMG00000022311;RP6-166C19.1	CT47A1;CT47A10;CT47A11;CT47A12;CT47A2;CT47A3;CT47A4;CT47A5;CT47A6;CT47A7;CT47A8;CT47A9;OTTHUMG00000022311;RP6-166C19.1
CD72	CD72
MMP11	MMP11
GCNT7	GCNT7
DENND6A	DENND6A
NR2F2-AS1	NR2F2-AS1
GPR50-AS1	GPR50-AS1
PNMA3	PNMA3
AC008268.1;OTTHUMG00000155185	AC008268.1;OTTHUMG00000155185
OTTHUMG00000156608;RP11-3P22.1	OTTHUMG00000156608;RP11-3P22.1
C14orf177	C14orf177
MIR3648	MIR3648
MLANA	MLANA
ATF6B;CREBL1;OTTHUMG00000031594	ATF6B;CREBL1;OTTHUMG00000031594
AACSP1	AACSP1
NCAM1	NCAM1
TM4SF5	TM4SF5
TMEM225	TMEM225
KB-1836B5.1;OTTHUMG00000164002	KB-1836B5.1;OTTHUMG00000164002
PRSS57	PRSS57
ZNF221	ZNF221
UMOD	UMOD
KSR1	KSR1
UBN1	UBN1
MYOM1	MYOM1
SPOCK2	SPOCK2
LOC100287015;OTTHUMG00000163617;RP11-115C21.2	LOC100287015;OTTHUMG00000163617;RP11-115C21.2
AC007682.1;OTTHUMG00000144189	AC007682.1;OTTHUMG00000144189
LOC101060527;NAIP	LOC101060527;NAIP
DDB2	DDB2
APOBEC4	APOBEC4
AC007557.1;OTTHUMG00000155310	AC007557.1;OTTHUMG00000155310
DPY19L2P3	DPY19L2P3
MIR4429	MIR4429
LINC00453	LINC00453
VILL	VILL
AC007880.1;OTTHUMG00000152703	AC007880.1;OTTHUMG00000152703
LA16c-23H5.4;OTTHUMG00000030075	LA16c-23H5.4;OTTHUMG00000030075
UBTFL1	UBTFL1
T	T
OTTHUMG00000160725;RP11-162G9.1	OTTHUMG00000160725;RP11-162G9.1
RNA5SP195	RNA5SP195
HLA-DQB1;OTTHUMG00000140106;XXbac-BPG254F23.6	HLA-DQB1;OTTHUMG00000140106;XXbac-BPG254F23.6
LINC00351	LINC00351
KRTAP4-1	KRTAP4-1
AATK-AS1	AATK-AS1
AP000946.2;OTTHUMG00000074607	AP000946.2;OTTHUMG00000074607
RTN4R	RTN4R
OTTHUMG00000019004;RP11-127L20.3	OTTHUMG00000019004;RP11-127L20.3
MORC2	MORC2
MEG9	MEG9
CNOT4	CNOT4
AC007557.2;OTTHUMG00000155316	AC007557.2;OTTHUMG00000155316
OTTHUMG00000019130;RP11-245J24.1	OTTHUMG00000019130;RP11-245J24.1
TMEM150A	TMEM150A
FRMD6-AS2	FRMD6-AS2
AC010744.1;OTTHUMG00000152969	AC010744.1;OTTHUMG00000152969
CCDC179	CCDC179
LPP-AS2	LPP-AS2
SOWAHC	SOWAHC
LCK	LCK
IRF2BP1	IRF2BP1
STOX1	STOX1
LOC201651;OTTHUMG00000159879;RP11-64D22.2	LOC201651;OTTHUMG00000159879;RP11-64D22.2
GPR62	GPR62
OTTHUMG00000020561;RP11-500B12.1	OTTHUMG00000020561;RP11-500B12.1
CSAG1	CSAG1
LINC00402	LINC00402
BDNF-AS	BDNF-AS
ABHD10	ABHD10
FANCD2OS	FANCD2OS
AC013402.5;OTTHUMG00000153057	AC013402.5;OTTHUMG00000153057
MGC12916	MGC12916
LOC654780	LOC654780
AP000282.3;OTTHUMG00000065034	AP000282.3;OTTHUMG00000065034
MTUS2-AS1	MTUS2-AS1
HCG21	HCG21
HCG21	HCG21
NDUFA13;YJEFN3	NDUFA13;YJEFN3
TRUB2	TRUB2
CREG2	CREG2
ARRDC2	ARRDC2
MFSD12	MFSD12
GRM3	GRM3
CTC-349C3.2;LOC340073;OTTHUMG00000163309	CTC-349C3.2;LOC340073;OTTHUMG00000163309
OTTHUMG00000018447;RP11-344N10.2	OTTHUMG00000018447;RP11-344N10.2
AC105461.1;OTTHUMG00000153384	AC105461.1;OTTHUMG00000153384
AP000345.2;OTTHUMG00000150666	AP000345.2;OTTHUMG00000150666
DSE;LOC100506496;OTTHUMG00000015433;OTTHUMG00000015435;RP1-93H18.1;RP3-486I3.7	DSE;LOC100506496;OTTHUMG00000015433;OTTHUMG00000015435;RP1-93H18.1;RP3-486I3.7
LOC100505920;OTTHUMG00000155985;RP11-513G11.4	LOC100505920;OTTHUMG00000155985;RP11-513G11.4
AC007365.3;OTTHUMG00000152702	AC007365.3;OTTHUMG00000152702
OTTHUMG00000035769;RP11-90L20.2	OTTHUMG00000035769;RP11-90L20.2
OTTHUMG00000161726;RP11-73G16.2	OTTHUMG00000161726;RP11-73G16.2
C6orf99	C6orf99
SEPT14	SEPT14
LOC100129636	LOC100129636
CD248	CD248
MIR1304;SNORA1;SNORA18;SNORA25;SNORA32;SNORA40;SNORA8;SNORD5;SNORD6;TAF1D	MIR1304;SNORA1;SNORA18;SNORA25;SNORA32;SNORA40;SNORA8;SNORD5;SNORD6;TAF1D
OTTHUMG00000161042;RP11-109E24.1	OTTHUMG00000161042;RP11-109E24.1
SNORD19	SNORD19
APOBR	APOBR
AC114730.11;OTTHUMG00000151506	AC114730.11;OTTHUMG00000151506
OTTHUMG00000160519;RP11-436F23.1	OTTHUMG00000160519;RP11-436F23.1
RETNLB	RETNLB
RNA5SP230	RNA5SP230
GPX2	GPX2
CCDC103	CCDC103
AC005392.13;OTTHUMG00000151543	AC005392.13;OTTHUMG00000151543
TAS2R40	TAS2R40
OTTHUMG00000161344;RP13-884E18.3	OTTHUMG00000161344;RP13-884E18.3
TSKS	TSKS
CTB-43E15.4;OTTHUMG00000163337	CTB-43E15.4;OTTHUMG00000163337
SHANK1	SHANK1
OTTHUMG00000164010;RP11-662G23.1	OTTHUMG00000164010;RP11-662G23.1
C2orf80	C2orf80
OTTHUMG00000013747;RP11-94I2.4	OTTHUMG00000013747;RP11-94I2.4
DCDC2B	DCDC2B
CTD-2007H13.3;LOC100289230;OTTHUMG00000162749	CTD-2007H13.3;LOC100289230;OTTHUMG00000162749
CST9L	CST9L
TTTY9A;TTTY9B	TTTY9A;TTTY9B
TTTY9A;TTTY9B	TTTY9A;TTTY9B
ZNF677	ZNF677
ANKRD13B	ANKRD13B
ZNF141	ZNF141
SLC44A3	SLC44A3
OTTHUMG00000036117;RP11-38J22.1	OTTHUMG00000036117;RP11-38J22.1
LINC00944	LINC00944
SCARA5	SCARA5
PQLC3	PQLC3
ISOC1	ISOC1
OTTHUMG00000015771;RP11-631F7.2	OTTHUMG00000015771;RP11-631F7.2
AUTS2	AUTS2
OTTHUMG00000150610;XXbac-B33L19.6	OTTHUMG00000150610;XXbac-B33L19.6
MRGPRF	MRGPRF
OTTHUMG00000015698;RP5-899B16.2	OTTHUMG00000015698;RP5-899B16.2
NAA30	NAA30
TC2N	TC2N
EPYC	EPYC
TMEM222	TMEM222
CCL13	CCL13
SPATA7	SPATA7
SLC17A3	SLC17A3
LOC100507584	LOC100507584
ATF7IP2;LOC100287628	ATF7IP2;LOC100287628
OTTHUMG00000163150;RP11-313L6.2	OTTHUMG00000163150;RP11-313L6.2
OR2W1	OR2W1
OR2W1	OR2W1
OR2W1	OR2W1
OR2W1	OR2W1
OR2W1	OR2W1
OR2W1	OR2W1
OR2W1	OR2W1
OR2W1	OR2W1
OTTHUMG00000159538;RP11-758P17.2	OTTHUMG00000159538;RP11-758P17.2
LOC728752	LOC728752
TMEM204	TMEM204
TINAG	TINAG
ARSD	ARSD
OTTHUMG00000150605;XXbac-B33L19.4	OTTHUMG00000150605;XXbac-B33L19.4
SNORA80	SNORA80
BPGM	BPGM
UBL3	UBL3
CTA-109P11.1;OTTHUMG00000019124	CTA-109P11.1;OTTHUMG00000019124
MPPED1	MPPED1
SLC18A2	SLC18A2
IGKV3-7	IGKV3-7
AL050303.7;OTTHUMG00000074200	AL050303.7;OTTHUMG00000074200
OTTHUMG00000161881;RP11-542G1.2	OTTHUMG00000161881;RP11-542G1.2
MIR518A1	MIR518A1
OTTHUMG00000014380;RP3-425P12.2	OTTHUMG00000014380;RP3-425P12.2
AKAP5	AKAP5
POMZP3	POMZP3
RAB15	RAB15
OTTHUMG00000037355;RP11-295M18.2	OTTHUMG00000037355;RP11-295M18.2
CD302;LY75;LY75-CD302	CD302;LY75;LY75-CD302
AC007040.7;OTTHUMG00000153727	AC007040.7;OTTHUMG00000153727
OTTHUMG00000156616;RP11-78H24.1	OTTHUMG00000156616;RP11-78H24.1
MIR433	MIR433
AC098973.1;LOC100996624;OTTHUMG00000155652	AC098973.1;LOC100996624;OTTHUMG00000155652
RNY3P6	RNY3P6
SEPT6	SEPT6
CCDC75;GPATCH11	CCDC75;GPATCH11
CCP110	CCP110
OTTHUMG00000164180;RP11-324F11.1	OTTHUMG00000164180;RP11-324F11.1
OTTHUMG00000164139;RP11-30J20.1	OTTHUMG00000164139;RP11-30J20.1
UBE2Z	UBE2Z
DDX21	DDX21
C8A	C8A
OTTHUMG00000018527;RP11-399K21.10	OTTHUMG00000018527;RP11-399K21.10
IGLV3-1	IGLV3-1
CACNG6	CACNG6
PRPS1L1	PRPS1L1
PTF1A	PTF1A
CD93	CD93
KBTBD11	KBTBD11
LINC00448	LINC00448
OTTHUMG00000032668;RP4-569M23.2	OTTHUMG00000032668;RP4-569M23.2
SSH2	SSH2
LHFPL1	LHFPL1
NADSYN1	NADSYN1
ACTL7A	ACTL7A
GRK4	GRK4
MIR4653	MIR4653
MIR3130-2	MIR3130-2
OTTHUMG00000134277;RP5-955M13.4	OTTHUMG00000134277;RP5-955M13.4
CTB-191D16.1;OTTHUMG00000161458	CTB-191D16.1;OTTHUMG00000161458
METTL5	METTL5
UBXN11	UBXN11
NABP2	NABP2
SSX1	SSX1
APOBEC3A;APOBEC3A_B	APOBEC3A;APOBEC3A_B
CST7	CST7
DSG1	DSG1
OTTHUMG00000009712;RP11-339D23.1	OTTHUMG00000009712;RP11-339D23.1
NCRNA00171;OTTHUMG00000131177;ZNRD1-AS1	NCRNA00171;OTTHUMG00000131177;ZNRD1-AS1
OTTHUMG00000160063;RP11-61G19.1	OTTHUMG00000160063;RP11-61G19.1
LOC100289511	LOC100289511
CTD-2296D1.1;OTTHUMG00000161903	CTD-2296D1.1;OTTHUMG00000161903
ESX1	ESX1
RBM5	RBM5
CLSTN3	CLSTN3
MIR1197	MIR1197
OTTHUMG00000015249;OTTHUMG00000015250;OTTHUMG00000015251;RP1-104O17.1;RP1-104O17.2;RP3-418C23.2	OTTHUMG00000015249;OTTHUMG00000015250;OTTHUMG00000015251;RP1-104O17.1;RP1-104O17.2;RP3-418C23.2
DPCR1	DPCR1
ATF6B;CREBL1;OTTHUMG00000149127	ATF6B;CREBL1;OTTHUMG00000149127
AC013275.2;OTTHUMG00000153309	AC013275.2;OTTHUMG00000153309
PNKP	PNKP
ZNF174	ZNF174
ECT2L	ECT2L
LOC100129722	LOC100129722
LILRA5	LILRA5
LRRC46	LRRC46
TRIM68	TRIM68
TTTY17A;TTTY17B;TTTY17C	TTTY17A;TTTY17B;TTTY17C
TTTY17A;TTTY17B;TTTY17C	TTTY17A;TTTY17B;TTTY17C
TTTY17A;TTTY17B;TTTY17C	TTTY17A;TTTY17B;TTTY17C
LOC100129620;OTTHUMG00000010766;RP5-896L10.1	LOC100129620;OTTHUMG00000010766;RP5-896L10.1
AC016995.3;OTTHUMG00000153431	AC016995.3;OTTHUMG00000153431
CARD6	CARD6
AC139887.4;OTTHUMG00000150498	AC139887.4;OTTHUMG00000150498
NCAN	NCAN
TMEM244	TMEM244
OTTHUMG00000020566;RP11-349E4.1	OTTHUMG00000020566;RP11-349E4.1
OR10Z1	OR10Z1
RFX7	RFX7
GNB3	GNB3
SLA	SLA
POMC	POMC
ANXA2P2	ANXA2P2
TRIM14	TRIM14
OTTHUMG00000017095;RP11-20O12.1	OTTHUMG00000017095;RP11-20O12.1
UTP15	UTP15
PCDHA7	PCDHA7
AC073325.1;OTTHUMG00000155418	AC073325.1;OTTHUMG00000155418
OTTHUMG00000016631;RP11-125I23.3	OTTHUMG00000016631;RP11-125I23.3
MIR4449	MIR4449
OTTHUMG00000037760;RP11-543E8.1	OTTHUMG00000037760;RP11-543E8.1
MIR642B	MIR642B
LOC100506004	LOC100506004
PSORS1C3	PSORS1C3
PSORS1C3	PSORS1C3
OTTHUMG00000015592;RP1-55C23.7	OTTHUMG00000015592;RP1-55C23.7
B3GNT7	B3GNT7
CPNE7	CPNE7
IGKV1D-43	IGKV1D-43
OTTHUMG00000160923;RP11-9B6.1	OTTHUMG00000160923;RP11-9B6.1
MIR328	MIR328
IGLV3-12	IGLV3-12
PSMA8	PSMA8
PARD6B	PARD6B
ZNF733P	ZNF733P
OTTHUMG00000018077;RP11-445N18.5	OTTHUMG00000018077;RP11-445N18.5
SERPINB12	SERPINB12
LOC100506688;OTTHUMG00000161930;RP11-43F13.3	LOC100506688;OTTHUMG00000161930;RP11-43F13.3
LINC00167	LINC00167
IL5	IL5
TRDV1	TRDV1
MIR103A2;MIR103B2	MIR103A2;MIR103B2
OTTHUMG00000159355;RP11-572M11.3	OTTHUMG00000159355;RP11-572M11.3
ERBB2IP	ERBB2IP
UGGT2-IT1	UGGT2-IT1
OTTHUMG00000157094;RP5-1101C3.1	OTTHUMG00000157094;RP5-1101C3.1
RNA5SP117	RNA5SP117
LOC101060004;OTTHUMG00000032679;RP11-347D21.4	LOC101060004;OTTHUMG00000032679;RP11-347D21.4
LOC100129636	LOC100129636
LOC100129636	LOC100129636
LOC100129636	LOC100129636
LOC100129636	LOC100129636
LOC100129636	LOC100129636
LOC100129636	LOC100129636
RAPGEF4-AS1	RAPGEF4-AS1
LOC150776	LOC150776
OTTHUMG00000022623;RP5-937E21.8	OTTHUMG00000022623;RP5-937E21.8
RNA5SP53	RNA5SP53
GFRAL	GFRAL
PRSS22	PRSS22
AC090587.4;OTTHUMG00000012284	AC090587.4;OTTHUMG00000012284
CRIP1	CRIP1
TSKU	TSKU
ITIH4;MUSTN1;TMEM110;TMEM110-MUSTN1	ITIH4;MUSTN1;TMEM110;TMEM110-MUSTN1
OTTHUMG00000164488;RP11-281N10.1	OTTHUMG00000164488;RP11-281N10.1
SSTR4	SSTR4
AC004543.2;OTTHUMG00000152511	AC004543.2;OTTHUMG00000152511
OTTHUMG00000032023;RP11-227D2.3	OTTHUMG00000032023;RP11-227D2.3
SF3B2	SF3B2
RNA5SP454	RNA5SP454
FAM75E1;SPATA31E1	FAM75E1;SPATA31E1
RNY4P22	RNY4P22
MUSK	MUSK
OR6N1	OR6N1
OTTHUMG00000010779;RP11-313A24.1	OTTHUMG00000010779;RP11-313A24.1
C20orf96	C20orf96
HLA-DQB1;OTTHUMG00000149066;XXbac-BPG254F23.6	HLA-DQB1;OTTHUMG00000149066;XXbac-BPG254F23.6
OTTHUMG00000163231;RP11-375B1.3	OTTHUMG00000163231;RP11-375B1.3
FAM71E1	FAM71E1
OTTHUMG00000033102;RP1-241P17.1	OTTHUMG00000033102;RP1-241P17.1
RECK	RECK
CCDC33	CCDC33
OTTHUMG00000020567;RP11-127L21.1	OTTHUMG00000020567;RP11-127L21.1
LOC100505676;OTTHUMG00000164956;RP11-346I3.4	LOC100505676;OTTHUMG00000164956;RP11-346I3.4
MIR4522	MIR4522
ACVRL1	ACVRL1
AP001596.6;OTTHUMG00000078661	AP001596.6;OTTHUMG00000078661
ZDHHC11B	ZDHHC11B
OTTHUMG00000156731;RP11-667F9.2	OTTHUMG00000156731;RP11-667F9.2
KRTAP9-9	KRTAP9-9
DCT	DCT
PCID2	PCID2
RPAP2	RPAP2
SLC9A4	SLC9A4
AFG3L2	AFG3L2
KXD1	KXD1
AC005538.3;MSL3P1;OTTHUMG00000059127	AC005538.3;MSL3P1;OTTHUMG00000059127
ANKRD62P1-PARP4P3	ANKRD62P1-PARP4P3
TTC1	TTC1
SPATS1	SPATS1
UACA	UACA
RNA5SP231	RNA5SP231
CALR3	CALR3
PLD1	PLD1
OTTHUMG00000163927;RP11-597M17.1	OTTHUMG00000163927;RP11-597M17.1
LRRC24	LRRC24
KRTAP21-3	KRTAP21-3
OTTHUMG00000019460;RP11-509J21.4	OTTHUMG00000019460;RP11-509J21.4
OTTHUMG00000161115;RP11-777N19.1	OTTHUMG00000161115;RP11-777N19.1
OTTHUMG00000017939;RP11-476F14.1	OTTHUMG00000017939;RP11-476F14.1
MIR129-2	MIR129-2
AC004901.1;OTTHUMG00000155476	AC004901.1;OTTHUMG00000155476
AC010082.2;OTTHUMG00000152508	AC010082.2;OTTHUMG00000152508
POM121L4P	POM121L4P
AC005532.5;OTTHUMG00000151907	AC005532.5;OTTHUMG00000151907
FBXL13	FBXL13
FAM83F	FAM83F
EFR3B	EFR3B
OTTHUMG00000019020;RP11-215N21.1	OTTHUMG00000019020;RP11-215N21.1
OR2AP1	OR2AP1
MAGEA3	MAGEA3
DNAJC22	DNAJC22
LOC100509541	LOC100509541
SUPV3L1	SUPV3L1
TAF1L	TAF1L
MIR518B	MIR518B
OTTHUMG00000159705;RP11-39E3.3	OTTHUMG00000159705;RP11-39E3.3
AOAH	AOAH
CLEC12A	CLEC12A
MIR30B	MIR30B
NOSTRIN	NOSTRIN
HEPACAM2	HEPACAM2
MIR4434	MIR4434
AL928768.3;OTTHUMG00000164793	AL928768.3;OTTHUMG00000164793
RNA5SP407	RNA5SP407
OTTHUMG00000156953;RP4-742N3.1	OTTHUMG00000156953;RP4-742N3.1
NEBL	NEBL
TAS2R1	TAS2R1
PDSS2	PDSS2
RNF39	RNF39
AL122127.25;KIAA0125;OTTHUMG00000152317	AL122127.25;KIAA0125;OTTHUMG00000152317
OTTHUMG00000020832;RP11-32B11.2	OTTHUMG00000020832;RP11-32B11.2
KRT37	KRT37
MMS19	MMS19
ANAPC13	ANAPC13
NAP1L2	NAP1L2
ZNF23	ZNF23
TAB3P1	TAB3P1
SNORD70	SNORD70
PRKAR1A	PRKAR1A
OTTHUMG00000011155;RP4-671G15.2	OTTHUMG00000011155;RP4-671G15.2
MIR4679-2	MIR4679-2
FFAR4	FFAR4
NRIP2	NRIP2
SCARNA20	SCARNA20
LOC100133445;LOC115110;OTTHUMG00000000818;RP3-395M20.8	LOC100133445;LOC115110;OTTHUMG00000000818;RP3-395M20.8
OTTHUMG00000017020;RP11-527N12.1	OTTHUMG00000017020;RP11-527N12.1
BTK	BTK
SNHG15;SNORA9	SNHG15;SNORA9
AC009784.3;OTTHUMG00000155618	AC009784.3;OTTHUMG00000155618
ZNF248	ZNF248
FAM90A12P	FAM90A12P
RTDR1	RTDR1
SMCO3	SMCO3
FAM25E	FAM25E
FAM25D	FAM25D
MLF2	MLF2
OTTHUMG00000161694;RP11-472K22.1	OTTHUMG00000161694;RP11-472K22.1
WFS1	WFS1
ESPNP	ESPNP
CTD-2245E15.3;OTTHUMG00000162543	CTD-2245E15.3;OTTHUMG00000162543
UBE3A	UBE3A
FCHO2	FCHO2
GP1BB;SEPT5;SEPT5-GP1BB	GP1BB;SEPT5;SEPT5-GP1BB
MAPK7	MAPK7
MIR583	MIR583
RAI1-AS1	RAI1-AS1
OTTHUMG00000015791;RP1-12G14.5	OTTHUMG00000015791;RP1-12G14.5
DUSP7	DUSP7
PRAMEF18;PRAMEF19	PRAMEF18;PRAMEF19
OTTHUMG00000156951;RP11-328J2.1	OTTHUMG00000156951;RP11-328J2.1
ENPP1	ENPP1
OR2V1	OR2V1
HCG4B	HCG4B
OTTHUMG00000158567;U66059.58	OTTHUMG00000158567;U66059.58
CLPSL1	CLPSL1
LOC100507047;SOLH	LOC100507047;SOLH
AL592494.1;OTTHUMG00000013087	AL592494.1;OTTHUMG00000013087
OTTHUMG00000163188;RP11-843P14.1	OTTHUMG00000163188;RP11-843P14.1
OTTHUMG00000037489;RP11-109P14.10	OTTHUMG00000037489;RP11-109P14.10
TSPY1;TSPY3	TSPY1;TSPY3
OTTHUMG00000040114;RP11-38C18.2	OTTHUMG00000040114;RP11-38C18.2
DDX46	DDX46
IL1A	IL1A
SNORD116-11	SNORD116-11
TSPAN16	TSPAN16
RBMY1A1;RBMY1B;RBMY1D;RBMY1E	RBMY1A1;RBMY1B;RBMY1D;RBMY1E
C6orf205;MUC21;OTTHUMG00000004849	C6orf205;MUC21;OTTHUMG00000004849
OTTHUMG00000161359;RP11-752L20.5	OTTHUMG00000161359;RP11-752L20.5
TPRX1	TPRX1
LACTBL1	LACTBL1
C5orf55	C5orf55
ANKRD39	ANKRD39
MISP	MISP
RIPPLY1	RIPPLY1
OTTHUMG00000017924;RP11-135A24.4	OTTHUMG00000017924;RP11-135A24.4
OTTHUMG00000032274;RP4-553F4.2	OTTHUMG00000032274;RP4-553F4.2
HPS6	HPS6
PDHA2	PDHA2
STAB2	STAB2
OR4K13	OR4K13
MPC1L	MPC1L
PCDHB5	PCDHB5
GPR25	GPR25
TMEM101	TMEM101
MIR4661	MIR4661
AF178030.2;OTTHUMG00000142828	AF178030.2;OTTHUMG00000142828
OTTHUMG00000161563;RP11-119H12.6	OTTHUMG00000161563;RP11-119H12.6
LNX1-AS1	LNX1-AS1
ETV3	ETV3
MIR564;TMEM42	MIR564;TMEM42
NCRNA00171;OTTHUMG00000149443;ZNRD1-AS1	NCRNA00171;OTTHUMG00000149443;ZNRD1-AS1
OR10A7	OR10A7
TMEM247	TMEM247
OTTHUMG00000078079;WI2-925H4.1	OTTHUMG00000078079;WI2-925H4.1
PFN1P2	PFN1P2
LILRA1	LILRA1
MRGPRD	MRGPRD
IDH1-AS1	IDH1-AS1
ELMO1-AS1	ELMO1-AS1
AC012506.2;OTTHUMG00000151900	AC012506.2;OTTHUMG00000151900
ADAM10	ADAM10
MIR639;TECR	MIR639;TECR
LEPREL1	LEPREL1
LCE1A	LCE1A
LINC00626	LINC00626
FBXO40	FBXO40
MORF4L2-AS1	MORF4L2-AS1
RNY4P30	RNY4P30
METTL13	METTL13
OTTHUMG00000018645;RP11-475D12.1	OTTHUMG00000018645;RP11-475D12.1
RNU6-76P	RNU6-76P
PRDM6	PRDM6
DMRTC1;DMRTC1B	DMRTC1;DMRTC1B
LOC100132055;LOC100996442;LOC100996554;OTTHUMG00000002480;RP11-34P13.13	LOC100132055;LOC100996442;LOC100996554;OTTHUMG00000002480;RP11-34P13.13
RNA5SP181	RNA5SP181
HIC2	HIC2
NAA25	NAA25
HKDC1	HKDC1
TAAR6	TAAR6
NGFRAP1	NGFRAP1
FAM155B	FAM155B
INSM2	INSM2
GPRC5C	GPRC5C
OTTHUMG00000018065;RP11-285G1.2	OTTHUMG00000018065;RP11-285G1.2
SPATA32	SPATA32
PKD1L2	PKD1L2
AF127577.11;OTTHUMG00000074330	AF127577.11;OTTHUMG00000074330
RRAGD	RRAGD
LOC100506533	LOC100506533
INTS1	INTS1
TRIM67	TRIM67
CAMK2D	CAMK2D
LOC100132146;TDGF1	LOC100132146;TDGF1
OTTHUMG00000018629;RP11-344L13.2	OTTHUMG00000018629;RP11-344L13.2
BAIAP2L2	BAIAP2L2
ALKBH3-AS1	ALKBH3-AS1
PPP1R2P3	PPP1R2P3
ARG2	ARG2
CTB-181F24.1;OTTHUMG00000163861	CTB-181F24.1;OTTHUMG00000163861
SERPIND1	SERPIND1
DTNBP1	DTNBP1
OTTHUMG00000019010;RP11-483B5.3;SORCS3-AS1	OTTHUMG00000019010;RP11-483B5.3;SORCS3-AS1
THAP3	THAP3
UMODL1	UMODL1
RHOV	RHOV
MT1P2	MT1P2
GABRR1	GABRR1
OTTHUMG00000019849;RP11-182N22.8	OTTHUMG00000019849;RP11-182N22.8
FRMPD4	FRMPD4
SLAMF1	SLAMF1
HOXA11-AS	HOXA11-AS
FBXO21	FBXO21
AC079807.4;OTTHUMG00000151756	AC079807.4;OTTHUMG00000151756
AGPAT1	AGPAT1
AGPAT1	AGPAT1
GPR126	GPR126
MIR587	MIR587
LOC101060595;OTTHUMG00000042244;RP11-458D21.1	LOC101060595;OTTHUMG00000042244;RP11-458D21.1
A2MP1	A2MP1
OTTHUMG00000002076;RP1-69M21.2	OTTHUMG00000002076;RP1-69M21.2
NXPH4	NXPH4
CTD-2333K2.1;OTTHUMG00000162756	CTD-2333K2.1;OTTHUMG00000162756
BTNL9	BTNL9
BARX2	BARX2
PRAMEF22	PRAMEF22
STK31	STK31
OTTHUMG00000018286;RP11-388P9.2	OTTHUMG00000018286;RP11-388P9.2
OTTHUMG00000035690;RP11-21J7.1	OTTHUMG00000035690;RP11-21J7.1
AC007431.1;OTTHUMG00000132063	AC007431.1;OTTHUMG00000132063
RBMS2	RBMS2
TIGD5	TIGD5
KRTAP5-8	KRTAP5-8
MIR539	MIR539
MIR323A	MIR323A
FUNDC2P2	FUNDC2P2
IGKV1-17	IGKV1-17
STAP1	STAP1
HNRNPCL1;HNRNPCP5;LOC101060301;LOC649330	HNRNPCL1;HNRNPCP5;LOC101060301;LOC649330
OTTHUMG00000163317;RP11-195E2.4	OTTHUMG00000163317;RP11-195E2.4
OTTHUMG00000164137;RP11-350F16.2	OTTHUMG00000164137;RP11-350F16.2
RNF39	RNF39
RNF39	RNF39
RNF39	RNF39
RNF39	RNF39
TAS2R64P	TAS2R64P
CTB-1H10.1;OTTHUMG00000163475	CTB-1H10.1;OTTHUMG00000163475
AC016751.3;OTTHUMG00000154113	AC016751.3;OTTHUMG00000154113
OTTHUMG00000161454;RP11-360A10.1	OTTHUMG00000161454;RP11-360A10.1
LOC730101	LOC730101
OTTHUMG00000161471;RP11-400D2.2	OTTHUMG00000161471;RP11-400D2.2
AC005355.1;OTTHUMG00000163069	AC005355.1;OTTHUMG00000163069
OTTHUMG00000008263;RP5-997D24.3	OTTHUMG00000008263;RP5-997D24.3
ZNF648	ZNF648
RPH3AL	RPH3AL
OTTHUMG00000037896;RP4-612J11.1	OTTHUMG00000037896;RP4-612J11.1
CTD-2292M14.1;OTTHUMG00000162456	CTD-2292M14.1;OTTHUMG00000162456
CCL1	CCL1
IGHV3-13	IGHV3-13
FLJ20518;FRG2C;LOC651959	FLJ20518;FRG2C;LOC651959
OTTHUMG00000015400;RP11-346D19.1	OTTHUMG00000015400;RP11-346D19.1
HNRNPU-AS1	HNRNPU-AS1
PLCXD3	PLCXD3
LOC100507437	LOC100507437
OTTHUMG00000164451;RP11-53M11.3	OTTHUMG00000164451;RP11-53M11.3
SPG20OS	SPG20OS
OTTHUMG00000157169;RP11-3B12.2	OTTHUMG00000157169;RP11-3B12.2
PNPLA5	PNPLA5
OTTHUMG00000160044;RP11-281P23.2	OTTHUMG00000160044;RP11-281P23.2
MIR4688	MIR4688
ALDH3A2	ALDH3A2
C6orf47	C6orf47
PKIA	PKIA
PRKG1	PRKG1
CTD-3025N20.2;LOC286186;OTTHUMG00000164373	CTD-3025N20.2;LOC286186;OTTHUMG00000164373
RAD50	RAD50
DDX27	DDX27
RPL19P20	RPL19P20
CPNE4	CPNE4
SFTA2	SFTA2
OTTHUMG00000013154;RP5-888M10.2	OTTHUMG00000013154;RP5-888M10.2
FAM150A	FAM150A
CTD-2275D24.2;OTTHUMG00000162460	CTD-2275D24.2;OTTHUMG00000162460
LOXHD1	LOXHD1
ANKRD46	ANKRD46
DNAL1	DNAL1
PCNXL4	PCNXL4
AC108066.1;OTTHUMG00000154822	AC108066.1;OTTHUMG00000154822
OTTHUMG00000017531;RP11-164C1.2	OTTHUMG00000017531;RP11-164C1.2
OR1B1	OR1B1
OTTHUMG00000003651;RP1-212P9.3	OTTHUMG00000003651;RP1-212P9.3
CDY1;CDY1B	CDY1;CDY1B
OTTHUMG00000020358;RP11-554F20.1	OTTHUMG00000020358;RP11-554F20.1
LRTM2	LRTM2
NDUFB2	NDUFB2
ERVFRD-1	ERVFRD-1
OTTHUMG00000014123;RP11-145H9.3	OTTHUMG00000014123;RP11-145H9.3
SFTA2	SFTA2
SFTA2	SFTA2
UTS2B;UTS2D	UTS2B;UTS2D
HRASLS2	HRASLS2
MIR181A2HG	MIR181A2HG
TULP3	TULP3
OTTHUMG00000057435;RP4-568F9.6	OTTHUMG00000057435;RP4-568F9.6
AC104024.1;OTTHUMG00000059261	AC104024.1;OTTHUMG00000059261
MIR3196	MIR3196
OTTHUMG00000159327;RP11-572M11.4	OTTHUMG00000159327;RP11-572M11.4
A1CF	A1CF
ATOX1	ATOX1
LOC400927	LOC400927
IFNG-AS1	IFNG-AS1
FBXW12	FBXW12
FAM5B	FAM5B
POLR2B	POLR2B
RNF125	RNF125
MBP	MBP
KCNS3	KCNS3
OTTHUMG00000151249;RP3-400N23.6	OTTHUMG00000151249;RP3-400N23.6
DEFT1P;DEFT1P2	DEFT1P;DEFT1P2
PROZ	PROZ
OTTHUMG00000014610;RP1-90K10.4	OTTHUMG00000014610;RP1-90K10.4
OTTHUMG00000003323;RP4-706G24.1	OTTHUMG00000003323;RP4-706G24.1
OTTHUMG00000150009;RP1-302D9.3	OTTHUMG00000150009;RP1-302D9.3
C1orf189	C1orf189
OTTHUMG00000161588;RP11-6L6.6	OTTHUMG00000161588;RP11-6L6.6
LOC606724	LOC606724
PPIL6	PPIL6
REG3A	REG3A
TRAV8-3	TRAV8-3
AC012370.2;OTTHUMG00000152757	AC012370.2;OTTHUMG00000152757
IFNA21	IFNA21
OTTHUMG00000160256;RP11-412P11.1	OTTHUMG00000160256;RP11-412P11.1
DCAKD	DCAKD
KIAA1217	KIAA1217
LOC154092;OTTHUMG00000015616;RP11-557H15.2	LOC154092;OTTHUMG00000015616;RP11-557H15.2
MIR3910-2	MIR3910-2
GPR12	GPR12
TRIM8	TRIM8
OTTHUMG00000014348;RP1-209A6.1	OTTHUMG00000014348;RP1-209A6.1
OTTHUMG00000015769;RP11-307P5.1	OTTHUMG00000015769;RP11-307P5.1
ZNF707	ZNF707
ARHGEF7-AS2	ARHGEF7-AS2
LOC100509621;RBMS3-AS3	LOC100509621;RBMS3-AS3
RECQL	RECQL
RNF148	RNF148
MAGEA5	MAGEA5
CTD-2161F6.2;OTTHUMG00000161642;OTTHUMG00000161647;RP11-445O3.2	CTD-2161F6.2;OTTHUMG00000161642;OTTHUMG00000161647;RP11-445O3.2
RNA5SP211	RNA5SP211
OR8I2	OR8I2
AHNAK	AHNAK
EYS	EYS
EDF1	EDF1
CSNK2B	CSNK2B
CTB-147C13.1;OTTHUMG00000163146	CTB-147C13.1;OTTHUMG00000163146
MKNK1	MKNK1
RNF149;SNORD89	RNF149;SNORD89
CTD-2197I11.1;OTTHUMG00000162849	CTD-2197I11.1;OTTHUMG00000162849
DEFB124	DEFB124
DOK7	DOK7
AF238380.5;OTTHUMG00000024154;USP27X-AS1	AF238380.5;OTTHUMG00000024154;USP27X-AS1
OTTHUMG00000163397;RP11-1334A24.5	OTTHUMG00000163397;RP11-1334A24.5
MIR3115	MIR3115
NSUN5P1	NSUN5P1
KIAA1671;LOC100996283	KIAA1671;LOC100996283
MIR4776-2	MIR4776-2
AC113607.1;LOC339822;OTTHUMG00000151368	AC113607.1;LOC339822;OTTHUMG00000151368
SHANK2	SHANK2
OTTHUMG00000151260;RP4-539M6.14	OTTHUMG00000151260;RP4-539M6.14
LOC494141	LOC494141
OTTHUMG00000015511;RP11-624M8.1	OTTHUMG00000015511;RP11-624M8.1
C2orf62	C2orf62
FLJ16126	FLJ16126
AC093590.1;OTTHUMG00000154493	AC093590.1;OTTHUMG00000154493
ANKRD63	ANKRD63
RNU7-27P	RNU7-27P
VPS39	VPS39
CCNL2	CCNL2
SCEL	SCEL
CEP19	CEP19
HRG	HRG
MIR377	MIR377
OTTHUMG00000163843;RP11-582J16.5	OTTHUMG00000163843;RP11-582J16.5
CLDN8	CLDN8
AP001469.7;OTTHUMG00000090628	AP001469.7;OTTHUMG00000090628
NFU1	NFU1
FAM138A;FAM138F	FAM138A;FAM138F
PATL2	PATL2
NLRP12	NLRP12
MIR4783	MIR4783
OTTHUMG00000020101;RP11-439K3.1	OTTHUMG00000020101;RP11-439K3.1
OTTHUMG00000019262;RP11-109A6.2	OTTHUMG00000019262;RP11-109A6.2
OTTHUMG00000020818;RP11-544A12.4	OTTHUMG00000020818;RP11-544A12.4
RNA5SP206	RNA5SP206
MIR4729	MIR4729
CEP164	CEP164
OTTHUMG00000160975;RP11-729M20.1	OTTHUMG00000160975;RP11-729M20.1
CXCR7	CXCR7
GGT1;GGT2	GGT1;GGT2
MIR938	MIR938
KB-1639H6.4;OTTHUMG00000164764	KB-1639H6.4;OTTHUMG00000164764
HAS2-AS1	HAS2-AS1
HMGN3	HMGN3
CXXC1	CXXC1
SRRM2	SRRM2
PRSS35	PRSS35
OTTHUMG00000022587;RP3-526F5.2	OTTHUMG00000022587;RP3-526F5.2
APCS	APCS
OTTHUMG00000032780;RP5-1010E17.1	OTTHUMG00000032780;RP5-1010E17.1
OTTHUMG00000013297;RP11-318K12.2	OTTHUMG00000013297;RP11-318K12.2
CSHL1	CSHL1
VIPR1-AS1	VIPR1-AS1
LOC100505812	LOC100505812
AC015971.2;OTTHUMG00000153204	AC015971.2;OTTHUMG00000153204
AC011193.1;OTTHUMG00000132738	AC011193.1;OTTHUMG00000132738
CAB39L	CAB39L
OTTHUMG00000163750;RP11-87E22.1	OTTHUMG00000163750;RP11-87E22.1
WDR96	WDR96
MIR451A;MIR451B	MIR451A;MIR451B
AP000221.1;OTTHUMG00000078370	AP000221.1;OTTHUMG00000078370
OTTHUMG00000162808;RP11-414H23.3	OTTHUMG00000162808;RP11-414H23.3
SNORA42	SNORA42
RAMP3	RAMP3
OTTHUMG00000164495;RP11-434I12.4	OTTHUMG00000164495;RP11-434I12.4
CTC-339D2.1;OTTHUMG00000163017	CTC-339D2.1;OTTHUMG00000163017
IGLV7-43	IGLV7-43
PTRF	PTRF
UBD	UBD
C9orf129	C9orf129
DDI1	DDI1
BCAP31	BCAP31
FAM205A	FAM205A
LRRC23;RPL13P5	LRRC23;RPL13P5
UBE2MP1	UBE2MP1
NCRNA00171;OTTHUMG00000004811;ZNRD1-AS1	NCRNA00171;OTTHUMG00000004811;ZNRD1-AS1
OR1C1	OR1C1
ORC3;OTTHUMG00000015181;RP3-486L4.3	ORC3;OTTHUMG00000015181;RP3-486L4.3
CDC26	CDC26
AC079779.4;OTTHUMG00000151364	AC079779.4;OTTHUMG00000151364
TRBV6-6	TRBV6-6
DLG5-AS1;OTTHUMG00000018547;RP11-126H7.3	DLG5-AS1;OTTHUMG00000018547;RP11-126H7.3
LYPD8	LYPD8
CCNB3	CCNB3
OTTHUMG00000158948;RP11-520D19.1	OTTHUMG00000158948;RP11-520D19.1
CCT6B	CCT6B
OTTHUMG00000004372;PSMB2;RP4-728D4.2	OTTHUMG00000004372;PSMB2;RP4-728D4.2
RIIAD1	RIIAD1
CLRN1-AS1	CLRN1-AS1
OTTHUMG00000161654;RP11-597D13.9	OTTHUMG00000161654;RP11-597D13.9
BHLHA9	BHLHA9
NR4A1	NR4A1
EFCAB11	EFCAB11
CTD-2016O11.1;OTTHUMG00000164089	CTD-2016O11.1;OTTHUMG00000164089
EIF1AX-AS1	EIF1AX-AS1
SNORD116-18	SNORD116-18
RNASE11;RNASE12	RNASE11;RNASE12
OR5B2	OR5B2
DSTNP2	DSTNP2
OTTHUMG00000031932;RP4-705D16.3	OTTHUMG00000031932;RP4-705D16.3
MRPL46	MRPL46
OTTHUMG00000019968;RP11-274B18.2	OTTHUMG00000019968;RP11-274B18.2
LOC100507363	LOC100507363
PRM2	PRM2
TROVE2	TROVE2
CES1P1	CES1P1
SLC30A2	SLC30A2
LOC390705	LOC390705
OTTHUMG00000002623;RP3-329E20.2	OTTHUMG00000002623;RP3-329E20.2
AC124944.3;OTTHUMG00000155825	AC124944.3;OTTHUMG00000155825
OTTHUMG00000162500;RP11-232L2.2	OTTHUMG00000162500;RP11-232L2.2
FAM225B	FAM225B
HEXIM2	HEXIM2
SPAG11A;SPAG11B	SPAG11A;SPAG11B
OTTHUMG00000159635;RP11-93K22.6	OTTHUMG00000159635;RP11-93K22.6
ST6GALNAC1	ST6GALNAC1
NTRK3	NTRK3
PUS10	PUS10
C1orf61	C1orf61
ZC3H7A	ZC3H7A
PROSER2-AS1	PROSER2-AS1
AC005042.5;OTTHUMG00000153971	AC005042.5;OTTHUMG00000153971
AC113608.1;OTTHUMG00000151723	AC113608.1;OTTHUMG00000151723
ABCC8	ABCC8
MALT1	MALT1
LRRC42	LRRC42
MIR548J	MIR548J
CTAGE10P	CTAGE10P
MIR4518	MIR4518
OTTHUMG00000162198;RP11-478P10.1	OTTHUMG00000162198;RP11-478P10.1
RPP25	RPP25
AGAP11	AGAP11
LCE1D	LCE1D
GPR20	GPR20
OTTHUMG00000157189;RP5-1121A15.4	OTTHUMG00000157189;RP5-1121A15.4
OTTHUMG00000160687;RP11-18D7.2	OTTHUMG00000160687;RP11-18D7.2
OTTHUMG00000158832;RP11-20B7.1	OTTHUMG00000158832;RP11-20B7.1
IGHV2-70	IGHV2-70
MAP1B	MAP1B
RNU2-5P	RNU2-5P
OTTHUMG00000017173;RP11-143O10.1	OTTHUMG00000017173;RP11-143O10.1
LATS1	LATS1
AC092168.3;OTTHUMG00000153160	AC092168.3;OTTHUMG00000153160
C2orf76	C2orf76
KIAA1984-AS1	KIAA1984-AS1
LINC00667	LINC00667
OTTHUMG00000160650;RP11-317M11.1	OTTHUMG00000160650;RP11-317M11.1
SH3D21	SH3D21
KAT6B	KAT6B
RBMY1A1;RBMY1B;RBMY1F;RBMY1J;RBMY2FP	RBMY1A1;RBMY1B;RBMY1F;RBMY1J;RBMY2FP
OTTHUMG00000019939;RP11-113O24.3	OTTHUMG00000019939;RP11-113O24.3
NAT14	NAT14
C1orf74	C1orf74
SVIL	SVIL
OTTHUMG00000014132;RP1-90J20.2	OTTHUMG00000014132;RP1-90J20.2
VWA5B2	VWA5B2
CTA-31J9.2;OTTHUMG00000015619	CTA-31J9.2;OTTHUMG00000015619
TOR1A	TOR1A
C21orf77;LINC00846;TCP10L	C21orf77;LINC00846;TCP10L
TTLL1	TTLL1
LINC00928	LINC00928
HHIPL2	HHIPL2
HRG	HRG
MXRA7	MXRA7
S1PR4	S1PR4
OTTHUMG00000017314;RP11-123H22.1	OTTHUMG00000017314;RP11-123H22.1
KRTAP10-12	KRTAP10-12
OTTHUMG00000164540;RP11-157E21.1	OTTHUMG00000164540;RP11-157E21.1
STATH	STATH
ENGASE	ENGASE
OTTHUMG00000017624;RP11-554I8.1	OTTHUMG00000017624;RP11-554I8.1
MBLAC1	MBLAC1
MIR3908	MIR3908
TMPRSS11BNL	TMPRSS11BNL
OTTHUMG00000007957;RP5-1024N4.2	OTTHUMG00000007957;RP5-1024N4.2
AC108448.3;OTTHUMG00000011701	AC108448.3;OTTHUMG00000011701
AC017002.4;OTTHUMG00000153696	AC017002.4;OTTHUMG00000153696
AC090696.2;OTTHUMG00000128937	AC090696.2;OTTHUMG00000128937
OTTHUMG00000037358;RP11-302I18.3	OTTHUMG00000037358;RP11-302I18.3
ECI2	ECI2
OTTHUMG00000163630;RP11-1049H7.2	OTTHUMG00000163630;RP11-1049H7.2
MIR302E	MIR302E
ANO1-AS2	ANO1-AS2
CCDC13-AS1	CCDC13-AS1
TSPAN2	TSPAN2
TNF	TNF
SNORD42A	SNORD42A
TCEANC	TCEANC
AC006150.1;OTTHUMG00000152476	AC006150.1;OTTHUMG00000152476
OTTHUMG00000008128;RP4-710M16.2	OTTHUMG00000008128;RP4-710M16.2
IGLV3-27	IGLV3-27
FLJ25715	FLJ25715
SNORD7	SNORD7
TRPM4	TRPM4
ZNF498;ZSCAN25	ZNF498;ZSCAN25
KRTAP19-6	KRTAP19-6
WIPF3	WIPF3
OTTHUMG00000017112;RP11-318G21.2	OTTHUMG00000017112;RP11-318G21.2
PHLDA3	PHLDA3
NXPH2	NXPH2
OR7A10	OR7A10
OTTHUMG00000017564;RP11-482E14.2	OTTHUMG00000017564;RP11-482E14.2
LOC646471	LOC646471
RCOR1	RCOR1
PCDHB6	PCDHB6
RNA5SP241	RNA5SP241
HTR3D	HTR3D
OTTHUMG00000161958;RP11-184E9.3	OTTHUMG00000161958;RP11-184E9.3
AHSA1	AHSA1
AC103881.1;OTTHUMG00000153708	AC103881.1;OTTHUMG00000153708
SPATA31A6	SPATA31A6
OTTHUMG00000021679;RP11-445O16.3	OTTHUMG00000021679;RP11-445O16.3
IGKV2D-28	IGKV2D-28
SVILP1	SVILP1
SIGLEC6	SIGLEC6
OTTHUMG00000014238;RP11-360O19.4	OTTHUMG00000014238;RP11-360O19.4
AC053503.4;OTTHUMG00000058921	AC053503.4;OTTHUMG00000058921
THOC7-AS1	THOC7-AS1
OTTHUMG00000017936;RP11-342D11.2	OTTHUMG00000017936;RP11-342D11.2
AC012513.6;OTTHUMG00000154842	AC012513.6;OTTHUMG00000154842
OTTHUMG00000017996;RP11-291L22.4	OTTHUMG00000017996;RP11-291L22.4
OTTHUMG00000161896;RP11-404K5.4	OTTHUMG00000161896;RP11-404K5.4
HMGCL	HMGCL
CTD-2035E11.3;OTTHUMG00000162236	CTD-2035E11.3;OTTHUMG00000162236
C6orf100	C6orf100
OTTHUMG00000009349;RP5-952N6.1	OTTHUMG00000009349;RP5-952N6.1
AC097532.2;OTTHUMG00000153603	AC097532.2;OTTHUMG00000153603
IREB2	IREB2
PRR20A;PRR20B;PRR20C;PRR20D;PRR20E	PRR20A;PRR20B;PRR20C;PRR20D;PRR20E
CRIM1	CRIM1
GZMK	GZMK
PTX4	PTX4
FAM194B	FAM194B
OTTHUMG00000017162;RP11-366K1.1	OTTHUMG00000017162;RP11-366K1.1
NDRG1	NDRG1
OTTHUMG00000001239;RP11-181G12.2	OTTHUMG00000001239;RP11-181G12.2
APOC1P1	APOC1P1
OTTHUMG00000000413;RP11-384P7.6	OTTHUMG00000000413;RP11-384P7.6
CCZ1;CCZ1B	CCZ1;CCZ1B
SPANXC;SPANXE	SPANXC;SPANXE
MIR3202-1	MIR3202-1
OTTHUMG00000164883;RP11-1101K5.1	OTTHUMG00000164883;RP11-1101K5.1
PDCD7	PDCD7
OTTHUMG00000161459;RP11-76G10.1	OTTHUMG00000161459;RP11-76G10.1
FOLR4	FOLR4
C11orf52;HSPB2;HSPB2-C11orf52	C11orf52;HSPB2;HSPB2-C11orf52
TMPRSS11D	TMPRSS11D
DCX	DCX
PALM	PALM
CTSL1P8	CTSL1P8
MIR448	MIR448
MTNR1B	MTNR1B
LOC441493	LOC441493
SNX11	SNX11
OTTHUMG00000157196;RP11-3B12.5	OTTHUMG00000157196;RP11-3B12.5
OTTHUMG00000014325;RP11-686D16.1	OTTHUMG00000014325;RP11-686D16.1
OTTHUMG00000017600;RP11-336A10.5	OTTHUMG00000017600;RP11-336A10.5
LBX2-AS1	LBX2-AS1
P2RY14	P2RY14
AP000705.7;OTTHUMG00000078249	AP000705.7;OTTHUMG00000078249
OTTHUMG00000164289;RP11-386G21.1	OTTHUMG00000164289;RP11-386G21.1
OTTHUMG00000037527;RP4-656G21.1	OTTHUMG00000037527;RP4-656G21.1
AC093818.1;OTTHUMG00000154088	AC093818.1;OTTHUMG00000154088
IGLV3-16	IGLV3-16
SIRPB2	SIRPB2
AC093901.1;LOC100506797;OTTHUMG00000153418	AC093901.1;LOC100506797;OTTHUMG00000153418
RNA5SP126	RNA5SP126
AC004906.3;OTTHUMG00000152115	AC004906.3;OTTHUMG00000152115
OTTHUMG00000018534;RP11-443A13.5	OTTHUMG00000018534;RP11-443A13.5
OTTHUMG00000015453;RP1-92C8.3	OTTHUMG00000015453;RP1-92C8.3
GLRX3	GLRX3
OTTHUMG00000161783;RP11-124N3.2	OTTHUMG00000161783;RP11-124N3.2
RBMY1A1;RBMY1B;RBMY1D	RBMY1A1;RBMY1B;RBMY1D
ZNF30	ZNF30
CSF2	CSF2
AC010872.1;OTTHUMG00000151794	AC010872.1;OTTHUMG00000151794
MIR4726	MIR4726
CLNK	CLNK
MKRN7P	MKRN7P
PRR22	PRR22
SLC25A31	SLC25A31
CTD-2333M24.1;OTTHUMG00000162017	CTD-2333M24.1;OTTHUMG00000162017
OR2H2	OR2H2
OR2H2	OR2H2
OR2H2	OR2H2
ZNF205	ZNF205
PCCA-AS1	PCCA-AS1
C17orf102	C17orf102
OTTHUMG00000019066;RP11-57H14.2	OTTHUMG00000019066;RP11-57H14.2
AC093388.3;OTTHUMG00000154455	AC093388.3;OTTHUMG00000154455
RASGRP4	RASGRP4
TRIP11	TRIP11
LINC00864;OTTHUMG00000018097;RP11-342C24.8	LINC00864;OTTHUMG00000018097;RP11-342C24.8
CHST3	CHST3
LOC646999	LOC646999
ITLN1	ITLN1
BACH1-AS1	BACH1-AS1
PYCARD	PYCARD
AC009110.1;OTTHUMG00000150106	AC009110.1;OTTHUMG00000150106
OTTHUMG00000161909;RP11-706F1.2	OTTHUMG00000161909;RP11-706F1.2
LOC100509646;PRY;PRY2;PRYP3	LOC100509646;PRY;PRY2;PRYP3
NGEF	NGEF
OTTHUMG00000158714;RP11-6F2.5	OTTHUMG00000158714;RP11-6F2.5
OTTHUMG00000164287;RP11-150O12.5	OTTHUMG00000164287;RP11-150O12.5
ADAMTS8	ADAMTS8
OTTHUMG00000158446;RP11-458K10.3	OTTHUMG00000158446;RP11-458K10.3
LINC00613	LINC00613
OTTHUMG00000133697;RP11-74C1.4;TUFT1	OTTHUMG00000133697;RP11-74C1.4;TUFT1
MIR4308	MIR4308
C16orf91	C16orf91
LTBR	LTBR
HOTAIR	HOTAIR
OTTHUMG00000019544;RP11-75C9.2	OTTHUMG00000019544;RP11-75C9.2
OTTHUMG00000014087;RP11-495P10.3	OTTHUMG00000014087;RP11-495P10.3
RNA5SP268	RNA5SP268
BORA	BORA
AC011366.3;LOC100289673;OTTHUMG00000163576	AC011366.3;LOC100289673;OTTHUMG00000163576
OTTHUMG00000041463;RP11-359E8.3	OTTHUMG00000041463;RP11-359E8.3
SLC12A8	SLC12A8
OR4N5	OR4N5
HDDC3	HDDC3
CTB-33O18.2;OTTHUMG00000163341	CTB-33O18.2;OTTHUMG00000163341
AC010226.4;OTTHUMG00000155201	AC010226.4;OTTHUMG00000155201
GPX3	GPX3
MIR4779	MIR4779
RNA5SP248	RNA5SP248
MON1A	MON1A
OTTHUMG00000159303;RP11-190P13.2	OTTHUMG00000159303;RP11-190P13.2
GPR42	GPR42
MIR208B	MIR208B
MIR649	MIR649
OTTHUMG00000162992;RP11-284A20.1	OTTHUMG00000162992;RP11-284A20.1
EDEM2	EDEM2
OTTHUMG00000018252;RP11-346D6.6	OTTHUMG00000018252;RP11-346D6.6
LOC100996662	LOC100996662
DERL2	DERL2
C8B	C8B
NAV2-AS4	NAV2-AS4
UGT2A3	UGT2A3
OTTHUMG00000164604;RP11-731N10.1	OTTHUMG00000164604;RP11-731N10.1
REN	REN
CPXCR1	CPXCR1
LOC728716;OTTHUMG00000000499;RP13-614K11.1	LOC728716;OTTHUMG00000000499;RP13-614K11.1
CTA-392C11.1;LOC100507481;LOC100996474;OTTHUMG00000164047	CTA-392C11.1;LOC100507481;LOC100996474;OTTHUMG00000164047
CTAGE4;CTAGE9	CTAGE4;CTAGE9
GPR133	GPR133
OTTHUMG00000162804;RP11-346J10.1	OTTHUMG00000162804;RP11-346J10.1
TMEM8A	TMEM8A
AC092171.4;OTTHUMG00000151833	AC092171.4;OTTHUMG00000151833
NRON	NRON
PLEKHS1	PLEKHS1
LCA5	LCA5
C9orf153	C9orf153
SLC12A9	SLC12A9
OTTHUMG00000163183;RP11-91H12.1	OTTHUMG00000163183;RP11-91H12.1
RNA5SP453	RNA5SP453
DNAJC4	DNAJC4
GUSBP11	GUSBP11
AP1S3	AP1S3
KANSL1-AS1	KANSL1-AS1
SLC38A2	SLC38A2
SHISA9	SHISA9
MIR339	MIR339
CALML3	CALML3
AP000688.8;LOC100996609;OTTHUMG00000086463	AP000688.8;LOC100996609;OTTHUMG00000086463
AVP	AVP
SPDEF	SPDEF
TIMM21	TIMM21
TXNDC12	TXNDC12
TBL3	TBL3
CCDC61	CCDC61
MMP24-AS1	MMP24-AS1
TPD52L3	TPD52L3
WDR31	WDR31
LOC283177	LOC283177
MUS81	MUS81
LINC00684	LINC00684
OTTHUMG00000041065;RP11-547D24.1	OTTHUMG00000041065;RP11-547D24.1
ZNF266	ZNF266
OTTHUMG00000163723;RP1-149L1.1	OTTHUMG00000163723;RP1-149L1.1
EHMT2-AS1	EHMT2-AS1
DAQB-331I12.5;OTTHUMG00000148805	DAQB-331I12.5;OTTHUMG00000148805
DAQB-331I12.5;OTTHUMG00000057537	DAQB-331I12.5;OTTHUMG00000057537
DAQB-331I12.5;OTTHUMG00000149040	DAQB-331I12.5;OTTHUMG00000149040
DAQB-331I12.5;OTTHUMG00000149549	DAQB-331I12.5;OTTHUMG00000149549
DAQB-331I12.5;OTTHUMG00000004931	DAQB-331I12.5;OTTHUMG00000004931
DASS-36P22.4;OTTHUMG00000137488	DASS-36P22.4;OTTHUMG00000137488
CYCSP52	CYCSP52
TCF19	TCF19
TCF19	TCF19
OTTHUMG00000014139;RP1-40E16.2	OTTHUMG00000014139;RP1-40E16.2
MIR646	MIR646
LOC400743;OTTHUMG00000002291;RP11-380J14.1	LOC400743;OTTHUMG00000002291;RP11-380J14.1
RAD17	RAD17
PTGES2	PTGES2
RBMXL2	RBMXL2
AC007131.1;OTTHUMG00000152615	AC007131.1;OTTHUMG00000152615
GDF2	GDF2
OR1L6	OR1L6
CYP3A5	CYP3A5
DNAJC5B	DNAJC5B
IGLV9-49	IGLV9-49
OTTHUMG00000163650;RP11-279L11.1	OTTHUMG00000163650;RP11-279L11.1
SNX20	SNX20
OTTHUMG00000022524;RP1-137H15.2	OTTHUMG00000022524;RP1-137H15.2
GPR137	GPR137
AC021016.6;OTTHUMG00000155067	AC021016.6;OTTHUMG00000155067
OTTHUMG00000163634;RP11-107N7.1	OTTHUMG00000163634;RP11-107N7.1
UNC5B	UNC5B
CTC-428G20.3;OTTHUMG00000162912	CTC-428G20.3;OTTHUMG00000162912
OTTHUMG00000150616;RP4-633O19__A.1	OTTHUMG00000150616;RP4-633O19__A.1
ZFC3H1	ZFC3H1
RNA5SP350	RNA5SP350
ARL11	ARL11
CYP4F24P	CYP4F24P
MIR4424	MIR4424
OTTHUMG00000164345;RP11-577N1.1	OTTHUMG00000164345;RP11-577N1.1
AC096655.2;LOC729121;OTTHUMG00000153314	AC096655.2;LOC729121;OTTHUMG00000153314
LMOD3	LMOD3
KRTAP10-9	KRTAP10-9
OTTHUMG00000164348;RP11-337A23.6	OTTHUMG00000164348;RP11-337A23.6
OTTHUMG00000150921;RP4-669P10.16	OTTHUMG00000150921;RP4-669P10.16
C9orf62	C9orf62
OTTHUMG00000161337;RP11-236P13.1	OTTHUMG00000161337;RP11-236P13.1
DEGS2	DEGS2
FAM26D	FAM26D
HHEX	HHEX
SUGT1P3;TPTE2P5	SUGT1P3;TPTE2P5
KBTBD12	KBTBD12
CECR9	CECR9
RNA5SP409	RNA5SP409
OTTHUMG00000017241;RP11-120E13.1	OTTHUMG00000017241;RP11-120E13.1
DKK2	DKK2
AC104113.3;OTTHUMG00000153833	AC104113.3;OTTHUMG00000153833
AC011239.2;OTTHUMG00000151890	AC011239.2;OTTHUMG00000151890
OTTHUMG00000159583;RP11-206M11.7	OTTHUMG00000159583;RP11-206M11.7
AL022344.4;OTTHUMG00000018017	AL022344.4;OTTHUMG00000018017
ERBB4	ERBB4
CTC-384G19.1;OTTHUMG00000162573	CTC-384G19.1;OTTHUMG00000162573
CCDC105	CCDC105
PCNAP1	PCNAP1
PLCB4	PLCB4
LINC00943	LINC00943
MIR1184-1;MIR1184-2;MIR1184-3	MIR1184-1;MIR1184-2;MIR1184-3
MIR1184-1;MIR1184-2;MIR1184-3	MIR1184-1;MIR1184-2;MIR1184-3
MIR1184-1;MIR1184-2;MIR1184-3	MIR1184-1;MIR1184-2;MIR1184-3
ZNF251	ZNF251
LAG3	LAG3
KB-1507C5.3;OTTHUMG00000164836	KB-1507C5.3;OTTHUMG00000164836
FAM46D	FAM46D
AC034243.1;OTTHUMG00000163503	AC034243.1;OTTHUMG00000163503
OTTHUMG00000009098;RP11-15J6.1	OTTHUMG00000009098;RP11-15J6.1
ITPK1-AS1	ITPK1-AS1
OTTHUMG00000162192;RP11-45H22.3	OTTHUMG00000162192;RP11-45H22.3
ANGPTL7	ANGPTL7
AC159540.3;OTTHUMG00000152992	AC159540.3;OTTHUMG00000152992
OPCML-IT1	OPCML-IT1
OTTHUMG00000010575;RP11-290M5.2	OTTHUMG00000010575;RP11-290M5.2
NICN1	NICN1
RNA5SP339	RNA5SP339
TFEC	TFEC
ZDHHC6	ZDHHC6
LCP2	LCP2
TMEM88B	TMEM88B
ASNSD1	ASNSD1
AC096574.5;OTTHUMG00000152959	AC096574.5;OTTHUMG00000152959
IL2	IL2
DKFZP434H168	DKFZP434H168
EFNA1	EFNA1
RNU7-19P	RNU7-19P
MTOR	MTOR
AC068039.4;OTTHUMG00000154281	AC068039.4;OTTHUMG00000154281
FAM209A;FAM209B	FAM209A;FAM209B
GOLT1A	GOLT1A
FAM19A4	FAM19A4
THBS1	THBS1
NLGN4Y-AS1	NLGN4Y-AS1
MIR4715	MIR4715
RNU7-73P	RNU7-73P
CAMK1	CAMK1
NTF3	NTF3
MIR519A2	MIR519A2
OTTHUMG00000016711;RP11-141M1.1	OTTHUMG00000016711;RP11-141M1.1
FAM47B	FAM47B
OTTHUMG00000046129;RP11-247A12.1	OTTHUMG00000046129;RP11-247A12.1
OTTHUMG00000161685;RP11-781M16.2	OTTHUMG00000161685;RP11-781M16.2
FAM74A3	FAM74A3
AC010145.3;OTTHUMG00000039578	AC010145.3;OTTHUMG00000039578
PIN1P1	PIN1P1
RNU5A-7P	RNU5A-7P
AC116609.3;OTTHUMG00000151376	AC116609.3;OTTHUMG00000151376
OTTHUMG00000159376;RP13-635I23.3	OTTHUMG00000159376;RP13-635I23.3
OR4K2	OR4K2
OTTHUMG00000156455;RP11-944L7.4	OTTHUMG00000156455;RP11-944L7.4
TAF12	TAF12
MPP1	MPP1
S100A7L2	S100A7L2
MYRFL	MYRFL
C15orf41	C15orf41
OTTHUMG00000037165;RP11-103C3.1	OTTHUMG00000037165;RP11-103C3.1
PNO1	PNO1
ANAPC5	ANAPC5
TMEM235	TMEM235
BARHL1	BARHL1
OTTHUMG00000015392;RP11-506B6.6	OTTHUMG00000015392;RP11-506B6.6
LRRC53	LRRC53
SPATA13-AS1	SPATA13-AS1
OGFR	OGFR
NEGR1-IT1	NEGR1-IT1
FBXO9	FBXO9
AC096559.1;LOC100506457;OTTHUMG00000151709	AC096559.1;LOC100506457;OTTHUMG00000151709
COL12A1	COL12A1
AC007163.6;OTTHUMG00000154546	AC007163.6;OTTHUMG00000154546
OTTHUMG00000034877;RP3-518E13.2	OTTHUMG00000034877;RP3-518E13.2
CKM	CKM
TPTE	TPTE
COL14A1	COL14A1
KREMEN2	KREMEN2
MIR296	MIR296
TCF19	TCF19
OTTHUMG00000161095;RP11-314N14.1	OTTHUMG00000161095;RP11-314N14.1
THSD4	THSD4
OTTHUMG00000067148;RP11-395E19.7	OTTHUMG00000067148;RP11-395E19.7
GUCA2A	GUCA2A
C11orf41;KIAA1549L	C11orf41;KIAA1549L
LINC00327	LINC00327
LY6G5C	LY6G5C
PPP1R42	PPP1R42
FRG1;LOC100289097;LOC100996779	FRG1;LOC100289097;LOC100996779
RNA5SP292	RNA5SP292
MIR3912	MIR3912
NLRP14	NLRP14
DNAJB7	DNAJB7
SNORD114-27	SNORD114-27
RFPL4B	RFPL4B
COL4A5	COL4A5
OTTHUMG00000036254;RP11-6J21.2	OTTHUMG00000036254;RP11-6J21.2
RNF39	RNF39
KIRREL	KIRREL
SNORA45	SNORA45
C1QTNF7	C1QTNF7
SNORD46	SNORD46
USP54	USP54
LOC440233	LOC440233
OTTHUMG00000160622;RP11-535C7.1	OTTHUMG00000160622;RP11-535C7.1
C16orf52;LOC101060634	C16orf52;LOC101060634
MIR764	MIR764
DNAJC28	DNAJC28
LOC642236	LOC642236
FOXRED2	FOXRED2
OR51S1	OR51S1
ZNF831	ZNF831
TTTY12	TTTY12
UBA1	UBA1
PPME1	PPME1
MIR520F	MIR520F
OTTHUMG00000020557;RP11-67K19.3	OTTHUMG00000020557;RP11-67K19.3
EIF2B5-AS1	EIF2B5-AS1
NCAM1-AS1	NCAM1-AS1
MIR3191	MIR3191
ZP1	ZP1
AL162759.1;OTTHUMG00000150105	AL162759.1;OTTHUMG00000150105
NETO1	NETO1
OTTHUMG00000159993;RP3-368B9.2	OTTHUMG00000159993;RP3-368B9.2
CTD-2194L12.3;OTTHUMG00000162112	CTD-2194L12.3;OTTHUMG00000162112
AC079163.1;OTTHUMG00000153710	AC079163.1;OTTHUMG00000153710
LINC00032	LINC00032
MIR625	MIR625
C15orf54	C15orf54
SHISA3	SHISA3
RAB37	RAB37
CTC-329D1.3;OTTHUMG00000163574	CTC-329D1.3;OTTHUMG00000163574
HAPLN3	HAPLN3
OTX2-AS1	OTX2-AS1
OTTHUMG00000164086;RP11-495O10.1	OTTHUMG00000164086;RP11-495O10.1
SRD5A1P1	SRD5A1P1
SCARNA23	SCARNA23
OTTHUMG00000162048;RP11-292D4.2	OTTHUMG00000162048;RP11-292D4.2
SEMA4A	SEMA4A
COL6A4P1	COL6A4P1
AC009264.1;LOC349160;OTTHUMG00000155657	AC009264.1;LOC349160;OTTHUMG00000155657
LOC100270679;OTTHUMG00000032036;RP11-125P18.1	LOC100270679;OTTHUMG00000032036;RP11-125P18.1
PRELID1P3	PRELID1P3
MACF1	MACF1
PIH1D3	PIH1D3
CCR3	CCR3
MED26	MED26
LOC100507134;OTTHUMG00000159671;RP11-517B11.4	LOC100507134;OTTHUMG00000159671;RP11-517B11.4
C4orf26	C4orf26
PAM	PAM
STOML3	STOML3
TRIM15	TRIM15
OTTHUMG00000019464;RP11-358M14.2	OTTHUMG00000019464;RP11-358M14.2
OTTHUMG00000164085;RP11-930P14.2	OTTHUMG00000164085;RP11-930P14.2
CCER1	CCER1
OTTHUMG00000164598;RP11-363E6.3	OTTHUMG00000164598;RP11-363E6.3
OTTHUMG00000014149;RP11-420L9.4	OTTHUMG00000014149;RP11-420L9.4
DOCK9-AS1	DOCK9-AS1
OTTHUMG00000074727;WI2-3308P17.2	OTTHUMG00000074727;WI2-3308P17.2
TMEM78	TMEM78
OTTHUMG00000164567;RP11-92K15.1	OTTHUMG00000164567;RP11-92K15.1
OTTHUMG00000163137;RP11-267A15.3	OTTHUMG00000163137;RP11-267A15.3
NAT16	NAT16
MAF1	MAF1
FOXS1	FOXS1
VPS13C	VPS13C
RNY5P5	RNY5P5
GPR110	GPR110
UBD	UBD
OTTHUMG00000067142;RP11-95H8.5	OTTHUMG00000067142;RP11-95H8.5
OTTHUMG00000159752;RP11-202A13.2	OTTHUMG00000159752;RP11-202A13.2
ZKSCAN4	ZKSCAN4
VN1R5	VN1R5
AP001468.58;OTTHUMG00000156278	AP001468.58;OTTHUMG00000156278
NR2E1	NR2E1
OTTHUMG00000031891;RP4-796I8.1	OTTHUMG00000031891;RP4-796I8.1
AC018832.1;OTTHUMG00000154970	AC018832.1;OTTHUMG00000154970
OTTHUMG00000163822;RP11-177H2.2	OTTHUMG00000163822;RP11-177H2.2
MIR575	MIR575
OTTHUMG00000018538;RP11-328K22.1	OTTHUMG00000018538;RP11-328K22.1
OTTHUMG00000066733;RP11-95K23.3	OTTHUMG00000066733;RP11-95K23.3
MC3R	MC3R
MGC10955	MGC10955
AC013402.2;LOC150568;OTTHUMG00000153050	AC013402.2;LOC150568;OTTHUMG00000153050
OTTHUMG00000157001;RP4-745K6.1	OTTHUMG00000157001;RP4-745K6.1
PDX1	PDX1
CLYBL-IT1	CLYBL-IT1
AP000280.66;C21orf62;OTTHUMG00000064991	AP000280.66;C21orf62;OTTHUMG00000064991
OTTHUMG00000018238;RP11-449O16.2	OTTHUMG00000018238;RP11-449O16.2
DDIT3	DDIT3
KRT84	KRT84
ART1	ART1
MB21D2	MB21D2
AC128709.3;OTTHUMG00000155481	AC128709.3;OTTHUMG00000155481
IL24	IL24
MUC22;OTTHUMG00000133724;XXbac-BPG118E17.9	MUC22;OTTHUMG00000133724;XXbac-BPG118E17.9
PIM3	PIM3
HSPA12A;OTTHUMG00000019111;RP11-539I5.1	HSPA12A;OTTHUMG00000019111;RP11-539I5.1
RNU5B-4P	RNU5B-4P
GAR1	GAR1
PATE3	PATE3
REV3L-IT1	REV3L-IT1
AC110781.3;LOC100128374;OTTHUMG00000151497	AC110781.3;LOC100128374;OTTHUMG00000151497
SIX3	SIX3
MSL1	MSL1
NACAP1	NACAP1
OTTHUMG00000035304;RP3-467K16.7	OTTHUMG00000035304;RP3-467K16.7
AC006019.4;OTTHUMG00000151522	AC006019.4;OTTHUMG00000151522
GDI1	GDI1
RPL29P30	RPL29P30
OTTHUMG00000041032;RP5-998N21.4	OTTHUMG00000041032;RP5-998N21.4
OTTHUMG00000160236;RP11-366H4.1	OTTHUMG00000160236;RP11-366H4.1
SLC25A29	SLC25A29
SLC13A1	SLC13A1
SNX18	SNX18
ECD;OTTHUMG00000018451;RP11-152N13.3	ECD;OTTHUMG00000018451;RP11-152N13.3
AGAP1-IT1	AGAP1-IT1
SAMD4A	SAMD4A
C18orf8	C18orf8
RIPK2	RIPK2
AC004014.3;OTTHUMG00000154865	AC004014.3;OTTHUMG00000154865
DNMT3L	DNMT3L
AC010745.2;OTTHUMG00000151750	AC010745.2;OTTHUMG00000151750
MIR4684	MIR4684
ATRX	ATRX
BASP1P1	BASP1P1
OTTHUMG00000162327;RP11-772C9.1	OTTHUMG00000162327;RP11-772C9.1
OTTHUMG00000020205;RP11-305L7.6	OTTHUMG00000020205;RP11-305L7.6
TMEM89	TMEM89
ADCY6;MIR4701	ADCY6;MIR4701
ZNF100	ZNF100
AC011901.2;OTTHUMG00000153822	AC011901.2;OTTHUMG00000153822
AC009498.1;OTTHUMG00000154544	AC009498.1;OTTHUMG00000154544
MIR641	MIR641
NDUFB11	NDUFB11
KCNJ13	KCNJ13
LYZL1	LYZL1
MIR93	MIR93
OTTHUMG00000019561;RP11-272P10.2	OTTHUMG00000019561;RP11-272P10.2
DVL1	DVL1
CST9LP1	CST9LP1
IGLV4-3	IGLV4-3
TTC7B	TTC7B
EMCN	EMCN
TRIM16L	TRIM16L
SPDYC	SPDYC
RCHY1	RCHY1
CXorf27	CXorf27
GPR32	GPR32
CTC-286N12.1;OTTHUMG00000162917	CTC-286N12.1;OTTHUMG00000162917
PTPRC	PTPRC
CMIP	CMIP
ANGPTL4	ANGPTL4
LIPM	LIPM
PSORS1C2	PSORS1C2
ATP1A4	ATP1A4
SNORD1A	SNORD1A
FCGR1B;FCGR1C	FCGR1B;FCGR1C
KIR2DL2	KIR2DL2
OTTHUMG00000017273;RP11-214F16.4	OTTHUMG00000017273;RP11-214F16.4
LAGE3	LAGE3
OR2Z1	OR2Z1
LINC00314	LINC00314
RBM39	RBM39
SDCBP	SDCBP
UBAC2	UBAC2
KRT75	KRT75
DBX2	DBX2
OTTHUMG00000016461;RP11-38M15.3	OTTHUMG00000016461;RP11-38M15.3
AL583842.1;OTTHUMG00000013089	AL583842.1;OTTHUMG00000013089
OR6B2	OR6B2
AC012462.1;OTTHUMG00000154840	AC012462.1;OTTHUMG00000154840
OTTHUMG00000163518;RP11-542A14.1	OTTHUMG00000163518;RP11-542A14.1
GIMAP7	GIMAP7
STK32B	STK32B
B4GALT3	B4GALT3
TRERF1	TRERF1
TPM3P9;ZNF761	TPM3P9;ZNF761
LOC643770	LOC643770
OTTHUMG00000019022;RP11-163F15.1	OTTHUMG00000019022;RP11-163F15.1
TRBV7-7	TRBV7-7
MORF4L1	MORF4L1
KRTAP4-2	KRTAP4-2
TMEM134	TMEM134
PDS5B	PDS5B
DNAJA4	DNAJA4
OTTHUMG00000037911;RP4-682C21.5	OTTHUMG00000037911;RP4-682C21.5
OTTHUMG00000017165;RP11-342C20.2	OTTHUMG00000017165;RP11-342C20.2
INGX	INGX
SEMA6D	SEMA6D
CTA-342B11.2;OTTHUMG00000150005	CTA-342B11.2;OTTHUMG00000150005
CMTM4	CMTM4
ASTN1	ASTN1
RNA5SP383	RNA5SP383
C12orf65	C12orf65
PSME2P2	PSME2P2
LOC100131514;LOC100134216;LOC101060622;LOC101060740;LOC101060797;MUC3A	LOC100131514;LOC100134216;LOC101060622;LOC101060740;LOC101060797;MUC3A
ADRA2C	ADRA2C
CTC-419K13.1;OTTHUMG00000162462	CTC-419K13.1;OTTHUMG00000162462
PKD2L1	PKD2L1
OTTHUMG00000162871;RP11-492A10.1	OTTHUMG00000162871;RP11-492A10.1
PEAR1	PEAR1
MIR3688-2	MIR3688-2
PMP2	PMP2
NBEAL2	NBEAL2
AC005772.2;OTTHUMG00000059072	AC005772.2;OTTHUMG00000059072
LINC00925;MIR9-3	LINC00925;MIR9-3
LOC643441	LOC643441
AP001619.2;OTTHUMG00000086780	AP001619.2;OTTHUMG00000086780
VSX2	VSX2
CTB-35F21.3;OTTHUMG00000163334	CTB-35F21.3;OTTHUMG00000163334
AC083864.4;OTTHUMG00000155057;PP13004	AC083864.4;OTTHUMG00000155057;PP13004
SMG1P1	SMG1P1
FOXD4L2;FOXD4L4	FOXD4L2;FOXD4L4
CTD-3074O7.2;OTTHUMG00000160821	CTD-3074O7.2;OTTHUMG00000160821
OTTHUMG00000015898;RP11-52J3.3	OTTHUMG00000015898;RP11-52J3.3
HOXD-AS2	HOXD-AS2
RNY4P31	RNY4P31
C17orf77	C17orf77
TRIM15	TRIM15
ENTPD5	ENTPD5
FCRL6	FCRL6
ZFX	ZFX
ANHX	ANHX
OTTHUMG00000011992;RP11-88H9.2	OTTHUMG00000011992;RP11-88H9.2
OTTHUMG00000158465;RP11-451G4.1	OTTHUMG00000158465;RP11-451G4.1
AC105398.3;OTTHUMG00000152025	AC105398.3;OTTHUMG00000152025
ITGAL	ITGAL
OTTHUMG00000163804;RP11-981G7.3	OTTHUMG00000163804;RP11-981G7.3
LILRA2	LILRA2
OTTHUMG00000037661;RP5-1061H20.5	OTTHUMG00000037661;RP5-1061H20.5
EIF1AX;LOC101060318	EIF1AX;LOC101060318
OR8H3	OR8H3
AZI1	AZI1
AC013269.5;OTTHUMG00000153982	AC013269.5;OTTHUMG00000153982
KRTAP10-5	KRTAP10-5
PLEKHN1	PLEKHN1
EGFLAM-AS2	EGFLAM-AS2
MIR617	MIR617
NR5A1	NR5A1
NDUFB2-AS1	NDUFB2-AS1
RNU5E-7P	RNU5E-7P
OTTHUMG00000164258;RP11-759A9.1	OTTHUMG00000164258;RP11-759A9.1
NAB2	NAB2
OR1A2	OR1A2
AP4S1	AP4S1
PCDHB4	PCDHB4
LOC100506082;RRM1	LOC100506082;RRM1
OTTHUMG00000010108;RP6-102O10.1	OTTHUMG00000010108;RP6-102O10.1
AP001628.7;OTTHUMG00000086827	AP001628.7;OTTHUMG00000086827
AC007182.6;OTTHUMG00000148657	AC007182.6;OTTHUMG00000148657
OTTHUMG00000161023;RP11-588P8.1	OTTHUMG00000161023;RP11-588P8.1
ACSM2A	ACSM2A
OTTHUMG00000014741;RP3-337H4.8	OTTHUMG00000014741;RP3-337H4.8
PFKFB1	PFKFB1
OTTHUMG00000157156;RP11-114L10.2	OTTHUMG00000157156;RP11-114L10.2
RNA5SP320	RNA5SP320
ADAM5	ADAM5
AC083867.4;OTTHUMG00000155789	AC083867.4;OTTHUMG00000155789
FIGLA	FIGLA
CX3CR1	CX3CR1
TTTY22	TTTY22
OR56A4	OR56A4
LOC390660	LOC390660
OTTHUMG00000164999;RP11-245A18.1	OTTHUMG00000164999;RP11-245A18.1
RNA5SP414	RNA5SP414
LCN2	LCN2
OTTHUMG00000164292;RP11-628E19.3	OTTHUMG00000164292;RP11-628E19.3
SPINK1	SPINK1
TTC9	TTC9
AC079305.8;OTTHUMG00000154102	AC079305.8;OTTHUMG00000154102
AC006000.5;OTTHUMG00000152350	AC006000.5;OTTHUMG00000152350
LOC100134229	LOC100134229
LOC284294	LOC284294
MIR4651;POR	MIR4651;POR
LOC100507443	LOC100507443
MIR3687	MIR3687
DGAT2L6	DGAT2L6
OTTHUMG00000018851;RP11-452K12.4	OTTHUMG00000018851;RP11-452K12.4
TOP1P2	TOP1P2
GCLC	GCLC
BRSK1	BRSK1
LOC729911	LOC729911
ZNF276	ZNF276
RNA5-8SP7	RNA5-8SP7
FOXI2	FOXI2
TEX26-AS1	TEX26-AS1
IGHV4-61	IGHV4-61
OTTHUMG00000014542;RP11-513I15.6	OTTHUMG00000014542;RP11-513I15.6
OTTHUMG00000000506;RP11-115A15.1	OTTHUMG00000000506;RP11-115A15.1
OR5M8	OR5M8
AC118754.4;OTTHUMG00000132937	AC118754.4;OTTHUMG00000132937
AC114814.3;OTTHUMG00000153146	AC114814.3;OTTHUMG00000153146
MAGEC2	MAGEC2
RNASEH2B	RNASEH2B
GLUD1	GLUD1
MIR199A1	MIR199A1
TRAJ14	TRAJ14
BUD31	BUD31
TAAR8	TAAR8
THTPA	THTPA
RNU6-51	RNU6-51
TPRN	TPRN
OTTHUMG00000164327;RP11-1057B8.2	OTTHUMG00000164327;RP11-1057B8.2
SEMA6B	SEMA6B
YWHAG	YWHAG
TPSAB1;TPSB2	TPSAB1;TPSB2
MITD1	MITD1
RGPD1;RGPD2	RGPD1;RGPD2
FAM35DP	FAM35DP
AC019172.2;OTTHUMG00000151491	AC019172.2;OTTHUMG00000151491
OTTHUMG00000009791;RP11-550H2.2	OTTHUMG00000009791;RP11-550H2.2
OTTHUMG00000033265;RP11-479J7.1	OTTHUMG00000033265;RP11-479J7.1
BMP6	BMP6
SNORD59A	SNORD59A
LOC101059993;RBM14;RBM14-RBM4;RBM4	LOC101059993;RBM14;RBM14-RBM4;RBM4
OTTHUMG00000161522;RP11-285C1.2	OTTHUMG00000161522;RP11-285C1.2
ZBTB37	ZBTB37
MIR4790	MIR4790
OTTHUMG00000019558;RP11-3L8.3	OTTHUMG00000019558;RP11-3L8.3
C6orf38;OTTHUMG00000031429	C6orf38;OTTHUMG00000031429
SNORA50	SNORA50
AKAP6	AKAP6
AGO4;EIF2C4	AGO4;EIF2C4
ZNF169	ZNF169
LIMCH1	LIMCH1
CD48	CD48
AC011899.10;OTTHUMG00000152647	AC011899.10;OTTHUMG00000152647
AC003984.1;OTTHUMG00000154603	AC003984.1;OTTHUMG00000154603
TTLL10	TTLL10
PNMT	PNMT
TAF4B	TAF4B
RPF2	RPF2
FOSB	FOSB
OTTHUMG00000024097;RP11-157D23.2	OTTHUMG00000024097;RP11-157D23.2
GRK5;OTTHUMG00000019145;RP11-567J24.4	GRK5;OTTHUMG00000019145;RP11-567J24.4
RAB41	RAB41
DGUOK-AS1	DGUOK-AS1
RNY3P4	RNY3P4
ITLN2	ITLN2
CHRNB3	CHRNB3
LOC401134;OTTHUMG00000160703;RP11-707A18.1	LOC401134;OTTHUMG00000160703;RP11-707A18.1
NNAT	NNAT
OTTHUMG00000156168;RP11-197K6.1	OTTHUMG00000156168;RP11-197K6.1
ST7-AS2	ST7-AS2
MIR4420	MIR4420
CDC14B	CDC14B
CDC42EP4	CDC42EP4
GRM7-AS2	GRM7-AS2
CCDC51	CCDC51
BTBD10	BTBD10
OTTHUMG00000001213;RP11-312B8.1	OTTHUMG00000001213;RP11-312B8.1
OR2M7	OR2M7
DYNLRB1	DYNLRB1
OTTHUMG00000032810;RP4-813D12.2	OTTHUMG00000032810;RP4-813D12.2
MIR576	MIR576
MIR4696	MIR4696
GJA8;LOC101060402	GJA8;LOC101060402
OTTHUMG00000160795;RP11-806K15.1	OTTHUMG00000160795;RP11-806K15.1
PLCZ1	PLCZ1
IGHV1-18	IGHV1-18
SNCAIP	SNCAIP
LOC100506472;TAB1	LOC100506472;TAB1
OTTHUMG00000035458;RP11-382D12.1	OTTHUMG00000035458;RP11-382D12.1
C2orf88	C2orf88
ZNF80	ZNF80
PTPN20C	PTPN20C
ACCS	ACCS
GHRL	GHRL
DPF1	DPF1
YPEL2	YPEL2
OTTHUMG00000020447;RP11-363D24.1	OTTHUMG00000020447;RP11-363D24.1
OTTHUMG00000001805;RP11-84A14.4	OTTHUMG00000001805;RP11-84A14.4
AIDA	AIDA
HEPN1	HEPN1
LOC100507222;OTTHUMG00000163835;RP11-219J21.1	LOC100507222;OTTHUMG00000163835;RP11-219J21.1
MCTS1;OTTHUMG00000022304;RP4-655L22.2	MCTS1;OTTHUMG00000022304;RP4-655L22.2
DLGAP3	DLGAP3
CFHR5	CFHR5
ZC3H3	ZC3H3
HADHB	HADHB
H2BFM	H2BFM
FER1L6-AS2	FER1L6-AS2
OTTHUMG00000014350;RP11-439H9.1	OTTHUMG00000014350;RP11-439H9.1
IGHJ5	IGHJ5
PPP2R5B	PPP2R5B
AC091969.1;OTTHUMG00000163486	AC091969.1;OTTHUMG00000163486
HP09025	HP09025
OTTHUMG00000162167;RP11-300M6.1	OTTHUMG00000162167;RP11-300M6.1
MIR4753	MIR4753
FLNC	FLNC
SCN8A	SCN8A
OTTHUMG00000158994;RP11-789F5.1	OTTHUMG00000158994;RP11-789F5.1
KLK5	KLK5
HOXD3;HOXD4;MIR10B	HOXD3;HOXD4;MIR10B
KNCN	KNCN
UQCRFS1	UQCRFS1
OTTHUMG00000164081;RP11-360L9.7	OTTHUMG00000164081;RP11-360L9.7
IFNA14	IFNA14
MIR3169	MIR3169
EMC9	EMC9
HCCAT5	HCCAT5
PTPN12	PTPN12
GH1	GH1
MIR1538	MIR1538
OPRK1	OPRK1
FCHO1	FCHO1
CTC-313D10.1;OTTHUMG00000162872	CTC-313D10.1;OTTHUMG00000162872
GCNT4	GCNT4
LINC00704	LINC00704
NIPSNAP3A	NIPSNAP3A
DUX2	DUX2
GAS6-AS1	GAS6-AS1
LINC00643	LINC00643
LOC100506388	LOC100506388
OMD	OMD
FAM110D	FAM110D
RGS4	RGS4
LINC00641	LINC00641
KCND3-AS1	KCND3-AS1
AC091962.3;OTTHUMG00000163488	AC091962.3;OTTHUMG00000163488
CTC-806A22.1;OTTHUMG00000163476	CTC-806A22.1;OTTHUMG00000163476
TIMMDC1	TIMMDC1
OTTHUMG00000160142;RP11-608O21.1	OTTHUMG00000160142;RP11-608O21.1
MIR940	MIR940
USP17L23	USP17L23
CLDN5	CLDN5
TSPEAR	TSPEAR
CPNE9	CPNE9
LOC283403	LOC283403
OTTHUMG00000162371;RP11-1018N14.4	OTTHUMG00000162371;RP11-1018N14.4
NDRG3	NDRG3
AC011998.1;OTTHUMG00000154195	AC011998.1;OTTHUMG00000154195
AC109826.1;OTTHUMG00000153173	AC109826.1;OTTHUMG00000153173
CCT6P3	CCT6P3
CTB-114C7.3;LOC257358;OTTHUMG00000163120	CTB-114C7.3;LOC257358;OTTHUMG00000163120
CDRT15P2	CDRT15P2
SNTG1	SNTG1
OTTHUMG00000020094;RP11-15B24.1	OTTHUMG00000020094;RP11-15B24.1
TXK	TXK
LINC00387	LINC00387
TRAV4	TRAV4
CTC-430J12.2;OTTHUMG00000163124	CTC-430J12.2;OTTHUMG00000163124
AMPD1	AMPD1
GPR27	GPR27
SAYSD1	SAYSD1
BTD	BTD
AC019118.4;OTTHUMG00000151435	AC019118.4;OTTHUMG00000151435
RNF122	RNF122
PADI3	PADI3
OTTHUMG00000009400;RP3-333A15.1	OTTHUMG00000009400;RP3-333A15.1
OTTHUMG00000014665;RP1-34B21.5;UNC5CL	OTTHUMG00000014665;RP1-34B21.5;UNC5CL
MAS1L	MAS1L
MAS1L	MAS1L
MAS1L	MAS1L
MAS1L	MAS1L
MAS1L	MAS1L
MAS1L	MAS1L
MAS1L	MAS1L
MAS1L	MAS1L
OTTHUMG00000151596;U91324.1	OTTHUMG00000151596;U91324.1
IGHV1-69	IGHV1-69
PGBD1	PGBD1
AC073316.1;OTTHUMG00000151736	AC073316.1;OTTHUMG00000151736
LOC283585	LOC283585
MAP3K3	MAP3K3
DCUN1D4	DCUN1D4
C16orf54	C16orf54
GLCCI1	GLCCI1
OTTHUMG00000008392;PPIEL;RP11-69E11.4	OTTHUMG00000008392;PPIEL;RP11-69E11.4
OTTHUMG00000015288;RP11-809N15.2	OTTHUMG00000015288;RP11-809N15.2
RD3L	RD3L
AC024028.1;OTTHUMG00000152116	AC024028.1;OTTHUMG00000152116
FEV	FEV
MS4A18	MS4A18
C17orf100	C17orf100
PRAMEF18;PRAMEF19	PRAMEF18;PRAMEF19
OTTHUMG00000020846;RP11-295G24.5	OTTHUMG00000020846;RP11-295G24.5
KNDC1	KNDC1
TMEM220	TMEM220
CYP2B6	CYP2B6
KCNG2	KCNG2
DDX3X	DDX3X
USP50	USP50
UBE2NL	UBE2NL
CYP2AB1P	CYP2AB1P
WDTC1	WDTC1
GS1-542M4.4;OTTHUMG00000021111	GS1-542M4.4;OTTHUMG00000021111
OTTHUMG00000037843;RP11-63N8.3	OTTHUMG00000037843;RP11-63N8.3
AC006482.1;OTTHUMG00000152728	AC006482.1;OTTHUMG00000152728
SPTY2D1-AS1	SPTY2D1-AS1
CTA-929C8.6;LOC100507657;OTTHUMG00000150947	CTA-929C8.6;LOC100507657;OTTHUMG00000150947
LOC100506498	LOC100506498
KB-1410C5.2;LOC100506652;OTTHUMG00000164827	KB-1410C5.2;LOC100506652;OTTHUMG00000164827
MIR550A1;MIR550B1	MIR550A1;MIR550B1
ARTN	ARTN
OTTHUMG00000032150;RP3-410C9.2	OTTHUMG00000032150;RP3-410C9.2
TTTY3;TTTY3B	TTTY3;TTTY3B
TTTY3;TTTY3B	TTTY3;TTTY3B
MIR4515	MIR4515
MST1R	MST1R
DEFB109P1B	DEFB109P1B
TOR1B	TOR1B
HOXB6	HOXB6
OTTHUMG00000035451;RP4-800F24.1	OTTHUMG00000035451;RP4-800F24.1
GUSBP5	GUSBP5
LINC00547	LINC00547
TRAM1L1	TRAM1L1
LINC00601	LINC00601
MPV17	MPV17
AC140481.4;OTTHUMG00000153993	AC140481.4;OTTHUMG00000153993
AC004878.7;OTTHUMG00000155934	AC004878.7;OTTHUMG00000155934
FAM53B	FAM53B
REG1A	REG1A
MIR627	MIR627
FES	FES
VPS13A-AS1	VPS13A-AS1
KATNB1	KATNB1
PECAM1	PECAM1
MIR4755	MIR4755
LOC100500773	LOC100500773
DOK5	DOK5
SLC22A9	SLC22A9
AC096554.1;OTTHUMG00000153044	AC096554.1;OTTHUMG00000153044
VPS37C	VPS37C
MMP7	MMP7
CLCA2	CLCA2
CTB-33O18.3;LOC285593;OTTHUMG00000163342	CTB-33O18.3;LOC285593;OTTHUMG00000163342
FRMD5	FRMD5
OR5K4	OR5K4
MIR599	MIR599
TRMT112	TRMT112
OTUD6A	OTUD6A
DRD4	DRD4
AC010971.1;OTTHUMG00000155853	AC010971.1;OTTHUMG00000155853
PDILT	PDILT
RN7SKP3	RN7SKP3
CDY1;CDY1B	CDY1;CDY1B
OTTHUMG00000020102;RP11-439K3.3	OTTHUMG00000020102;RP11-439K3.3
TIGD7	TIGD7
SPAG9	SPAG9
HECW1-IT1	HECW1-IT1
CEACAMP3	CEACAMP3
FAM138C	FAM138C
MIR486	MIR486
KCNC2	KCNC2
ACTL8	ACTL8
C7orf28A;CCZ1;CCZ1B;OTTHUMG00000155502	C7orf28A;CCZ1;CCZ1B;OTTHUMG00000155502
HOXD12	HOXD12
FGF6	FGF6
KCNAB1-AS1	KCNAB1-AS1
FAP	FAP
OR6A2	OR6A2
SCAND3	SCAND3
SAMD13	SAMD13
SCXA;SCXB	SCXA;SCXB
OTTHUMG00000020270;RP11-342C23.4	OTTHUMG00000020270;RP11-342C23.4
RNA5SP393	RNA5SP393
FUBP3	FUBP3
SYN3	SYN3
OTTHUMG00000012131;RP11-389O22.1	OTTHUMG00000012131;RP11-389O22.1
NSUN4	NSUN4
OTTHUMG00000161808;RP11-124N3.3	OTTHUMG00000161808;RP11-124N3.3
BTF3P10	BTF3P10
SMCP	SMCP
MYL2	MYL2
HOXB7	HOXB7
PDK3	PDK3
AC104777.2;OTTHUMG00000153754	AC104777.2;OTTHUMG00000153754
PLCXD2	PLCXD2
OTTHUMG00000160774;RP11-440I14.3	OTTHUMG00000160774;RP11-440I14.3
OR1Q1	OR1Q1
SPDYE7P	SPDYE7P
PDGFRA	PDGFRA
OTTHUMG00000015665;RP11-10J5.1	OTTHUMG00000015665;RP11-10J5.1
TRAV6	TRAV6
OTTHUMG00000164266;RP11-546K22.1	OTTHUMG00000164266;RP11-546K22.1
LGALS17A;OTTHUMG00000141285	LGALS17A;OTTHUMG00000141285
SLC25A30-AS1	SLC25A30-AS1
CTB-105L4.2;OTTHUMG00000162919	CTB-105L4.2;OTTHUMG00000162919
OTTHUMG00000158223;RP11-275H4.1	OTTHUMG00000158223;RP11-275H4.1
CCL5	CCL5
OR1N2	OR1N2
AC093627.9;OTTHUMG00000151405	AC093627.9;OTTHUMG00000151405
KIAA0355	KIAA0355
LINC00911	LINC00911
OTTHUMG00000162208;RP11-53O19.2	OTTHUMG00000162208;RP11-53O19.2
MIR1243	MIR1243
C10orf40	C10orf40
OTTHUMG00000018105;RP11-38L15.2	OTTHUMG00000018105;RP11-38L15.2
SCML2	SCML2
ZBTB7A	ZBTB7A
HTN1	HTN1
OTTHUMG00000041085;RP11-338C15.5	OTTHUMG00000041085;RP11-338C15.5
NIPAL1	NIPAL1
FAM90A26P	FAM90A26P
ARX	ARX
SSX6	SSX6
CTB-11I22.2;OTTHUMG00000163520	CTB-11I22.2;OTTHUMG00000163520
AC097382.5;OTTHUMG00000152568	AC097382.5;OTTHUMG00000152568
C10orf113	C10orf113
RNA5SP154	RNA5SP154
ZADH2	ZADH2
MIR877	MIR877
MIR877	MIR877
MIR877	MIR877
MIR877	MIR877
MIR877	MIR877
MIR877	MIR877
MIR877	MIR877
OTTHUMG00000163405;RP11-1101H11.1	OTTHUMG00000163405;RP11-1101H11.1
SNORA14B	SNORA14B
IZUMO3	IZUMO3
RNA5SP520	RNA5SP520
RNA5SP523	RNA5SP523
GAGE12B;GAGE12C;GAGE12D;GAGE12E;GAGE12F;GAGE12G;GAGE12I;GAGE7	GAGE12B;GAGE12C;GAGE12D;GAGE12E;GAGE12F;GAGE12G;GAGE12I;GAGE7
C11orf30	C11orf30
RNA5SP146	RNA5SP146
LOC100288123	LOC100288123
MIR4678	MIR4678
RNY3P1	RNY3P1
AC092657.2;OTTHUMG00000155471	AC092657.2;OTTHUMG00000155471
KTI12	KTI12
FSD2	FSD2
BFSP1	BFSP1
OTTHUMG00000019911;RP11-220I1.2	OTTHUMG00000019911;RP11-220I1.2
LINC00316	LINC00316
MIR711	MIR711
OTTHUMG00000164954;RP11-3G20.1	OTTHUMG00000164954;RP11-3G20.1
ACAN	ACAN
TDO2	TDO2
OTTHUMG00000161098;RP11-340B18.1	OTTHUMG00000161098;RP11-340B18.1
ADAD1	ADAD1
CD163	CD163
MIR3666	MIR3666
PRR5L	PRR5L
OTTHUMG00000164634;RP11-56F10.3	OTTHUMG00000164634;RP11-56F10.3
MIR760	MIR760
OTTHUMG00000018993;RP11-225H22.5	OTTHUMG00000018993;RP11-225H22.5
C8orf22	C8orf22
CHRM1	CHRM1
SH3BGRL	SH3BGRL
OTTHUMG00000150319;RP13-455A7.1	OTTHUMG00000150319;RP13-455A7.1
SLBP	SLBP
GSTTP1	GSTTP1
FBXO34	FBXO34
FAM157B	FAM157B
OR8K1	OR8K1
SYNGR4	SYNGR4
DLX6-AS1	DLX6-AS1
GULP1	GULP1
OTTHUMG00000157217;RP11-301L8.2	OTTHUMG00000157217;RP11-301L8.2
TWIST2	TWIST2
MED14-AS1	MED14-AS1
AC092839.3;OTTHUMG00000152417	AC092839.3;OTTHUMG00000152417
RNA5SP142	RNA5SP142
AC092619.1;LOC151171;OTTHUMG00000152849	AC092619.1;LOC151171;OTTHUMG00000152849
RPS6KA2-AS1	RPS6KA2-AS1
NOL8	NOL8
OTTHUMG00000019427;RP11-165F24.3	OTTHUMG00000019427;RP11-165F24.3
AC006296.3;LOC441009;OTTHUMG00000160381	AC006296.3;LOC441009;OTTHUMG00000160381
OTTHUMG00000020662;RP11-175D17.3	OTTHUMG00000020662;RP11-175D17.3
HSP90AA4P	HSP90AA4P
OR2K2	OR2K2
OTTHUMG00000160780;RP11-545L5.1	OTTHUMG00000160780;RP11-545L5.1
ATXN8OS	ATXN8OS
SNORA70C	SNORA70C
WBSCR27	WBSCR27
LINC00907	LINC00907
OTTHUMG00000016664;RP11-490N5.1	OTTHUMG00000016664;RP11-490N5.1
GET4	GET4
DIRC3	DIRC3
C6orf214;LINC00243;OTTHUMG00000031239	C6orf214;LINC00243;OTTHUMG00000031239
CDC42BPB	CDC42BPB
AC121336.2;OTTHUMG00000060118;SLC2A13	AC121336.2;OTTHUMG00000060118;SLC2A13
AC007392.3;LOC100507073;OTTHUMG00000152838	AC007392.3;LOC100507073;OTTHUMG00000152838
OTTHUMG00000008126;RP1-158P9.1	OTTHUMG00000008126;RP1-158P9.1
PRAMEF4	PRAMEF4
LOC285972;OTTHUMG00000158321;RP11-511P7.2	LOC285972;OTTHUMG00000158321;RP11-511P7.2
AARS	AARS
OTTHUMG00000032688;RP1-155G6.4	OTTHUMG00000032688;RP1-155G6.4
OTTHUMG00000041297;RP11-66D17.3	OTTHUMG00000041297;RP11-66D17.3
UBD	UBD
DNAJB13	DNAJB13
OTTHUMG00000020788;RP11-483H20.4	OTTHUMG00000020788;RP11-483H20.4
LCN15	LCN15
CSF1R	CSF1R
IGFL3	IGFL3
AL358175.2;OTTHUMG00000013086	AL358175.2;OTTHUMG00000013086
TMEM186	TMEM186
OTTHUMG00000159412;RP11-779P15.1	OTTHUMG00000159412;RP11-779P15.1
OTTHUMG00000035182;RP11-46A10.2	OTTHUMG00000035182;RP11-46A10.2
OTTHUMG00000160229;RP11-141E13.1	OTTHUMG00000160229;RP11-141E13.1
EML3	EML3
OTTHUMG00000036103;RP11-739N20.2	OTTHUMG00000036103;RP11-739N20.2
SIGLEC16	SIGLEC16
NPB	NPB
AC008937.3;OTTHUMG00000059484	AC008937.3;OTTHUMG00000059484
PTGER3	PTGER3
TMLHE-AS1	TMLHE-AS1
OTTHUMG00000015002;RP3-331H24.4	OTTHUMG00000015002;RP3-331H24.4
OCSTAMP	OCSTAMP
IGKV1-5	IGKV1-5
OTTHUMG00000161859;RP11-454P21.1	OTTHUMG00000161859;RP11-454P21.1
RBM41	RBM41
MIR3182	MIR3182
LOC101060179;PRDM11	LOC101060179;PRDM11
MIR184	MIR184
ATP6V0A4	ATP6V0A4
BEX1	BEX1
HHAT	HHAT
PASD1	PASD1
C20orf201	C20orf201
MTOR-AS1	MTOR-AS1
ZNF705D	ZNF705D
CTC-264O10.1;OTTHUMG00000162918	CTC-264O10.1;OTTHUMG00000162918
RNA5SP485	RNA5SP485
AC093159.1;OTTHUMG00000152523	AC093159.1;OTTHUMG00000152523
OTTHUMG00000036786;RP11-338C15.3	OTTHUMG00000036786;RP11-338C15.3
C14orf64	C14orf64
OTTHUMG00000041155;RP11-554K11.2	OTTHUMG00000041155;RP11-554K11.2
LOC100506912;OTTHUMG00000020156;XXyac-YM21GA2.4	LOC100506912;OTTHUMG00000020156;XXyac-YM21GA2.4
BLOC1S4	BLOC1S4
MIR212	MIR212
LINC00452	LINC00452
COX20	COX20
CIDEA	CIDEA
OTTHUMG00000020510;RP11-276E15.4	OTTHUMG00000020510;RP11-276E15.4
RNY4P24	RNY4P24
ERCC4	ERCC4
OTTHUMG00000031892;RP11-102J14.1	OTTHUMG00000031892;RP11-102J14.1
MIR550A3	MIR550A3
SMCR2	SMCR2
OTTHUMG00000015214;RP3-512E2.2	OTTHUMG00000015214;RP3-512E2.2
OTTHUMG00000014906;RP3-445N2.1	OTTHUMG00000014906;RP3-445N2.1
C3P1	C3P1
PTPRQ	PTPRQ
ZNF692	ZNF692
MIR107;OTTHUMG00000018724;RP11-80H5.8	MIR107;OTTHUMG00000018724;RP11-80H5.8
OTTHUMG00000055852;RP3-523C21.2	OTTHUMG00000055852;RP3-523C21.2
FRMD7;OTTHUMG00000022422;RP1-305B16.2	FRMD7;OTTHUMG00000022422;RP1-305B16.2
ENKD1	ENKD1
LOC100507054;OTTHUMG00000158335;RP11-1398P2.1	LOC100507054;OTTHUMG00000158335;RP11-1398P2.1
SLC35F4	SLC35F4
OTTHUMG00000020612;RP11-542K23.9	OTTHUMG00000020612;RP11-542K23.9
AL358175.1;OTTHUMG00000013093	AL358175.1;OTTHUMG00000013093
RACGAP1	RACGAP1
OTTHUMG00000032495;RP4-753D4.2	OTTHUMG00000032495;RP4-753D4.2
OTTHUMG00000163857;RP11-13N12.2	OTTHUMG00000163857;RP11-13N12.2
OSR1	OSR1
ACADS	ACADS
COL9A2	COL9A2
RP1	RP1
OTTHUMG00000163189;RP11-844P9.1	OTTHUMG00000163189;RP11-844P9.1
P2RY2	P2RY2
OTTHUMG00000034463;RP11-122G18.5	OTTHUMG00000034463;RP11-122G18.5
OTTHUMG00000014234;RP1-290I10.7	OTTHUMG00000014234;RP1-290I10.7
OTTHUMG00000164476;RP11-10J21.2	OTTHUMG00000164476;RP11-10J21.2
LCE3C	LCE3C
FMR1-IT1	FMR1-IT1
LCE2B	LCE2B
ARSF	ARSF
PSG6	PSG6
C11orf73	C11orf73
CTD-2023N9.2;OTTHUMG00000162503	CTD-2023N9.2;OTTHUMG00000162503
NAALADL2-AS1	NAALADL2-AS1
SNORD119	SNORD119
MIR30C2	MIR30C2
RSPH6A	RSPH6A
CTD-3080F16.3;OTTHUMG00000164075	CTD-3080F16.3;OTTHUMG00000164075
FAM99B	FAM99B
LPAR5	LPAR5
OTTHUMG00000009341;RP4-677H15.4	OTTHUMG00000009341;RP4-677H15.4
OTTHUMG00000032833;RP13-379L11.1	OTTHUMG00000032833;RP13-379L11.1
AC074289.1;LOC100507006;OTTHUMG00000152632	AC074289.1;LOC100507006;OTTHUMG00000152632
PON1	PON1
OTTHUMG00000161283;RP11-733C7.1	OTTHUMG00000161283;RP11-733C7.1
ALOX15B	ALOX15B
TARBP1	TARBP1
SSBP2	SSBP2
CLIC2	CLIC2
OTTHUMG00000006360;RP11-486B10.3	OTTHUMG00000006360;RP11-486B10.3
IL4I1	IL4I1
TDRD6	TDRD6
TEX21P	TEX21P
DEFB131;LOC100129216	DEFB131;LOC100129216
GPR171	GPR171
RNU7-63P	RNU7-63P
TRAV8-7	TRAV8-7
ACY3	ACY3
MORC1-AS1	MORC1-AS1
C1orf131	C1orf131
OTTHUMG00000043021;RP11-335O13.8	OTTHUMG00000043021;RP11-335O13.8
MUC22;OTTHUMG00000133710;XXbac-BPG118E17.9	MUC22;OTTHUMG00000133710;XXbac-BPG118E17.9
TAOK1	TAOK1
ZNF716	ZNF716
TRAJ59	TRAJ59
OTTHUMG00000041309;RP11-488L4.1	OTTHUMG00000041309;RP11-488L4.1
LY86-AS1	LY86-AS1
RNF39	RNF39
BSND	BSND
HUS1B	HUS1B
CPSF3L;OTTHUMG00000003331;RP5-890O3.9	CPSF3L;OTTHUMG00000003331;RP5-890O3.9
FAM159A	FAM159A
PPP1R11	PPP1R11
AP001476.2;OTTHUMG00000090443	AP001476.2;OTTHUMG00000090443
RNA5SP386	RNA5SP386
DNASE1L3	DNASE1L3
MPHOSPH10	MPHOSPH10
ZNF366	ZNF366
LOC731424;OTTHUMG00000160604;RP11-701P16.5	LOC731424;OTTHUMG00000160604;RP11-701P16.5
MUC22;OTTHUMG00000149452;XXbac-BPG118E17.9	MUC22;OTTHUMG00000149452;XXbac-BPG118E17.9
DCDC2C	DCDC2C
AC128709.4;OTTHUMG00000155483	AC128709.4;OTTHUMG00000155483
MIR320A	MIR320A
HSD17B3	HSD17B3
AC074019.1;OTTHUMG00000153588	AC074019.1;OTTHUMG00000153588
MAPK10	MAPK10
OTTHUMG00000163792;RP11-156K13.3	OTTHUMG00000163792;RP11-156K13.3
RNF11	RNF11
ANAPC1P1	ANAPC1P1
OTTHUMG00000017840;RP11-128B16.3	OTTHUMG00000017840;RP11-128B16.3
CYP8B1	CYP8B1
LOC100132735;OTTHUMG00000015697;RP5-899B16.1	LOC100132735;OTTHUMG00000015697;RP5-899B16.1
CTD-2353F22.1;OTTHUMG00000162032	CTD-2353F22.1;OTTHUMG00000162032
DUX2;DUX4;DUX4L2;DUX4L3;DUX4L5;DUX4L6;DUX4L7;LOC100288355;LOC100288398;LOC100288433;LOC100288494;LOC100288593;LOC100288657	DUX2;DUX4;DUX4L2;DUX4L3;DUX4L5;DUX4L6;DUX4L7;LOC100288355;LOC100288398;LOC100288433;LOC100288494;LOC100288593;LOC100288657
DUX2;DUX4;DUX4L2;DUX4L3;DUX4L5;DUX4L6;DUX4L7;LOC100288355;LOC100288398;LOC100288433;LOC100288494;LOC100288593;LOC100288657	DUX2;DUX4;DUX4L2;DUX4L3;DUX4L5;DUX4L6;DUX4L7;LOC100288355;LOC100288398;LOC100288433;LOC100288494;LOC100288593;LOC100288657
OTTHUMG00000032967;RP11-358D14.2	OTTHUMG00000032967;RP11-358D14.2
CBLB	CBLB
BTNL2	BTNL2
RNA5SP293	RNA5SP293
CRIP3	CRIP3
PRR18	PRR18
CTD-2308B18.1;OTTHUMG00000162990	CTD-2308B18.1;OTTHUMG00000162990
OTTHUMG00000016040;RP11-503C24.1	OTTHUMG00000016040;RP11-503C24.1
RAG1	RAG1
CTB-78H18.1;OTTHUMG00000163264	CTB-78H18.1;OTTHUMG00000163264
FAM76B	FAM76B
PTPLAD1	PTPLAD1
OTTHUMG00000008245;RP11-90C4.3	OTTHUMG00000008245;RP11-90C4.3
SNX1	SNX1
OTTHUMG00000159990;RP1-170O19.17	OTTHUMG00000159990;RP1-170O19.17
GMCL1P1	GMCL1P1
CTC-254B4.1;OTTHUMG00000162799	CTC-254B4.1;OTTHUMG00000162799
GNPDA2	GNPDA2
WNT8A	WNT8A
OTTHUMG00000159200;RP11-285B24.1	OTTHUMG00000159200;RP11-285B24.1
PTH2	PTH2
AMER1;FAM123B	AMER1;FAM123B
LOC284600;OTTHUMG00000040716;OTTHUMG00000040717;RP11-54O7.1;RP11-54O7.2	LOC284600;OTTHUMG00000040716;OTTHUMG00000040717;RP11-54O7.1;RP11-54O7.2
AP003774.6;LOC100996453;OTTHUMG00000150041	AP003774.6;LOC100996453;OTTHUMG00000150041
LOC100131094	LOC100131094
OTTHUMG00000161393;RP11-24I21.1	OTTHUMG00000161393;RP11-24I21.1
LOC100134368;OTTHUMG00000064974;Z97634.5	LOC100134368;OTTHUMG00000064974;Z97634.5
C9orf106	C9orf106
RNA5SP425	RNA5SP425
LOC100996718;OR9G1;OR9G9	LOC100996718;OR9G1;OR9G9
IGKV2D-29	IGKV2D-29
OTTHUMG00000003931;RP3-437I16.1	OTTHUMG00000003931;RP3-437I16.1
FAM90A23P	FAM90A23P
OTTHUMG00000164366;RP11-659E9.4	OTTHUMG00000164366;RP11-659E9.4
HS3ST3B1	HS3ST3B1
GPX5	GPX5
LINC00486	LINC00486
ZP4	ZP4
ZSCAN10	ZSCAN10
LOC100128288	LOC100128288
MIR603	MIR603
KIRREL-IT1	KIRREL-IT1
CYS1	CYS1
OTTHUMG00000158709;RP11-14D22.1	OTTHUMG00000158709;RP11-14D22.1
LOC100506128;OTTHUMG00000040862;RP1-35C21.2	LOC100506128;OTTHUMG00000040862;RP1-35C21.2
EGFL6	EGFL6
ENTPD3-AS1	ENTPD3-AS1
DNAJC17	DNAJC17
LINC00355	LINC00355
PDX1-AS1	PDX1-AS1
OTTHUMG00000017921;RP11-166N17.1	OTTHUMG00000017921;RP11-166N17.1
LOC650293	LOC650293
OTTHUMG00000011762;RP5-1028L10.1	OTTHUMG00000011762;RP5-1028L10.1
C4B	C4B
CPA6	CPA6
AC002401.1;OTTHUMG00000132433	AC002401.1;OTTHUMG00000132433
LOC100505573	LOC100505573
OTTHUMG00000017546;RP11-69C17.4	OTTHUMG00000017546;RP11-69C17.4
AC104777.3;OTTHUMG00000153758	AC104777.3;OTTHUMG00000153758
NBPF22P	NBPF22P
SERPINB8	SERPINB8
AC087491.2;OTTHUMG00000132690	AC087491.2;OTTHUMG00000132690
LINC00659	LINC00659
RNY4P13	RNY4P13
OTTHUMG00000165032;RP11-103H7.2	OTTHUMG00000165032;RP11-103H7.2
RNU7-79P	RNU7-79P
OTTHUMG00000022472;RP11-85L21.6	OTTHUMG00000022472;RP11-85L21.6
RNU4-7P	RNU4-7P
CCDC168	CCDC168
GDE1	GDE1
DDX4	DDX4
PP12613	PP12613
DLX4	DLX4
DCAF13P3	DCAF13P3
OTTHUMG00000157766;RP4-669B10.3	OTTHUMG00000157766;RP4-669B10.3
DDX11L10	DDX11L10
CCK	CCK
AC114730.7;OTTHUMG00000151479	AC114730.7;OTTHUMG00000151479
CTD-2296D1.2;OTTHUMG00000161901	CTD-2296D1.2;OTTHUMG00000161901
LYSMD1	LYSMD1
STS	STS
ITIH3	ITIH3
NRK	NRK
LOC100272217	LOC100272217
AP001442.2;OTTHUMG00000078483	AP001442.2;OTTHUMG00000078483
HCG14	HCG14
HCG14	HCG14
HCG14	HCG14
AC007383.4;GCSHP3;OTTHUMG00000154651	AC007383.4;GCSHP3;OTTHUMG00000154651
RPL37A	RPL37A
AC096649.3;OTTHUMG00000154232	AC096649.3;OTTHUMG00000154232
OTTHUMG00000018458;RP11-152N13.5	OTTHUMG00000018458;RP11-152N13.5
PHF2P1	PHF2P1
GTF3C1	GTF3C1
RNU5E-3P	RNU5E-3P
GYPA	GYPA
SEMG2	SEMG2
GNAS-AS1	GNAS-AS1
RBM28	RBM28
C6orf10	C6orf10
OTTHUMG00000163612;RP5-991O23.1	OTTHUMG00000163612;RP5-991O23.1
TRIM26	TRIM26
OTTHUMG00000040659;RP11-134G8.8	OTTHUMG00000040659;RP11-134G8.8
AP001469.5;OTTHUMG00000090629	AP001469.5;OTTHUMG00000090629
AC010883.4;LOC100129726;OTTHUMG00000152397	AC010883.4;LOC100129726;OTTHUMG00000152397
C6orf10	C6orf10
RNY3P10	RNY3P10
FERMT3	FERMT3
FAM149A	FAM149A
TMEM147	TMEM147
HIGD1B	HIGD1B
PLA2G16	PLA2G16
WBP1	WBP1
C4orf32	C4orf32
HLA-DQA1	HLA-DQA1
HLA-DQA1	HLA-DQA1
RNA5SP488	RNA5SP488
NCAPH2	NCAPH2
HLTF-AS1	HLTF-AS1
KLKB1	KLKB1
GTPBP3	GTPBP3
OTTHUMG00000161727;RP11-340A13.3	OTTHUMG00000161727;RP11-340A13.3
C6orf10	C6orf10
IYD	IYD
DBH	DBH
OTTHUMG00000164050;RP11-465K16.1	OTTHUMG00000164050;RP11-465K16.1
BTBD9-AS1	BTBD9-AS1
SETD6	SETD6
OR7G2	OR7G2
MMP26	MMP26
PRKX	PRKX
TRIM16	TRIM16
LL0XNC01-237H1.3;OTTHUMG00000022086	LL0XNC01-237H1.3;OTTHUMG00000022086
CLTCL1	CLTCL1
PSORS1C3	PSORS1C3
LOC100133746	LOC100133746
LL22NC01-116C6.1;OTTHUMG00000058268	LL22NC01-116C6.1;OTTHUMG00000058268
OTTHUMG00000015778;RP11-162J8.3	OTTHUMG00000015778;RP11-162J8.3
SNRNP48	SNRNP48
AC020601.1;OTTHUMG00000153618	AC020601.1;OTTHUMG00000153618
GDA	GDA
POLR3K	POLR3K
OTTHUMG00000007704;RP11-7O11.3	OTTHUMG00000007704;RP11-7O11.3
OTTHUMG00000020899;RP11-399H11.3	OTTHUMG00000020899;RP11-399H11.3
OTTHUMG00000019695;RP11-370B11.3	OTTHUMG00000019695;RP11-370B11.3
OTTHUMG00000003039;RP11-10N16.3	OTTHUMG00000003039;RP11-10N16.3
ISX	ISX
UBD	UBD
UBD	UBD
UBD	UBD
ATP12A	ATP12A
AC007365.1;LOC339807;OTTHUMG00000152679	AC007365.1;LOC339807;OTTHUMG00000152679
DMRTC2	DMRTC2
UGT2A3	UGT2A3
OTTHUMG00000017909;RP11-472N13.2	OTTHUMG00000017909;RP11-472N13.2
OTTHUMG00000037300;RP11-538D16.3	OTTHUMG00000037300;RP11-538D16.3
AC008703.1;LOC285627;OTTHUMG00000163542	AC008703.1;LOC285627;OTTHUMG00000163542
ACTBL2	ACTBL2
OTTHUMG00000015705;RP11-137J7.2	OTTHUMG00000015705;RP11-137J7.2
OTTHUMG00000160730;RP11-765K14.1	OTTHUMG00000160730;RP11-765K14.1
LINC00602	LINC00602
OTTHUMG00000037897;RP11-439H8.4	OTTHUMG00000037897;RP11-439H8.4
KIAA1383;MAP10	KIAA1383;MAP10
OTTHUMG00000008050;RP11-193P11.3	OTTHUMG00000008050;RP11-193P11.3
AC092620.3;OTTHUMG00000153631	AC092620.3;OTTHUMG00000153631
OTTHUMG00000165035;RP11-1C8.4	OTTHUMG00000165035;RP11-1C8.4
OTTHUMG00000014849;RP1-180E22.3	OTTHUMG00000014849;RP1-180E22.3
PPP1R11	PPP1R11
PPP1R11	PPP1R11
PPP1R11	PPP1R11
PPP1R11	PPP1R11
CTD-2308N23.2;OTTHUMG00000032439	CTD-2308N23.2;OTTHUMG00000032439
TNNC2	TNNC2
TXN2	TXN2
CHRNB4	CHRNB4
HORMAD2	HORMAD2
IGBP1P1	IGBP1P1
OTTHUMG00000015099;RP5-991C6.3	OTTHUMG00000015099;RP5-991C6.3
RNF4	RNF4
OTTHUMG00000015310;RP1-67A8.3	OTTHUMG00000015310;RP1-67A8.3
RNA5SP40	RNA5SP40
AP000459.7;OTTHUMG00000078245	AP000459.7;OTTHUMG00000078245
MAS1	MAS1
OTTHUMG00000040701;RP11-763B22.6	OTTHUMG00000040701;RP11-763B22.6
CSRP3	CSRP3
OTTHUMG00000032492;RP5-1121H13.4	OTTHUMG00000032492;RP5-1121H13.4
NF2	NF2
RYBP	RYBP
AC005281.1;OTTHUMG00000152383	AC005281.1;OTTHUMG00000152383
IGKV1D-12	IGKV1D-12
MEIS1-AS3	MEIS1-AS3
FRMPD4-AS1	FRMPD4-AS1
CCDC37	CCDC37
AC005150.1;OTTHUMG00000161384	AC005150.1;OTTHUMG00000161384
MCOLN3	MCOLN3
OTTHUMG00000017533;RP11-363N22.2	OTTHUMG00000017533;RP11-363N22.2
MYCBP2-AS1	MYCBP2-AS1
LOC100507388;OTTHUMG00000160830;RP11-44F21.3	LOC100507388;OTTHUMG00000160830;RP11-44F21.3
TBC1D3P5	TBC1D3P5
UPK1A-AS1	UPK1A-AS1
AC068718.1;OTTHUMG00000154285	AC068718.1;OTTHUMG00000154285
HSPE1-MOB4;MOB4	HSPE1-MOB4;MOB4
MIR4283-1;MIR4283-2	MIR4283-1;MIR4283-2
OTTHUMG00000164932;RP11-122A21.2	OTTHUMG00000164932;RP11-122A21.2
LOC285074	LOC285074
AC079799.2;OTTHUMG00000154683	AC079799.2;OTTHUMG00000154683
SMTNL2	SMTNL2
AC098828.2;OTTHUMG00000151787	AC098828.2;OTTHUMG00000151787
OTTHUMG00000162693;RP1-247F3.1	OTTHUMG00000162693;RP1-247F3.1
OTTHUMG00000164487;RP11-1144P22.1	OTTHUMG00000164487;RP11-1144P22.1
AF124730.4;OTTHUMG00000078877	AF124730.4;OTTHUMG00000078877
AC002076.10;OTTHUMG00000155770	AC002076.10;OTTHUMG00000155770
SPATC1	SPATC1
KIAA1522	KIAA1522
AKR1B1	AKR1B1
LOC100271836;LOC101060596;SLC7A5P1;SLC7A5P2	LOC100271836;LOC101060596;SLC7A5P1;SLC7A5P2
EMR2	EMR2
OTTHUMG00000001772;RP5-1115A15.1	OTTHUMG00000001772;RP5-1115A15.1
ATP13A4	ATP13A4
CATSPER4	CATSPER4
OTUD7B	OTUD7B
SKP1P1	SKP1P1
EIF2AK4	EIF2AK4
BTNL2	BTNL2
BTNL2	BTNL2
BTNL2	BTNL2
OTTHUMG00000036062;RP11-74C13.3	OTTHUMG00000036062;RP11-74C13.3
RPS15AP10	RPS15AP10
OC90	OC90
AC011997.1;OTTHUMG00000154488	AC011997.1;OTTHUMG00000154488
CTD-2170G1.2;LOC100506526;OTTHUMG00000162439	CTD-2170G1.2;LOC100506526;OTTHUMG00000162439
OTTHUMG00000018439;RP11-167P22.3	OTTHUMG00000018439;RP11-167P22.3
KIAA1704;LOC100996395	KIAA1704;LOC100996395
GIMAP1;GIMAP1-GIMAP5;GIMAP5	GIMAP1;GIMAP1-GIMAP5;GIMAP5
AC009336.24;OTTHUMG00000154176	AC009336.24;OTTHUMG00000154176
MT1IP	MT1IP
OTTHUMG00000160711;RP11-25H12.1	OTTHUMG00000160711;RP11-25H12.1
GSTK1	GSTK1
SAMD3	SAMD3
ATG10-AS1	ATG10-AS1
HCG17	HCG17
HCG17	HCG17
HCG17	HCG17
OTTHUMG00000032534;RP5-1013A22.2	OTTHUMG00000032534;RP5-1013A22.2
ZNF771	ZNF771
ZNF566	ZNF566
OTTHUMG00000017541;RP11-398B16.2	OTTHUMG00000017541;RP11-398B16.2
KHDC3L	KHDC3L
PTPN20A;PTPN20B	PTPN20A;PTPN20B
OTTHUMG00000158741;RP11-85I21.1	OTTHUMG00000158741;RP11-85I21.1
TMEM44	TMEM44
FYB	FYB
FAM87B	FAM87B
BTN1A1	BTN1A1
CTD-2247C11.2;OTTHUMG00000161648	CTD-2247C11.2;OTTHUMG00000161648
MIR640	MIR640
OR2AE1	OR2AE1
CXCR2	CXCR2
OTTHUMG00000158384;RP11-71H9.2	OTTHUMG00000158384;RP11-71H9.2
GCM1	GCM1
HSF2BP	HSF2BP
TYRO3P	TYRO3P
VPREB1	VPREB1
MIR3128	MIR3128
PRPS1	PRPS1
C9orf139	C9orf139
HLA-DQB2	HLA-DQB2
HLA-DQB2	HLA-DQB2
LINC00028	LINC00028
COL18A1-AS1	COL18A1-AS1
MC2R	MC2R
FBXO41	FBXO41
PKD2L2	PKD2L2
MKRN3	MKRN3
CLDN2	CLDN2
OTTHUMG00000037959;RP5-1097F14.3	OTTHUMG00000037959;RP5-1097F14.3
LOC145757	LOC145757
C15orf26	C15orf26
MIR651	MIR651
SPINK9	SPINK9
OTTHUMG00000159505;RP11-501O2.5	OTTHUMG00000159505;RP11-501O2.5
USP3-AS1	USP3-AS1
VGLL3	VGLL3
CYP1A2	CYP1A2
DZIP3	DZIP3
OTTHUMG00000009658;RP11-386O9.2	OTTHUMG00000009658;RP11-386O9.2
CETN4P	CETN4P
DEFB126	DEFB126
OR51E1	OR51E1
OTTHUMG00000021366;RP5-1172N10.2	OTTHUMG00000021366;RP5-1172N10.2
STAU1	STAU1
MIR188	MIR188
IGHV3-15	IGHV3-15
CTD-2215E18.2;OTTHUMG00000162865	CTD-2215E18.2;OTTHUMG00000162865
LOC100287704;LOC100287834	LOC100287704;LOC100287834
OTTHUMG00000009769;RP4-601K24.1	OTTHUMG00000009769;RP4-601K24.1
TBCA	TBCA
S100A7A	S100A7A
LOC100240735	LOC100240735
LOH12CR2	LOH12CR2
CTD-2194D22.4;OTTHUMG00000161605	CTD-2194D22.4;OTTHUMG00000161605
VWA2	VWA2
OTTHUMG00000065293;RP1-170O19.19	OTTHUMG00000065293;RP1-170O19.19
OTTHUMG00000017657;RP11-271F18.1	OTTHUMG00000017657;RP11-271F18.1
RNA5SP402	RNA5SP402
SMLR1	SMLR1
TMEM151B	TMEM151B
OTTHUMG00000165017;RP11-909N17.3	OTTHUMG00000165017;RP11-909N17.3
RHBDD3	RHBDD3
CSNK1D	CSNK1D
MIR4803	MIR4803
RNU5A-4P	RNU5A-4P
AMH;MIR4321	AMH;MIR4321
AC009502.4;OTTHUMG00000150131	AC009502.4;OTTHUMG00000150131
AC113618.1;OTTHUMG00000152851	AC113618.1;OTTHUMG00000152851
DTNA	DTNA
RABL2A	RABL2A
LMO4	LMO4
RNA5SP330	RNA5SP330
DNAAF1	DNAAF1
IRF3	IRF3
EFNA4	EFNA4
ATXN3	ATXN3
OTTHUMG00000017628;RP11-393K12.2	OTTHUMG00000017628;RP11-393K12.2
YOD1	YOD1
KB-1471A8.2;OTTHUMG00000165013	KB-1471A8.2;OTTHUMG00000165013
SYT6	SYT6
OTTHUMG00000159413;RP11-779P15.2	OTTHUMG00000159413;RP11-779P15.2
CTAG2	CTAG2
DUX2;DUX4;DUX4L2;DUX4L3;DUX4L5;DUX4L6;DUX4L7;LOC100288355;LOC100288398;LOC100288433;LOC100288494;LOC100288593;LOC100288657	DUX2;DUX4;DUX4L2;DUX4L3;DUX4L5;DUX4L6;DUX4L7;LOC100288355;LOC100288398;LOC100288433;LOC100288494;LOC100288593;LOC100288657
HPVC1	HPVC1
HLA-DQB2	HLA-DQB2
HLA-DQB2	HLA-DQB2
TNNI3	TNNI3
OR2J2;OR2J3	OR2J2;OR2J3
HACL1	HACL1
AC008067.2;OTTHUMG00000152911	AC008067.2;OTTHUMG00000152911
OTTHUMG00000140109;XXbac-BPG254F23.5	OTTHUMG00000140109;XXbac-BPG254F23.5
ASB15	ASB15
RNA5SP367	RNA5SP367
LINC00347	LINC00347
OTTHUMG00000018930;RP11-107I14.4	OTTHUMG00000018930;RP11-107I14.4
FGFR1OP	FGFR1OP
AC024084.1;OTTHUMG00000155617	AC024084.1;OTTHUMG00000155617
MAFB	MAFB
NTRK3-AS1	NTRK3-AS1
OTTHUMG00000031837;RP11-19D2.1	OTTHUMG00000031837;RP11-19D2.1
ALDH1A3	ALDH1A3
FAM83A-AS1;OTTHUMG00000165086;RP11-539E17.4	FAM83A-AS1;OTTHUMG00000165086;RP11-539E17.4
OSBPL9	OSBPL9
AHSP	AHSP
OTTHUMG00000010942;RP4-575N6.4	OTTHUMG00000010942;RP4-575N6.4
DDX31	DDX31
AC069277.2;OTTHUMG00000154923	AC069277.2;OTTHUMG00000154923
OTTHUMG00000162098;RP11-292D4.3	OTTHUMG00000162098;RP11-292D4.3
RNA5SP172	RNA5SP172
VENTX	VENTX
OTTHUMG00000161416;RP11-497K21.1	OTTHUMG00000161416;RP11-497K21.1
SEL1L2	SEL1L2
OTTHUMG00000018994;RP11-416N2.3	OTTHUMG00000018994;RP11-416N2.3
CTC-493L21.2;OTTHUMG00000162606	CTC-493L21.2;OTTHUMG00000162606
ZNF773	ZNF773
OTTHUMG00000163842;RP11-582J16.3	OTTHUMG00000163842;RP11-582J16.3
FGF23	FGF23
MIR2053	MIR2053
AF129075.5;OTTHUMG00000078807	AF129075.5;OTTHUMG00000078807
TES	TES
RAP2C	RAP2C
GOLGA7	GOLGA7
OTTHUMG00000157310;RP11-360P21.2	OTTHUMG00000157310;RP11-360P21.2
SNX2	SNX2
LOC100507389;OTTHUMG00000159310;RP11-372E1.4	LOC100507389;OTTHUMG00000159310;RP11-372E1.4
LY9	LY9
CDKL4	CDKL4
MIR4461	MIR4461
OTTHUMG00000031921;RP5-974N19.1	OTTHUMG00000031921;RP5-974N19.1
RNA5SP107	RNA5SP107
SYNGR1	SYNGR1
CLDN25	CLDN25
AP000253.1;OTTHUMG00000084879	AP000253.1;OTTHUMG00000084879
OTTHUMG00000015770;RP11-242F11.2	OTTHUMG00000015770;RP11-242F11.2
LINC00622	LINC00622
STAG3	STAG3
BOLA2;BOLA2B;LOC101060252	BOLA2;BOLA2B;LOC101060252
IZUMO2	IZUMO2
FKBP6	FKBP6
KCNH2	KCNH2
PDIA4	PDIA4
OTTHUMG00000015496;RP11-532N4.2	OTTHUMG00000015496;RP11-532N4.2
VAT1	VAT1
SCARNA14	SCARNA14
C17orf82	C17orf82
OR10H4	OR10H4
LOC339568;OTTHUMG00000032466;RP4-705O1.1	LOC339568;OTTHUMG00000032466;RP4-705O1.1
LAMTOR3	LAMTOR3
CAND1	CAND1
PAPD5	PAPD5
FAM171A2	FAM171A2
FGF21	FGF21
HBA1;HBA2	HBA1;HBA2
KRTAP4-16P	KRTAP4-16P
FLJ41941;OTTHUMG00000153506;XXbac-B476C20.17	FLJ41941;OTTHUMG00000153506;XXbac-B476C20.17
DUSP9	DUSP9
OTTHUMG00000160455;RP11-324J13.2	OTTHUMG00000160455;RP11-324J13.2
HCG18	HCG18
C2orf15;MRPL30	C2orf15;MRPL30
OTTHUMG00000162491;RP11-79P5.7	OTTHUMG00000162491;RP11-79P5.7
RAB36	RAB36
PPP1R11	PPP1R11
MIPOL1	MIPOL1
OR4C15	OR4C15
ITGA6	ITGA6
NSUN7	NSUN7
LOC100506100;OTTHUMG00000020758;RP11-545E17.3	LOC100506100;OTTHUMG00000020758;RP11-545E17.3
PF4V1	PF4V1
CECR3	CECR3
HS2ST1;LOC339524	HS2ST1;LOC339524
CSNK1A1L	CSNK1A1L
ASCC2	ASCC2
NNMT	NNMT
SKAP1	SKAP1
AC145123.2;OTTHUMG00000164826	AC145123.2;OTTHUMG00000164826
DSTNP4	DSTNP4
RHBDF1	RHBDF1
LRFN4	LRFN4
SP100	SP100
AL450226.2;OTTHUMG00000132218	AL450226.2;OTTHUMG00000132218
C6orf10	C6orf10
LINC00701	LINC00701
HAR1A	HAR1A
PSG7	PSG7
OTTHUMG00000037279;RP1-144F13.3	OTTHUMG00000037279;RP1-144F13.3
AC093110.3;OTTHUMG00000152506	AC093110.3;OTTHUMG00000152506
GCSAML	GCSAML
AC092687.3;OTTHUMG00000151707	AC092687.3;OTTHUMG00000151707
CTC-205M6.2;LINC00847;OTTHUMG00000162270	CTC-205M6.2;LINC00847;OTTHUMG00000162270
ARHGEF18	ARHGEF18
PANK4	PANK4
EVA1B	EVA1B
APOM	APOM
APOM	APOM
APOM	APOM
APOM	APOM
APOM	APOM
OTTHUMG00000160568;RP11-362I1.1	OTTHUMG00000160568;RP11-362I1.1
GIT1	GIT1
FXYD1	FXYD1
OTTHUMG00000161793;RP1-137K24.1	OTTHUMG00000161793;RP1-137K24.1
OTTHUMG00000020492;RP11-16L21.7	OTTHUMG00000020492;RP11-16L21.7
GAGE12B;GAGE12C;GAGE12D;GAGE12F;GAGE12G;GAGE12I;GAGE4;GAGE5;GAGE6;GAGE7	GAGE12B;GAGE12C;GAGE12D;GAGE12F;GAGE12G;GAGE12I;GAGE4;GAGE5;GAGE6;GAGE7
GAGE12B;GAGE12C;GAGE12D;GAGE12F;GAGE12G;GAGE12I;GAGE4;GAGE5;GAGE6;GAGE7	GAGE12B;GAGE12C;GAGE12D;GAGE12F;GAGE12G;GAGE12I;GAGE4;GAGE5;GAGE6;GAGE7
RNA5SP270	RNA5SP270
FAM125B;MVB12B	FAM125B;MVB12B
OR4M1	OR4M1
MIR4738	MIR4738
CA5A	CA5A
IFT122	IFT122
CEACAM4	CEACAM4
RNA5SP31	RNA5SP31
MIR422A	MIR422A
OR2H2	OR2H2
MIR137;MIR137HG;MIR2682	MIR137;MIR137HG;MIR2682
PPP1R11	PPP1R11
LINC00700	LINC00700
AP002856.6;OTTHUMG00000150049	AP002856.6;OTTHUMG00000150049
MIR1233-1;MIR1233-2	MIR1233-1;MIR1233-2
MIR1233-1;MIR1233-2	MIR1233-1;MIR1233-2
RFPL4AL1	RFPL4AL1
OTTHUMG00000150979;RP1-90L6.2	OTTHUMG00000150979;RP1-90L6.2
AP000472.3;OTTHUMG00000078257	AP000472.3;OTTHUMG00000078257
OTTHUMG00000161058;RP11-529H2.1	OTTHUMG00000161058;RP11-529H2.1
KAZN	KAZN
TP53RK	TP53RK
OTTHUMG00000164174;RP11-238K6.2	OTTHUMG00000164174;RP11-238K6.2
MIR195;MIR497;MIR497HG	MIR195;MIR497;MIR497HG
FAM215A	FAM215A
MIR1193	MIR1193
METTL21C	METTL21C
LOC100506238	LOC100506238
OTTHUMG00000019009;RP11-127O4.2	OTTHUMG00000019009;RP11-127O4.2
LEMD3	LEMD3
TBC1D28	TBC1D28
AC053503.11;OTTHUMG00000133672	AC053503.11;OTTHUMG00000133672
PLCD1	PLCD1
JOSD2	JOSD2
AL121578.2;OTTHUMG00000033178	AL121578.2;OTTHUMG00000033178
ZBTB6	ZBTB6
MUC22	MUC22
OTTHUMG00000161125;RP11-255I10.2	OTTHUMG00000161125;RP11-255I10.2
MARCH7	MARCH7
RNPEPL1	RNPEPL1
AC007556.3;OTTHUMG00000155318	AC007556.3;OTTHUMG00000155318
TMEM9B-AS1	TMEM9B-AS1
UGT2B17	UGT2B17
OTTHUMG00000028600;RP11-312J18.6	OTTHUMG00000028600;RP11-312J18.6
OTTHUMG00000007374;RP1-125I3.2	OTTHUMG00000007374;RP1-125I3.2
AC010976.2;OTTHUMG00000153411	AC010976.2;OTTHUMG00000153411
IGHD2-8	IGHD2-8
OTTHUMG00000164513;RP11-730G20.1	OTTHUMG00000164513;RP11-730G20.1
XAGE1A;XAGE1B;XAGE1C;XAGE1D;XAGE1E	XAGE1A;XAGE1B;XAGE1C;XAGE1D;XAGE1E
RBFOX3	RBFOX3
OTTHUMG00000133761;XXbac-BPG181B23.4	OTTHUMG00000133761;XXbac-BPG181B23.4
NEGR1	NEGR1
RNA5SP443	RNA5SP443
SRGAP3-AS2	SRGAP3-AS2
RNA5SP415	RNA5SP415
MIR1287;PYROXD2	MIR1287;PYROXD2
MIR3909	MIR3909
RNA5SP495	RNA5SP495
C2orf65;M1AP	C2orf65;M1AP
OTTHUMG00000002314;RP4-798A10.2	OTTHUMG00000002314;RP4-798A10.2
OTTHUMG00000015806;RP11-244K5.4	OTTHUMG00000015806;RP11-244K5.4
PLEK	PLEK
AC027763.2;LOC100506713;OTTHUMG00000132903	AC027763.2;LOC100506713;OTTHUMG00000132903
CTD-2309H9.3;OTTHUMG00000164538	CTD-2309H9.3;OTTHUMG00000164538
SPINK2	SPINK2
CFTR	CFTR
DPPA3;DPPA3P2;LOC101060236	DPPA3;DPPA3P2;LOC101060236
MTMR4	MTMR4
LOC375196	LOC375196
LRR1	LRR1
C11orf42	C11orf42
RNA5SP390	RNA5SP390
OTTHUMG00000020320;RP11-498P14.4	OTTHUMG00000020320;RP11-498P14.4
AF127577.8;OTTHUMG00000074318	AF127577.8;OTTHUMG00000074318
RPTN	RPTN
FAM132B	FAM132B
ARHGEF16	ARHGEF16
LINC00545	LINC00545
C17orf51	C17orf51
MIR517A	MIR517A
UQCRC2	UQCRC2
AC017099.3;LOC728537;OTTHUMG00000153062	AC017099.3;LOC728537;OTTHUMG00000153062
AC093382.1;OTTHUMG00000154827	AC093382.1;OTTHUMG00000154827
OTTHUMG00000018487;RP11-574K11.16;ZSWIM8-AS1	OTTHUMG00000018487;RP11-574K11.16;ZSWIM8-AS1
AC073115.6;OTTHUMG00000155426	AC073115.6;OTTHUMG00000155426
ARHGAP5	ARHGAP5
OTTHUMG00000158734;RP11-543A18.1	OTTHUMG00000158734;RP11-543A18.1
ANKRD20A19P	ANKRD20A19P
C2orf72	C2orf72
DEFB1	DEFB1
OTTHUMG00000160349;RP11-79E3.2	OTTHUMG00000160349;RP11-79E3.2
OTTHUMG00000150925;SC22CB-1D7.1	OTTHUMG00000150925;SC22CB-1D7.1
DEFA4	DEFA4
HMGXB4	HMGXB4
CYP17A1	CYP17A1
SPATA22	SPATA22
OTTHUMG00000067122;RP11-347J14.8	OTTHUMG00000067122;RP11-347J14.8
SHARPIN	SHARPIN
CTA-714B7.5;OTTHUMG00000150957	CTA-714B7.5;OTTHUMG00000150957
AURKAIP1	AURKAIP1
PVRL4	PVRL4
HERC2;LOC100653292	HERC2;LOC100653292
GFOD1	GFOD1
RIPPLY2	RIPPLY2
EID1	EID1
OTTHUMG00000014150;RP1-140K8.1	OTTHUMG00000014150;RP1-140K8.1
RNA5SP249	RNA5SP249
CCIN	CCIN
AC018742.1;LOC645949;OTTHUMG00000151807	AC018742.1;LOC645949;OTTHUMG00000151807
HCAR3	HCAR3
HS6ST2-AS1	HS6ST2-AS1
OTTHUMG00000041136;RP5-1011O1.3	OTTHUMG00000041136;RP5-1011O1.3
ZNF589	ZNF589
C19orf81	C19orf81
CTC-347C20.1;OTTHUMG00000163316	CTC-347C20.1;OTTHUMG00000163316
SCARNA1	SCARNA1
SAMSN1-AS1	SAMSN1-AS1
ZNF500	ZNF500
OTTHUMG00000001766;RP11-431K24.1	OTTHUMG00000001766;RP11-431K24.1
APOBEC2	APOBEC2
LOC100507103;OTTHUMG00000020202;RP11-305L7.1	LOC100507103;OTTHUMG00000020202;RP11-305L7.1
FGF22	FGF22
OGFOD2	OGFOD2
TBC1D21	TBC1D21
ZHX2	ZHX2
KCP	KCP
KIRREL3-AS3	KIRREL3-AS3
AC010723.1;OTTHUMG00000036405	AC010723.1;OTTHUMG00000036405
FLJ43763	FLJ43763
NAGS	NAGS
AC004535.2;OTTHUMG00000151923	AC004535.2;OTTHUMG00000151923
MMP10	MMP10
TEX11	TEX11
MIR4307	MIR4307
LSP1P3	LSP1P3
OTTHUMG00000011731;RP11-475E11.5;SPATA42	OTTHUMG00000011731;RP11-475E11.5;SPATA42
MAPK8IP2	MAPK8IP2
SEC62-AS1	SEC62-AS1
OTTHUMG00000170067;RP1-170O19.14	OTTHUMG00000170067;RP1-170O19.14
OTTHUMG00000150948;RP1-213J1P__B.1	OTTHUMG00000150948;RP1-213J1P__B.1
OTTHUMG00000163755;RP11-875O11.1	OTTHUMG00000163755;RP11-875O11.1
PIK3R6	PIK3R6
CAPN11	CAPN11
OTTHUMG00000018372;RP11-227H15.4	OTTHUMG00000018372;RP11-227H15.4
OTTHUMG00000164290;RP11-386G21.2	OTTHUMG00000164290;RP11-386G21.2
LINC00344	LINC00344
NPVF	NPVF
AP001601.2;OTTHUMG00000078687	AP001601.2;OTTHUMG00000078687
ZNF562	ZNF562
UGT2B10	UGT2B10
LOC100506007;OTTHUMG00000040490;RP11-305E17.6	LOC100506007;OTTHUMG00000040490;RP11-305E17.6
CTD-2061E9.1;OTTHUMG00000161925	CTD-2061E9.1;OTTHUMG00000161925
CTB-3M24.2;OTTHUMG00000162724	CTB-3M24.2;OTTHUMG00000162724
AC090587.2;OTTHUMG00000012239;PGAP2	AC090587.2;OTTHUMG00000012239;PGAP2
TRPM1	TRPM1
KANK1;OTTHUMG00000019431;RP11-31F19.1	KANK1;OTTHUMG00000019431;RP11-31F19.1
MIR95	MIR95
AP000469.2;OTTHUMG00000078332	AP000469.2;OTTHUMG00000078332
FFAR2	FFAR2
OTTHUMG00000161804;RP11-154F14.3	OTTHUMG00000161804;RP11-154F14.3
LOC100507412;RNA5-8S5	LOC100507412;RNA5-8S5
MIR3975	MIR3975
RNU5D-1;RNU5E-1	RNU5D-1;RNU5E-1
OTTHUMG00000164158;RP11-100L22.1	OTTHUMG00000164158;RP11-100L22.1
GPR89C	GPR89C
WIF1	WIF1
P4HA1	P4HA1
OTTHUMG00000156582;RP5-945F2.3	OTTHUMG00000156582;RP5-945F2.3
RERG	RERG
FGL2	FGL2
OTTHUMG00000014627;RP3-441A12.1	OTTHUMG00000014627;RP3-441A12.1
AQPEP;ARL14EPL	AQPEP;ARL14EPL
ANAPC1;LOC730268	ANAPC1;LOC730268
CCDC66	CCDC66
ADAMTS6	ADAMTS6
OTTHUMG00000162130;RP11-661C8.2	OTTHUMG00000162130;RP11-661C8.2
LINC00226	LINC00226
OTTHUMG00000041153;PTPN14;RP11-176D17.3	OTTHUMG00000041153;PTPN14;RP11-176D17.3
AC012361.1;OTTHUMG00000151783	AC012361.1;OTTHUMG00000151783
CYP2A6	CYP2A6
OTTHUMG00000149243;XXbac-BPG181B23.4	OTTHUMG00000149243;XXbac-BPG181B23.4
MYC	MYC
ANKRD36BP1	ANKRD36BP1
OTTHUMG00000159896;RP11-93K22.13	OTTHUMG00000159896;RP11-93K22.13
OTTHUMG00000158859;RP11-373E16.3	OTTHUMG00000158859;RP11-373E16.3
BX004987.6;OTTHUMG00000013631	BX004987.6;OTTHUMG00000013631
HAO2-IT1	HAO2-IT1
TRAPPC2;TRAPPC2P1;ZNF547	TRAPPC2;TRAPPC2P1;ZNF547
CCDC73	CCDC73
MIR3945	MIR3945
IFLTD1	IFLTD1
PHF13	PHF13
RNA5SP120	RNA5SP120
RNA5SP410	RNA5SP410
SPDYE2;SPDYE2B	SPDYE2;SPDYE2B
OTTHUMG00000162677;RP11-71E19.2	OTTHUMG00000162677;RP11-71E19.2
LOC100996817;POM121L7	LOC100996817;POM121L7
EIF2B3	EIF2B3
AC074389.6;LOC401296;OTTHUMG00000151500	AC074389.6;LOC401296;OTTHUMG00000151500
SERPINA1	SERPINA1
LOC100505540;OTTHUMG00000018842;RP11-453E2.2	LOC100505540;OTTHUMG00000018842;RP11-453E2.2
ADD2	ADD2
GRPEL2	GRPEL2
OTTHUMG00000020682;RP11-423C15.3	OTTHUMG00000020682;RP11-423C15.3
PNMA5	PNMA5
OTTHUMG00000156033;RP11-153N17.1	OTTHUMG00000156033;RP11-153N17.1
AC012358.7;OTTHUMG00000152548	AC012358.7;OTTHUMG00000152548
RXFP4	RXFP4
OTTHUMG00000017698;RP11-214D15.2	OTTHUMG00000017698;RP11-214D15.2
ARHGAP27	ARHGAP27
HCG11	HCG11
KMO	KMO
AC106870.2;OTTHUMG00000152004	AC106870.2;OTTHUMG00000152004
ISOC2	ISOC2
TMC4	TMC4
OTTHUMG00000159693;RP11-475N22.4	OTTHUMG00000159693;RP11-475N22.4
AKR1B1P6	AKR1B1P6
OR6C1	OR6C1
ZNF700	ZNF700
PZP	PZP
TMEM144	TMEM144
OR10J1	OR10J1
OTTHUMG00000015419;RP3-399L15.2	OTTHUMG00000015419;RP3-399L15.2
BEND5	BEND5
OTTHUMG00000041633;RP11-403I13.9	OTTHUMG00000041633;RP11-403I13.9
LINC00964	LINC00964
RNA5SP269	RNA5SP269
TOLLIP	TOLLIP
LOC100506700	LOC100506700
MEP1A	MEP1A
OTTHUMG00000015187;RP11-459O1.2	OTTHUMG00000015187;RP11-459O1.2
AC015933.2;OTTHUMG00000064910	AC015933.2;OTTHUMG00000064910
KRT9	KRT9
BHLHB9	BHLHB9
ENPP6	ENPP6
AC010084.1;OTTHUMG00000036214	AC010084.1;OTTHUMG00000036214
HTR2A-AS1	HTR2A-AS1
GANAB	GANAB
MGC16275	MGC16275
LINC00466	LINC00466
FAM183A	FAM183A
OTTHUMG00000036132;RP11-565N2.1	OTTHUMG00000036132;RP11-565N2.1
CTB-167B5.1;OTTHUMG00000164017	CTB-167B5.1;OTTHUMG00000164017
OR51T1	OR51T1
RNA5SP26	RNA5SP26
OTTHUMG00000159078;RP11-5O17.1	OTTHUMG00000159078;RP11-5O17.1
TRIM51HP	TRIM51HP
ACADSB	ACADSB
TAF7L	TAF7L
FRG1B;LOC100289097	FRG1B;LOC100289097
OTTHUMG00000161447;RP11-1336O20.2	OTTHUMG00000161447;RP11-1336O20.2
AC013402.3;OTTHUMG00000153055	AC013402.3;OTTHUMG00000153055
CTD-2244C20.2;OTTHUMG00000162296	CTD-2244C20.2;OTTHUMG00000162296
LOC101060650;RNF212	LOC101060650;RNF212
SUSD4	SUSD4
SOX1	SOX1
CARD16	CARD16
MIR885	MIR885
LOC100506877;OTTHUMG00000150310;RP11-536P6.3	LOC100506877;OTTHUMG00000150310;RP11-536P6.3
OTTHUMG00000020319;RP11-498P14.3;ZNF322;ZNF322P1	OTTHUMG00000020319;RP11-498P14.3;ZNF322;ZNF322P1
KRTAP1-1	KRTAP1-1
AC068542.1;OTTHUMG00000153281	AC068542.1;OTTHUMG00000153281
SPERT	SPERT
LOC90834	LOC90834
C6orf47	C6orf47
AC017104.2;OTTHUMG00000153867	AC017104.2;OTTHUMG00000153867
OTTHUMG00000161497;RP5-1029K10.4	OTTHUMG00000161497;RP5-1029K10.4
AC011294.3;OTTHUMG00000155474	AC011294.3;OTTHUMG00000155474
PTPRT	PTPRT
LOC283693	LOC283693
MARCH10	MARCH10
OTTHUMG00000161607;RP11-35O7.1	OTTHUMG00000161607;RP11-35O7.1
OTTHUMG00000157319;RP11-264K23.1	OTTHUMG00000157319;RP11-264K23.1
OTTHUMG00000036070;RP11-350G8.5	OTTHUMG00000036070;RP11-350G8.5
C11orf35	C11orf35
RNA5SP217	RNA5SP217
C16orf46	C16orf46
LOC100507091	LOC100507091
ZDHHC12	ZDHHC12
UBD	UBD
CAPN13	CAPN13
RNU7-38P	RNU7-38P
CCDC62	CCDC62
NECAB1	NECAB1
FSCN3	FSCN3
LOC400794;OTTHUMG00000034624;RP11-280O1.2	LOC400794;OTTHUMG00000034624;RP11-280O1.2
RNA5SP137	RNA5SP137
LDHAL6B	LDHAL6B
TPRKB	TPRKB
OTTHUMG00000005740;RP4-622L5.7	OTTHUMG00000005740;RP4-622L5.7
LOC100506035;OTTHUMG00000160884;RP11-234K19.2	LOC100506035;OTTHUMG00000160884;RP11-234K19.2
AC016910.1;OTTHUMG00000153875	AC016910.1;OTTHUMG00000153875
TMEM79	TMEM79
FRMD3	FRMD3
USP12	USP12
TEX36	TEX36
ABCB11	ABCB11
PRSS37	PRSS37
SPATA41	SPATA41
HNF4G	HNF4G
RNY4P27	RNY4P27
TRAV25	TRAV25
AC009499.2;OTTHUMG00000152139	AC009499.2;OTTHUMG00000152139
OTTHUMG00000164436;RP11-333A23.3	OTTHUMG00000164436;RP11-333A23.3
GTF2IRD1	GTF2IRD1
TSLP	TSLP
ART4	ART4
HRH3	HRH3
OTTHUMG00000017137;RP11-276G3.1	OTTHUMG00000017137;RP11-276G3.1
OTTHUMG00000019273;RP11-540N6.1	OTTHUMG00000019273;RP11-540N6.1
FASN	FASN
SLC17A2	SLC17A2
CTB-27N1.1;LOC100507267;OTTHUMG00000163086	CTB-27N1.1;LOC100507267;OTTHUMG00000163086
CTD-2532K18.2;OTTHUMG00000163136	CTD-2532K18.2;OTTHUMG00000163136
TRIM35	TRIM35
BOLL	BOLL
AC145110.1;OTTHUMG00000163801	AC145110.1;OTTHUMG00000163801
ISG20	ISG20
TMEM44-AS1	TMEM44-AS1
GPR142	GPR142
RUNDC3A	RUNDC3A
FCGR1C	FCGR1C
AC007389.3;OTTHUMG00000152797	AC007389.3;OTTHUMG00000152797
ZNF623	ZNF623
CYP4F11	CYP4F11
OTTHUMG00000019251;RP11-4C20.3	OTTHUMG00000019251;RP11-4C20.3
OR52L1	OR52L1
OTTHUMG00000015982;RP11-300M24.1	OTTHUMG00000015982;RP11-300M24.1
CCAT1;OTTHUMG00000165065;RP11-255B23.3	CCAT1;OTTHUMG00000165065;RP11-255B23.3
LOC100506226	LOC100506226
CALB1	CALB1
OTTHUMG00000161561;RP11-650J17.2	OTTHUMG00000161561;RP11-650J17.2
DEFB123	DEFB123
SPRR2G	SPRR2G
AC002368.4;OTTHUMG00000022612	AC002368.4;OTTHUMG00000022612
DEFA1;DEFA1B;DEFA3	DEFA1;DEFA1B;DEFA3
OR2T12	OR2T12
CTB-32P11.1;OTTHUMG00000162874	CTB-32P11.1;OTTHUMG00000162874
IGLV5-37	IGLV5-37
LOC100132781	LOC100132781
MIR193B	MIR193B
CLYBL-AS2	CLYBL-AS2
OTTHUMG00000018731;RP11-15K3.1	OTTHUMG00000018731;RP11-15K3.1
OR7E24	OR7E24
OR2B3	OR2B3
OR5D18	OR5D18
C11orf44	C11orf44
OTTHUMG00000160718;RP11-540E16.2	OTTHUMG00000160718;RP11-540E16.2
ALKBH2	ALKBH2
CST1	CST1
RBM44	RBM44
C6orf214;OTTHUMG00000004834	C6orf214;OTTHUMG00000004834
OTTHUMG00000024122;RP11-1148L6.5	OTTHUMG00000024122;RP11-1148L6.5
OTTHUMG00000019300;RP13-137A17.5	OTTHUMG00000019300;RP13-137A17.5
OTTHUMG00000020960;RP11-229P13.15	OTTHUMG00000020960;RP11-229P13.15
KLHDC7A	KLHDC7A
C6orf100	C6orf100
C6orf100	C6orf100
GS1-433O24.1;OTTHUMG00000021246	GS1-433O24.1;OTTHUMG00000021246
EPPIN;EPPIN-WFDC6	EPPIN;EPPIN-WFDC6
OTTHUMG00000035254;RP11-545A16.1	OTTHUMG00000035254;RP11-545A16.1
ADH1A	ADH1A
NMRK2	NMRK2
GLCE	GLCE
CASP10	CASP10
OTTHUMG00000045406;XXyac-YX65C7_A.3	OTTHUMG00000045406;XXyac-YX65C7_A.3
IQCF6	IQCF6
MIR520G	MIR520G
LOC339298	LOC339298
ARL5B-AS1	ARL5B-AS1
LOC100507117	LOC100507117
CCDC27	CCDC27
TMEM253	TMEM253
KRT28	KRT28
MIR3154	MIR3154
HIF1A-AS1	HIF1A-AS1
UCKL1-AS1	UCKL1-AS1
FAM47A	FAM47A
TAS2R7	TAS2R7
RCOR3	RCOR3
OR6C4	OR6C4
OTTHUMG00000161136;RP11-55L3.1	OTTHUMG00000161136;RP11-55L3.1
LOC100505799;OTTHUMG00000022444;RP11-404O13.5	LOC100505799;OTTHUMG00000022444;RP11-404O13.5
SNORD126	SNORD126
AC097713.4;OTTHUMG00000153157	AC097713.4;OTTHUMG00000153157
OTTHUMG00000159345;RP11-768G7.3	OTTHUMG00000159345;RP11-768G7.3
OTTHUMG00000004188;RP5-1180C18.1	OTTHUMG00000004188;RP5-1180C18.1
PTS	PTS
TRBV29-1	TRBV29-1
OTTHUMG00000032807;RP5-897D18.1	OTTHUMG00000032807;RP5-897D18.1
GGA1	GGA1
TYW1	TYW1
ZNF808	ZNF808
OTTHUMG00000015993;RP11-459F1.2	OTTHUMG00000015993;RP11-459F1.2
CTD-2023M8.1;OTTHUMG00000161873	CTD-2023M8.1;OTTHUMG00000161873
KRTAP25-1	KRTAP25-1
MIR4303	MIR4303
MCCC1-AS1	MCCC1-AS1
AC002454.1;OTTHUMG00000155818	AC002454.1;OTTHUMG00000155818
MIR196A2	MIR196A2
OTTHUMG00000161764;RP11-810P8.1	OTTHUMG00000161764;RP11-810P8.1
OTTHUMG00000036552;RP11-328D5.1	OTTHUMG00000036552;RP11-328D5.1
OTTHUMG00000159738;RP11-167H9.5	OTTHUMG00000159738;RP11-167H9.5
SLC4A3	SLC4A3
ERF	ERF
OTTHUMG00000037934;RP11-239E10.2	OTTHUMG00000037934;RP11-239E10.2
C11orf72	C11orf72
CXorf1;TMEM257	CXorf1;TMEM257
IGKV1-6	IGKV1-6
DLG4	DLG4
C6orf214;OTTHUMG00000149218	C6orf214;OTTHUMG00000149218
OTTHUMG00000160700;RP11-665C14.2	OTTHUMG00000160700;RP11-665C14.2
MCMDC2	MCMDC2
LOC100507501	LOC100507501
ROPN1B	ROPN1B
MIR221	MIR221
OTTHUMG00000156967;RP3-430A16.1	OTTHUMG00000156967;RP3-430A16.1
KLHL7-AS1	KLHL7-AS1
OR7C1	OR7C1
FHOD1	FHOD1
RHO	RHO
LINC00687	LINC00687
OTTHUMG00000000720;RP3-395M20.2	OTTHUMG00000000720;RP3-395M20.2
AC021218.2;OTTHUMG00000151352	AC021218.2;OTTHUMG00000151352
OTTHUMG00000015306;RP1-60O19.2	OTTHUMG00000015306;RP1-60O19.2
CTC-321K16.1;OTTHUMG00000163105	CTC-321K16.1;OTTHUMG00000163105
OR52I2	OR52I2
CPOX	CPOX
FBXL17	FBXL17
SKOR2	SKOR2
IGHV2OR16-5	IGHV2OR16-5
ATP6V1F	ATP6V1F
AC017053.1;OTTHUMG00000151460	AC017053.1;OTTHUMG00000151460
OTTHUMG00000040863;RP11-63B19.1	OTTHUMG00000040863;RP11-63B19.1
MIR548I3	MIR548I3
PHLDA2	PHLDA2
AC124789.1;OTTHUMG00000132691	AC124789.1;OTTHUMG00000132691
ACRC	ACRC
ZNF614	ZNF614
ALDH3B2	ALDH3B2
MITF	MITF
AC005550.5;OTTHUMG00000152392	AC005550.5;OTTHUMG00000152392
NDUFV1	NDUFV1
FTL	FTL
OTTHUMG00000032278;RP4-553F4.6	OTTHUMG00000032278;RP4-553F4.6
HSPH1	HSPH1
NDUFA5	NDUFA5
ARHGAP29	ARHGAP29
TRAJ61	TRAJ61
ADM2	ADM2
LOC100507616	LOC100507616
SMG7-AS1	SMG7-AS1
OR8K3	OR8K3
RNF17	RNF17
LOC100129297;OTTHUMG00000159267;RP11-180K7.1	LOC100129297;OTTHUMG00000159267;RP11-180K7.1
CRYBA2	CRYBA2
RNA5SP41	RNA5SP41
PLCG1	PLCG1
CTC-436K13.1;OTTHUMG00000163515	CTC-436K13.1;OTTHUMG00000163515
CLPTM1L	CLPTM1L
PDZD2	PDZD2
PLBD1	PLBD1
KDM5B	KDM5B
AC016735.3;OTTHUMG00000152376	AC016735.3;OTTHUMG00000152376
AL353997.3;LOC339240;OTTHUMG00000059246	AL353997.3;LOC339240;OTTHUMG00000059246
WNT10A	WNT10A
OTTHUMG00000148843;XXbac-BCX196D17.5	OTTHUMG00000148843;XXbac-BCX196D17.5
OTTHUMG00000020188;RP11-316P17.2;UNQ6494	OTTHUMG00000020188;RP11-316P17.2;UNQ6494
FOXL1	FOXL1
OR4K15	OR4K15
POU6F2-AS1	POU6F2-AS1
ZACN	ZACN
IL37	IL37
MIR3127	MIR3127
AC016745.3;OTTHUMG00000153341	AC016745.3;OTTHUMG00000153341
OTTHUMG00000164193;RP11-44K6.4	OTTHUMG00000164193;RP11-44K6.4
CLTB	CLTB
MIR548P	MIR548P
OTTHUMG00000162304;RP11-155L15.1	OTTHUMG00000162304;RP11-155L15.1
HSD17B1P1	HSD17B1P1
NOXRED1	NOXRED1
HPRT1	HPRT1
YEATS2-AS1	YEATS2-AS1
CTD-2313F11.3;OTTHUMG00000162202	CTD-2313F11.3;OTTHUMG00000162202
CTSL1P2	CTSL1P2
OTTHUMG00000032141;RP4-760C5.3	OTTHUMG00000032141;RP4-760C5.3
CXCR5	CXCR5
NPAS3	NPAS3
ARHGEF38-IT1	ARHGEF38-IT1
LINC00317	LINC00317
EME2	EME2
SPZ1	SPZ1
ACTN1	ACTN1
SNX9	SNX9
VCY;VCY1B	VCY;VCY1B
OR6C74	OR6C74
HDAC11-AS1	HDAC11-AS1
AC013401.1;OTTHUMG00000154343	AC013401.1;OTTHUMG00000154343
MIR4801	MIR4801
PTP4A1P7	PTP4A1P7
AC007386.2;LOC400958;OTTHUMG00000152704	AC007386.2;LOC400958;OTTHUMG00000152704
HMOX1	HMOX1
C6orf15	C6orf15
C6orf15	C6orf15
C6orf15	C6orf15
C6orf15	C6orf15
AC102948.2;OTTHUMG00000132354	AC102948.2;OTTHUMG00000132354
OTTHUMG00000161041;RP11-63A11.1	OTTHUMG00000161041;RP11-63A11.1
C20orf187	C20orf187
IL1RL1	IL1RL1
OTTHUMG00000159018;RP11-444P10.1	OTTHUMG00000159018;RP11-444P10.1
MYL10	MYL10
RBBP8NL	RBBP8NL
OTTHUMG00000159127;RP11-439C8.1	OTTHUMG00000159127;RP11-439C8.1
OTTHUMG00000163772;RP11-875O11.3	OTTHUMG00000163772;RP11-875O11.3
OTTHUMG00000161303;RP11-381N20.2	OTTHUMG00000161303;RP11-381N20.2
PARK2	PARK2
AP006285.6;LOC100505570;OTTHUMG00000057556	AP006285.6;LOC100505570;OTTHUMG00000057556
LINC00517	LINC00517
MOGAT3	MOGAT3
RGL3	RGL3
OTTHUMG00000017187;RP11-51B13.1	OTTHUMG00000017187;RP11-51B13.1
AC007098.1;OTTHUMG00000152544	AC007098.1;OTTHUMG00000152544
GALR3	GALR3
OTTHUMG00000158224;RP11-4B14.3	OTTHUMG00000158224;RP11-4B14.3
PPP1R26-AS1	PPP1R26-AS1
AC104801.1;OTTHUMG00000154065	AC104801.1;OTTHUMG00000154065
CHD3	CHD3
C7orf26	C7orf26
GNG3	GNG3
AL022476.2;LOC100506679;OTTHUMG00000150695	AL022476.2;LOC100506679;OTTHUMG00000150695
STX19	STX19
OTTHUMG00000150662;Z83844.1	OTTHUMG00000150662;Z83844.1
MMP17	MMP17
SNCG	SNCG
C19orf71	C19orf71
AC091729.7;OTTHUMG00000151481	AC091729.7;OTTHUMG00000151481
HTATSF1	HTATSF1
ACSS1	ACSS1
PVALB	PVALB
AC106801.1;OTTHUMG00000163509	AC106801.1;OTTHUMG00000163509
FLJ27354;OTTHUMG00000010130;RP5-1007M22.2	FLJ27354;OTTHUMG00000010130;RP5-1007M22.2
MIR521-2	MIR521-2
KRTAP4-12	KRTAP4-12
LOC283575	LOC283575
TNFSF4	TNFSF4
ZNF384	ZNF384
SMOC2	SMOC2
MIR643	MIR643
AP000281.2;OTTHUMG00000064934	AP000281.2;OTTHUMG00000064934
AC004009.3;OTTHUMG00000133703	AC004009.3;OTTHUMG00000133703
OTTHUMG00000017976;RP11-258F22.1	OTTHUMG00000017976;RP11-258F22.1
MIR3160-2	MIR3160-2
A2ML1-AS1	A2ML1-AS1
ABTB2	ABTB2
PTGES2-AS1	PTGES2-AS1
OXCT1-AS1	OXCT1-AS1
TSTA3	TSTA3
SPDYE2;SPDYE6	SPDYE2;SPDYE6
CTD-2544N14.3;OTTHUMG00000164094	CTD-2544N14.3;OTTHUMG00000164094
GRIFIN	GRIFIN
SRP72	SRP72
MXRA5P1	MXRA5P1
DEFB105A;DEFB105B	DEFB105A;DEFB105B
LOC100506107;OTTHUMG00000160872;RP11-322J23.1	LOC100506107;OTTHUMG00000160872;RP11-322J23.1
IGHEP1	IGHEP1
AC007386.4;OTTHUMG00000152699	AC007386.4;OTTHUMG00000152699
LINC00502	LINC00502
MIR3119-2	MIR3119-2
ZFP90	ZFP90
OTTHUMG00000161225;RP11-319E12.2	OTTHUMG00000161225;RP11-319E12.2
OTTHUMG00000160657;RP11-16N2.1	OTTHUMG00000160657;RP11-16N2.1
CLU	CLU
GFER	GFER
RNY4	RNY4
CD300LG	CD300LG
DKFZp779M0652	DKFZp779M0652
IFNA8	IFNA8
OTTHUMG00000142920;Z83001.1	OTTHUMG00000142920;Z83001.1
LINC00336	LINC00336
OR5K2	OR5K2
OTTHUMG00000032593;RP3-461P17.10	OTTHUMG00000032593;RP3-461P17.10
OTTHUMG00000160577;RP11-395I6.2	OTTHUMG00000160577;RP11-395I6.2
AC018866.1;OTTHUMG00000154317	AC018866.1;OTTHUMG00000154317
TMOD4	TMOD4
CEP170B;KIAA0284	CEP170B;KIAA0284
HSPA1A;HSPA1B	HSPA1A;HSPA1B
LY6G5C	LY6G5C
LY6G5C	LY6G5C
OTTHUMG00000021871;RP11-212D3.3	OTTHUMG00000021871;RP11-212D3.3
AC024132.1;OTTHUMG00000150675	AC024132.1;OTTHUMG00000150675
EMCN-IT3	EMCN-IT3
MIR527	MIR527
AC006380.3;OTTHUMG00000152878	AC006380.3;OTTHUMG00000152878
AC002386.1;OTTHUMG00000155012	AC002386.1;OTTHUMG00000155012
OTTHUMG00000161256;RP11-366M4.13	OTTHUMG00000161256;RP11-366M4.13
AC005703.3;OTTHUMG00000058962	AC005703.3;OTTHUMG00000058962
NEUROG3	NEUROG3
BTF3P11	BTF3P11
LOC100287177	LOC100287177
CCDC106	CCDC106
CT62	CT62
OTTHUMG00000161197;RP11-422J15.1	OTTHUMG00000161197;RP11-422J15.1
RNA5SP423	RNA5SP423
SETD2	SETD2
UBE2D3	UBE2D3
KIR3DL2;LOC727787	KIR3DL2;LOC727787
KRTAP2-2	KRTAP2-2
OTTHUMG00000163457;RP11-1252I4.2	OTTHUMG00000163457;RP11-1252I4.2
OTTHUMG00000155988;RP11-135A1.2	OTTHUMG00000155988;RP11-135A1.2
AC090505.2;AC090505.3;AC090505.6;LOC100507391;OTTHUMG00000156020;OTTHUMG00000156024;OTTHUMG00000156025	AC090505.2;AC090505.3;AC090505.6;LOC100507391;OTTHUMG00000156020;OTTHUMG00000156024;OTTHUMG00000156025
LOC283922	LOC283922
PRICKLE4;TOMM6	PRICKLE4;TOMM6
CNTN1	CNTN1
GDPGP1	GDPGP1
TRIM42	TRIM42
OTTHUMG00000161756;RP11-269F21.3	OTTHUMG00000161756;RP11-269F21.3
RNA5SP89	RNA5SP89
MRPL18	MRPL18
LOC100506136	LOC100506136
RNA5SP305	RNA5SP305
SKAP2	SKAP2
CBFA2T3	CBFA2T3
TAF5L	TAF5L
OTTHUMG00000016477;RP11-408E5.4	OTTHUMG00000016477;RP11-408E5.4
KBTBD13	KBTBD13
C1orf21	C1orf21
OTTHUMG00000160893;RP11-789C1.1	OTTHUMG00000160893;RP11-789C1.1
MIR4272	MIR4272
RNA5SP163	RNA5SP163
KCNQ5-AS1	KCNQ5-AS1
VKORC1L1	VKORC1L1
OTTHUMG00000020208;RP11-440G5.2	OTTHUMG00000020208;RP11-440G5.2
FBXL7	FBXL7
CTD-2533K21.4;OTTHUMG00000161970	CTD-2533K21.4;OTTHUMG00000161970
OTTHUMG00000041315;RP11-61L14.6	OTTHUMG00000041315;RP11-61L14.6
LOC285847;OTTHUMG00000014580;RP3-510O8.4	LOC285847;OTTHUMG00000014580;RP3-510O8.4
OTTHUMG00000035741;RP11-92G12.3	OTTHUMG00000035741;RP11-92G12.3
LOC285819	LOC285819
OR14J1	OR14J1
OR14J1	OR14J1
OR14J1	OR14J1
AC098820.2;OTTHUMG00000154843	AC098820.2;OTTHUMG00000154843
SIK3-IT1	SIK3-IT1
C11orf54	C11orf54
ATP6V0D1	ATP6V0D1
RPS6KA2-IT1	RPS6KA2-IT1
SNAP25-AS1	SNAP25-AS1
SLC9C2	SLC9C2
RNU5E-1	RNU5E-1
H1FNT	H1FNT
LOC100507646	LOC100507646
SPANXA1;SPANXA2	SPANXA1;SPANXA2
LOC101060235;TMSB15A;TMSB15B	LOC101060235;TMSB15A;TMSB15B
CTB-113P19.3;OTTHUMG00000163524	CTB-113P19.3;OTTHUMG00000163524
TYRP1	TYRP1
OTTHUMG00000002329;OTTHUMG00000002330;RP5-857K21.2;RP5-857K21.3	OTTHUMG00000002329;OTTHUMG00000002330;RP5-857K21.2;RP5-857K21.3
TNFRSF11A	TNFRSF11A
GCA	GCA
CTD-2544H17.1;OTTHUMG00000162974	CTD-2544H17.1;OTTHUMG00000162974
ENOSF1	ENOSF1
RRAD	RRAD
ZFAND4	ZFAND4
KLHDC9	KLHDC9
WNT2B	WNT2B
OTTHUMG00000159480;RP11-65N13.8	OTTHUMG00000159480;RP11-65N13.8
MIR144	MIR144
OTTHUMG00000037985;RP5-1027O11.1	OTTHUMG00000037985;RP5-1027O11.1
RTP1	RTP1
PPP1R26-AS1	PPP1R26-AS1
MIR4727	MIR4727
AP001043.1;OTTHUMG00000086701	AP001043.1;OTTHUMG00000086701
MIR4740	MIR4740
IL26	IL26
OTTHUMG00000163613;RP11-281H11.1	OTTHUMG00000163613;RP11-281H11.1
AC006007.1;OTTHUMG00000152719	AC006007.1;OTTHUMG00000152719
CLUH;KIAA0664	CLUH;KIAA0664
RP1L1	RP1L1
LYL1	LYL1
CTC-428G20.2;OTTHUMG00000162913	CTC-428G20.2;OTTHUMG00000162913
DEFA10P	DEFA10P
TCEB1P3	TCEB1P3
SLC6A1-AS1	SLC6A1-AS1
IGHV3-20	IGHV3-20
OTTHUMG00000019459;RP11-509J21.3	OTTHUMG00000019459;RP11-509J21.3
CTD-2201E9.4;OTTHUMG00000161754	CTD-2201E9.4;OTTHUMG00000161754
OTTHUMG00000032002;RP5-1178H5.2	OTTHUMG00000032002;RP5-1178H5.2
C3orf83	C3orf83
C17orf107	C17orf107
AC012494.1;OTTHUMG00000152846	AC012494.1;OTTHUMG00000152846
ZNF335	ZNF335
OTTHUMG00000164281;RP11-1112C15.1	OTTHUMG00000164281;RP11-1112C15.1
PLAC1L	PLAC1L
OR6N2	OR6N2
GFI1B	GFI1B
SIGLEC17P	SIGLEC17P
ZNF564	ZNF564
ZNF514	ZNF514
PSG5	PSG5
SYP-AS1	SYP-AS1
PF4	PF4
AICDA	AICDA
H6PD	H6PD
REXO2	REXO2
RNA5SP307	RNA5SP307
INSL5	INSL5
TGM3	TGM3
CTC-467M3.1;OTTHUMG00000162629	CTC-467M3.1;OTTHUMG00000162629
MIR3170	MIR3170
CGB1;CGB2	CGB1;CGB2
SDHAP1;SDHAP2	SDHAP1;SDHAP2
GS1-421I3.2;OTTHUMG00000022289	GS1-421I3.2;OTTHUMG00000022289
LOC146481	LOC146481
C20orf194	C20orf194
MIR3678	MIR3678
DGCR6	DGCR6
PRKCG	PRKCG
OTTHUMG00000150946;RP1-213J1P__B.2	OTTHUMG00000150946;RP1-213J1P__B.2
LOC101060181;ZNF44	LOC101060181;ZNF44
CALHM3	CALHM3
OTTHUMG00000159720;RP11-469L4.1	OTTHUMG00000159720;RP11-469L4.1
CTAGE4;LOC101060696	CTAGE4;LOC101060696
CPE	CPE
LOC100506530	LOC100506530
DMP1	DMP1
OR2M4	OR2M4
DCLRE1B	DCLRE1B
COX8A	COX8A
AC053503.6;OTTHUMG00000058923	AC053503.6;OTTHUMG00000058923
CSMD3	CSMD3
CENPB	CENPB
PRELID1	PRELID1
OTTHUMG00000020937;RP11-251M1.1	OTTHUMG00000020937;RP11-251M1.1
LOC100131047;OTTHUMG00000014637;RP1-207H1.3	LOC100131047;OTTHUMG00000014637;RP1-207H1.3
OTTHUMG00000164758;RP11-737F9.1	OTTHUMG00000164758;RP11-737F9.1
MIR3688-1	MIR3688-1
MIR759	MIR759
MAGEA8-AS1;OTTHUMG00000022634;RP5-869M20.2	MAGEA8-AS1;OTTHUMG00000022634;RP5-869M20.2
MYF6	MYF6
AC092669.2;AC092669.6;OTTHUMG00000152808;OTTHUMG00000152908	AC092669.2;AC092669.6;OTTHUMG00000152808;OTTHUMG00000152908
OTTHUMG00000161545;RP11-21G20.3	OTTHUMG00000161545;RP11-21G20.3
AC124944.5;OTTHUMG00000155824	AC124944.5;OTTHUMG00000155824
OTTHUMG00000156267;RP5-905H7.3	OTTHUMG00000156267;RP5-905H7.3
PXDN	PXDN
SLC6A20	SLC6A20
SLC24A1	SLC24A1
EFCAB4A	EFCAB4A
RGS1	RGS1
CNKSR3	CNKSR3
CBR3	CBR3
OTTHUMG00000035627;RP11-669M2.1	OTTHUMG00000035627;RP11-669M2.1
KCNQ1-AS1	KCNQ1-AS1
MRVI1-AS1	MRVI1-AS1
BAMBI	BAMBI
LINC00942	LINC00942
C11orf88	C11orf88
UBE2A	UBE2A
BOLA2;BOLA2B;LOC101060252	BOLA2;BOLA2B;LOC101060252
SLC25A36	SLC25A36
AC007879.1;OTTHUMG00000154727	AC007879.1;OTTHUMG00000154727
CCDC148	CCDC148
CCL3L1;CCL3L3	CCL3L1;CCL3L3
AC016292.1;OTTHUMG00000132154	AC016292.1;OTTHUMG00000132154
CTA-984G1.5;OTTHUMG00000151156	CTA-984G1.5;OTTHUMG00000151156
OTTHUMG00000159241;RP11-615J4.3	OTTHUMG00000159241;RP11-615J4.3
RNA5SP28	RNA5SP28
GPM6B	GPM6B
DEFB107A;DEFB107B	DEFB107A;DEFB107B
LOC100506675	LOC100506675
DEFB136	DEFB136
CDAN1	CDAN1
ITGB8	ITGB8
RNU7-49P	RNU7-49P
LOC100507288	LOC100507288
KB-1507C5.4;OTTHUMG00000164837	KB-1507C5.4;OTTHUMG00000164837
OTTHUMG00000164786;RP11-219B4.3	OTTHUMG00000164786;RP11-219B4.3
AC037445.1;OTTHUMG00000132317	AC037445.1;OTTHUMG00000132317
C4orf17	C4orf17
MIR519E	MIR519E
OTTHUMG00000015719;RP1-45I4.2	OTTHUMG00000015719;RP1-45I4.2
FLJ45079	FLJ45079
LOC100506532;OTTHUMG00000020886;RP11-473E2.4	LOC100506532;OTTHUMG00000020886;RP11-473E2.4
OR2M3	OR2M3
IGKV1D-37	IGKV1D-37
DCTN3	DCTN3
BIRC6-AS1	BIRC6-AS1
LOC100506102;OTTHUMG00000162706;RP11-485M7.3	LOC100506102;OTTHUMG00000162706;RP11-485M7.3
OTTHUMG00000007956;RP11-543D5.1	OTTHUMG00000007956;RP11-543D5.1
OTTHUMG00000032720;RP11-290F20.2	OTTHUMG00000032720;RP11-290F20.2
OTTHUMG00000015407;RP11-544L8__B.2	OTTHUMG00000015407;RP11-544L8__B.2
ANXA2P3	ANXA2P3
EIF5B	EIF5B
RNA5SP224	RNA5SP224
ERI3	ERI3
FAM221B	FAM221B
OTTHUMG00000162621;RP11-61G23.1	OTTHUMG00000162621;RP11-61G23.1
PGAM2	PGAM2
FLJ45974;GS1-179L18.1;OTTHUMG00000156039	FLJ45974;GS1-179L18.1;OTTHUMG00000156039
AC012314.8;OTTHUMG00000066041	AC012314.8;OTTHUMG00000066041
EIF3M	EIF3M
FAM13B	FAM13B
KRT86	KRT86
EIF2S1	EIF2S1
OTTHUMG00000015997;RP4-655C5.4	OTTHUMG00000015997;RP4-655C5.4
TDRD9	TDRD9
OTTHUMG00000162209;RP11-503D12.1	OTTHUMG00000162209;RP11-503D12.1
AC005162.4;OTTHUMG00000152828	AC005162.4;OTTHUMG00000152828
PDE6D	PDE6D
AC012593.1;OTTHUMG00000152143	AC012593.1;OTTHUMG00000152143
SLC5A4	SLC5A4
LINC00113	LINC00113
SLC25A47	SLC25A47
OIT3	OIT3
KPNA5	KPNA5
EPHA1-AS1	EPHA1-AS1
HSD17B10	HSD17B10
SLC18A1	SLC18A1
OTTHUMG00000158393;RP11-577H5.4;SPDYE2;SPDYE2B;SPDYE6	OTTHUMG00000158393;RP11-577H5.4;SPDYE2;SPDYE2B;SPDYE6
RNY3P5	RNY3P5
GUCY1A3	GUCY1A3
RABL2B	RABL2B
AC006373.1;OTTHUMG00000151921	AC006373.1;OTTHUMG00000151921
ZNF680	ZNF680
ZNF83	ZNF83
IGHM	IGHM
NANOGP1	NANOGP1
OTTHUMG00000164249;RP11-642A1.3	OTTHUMG00000164249;RP11-642A1.3
COX19	COX19
TRIM15	TRIM15
TRIM15	TRIM15
TRIM15	TRIM15
ATXN3L	ATXN3L
LOC284865	LOC284865
FLJ00096;ZNF503-AS2	FLJ00096;ZNF503-AS2
C1orf210	C1orf210
C9orf66	C9orf66
LOC100506085;OTTHUMG00000160949;RP11-205M3.3	LOC100506085;OTTHUMG00000160949;RP11-205M3.3
RNA5SP201	RNA5SP201
AC018693.6;OTTHUMG00000153519	AC018693.6;OTTHUMG00000153519
LOC100506907;OTTHUMG00000162688;RP11-71E19.5	LOC100506907;OTTHUMG00000162688;RP11-71E19.5
AC074011.2;OTTHUMG00000152013	AC074011.2;OTTHUMG00000152013
OR6C2	OR6C2
SYCE1	SYCE1
PRICKLE2	PRICKLE2
GPR88	GPR88
OR10A4	OR10A4
OTTHUMG00000033321;RP11-284F21.7	OTTHUMG00000033321;RP11-284F21.7
OTTHUMG00000019750;RP11-555J4.4	OTTHUMG00000019750;RP11-555J4.4
MS4A14	MS4A14
CAMKK1	CAMKK1
TRIM32	TRIM32
OTTHUMG00000164880;RP11-790J24.1	OTTHUMG00000164880;RP11-790J24.1
LINC00709	LINC00709
XKR4	XKR4
OTTHUMG00000015501;RP11-510H23.1;STL	OTTHUMG00000015501;RP11-510H23.1;STL
FCAMR	FCAMR
OTTHUMG00000032808;RP11-560A15.3	OTTHUMG00000032808;RP11-560A15.3
MAGEB17	MAGEB17
AK7	AK7
EPO	EPO
GS1-18A18.2;OTTHUMG00000156065	GS1-18A18.2;OTTHUMG00000156065
OR4C6	OR4C6
WNT5A	WNT5A
LOC100505534	LOC100505534
MIR4470	MIR4470
PAGE4	PAGE4
POLA1	POLA1
GRAMD4	GRAMD4
XAGE1A;XAGE1B;XAGE1C;XAGE1D;XAGE1E	XAGE1A;XAGE1B;XAGE1C;XAGE1D;XAGE1E
C6orf47-AS1	C6orf47-AS1
OTTHUMG00000057531;XXbac-BPG296P20.14	OTTHUMG00000057531;XXbac-BPG296P20.14
OTTHUMG00000149277;XXbac-BPG296P20.14	OTTHUMG00000149277;XXbac-BPG296P20.14
OTTHUMG00000149507;XXbac-BPG296P20.14	OTTHUMG00000149507;XXbac-BPG296P20.14
OTTHUMG00000004888;XXbac-BPG296P20.14	OTTHUMG00000004888;XXbac-BPG296P20.14
OTTHUMG00000137395;XXbac-BPG296P20.14	OTTHUMG00000137395;XXbac-BPG296P20.14
AP001439.2;OTTHUMG00000078481	AP001439.2;OTTHUMG00000078481
MAN2B1	MAN2B1
OTTHUMG00000164043;RP11-359E19.1	OTTHUMG00000164043;RP11-359E19.1
RNU5E-5P	RNU5E-5P
MIR4713	MIR4713
OTTHUMG00000042107;RP11-288L9.4	OTTHUMG00000042107;RP11-288L9.4
CBLN1	CBLN1
OTTHUMG00000037001;RP11-354K1.2	OTTHUMG00000037001;RP11-354K1.2
NPAS3	NPAS3
GS1-122H1.1;OTTHUMG00000037400	GS1-122H1.1;OTTHUMG00000037400
MS4A3	MS4A3
AP000695.4;OTTHUMG00000086611	AP000695.4;OTTHUMG00000086611
AC007126.1;OTTHUMG00000160355	AC007126.1;OTTHUMG00000160355
MIR517B	MIR517B
C17orf104	C17orf104
SCAMP5	SCAMP5
ST7-AS2	ST7-AS2
AC003104.1;OTTHUMG00000132657	AC003104.1;OTTHUMG00000132657
AGXT2L2;PHYKPL	AGXT2L2;PHYKPL
TCEB3B	TCEB3B
HBM	HBM
TULP4	TULP4
LOC100507577	LOC100507577
TIPARP	TIPARP
OTTHUMG00000160168;RP11-20I20.2	OTTHUMG00000160168;RP11-20I20.2
OTTHUMG00000164354;RP3-388N13.3	OTTHUMG00000164354;RP3-388N13.3
PPIB	PPIB
RNA5SP47	RNA5SP47
CD200R1	CD200R1
AMTN	AMTN
OTTHUMG00000161686;RP11-447B18.1	OTTHUMG00000161686;RP11-447B18.1
PSORS1C3	PSORS1C3
GMPR2	GMPR2
CLCA4	CLCA4
HCRT	HCRT
UGT2B28	UGT2B28
CCDC11	CCDC11
OR5T3	OR5T3
XG;XGPY2	XG;XGPY2
EDDM3A	EDDM3A
OAF	OAF
AC097721.2;OTTHUMG00000153614	AC097721.2;OTTHUMG00000153614
C11orf71	C11orf71
C15orf53	C15orf53
DHX16	DHX16
C6orf10	C6orf10
MIR4475	MIR4475
PDE6H	PDE6H
SESTD1	SESTD1
RNY3P8	RNY3P8
STAM	STAM
PRICKLE2-AS3	PRICKLE2-AS3
RAB44	RAB44
IL25	IL25
OTTHUMG00000018853;RP11-452K12.7	OTTHUMG00000018853;RP11-452K12.7
OTTHUMG00000018923;RP11-108L7.4	OTTHUMG00000018923;RP11-108L7.4
ABHD14B	ABHD14B
AHCTF1	AHCTF1
C10orf131	C10orf131
OTTHUMG00000017706;RP11-142M10.2	OTTHUMG00000017706;RP11-142M10.2
TRAM2	TRAM2
HLA-DRB6;LOC100996809	HLA-DRB6;LOC100996809
ERG	ERG
OTTHUMG00000067508;RP5-1050E16.2	OTTHUMG00000067508;RP5-1050E16.2
UGT2B10	UGT2B10
FOXN3-AS2	FOXN3-AS2
CSF3	CSF3
OTTHUMG00000164339;RP11-705O24.1	OTTHUMG00000164339;RP11-705O24.1
SNORD58C	SNORD58C
OTTHUMG00000031850;RP5-1119D9.4	OTTHUMG00000031850;RP5-1119D9.4
ZNF318	ZNF318
OTTHUMG00000015218;RP1-177I10.1	OTTHUMG00000015218;RP1-177I10.1
CPB2-AS1	CPB2-AS1
PRR15L	PRR15L
ASPHD2	ASPHD2
KRT10	KRT10
CTA-992D9.7;OTTHUMG00000150945	CTA-992D9.7;OTTHUMG00000150945
AVIL	AVIL
MS4A7	MS4A7
TRIM66	TRIM66
ADARB2	ADARB2
CLDN10-AS1	CLDN10-AS1
AGBL1-AS1	AGBL1-AS1
MIR892B	MIR892B
NSF;NSFP1	NSF;NSFP1
DACT3-AS1	DACT3-AS1
DSPP	DSPP
MIR657	MIR657
ENOX2	ENOX2
RERG-AS1	RERG-AS1
OTTHUMG00000020548;RP11-523L1.2	OTTHUMG00000020548;RP11-523L1.2
AC062020.1;OTTHUMG00000153424	AC062020.1;OTTHUMG00000153424
AC097381.1;LOC389199;OTTHUMG00000043201	AC097381.1;LOC389199;OTTHUMG00000043201
ITFG3	ITFG3
OTTHUMG00000159723;RP11-433A10.2	OTTHUMG00000159723;RP11-433A10.2
AP000695.6;OTTHUMG00000086643	AP000695.6;OTTHUMG00000086643
DYNLT1	DYNLT1
OTTHUMG00000158300;RP11-338L18.1	OTTHUMG00000158300;RP11-338L18.1
OR5H2	OR5H2
LINC00908	LINC00908
OTTHUMG00000164463;RP11-21C17.1	OTTHUMG00000164463;RP11-21C17.1
TBKBP1	TBKBP1
TTC5	TTC5
PSME1	PSME1
OTTHUMG00000022671;RP11-218L14.4	OTTHUMG00000022671;RP11-218L14.4
GLIS1	GLIS1
CSN2	CSN2
OTTHUMG00000019295;RP11-288G11.3	OTTHUMG00000019295;RP11-288G11.3
MIR516A1	MIR516A1
OTTHUMG00000019395;RP11-367J7.3	OTTHUMG00000019395;RP11-367J7.3
EFCAB14-AS1	EFCAB14-AS1
NTF4	NTF4
PRAMEF20;PRAMEF21	PRAMEF20;PRAMEF21
BCL11A	BCL11A
ZNF518A	ZNF518A
OTTHUMG00000158457;RP11-667F14.1	OTTHUMG00000158457;RP11-667F14.1
C1orf85	C1orf85
RNA5SP133	RNA5SP133
RBM25	RBM25
HTATIP2	HTATIP2
CTD-3118D11.3;OTTHUMG00000163662	CTD-3118D11.3;OTTHUMG00000163662
AC084809.2;OTTHUMG00000132777	AC084809.2;OTTHUMG00000132777
TSPAN8	TSPAN8
RPL27A;SNORA3	RPL27A;SNORA3
HLA-DRB4	HLA-DRB4
ZNF613	ZNF613
LOC100506288;OTTHUMG00000014226;RP11-354I10.1	LOC100506288;OTTHUMG00000014226;RP11-354I10.1
GCNT3	GCNT3
SLCO1C1	SLCO1C1
CCDC23	CCDC23
PSORS1C2	PSORS1C2
VENTXP1	VENTXP1
SACS-AS1	SACS-AS1
TESK2	TESK2
GLYATL3	GLYATL3
PISRT1	PISRT1
RNA5SP203	RNA5SP203
OTTHUMG00000015973;RP1-257A15.1	OTTHUMG00000015973;RP1-257A15.1
FAM65A	FAM65A
OTTHUMG00000161670;RP11-610P16.1	OTTHUMG00000161670;RP11-610P16.1
MIR3649	MIR3649
CTD-2340E1.2;OTTHUMG00000162774	CTD-2340E1.2;OTTHUMG00000162774
IZUMO4	IZUMO4
MTNR1A	MTNR1A
ZNF672	ZNF672
IL20RB	IL20RB
MPP4	MPP4
TOPAZ1	TOPAZ1
CEACAM8	CEACAM8
KLRB1	KLRB1
LRRC37A	LRRC37A
BCL2L2	BCL2L2
OTTHUMG00000156006;RP11-520A21.1	OTTHUMG00000156006;RP11-520A21.1
ZNRD1-AS1	ZNRD1-AS1
OR4S2	OR4S2
CCDC19	CCDC19
OTTHUMG00000017184;RP11-158A8.1	OTTHUMG00000017184;RP11-158A8.1
GPRC6A	GPRC6A
LHX8	LHX8
OTTHUMG00000010849;RP11-57H12.3	OTTHUMG00000010849;RP11-57H12.3
LOC100128164;OTTHUMG00000158728;RP11-379K17.4	LOC100128164;OTTHUMG00000158728;RP11-379K17.4
OTTHUMG00000015193;PM20D2;RP11-63L7.4	OTTHUMG00000015193;PM20D2;RP11-63L7.4
NFATC1	NFATC1
OTTHUMG00000034940;RP1-102G20.5	OTTHUMG00000034940;RP1-102G20.5
OTTHUMG00000041185;RP11-448G4.4	OTTHUMG00000041185;RP11-448G4.4
PLAC1	PLAC1
OTTHUMG00000020554;RP11-45A16.3	OTTHUMG00000020554;RP11-45A16.3
LINC00612	LINC00612
DPM2	DPM2
AL157359.4;OTTHUMG00000074549	AL157359.4;OTTHUMG00000074549
EQTN	EQTN
OTTHUMG00000022547;XXyac-YR29IB3.1	OTTHUMG00000022547;XXyac-YR29IB3.1
OTTHUMG00000010701;RP11-86H7.1	OTTHUMG00000010701;RP11-86H7.1
SMCO2	SMCO2
OTTHUMG00000041431;RP5-940F7.2	OTTHUMG00000041431;RP5-940F7.2
SPATA31B1	SPATA31B1
TGIF2LY	TGIF2LY
MMP12	MMP12
AP003025.2;OTTHUMG00000066440	AP003025.2;OTTHUMG00000066440
OTTHUMG00000164350;RP11-787D18.2	OTTHUMG00000164350;RP11-787D18.2
OTTHUMG00000013244;RP11-374M1.5	OTTHUMG00000013244;RP11-374M1.5
OTTHUMG00000040386;RP11-438F14.3	OTTHUMG00000040386;RP11-438F14.3
MIR486	MIR486
OR8J1	OR8J1
MIR548M	MIR548M
ZNF48	ZNF48
ZNF322P1	ZNF322P1
OTTHUMG00000031696;RP4-686C3.7	OTTHUMG00000031696;RP4-686C3.7
MIR1912	MIR1912
AC096772.6;OTTHUMG00000154782;PLEKHM3	AC096772.6;OTTHUMG00000154782;PLEKHM3
LOC285762	LOC285762
MIR3659	MIR3659
CLIC5	CLIC5
LY86	LY86
MPZL3	MPZL3
DUSP2	DUSP2
OTTHUMG00000162750;RP11-72L22.1	OTTHUMG00000162750;RP11-72L22.1
LOC392232	LOC392232
CAPN9	CAPN9
SLC39A8	SLC39A8
CRNN	CRNN
MIR652	MIR652
RNA5SP300	RNA5SP300
ZNF654	ZNF654
OR5V1	OR5V1
ACACB	ACACB
TMEM198	TMEM198
WDR20	WDR20
RFC1	RFC1
H2BFWT	H2BFWT
DUSP26	DUSP26
FAHD1	FAHD1
OTTHUMG00000164291;RP11-628E19.2	OTTHUMG00000164291;RP11-628E19.2
TAS2R38	TAS2R38
XKRY;XKRY2	XKRY;XKRY2
TRBV6-8	TRBV6-8
GRAPL	GRAPL
CRB3	CRB3
ASB8	ASB8
OR51A4	OR51A4
RNU7-74P	RNU7-74P
KRTAP5-11	KRTAP5-11
CCL25	CCL25
LINC00929	LINC00929
MIR942	MIR942
TMEM120A	TMEM120A
OTTHUMG00000158283;RP11-12K11.2	OTTHUMG00000158283;RP11-12K11.2
RAC2	RAC2
OTTHUMG00000018253;RP11-556E13.1	OTTHUMG00000018253;RP11-556E13.1
OTTHUMG00000002945;RP11-293F5.1	OTTHUMG00000002945;RP11-293F5.1
CCDC26	CCDC26
LOC100132356	LOC100132356
DESI1	DESI1
OTTHUMG00000041089;RP11-78B10.2	OTTHUMG00000041089;RP11-78B10.2
IQCH-AS1	IQCH-AS1
ZNF469	ZNF469
FAM170B	FAM170B
RNA5SP219	RNA5SP219
RBM45	RBM45
MT4	MT4
PRPF40B	PRPF40B
LOC100505840;OTTHUMG00000010019;RP4-665J23.2	LOC100505840;OTTHUMG00000010019;RP4-665J23.2
RNA5SP264	RNA5SP264
OR2T11	OR2T11
ARSI	ARSI
OTTHUMG00000160654;RP11-463H12.2	OTTHUMG00000160654;RP11-463H12.2
C21orf88	C21orf88
OTTHUMG00000137386;RP11-164D18.2	OTTHUMG00000137386;RP11-164D18.2
RNA5SP151	RNA5SP151
DAO	DAO
CTD-2037L6.2;OTTHUMG00000162196	CTD-2037L6.2;OTTHUMG00000162196
TYW5	TYW5
NKX3-1	NKX3-1
EFCAB6	EFCAB6
SLC22A13	SLC22A13
RNU7-84P	RNU7-84P
IGKV1-27	IGKV1-27
MIR4305	MIR4305
MTSS1L	MTSS1L
MTMR3	MTMR3
OTTHUMG00000161178;RP11-184M15.1	OTTHUMG00000161178;RP11-184M15.1
ATOH7	ATOH7
OTTHUMG00000163868;RP11-175E9.1	OTTHUMG00000163868;RP11-175E9.1
AC109309.4;OTTHUMG00000011710	AC109309.4;OTTHUMG00000011710
LOC100147773;OTTHUMG00000034703;RP11-466F5.8	LOC100147773;OTTHUMG00000034703;RP11-466F5.8
OTTHUMG00000162286;RP11-461C13.1	OTTHUMG00000162286;RP11-461C13.1
CYB5RL	CYB5RL
MIR665	MIR665
OTTHUMG00000015486;PKIB;RP11-574H13.2	OTTHUMG00000015486;PKIB;RP11-574H13.2
C1QTNF9-AS1	C1QTNF9-AS1
LINC00568	LINC00568
MIR556	MIR556
PAM16	PAM16
AP001171.1;OTTHUMG00000074606	AP001171.1;OTTHUMG00000074606
OTTHUMG00000161791;RP11-19O2.1	OTTHUMG00000161791;RP11-19O2.1
MIR1322	MIR1322
TTC9B	TTC9B
LINC00500	LINC00500
IFIT1B	IFIT1B
SLC5A5	SLC5A5
AL132796.1;OTTHUMG00000150113	AL132796.1;OTTHUMG00000150113
TBC1D29	TBC1D29
KCNMB2-IT1	KCNMB2-IT1
AC004237.1;OTTHUMG00000059736	AC004237.1;OTTHUMG00000059736
AC022201.5;OTTHUMG00000154180	AC022201.5;OTTHUMG00000154180
LINC00434	LINC00434
SRPK3	SRPK3
AC069155.1;OTTHUMG00000154841	AC069155.1;OTTHUMG00000154841
BAK1	BAK1
KLHDC7B	KLHDC7B
FBXO15	FBXO15
OTTHUMG00000020898;RP11-399H11.2	OTTHUMG00000020898;RP11-399H11.2
TFB2M	TFB2M
C7orf62	C7orf62
CCR1	CCR1
OTTHUMG00000017703;RP11-295P9.6	OTTHUMG00000017703;RP11-295P9.6
KCNG1;OTTHUMG00000134276;RP5-955M13.3	KCNG1;OTTHUMG00000134276;RP5-955M13.3
COX8C	COX8C
OTTHUMG00000158658;RP11-204J18.2	OTTHUMG00000158658;RP11-204J18.2
OR4B1	OR4B1
NLGN3	NLGN3
MIR4650-1;MIR4650-2	MIR4650-1;MIR4650-2
ACAP3	ACAP3
LY6G5C	LY6G5C
LY6G5C	LY6G5C
LY6G5C	LY6G5C
LY6G5C	LY6G5C
OTTHUMG00000162405;RP11-317O24.2	OTTHUMG00000162405;RP11-317O24.2
SDHAF1	SDHAF1
OTTHUMG00000159627;OTTHUMG00000159707;RP11-23D24.2;RP11-292E2.3	OTTHUMG00000159627;OTTHUMG00000159707;RP11-23D24.2;RP11-292E2.3
FGF20	FGF20
TBX4	TBX4
CTD-2236F14.1;OTTHUMG00000162430	CTD-2236F14.1;OTTHUMG00000162430
VENTXP7	VENTXP7
SIGLEC10	SIGLEC10
AC005550.4;OTTHUMG00000152388	AC005550.4;OTTHUMG00000152388
OTTHUMG00000032525;OTTHUMG00000032527;RP5-881L22.4;RP5-881L22.6	OTTHUMG00000032525;OTTHUMG00000032527;RP5-881L22.4;RP5-881L22.6
COPE	COPE
AC068196.1;OTTHUMG00000154203	AC068196.1;OTTHUMG00000154203
ZFY-AS1	ZFY-AS1
TCF19	TCF19
PHF1	PHF1
IGFL2	IGFL2
OTTHUMG00000161766;RP11-521E5.1	OTTHUMG00000161766;RP11-521E5.1
LOC550643;OTTHUMG00000021676;RP11-622K12.1	LOC550643;OTTHUMG00000021676;RP11-622K12.1
IL36A	IL36A
C6orf205;MUC21;OTTHUMG00000031516	C6orf205;MUC21;OTTHUMG00000031516
FAM203A;FAM203B	FAM203A;FAM203B
KRTAP19-2	KRTAP19-2
GNAT3	GNAT3
H2AFJ;HIST2H2AC	H2AFJ;HIST2H2AC
LMLN-AS1	LMLN-AS1
SMIM17	SMIM17
LOC253044	LOC253044
MIR4752	MIR4752
FRMD6-AS1	FRMD6-AS1
SMR3A	SMR3A
OTTHUMG00000164154;RP11-700E23.2	OTTHUMG00000164154;RP11-700E23.2
SRCRB4D	SRCRB4D
OTTHUMG00000017751;RP11-390B4.3	OTTHUMG00000017751;RP11-390B4.3
LOC1720	LOC1720
OTTHUMG00000019288;RP11-432J24.3	OTTHUMG00000019288;RP11-432J24.3
TBCEL	TBCEL
LOC440117	LOC440117
PITHD1	PITHD1
OTTHUMG00000041573;RP11-403I13.5	OTTHUMG00000041573;RP11-403I13.5
OTTHUMG00000164459;RP11-351E7.1	OTTHUMG00000164459;RP11-351E7.1
OTTHUMG00000016020;RP11-568A7.3	OTTHUMG00000016020;RP11-568A7.3
CCDC132	CCDC132
TIGD7	TIGD7
LOC730159;OTTHUMG00000040547;RP11-360D2.1	LOC730159;OTTHUMG00000040547;RP11-360D2.1
MIR567	MIR567
OTTHUMG00000162401;RP11-466P24.6	OTTHUMG00000162401;RP11-466P24.6
BCAP29	BCAP29
CTD-3046C4.1;OTTHUMG00000164394	CTD-3046C4.1;OTTHUMG00000164394
TRBV5-7	TRBV5-7
LINC00311	LINC00311
UGT2B10	UGT2B10
ABCC6P2	ABCC6P2
CCDC3	CCDC3
C16orf45	C16orf45
TMEM81	TMEM81
OTTHUMG00000015792;RP1-12G14.6	OTTHUMG00000015792;RP1-12G14.6
OR7A5	OR7A5
OTTHUMG00000018255;RP11-319F12.2	OTTHUMG00000018255;RP11-319F12.2
MYLK4	MYLK4
LOC440335	LOC440335
AC078851.1;OTTHUMG00000153650	AC078851.1;OTTHUMG00000153650
PPRC1	PPRC1
UBE2D4	UBE2D4
PPP1R11	PPP1R11
DAW1;WDR69	DAW1;WDR69
OTTHUMG00000158840;RP11-354H21.1	OTTHUMG00000158840;RP11-354H21.1
LYZL2	LYZL2
ZNF397	ZNF397
LOC101060193;XAGE2;XAGE2B	LOC101060193;XAGE2;XAGE2B
OTTHUMG00000041437;RP11-136B18.2	OTTHUMG00000041437;RP11-136B18.2
KRTAP7-1	KRTAP7-1
IQSEC1	IQSEC1
OTTHUMG00000018750;RP11-251A15.4;TNKS2-AS1	OTTHUMG00000018750;RP11-251A15.4;TNKS2-AS1
OTTHUMG00000014222;RP11-203H2.1	OTTHUMG00000014222;RP11-203H2.1
AC092159.2;OTTHUMG00000151378	AC092159.2;OTTHUMG00000151378
VCX;VCX2;VCX3A	VCX;VCX2;VCX3A
TEX14	TEX14
OTTHUMG00000015772;RP11-631F7.1	OTTHUMG00000015772;RP11-631F7.1
AC073928.2;OTTHUMG00000153651	AC073928.2;OTTHUMG00000153651
SAC3D1	SAC3D1
OTTHUMG00000161628;RP11-94H6.1	OTTHUMG00000161628;RP11-94H6.1
HCG17;HCG18	HCG17;HCG18
MIR559	MIR559
ADAM3A	ADAM3A
OTTHUMG00000164494;RP11-434I12.3	OTTHUMG00000164494;RP11-434I12.3
MIR548AA1;MIR548D1	MIR548AA1;MIR548D1
AC079779.6;OTTHUMG00000151365	AC079779.6;OTTHUMG00000151365
DLG1-AS1	DLG1-AS1
OTTHUMG00000160119;RP11-325B23.2	OTTHUMG00000160119;RP11-325B23.2
AC104389.16;OTTHUMG00000066679	AC104389.16;OTTHUMG00000066679
OTTHUMG00000009930;RP11-475O6.1	OTTHUMG00000009930;RP11-475O6.1
OTTHUMG00000159256;RP5-1096J16.1	OTTHUMG00000159256;RP5-1096J16.1
SURF1	SURF1
GDAP1	GDAP1
RPS26P11	RPS26P11
CXorf65	CXorf65
OTTHUMG00000129094;XXbac-BPG13B8.10	OTTHUMG00000129094;XXbac-BPG13B8.10
FICD	FICD
RTN4RL1	RTN4RL1
GRIK1	GRIK1
RASGRP2	RASGRP2
AC093690.1;LOC100505716;OTTHUMG00000151943	AC093690.1;LOC100505716;OTTHUMG00000151943
OTTHUMG00000159498;RP11-501O2.1	OTTHUMG00000159498;RP11-501O2.1
EGR3	EGR3
OTTHUMG00000129569;RP4-684O24.5	OTTHUMG00000129569;RP4-684O24.5
MIR30C1	MIR30C1
CEP250	CEP250
KRT33A	KRT33A
OTTHUMG00000017482;RP11-85G21.1	OTTHUMG00000017482;RP11-85G21.1
OR4L1	OR4L1
MST1L;MST1P9	MST1L;MST1P9
SULT6B1	SULT6B1
MYPOP	MYPOP
HSPA1A;HSPA1B	HSPA1A;HSPA1B
LDHAL6A	LDHAL6A
TTC23	TTC23
OR11L1	OR11L1
ITM2C	ITM2C
LOC100996305;OTTHUMG00000163540;RP11-242J7.1	LOC100996305;OTTHUMG00000163540;RP11-242J7.1
ARHGEF19	ARHGEF19
RNY4P15	RNY4P15
HORMAD1	HORMAD1
SMC1A	SMC1A
IMPA1P	IMPA1P
ZMYND15	ZMYND15
AC005224.2;OTTHUMG00000058809	AC005224.2;OTTHUMG00000058809
SLN	SLN
TSHZ3	TSHZ3
HCP5	HCP5
SCUBE1	SCUBE1
OTTHUMG00000031991;RP4-718D20.3	OTTHUMG00000031991;RP4-718D20.3
OTTHUMG00000066730;RP11-95K23.6	OTTHUMG00000066730;RP11-95K23.6
OR6X1	OR6X1
CCS	CCS
PEF1	PEF1
ATP8B5P	ATP8B5P
LOC100288152	LOC100288152
C6orf10	C6orf10
SPINT5P	SPINT5P
OTTHUMG00000151191;RP4-742C19.12	OTTHUMG00000151191;RP4-742C19.12
HRC	HRC
TCP10;TCP10L2	TCP10;TCP10L2
OR13F1	OR13F1
ATXN7L3	ATXN7L3
USP53	USP53
RPL3L	RPL3L
TUBA3E	TUBA3E
KRT14	KRT14
AC116035.1;OTTHUMG00000155731	AC116035.1;OTTHUMG00000155731
NOX1	NOX1
GYPE	GYPE
AC009518.4;AC009518.5;OTTHUMG00000155053;OTTHUMG00000155199	AC009518.4;AC009518.5;OTTHUMG00000155053;OTTHUMG00000155199
FAM120C	FAM120C
OTTHUMG00000159257;RP5-1002M8.4	OTTHUMG00000159257;RP5-1002M8.4
NEUROD2	NEUROD2
VN1R1	VN1R1
AC116609.1;OTTHUMG00000151379	AC116609.1;OTTHUMG00000151379
OTTHUMG00000010944;RP11-411H5.1	OTTHUMG00000010944;RP11-411H5.1
AC068490.2;OTTHUMG00000151808	AC068490.2;OTTHUMG00000151808
CRCT1	CRCT1
AC068831.3;OTTHUMG00000141259	AC068831.3;OTTHUMG00000141259
MIR299	MIR299
CEACAM1	CEACAM1
RNY4P1	RNY4P1
OTTHUMG00000018646;RP11-475D12.2	OTTHUMG00000018646;RP11-475D12.2
HSPA1A;HSPA1B	HSPA1A;HSPA1B
ROBO2	ROBO2
OTTHUMG00000010648;RP11-148B18.1	OTTHUMG00000010648;RP11-148B18.1
MS4A4E	MS4A4E
ATG4C	ATG4C
C15orf57;MRPL42P5	C15orf57;MRPL42P5
OR2B3	OR2B3
LOC100507439;OTTHUMG00000163996;RP11-150O12.1	LOC100507439;OTTHUMG00000163996;RP11-150O12.1
MIR3183	MIR3183
PNMA6A;PNMA6B;PNMA6C;PNMA6D	PNMA6A;PNMA6B;PNMA6C;PNMA6D
AC018730.3;AC018730.4;LOC100128131;OTTHUMG00000153064;OTTHUMG00000153068	AC018730.3;AC018730.4;LOC100128131;OTTHUMG00000153064;OTTHUMG00000153068
OTTHUMG00000085065;XXbac-BPG308J9.3	OTTHUMG00000085065;XXbac-BPG308J9.3
OTTHUMG00000085770;XXbac-BPG308J9.3	OTTHUMG00000085770;XXbac-BPG308J9.3
OTTHUMG00000148859;XXbac-BPG308J9.3	OTTHUMG00000148859;XXbac-BPG308J9.3
OTTHUMG00000149138;XXbac-BPG308J9.3	OTTHUMG00000149138;XXbac-BPG308J9.3
OTTHUMG00000085948;XXbac-BPG308J9.3	OTTHUMG00000085948;XXbac-BPG308J9.3
TBC1D4-AS1	TBC1D4-AS1
PIK3R5	PIK3R5
FASLG	FASLG
ZDHHC5	ZDHHC5
RERGL	RERGL
SH3GL1	SH3GL1
OTTHUMG00000161740;RP11-424M21.1	OTTHUMG00000161740;RP11-424M21.1
BMPR1APS2	BMPR1APS2
SLC52A3	SLC52A3
METTL15	METTL15
FAM58BP	FAM58BP
OTTHUMG00000039651;RP11-35L17.3	OTTHUMG00000039651;RP11-35L17.3
ROPN1L-AS1	ROPN1L-AS1
OR3A2	OR3A2
MPPED2	MPPED2
DYRK1A	DYRK1A
PODNL1	PODNL1
MORN1	MORN1
AC010127.5;LOC100506134;OTTHUMG00000154082	AC010127.5;LOC100506134;OTTHUMG00000154082
OR5D13	OR5D13
KRT223P	KRT223P
OTTHUMG00000000405;RP11-255A11.21	OTTHUMG00000000405;RP11-255A11.21
PCP4L1	PCP4L1
CXXC1P1	CXXC1P1
USP46-AS1	USP46-AS1
GP2	GP2
CTA-280A3__B.2;OTTHUMG00000150320	CTA-280A3__B.2;OTTHUMG00000150320
SNORA74B	SNORA74B
PRRT3	PRRT3
OTTHUMG00000163660;RP11-10A14.4	OTTHUMG00000163660;RP11-10A14.4
CD53	CD53
OTTHUMG00000039911;RP11-177F11.1	OTTHUMG00000039911;RP11-177F11.1
AC010090.1;OTTHUMG00000153876	AC010090.1;OTTHUMG00000153876
OTTHUMG00000041238;OTTHUMG00000041239;RP11-216N14.8;RP11-216N14.9	OTTHUMG00000041238;OTTHUMG00000041239;RP11-216N14.8;RP11-216N14.9
LOC100286922	LOC100286922
FKTN	FKTN
DEFB108B	DEFB108B
OR6C68	OR6C68
LOC100506684	LOC100506684
CST11	CST11
OTTHUMG00000160309;RP11-217E13.1	OTTHUMG00000160309;RP11-217E13.1
FAM90A5P	FAM90A5P
IFITM4P	IFITM4P
KLHL9	KLHL9
LOC340107;OTTHUMG00000161889;RP11-730N24.1	LOC340107;OTTHUMG00000161889;RP11-730N24.1
SPRTN	SPRTN
SLC2A7	SLC2A7
ADAM6	ADAM6
HACE1	HACE1
OTTHUMG00000156272;RP5-905H7.9	OTTHUMG00000156272;RP5-905H7.9
MYOM2	MYOM2
OTTHUMG00000000497;RP11-233E12.1	OTTHUMG00000000497;RP11-233E12.1
AC079630.2;OTTHUMG00000059745	AC079630.2;OTTHUMG00000059745
OTTHUMG00000000646;RP1-37J18.1	OTTHUMG00000000646;RP1-37J18.1
RNA5SP505	RNA5SP505
SHANK2	SHANK2
SLITRK5	SLITRK5
PAPSS1	PAPSS1
OTTHUMG00000031681;RP5-968J1.1	OTTHUMG00000031681;RP5-968J1.1
LINC00854;TMEM106A-AS1	LINC00854;TMEM106A-AS1
GJE1	GJE1
JSRP1	JSRP1
OTTHUMG00000032591;RP3-461P17.9	OTTHUMG00000032591;RP3-461P17.9
FBXL22	FBXL22
OTTHUMG00000018169;RP11-13E1.5	OTTHUMG00000018169;RP11-13E1.5
AC016751.2;OTTHUMG00000154111	AC016751.2;OTTHUMG00000154111
FAM71D	FAM71D
OTTHUMG00000036134;RP11-565N2.2	OTTHUMG00000036134;RP11-565N2.2
RASSF3	RASSF3
CD7	CD7
RNA5SP27	RNA5SP27
LOC100505835	LOC100505835
OTTHUMG00000148992;XXbac-BPG296P20.14	OTTHUMG00000148992;XXbac-BPG296P20.14
OTTHUMG00000039775;RP11-375A5.1	OTTHUMG00000039775;RP11-375A5.1
TP53AIP1	TP53AIP1
VARS	VARS
CLDN9	CLDN9
MIR550A2;MIR550B2	MIR550A2;MIR550B2
PRR7	PRR7
OTTHUMG00000164895;RP11-67H2.1	OTTHUMG00000164895;RP11-67H2.1
OTTHUMG00000162359;RP11-5P22.3	OTTHUMG00000162359;RP11-5P22.3
DGUOK	DGUOK
SNORA58	SNORA58
CTD-2373N4.5;OTTHUMG00000163935	CTD-2373N4.5;OTTHUMG00000163935
C19orf77	C19orf77
C5AR2	C5AR2
MIR3920	MIR3920
OR10G7	OR10G7
TRIM55	TRIM55
AC067961.1;OTTHUMG00000153466	AC067961.1;OTTHUMG00000153466
GABBR2	GABBR2
MIR4746;UBXN6	MIR4746;UBXN6
AC018799.1;OTTHUMG00000154350	AC018799.1;OTTHUMG00000154350
OTTHUMG00000134296;RP5-1022J11.2	OTTHUMG00000134296;RP5-1022J11.2
RPGRIP1L	RPGRIP1L
TTLL8	TTLL8
TEX101	TEX101
CTB-37A13.1;OTTHUMG00000163084	CTB-37A13.1;OTTHUMG00000163084
CBX3P4	CBX3P4
CNN1	CNN1
OTTHUMG00000163740;RP11-386D6.1	OTTHUMG00000163740;RP11-386D6.1
OTTHUMG00000159320;RP11-572C15.5	OTTHUMG00000159320;RP11-572C15.5
OR5AP2	OR5AP2
MIR516B1	MIR516B1
OTTHUMG00000160013;RP11-367J11.4	OTTHUMG00000160013;RP11-367J11.4
CYP2W1	CYP2W1
ZNF525	ZNF525
AC108488.4;LOC100506014;OTTHUMG00000151418	AC108488.4;LOC100506014;OTTHUMG00000151418
AC073257.2;OTTHUMG00000155117	AC073257.2;OTTHUMG00000155117
DAQB-12N14.5;LOC100507362;OTTHUMG00000129095	DAQB-12N14.5;LOC100507362;OTTHUMG00000129095
OR5D16	OR5D16
OTTHUMG00000164247;RP11-110G21.1	OTTHUMG00000164247;RP11-110G21.1
FEZ1	FEZ1
ALOX5AP	ALOX5AP
LINC00263	LINC00263
RNA5SP222	RNA5SP222
RNASE9	RNASE9
OR6K6	OR6K6
MIR607	MIR607
KRTAP12-3	KRTAP12-3
LINC00865;OTTHUMG00000018726;RP11-248C1.2	LINC00865;OTTHUMG00000018726;RP11-248C1.2
FAM122A	FAM122A
STAG3L2;STAG3L3	STAG3L2;STAG3L3
AC096574.4;LOC643387;OTTHUMG00000133338	AC096574.4;LOC643387;OTTHUMG00000133338
TERF1P5	TERF1P5
AC000111.6;OTTHUMG00000133661	AC000111.6;OTTHUMG00000133661
ZNF543	ZNF543
OTTHUMG00000019591;RP11-62F24.2	OTTHUMG00000019591;RP11-62F24.2
MIR4716	MIR4716
OTTHUMG00000031855;RP5-986I17.2	OTTHUMG00000031855;RP5-986I17.2
FSD1L	FSD1L
CROCCP2	CROCCP2
OTTHUMG00000015555;RP11-73O6.3	OTTHUMG00000015555;RP11-73O6.3
C7orf13	C7orf13
OTTHUMG00000015418;RP3-399L15.1	OTTHUMG00000015418;RP3-399L15.1
OTTHUMG00000016470;RP11-442J17.3	OTTHUMG00000016470;RP11-442J17.3
OTTHUMG00000014129;RP1-90J20.8	OTTHUMG00000014129;RP1-90J20.8
FAM124B	FAM124B
AC079922.3;FLJ42351;OTTHUMG00000153299	AC079922.3;FLJ42351;OTTHUMG00000153299
FAM167A	FAM167A
OTTHUMG00000164854;RP11-473O4.3	OTTHUMG00000164854;RP11-473O4.3
MIR4657;PURB	MIR4657;PURB
ACYP1	ACYP1
RNA5SP477	RNA5SP477
SBF1	SBF1
C6orf100	C6orf100
C6orf100	C6orf100
C6orf100	C6orf100
MTMR9	MTMR9
OTTHUMG00000156394;RP11-30O15.1	OTTHUMG00000156394;RP11-30O15.1
USP30	USP30
LOC100130238	LOC100130238
STK4-AS1	STK4-AS1
NAALADL2-AS3	NAALADL2-AS3
PEA15	PEA15
PPBP	PPBP
MIR4423	MIR4423
VWC2L	VWC2L
PIN4P1	PIN4P1
CTAGE11P	CTAGE11P
OTTHUMG00000161221;RP11-192C21.2	OTTHUMG00000161221;RP11-192C21.2
LOC100132354	LOC100132354
AC096732.2;OTTHUMG00000155267	AC096732.2;OTTHUMG00000155267
MIR1-2;MIR133A1	MIR1-2;MIR133A1
CHIA	CHIA
CTB-7E3.1;OTTHUMG00000162904	CTB-7E3.1;OTTHUMG00000162904
LINC00940	LINC00940
FLJ21408	FLJ21408
LINC00487	LINC00487
RNA5SP419	RNA5SP419
TYR	TYR
MIF4GD	MIF4GD
ZNF581	ZNF581
VARS	VARS
SIDT1	SIDT1
KCNIP4-IT1	KCNIP4-IT1
CDC42BPG	CDC42BPG
SPAG5-AS1	SPAG5-AS1
KRBOX1	KRBOX1
GYLTL1B	GYLTL1B
HLA-DQB2	HLA-DQB2
HLA-DQB2	HLA-DQB2
UCHL3	UCHL3
PNRC1	PNRC1
AC008592.7;OTTHUMG00000162822	AC008592.7;OTTHUMG00000162822
LGI2	LGI2
RSPH9	RSPH9
POLR2J4	POLR2J4
LINC00479	LINC00479
OTTHUMG00000160705;RP11-460H9.1	OTTHUMG00000160705;RP11-460H9.1
ZNF77	ZNF77
OR3A3	OR3A3
GIMAP2	GIMAP2
LINC00609	LINC00609
OTTHUMG00000018479;RP11-574K11.5	OTTHUMG00000018479;RP11-574K11.5
KRT6A	KRT6A
LINC00297	LINC00297
GAGE12B;GAGE12F;GAGE12G;GAGE12I;GAGE2A;GAGE2C;GAGE2E;GAGE4;GAGE5;GAGE7;GAGE8	GAGE12B;GAGE12F;GAGE12G;GAGE12I;GAGE2A;GAGE2C;GAGE2E;GAGE4;GAGE5;GAGE7;GAGE8
PLEKHG6	PLEKHG6
OTTHUMG00000164558;RP11-48D4.2	OTTHUMG00000164558;RP11-48D4.2
PBX1	PBX1
MIR1468	MIR1468
IL3RA	IL3RA
USP4	USP4
GLYCTK	GLYCTK
OTTHUMG00000161626;RP11-84N19.1	OTTHUMG00000161626;RP11-84N19.1
OTTHUMG00000016605;RP11-165I9.8	OTTHUMG00000016605;RP11-165I9.8
DPT	DPT
OTTHUMG00000017155;RP11-531P20.1	OTTHUMG00000017155;RP11-531P20.1
RNA5SP441	RNA5SP441
AC008060.5;OTTHUMG00000151347	AC008060.5;OTTHUMG00000151347
KIAA1598	KIAA1598
RNA5SP467	RNA5SP467
OTTHUMG00000156937;U73166.2	OTTHUMG00000156937;U73166.2
OTTHUMG00000161489;RP11-635L1.3	OTTHUMG00000161489;RP11-635L1.3
SH2D2A	SH2D2A
SAMD11	SAMD11
BPIFB1	BPIFB1
LOC100996456;OTTHUMG00000158500;RP11-298O21.3	LOC100996456;OTTHUMG00000158500;RP11-298O21.3
AC109333.10;OTTHUMG00000132924	AC109333.10;OTTHUMG00000132924
USP33	USP33
VARS	VARS
VARS	VARS
DUX2;DUX4;DUX4L2;DUX4L3;DUX4L5;DUX4L6;DUX4L7;LOC100288355;LOC100288398;LOC100288433;LOC100288494;LOC100288593;LOC100288657	DUX2;DUX4;DUX4L2;DUX4L3;DUX4L5;DUX4L6;DUX4L7;LOC100288355;LOC100288398;LOC100288433;LOC100288494;LOC100288593;LOC100288657
CYP2C18	CYP2C18
LOC100996663	LOC100996663
OTTHUMG00000162984;RP11-166A12.1	OTTHUMG00000162984;RP11-166A12.1
OTTHUMG00000161531;RP11-312A15.2	OTTHUMG00000161531;RP11-312A15.2
OTTHUMG00000014193;RP3-470L22.1	OTTHUMG00000014193;RP3-470L22.1
ASPDH	ASPDH
CTAGE15;CTAGE4;CTAGE6;CTAGE8	CTAGE15;CTAGE4;CTAGE6;CTAGE8
LOC100133251	LOC100133251
LOC100133251	LOC100133251
STT3A-AS1	STT3A-AS1
LOC100507484	LOC100507484
LOC100287846	LOC100287846
LRRN4	LRRN4
OTTHUMG00000164197;RP11-567J20.3	OTTHUMG00000164197;RP11-567J20.3
LINC00366	LINC00366
PITX1	PITX1
C17orf70	C17orf70
AL022341.3;OTTHUMG00000048041	AL022341.3;OTTHUMG00000048041
AF064860.7;OTTHUMG00000086723	AF064860.7;OTTHUMG00000086723
KIAA1210	KIAA1210
POU2AF1	POU2AF1
DPH3P1;TCFL5	DPH3P1;TCFL5
TOP1P1	TOP1P1
PPP1R3C	PPP1R3C
LOC100287225	LOC100287225
OR2V2	OR2V2
DAPL1	DAPL1
NTRK1	NTRK1
OTTHUMG00000163982;RP11-419C23.1	OTTHUMG00000163982;RP11-419C23.1
RNA5SP501	RNA5SP501
GAGE12B;GAGE12C;GAGE12D;GAGE12H	GAGE12B;GAGE12C;GAGE12D;GAGE12H
C1orf146	C1orf146
OTTHUMG00000161631;RP11-121L11.3	OTTHUMG00000161631;RP11-121L11.3
AC006042.7;OTTHUMG00000152017	AC006042.7;OTTHUMG00000152017
UBE2I	UBE2I
AC007349.4;OTTHUMG00000154946	AC007349.4;OTTHUMG00000154946
LOC554174;OTTHUMG00000150444;RP6-109B7.2	LOC554174;OTTHUMG00000150444;RP6-109B7.2
OR3A4P	OR3A4P
SPG20	SPG20
LCA5L	LCA5L
SIGLEC9	SIGLEC9
LOC100289495	LOC100289495
LOC730227;OTTHUMG00000035835;RP11-134P9.1	LOC730227;OTTHUMG00000035835;RP11-134P9.1
OTTHUMG00000031808;RP5-1022P6.4	OTTHUMG00000031808;RP5-1022P6.4
LOC100505718;OTTHUMG00000164460;RP11-600K15.1	LOC100505718;OTTHUMG00000164460;RP11-600K15.1
MIR1302-10;MIR1302-11;MIR1302-2;MIR1302-9;OTTHUMG00000000959;RP11-34P13.3	MIR1302-10;MIR1302-11;MIR1302-2;MIR1302-9;OTTHUMG00000000959;RP11-34P13.3
TUSC1	TUSC1
DKFZp566F0947	DKFZp566F0947
HFE	HFE
MIR4670	MIR4670
OTTHUMG00000008925;RP11-334A14.8	OTTHUMG00000008925;RP11-334A14.8
IFNB1	IFNB1
MIR4773-2	MIR4773-2
FCER1A	FCER1A
AC142119.1;OTTHUMG00000151742	AC142119.1;OTTHUMG00000151742
RP9	RP9
AC091878.1;LOC285696;OTTHUMG00000131059	AC091878.1;LOC285696;OTTHUMG00000131059
IP6K3	IP6K3
CISD3	CISD3
GDF10	GDF10
NMNAT3	NMNAT3
PRAMEF10	PRAMEF10
CCDC144A	CCDC144A
SLC25A18	SLC25A18
LIN52	LIN52
SLC26A5	SLC26A5
OTTHUMG00000162637;RP11-79P5.8	OTTHUMG00000162637;RP11-79P5.8
LINC00161	LINC00161
TCTE1	TCTE1
TRBV6-7	TRBV6-7
MAP3K9	MAP3K9
OTTHUMG00000161869;RP11-321E2.4	OTTHUMG00000161869;RP11-321E2.4
AP001059.5;OTTHUMG00000086917	AP001059.5;OTTHUMG00000086917
UGT2A1;UGT2A2	UGT2A1;UGT2A2
OTTHUMG00000015653;RP11-204P2.3	OTTHUMG00000015653;RP11-204P2.3
FMO5;LOC101060372	FMO5;LOC101060372
CSN1S2AP	CSN1S2AP
SMG6	SMG6
IGHG4	IGHG4
C2orf78	C2orf78
OTTHUMG00000019540;RP11-29B9.1	OTTHUMG00000019540;RP11-29B9.1
RNA5SP369	RNA5SP369
OTTHUMG00000157467;RP5-842K16.1	OTTHUMG00000157467;RP5-842K16.1
SPINK13	SPINK13
AC018755.11;FLJ30403;OTTHUMG00000164405	AC018755.11;FLJ30403;OTTHUMG00000164405
NAGA	NAGA
RNF151	RNF151
OTTHUMG00000018331;RP11-344A5.1	OTTHUMG00000018331;RP11-344A5.1
CCDC162P	CCDC162P
OR5M1	OR5M1
TCHHL1	TCHHL1
NEBL-AS1	NEBL-AS1
OTTHUMG00000161622;RP11-704M14.1	OTTHUMG00000161622;RP11-704M14.1
AC021188.4;OTTHUMG00000155228	AC021188.4;OTTHUMG00000155228
WDR16	WDR16
C1RL-AS1	C1RL-AS1
TMEM190	TMEM190
SAP30L	SAP30L
OTTHUMG00000163994;RP11-675F6.4	OTTHUMG00000163994;RP11-675F6.4
TRBV7-6	TRBV7-6
AC104088.1;OTTHUMG00000154230	AC104088.1;OTTHUMG00000154230
RNA5SP69	RNA5SP69
LOC100506465	LOC100506465
MIR891B	MIR891B
LOC100505495	LOC100505495
OTTHUMG00000150805;XXbac-B135H6.15	OTTHUMG00000150805;XXbac-B135H6.15
HDHD3	HDHD3
C16orf82	C16orf82
PTPN5	PTPN5
OTTHUMG00000041461;RP11-384C4.7	OTTHUMG00000041461;RP11-384C4.7
APOM	APOM
LOC101060264;OTTHUMG00000014680;RP11-328M4.2	LOC101060264;OTTHUMG00000014680;RP11-328M4.2
OTTHUMG00000019024;RP11-655H13.2	OTTHUMG00000019024;RP11-655H13.2
NLGN4X	NLGN4X
CACNA2D3-AS1	CACNA2D3-AS1
OR4C46	OR4C46
AC093726.4;LOC100128264;OTTHUMG00000151326	AC093726.4;LOC100128264;OTTHUMG00000151326
AC023669.1;OTTHUMG00000155424	AC023669.1;OTTHUMG00000155424
AP001628.6;OTTHUMG00000086824	AP001628.6;OTTHUMG00000086824
ERC2-IT1	ERC2-IT1
GSC2	GSC2
NECAB3	NECAB3
UROD	UROD
OTTHUMG00000032669;RP1-148H17.1	OTTHUMG00000032669;RP1-148H17.1
FAM157A;FAM157B;FAM157C;LOC100132858	FAM157A;FAM157B;FAM157C;LOC100132858
ORAOV1	ORAOV1
ACD	ACD
OTTHUMG00000017561;RP11-298E9.5	OTTHUMG00000017561;RP11-298E9.5
NAPA-AS1	NAPA-AS1
BCHE	BCHE
C17orf99	C17orf99
QDPR	QDPR
NTSR1	NTSR1
HLA-DQA1	HLA-DQA1
HLA-DQA1	HLA-DQA1
ADAM30	ADAM30
OTTHUMG00000003875;RP11-73M7.1	OTTHUMG00000003875;RP11-73M7.1
OR6C3	OR6C3
C6orf136	C6orf136
BBS2	BBS2
LOC100996251;OTTHUMG00000012130;RP11-31F15.2	LOC100996251;OTTHUMG00000012130;RP11-31F15.2
CERS3	CERS3
OTTHUMG00000015137;RP11-30P6.6	OTTHUMG00000015137;RP11-30P6.6
GCSAM	GCSAM
HSPA1A;HSPA1B	HSPA1A;HSPA1B
OTTHUMG00000022736;RP11-180D21.3	OTTHUMG00000022736;RP11-180D21.3
AC017074.1;OTTHUMG00000153381	AC017074.1;OTTHUMG00000153381
IRGC	IRGC
LINC00484	LINC00484
MCIDAS;MCIN	MCIDAS;MCIN
RNA5SP18	RNA5SP18
CTB-11I22.1;OTTHUMG00000163512	CTB-11I22.1;OTTHUMG00000163512
TTC38	TTC38
MIR4694	MIR4694
HOXC-AS5	HOXC-AS5
MIR610	MIR610
LOC284395	LOC284395
RIMS1	RIMS1
OTTHUMG00000160933;RP11-1258F18.1	OTTHUMG00000160933;RP11-1258F18.1
OTTHUMG00000164617;RP11-594N15.2	OTTHUMG00000164617;RP11-594N15.2
ALDH5A1	ALDH5A1
SNORD96B	SNORD96B
IFNA1	IFNA1
OTTHUMG00000164816;RP11-574O7.1	OTTHUMG00000164816;RP11-574O7.1
ARHGEF3-AS1	ARHGEF3-AS1
OTTHUMG00000156257;RP11-70C1.1	OTTHUMG00000156257;RP11-70C1.1
SLC6A4	SLC6A4
SDCCAG3P1	SDCCAG3P1
WDR59	WDR59
S100A12	S100A12
AGR2	AGR2
LINC00574	LINC00574
FUT7	FUT7
CIDEB	CIDEB
STAC	STAC
OTTHUMG00000009216;RP11-424D14.1	OTTHUMG00000009216;RP11-424D14.1
AC073130.1;OTTHUMG00000066051	AC073130.1;OTTHUMG00000066051
AKR7A2P1	AKR7A2P1
ELANE	ELANE
ITPKA	ITPKA
AQP1;FAM188B;INMT;INMT-FAM188B	AQP1;FAM188B;INMT;INMT-FAM188B
MUC22;OTTHUMG00000004831;XXbac-BPG118E17.9	MUC22;OTTHUMG00000004831;XXbac-BPG118E17.9
LOC100507034;PITRM1-AS1	LOC100507034;PITRM1-AS1
OTTHUMG00000041229;RP11-412H9.2	OTTHUMG00000041229;RP11-412H9.2
ANKRD26P1	ANKRD26P1
RNU5E-9P	RNU5E-9P
CTC-458G6.2;OTTHUMG00000162626	CTC-458G6.2;OTTHUMG00000162626
MIR4672	MIR4672
DAQB-12N14.5;LOC100507362;OTTHUMG00000065812	DAQB-12N14.5;LOC100507362;OTTHUMG00000065812
DAQB-12N14.5;LOC100507362;OTTHUMG00000149413	DAQB-12N14.5;LOC100507362;OTTHUMG00000149413
OTTHUMG00000150299;RP1-29C18.8	OTTHUMG00000150299;RP1-29C18.8
OR4C13	OR4C13
LOC728724;OTTHUMG00000164846;RP11-1057N3.1	LOC728724;OTTHUMG00000164846;RP11-1057N3.1
ZNF611	ZNF611
HSPB9	HSPB9
RNY1P3	RNY1P3
TP53I11	TP53I11
SFXN5	SFXN5
LOC389603	LOC389603
OR2AT4	OR2AT4
OTTHUMG00000158757;RP11-290K4.2	OTTHUMG00000158757;RP11-290K4.2
LINC00708	LINC00708
OR10R2	OR10R2
RNY4P28	RNY4P28
LINC00273	LINC00273
CACNA1C-AS2	CACNA1C-AS2
C11orf89	C11orf89
OTTHUMG00000001220;RP4-549F15.1	OTTHUMG00000001220;RP4-549F15.1
OTOP3	OTOP3
LOC100507166	LOC100507166
FAM206A	FAM206A
SPINT4	SPINT4
OTTHUMG00000153548;RP11-393J16.4	OTTHUMG00000153548;RP11-393J16.4
UNC79	UNC79
OTTHUMG00000160140;RP11-13L2.2	OTTHUMG00000160140;RP11-13L2.2
DGAT2	DGAT2
LRRC48	LRRC48
UTP6	UTP6
RECQL4	RECQL4
CRISPLD1	CRISPLD1
ATOH1	ATOH1
PITX2	PITX2
S100A14	S100A14
AC114730.3;OTTHUMG00000151448	AC114730.3;OTTHUMG00000151448
LINC00251	LINC00251
MIR4797	MIR4797
AC106874.1;OTTHUMG00000152874	AC106874.1;OTTHUMG00000152874
GPR128	GPR128
LINC00499	LINC00499
TPST2	TPST2
FLJ37505	FLJ37505
AC098872.3;OTTHUMG00000154310	AC098872.3;OTTHUMG00000154310
FSCB	FSCB
OTTHUMG00000037769;RP11-84A14.5	OTTHUMG00000037769;RP11-84A14.5
SPO11	SPO11
MAGEB3	MAGEB3
TCF19	TCF19
MUC1	MUC1
RNA5SP147	RNA5SP147
AC096570.2;OTTHUMG00000151815	AC096570.2;OTTHUMG00000151815
SAPCD2	SAPCD2
TRPM6	TRPM6
LOC284344	LOC284344
CTD-2373N4.3;OTTHUMG00000163910	CTD-2373N4.3;OTTHUMG00000163910
HNF4A	HNF4A
LOC100506122;OTTHUMG00000160875;RP11-344G13.1	LOC100506122;OTTHUMG00000160875;RP11-344G13.1
WDR90	WDR90
RNY4P10	RNY4P10
IFT57	IFT57
KRT121P	KRT121P
OTTHUMG00000150321;RP11-191L9.4	OTTHUMG00000150321;RP11-191L9.4
CAV3	CAV3
SLU7	SLU7
LPPR5;OTTHUMG00000010738	LPPR5;OTTHUMG00000010738
KRTAP5-7	KRTAP5-7
OR11A1	OR11A1
AC007036.5;C7orf41;OTTHUMG00000152759	AC007036.5;C7orf41;OTTHUMG00000152759
ANKRD49	ANKRD49
LCE1F	LCE1F
AC114813.1;OTTHUMG00000153386	AC114813.1;OTTHUMG00000153386
CNIH2	CNIH2
LPXN	LPXN
TPT1	TPT1
BTBD6	BTBD6
RNY1P2	RNY1P2
RNY3	RNY3
AATK	AATK
ZBTB26	ZBTB26
AC010890.1;OTTHUMG00000153495	AC010890.1;OTTHUMG00000153495
SULT1B1	SULT1B1
MIR3199-1	MIR3199-1
PSORS1C2	PSORS1C2
PSORS1C2	PSORS1C2
RRAGA	RRAGA
OTTHUMG00000038014;RP11-443B7.1	OTTHUMG00000038014;RP11-443B7.1
TMEM68	TMEM68
PPP1R14D	PPP1R14D
OTTHUMG00000164806;RP11-778D12.2	OTTHUMG00000164806;RP11-778D12.2
UQCRB	UQCRB
AC104695.3;FLJ31356;OTTHUMG00000151946	AC104695.3;FLJ31356;OTTHUMG00000151946
OTTHUMG00000024005;RP11-404F10.2	OTTHUMG00000024005;RP11-404F10.2
CTA-796E4.3;OTTHUMG00000151344	CTA-796E4.3;OTTHUMG00000151344
PVRIG	PVRIG
AC064871.3;OTTHUMG00000154238	AC064871.3;OTTHUMG00000154238
MAGI3	MAGI3
EIF4E3	EIF4E3
LOC100128239	LOC100128239
COX6C	COX6C
KB-1615E4.3;OTTHUMG00000164723	KB-1615E4.3;OTTHUMG00000164723
COPS7B	COPS7B
ANKFN1	ANKFN1
MIR513B	MIR513B
OTTHUMG00000032757;RP4-583K8.1	OTTHUMG00000032757;RP4-583K8.1
BCL2L14	BCL2L14
OTTHUMG00000160713;RP11-404J23.1	OTTHUMG00000160713;RP11-404J23.1
MIR4789	MIR4789
FPGT;FPGT-TNNI3K;TNNI3K	FPGT;FPGT-TNNI3K;TNNI3K
GAGE13;GAGE2A;GAGE2E;GAGE8	GAGE13;GAGE2A;GAGE2E;GAGE8
OTTHUMG00000013955;RP11-353N4.5	OTTHUMG00000013955;RP11-353N4.5
AGTR2	AGTR2
METTL2B	METTL2B
OTTHUMG00000020974;RP11-229P13.22	OTTHUMG00000020974;RP11-229P13.22
C2orf66	C2orf66
LPP-AS1	LPP-AS1
RAB39B	RAB39B
ARL2BP	ARL2BP
ANKRD1	ANKRD1
A2MP1	A2MP1
AC010975.1;OTTHUMG00000152910	AC010975.1;OTTHUMG00000152910
RNU7-64P	RNU7-64P
FGD3	FGD3
SLC17A1	SLC17A1
ASAP1-IT1	ASAP1-IT1
IFITM1	IFITM1
OTTHUMG00000164046;RP11-470M17.2	OTTHUMG00000164046;RP11-470M17.2
OTTHUMG00000163179;RP11-826N14.1	OTTHUMG00000163179;RP11-826N14.1
ARHGAP28	ARHGAP28
AADACL2	AADACL2
LOC100505776	LOC100505776
OR5H1	OR5H1
MINOS1-NBL1;NBL1	MINOS1-NBL1;NBL1
GPR18	GPR18
OTTHUMG00000164125;RP11-431D12.1	OTTHUMG00000164125;RP11-431D12.1
CXCR2P1	CXCR2P1
VARS	VARS
FBXL15	FBXL15
MIR629	MIR629
RNF5;RNF5P1	RNF5;RNF5P1
OTTHUMG00000016997;RP11-538C21.1	OTTHUMG00000016997;RP11-538C21.1
NF1P2	NF1P2
TNK1	TNK1
GOLGA6L2	GOLGA6L2
ACAA1;AP006309.4;OTTHUMG00000155978	ACAA1;AP006309.4;OTTHUMG00000155978
OTTHUMG00000015823;RP11-136K14.3	OTTHUMG00000015823;RP11-136K14.3
ZC3H12D	ZC3H12D
VARS	VARS
SAV1	SAV1
OTTHUMG00000020116;RP11-380F14.2	OTTHUMG00000020116;RP11-380F14.2
HSFY1P1	HSFY1P1
AC022007.5;LOC401052;OTTHUMG00000155325	AC022007.5;LOC401052;OTTHUMG00000155325
AC008074.3;OTTHUMG00000152670	AC008074.3;OTTHUMG00000152670
PKNOX1	PKNOX1
SNORA38	SNORA38
SNORA38	SNORA38
SNORA38	SNORA38
SNORA38	SNORA38
SNORA38	SNORA38
PAX1	PAX1
MIR548AJ2	MIR548AJ2
RNASE2	RNASE2
WDR52-AS1	WDR52-AS1
MAP3K15	MAP3K15
TOP3A	TOP3A
FLJ14082	FLJ14082
RASIP1	RASIP1
ANKRD16	ANKRD16
OTTHUMG00000041351;RP5-1065P14.2	OTTHUMG00000041351;RP5-1065P14.2
OTTHUMG00000036359;RP1-272L16.1	OTTHUMG00000036359;RP1-272L16.1
ARL4A	ARL4A
OTTHUMG00000160238;RP11-366H4.3	OTTHUMG00000160238;RP11-366H4.3
CTA-299D3.8;LOC284933;OTTHUMG00000150309	CTA-299D3.8;LOC284933;OTTHUMG00000150309
RNA5SP280	RNA5SP280
SORCS3	SORCS3
SH2D7	SH2D7
CORO2A	CORO2A
USHBP1	USHBP1
LOC100129935	LOC100129935
POT1	POT1
LINC00158	LINC00158
SNAR-I	SNAR-I
ZMPSTE24	ZMPSTE24
C9orf50	C9orf50
LINC00840	LINC00840
ABCD3	ABCD3
BEST4	BEST4
RNA5SP504	RNA5SP504
ADRB2	ADRB2
PLAGL1	PLAGL1
AC002064.5;OTTHUMG00000063284	AC002064.5;OTTHUMG00000063284
MIR522	MIR522
OTTHUMG00000164340;RP11-705O24.2	OTTHUMG00000164340;RP11-705O24.2
OTTHUMG00000017651;RP11-428L9.2	OTTHUMG00000017651;RP11-428L9.2
TSGA13	TSGA13
OTTHUMG00000161198;RP11-419L4.1	OTTHUMG00000161198;RP11-419L4.1
TAB2	TAB2
MYO1C	MYO1C
OR1D2	OR1D2
LOC645638	LOC645638
AC079630.4;OTTHUMG00000133699	AC079630.4;OTTHUMG00000133699
SYT1	SYT1
MIR4268	MIR4268
LOC284379	LOC284379
RNY5P4	RNY5P4
FHL5	FHL5
LOC100128714	LOC100128714
STX11	STX11
OTTHUMG00000156955;U73167.7	OTTHUMG00000156955;U73167.7
FAM220BP	FAM220BP
IFRD2	IFRD2
TCEB3	TCEB3
OTTHUMG00000163661;RP11-10A14.5	OTTHUMG00000163661;RP11-10A14.5
LOC100132062;LOC100132287;LOC100133331;LOC100287894;LOC100996328;LOC100996502;LOC101059936;LOC101060494;LOC101060495;OTTHUMG00000156968;RP4-669L17.10	LOC100132062;LOC100132287;LOC100133331;LOC100287894;LOC100996328;LOC100996502;LOC101059936;LOC101060494;LOC101060495;OTTHUMG00000156968;RP4-669L17.10
FOXD4L2;FOXD4L4	FOXD4L2;FOXD4L4
SNORD116-13	SNORD116-13
MIR548I2	MIR548I2
OR4F5	OR4F5
RING1	RING1
RING1	RING1
RNA5SP71	RNA5SP71
OTTHUMG00000163709;PRAGMIN;SGK223	OTTHUMG00000163709;PRAGMIN;SGK223
AC074117.10;OTTHUMG00000151914	AC074117.10;OTTHUMG00000151914
REG4	REG4
RNASE10	RNASE10
NLRP8	NLRP8
CTSG	CTSG
OTTHUMG00000184165;RP11-399K21.11	OTTHUMG00000184165;RP11-399K21.11
PRSS38	PRSS38
ZNF37BP	ZNF37BP
OTTHUMG00000014892;RP11-124I4.2	OTTHUMG00000014892;RP11-124I4.2
AQP10	AQP10
OTTHUMG00000022529;RP6-27P15.2	OTTHUMG00000022529;RP6-27P15.2
OR11H2	OR11H2
AC131097.4;LOC285095;OTTHUMG00000151374	AC131097.4;LOC285095;OTTHUMG00000151374
MIR4773-1	MIR4773-1
OTTHUMG00000150678;Z82214.3	OTTHUMG00000150678;Z82214.3
CTD-3107M8.4;OTTHUMG00000163930;RBPMS-AS1	CTD-3107M8.4;OTTHUMG00000163930;RBPMS-AS1
LINC00092	LINC00092
PTGDR	PTGDR
KB-1460A1.2;OTTHUMG00000164821	KB-1460A1.2;OTTHUMG00000164821
CCNYL3	CCNYL3
OTTHUMG00000163549;RP11-167P20.1	OTTHUMG00000163549;RP11-167P20.1
FAM155A-IT1	FAM155A-IT1
LOC100129316	LOC100129316
CDKN2B	CDKN2B
KANK4	KANK4
FAM189A1	FAM189A1
GTF2IRD1P1	GTF2IRD1P1
DHX57	DHX57
OTTHUMG00000031936;RP5-1195D24.1	OTTHUMG00000031936;RP5-1195D24.1
SNORA16B	SNORA16B
LOC440981	LOC440981
LOC101060300;OTTHUMG00000002359;RP4-680D5.2	LOC101060300;OTTHUMG00000002359;RP4-680D5.2
GAGE1	GAGE1
KATNBL1	KATNBL1
SNORA70F	SNORA70F
TNIP3	TNIP3
SIRT3	SIRT3
EIF2B5-IT1	EIF2B5-IT1
LOC100128946;OTTHUMG00000150307;WI2-81516E3.1	LOC100128946;OTTHUMG00000150307;WI2-81516E3.1
CTPS2	CTPS2
SHANK2-AS1	SHANK2-AS1
COX5B	COX5B
RNU4-5P	RNU4-5P
AMMECR1-IT1	AMMECR1-IT1
OTTHUMG00000040779;RP11-54O7.11	OTTHUMG00000040779;RP11-54O7.11
SPRR2E	SPRR2E
S100A5	S100A5
MYCBP2-AS2	MYCBP2-AS2
RNF133	RNF133
OTTHUMG00000163558;RP11-373N22.3	OTTHUMG00000163558;RP11-373N22.3
OTTHUMG00000162361;RP11-5P22.2	OTTHUMG00000162361;RP11-5P22.2
NXNL1	NXNL1
C10orf115	C10orf115
CXCL3	CXCL3
VIPAS39	VIPAS39
AC147651.5;OTTHUMG00000151415	AC147651.5;OTTHUMG00000151415
KCNH3	KCNH3
ITGA7	ITGA7
SPDYA	SPDYA
LINC00341	LINC00341
SIRT4	SIRT4
EN2	EN2
RNA5SP274	RNA5SP274
OTTHUMG00000037511;RP4-591L5.2	OTTHUMG00000037511;RP4-591L5.2
ACSM4	ACSM4
hsa-mir-892c	hsa-mir-892c
NDFIP2-AS1	NDFIP2-AS1
CTD-2228K2.5;OTTHUMG00000162206;PP7080	CTD-2228K2.5;OTTHUMG00000162206;PP7080
ERVK3-1	ERVK3-1
OTTHUMG00000003927;RP11-84A19.2	OTTHUMG00000003927;RP11-84A19.2
C12orf50	C12orf50
RNA5SP116	RNA5SP116
OTTHUMG00000014754;RP5-1120P11.3	OTTHUMG00000014754;RP5-1120P11.3
LINC00895	LINC00895
TIMD4	TIMD4
OTTHUMG00000157083;RP11-13J8.1	OTTHUMG00000157083;RP11-13J8.1
MIR376A2	MIR376A2
EFCAB9	EFCAB9
LOC100996444;OTTHUMG00000162229;RP11-473L15.3	LOC100996444;OTTHUMG00000162229;RP11-473L15.3
LOC646168;OTTHUMG00000158503;RP11-298O21.5	LOC646168;OTTHUMG00000158503;RP11-298O21.5
MYL1	MYL1
KANK2	KANK2
A2ML1	A2ML1
LOC100506978	LOC100506978
EVC2	EVC2
RNA5SP169	RNA5SP169
LRP4-AS1	LRP4-AS1
FNDC8	FNDC8
CCDC71L	CCDC71L
TGM4	TGM4
IL17RE	IL17RE
MIR548H1	MIR548H1
MED12	MED12
MIR134	MIR134
OTTHUMG00000164202;RP11-770E5.2	OTTHUMG00000164202;RP11-770E5.2
DZIP1	DZIP1
LOC100506853;OTTHUMG00000018050;RP11-168P8.3	LOC100506853;OTTHUMG00000018050;RP11-168P8.3
HTR6	HTR6
ZNF7	ZNF7
RING1	RING1
RING1	RING1
RING1	RING1
TMEM105	TMEM105
CHCHD2P8	CHCHD2P8
OTTHUMG00000035808;RP11-307B6.3	OTTHUMG00000035808;RP11-307B6.3
RNA5SP265	RNA5SP265
ZC3H12C	ZC3H12C
FAM220A	FAM220A
PRDX5	PRDX5
C1orf177	C1orf177
OTTHUMG00000085417;RP11-423O2.7	OTTHUMG00000085417;RP11-423O2.7
AC007283.5;CFLAR;CFLAR-AS1;OTTHUMG00000154717	AC007283.5;CFLAR;CFLAR-AS1;OTTHUMG00000154717
MIR517C	MIR517C
OR1L1	OR1L1
STAT1	STAT1
OTTHUMG00000160132;RP11-665G4.1	OTTHUMG00000160132;RP11-665G4.1
OTTHUMG00000032103;RP5-860P4.2	OTTHUMG00000032103;RP5-860P4.2
DNAJC15	DNAJC15
MTERFD2	MTERFD2
RBMS3-AS1	RBMS3-AS1
LPIN2	LPIN2
RNA5SP345	RNA5SP345
SNORD124	SNORD124
SPRN	SPRN
OR10K2	OR10K2
LOC100652834;OTTHUMG00000041126;RP11-541F9.1	LOC100652834;OTTHUMG00000041126;RP11-541F9.1
CD27-AS1	CD27-AS1
AC112715.2;OTTHUMG00000153019	AC112715.2;OTTHUMG00000153019
AC007036.4;OTTHUMG00000152764	AC007036.4;OTTHUMG00000152764
MIR548F5	MIR548F5
UGT2B7	UGT2B7
C17orf50	C17orf50
CTD-2374C24.1;OTTHUMG00000163702	CTD-2374C24.1;OTTHUMG00000163702
SEMA4D	SEMA4D
WDR82	WDR82
IL32	IL32
CXADRP3	CXADRP3
LINC00334	LINC00334
AC004448.5;OTTHUMG00000059605	AC004448.5;OTTHUMG00000059605
C10orf126	C10orf126
LOC100130700	LOC100130700
SUN2	SUN2
CTXN2	CTXN2
TTC33	TTC33
GPT	GPT
MIR128-1	MIR128-1
TRIM27	TRIM27
ADRA1A	ADRA1A
OTTHUMG00000019554;RP11-23D5.1	OTTHUMG00000019554;RP11-23D5.1
OTTHUMG00000017601;RP13-463N16.6	OTTHUMG00000017601;RP13-463N16.6
OTTHUMG00000150697;Z83851.4	OTTHUMG00000150697;Z83851.4
JPH2	JPH2
ASMTL-AS1	ASMTL-AS1
ASMTL-AS1	ASMTL-AS1
NACC2	NACC2
WFDC12	WFDC12
POMGNT1	POMGNT1
KRTAP10-8	KRTAP10-8
ESRRB	ESRRB
CTC-537E7.3;OTTHUMG00000162337	CTC-537E7.3;OTTHUMG00000162337
OTTHUMG00000018329;RP11-428G2.1	OTTHUMG00000018329;RP11-428G2.1
SLC1A7	SLC1A7
AF131217.1;OTTHUMG00000078747	AF131217.1;OTTHUMG00000078747
GSK3A	GSK3A
FGF3	FGF3
BAD	BAD
RXFP1	RXFP1
PRKAR1B	PRKAR1B
C1orf114;CCDC181;OTTHUMG00000035449;RP1-206D15.3	C1orf114;CCDC181;OTTHUMG00000035449;RP1-206D15.3
MIR449C	MIR449C
HCG26	HCG26
ZNF668	ZNF668
CIB3	CIB3
LOC147646	LOC147646
OTTHUMG00000009147;RP11-5P4.1	OTTHUMG00000009147;RP11-5P4.1
PLA2G2F	PLA2G2F
RNA5SP136	RNA5SP136
IL36B	IL36B
ARSB	ARSB
OTTHUMG00000012009;RP11-12L8.1	OTTHUMG00000012009;RP11-12L8.1
TUBA3C;TUBA3D	TUBA3C;TUBA3D
SOHLH1	SOHLH1
COCH	COCH
VNN1	VNN1
NDST1	NDST1
WFIKKN2	WFIKKN2
OTTHUMG00000160103;RP11-669M16.1	OTTHUMG00000160103;RP11-669M16.1
TBX6	TBX6
AC069394.1;OTTHUMG00000153616	AC069394.1;OTTHUMG00000153616
LRRFIP2	LRRFIP2
OTTHUMG00000161810;RP11-217C7.1	OTTHUMG00000161810;RP11-217C7.1
CROCCP3	CROCCP3
ZNF213	ZNF213
IL17F	IL17F
IGLV3-9	IGLV3-9
STK3	STK3
OTTHUMG00000014282;RP3-380E11.2	OTTHUMG00000014282;RP3-380E11.2
FCGR2B	FCGR2B
LINC00365	LINC00365
KRT2	KRT2
KRTAP23-1	KRTAP23-1
C1orf170	C1orf170
LOC100507376;OTTHUMG00000162381;RP11-539L10.3	LOC100507376;OTTHUMG00000162381;RP11-539L10.3
MIR331	MIR331
AQP9	AQP9
SLC22A23	SLC22A23
LOC100507406;OTTHUMG00000015661;RP11-356I2.1	LOC100507406;OTTHUMG00000015661;RP11-356I2.1
NFXL1	NFXL1
MIMT1	MIMT1
HCP5	HCP5
MIR499A;MIR499B	MIR499A;MIR499B
AC007278.2;OTTHUMG00000153098	AC007278.2;OTTHUMG00000153098
OTTHUMG00000164505;RP11-6I2.3	OTTHUMG00000164505;RP11-6I2.3
OTTHUMG00000160373;RP11-431M7.2	OTTHUMG00000160373;RP11-431M7.2
SSX5	SSX5
LINC00307	LINC00307
OR7E12P	OR7E12P
OTTHUMG00000037756;RP5-956O18.3	OTTHUMG00000037756;RP5-956O18.3
AKIRIN2-AS1	AKIRIN2-AS1
UTP18	UTP18
OTTHUMG00000018185;RP11-523O18.1	OTTHUMG00000018185;RP11-523O18.1
LOC100506470;OTTHUMG00000032884;RP5-827L5.1	LOC100506470;OTTHUMG00000032884;RP5-827L5.1
OTTHUMG00000012409;RP5-834N19.1	OTTHUMG00000012409;RP5-834N19.1
SYNC	SYNC
OTTHUMG00000004413;RP11-40H20.4	OTTHUMG00000004413;RP11-40H20.4
UBL4B	UBL4B
IGHV3-73	IGHV3-73
AC073934.6;OTTHUMG00000157565	AC073934.6;OTTHUMG00000157565
OTTHUMG00000017910;RP11-472N13.3	OTTHUMG00000017910;RP11-472N13.3
TRBV5-1	TRBV5-1
OTTHUMG00000019299;RP13-137A17.4	OTTHUMG00000019299;RP13-137A17.4
RNY4P5	RNY4P5
MIR510	MIR510
PLAA	PLAA
DTHD1	DTHD1
LOC100996654;OTTHUMG00000156071;RP11-745C15.2	LOC100996654;OTTHUMG00000156071;RP11-745C15.2
PLSCR5	PLSCR5
AC003090.1;OTTHUMG00000152594	AC003090.1;OTTHUMG00000152594
LOC100287010	LOC100287010
RGS17	RGS17
CTB-3M24.3;OTTHUMG00000162725	CTB-3M24.3;OTTHUMG00000162725
ADSS	ADSS
OTTHUMG00000163893;RP11-24P4.1	OTTHUMG00000163893;RP11-24P4.1
TNFSF8	TNFSF8
MIR4255	MIR4255
CT47B1	CT47B1
TBL1XR1-AS1	TBL1XR1-AS1
MIR592	MIR592
OTTHUMG00000150107;RP11-72I2.2	OTTHUMG00000150107;RP11-72I2.2
RNASEH1	RNASEH1
C6orf214;OTTHUMG00000148939	C6orf214;OTTHUMG00000148939
OTTHUMG00000164912;RP11-946L20.4	OTTHUMG00000164912;RP11-946L20.4
FCRL3	FCRL3
RIMKLA	RIMKLA
MIR3194	MIR3194
WBP2P1	WBP2P1
MORC1	MORC1
OTTHUMG00000163580;RP11-281O15.3	OTTHUMG00000163580;RP11-281O15.3
RNF185	RNF185
OTTHUMG00000160886;RP11-630D6.5	OTTHUMG00000160886;RP11-630D6.5
AQP12B	AQP12B
CATSPERB	CATSPERB
RECQL5	RECQL5
C1orf64	C1orf64
CTC1	CTC1
PWWP2B	PWWP2B
HCK	HCK
SRGAP3-AS4	SRGAP3-AS4
CTD-2037K23.2;LOC728769;OTTHUMG00000162481	CTD-2037K23.2;LOC728769;OTTHUMG00000162481
LOC100506059	LOC100506059
CHIC1	CHIC1
CPM	CPM
OTTHUMG00000164251;RP11-26M5.2	OTTHUMG00000164251;RP11-26M5.2
RUSC1	RUSC1
LINC00459	LINC00459
LOC285000	LOC285000
IAPP	IAPP
GRM4	GRM4
C6ORF50	C6ORF50
HS3ST3A1	HS3ST3A1
KB-1639H6.2;OTTHUMG00000164763	KB-1639H6.2;OTTHUMG00000164763
MIR4276	MIR4276
BCDIN3D-AS1	BCDIN3D-AS1
CCL3;LOC101060267	CCL3;LOC101060267
COX6A1	COX6A1
PRRX2	PRRX2
HSP90B3P	HSP90B3P
LOC440700	LOC440700
IQGAP1	IQGAP1
LOC729603	LOC729603
LOC286177;OTTHUMG00000164423;RP11-513O17.3	LOC286177;OTTHUMG00000164423;RP11-513O17.3
OTTHUMG00000163404;RP11-1026M7.2	OTTHUMG00000163404;RP11-1026M7.2
OTTHUMG00000032220;RP11-410N8.1	OTTHUMG00000032220;RP11-410N8.1
NR5A2	NR5A2
SCO2	SCO2
LINC00572	LINC00572
LINC00936	LINC00936
FA2H	FA2H
MIR548O	MIR548O
NUMA1	NUMA1
DAQB-12N14.5;LOC100507362;OTTHUMG00000066098	DAQB-12N14.5;LOC100507362;OTTHUMG00000066098
DAQB-12N14.5;LOC100507362;OTTHUMG00000148881	DAQB-12N14.5;LOC100507362;OTTHUMG00000148881
CDRT7	CDRT7
MORN2	MORN2
AC064852.4;OTTHUMG00000153291	AC064852.4;OTTHUMG00000153291
OTTHUMG00000009845;RP11-147G16.1	OTTHUMG00000009845;RP11-147G16.1
SLC39A4	SLC39A4
ATP5L2	ATP5L2
EHHADH-AS1	EHHADH-AS1
OTTHUMG00000018830;RP11-35J23.5;TLL2	OTTHUMG00000018830;RP11-35J23.5;TLL2
AC114808.3;OTTHUMG00000151390	AC114808.3;OTTHUMG00000151390
KLHL30-AS1	KLHL30-AS1
MDFI	MDFI
SMAD6	SMAD6
IFNA2	IFNA2
AC034228.3;OTTHUMG00000059638	AC034228.3;OTTHUMG00000059638
C9orf57	C9orf57
OTTHUMG00000041027;RP5-998N21.7	OTTHUMG00000041027;RP5-998N21.7
MIR3180-4	MIR3180-4
MGEA5	MGEA5
OTTHUMG00000160683;RP11-18D7.3	OTTHUMG00000160683;RP11-18D7.3
STAG2	STAG2
OTTHUMG00000164669;RP11-706C16.5	OTTHUMG00000164669;RP11-706C16.5
AC002115.5;OTTHUMG00000048109	AC002115.5;OTTHUMG00000048109
ST6GAL2	ST6GAL2
AC023128.1;OTTHUMG00000153703	AC023128.1;OTTHUMG00000153703
KB-1930G5.3;OTTHUMG00000164831	KB-1930G5.3;OTTHUMG00000164831
BIRC2	BIRC2
NOVA2	NOVA2
SRGAP1	SRGAP1
MIR624	MIR624
OTTHUMG00000009218;RP11-74K19.1	OTTHUMG00000009218;RP11-74K19.1
MIR485	MIR485
DIP2A-IT1	DIP2A-IT1
LOC255130;OTTHUMG00000161143;RP11-12A1.1	LOC255130;OTTHUMG00000161143;RP11-12A1.1
CHST8	CHST8
OR4M2	OR4M2
TRAJ19	TRAJ19
IL3RA	IL3RA
RNA5SP56	RNA5SP56
SEPT1	SEPT1
OTTHUMG00000017954;RP11-324I22.2	OTTHUMG00000017954;RP11-324I22.2
EFCAB4B	EFCAB4B
DHRS4-AS1	DHRS4-AS1
MIR548A3	MIR548A3
RBM26-AS1	RBM26-AS1
TAF6	TAF6
CCDC134	CCDC134
OTTHUMG00000019477;RP11-125K10.5	OTTHUMG00000019477;RP11-125K10.5
LINC00342	LINC00342
ST3GAL4-AS1	ST3GAL4-AS1
BCL6B	BCL6B
NAPSA	NAPSA
UEVLD	UEVLD
MIR4756	MIR4756
TRBV9	TRBV9
NKAPL	NKAPL
MIR1471	MIR1471
MIR1827	MIR1827
LINC00930	LINC00930
OTTHUMG00000037791;RP5-858B6.3	OTTHUMG00000037791;RP5-858B6.3
C15orf32	C15orf32
FAM87A	FAM87A
TCEB3C;TCEB3CL;TCEB3CL2	TCEB3C;TCEB3CL;TCEB3CL2
MYOF	MYOF
OTTHUMG00000156290;RP11-760D2.5	OTTHUMG00000156290;RP11-760D2.5
LOC401324	LOC401324
CAPSL	CAPSL
TAT	TAT
OR4D2	OR4D2
AY269186.1;OTTHUMG00000154851	AY269186.1;OTTHUMG00000154851
KCNF1	KCNF1
OTTHUMG00000160739;RP11-632F7.3	OTTHUMG00000160739;RP11-632F7.3
OR10A6	OR10A6
CLEC9A	CLEC9A
HCG18	HCG18
AC016723.4;OTTHUMG00000153961	AC016723.4;OTTHUMG00000153961
OTTHUMG00000000412;RP11-384P7.5	OTTHUMG00000000412;RP11-384P7.5
VWC2L-IT1	VWC2L-IT1
AC007652.1;OTTHUMG00000155024	AC007652.1;OTTHUMG00000155024
LMNA	LMNA
LOC643623;OTTHUMG00000015509;RP1-293L8.2	LOC643623;OTTHUMG00000015509;RP1-293L8.2
TRPC1	TRPC1
CTD-2587M2.1;OTTHUMG00000162848	CTD-2587M2.1;OTTHUMG00000162848
OTTHUMG00000017817;RP11-371A19.2	OTTHUMG00000017817;RP11-371A19.2
OTTHUMG00000159221;RP11-119D18.1	OTTHUMG00000159221;RP11-119D18.1
MIR548A3	MIR548A3
OTTHUMG00000016801;RP11-187A9.3	OTTHUMG00000016801;RP11-187A9.3
IGLV4-60	IGLV4-60
GGT3P	GGT3P
AP001605.4;OTTHUMG00000078698	AP001605.4;OTTHUMG00000078698
CSTA	CSTA
LOC729737;OTTHUMG00000002481;RP11-34P13.14	LOC729737;OTTHUMG00000002481;RP11-34P13.14
CTCFL	CTCFL
ENHO	ENHO
CTD-2089N3.3;LOC100287592;OTTHUMG00000162410	CTD-2089N3.3;LOC100287592;OTTHUMG00000162410
PRRG2	PRRG2
SSX2;SSX2B	SSX2;SSX2B
AC108004.3;OTTHUMG00000132132	AC108004.3;OTTHUMG00000132132
AC005301.8;OTTHUMG00000153504	AC005301.8;OTTHUMG00000153504
LOC100288102;LOC100506479;LOC731275;OTTHUMG00000039861;RP11-261C10.3	LOC100288102;LOC100506479;LOC731275;OTTHUMG00000039861;RP11-261C10.3
AC007464.1;LOC339788;OTTHUMG00000151595	AC007464.1;LOC339788;OTTHUMG00000151595
LOC339666;OTTHUMG00000058267;OTTHUMG00000150006;RP1-149A16.17;RP1-149A16.3	LOC339666;OTTHUMG00000058267;OTTHUMG00000150006;RP1-149A16.17;RP1-149A16.3
GUCY2F	GUCY2F
KBTBD5;KLHL40	KBTBD5;KLHL40
OTTHUMG00000162156;RP11-94C24.6	OTTHUMG00000162156;RP11-94C24.6
SORCS2	SORCS2
IFITM4P	IFITM4P
IFITM4P	IFITM4P
XCR1	XCR1
AGAP10;AGAP9;BMS1P2;BMS1P6	AGAP10;AGAP9;BMS1P2;BMS1P6
RNU5B-2P	RNU5B-2P
OTTHUMG00000014917;RP11-203B9.4	OTTHUMG00000014917;RP11-203B9.4
LINC00235	LINC00235
LOC100132147;OTTHUMG00000002488;RP5-875O13.1	LOC100132147;OTTHUMG00000002488;RP5-875O13.1
OTTHUMG00000044645;RP3-402G11.5;SELO	OTTHUMG00000044645;RP3-402G11.5;SELO
RNY4P25	RNY4P25
AC093391.2;OTTHUMG00000153578	AC093391.2;OTTHUMG00000153578
CSN3	CSN3
C19orf55	C19orf55
OTTHUMG00000158788;PRICKLE2-AS1;RP11-129B22.1	OTTHUMG00000158788;PRICKLE2-AS1;RP11-129B22.1
NPAS4	NPAS4
OR4A16	OR4A16
AC114808.2;OTTHUMG00000151387	AC114808.2;OTTHUMG00000151387
LRRC7	LRRC7
CTA-503F6.2;OTTHUMG00000150949	CTA-503F6.2;OTTHUMG00000150949
OTTHUMG00000161971;RP11-351N6.1	OTTHUMG00000161971;RP11-351N6.1
FRMPD3-AS1	FRMPD3-AS1
FAM90A24P	FAM90A24P
LOC100505474	LOC100505474
ELAVL4	ELAVL4
OTTHUMG00000021104;RP11-692P14.1	OTTHUMG00000021104;RP11-692P14.1
LOC643339	LOC643339
TMC8	TMC8
KRT17P2	KRT17P2
TAGLN	TAGLN
MAP4K3	MAP4K3
PRSS42	PRSS42
AC007952.4;OTTHUMG00000178492	AC007952.4;OTTHUMG00000178492
LOC100128326;LOC100132050;LOC100132062;LOC100132287;LOC100133331;LOC100508632;LOC100652945;LOC100653241;LOC100653346;LOC100996769	LOC100128326;LOC100132050;LOC100132062;LOC100132287;LOC100133331;LOC100508632;LOC100652945;LOC100653241;LOC100653346;LOC100996769
ILDR1	ILDR1
CTB-107G13.1;OTTHUMG00000157225	CTB-107G13.1;OTTHUMG00000157225
KLRF2	KLRF2
OTTHUMG00000163785;RP11-1149O23.4	OTTHUMG00000163785;RP11-1149O23.4
C1orf194	C1orf194
MIR136	MIR136
ACTR1A	ACTR1A
DSC1	DSC1
AC093911.1;OTTHUMG00000154555	AC093911.1;OTTHUMG00000154555
KLK1	KLK1
OTTHUMG00000032887;RP11-429E11.3	OTTHUMG00000032887;RP11-429E11.3
OTTHUMG00000009842;RP5-837I24.4	OTTHUMG00000009842;RP5-837I24.4
SUPT3H	SUPT3H
CTD-2541M15.1;OTTHUMG00000163619	CTD-2541M15.1;OTTHUMG00000163619
OTTHUMG00000020352;RP11-96L7.2	OTTHUMG00000020352;RP11-96L7.2
OR10A5	OR10A5
OTTHUMG00000164978;RP11-4K16.2	OTTHUMG00000164978;RP11-4K16.2
LOC202781	LOC202781
TSPAN17	TSPAN17
FAM53A	FAM53A
OTTHUMG00000163519;RP11-32D16.1	OTTHUMG00000163519;RP11-32D16.1
AC012065.4;OTTHUMG00000151781	AC012065.4;OTTHUMG00000151781
FLJ45743	FLJ45743
YPEL3	YPEL3
IGSF10	IGSF10
HS6ST2	HS6ST2
RNA5SP430	RNA5SP430
AC027119.1;OTTHUMG00000154907	AC027119.1;OTTHUMG00000154907
RNU6-53P	RNU6-53P
DENND6B	DENND6B
LGSN	LGSN
WARS	WARS
DNAAF3	DNAAF3
CRY1	CRY1
OTTHUMG00000000825;RP1-283E3.4	OTTHUMG00000000825;RP1-283E3.4
SDHD	SDHD
CTC-369A16.3;OTTHUMG00000163248	CTC-369A16.3;OTTHUMG00000163248
CYP2C9	CYP2C9
NLRP4	NLRP4
RNA5SP109	RNA5SP109
MIR183	MIR183
OR9A1P	OR9A1P
POLR3G	POLR3G
LOC100505639	LOC100505639
OTTHUMG00000160928;RP11-120A1.1	OTTHUMG00000160928;RP11-120A1.1
IL7R	IL7R
LINC00575	LINC00575
UBP1	UBP1
CDK6	CDK6
DKFZP434O1614	DKFZP434O1614
HOXA11	HOXA11
C12orf76	C12orf76
BVES	BVES
MIR676	MIR676
WFDC10A	WFDC10A
UCHL1-AS1	UCHL1-AS1
CD14	CD14
RNA5SP489	RNA5SP489
ODF3B	ODF3B
LOC100288748	LOC100288748
HGFAC	HGFAC
LIN54	LIN54
METTL7B	METTL7B
OTTHUMG00000009292;RP1-118J21.5	OTTHUMG00000009292;RP1-118J21.5
OR9Q2	OR9Q2
OTTHUMG00000161024;RP11-327O17.2	OTTHUMG00000161024;RP11-327O17.2
CCSER1;FAM190A	CCSER1;FAM190A
HOXA3;HOXA6	HOXA3;HOXA6
OR4X1	OR4X1
PARP10	PARP10
MIR4417	MIR4417
OTTHUMG00000038016;RP4-781K5.7	OTTHUMG00000038016;RP4-781K5.7
OTTHUMG00000156604;RP11-134F2.2	OTTHUMG00000156604;RP11-134F2.2
ZNF132	ZNF132
RP2	RP2
AC093627.10;LOC100507642;OTTHUMG00000151398	AC093627.10;LOC100507642;OTTHUMG00000151398
OR56B4	OR56B4
TCP10;TCP10L2	TCP10;TCP10L2
LOC100505683;OTTHUMG00000032063;RP3-322G13.5	LOC100505683;OTTHUMG00000032063;RP3-322G13.5
DPRXP4	DPRXP4
FABP4	FABP4
OTTHUMG00000157652;RP11-306G20.1	OTTHUMG00000157652;RP11-306G20.1
HDGFL1	HDGFL1
C1orf229	C1orf229
MYCNOS	MYCNOS
OTTHUMG00000008404;RP11-145M4.3	OTTHUMG00000008404;RP11-145M4.3
DNAJC16	DNAJC16
LCE1C	LCE1C
FTLP3	FTLP3
OTTHUMG00000031951;RP5-905G11.3	OTTHUMG00000031951;RP5-905G11.3
ABHD14A	ABHD14A
SULF2	SULF2
ZNF837	ZNF837
OTTHUMG00000022476;RP13-210D15.4	OTTHUMG00000022476;RP13-210D15.4
DYNLRB2	DYNLRB2
IVD	IVD
OTTHUMG00000161716;RP11-417J1.1	OTTHUMG00000161716;RP11-417J1.1
IL36G	IL36G
AC091178.1;LRRC37A11P;OTTHUMG00000133184	AC091178.1;LRRC37A11P;OTTHUMG00000133184
AC005154.5;OTTHUMG00000152789	AC005154.5;OTTHUMG00000152789
CBR4	CBR4
OTTHUMG00000163713;RP11-108A14.1	OTTHUMG00000163713;RP11-108A14.1
LOC338797	LOC338797
B3GNT6	B3GNT6
RNA5SP115	RNA5SP115
KIF7	KIF7
UTS2R	UTS2R
OTTHUMG00000032044;RP4-788L20.3	OTTHUMG00000032044;RP4-788L20.3
AF064858.7;OTTHUMG00000066032	AF064858.7;OTTHUMG00000066032
GLTPD2	GLTPD2
AC097495.2;OTTHUMG00000152623	AC097495.2;OTTHUMG00000152623
CNST	CNST
AKR1D1	AKR1D1
MIR320B2	MIR320B2
LOC100996613	LOC100996613
DUSP22;LOC100653247	DUSP22;LOC100653247
MIR4669	MIR4669
MIR4769	MIR4769
OTTHUMG00000003517;RP1-159A19.4	OTTHUMG00000003517;RP1-159A19.4
FAM115A;LOC100294033	FAM115A;LOC100294033
OTTHUMG00000017483;RP11-85G21.2	OTTHUMG00000017483;RP11-85G21.2
TYRO3	TYRO3
OTTHUMG00000159058;RP11-735B13.2	OTTHUMG00000159058;RP11-735B13.2
NLGN1	NLGN1
CD1E	CD1E
ZFAND1	ZFAND1
OTTHUMG00000011006;RP11-24P14.1	OTTHUMG00000011006;RP11-24P14.1
AC013461.1;OTTHUMG00000132297;ZAK	AC013461.1;OTTHUMG00000132297;ZAK
OTTHUMG00000156067;RP11-436F9.1	OTTHUMG00000156067;RP11-436F9.1
UGT2B10	UGT2B10
GFOD2	GFOD2
AC011747.3;OTTHUMG00000151623	AC011747.3;OTTHUMG00000151623
GALK1	GALK1
OXER1	OXER1
OBSCN	OBSCN
OR10J5	OR10J5
OR13C5	OR13C5
OTTHUMG00000015276;RP1-121G13.2	OTTHUMG00000015276;RP1-121G13.2
OTTHUMG00000031478;RP11-544M22.8	OTTHUMG00000031478;RP11-544M22.8
FAM71A	FAM71A
DLST	DLST
SEMG1	SEMG1
OTTHUMG00000163781;RP11-981G7.1	OTTHUMG00000163781;RP11-981G7.1
CTC-573N18.1;OTTHUMG00000163288	CTC-573N18.1;OTTHUMG00000163288
FOXD2-AS1	FOXD2-AS1
OTTHUMG00000159128;RP11-656A15.1	OTTHUMG00000159128;RP11-656A15.1
LINC00927	LINC00927
RNF5;RNF5P1	RNF5;RNF5P1
RNF5;RNF5P1	RNF5;RNF5P1
RNF5;RNF5P1	RNF5;RNF5P1
RNF5;RNF5P1	RNF5;RNF5P1
RNF5;RNF5P1	RNF5;RNF5P1
DLEU1	DLEU1
SLC22A16	SLC22A16
OTTHUMG00000002437;RP11-422P22.1	OTTHUMG00000002437;RP11-422P22.1
TTLL7	TTLL7
GRM5-AS1	GRM5-AS1
RNU7-58P	RNU7-58P
TGIF2LX	TGIF2LX
IGKV3-11	IGKV3-11
ECM2	ECM2
SNAR-F	SNAR-F
FAM92A1P2	FAM92A1P2
HBA1;HBA2	HBA1;HBA2
AP000704.5;OTTHUMG00000086635	AP000704.5;OTTHUMG00000086635
OTTHUMG00000164547;RP11-697M17.1	OTTHUMG00000164547;RP11-697M17.1
PCDHB12	PCDHB12
MSL3	MSL3
TRAV1-1	TRAV1-1
C6orf201	C6orf201
CHCHD6	CHCHD6
BRWD1-IT2	BRWD1-IT2
OR10G3	OR10G3
AC006076.1;OTTHUMG00000032768	AC006076.1;OTTHUMG00000032768
CRYGB	CRYGB
ASB12	ASB12
OTTHUMG00000037739;RP11-145A3.1	OTTHUMG00000037739;RP11-145A3.1
IL22RA1	IL22RA1
VPS13B	VPS13B
TMEM128	TMEM128
MRPL49	MRPL49
SYCP1	SYCP1
TDRD5	TDRD5
OTTHUMG00000007952;RP4-683M8.2	OTTHUMG00000007952;RP4-683M8.2
RNA5SP408	RNA5SP408
AP001271.3;OTTHUMG00000152739	AP001271.3;OTTHUMG00000152739
HCAR2	HCAR2
OR11A1	OR11A1
OR11A1	OR11A1
OR11A1	OR11A1
OR11A1	OR11A1
CACNG4	CACNG4
GPA33	GPA33
RAB26	RAB26
AC091729.8;OTTHUMG00000151483	AC091729.8;OTTHUMG00000151483
OR51M1	OR51M1
NSUN5P1;NSUN5P2	NSUN5P1;NSUN5P2
AC098617.1;OTTHUMG00000154332	AC098617.1;OTTHUMG00000154332
DOCK9	DOCK9
LOC157273;OTTHUMG00000163665;RP11-115J16.1	LOC157273;OTTHUMG00000163665;RP11-115J16.1
MIR16-2	MIR16-2
OTTHUMG00000161054;RP11-778J15.1	OTTHUMG00000161054;RP11-778J15.1
GYPB	GYPB
AF230666.2;OTTHUMG00000148655	AF230666.2;OTTHUMG00000148655
OTTHUMG00000158937;RP11-373E16.4	OTTHUMG00000158937;RP11-373E16.4
OTTHUMG00000161714;RP11-577G20.2	OTTHUMG00000161714;RP11-577G20.2
MIR4491	MIR4491
FURIN	FURIN
AC007563.5;OTTHUMG00000155309	AC007563.5;OTTHUMG00000155309
OTTHUMG00000163223;RP11-325L7.2	OTTHUMG00000163223;RP11-325L7.2
MIR4285	MIR4285
MIR1265	MIR1265
AC004012.1;OTTHUMG00000154143	AC004012.1;OTTHUMG00000154143
MIR1284	MIR1284
ZDHHC17	ZDHHC17
OTTHUMG00000164199;RP11-567J20.2	OTTHUMG00000164199;RP11-567J20.2
HCFC1	HCFC1
SPACA4	SPACA4
HCG21	HCG21
TRIM2	TRIM2
LDLRAD1	LDLRAD1
OTTHUMG00000019246;RP11-223P11.2	OTTHUMG00000019246;RP11-223P11.2
TRBV19	TRBV19
ZNF320	ZNF320
NAA20	NAA20
ZDHHC22	ZDHHC22
LAMTOR2	LAMTOR2
MFSD3	MFSD3
OTTHUMG00000041157;RP11-323I1.1	OTTHUMG00000041157;RP11-323I1.1
MDH2	MDH2
C9orf170	C9orf170
KCNC4-AS1	KCNC4-AS1
SENP7	SENP7
PPP1R9A	PPP1R9A
P2RY10	P2RY10
AGBL4	AGBL4
PPFIBP1	PPFIBP1
MIR3616	MIR3616
KRTAP29-1	KRTAP29-1
AC023347.1;OTTHUMG00000153374	AC023347.1;OTTHUMG00000153374
MIR381HG	MIR381HG
OTTHUMG00000020074;RP11-403N16.2	OTTHUMG00000020074;RP11-403N16.2
LOC100996847;LOC101060536;OTTHUMG00000008077;RP11-117D22.2	LOC100996847;LOC101060536;OTTHUMG00000008077;RP11-117D22.2
MYL8P	MYL8P
FLJ40448	FLJ40448
RNY4P16	RNY4P16
MRPL21	MRPL21
AC010746.3;OTTHUMG00000154427	AC010746.3;OTTHUMG00000154427
OTTHUMG00000164982;RP11-174I12.2	OTTHUMG00000164982;RP11-174I12.2
CABYR	CABYR
BMS1	BMS1
FREM2-AS1	FREM2-AS1
TP73-AS1	TP73-AS1
VCAM1	VCAM1
CCDC151	CCDC151
OTTHUMG00000012183;RP5-965F6.2	OTTHUMG00000012183;RP5-965F6.2
RNA5SP503	RNA5SP503
C5AR1	C5AR1
OTTHUMG00000015822;RP11-136K14.2	OTTHUMG00000015822;RP11-136K14.2
OTTHUMG00000024194;U82670.4	OTTHUMG00000024194;U82670.4
OTTHUMG00000037849;RP5-865N13.2	OTTHUMG00000037849;RP5-865N13.2
OTTHUMG00000019916;RP11-397D12.4	OTTHUMG00000019916;RP11-397D12.4
OTTHUMG00000158448;RP11-458K10.1	OTTHUMG00000158448;RP11-458K10.1
GALR1	GALR1
DSG4	DSG4
CPLX4	CPLX4
MUC12	MUC12
LOC101060234;LOC101060305;TEX28;TEX28P2	LOC101060234;LOC101060305;TEX28;TEX28P2
RNA5SP343	RNA5SP343
MIR549	MIR549
RNA5SP308	RNA5SP308
LOC100996671	LOC100996671
B3GAT2	B3GAT2
GOLGA2P5	GOLGA2P5
AP000688.29;OTTHUMG00000153500	AP000688.29;OTTHUMG00000153500
IGLV6-57	IGLV6-57
ANKRD30B	ANKRD30B
PRAMEF7;PRAMEF8	PRAMEF7;PRAMEF8
LINC00849;OTTHUMG00000018350;RP11-9E13.2	LINC00849;OTTHUMG00000018350;RP11-9E13.2
OTTHUMG00000163904;RP11-380I10.4	OTTHUMG00000163904;RP11-380I10.4
OTTHUMG00000011647;RP4-773N10.5;STRIP1	OTTHUMG00000011647;RP4-773N10.5;STRIP1
FAM59A;GAREM	FAM59A;GAREM
KB-318B8.7;OTTHUMG00000150809	KB-318B8.7;OTTHUMG00000150809
OTTHUMG00000162517;RP11-5N11.5	OTTHUMG00000162517;RP11-5N11.5
AC013472.4;OTTHUMG00000151992	AC013472.4;OTTHUMG00000151992
OR7E14P	OR7E14P
DLG3-AS1	DLG3-AS1
AC064874.1;OTTHUMG00000153125	AC064874.1;OTTHUMG00000153125
CTD-2503O16.4;OTTHUMG00000162890	CTD-2503O16.4;OTTHUMG00000162890
P2RX6	P2RX6
CTD-3179P9.2;LOC100505811;OTTHUMG00000162887	CTD-3179P9.2;LOC100505811;OTTHUMG00000162887
GAGE12B;GAGE12C;GAGE12D;GAGE12E;GAGE12F;GAGE12G;GAGE12I;GAGE7	GAGE12B;GAGE12C;GAGE12D;GAGE12E;GAGE12F;GAGE12G;GAGE12I;GAGE7
TRUB1	TRUB1
OTTHUMG00000161247;RP11-340A13.2	OTTHUMG00000161247;RP11-340A13.2
OTTHUMG00000002711;RP5-1056L3.1	OTTHUMG00000002711;RP5-1056L3.1
KCNJ6-IT1	KCNJ6-IT1
LOC152742;OTTHUMG00000160101;RP11-341G5.3	LOC152742;OTTHUMG00000160101;RP11-341G5.3
ADGB	ADGB
OTTHUMG00000159742;RP11-167H9.4	OTTHUMG00000159742;RP11-167H9.4
NXT1	NXT1
ZNF549	ZNF549
TRPC7-AS2	TRPC7-AS2
C15orf62	C15orf62
OR2B6	OR2B6
AAED1	AAED1
SRP72P2	SRP72P2
AC159540.1;LOC100506123;OTTHUMG00000152989	AC159540.1;LOC100506123;OTTHUMG00000152989
CSF1	CSF1
ASB5	ASB5
PARD3	PARD3
SPATA31A1;SPATA31A2	SPATA31A1;SPATA31A2
AP001476.4;OTTHUMG00000090442	AP001476.4;OTTHUMG00000090442
NKX1-2	NKX1-2
PRDM9	PRDM9
NALCN-AS1	NALCN-AS1
CADM2	CADM2
GPC6-AS2	GPC6-AS2
OTTHUMG00000156028;RP11-44M6.1	OTTHUMG00000156028;RP11-44M6.1
LOC101060409;NUDT17	LOC101060409;NUDT17
FARP1;FARP1-IT1	FARP1;FARP1-IT1
AL121656.5;LOC100271832;OTTHUMG00000152135	AL121656.5;LOC100271832;OTTHUMG00000152135
RNU7-9P	RNU7-9P
FZD6	FZD6
OTTHUMG00000011939;RP5-1073O3.2	OTTHUMG00000011939;RP5-1073O3.2
RNA5SP228	RNA5SP228
PSAPL1	PSAPL1
SLC16A6	SLC16A6
FGF9	FGF9
CHODL-AS1	CHODL-AS1
PICALM	PICALM
HEY1	HEY1
ANXA5	ANXA5
RNA5SP327	RNA5SP327
LINC00331	LINC00331
LOC100129636	LOC100129636
OR2B3	OR2B3
OR2B3	OR2B3
OR2B3	OR2B3
OR2B3	OR2B3
OR2B3	OR2B3
OR2B3	OR2B3
LINC00955;OTTHUMG00000159817;RP3-368B9.1	LINC00955;OTTHUMG00000159817;RP3-368B9.1
MIR1539	MIR1539
DSCR10	DSCR10
OTTHUMG00000020560;RP11-388N2.1	OTTHUMG00000020560;RP11-388N2.1
SLITRK1	SLITRK1
OTTHUMG00000015607;RP3-323P13.2	OTTHUMG00000015607;RP3-323P13.2
C6orf214;OTTHUMG00000133720	C6orf214;OTTHUMG00000133720
EMCN-IT1	EMCN-IT1
LOC554207	LOC554207
MIR653	MIR653
OTTHUMG00000161365;RP11-1079K10.3	OTTHUMG00000161365;RP11-1079K10.3
OTTHUMG00000160241;RP11-608B3.1	OTTHUMG00000160241;RP11-608B3.1
RNU5F-1	RNU5F-1
SPATA31A5;SPATA31A7	SPATA31A5;SPATA31A7
CCDC42	CCDC42
FLJ37035;OTTHUMG00000019231;RP11-383C5.4	FLJ37035;OTTHUMG00000019231;RP11-383C5.4
AMIGO1	AMIGO1
OTTHUMG00000161553;RP11-364L4.3	OTTHUMG00000161553;RP11-364L4.3
CDY1;CDY1B;CDY2A;CDY2B	CDY1;CDY1B;CDY2A;CDY2B
MIR4643	MIR4643
SLC44A4	SLC44A4
MIR298	MIR298
PLA1A	PLA1A
OTTHUMG00000164381;RP11-953B20.1	OTTHUMG00000164381;RP11-953B20.1
OTTHUMG00000156164;RP11-134J21.1	OTTHUMG00000156164;RP11-134J21.1
SUMO1P1	SUMO1P1
PDYN	PDYN
BX004987.7;OTTHUMG00000013632	BX004987.7;OTTHUMG00000013632
STMN2	STMN2
ZNF580	ZNF580
TMEM115	TMEM115
AC008834.1;OTTHUMG00000162711	AC008834.1;OTTHUMG00000162711
OTTHUMG00000161908;RP11-706F1.1	OTTHUMG00000161908;RP11-706F1.1
FAM155A	FAM155A
OTTHUMG00000158687;RP11-641D5.2	OTTHUMG00000158687;RP11-641D5.2
OTTHUMG00000017360;RP11-65D24.2	OTTHUMG00000017360;RP11-65D24.2
AC067960.1;OTTHUMG00000153742	AC067960.1;OTTHUMG00000153742
OTTHUMG00000007927;RP5-850O15.3	OTTHUMG00000007927;RP5-850O15.3
PAGE2	PAGE2
OTTHUMG00000041127;RP11-309H21.2	OTTHUMG00000041127;RP11-309H21.2
MIR572	MIR572
DCTN1	DCTN1
POLRMT	POLRMT
OTTHUMG00000155831;SGK110	OTTHUMG00000155831;SGK110
KLC3	KLC3
OTTHUMG00000159421;RP11-169N13.4	OTTHUMG00000159421;RP11-169N13.4
RAB13	RAB13
CACNA1G-AS1	CACNA1G-AS1
OTTHUMG00000162333;RP11-141O11.1	OTTHUMG00000162333;RP11-141O11.1
SH2D1B	SH2D1B
OTTHUMG00000163585;RP11-348M17.2	OTTHUMG00000163585;RP11-348M17.2
OTTHUMG00000158042;RP11-418B12.1	OTTHUMG00000158042;RP11-418B12.1
LOC100287223;PTPRJ	LOC100287223;PTPRJ
KB-1608C10.2;OTTHUMG00000164590	KB-1608C10.2;OTTHUMG00000164590
OTTHUMG00000015634;RP1-38C16.2	OTTHUMG00000015634;RP1-38C16.2
LOC101060193;XAGE2;XAGE2B	LOC101060193;XAGE2;XAGE2B
AC136896.1;OTTHUMG00000056664	AC136896.1;OTTHUMG00000056664
RAB40B	RAB40B
OTTHUMG00000042097;RP11-93N20.1	OTTHUMG00000042097;RP11-93N20.1
CCR7	CCR7
CTB-127C13.1;OTTHUMG00000163565	CTB-127C13.1;OTTHUMG00000163565
DUSP16	DUSP16
CTC-436K13.6;OTTHUMG00000163530	CTC-436K13.6;OTTHUMG00000163530
CTA-204B4.2;OTTHUMG00000164214	CTA-204B4.2;OTTHUMG00000164214
MIR4634	MIR4634
OTOL1;OTTHUMG00000159074;RP11-80B17.1	OTOL1;OTTHUMG00000159074;RP11-80B17.1
DCUN1D2-AS1	DCUN1D2-AS1
LOC100128176;OTTHUMG00000015777;RP11-162J8.2	LOC100128176;OTTHUMG00000015777;RP11-162J8.2
ZNF579	ZNF579
CTRB1	CTRB1
UGT2B15;UGT2B17	UGT2B15;UGT2B17
IL2RG	IL2RG
OTTHUMG00000162998;RP11-284A20.3	OTTHUMG00000162998;RP11-284A20.3
AC106869.2;OTTHUMG00000151712	AC106869.2;OTTHUMG00000151712
OTTHUMG00000157089;RP11-61D3.1	OTTHUMG00000157089;RP11-61D3.1
OTTHUMG00000151104;RP3-370M22.8	OTTHUMG00000151104;RP3-370M22.8
APBB1IP	APBB1IP
NSUN2	NSUN2
OTTHUMG00000002706;RP3-340N1.5	OTTHUMG00000002706;RP3-340N1.5
OTTHUMG00000015958;RP1-54A3.1	OTTHUMG00000015958;RP1-54A3.1
MMP13	MMP13
OR52E2	OR52E2
RILP	RILP
PSG10P	PSG10P
LCE4A	LCE4A
VCX;VCX3A;VCX3B	VCX;VCX3A;VCX3B
CTC-265N9.1;OTTHUMG00000163148	CTC-265N9.1;OTTHUMG00000163148
OR52B2	OR52B2
WASIR1	WASIR1
NCOR1P1	NCOR1P1
MIR155;MIR155HG	MIR155;MIR155HG
NKX2-6	NKX2-6
BTNL2	BTNL2
OTTHUMG00000160551;RP11-386B13.4	OTTHUMG00000160551;RP11-386B13.4
OTTHUMG00000014342;RP11-204E9.1	OTTHUMG00000014342;RP11-204E9.1
BSX	BSX
S100A4	S100A4
LOC101060702;OR2A1;OR2A42	LOC101060702;OR2A1;OR2A42
LINC00691	LINC00691
CTA-397H3.3;OTTHUMG00000164298	CTA-397H3.3;OTTHUMG00000164298
RNA5SP110	RNA5SP110
RASL10A	RASL10A
AC093702.1;OTTHUMG00000152444	AC093702.1;OTTHUMG00000152444
CHRNA4	CHRNA4
CD97	CD97
OTTHUMG00000017569;RP11-464C19.3	OTTHUMG00000017569;RP11-464C19.3
SCG5	SCG5
AP000288.2;OTTHUMG00000065060	AP000288.2;OTTHUMG00000065060
OTTHUMG00000015980;RP1-155D22.1	OTTHUMG00000015980;RP1-155D22.1
DCTN4	DCTN4
OTTHUMG00000018644;RP11-181F12.1	OTTHUMG00000018644;RP11-181F12.1
MYO7A	MYO7A
COMMD3	COMMD3
PSMB1	PSMB1
DMRT2	DMRT2
KRTAP5-6	KRTAP5-6
AC003988.1;OTTHUMG00000156443	AC003988.1;OTTHUMG00000156443
WDR38	WDR38
LOC100507065	LOC100507065
C6orf164	C6orf164
ASCL2	ASCL2
POM121L12	POM121L12
PAGE2B	PAGE2B
OTTHUMG00000020281;RP11-435O5.2	OTTHUMG00000020281;RP11-435O5.2
LINC00608	LINC00608
HCG18	HCG18
EVPL	EVPL
XAGE1A;XAGE1B;XAGE1C;XAGE1D;XAGE1E	XAGE1A;XAGE1B;XAGE1C;XAGE1D;XAGE1E
A4GNT	A4GNT
HRH2	HRH2
OTTHUMG00000016843;RP11-321C24.1	OTTHUMG00000016843;RP11-321C24.1
ACOT4	ACOT4
FANCE	FANCE
MYH8	MYH8
MS4A8	MS4A8
OTTHUMG00000031838;RP5-988G17.1	OTTHUMG00000031838;RP5-988G17.1
GNG7	GNG7
OTTHUMG00000020437;RP11-540H22.2	OTTHUMG00000020437;RP11-540H22.2
MIR92B	MIR92B
GLTSCR1L;KIAA0240	GLTSCR1L;KIAA0240
WTAPP1	WTAPP1
ZMAT4	ZMAT4
ZNF570	ZNF570
OTTHUMG00000162358;RP11-357D18.1	OTTHUMG00000162358;RP11-357D18.1
AC008937.2;OTTHUMG00000059483	AC008937.2;OTTHUMG00000059483
CEP57L1P1	CEP57L1P1
MIR3188	MIR3188
KAT8	KAT8
VAMP7	VAMP7
RNA5SP518	RNA5SP518
SLC27A3	SLC27A3
AC007750.5;OTTHUMG00000153891	AC007750.5;OTTHUMG00000153891
RGS10	RGS10
AC114788.2;FLJ43879;OTTHUMG00000152837	AC114788.2;FLJ43879;OTTHUMG00000152837
IL21	IL21
SLC9C1	SLC9C1
TRBV6-9	TRBV6-9
AC090617.1;OTTHUMG00000132219	AC090617.1;OTTHUMG00000132219
AC007390.5;LOC100505876;OTTHUMG00000152162	AC007390.5;LOC100505876;OTTHUMG00000152162
ZMAT5	ZMAT5
LOC100506792	LOC100506792
FAM90A27P	FAM90A27P
KRT1	KRT1
RNA5SP337	RNA5SP337
LOC100507594	LOC100507594
LMAN2	LMAN2
ARHGAP12	ARHGAP12
LINC00302	LINC00302
OTTHUMG00000016975;RP11-78J21.4;TPTE2P3	OTTHUMG00000016975;RP11-78J21.4;TPTE2P3
HLA-DQB1-AS1	HLA-DQB1-AS1
IGKV3D-11	IGKV3D-11
HTR1F	HTR1F
LOC256880;OTTHUMG00000161022;RP11-15B17.1	LOC256880;OTTHUMG00000161022;RP11-15B17.1
OTTHUMG00000161532;RP11-364P22.2	OTTHUMG00000161532;RP11-364P22.2
IGKV3D-20	IGKV3D-20
TRAV7	TRAV7
AC104777.1;OTTHUMG00000153756	AC104777.1;OTTHUMG00000153756
TCF19	TCF19
TCF19	TCF19
MIR410	MIR410
CTC-329D1.2;OTTHUMG00000163370	CTC-329D1.2;OTTHUMG00000163370
DGKG	DGKG
OTTHUMG00000037825;RP11-66A2.2	OTTHUMG00000037825;RP11-66A2.2
KLHL29	KLHL29
OR9K2	OR9K2
RNA5SP470	RNA5SP470
LINC00102	LINC00102
LINC00102	LINC00102
BZRAP1-AS1	BZRAP1-AS1
OTTHUMG00000018482;RP11-464F9.9	OTTHUMG00000018482;RP11-464F9.9
LACRT	LACRT
LINC00400	LINC00400
MIR132	MIR132
OTTHUMG00000015507;RP11-735G4.1	OTTHUMG00000015507;RP11-735G4.1
LINC00703	LINC00703
ANKRD29	ANKRD29
SPANXB1;SPANXB2;SPANXF1	SPANXB1;SPANXB2;SPANXF1
SPANXB1;SPANXB2;SPANXF1	SPANXB1;SPANXB2;SPANXF1
NYAP1	NYAP1
MGC16142	MGC16142
AP000477.2;OTTHUMG00000078275	AP000477.2;OTTHUMG00000078275
AC007403.1;OTTHUMG00000152852	AC007403.1;OTTHUMG00000152852
OR4D9	OR4D9
AC104076.3;OTTHUMG00000154204	AC104076.3;OTTHUMG00000154204
LINC00918	LINC00918
OXLD1	OXLD1
ZDHHC3	ZDHHC3
MIR498	MIR498
MIR494	MIR494
RAPSN	RAPSN
OTTHUMG00000164966;RP11-785H20.1	OTTHUMG00000164966;RP11-785H20.1
TSSK4	TSSK4
A2M	A2M
OTTHUMG00000021603;RP11-258C19.5	OTTHUMG00000021603;RP11-258C19.5
OTTHUMG00000046152;RP11-181K3.4	OTTHUMG00000046152;RP11-181K3.4
RNA5SP436	RNA5SP436
IGKV2-28	IGKV2-28
AC096669.2;OTTHUMG00000153200	AC096669.2;OTTHUMG00000153200
AP001962.3;OTTHUMG00000161551	AP001962.3;OTTHUMG00000161551
OTTHUMG00000019044;RP11-313D6.3	OTTHUMG00000019044;RP11-313D6.3
PLCH1-AS2	PLCH1-AS2
TPD52	TPD52
DEFB117	DEFB117
RNA5SP45	RNA5SP45
ALOX12	ALOX12
CACNA1C-IT2	CACNA1C-IT2
AC010729.3;OTTHUMG00000151421	AC010729.3;OTTHUMG00000151421
MED4-AS1	MED4-AS1
TUSC5	TUSC5
MIR1260A	MIR1260A
COL27A1	COL27A1
HCG18	HCG18
AC091770.3;OTTHUMG00000155841	AC091770.3;OTTHUMG00000155841
AC019100.3;OTTHUMG00000153177	AC019100.3;OTTHUMG00000153177
PILRB	PILRB
UBE2U	UBE2U
BRDT	BRDT
OTUB2	OTUB2
OR52A1	OR52A1
OR5A1	OR5A1
OTTHUMG00000163315;RP11-136K7.1	OTTHUMG00000163315;RP11-136K7.1
BPIFA4P	BPIFA4P
OTTHUMG00000162515;RP11-5N11.4	OTTHUMG00000162515;RP11-5N11.4
LOC284912;MB	LOC284912;MB
OTTHUMG00000161567;RP11-148B6.2	OTTHUMG00000161567;RP11-148B6.2
PCP4	PCP4
FOSL1	FOSL1
OTTHUMG00000020752;RP11-216B9.6	OTTHUMG00000020752;RP11-216B9.6
FLJ20518;FRG2C	FLJ20518;FRG2C
OTTHUMG00000133119;PIP4K2B;PIP5K2B	OTTHUMG00000133119;PIP4K2B;PIP5K2B
NAPSB	NAPSB
XKRY;XKRY2	XKRY;XKRY2
OTTHUMG00000041441;RP11-289H16.1	OTTHUMG00000041441;RP11-289H16.1
DDX11L2	DDX11L2
MIR185	MIR185
ACRBP	ACRBP
AC104820.2;OTTHUMG00000154205	AC104820.2;OTTHUMG00000154205
FOXR2	FOXR2
MIR3179-3	MIR3179-3
MIR514A2;MIR514A3	MIR514A2;MIR514A3
MIR514A2;MIR514A3	MIR514A2;MIR514A3
PLXND1	PLXND1
MIR890	MIR890
RNU5F-8P	RNU5F-8P
KIAA0895L	KIAA0895L
C9orf92	C9orf92
OPLAH	OPLAH
MIR99B	MIR99B
RASGEF1B	RASGEF1B
OR5H6	OR5H6
TMEM38B	TMEM38B
DUSP4	DUSP4
C19ORF24;C19orf24	C19ORF24;C19orf24
MIR3145	MIR3145
OR1S1	OR1S1
CACFD1	CACFD1
ITGB2-AS1	ITGB2-AS1
OTTHUMG00000008195;RP11-296A18.3	OTTHUMG00000008195;RP11-296A18.3
MIR3190	MIR3190
MMD2	MMD2
PDE8B	PDE8B
CDH13	CDH13
OTTHUMG00000133141;XXyac-YX60D10.1	OTTHUMG00000133141;XXyac-YX60D10.1
TCF24	TCF24
OTTHUMG00000016953;RP11-327P2.5	OTTHUMG00000016953;RP11-327P2.5
RNU5A-6P	RNU5A-6P
HKR1;LOC100507342	HKR1;LOC100507342
HCG18	HCG18
BPY2;BPY2B;BPY2C	BPY2;BPY2B;BPY2C
PCDH20	PCDH20
LOC100507377	LOC100507377
MIR195;MIR497	MIR195;MIR497
RNA5SP417	RNA5SP417
EGFL7	EGFL7
CIRBP-AS1	CIRBP-AS1
GC	GC
AC011247.3;OTTHUMG00000153432	AC011247.3;OTTHUMG00000153432
TRAK2	TRAK2
CTA-833B7.2;OTTHUMG00000150550	CTA-833B7.2;OTTHUMG00000150550
TSR1	TSR1
FLJ45872;OTTHUMG00000164173;RP11-238K6.1	FLJ45872;OTTHUMG00000164173;RP11-238K6.1
GLTPD1	GLTPD1
AC009480.3;OTTHUMG00000150604	AC009480.3;OTTHUMG00000150604
OTTHUMG00000041227;RP11-95P13.2	OTTHUMG00000041227;RP11-95P13.2
IPO7	IPO7
OTTHUMG00000016077;RP5-894D12.3	OTTHUMG00000016077;RP5-894D12.3
TTTY23;TTTY23B	TTTY23;TTTY23B
TTTY23;TTTY23B	TTTY23;TTTY23B
CCHCR1	CCHCR1
ASB7	ASB7
CCDC88B	CCDC88B
MIR511-1;MIR511-2	MIR511-1;MIR511-2
MIR511-1;MIR511-2	MIR511-1;MIR511-2
RNA5SP372	RNA5SP372
TCF21	TCF21
OTTHUMG00000004187;RP4-614N24.1	OTTHUMG00000004187;RP4-614N24.1
CAPN1	CAPN1
ARL6	ARL6
MYLK-AS2	MYLK-AS2
NMNAT1;OTTHUMG00000001801;RP11-807G9.2	NMNAT1;OTTHUMG00000001801;RP11-807G9.2
OTTHUMG00000022178;RP6-149D17.1	OTTHUMG00000022178;RP6-149D17.1
ACTG2	ACTG2
AC092755.4;OTTHUMG00000152880	AC092755.4;OTTHUMG00000152880
VGLL2	VGLL2
MIR337	MIR337
OR52I1	OR52I1
CITED4	CITED4
LOC285556;OTTHUMG00000161583;RP11-766F14.2	LOC285556;OTTHUMG00000161583;RP11-766F14.2
INSL6	INSL6
KLRAP1	KLRAP1
CTB-120L21.1;OTTHUMG00000163482	CTB-120L21.1;OTTHUMG00000163482
OTTHUMG00000020194;RP11-389K14.3	OTTHUMG00000020194;RP11-389K14.3
LINC00919	LINC00919
OTTHUMG00000015106;RP11-445L13__B.3	OTTHUMG00000015106;RP11-445L13__B.3
SYDE1	SYDE1
AC093843.1;OTTHUMG00000153856	AC093843.1;OTTHUMG00000153856
AC004870.3;OTTHUMG00000155549	AC004870.3;OTTHUMG00000155549
FGF14-AS1	FGF14-AS1
CTC-276P9.3;OTTHUMG00000163061	CTC-276P9.3;OTTHUMG00000163061
AC093585.6;OTTHUMG00000151830	AC093585.6;OTTHUMG00000151830
KRT83	KRT83
LGALS13	LGALS13
OTTHUMG00000031606;RP11-536C5.7	OTTHUMG00000031606;RP11-536C5.7
OTTHUMG00000015084;RP1-92C4.2	OTTHUMG00000015084;RP1-92C4.2
GNAQ	GNAQ
CMC4;MTCP1	CMC4;MTCP1
SDAD1P1	SDAD1P1
KRTAP22-1	KRTAP22-1
GAB2	GAB2
DLC1	DLC1
OTTHUMG00000158945;RP11-314M24.1	OTTHUMG00000158945;RP11-314M24.1
ABHD3	ABHD3
OTTHUMG00000163913;RP11-566H8.2	OTTHUMG00000163913;RP11-566H8.2
OTTHUMG00000019281;RP11-140A10.3	OTTHUMG00000019281;RP11-140A10.3
OR13C9	OR13C9
SLC9A2	SLC9A2
KIAA2013	KIAA2013
C19orf25	C19orf25
RNA5SP102	RNA5SP102
GUCA1C	GUCA1C
TUBGCP2	TUBGCP2
PRORSD1P	PRORSD1P
IHH	IHH
PRAMEF7;PRAMEF8	PRAMEF7;PRAMEF8
AC073133.1;LOC285889;OTTHUMG00000151444	AC073133.1;LOC285889;OTTHUMG00000151444
OTTHUMG00000058671;RP11-149F8.5	OTTHUMG00000058671;RP11-149F8.5
ZNF274	ZNF274
IKBKE	IKBKE
EPX	EPX
OTTHUMG00000163453;RP11-423H2.3	OTTHUMG00000163453;RP11-423H2.3
CD19	CD19
IFITM4P	IFITM4P
IFNA22P	IFNA22P
LOC100272216	LOC100272216
GSDMA	GSDMA
MAPK4	MAPK4
OTTHUMG00000031966;RP4-568F9.3	OTTHUMG00000031966;RP4-568F9.3
SNRNP70	SNRNP70
ZSCAN5B	ZSCAN5B
OTTHUMG00000163446;RP11-619L12.3	OTTHUMG00000163446;RP11-619L12.3
MORN3	MORN3
ZFP57	ZFP57
ZNF446	ZNF446
OTTHUMG00000032958;RP11-261N11.8	OTTHUMG00000032958;RP11-261N11.8
SNX3	SNX3
OTTHUMG00000020903;RP11-426A6.5	OTTHUMG00000020903;RP11-426A6.5
OTTHUMG00000016062;RP1-266L20.2	OTTHUMG00000016062;RP1-266L20.2
TSPO	TSPO
BSCL2	BSCL2
OTTHUMG00000020530;RP11-18B16.2	OTTHUMG00000020530;RP11-18B16.2
DHRSX-IT1	DHRSX-IT1
DHRSX-IT1	DHRSX-IT1
TRAV34	TRAV34
MIR3180-1;MIR3180-2;MIR3180-3	MIR3180-1;MIR3180-2;MIR3180-3
CTA-992D9.6;OTTHUMG00000150953	CTA-992D9.6;OTTHUMG00000150953
AF196970.3;OTTHUMG00000021501	AF196970.3;OTTHUMG00000021501
VSTM5	VSTM5
RNU7-51P	RNU7-51P
MIR206	MIR206
NCRUPAR	NCRUPAR
OTTHUMG00000017530;RP11-809C18.3	OTTHUMG00000017530;RP11-809C18.3
DGAT2L7P	DGAT2L7P
OTTHUMG00000018806;RP11-310E22.5	OTTHUMG00000018806;RP11-310E22.5
OR4D1	OR4D1
MCMBP	MCMBP
FBXW4P1	FBXW4P1
MIR409	MIR409
GALM	GALM
ADAM2	ADAM2
DPY19L2P4	DPY19L2P4
CYP7A1	CYP7A1
COL11A2	COL11A2
CLEC4E	CLEC4E
LINC00638	LINC00638
BBC3;MIR3190;MIR3191	BBC3;MIR3190;MIR3191
OTTHUMG00000014082;OTTHUMG00000014092;RP11-495P10.7;RP11-495P10.8	OTTHUMG00000014082;OTTHUMG00000014092;RP11-495P10.7;RP11-495P10.8
AC009518.8;OTTHUMG00000155195	AC009518.8;OTTHUMG00000155195
OTTHUMG00000017736;RP11-461K13.1	OTTHUMG00000017736;RP11-461K13.1
WDFY3-AS1	WDFY3-AS1
ADPRM	ADPRM
RPRML	RPRML
PGCP1	PGCP1
SEC61B	SEC61B
ERVV-1	ERVV-1
LOC100996310;OTTHUMG00000159401;RP11-18H7.1	LOC100996310;OTTHUMG00000159401;RP11-18H7.1
OTTHUMG00000009567;RP11-275A6.1	OTTHUMG00000009567;RP11-275A6.1
VCY;VCY1B	VCY;VCY1B
OR6C75	OR6C75
OTTHUMG00000163627;RP11-439C15.2	OTTHUMG00000163627;RP11-439C15.2
POU1F1	POU1F1
CTA-134P22.2;LOC100131825;OTTHUMG00000037178	CTA-134P22.2;LOC100131825;OTTHUMG00000037178
SLC26A4-AS1	SLC26A4-AS1
SBNO2	SBNO2
PROP1	PROP1
OR51A7	OR51A7
FAM20A	FAM20A
AMPH	AMPH
LUST	LUST
GS1-57L11.1;OTTHUMG00000163609	GS1-57L11.1;OTTHUMG00000163609
USP30-AS1	USP30-AS1
SPRR2F	SPRR2F
MMP3	MMP3
RNY4P4	RNY4P4
OTTHUMG00000162767;RP11-78C3.1	OTTHUMG00000162767;RP11-78C3.1
CFHR4	CFHR4
CTD-3118D11.2;OTTHUMG00000163648	CTD-3118D11.2;OTTHUMG00000163648
GSX1	GSX1
NFATC2	NFATC2
LINC00634	LINC00634
LOC285577;OTTHUMG00000161629;RP11-121L11.1	LOC285577;OTTHUMG00000161629;RP11-121L11.1
TRAV9-1	TRAV9-1
ZNF408	ZNF408
MIR4500	MIR4500
OR2T2	OR2T2
ZNF434;ZSCAN32	ZNF434;ZSCAN32
LINC00498	LINC00498
OTTHUMG00000162758;RP11-58B2.1	OTTHUMG00000162758;RP11-58B2.1
SHFM1	SHFM1
RNY4P6	RNY4P6
ENO1-AS1	ENO1-AS1
OTTHUMG00000031835;RP4-764O22.1	OTTHUMG00000031835;RP4-764O22.1
EFCAB12	EFCAB12
FPR2	FPR2
RNF5;RNF5P1	RNF5;RNF5P1
CWH43	CWH43
RNA5SP23	RNA5SP23
NENF	NENF
FOXI1	FOXI1
TEX33	TEX33
CCNG1	CCNG1
DIO3OS;MIR1247	DIO3OS;MIR1247
TMEM238	TMEM238
AC004837.4;OTTHUMG00000155272	AC004837.4;OTTHUMG00000155272
SH2D1A	SH2D1A
THPO	THPO
SPIN4-AS1	SPIN4-AS1
ABCC5-AS1	ABCC5-AS1
OR5M9	OR5M9
OR52K1	OR52K1
GATM-AS1	GATM-AS1
OTTHUMG00000018537;RP11-180I22.2	OTTHUMG00000018537;RP11-180I22.2
DMRTC1;DMRTC1B	DMRTC1;DMRTC1B
KRT17	KRT17
SUMF2	SUMF2
OTTHUMG00000164774;RP11-809O17.1	OTTHUMG00000164774;RP11-809O17.1
KPRP	KPRP
SHH	SHH
MIR4714	MIR4714
IGKV6D-21	IGKV6D-21
EOGT	EOGT
ICOS	ICOS
CTD-2331D11.3;OTTHUMG00000162575	CTD-2331D11.3;OTTHUMG00000162575
OTTHUMG00000161550;RP11-15B17.4	OTTHUMG00000161550;RP11-15B17.4
BPY2;BPY2B;BPY2C	BPY2;BPY2B;BPY2C
LOC340515;OTTHUMG00000020197;RP11-555F9.2	LOC340515;OTTHUMG00000020197;RP11-555F9.2
GAGE2A;GAGE2C	GAGE2A;GAGE2C
UPP2-IT1	UPP2-IT1
APOM	APOM
SNORD66	SNORD66
NMNAT2	NMNAT2
LOC644172	LOC644172
ZNF346	ZNF346
AC003986.6;OTTHUMG00000152496	AC003986.6;OTTHUMG00000152496
MOBP	MOBP
FOXD4L3;FOXD4L6	FOXD4L3;FOXD4L6
OTTHUMG00000160753;RP11-588L15.2	OTTHUMG00000160753;RP11-588L15.2
CTC-338M12.3;LOC100507602;OTTHUMG00000163002	CTC-338M12.3;LOC100507602;OTTHUMG00000163002
KIAA0146;LOC100996383	KIAA0146;LOC100996383
C9orf169	C9orf169
LOC728084	LOC728084
CCDC89	CCDC89
RBMY1F;RBMY1J	RBMY1F;RBMY1J
ABL2	ABL2
AC005154.6;OTTHUMG00000152788	AC005154.6;OTTHUMG00000152788
MPC2	MPC2
RAG2	RAG2
ARIH2OS	ARIH2OS
AC009542.2;OTTHUMG00000155446	AC009542.2;OTTHUMG00000155446
RING1	RING1
THRB-IT1	THRB-IT1
OTTHUMG00000020140;RP11-395D3.1	OTTHUMG00000020140;RP11-395D3.1
CCDC81	CCDC81
LOC574538	LOC574538
RNU6-74	RNU6-74
OR2J2	OR2J2
OR2J2	OR2J2
OR2J2	OR2J2
OR2J2	OR2J2
PNMAL1	PNMAL1
BX322557.13;OTTHUMG00000090402	BX322557.13;OTTHUMG00000090402
C8orf56	C8orf56
CCR5	CCR5
C19orf68	C19orf68
WDR75	WDR75
DAPP1	DAPP1
PRSS1	PRSS1
MIR1263	MIR1263
BIRC8	BIRC8
BPY2;BPY2B;BPY2C	BPY2;BPY2B;BPY2C
MIR3689D2	MIR3689D2
OTTHUMG00000009145;RP11-335E6.3	OTTHUMG00000009145;RP11-335E6.3
OTTHUMG00000019594;RP11-132E11.2	OTTHUMG00000019594;RP11-132E11.2
BANF2	BANF2
AP000476.1;OTTHUMG00000078326	AP000476.1;OTTHUMG00000078326
AC133633.1;OTTHUMG00000163633	AC133633.1;OTTHUMG00000163633
C1QTNF9B-AS1	C1QTNF9B-AS1
C6orf120	C6orf120
OTTHUMG00000157223;RP11-645N11.3	OTTHUMG00000157223;RP11-645N11.3
MIR3201	MIR3201
MIR4280	MIR4280
RNY4P26	RNY4P26
AC073236.3;OTTHUMG00000151464	AC073236.3;OTTHUMG00000151464
OTTHUMG00000148697;XXbac-BPG308J9.3	OTTHUMG00000148697;XXbac-BPG308J9.3
LOC100505550	LOC100505550
FCGBP	FCGBP
OTTHUMG00000037775;RP11-56N19.5	OTTHUMG00000037775;RP11-56N19.5
RNY3P9	RNY3P9
OTTHUMG00000007961;RP11-330M19.1	OTTHUMG00000007961;RP11-330M19.1
AC016999.2;OTTHUMG00000152867	AC016999.2;OTTHUMG00000152867
CCDC57	CCDC57
OTTHUMG00000156952;RP5-1006K12.1	OTTHUMG00000156952;RP5-1006K12.1
NAGLU	NAGLU
RPL30	RPL30
BSN-AS2	BSN-AS2
LOC100506123	LOC100506123
OTTHUMG00000013290;RP11-399F4.4	OTTHUMG00000013290;RP11-399F4.4
DSN1	DSN1
ASB4	ASB4
XIRP2-AS1	XIRP2-AS1
HEYL	HEYL
CEBPA	CEBPA
NEU1	NEU1
ZNF599	ZNF599
LRPAP1	LRPAP1
DEFA1;DEFA1B	DEFA1;DEFA1B
OTTHUMG00000153514;RP11-252M18.3	OTTHUMG00000153514;RP11-252M18.3
HCG17	HCG17
OTTHUMG00000163916;RP11-566H8.3	OTTHUMG00000163916;RP11-566H8.3
PTPRU	PTPRU
LOC729739	LOC729739
OTTHUMG00000020294;RP11-240L7.4	OTTHUMG00000020294;RP11-240L7.4
C1QB	C1QB
CRISP2	CRISP2
SNORD53	SNORD53
OTTHUMG00000017631;RP5-1031D4.2	OTTHUMG00000017631;RP5-1031D4.2
SNRNP27	SNRNP27
EIF4G3	EIF4G3
OTTHUMG00000032473;RP4-644L1.2	OTTHUMG00000032473;RP4-644L1.2
APBB1	APBB1
LOC101060082;OTTHUMG00000002915;RP4-758J18.10	LOC101060082;OTTHUMG00000002915;RP4-758J18.10
TSNARE1	TSNARE1
LINC00411	LINC00411
LINC00423	LINC00423
LOC340357	LOC340357
RNY4	RNY4
LHFPL4	LHFPL4
LINC00639	LINC00639
RNU7-55P	RNU7-55P
BACE1	BACE1
OTTHUMG00000163667;RP11-115J16.3	OTTHUMG00000163667;RP11-115J16.3
FNDC3A	FNDC3A
OTTHUMG00000018931;RP11-107I14.5	OTTHUMG00000018931;RP11-107I14.5
GAPDHS	GAPDHS
TIGD1L2;TOPORS-AS1	TIGD1L2;TOPORS-AS1
TAAR5	TAAR5
C6orf225;FAM229B	C6orf225;FAM229B
CTA-360L10.1;OTTHUMG00000157643	CTA-360L10.1;OTTHUMG00000157643
LINC00320	LINC00320
MIR204	MIR204
OR51I2	OR51I2
OTTHUMG00000163964;RP11-258J10.1	OTTHUMG00000163964;RP11-258J10.1
RNA5SP464	RNA5SP464
NEU1	NEU1
NEU1	NEU1
NEU1	NEU1
NEU1	NEU1
NEU1	NEU1
NEU1	NEU1
NEU1	NEU1
CCDC17	CCDC17
OTTHUMG00000165027;RP11-622O11.4	OTTHUMG00000165027;RP11-622O11.4
HHIPL1	HHIPL1
OTTHUMG00000016476;RP11-301J16.7	OTTHUMG00000016476;RP11-301J16.7
RELT	RELT
MIR4299	MIR4299
FAM105A	FAM105A
GUSBP10	GUSBP10
TSSC1-IT1	TSSC1-IT1
TUBB4A	TUBB4A
SOD3	SOD3
AP001044.2;OTTHUMG00000086699	AP001044.2;OTTHUMG00000086699
OR2G2	OR2G2
CTD-2666L21.1;OTTHUMG00000156425	CTD-2666L21.1;OTTHUMG00000156425
PLK3	PLK3
OTTHUMG00000009344;RP11-180O5.2	OTTHUMG00000009344;RP11-180O5.2
INO80E	INO80E
SI	SI
WASL	WASL
OTTHUMG00000161425;RP11-102N12.2	OTTHUMG00000161425;RP11-102N12.2
ADD1	ADD1
OTTHUMG00000018146;RP11-463P17.3	OTTHUMG00000018146;RP11-463P17.3
SLC25A51P2;SLC25A52	SLC25A51P2;SLC25A52
RNA5SP34	RNA5SP34
OTTHUMG00000164272;RP11-246K15.1	OTTHUMG00000164272;RP11-246K15.1
LOC100507109	LOC100507109
OTTHUMG00000161536;RP11-597D13.1	OTTHUMG00000161536;RP11-597D13.1
OTTHUMG00000037977;RP5-855F14.2	OTTHUMG00000037977;RP5-855F14.2
MIR520B	MIR520B
C1orf172	C1orf172
OTTHUMG00000161181;RP11-145G20.1	OTTHUMG00000161181;RP11-145G20.1
F8A1;F8A2;F8A3	F8A1;F8A2;F8A3
FAM90A7P	FAM90A7P
COMP	COMP
TRDC;TRDJ1;TRDJ2;TRDJ3;TRDJ4	TRDC;TRDJ1;TRDJ2;TRDJ3;TRDJ4
AL109761.5;CHODL;OTTHUMG00000074504	AL109761.5;CHODL;OTTHUMG00000074504
DRD3	DRD3
SSX3	SSX3
OTTHUMG00000015255;RP11-436D23.1	OTTHUMG00000015255;RP11-436D23.1
ZSCAN4	ZSCAN4
KCNQ2	KCNQ2
AL109763.1;OTTHUMG00000074548	AL109763.1;OTTHUMG00000074548
ZNF780A	ZNF780A
CTC-367F4.1;OTTHUMG00000163345	CTC-367F4.1;OTTHUMG00000163345
HCG18	HCG18
AGAP10;AGAP11;AGAP5;BMS1P4;LOC101060581;OTTHUMG00000018474;RP11-464F9.1	AGAP10;AGAP11;AGAP5;BMS1P4;LOC101060581;OTTHUMG00000018474;RP11-464F9.1
LOC100499194	LOC100499194
SPIC	SPIC
DEFB128	DEFB128
RNA5SP364	RNA5SP364
OTTHUMG00000156396;RP11-132N15.1	OTTHUMG00000156396;RP11-132N15.1
OTTHUMG00000031374;RP11-565P22.2	OTTHUMG00000031374;RP11-565P22.2
CXADRP2	CXADRP2
WNT5A-AS1	WNT5A-AS1
ABP1	ABP1
CDRT15L2	CDRT15L2
IPO8	IPO8
MIR604	MIR604
CYP4F8	CYP4F8
CA7	CA7
AAR2	AAR2
TLR10	TLR10
LOC401242;OTTHUMG00000084882;XXbac-BPG308K3.6	LOC401242;OTTHUMG00000084882;XXbac-BPG308K3.6
LOC401242;OTTHUMG00000148687;XXbac-BPG308K3.6	LOC401242;OTTHUMG00000148687;XXbac-BPG308K3.6
LOC401242;OTTHUMG00000148851;XXbac-BPG308K3.6	LOC401242;OTTHUMG00000148851;XXbac-BPG308K3.6
LOC401242;OTTHUMG00000149130;XXbac-BPG308K3.6	LOC401242;OTTHUMG00000149130;XXbac-BPG308K3.6
LOC401242;OTTHUMG00000004759;XXbac-BPG308K3.6	LOC401242;OTTHUMG00000004759;XXbac-BPG308K3.6
RABEP1	RABEP1
AC011243.1;OTTHUMG00000153665	AC011243.1;OTTHUMG00000153665
OTTHUMG00000160346;RP11-240A16.1	OTTHUMG00000160346;RP11-240A16.1
OTTHUMG00000033156;RP11-297K8.2	OTTHUMG00000033156;RP11-297K8.2
TMBIM6	TMBIM6
OTTHUMG00000164520;RP11-1145L24.1	OTTHUMG00000164520;RP11-1145L24.1
SUGT1	SUGT1
EYA3-IT1	EYA3-IT1
EGFR	EGFR
CNTN4-AS1	CNTN4-AS1
OTTHUMG00000163008;RP11-425E13.1	OTTHUMG00000163008;RP11-425E13.1
APLNR	APLNR
PORCN	PORCN
IVL	IVL
GAGE2A;GAGE2C;GAGE2D;GAGE2E;GAGE8	GAGE2A;GAGE2C;GAGE2D;GAGE2E;GAGE8
IQSEC3;LOC100996825	IQSEC3;LOC100996825
KRTAP4-11	KRTAP4-11
OTTHUMG00000162030;RP11-6L6.7	OTTHUMG00000162030;RP11-6L6.7
OR11H4	OR11H4
FLJ39080;OTTHUMG00000164511;RP11-758M4.1	FLJ39080;OTTHUMG00000164511;RP11-758M4.1
PCDH18	PCDH18
MIR1302-4	MIR1302-4
NEIL2	NEIL2
AC068535.2;OTTHUMG00000153047	AC068535.2;OTTHUMG00000153047
KRTAP13-4	KRTAP13-4
CTA-392E5.1;OTTHUMG00000163604	CTA-392E5.1;OTTHUMG00000163604
AP001062.7;OTTHUMG00000086919	AP001062.7;OTTHUMG00000086919
ZCCHC5	ZCCHC5
PPP1R36	PPP1R36
OTTHUMG00000037839;RP1-43E13.2	OTTHUMG00000037839;RP1-43E13.2
GSDMC	GSDMC
MIR4540	MIR4540
TTTY21;TTTY21B	TTTY21;TTTY21B
TTTY21;TTTY21B	TTTY21;TTTY21B
RNA5SP159	RNA5SP159
ABHD12B;MIR4454	ABHD12B;MIR4454
ZSCAN18	ZSCAN18
LOC643723;OTTHUMG00000041228;RP11-135J2.4	LOC643723;OTTHUMG00000041228;RP11-135J2.4
SNORD35B	SNORD35B
GYG1	GYG1
MOB2	MOB2
SS18L1	SS18L1
FKBPL	FKBPL
OTTHUMG00000008075;RP11-117D22.1	OTTHUMG00000008075;RP11-117D22.1
OTTHUMG00000015045;RP11-554D15.4	OTTHUMG00000015045;RP11-554D15.4
AC016909.1;OTTHUMG00000153667	AC016909.1;OTTHUMG00000153667
ERICH1	ERICH1
PIK3R4	PIK3R4
MIR129-1	MIR129-1
OTTHUMG00000033140;RP11-320G24.1	OTTHUMG00000033140;RP11-320G24.1
LOC284080;OTTHUMG00000161891;RP11-1094H24.4	LOC284080;OTTHUMG00000161891;RP11-1094H24.4
TRAPPC1	TRAPPC1
NKG7	NKG7
WISP3	WISP3
NKX2-2-AS1	NKX2-2-AS1
LOC100169752;OTTHUMG00000019227;RP11-118H17.1	LOC100169752;OTTHUMG00000019227;RP11-118H17.1
OR2B2	OR2B2
UBXN8	UBXN8
OTTHUMG00000015558;RP11-102N11.1	OTTHUMG00000015558;RP11-102N11.1
OTTHUMG00000159246;RP11-90K6.1	OTTHUMG00000159246;RP11-90K6.1
MIR3074	MIR3074
TPD52L2	TPD52L2
SPRR4	SPRR4
CDH4	CDH4
FAM197Y1	FAM197Y1
C9orf163	C9orf163
ANKRD60	ANKRD60
LOC100507498	LOC100507498
GTF2A1L;STON1;STON1-GTF2A1L	GTF2A1L;STON1;STON1-GTF2A1L
TMEM181	TMEM181
OTTHUMG00000010261;RP4-604K5.2	OTTHUMG00000010261;RP4-604K5.2
AC009492.1;OTTHUMG00000155286	AC009492.1;OTTHUMG00000155286
FAM194A	FAM194A
AC105393.2;OTTHUMG00000151358	AC105393.2;OTTHUMG00000151358
OTTHUMG00000160053;RP11-774O3.3	OTTHUMG00000160053;RP11-774O3.3
CFLAR-AS1	CFLAR-AS1
WFDC9	WFDC9
SERPINB7	SERPINB7
BCKDHA	BCKDHA
PRKCD	PRKCD
OR2W5	OR2W5
OTTHUMG00000000507;RP5-887A10.1	OTTHUMG00000000507;RP5-887A10.1
MGC4294	MGC4294
LRIG1	LRIG1
AC004069.2;OTTHUMG00000160994	AC004069.2;OTTHUMG00000160994
VAMP3	VAMP3
CSMD1	CSMD1
MIR518E	MIR518E
OTTHUMG00000165076;RP11-973F15.1	OTTHUMG00000165076;RP11-973F15.1
FCGR1A;FCGR1B	FCGR1A;FCGR1B
COMTD1	COMTD1
PTENP1	PTENP1
OR10C1	OR10C1
OTTHUMG00000161378;RP11-563E2.2	OTTHUMG00000161378;RP11-563E2.2
OR4S1	OR4S1
AC093642.1;OTTHUMG00000133420	AC093642.1;OTTHUMG00000133420
ANKUB1	ANKUB1
MIR570	MIR570
OTTHUMG00000156274;RP11-196D18.1	OTTHUMG00000156274;RP11-196D18.1
OTTHUMG00000163741;RP11-386D6.2	OTTHUMG00000163741;RP11-386D6.2
OTTHUMG00000014802;RP11-550C4.6	OTTHUMG00000014802;RP11-550C4.6
GRIK5	GRIK5
KCMF1	KCMF1
OTTHUMG00000149071;XXbac-BPG254F23.7	OTTHUMG00000149071;XXbac-BPG254F23.7
OTTHUMG00000149586;XXbac-BPG254F23.7	OTTHUMG00000149586;XXbac-BPG254F23.7
OTTHUMG00000034448;RP11-342M3.1	OTTHUMG00000034448;RP11-342M3.1
OTTHUMG00000031922;RP11-388K2.1	OTTHUMG00000031922;RP11-388K2.1
MCHR2	MCHR2
TRGV10	TRGV10
LINC00184	LINC00184
RNA5SP96	RNA5SP96
OTTHUMG00000039470;RP5-1068B5.3	OTTHUMG00000039470;RP5-1068B5.3
OTTHUMG00000085915;XXbac-BCX196D17.5	OTTHUMG00000085915;XXbac-BCX196D17.5
OTTHUMG00000085771;XXbac-BCX196D17.5	OTTHUMG00000085771;XXbac-BCX196D17.5
OTTHUMG00000149115;XXbac-BCX196D17.5	OTTHUMG00000149115;XXbac-BCX196D17.5
OTTHUMG00000149371;XXbac-BCX196D17.5	OTTHUMG00000149371;XXbac-BCX196D17.5
OTTHUMG00000005007;XXbac-BCX196D17.5	OTTHUMG00000005007;XXbac-BCX196D17.5
OTTHUMG00000085951;XXbac-BCX196D17.5	OTTHUMG00000085951;XXbac-BCX196D17.5
CCDC178	CCDC178
OTTHUMG00000156990;RP4-797C5.2	OTTHUMG00000156990;RP4-797C5.2
CHRNA10	CHRNA10
MIR3529	MIR3529
RAB30	RAB30
IL20RB-AS1	IL20RB-AS1
DMD	DMD
AP006216.10;OTTHUMG00000150017	AP006216.10;OTTHUMG00000150017
AC008060.7;LOC401437;OTTHUMG00000151350	AC008060.7;LOC401437;OTTHUMG00000151350
MLIP-AS1	MLIP-AS1
CELSR3;MIR4793	CELSR3;MIR4793
IGKV1-8	IGKV1-8
LINC00343	LINC00343
ERLIN2	ERLIN2
IGHV1-46	IGHV1-46
OR10C1	OR10C1
OR10C1	OR10C1
OR10C1	OR10C1
RNA5SP80	RNA5SP80
SDR42E1	SDR42E1
DEFB127	DEFB127
TAB3-AS2	TAB3-AS2
COL11A2	COL11A2
DCAF8L2	DCAF8L2
ZFR2	ZFR2
POLE3	POLE3
RFNG	RFNG
NXF3	NXF3
BVES-AS1	BVES-AS1
HABP2	HABP2
MIR3943	MIR3943
NRN1	NRN1
OTTHUMG00000018785;RP11-391J2.3	OTTHUMG00000018785;RP11-391J2.3
AGO2;EIF2C2;OTTHUMG00000164220;RP11-642A1.2	AGO2;EIF2C2;OTTHUMG00000164220;RP11-642A1.2
TTTY8;TTTY8B	TTTY8;TTTY8B
TTTY8;TTTY8B	TTTY8;TTTY8B
CALM1;CALM2;CALM3	CALM1;CALM2;CALM3
IK;MIR3655	IK;MIR3655
MIR1278	MIR1278
NPSR1-AS1	NPSR1-AS1
FRS3	FRS3
SLC26A8	SLC26A8
OTTHUMG00000014898;RP11-524H19.2	OTTHUMG00000014898;RP11-524H19.2
AGFG1	AGFG1
HOXA13	HOXA13
OTTHUMG00000158299;RP11-225N10.1	OTTHUMG00000158299;RP11-225N10.1
PRAMEF5;PRAMEF6	PRAMEF5;PRAMEF6
LINC-ROR	LINC-ROR
CDK12	CDK12
P2RY8	P2RY8
P2RY8	P2RY8
OTTHUMG00000020399;RP11-341A22.2	OTTHUMG00000020399;RP11-341A22.2
LINC00460	LINC00460
AC018737.1;LOC254128;OTTHUMG00000153332	AC018737.1;LOC254128;OTTHUMG00000153332
HOXD13	HOXD13
AP000477.3;OTTHUMG00000078273	AP000477.3;OTTHUMG00000078273
AC007879.6;OTTHUMG00000154784	AC007879.6;OTTHUMG00000154784
CTB-118N6.2;OTTHUMG00000162882	CTB-118N6.2;OTTHUMG00000162882
PLEKHM2	PLEKHM2
PROX2	PROX2
AC144525.1;OTTHUMG00000152844	AC144525.1;OTTHUMG00000152844
C6orf15	C6orf15
OTTHUMG00000032135;RP13-401N8.1	OTTHUMG00000032135;RP13-401N8.1
SLC16A11	SLC16A11
BSPH1	BSPH1
SNORA78	SNORA78
C11orf74	C11orf74
DDX17	DDX17
OTTHUMG00000160720;RP11-376O6.2	OTTHUMG00000160720;RP11-376O6.2
ZFP82	ZFP82
ARMC2-AS1	ARMC2-AS1
SEC24B-AS1	SEC24B-AS1
KCTD18	KCTD18
SERPINA12	SERPINA12
MGST2	MGST2
RRP9	RRP9
OR4C45	OR4C45
OTTHUMG00000003682;RP4-591L5.1	OTTHUMG00000003682;RP4-591L5.1
OTTHUMG00000163858;RP11-13N12.1	OTTHUMG00000163858;RP11-13N12.1
AC092580.4;OTTHUMG00000151591	AC092580.4;OTTHUMG00000151591
OTTHUMG00000021548;RP11-363G10.2	OTTHUMG00000021548;RP11-363G10.2
FAM96B	FAM96B
LINC00422	LINC00422
OR5K1	OR5K1
OTTHUMG00000164278;RP11-527N22.2	OTTHUMG00000164278;RP11-527N22.2
AC073236.3;OTTHUMG00000151464	AC073236.3;OTTHUMG00000151464
OTTHUMG00000160281;RP11-302F12.3	OTTHUMG00000160281;RP11-302F12.3
OTTHUMG00000017334;RP11-54H7.2	OTTHUMG00000017334;RP11-54H7.2
OTTHUMG00000163836;RP11-219J21.2	OTTHUMG00000163836;RP11-219J21.2
ACTR3BP5	ACTR3BP5
FBXW8	FBXW8
SHANK2-AS3	SHANK2-AS3
MBD3L1	MBD3L1
OTTHUMG00000045026;RP11-257I14.1	OTTHUMG00000045026;RP11-257I14.1
AC007106.1;OTTHUMG00000161695	AC007106.1;OTTHUMG00000161695
CYB5D2	CYB5D2
PEG10	PEG10
OTTHUMG00000161600;RP11-259O2.2	OTTHUMG00000161600;RP11-259O2.2
OTTHUMG00000158656;RP11-884K10.5;SELK	OTTHUMG00000158656;RP11-884K10.5;SELK
OTTHUMG00000014954;RP11-59D5__B.2	OTTHUMG00000014954;RP11-59D5__B.2
LINC00628	LINC00628
AC009303.1;OTTHUMG00000058519	AC009303.1;OTTHUMG00000058519
GRIA4	GRIA4
SIRPA	SIRPA
PKMYT1	PKMYT1
OR5M10	OR5M10
DUX4;DUX4L	DUX4;DUX4L
CSPG4P1Y	CSPG4P1Y
CSPG4P1Y;CSPG4P2Y	CSPG4P1Y;CSPG4P2Y
BHLHE23	BHLHE23
CTD-2296D1.5;OTTHUMG00000161895	CTD-2296D1.5;OTTHUMG00000161895
AP002856.7;OTTHUMG00000150045	AP002856.7;OTTHUMG00000150045
GUCY1B3	GUCY1B3
ETS2	ETS2
LOC400768;OTTHUMG00000039829;RP11-131J3.1	LOC400768;OTTHUMG00000039829;RP11-131J3.1
LOC400768;OTTHUMG00000011319;RP11-483I13.2	LOC400768;OTTHUMG00000011319;RP11-483I13.2
MIR585	MIR585
RNU6-83P	RNU6-83P
TENM3	TENM3
OTTHUMG00000162564;RP11-241G9.3	OTTHUMG00000162564;RP11-241G9.3
OTTHUMG00000134272;XXbac-BPG181B23.4	OTTHUMG00000134272;XXbac-BPG181B23.4
OTTHUMG00000164850;RP11-419K12.1	OTTHUMG00000164850;RP11-419K12.1
HSBP1L1	HSBP1L1
SHC4	SHC4
OTTHUMG00000032377;RP11-234K24.3	OTTHUMG00000032377;RP11-234K24.3
FGF6	FGF6
OTTHUMG00000160485;RP11-213G21.2	OTTHUMG00000160485;RP11-213G21.2
MBOAT4	MBOAT4
OCIAD1-AS1	OCIAD1-AS1
OTTHUMG00000018320;RP11-170M17.1	OTTHUMG00000018320;RP11-170M17.1
SHBG	SHBG
OTTHUMG00000163670;RP11-684N3.1	OTTHUMG00000163670;RP11-684N3.1
LINC00633	LINC00633
OTTHUMG00000014832;RP3-336H9.2;TFAP2D	OTTHUMG00000014832;RP3-336H9.2;TFAP2D
LOC283335	LOC283335
AC007036.6;OTTHUMG00000152762	AC007036.6;OTTHUMG00000152762
KCNC1	KCNC1
PPAT	PPAT
AC013733.3;OTTHUMG00000154314	AC013733.3;OTTHUMG00000154314
KLHL26	KLHL26
OTTHUMG00000019173;RP11-159H3.2	OTTHUMG00000019173;RP11-159H3.2
SPANXA1;SPANXA2	SPANXA1;SPANXA2
IL4	IL4
CTC-467M3.3;OTTHUMG00000162631	CTC-467M3.3;OTTHUMG00000162631
OTTHUMG00000019116;RP11-501J20.2	OTTHUMG00000019116;RP11-501J20.2
AC000036.4;LOC100506917;OTTHUMG00000150170	AC000036.4;LOC100506917;OTTHUMG00000150170
RNA5SP297	RNA5SP297
RNY4P14	RNY4P14
SMOX	SMOX
OTTHUMG00000157190;RP5-1121A15.3	OTTHUMG00000157190;RP5-1121A15.3
CTC-228N24.1;LOC728586;OTTHUMG00000163284	CTC-228N24.1;LOC728586;OTTHUMG00000163284
NMD3	NMD3
OTTHUMG00000156144;RP11-372H2.1	OTTHUMG00000156144;RP11-372H2.1
OTTHUMG00000014089;RP11-495P10.5	OTTHUMG00000014089;RP11-495P10.5
SHANK2-AS2	SHANK2-AS2
MMP27	MMP27
GSTO1	GSTO1
PLTP	PLTP
SCTR	SCTR
OTTHUMG00000017116;POU4F1-AS1;RP11-203P2.1	OTTHUMG00000017116;POU4F1-AS1;RP11-203P2.1
IGHV5-78	IGHV5-78
CNBD2	CNBD2
OTTHUMG00000014751;RP11-344J7.2	OTTHUMG00000014751;RP11-344J7.2
OTTHUMG00000160386;RP11-617D20.1	OTTHUMG00000160386;RP11-617D20.1
GIMD1	GIMD1
NTHL1	NTHL1
OTTHUMG00000156273;RP5-905H7.8	OTTHUMG00000156273;RP5-905H7.8
OTTHUMG00000156386;RP11-73B2.4	OTTHUMG00000156386;RP11-73B2.4
MACROD2	MACROD2
AC012451.1;OTTHUMG00000153416	AC012451.1;OTTHUMG00000153416
LOC100506609;OTTHUMG00000162317;RP11-700H6.1	LOC100506609;OTTHUMG00000162317;RP11-700H6.1
PLEKHA4	PLEKHA4
OTTHUMG00000036265;RP11-372M18.1	OTTHUMG00000036265;RP11-372M18.1
AC007743.1;LOC100129434;OTTHUMG00000152032	AC007743.1;LOC100129434;OTTHUMG00000152032
GAGE12B;GAGE12C;GAGE12D;GAGE12E;GAGE12F;GAGE12G;GAGE12I;GAGE7	GAGE12B;GAGE12C;GAGE12D;GAGE12E;GAGE12F;GAGE12G;GAGE12I;GAGE7
OTTHUMG00000015401;RP11-367G18.1	OTTHUMG00000015401;RP11-367G18.1
NAV2-AS3	NAV2-AS3
TCF7L1-IT1	TCF7L1-IT1
PRSS41	PRSS41
OTTHUMG00000010851;RP11-57H12.5	OTTHUMG00000010851;RP11-57H12.5
DPPA2	DPPA2
FAM90A13P;FAM90A14P	FAM90A13P;FAM90A14P
MEAF6	MEAF6
TBX21	TBX21
LOC100506948;SNORD107;SNORD115-13;SNORD115-26;SNORD115-7;SNORD116-28	LOC100506948;SNORD107;SNORD115-13;SNORD115-26;SNORD115-7;SNORD116-28
TMCC1	TMCC1
ACTL9	ACTL9
AC006077.3;OTTHUMG00000163060	AC006077.3;OTTHUMG00000163060
KCNJ15	KCNJ15
MIR4284	MIR4284
LINC00676	LINC00676
OTTHUMG00000015931;RP11-125D12.2	OTTHUMG00000015931;RP11-125D12.2
OTTHUMG00000017731;RP11-25G10.2	OTTHUMG00000017731;RP11-25G10.2
DPYSL2	DPYSL2
OTTHUMG00000159333;RP11-553L6.2	OTTHUMG00000159333;RP11-553L6.2
OTTHUMG00000160529;RP11-457P14.5	OTTHUMG00000160529;RP11-457P14.5
GPBAR1	GPBAR1
CALHM1	CALHM1
SCG3	SCG3
AC002064.4;OTTHUMG00000063537	AC002064.4;OTTHUMG00000063537
RNA5SP108	RNA5SP108
MIRLET7D	MIRLET7D
SMIM4	SMIM4
RBMY1A1;RBMY1B;RBMY1D;RBMY1E	RBMY1A1;RBMY1B;RBMY1D;RBMY1E
GS1-278J22.2;OTTHUMG00000156038	GS1-278J22.2;OTTHUMG00000156038
KIR3DL3	KIR3DL3
LINC00449	LINC00449
MYH6	MYH6
OTTHUMG00000020527;RP11-168K11.2	OTTHUMG00000020527;RP11-168K11.2
CST5	CST5
AC010091.1;OTTHUMG00000155403	AC010091.1;OTTHUMG00000155403
HSPA12B	HSPA12B
RASL11A	RASL11A
VN1R4	VN1R4
OTTHUMG00000020240;RP11-274J16.5	OTTHUMG00000020240;RP11-274J16.5
ZDHHC8	ZDHHC8
AC093642.3;OTTHUMG00000151373	AC093642.3;OTTHUMG00000151373
OTTHUMG00000159392;RP11-88H10.3	OTTHUMG00000159392;RP11-88H10.3
LUC7L3	LUC7L3
SBF1P1	SBF1P1
OTTHUMG00000014288;RP11-330A16.1	OTTHUMG00000014288;RP11-330A16.1
MAGEB6	MAGEB6
ARHGAP35	ARHGAP35
OTTHUMG00000160721;RP11-487E13.1	OTTHUMG00000160721;RP11-487E13.1
ACTA2	ACTA2
MS4A6E	MS4A6E
DALRD3	DALRD3
CRYGA	CRYGA
MIR4693	MIR4693
ZCCHC13	ZCCHC13
OTTHUMG00000021599;RP11-236P24.3	OTTHUMG00000021599;RP11-236P24.3
OTTHUMG00000156432;RP11-70C1.3	OTTHUMG00000156432;RP11-70C1.3
OTTHUMG00000159469;RP11-500K19.1	OTTHUMG00000159469;RP11-500K19.1
OTTHUMG00000156060;RP11-142A5.1	OTTHUMG00000156060;RP11-142A5.1
DLX6-AS2	DLX6-AS2
KDM4D	KDM4D
AC097713.3;OTTHUMG00000153158	AC097713.3;OTTHUMG00000153158
DEFB113	DEFB113
GUCY1B2	GUCY1B2
OTTHUMG00000032037;RP5-1097P24.1	OTTHUMG00000032037;RP5-1097P24.1
COL11A2	COL11A2
LTB	LTB
LTB	LTB
LTB	LTB
LTB	LTB
LTB	LTB
OTTHUMG00000017877;RP11-478H13.3	OTTHUMG00000017877;RP11-478H13.3
RNA5SP491	RNA5SP491
AC011306.1;OTTHUMG00000152028	AC011306.1;OTTHUMG00000152028
TTLL3	TTLL3
AL450992.2;LOC100132111;OTTHUMG00000013071	AL450992.2;LOC100132111;OTTHUMG00000013071
RNU1-15P	RNU1-15P
OTTHUMG00000157094;RP5-1101C3.1	OTTHUMG00000157094;RP5-1101C3.1
RNA5SP261	RNA5SP261
CD244	CD244
ALPPL2	ALPPL2
OR4C5	OR4C5
RNA5SP458	RNA5SP458
OTTHUMG00000008920;RP11-334A14.5	OTTHUMG00000008920;RP11-334A14.5
ITPR2	ITPR2
CTD-2547L16.1;OTTHUMG00000163728	CTD-2547L16.1;OTTHUMG00000163728
SMIM18	SMIM18
OTTHUMG00000033016;RP13-152O15.5;TCEA2	OTTHUMG00000033016;RP13-152O15.5;TCEA2
TMCO2	TMCO2
APEX2	APEX2
CPB2	CPB2
AC007179.1;OTTHUMG00000152616	AC007179.1;OTTHUMG00000152616
CLCA1	CLCA1
IL11	IL11
ATP8B1	ATP8B1
RGPD1;RGPD2	RGPD1;RGPD2
CDK19	CDK19
LOC100130111	LOC100130111
OTTHUMG00000162350;RP11-83M16.6	OTTHUMG00000162350;RP11-83M16.6
PPP1R35	PPP1R35
PSTPIP1	PSTPIP1
OTTHUMG00000159132;RP11-439C8.2	OTTHUMG00000159132;RP11-439C8.2
MIR4636	MIR4636
BCAS1	BCAS1
OTTHUMG00000015263;RP11-98I9.4	OTTHUMG00000015263;RP11-98I9.4
CTD-2151A2.1;OTTHUMG00000162763	CTD-2151A2.1;OTTHUMG00000162763
RNA5SP130	RNA5SP130
AC007392.4;OTTHUMG00000152839	AC007392.4;OTTHUMG00000152839
BX004987.4;OTTHUMG00000013470	BX004987.4;OTTHUMG00000013470
PSG1	PSG1
ZFYVE9	ZFYVE9
BTNL2	BTNL2
BTNL2	BTNL2
BTNL2	BTNL2
OVOL1	OVOL1
LOC727896	LOC727896
AC079584.2;OTTHUMG00000153725	AC079584.2;OTTHUMG00000153725
TRIM41	TRIM41
OTTHUMG00000160206;RP11-265O12.1	OTTHUMG00000160206;RP11-265O12.1
COX6A2	COX6A2
AC104623.2;OTTHUMG00000151748	AC104623.2;OTTHUMG00000151748
OTTHUMG00000014881;RP11-345L23.1	OTTHUMG00000014881;RP11-345L23.1
SNORA23	SNORA23
OTTHUMG00000037125;RP11-122M14.3	OTTHUMG00000037125;RP11-122M14.3
OTTHUMG00000016811;RP11-366O17.3	OTTHUMG00000016811;RP11-366O17.3
NUDT16	NUDT16
TRIM26	TRIM26
OTTHUMG00000017952;RP11-297A16.2	OTTHUMG00000017952;RP11-297A16.2
AC087073.1;LOC100506300;OTTHUMG00000151845	AC087073.1;LOC100506300;OTTHUMG00000151845
ARMC5	ARMC5
DET1	DET1
KDM5B-AS1;PCAT6	KDM5B-AS1;PCAT6
AADACL3	AADACL3
FAM71B	FAM71B
OTTHUMG00000020329;RP11-244N9.6	OTTHUMG00000020329;RP11-244N9.6
TRBV11-2	TRBV11-2
C1orf138	C1orf138
AC006509.6;OTTHUMG00000151737	AC006509.6;OTTHUMG00000151737
DFNB59	DFNB59
TERT	TERT
GPR183	GPR183
ZNF512B	ZNF512B
MOSPD1	MOSPD1
AC016722.4;OTTHUMG00000153091	AC016722.4;OTTHUMG00000153091
SLC24A4	SLC24A4
OTTHUMG00000163701;RP11-6N13.1	OTTHUMG00000163701;RP11-6N13.1
CHRNB2	CHRNB2
LINC00448	LINC00448
KRTAP27-1	KRTAP27-1
AC090957.2;OTTHUMG00000155548	AC090957.2;OTTHUMG00000155548
MYO16-AS2	MYO16-AS2
MIR26A2	MIR26A2
SUSD3	SUSD3
RNA5SP515	RNA5SP515
GFI1	GFI1
USP12-AS1	USP12-AS1
KIF2B	KIF2B
AC012307.3;LOC285033;OTTHUMG00000155209	AC012307.3;LOC285033;OTTHUMG00000155209
LOC644248;OTTHUMG00000161186;RP11-67M1.1	LOC644248;OTTHUMG00000161186;RP11-67M1.1
ARHGEF7-AS1	ARHGEF7-AS1
ACTRT1	ACTRT1
OTTHUMG00000150056;RP11-69I8.3	OTTHUMG00000150056;RP11-69I8.3
OTTHUMG00000163668;RP11-115J16.2	OTTHUMG00000163668;RP11-115J16.2
RNU5B-6P	RNU5B-6P
RAD1	RAD1
INIP	INIP
OTTHUMG00000019960;RP11-561O23.7	OTTHUMG00000019960;RP11-561O23.7
MAN1B1-AS1	MAN1B1-AS1
MAGEF1	MAGEF1
CXXC5	CXXC5
ZNF621	ZNF621
OTTHUMG00000008928;RP4-784A16.1	OTTHUMG00000008928;RP4-784A16.1
OTTHUMG00000024048;RP11-227F8.2	OTTHUMG00000024048;RP11-227F8.2
OTTHUMG00000019275;RP11-462G8.3	OTTHUMG00000019275;RP11-462G8.3
SPATA4	SPATA4
OTTHUMG00000161597;RP11-22A3.1	OTTHUMG00000161597;RP11-22A3.1
OTTHUMG00000161604;RP11-259O2.1	OTTHUMG00000161604;RP11-259O2.1
ICAM4	ICAM4
OTTHUMG00000019546;RP11-527D15.1	OTTHUMG00000019546;RP11-527D15.1
WNK4	WNK4
PRAMEF22;PRAMEF3	PRAMEF22;PRAMEF3
LOC100287944	LOC100287944
UQCRBP1	UQCRBP1
CTC-261N6.3;OTTHUMG00000162791	CTC-261N6.3;OTTHUMG00000162791
TRBV5-5	TRBV5-5
RPLP0P2	RPLP0P2
PIGW	PIGW
LOC440028	LOC440028
CTC-505O3.2;OTTHUMG00000163233	CTC-505O3.2;OTTHUMG00000163233
C6orf222	C6orf222
EVI2A	EVI2A
MACROD1	MACROD1
ACER1	ACER1
FAM90A13P;FAM90A14P	FAM90A13P;FAM90A14P
SCGB1B2P	SCGB1B2P
LIPI	LIPI
KRTAP4-8	KRTAP4-8
NPPB	NPPB
GSK3B	GSK3B
OR5M11	OR5M11
CPSF1;MIR1234;MIR939	CPSF1;MIR1234;MIR939
MIR4795	MIR4795
PACRG	PACRG
LOC653566	LOC653566
WTAP	WTAP
RNA5SP499	RNA5SP499
OTTHUMG00000164267;RP11-546K22.2	OTTHUMG00000164267;RP11-546K22.2
GBA3	GBA3
OTTHUMG00000160731;RP11-624A4.1	OTTHUMG00000160731;RP11-624A4.1
OTTHUMG00000019703;RP11-321L2.2	OTTHUMG00000019703;RP11-321L2.2
NYX	NYX
AC007403.3;OTTHUMG00000152857	AC007403.3;OTTHUMG00000152857
WBSCR17	WBSCR17
OR6C65	OR6C65
OTTHUMG00000007424;RP1-92O14.3	OTTHUMG00000007424;RP1-92O14.3
ISG15	ISG15
OTTHUMG00000035112;RP11-522D2.1	OTTHUMG00000035112;RP11-522D2.1
HIGD2B	HIGD2B
OTTHUMG00000158209;RP11-450H5.1	OTTHUMG00000158209;RP11-450H5.1
SPATS2L	SPATS2L
C9orf171	C9orf171
AC004231.2;OTTHUMG00000133678	AC004231.2;OTTHUMG00000133678
TCEB3C;TCEB3CL;TCEB3CL2	TCEB3C;TCEB3CL;TCEB3CL2
OR6K2	OR6K2
TAS1R2	TAS1R2
HBBP1	HBBP1
WDR26	WDR26
FTCD-AS1	FTCD-AS1
KRTAP5-9	KRTAP5-9
OTTHUMG00000035685;RP11-98G13.1	OTTHUMG00000035685;RP11-98G13.1
TNP1	TNP1
TNNT2	TNNT2
RNA5SP406	RNA5SP406
OR8D4	OR8D4
LINC00176	LINC00176
PLCB2-AS1	PLCB2-AS1
TKT	TKT
FLJ45248;KB-1732A1.1;OTTHUMG00000164736	FLJ45248;KB-1732A1.1;OTTHUMG00000164736
OTTHUMG00000022377;RP4-537K23.4	OTTHUMG00000022377;RP4-537K23.4
C1QL2	C1QL2
TPM1	TPM1
AC013402.4;OTTHUMG00000153056	AC013402.4;OTTHUMG00000153056
LOC729177	LOC729177
KRTAP3-2	KRTAP3-2
PRAMEF7;PRAMEF8	PRAMEF7;PRAMEF8
OTTHUMG00000159346;RP11-384F7.1	OTTHUMG00000159346;RP11-384F7.1
CCDC108	CCDC108
TCP11	TCP11
LINC00174	LINC00174
ETV2	ETV2
TSPAN9-IT1	TSPAN9-IT1
OR11H12	OR11H12
SCNN1G	SCNN1G
LPAR6	LPAR6
PSD3	PSD3
GAST	GAST
AC053503.12;OTTHUMG00000150115	AC053503.12;OTTHUMG00000150115
CHCHD7	CHCHD7
CRTAP;LOC100653071	CRTAP;LOC100653071
OTTHUMG00000022331;RP5-931E15.2	OTTHUMG00000022331;RP5-931E15.2
HOPX	HOPX
OTTHUMG00000005714;RP11-399E6.4	OTTHUMG00000005714;RP11-399E6.4
NLRP10	NLRP10
FCRL2	FCRL2
RNA5SP347	RNA5SP347
SNORA35	SNORA35
FAM154A	FAM154A
DMD-AS3	DMD-AS3
MIR4532	MIR4532
LINC00266-3	LINC00266-3
RNU6-63P	RNU6-63P
LTC4S	LTC4S
LOC100287879;OTTHUMG00000158790;RP11-129B22.2	LOC100287879;OTTHUMG00000158790;RP11-129B22.2
BRS3	BRS3
MIR371A;MIR372	MIR371A;MIR372
AC004070.1;OTTHUMG00000022543	AC004070.1;OTTHUMG00000022543
C2orf53	C2orf53
HAR1B	HAR1B
AC133919.6;LOC100130015;OTTHUMG00000154575	AC133919.6;LOC100130015;OTTHUMG00000154575
SMIM5	SMIM5
OTTHUMG00000011899;RP4-543J13.1	OTTHUMG00000011899;RP4-543J13.1
PGR	PGR
CCDC74A	CCDC74A
CTC-261N6.1;OTTHUMG00000162587	CTC-261N6.1;OTTHUMG00000162587
UPK1A	UPK1A
GOT1	GOT1
AC005083.1;LOC100506098;OTTHUMG00000152503	AC005083.1;LOC100506098;OTTHUMG00000152503
OTTHUMG00000020435;RP11-308N19.4	OTTHUMG00000020435;RP11-308N19.4
CTD-2631K10.1;OTTHUMG00000162494	CTD-2631K10.1;OTTHUMG00000162494
OTTHUMG00000020646;RP11-85O21.4	OTTHUMG00000020646;RP11-85O21.4
GEMIN6	GEMIN6
VASH2	VASH2
MYH16	MYH16
RNU6-75P	RNU6-75P
FAM90A13P;FAM90A14P	FAM90A13P;FAM90A14P
MRPL20	MRPL20
OTTHUMG00000160471;RP11-725M22.1	OTTHUMG00000160471;RP11-725M22.1
SPP2	SPP2
ZSCAN5C	ZSCAN5C
DHRS13	DHRS13
OTTHUMG00000155997;RP4-724E13.2	OTTHUMG00000155997;RP4-724E13.2
CHRNA9	CHRNA9
OR11A1;OR5V1	OR11A1;OR5V1
OR11A1;OR5V1	OR11A1;OR5V1
MIR105-1	MIR105-1
CTC-564N23.2;OTTHUMG00000162471	CTC-564N23.2;OTTHUMG00000162471
AC006041.1;OTTHUMG00000152394	AC006041.1;OTTHUMG00000152394
AC108868.5;OTTHUMG00000153181	AC108868.5;OTTHUMG00000153181
LOC442028	LOC442028
REEP2	REEP2
OTTHUMG00000020550;RP11-284G10.1	OTTHUMG00000020550;RP11-284G10.1
DECR2	DECR2
RILPL1	RILPL1
TMEM207	TMEM207
SRP19;ZRSR1	SRP19;ZRSR1
RNA5SP200	RNA5SP200
OTTHUMG00000017866;RP11-218D6.4	OTTHUMG00000017866;RP11-218D6.4
OTTHUMG00000032811;RP4-813D12.3	OTTHUMG00000032811;RP4-813D12.3
CTB-180C19.1;OTTHUMG00000163873	CTB-180C19.1;OTTHUMG00000163873
PAQR3	PAQR3
MIR526B	MIR526B
TEX26	TEX26
SPZ1	SPZ1
ZNF490	ZNF490
LOC100129138;OTTHUMG00000011047;RP11-364B6.1	LOC100129138;OTTHUMG00000011047;RP11-364B6.1
MIA2	MIA2
CTD-2256P15.1;OTTHUMG00000161772	CTD-2256P15.1;OTTHUMG00000161772
BMPR1A	BMPR1A
OTTHUMG00000037350;RP11-410C4.4	OTTHUMG00000037350;RP11-410C4.4
OR2A2	OR2A2
ZNF585A	ZNF585A
RHPN1-AS1	RHPN1-AS1
OTTHUMG00000158541;RP3-454G6.2	OTTHUMG00000158541;RP3-454G6.2
RNU7-66P	RNU7-66P
MAP7	MAP7
C16orf90	C16orf90
LRRC38	LRRC38
PPP1R16A	PPP1R16A
ASPRV1	ASPRV1
CENPC1	CENPC1
PSME4	PSME4
OTTHUMG00000159458;RP11-649A16.1	OTTHUMG00000159458;RP11-649A16.1
LHX4	LHX4
SCXA;SCXB	SCXA;SCXB
GAGE12J;GAGE4;GAGE5	GAGE12J;GAGE4;GAGE5
LOC100996549;OTTHUMG00000159119;RP11-521D12.5	LOC100996549;OTTHUMG00000159119;RP11-521D12.5
OLFML2B	OLFML2B
OTTHUMG00000016436;RP3-443C4.2	OTTHUMG00000016436;RP3-443C4.2
AC018890.4;OTTHUMG00000154154	AC018890.4;OTTHUMG00000154154
STAR	STAR
OTTHUMG00000032077;RP11-218C14.5	OTTHUMG00000032077;RP11-218C14.5
OTTHUMG00000019424;RP11-143M1.4	OTTHUMG00000019424;RP11-143M1.4
EGFLAM-AS3	EGFLAM-AS3
AGAP9	AGAP9
C11orf53	C11orf53
NCKIPSD	NCKIPSD
KB-1615E4.2;OTTHUMG00000164722	KB-1615E4.2;OTTHUMG00000164722
OR5W2	OR5W2
SPINK14	SPINK14
C20orf26	C20orf26
MIR508	MIR508
OR1N1	OR1N1
AP001187.9;MIR194-2;OTTHUMG00000066834	AP001187.9;MIR194-2;OTTHUMG00000066834
OTTHUMG00000164437;RP11-333A23.4	OTTHUMG00000164437;RP11-333A23.4
OTTHUMG00000160711;RP11-25H12.1	OTTHUMG00000160711;RP11-25H12.1
CTC-463N11.3;OTTHUMG00000162743;RGMB-AS1	CTC-463N11.3;OTTHUMG00000162743;RGMB-AS1
WFDC8	WFDC8
OTTHUMG00000018941;RP11-190J1.3	OTTHUMG00000018941;RP11-190J1.3
AC008060.8;OTTHUMG00000151348	AC008060.8;OTTHUMG00000151348
NEFM	NEFM
BEST1	BEST1
IGLL3P	IGLL3P
AC093642.6;OTTHUMG00000151385	AC093642.6;OTTHUMG00000151385
FAM106A;FAM106B	FAM106A;FAM106B
PSG9	PSG9
DDN	DDN
DKFZP434L187	DKFZP434L187
KRTAP4-7;KRTAP4-9	KRTAP4-7;KRTAP4-9
OTTHUMG00000032644;RP5-998H6.2	OTTHUMG00000032644;RP5-998H6.2
FAM215A;FAM215B	FAM215A;FAM215B
OTTHUMG00000009217;RP3-380B4.1	OTTHUMG00000009217;RP3-380B4.1
UTP11L	UTP11L
MIR150	MIR150
OTTHUMG00000161801;RP11-612J15.1	OTTHUMG00000161801;RP11-612J15.1
LOC100506527;OTTHUMG00000157139;RP5-1059M17.1	LOC100506527;OTTHUMG00000157139;RP5-1059M17.1
ADAM12	ADAM12
DAAM2	DAAM2
SMYD4	SMYD4
TTTY7;TTTY7B	TTTY7;TTTY7B
ZFYVE19	ZFYVE19
SMCO4	SMCO4
OTTHUMG00000163398;RP11-1334A24.6	OTTHUMG00000163398;RP11-1334A24.6
EIF2B4	EIF2B4
HTR3E	HTR3E
AC138035.1;LOC100286914;LOC100288646;LOC100653358;LOC101060626;OTTHUMG00000162985	AC138035.1;LOC100286914;LOC100288646;LOC100653358;LOC101060626;OTTHUMG00000162985
AC099754.1;OTTHUMG00000155650	AC099754.1;OTTHUMG00000155650
AF064858.10;OTTHUMG00000066033	AF064858.10;OTTHUMG00000066033
C12orf40	C12orf40
LOC100505768;OTTHUMG00000010252;RP4-544H6.2	LOC100505768;OTTHUMG00000010252;RP4-544H6.2
OTTHUMG00000009684;RP11-415A20.1	OTTHUMG00000009684;RP11-415A20.1
LOC154449;OTTHUMG00000016075;RP5-1086L22.1	LOC154449;OTTHUMG00000016075;RP5-1086L22.1
AC007557.3;OTTHUMG00000155315	AC007557.3;OTTHUMG00000155315
TCL1A	TCL1A
BRD2-IT1	BRD2-IT1
OTTHUMG00000149985;XXbac-BPG181M17.4	OTTHUMG00000149985;XXbac-BPG181M17.4
OTTHUMG00000149373;XXbac-BPG181M17.4	OTTHUMG00000149373;XXbac-BPG181M17.4
OTTHUMG00000149632;XXbac-BPG181M17.4	OTTHUMG00000149632;XXbac-BPG181M17.4
OTTHUMG00000149963;XXbac-BPG181M17.4	OTTHUMG00000149963;XXbac-BPG181M17.4
OTTHUMG00000150001;XXbac-BPG181M17.4	OTTHUMG00000150001;XXbac-BPG181M17.4
ZNF474	ZNF474
ACTR3BP2	ACTR3BP2
OTTHUMG00000020459;RP11-339N8.1	OTTHUMG00000020459;RP11-339N8.1
OTTHUMG00000159111;RP11-734K21.4	OTTHUMG00000159111;RP11-734K21.4
EFNB3	EFNB3
SYT7	SYT7
OR2A12	OR2A12
CLDN15	CLDN15
ERAS	ERAS
GIPC2	GIPC2
DOLK	DOLK
ADC	ADC
ARID3C	ARID3C
ZAR1L	ZAR1L
BNIP1	BNIP1
CDSN	CDSN
DYNAP	DYNAP
OTTHUMG00000032045;RP11-216C10.1	OTTHUMG00000032045;RP11-216C10.1
LOC154872	LOC154872
HES7	HES7
OR10X1	OR10X1
OTTHUMG00000019909;RP11-465M18.1	OTTHUMG00000019909;RP11-465M18.1
ENPP7	ENPP7
GLT8D2	GLT8D2
STPG2-AS1	STPG2-AS1
MAP3K14-AS1	MAP3K14-AS1
SERAC1	SERAC1
MIR1252	MIR1252
GRXCR1	GRXCR1
TMEM114	TMEM114
SLC30A3	SLC30A3
BLOC1S2	BLOC1S2
LOC100996694;OTTHUMG00000161334;RP11-700N1.1	LOC100996694;OTTHUMG00000161334;RP11-700N1.1
OR6B3	OR6B3
OTTHUMG00000032029;RP5-984P4.4	OTTHUMG00000032029;RP5-984P4.4
MIR3130-1	MIR3130-1
ZCCHC18	ZCCHC18
RNASE6	RNASE6
TMEM109	TMEM109
NAF1	NAF1
MIR3941	MIR3941
SP7	SP7
DYNC1I2	DYNC1I2
ASB6	ASB6
OTTHUMG00000055980;RP11-629E24.2	OTTHUMG00000055980;RP11-629E24.2
PYGO1	PYGO1
MIR638	MIR638
FAM89B	FAM89B
OTTHUMG00000018924;RP11-31L23.3	OTTHUMG00000018924;RP11-31L23.3
OTTHUMG00000021729;RP6-159A1.3	OTTHUMG00000021729;RP6-159A1.3
HLA-DQA1	HLA-DQA1
KRTAP15-1	KRTAP15-1
MIR4777	MIR4777
CD8A	CD8A
MYBPHL	MYBPHL
FLYWCH1	FLYWCH1
OTTHUMG00000022248;RP11-232D9.3	OTTHUMG00000022248;RP11-232D9.3
DTD2	DTD2
C16orf78	C16orf78
OTTHUMG00000163849;RP11-521M14.1	OTTHUMG00000163849;RP11-521M14.1
RGS3	RGS3
LOC641367	LOC641367
LOC63930	LOC63930
KRTAP9-8	KRTAP9-8
OR5AK2	OR5AK2
MIR1202	MIR1202
AQP2	AQP2
IL3	IL3
AC114730.2;OTTHUMG00000151392	AC114730.2;OTTHUMG00000151392
OTTHUMG00000016750;RP11-14O22.1	OTTHUMG00000016750;RP11-14O22.1
MIR4509-1;MIR4509-2	MIR4509-1;MIR4509-2
OTTHUMG00000035609;RP11-476B1.1	OTTHUMG00000035609;RP11-476B1.1
ODF3L2	ODF3L2
AC093326.1;LOC727944;OTTHUMG00000151362	AC093326.1;LOC727944;OTTHUMG00000151362
TM7SF2	TM7SF2
OTTHUMG00000163848;RP11-521M14.2	OTTHUMG00000163848;RP11-521M14.2
OTTHUMG00000162604;RP11-58O15.1	OTTHUMG00000162604;RP11-58O15.1
IFNA6	IFNA6
CD1B	CD1B
SCN4A	SCN4A
OTTHUMG00000034947;RP5-1114G22.2	OTTHUMG00000034947;RP5-1114G22.2
RNU7-70P	RNU7-70P
AC068535.3;OTTHUMG00000153049	AC068535.3;OTTHUMG00000153049
C7orf66	C7orf66
RTFDC1	RTFDC1
HARBI1	HARBI1
FGF12-AS2	FGF12-AS2
MFSD9	MFSD9
OTTHUMG00000016053;RP3-495K2.3	OTTHUMG00000016053;RP3-495K2.3
ERCC6L	ERCC6L
KIF4B	KIF4B
OTTHUMG00000031809;RP5-1022P6.5	OTTHUMG00000031809;RP5-1022P6.5
PIGK	PIGK
SIX3-AS1	SIX3-AS1
OTTHUMG00000162873;RP11-371M22.1	OTTHUMG00000162873;RP11-371M22.1
AC097517.2;LOC100506216;OTTHUMG00000151631	AC097517.2;LOC100506216;OTTHUMG00000151631
PIGS	PIGS
OTTHUMG00000157098;RP11-560I19.1	OTTHUMG00000157098;RP11-560I19.1
AC068610.5;OTTHUMG00000133696	AC068610.5;OTTHUMG00000133696
XYLB	XYLB
DOCK2	DOCK2
PRKACG	PRKACG
LOC728190;NUTM2A-AS1;OTTHUMG00000018671;RP11-322M19.1	LOC728190;NUTM2A-AS1;OTTHUMG00000018671;RP11-322M19.1
CCNT1	CCNT1
TDRD3	TDRD3
SNAI3	SNAI3
LOC100505940;OTTHUMG00000010650;RP11-148B18.3	LOC100505940;OTTHUMG00000010650;RP11-148B18.3
FAM188B2;OTTHUMG00000159848;RP11-373I8.1	FAM188B2;OTTHUMG00000159848;RP11-373I8.1
LOC401242;OTTHUMG00000085279;XXbac-BPG308K3.6	LOC401242;OTTHUMG00000085279;XXbac-BPG308K3.6
OTTHUMG00000163471;RP11-256P1.1	OTTHUMG00000163471;RP11-256P1.1
OTTHUMG00000161691;RP11-415C15.3	OTTHUMG00000161691;RP11-415C15.3
SIGMAR1	SIGMAR1
CELF5	CELF5
PSMG3-AS1	PSMG3-AS1
LRP1	LRP1
OTTHUMG00000043020;RP11-335O13.7	OTTHUMG00000043020;RP11-335O13.7
ITIH4	ITIH4
CBLN4	CBLN4
CTC-281M20.1;FLJ16171;OTTHUMG00000163125	CTC-281M20.1;FLJ16171;OTTHUMG00000163125
SPAG11B	SPAG11B
OTTHUMG00000016526;RP11-569O4.7	OTTHUMG00000016526;RP11-569O4.7
ASIC4	ASIC4
SEPHS2	SEPHS2
CTD-2113L7.1;OTTHUMG00000162095	CTD-2113L7.1;OTTHUMG00000162095
MIR509-1;MIR509-2	MIR509-1;MIR509-2
OTTHUMG00000014145;RP1-223B1.1	OTTHUMG00000014145;RP1-223B1.1
OR2A5	OR2A5
AC123023.1;OTTHUMG00000155764	AC123023.1;OTTHUMG00000155764
NPAS1	NPAS1
ZNF382	ZNF382
AC068489.1;OTTHUMG00000154090	AC068489.1;OTTHUMG00000154090
MIR767	MIR767
OR12D2	OR12D2
ABCB5	ABCB5
RN7SKP1	RN7SKP1
TRPM7	TRPM7
AC012360.4;OTTHUMG00000153107	AC012360.4;OTTHUMG00000153107
HOXA-AS4;MIR196B	HOXA-AS4;MIR196B
OTTHUMG00000000451;RP11-195F19.9	OTTHUMG00000000451;RP11-195F19.9
NBEAP1	NBEAP1
ANKUB1	ANKUB1
WASF3-AS1	WASF3-AS1
CHP1	CHP1
GABRG3	GABRG3
AAMP	AAMP
NRG1	NRG1
C7orf31	C7orf31
LA16c-4G1.3;OTTHUMG00000140195	LA16c-4G1.3;OTTHUMG00000140195
C10orf128	C10orf128
KRTAP10-4	KRTAP10-4
HS6ST1	HS6ST1
TBPL1	TBPL1
TRBV20OR9-2	TRBV20OR9-2
CFL1	CFL1
ZNF81	ZNF81
PPP1R1B	PPP1R1B
CTD-2247C11.1;OTTHUMG00000161643	CTD-2247C11.1;OTTHUMG00000161643
TSACC	TSACC
IL17A	IL17A
OTTHUMG00000150375;RP11-278H7.4	OTTHUMG00000150375;RP11-278H7.4
GMCL1	GMCL1
ZNF847P	ZNF847P
CARS	CARS
OTTHUMG00000019566;RP11-284P20.3	OTTHUMG00000019566;RP11-284P20.3
OST4	OST4
C14orf119	C14orf119
OTTHUMG00000151333;RP1-102D24.5	OTTHUMG00000151333;RP1-102D24.5
OTTHUMG00000161068;RP11-26P13.2	OTTHUMG00000161068;RP11-26P13.2
TMEM247	TMEM247
LOC101060457;LOC101060464;LOC101060468;TCEB3C;TCEB3CL;TCEB3CL2	LOC101060457;LOC101060464;LOC101060468;TCEB3C;TCEB3CL;TCEB3CL2
ARL13A	ARL13A
MIR634	MIR634
ATP4B	ATP4B
EP400NL	EP400NL
STK38	STK38
AC010883.5;OTTHUMG00000152402	AC010883.5;OTTHUMG00000152402
APLP1	APLP1
MPEG1	MPEG1
OTTHUMG00000033149;RP11-77M5.1	OTTHUMG00000033149;RP11-77M5.1
MIR4717	MIR4717
FOXP1	FOXP1
OR7D2	OR7D2
MIR3653;SNORD125	MIR3653;SNORD125
MIR874	MIR874
MIR513A1	MIR513A1
AC062017.1;OTTHUMG00000152658	AC062017.1;OTTHUMG00000152658
MIR4492	MIR4492
CHN1	CHN1
ZNF860	ZNF860
OR4N2	OR4N2
OTTHUMG00000164337;RP11-280G9.1	OTTHUMG00000164337;RP11-280G9.1
OTTHUMG00000162701;RP11-1E3.1	OTTHUMG00000162701;RP11-1E3.1
DEPDC7	DEPDC7
FTH1P3	FTH1P3
SYT14	SYT14
LOC100996630;OTTHUMG00000010911;RP4-586O15.1	LOC100996630;OTTHUMG00000010911;RP4-586O15.1
OTTHUMG00000018152;RP11-508M1.7	OTTHUMG00000018152;RP11-508M1.7
AC135178.7;OTTHUMG00000132865	AC135178.7;OTTHUMG00000132865
AC092159.3;OTTHUMG00000151375	AC092159.3;OTTHUMG00000151375
AC104135.4;OTTHUMG00000152931	AC104135.4;OTTHUMG00000152931
GABRG3	GABRG3
LOC100289019;OTTHUMG00000020737;RP11-395P17.3	LOC100289019;OTTHUMG00000020737;RP11-395P17.3
OTUD7A	OTUD7A
MXRA5	MXRA5
SSX4;SSX4B	SSX4;SSX4B
OOSP1	OOSP1
AC021021.2;OTTHUMG00000151461	AC021021.2;OTTHUMG00000151461
RBBP5	RBBP5
BCL2L11	BCL2L11
TAS2R16	TAS2R16
ACSBG2	ACSBG2
OTTHUMG00000015897;RP11-52J3.2	OTTHUMG00000015897;RP11-52J3.2
AC079612.1;OTTHUMG00000133345	AC079612.1;OTTHUMG00000133345
NDUFB8;SEC31B	NDUFB8;SEC31B
FBXL18	FBXL18
PKD2	PKD2
OTTHUMG00000043433;RP6-74O6.3	OTTHUMG00000043433;RP6-74O6.3
LOC645434;OTTHUMG00000015693;RP11-12A2.3	LOC645434;OTTHUMG00000015693;RP11-12A2.3
IL1RL2	IL1RL2
CEND1	CEND1
ERVV-2	ERVV-2
GNG12	GNG12
AC008154.4;OTTHUMG00000155377	AC008154.4;OTTHUMG00000155377
FAM195B	FAM195B
LOC100506691	LOC100506691
TMEM121	TMEM121
LOC100506791;OTTHUMG00000161736;RP11-325I22.2	LOC100506791;OTTHUMG00000161736;RP11-325I22.2
RNA5SP232	RNA5SP232
RNA5SP197	RNA5SP197
KRTDAP	KRTDAP
AC145676.2;OTTHUMG00000160234	AC145676.2;OTTHUMG00000160234
OTTHUMG00000009144;RP11-335E6.2	OTTHUMG00000009144;RP11-335E6.2
IL20	IL20
OR1D5	OR1D5
AC099552.3;OTTHUMG00000151323	AC099552.3;OTTHUMG00000151323
RNF220	RNF220
LOC727710	LOC727710
ACTL10	ACTL10
SCT	SCT
LINC00570	LINC00570
RTN4RL2	RTN4RL2
IFNGR2	IFNGR2
MIR513A2	MIR513A2
OTTHUMG00000161448;RP11-372K14.2	OTTHUMG00000161448;RP11-372K14.2
GAGE2A;GAGE2C;GAGE2D;GAGE2E;GAGE8	GAGE2A;GAGE2C;GAGE2D;GAGE2E;GAGE8
AC007040.6;OTTHUMG00000153238	AC007040.6;OTTHUMG00000153238
CTC-756D1.3;OTTHUMG00000163864	CTC-756D1.3;OTTHUMG00000163864
MIR151A	MIR151A
UGT2B15	UGT2B15
OTTHUMG00000161374;RP11-392B6.1	OTTHUMG00000161374;RP11-392B6.1
CHMP6	CHMP6
AC013248.2;OTTHUMG00000058813	AC013248.2;OTTHUMG00000058813
AC005863.2;OTTHUMG00000058804	AC005863.2;OTTHUMG00000058804
AIPL1	AIPL1
C15orf43	C15orf43
AC104654.1;LOC388942;OTTHUMG00000152301	AC104654.1;LOC388942;OTTHUMG00000152301
RPGRIP1	RPGRIP1
AC124944.2;LOC100128262;OTTHUMG00000155738	AC124944.2;LOC100128262;OTTHUMG00000155738
OTTHUMG00000017902;RP11-14C22.6	OTTHUMG00000017902;RP11-14C22.6
OTUD1	OTUD1
MIR3176	MIR3176
OTTHUMG00000161340;RP11-223C24.2	OTTHUMG00000161340;RP11-223C24.2
PCGEM1	PCGEM1
NCOA4	NCOA4
FAM180B	FAM180B
RIOK2	RIOK2
OTTHUMG00000057562;RP11-247I13.7	OTTHUMG00000057562;RP11-247I13.7
GRAMD2	GRAMD2
OTTHUMG00000019201;RP11-338O1.2	OTTHUMG00000019201;RP11-338O1.2
LOC339593;OTTHUMG00000031883;RP4-734C18.1	LOC339593;OTTHUMG00000031883;RP4-734C18.1
IFNA5	IFNA5
PSG3	PSG3
FOXO1	FOXO1
HSDL2	HSDL2
OTTHUMG00000017459;RP11-336K24.5	OTTHUMG00000017459;RP11-336K24.5
SPANXN2	SPANXN2
CTC-436K13.5;OTTHUMG00000163534	CTC-436K13.5;OTTHUMG00000163534
NBEA	NBEA
AC007601.2;OTTHUMG00000129827;SNX29	AC007601.2;OTTHUMG00000129827;SNX29
CTSA	CTSA
OTTHUMG00000015478;SIGLECP3	OTTHUMG00000015478;SIGLECP3
FMR1-AS1	FMR1-AS1
MIR376C	MIR376C
LOC401980	LOC401980
DEFB112	DEFB112
REV1	REV1
MIR2114	MIR2114
CASP12	CASP12
DRAP1	DRAP1
OTTHUMG00000015038;RP11-553A21.3	OTTHUMG00000015038;RP11-553A21.3
OTTHUMG00000160178;RP11-452J21.2	OTTHUMG00000160178;RP11-452J21.2
VIM-AS1	VIM-AS1
OTTHUMG00000020721;RP11-203J24.8	OTTHUMG00000020721;RP11-203J24.8
GJB3	GJB3
AC004862.6;OTTHUMG00000155382	AC004862.6;OTTHUMG00000155382
COL11A2	COL11A2
CCDC54	CCDC54
RDH16	RDH16
C19orf73	C19orf73
FLJ44313	FLJ44313
ACTL6B	ACTL6B
MRGPRG-AS1	MRGPRG-AS1
AC099552.2;OTTHUMG00000151328	AC099552.2;OTTHUMG00000151328
TEP1	TEP1
LOC100506551	LOC100506551
FMO1	FMO1
RNA5SP420	RNA5SP420
OTTHUMG00000032120;XX-FW80269A6.1	OTTHUMG00000032120;XX-FW80269A6.1
AC079742.4;OTTHUMG00000151848	AC079742.4;OTTHUMG00000151848
RNA5SP340	RNA5SP340
NPL	NPL
LINC00644	LINC00644
MYEF2	MYEF2
OTTHUMG00000159007;RP11-359D24.1	OTTHUMG00000159007;RP11-359D24.1
C16orf74	C16orf74
TPCN2	TPCN2
LOC100996465;OTTHUMG00000058499;U52112.12	LOC100996465;OTTHUMG00000058499;U52112.12
MIR4422	MIR4422
PRAMEF20;PRAMEF21	PRAMEF20;PRAMEF21
ODF2	ODF2
LINC00293	LINC00293
ABCA10	ABCA10
MIR506	MIR506
C20orf85	C20orf85
NAV2-AS2	NAV2-AS2
LOC100507108	LOC100507108
C14orf37	C14orf37
OTTHUMG00000162518;RP11-5N11.7	OTTHUMG00000162518;RP11-5N11.7
AC139666.1;LINC00885;OTTHUMG00000155713	AC139666.1;LINC00885;OTTHUMG00000155713
PGRMC1	PGRMC1
LOC100996524;OTTHUMG00000150297;RP5-983L19.2	LOC100996524;OTTHUMG00000150297;RP5-983L19.2
OTTHUMG00000020024;RP11-171A24.2	OTTHUMG00000020024;RP11-171A24.2
OTTHUMG00000014909;RP11-472M19.2	OTTHUMG00000014909;RP11-472M19.2
OTTHUMG00000058670;RP11-58A12.3	OTTHUMG00000058670;RP11-58A12.3
LHX3	LHX3
OR6M1	OR6M1
MIR4277	MIR4277
SAMD14	SAMD14
CTC-325J23.3;OTTHUMG00000162533	CTC-325J23.3;OTTHUMG00000162533
CALML6	CALML6
OTTHUMG00000150586;RP1-41P2.7	OTTHUMG00000150586;RP1-41P2.7
ERVH48-1	ERVH48-1
EBLN1	EBLN1
S100A1	S100A1
GRAP	GRAP
UCP1	UCP1
OTTHUMG00000155980;RP11-135A1.3	OTTHUMG00000155980;RP11-135A1.3
OTTHUMG00000007306;RP11-656D10.5	OTTHUMG00000007306;RP11-656D10.5
DIO2-AS1	DIO2-AS1
AC006196.1;OTTHUMG00000154367	AC006196.1;OTTHUMG00000154367
CCDC159	CCDC159
OR52M1	OR52M1
TSC22D2	TSC22D2
MIR4664	MIR4664
AADAC	AADAC
OTTHUMG00000160761;RP13-577H12.2	OTTHUMG00000160761;RP13-577H12.2
CTC-563A5.2;OTTHUMG00000163263	CTC-563A5.2;OTTHUMG00000163263
IGF2-AS	IGF2-AS
CTD-2233C11.2;OTTHUMG00000162158	CTD-2233C11.2;OTTHUMG00000162158
OTTHUMG00000015885;RP11-518I13.1	OTTHUMG00000015885;RP11-518I13.1
GRB2	GRB2
ADRBK1	ADRBK1
PLS1-AS1	PLS1-AS1
MIR483	MIR483
MUC20	MUC20
AC013480.2;OTTHUMG00000152306	AC013480.2;OTTHUMG00000152306
APH1A	APH1A
DBIL5P	DBIL5P
SLC22A3	SLC22A3
OTTHUMG00000020726;RP11-379C10.1	OTTHUMG00000020726;RP11-379C10.1
MIR203;MIR3545	MIR203;MIR3545
NOS1	NOS1
KB-1507C5.2;LOC100996457;OTTHUMG00000164825	KB-1507C5.2;LOC100996457;OTTHUMG00000164825
DEFB104A;DEFB104B	DEFB104A;DEFB104B
UGT2B11	UGT2B11
PAPLN	PAPLN
TNFAIP2	TNFAIP2
MIR4772	MIR4772
UBC	UBC
GCNT6	GCNT6
RNA5SP160	RNA5SP160
IFNL3	IFNL3
AP005273.1;OTTHUMG00000066367	AP005273.1;OTTHUMG00000066367
COL11A2	COL11A2
OTTHUMG00000012411;RP11-418J17.3	OTTHUMG00000012411;RP11-418J17.3
ORM2	ORM2
LOC284551;OTTHUMG00000003882;RP11-439L8.4	LOC284551;OTTHUMG00000003882;RP11-439L8.4
SH3GL2	SH3GL2
MIR33A	MIR33A
OTTHUMG00000041501;RP11-114B7.6	OTTHUMG00000041501;RP11-114B7.6
SH3RF3	SH3RF3
CSAG4;LOC101060230;MAGEA12	CSAG4;LOC101060230;MAGEA12
LOC100507284;LOC101060414;OTTHUMG00000160026;RP11-834C11.5	LOC100507284;LOC101060414;OTTHUMG00000160026;RP11-834C11.5
AC012506.1;OTTHUMG00000151898	AC012506.1;OTTHUMG00000151898
LA16c-395F10.1;OTTHUMG00000157255	LA16c-395F10.1;OTTHUMG00000157255
OR5M3	OR5M3
NAPB	NAPB
KRTAP10-2	KRTAP10-2
OTTHUMG00000159628;RP11-292E2.4	OTTHUMG00000159628;RP11-292E2.4
PRICKLE3	PRICKLE3
SREBF1	SREBF1
RSBN1L-AS1	RSBN1L-AS1
OTTHUMG00000018534;RP11-443A13.5	OTTHUMG00000018534;RP11-443A13.5
CTC-261N6.2;OTTHUMG00000162584	CTC-261N6.2;OTTHUMG00000162584
TCEB1	TCEB1
OR5K3	OR5K3
SDF2L1	SDF2L1
SERINC2	SERINC2
AC108051.1;OTTHUMG00000153097	AC108051.1;OTTHUMG00000153097
OTTHUMG00000022286;RP3-327A19.5	OTTHUMG00000022286;RP3-327A19.5
AC008175.10;OTTHUMG00000043853	AC008175.10;OTTHUMG00000043853
AC007965.12;OTTHUMG00000045279	AC007965.12;OTTHUMG00000045279
AC009947.4;OTTHUMG00000044058	AC009947.4;OTTHUMG00000044058
POLR2K	POLR2K
OTTHUMG00000018992;RP11-225H22.4	OTTHUMG00000018992;RP11-225H22.4
MUC17	MUC17
PDXP	PDXP
AP001465.5;OTTHUMG00000074207	AP001465.5;OTTHUMG00000074207
OTTHUMG00000157236;RP11-91K9.1	OTTHUMG00000157236;RP11-91K9.1
RNA5SP287	RNA5SP287
AC012354.6;OTTHUMG00000152422	AC012354.6;OTTHUMG00000152422
MIR2682	MIR2682
DNASE1L2	DNASE1L2
CLYBL-AS1	CLYBL-AS1
FLJ45340	FLJ45340
AC010731.4;LOC200726;OTTHUMG00000154723	AC010731.4;LOC200726;OTTHUMG00000154723
OTTHUMG00000015043;RP11-554D15.1	OTTHUMG00000015043;RP11-554D15.1
ANXA13	ANXA13
LINC00605	LINC00605
MIR802	MIR802
SLC45A2	SLC45A2
ALAS1	ALAS1
IGHD2-2	IGHD2-2
TRBV10-2	TRBV10-2
AC084193.1;OTTHUMG00000152890	AC084193.1;OTTHUMG00000152890
EFCAB8	EFCAB8
CSPG5	CSPG5
AC012462.2;OTTHUMG00000154835	AC012462.2;OTTHUMG00000154835
AC073094.4;OTTHUMG00000152023	AC073094.4;OTTHUMG00000152023
GS1-594A7.3;LOC100506630;OTTHUMG00000021178	GS1-594A7.3;LOC100506630;OTTHUMG00000021178
AC108463.1;OTTHUMG00000153644	AC108463.1;OTTHUMG00000153644
TMSB4X	TMSB4X
OTTHUMG00000164916;RP11-351A11.1	OTTHUMG00000164916;RP11-351A11.1
LOC100506544;OTTHUMG00000150943;RP4-756G23.5	LOC100506544;OTTHUMG00000150943;RP4-756G23.5
OR11H1;OR11H2	OR11H1;OR11H2
TTC31	TTC31
CTD-2135J3.3;OTTHUMG00000163821	CTD-2135J3.3;OTTHUMG00000163821
OTTHUMG00000163224;RP11-375B1.1	OTTHUMG00000163224;RP11-375B1.1
HPS4	HPS4
OTTHUMG00000016041;RP11-503C24.2	OTTHUMG00000016041;RP11-503C24.2
OR5V1	OR5V1
OR5V1	OR5V1
OTTHUMG00000159122;RP11-159G9.5	OTTHUMG00000159122;RP11-159G9.5
HSP90AB1	HSP90AB1
OTTHUMG00000032101;RP11-526K17.2	OTTHUMG00000032101;RP11-526K17.2
CTD-2001E22.1;OTTHUMG00000161687	CTD-2001E22.1;OTTHUMG00000161687
TRIM64	TRIM64
LOC729040;OTTHUMG00000162618;RP11-213H15.1	LOC729040;OTTHUMG00000162618;RP11-213H15.1
TMPRSS11GP	TMPRSS11GP
OTTHUMG00000160917;RP11-562F9.2	OTTHUMG00000160917;RP11-562F9.2
CTD-2363C16.1;OTTHUMG00000163516	CTD-2363C16.1;OTTHUMG00000163516
AP001271.5;OTTHUMG00000152740	AP001271.5;OTTHUMG00000152740
OTTHUMG00000017369;RP11-144L2.1	OTTHUMG00000017369;RP11-144L2.1
OTTHUMG00000159191;RP11-654C22.2	OTTHUMG00000159191;RP11-654C22.2
OR14J1	OR14J1
OR6J1	OR6J1
AC007251.2;OTTHUMG00000153096	AC007251.2;OTTHUMG00000153096
CTC-436P18.3;OTTHUMG00000162244	CTC-436P18.3;OTTHUMG00000162244
AC005082.12;OTTHUMG00000152653	AC005082.12;OTTHUMG00000152653
ATPAF2	ATPAF2
OTTHUMG00000018278;RP11-443O13.3	OTTHUMG00000018278;RP11-443O13.3
LINC00163	LINC00163
CTB-127C13.1;OTTHUMG00000163565	CTB-127C13.1;OTTHUMG00000163565
MIR1266	MIR1266
DPPA3P1	DPPA3P1
CDH15	CDH15
RNY5P3	RNY5P3
SHISA8	SHISA8
OTTHUMG00000160740;RP11-248N22.1	OTTHUMG00000160740;RP11-248N22.1
AC080094.1;OTTHUMG00000151745	AC080094.1;OTTHUMG00000151745
MIR4645	MIR4645
AC124057.5;OTTHUMG00000009894	AC124057.5;OTTHUMG00000009894
RNU7-30P	RNU7-30P
KLHL28	KLHL28
VASH1	VASH1
DCLK1	DCLK1
AC011897.2;OTTHUMG00000151715	AC011897.2;OTTHUMG00000151715
KPNA1	KPNA1
OTTHUMG00000032129;RP4-694B14.5	OTTHUMG00000032129;RP4-694B14.5
OTTHUMG00000018296;RP11-491H19.1	OTTHUMG00000018296;RP11-491H19.1
MIR202	MIR202
AC093390.1;OTTHUMG00000151406	AC093390.1;OTTHUMG00000151406
LOC728819	LOC728819
ADRB1	ADRB1
MIR4766	MIR4766
SPIN4	SPIN4
PPA1	PPA1
OTTHUMG00000020434;RP11-308N19.3	OTTHUMG00000020434;RP11-308N19.3
OTTHUMG00000037132;RP11-15I11.3	OTTHUMG00000037132;RP11-15I11.3
C5orf24	C5orf24
OTTHUMG00000021092;RP11-733O18.1	OTTHUMG00000021092;RP11-733O18.1
GUSB	GUSB
LOC728554;THOC3	LOC728554;THOC3
MIR1277	MIR1277
OTTHUMG00000015978;RP5-826L7.1	OTTHUMG00000015978;RP5-826L7.1
CTD-2026D20.2;OTTHUMG00000164768	CTD-2026D20.2;OTTHUMG00000164768
OTTHUMG00000156009;RP11-528N21.1	OTTHUMG00000156009;RP11-528N21.1
LIPE-AS1	LIPE-AS1
FAM24A	FAM24A
MIRLET7F2	MIRLET7F2
MIR4703	MIR4703
OTTHUMG00000164319;RP11-10N23.5	OTTHUMG00000164319;RP11-10N23.5
OTTHUMG00000158946;RP11-260O18.1	OTTHUMG00000158946;RP11-260O18.1
AP000233.3;OTTHUMG00000078327	AP000233.3;OTTHUMG00000078327
LOC100653005;OTTHUMG00000014537;RP3-468B3.2	LOC100653005;OTTHUMG00000014537;RP3-468B3.2
PSG2;PSG5	PSG2;PSG5
MIR3664	MIR3664
SSX2;SSX2B	SSX2;SSX2B
TECTB	TECTB
OTTHUMG00000040853;RP1-15D23.2	OTTHUMG00000040853;RP1-15D23.2
OTTHUMG00000137369;RP1-309F20.3	OTTHUMG00000137369;RP1-309F20.3
RNF222	RNF222
MAGEA6	MAGEA6
OPA1-AS1	OPA1-AS1
OTTHUMG00000034494;RP11-96K19.2	OTTHUMG00000034494;RP11-96K19.2
SPAG4	SPAG4
TCEAL7	TCEAL7
CEACAM16	CEACAM16
PRAMEF1	PRAMEF1
OTTHUMG00000150530;RP1-151B14.6	OTTHUMG00000150530;RP1-151B14.6
RNA5SP365	RNA5SP365
LGALS7;LGALS7B	LGALS7;LGALS7B
OTTHUMG00000016019;RP11-568A7.2	OTTHUMG00000016019;RP11-568A7.2
MIR1237	MIR1237
OMP	OMP
SHE	SHE
GJD4	GJD4
DNAJB3;LOC100286922	DNAJB3;LOC100286922
C20orf197	C20orf197
DEFB114	DEFB114
OTTHUMG00000017010;RP11-196P2.1	OTTHUMG00000017010;RP11-196P2.1
MIR4464	MIR4464
COL11A2	COL11A2
OTTHUMG00000022462;RP3-473B4.3	OTTHUMG00000022462;RP3-473B4.3
FTH1P3	FTH1P3
CTD-2235C13.2;OTTHUMG00000162465	CTD-2235C13.2;OTTHUMG00000162465
OR2M2	OR2M2
AC004051.2;OTTHUMG00000161047	AC004051.2;OTTHUMG00000161047
RNU105C	RNU105C
C3orf55	C3orf55
CTD-2215E18.3;OTTHUMG00000162869	CTD-2215E18.3;OTTHUMG00000162869
OTTHUMG00000009688;RP4-706A16.2	OTTHUMG00000009688;RP4-706A16.2
CRMP1	CRMP1
LRRC47	LRRC47
TMEM131	TMEM131
CTD-2029E14.1;OTTHUMG00000161608	CTD-2029E14.1;OTTHUMG00000161608
OTTHUMG00000161483;RP11-27G13.1	OTTHUMG00000161483;RP11-27G13.1
OTTHUMG00000020610;RP11-542K23.10	OTTHUMG00000020610;RP11-542K23.10
TRBV23OR9-2	TRBV23OR9-2
OTTHUMG00000016506;RP11-264J4.5	OTTHUMG00000016506;RP11-264J4.5
CTC-308K20.2;OTTHUMG00000163301	CTC-308K20.2;OTTHUMG00000163301
LOC401321	LOC401321
OTTHUMG00000040115;RP11-38C18.3	OTTHUMG00000040115;RP11-38C18.3
SLFN14	SLFN14
OTTHUMG00000040651;RP11-634B7.4	OTTHUMG00000040651;RP11-634B7.4
CCDC40	CCDC40
OTTHUMG00000162591;RP11-723O4.7	OTTHUMG00000162591;RP11-723O4.7
USP17L10;USP17L13	USP17L10;USP17L13
TMCC2	TMCC2
GPR174	GPR174
MAP3K10	MAP3K10
MIR4484	MIR4484
TCP10	TCP10
MAGEB2	MAGEB2
COPS4	COPS4
OTTHUMG00000020097;RP11-15B24.4	OTTHUMG00000020097;RP11-15B24.4
AC090616.2;OTTHUMG00000132778	AC090616.2;OTTHUMG00000132778
ZNF765	ZNF765
OTTHUMG00000014027;RP11-29H23.4	OTTHUMG00000014027;RP11-29H23.4
AC008694.3;OTTHUMG00000163511	AC008694.3;OTTHUMG00000163511
OTTHUMG00000018028;RP11-517P14.2	OTTHUMG00000018028;RP11-517P14.2
MIR369	MIR369
SRGAP3-AS3	SRGAP3-AS3
USP37	USP37
OTTHUMG00000011974;RP4-663N10.1	OTTHUMG00000011974;RP4-663N10.1
PTTG2	PTTG2
ZNF395	ZNF395
PPAPDC2	PPAPDC2
CTC-281M20.4;OTTHUMG00000163132	CTC-281M20.4;OTTHUMG00000163132
MIR3944	MIR3944
OTTHUMG00000015046;RP11-554D15.3	OTTHUMG00000015046;RP11-554D15.3
MIR3131	MIR3131
MIR1302-6	MIR1302-6
CLRN1	CLRN1
RN7SKP4	RN7SKP4
OTTHUMG00000162044;RP11-330H6.5;TLR9;TWF2	OTTHUMG00000162044;RP11-330H6.5;TLR9;TWF2
TEKT2	TEKT2
OTTHUMG00000015298;RP3-359N14.2	OTTHUMG00000015298;RP3-359N14.2
RGS19	RGS19
CHGA	CHGA
CTD-2139B15.5;OTTHUMG00000161875	CTD-2139B15.5;OTTHUMG00000161875
HFE2;LOC101060525	HFE2;LOC101060525
PPP1R15A	PPP1R15A
LOC401127	LOC401127
WARS2-IT1	WARS2-IT1
C16orf11	C16orf11
OTTHUMG00000164124;RP11-149P24.1	OTTHUMG00000164124;RP11-149P24.1
KRT81	KRT81
LOC400456	LOC400456
TRBV5-6	TRBV5-6
ESM1	ESM1
MIR2115	MIR2115
NR3C2	NR3C2
AC092295.4;OTTHUMG00000048149;ZNF529	AC092295.4;OTTHUMG00000048149;ZNF529
AC009970.1;OTTHUMG00000152622	AC009970.1;OTTHUMG00000152622
GLUD1P2	GLUD1P2
ARHGAP22-IT1	ARHGAP22-IT1
EFHC1	EFHC1
ATPIF1	ATPIF1
SCARNA12	SCARNA12
SPACA5;SPACA5B	SPACA5;SPACA5B
RAP1GAP	RAP1GAP
OR5AU1	OR5AU1
CT47A1;CT47A10;CT47A11;CT47A12;CT47A2;CT47A3;CT47A4;CT47A5;CT47A6;CT47A7;CT47A8;CT47A9;OTTHUMG00000022310;RP6-166C19.11	CT47A1;CT47A10;CT47A11;CT47A12;CT47A2;CT47A3;CT47A4;CT47A5;CT47A6;CT47A7;CT47A8;CT47A9;OTTHUMG00000022310;RP6-166C19.11
CT47A1;CT47A10;CT47A11;CT47A12;CT47A2;CT47A3;CT47A4;CT47A5;CT47A6;CT47A7;CT47A8;CT47A9;OTTHUMG00000022309;RP6-166C19.10	CT47A1;CT47A10;CT47A11;CT47A12;CT47A2;CT47A3;CT47A4;CT47A5;CT47A6;CT47A7;CT47A8;CT47A9;OTTHUMG00000022309;RP6-166C19.10
CT47A1;CT47A10;CT47A11;CT47A12;CT47A2;CT47A3;CT47A4;CT47A5;CT47A6;CT47A7;CT47A8;CT47A9;OTTHUMG00000022319;RP6-166C19.9	CT47A1;CT47A10;CT47A11;CT47A12;CT47A2;CT47A3;CT47A4;CT47A5;CT47A6;CT47A7;CT47A8;CT47A9;OTTHUMG00000022319;RP6-166C19.9
CT47A1;CT47A10;CT47A11;CT47A12;CT47A2;CT47A3;CT47A4;CT47A5;CT47A6;CT47A7;CT47A8;CT47A9;OTTHUMG00000022318;RP6-166C19.8	CT47A1;CT47A10;CT47A11;CT47A12;CT47A2;CT47A3;CT47A4;CT47A5;CT47A6;CT47A7;CT47A8;CT47A9;OTTHUMG00000022318;RP6-166C19.8
CT47A1;CT47A10;CT47A11;CT47A12;CT47A2;CT47A3;CT47A4;CT47A5;CT47A6;CT47A7;CT47A8;CT47A9;OTTHUMG00000022314;RP6-166C19.4	CT47A1;CT47A10;CT47A11;CT47A12;CT47A2;CT47A3;CT47A4;CT47A5;CT47A6;CT47A7;CT47A8;CT47A9;OTTHUMG00000022314;RP6-166C19.4
CT47A1;CT47A10;CT47A11;CT47A12;CT47A2;CT47A3;CT47A4;CT47A5;CT47A6;CT47A7;CT47A8;CT47A9;OTTHUMG00000022313;RP6-166C19.3	CT47A1;CT47A10;CT47A11;CT47A12;CT47A2;CT47A3;CT47A4;CT47A5;CT47A6;CT47A7;CT47A8;CT47A9;OTTHUMG00000022313;RP6-166C19.3
CT47A1;CT47A10;CT47A11;CT47A12;CT47A2;CT47A3;CT47A4;CT47A5;CT47A6;CT47A7;CT47A8;CT47A9;OTTHUMG00000022312;RP6-166C19.2	CT47A1;CT47A10;CT47A11;CT47A12;CT47A2;CT47A3;CT47A4;CT47A5;CT47A6;CT47A7;CT47A8;CT47A9;OTTHUMG00000022312;RP6-166C19.2
TCF15	TCF15
ST13P19	ST13P19
SNORD124	SNORD124
OTTHUMG00000014842;RP11-771D21.2	OTTHUMG00000014842;RP11-771D21.2
AC010894.5;OTTHUMG00000154149	AC010894.5;OTTHUMG00000154149
LOC100996635;OTTHUMG00000010665;RP11-286B14.1	LOC100996635;OTTHUMG00000010665;RP11-286B14.1
NFE2L3	NFE2L3
MIR512-1;MIR512-2	MIR512-1;MIR512-2
MIR512-1;MIR512-2	MIR512-1;MIR512-2
RNF185-AS1	RNF185-AS1
ITIH5	ITIH5
LOC400752	LOC400752
GABRA4	GABRA4
OTTHUMG00000159201;RP11-719N22.2	OTTHUMG00000159201;RP11-719N22.2
OR10AD1	OR10AD1
SPANXN3	SPANXN3
RSF1-IT1	RSF1-IT1
LINC00424	LINC00424
NOVA1	NOVA1
COL11A2	COL11A2
ZFPM1	ZFPM1
TRIM77	TRIM77
RNF114	RNF114
LINC00879;OTTHUMG00000159021;RP11-118N24.3	LINC00879;OTTHUMG00000159021;RP11-118N24.3
TRAF1	TRAF1
SYNE4	SYNE4
OTTHUMG00000150941;RP1-85F18.5	OTTHUMG00000150941;RP1-85F18.5
SNORD58A	SNORD58A
RAP1A	RAP1A
EREG	EREG
HECW1	HECW1
IGHV2-5	IGHV2-5
TMEM133	TMEM133
FRG2;LOC100288255	FRG2;LOC100288255
FRG2;LOC100288255	FRG2;LOC100288255
TRBV25OR9-2	TRBV25OR9-2
LECT1	LECT1
OTTHUMG00000017550;RP11-526P5.1	OTTHUMG00000017550;RP11-526P5.1
IRF7	IRF7
KRTAP17-1	KRTAP17-1
DGCR11	DGCR11
DSCAM-AS1	DSCAM-AS1
AC128709.2;OTTHUMG00000155482	AC128709.2;OTTHUMG00000155482
OTTHUMG00000161775;RP11-171N4.2	OTTHUMG00000161775;RP11-171N4.2
SCUBE1	SCUBE1
AP000322.53;OTTHUMG00000153030	AP000322.53;OTTHUMG00000153030
OTTHUMG00000163830;RP11-51J9.4	OTTHUMG00000163830;RP11-51J9.4
KCNE1	KCNE1
MIR31	MIR31
SAP25	SAP25
LOC441454	LOC441454
GNA15	GNA15
SAT2	SAT2
GATA3-AS1;OTTHUMG00000017641;RP11-379F12.3	GATA3-AS1;OTTHUMG00000017641;RP11-379F12.3
OR10V2P	OR10V2P
RAB19	RAB19
RNA5SP331	RNA5SP331
ZNF623	ZNF623
OTTHUMG00000010017;RP5-827O9.1	OTTHUMG00000010017;RP5-827O9.1
MIR4513	MIR4513
MAPT-AS1	MAPT-AS1
VARS	VARS
GPR158-AS1	GPR158-AS1
OTTHUMG00000020419;RP11-217B7.3	OTTHUMG00000020419;RP11-217B7.3
MST1P2	MST1P2
PTCH2;RNU5E-6P	PTCH2;RNU5E-6P
KCTD4	KCTD4
AC093495.4;OTTHUMG00000155524	AC093495.4;OTTHUMG00000155524
ACP2	ACP2
OTTHUMG00000161395;RP11-423J7.1	OTTHUMG00000161395;RP11-423J7.1
CTC-293G12.1;OTTHUMG00000162806	CTC-293G12.1;OTTHUMG00000162806
LOC101060288;LOC101060295;LOC101060308;PRAMEF15;PRAMEF9	LOC101060288;LOC101060295;LOC101060308;PRAMEF15;PRAMEF9
PES1	PES1
IGKV1-37	IGKV1-37
AC017060.1;OTTHUMG00000152731	AC017060.1;OTTHUMG00000152731
LOC643648;OTTHUMG00000067212;RP11-475I24.8	LOC643648;OTTHUMG00000067212;RP11-475I24.8
OTTHUMG00000020999;RP11-885N19.6	OTTHUMG00000020999;RP11-885N19.6
SNORD14D	SNORD14D
ANPEP	ANPEP
MIR375	MIR375
KIAA0368	KIAA0368
OTTHUMG00000159404;RP11-174O3.3	OTTHUMG00000159404;RP11-174O3.3
ASB17	ASB17
TOR3A	TOR3A
HCP5	HCP5
MIR4436A	MIR4436A
NXPE4	NXPE4
MIR127	MIR127
ROS1	ROS1
ARPC3	ARPC3
GLRX	GLRX
MIR4718	MIR4718
OTTHUMG00000014957;RP11-349P19.1	OTTHUMG00000014957;RP11-349P19.1
TAC1	TAC1
HCAR1	HCAR1
OTTHUMG00000019174;RP11-62L18.3	OTTHUMG00000019174;RP11-62L18.3
OTTHUMG00000015064;RP11-35J1.1	OTTHUMG00000015064;RP11-35J1.1
PRRT4	PRRT4
OR10W1	OR10W1
OTTHUMG00000017965;RP11-322I2.1	OTTHUMG00000017965;RP11-322I2.1
CTD-2131I18.1;OTTHUMG00000163048	CTD-2131I18.1;OTTHUMG00000163048
SMAD2	SMAD2
OR5L2	OR5L2
EDDM3B	EDDM3B
AC144450.2;OTTHUMG00000151382	AC144450.2;OTTHUMG00000151382
AC003051.1;OTTHUMG00000132249	AC003051.1;OTTHUMG00000132249
GS1-251I9.2;OTTHUMG00000164021	GS1-251I9.2;OTTHUMG00000164021
TNNT3	TNNT3
OTTHUMG00000018120;RP11-144G6.10	OTTHUMG00000018120;RP11-144G6.10
METTL23	METTL23
MIR3184	MIR3184
AC074112.1;OTTHUMG00000154585	AC074112.1;OTTHUMG00000154585
OTTHUMG00000017144;RP11-521J24.1	OTTHUMG00000017144;RP11-521J24.1
OTTHUMG00000020528;RP11-168K11.3	OTTHUMG00000020528;RP11-168K11.3
TMEM30C	TMEM30C
MIR1245B	MIR1245B
RIT2	RIT2
IFITM4P	IFITM4P
IFITM4P	IFITM4P
IFITM4P	IFITM4P
FAM74A2;FAM74A4	FAM74A2;FAM74A4
RN7SKP9	RN7SKP9
OTTHUMG00000020685;RP11-343J18.2	OTTHUMG00000020685;RP11-343J18.2
FGF11	FGF11
OTTHUMG00000158360;RP11-875H7.1	OTTHUMG00000158360;RP11-875H7.1
DEFB4A;DEFB4B	DEFB4A;DEFB4B
USP20	USP20
PPY	PPY
GAGE10	GAGE10
PIPSL	PIPSL
MZT1	MZT1
KCNA7	KCNA7
RLBP1	RLBP1
ASCC1	ASCC1
OTTHUMG00000014204;RP11-69L16.4	OTTHUMG00000014204;RP11-69L16.4
LOC100505978	LOC100505978
LOC100506125	LOC100506125
MARVELD1	MARVELD1
CASP4	CASP4
KB-1562D12.1;OTTHUMG00000164833	KB-1562D12.1;OTTHUMG00000164833
FPGS	FPGS
OTTHUMG00000002525;RP11-34P13.9	OTTHUMG00000002525;RP11-34P13.9
RNA5SP341	RNA5SP341
FARP1-AS1	FARP1-AS1
SMAD7	SMAD7
OTTHUMG00000010107;RP11-393I23.4	OTTHUMG00000010107;RP11-393I23.4
FZD1	FZD1
AC027269.2;OTTHUMG00000155126	AC027269.2;OTTHUMG00000155126
SIRPAP1	SIRPAP1
CALR	CALR
OTTHUMG00000037303;RP11-538D16.2	OTTHUMG00000037303;RP11-538D16.2
PADI2	PADI2
OTTHUMG00000010769;RP11-413P11.1	OTTHUMG00000010769;RP11-413P11.1
C17orf47	C17orf47
MIR933	MIR933
OTTHUMG00000164913;RP11-114O8.1	OTTHUMG00000164913;RP11-114O8.1
ACSL5	ACSL5
OTTHUMG00000001907;RP5-1113E3.3	OTTHUMG00000001907;RP5-1113E3.3
RADIL	RADIL
SLC46A1	SLC46A1
AC068580.6;OTTHUMG00000045360	AC068580.6;OTTHUMG00000045360
ACTR3BP4	ACTR3BP4
MIR4510	MIR4510
PRSS44	PRSS44
KLK11	KLK11
OR2J2	OR2J2
CTDP1	CTDP1
OTTHUMG00000163666;RP11-10A14.7	OTTHUMG00000163666;RP11-10A14.7
APPBP2	APPBP2
CCDC157	CCDC157
LOC116437	LOC116437
OTTHUMG00000017843;RP13-16H11.2	OTTHUMG00000017843;RP13-16H11.2
CTB-138E5.1;OTTHUMG00000163110	CTB-138E5.1;OTTHUMG00000163110
HOXD-AS1	HOXD-AS1
SMNDC1	SMNDC1
OTTHUMG00000134329;XXbac-BPG296P20.15	OTTHUMG00000134329;XXbac-BPG296P20.15
OTTHUMG00000148970;XXbac-BPG296P20.15	OTTHUMG00000148970;XXbac-BPG296P20.15
OTTHUMG00000149255;XXbac-BPG296P20.15	OTTHUMG00000149255;XXbac-BPG296P20.15
OTTHUMG00000149485;XXbac-BPG296P20.15	OTTHUMG00000149485;XXbac-BPG296P20.15
OTTHUMG00000004870;XXbac-BPG296P20.15	OTTHUMG00000004870;XXbac-BPG296P20.15
OTTHUMG00000019015;RP11-56I23.1	OTTHUMG00000019015;RP11-56I23.1
CD96	CD96
PLN	PLN
LOC286359	LOC286359
GALE	GALE
DEFB4A;DEFB4B	DEFB4A;DEFB4B
LINC00305	LINC00305
UBXN7	UBXN7
CASK-AS1	CASK-AS1
HEMGN	HEMGN
CTD-2123J17.2;OTTHUMG00000162792	CTD-2123J17.2;OTTHUMG00000162792
HCP5	HCP5
CTD-2501M5.1;OTTHUMG00000164760	CTD-2501M5.1;OTTHUMG00000164760
OR2L13	OR2L13
C21orf67	C21orf67
OTTHUMG00000007027;RP11-223A3.1	OTTHUMG00000007027;RP11-223A3.1
CTD-2176I21.2;OTTHUMG00000162203	CTD-2176I21.2;OTTHUMG00000162203
APOA2	APOA2
OTTHUMG00000163915;RP11-363L24.3	OTTHUMG00000163915;RP11-363L24.3
FAM100A;UBALD1	FAM100A;UBALD1
LOC100288562;LOC101060371;LOC101060540	LOC100288562;LOC101060371;LOC101060540
OTTHUMG00000164855;RP11-653B10.1	OTTHUMG00000164855;RP11-653B10.1
P2RY12	P2RY12
CHRM3-AS1	CHRM3-AS1
LENEP	LENEP
RASSF9	RASSF9
LOC100506272;OTTHUMG00000160302;RP11-565A3.2	LOC100506272;OTTHUMG00000160302;RP11-565A3.2
MIR194-1	MIR194-1
RPS7P5	RPS7P5
VAMP7	VAMP7
LOC100128573	LOC100128573
BDH2	BDH2
IGLC7	IGLC7
PIDD	PIDD
RABEP2	RABEP2
ZNF583	ZNF583
LOC402160;OTTHUMG00000160515;OTTHUMG00000160517;OTTHUMG00000160518;RP11-503N18.1;RP11-503N18.2;RP11-503N18.3	LOC402160;OTTHUMG00000160515;OTTHUMG00000160517;OTTHUMG00000160518;RP11-503N18.1;RP11-503N18.2;RP11-503N18.3
RNA5SP255	RNA5SP255
SCGB1D4	SCGB1D4
AC093642.4;LOC100996616;OTTHUMG00000151372	AC093642.4;LOC100996616;OTTHUMG00000151372
OTTHUMG00000021545;RP11-114H20.1	OTTHUMG00000021545;RP11-114H20.1
LNX1-AS2	LNX1-AS2
LINC00388	LINC00388
KLF17	KLF17
STK36	STK36
DNM1P35	DNM1P35
OTTHUMG00000163854;RP11-77B22.2	OTTHUMG00000163854;RP11-77B22.2
HEATR6	HEATR6
MIR3545	MIR3545
OR52A5	OR52A5
OTTHUMG00000015055;RP11-415D17.4	OTTHUMG00000015055;RP11-415D17.4
AGPAT5	AGPAT5
COMMD5	COMMD5
USP43	USP43
RNA5SP209	RNA5SP209
APLN	APLN
AC026904.1;OTTHUMG00000141277	AC026904.1;OTTHUMG00000141277
CTD-2335O3.3;LOC100506329;OTTHUMG00000162404	CTD-2335O3.3;LOC100506329;OTTHUMG00000162404
OTTHUMG00000032221;RP11-410N8.3	OTTHUMG00000032221;RP11-410N8.3
CTB-178M22.2;OTTHUMG00000162964	CTB-178M22.2;OTTHUMG00000162964
DMWD	DMWD
EIF1B-AS1	EIF1B-AS1
AC074212.3;LOC388553;OTTHUMG00000156178	AC074212.3;LOC388553;OTTHUMG00000156178
MIR3189	MIR3189
OR10Q1	OR10Q1
OR5V1	OR5V1
CDRT1	CDRT1
MORN5	MORN5
CELA2A	CELA2A
SPCS2	SPCS2
SRGAP3-AS1	SRGAP3-AS1
OR4D11	OR4D11
CTB-35F21.1;OTTHUMG00000163333	CTB-35F21.1;OTTHUMG00000163333
PGK2	PGK2
CTC-529P8.1;LOC255187;OTTHUMG00000163433	CTC-529P8.1;LOC255187;OTTHUMG00000163433
CASKIN1	CASKIN1
KRTAP9-4;KRTAP9-9	KRTAP9-4;KRTAP9-9
LOC340508;OTTHUMG00000020312;RP11-520B13.4	LOC340508;OTTHUMG00000020312;RP11-520B13.4
MIR4787	MIR4787
TMPRSS11A	TMPRSS11A
KLF5	KLF5
RNA5SP404	RNA5SP404
NEU2	NEU2
LINC00861;OTTHUMG00000165025;RP11-622O11.2	LINC00861;OTTHUMG00000165025;RP11-622O11.2
CHRNA1	CHRNA1
NOTCH1	NOTCH1
FAM166A	FAM166A
GNAT1	GNAT1
OTTHUMG00000157352;RP4-555L14.4	OTTHUMG00000157352;RP4-555L14.4
OTTHUMG00000160444;RP11-663P9.1	OTTHUMG00000160444;RP11-663P9.1
RASSF7	RASSF7
MIR222	MIR222
AC010745.4;OTTHUMG00000151743	AC010745.4;OTTHUMG00000151743
GRIK1-AS1	GRIK1-AS1
WDR70	WDR70
POU4F2	POU4F2
C15orf55;NUTM1	C15orf55;NUTM1
OTTHUMG00000161390;RP11-342A1.1	OTTHUMG00000161390;RP11-342A1.1
ZNF200	ZNF200
AC017002.2;OTTHUMG00000153694	AC017002.2;OTTHUMG00000153694
PDZRN3-AS1	PDZRN3-AS1
OTTHUMG00000134297;RP4-723E3.1	OTTHUMG00000134297;RP4-723E3.1
OTTHUMG00000015221;RP3-433F14.3	OTTHUMG00000015221;RP3-433F14.3
TMEM52B	TMEM52B
OTTHUMG00000020639;RP11-230L22.4	OTTHUMG00000020639;RP11-230L22.4
RNA5SP182	RNA5SP182
IGHD3-10	IGHD3-10
OR13C3	OR13C3
WDR86-AS1	WDR86-AS1
RNA5SP321	RNA5SP321
OTTHUMG00000014297;RP11-401E14.2	OTTHUMG00000014297;RP11-401E14.2
CELF4	CELF4
OTTHUMG00000157116;RP11-332K15.1	OTTHUMG00000157116;RP11-332K15.1
LOC100505518;OTTHUMG00000017113;RP11-318G21.3	LOC100505518;OTTHUMG00000017113;RP11-318G21.3
SLC38A10	SLC38A10
MIR4490	MIR4490
COX6A1P2	COX6A1P2
CHPT1	CHPT1
OTTHUMG00000018462;RP11-537A6.9	OTTHUMG00000018462;RP11-537A6.9
ADAM21	ADAM21
AC016700.3;OTTHUMG00000153128	AC016700.3;OTTHUMG00000153128
MIR514B	MIR514B
OTTHUMG00000157398;RP4-778K6.3	OTTHUMG00000157398;RP4-778K6.3
MLNR	MLNR
OTTHUMG00000037359;RP11-322F10.2	OTTHUMG00000037359;RP11-322F10.2
MIR3914-2	MIR3914-2
OR2Y1	OR2Y1
CD83	CD83
POLR2C	POLR2C
SNORA14A	SNORA14A
OTTHUMG00000020686;RP11-343J18.1	OTTHUMG00000020686;RP11-343J18.1
OTTHUMG00000156393;RP11-132N15.2	OTTHUMG00000156393;RP11-132N15.2
LENG1	LENG1
CDPF1	CDPF1
TAAR3	TAAR3
AC011747.6;OTTHUMG00000151627	AC011747.6;OTTHUMG00000151627
STAG3L1;STAG3L2;STAG3L3	STAG3L1;STAG3L2;STAG3L3
DNAJB14	DNAJB14
AP001062.8;C21orf2;OTTHUMG00000086918	AP001062.8;C21orf2;OTTHUMG00000086918
FBXO42	FBXO42
SUCNR1	SUCNR1
OTTHUMG00000032039;RP5-828K20.2	OTTHUMG00000032039;RP5-828K20.2
DLGAP1-AS5	DLGAP1-AS5
ALG1L13P	ALG1L13P
LOC100505989;OTTHUMG00000161261;RP11-294O2.2	LOC100505989;OTTHUMG00000161261;RP11-294O2.2
FAM128A;MIR4784;MZT2A;OTTHUMG00000153606	FAM128A;MIR4784;MZT2A;OTTHUMG00000153606
UGDH-AS1	UGDH-AS1
MIR4722;PIEZO1	MIR4722;PIEZO1
TM4SF20	TM4SF20
OTTHUMG00000163395;RP11-1026M7.3	OTTHUMG00000163395;RP11-1026M7.3
H2AFB1;H2AFB2;H2AFB3	H2AFB1;H2AFB2;H2AFB3
MIR4465	MIR4465
FAM90A20P	FAM90A20P
SH3PXD2A	SH3PXD2A
OR8J3	OR8J3
FBXO47	FBXO47
OTTHUMG00000035893;RP11-16L9.4	OTTHUMG00000035893;RP11-16L9.4
C6orf136	C6orf136
KIAA0226L	KIAA0226L
OTTHUMG00000160104;RP11-341G5.1	OTTHUMG00000160104;RP11-341G5.1
OTTHUMG00000150298;RP1-29C18.9	OTTHUMG00000150298;RP1-29C18.9
RNA5SP44	RNA5SP44
TOLLIP-AS1	TOLLIP-AS1
RNF135	RNF135
RNU4ATAC3P	RNU4ATAC3P
MTRNR2L10	MTRNR2L10
EMX1	EMX1
FAM153A	FAM153A
MARK4	MARK4
OTTHUMG00000021342;RP11-545D19.1	OTTHUMG00000021342;RP11-545D19.1
OTTHUMG00000014935;RP1-240B8.3	OTTHUMG00000014935;RP1-240B8.3
AC006372.4;OTTHUMG00000152642	AC006372.4;OTTHUMG00000152642
HSD17B8	HSD17B8
HSD17B8	HSD17B8
HSD17B8	HSD17B8
HSD17B8	HSD17B8
HSD17B8	HSD17B8
HSD17B8	HSD17B8
CTD-2582M21.1;OTTHUMG00000162485	CTD-2582M21.1;OTTHUMG00000162485
KRT35	KRT35
GSTO2	GSTO2
AC073071.1;OTTHUMG00000155014	AC073071.1;OTTHUMG00000155014
AC005152.3;OTTHUMG00000132237	AC005152.3;OTTHUMG00000132237
TMEM67	TMEM67
ATP11A	ATP11A
KIAA0141	KIAA0141
KIAA0040	KIAA0040
NAP1L4	NAP1L4
ATP11C	ATP11C
C18orf63	C18orf63
FAM210A	FAM210A
MIR762	MIR762
YY1P2	YY1P2
AC023672.2;OTTHUMG00000153366	AC023672.2;OTTHUMG00000153366
OTTHUMG00000164155;RP11-700E23.1	OTTHUMG00000164155;RP11-700E23.1
RNY5P8	RNY5P8
LOC100996782;MED18	LOC100996782;MED18
LYRM2	LYRM2
FLT3	FLT3
CNGB3	CNGB3
MIR9-1	MIR9-1
SPATA31A4;SPATA31A5;SPATA31A7	SPATA31A4;SPATA31A5;SPATA31A7
RNA5SP66	RNA5SP66
MIR3186	MIR3186
OTTHUMG00000160964;RP11-498M5.2	OTTHUMG00000160964;RP11-498M5.2
OTTHUMG00000161894;RP11-711G10.1	OTTHUMG00000161894;RP11-711G10.1
OTTHUMG00000163987;RP11-89M20.2	OTTHUMG00000163987;RP11-89M20.2
SMIM21	SMIM21
AC018890.6;OTTHUMG00000154592	AC018890.6;OTTHUMG00000154592
CEP57	CEP57
HMGCS2	HMGCS2
ZNF396	ZNF396
AC005324.7;OTTHUMG00000059149	AC005324.7;OTTHUMG00000059149
SRSF5	SRSF5
C6orf136	C6orf136
C6orf136	C6orf136
C6orf136	C6orf136
C6orf136	C6orf136
AP005482.1;OTTHUMG00000073723	AP005482.1;OTTHUMG00000073723
LOC401176;OTTHUMG00000161785;RP11-19O2.2	LOC401176;OTTHUMG00000161785;RP11-19O2.2
CST6	CST6
OTTHUMG00000015708;RP11-753B14.1	OTTHUMG00000015708;RP11-753B14.1
OR2J2	OR2J2
TP73	TP73
LRRC59	LRRC59
OR2T34	OR2T34
OTTHUMG00000160835;RP11-556N4.1	OTTHUMG00000160835;RP11-556N4.1
KCND3-IT1	KCND3-IT1
OTTHUMG00000008374;RP11-63G10.2	OTTHUMG00000008374;RP11-63G10.2
OTTHUMG00000160645;RP11-231C18.1	OTTHUMG00000160645;RP11-231C18.1
CMTM2	CMTM2
OTTHUMG00000161400;RP11-673E1.4	OTTHUMG00000161400;RP11-673E1.4
OTTHUMG00000058154;RP11-144A16.5	OTTHUMG00000058154;RP11-144A16.5
LOC100507066	LOC100507066
FAM74A2	FAM74A2
KLHL24	KLHL24
LOC729059;OTTHUMG00000003226;RP4-805N21.1	LOC729059;OTTHUMG00000003226;RP4-805N21.1
HCG18	HCG18
HCG17	HCG17
HCG17	HCG17
CD276	CD276
HELT	HELT
IFNG	IFNG
SNORA15	SNORA15
OTTHUMG00000035703;RP11-553K8.5	OTTHUMG00000035703;RP11-553K8.5
FOXD4L5	FOXD4L5
DBIL5P2	DBIL5P2
SLC6A19	SLC6A19
NOVA1-AS1	NOVA1-AS1
THRSP	THRSP
NR0B2	NR0B2
LCE6A	LCE6A
OTTHUMG00000019705;RP11-33G16.1	OTTHUMG00000019705;RP11-33G16.1
OTTHUMG00000015700;RP3-460G2.2	OTTHUMG00000015700;RP3-460G2.2
FUT8-AS1	FUT8-AS1
SLC24A6	SLC24A6
LOC100507199;OTTHUMG00000024175;RP11-366F6.2	LOC100507199;OTTHUMG00000024175;RP11-366F6.2
CTD-2139B15.2;OTTHUMG00000161870	CTD-2139B15.2;OTTHUMG00000161870
PHACTR3	PHACTR3
OTTHUMG00000164519;RP11-6I2.4	OTTHUMG00000164519;RP11-6I2.4
GRM5	GRM5
ZBED2	ZBED2
SCGB3A1	SCGB3A1
LCE3A	LCE3A
OTTHUMG00000032476;RP1-1J6.2	OTTHUMG00000032476;RP1-1J6.2
SSX8	SSX8
CTD-3135A9.3;OTTHUMG00000164868	CTD-3135A9.3;OTTHUMG00000164868
BCORL1	BCORL1
CTD-2254N19.1;OTTHUMG00000162214	CTD-2254N19.1;OTTHUMG00000162214
KIAA1614	KIAA1614
SEPN1	SEPN1
NT5C3;NT5C3A	NT5C3;NT5C3A
OTTHUMG00000035438;RP11-243J18.2	OTTHUMG00000035438;RP11-243J18.2
TIAL1	TIAL1
MT3	MT3
IL12RB2	IL12RB2
OTTHUMG00000159504;RP11-501O2.4	OTTHUMG00000159504;RP11-501O2.4
SULT1C2P1	SULT1C2P1
AC092620.2;OTTHUMG00000153633;SPOPL	AC092620.2;OTTHUMG00000153633;SPOPL
OTTHUMG00000160433;RP11-1E6.1	OTTHUMG00000160433;RP11-1E6.1
RAPGEF2	RAPGEF2
NOS2P2	NOS2P2
LOC729458;MBD3L2	LOC729458;MBD3L2
OLFM2	OLFM2
OTTHUMG00000032445;RP4-564F22.5	OTTHUMG00000032445;RP4-564F22.5
LINC00439	LINC00439
IDI2	IDI2
C12orf44	C12orf44
AC114776.3;OTTHUMG00000153642	AC114776.3;OTTHUMG00000153642
ISCU	ISCU
OTTHUMG00000040658;RP11-567E21.3	OTTHUMG00000040658;RP11-567E21.3
OTTHUMG00000163990;RP1-84O15.2	OTTHUMG00000163990;RP1-84O15.2
CTD-2154B17.1;OTTHUMG00000162122	CTD-2154B17.1;OTTHUMG00000162122
RNA5SP422	RNA5SP422
CAPN8	CAPN8
TNPO2	TNPO2
MIR944	MIR944
UBE2F	UBE2F
MRGPRX3	MRGPRX3
BNIP3L	BNIP3L
OTTHUMG00000020975;RP11-229P13.23	OTTHUMG00000020975;RP11-229P13.23
AC083900.1;OTTHUMG00000154794	AC083900.1;OTTHUMG00000154794
BEST3	BEST3
ZFP36L1	ZFP36L1
RNA5SP251	RNA5SP251
OTTHUMG00000164263;RP11-1081M5.1	OTTHUMG00000164263;RP11-1081M5.1
LOC399744	LOC399744
MIR633	MIR633
C6orf136	C6orf136
RNA5SP295	RNA5SP295
KRTAP2-3;KRTAP2-4	KRTAP2-3;KRTAP2-4
OTTHUMG00000164480;RP11-10J21.5	OTTHUMG00000164480;RP11-10J21.5
ATF7	ATF7
ZIM3	ZIM3
LINC00280	LINC00280
MAP7D1	MAP7D1
PRR15	PRR15
GNAI2	GNAI2
MIR4279	MIR4279
PSG8	PSG8
ANKMY2	ANKMY2
AC004744.3;OTTHUMG00000152543	AC004744.3;OTTHUMG00000152543
AK1	AK1
OTTHUMG00000164063;RP11-122C21.1	OTTHUMG00000164063;RP11-122C21.1
KIAA1644	KIAA1644
CCNY	CCNY
OTTHUMG00000035535;OTTHUMG00000040635;RP11-161I10.1;RP11-547I7.2	OTTHUMG00000035535;OTTHUMG00000040635;RP11-161I10.1;RP11-547I7.2
CTC-436K13.2;OTTHUMG00000163517	CTC-436K13.2;OTTHUMG00000163517
DZANK1	DZANK1
C5orf52	C5orf52
RNY4P7	RNY4P7
DBNL	DBNL
LOC100132831	LOC100132831
NKD2	NKD2
OGFR-AS1	OGFR-AS1
CTB-73N10.1;OTTHUMG00000163385	CTB-73N10.1;OTTHUMG00000163385
AC004066.3;OTTHUMG00000161046	AC004066.3;OTTHUMG00000161046
ORM1	ORM1
MIR525	MIR525
RNU105B	RNU105B
GLYCTK-AS1	GLYCTK-AS1
HNRNPCP5	HNRNPCP5
C13orf35	C13orf35
OTTHUMG00000163015;RP11-395P13.2	OTTHUMG00000163015;RP11-395P13.2
AC159540.2;OTTHUMG00000153001	AC159540.2;OTTHUMG00000153001
TRHR	TRHR
AC007327.5;OTTHUMG00000154941	AC007327.5;OTTHUMG00000154941
RNA5SP168	RNA5SP168
ARL14	ARL14
CHORDC1	CHORDC1
IGKV3D-15	IGKV3D-15
WWC1	WWC1
CACNA1C-IT1	CACNA1C-IT1
AC102953.4;LOC100996269;OTTHUMG00000151454	AC102953.4;LOC100996269;OTTHUMG00000151454
BNIPL	BNIPL
LOC100507377	LOC100507377
PCDHB9	PCDHB9
MSGN1	MSGN1
TBX5-AS1	TBX5-AS1
PHF8	PHF8
UBE2Q1-AS1	UBE2Q1-AS1
LOC550112;LOC550113;OTTHUMG00000160769;RP11-453E17.1	LOC550112;LOC550113;OTTHUMG00000160769;RP11-453E17.1
CHL1-AS1	CHL1-AS1
LOC100507461;OTTHUMG00000159502;RP11-639B1.1	LOC100507461;OTTHUMG00000159502;RP11-639B1.1
OR4K5	OR4K5
MIR4511	MIR4511
PKP3	PKP3
RNF39	RNF39
OTTHUMG00000161345;RP11-793B23.1	OTTHUMG00000161345;RP11-793B23.1
SYCE2	SYCE2
DND1	DND1
TNFRSF12A	TNFRSF12A
CTD-3064M3.3;OTTHUMG00000164483	CTD-3064M3.3;OTTHUMG00000164483
OTTHUMG00000161603;RP11-259O2.3	OTTHUMG00000161603;RP11-259O2.3
OTTHUMG00000018925;RP11-108L7.11;TLX1NB	OTTHUMG00000018925;RP11-108L7.11;TLX1NB
ADM5	ADM5
TNR-IT1	TNR-IT1
LOC100291105;OTTHUMG00000134335;RP4-800J21.3	LOC100291105;OTTHUMG00000134335;RP4-800J21.3
OTTHUMG00000160880;RP11-100N20.1	OTTHUMG00000160880;RP11-100N20.1
BLNK	BLNK
PYDC1	PYDC1
KRT16P3	KRT16P3
OTTHUMG00000017899;RP11-14C22.3	OTTHUMG00000017899;RP11-14C22.3
HSD17B14	HSD17B14
MIR320C2	MIR320C2
OTTHUMG00000161140;RP11-311D14.2	OTTHUMG00000161140;RP11-311D14.2
VCX;VCX3A	VCX;VCX3A
ACOT7	ACOT7
SZT2-AS1	SZT2-AS1
S100G	S100G
MIR1286	MIR1286
TTC39A	TTC39A
TTC29	TTC29
SNAR-H	SNAR-H
HMGA1P7	HMGA1P7
LOC145694	LOC145694
FAM71C	FAM71C
MRGPRX1	MRGPRX1
DOK2	DOK2
PPIL4	PPIL4
PTH	PTH
ZNF510	ZNF510
FBF1	FBF1
CEBPE	CEBPE
OTTHUMG00000011879;RP4-666F24.3	OTTHUMG00000011879;RP4-666F24.3
BOD1L2	BOD1L2
FAM90A10P	FAM90A10P
MIR581	MIR581
FAM90A25P	FAM90A25P
OTTHUMG00000000449;RP11-195F19.5	OTTHUMG00000000449;RP11-195F19.5
CTD-2275D24.3;OTTHUMG00000162458	CTD-2275D24.3;OTTHUMG00000162458
ALDOB	ALDOB
OTTHUMG00000016055;RP1-137D17.1	OTTHUMG00000016055;RP1-137D17.1
AC006003.3;OTTHUMG00000153023	AC006003.3;OTTHUMG00000153023
MIR107	MIR107
CTC-264O10.2;OTTHUMG00000163871	CTC-264O10.2;OTTHUMG00000163871
SLC22A2	SLC22A2
MLC1	MLC1
DEFA6	DEFA6
OTTHUMG00000156395;RP11-430L16.1	OTTHUMG00000156395;RP11-430L16.1
CCDC147	CCDC147
TERF2IP	TERF2IP
OTTHUMG00000046204;RP11-379J5.5	OTTHUMG00000046204;RP11-379J5.5
HAO2	HAO2
MIR516B2	MIR516B2
MIR3157	MIR3157
OTTHUMG00000022173;RP6-191P20.4	OTTHUMG00000022173;RP6-191P20.4
OTTHUMG00000161651;RP11-122F24.1	OTTHUMG00000161651;RP11-122F24.1
MEF2B;MEF2BNB;MEF2BNB-MEF2B	MEF2B;MEF2BNB;MEF2BNB-MEF2B
LEUTX	LEUTX
TLE3	TLE3
FAM105B	FAM105B
VN1R2	VN1R2
ICAM3	ICAM3
MIR4498	MIR4498
LRMP	LRMP
LOC284798;OTTHUMG00000032113;RP4-738P15.1	LOC284798;OTTHUMG00000032113;RP4-738P15.1
DNMBP-AS1	DNMBP-AS1
ZDBF2	ZDBF2
FARSB	FARSB
AC003101.1;MIR365B;OTTHUMG00000132786	AC003101.1;MIR365B;OTTHUMG00000132786
CELF2-AS2	CELF2-AS2
PDPN	PDPN
MIR4432	MIR4432
AC012506.3;OTTHUMG00000151905	AC012506.3;OTTHUMG00000151905
FBXW10;LOC100996906	FBXW10;LOC100996906
AP006216.12;OTTHUMG00000150649	AP006216.12;OTTHUMG00000150649
MAP3K19	MAP3K19
TNR	TNR
TYW3	TYW3
DUPD1	DUPD1
MIR105-2	MIR105-2
PSMC2	PSMC2
MIR3913-1	MIR3913-1
LYG2	LYG2
IGKV6-21	IGKV6-21
SYF2	SYF2
HELZ2;OTTHUMG00000032982;RP4-697K14.12	HELZ2;OTTHUMG00000032982;RP4-697K14.12
LOC644145;OTTHUMG00000160694;RP11-345F18.1	LOC644145;OTTHUMG00000160694;RP11-345F18.1
FLG-AS1	FLG-AS1
OTTHUMG00000150222;XXbac-BPG154L12.4	OTTHUMG00000150222;XXbac-BPG154L12.4
CTB-4E7.1;OTTHUMG00000163481	CTB-4E7.1;OTTHUMG00000163481
SCGB3A2	SCGB3A2
OTTHUMG00000017655;RP5-933E2.1	OTTHUMG00000017655;RP5-933E2.1
TARP;TRGC1;TRGC2;TRGJ1;TRGJ2;TRGJP;TRGJP1;TRGJP2;TRGV11;TRGV9	TARP;TRGC1;TRGC2;TRGJ1;TRGJ2;TRGJP;TRGJP1;TRGJP2;TRGV11;TRGV9
MIR518D	MIR518D
AC006547.8;OTTHUMG00000150489	AC006547.8;OTTHUMG00000150489
PRINS	PRINS
MIR210HG	MIR210HG
AC005808.3;OTTHUMG00000032767	AC005808.3;OTTHUMG00000032767
OTTHUMG00000161118;RP11-380D23.2	OTTHUMG00000161118;RP11-380D23.2
LOC100996246	LOC100996246
C2orf47	C2orf47
OTTHUMG00000032470;RP11-101E14.3	OTTHUMG00000032470;RP11-101E14.3
LOC283332	LOC283332
XGPY2	XGPY2
LYVE1	LYVE1
FXR1	FXR1
OTTHUMG00000156193;RP11-95L3.2	OTTHUMG00000156193;RP11-95L3.2
PRM1	PRM1
AC004869.3;OTTHUMG00000155472	AC004869.3;OTTHUMG00000155472
AC097724.3;LOC100505774;OTTHUMG00000152012	AC097724.3;LOC100505774;OTTHUMG00000152012
C16orf87	C16orf87
OTTHUMG00000042245;RP11-315I20.1	OTTHUMG00000042245;RP11-315I20.1
OTTHUMG00000018556;RP11-31E13.2	OTTHUMG00000018556;RP11-31E13.2
BOK	BOK
LOC100270804	LOC100270804
TMCO5A	TMCO5A
KRTAP6-2	KRTAP6-2
OTTHUMG00000156391;RP11-132N15.3	OTTHUMG00000156391;RP11-132N15.3
LIPT1	LIPT1
OTTHUMG00000037662;RP4-803J11.2	OTTHUMG00000037662;RP4-803J11.2
RNA5SP73	RNA5SP73
UCA1	UCA1
SYCP3	SYCP3
DUX2;DUX4;DUX4L2;DUX4L3;DUX4L5;DUX4L6;DUX4L7;LOC100288355;LOC100288398;LOC100288433;LOC100288494;LOC100288593;LOC100288657	DUX2;DUX4;DUX4L2;DUX4L3;DUX4L5;DUX4L6;DUX4L7;LOC100288355;LOC100288398;LOC100288433;LOC100288494;LOC100288593;LOC100288657
KRT6B	KRT6B
ZNF280C	ZNF280C
MIR4759	MIR4759
OTTHUMG00000086581;XXbac-BPG13B8.10	OTTHUMG00000086581;XXbac-BPG13B8.10
OTTHUMG00000148711;XXbac-BPG13B8.10	OTTHUMG00000148711;XXbac-BPG13B8.10
OTTHUMG00000086849;XXbac-BPG13B8.10	OTTHUMG00000086849;XXbac-BPG13B8.10
OTTHUMG00000148880;XXbac-BPG13B8.10	OTTHUMG00000148880;XXbac-BPG13B8.10
OTTHUMG00000149160;XXbac-BPG13B8.10	OTTHUMG00000149160;XXbac-BPG13B8.10
OTTHUMG00000149412;XXbac-BPG13B8.10	OTTHUMG00000149412;XXbac-BPG13B8.10
OTTHUMG00000004780;XXbac-BPG13B8.10	OTTHUMG00000004780;XXbac-BPG13B8.10
LOC100996378	LOC100996378
OTTHUMG00000037619;RP11-1B20.1	OTTHUMG00000037619;RP11-1B20.1
RN7SKP10	RN7SKP10
UPK1B	UPK1B
OTTHUMG00000024201;RP11-66N11.7	OTTHUMG00000024201;RP11-66N11.7
FRMD6	FRMD6
ASTL	ASTL
PDZRN3	PDZRN3
RNA5SP63	RNA5SP63
AC004691.5;OTTHUMG00000152799	AC004691.5;OTTHUMG00000152799
GS1-251I9.3;OTTHUMG00000164020	GS1-251I9.3;OTTHUMG00000164020
OTTHUMG00000164080;RP11-360L9.4	OTTHUMG00000164080;RP11-360L9.4
LRCH4	LRCH4
MIR3926-2	MIR3926-2
TYW1B	TYW1B
PLCG2	PLCG2
AC073957.15;OTTHUMG00000151482	AC073957.15;OTTHUMG00000151482
AC010745.1;OTTHUMG00000151746	AC010745.1;OTTHUMG00000151746
ATMIN	ATMIN
OR2T8	OR2T8
OTTHUMG00000022592;RP11-143G3.1	OTTHUMG00000022592;RP11-143G3.1
IQCF5-AS1	IQCF5-AS1
TRAK1	TRAK1
CCDC127;CTD-2083E4.4;OTTHUMG00000161585	CCDC127;CTD-2083E4.4;OTTHUMG00000161585
CTD-2031P19.4;LOC100652914;LOC100653008;OTTHUMG00000163591	CTD-2031P19.4;LOC100652914;LOC100653008;OTTHUMG00000163591
OTTHUMG00000163006;RP11-395P13.4	OTTHUMG00000163006;RP11-395P13.4
CELF2-AS1	CELF2-AS1
AC008163.4;OTTHUMG00000155412	AC008163.4;OTTHUMG00000155412
LOC100506990	LOC100506990
ECEL1P2	ECEL1P2
SPATA31A1;SPATA31A2	SPATA31A1;SPATA31A2
OTTHUMG00000067150;RP11-395E19.5	OTTHUMG00000067150;RP11-395E19.5
OTTHUMG00000162061;RP11-893F2.6	OTTHUMG00000162061;RP11-893F2.6
KRTAP1-3	KRTAP1-3
GPR82	GPR82
OTTHUMG00000163579;RP11-281O15.4	OTTHUMG00000163579;RP11-281O15.4
OTTHUMG00000150464;RP1-32I10.10	OTTHUMG00000150464;RP1-32I10.10
HSD3B2	HSD3B2
OTTHUMG00000163720;RP11-618M23.5	OTTHUMG00000163720;RP11-618M23.5
LINC00935	LINC00935
OTTHUMG00000019973;RP11-203L2.4	OTTHUMG00000019973;RP11-203L2.4
LINC00538	LINC00538
PRCC	PRCC
LOC100131257	LOC100131257
HSPB3	HSPB3
PNPLA4	PNPLA4
OTTHUMG00000160443;RP11-360F5.1	OTTHUMG00000160443;RP11-360F5.1
FOXE1	FOXE1
CTD-2313F11.2;OTTHUMG00000162201	CTD-2313F11.2;OTTHUMG00000162201
OTTHUMG00000020690;RP11-123K19.1	OTTHUMG00000020690;RP11-123K19.1
FEM1C	FEM1C
DCP1A	DCP1A
CCR4	CCR4
RNU6-64P	RNU6-64P
MIR4263	MIR4263
MIR381	MIR381
SPR	SPR
AC092675.4;OTTHUMG00000153105	AC092675.4;OTTHUMG00000153105
TMEM216	TMEM216
OR2T29;OR2T5	OR2T29;OR2T5
RNU7-65P	RNU7-65P
C9orf85	C9orf85
KDELR1	KDELR1
CTC-338M12.1;OTTHUMG00000162378	CTC-338M12.1;OTTHUMG00000162378
GGTLC1	GGTLC1
AC079779.7;OTTHUMG00000151377	AC079779.7;OTTHUMG00000151377
CDX1	CDX1
LINC00304	LINC00304
CTD-2194D22.2;OTTHUMG00000161601	CTD-2194D22.2;OTTHUMG00000161601
LOC730668	LOC730668
WNK1	WNK1
MGC34800	MGC34800
OTTHUMG00000014635;RP3-503A6.2	OTTHUMG00000014635;RP3-503A6.2
C3orf79	C3orf79
AC144450.1;OTTHUMG00000151383	AC144450.1;OTTHUMG00000151383
ST3GAL5	ST3GAL5
OR14A2;OTTHUMG00000041416;RP11-634B7.5	OR14A2;OTTHUMG00000041416;RP11-634B7.5
OTTHUMG00000019602;RP11-570H19.2	OTTHUMG00000019602;RP11-570H19.2
KCNAB1	KCNAB1
OTTHUMG00000031876;RP1-278O22.1	OTTHUMG00000031876;RP1-278O22.1
EGFR-AS1	EGFR-AS1
BLK	BLK
LOC100996643	LOC100996643
AC019349.5;OTTHUMG00000133684	AC019349.5;OTTHUMG00000133684
LRBA	LRBA
SLC43A1	SLC43A1
OTTHUMG00000013277;RP11-327I22.8	OTTHUMG00000013277;RP11-327I22.8
FAM153C	FAM153C
APCDD1L	APCDD1L
OTTHUMG00000018960;RP11-18I14.7;TMEM180	OTTHUMG00000018960;RP11-18I14.7;TMEM180
OTTHUMG00000163302;RP11-536N17.1	OTTHUMG00000163302;RP11-536N17.1
PLCXD2-AS1	PLCXD2-AS1
AC004837.5;OTTHUMG00000155278	AC004837.5;OTTHUMG00000155278
ADARB1	ADARB1
GM2A	GM2A
C12orf39	C12orf39
CYP27C1	CYP27C1
OTTHUMG00000020009;RP11-63P12.7	OTTHUMG00000020009;RP11-63P12.7
GPRC5D	GPRC5D
CTC-575N7.1;OTTHUMG00000163042	CTC-575N7.1;OTTHUMG00000163042
TBC1D2	TBC1D2
MIR4471	MIR4471
OTTHUMG00000034988;RP11-195C7.1	OTTHUMG00000034988;RP11-195C7.1
OTTHUMG00000032680;RP1-66N13.1	OTTHUMG00000032680;RP1-66N13.1
LRRC19	LRRC19
OTTHUMG00000017809;RP11-301N24.3	OTTHUMG00000017809;RP11-301N24.3
OR13C8	OR13C8
RPL36AL	RPL36AL
OTTHUMG00000032717;RP11-112L6.3	OTTHUMG00000032717;RP11-112L6.3
GTF2IP3	GTF2IP3
ZNF835	ZNF835
MEGF8	MEGF8
AC005358.3;OTTHUMG00000058769	AC005358.3;OTTHUMG00000058769
SLC35F1	SLC35F1
AC113607.3;OTTHUMG00000151371	AC113607.3;OTTHUMG00000151371
KB-1568E2.1;OTTHUMG00000164773	KB-1568E2.1;OTTHUMG00000164773
C14orf164	C14orf164
SEC14L5	SEC14L5
OTTHUMG00000008232;RP11-191G24.1	OTTHUMG00000008232;RP11-191G24.1
C6orf147;KHDC1;KHDC1L	C6orf147;KHDC1;KHDC1L
OTTHUMG00000017341;RP11-472K17.1	OTTHUMG00000017341;RP11-472K17.1
LINC00444	LINC00444
GBX1	GBX1
FTH1P4	FTH1P4
HOXB-AS5;MIR3185	HOXB-AS5;MIR3185
FAM212A	FAM212A
NKX3-2	NKX3-2
AJ009632.3;OTTHUMG00000078773	AJ009632.3;OTTHUMG00000078773
RGS21	RGS21
LOC100128787;OTTHUMG00000040491;RP11-84O12.4	LOC100128787;OTTHUMG00000040491;RP11-84O12.4
CEP290	CEP290
HSD3B1	HSD3B1
RNU1-23P	RNU1-23P
PRHOXNB	PRHOXNB
OR52N1	OR52N1
HEXA-AS1	HEXA-AS1
OTTHUMG00000159176;RP11-454H13.5;ZBTB11-AS1	OTTHUMG00000159176;RP11-454H13.5;ZBTB11-AS1
AC004112.4;OTTHUMG00000155122	AC004112.4;OTTHUMG00000155122
C17orf105	C17orf105
KLRC3	KLRC3
RASGEF1C	RASGEF1C
FOXN1	FOXN1
MMADHC	MMADHC
SCGB2A1	SCGB2A1
KRTAP26-1	KRTAP26-1
SOX30	SOX30
DUSP21	DUSP21
PLCD3	PLCD3
P2RY6	P2RY6
KCNAB2	KCNAB2
AMPD3	AMPD3
SCAND3	SCAND3
LINC00283	LINC00283
MIR4457	MIR4457
MIR3650	MIR3650
CLRN3	CLRN3
SNORA11B	SNORA11B
OTTHUMG00000161349;RP11-714L20.1	OTTHUMG00000161349;RP11-714L20.1
MIR301B	MIR301B
MIR553	MIR553
OTTHUMG00000020564;RP11-281A20.2	OTTHUMG00000020564;RP11-281A20.2
AC105393.1;OTTHUMG00000151367	AC105393.1;OTTHUMG00000151367
MIR519C	MIR519C
HOXD11	HOXD11
LRRC72	LRRC72
RNA5SP139	RNA5SP139
AC073218.2;OTTHUMG00000152144	AC073218.2;OTTHUMG00000152144
DYSF	DYSF
OTTHUMG00000000564;RP11-740P5.2	OTTHUMG00000000564;RP11-740P5.2
SCCPDH	SCCPDH
TRIM51GP	TRIM51GP
OTTHUMG00000002044;RP4-704D23.1	OTTHUMG00000002044;RP4-704D23.1
CCNDBP1	CCNDBP1
SNORD82	SNORD82
OR1S2	OR1S2
CTB-178M22.1;OTTHUMG00000162967	CTB-178M22.1;OTTHUMG00000162967
OTTHUMG00000153516;RP3-333H23.8	OTTHUMG00000153516;RP3-333H23.8
ST8SIA5	ST8SIA5
C16orf86	C16orf86
OTTHUMG00000163796;RP11-486M23.2	OTTHUMG00000163796;RP11-486M23.2
PNMA6A;PNMA6B;PNMA6C;PNMA6D	PNMA6A;PNMA6B;PNMA6C;PNMA6D
LOC100288069;OTTHUMG00000002406;OTTHUMG00000002409;RP11-206L10.2;RP11-206L10.5	LOC100288069;OTTHUMG00000002406;OTTHUMG00000002409;RP11-206L10.2;RP11-206L10.5
AF196972.9;OTTHUMG00000021498	AF196972.9;OTTHUMG00000021498
USP45	USP45
OTTHUMG00000031021;RP11-139I14.2	OTTHUMG00000031021;RP11-139I14.2
SLC22A24	SLC22A24
OR10C1	OR10C1
OR10C1	OR10C1
OR10C1	OR10C1
OR10C1	OR10C1
RPH3A	RPH3A
RNU6-71P	RNU6-71P
SSX4;SSX4B	SSX4;SSX4B
OTTHUMG00000161241;RP11-625B21.1	OTTHUMG00000161241;RP11-625B21.1
PRKAA1	PRKAA1
CYP4Z2P	CYP4Z2P
INTS10	INTS10
MIR4282	MIR4282
OTTHUMG00000163392;RP11-960D24.1	OTTHUMG00000163392;RP11-960D24.1
PITX3	PITX3
CTD-2194L12.2;OTTHUMG00000162107	CTD-2194L12.2;OTTHUMG00000162107
OTTHUMG00000159250;RP11-231E6.1	OTTHUMG00000159250;RP11-231E6.1
OTTHUMG00000158576;RP11-152C17.1	OTTHUMG00000158576;RP11-152C17.1
MIR514A1	MIR514A1
LOC100130452	LOC100130452
IL5RA	IL5RA
ZDHHC15	ZDHHC15
LOC90246	LOC90246
OSCAR	OSCAR
AC093732.1;OTTHUMG00000153135	AC093732.1;OTTHUMG00000153135
LOC100507435;OTTHUMG00000163600;RP11-666I19.2	LOC100507435;OTTHUMG00000163600;RP11-666I19.2
RNA5SP354	RNA5SP354
SLC25A17	SLC25A17
MUC7	MUC7
NUDT3	NUDT3
AC006372.6;OTTHUMG00000152640	AC006372.6;OTTHUMG00000152640
OTTHUMG00000018510;RP11-77G23.2	OTTHUMG00000018510;RP11-77G23.2
KCNMA1	KCNMA1
OTTHUMG00000015637;RP11-394G3.2	OTTHUMG00000015637;RP11-394G3.2
AC105253.1;OTTHUMG00000151457	AC105253.1;OTTHUMG00000151457
GPI	GPI
SATL1	SATL1
ANAPC2	ANAPC2
THEGL	THEGL
OTTHUMG00000163718;RP11-618M23.4	OTTHUMG00000163718;RP11-618M23.4
OTOA	OTOA
OR52N2	OR52N2
OTTHUMG00000067120;RP11-347J14.7	OTTHUMG00000067120;RP11-347J14.7
GGTLC3	GGTLC3
AC068580.7;OTTHUMG00000045388	AC068580.7;OTTHUMG00000045388
AP006216.5;OTTHUMG00000046113	AP006216.5;OTTHUMG00000046113
AC064834.3;OTTHUMG00000154378	AC064834.3;OTTHUMG00000154378
MIRLET7G	MIRLET7G
CTD-2203A3.1;OTTHUMG00000162170	CTD-2203A3.1;OTTHUMG00000162170
OTTHUMG00000161729;RP11-73G16.3	OTTHUMG00000161729;RP11-73G16.3
C2orf91	C2orf91
AC002465.2;OTTHUMG00000066355	AC002465.2;OTTHUMG00000066355
LOC100288562;LOC101060540;REXO1L1	LOC100288562;LOC101060540;REXO1L1
LOC100506795;OTTHUMG00000037976;RP5-855F14.1	LOC100506795;OTTHUMG00000037976;RP5-855F14.1
CTD-3224K15.2;OTTHUMG00000163330	CTD-3224K15.2;OTTHUMG00000163330
IMPG2	IMPG2
KIAA1429	KIAA1429
RNA5SP275	RNA5SP275
IL18R1	IL18R1
PNPLA1	PNPLA1
ANKK1	ANKK1
TMEM171	TMEM171
LOC100289656	LOC100289656
OR5B17	OR5B17
QSOX2	QSOX2
CCDC169-SOHLH2;SOHLH2	CCDC169-SOHLH2;SOHLH2
AP000233.2;OTTHUMG00000078330	AP000233.2;OTTHUMG00000078330
OTTHUMG00000020883;RP11-145E17.2	OTTHUMG00000020883;RP11-145E17.2
CDKN2C	CDKN2C
MIR26B	MIR26B
IL21-AS1	IL21-AS1
CHCHD2P6	CHCHD2P6
LOC645249;OTTHUMG00000157179;RP5-1121A15.1	LOC645249;OTTHUMG00000157179;RP5-1121A15.1
PPY2	PPY2
OTTHUMG00000032035;RP5-1185K9.1	OTTHUMG00000032035;RP5-1185K9.1
OTTHUMG00000014263;RP11-456H18.1	OTTHUMG00000014263;RP11-456H18.1
OTTHUMG00000164972;RP11-278I4.2	OTTHUMG00000164972;RP11-278I4.2
WDR11-AS1	WDR11-AS1
PABPC5-AS1	PABPC5-AS1
OTTHUMG00000016932;RP11-175B12.2	OTTHUMG00000016932;RP11-175B12.2
TTLL10-AS1	TTLL10-AS1
AGAP2-AS1	AGAP2-AS1
OR14J1	OR14J1
OR14J1	OR14J1
OR14J1	OR14J1
SPATA3	SPATA3
AC011738.4;LOC100506895;OTTHUMG00000155206	AC011738.4;LOC100506895;OTTHUMG00000155206
LINC00960	LINC00960
MYADML2	MYADML2
KB-1410C5.3;OTTHUMG00000164828	KB-1410C5.3;OTTHUMG00000164828
KLF15	KLF15
ARL17A	ARL17A
OPALIN	OPALIN
TBXAS1	TBXAS1
TMOD3	TMOD3
FCRLB	FCRLB
LINC00696	LINC00696
ZKSCAN5	ZKSCAN5
TRIM26	TRIM26
LINC00960;OTTHUMG00000158961;RP11-413E6.8	LINC00960;OTTHUMG00000158961;RP11-413E6.8
COX7A2	COX7A2
PRR25	PRR25
OR1J1	OR1J1
KRT16P2	KRT16P2
IL18	IL18
OTTHUMG00000161032;RP11-354O24.1	OTTHUMG00000161032;RP11-354O24.1
OTTHUMG00000150954;RP11-46E17.6	OTTHUMG00000150954;RP11-46E17.6
OR4C12	OR4C12
ITGB1	ITGB1
MFAP5	MFAP5
SPACA5;SPACA5B	SPACA5;SPACA5B
OTTHUMG00000058065;RP11-505P4.6	OTTHUMG00000058065;RP11-505P4.6
RBMY2EP	RBMY2EP
OTTHUMG00000003519;RP11-288L9.1	OTTHUMG00000003519;RP11-288L9.1
AC087393.1;OTTHUMG00000130762	AC087393.1;OTTHUMG00000130762
DDX39B-AS1	DDX39B-AS1
OTTHUMG00000137359;XXbac-BPG296P20.15	OTTHUMG00000137359;XXbac-BPG296P20.15
KRTAP20-1	KRTAP20-1
DKFZP434I0714;MIR4453;OTTHUMG00000161466;RP11-555K12.3	DKFZP434I0714;MIR4453;OTTHUMG00000161466;RP11-555K12.3
OTTHUMG00000019749;RP11-555J4.3	OTTHUMG00000019749;RP11-555J4.3
SYTL2	SYTL2
AC010132.10;OTTHUMG00000155178	AC010132.10;OTTHUMG00000155178
AC062031.1;OTTHUMG00000153722	AC062031.1;OTTHUMG00000153722
OTTHUMG00000161871;RP11-321E2.3	OTTHUMG00000161871;RP11-321E2.3
AP000322.54;OTTHUMG00000154291	AP000322.54;OTTHUMG00000154291
AC019117.2;OTTHUMG00000152727	AC019117.2;OTTHUMG00000152727
KLF10	KLF10
OTTHUMG00000020708;OTTHUMG00000020712;PTRH1;RP11-56D16.2;RP11-56D16.8	OTTHUMG00000020708;OTTHUMG00000020712;PTRH1;RP11-56D16.2;RP11-56D16.8
YES1	YES1
ZBTB20-AS3	ZBTB20-AS3
RNY4P3	RNY4P3
LOC100289580;OTTHUMG00000156775;RP5-1142A6.2	LOC100289580;OTTHUMG00000156775;RP5-1142A6.2
TAS2R43	TAS2R43
YWHAH	YWHAH
MRPL35	MRPL35
ORAI3	ORAI3
IL17RD	IL17RD
MIR330	MIR330
SCEL-AS1	SCEL-AS1
AC092570.2;OTTHUMG00000155390	AC092570.2;OTTHUMG00000155390
AC010731.2;OTTHUMG00000154728	AC010731.2;OTTHUMG00000154728
APOO	APOO
KLRC4;KLRC4-KLRK1;KLRK1	KLRC4;KLRC4-KLRK1;KLRK1
AC009365.4;LOC100506937;OTTHUMG00000155197	AC009365.4;LOC100506937;OTTHUMG00000155197
LOC389641;OTTHUMG00000163784;RP11-1149O23.3	LOC389641;OTTHUMG00000163784;RP11-1149O23.3
RNA5SP384	RNA5SP384
TMEM215	TMEM215
THEM4	THEM4
PCSK9	PCSK9
AC016738.4;OTTHUMG00000153031	AC016738.4;OTTHUMG00000153031
OR51H1P	OR51H1P
LOC100507373	LOC100507373
OTTHUMG00000035804;RP11-25B7.1	OTTHUMG00000035804;RP11-25B7.1
OTTHUMG00000163076;RP11-215P8.4	OTTHUMG00000163076;RP11-215P8.4
OR5B12	OR5B12
MIR526A2	MIR526A2
HDAC10	HDAC10
AC079305.10;OTTHUMG00000154178	AC079305.10;OTTHUMG00000154178
GAGE2A;GAGE2B;GAGE2C;GAGE2D;GAGE2E	GAGE2A;GAGE2B;GAGE2C;GAGE2D;GAGE2E
OTTHUMG00000032924;RP11-93B14.4	OTTHUMG00000032924;RP11-93B14.4
CNGA4	CNGA4
OTTHUMG00000161192;RP11-436A7.1	OTTHUMG00000161192;RP11-436A7.1
OTTHUMG00000010753;RP4-714D9.2	OTTHUMG00000010753;RP4-714D9.2
LGALS7;LGALS7B	LGALS7;LGALS7B
HTR2C-IT1	HTR2C-IT1
AC066593.1;LOC389023;OTTHUMG00000153346	AC066593.1;LOC389023;OTTHUMG00000153346
ARSJ	ARSJ
OTTHUMG00000019713;RP11-298E2.2	OTTHUMG00000019713;RP11-298E2.2
RNA5SP394	RNA5SP394
C2orf48	C2orf48
MYB-AS1	MYB-AS1
RNA5SP461	RNA5SP461
SCGB2B2	SCGB2B2
F8A1;F8A2;F8A3	F8A1;F8A2;F8A3
SRCIN1	SRCIN1
OTTHUMG00000002703;RP3-340N1.2	OTTHUMG00000002703;RP3-340N1.2
MIR4654	MIR4654
OTTHUMG00000162315;RP11-700H6.2	OTTHUMG00000162315;RP11-700H6.2
FAM95B1	FAM95B1
FIS1	FIS1
AC072062.3;OTTHUMG00000154798	AC072062.3;OTTHUMG00000154798
TBX22	TBX22
UBE2Q2	UBE2Q2
NNT	NNT
MGC45922	MGC45922
OTTHUMG00000020030;RP11-197P3.5	OTTHUMG00000020030;RP11-197P3.5
OTTHUMG00000158762;PSMD6-AS2;RP11-245J9.4	OTTHUMG00000158762;PSMD6-AS2;RP11-245J9.4
AC011290.4;OTTHUMG00000155274	AC011290.4;OTTHUMG00000155274
MIR645	MIR645
C5orf37;OTTHUMG00000162487;POC5	C5orf37;OTTHUMG00000162487;POC5
CLN3	CLN3
ZYX	ZYX
ZFAND6	ZFAND6
LMO1	LMO1
OTTHUMG00000002754;RP1-224A6.3	OTTHUMG00000002754;RP1-224A6.3
FERMT2	FERMT2
KRTCAP3	KRTCAP3
ALB	ALB
OTTHUMG00000161880;RP11-542G1.1	OTTHUMG00000161880;RP11-542G1.1
PCDHB7	PCDHB7
LOC653501;ZNF658;ZNF658B	LOC653501;ZNF658;ZNF658B
PKP4	PKP4
RNA5SP229	RNA5SP229
OTTHUMG00000164453;RP11-267M23.4	OTTHUMG00000164453;RP11-267M23.4
OTTHUMG00000164544;RP11-3N13.2	OTTHUMG00000164544;RP11-3N13.2
NAT8L	NAT8L
OTTHUMG00000010651;RP11-148B18.4	OTTHUMG00000010651;RP11-148B18.4
OTTHUMG00000162184;RP11-557J10.5	OTTHUMG00000162184;RP11-557J10.5
HIATL1	HIATL1
LOC152586;OTTHUMG00000161376;RP11-542P2.1	LOC152586;OTTHUMG00000161376;RP11-542P2.1
OTTHUMG00000015538;RP1-86D1.3	OTTHUMG00000015538;RP1-86D1.3
CTC-573M9.1;OTTHUMG00000163145	CTC-573M9.1;OTTHUMG00000163145
OTTHUMG00000163290;RP11-779O18.1	OTTHUMG00000163290;RP11-779O18.1
ECRP	ECRP
LOC100509976;LOC101060720	LOC100509976;LOC101060720
CES5AP1	CES5AP1
SPPL2B	SPPL2B
RNF7	RNF7
BAT4;GPANK1;OTTHUMG00000031465	BAT4;GPANK1;OTTHUMG00000031465
AC016683.6;LOC654433;OTTHUMG00000153340	AC016683.6;LOC654433;OTTHUMG00000153340
CLDN19	CLDN19
MIR455	MIR455
OTTHUMG00000002408;RP11-206L10.4	OTTHUMG00000002408;RP11-206L10.4
MGC15705	MGC15705
ADH4	ADH4
C5orf45	C5orf45
SOWAHB	SOWAHB
CTF1	CTF1
OTTHUMG00000156326;RP11-24F11.2	OTTHUMG00000156326;RP11-24F11.2
C1orf228	C1orf228
TRBV5-4	TRBV5-4
C12orf71	C12orf71
LNP1	LNP1
GPR137B	GPR137B
RNA5SP479	RNA5SP479
AGBL4-IT1	AGBL4-IT1
OR51G1	OR51G1
TMED11P	TMED11P
HOMER2	HOMER2
KB-1043D8.6;OTTHUMG00000164712	KB-1043D8.6;OTTHUMG00000164712
AC010982.2;OTTHUMG00000153530	AC010982.2;OTTHUMG00000153530
OTTHUMG00000041435;RP4-580N22.2	OTTHUMG00000041435;RP4-580N22.2
MIR4322	MIR4322
DENND4C	DENND4C
PTAFR	PTAFR
NPM2	NPM2
PAQR4	PAQR4
GZMA	GZMA
AC099344.2;OTTHUMG00000151821	AC099344.2;OTTHUMG00000151821
OTTHUMG00000159699;RP11-362A9.3	OTTHUMG00000159699;RP11-362A9.3
OTTHUMG00000016684;RP11-252M21.7	OTTHUMG00000016684;RP11-252M21.7
RRAGB	RRAGB
OTTHUMG00000158939;RP11-469J4.3	OTTHUMG00000158939;RP11-469J4.3
DNAJC18	DNAJC18
CCDC64B	CCDC64B
LRRC37A	LRRC37A
GJB7	GJB7
SERPINB10;SERPINB2	SERPINB10;SERPINB2
LHX6	LHX6
ACTN4	ACTN4
OTTHUMG00000019119;RP11-501J20.5	OTTHUMG00000019119;RP11-501J20.5
UBASH3A	UBASH3A
OTTHUMG00000163841;RP11-582J16.4	OTTHUMG00000163841;RP11-582J16.4
IL1RAPL2	IL1RAPL2
C1QTNF8	C1QTNF8
OTTHUMG00000009266;RP11-181B18.1	OTTHUMG00000009266;RP11-181B18.1
MORF4	MORF4
CISD1	CISD1
CCDC172	CCDC172
AC104695.4;OTTHUMG00000151942	AC104695.4;OTTHUMG00000151942
OTTHUMG00000141312;RP11-75C23.1	OTTHUMG00000141312;RP11-75C23.1
OTTHUMG00000035971;RP11-297H3.3	OTTHUMG00000035971;RP11-297H3.3
AC005703.2;OTTHUMG00000058964	AC005703.2;OTTHUMG00000058964
CDIPT-AS1	CDIPT-AS1
MACROD2-IT1	MACROD2-IT1
OTTHUMG00000021338;RP11-305F18.1	OTTHUMG00000021338;RP11-305F18.1
IL17C	IL17C
AC006445.8;LOC285548;OTTHUMG00000160090	AC006445.8;LOC285548;OTTHUMG00000160090
RNF223	RNF223
COX7B2	COX7B2
BRAT1	BRAT1
NDNL2	NDNL2
AC108462.1;OTTHUMG00000151388	AC108462.1;OTTHUMG00000151388
TAOK2	TAOK2
MIR655	MIR655
OR4A5	OR4A5
EMC4	EMC4
FAM217A	FAM217A
MIR3974	MIR3974
MIR1913	MIR1913
OTTHUMG00000020919;RP11-432J22.2	OTTHUMG00000020919;RP11-432J22.2
OTTHUMG00000161739;RP11-503L23.1	OTTHUMG00000161739;RP11-503L23.1
MIR1302-10;MIR1302-11;MIR1302-2;MIR1302-9	MIR1302-10;MIR1302-11;MIR1302-2;MIR1302-9
TUBA3C;TUBA3D	TUBA3C;TUBA3D
FOXK1	FOXK1
RNA5SP475	RNA5SP475
TMEM223	TMEM223
LOC100130331;OTTHUMG00000039587;RP11-193H5.1	LOC100130331;OTTHUMG00000039587;RP11-193H5.1
OTTHUMG00000031842;RP5-971N18.3	OTTHUMG00000031842;RP5-971N18.3
AC026188.1;OTTHUMG00000154935	AC026188.1;OTTHUMG00000154935
TMEM139	TMEM139
AC004166.7;OTTHUMG00000156216;STAG3L2;STAG3L3	AC004166.7;OTTHUMG00000156216;STAG3L2;STAG3L3
AP000235.2;AP000235.3;LOC339622;OTTHUMG00000078328;OTTHUMG00000078331	AP000235.2;AP000235.3;LOC339622;OTTHUMG00000078328;OTTHUMG00000078331
OR4F17	OR4F17
C16orf96	C16orf96
OTTHUMG00000032013;RP5-1177M21.1	OTTHUMG00000032013;RP5-1177M21.1
DAPK1-IT1	DAPK1-IT1
PGM5-AS1	PGM5-AS1
MATK	MATK
FAM90A7P	FAM90A7P
C4orf51	C4orf51
MIR4698	MIR4698
HOXC5	HOXC5
RNF181	RNF181
AC087430.1;OTTHUMG00000154883	AC087430.1;OTTHUMG00000154883
PLA2G2A	PLA2G2A
IGKV2D-40	IGKV2D-40
PAQR5	PAQR5
OTTHUMG00000037230;RP11-550P17.5	OTTHUMG00000037230;RP11-550P17.5
OTTHUMG00000017351;RP11-365P13.3	OTTHUMG00000017351;RP11-365P13.3
SLC16A13	SLC16A13
FRMPD3	FRMPD3
TPGS1	TPGS1
LOC100506851;OTTHUMG00000015079;RP1-232L24.3	LOC100506851;OTTHUMG00000015079;RP1-232L24.3
OTTHUMG00000037758;RP11-552D4.1	OTTHUMG00000037758;RP11-552D4.1
MIR4719	MIR4719
NAPRT1	NAPRT1
SLC9A3	SLC9A3
CAMSAP3	CAMSAP3
AP1S2	AP1S2
DCAF11	DCAF11
PYGL	PYGL
ST13	ST13
LL22NC03-75H12.2;OTTHUMG00000150324	LL22NC03-75H12.2;OTTHUMG00000150324
FIP1L1	FIP1L1
LOC100507417	LOC100507417
TRAV20	TRAV20
C1orf198	C1orf198
OVOL3	OVOL3
OTTHUMG00000020570;RP11-360A18.1	OTTHUMG00000020570;RP11-360A18.1
PDK2	PDK2
CTD-2161F6.1;OTTHUMG00000161649	CTD-2161F6.1;OTTHUMG00000161649
VAMP5	VAMP5
OTTHUMG00000163114;RP11-231G15.3	OTTHUMG00000163114;RP11-231G15.3
MIR373	MIR373
CBY3	CBY3
MIR2909	MIR2909
CLEC6A	CLEC6A
EEFSEC	EEFSEC
LOC101060521;POLR3E	LOC101060521;POLR3E
OTTHUMG00000164316;RP11-10N23.2	OTTHUMG00000164316;RP11-10N23.2
OTTHUMG00000163454;RP11-423H2.4	OTTHUMG00000163454;RP11-423H2.4
OTTHUMG00000160251;RP11-448G15.1	OTTHUMG00000160251;RP11-448G15.1
TRAV13-1	TRAV13-1
LOC100128593	LOC100128593
MUCL1	MUCL1
CCDC87	CCDC87
OTTHUMG00000159240;RP11-615J4.1	OTTHUMG00000159240;RP11-615J4.1
TIRAP	TIRAP
OTTHUMG00000159595;RP11-278L15.2	OTTHUMG00000159595;RP11-278L15.2
MAGI2-AS2	MAGI2-AS2
FAM227A	FAM227A
USP17L1P;USP17L2;USP17L3;USP17L4;USP17L7;USP17L8	USP17L1P;USP17L2;USP17L3;USP17L4;USP17L7;USP17L8
TMEM251	TMEM251
OR7D4	OR7D4
PCP2	PCP2
MIR3928	MIR3928
OTTHUMG00000032047;RP11-359G22.2	OTTHUMG00000032047;RP11-359G22.2
RNA5SP75	RNA5SP75
QRFP	QRFP
BBS7	BBS7
RAB3GAP1	RAB3GAP1
AC104135.2;OTTHUMG00000152930	AC104135.2;OTTHUMG00000152930
LHFPL2	LHFPL2
LINC00268	LINC00268
AC011343.1;OTTHUMG00000163544	AC011343.1;OTTHUMG00000163544
GUCY2C	GUCY2C
OR5G5P	OR5G5P
OTTHUMG00000021932;RP5-928E24.2	OTTHUMG00000021932;RP5-928E24.2
LINC00858;OTTHUMG00000018638;RP11-124L5.7	LINC00858;OTTHUMG00000018638;RP11-124L5.7
RSBN1	RSBN1
TRIM26	TRIM26
HOOK2	HOOK2
OTTHUMG00000017590;RP11-445P17.8	OTTHUMG00000017590;RP11-445P17.8
OTTHUMG00000022269;RP5-1139I1.2	OTTHUMG00000022269;RP5-1139I1.2
AC064834.1;OTTHUMG00000154379	AC064834.1;OTTHUMG00000154379
LRRC37B	LRRC37B
SRL	SRL
DNTTIP1	DNTTIP1
CTB-46B19.2;OTTHUMG00000163387	CTB-46B19.2;OTTHUMG00000163387
TXNL1	TXNL1
MIR1204;PVT1	MIR1204;PVT1
AF121898.3;OTTHUMG00000163764	AF121898.3;OTTHUMG00000163764
HTR7P1	HTR7P1
OTTHUMG00000018058;RP11-733D4.1	OTTHUMG00000018058;RP11-733D4.1
IGKV2-29	IGKV2-29
ELP3	ELP3
MYO1D	MYO1D
LINC00838	LINC00838
OTTHUMG00000017654;RP5-1051H14.2	OTTHUMG00000017654;RP5-1051H14.2
CTD-2269F5.1;OTTHUMG00000162622	CTD-2269F5.1;OTTHUMG00000162622
OTTHUMG00000015403;RP1-249H1.2	OTTHUMG00000015403;RP1-249H1.2
LOC100505794;OTTHUMG00000042021;RP11-337C18.8	LOC100505794;OTTHUMG00000042021;RP11-337C18.8
NR2E3	NR2E3
KLHL6-AS1	KLHL6-AS1
DIO1	DIO1
LINC00112	LINC00112
OTTHUMG00000058271;RP1-149A16.12	OTTHUMG00000058271;RP1-149A16.12
CACTIN-AS1	CACTIN-AS1
ATP2B2-IT1	ATP2B2-IT1
MGC15885	MGC15885
AC006050.2;OTTHUMG00000132806	AC006050.2;OTTHUMG00000132806
TTC28	TTC28
LINC00221	LINC00221
RNA5SP326	RNA5SP326
ADPRH	ADPRH
OTTHUMG00000165046;RP11-351C8.1	OTTHUMG00000165046;RP11-351C8.1
RNY4P2	RNY4P2
DEFA1;DEFA1B	DEFA1;DEFA1B
LOC100507537;OTTHUMG00000158471;RP11-451G4.2	LOC100507537;OTTHUMG00000158471;RP11-451G4.2
HRH2	HRH2
FAM186A	FAM186A
SLC35E4	SLC35E4
FLJ41423	FLJ41423
PRAC	PRAC
BSN-AS1	BSN-AS1
IGFBP1	IGFBP1
LOC100129931;OTTHUMG00000159982;RP11-367J11.2	LOC100129931;OTTHUMG00000159982;RP11-367J11.2
CT47A1;CT47A10;CT47A11;CT47A12;CT47A2;CT47A3;CT47A4;CT47A5;CT47A6;CT47A7;CT47A8;CT47A9;OTTHUMG00000022315;OTTHUMG00000022316;RP6-166C19.5;RP6-166C19.6	CT47A1;CT47A10;CT47A11;CT47A12;CT47A2;CT47A3;CT47A4;CT47A5;CT47A6;CT47A7;CT47A8;CT47A9;OTTHUMG00000022315;OTTHUMG00000022316;RP6-166C19.5;RP6-166C19.6
LOC100507403;OTTHUMG00000163995;RP11-527N22.1	LOC100507403;OTTHUMG00000163995;RP11-527N22.1
OR13G1	OR13G1
RNA5SP144	RNA5SP144
ITGA4	ITGA4
SLC22A31	SLC22A31
RS1	RS1
OTTHUMG00000159017;RP11-460N16.1	OTTHUMG00000159017;RP11-460N16.1
LOC100128077;LOC100506190	LOC100128077;LOC100506190
LUZP4	LUZP4
OTTHUMG00000008586;RP11-269F19.9;TCTEX1D4	OTTHUMG00000008586;RP11-269F19.9;TCTEX1D4
DTYMK	DTYMK
HSF5	HSF5
KRTAP10-6	KRTAP10-6
PSG4	PSG4
GLIPR1L1	GLIPR1L1
OTTHUMG00000035526;RP11-398M15.1	OTTHUMG00000035526;RP11-398M15.1
OR4A15	OR4A15
PIGB	PIGB
OTTHUMG00000020380;RP11-490D19.6	OTTHUMG00000020380;RP11-490D19.6
MIR602	MIR602
ANKRD30A	ANKRD30A
KB-1107E3.1;OTTHUMG00000164875	KB-1107E3.1;OTTHUMG00000164875
RNA5SP35	RNA5SP35
BRD2	BRD2
OR2T33	OR2T33
HPN	HPN
MSH4	MSH4
OTTHUMG00000161311;RP11-673E1.1	OTTHUMG00000161311;RP11-673E1.1
ADAMTS9-AS1	ADAMTS9-AS1
FIGF	FIGF
MIR3199-2	MIR3199-2
ZNF76	ZNF76
MAGEB5	MAGEB5
SNRPG	SNRPG
FAM153B;LOC100507387	FAM153B;LOC100507387
FLJ22763;OTTHUMG00000159205;RP11-59E19.1	FLJ22763;OTTHUMG00000159205;RP11-59E19.1
GUCY2D	GUCY2D
AC019221.4;DGKD;OTTHUMG00000150257	AC019221.4;DGKD;OTTHUMG00000150257
TDGF1P3	TDGF1P3
OTTHUMG00000000565;RP11-740P5.3	OTTHUMG00000000565;RP11-740P5.3
SMCR5	SMCR5
SLC18B1	SLC18B1
AC090505.4;OTTHUMG00000156022	AC090505.4;OTTHUMG00000156022
AF240627.2;OTTHUMG00000074543	AF240627.2;OTTHUMG00000074543
MEIS3	MEIS3
LOC100653042;NPEPPS	LOC100653042;NPEPPS
FOXP1-IT1	FOXP1-IT1
MGC39584	MGC39584
ANXA2R	ANXA2R
AC012370.3;OTTHUMG00000152758	AC012370.3;OTTHUMG00000152758
NLRP7	NLRP7
OTTHUMG00000013911;RP11-21N7.2	OTTHUMG00000013911;RP11-21N7.2
TEAD1	TEAD1
C21orf91-OT1	C21orf91-OT1
LY6K	LY6K
BAIAP2	BAIAP2
CSH2	CSH2
LOC100505795;OTTHUMG00000034481;RP11-506O24.1	LOC100505795;OTTHUMG00000034481;RP11-506O24.1
MAP2K5	MAP2K5
LOC100287049;OTTHUMG00000033109;RP11-574F21.2	LOC100287049;OTTHUMG00000033109;RP11-574F21.2
CRSP8P	CRSP8P
LINC00604	LINC00604
OTTHUMG00000022540;RP11-364B14.1	OTTHUMG00000022540;RP11-364B14.1
OTTHUMG00000160332;RP13-494C23.1	OTTHUMG00000160332;RP13-494C23.1
RNA5SP323	RNA5SP323
MIR4328	MIR4328
OSBP2	OSBP2
MRPS5	MRPS5
OTTHUMG00000160792;RP11-87F15.2	OTTHUMG00000160792;RP11-87F15.2
FER1L5	FER1L5
NARFL	NARFL
OTTHUMG00000157253;RP11-2L8.1	OTTHUMG00000157253;RP11-2L8.1
HMGA1P4	HMGA1P4
OTTHUMG00000162373;RP11-1018N14.3	OTTHUMG00000162373;RP11-1018N14.3
OTTHUMG00000041139;RP11-543B16.3	OTTHUMG00000041139;RP11-543B16.3
ERLIN1	ERLIN1
RNA5SP236	RNA5SP236
ITCH-AS1	ITCH-AS1
RNA5SP360	RNA5SP360
LOC100652999	LOC100652999
KIAA0894;RP11-476E15.3;SORBS1	KIAA0894;RP11-476E15.3;SORBS1
MIR1224	MIR1224
MS4A13	MS4A13
LEAP2	LEAP2
MTHFD2L	MTHFD2L
OTTHUMG00000019550;RP11-87N24.3	OTTHUMG00000019550;RP11-87N24.3
GABRD	GABRD
HRAS	HRAS
C1QTNF9B	C1QTNF9B
KLRC2	KLRC2
AC018705.5;LOC100129427;OTTHUMG00000155976	AC018705.5;LOC100129427;OTTHUMG00000155976
AC002066.1;OTTHUMG00000066052	AC002066.1;OTTHUMG00000066052
ZNF645	ZNF645
AC073133.2;OTTHUMG00000151447	AC073133.2;OTTHUMG00000151447
KLK8;KLK9	KLK8;KLK9
TMEM14E	TMEM14E
LOC728228;OTTHUMG00000031776;RP4-779E11.3	LOC728228;OTTHUMG00000031776;RP4-779E11.3
TUBAL3	TUBAL3
AKAP1	AKAP1
CTD-2227C6.2;OTTHUMG00000162781	CTD-2227C6.2;OTTHUMG00000162781
FTMT	FTMT
HOXB13	HOXB13
LINC00362	LINC00362
OTTHUMG00000003326;RP4-799D16.1	OTTHUMG00000003326;RP4-799D16.1
CRIP1P4	CRIP1P4
IL31	IL31
GPR146;LOC100505551;LOC100505568	GPR146;LOC100505551;LOC100505568
MIOX	MIOX
NRIP1	NRIP1
CTC-467M3.2;LOC100505949;OTTHUMG00000162635	CTC-467M3.2;LOC100505949;OTTHUMG00000162635
AC013401.2;LOC100506993;OTTHUMG00000154344	AC013401.2;LOC100506993;OTTHUMG00000154344
NEURL2	NEURL2
ASCL3	ASCL3
LINC00867;OTTHUMG00000019132;RP11-319I23.2	LINC00867;OTTHUMG00000019132;RP11-319I23.2
SPIN3	SPIN3
TMSB4XP8	TMSB4XP8
LDHC	LDHC
CACNG1	CACNG1
HAND1	HAND1
PPP1R27	PPP1R27
DBP	DBP
AC003986.5;OTTHUMG00000152490	AC003986.5;OTTHUMG00000152490
AC002472.11;OTTHUMG00000150899	AC002472.11;OTTHUMG00000150899
MIR215	MIR215
AC110619.2;OTTHUMG00000152371;PP14571	AC110619.2;OTTHUMG00000152371;PP14571
C20orf166;MIR133A2	C20orf166;MIR133A2
RNA5SP279	RNA5SP279
RPGR	RPGR
SIK1	SIK1
C9orf38	C9orf38
NUDT9P1	NUDT9P1
MYBPC1	MYBPC1
TRIM26	TRIM26
LENG9	LENG9
DAQB-12N14.5;LOC100507362;OTTHUMG00000149161	DAQB-12N14.5;LOC100507362;OTTHUMG00000149161
GPR65	GPR65
C1ORF220;C1orf220	C1ORF220;C1orf220
AC104134.2;OTTHUMG00000155047	AC104134.2;OTTHUMG00000155047
AC009299.2;OTTHUMG00000151884	AC009299.2;OTTHUMG00000151884
LINC00378	LINC00378
OR9Q1	OR9Q1
OR5R1	OR5R1
CRX	CRX
NMBR	NMBR
FABP7	FABP7
OTTHUMG00000020487;RP11-202G18.1	OTTHUMG00000020487;RP11-202G18.1
OR2F1	OR2F1
HPS5	HPS5
MID1IP1	MID1IP1
PLXNB2	PLXNB2
OTTHUMG00000010691;RP11-147C23.1	OTTHUMG00000010691;RP11-147C23.1
BAAT	BAAT
AC114730.8;OTTHUMG00000151478	AC114730.8;OTTHUMG00000151478
CLUHP3;KIAA0664L3	CLUHP3;KIAA0664L3
OTTHUMG00000036253;RP11-164O23.7	OTTHUMG00000036253;RP11-164O23.7
AC010096.1;OTTHUMG00000151772	AC010096.1;OTTHUMG00000151772
AF064858.11;OTTHUMG00000086702	AF064858.11;OTTHUMG00000086702
OTTHUMG00000041327;RP11-71G12.1	OTTHUMG00000041327;RP11-71G12.1
LOC100996583;OTTHUMG00000000819;RP3-395M20.9	LOC100996583;OTTHUMG00000000819;RP3-395M20.9
MIR103B1	MIR103B1
MIR126	MIR126
TTPA	TTPA
CHKA	CHKA
AC090505.1;OTTHUMG00000156017	AC090505.1;OTTHUMG00000156017
PCDH7	PCDH7
AIM1	AIM1
RNA5SP140	RNA5SP140
OR6C76	OR6C76
OTTHUMG00000009790;RP11-550H2.1	OTTHUMG00000009790;RP11-550H2.1
CTC-321K16.4;LOC340074;OTTHUMG00000163111	CTC-321K16.4;LOC340074;OTTHUMG00000163111
FOXD3	FOXD3
TRBV7-1	TRBV7-1
ARHGAP27	ARHGAP27
HENMT1	HENMT1
DEFB110	DEFB110
GS1-519E5.1;OTTHUMG00000021115	GS1-519E5.1;OTTHUMG00000021115
UNC5D	UNC5D
MSMP	MSMP
DKFZp451B082	DKFZp451B082
MIR1302-3	MIR1302-3
AC091729.9;OTTHUMG00000151480	AC091729.9;OTTHUMG00000151480
DKK4	DKK4
HERC5	HERC5
AC073635.5;OTTHUMG00000155740	AC073635.5;OTTHUMG00000155740
MIR1283-2	MIR1283-2
AMZ2	AMZ2
OTTHUMG00000003322;RP11-84D1.1	OTTHUMG00000003322;RP11-84D1.1
DPYD-AS2	DPYD-AS2
MIR4460	MIR4460
RNF19B	RNF19B
LINC00443	LINC00443
OR12D2	OR12D2
OR12D2	OR12D2
OR12D2	OR12D2
PCDHA1;PCDHA10;PCDHA11;PCDHA12;PCDHA13;PCDHA2;PCDHA3;PCDHA4;PCDHA5;PCDHA6;PCDHA7;PCDHA8;PCDHA9;PCDHAC1;PCDHAC2	PCDHA1;PCDHA10;PCDHA11;PCDHA12;PCDHA13;PCDHA2;PCDHA3;PCDHA4;PCDHA5;PCDHA6;PCDHA7;PCDHA8;PCDHA9;PCDHAC1;PCDHAC2
OTTHUMG00000008243;RP11-90C4.1	OTTHUMG00000008243;RP11-90C4.1
OTTHUMG00000014830;RP11-524K22.1	OTTHUMG00000014830;RP11-524K22.1
SEPT3	SEPT3
NUDCD2	NUDCD2
GPR153	GPR153
LOC100506368	LOC100506368
MIR4633	MIR4633
COX17	COX17
C2orf68	C2orf68
GS1-39E22.1;OTTHUMG00000165056	GS1-39E22.1;OTTHUMG00000165056
OTTHUMG00000161175;RP11-501C14.6	OTTHUMG00000161175;RP11-501C14.6
OTTHUMG00000160782;RP11-373J21.1	OTTHUMG00000160782;RP11-373J21.1
OR4C11	OR4C11
AKT2	AKT2
RBBP6	RBBP6
LOC100996477;RASSF8	LOC100996477;RASSF8
CYP4Z1	CYP4Z1
MIR4747	MIR4747
OTTHUMG00000158468;RP11-451G4.3	OTTHUMG00000158468;RP11-451G4.3
F9	F9
KRTAP19-7	KRTAP19-7
OTTHUMG00000015421;RP11-282C5.1	OTTHUMG00000015421;RP11-282C5.1
AC012594.1;OTTHUMG00000154003	AC012594.1;OTTHUMG00000154003
MARK2P9	MARK2P9
CEPT1	CEPT1
TTC40	TTC40
FBLIM1	FBLIM1
ARHGAP42	ARHGAP42
RASAL2-AS1	RASAL2-AS1
F11	F11
HAUS7;TREX2	HAUS7;TREX2
CTB-161K23.1;OTTHUMG00000156056	CTB-161K23.1;OTTHUMG00000156056
ARD1B;NAA11;OTTHUMG00000160913	ARD1B;NAA11;OTTHUMG00000160913
LOC100507175	LOC100507175
DAQB-12N14.5;LOC100507362;OTTHUMG00000004781	DAQB-12N14.5;LOC100507362;OTTHUMG00000004781
CARS-AS1	CARS-AS1
UBE2M	UBE2M
LAMA4	LAMA4
MLLT11	MLLT11
TEDDM1	TEDDM1
LOC100507560	LOC100507560
OTTHUMG00000019454;RP11-32F11.2	OTTHUMG00000019454;RP11-32F11.2
OTTHUMG00000007522;RP5-994D16.3	OTTHUMG00000007522;RP5-994D16.3
KIAA1731	KIAA1731
LOC645359;OTTHUMG00000074741;WI2-2994D6.2	LOC645359;OTTHUMG00000074741;WI2-2994D6.2
OTTHUMG00000161792;RP1-251I12.1	OTTHUMG00000161792;RP1-251I12.1
OTTHUMG00000018373;RP11-227H15.5	OTTHUMG00000018373;RP11-227H15.5
B4GALNT1	B4GALNT1
AC114812.8;OTTHUMG00000059036	AC114812.8;OTTHUMG00000059036
IGLJ4	IGLJ4
AC006369.3;OTTHUMG00000152558	AC006369.3;OTTHUMG00000152558
OR5AR1	OR5AR1
OTTHUMG00000014347;RP1-309H15.2	OTTHUMG00000014347;RP1-309H15.2
SCARNA9L	SCARNA9L
CTC-308K20.1;LOC100268168;OTTHUMG00000163304	CTC-308K20.1;LOC100268168;OTTHUMG00000163304
OTTHUMG00000158425;RP11-286H14.8	OTTHUMG00000158425;RP11-286H14.8
GTPBP5;MTG2	GTPBP5;MTG2
CAPZA3	CAPZA3
OTTHUMG00000017662;RP1-251M9.2	OTTHUMG00000017662;RP1-251M9.2
CCDC85B	CCDC85B
C8orf41;OTTHUMG00000163956;TTI2	C8orf41;OTTHUMG00000163956;TTI2
LOC100287042	LOC100287042
IRF2BPL	IRF2BPL
CCL22	CCL22
ITGAV	ITGAV
OTTHUMG00000035564;RP11-563D10.1	OTTHUMG00000035564;RP11-563D10.1
FLYWCH2	FLYWCH2
MIR1289-2	MIR1289-2
OTTHUMG00000159005;RP11-142L1.1	OTTHUMG00000159005;RP11-142L1.1
OTTHUMG00000159002;RP11-451B8.1	OTTHUMG00000159002;RP11-451B8.1
C7orf33	C7orf33
KRTAP20-3	KRTAP20-3
OTTHUMG00000157041;RP11-126L15.4	OTTHUMG00000157041;RP11-126L15.4
SPATA31D4	SPATA31D4
AC007099.1;OTTHUMG00000152941	AC007099.1;OTTHUMG00000152941
ADIRF;C10orf116	ADIRF;C10orf116
VCX2	VCX2
AC074091.13;OTTHUMG00000151945	AC074091.13;OTTHUMG00000151945
CCDC144B;CCDC144CP	CCDC144B;CCDC144CP
OTTHUMG00000157665;RP11-314A20.2	OTTHUMG00000157665;RP11-314A20.2
ATG9B;NOS3	ATG9B;NOS3
CLEC1B	CLEC1B
CTD-2316B1.2;OTTHUMG00000162593	CTD-2316B1.2;OTTHUMG00000162593
ZNF470	ZNF470
TMEM40	TMEM40
ACVR2B-AS1	ACVR2B-AS1
SLC16A12	SLC16A12
ZNF300P1	ZNF300P1
ZNF638;ZNF638-IT1	ZNF638;ZNF638-IT1
OTTHUMG00000159698;RP11-788A4.1	OTTHUMG00000159698;RP11-788A4.1
BAT4;GPANK1;OTTHUMG00000149947	BAT4;GPANK1;OTTHUMG00000149947
BAT4;GPANK1;OTTHUMG00000137396	BAT4;GPANK1;OTTHUMG00000137396
OTTHUMG00000040105;RP11-518L10.2	OTTHUMG00000040105;RP11-518L10.2
CERS5	CERS5
AC015969.3;OTTHUMG00000152574	AC015969.3;OTTHUMG00000152574
SDR9C7	SDR9C7
FLJ46066;OTTHUMG00000158294;RP11-139K4.1	FLJ46066;OTTHUMG00000158294;RP11-139K4.1
PEX2	PEX2
C8orf58	C8orf58
OTTHUMG00000156378;RP11-340I6.3	OTTHUMG00000156378;RP11-340I6.3
RNA5SP95	RNA5SP95
NCBP2-AS1	NCBP2-AS1
NPNT	NPNT
LOC100505515;OTTHUMG00000031895;RP11-157E14.1	LOC100505515;OTTHUMG00000031895;RP11-157E14.1
CDK3;TEN1;TEN1-CDK3	CDK3;TEN1;TEN1-CDK3
LAMB4	LAMB4
ST6GALNAC4	ST6GALNAC4
OR13C2	OR13C2
CLC	CLC
OTTHUMG00000012108;RP11-159M11.2	OTTHUMG00000012108;RP11-159M11.2
OR5AS1	OR5AS1
MIR3938	MIR3938
LOC100652930;NPEPL1	LOC100652930;NPEPL1
INMT	INMT
OTTHUMG00000162015;RP11-420O16.1	OTTHUMG00000162015;RP11-420O16.1
LOC100128979	LOC100128979
CELF3	CELF3
LOC641515;OTTHUMG00000041380;RP11-480I12.4	LOC641515;OTTHUMG00000041380;RP11-480I12.4
TMEM45B	TMEM45B
LRRC37A;LRRC37A2	LRRC37A;LRRC37A2
OTTHUMG00000037485;RP1-150O5.3	OTTHUMG00000037485;RP1-150O5.3
AP001053.11;LOC284837;OTTHUMG00000086882	AP001053.11;LOC284837;OTTHUMG00000086882
SPATA31A3	SPATA31A3
DUSP8	DUSP8
CTD-2234B20.1;OTTHUMG00000161916	CTD-2234B20.1;OTTHUMG00000161916
KRTAP3-1	KRTAP3-1
NOTUM	NOTUM
OTTHUMG00000019260;RP11-168C9.1	OTTHUMG00000019260;RP11-168C9.1
GZMH	GZMH
LOC100506827;OTTHUMG00000160456;RP11-328N19.1	LOC100506827;OTTHUMG00000160456;RP11-328N19.1
NPS	NPS
AC007879.4;OTTHUMG00000154724	AC007879.4;OTTHUMG00000154724
LOC100507195	LOC100507195
LINC00238	LINC00238
CD3E	CD3E
OTTHUMG00000013300;RP11-111F5.3	OTTHUMG00000013300;RP11-111F5.3
SNORD60	SNORD60
RNA5SP194	RNA5SP194
TMTC1	TMTC1
OTTHUMG00000158838;RP11-508O18.1	OTTHUMG00000158838;RP11-508O18.1
CTC-551A13.1;OTTHUMG00000163296	CTC-551A13.1;OTTHUMG00000163296
NAPEPLD	NAPEPLD
LOC100129046;OTTHUMG00000010302;RP5-1033H22.2	LOC100129046;OTTHUMG00000010302;RP5-1033H22.2
OTTHUMG00000014691;RP11-533O20.2	OTTHUMG00000014691;RP11-533O20.2
AC079610.1;OTTHUMG00000154820	AC079610.1;OTTHUMG00000154820
FKBP2	FKBP2
ENOX1-AS2	ENOX1-AS2
TMEM125	TMEM125
CENPW	CENPW
AC079776.1;OTTHUMG00000153489	AC079776.1;OTTHUMG00000153489
AC004870.4;OTTHUMG00000155553	AC004870.4;OTTHUMG00000155553
CTD-2139B15.4;LOC401177;OTTHUMG00000161877	CTD-2139B15.4;LOC401177;OTTHUMG00000161877
LAMC1	LAMC1
AC004485.3;OTTHUMG00000152567	AC004485.3;OTTHUMG00000152567
MS4A2	MS4A2
FAM181A-AS1	FAM181A-AS1
TIMP4	TIMP4
C21ORF116	C21ORF116
KB-1184D12.1;OTTHUMG00000164390	KB-1184D12.1;OTTHUMG00000164390
SLC15A3	SLC15A3
RNA5SP497	RNA5SP497
MIR4440	MIR4440
PWRN2	PWRN2
DRG1	DRG1
HLA-DQB2	HLA-DQB2
HLA-DQB2	HLA-DQB2
TIPARP-AS1	TIPARP-AS1
MIR135A1	MIR135A1
PSKH2	PSKH2
AP003039.3;OTTHUMG00000066439	AP003039.3;OTTHUMG00000066439
PABPC5	PABPC5
VHLL	VHLL
OTTHUMG00000164364;RP11-659E9.2	OTTHUMG00000164364;RP11-659E9.2
AC097461.4;OTTHUMG00000153390	AC097461.4;OTTHUMG00000153390
OTTHUMG00000017756;RP11-457D2.3	OTTHUMG00000017756;RP11-457D2.3
MIR3146	MIR3146
RABGAP1L-IT1	RABGAP1L-IT1
CTD-2296D1.3;OTTHUMG00000161899	CTD-2296D1.3;OTTHUMG00000161899
IGKV6D-41	IGKV6D-41
OTTHUMG00000160075;RP11-1J7.1	OTTHUMG00000160075;RP11-1J7.1
AC016700.2;OTTHUMG00000153127	AC016700.2;OTTHUMG00000153127
BIN3	BIN3
C5orf28	C5orf28
CTC-505O3.3;OTTHUMG00000163234	CTC-505O3.3;OTTHUMG00000163234
PALM3	PALM3
HRASLS	HRASLS
BRWD1-IT1	BRWD1-IT1
SLC35D3	SLC35D3
NKX2-8	NKX2-8
NAT9	NAT9
AC012445.1;OTTHUMG00000151487	AC012445.1;OTTHUMG00000151487
AP006285.7;OTTHUMG00000057558	AP006285.7;OTTHUMG00000057558
PTPLB	PTPLB
EDN2	EDN2
CTD-2281M20.1;OTTHUMG00000162951	CTD-2281M20.1;OTTHUMG00000162951
CLEC5A	CLEC5A
AP000289.6;OTTHUMG00000065062	AP000289.6;OTTHUMG00000065062
OPCML	OPCML
LRRC8D	LRRC8D
MIR4486	MIR4486
EPHB3	EPHB3
TRAT1	TRAT1
AC084149.1;OTTHUMG00000152841	AC084149.1;OTTHUMG00000152841
MIR513C	MIR513C
GTSF1	GTSF1
OR4F17;OR4F4	OR4F17;OR4F4
OTTHUMG00000162093;RP11-79C6.2	OTTHUMG00000162093;RP11-79C6.2
GORAB	GORAB
GSTA7P	GSTA7P
ZNF746	ZNF746
APBA3	APBA3
OTTHUMG00000164885;RP11-58O3.2	OTTHUMG00000164885;RP11-58O3.2
KRTAP6-1	KRTAP6-1
ASPA	ASPA
KRTAP4-6	KRTAP4-6
OTTHUMG00000009770;RP11-170N11.1	OTTHUMG00000009770;RP11-170N11.1
IFITM5	IFITM5
AC004854.4;OTTHUMG00000155819	AC004854.4;OTTHUMG00000155819
LOC101059939	LOC101059939
IGHV3-64	IGHV3-64
OTTHUMG00000161742;RP11-419C19.2	OTTHUMG00000161742;RP11-419C19.2
SMEK3P	SMEK3P
RND3	RND3
MBD3L3	MBD3L3
TRPC7-AS1	TRPC7-AS1
OTTHUMG00000158073;RP11-747D18.1	OTTHUMG00000158073;RP11-747D18.1
AL022344.5;OTTHUMG00000018018	AL022344.5;OTTHUMG00000018018
GPRIN1	GPRIN1
OTTHUMG00000018539;RP11-619F23.2	OTTHUMG00000018539;RP11-619F23.2
OR10G9	OR10G9
ZNF34	ZNF34
OTTHUMG00000015535;RP11-103C16.2	OTTHUMG00000015535;RP11-103C16.2
OTTHUMG00000010584;RP5-943J3.1	OTTHUMG00000010584;RP5-943J3.1
AP002856.5;OTTHUMG00000066363	AP002856.5;OTTHUMG00000066363
MIR4493	MIR4493
AC004041.2;OTTHUMG00000059612	AC004041.2;OTTHUMG00000059612
RNA5SP208	RNA5SP208
FABP1	FABP1
UPP1	UPP1
KRTAP9-7	KRTAP9-7
RNA5SP358	RNA5SP358
RNU4-10P	RNU4-10P
TCERG1	TCERG1
OTTHUMG00000161137;RP11-659O3.1	OTTHUMG00000161137;RP11-659O3.1
MIR516A2	MIR516A2
FOCAD	FOCAD
CBLC	CBLC
OTTHUMG00000017337;RP11-460H14.1	OTTHUMG00000017337;RP11-460H14.1
MCF2L-AS1	MCF2L-AS1
NAT8B	NAT8B
TLR3	TLR3
LOC440040	LOC440040
EVX2	EVX2
GH2	GH2
SNF8	SNF8
OTTHUMG00000032442;RP4-564F22.2;SNHG17	OTTHUMG00000032442;RP4-564F22.2;SNHG17
GFAP	GFAP
OTTHUMG00000031898;RP5-1077I2.3	OTTHUMG00000031898;RP5-1077I2.3
FGF8	FGF8
IL12B	IL12B
OR2T5	OR2T5
RNA5SP32	RNA5SP32
CGB1;CGB2	CGB1;CGB2
PROB1	PROB1
CNNM3	CNNM3
NXF5	NXF5
CTC-472C24.1;OTTHUMG00000162884	CTC-472C24.1;OTTHUMG00000162884
PEX5L-AS2	PEX5L-AS2
LINC00359	LINC00359
NF1	NF1
MGC16025	MGC16025
C1QTNF2	C1QTNF2
C17orf66	C17orf66
AC016724.8;IL36RN;OTTHUMG00000153322	AC016724.8;IL36RN;OTTHUMG00000153322
OR10AG1	OR10AG1
AP000475.2;OTTHUMG00000078125	AP000475.2;OTTHUMG00000078125
HAS3	HAS3
PRPF4	PRPF4
FAHD2CP	FAHD2CP
OTTHUMG00000164338;RP11-705O24.3	OTTHUMG00000164338;RP11-705O24.3
OTTHUMG00000007307;RP11-656D10.6	OTTHUMG00000007307;RP11-656D10.6
MIR138-2	MIR138-2
CT47A1;CT47A10;CT47A11;CT47A12;CT47A2;CT47A3;CT47A4;CT47A5;CT47A6;CT47A7;CT47A8;CT47A9;OTTHUMG00000022317;RP6-166C19.7	CT47A1;CT47A10;CT47A11;CT47A12;CT47A2;CT47A3;CT47A4;CT47A5;CT47A6;CT47A7;CT47A8;CT47A9;OTTHUMG00000022317;RP6-166C19.7
GTPBP1	GTPBP1
CTD-2296D1.4;OTTHUMG00000161902	CTD-2296D1.4;OTTHUMG00000161902
ABI1	ABI1
TRAV14DV4	TRAV14DV4
GPX6	GPX6
BAHD1	BAHD1
ZNF793	ZNF793
TRAJ1	TRAJ1
LOC100129060;OTTHUMG00000156795;RP11-493K19.3	LOC100129060;OTTHUMG00000156795;RP11-493K19.3
CXCL13	CXCL13
HOXC12	HOXC12
CTA-250D10.19;OTTHUMG00000151275	CTA-250D10.19;OTTHUMG00000151275
CCL27	CCL27
AC069513.3;LINC00969;OTTHUMG00000155834	AC069513.3;LINC00969;OTTHUMG00000155834
OTTHUMG00000163548;RP11-96G10.1	OTTHUMG00000163548;RP11-96G10.1
CTTN	CTTN
NCKAP1L	NCKAP1L
ATAD3C	ATAD3C
RNU4-6P	RNU4-6P
OR1L4	OR1L4
UIMC1	UIMC1
RNASEL	RNASEL
FABP9	FABP9
OTTHUMG00000008156;RP11-141A19.2	OTTHUMG00000008156;RP11-141A19.2
USP29	USP29
OTTHUMG00000161297;RP11-381N20.1	OTTHUMG00000161297;RP11-381N20.1
LRRFIP1	LRRFIP1
OTTHUMG00000017663;RP1-251M9.3	OTTHUMG00000017663;RP1-251M9.3
OTTHUMG00000020894;RP11-447M12.2	OTTHUMG00000020894;RP11-447M12.2
MIR503	MIR503
BTC	BTC
MCOLN2	MCOLN2
RFX4	RFX4
RNA5SP165	RNA5SP165
C1orf173	C1orf173
C15orf56	C15orf56
OTTHUMG00000148821;XXbac-BPG254F23.7	OTTHUMG00000148821;XXbac-BPG254F23.7
OTTHUMG00000140114;XXbac-BPG254F23.7	OTTHUMG00000140114;XXbac-BPG254F23.7
OTTHUMG00000162029;RP11-203B7.1	OTTHUMG00000162029;RP11-203B7.1
AC009531.2;OTTHUMG00000155027	AC009531.2;OTTHUMG00000155027
DDX11-AS1	DDX11-AS1
RBMY1A1;RBMY1B;RBMY1D;RBMY1E	RBMY1A1;RBMY1B;RBMY1D;RBMY1E
MED29	MED29
OTTHUMG00000165095;RP11-744J10.3	OTTHUMG00000165095;RP11-744J10.3
USH2A	USH2A
MIR519D	MIR519D
FRG2B	FRG2B
PTK7	PTK7
MIR509-1;MIR509-2;MIR509-3	MIR509-1;MIR509-2;MIR509-3
PRAMEF11	PRAMEF11
CDY2A;CDY2B	CDY2A;CDY2B
OTTHUMG00000163758;RP11-369E15.3	OTTHUMG00000163758;RP11-369E15.3
DAQB-12N14.5;LOC100507362;OTTHUMG00000148712	DAQB-12N14.5;LOC100507362;OTTHUMG00000148712
MIR190B	MIR190B
OTTHUMG00000015125;RP1-90L14.1	OTTHUMG00000015125;RP1-90L14.1
LINC00924	LINC00924
XAGE5	XAGE5
SRD5A2	SRD5A2
C4orf22	C4orf22
OTTHUMG00000161535;RP11-364P22.3	OTTHUMG00000161535;RP11-364P22.3
OTTHUMG00000019963;RP11-561O23.8	OTTHUMG00000019963;RP11-561O23.8
OTTHUMG00000133747;XXbac-BPG181B23.4	OTTHUMG00000133747;XXbac-BPG181B23.4
OTTHUMG00000159845;RP11-103G8.2	OTTHUMG00000159845;RP11-103G8.2
SNHG9;SNORA78	SNHG9;SNORA78
OTTHUMG00000164862;RP11-152P17.3	OTTHUMG00000164862;RP11-152P17.3
PRAMEF2	PRAMEF2
OTTHUMG00000019401;RP11-367J7.2	OTTHUMG00000019401;RP11-367J7.2
DUX2;DUX4;DUX4L2;DUX4L3;DUX4L5;DUX4L6;DUX4L7;LOC100288355;LOC100288398;LOC100288433;LOC100288494;LOC100288593;LOC100288627;LOC100288657	DUX2;DUX4;DUX4L2;DUX4L3;DUX4L5;DUX4L6;DUX4L7;LOC100288355;LOC100288398;LOC100288433;LOC100288494;LOC100288593;LOC100288627;LOC100288657
MIR4488	MIR4488
AC008781.7;OTTHUMG00000150501	AC008781.7;OTTHUMG00000150501
EBLN2	EBLN2
LOC400548	LOC400548
OTTHUMG00000161177;RP11-184M15.2	OTTHUMG00000161177;RP11-184M15.2
AADACL4	AADACL4
SEC1P	SEC1P
SNRK-AS1	SNRK-AS1
NTMT1	NTMT1
SGCE	SGCE
OTTHUMG00000014163;RP3-400B16.3	OTTHUMG00000014163;RP3-400B16.3
HBQ1	HBQ1
OSER1-AS1;OTTHUMG00000032521;RP5-995J12.2	OSER1-AS1;OTTHUMG00000032521;RP5-995J12.2
BCAS3	BCAS3
OTTHUMG00000020138;RP11-359J6.1	OTTHUMG00000020138;RP11-359J6.1
RIT1	RIT1
OTTHUMG00000019542;RP11-134K1.3	OTTHUMG00000019542;RP11-134K1.3
MFI2-AS1	MFI2-AS1
AC055764.1;OTTHUMG00000155409	AC055764.1;OTTHUMG00000155409
ITIH4-AS1	ITIH4-AS1
GATA5	GATA5
SOX14	SOX14
OR10J3	OR10J3
LOC101060589;SMG1	LOC101060589;SMG1
MSANTD3	MSANTD3
VMO1	VMO1
EIF2B1	EIF2B1
HCG25	HCG25
AC009495.2;OTTHUMG00000154036	AC009495.2;OTTHUMG00000154036
SNORD41	SNORD41
AC010907.5;OTTHUMG00000151488	AC010907.5;OTTHUMG00000151488
ARVCF	ARVCF
EFHD1	EFHD1
OAT	OAT
AC008281.1;OTTHUMG00000059377	AC008281.1;OTTHUMG00000059377
HEPH	HEPH
OR2D2	OR2D2
ADIPOQ-AS1	ADIPOQ-AS1
SNORA68	SNORA68
RLN2	RLN2
SSR2	SSR2
AC092667.2;OTTHUMG00000153210	AC092667.2;OTTHUMG00000153210
ALG1L9P	ALG1L9P
OTTHUMG00000003662;RP11-242O24.5	OTTHUMG00000003662;RP11-242O24.5
OR5AN1	OR5AN1
OR5I1	OR5I1
DUSP18	DUSP18
LOC100144597;OTTHUMG00000032954;RP11-305P22.5	LOC100144597;OTTHUMG00000032954;RP11-305P22.5
OTTHUMG00000031781;RP11-307O10.1	OTTHUMG00000031781;RP11-307O10.1
HIPK4	HIPK4
SLC6A10P	SLC6A10P
C17orf62	C17orf62
AC009955.8;OTTHUMG00000059236	AC009955.8;OTTHUMG00000059236
PRR23B	PRR23B
WDR36	WDR36
OTTHUMG00000016904;RP11-165D7.3	OTTHUMG00000016904;RP11-165D7.3
OR1J2;OR1J4	OR1J2;OR1J4
SLC12A1	SLC12A1
LOC100505588;OTTHUMG00000020644;RP11-85O21.2	LOC100505588;OTTHUMG00000020644;RP11-85O21.2
OTTHUMG00000164188;RP11-44K6.2	OTTHUMG00000164188;RP11-44K6.2
CTD-2185K10.1;OTTHUMG00000159199	CTD-2185K10.1;OTTHUMG00000159199
LOC729506;OTTHUMG00000161709;OTTHUMG00000161712;RP11-480D4.1;RP11-480D4.2	LOC729506;OTTHUMG00000161709;OTTHUMG00000161712;RP11-480D4.1;RP11-480D4.2
PCBP1-AS1	PCBP1-AS1
OTTHUMG00000014933;RP11-143A22.1	OTTHUMG00000014933;RP11-143A22.1
OR7G3	OR7G3
SART1	SART1
LOC100133612;OTTHUMG00000041129;RP13-15E13.1	LOC100133612;OTTHUMG00000041129;RP13-15E13.1
SMYD5	SMYD5
PRB3	PRB3
LOC100505817	LOC100505817
COX7B	COX7B
ZNF552	ZNF552
ANKRD52	ANKRD52
OTTHUMG00000161882;RP11-567N4.2	OTTHUMG00000161882;RP11-567N4.2
OTTHUMG00000032494;RP1-232N11.2	OTTHUMG00000032494;RP1-232N11.2
OTTHUMG00000035227;RP11-576I22.2	OTTHUMG00000035227;RP11-576I22.2
EXOSC1	EXOSC1
TCTE3	TCTE3
SLC25A30	SLC25A30
RN7SKP7	RN7SKP7
CHST4	CHST4
AC006160.5;OTTHUMG00000160283	AC006160.5;OTTHUMG00000160283
ZNF264	ZNF264
C6orf174;KIAA0408;OTTHUMG00000166438;SOGA3	C6orf174;KIAA0408;OTTHUMG00000166438;SOGA3
LINC00624	LINC00624
AARS2	AARS2
OR1A1	OR1A1
PLCB1	PLCB1
AS3MT	AS3MT
HPYR1	HPYR1
ZNF2	ZNF2
LOC100131655	LOC100131655
ROPN1	ROPN1
OTTHUMG00000000424;RP11-537H15.3	OTTHUMG00000000424;RP11-537H15.3
OLR1	OLR1
C1D	C1D
BPIFB6	BPIFB6
NAV2-AS1	NAV2-AS1
TMBIM6	TMBIM6
OTTHUMG00000036746;RP11-61J19.2	OTTHUMG00000036746;RP11-61J19.2
COL27A1	COL27A1
OTTHUMG00000018612;RP11-36D19.8	OTTHUMG00000018612;RP11-36D19.8
AC106873.4;OTTHUMG00000150015	AC106873.4;OTTHUMG00000150015
CTD-2081C10.5;OTTHUMG00000162284	CTD-2081C10.5;OTTHUMG00000162284
AC008697.1;LOC285626;OTTHUMG00000163541	AC008697.1;LOC285626;OTTHUMG00000163541
LOC100129269;OTTHUMG00000011958;RP5-836N10.1	LOC100129269;OTTHUMG00000011958;RP5-836N10.1
LINC00392	LINC00392
AC009505.2;OTTHUMG00000153117	AC009505.2;OTTHUMG00000153117
NR1I2	NR1I2
UCN3	UCN3
HSP90AB2P	HSP90AB2P
OTTHUMG00000159316;RP11-372E1.6	OTTHUMG00000159316;RP11-372E1.6
SATB2-AS1	SATB2-AS1
KIF9	KIF9
AC016903.2;OTTHUMG00000154542	AC016903.2;OTTHUMG00000154542
AC092431.1;ANXA4;OTTHUMG00000152686	AC092431.1;ANXA4;OTTHUMG00000152686
ZNF300	ZNF300
INTS6-AS1	INTS6-AS1
OR4D10	OR4D10
CNPPD1	CNPPD1
OTTHUMG00000160041;RP11-74M11.2	OTTHUMG00000160041;RP11-74M11.2
ADAMTS15	ADAMTS15
FAM90A1	FAM90A1
GTSF1L	GTSF1L
CNBD1	CNBD1
ST3GAL2	ST3GAL2
C6orf15	C6orf15
OTTHUMG00000007965;RP11-511I2.2	OTTHUMG00000007965;RP11-511I2.2
ITPKB-AS1	ITPKB-AS1
AC092535.3;FLJ35816;OTTHUMG00000118999	AC092535.3;FLJ35816;OTTHUMG00000118999
OR4A47	OR4A47
CHRM4	CHRM4
MAFF	MAFF
AC019181.2;OTTHUMG00000153942	AC019181.2;OTTHUMG00000153942
C1orf191	C1orf191
AC010982.1;AC110769.3;LOC440900;OTTHUMG00000153529;OTTHUMG00000153531	AC010982.1;AC110769.3;LOC440900;OTTHUMG00000153529;OTTHUMG00000153531
TSSK2	TSSK2
OR1D4	OR1D4
MIR4680;PDCD4	MIR4680;PDCD4
PEG3-AS1	PEG3-AS1
OTTHUMG00000066715;RP11-216M21.7	OTTHUMG00000066715;RP11-216M21.7
ANKRD33B-AS1	ANKRD33B-AS1
OTTHUMG00000003649;RP11-442N24__B.1	OTTHUMG00000003649;RP11-442N24__B.1
WNT9A	WNT9A
HOXC-AS1	HOXC-AS1
OR4Q3	OR4Q3
DEFB106A;DEFB106B	DEFB106A;DEFB106B
LOC100509205;OTTHUMG00000035173;RP11-46A10.4	LOC100509205;OTTHUMG00000035173;RP11-46A10.4
MYOD1	MYOD1
ALPP	ALPP
AP1S1	AP1S1
CXorf49;CXorf49B;LOC100129291	CXorf49;CXorf49B;LOC100129291
OTTHUMG00000031988;RP11-97N19.2	OTTHUMG00000031988;RP11-97N19.2
RNA5SP426	RNA5SP426
C14orf118;GPATCH2L	C14orf118;GPATCH2L
OTTHUMG00000039487;RP11-295G20.2	OTTHUMG00000039487;RP11-295G20.2
DCUN1D5	DCUN1D5
FAM65C	FAM65C
AC063980.1;OTTHUMG00000163220	AC063980.1;OTTHUMG00000163220
MIR1276	MIR1276
OTTHUMG00000016983;RP11-24H2.2	OTTHUMG00000016983;RP11-24H2.2
RGN	RGN
CARM1P1	CARM1P1
MIR96	MIR96
LINC00926	LINC00926
OTTHUMG00000150951;RP1-231P7P.1	OTTHUMG00000150951;RP1-231P7P.1
SNORD111B	SNORD111B
OTTHUMG00000155983;RP11-513G11.2	OTTHUMG00000155983;RP11-513G11.2
ADAMTS4	ADAMTS4
OTTHUMG00000013272;RP11-327I22.4	OTTHUMG00000013272;RP11-327I22.4
KIRREL2	KIRREL2
MYO16-AS1	MYO16-AS1
RPS20P32	RPS20P32
NCKAP5	NCKAP5
CTD-2006C1.2;OTTHUMG00000156428	CTD-2006C1.2;OTTHUMG00000156428
OTTHUMG00000164869;RP13-467H17.1	OTTHUMG00000164869;RP13-467H17.1
SLCO1B3;SLCO1B7	SLCO1B3;SLCO1B7
RNA5SP113	RNA5SP113
CIAO1	CIAO1
SERPINH1	SERPINH1
SNAPC4	SNAPC4
AC012457.2;OTTHUMG00000152010	AC012457.2;OTTHUMG00000152010
ZNF772	ZNF772
STK11IP	STK11IP
TSIX	TSIX
AC007092.1;FLJ30838;OTTHUMG00000152613	AC007092.1;FLJ30838;OTTHUMG00000152613
GIMAP8	GIMAP8
OTTHUMG00000043647;RP1-65J11.5	OTTHUMG00000043647;RP1-65J11.5
MOS	MOS
LOC401463;OTTHUMG00000164385;RP11-21C4.1	LOC401463;OTTHUMG00000164385;RP11-21C4.1
OTTHUMG00000002710;RP11-91K11.2	OTTHUMG00000002710;RP11-91K11.2
F13B	F13B
OTTHUMG00000036136;RP11-459K23.2	OTTHUMG00000036136;RP11-459K23.2
TFF3	TFF3
KLF13	KLF13
FBRS	FBRS
RLN1	RLN1
OTTHUMG00000163729;RP11-556O5.5	OTTHUMG00000163729;RP11-556O5.5
OR4X2	OR4X2
PKDREJ	PKDREJ
HSD11B1L	HSD11B1L
ZNF524	ZNF524
LINC00349	LINC00349
C1orf122	C1orf122
AC073479.1;LOC150622;LOC400940;OTTHUMG00000151462	AC073479.1;LOC150622;LOC400940;OTTHUMG00000151462
CSNK1G2-AS1	CSNK1G2-AS1
OTTHUMG00000036120;RP11-38J22.3	OTTHUMG00000036120;RP11-38J22.3
PRAMEF12	PRAMEF12
PPP6R1	PPP6R1
PRL	PRL
GPANK1	GPANK1
BAT4;GPANK1;OTTHUMG00000149284	BAT4;GPANK1;OTTHUMG00000149284
BAT4;GPANK1;OTTHUMG00000149515	BAT4;GPANK1;OTTHUMG00000149515
OTTHUMG00000014792;RP11-268F1.3	OTTHUMG00000014792;RP11-268F1.3
HCG26	HCG26
CNTN4-AS2	CNTN4-AS2
ZNF542	ZNF542
LOC100130872;SPON2	LOC100130872;SPON2
LRRC71	LRRC71
KRTAP16-1	KRTAP16-1
OTTHUMG00000161737;RP11-12K22.1	OTTHUMG00000161737;RP11-12K22.1
CPLX3;LMAN1L	CPLX3;LMAN1L
RBMY3AP	RBMY3AP
LOC101060308;PRAMEF23;PRAMEF5;PRAMEF6	LOC101060308;PRAMEF23;PRAMEF5;PRAMEF6
AC147651.4;OTTHUMG00000151414	AC147651.4;OTTHUMG00000151414
CCDC166	CCDC166
OTTHUMG00000161780;RP11-171N4.4	OTTHUMG00000161780;RP11-171N4.4
H2AFB1;H2AFB2;H2AFB3	H2AFB1;H2AFB2;H2AFB3
APOBEC3D	APOBEC3D
LOC100287541;POM121L8P	LOC100287541;POM121L8P
MIR1911	MIR1911
OTTHUMG00000035065;RP11-316M1.3	OTTHUMG00000035065;RP11-316M1.3
OR7C2	OR7C2
RPL31P11	RPL31P11
LINC00290	LINC00290
MFSD6L	MFSD6L
GAL3ST3	GAL3ST3
OTTHUMG00000019994;RP11-141J10.1	OTTHUMG00000019994;RP11-141J10.1
OTTHUMG00000019995;RP11-141J10.2	OTTHUMG00000019995;RP11-141J10.2
BARX1	BARX1
OTTHUMG00000161824;RP11-260E18.1	OTTHUMG00000161824;RP11-260E18.1
RASSF6	RASSF6
OTTHUMG00000021651;RP11-382F24.2	OTTHUMG00000021651;RP11-382F24.2
OTTHUMG00000158756;RP11-290K4.1	OTTHUMG00000158756;RP11-290K4.1
C1orf227	C1orf227
FOXRED1	FOXRED1
OTTHUMG00000015659;RP11-95M15.1	OTTHUMG00000015659;RP11-95M15.1
C22orf31	C22orf31
OTTHUMG00000040900;RP11-439A17.4	OTTHUMG00000040900;RP11-439A17.4
OPA3	OPA3
RHAG	RHAG
OR6P1	OR6P1
EIF4E2	EIF4E2
CTC-493L21.1;LOC100505878;OTTHUMG00000162607	CTC-493L21.1;LOC100505878;OTTHUMG00000162607
AC093838.7;OTTHUMG00000153621	AC093838.7;OTTHUMG00000153621
LINC00844	LINC00844
OTTHUMG00000014573;RP3-340B19.3	OTTHUMG00000014573;RP3-340B19.3
MLPH	MLPH
CRYGEP	CRYGEP
C17orf59	C17orf59
NAV2-AS5	NAV2-AS5
GPR157	GPR157
YBX2	YBX2
KB-1183D5.14;OTTHUMG00000150793	KB-1183D5.14;OTTHUMG00000150793
PAPOLB	PAPOLB
OTTHUMG00000163998;RP11-150O12.3	OTTHUMG00000163998;RP11-150O12.3
DKFZP779J2370;LYSMD4	DKFZP779J2370;LYSMD4
LOC100506105	LOC100506105
OTTHUMG00000010873;RP5-936J12.1	OTTHUMG00000010873;RP5-936J12.1
LINC00446	LINC00446
OTTHUMG00000014989;RP11-462G2.1	OTTHUMG00000014989;RP11-462G2.1
C17orf78	C17orf78
TMEM185B	TMEM185B
GPR115	GPR115
OTTHUMG00000012031;RP11-27K13.3	OTTHUMG00000012031;RP11-27K13.3
LOC644172	LOC644172
OTTHUMG00000015224;RP11-127B16.1	OTTHUMG00000015224;RP11-127B16.1
OR10A2	OR10A2
DGCR14;TSSK2	DGCR14;TSSK2
COG2	COG2
RNA5SP462	RNA5SP462
OTTHUMG00000164849;RP11-26E5.1	OTTHUMG00000164849;RP11-26E5.1
OTTHUMG00000162039;RP11-122C5.3	OTTHUMG00000162039;RP11-122C5.3
IGHD3-3	IGHD3-3
TSSK3	TSSK3
RNA5SP476	RNA5SP476
ALS2CR11	ALS2CR11
LINC00529	LINC00529
NUP210L	NUP210L
LOC101060615	LOC101060615
ANKRD34C	ANKRD34C
MIR146B	MIR146B
OTTHUMG00000020254;RP11-53B5.1	OTTHUMG00000020254;RP11-53B5.1
OTTHUMG00000018782;RP11-162K11.4	OTTHUMG00000018782;RP11-162K11.4
OR6C70	OR6C70
LINC00619	LINC00619
ZNF658B	ZNF658B
MIR3124	MIR3124
OTTHUMG00000163984;RP11-595O22.1	OTTHUMG00000163984;RP11-595O22.1
OTTHUMG00000156243;RP11-89N17.3	OTTHUMG00000156243;RP11-89N17.3
RNA5SP349	RNA5SP349
OTTHUMG00000161562;RP11-650J17.1	OTTHUMG00000161562;RP11-650J17.1
GLIPR1	GLIPR1
OTTHUMG00000004129;RP1-117O3.2	OTTHUMG00000004129;RP1-117O3.2
SLC9A9-AS2	SLC9A9-AS2
TNIP2	TNIP2
OTTHUMG00000164166;RP11-343P9.1	OTTHUMG00000164166;RP11-343P9.1
CEACAM7	CEACAM7
CCDC38	CCDC38
ISL1	ISL1
IGLJ5	IGLJ5
SUPT20HL2	SUPT20HL2
RNU1-24P	RNU1-24P
EVPLL	EVPLL
TAAR2	TAAR2
LRRC8A	LRRC8A
LOR	LOR
OR4K1	OR4K1
AC011284.3;OTTHUMG00000151734	AC011284.3;OTTHUMG00000151734
OTTHUMG00000015005;RP1-288M22.2	OTTHUMG00000015005;RP1-288M22.2
C5orf48	C5orf48
RFTN1	RFTN1
MIR376A1	MIR376A1
OTTHUMG00000140137;RP5-963E22.4	OTTHUMG00000140137;RP5-963E22.4
FXYD5	FXYD5
OTTHUMG00000017952;RP11-297A16.2	OTTHUMG00000017952;RP11-297A16.2
PDCD2	PDCD2
CCDC147-AS1;OTTHUMG00000019005;RP11-127L20.6	CCDC147-AS1;OTTHUMG00000019005;RP11-127L20.6
OTTHUMG00000034591;RP5-1018K9.1	OTTHUMG00000034591;RP5-1018K9.1
RNA5SP378	RNA5SP378
CLIP3	CLIP3
NPPC	NPPC
CYP1B1-AS1	CYP1B1-AS1
BAT4;GPANK1;OTTHUMG00000149001	BAT4;GPANK1;OTTHUMG00000149001
MIR4437	MIR4437
OTTHUMG00000159213;RP11-457K10.1	OTTHUMG00000159213;RP11-457K10.1
FLJ10038	FLJ10038
SMOC1	SMOC1
OTTHUMG00000157216;RP11-45I20.1	OTTHUMG00000157216;RP11-45I20.1
TULP1	TULP1
CYCS	CYCS
LPIN3	LPIN3
OTTHUMG00000019883;RP11-112J3.15	OTTHUMG00000019883;RP11-112J3.15
OTTHUMG00000031832;RP5-859D4.3	OTTHUMG00000031832;RP5-859D4.3
OTTHUMG00000019506;RP11-207C16.4	OTTHUMG00000019506;RP11-207C16.4
WDR46	WDR46
AC073987.1;OTTHUMG00000153111	AC073987.1;OTTHUMG00000153111
TCHH	TCHH
LGALS8-AS1	LGALS8-AS1
OTTHUMG00000031958;RP4-726N1.2	OTTHUMG00000031958;RP4-726N1.2
C1orf141	C1orf141
IGKV2-40	IGKV2-40
MIR4266	MIR4266
ISM1-AS1	ISM1-AS1
DEFB105A;DEFB105B	DEFB105A;DEFB105B
LCE1B	LCE1B
OTTHUMG00000015503;RP11-510H23.3	OTTHUMG00000015503;RP11-510H23.3
HOXB-AS2	HOXB-AS2
HSD3BP4	HSD3BP4
OTTHUMG00000162002;RP11-113I22.1	OTTHUMG00000162002;RP11-113I22.1
SH3PXD2A-AS1	SH3PXD2A-AS1
AC010967.3;OTTHUMG00000152414	AC010967.3;OTTHUMG00000152414
HHLA3	HHLA3
CCDC24	CCDC24
PCDHGA9	PCDHGA9
UBE2O	UBE2O
AC096570.1;OTTHUMG00000151816	AC096570.1;OTTHUMG00000151816
ACTRT2	ACTRT2
MIR4529	MIR4529
MIR1253	MIR1253
OTTHUMG00000002122;RP4-635E18.6	OTTHUMG00000002122;RP4-635E18.6
KIAA1549	KIAA1549
OTTHUMG00000018082;RP11-67C2.2	OTTHUMG00000018082;RP11-67C2.2
AC083843.3;OTTHUMG00000164326	AC083843.3;OTTHUMG00000164326
OTTHUMG00000040510;RP11-83A16.1	OTTHUMG00000040510;RP11-83A16.1
OTTHUMG00000164201;RP11-770E5.3	OTTHUMG00000164201;RP11-770E5.3
KRT33B	KRT33B
SCML4	SCML4
MIR1470	MIR1470
SYNDIG1L	SYNDIG1L
LOC389765	LOC389765
KB-1991G8.1;OTTHUMG00000164738	KB-1991G8.1;OTTHUMG00000164738
RNA5SP375	RNA5SP375
CDH7	CDH7
OTTHUMG00000164613;RP11-120I21.2	OTTHUMG00000164613;RP11-120I21.2
FXYD3	FXYD3
C3orf18	C3orf18
YIPF1	YIPF1
CAPRIN2	CAPRIN2
OTTHUMG00000161530;RP11-597D13.2	OTTHUMG00000161530;RP11-597D13.2
ZPBP	ZPBP
CCNO	CCNO
DEFA5	DEFA5
AC025335.1;LOC284023;OTTHUMG00000132873	AC025335.1;LOC284023;OTTHUMG00000132873
ARRDC1	ARRDC1
LINC00636	LINC00636
GS1-204I12.2;OTTHUMG00000035578	GS1-204I12.2;OTTHUMG00000035578
NARS	NARS
LOC100505887;OTTHUMG00000001785;RP11-242F24.1	LOC100505887;OTTHUMG00000001785;RP11-242F24.1
AC005304.1;OTTHUMG00000058802	AC005304.1;OTTHUMG00000058802
USH1G	USH1G
AP002414.1;OTTHUMG00000073721	AP002414.1;OTTHUMG00000073721
PPM1M	PPM1M
BCAR3	BCAR3
C6orf183;LOC100996634	C6orf183;LOC100996634
C2orf57	C2orf57
OTTHUMG00000015068;RP3-390M24.1	OTTHUMG00000015068;RP3-390M24.1
OTTHUMG00000159160;RP11-475O23.3	OTTHUMG00000159160;RP11-475O23.3
OTTHUMG00000010690;RP5-898J17.1	OTTHUMG00000010690;RP5-898J17.1
SBK2	SBK2
TUBB1	TUBB1
HAPLN4	HAPLN4
CCDC102A	CCDC102A
WIPI2	WIPI2
CTB-32H22.1;OTTHUMG00000163340	CTB-32H22.1;OTTHUMG00000163340
OTTHUMG00000031880;RP4-697P8.3	OTTHUMG00000031880;RP4-697P8.3
EFCAB6-AS1	EFCAB6-AS1
LOC100507480	LOC100507480
OTTHUMG00000019148;RP11-79M19.2	OTTHUMG00000019148;RP11-79M19.2
OSM	OSM
AP000432.2;OTTHUMG00000074507	AP000432.2;OTTHUMG00000074507
AC018685.1;OTTHUMG00000151395	AC018685.1;OTTHUMG00000151395
AC016747.3;LOC339803;OTTHUMG00000152156	AC016747.3;LOC339803;OTTHUMG00000152156
CTD-2161F6.3;OTTHUMG00000161644	CTD-2161F6.3;OTTHUMG00000161644
AC018878.3;OTTHUMG00000153153	AC018878.3;OTTHUMG00000153153
RNA5SP291	RNA5SP291
CADM2-AS1	CADM2-AS1
OTTHUMG00000008994;RP11-575B7.3	OTTHUMG00000008994;RP11-575B7.3
OTTHUMG00000017544;RP11-69C17.2	OTTHUMG00000017544;RP11-69C17.2
MIR3682	MIR3682
OTTHUMG00000017017;RP11-168G22.1	OTTHUMG00000017017;RP11-168G22.1
AC006552.1;OTTHUMG00000161130	AC006552.1;OTTHUMG00000161130
TRBV6-1	TRBV6-1
OTTHUMG00000163971;RP11-893F2.13	OTTHUMG00000163971;RP11-893F2.13
AC008063.3;OTTHUMG00000153861	AC008063.3;OTTHUMG00000153861
TEKT4	TEKT4
OTTHUMG00000163664;RP11-10A14.6	OTTHUMG00000163664;RP11-10A14.6
KRTAP13-1	KRTAP13-1
OTTHUMG00000007633;RP4-811H24.9	OTTHUMG00000007633;RP4-811H24.9
DEFB125	DEFB125
AC004063.1;OTTHUMG00000160976	AC004063.1;OTTHUMG00000160976
TMEM249	TMEM249
AC132807.1;OTTHUMG00000155317	AC132807.1;OTTHUMG00000155317
AC005281.2;OTTHUMG00000152384	AC005281.2;OTTHUMG00000152384
C10orf105	C10orf105
LOC644189	LOC644189
MIR3914-1	MIR3914-1
TRAV39	TRAV39
OTTHUMG00000007882;RP11-567C20.3	OTTHUMG00000007882;RP11-567C20.3
OR2B11	OR2B11
ZNF259	ZNF259
MXD3	MXD3
PDLIM2	PDLIM2
AC018717.1;OTTHUMG00000154472	AC018717.1;OTTHUMG00000154472
MIR432	MIR432
NEUROD6	NEUROD6
AL162400.1;OTTHUMG00000013351	AL162400.1;OTTHUMG00000013351
MIR199B	MIR199B
LOC100507144	LOC100507144
MIR5047	MIR5047
CXorf49;CXorf49B;LOC100129291	CXorf49;CXorf49B;LOC100129291
CLRN2	CLRN2
ANKRD13C	ANKRD13C
APOL5	APOL5
VTRNA3-1P	VTRNA3-1P
ANKRD30BP3;OTTHUMG00000018074;RP11-445N18.7	ANKRD30BP3;OTTHUMG00000018074;RP11-445N18.7
SLA2	SLA2
AC068542.2;OTTHUMG00000153283	AC068542.2;OTTHUMG00000153283
TRIM64DP	TRIM64DP
AC069513.4;OTTHUMG00000155836	AC069513.4;OTTHUMG00000155836
NDUFAF5	NDUFAF5
RNA5SP88	RNA5SP88
EIF3IP1	EIF3IP1
THEMIS2	THEMIS2
OTTHUMG00000157115;RP11-390E23.3	OTTHUMG00000157115;RP11-390E23.3
OTTHUMG00000009166;RP11-342H21.2	OTTHUMG00000009166;RP11-342H21.2
CTB-104F4.2;MTERF;OTTHUMG00000156058	CTB-104F4.2;MTERF;OTTHUMG00000156058
PEX11G	PEX11G
OTTHUMG00000164171;RP11-503E24.2	OTTHUMG00000164171;RP11-503E24.2
GPC1	GPC1
LTB	LTB
RERG	RERG
UBE2W	UBE2W
CTLA4	CTLA4
PSD4	PSD4
C9orf172	C9orf172
CTC-484P3.3;OTTHUMG00000162796	CTC-484P3.3;OTTHUMG00000162796
SNORD16	SNORD16
OTTHUMG00000161146;RP11-318I4.1	OTTHUMG00000161146;RP11-318I4.1
SLC22A1	SLC22A1
AC020743.3;OTTHUMG00000155882	AC020743.3;OTTHUMG00000155882
P2RY13	P2RY13
CYP11A1	CYP11A1
ANKRD65	ANKRD65
OTTHUMG00000057501;XX-FW83563B9.5	OTTHUMG00000057501;XX-FW83563B9.5
OTTHUMG00000160486;RP11-213G21.1	OTTHUMG00000160486;RP11-213G21.1
EIF5AL1	EIF5AL1
FAM3B	FAM3B
COL6A6	COL6A6
SFRP1	SFRP1
LRIT2	LRIT2
OTTHUMG00000159462;RP11-78O22.1	OTTHUMG00000159462;RP11-78O22.1
CHEK2P2	CHEK2P2
AB015752.4;OTTHUMG00000163970	AB015752.4;OTTHUMG00000163970
DOK3	DOK3
MIR4642	MIR4642
PEX16	PEX16
OTTHUMG00000164084;RP11-930P14.1	OTTHUMG00000164084;RP11-930P14.1
RBL2	RBL2
LOC401557	LOC401557
LRRC37A;LRRC37A2;LRRC37A4P	LRRC37A;LRRC37A2;LRRC37A4P
PRKAG2-AS1	PRKAG2-AS1
OTTHUMG00000008098;RP4-533D7.5	OTTHUMG00000008098;RP4-533D7.5
ABI3	ABI3
OTTHUMG00000022647;RP1-14D6.7	OTTHUMG00000022647;RP1-14D6.7
OTTHUMG00000164644;RP11-131N11.4	OTTHUMG00000164644;RP11-131N11.4
BTBD16	BTBD16
C6orf205;MUC21;OTTHUMG00000149468	C6orf205;MUC21;OTTHUMG00000149468
LOC643201;OTTHUMG00000163191;RP11-844P9.2	LOC643201;OTTHUMG00000163191;RP11-844P9.2
FAM107A;LOC101059937	FAM107A;LOC101059937
OTTHUMG00000009992;RP11-12C17.2	OTTHUMG00000009992;RP11-12C17.2
LINC00488	LINC00488
OTTHUMG00000017923;RP11-135A24.2	OTTHUMG00000017923;RP11-135A24.2
NDUFS7	NDUFS7
OTTHUMG00000161027;RP11-483A20.3	OTTHUMG00000161027;RP11-483A20.3
AC007278.3;OTTHUMG00000153092	AC007278.3;OTTHUMG00000153092
MANSC4	MANSC4
MIR518C	MIR518C
RNU5B-3P	RNU5B-3P
INPP5B	INPP5B
RBM6	RBM6
LOC100507274;OTTHUMG00000159758;RP11-2A4.3	LOC100507274;OTTHUMG00000159758;RP11-2A4.3
TMEM183A;TMEM183B	TMEM183A;TMEM183B
LAMTOR5	LAMTOR5
PRSS21	PRSS21
MIR518A2	MIR518A2
OTTHUMG00000017896;RP11-253D19.1	OTTHUMG00000017896;RP11-253D19.1
OTTHUMG00000016051;RP3-495K2.1	OTTHUMG00000016051;RP3-495K2.1
FBXW9	FBXW9
FAAH2	FAAH2
OTTHUMG00000041087;RP11-547D24.3	OTTHUMG00000041087;RP11-547D24.3
SF3B1	SF3B1
BTG4	BTG4
MAP2K4P1	MAP2K4P1
ZBTB14;ZFP161	ZBTB14;ZFP161
PAQR9	PAQR9
GSTA1	GSTA1
OTTHUMG00000020021;RP11-128I7.1	OTTHUMG00000020021;RP11-128I7.1
OTTHUMG00000018618;RP11-514F8.2	OTTHUMG00000018618;RP11-514F8.2
IDNK	IDNK
OTTHUMG00000007620;OTTHUMG00000007621;OTTHUMG00000007622;RP11-342M1.2;RP11-342M1.3;RP11-342M1.4	OTTHUMG00000007620;OTTHUMG00000007621;OTTHUMG00000007622;RP11-342M1.2;RP11-342M1.3;RP11-342M1.4
ITPKB	ITPKB
PEX10	PEX10
LOC100507330	LOC100507330
TNFAIP8L2	TNFAIP8L2
OTTHUMG00000017959;RP11-309N24.1	OTTHUMG00000017959;RP11-309N24.1
OR5D14	OR5D14
GCK	GCK
LOC101060620;LOC644172;MAPK8IP1	LOC101060620;LOC644172;MAPK8IP1
OTTHUMG00000016756;RP11-349O10.1	OTTHUMG00000016756;RP11-349O10.1
RNU5B-1	RNU5B-1
HAVCR2	HAVCR2
APOBEC1	APOBEC1
MIR515-1;MIR515-2	MIR515-1;MIR515-2
MIR515-1;MIR515-2	MIR515-1;MIR515-2
AC073626.2;OTTHUMG00000133704	AC073626.2;OTTHUMG00000133704
AC022311.1;LOC727982;OTTHUMG00000151581	AC022311.1;LOC727982;OTTHUMG00000151581
OTTHUMG00000010124;RP4-620F22.2	OTTHUMG00000010124;RP4-620F22.2
RBM43	RBM43
TAL1	TAL1
OTTHUMG00000015962;RP3-428L16.1	OTTHUMG00000015962;RP3-428L16.1
MPDZ	MPDZ
FRMD8P1	FRMD8P1
BTG3	BTG3
AC009227.3;OTTHUMG00000153849	AC009227.3;OTTHUMG00000153849
OR2T10	OR2T10
FAM78A	FAM78A
OR4P4	OR4P4
LINC00596	LINC00596
LINC00523	LINC00523
LINC00592	LINC00592
DCAF8L2	DCAF8L2
OTTHUMG00000165015;RP11-661A12.4	OTTHUMG00000165015;RP11-661A12.4
PRPF39	PRPF39
RNA5SP49	RNA5SP49
ACPT	ACPT
OTTHUMG00000015687;RP1-225E12.2	OTTHUMG00000015687;RP1-225E12.2
OTTHUMG00000003911;RP11-460I13.2	OTTHUMG00000003911;RP11-460I13.2
OTTHUMG00000157305;RP11-796I2.1	OTTHUMG00000157305;RP11-796I2.1
OTTHUMG00000158839;RP11-354H21.2	OTTHUMG00000158839;RP11-354H21.2
OTTHUMG00000015398;RP11-437J19.1	OTTHUMG00000015398;RP11-437J19.1
MRGPRG	MRGPRG
CTD-2193G5.1;OTTHUMG00000162779	CTD-2193G5.1;OTTHUMG00000162779
AC112721.1;OTTHUMG00000152981	AC112721.1;OTTHUMG00000152981
NUDT2	NUDT2
OR13H1	OR13H1
KRTAP6-3	KRTAP6-3
SAPCD1-AS1	SAPCD1-AS1
OTTHUMG00000148797;XXbac-BPG32J3.18	OTTHUMG00000148797;XXbac-BPG32J3.18
OTTHUMG00000137424;XXbac-BPG32J3.18	OTTHUMG00000137424;XXbac-BPG32J3.18
OTTHUMG00000149032;XXbac-BPG32J3.18	OTTHUMG00000149032;XXbac-BPG32J3.18
OTTHUMG00000149545;XXbac-BPG32J3.18	OTTHUMG00000149545;XXbac-BPG32J3.18
OTTHUMG00000015120;RP11-51G5.1	OTTHUMG00000015120;RP11-51G5.1
AC069363.1;OTTHUMG00000132736	AC069363.1;OTTHUMG00000132736
AP000936.4;OTTHUMG00000066694	AP000936.4;OTTHUMG00000066694
SIX5	SIX5
AKR1C7P	AKR1C7P
BCAS4	BCAS4
OTTHUMG00000019170;RP11-95I16.2	OTTHUMG00000019170;RP11-95I16.2
VPS37D	VPS37D
RNA5SP509	RNA5SP509
OTTHUMG00000010912;RP11-14O19.1	OTTHUMG00000010912;RP11-14O19.1
KIAA2022	KIAA2022
AC068492.1;OTTHUMG00000153580	AC068492.1;OTTHUMG00000153580
TRBV2	TRBV2
HCG25	HCG25
HCG25	HCG25
HCG25	HCG25
HCG25	HCG25
HCG25	HCG25
CTC-369A16.2;OTTHUMG00000163244	CTC-369A16.2;OTTHUMG00000163244
S100A13	S100A13
MAP7D3	MAP7D3
OTTHUMG00000162899;RP11-526F3.1	OTTHUMG00000162899;RP11-526F3.1
PRF1	PRF1
SLC6A1	SLC6A1
DOC2GP	DOC2GP
OR1M1	OR1M1
OTTHUMG00000134311;RP5-1010E17.2	OTTHUMG00000134311;RP5-1010E17.2
DEFB106A;DEFB106B	DEFB106A;DEFB106B
LOC389831	LOC389831
OTTHUMG00000163152;RP11-6N13.4	OTTHUMG00000163152;RP11-6N13.4
OTTHUMG00000041135;RP5-1011O1.2	OTTHUMG00000041135;RP5-1011O1.2
OTTHUMG00000015781;RP1-111D6.2	OTTHUMG00000015781;RP1-111D6.2
BAGE4	BAGE4
LYZL6	LYZL6
TULP2	TULP2
C1GALT1	C1GALT1
IL22RA2	IL22RA2
C1orf186;OTTHUMG00000036123;RP11-38J22.6	C1orf186;OTTHUMG00000036123;RP11-38J22.6
FZD9	FZD9
OTTHUMG00000002912;RP4-758J18.7	OTTHUMG00000002912;RP4-758J18.7
CEBPA-AS1	CEBPA-AS1
ETV3L	ETV3L
GS1-204I12.1;OTTHUMG00000035577	GS1-204I12.1;OTTHUMG00000035577
FAM126A	FAM126A
OTTHUMG00000019590;RP11-62F24.1	OTTHUMG00000019590;RP11-62F24.1
AC012462.3;OTTHUMG00000155685	AC012462.3;OTTHUMG00000155685
OTTHUMG00000035544;RP11-316I3.1	OTTHUMG00000035544;RP11-316I3.1
CTD-2090I13.1;OTTHUMG00000037611	CTD-2090I13.1;OTTHUMG00000037611
ZNF676	ZNF676
CLASP2	CLASP2
OTTHUMG00000020563;RP11-281A20.1	OTTHUMG00000020563;RP11-281A20.1
OTTHUMG00000019763;RP11-326F20.5	OTTHUMG00000019763;RP11-326F20.5
OTTHUMG00000010719;RP11-86H7.7	OTTHUMG00000010719;RP11-86H7.7
CTD-2384B11.2;OTTHUMG00000162429	CTD-2384B11.2;OTTHUMG00000162429
FP15737;SLC25A37	FP15737;SLC25A37
PFKFB4	PFKFB4
KYNU	KYNU
NUP210P1	NUP210P1
AC013733.4;OTTHUMG00000154316	AC013733.4;OTTHUMG00000154316
PLIN4	PLIN4
SERPINA10	SERPINA10
MACROD2-AS1	MACROD2-AS1
WASIR1	WASIR1
MOXD2P	MOXD2P
ZNF573	ZNF573
FUNDC1	FUNDC1
DEFB116	DEFB116
CTD-2036A18.2;OTTHUMG00000162794	CTD-2036A18.2;OTTHUMG00000162794
OTTHUMG00000003569;RP11-467D18.2	OTTHUMG00000003569;RP11-467D18.2
CTC-537E7.1;OTTHUMG00000162331	CTC-537E7.1;OTTHUMG00000162331
B4GALT4-AS1	B4GALT4-AS1
OTTHUMG00000156483;RP11-321E8.3	OTTHUMG00000156483;RP11-321E8.3
AC009236.2;OTTHUMG00000152442	AC009236.2;OTTHUMG00000152442
AC019185.4;OTTHUMG00000155504	AC019185.4;OTTHUMG00000155504
TMEM132E	TMEM132E
ASAP2	ASAP2
MIR1179	MIR1179
OTTHUMG00000015384;RP1-142L7.5	OTTHUMG00000015384;RP1-142L7.5
AC073218.1;OTTHUMG00000152141	AC073218.1;OTTHUMG00000152141
OTTHUMG00000162645;RP11-65F13.3	OTTHUMG00000162645;RP11-65F13.3
OTTHUMG00000032498;RP1-269M15.3	OTTHUMG00000032498;RP1-269M15.3
PRR19	PRR19
OR7D1P	OR7D1P
ACER3	ACER3
OTTHUMG00000016683;RP11-252M21.6	OTTHUMG00000016683;RP11-252M21.6
C19orf33	C19orf33
OTTHUMG00000161787;RP1-167G20.1	OTTHUMG00000161787;RP1-167G20.1
AC011718.3;OTTHUMG00000150684	AC011718.3;OTTHUMG00000150684
OTTHUMG00000150610;XXbac-B33L19.6	OTTHUMG00000150610;XXbac-B33L19.6
EFCAB8	EFCAB8
UBQLN1	UBQLN1
B4GALT6	B4GALT6
LOC101060308;PRAMEF23;PRAMEF5;PRAMEF6	LOC101060308;PRAMEF23;PRAMEF5;PRAMEF6
CTD-2023N9.1;OTTHUMG00000162323	CTD-2023N9.1;OTTHUMG00000162323
OTTHUMG00000160277;RP13-497K6.1	OTTHUMG00000160277;RP13-497K6.1
LOC439951	LOC439951
ZNF114	ZNF114
WNT16	WNT16
NXPH3	NXPH3
TBPL2	TBPL2
SOX18	SOX18
OTTHUMG00000020176;RP11-791O21.5	OTTHUMG00000020176;RP11-791O21.5
ARMC9	ARMC9
OTTHUMG00000017780;RP11-575A19.2	OTTHUMG00000017780;RP11-575A19.2
KLHL5	KLHL5
ZNF560	ZNF560
LIPG	LIPG
OTTHUMG00000033267;RP11-276E17.2	OTTHUMG00000033267;RP11-276E17.2
LOC100507194;OTTHUMG00000014141;RP1-40E16.9	LOC100507194;OTTHUMG00000014141;RP1-40E16.9
SLC10A1	SLC10A1
CENPT	CENPT
AC005009.2;OTTHUMG00000153975	AC005009.2;OTTHUMG00000153975
MIR1915	MIR1915
OR1G1	OR1G1
MRPL38	MRPL38
OPA1	OPA1
OTTHUMG00000156217;RP1-156L9.1	OTTHUMG00000156217;RP1-156L9.1
MRPS14	MRPS14
FCGR3A	FCGR3A
IL21R-AS1	IL21R-AS1
ATP6V1G3	ATP6V1G3
CYFIP2	CYFIP2
SEC11A	SEC11A
PHOSPHO1	PHOSPHO1
OTTHUMG00000161887;RP11-730N24.2	OTTHUMG00000161887;RP11-730N24.2
DKK1	DKK1
FAM74A1	FAM74A1
XPNPEP2	XPNPEP2
EFCAB5	EFCAB5
CYP39A1	CYP39A1
SIPA1L2	SIPA1L2
OTTHUMG00000020110;RP11-575L7.4	OTTHUMG00000020110;RP11-575L7.4
INHBE	INHBE
RBPMS	RBPMS
OR11A1;OR5V1	OR11A1;OR5V1
OTTHUMG00000163563;RP11-373N22.4;SPINK7	OTTHUMG00000163563;RP11-373N22.4;SPINK7
OTTHUMG00000161596;RP11-1338A24.1	OTTHUMG00000161596;RP11-1338A24.1
AC008132.13;OTTHUMG00000150176	AC008132.13;OTTHUMG00000150176
TRPV5	TRPV5
GPIHBP1	GPIHBP1
FOXQ1	FOXQ1
AC073333.8;OTTHUMG00000152479	AC073333.8;OTTHUMG00000152479
OR10G2	OR10G2
DCSTAMP	DCSTAMP
VAV3-AS1	VAV3-AS1
MIR659	MIR659
C1orf65	C1orf65
LOC100507568	LOC100507568
TESC	TESC
AC068134.8;OTTHUMG00000153355	AC068134.8;OTTHUMG00000153355
AC124997.1;OTTHUMG00000056663	AC124997.1;OTTHUMG00000056663
MIR1-1	MIR1-1
OTTHUMG00000163185;RP11-826N14.2	OTTHUMG00000163185;RP11-826N14.2
ASZ1	ASZ1
MIR4483	MIR4483
SPATA31C2	SPATA31C2
FAM216B	FAM216B
LRRC33	LRRC33
MIR141	MIR141
SCD5	SCD5
OTTHUMG00000014749;RP1-261G23.5	OTTHUMG00000014749;RP1-261G23.5
OTTHUMG00000018026;RP11-168L22.2	OTTHUMG00000018026;RP11-168L22.2
SCNN1B	SCNN1B
IGHV6-1	IGHV6-1
OTTHUMG00000161304;RP11-713M6.2	OTTHUMG00000161304;RP11-713M6.2
CUL9	CUL9
DEFB108P2	DEFB108P2
LOC100507277	LOC100507277
ZRANB2-AS2	ZRANB2-AS2
XRCC6BP1	XRCC6BP1
AKAP2;PALM2;PALM2-AKAP2	AKAP2;PALM2;PALM2-AKAP2
DENND1A	DENND1A
TNFAIP8	TNFAIP8
LOC643406;OTTHUMG00000031804;RP5-828H9.1	LOC643406;OTTHUMG00000031804;RP5-828H9.1
DHH	DHH
PXT1	PXT1
AC005042.4;OTTHUMG00000153965	AC005042.4;OTTHUMG00000153965
CLPP	CLPP
FLJ31662;OTTHUMG00000010909;RP4-617C6.1	FLJ31662;OTTHUMG00000010909;RP4-617C6.1
GS1-115G20.1;OTTHUMG00000035468	GS1-115G20.1;OTTHUMG00000035468
CTD-2154I11.2;OTTHUMG00000162735	CTD-2154I11.2;OTTHUMG00000162735
ZDHHC16	ZDHHC16
ZNRF3-AS1	ZNRF3-AS1
DOHH	DOHH
HCFC1R1	HCFC1R1
TOMM20L	TOMM20L
OTTHUMG00000017586;RP11-499O7.7	OTTHUMG00000017586;RP11-499O7.7
IGHV4-59	IGHV4-59
KAAG1	KAAG1
CTC-340I23.2;OTTHUMG00000163450	CTC-340I23.2;OTTHUMG00000163450
MIR152	MIR152
PRKX-AS1	PRKX-AS1
LOC100506538;NDUFAF6	LOC100506538;NDUFAF6
FOXD4L1	FOXD4L1
AC000124.1;LOC100506682;OTTHUMG00000064344	AC000124.1;LOC100506682;OTTHUMG00000064344
ARFRP1	ARFRP1
KRT36	KRT36
LOC100507521	LOC100507521
SOWAHD	SOWAHD
UBTD1	UBTD1
LOC100506154;OTTHUMG00000160736;RP11-161D15.1	LOC100506154;OTTHUMG00000160736;RP11-161D15.1
WDR46	WDR46
OTTHUMG00000162989;RP11-257I8.2	OTTHUMG00000162989;RP11-257I8.2
OTTHUMG00000017875;RP11-478H13.1	OTTHUMG00000017875;RP11-478H13.1
C14orf180	C14orf180
OTTHUMG00000153448;XX-CR54.1	OTTHUMG00000153448;XX-CR54.1
LYPD5	LYPD5
ZNF804B	ZNF804B
NGFR	NGFR
OTTHUMG00000156392;RP11-44H4.1	OTTHUMG00000156392;RP11-44H4.1
HYI	HYI
AC138647.1;OTTHUMG00000156281	AC138647.1;OTTHUMG00000156281
OTTHUMG00000013242;RP11-374M1.3	OTTHUMG00000013242;RP11-374M1.3
CETN2	CETN2
CPHL1P	CPHL1P
H2AFB1;H2AFB2;H2AFB3	H2AFB1;H2AFB2;H2AFB3
TCN1	TCN1
LOC101060702;OR2A1;OR2A42	LOC101060702;OR2A1;OR2A42
PARS2	PARS2
GKN1	GKN1
AC092839.4;OTTHUMG00000152418	AC092839.4;OTTHUMG00000152418
MIR4503	MIR4503
ZFAT-AS1	ZFAT-AS1
OTTHUMG00000015860;RP11-475C16.2	OTTHUMG00000015860;RP11-475C16.2
GJC3	GJC3
ATP5D	ATP5D
PPP1R11P1	PPP1R11P1
PLA2G6	PLA2G6
CTD-2275D24.4;OTTHUMG00000162459	CTD-2275D24.4;OTTHUMG00000162459
OTTHUMG00000014978;RP11-542F9.1	OTTHUMG00000014978;RP11-542F9.1
CD1C	CD1C
HINFP	HINFP
ADCK5	ADCK5
OTTHUMG00000018730;RP11-94M14.3	OTTHUMG00000018730;RP11-94M14.3
ITPKB-IT1	ITPKB-IT1
ADAMTSL3	ADAMTSL3
LTB	LTB
LTB	LTB
LOC653653	LOC653653
LOC728743;ZNF775	LOC728743;ZNF775
WRNIP1	WRNIP1
OTTHUMG00000165053;RP11-760H22.2	OTTHUMG00000165053;RP11-760H22.2
BX284650.2;LOC100130000;OTTHUMG00000013626	BX284650.2;LOC100130000;OTTHUMG00000013626
C10orf25	C10orf25
OTTHUMG00000016599;RP11-165I9.6	OTTHUMG00000016599;RP11-165I9.6
HCG25	HCG25
SLC25A51P1	SLC25A51P1
LOC100996348;OTTHUMG00000164943;RP11-317J10.2	LOC100996348;OTTHUMG00000164943;RP11-317J10.2
SCOC	SCOC
OTTHUMG00000018728;RP11-478K7.2	OTTHUMG00000018728;RP11-478K7.2
CLLU1	CLLU1
IGKV2D-30	IGKV2D-30
OTTHUMG00000017177;RP11-114G1.2	OTTHUMG00000017177;RP11-114G1.2
WDR93	WDR93
WNT7A	WNT7A
AOX1	AOX1
SSR4P1	SSR4P1
EID3	EID3
HCG26	HCG26
HCG26	HCG26
HCG26	HCG26
HCG26	HCG26
C3orf56	C3orf56
KRTAP9-2;LOC100996762	KRTAP9-2;LOC100996762
OXT	OXT
TECRP1	TECRP1
RBPJL	RBPJL
ZCCHC4	ZCCHC4
AP001476.3;OTTHUMG00000090439	AP001476.3;OTTHUMG00000090439
EML1	EML1
MFN2	MFN2
OTTHUMG00000000438;RP11-296L22.8	OTTHUMG00000000438;RP11-296L22.8
RNA5SP418	RNA5SP418
LOC728392;NLRP1;RNU7-31P	LOC728392;NLRP1;RNU7-31P
PIGO	PIGO
GDF5OS	GDF5OS
CDS1	CDS1
AP3S2;C15orf38-AP3S2	AP3S2;C15orf38-AP3S2
TRIM64;TRIM64B;TRIM64C	TRIM64;TRIM64B;TRIM64C
FECH	FECH
OTTHUMG00000150449;WI2-85898F10.1	OTTHUMG00000150449;WI2-85898F10.1
LGALS4	LGALS4
AL157359.3;LOC100505973;OTTHUMG00000074546	AL157359.3;LOC100505973;OTTHUMG00000074546
MTX2	MTX2
CCDC83	CCDC83
TRIM26	TRIM26
TRIM26	TRIM26
RAB4B	RAB4B
CCDC135	CCDC135
SNAP47-AS1	SNAP47-AS1
AC017101.10;OTTHUMG00000155451	AC017101.10;OTTHUMG00000155451
OTTHUMG00000035229;RP11-545I10.2	OTTHUMG00000035229;RP11-545I10.2
KRTAP5-AS1	KRTAP5-AS1
SPI1	SPI1
CTU1	CTU1
CDX4	CDX4
DMBX1	DMBX1
LOC401242;OTTHUMG00000149386;XXbac-BPG308K3.6	LOC401242;OTTHUMG00000149386;XXbac-BPG308K3.6
LOC401242;OTTHUMG00000085913;XXbac-BPG308K3.6	LOC401242;OTTHUMG00000085913;XXbac-BPG308K3.6
SBF2-AS1	SBF2-AS1
SNORA70G	SNORA70G
SNORA49	SNORA49
COL23A1	COL23A1
GABRR3	GABRR3
IL13RA2	IL13RA2
B9D2	B9D2
TMEM91	TMEM91
OPCML-IT2	OPCML-IT2
PART1	PART1
HOXB3;HOXB4;MIR10A	HOXB3;HOXB4;MIR10A
CORIN	CORIN
MIR3689F	MIR3689F
OR4E2	OR4E2
FLVCR1	FLVCR1
MIR98	MIR98
RNF5P1	RNF5P1
OR4Q2	OR4Q2
PRSS58	PRSS58
PPP1R2P9	PPP1R2P9
DYNLT3	DYNLT3
RNF217	RNF217
TEKT1	TEKT1
AC092669.3;OTTHUMG00000152809	AC092669.3;OTTHUMG00000152809
IFNA10	IFNA10
DDX26B-AS1	DDX26B-AS1
CES1;LOC100653057	CES1;LOC100653057
KERA	KERA
CDKAL1	CDKAL1
ZNF341	ZNF341
LINC00588	LINC00588
KB-1592A4.14;OTTHUMG00000150794	KB-1592A4.14;OTTHUMG00000150794
C3orf14	C3orf14
CTB-158E9.1;OTTHUMG00000163601	CTB-158E9.1;OTTHUMG00000163601
CADPS2	CADPS2
AC010891.2;OTTHUMG00000041597	AC010891.2;OTTHUMG00000041597
FAM90A9P	FAM90A9P
OTTHUMG00000151086;OTTHUMG00000151089;RP3-508I15.18;RP3-508I15.19	OTTHUMG00000151086;OTTHUMG00000151089;RP3-508I15.18;RP3-508I15.19
ZNF517	ZNF517
C1orf100	C1orf100
HBS1L	HBS1L
ASIC5	ASIC5
HSP90B1;MIR3652	HSP90B1;MIR3652
LOC100506647;OTTHUMG00000014285;RP11-359N11.2	LOC100506647;OTTHUMG00000014285;RP11-359N11.2
TAF1C	TAF1C
LRRC7	LRRC7
PDCD10	PDCD10
ABRA	ABRA
COLQ	COLQ
IGKV2D-26	IGKV2D-26
AC113167.1;OTTHUMG00000162603	AC113167.1;OTTHUMG00000162603
CCDC67	CCDC67
CTD-2218K11.2;OTTHUMG00000162559	CTD-2218K11.2;OTTHUMG00000162559
PIP5K1P1	PIP5K1P1
SLC2A4RG	SLC2A4RG
CTD-2363C16.2;OTTHUMG00000163514	CTD-2363C16.2;OTTHUMG00000163514
OTTHUMG00000161646;RP11-445O3.1	OTTHUMG00000161646;RP11-445O3.1
JMJD1C-AS1	JMJD1C-AS1
SLC27A2	SLC27A2
MIR4278	MIR4278
AC073115.7;OTTHUMG00000155428	AC073115.7;OTTHUMG00000155428
RNY5P1	RNY5P1
OTTHUMG00000158301;RP11-139K4.2	OTTHUMG00000158301;RP11-139K4.2
KRTAP19-5	KRTAP19-5
CEP44	CEP44
MIR320D1	MIR320D1
C1QTNF6	C1QTNF6
OTTHUMG00000017053;RP11-459J23.1	OTTHUMG00000017053;RP11-459J23.1
OTTHUMG00000032918;RP5-908M14.5	OTTHUMG00000032918;RP5-908M14.5
OTTHUMG00000030382;RP1-302D9.1	OTTHUMG00000030382;RP1-302D9.1
OR10P1	OR10P1
OTTHUMG00000019177;RP11-78A18.2	OTTHUMG00000019177;RP11-78A18.2
SAMM50	SAMM50
SIRT7	SIRT7
LOC401010	LOC401010
UBE2QL1	UBE2QL1
CTC-480C2.1;OTTHUMG00000162578	CTC-480C2.1;OTTHUMG00000162578
GRIP2	GRIP2
KRTAP4-3	KRTAP4-3
OTTHUMG00000160427;RP11-600L4.1	OTTHUMG00000160427;RP11-600L4.1
LOC100506189;OTTHUMG00000019514;RP11-218I7.2	LOC100506189;OTTHUMG00000019514;RP11-218I7.2
OTTHUMG00000017117;RP11-203P2.2	OTTHUMG00000017117;RP11-203P2.2
AC005019.3;OTTHUMG00000152366	AC005019.3;OTTHUMG00000152366
SLC6A12	SLC6A12
PRPF4B	PRPF4B
RNU7-56P	RNU7-56P
OR12D3	OR12D3
AC007040.5;OTTHUMG00000153230	AC007040.5;OTTHUMG00000153230
GPR75	GPR75
PIK3R2	PIK3R2
DEFB115	DEFB115
CYP2C19	CYP2C19
GLOD5	GLOD5
P2RY11;PPAN;PPAN-P2RY11	P2RY11;PPAN;PPAN-P2RY11
AC016722.3;OTTHUMG00000153084	AC016722.3;OTTHUMG00000153084
PCDHB11	PCDHB11
RNF150	RNF150
MIR3180-5	MIR3180-5
TSPYL2	TSPYL2
PRKAG2	PRKAG2
KRTAP24-1	KRTAP24-1
SCGB2A2	SCGB2A2
AC010969.1;OTTHUMG00000119005	AC010969.1;OTTHUMG00000119005
FNDC7	FNDC7
AC007250.4;OTTHUMG00000152120	AC007250.4;OTTHUMG00000152120
OR2J1	OR2J1
AC007003.1;OTTHUMG00000155614	AC007003.1;OTTHUMG00000155614
IL18RAP	IL18RAP
NKX2-3	NKX2-3
AC006369.2;OTTHUMG00000152557	AC006369.2;OTTHUMG00000152557
MBD3L4	MBD3L4
PRR9	PRR9
SYCN	SYCN
OTTHUMG00000015821;RP11-136K14.1	OTTHUMG00000015821;RP11-136K14.1
MIR1302-10;MIR1302-11;MIR1302-2;MIR1302-9	MIR1302-10;MIR1302-11;MIR1302-2;MIR1302-9
USP17L1P	USP17L1P
RAB20	RAB20
CLEC2A	CLEC2A
NF1P5	NF1P5
AC013269.4;OTTHUMG00000153979	AC013269.4;OTTHUMG00000153979
OTTHUMG00000039975;RP11-245P10.4	OTTHUMG00000039975;RP11-245P10.4
LOC100131138	LOC100131138
DSTN	DSTN
PRB4	PRB4
NXF4	NXF4
GGACT	GGACT
KIAA1161	KIAA1161
CD86	CD86
DNAJC5;MIR941-1;MIR941-2;MIR941-3;MIR941-4	DNAJC5;MIR941-1;MIR941-2;MIR941-3;MIR941-4
OR5AK4P	OR5AK4P
PHF12	PHF12
IFNA4	IFNA4
OTTHUMG00000009931;RP5-836J3.1	OTTHUMG00000009931;RP5-836J3.1
LOC284688;OTTHUMG00000035969;RP11-297H3.4	LOC284688;OTTHUMG00000035969;RP11-297H3.4
KCNA10	KCNA10
NR1H2	NR1H2
AC099684.1;OTTHUMG00000132193	AC099684.1;OTTHUMG00000132193
SYNPO2L	SYNPO2L
GPR37	GPR37
OTTHUMG00000161580;RP13-578N3.3	OTTHUMG00000161580;RP13-578N3.3
NDUFB6	NDUFB6
AC003092.2;OTTHUMG00000155769	AC003092.2;OTTHUMG00000155769
NKX6-2	NKX6-2
MIR324	MIR324
C9orf37	C9orf37
TRIM15	TRIM15
REXO1L2P	REXO1L2P
OTTHUMG00000150108;RP3-429G5.5	OTTHUMG00000150108;RP3-429G5.5
FAM163B	FAM163B
SLC34A2	SLC34A2
UBE2E2-AS1	UBE2E2-AS1
RNA5SP446	RNA5SP446
CSH1;CSHL1;GH1	CSH1;CSHL1;GH1
OTTHUMG00000161156;RP11-576N17.5	OTTHUMG00000161156;RP11-576N17.5
CTC-338M12.4;OTTHUMG00000163003	CTC-338M12.4;OTTHUMG00000163003
PRAMEF10	PRAMEF10
LINC00967;OTTHUMG00000164475;RP11-366K18.3	LINC00967;OTTHUMG00000164475;RP11-366K18.3
EDNRB	EDNRB
GPR33	GPR33
OTTHUMG00000019692;RP11-408N14.1	OTTHUMG00000019692;RP11-408N14.1
NKX2-1-AS1	NKX2-1-AS1
C19orf12	C19orf12
WRN	WRN
AP001597.1;OTTHUMG00000078660	AP001597.1;OTTHUMG00000078660
MIR4497	MIR4497
KCNJ1	KCNJ1
OTTHUMG00000008189;RP11-275F13.1	OTTHUMG00000008189;RP11-275F13.1
AC007161.5;OTTHUMG00000152016	AC007161.5;OTTHUMG00000152016
DGKH	DGKH
SH2D3A	SH2D3A
PSORS1C3	PSORS1C3
FAM111A	FAM111A
OTTHUMG00000157195;RP11-3B12.3	OTTHUMG00000157195;RP11-3B12.3
GRXCR2	GRXCR2
AC009313.1;OTTHUMG00000151886	AC009313.1;OTTHUMG00000151886
AC009365.3;OTTHUMG00000150507	AC009365.3;OTTHUMG00000150507
MED12L	MED12L
GFRA1	GFRA1
FASTK	FASTK
HHATL	HHATL
FDX1L;ZGLP1	FDX1L;ZGLP1
MIR548N;OSBPL6	MIR548N;OSBPL6
FAM74A6	FAM74A6
MIR103A1;MIR103B1	MIR103A1;MIR103B1
CCDC175	CCDC175
MIR450A2	MIR450A2
LINC00106	LINC00106
LINC00106	LINC00106
CTD-2024I7.13;LOC100505658;OTTHUMG00000164151	CTD-2024I7.13;LOC100505658;OTTHUMG00000164151
ANGEL2	ANGEL2
F2R	F2R
MIR1183	MIR1183
CTD-2091N23.1;LOC100505822;OTTHUMG00000162674	CTD-2091N23.1;LOC100505822;OTTHUMG00000162674
OTTHUMG00000014197;RP11-405O10.2;RREB1	OTTHUMG00000014197;RP11-405O10.2;RREB1
FER1L4	FER1L4
NANOGNB	NANOGNB
OTTHUMG00000015537;RP1-86D1.2	OTTHUMG00000015537;RP1-86D1.2
GAGE12B;GAGE2B;GAGE2C	GAGE12B;GAGE2B;GAGE2C
SLC25A26	SLC25A26
DIO2	DIO2
MAB21L3	MAB21L3
GYS2	GYS2
TMEM17	TMEM17
AC012307.2;OTTHUMG00000155213	AC012307.2;OTTHUMG00000155213
RNA5SP234	RNA5SP234
CCDC42B	CCDC42B
CTC-441N14.1;CTC-441N14.2;OTTHUMG00000162968;OTTHUMG00000162971	CTC-441N14.1;CTC-441N14.2;OTTHUMG00000162968;OTTHUMG00000162971
PDE6C	PDE6C
OTTHUMG00000161004;RP11-763F8.1	OTTHUMG00000161004;RP11-763F8.1
MAST4-IT1	MAST4-IT1
LOC100996601;OTTHUMG00000020544;RP11-402G3.5	LOC100996601;OTTHUMG00000020544;RP11-402G3.5
D2HGDH	D2HGDH
AC062020.2;OTTHUMG00000153425	AC062020.2;OTTHUMG00000153425
ACOT6	ACOT6
FTLP10	FTLP10
AC007050.17;OTTHUMG00000150842	AC007050.17;OTTHUMG00000150842
OTTHUMG00000164945;RP11-317J10.4	OTTHUMG00000164945;RP11-317J10.4
NHEG1;OTTHUMG00000015652;RP11-55K22.5	NHEG1;OTTHUMG00000015652;RP11-55K22.5
AC079145.4;OTTHUMG00000151790	AC079145.4;OTTHUMG00000151790
OTTHUMG00000016052;RP3-495K2.2	OTTHUMG00000016052;RP3-495K2.2
C1orf50;LOC100129924	C1orf50;LOC100129924
CCNA1	CCNA1
MIR4676	MIR4676
OTTHUMG00000011641;RP11-195M16.1	OTTHUMG00000011641;RP11-195M16.1
CTB-79E8.2;OTTHUMG00000163289	CTB-79E8.2;OTTHUMG00000163289
OTTHUMG00000161235;RP11-745L13.2	OTTHUMG00000161235;RP11-745L13.2
AC114763.1;OTTHUMG00000153617	AC114763.1;OTTHUMG00000153617
AC026202.5;OTTHUMG00000154903	AC026202.5;OTTHUMG00000154903
OTTHUMG00000037823;RP11-66A2.1	OTTHUMG00000037823;RP11-66A2.1
LOC100286914;LOC100288646;LOC100653358;LOC101060626	LOC100286914;LOC100288646;LOC100653358;LOC101060626
OTTHUMG00000162318;RP11-4O3.2	OTTHUMG00000162318;RP11-4O3.2
SSR4	SSR4
C2orf70	C2orf70
KCNE2	KCNE2
OR10K1	OR10K1
RNU5A-2P	RNU5A-2P
LINC00462	LINC00462
HHATL-AS1	HHATL-AS1
AC018470.4;LOC285084;OTTHUMG00000154148	AC018470.4;LOC285084;OTTHUMG00000154148
OR51D1	OR51D1
KCNE3	KCNE3
FETUB	FETUB
ATP13A5-AS1	ATP13A5-AS1
OTTHUMG00000010024;RP11-76N22.2	OTTHUMG00000010024;RP11-76N22.2
ARMCX5	ARMCX5
MIR4271	MIR4271
SNORA48	SNORA48
AC106053.1;OTTHUMG00000151764	AC106053.1;OTTHUMG00000151764
MIR548Y	MIR548Y
OTTHUMG00000161731;RP11-525J21.1	OTTHUMG00000161731;RP11-525J21.1
MIR4520A	MIR4520A
WDR64	WDR64
OR51F1	OR51F1
SIDT1-AS1	SIDT1-AS1
KCNH5	KCNH5
RNA5SP91	RNA5SP91
HYMAI	HYMAI
OTTHUMG00000037537;RP11-365O16.3	OTTHUMG00000037537;RP11-365O16.3
KBTBD6	KBTBD6
ZC3H12A	ZC3H12A
TMEM145	TMEM145
NID2	NID2
SPINK8	SPINK8
MGC34034;OTTHUMG00000015606;RP4-662A9.2	MGC34034;OTTHUMG00000015606;RP4-662A9.2
CER1	CER1
ZNF576	ZNF576
DLEU2L	DLEU2L
AC133633.2;OTTHUMG00000163632	AC133633.2;OTTHUMG00000163632
LOC100653336;OTTHUMG00000019423;RP11-143M1.2	LOC100653336;OTTHUMG00000019423;RP11-143M1.2
EPSTI1	EPSTI1
TMPRSS3	TMPRSS3
OTTHUMG00000007731;RP5-1066H13.4	OTTHUMG00000007731;RP5-1066H13.4
OTTHUMG00000032491;RP5-1121H13.3	OTTHUMG00000032491;RP5-1121H13.3
RN7SK	RN7SK
LOC100507210;OTTHUMG00000159748;RP11-202A13.1	LOC100507210;OTTHUMG00000159748;RP11-202A13.1
PDE7B	PDE7B
MIR1302-5	MIR1302-5
KRT13	KRT13
RNY4P9	RNY4P9
KLHL31	KLHL31
GLIPR1L2	GLIPR1L2
MIR3913-2	MIR3913-2
TTTY7B	TTTY7B
CD200	CD200
OTTHUMG00000017769;RP11-139J15.5	OTTHUMG00000017769;RP11-139J15.5
MIR4306	MIR4306
S100A6	S100A6
OTTHUMG00000001215;RP11-334N17.1	OTTHUMG00000001215;RP11-334N17.1
OTTHUMG00000019530;RP11-390F4.3	OTTHUMG00000019530;RP11-390F4.3
SLC22A20	SLC22A20
FOXB2	FOXB2
C7orf71	C7orf71
BATF	BATF
RNA5SP459	RNA5SP459
AC002383.2;OTTHUMG00000153911	AC002383.2;OTTHUMG00000153911
CLDN20	CLDN20
CT47A1;CT47A10;CT47A11;CT47A12;CT47A2;CT47A3;CT47A4;CT47A5;CT47A6;CT47A7;CT47A8;CT47A9	CT47A1;CT47A10;CT47A11;CT47A12;CT47A2;CT47A3;CT47A4;CT47A5;CT47A6;CT47A7;CT47A8;CT47A9
HSP90AA6P	HSP90AA6P
SUPT20HL1	SUPT20HL1
CHCHD2	CHCHD2
AC010983.1;OTTHUMG00000154373	AC010983.1;OTTHUMG00000154373
OR5E1P	OR5E1P
OTTHUMG00000002515;RP11-473A10.2	OTTHUMG00000002515;RP11-473A10.2
OR2J2	OR2J2
ABHD16B	ABHD16B
THRB	THRB
ASGR1	ASGR1
NAALADL1	NAALADL1
HOXC-AS2	HOXC-AS2
MIR1231	MIR1231
BCAR1	BCAR1
OTTHUMG00000035892;RP11-16L9.3	OTTHUMG00000035892;RP11-16L9.3
ATF4P4	ATF4P4
COA5	COA5
NRN1L	NRN1L
RNA5SP413	RNA5SP413
CR1	CR1
MIR519B	MIR519B
SLAMF6	SLAMF6
PSENEN	PSENEN
ARHGAP15	ARHGAP15
AC034228.4;OTTHUMG00000059641	AC034228.4;OTTHUMG00000059641
RIN3	RIN3
HMGB3P1	HMGB3P1
OTTHUMG00000014287;RP3-448I9.2	OTTHUMG00000014287;RP3-448I9.2
MIR3529;MIR7-2	MIR3529;MIR7-2
SLC39A2	SLC39A2
APBB2	APBB2
CTC-498M16.2;OTTHUMG00000162703	CTC-498M16.2;OTTHUMG00000162703
MYH11	MYH11
OTTHUMG00000163991;RP11-431M3.2	OTTHUMG00000163991;RP11-431M3.2
INPP5F	INPP5F
CTC-551A13.2;OTTHUMG00000163703	CTC-551A13.2;OTTHUMG00000163703
GABRB3	GABRB3
SLC10A6	SLC10A6
C6orf7;OTTHUMG00000015082;RP1-159G19.1	C6orf7;OTTHUMG00000015082;RP1-159G19.1
AC007405.2;LOC440925;OTTHUMG00000154054	AC007405.2;LOC440925;OTTHUMG00000154054
FAS-AS1	FAS-AS1
THAP7	THAP7
LOC100507003	LOC100507003
TMEM179	TMEM179
DTWD1	DTWD1
TM4SF19-AS1	TM4SF19-AS1
OTTHUMG00000162807;RP11-414H23.2	OTTHUMG00000162807;RP11-414H23.2
OTTHUMG00000015954;RP1-81D8.3	OTTHUMG00000015954;RP1-81D8.3
COL13A1	COL13A1
AC100848.1;OTTHUMG00000060638	AC100848.1;OTTHUMG00000060638
AC018685.2;OTTHUMG00000151394	AC018685.2;OTTHUMG00000151394
ITGB1;OTTHUMG00000017934;RP11-462L8.1	ITGB1;OTTHUMG00000017934;RP11-462L8.1
DHRS4-AS1	DHRS4-AS1
SOX7	SOX7
IQCE	IQCE
LOC399829;OTTHUMG00000157745;RP13-137A17.6	LOC399829;OTTHUMG00000157745;RP13-137A17.6
HOXC11	HOXC11
MIR520E	MIR520E
PROL1	PROL1
IRF8	IRF8
CTC-276P9.2;OTTHUMG00000163062	CTC-276P9.2;OTTHUMG00000163062
OR2J1	OR2J1
HK1	HK1
MIR1205	MIR1205
MIR1203	MIR1203
RNU5F-4P	RNU5F-4P
PNLDC1	PNLDC1
MIR1297	MIR1297
GLYATL1;LOC100287413	GLYATL1;LOC100287413
PLIN5	PLIN5
AC010974.3;OTTHUMG00000153645	AC010974.3;OTTHUMG00000153645
ANKRD7	ANKRD7
C5orf43;SMIM15	C5orf43;SMIM15
OTTHUMG00000019649;RP11-4E23.2	OTTHUMG00000019649;RP11-4E23.2
LINC00649;LINC00650	LINC00649;LINC00650
PTGDR2	PTGDR2
QRFPR	QRFPR
FGF12-AS3	FGF12-AS3
AC093639.1;OTTHUMG00000153762	AC093639.1;OTTHUMG00000153762
CTD-2154H6.1;OTTHUMG00000162785	CTD-2154H6.1;OTTHUMG00000162785
AC007966.1;OTTHUMG00000154207	AC007966.1;OTTHUMG00000154207
CST9	CST9
RBMS3-AS2	RBMS3-AS2
ATP5G1	ATP5G1
UXT	UXT
LRRC37A4P	LRRC37A4P
WDR46	WDR46
SCMH1	SCMH1
LOC100996589	LOC100996589
OTTHUMG00000164852;RP11-473O4.5	OTTHUMG00000164852;RP11-473O4.5
OIP5-AS1	OIP5-AS1
RNA5SP456	RNA5SP456
HCFC1-AS1	HCFC1-AS1
NPAP1	NPAP1
IL22	IL22
OTTHUMG00000020901;RP11-555H7.2	OTTHUMG00000020901;RP11-555H7.2
LOC729966;PDE4C	LOC729966;PDE4C
MYF5	MYF5
MYLK2	MYLK2
OTTHUMG00000162152;RP11-310P5.1	OTTHUMG00000162152;RP11-310P5.1
CTC-276P9.1;OTTHUMG00000163077	CTC-276P9.1;OTTHUMG00000163077
GABRP	GABRP
AC005235.1;OTTHUMG00000154465	AC005235.1;OTTHUMG00000154465
JAKMIP2	JAKMIP2
TSFM	TSFM
KRTAP19-3	KRTAP19-3
MIR4472-1	MIR4472-1
TMX3	TMX3
LOC100133161;LOC101059936;LOC101060495	LOC100133161;LOC101059936;LOC101060495
OTTHUMG00000161777;RP11-171N4.3	OTTHUMG00000161777;RP11-171N4.3
AC004840.8;OTTHUMG00000151516	AC004840.8;OTTHUMG00000151516
MIR3177	MIR3177
USP8	USP8
C10orf111	C10orf111
TIPARP-AS1	TIPARP-AS1
MIR340	MIR340
MSX2P1	MSX2P1
LOC100288562;LOC101060371;LOC101060540;REXO1L1	LOC100288562;LOC101060371;LOC101060540;REXO1L1
CR1L	CR1L
RNA5SP227	RNA5SP227
LINC00705	LINC00705
WNT10B	WNT10B
RB1	RB1
ACTR3BP6	ACTR3BP6
OTTHUMG00000163668;RP11-115J16.2	OTTHUMG00000163668;RP11-115J16.2
B3GALTL	B3GALTL
AP4M1	AP4M1
ATF5;MIR4751	ATF5;MIR4751
DAB2IP	DAB2IP
AC011288.2;OTTHUMG00000152349	AC011288.2;OTTHUMG00000152349
CECR5-AS1	CECR5-AS1
RNA5SP135	RNA5SP135
LRRK1	LRRK1
CPN1	CPN1
EZR-AS1	EZR-AS1
LOC647859	LOC647859
OTTHUMG00000020688;RP11-205K6.1	OTTHUMG00000020688;RP11-205K6.1
MIR4674	MIR4674
MIR4742	MIR4742
TOB1	TOB1
DEFB118	DEFB118
OTTHUMG00000008768;RP4-782L23.2	OTTHUMG00000008768;RP4-782L23.2
AP000345.4;OTTHUMG00000150840	AP000345.4;OTTHUMG00000150840
OTTHUMG00000019446;RP11-91N2.3	OTTHUMG00000019446;RP11-91N2.3
BCRP2	BCRP2
EXTL3-AS1	EXTL3-AS1
OTTHUMG00000035258;RP11-533E19.2	OTTHUMG00000035258;RP11-533E19.2
AF146191.4;OTTHUMG00000160585	AF146191.4;OTTHUMG00000160585
KRT5	KRT5
PLA2G1B	PLA2G1B
LRRIQ4	LRRIQ4
AC022201.4;OTTHUMG00000153164	AC022201.4;OTTHUMG00000153164
CEP164P1	CEP164P1
MIR3689D1	MIR3689D1
ALS2	ALS2
GLIS3-AS1	GLIS3-AS1
MIR103B2	MIR103B2
RNF40	RNF40
TPRG1-AS1	TPRG1-AS1
RNY5	RNY5
FAM90A8P	FAM90A8P
SPANXN4	SPANXN4
C2CD4C	C2CD4C
C16orf97	C16orf97
C10orf11	C10orf11
LOC101060288;LOC101060295;LOC101060308;PRAMEF15;PRAMEF9	LOC101060288;LOC101060295;LOC101060308;PRAMEF15;PRAMEF9
OTTHUMG00000163009;RP11-395P13.3	OTTHUMG00000163009;RP11-395P13.3
MIR3921	MIR3921
OTTHUMG00000165071;RP11-394O4.4	OTTHUMG00000165071;RP11-394O4.4
CACNA1H	CACNA1H
OTTHUMG00000151248;RP1-5O6.5	OTTHUMG00000151248;RP1-5O6.5
GABRB1	GABRB1
MIR596	MIR596
WDR46	WDR46
WDR46	WDR46
ASB12;MTMR8	ASB12;MTMR8
OTTHUMG00000018530;RP11-369F10.2	OTTHUMG00000018530;RP11-369F10.2
CTC-248O19.1;OTTHUMG00000163496	CTC-248O19.1;OTTHUMG00000163496
SIX4	SIX4
NOS2P3	NOS2P3
BMP10	BMP10
NOXO1	NOXO1
C5orf49	C5orf49
TTTY20	TTTY20
ADCYAP1R1	ADCYAP1R1
RHBDL2	RHBDL2
OTTHUMG00000032921;RP13-30A9.1	OTTHUMG00000032921;RP13-30A9.1
OTTHUMG00000020433;RP11-308N19.1	OTTHUMG00000020433;RP11-308N19.1
FAM90A18P;FAM90A19P	FAM90A18P;FAM90A19P
FAM90A18P;FAM90A19P	FAM90A18P;FAM90A19P
LGALSL	LGALSL
AC000370.2;OTTHUMG00000157729	AC000370.2;OTTHUMG00000157729
OTTHUMG00000160909;RP11-625I7.1	OTTHUMG00000160909;RP11-625I7.1
MAP3K13	MAP3K13
CTB-26E19.1;OTTHUMG00000163611	CTB-26E19.1;OTTHUMG00000163611
LAX1	LAX1
C21orf54	C21orf54
HCG24	HCG24
PFN3	PFN3
MIR668	MIR668
SLC10A2	SLC10A2
LOC100996668;ZEB1	LOC100996668;ZEB1
AC002472.13;LOC400891;OTTHUMG00000150897	AC002472.13;LOC400891;OTTHUMG00000150897
ELSPBP1	ELSPBP1
AC068483.1;OTTHUMG00000153414	AC068483.1;OTTHUMG00000153414
OTTHUMG00000156519;RP11-573D15.3	OTTHUMG00000156519;RP11-573D15.3
RNASE13	RNASE13
MEIG1	MEIG1
LATS2-AS1	LATS2-AS1
KRTAP10-10	KRTAP10-10
TXNDC8	TXNDC8
MIR524	MIR524
TRIM64C	TRIM64C
OTTHUMG00000055854;RP11-69I8.2	OTTHUMG00000055854;RP11-69I8.2
LOC101060478;RNF115	LOC101060478;RNF115
MIR502	MIR502
LOC100289473;OTTHUMG00000154775;RP4-673D20.3	LOC100289473;OTTHUMG00000154775;RP4-673D20.3
GKAP1	GKAP1
OR5H15	OR5H15
OTTHUMG00000017551;RP11-526P5.2	OTTHUMG00000017551;RP11-526P5.2
OTTHUMG00000002707;RP3-340N1.6	OTTHUMG00000002707;RP3-340N1.6
LOC100506899;OTTHUMG00000036137;RP5-1051D14.1	LOC100506899;OTTHUMG00000036137;RP5-1051D14.1
OTTHUMG00000015812;RP11-472G23.10	OTTHUMG00000015812;RP11-472G23.10
CPSF4	CPSF4
SORBS3	SORBS3
TRIM26	TRIM26
OTTHUMG00000160124;RP11-539L10.2	OTTHUMG00000160124;RP11-539L10.2
RNU6-78P	RNU6-78P
MIR548D1	MIR548D1
MIR548AD	MIR548AD
SNORD13	SNORD13
RN7SL1	RN7SL1
OR10H5	OR10H5
AFF3	AFF3
LCN9	LCN9
WASIR2	WASIR2
OTTHUMG00000156569;RP11-358M3.1	OTTHUMG00000156569;RP11-358M3.1
OR10V1	OR10V1
TMED1	TMED1
SNORD15B	SNORD15B
CTD-2292P10.2;OTTHUMG00000164674	CTD-2292P10.2;OTTHUMG00000164674
C1orf115	C1orf115
IKZF1	IKZF1
C1orf222;KIAA1751	C1orf222;KIAA1751
CTD-2026A21.1;OTTHUMG00000161963	CTD-2026A21.1;OTTHUMG00000161963
DDX53	DDX53
CTD-2193P3.2;OTTHUMG00000162565	CTD-2193P3.2;OTTHUMG00000162565
AC112721.2;OTTHUMG00000152980	AC112721.2;OTTHUMG00000152980
MIR4264	MIR4264
NKX2-5	NKX2-5
MIR208A	MIR208A
OTTHUMG00000002434;RP11-174G17	OTTHUMG00000002434;RP11-174G17
KIFC3	KIFC3
RAMP2	RAMP2
PLEKHF1	PLEKHF1
LOC100128909;OTTHUMG00000020204;RP11-305L7.3	LOC100128909;OTTHUMG00000020204;RP11-305L7.3
LOC100506790;OTTHUMG00000022481;RP11-265D19.6	LOC100506790;OTTHUMG00000022481;RP11-265D19.6
VSIG4	VSIG4
RHOBTB2	RHOBTB2
TNIP1	TNIP1
TSHB	TSHB
TEX30	TEX30
KCNT1	KCNT1
NFKBIA	NFKBIA
NTM-IT1	NTM-IT1
MIR888	MIR888
AC009232.2;LOC730811;OTTHUMG00000151409	AC009232.2;LOC730811;OTTHUMG00000151409
SLC7A14	SLC7A14
FLJ14186	FLJ14186
TTC16	TTC16
OTTHUMG00000161703;RP11-332J15.3	OTTHUMG00000161703;RP11-332J15.3
C5orf44;CTC-534A2.2;OTTHUMG00000162694;TRAPPC13	C5orf44;CTC-534A2.2;OTTHUMG00000162694;TRAPPC13
IGHV1-58	IGHV1-58
FGF2	FGF2
MIR3202-2	MIR3202-2
SLC7A4	SLC7A4
SLC25A21-AS1	SLC25A21-AS1
SNED1	SNED1
SH3RF3-AS1	SH3RF3-AS1
VNN3	VNN3
KRTAP19-4	KRTAP19-4
KRT73	KRT73
BEND4	BEND4
MIR3180-4	MIR3180-4
KRTAP4-4	KRTAP4-4
NDUFA1	NDUFA1
NR1H4	NR1H4
MIR554	MIR554
MIR499B	MIR499B
CRHR2	CRHR2
CTA-398F10.1;OTTHUMG00000163730	CTA-398F10.1;OTTHUMG00000163730
SSBP4	SSBP4
ERGIC1	ERGIC1
TPTEP1	TPTEP1
AC099342.1;OTTHUMG00000152502	AC099342.1;OTTHUMG00000152502
JUNB	JUNB
OTTHUMG00000162407;RP11-317O24.1	OTTHUMG00000162407;RP11-317O24.1
AC004603.4;LOC100289650;OTTHUMG00000151551	AC004603.4;LOC100289650;OTTHUMG00000151551
FBXO30	FBXO30
RNA5SP272	RNA5SP272
LOC100287632	LOC100287632
LOC100506655	LOC100506655
C6orf205;MUC21;OTTHUMG00000148759	C6orf205;MUC21;OTTHUMG00000148759
C6orf205;MUC21;OTTHUMG00000148954	C6orf205;MUC21;OTTHUMG00000148954
CUL2	CUL2
SPINT3	SPINT3
TMEM140	TMEM140
LOC101060234;LOC101060305;TEX28;TEX28P1	LOC101060234;LOC101060305;TEX28;TEX28P1
OTTHUMG00000017520;RP11-144L1.4	OTTHUMG00000017520;RP11-144L1.4
MC5R	MC5R
MIR4802	MIR4802
OTTHUMG00000163791;RP11-156K13.2	OTTHUMG00000163791;RP11-156K13.2
TTC30B	TTC30B
OTTHUMG00000162380;RP11-1018N14.5	OTTHUMG00000162380;RP11-1018N14.5
CD180	CD180
