SYMBOL	ORIGINAL_ID
CLU	CLU
BX571672.1;OTTHUMG00000013471	BX571672.1;OTTHUMG00000013471
POLR2J2;POLR2J3;UPK3BL	POLR2J2;POLR2J3;UPK3BL
OTTHUMG00000021054;RP11-309M23.1	OTTHUMG00000021054;RP11-309M23.1
SLC15A4	SLC15A4
OTTHUMG00000020572;PSMD5-AS1;RP11-27I1.2	OTTHUMG00000020572;PSMD5-AS1;RP11-27I1.2
NRN1	NRN1
VSIG10	VSIG10
LOC100287894;LOC100996328;LOC100996502;LOC101059936;LOC101060494;LOC101060495	LOC100287894;LOC100996328;LOC100996502;LOC101059936;LOC101060494;LOC101060495
POLR2J3;UPK3BL	POLR2J3;UPK3BL
LY6E	LY6E
CLIC6	CLIC6
ZNF454	ZNF454
SHOX2	SHOX2
ZNF568	ZNF568
CENPVP1;CENPVP2	CENPVP1;CENPVP2
KIF13B	KIF13B
CDH12	CDH12
RRN3	RRN3
AMOT;MIR4329	AMOT;MIR4329
LOC100286914;LOC100288646;LOC100653358;LOC101060626	LOC100286914;LOC100288646;LOC100653358;LOC101060626
OTTHUMG00000002331;RP5-857K21.4	OTTHUMG00000002331;RP5-857K21.4
ZIC3	ZIC3
PIFO	PIFO
ATP6V1B1	ATP6V1B1
CACHD1	CACHD1
SAT1	SAT1
ISL1	ISL1
HIATL1	HIATL1
BX004987.4;OTTHUMG00000013470	BX004987.4;OTTHUMG00000013470
HOXA10-HOXA9;HOXA9;MIR196B;OTTHUMG00000170193;RP1-170O19.20	HOXA10-HOXA9;HOXA9;MIR196B;OTTHUMG00000170193;RP1-170O19.20
BOD1L1	BOD1L1
ZNF217	ZNF217
KDM6A	KDM6A
MYO5C	MYO5C
GM2A	GM2A
RFT1	RFT1
TNFRSF11B	TNFRSF11B
CDON	CDON
NOC2L	NOC2L
LOC100233156;LOC389834	LOC100233156;LOC389834
CTNNB1	CTNNB1
KIAA1324L	KIAA1324L
CLIC4	CLIC4
FTLP3	FTLP3
ZNF667-AS1	ZNF667-AS1
TTN-AS1	TTN-AS1
ZNRF2	ZNRF2
MIR221	MIR221
SLC2A14	SLC2A14
ZNF667	ZNF667
HLA-DRB5	HLA-DRB5
ARNT2	ARNT2
KRT8	KRT8
CDKL5	CDKL5
ZNF502	ZNF502
DIAPH3	DIAPH3
PDE9A	PDE9A
FTL	FTL
PABPC1L	PABPC1L
OTTHUMG00000067411;RP11-706O15.3	OTTHUMG00000067411;RP11-706O15.3
LINC00266-1	LINC00266-1
SLFN12	SLFN12
AC009784.3;OTTHUMG00000155618	AC009784.3;OTTHUMG00000155618
OR4F2P	OR4F2P
SLC30A6	SLC30A6
LOC90784	LOC90784
LOC389906;OTTHUMG00000067412;RP11-706O15.1	LOC389906;OTTHUMG00000067412;RP11-706O15.1
POLR2J4	POLR2J4
HERC2P3	HERC2P3
ZFP28	ZFP28
PLAGL1	PLAGL1
PCP4	PCP4
MID1	MID1
MLLT3	MLLT3
TMEM47	TMEM47
MTM1	MTM1
STX1A	STX1A
SLC48A1	SLC48A1
JPX	JPX
STX16	STX16
NSF;NSFP1	NSF;NSFP1
WDR17	WDR17
PHKA2	PHKA2
OTTHUMG00000013250;RP11-187C18.2	OTTHUMG00000013250;RP11-187C18.2
MRPL52	MRPL52
AGTRAP	AGTRAP
SLFN13	SLFN13
MYO5B	MYO5B
ESRP1	ESRP1
JRK	JRK
CFTR	CFTR
HLA-DRB1	HLA-DRB1
HERC2P2	HERC2P2
RRN3P3	RRN3P3
OTTHUMG00000161235;RP11-745L13.2	OTTHUMG00000161235;RP11-745L13.2
MYOM2	MYOM2
KBTBD11	KBTBD11
SLC2A3	SLC2A3
MAFIP;TEKT4P2	MAFIP;TEKT4P2
ACCS	ACCS
IGLL3P	IGLL3P
CYP2S1	CYP2S1
TSPAN6	TSPAN6
MCCC2	MCCC2
AIFM1	AIFM1
AC138035.1;LOC100286914;LOC100288646;LOC100653358;LOC101060626;OTTHUMG00000162985	AC138035.1;LOC100286914;LOC100288646;LOC100653358;LOC101060626;OTTHUMG00000162985
KRT18	KRT18
MIR622	MIR622
HLA-DRB1;LOC100507709;LOC100507714	HLA-DRB1;LOC100507709;LOC100507714
FAM78B	FAM78B
PARN	PARN
LOC643837;OTTHUMG00000002468;RP11-206L10.11	LOC643837;OTTHUMG00000002468;RP11-206L10.11
HERC2P9	HERC2P9
SORD	SORD
MOSPD1	MOSPD1
PRRG1	PRRG1
OTTHUMG00000022425;RP5-842K24.2	OTTHUMG00000022425;RP5-842K24.2
HYMAI	HYMAI
OTTHUMG00000021411;RP5-1158E12.3	OTTHUMG00000021411;RP5-1158E12.3
LOC100506453;OTTHUMG00000067421;RP11-706O15.5	LOC100506453;OTTHUMG00000067421;RP11-706O15.5
LOC100996747;RPS26	LOC100996747;RPS26
RABL3	RABL3
LOC100130219;RAD52	LOC100130219;RAD52
RRN3P2	RRN3P2
MIR4450	MIR4450
RAP2C	RAP2C
RPS26P11	RPS26P11
SCNN1A	SCNN1A
OTTHUMG00000019963;RP11-561O23.8	OTTHUMG00000019963;RP11-561O23.8
ACAA2	ACAA2
BX571672.3;OTTHUMG00000013473	BX571672.3;OTTHUMG00000013473
SHISA2	SHISA2
PLTP	PLTP
PHF17	PHF17
ADCY7	ADCY7
RAD51B	RAD51B
SLC8A1	SLC8A1
MCM8	MCM8
NKX6-1	NKX6-1
C20orf166-AS1	C20orf166-AS1
BLOC1S2	BLOC1S2
NETO1	NETO1
RAPGEF6	RAPGEF6
GPC4	GPC4
LRRFIP1	LRRFIP1
FERMT1	FERMT1
C8orf37	C8orf37
DCAF16	DCAF16
WEE1	WEE1
M6PR	M6PR
NYAP2	NYAP2
AC067961.1;OTTHUMG00000153466	AC067961.1;OTTHUMG00000153466
LSR	LSR
NEK9	NEK9
TAF1C	TAF1C
GALNT12	GALNT12
RPS6KA3	RPS6KA3
SH3D19	SH3D19
KC6	KC6
TSPAN31	TSPAN31
BCKDHB	BCKDHB
JUN	JUN
HLA-DRB1;HLA-DRB3	HLA-DRB1;HLA-DRB3
CPNE7	CPNE7
CTDSP2	CTDSP2
SPTLC3	SPTLC3
NKAIN2	NKAIN2
DDR1	DDR1
OTTHUMG00000163579;RP11-281O15.4	OTTHUMG00000163579;RP11-281O15.4
OTTHUMG00000039860;RP11-261C10.2	OTTHUMG00000039860;RP11-261C10.2
ALG10;ALG10B	ALG10;ALG10B
ZFHX3	ZFHX3
RBM47	RBM47
ATG4A	ATG4A
ITPRIPL1	ITPRIPL1
COL4A5	COL4A5
LEO1	LEO1
ACPP	ACPP
SLITRK5	SLITRK5
DDR1	DDR1
DDR1	DDR1
AC069277.2;OTTHUMG00000154923	AC069277.2;OTTHUMG00000154923
TMEM38B	TMEM38B
OTTHUMG00000015493;RP11-160A10.2	OTTHUMG00000015493;RP11-160A10.2
BST2	BST2
SDSL	SDSL
OTTHUMG00000018330;RP11-222A11.1	OTTHUMG00000018330;RP11-222A11.1
TMEM209	TMEM209
NCALD	NCALD
SP1	SP1
ENAH	ENAH
LYNX1	LYNX1
MCAT	MCAT
SEPT12	SEPT12
ETFB	ETFB
ZNF471	ZNF471
LOC642366	LOC642366
DLGAP1-AS1	DLGAP1-AS1
SLC35C2	SLC35C2
CXorf38	CXorf38
MAFA	MAFA
PCDH15	PCDH15
HLA-DRB1;HLA-DRB3	HLA-DRB1;HLA-DRB3
IQGAP2	IQGAP2
SMARCA1	SMARCA1
SLCO6A1	SLCO6A1
ALG6	ALG6
KRT8	KRT8
LBX1-AS1;OTTHUMG00000018928;RP11-107I14.1	LBX1-AS1;OTTHUMG00000018928;RP11-107I14.1
PCDHGA9	PCDHGA9
ALX3	ALX3
DDR1	DDR1
USP9X	USP9X
FAM83B	FAM83B
FTX	FTX
KCNH1	KCNH1
OTTHUMG00000164182;RP11-398H6.1	OTTHUMG00000164182;RP11-398H6.1
HNMT	HNMT
NQO1	NQO1
SCAPER	SCAPER
DOCK11	DOCK11
ST6GALNAC2	ST6GALNAC2
TRIM36	TRIM36
SLC27A2	SLC27A2
RNU2-4P	RNU2-4P
C6orf174;KIAA0408;OTTHUMG00000166438;SOGA3	C6orf174;KIAA0408;OTTHUMG00000166438;SOGA3
EFNB1	EFNB1
PTPRG	PTPRG
DDR1;MIR4640	DDR1;MIR4640
PIK3R4	PIK3R4
OTTHUMG00000013293;RP11-262H14.3	OTTHUMG00000013293;RP11-262H14.3
LRP2	LRP2
MOCOS	MOCOS
TMEM194A	TMEM194A
A2M	A2M
FAP	FAP
ZIC2	ZIC2
PRSS8	PRSS8
OTTHUMG00000008392;PPIEL;RP11-69E11.4	OTTHUMG00000008392;PPIEL;RP11-69E11.4
HLA-DRB1;HLA-DRB3	HLA-DRB1;HLA-DRB3
METTL17	METTL17
EXT2	EXT2
OTTHUMG00000017996;RP11-291L22.4	OTTHUMG00000017996;RP11-291L22.4
RRN3P1	RRN3P1
TAB3	TAB3
IFITM1	IFITM1
ERMP1	ERMP1
RPS26P11	RPS26P11
VRK2	VRK2
DKFZP686I15217;OTTHUMG00000014128;RP1-90J20.7	DKFZP686I15217;OTTHUMG00000014128;RP1-90J20.7
ANXA1	ANXA1
GPR108	GPR108
DPY19L2	DPY19L2
STX17	STX17
HPS3	HPS3
LOC727751;LOC80154	LOC727751;LOC80154
DPY19L1;MIR548N	DPY19L1;MIR548N
OTTHUMG00000067420;RP11-706O15.7	OTTHUMG00000067420;RP11-706O15.7
ALDH6A1	ALDH6A1
MBNL3	MBNL3
STX3	STX3
LINC00934	LINC00934
OTTHUMG00000042242;RP11-458D21.2	OTTHUMG00000042242;RP11-458D21.2
RP9P	RP9P
FAM160A1	FAM160A1
MARVELD2	MARVELD2
MVD	MVD
WLS	WLS
DMKN	DMKN
CCDC109B	CCDC109B
ROR2	ROR2
SLCO4A1	SLCO4A1
LRRC16A	LRRC16A
AC023672.2;OTTHUMG00000153366	AC023672.2;OTTHUMG00000153366
RAB9A	RAB9A
IRAK4	IRAK4
HOXC8	HOXC8
NPTX1	NPTX1
SNCB	SNCB
LMX1A	LMX1A
LOC100996752;LOC101060261;NUDT4;NUDT4P1	LOC100996752;LOC101060261;NUDT4;NUDT4P1
IGSF1	IGSF1
OTTHUMG00000163790;RP11-624C23.1	OTTHUMG00000163790;RP11-624C23.1
SLC24A6	SLC24A6
OLFML2B	OLFML2B
SYNE2	SYNE2
NSMCE4A	NSMCE4A
GALNT4;POC1B;POC1B-GALNT4	GALNT4;POC1B;POC1B-GALNT4
RNA5SP143	RNA5SP143
ARAF	ARAF
HPGD	HPGD
F11R;TSTD1	F11R;TSTD1
OTTHUMG00000001096;OTTHUMG00000001097;RP11-34P13.7;RP11-34P13.8	OTTHUMG00000001096;OTTHUMG00000001097;RP11-34P13.7;RP11-34P13.8
RNA5SP178	RNA5SP178
TFE3	TFE3
AKT2	AKT2
ADAMTS19	ADAMTS19
SNX2	SNX2
TSN	TSN
SGCE	SGCE
ATXN7	ATXN7
ZFP42	ZFP42
MCF2L-AS1	MCF2L-AS1
SPINK5	SPINK5
CTDSPL	CTDSPL
OTTHUMG00000160745;RP11-148L24.1	OTTHUMG00000160745;RP11-148L24.1
RAB1B	RAB1B
PI4KAP1	PI4KAP1
EMP1	EMP1
FUBP3	FUBP3
GLT1D1	GLT1D1
ZNF804A	ZNF804A
MYO3A	MYO3A
SMOC1	SMOC1
RNU12	RNU12
PI4KAP2	PI4KAP2
GSTCD	GSTCD
OTTHUMG00000153472;RP11-321C1.1	OTTHUMG00000153472;RP11-321C1.1
BCMO1	BCMO1
TFAP2C	TFAP2C
PLXND1	PLXND1
SMAGP	SMAGP
AC069277.2;OTTHUMG00000154923	AC069277.2;OTTHUMG00000154923
ZIC5	ZIC5
CUL1	CUL1
NT5DC1	NT5DC1
UPK3B	UPK3B
TMEM254	TMEM254
KIAA1715	KIAA1715
CA3	CA3
RNA5SP359	RNA5SP359
ZNF25	ZNF25
NSF	NSF
RNA5SP256	RNA5SP256
ACAT2	ACAT2
MARCH3	MARCH3
NTAN1	NTAN1
OTTHUMG00000160040;RP11-281P23.1	OTTHUMG00000160040;RP11-281P23.1
RAB11FIP1	RAB11FIP1
GALNT7	GALNT7
VAV3	VAV3
LOC729966;PDE4C	LOC729966;PDE4C
ASTN2	ASTN2
PLS3	PLS3
ALG13	ALG13
OTTHUMG00000160044;RP11-281P23.2	OTTHUMG00000160044;RP11-281P23.2
C17orf97	C17orf97
OTTHUMG00000043709;RP4-704D21.2	OTTHUMG00000043709;RP4-704D21.2
CRYBB2P1	CRYBB2P1
HOOK3	HOOK3
ATP5O	ATP5O
MAP7D1	MAP7D1
VGLL1	VGLL1
ACSS3	ACSS3
CNTN6	CNTN6
NELL1	NELL1
OTTHUMG00000019964;RP11-88I18.2	OTTHUMG00000019964;RP11-88I18.2
MAF	MAF
PKP2	PKP2
AL353791.1;OTTHUMG00000066698	AL353791.1;OTTHUMG00000066698
HLA-DRB6	HLA-DRB6
SPIRE1	SPIRE1
IRS4	IRS4
CNTNAP3;CNTNAP3B	CNTNAP3;CNTNAP3B
ST8SIA4	ST8SIA4
BCORL1	BCORL1
CYP27A1	CYP27A1
PCDHGB5	PCDHGB5
PEF1	PEF1
SLC25A39	SLC25A39
WSB1	WSB1
OTTHUMG00000161787;RP1-167G20.1	OTTHUMG00000161787;RP1-167G20.1
OTTHUMG00000073688;RP1-90G24.6	OTTHUMG00000073688;RP1-90G24.6
PCDHGA1;PCDHGA10;PCDHGA11;PCDHGA12;PCDHGA2;PCDHGA3;PCDHGA4;PCDHGA5;PCDHGA6;PCDHGA7;PCDHGA8;PCDHGA9;PCDHGB1;PCDHGB2;PCDHGB3;PCDHGB4;PCDHGB5;PCDHGB6;PCDHGB7;PCDHGC3;PCDHGC4;PCDHGC5	PCDHGA1;PCDHGA10;PCDHGA11;PCDHGA12;PCDHGA2;PCDHGA3;PCDHGA4;PCDHGA5;PCDHGA6;PCDHGA7;PCDHGA8;PCDHGA9;PCDHGB1;PCDHGB2;PCDHGB3;PCDHGB4;PCDHGB5;PCDHGB6;PCDHGB7;PCDHGC3;PCDHGC4;PCDHGC5
GALNT14	GALNT14
GOLGA2P2Y;GOLGA2P3Y	GOLGA2P2Y;GOLGA2P3Y
NXT2	NXT2
LPL	LPL
AMMECR1	AMMECR1
LINC00491	LINC00491
DDR1	DDR1
GRK4	GRK4
CDH3	CDH3
MAMDC2	MAMDC2
CPB2-AS1	CPB2-AS1
PRPH	PRPH
AP1S2	AP1S2
MAL2	MAL2
SEPT6	SEPT6
SLITRK2	SLITRK2
EFCAB2	EFCAB2
THEM6	THEM6
UG0898H09	UG0898H09
KIAA1919	KIAA1919
AL583842.3;OTTHUMG00000013379	AL583842.3;OTTHUMG00000013379
HLA-DRB1;HLA-DRB4	HLA-DRB1;HLA-DRB4
NECAB1	NECAB1
TCEAL8	TCEAL8
HECW1	HECW1
LINC00395	LINC00395
WDR11	WDR11
OTTHUMG00000162354;RP11-434D9.2	OTTHUMG00000162354;RP11-434D9.2
ANK2	ANK2
OTTHUMG00000163798;RP11-136K7.3	OTTHUMG00000163798;RP11-136K7.3
KIAA1609;TLDC1	KIAA1609;TLDC1
ARHGEF12	ARHGEF12
COG8;PDF	COG8;PDF
OFD1	OFD1
ISLR2	ISLR2
PDE10A	PDE10A
ARL6IP1	ARL6IP1
CDC23	CDC23
LINC00669	LINC00669
RAC3	RAC3
ZFP41	ZFP41
AC113188.2;OTTHUMG00000059815;SAMD12	AC113188.2;OTTHUMG00000059815;SAMD12
PGM2L1	PGM2L1
MCOLN3	MCOLN3
KDM5B	KDM5B
LOC100134868	LOC100134868
L3MBTL2	L3MBTL2
PRR13	PRR13
AC069277.2;OTTHUMG00000154923	AC069277.2;OTTHUMG00000154923
ZNF90	ZNF90
AGMO	AGMO
RPL23AP4	RPL23AP4
RNA5SP336	RNA5SP336
HLA-DRB4	HLA-DRB4
FAM122C	FAM122C
RAC1P2	RAC1P2
WDFY2	WDFY2
CAPS2	CAPS2
CNTNAP3	CNTNAP3
GRHL2	GRHL2
CWF19L1	CWF19L1
WDR47	WDR47
HECW1-IT1	HECW1-IT1
PPP1CB	PPP1CB
SLITRK4	SLITRK4
LRRC34	LRRC34
RNU2-3P	RNU2-3P
OTUD5	OTUD5
IFITM4P	IFITM4P
IFITM4P	IFITM4P
DIS3L	DIS3L
DGCR5;LOC100287576;LOC100506454	DGCR5;LOC100287576;LOC100506454
BX571672.2;OTTHUMG00000013472	BX571672.2;OTTHUMG00000013472
RPS4Y2	RPS4Y2
RNA5SP463	RNA5SP463
AL953854.2;OTTHUMG00000066812	AL953854.2;OTTHUMG00000066812
OTTHUMG00000015498;RP11-374A22.1	OTTHUMG00000015498;RP11-374A22.1
RNA5SP251	RNA5SP251
CSPG5	CSPG5
CHM	CHM
OTTHUMG00000022220;RP5-964N17.1	OTTHUMG00000022220;RP5-964N17.1
NSUN7	NSUN7
RHNO1	RHNO1
COLEC11	COLEC11
CAMSAP2	CAMSAP2
SNORD14A	SNORD14A
BOC	BOC
HCG4B	HCG4B
HCG4B	HCG4B
RNA5SP449	RNA5SP449
RNA5SP162	RNA5SP162
RQCD1	RQCD1
KATNAL1	KATNAL1
DNAJC15	DNAJC15
RNA5SP478	RNA5SP478
TMBIM4	TMBIM4
PCMTD2	PCMTD2
DTX2;LOC100653244	DTX2;LOC100653244
LOC100132352	LOC100132352
AL035610.2;OTTHUMG00000078706	AL035610.2;OTTHUMG00000078706
HCG4B	HCG4B
DRAXIN;LOC100996614	DRAXIN;LOC100996614
HECW2	HECW2
COLGALT2;GLT25D2	COLGALT2;GLT25D2
ACOT9	ACOT9
LAMP3	LAMP3
PSMD11	PSMD11
GSTT2;GSTT2B	GSTT2;GSTT2B
PIGN	PIGN
LOC100233156;MAFIP;TEKT4P2	LOC100233156;MAFIP;TEKT4P2
IL1RAPL2	IL1RAPL2
ARHGEF38	ARHGEF38
WWC3	WWC3
RNA5SP247	RNA5SP247
SNORA74A	SNORA74A
BBX	BBX
GREM1	GREM1
RNA5SP404	RNA5SP404
HTATIP2	HTATIP2
UBE3B	UBE3B
DIAPH2	DIAPH2
TM7SF3	TM7SF3
RNU2-6P	RNU2-6P
GNL3L	GNL3L
EXOSC1	EXOSC1
JAKMIP2-AS1	JAKMIP2-AS1
HTR3A	HTR3A
INPP5B	INPP5B
TAOK1	TAOK1
RNA5SP356	RNA5SP356
ARSD-AS1	ARSD-AS1
MIR3615;SLC9A3R1	MIR3615;SLC9A3R1
PANX3	PANX3
TCTN3	TCTN3
LINC00645	LINC00645
ZSCAN23	ZSCAN23
KIF18A	KIF18A
RBBP7	RBBP7
PTPRF	PTPRF
ZDHHC9	ZDHHC9
OTTHUMG00000160727;RP11-130F10.1	OTTHUMG00000160727;RP11-130F10.1
PNPLA3	PNPLA3
OTTHUMG00000021210;RP3-410B11.1	OTTHUMG00000021210;RP3-410B11.1
PTPN20A;PTPN20B	PTPN20A;PTPN20B
ULK4	ULK4
RALGDS	RALGDS
PIM2	PIM2
GSTT2;GSTT2B	GSTT2;GSTT2B
LY6G5C	LY6G5C
GPI	GPI
CISD2	CISD2
DHX8	DHX8
OTTHUMG00000035848;PLEKHO1;RP11-458I7.4	OTTHUMG00000035848;PLEKHO1;RP11-458I7.4
RAC1	RAC1
FLVCR2	FLVCR2
RTN1	RTN1
KRT19	KRT19
MIR205;MIR205HG	MIR205;MIR205HG
GPR143	GPR143
ATP6AP2	ATP6AP2
VSIG1	VSIG1
IFITM4P	IFITM4P
IFITM4P	IFITM4P
IFITM4P	IFITM4P
PARVA	PARVA
PSAT1	PSAT1
GOLGA7	GOLGA7
DDR1	DDR1
AL109761.5;CHODL;OTTHUMG00000074504	AL109761.5;CHODL;OTTHUMG00000074504
MELK	MELK
IFITM3	IFITM3
PEPD	PEPD
EBF1	EBF1
AAAS	AAAS
AKT3	AKT3
ATP11A	ATP11A
CLCN5	CLCN5
LY6G5C	LY6G5C
LY6G5C	LY6G5C
RASGRF2	RASGRF2
OTTHUMG00000022349;RP11-13E5.2	OTTHUMG00000022349;RP11-13E5.2
ABI1	ABI1
LINC00888	LINC00888
ARHGAP10	ARHGAP10
TRIL	TRIL
WDR44	WDR44
RSF1	RSF1
ZFX	ZFX
IQUB	IQUB
FAM66A	FAM66A
TBX5	TBX5
OTTHUMG00000057529;XX-FW81657B9.5	OTTHUMG00000057529;XX-FW81657B9.5
DKFZp686K1684;RCN1	DKFZp686K1684;RCN1
KATNAL2	KATNAL2
ETV6	ETV6
IFITM4P	IFITM4P
GANAB	GANAB
CCDC88A	CCDC88A
PODXL	PODXL
INADL	INADL
NSFP1	NSFP1
MIR222	MIR222
PODXL2	PODXL2
RFPL2	RFPL2
CDK4	CDK4
SCML2	SCML2
RNU4-1	RNU4-1
TTC18	TTC18
IRAK1;MIR718	IRAK1;MIR718
TMBIM6	TMBIM6
EPCAM	EPCAM
TOX4	TOX4
ZNF426	ZNF426
ALG10	ALG10
CSNK1G3	CSNK1G3
GTF2H3	GTF2H3
ZDHHC4	ZDHHC4
MACROD2	MACROD2
LINC00266-3	LINC00266-3
POU6F2	POU6F2
DPF1	DPF1
PTPN20A;PTPN20B	PTPN20A;PTPN20B
PPP1R9B	PPP1R9B
C5orf34	C5orf34
ZNF674	ZNF674
TYRO3	TYRO3
C1orf112	C1orf112
CMTM8	CMTM8
GEMIN8	GEMIN8
BRP44L;MPC1	BRP44L;MPC1
LOC100996920;OTTHUMG00000085413;RP11-423O2.5	LOC100996920;OTTHUMG00000085413;RP11-423O2.5
OTTHUMG00000002945;RP11-293F5.1	OTTHUMG00000002945;RP11-293F5.1
CYP2E1	CYP2E1
RGCC	RGCC
ALDH1A2	ALDH1A2
PCDH17	PCDH17
RNA5SP65	RNA5SP65
FBXW2	FBXW2
C1orf114;CCDC181;OTTHUMG00000035449;RP1-206D15.3	C1orf114;CCDC181;OTTHUMG00000035449;RP1-206D15.3
SYS1	SYS1
LRRC37A4P	LRRC37A4P
RAPGEF4	RAPGEF4
ZFY	ZFY
MCAM	MCAM
LY6G5C	LY6G5C
LY6G5C	LY6G5C
LY6G5C	LY6G5C
LY6G5C	LY6G5C
OTTHUMG00000161406;RP11-284M14.1	OTTHUMG00000161406;RP11-284M14.1
FAM63A	FAM63A
HCCS	HCCS
CENPW	CENPW
RNA5SP85	RNA5SP85
OTTHUMG00000163779;RP11-203E8.1	OTTHUMG00000163779;RP11-203E8.1
OTTHUMG00000162350;RP11-83M16.6	OTTHUMG00000162350;RP11-83M16.6
RNA5SP386	RNA5SP386
TLX2	TLX2
RNA5S9	RNA5S9
ALLC	ALLC
NSDHL	NSDHL
MUC20	MUC20
RNA5SP473	RNA5SP473
MMGT1	MMGT1
C6orf211	C6orf211
TRIM36-IT1	TRIM36-IT1
IFITM4P	IFITM4P
SNORD116-20;SNORD116-21	SNORD116-20;SNORD116-21
AC004540.4;OTTHUMG00000152805	AC004540.4;OTTHUMG00000152805
EGLN1	EGLN1
WDHD1	WDHD1
CCR10	CCR10
RNA5SP273	RNA5SP273
SKA1	SKA1
TRAPPC2	TRAPPC2
FAAH2	FAAH2
CSMD1	CSMD1
GRIK1	GRIK1
OTTHUMG00000160989;RP11-328K4.1	OTTHUMG00000160989;RP11-328K4.1
MORC4	MORC4
CA5B	CA5B
RNA5SP93	RNA5SP93
DNER	DNER
AC000364.1;GRM8;OTTHUMG00000066223	AC000364.1;GRM8;OTTHUMG00000066223
RNA5SP383	RNA5SP383
BANF1	BANF1
LOC101060595;OTTHUMG00000042244;RP11-458D21.1	LOC101060595;OTTHUMG00000042244;RP11-458D21.1
DICER1	DICER1
NRP2	NRP2
VTRNA2-1	VTRNA2-1
PDCL3P4	PDCL3P4
SEMA3E	SEMA3E
CD22	CD22
ZNF790-AS1	ZNF790-AS1
GCNT1	GCNT1
THUMPD1	THUMPD1
GOLGA6L10;GOLGA6L3;GOLGA6L4;GOLGA6L9	GOLGA6L10;GOLGA6L3;GOLGA6L4;GOLGA6L9
HOXD8	HOXD8
ITFG3	ITFG3
AC006157.2;OTTHUMG00000036155;RPS4Y1	AC006157.2;OTTHUMG00000036155;RPS4Y1
CDCA7L	CDCA7L
SEMA5B	SEMA5B
AC097499.1;OTTHUMG00000153369	AC097499.1;OTTHUMG00000153369
RNA5SP297	RNA5SP297
RNA5SP452	RNA5SP452
MIR4534	MIR4534
DHRS7B	DHRS7B
PSD	PSD
GABRR1	GABRR1
MSL3	MSL3
LINC00630	LINC00630
ITGA7	ITGA7
POLI	POLI
SPOCK2	SPOCK2
TRPM7	TRPM7
LOC642423	LOC642423
LRPAP1	LRPAP1
HIST3H3	HIST3H3
LATS2	LATS2
COLGALT1;GLT25D1	COLGALT1;GLT25D1
VAX2	VAX2
NKX2-5	NKX2-5
STAG2	STAG2
OTTHUMG00000163826;RP11-855C21.1	OTTHUMG00000163826;RP11-855C21.1
FTSJD2	FTSJD2
SLC36A1	SLC36A1
LOXL3	LOXL3
BAZ1A	BAZ1A
L1TD1	L1TD1
IL17RA	IL17RA
CCDC99;SPDL1	CCDC99;SPDL1
RAB8A	RAB8A
GAS5;SNORD44;SNORD47;SNORD74;SNORD76;SNORD77;SNORD79;SNORD80;SNORD81	GAS5;SNORD44;SNORD47;SNORD74;SNORD76;SNORD77;SNORD79;SNORD80;SNORD81
CLDN7	CLDN7
RNA5SP29	RNA5SP29
C20orf24	C20orf24
HIBADH	HIBADH
SWAP70	SWAP70
SMYD3	SMYD3
SNORD3B-1	SNORD3B-1
SNORD3B-2	SNORD3B-2
MIR4680;PDCD4	MIR4680;PDCD4
FAM122B	FAM122B
SSBP2	SSBP2
EEF1B2;SNORA41	EEF1B2;SNORA41
TFAP2B	TFAP2B
SLC9B2	SLC9B2
FXYD5	FXYD5
EZR	EZR
SEPT11	SEPT11
DKFZP586I1420	DKFZP586I1420
WDR86	WDR86
OTTHUMG00000037473;RP11-504P24.4	OTTHUMG00000037473;RP11-504P24.4
MUC15	MUC15
OTTHUMG00000022051;RP1-158I15.1	OTTHUMG00000022051;RP1-158I15.1
MIR421	MIR421
LRP6	LRP6
JAG1	JAG1
ATP5C1	ATP5C1
TPBG	TPBG
DDX3X	DDX3X
AGXT2L1;ETNPPL	AGXT2L1;ETNPPL
TMSB4X	TMSB4X
LHX3	LHX3
MARCH1	MARCH1
FUT10	FUT10
BRE	BRE
ICMT	ICMT
HAPLN3	HAPLN3
TC2N	TC2N
OTTHUMG00000156245;RP11-89N17.1	OTTHUMG00000156245;RP11-89N17.1
AC009262.2;OTTHUMG00000153006	AC009262.2;OTTHUMG00000153006
RNA5SP132	RNA5SP132
MLEC	MLEC
PHF16	PHF16
SMO	SMO
SPOCK3	SPOCK3
DSP	DSP
PAX7	PAX7
SEMA4G	SEMA4G
PNMA2	PNMA2
NDST3	NDST3
PARD3B	PARD3B
AC016745.3;OTTHUMG00000153341	AC016745.3;OTTHUMG00000153341
MTUS2	MTUS2
SLC11A2	SLC11A2
AP006222.2;OTTHUMG00000002553	AP006222.2;OTTHUMG00000002553
MED14	MED14
DHX32	DHX32
RNA5SP506	RNA5SP506
COL4A6	COL4A6
FAM18B1;TVP23B	FAM18B1;TVP23B
RNA5SP358	RNA5SP358
LINC00266-4P	LINC00266-4P
PRDX4	PRDX4
SHMT1	SHMT1
SNORD3A	SNORD3A
PFDN2	PFDN2
OTTHUMG00000164543;RP11-758M4.4	OTTHUMG00000164543;RP11-758M4.4
CTSL2	CTSL2
FGF14;FGF14-IT1	FGF14;FGF14-IT1
GPR155	GPR155
RNA5SP481	RNA5SP481
LINC00648	LINC00648
XIAP	XIAP
NAALADL2-AS2	NAALADL2-AS2
OTTHUMG00000015486;PKIB;RP11-574H13.2	OTTHUMG00000015486;PKIB;RP11-574H13.2
ZFHX4	ZFHX4
C2orf43	C2orf43
TMEM109	TMEM109
DNASE1	DNASE1
DRGX	DRGX
PSMD5	PSMD5
RNA5SP180	RNA5SP180
CSN1S1	CSN1S1
KIF3A	KIF3A
AMIGO1	AMIGO1
MORF4L2-AS1	MORF4L2-AS1
NSUN5P1;NSUN5P2	NSUN5P1;NSUN5P2
TTTY15	TTTY15
GALM	GALM
YWHAH	YWHAH
SPINT1	SPINT1
MAVS	MAVS
RNA5SP345	RNA5SP345
ZNF439	ZNF439
ADH1C	ADH1C
TOM1L1	TOM1L1
MAPKAPK3	MAPKAPK3
RPL12P2	RPL12P2
EMX2OS	EMX2OS
OLFM1	OLFM1
SNORD61	SNORD61
LYPD1	LYPD1
HCG4B	HCG4B
FUCA2	FUCA2
CTPS2	CTPS2
ZNF491	ZNF491
TESK2	TESK2
TRPC6	TRPC6
RORA	RORA
ADA	ADA
EFHC2	EFHC2
SNORD3D	SNORD3D
MAOA	MAOA
EGR1	EGR1
TRIM69	TRIM69
RPGR	RPGR
TCEAL7	TCEAL7
GJA1	GJA1
LOC374443	LOC374443
CPVL	CPVL
RNU4-7P	RNU4-7P
ELTD1	ELTD1
NIF3L1	NIF3L1
OTTHUMG00000160991;RP11-297P16.3	OTTHUMG00000160991;RP11-297P16.3
LYN	LYN
MAST1	MAST1
RNLS	RNLS
CHRDL1	CHRDL1
IFT122	IFT122
ADSS	ADSS
RECQL	RECQL
HCG4B	HCG4B
DNMBP	DNMBP
ABCA12	ABCA12
MIR500B	MIR500B
MALT1	MALT1
CLDN4;LOC100996451	CLDN4;LOC100996451
HCG4B	HCG4B
PILRB	PILRB
ZHX1	ZHX1
TMEM246	TMEM246
PTPN13	PTPN13
TXLNG2P	TXLNG2P
PID1	PID1
RNU4-2	RNU4-2
NSUN2	NSUN2
FBXL8;HSF4	FBXL8;HSF4
TCTN2	TCTN2
USP9Y	USP9Y
PDHA1	PDHA1
PPL	PPL
TTC3;TTC3P1	TTC3;TTC3P1
AKR7A2	AKR7A2
RP2	RP2
LOC100996400;NOL4	LOC100996400;NOL4
DEAF1	DEAF1
FAM222A	FAM222A
CTTN	CTTN
RAPH1	RAPH1
RXRG	RXRG
OTTHUMG00000161955;RP11-184E9.4	OTTHUMG00000161955;RP11-184E9.4
TXLNG2P	TXLNG2P
OTTHUMG00000011749;RP11-552M11.4;WDR77	OTTHUMG00000011749;RP11-552M11.4;WDR77
PAG1	PAG1
OTTHUMG00000009453;RP4-660H19.1	OTTHUMG00000009453;RP4-660H19.1
OTTHUMG00000035535;OTTHUMG00000040635;RP11-161I10.1;RP11-547I7.2	OTTHUMG00000035535;OTTHUMG00000040635;RP11-161I10.1;RP11-547I7.2
ZNF37A	ZNF37A
ANKRD6	ANKRD6
RNA5SP150	RNA5SP150
DACH2	DACH2
RNA5SP232	RNA5SP232
OTTHUMG00000163819;RP11-561E1.1	OTTHUMG00000163819;RP11-561E1.1
NOVA1	NOVA1
GRPR	GRPR
ZNRF2	ZNRF2
MRFAP1L1	MRFAP1L1
DDX3Y	DDX3Y
CNNM1	CNNM1
DISP2	DISP2
RFPL1-AS1;RFPL1S	RFPL1-AS1;RFPL1S
MRI1	MRI1
OLFML3	OLFML3
B3GNT2	B3GNT2
NHS	NHS
SULT4A1	SULT4A1
AP1M2	AP1M2
TMSB4Y	TMSB4Y
LOC100130301	LOC100130301
DAG1	DAG1
TRIP10	TRIP10
ARL1	ARL1
SDCCAG8	SDCCAG8
MUC16	MUC16
ANKRD36BP2	ANKRD36BP2
ALG8	ALG8
OTTHUMG00000019975;RP11-265B8.4;TJP2	OTTHUMG00000019975;RP11-265B8.4;TJP2
C12orf52	C12orf52
SNTG1	SNTG1
HMGXB3	HMGXB3
AC092594.1;OTTHUMG00000151766	AC092594.1;OTTHUMG00000151766
MRE11A	MRE11A
CEACAM1	CEACAM1
RNA5SP500	RNA5SP500
NCR3LG1	NCR3LG1
FOXP2	FOXP2
RNA5SP207	RNA5SP207
ZCCHC8	ZCCHC8
RPL22L1	RPL22L1
CENPK	CENPK
CADPS2	CADPS2
RNA5SP204	RNA5SP204
MIR588	MIR588
ZNF69	ZNF69
HEYL	HEYL
HCG4B	HCG4B
COASY	COASY
TMEM14B	TMEM14B
PIP4K2C	PIP4K2C
MACC1	MACC1
RNU1-24P	RNU1-24P
PTPRU	PTPRU
MTMR1	MTMR1
KIF23	KIF23
ANKRD13B	ANKRD13B
PPP2R2C	PPP2R2C
FOXD4L3;FOXD4L6	FOXD4L3;FOXD4L6
HLA-DRB6;LOC100996809	HLA-DRB6;LOC100996809
B4GALNT3	B4GALNT3
KLHL4	KLHL4
APOB	APOB
RNA5SP445	RNA5SP445
DNAH11	DNAH11
PARD6B	PARD6B
XDH	XDH
APOE	APOE
PNPLA4	PNPLA4
SLC25A26	SLC25A26
COA1	COA1
NSUN5	NSUN5
AC021188.4;OTTHUMG00000155228	AC021188.4;OTTHUMG00000155228
NLGN4Y	NLGN4Y
TAP2	TAP2
PRKCSH	PRKCSH
SCMH1	SCMH1
NOD1	NOD1
ATP1A1	ATP1A1
RBM41	RBM41
APH1B	APH1B
OTTHUMG00000013272;RP11-327I22.4	OTTHUMG00000013272;RP11-327I22.4
MBOAT2	MBOAT2
CDC42-IT1	CDC42-IT1
SYAP1	SYAP1
ARHGAP22	ARHGAP22
CISD1	CISD1
DTX2P1-UPK3BP1-PMS2P11;LOC100132832	DTX2P1-UPK3BP1-PMS2P11;LOC100132832
TGIF1	TGIF1
RNA5S1;RNA5S10;RNA5S11;RNA5S12;RNA5S13;RNA5S14;RNA5S15;RNA5S16;RNA5S17;RNA5S2;RNA5S3;RNA5S4;RNA5S5;RNA5S6;RNA5S7;RNA5S8	RNA5S1;RNA5S10;RNA5S11;RNA5S12;RNA5S13;RNA5S14;RNA5S15;RNA5S16;RNA5S17;RNA5S2;RNA5S3;RNA5S4;RNA5S5;RNA5S6;RNA5S7;RNA5S8
RNA5S1;RNA5S10;RNA5S11;RNA5S12;RNA5S13;RNA5S14;RNA5S15;RNA5S16;RNA5S17;RNA5S2;RNA5S3;RNA5S4;RNA5S5;RNA5S6;RNA5S7;RNA5S8	RNA5S1;RNA5S10;RNA5S11;RNA5S12;RNA5S13;RNA5S14;RNA5S15;RNA5S16;RNA5S17;RNA5S2;RNA5S3;RNA5S4;RNA5S5;RNA5S6;RNA5S7;RNA5S8
RNA5S1;RNA5S10;RNA5S11;RNA5S12;RNA5S13;RNA5S14;RNA5S15;RNA5S16;RNA5S17;RNA5S2;RNA5S3;RNA5S4;RNA5S5;RNA5S6;RNA5S7;RNA5S8	RNA5S1;RNA5S10;RNA5S11;RNA5S12;RNA5S13;RNA5S14;RNA5S15;RNA5S16;RNA5S17;RNA5S2;RNA5S3;RNA5S4;RNA5S5;RNA5S6;RNA5S7;RNA5S8
RNA5S1;RNA5S10;RNA5S11;RNA5S12;RNA5S13;RNA5S14;RNA5S15;RNA5S16;RNA5S17;RNA5S2;RNA5S3;RNA5S4;RNA5S5;RNA5S6;RNA5S7;RNA5S8	RNA5S1;RNA5S10;RNA5S11;RNA5S12;RNA5S13;RNA5S14;RNA5S15;RNA5S16;RNA5S17;RNA5S2;RNA5S3;RNA5S4;RNA5S5;RNA5S6;RNA5S7;RNA5S8
RNA5S1;RNA5S10;RNA5S11;RNA5S12;RNA5S13;RNA5S14;RNA5S15;RNA5S16;RNA5S17;RNA5S2;RNA5S3;RNA5S4;RNA5S5;RNA5S6;RNA5S7;RNA5S8	RNA5S1;RNA5S10;RNA5S11;RNA5S12;RNA5S13;RNA5S14;RNA5S15;RNA5S16;RNA5S17;RNA5S2;RNA5S3;RNA5S4;RNA5S5;RNA5S6;RNA5S7;RNA5S8
RNA5S1;RNA5S10;RNA5S11;RNA5S12;RNA5S13;RNA5S14;RNA5S15;RNA5S16;RNA5S17;RNA5S2;RNA5S3;RNA5S4;RNA5S5;RNA5S6;RNA5S7;RNA5S8	RNA5S1;RNA5S10;RNA5S11;RNA5S12;RNA5S13;RNA5S14;RNA5S15;RNA5S16;RNA5S17;RNA5S2;RNA5S3;RNA5S4;RNA5S5;RNA5S6;RNA5S7;RNA5S8
RNA5S1;RNA5S10;RNA5S11;RNA5S12;RNA5S13;RNA5S14;RNA5S15;RNA5S16;RNA5S17;RNA5S2;RNA5S3;RNA5S4;RNA5S5;RNA5S6;RNA5S7;RNA5S8	RNA5S1;RNA5S10;RNA5S11;RNA5S12;RNA5S13;RNA5S14;RNA5S15;RNA5S16;RNA5S17;RNA5S2;RNA5S3;RNA5S4;RNA5S5;RNA5S6;RNA5S7;RNA5S8
RNA5S1;RNA5S10;RNA5S11;RNA5S12;RNA5S13;RNA5S14;RNA5S15;RNA5S16;RNA5S17;RNA5S2;RNA5S3;RNA5S4;RNA5S5;RNA5S6;RNA5S7;RNA5S8	RNA5S1;RNA5S10;RNA5S11;RNA5S12;RNA5S13;RNA5S14;RNA5S15;RNA5S16;RNA5S17;RNA5S2;RNA5S3;RNA5S4;RNA5S5;RNA5S6;RNA5S7;RNA5S8
RNA5S1;RNA5S10;RNA5S11;RNA5S12;RNA5S13;RNA5S14;RNA5S15;RNA5S16;RNA5S17;RNA5S2;RNA5S3;RNA5S4;RNA5S5;RNA5S6;RNA5S7;RNA5S8	RNA5S1;RNA5S10;RNA5S11;RNA5S12;RNA5S13;RNA5S14;RNA5S15;RNA5S16;RNA5S17;RNA5S2;RNA5S3;RNA5S4;RNA5S5;RNA5S6;RNA5S7;RNA5S8
RNA5S1;RNA5S10;RNA5S11;RNA5S12;RNA5S13;RNA5S14;RNA5S15;RNA5S16;RNA5S17;RNA5S2;RNA5S3;RNA5S4;RNA5S5;RNA5S6;RNA5S7;RNA5S8	RNA5S1;RNA5S10;RNA5S11;RNA5S12;RNA5S13;RNA5S14;RNA5S15;RNA5S16;RNA5S17;RNA5S2;RNA5S3;RNA5S4;RNA5S5;RNA5S6;RNA5S7;RNA5S8
RNA5S1;RNA5S10;RNA5S11;RNA5S12;RNA5S13;RNA5S14;RNA5S15;RNA5S16;RNA5S17;RNA5S2;RNA5S3;RNA5S4;RNA5S5;RNA5S6;RNA5S7;RNA5S8	RNA5S1;RNA5S10;RNA5S11;RNA5S12;RNA5S13;RNA5S14;RNA5S15;RNA5S16;RNA5S17;RNA5S2;RNA5S3;RNA5S4;RNA5S5;RNA5S6;RNA5S7;RNA5S8
RNA5S1;RNA5S10;RNA5S11;RNA5S12;RNA5S13;RNA5S14;RNA5S15;RNA5S16;RNA5S17;RNA5S2;RNA5S3;RNA5S4;RNA5S5;RNA5S6;RNA5S7;RNA5S8	RNA5S1;RNA5S10;RNA5S11;RNA5S12;RNA5S13;RNA5S14;RNA5S15;RNA5S16;RNA5S17;RNA5S2;RNA5S3;RNA5S4;RNA5S5;RNA5S6;RNA5S7;RNA5S8
RNA5S1;RNA5S10;RNA5S11;RNA5S12;RNA5S13;RNA5S14;RNA5S15;RNA5S16;RNA5S17;RNA5S2;RNA5S3;RNA5S4;RNA5S5;RNA5S6;RNA5S7;RNA5S8	RNA5S1;RNA5S10;RNA5S11;RNA5S12;RNA5S13;RNA5S14;RNA5S15;RNA5S16;RNA5S17;RNA5S2;RNA5S3;RNA5S4;RNA5S5;RNA5S6;RNA5S7;RNA5S8
RNA5S1;RNA5S10;RNA5S11;RNA5S12;RNA5S13;RNA5S14;RNA5S15;RNA5S16;RNA5S17;RNA5S2;RNA5S3;RNA5S4;RNA5S5;RNA5S6;RNA5S7;RNA5S8	RNA5S1;RNA5S10;RNA5S11;RNA5S12;RNA5S13;RNA5S14;RNA5S15;RNA5S16;RNA5S17;RNA5S2;RNA5S3;RNA5S4;RNA5S5;RNA5S6;RNA5S7;RNA5S8
RNA5S1;RNA5S10;RNA5S11;RNA5S12;RNA5S13;RNA5S14;RNA5S15;RNA5S16;RNA5S17;RNA5S2;RNA5S3;RNA5S4;RNA5S5;RNA5S6;RNA5S7;RNA5S8	RNA5S1;RNA5S10;RNA5S11;RNA5S12;RNA5S13;RNA5S14;RNA5S15;RNA5S16;RNA5S17;RNA5S2;RNA5S3;RNA5S4;RNA5S5;RNA5S6;RNA5S7;RNA5S8
RNA5S1;RNA5S10;RNA5S11;RNA5S12;RNA5S13;RNA5S14;RNA5S15;RNA5S16;RNA5S17;RNA5S2;RNA5S3;RNA5S4;RNA5S5;RNA5S6;RNA5S7;RNA5S8	RNA5S1;RNA5S10;RNA5S11;RNA5S12;RNA5S13;RNA5S14;RNA5S15;RNA5S16;RNA5S17;RNA5S2;RNA5S3;RNA5S4;RNA5S5;RNA5S6;RNA5S7;RNA5S8
PPFIA4	PPFIA4
OR8A1	OR8A1
PTPN20C	PTPN20C
FAM21A;FAM21C	FAM21A;FAM21C
NOL6	NOL6
CDK2	CDK2
RPP30	RPP30
LOC149134;OTTHUMG00000040519;RP11-439E19.3	LOC149134;OTTHUMG00000040519;RP11-439E19.3
MXRA5	MXRA5
SLC14A2	SLC14A2
RNF167	RNF167
HEBP1	HEBP1
RWDD1	RWDD1
GCA	GCA
C1QL3	C1QL3
RNA5SP515	RNA5SP515
UBE2Q2P2	UBE2Q2P2
TMEM206	TMEM206
MGLL	MGLL
HLA-DRB4	HLA-DRB4
RHOA	RHOA
POLR2J	POLR2J
AC103965.1;LOC388152;LOC642423;OTTHUMG00000133525	AC103965.1;LOC388152;LOC642423;OTTHUMG00000133525
PCGF1	PCGF1
KLF7	KLF7
B4GALT4	B4GALT4
SNORA45	SNORA45
ASS1	ASS1
ARHGAP6	ARHGAP6
LOC100130357;OTTHUMG00000014271;RP1-257A7.4;TBC1D7	LOC100130357;OTTHUMG00000014271;RP1-257A7.4;TBC1D7
OR8G2	OR8G2
RCC2	RCC2
HLA-DRB1;HLA-DRB3	HLA-DRB1;HLA-DRB3
RNA5SP67	RNA5SP67
SNORA11C	SNORA11C
CHD5	CHD5
GSTP1	GSTP1
PSTPIP2	PSTPIP2
GK	GK
RGPD5;RGPD8	RGPD5;RGPD8
CXorf22	CXorf22
MIR4647;SLC35B2	MIR4647;SLC35B2
MIR1262	MIR1262
SV2B	SV2B
GPX7	GPX7
ZFP36L2	ZFP36L2
FGF9	FGF9
NCRNA00185;TTTY14	NCRNA00185;TTTY14
RNA5SP322	RNA5SP322
SNX4	SNX4
LINC00472	LINC00472
RNA5SP245	RNA5SP245
VAMP2	VAMP2
DFFA	DFFA
RNA5SP74	RNA5SP74
PRIM1	PRIM1
PRKCA	PRKCA
CPSF2	CPSF2
HLA-DRB1;HLA-DRB3	HLA-DRB1;HLA-DRB3
BX004987.5;OTTHUMG00000013630	BX004987.5;OTTHUMG00000013630
AKR1E2	AKR1E2
CCNC	CCNC
CLVS2	CLVS2
HDAC1	HDAC1
RNA5SP252	RNA5SP252
PKD1L2	PKD1L2
CTC-499J9.1;OTTHUMG00000162845	CTC-499J9.1;OTTHUMG00000162845
ELP4	ELP4
RCE1	RCE1
HAT1	HAT1
ZSCAN30	ZSCAN30
CHKA	CHKA
LINC00649;LINC00650	LINC00649;LINC00650
PSMD10	PSMD10
RBMX2	RBMX2
TMSB4XP8	TMSB4XP8
AC090044.2;OTTHUMG00000154884	AC090044.2;OTTHUMG00000154884
LAMTOR5	LAMTOR5
ZNF440	ZNF440
LINC00693	LINC00693
SNORD92	SNORD92
NEDD1	NEDD1
SLC18A3	SLC18A3
DAPK2	DAPK2
CLN3	CLN3
NUCB1	NUCB1
DLK1	DLK1
SRP68	SRP68
OR8G1;OR8G5	OR8G1;OR8G5
TTC3P1	TTC3P1
HS6ST2	HS6ST2
AC098973.2;OTTHUMG00000155653	AC098973.2;OTTHUMG00000155653
NREP	NREP
DYRK3	DYRK3
WDR45	WDR45
ESYT1	ESYT1
RNA5SP426	RNA5SP426
GTF2A1L;STON1;STON1-GTF2A1L	GTF2A1L;STON1;STON1-GTF2A1L
WNT8B	WNT8B
CLEC2D	CLEC2D
PRKY	PRKY
CLN6	CLN6
KCNK2	KCNK2
RNA5SP258	RNA5SP258
RNA5SP430	RNA5SP430
JAKMIP3	JAKMIP3
CTD-2336O2.1;OTTHUMG00000163625	CTD-2336O2.1;OTTHUMG00000163625
LDB2	LDB2
RNA5SP238	RNA5SP238
OTTHUMG00000164547;RP11-697M17.1	OTTHUMG00000164547;RP11-697M17.1
ZMYM1	ZMYM1
GULP1	GULP1
SLC16A9	SLC16A9
FAM21A;FAM21B;FAM21C	FAM21A;FAM21B;FAM21C
FAM117B	FAM117B
BBS4	BBS4
DARS2	DARS2
FAM160A2	FAM160A2
PLEKHG4B	PLEKHG4B
MAP7D3	MAP7D3
LRRTM2	LRRTM2
AC069154.2;OTTHUMG00000153310;PCDP1	AC069154.2;OTTHUMG00000153310;PCDP1
LOC284581	LOC284581
RUNDC3B	RUNDC3B
RNA5SP400	RNA5SP400
FAM161B	FAM161B
OTTHUMG00000002201;RP11-108M9.1	OTTHUMG00000002201;RP11-108M9.1
CNRIP1	CNRIP1
WDFY1	WDFY1
AIM2	AIM2
PSMG3-AS1	PSMG3-AS1
SLC38A2	SLC38A2
ZDHHC20	ZDHHC20
AGBL2	AGBL2
RNA5SP302	RNA5SP302
COL6A4P2	COL6A4P2
MAPK1IP1L	MAPK1IP1L
ANO6	ANO6
RNA5SP365	RNA5SP365
HDAC7	HDAC7
ERBB2;MIR4728	ERBB2;MIR4728
TMEM14C	TMEM14C
ZNF674-AS1	ZNF674-AS1
RNA5SP250	RNA5SP250
ACAD10	ACAD10
MIR1208	MIR1208
RAP1GDS1	RAP1GDS1
SMUG1	SMUG1
LOC100132167	LOC100132167
RNA5SP215	RNA5SP215
PTPRA	PTPRA
AC108488.3;LOC100506054;OTTHUMG00000151419	AC108488.3;LOC100506054;OTTHUMG00000151419
PTPRO	PTPRO
LBX1	LBX1
IQCJ;IQCJ-SCHIP1;SCHIP1	IQCJ;IQCJ-SCHIP1;SCHIP1
RASSF8-AS1	RASSF8-AS1
KIAA1683	KIAA1683
GS1-251I9.4;LOC100506365;OTTHUMG00000164022	GS1-251I9.4;LOC100506365;OTTHUMG00000164022
RNF43	RNF43
RAB25	RAB25
ITGA6	ITGA6
PURG	PURG
RASA4;RASA4B	RASA4;RASA4B
EMX2	EMX2
LRFN2	LRFN2
MIR550A1;MIR550B1	MIR550A1;MIR550B1
RPS12P23	RPS12P23
AXIN2	AXIN2
RNA5SP308	RNA5SP308
CPNE1;NFS1	CPNE1;NFS1
MIS18BP1	MIS18BP1
PARPBP	PARPBP
LOC100271836;LOC101060596;SLC7A5P1;SLC7A5P2	LOC100271836;LOC101060596;SLC7A5P1;SLC7A5P2
PPP4R4	PPP4R4
ANK3	ANK3
TCN2	TCN2
PAX3	PAX3
ECT2	ECT2
ELOVL7	ELOVL7
TTLL4	TTLL4
FOXI3	FOXI3
SLC16A2	SLC16A2
PPM1D	PPM1D
SQLE	SQLE
SRD5A1	SRD5A1
MIR1251	MIR1251
TXNRD2	TXNRD2
POLA2	POLA2
KDM5C	KDM5C
LINC00922	LINC00922
IFITM2	IFITM2
HOXA7	HOXA7
NUP107	NUP107
DEPDC1	DEPDC1
MIR4745;PTBP1	MIR4745;PTBP1
MIR4262	MIR4262
CXorf30	CXorf30
HLA-DPB2	HLA-DPB2
HLA-DPB2	HLA-DPB2
KDELC2	KDELC2
ARSE	ARSE
MTMR6	MTMR6
ANKRD36C;LOC100996862	ANKRD36C;LOC100996862
DDX60	DDX60
EIF2S3;OTTHUMG00000021260;RP11-479I1.4	EIF2S3;OTTHUMG00000021260;RP11-479I1.4
RNA5SP513	RNA5SP513
UFL1	UFL1
PCYT2	PCYT2
EMC8	EMC8
ORC6	ORC6
SNORD75	SNORD75
DERA	DERA
SRPR	SRPR
XRRA1	XRRA1
ZNF572	ZNF572
FOXD4	FOXD4
GOLGA6L10;GOLGA6L3;GOLGA6L4;GOLGA6L9	GOLGA6L10;GOLGA6L3;GOLGA6L4;GOLGA6L9
RPS20P22	RPS20P22
GALNT15;GALNTL2	GALNT15;GALNTL2
GTF3C2	GTF3C2
PDE1A	PDE1A
RPL12	RPL12
NRG1	NRG1
RNA5SP124	RNA5SP124
HSD17B14	HSD17B14
SMPDL3A	SMPDL3A
CARTPT	CARTPT
PSMG3	PSMG3
NEFH	NEFH
PPAP2C	PPAP2C
CNPY3	CNPY3
ALDH9A1	ALDH9A1
EBF3	EBF3
RNA5SP279	RNA5SP279
SPTB	SPTB
DERL2	DERL2
CCDC112	CCDC112
MRPL37	MRPL37
SCAF11	SCAF11
HLA-L	HLA-L
AC005062.2;OTTHUMG00000152535	AC005062.2;OTTHUMG00000152535
KDSR	KDSR
PRSS56	PRSS56
EEF1B2P1	EEF1B2P1
LOC100128505;OTTHUMG00000020556;RP11-264C15.2	LOC100128505;OTTHUMG00000020556;RP11-264C15.2
BRSK1	BRSK1
GRTP1	GRTP1
RGS11	RGS11
SHCBP1	SHCBP1
NRXN1	NRXN1
RNA5SP377	RNA5SP377
RNA5SP376	RNA5SP376
BSG	BSG
IQGAP1	IQGAP1
HCG9	HCG9
HCG9	HCG9
KDR	KDR
COL2A1	COL2A1
UBE2Q2P2;UBE2Q2P3	UBE2Q2P2;UBE2Q2P3
DCTD	DCTD
ADAM7	ADAM7
ATP5H	ATP5H
DHX29	DHX29
ETV4	ETV4
SNAR-A3;SNAR-A4	SNAR-A3;SNAR-A4
POLR2C	POLR2C
SNAR-A1;SNAR-A2	SNAR-A1;SNAR-A2
MIR573	MIR573
XKR8	XKR8
DUSP19	DUSP19
PIR	PIR
STAT1	STAT1
OTTHUMG00000032442;RP4-564F22.2;SNHG17	OTTHUMG00000032442;RP4-564F22.2;SNHG17
PDK3	PDK3
AC007392.4;OTTHUMG00000152839	AC007392.4;OTTHUMG00000152839
FANCB	FANCB
EDAR	EDAR
IFI30	IFI30
NUP214	NUP214
RNA5SP79	RNA5SP79
RNA5SP192	RNA5SP192
OTTHUMG00000144166;RP11-168O22.1	OTTHUMG00000144166;RP11-168O22.1
ADAM22	ADAM22
MAPK1	MAPK1
LOC100507367;OTTHUMG00000015003;RP11-154D6.1	LOC100507367;OTTHUMG00000015003;RP11-154D6.1
ESCO2	ESCO2
CENPE	CENPE
RNA5SP122	RNA5SP122
RCN1P2	RCN1P2
GYG2	GYG2
GOLGA6L10;GOLGA6L3	GOLGA6L10;GOLGA6L3
NEFM	NEFM
ZNF736	ZNF736
KCNE1L	KCNE1L
ZNF740	ZNF740
TMTC3	TMTC3
RNA5SP469	RNA5SP469
MAFA	MAFA
PLXNA4	PLXNA4
MIR877	MIR877
MIR877	MIR877
MIR877	MIR877
MIR877	MIR877
MIR877	MIR877
MIR877	MIR877
MIR877	MIR877
RNU2-5P	RNU2-5P
RNA5SP242	RNA5SP242
CDCA4	CDCA4
HRAS	HRAS
PIGG	PIGG
UBL4A	UBL4A
SHPK	SHPK
EHBP1	EHBP1
CTC-228N24.1;LOC728586;OTTHUMG00000163284	CTC-228N24.1;LOC728586;OTTHUMG00000163284
HES5	HES5
TMEM27	TMEM27
RNA5SP502	RNA5SP502
FKBP1B	FKBP1B
RNA5SP225	RNA5SP225
OR10D3	OR10D3
PSMA3	PSMA3
TAP2	TAP2
HOXB7	HOXB7
AJ239322.3;OTTHUMG00000154620	AJ239322.3;OTTHUMG00000154620
ELAVL2	ELAVL2
SLC44A2	SLC44A2
HOXA10	HOXA10
AMER2;FAM123A	AMER2;FAM123A
ATRAID	ATRAID
PFKM	PFKM
XRCC2	XRCC2
PTPRK	PTPRK
AC007379.5;HSFY1;HSFY2;OTTHUMG00000041952	AC007379.5;HSFY1;HSFY2;OTTHUMG00000041952
OTTHUMG00000015537;RP1-86D1.2	OTTHUMG00000015537;RP1-86D1.2
RNA5SP416	RNA5SP416
TAP2	TAP2
SMAP2	SMAP2
TBX15	TBX15
FNBP1L	FNBP1L
FAM129A	FAM129A
PPP2R2B	PPP2R2B
ABHD11	ABHD11
GINS4	GINS4
CCDC33	CCDC33
RNA5SP37	RNA5SP37
MAT2A	MAT2A
YBX2	YBX2
JAK2	JAK2
MKRN2	MKRN2
LOC101060527;NAIP	LOC101060527;NAIP
ARF5	ARF5
OTOGL	OTOGL
COX7B	COX7B
RBM34	RBM34
NEU1	NEU1
NEU1	NEU1
NEU1	NEU1
NEU1	NEU1
NEU1	NEU1
NEU1	NEU1
NEU1	NEU1
MTBP	MTBP
LOC100506691	LOC100506691
IDE	IDE
KLC1	KLC1
CACNB4	CACNB4
LOC101060511;PRKAB2	LOC101060511;PRKAB2
C9orf114	C9orf114
KDM5D	KDM5D
CD63	CD63
ZDHHC16	ZDHHC16
PSMD4	PSMD4
ZNF829	ZNF829
KNTC1	KNTC1
ZNF273	ZNF273
CPPED1	CPPED1
PARVB	PARVB
OTTHUMG00000021062;RP13-297E16.4	OTTHUMG00000021062;RP13-297E16.4
LAMA1	LAMA1
TMEM14A	TMEM14A
MIR4768	MIR4768
LMF1	LMF1
DUSP6	DUSP6
BCAM	BCAM
RNA5SP374	RNA5SP374
TAP2	TAP2
VWA9	VWA9
UNG	UNG
ARPC5L	ARPC5L
CTC-218H9.1;OTTHUMG00000163168	CTC-218H9.1;OTTHUMG00000163168
TRH	TRH
AC132807.1;OTTHUMG00000155317	AC132807.1;OTTHUMG00000155317
SPATA5	SPATA5
ZNF697	ZNF697
ASB8	ASB8
HMGN2;LOC100996852	HMGN2;LOC100996852
HMGCS1	HMGCS1
ABCC4	ABCC4
TSPAN13	TSPAN13
AJ006998.2;OTTHUMG00000074333	AJ006998.2;OTTHUMG00000074333
GLB1L	GLB1L
TAP2	TAP2
UBE2QL1	UBE2QL1
FAM127C	FAM127C
UBA1	UBA1
USP44	USP44
CUX2	CUX2
MYBL2	MYBL2
PABPC5	PABPC5
TMEM187	TMEM187
RNA5SP300	RNA5SP300
IPO11;LRRC70	IPO11;LRRC70
ADCY6;MIR4701	ADCY6;MIR4701
FAM65B	FAM65B
APBA2	APBA2
RNA5SP140	RNA5SP140
C12orf5	C12orf5
RNA5SP440	RNA5SP440
PFKFB4	PFKFB4
OTTHUMG00000022519;RP11-308D16.4	OTTHUMG00000022519;RP11-308D16.4
PRDM2	PRDM2
PHYHD1	PHYHD1
KCTD16	KCTD16
LOC100996724;LOC100996761;LOC101060291;LOC101060344;LOC101060353;LOC101060463;LOC101060582;LOC653513;LOC728802;PDE4DIP	LOC100996724;LOC100996761;LOC101060291;LOC101060344;LOC101060353;LOC101060463;LOC101060582;LOC653513;LOC728802;PDE4DIP
FAM224A;FAM224B	FAM224A;FAM224B
TCF7L1	TCF7L1
ALDOC	ALDOC
FMNL3	FMNL3
GRIA3	GRIA3
SPPL2B	SPPL2B
MACROD1	MACROD1
HOOK1	HOOK1
PSD2	PSD2
C8orf34	C8orf34
EIF1AY	EIF1AY
MIR708	MIR708
MOSPD2	MOSPD2
C12orf55	C12orf55
FMO4	FMO4
IGSF11	IGSF11
MAPT	MAPT
PTDSS2	PTDSS2
CMIP	CMIP
BX571672.4;OTTHUMG00000013474	BX571672.4;OTTHUMG00000013474
ZNF682	ZNF682
FAM199X	FAM199X
MAPT	MAPT
KIAA0319L	KIAA0319L
SHF	SHF
RUSC1	RUSC1
NAA50	NAA50
SNORD97	SNORD97
LINC00594	LINC00594
SLC6A2	SLC6A2
PIGO	PIGO
RANBP17	RANBP17
ACTN2	ACTN2
DLGAP2	DLGAP2
RNA5SP431	RNA5SP431
POLA1	POLA1
KLKB1	KLKB1
UTP20	UTP20
CLDN6	CLDN6
LHX2	LHX2
VTCN1	VTCN1
FDPS	FDPS
GJA5;LOC101060613	GJA5;LOC101060613
RNU105A;SNORA73B	RNU105A;SNORA73B
THBS4	THBS4
TPCN1	TPCN1
PDZD4	PDZD4
CAPZB	CAPZB
DOCK4	DOCK4
RNA5SP28	RNA5SP28
LOC644450	LOC644450
HMBOX1	HMBOX1
NEU1	NEU1
TCP11L2	TCP11L2
OTTHUMG00000035719;RP11-469A15.2	OTTHUMG00000035719;RP11-469A15.2
FAM21B;FAM21C	FAM21B;FAM21C
MIR3668	MIR3668
NUP85	NUP85
TMEM230	TMEM230
NPIPA3	NPIPA3
TAP2	TAP2
TAP2	TAP2
TAP2	TAP2
RBPMS2	RBPMS2
BMP5	BMP5
MPHOSPH10	MPHOSPH10
ZMAT4	ZMAT4
TUB	TUB
FSIP1	FSIP1
RNA5SP338	RNA5SP338
AC006019.3;OTTHUMG00000151520;OTTHUMG00000184017;RP5-1048B16.1	AC006019.3;OTTHUMG00000151520;OTTHUMG00000184017;RP5-1048B16.1
CAMK4	CAMK4
SNORD3C	SNORD3C
ANXA5	ANXA5
ANLN	ANLN
RFWD3	RFWD3
TMEM131	TMEM131
ARL6	ARL6
NUDT3	NUDT3
MRPL53	MRPL53
RNA5SP514	RNA5SP514
LOC728190;NUTM2A-AS1;OTTHUMG00000018671;RP11-322M19.1	LOC728190;NUTM2A-AS1;OTTHUMG00000018671;RP11-322M19.1
FHOD3	FHOD3
ELN	ELN
PMS2P3	PMS2P3
STX1B	STX1B
DIRC2	DIRC2
CDH1	CDH1
PLEKHA7	PLEKHA7
ZMAT2	ZMAT2
CYP51A1	CYP51A1
ADAT3;SCAMP4	ADAT3;SCAMP4
UQCC	UQCC
MIR3689F	MIR3689F
NUDT12	NUDT12
PHB	PHB
CD9;LOC100652804;LOC100653288	CD9;LOC100652804;LOC100653288
NTRK1	NTRK1
RNA5SP196	RNA5SP196
LRCH2	LRCH2
RNA5SP123	RNA5SP123
RNA5SP263	RNA5SP263
FOXD4L1	FOXD4L1
RNU1-21P	RNU1-21P
ING4	ING4
CCDC28A	CCDC28A
PLEKHA5	PLEKHA5
RNU1-19P	RNU1-19P
LINC00263	LINC00263
ZRSR2	ZRSR2
CHMP4B	CHMP4B
OTTHUMG00000022587;RP3-526F5.2	OTTHUMG00000022587;RP3-526F5.2
CHAT	CHAT
AC016683.6;LOC654433;OTTHUMG00000153340	AC016683.6;LOC654433;OTTHUMG00000153340
RNA5SP349	RNA5SP349
NKAPP1	NKAPP1
MIR4792	MIR4792
C12orf49	C12orf49
ZNF276	ZNF276
CD276	CD276
OR9A3P	OR9A3P
KRT222	KRT222
YY1AP1	YY1AP1
LOC441178;OTTHUMG00000016027;RP11-351J23.1	LOC441178;OTTHUMG00000016027;RP11-351J23.1
DPYSL3	DPYSL3
LENG8	LENG8
RNA5SP202	RNA5SP202
POLDIP2	POLDIP2
ERP27	ERP27
ZNF441	ZNF441
MIR1287;PYROXD2	MIR1287;PYROXD2
NLGN4X	NLGN4X
SDIM1	SDIM1
LHFPL1	LHFPL1
THSD7A	THSD7A
LOC100996725;PPIAL4A;PPIAL4B;PPIAL4C;PPIAL4G	LOC100996725;PPIAL4A;PPIAL4B;PPIAL4C;PPIAL4G
NT5C2	NT5C2
SLC44A5	SLC44A5
C4orf21	C4orf21
DNAH7	DNAH7
FAM224A	FAM224A
OTTHUMG00000157538;RP5-894A10.5;WEE2-AS1	OTTHUMG00000157538;RP5-894A10.5;WEE2-AS1
GPRIN3	GPRIN3
PRPS1	PRPS1
CLEC4F	CLEC4F
ACSL4	ACSL4
GDPD2	GDPD2
RNA5SP448	RNA5SP448
IMPDH1	IMPDH1
TRIO	TRIO
MIR639;TECR	MIR639;TECR
PAFAH1B2	PAFAH1B2
RNA5SP267	RNA5SP267
CTNS	CTNS
ALG1L	ALG1L
KCNJ13	KCNJ13
SAE1	SAE1
FZD5	FZD5
ADH5	ADH5
ENOSF1	ENOSF1
ESRG	ESRG
TIMM17B	TIMM17B
JAKMIP1	JAKMIP1
INSC	INSC
ARID4A	ARID4A
HCG9	HCG9
GALNT13	GALNT13
RNA5SP134	RNA5SP134
ELK1	ELK1
CASKIN1	CASKIN1
LRRC37A;LRRC37A2	LRRC37A;LRRC37A2
HSPB8	HSPB8
DNAJB12	DNAJB12
SNAR-A12;SNAR-A13	SNAR-A12;SNAR-A13
POU4F1	POU4F1
FAM41C	FAM41C
PARP8	PARP8
SLCO4C1	SLCO4C1
WDR60	WDR60
SHISA9	SHISA9
ADAM17	ADAM17
RNA5SP119	RNA5SP119
MERTK	MERTK
HTR2C	HTR2C
USP4	USP4
TULP3	TULP3
TUBD1	TUBD1
DOK4	DOK4
CASK	CASK
DSN1	DSN1
RNA5SP68	RNA5SP68
RNA5SP22	RNA5SP22
SEPT7	SEPT7
RNA5SP62	RNA5SP62
HOXC9	HOXC9
PIK3CD	PIK3CD
CDK16	CDK16
HLA-DPB2	HLA-DPB2
AC106875.1;LOC100506405;OTTHUMG00000151822	AC106875.1;LOC100506405;OTTHUMG00000151822
LOC440354	LOC440354
TPPP3	TPPP3
LMBR1	LMBR1
PMCHL1	PMCHL1
TRIM7	TRIM7
BRCA1	BRCA1
OTTHUMG00000016088;XX-C2158C12.1	OTTHUMG00000016088;XX-C2158C12.1
POLR2E	POLR2E
ERLIN2	ERLIN2
KIAA1551	KIAA1551
LRP4	LRP4
GLRA1	GLRA1
TTL	TTL
LOC100128881	LOC100128881
CNIH4	CNIH4
SIPA1L1	SIPA1L1
NAV2	NAV2
ABCC6	ABCC6
DPY19L1P1	DPY19L1P1
APH1A	APH1A
MANBAL	MANBAL
TMEM144	TMEM144
ATP5A1	ATP5A1
ZNF718	ZNF718
GOLGA6L4	GOLGA6L4
OTTHUMG00000013950;RP11-353N4.1	OTTHUMG00000013950;RP11-353N4.1
MAPRE2	MAPRE2
PMCHL2	PMCHL2
LINC00473	LINC00473
OTX2	OTX2
RRAS2	RRAS2
RPL26L1	RPL26L1
CDK20	CDK20
OTTHUMG00000016460;RP11-38M15.11	OTTHUMG00000016460;RP11-38M15.11
UQCRB	UQCRB
RNA5SP432	RNA5SP432
RNA5SP269	RNA5SP269
DDX26B	DDX26B
C16orf87	C16orf87
PHKG2	PHKG2
COG6	COG6
ISL2	ISL2
RNA5SP71	RNA5SP71
CFHR3	CFHR3
RNA5SP357	RNA5SP357
LOC392232	LOC392232
ZNF385A	ZNF385A
GAS2L3	GAS2L3
POLQ	POLQ
MBTPS2	MBTPS2
LEPREL2	LEPREL2
CRTAC1	CRTAC1
UTY	UTY
BAIAP2L1;BRI3	BAIAP2L1;BRI3
FKBP7	FKBP7
ANKAR	ANKAR
PITRM1	PITRM1
YARS2	YARS2
LOC100287934	LOC100287934
RPL22P11	RPL22P11
LOC101060439;RAP1B	LOC101060439;RAP1B
RASA4;RASA4B	RASA4;RASA4B
CLUL1	CLUL1
MKX	MKX
ZFAS1;ZNFX1-AS1	ZFAS1;ZNFX1-AS1
RNA5SP161	RNA5SP161
OTTHUMG00000015997;RP4-655C5.4	OTTHUMG00000015997;RP4-655C5.4
RNA5SP19	RNA5SP19
GS1-18A18.1;LOC285878;OTTHUMG00000156070;VSTM2A	GS1-18A18.1;LOC285878;OTTHUMG00000156070;VSTM2A
UGT3A2	UGT3A2
MIR3945	MIR3945
PCCB	PCCB
CCDC115	CCDC115
SPRY1	SPRY1
SLC1A2	SLC1A2
CARHSP1	CARHSP1
PCSK5	PCSK5
DLG2	DLG2
RNA5SP393	RNA5SP393
EFTUD2	EFTUD2
LRFN1	LRFN1
PIK3C2G	PIK3C2G
HACL1	HACL1
SPPL2A	SPPL2A
COBL	COBL
DIRAS1	DIRAS1
PARP2	PARP2
FMNL2	FMNL2
KDM5A	KDM5A
LINC00686	LINC00686
CCDC120	CCDC120
TCEAL3-AS1	TCEAL3-AS1
CSAD	CSAD
OCRL	OCRL
TWIST1	TWIST1
ANKLE2	ANKLE2
RNU1-14P	RNU1-14P
LOC100507437	LOC100507437
DUSP27	DUSP27
RNA5SP318	RNA5SP318
FEZF1-AS1	FEZF1-AS1
GJD2	GJD2
RNA5SP152	RNA5SP152
TBC1D15	TBC1D15
TPRG1L	TPRG1L
CAMK2G	CAMK2G
CHEK2	CHEK2
RNA5SP46	RNA5SP46
KPNA5	KPNA5
SAP18	SAP18
RGPD3;RGPD5;RGPD6	RGPD3;RGPD5;RGPD6
KIF20A	KIF20A
LOC100505547;OTTHUMG00000157218;RP11-71G7.1	LOC100505547;OTTHUMG00000157218;RP11-71G7.1
OTTHUMG00000018106;RP11-38L15.3	OTTHUMG00000018106;RP11-38L15.3
OTTHUMG00000160022;RP11-834C11.8	OTTHUMG00000160022;RP11-834C11.8
LOC100129518;SOD2	LOC100129518;SOD2
OTTHUMG00000163654;RP11-136K7.2	OTTHUMG00000163654;RP11-136K7.2
C12orf55	C12orf55
LOC100506810;OTTHUMG00000038017;RP4-781K5.8	LOC100506810;OTTHUMG00000038017;RP4-781K5.8
LOC440173	LOC440173
C16orf45	C16orf45
ABHD4	ABHD4
RNA5SP286	RNA5SP286
VSTM4	VSTM4
GLTP	GLTP
RASGRF1	RASGRF1
RNA5SP306	RNA5SP306
AEBP2	AEBP2
SEC11C	SEC11C
ACE2	ACE2
DUSP12	DUSP12
PLBD2	PLBD2
MIPEP	MIPEP
KIAA1731	KIAA1731
CTC-205M6.2;LINC00847;OTTHUMG00000162270	CTC-205M6.2;LINC00847;OTTHUMG00000162270
RUFY3	RUFY3
MTMR14	MTMR14
BEND5	BEND5
HP1BP3	HP1BP3
MOV10	MOV10
HDHD1	HDHD1
LOC642799;NPIPA2;NPIPA3	LOC642799;NPIPA2;NPIPA3
MIR1469;NR2F2	MIR1469;NR2F2
GPR141	GPR141
COPZ1	COPZ1
LOC400655	LOC400655
FAM177A1	FAM177A1
SPTBN2	SPTBN2
DCTN1-AS1	DCTN1-AS1
CSPG4P8	CSPG4P8
RSU1P2	RSU1P2
FBXO21	FBXO21
KLK6	KLK6
CPSF4	CPSF4
MIR18B	MIR18B
RASL11A	RASL11A
TMEM208	TMEM208
POLB	POLB
NTNG2	NTNG2
SNORD115-45	SNORD115-45
PI4KA	PI4KA
SERPINF1	SERPINF1
OTTHUMG00000150008;RP1-90G24.10	OTTHUMG00000150008;RP1-90G24.10
NAA60	NAA60
CD82	CD82
C11orf82	C11orf82
RINT1	RINT1
USP11	USP11
CTXN3	CTXN3
ZNF596	ZNF596
CA5BP1	CA5BP1
WDR92	WDR92
CSPG4P1Y	CSPG4P1Y
CSPG4P1Y;CSPG4P2Y	CSPG4P1Y;CSPG4P2Y
HAPLN1	HAPLN1
PAN2	PAN2
CD207	CD207
CCDC148	CCDC148
ATP6V0A2	ATP6V0A2
REN	REN
USH1C	USH1C
OTX1	OTX1
ZFP82	ZFP82
MOB1A	MOB1A
AC098828.2;OTTHUMG00000151787	AC098828.2;OTTHUMG00000151787
ZNF442	ZNF442
CCDC84	CCDC84
WNK1	WNK1
DPY19L2P1	DPY19L2P1
CASP6	CASP6
KIF24	KIF24
TXLNG	TXLNG
MRPS21	MRPS21
STXBP3	STXBP3
CXorf23;OTTHUMG00000021225;RP11-24O6.2	CXorf23;OTTHUMG00000021225;RP11-24O6.2
FZD7	FZD7
CENPI	CENPI
AP001469.9;MCM3AP;OTTHUMG00000090631	AP001469.9;MCM3AP;OTTHUMG00000090631
NUP62CL	NUP62CL
VRK3	VRK3
TIMMDC1	TIMMDC1
ARL17A	ARL17A
CHD9	CHD9
FUNDC1	FUNDC1
DCT	DCT
AC093642.1;OTTHUMG00000133420	AC093642.1;OTTHUMG00000133420
ZNF75D	ZNF75D
NUP210	NUP210
CPXM2	CPXM2
RNA5SP447	RNA5SP447
SCARA3	SCARA3
ZNF157	ZNF157
MED13L	MED13L
ARMC10	ARMC10
MCPH1	MCPH1
LOC285540;PI4K2B	LOC285540;PI4K2B
NUAK2	NUAK2
SETD1B	SETD1B
TGFBR3	TGFBR3
TBL1X	TBL1X
CA12	CA12
CRTAP;LOC100653071	CRTAP;LOC100653071
ENTPD3-AS1	ENTPD3-AS1
AC104135.2;OTTHUMG00000152930	AC104135.2;OTTHUMG00000152930
ZBTB9	ZBTB9
LOC100287497	LOC100287497
RNF114	RNF114
SDK2	SDK2
TAB3-AS2	TAB3-AS2
FAM135A	FAM135A
OTTHUMG00000014661;RP11-121P10.1	OTTHUMG00000014661;RP11-121P10.1
DCN	DCN
SNORD62A;SNORD62B	SNORD62A;SNORD62B
SNORD62A;SNORD62B	SNORD62A;SNORD62B
OTTHUMG00000002403;OTTHUMG00000002467;RP11-206L10.10;RP11-206L10.8	OTTHUMG00000002403;OTTHUMG00000002467;RP11-206L10.10;RP11-206L10.8
ST6GAL2	ST6GAL2
UBA3	UBA3
ACBD6	ACBD6
GAP43	GAP43
HS3ST5	HS3ST5
HIF1A-AS2	HIF1A-AS2
LOC100996725;PPIAL4A;PPIAL4B;PPIAL4C;PPIAL4G	LOC100996725;PPIAL4A;PPIAL4B;PPIAL4C;PPIAL4G
FANCD2	FANCD2
LECT1	LECT1
CHEK1	CHEK1
TRIP13	TRIP13
RNA5SP97	RNA5SP97
JAKMIP2	JAKMIP2
SCARNA7	SCARNA7
RNA5SP131	RNA5SP131
WISP1	WISP1
ZNF563	ZNF563
CLEC18A	CLEC18A
RNA5SP174	RNA5SP174
UBE3D	UBE3D
RPL39;SNORA69	RPL39;SNORA69
SYNJ1	SYNJ1
NRG1	NRG1
OPHN1	OPHN1
CCDC91	CCDC91
OTTHUMG00000014082;OTTHUMG00000014092;RP11-495P10.7;RP11-495P10.8	OTTHUMG00000014082;OTTHUMG00000014092;RP11-495P10.7;RP11-495P10.8
C12orf60	C12orf60
ACADVL	ACADVL
ARID2	ARID2
RRAGC	RRAGC
RNA5SP86	RNA5SP86
OR4F21	OR4F21
DPY19L2P3	DPY19L2P3
HEBP2	HEBP2
PARP11	PARP11
TMEM179	TMEM179
RNA5SP521	RNA5SP521
RNA5SP522	RNA5SP522
VWA1	VWA1
MIR4517;NFATC2IP	MIR4517;NFATC2IP
L3MBTL4	L3MBTL4
RBFA	RBFA
POLD3	POLD3
TACC1	TACC1
HOXC4	HOXC4
CPD	CPD
RNA5SP52	RNA5SP52
SERINC2	SERINC2
ARMC3	ARMC3
FLJ42627	FLJ42627
NSUN5P1	NSUN5P1
PAFAH1B1	PAFAH1B1
APEX2	APEX2
RNA5SP77	RNA5SP77
RNA5SP130	RNA5SP130
AC090044.1;OTTHUMG00000154876	AC090044.1;OTTHUMG00000154876
OTTHUMG00000014981;RP3-525N10.2	OTTHUMG00000014981;RP3-525N10.2
CP	CP
ZC2HC1B	ZC2HC1B
DCAF4	DCAF4
PON2	PON2
TMEM19	TMEM19
RNA5SP497	RNA5SP497
NCAPD2	NCAPD2
DSCC1	DSCC1
RNA5SP444	RNA5SP444
TUBGCP2	TUBGCP2
RNA5SP221	RNA5SP221
OIP5	OIP5
E2F4	E2F4
ACACB	ACACB
ADPRHL1	ADPRHL1
BAI3	BAI3
GUSB	GUSB
SIRT5	SIRT5
ANKRD52	ANKRD52
GRHL3	GRHL3
FGFR1	FGFR1
FN3KRP	FN3KRP
DSCR6;RIPPLY3	DSCR6;RIPPLY3
SCARNA9L	SCARNA9L
LOC283731	LOC283731
HCP5	HCP5
SATB2	SATB2
LST1	LST1
ZBTB21;ZNF295	ZBTB21;ZNF295
CTB-174D11.3;OTTHUMG00000163878	CTB-174D11.3;OTTHUMG00000163878
RGPD3;RGPD4;RGPD5;RGPD6;RGPD8	RGPD3;RGPD4;RGPD5;RGPD6;RGPD8
OTTHUMG00000160310;RP11-11N5.1	OTTHUMG00000160310;RP11-11N5.1
TRIM38	TRIM38
ETV5	ETV5
ATG13	ATG13
DCDC1;DCDC5	DCDC1;DCDC5
PXMP2	PXMP2
ADD2	ADD2
AC009501.4;LOC100132215;OTTHUMG00000152553	AC009501.4;LOC100132215;OTTHUMG00000152553
LYRM5	LYRM5
ERGIC2	ERGIC2
MORF4L2	MORF4L2
ZNF619	ZNF619
SMG1P1	SMG1P1
LEMD2	LEMD2
RNU1-22P	RNU1-22P
RBM26-AS1	RBM26-AS1
RNA5SP241	RNA5SP241
DHCR24	DHCR24
OTTHUMG00000037424;RP11-400N13.2	OTTHUMG00000037424;RP11-400N13.2
VPS29	VPS29
AC024704.2;AC104653.1;LOC101060091;OTTHUMG00000153496;OTTHUMG00000153498	AC024704.2;AC104653.1;LOC101060091;OTTHUMG00000153496;OTTHUMG00000153498
HOXA-AS4;MIR196B	HOXA-AS4;MIR196B
PDE1B	PDE1B
WNT1	WNT1
RNF157	RNF157
ABHD3	ABHD3
INTU	INTU
VCL	VCL
OTTHUMG00000165016;RP11-909N17.2	OTTHUMG00000165016;RP11-909N17.2
RNA5SP329	RNA5SP329
LY6G5B	LY6G5B
LY6G5B	LY6G5B
TMEM185B	TMEM185B
GABBR1	GABBR1
TULP4	TULP4
GAS1	GAS1
FAM183A	FAM183A
LOC728989	LOC728989
RGS12	RGS12
DCUN1D4	DCUN1D4
NXF2;NXF2B;OTTHUMG00000152591;RP11-353J17.2;TCP11X1;TCP11X2	NXF2;NXF2B;OTTHUMG00000152591;RP11-353J17.2;TCP11X1;TCP11X2
CRHR2	CRHR2
VEPH1	VEPH1
FOXM1	FOXM1
FAM83H	FAM83H
ECHDC3	ECHDC3
ATP6V1D	ATP6V1D
GPR45	GPR45
MYO5A	MYO5A
IFI27L1	IFI27L1
PGAM1	PGAM1
MYH9	MYH9
TMEFF2	TMEFF2
AC078882.1;LRP1B;OTTHUMG00000153687	AC078882.1;LRP1B;OTTHUMG00000153687
GS1-421I3.4;OTTHUMG00000022291	GS1-421I3.4;OTTHUMG00000022291
SHMT2	SHMT2
CELSR1	CELSR1
PNMA3	PNMA3
FABP7	FABP7
RPS6KC1	RPS6KC1
MASTL	MASTL
ZNF730	ZNF730
DRG2	DRG2
DIABLO	DIABLO
RNA5SP460	RNA5SP460
WDR37	WDR37
ARHGAP11B	ARHGAP11B
RNA5SP518	RNA5SP518
RNA5SP78	RNA5SP78
NCAPG2	NCAPG2
ZNF763	ZNF763
CHTF8	CHTF8
U2AF2	U2AF2
AASDHPPT	AASDHPPT
SNORD104	SNORD104
UCHL5	UCHL5
SQSTM1	SQSTM1
CYP4V2	CYP4V2
TECRP1	TECRP1
CCSER2;FAM190B	CCSER2;FAM190B
PPAP2B	PPAP2B
SLC16A5	SLC16A5
FLNC	FLNC
LOC100996481;PRIM2	LOC100996481;PRIM2
MAPK14	MAPK14
BEND6	BEND6
CFDP1	CFDP1
CHMP5	CHMP5
LOC100996477;RASSF8	LOC100996477;RASSF8
NACC1	NACC1
DIAPH1	DIAPH1
TMEM138	TMEM138
ATP5B	ATP5B
AKR1C4	AKR1C4
GPSM1	GPSM1
RNA5SP427	RNA5SP427
EEF1DP1	EEF1DP1
LMF2	LMF2
RNA5SP101	RNA5SP101
ISYNA1	ISYNA1
LYRM4	LYRM4
RNA5SP214	RNA5SP214
RNU4-10P	RNU4-10P
RNA5SP389	RNA5SP389
TPP1	TPP1
GOLGA6L5	GOLGA6L5
LOC100506963;OTTHUMG00000002959;RP5-886K2.3	LOC100506963;OTTHUMG00000002959;RP5-886K2.3
RNA5SP185	RNA5SP185
NXPE1	NXPE1
RIC3	RIC3
OTTHUMG00000022515;RP11-1114A5.4	OTTHUMG00000022515;RP11-1114A5.4
AC147651.4;OTTHUMG00000151414	AC147651.4;OTTHUMG00000151414
MIR4700;UNC119B	MIR4700;UNC119B
GINS1	GINS1
IVD	IVD
CDHR2;OTTHUMG00000163229;PCDH24	CDHR2;OTTHUMG00000163229;PCDH24
LOC100133315	LOC100133315
CENPQ	CENPQ
SPTBN4	SPTBN4
GABBR1	GABBR1
HERC2P4	HERC2P4
SLC5A12	SLC5A12
KB-1836B5.1;OTTHUMG00000164002	KB-1836B5.1;OTTHUMG00000164002
TMEM30B	TMEM30B
GNS	GNS
IRF6;OTTHUMG00000036951;RP3-434O14.8	IRF6;OTTHUMG00000036951;RP3-434O14.8
CSTF2	CSTF2
COMT;MIR4761	COMT;MIR4761
EXOC6	EXOC6
KIAA0564;VWA8	KIAA0564;VWA8
FOXK1	FOXK1
SPPL3	SPPL3
RNU1-11P	RNU1-11P
TNFRSF1A	TNFRSF1A
DGKI	DGKI
SACS	SACS
CTA-286B10.7;MCM5;OTTHUMG00000151148	CTA-286B10.7;MCM5;OTTHUMG00000151148
SMC1A	SMC1A
SCAND3	SCAND3
LRRC37A4P	LRRC37A4P
BUB1	BUB1
RASA4CP	RASA4CP
CCDC92	CCDC92
ARF3	ARF3
SEPT3	SEPT3
CDC45	CDC45
RNU1-18P	RNU1-18P
SEMA6D	SEMA6D
LEF1	LEF1
AC092162.1;OTTHUMG00000154103	AC092162.1;OTTHUMG00000154103
MARS	MARS
DLEU7	DLEU7
FASN	FASN
CREG1	CREG1
SKP2	SKP2
PRPS2	PRPS2
NRG2	NRG2
OS9	OS9
GTF3C1	GTF3C1
PAK1	PAK1
AC010148.1;OTTHUMG00000153147	AC010148.1;OTTHUMG00000153147
DPYSL2	DPYSL2
OTTHUMG00000032129;RP4-694B14.5	OTTHUMG00000032129;RP4-694B14.5
LOC100288637	LOC100288637
PPFIA3	PPFIA3
GABBR1	GABBR1
GABBR1	GABBR1
GABBR1	GABBR1
GP1BB;SEPT5;SEPT5-GP1BB	GP1BB;SEPT5;SEPT5-GP1BB
EIF2AK1	EIF2AK1
MYCBP2	MYCBP2
ZW10	ZW10
RPL13AP6	RPL13AP6
GABBR1	GABBR1
PLK1	PLK1
STAT2	STAT2
ANKRD44	ANKRD44
LRRC37A;LRRC37A2;LRRC37A4P	LRRC37A;LRRC37A2;LRRC37A4P
TMEM54	TMEM54
GABBR1	GABBR1
SHC4	SHC4
AC022486.1;HSFY1;HSFY2;OTTHUMG00000041976	AC022486.1;HSFY1;HSFY2;OTTHUMG00000041976
AKR7L	AKR7L
TMOD2	TMOD2
SYT6	SYT6
PEBP1	PEBP1
LOC100134368;OTTHUMG00000064974;Z97634.5	LOC100134368;OTTHUMG00000064974;Z97634.5
RNF123	RNF123
OTTHUMG00000015538;RP1-86D1.3	OTTHUMG00000015538;RP1-86D1.3
ST5	ST5
NR1H2	NR1H2
TTI1	TTI1
RGN	RGN
FHL1	FHL1
KRT23	KRT23
POLR3G	POLR3G
MIR664;SNORA36B	MIR664;SNORA36B
NUP107	NUP107
PDIA6	PDIA6
SLCO1B1	SLCO1B1
IQGAP3	IQGAP3
TTLL7	TTLL7
ZNF384	ZNF384
RNA5SP331	RNA5SP331
SAP130	SAP130
ICAM5	ICAM5
NARG2	NARG2
RNA5SP290	RNA5SP290
KCTD9	KCTD9
NEK1	NEK1
OTTHUMG00000164964;RP11-654G14.1	OTTHUMG00000164964;RP11-654G14.1
TECTA	TECTA
ANKS1A	ANKS1A
F2RL3	F2RL3
PREPL	PREPL
RNA5SP166	RNA5SP166
BARD1	BARD1
OTTHUMG00000161674;RP11-164P12.4	OTTHUMG00000161674;RP11-164P12.4
LPAR4;OTTHUMG00000021893;RP11-475D8.1	LPAR4;OTTHUMG00000021893;RP11-475D8.1
MCU	MCU
SPATA18	SPATA18
GATC	GATC
PCDHGB8P	PCDHGB8P
ECEL1	ECEL1
FREM2	FREM2
RNA5SP171	RNA5SP171
OTTHUMG00000018659;RP11-96C23.10	OTTHUMG00000018659;RP11-96C23.10
TENM4	TENM4
CYP7B1	CYP7B1
TMEM43	TMEM43
CD99P1	CD99P1
SIPA1L2	SIPA1L2
PDE12	PDE12
HCFC1-AS1	HCFC1-AS1
HIST1H4A;HIST1H4B;HIST1H4C;HIST1H4D;HIST1H4E;HIST1H4F;HIST1H4H;HIST1H4I;HIST1H4J;HIST1H4K;HIST1H4L;HIST2H4A;HIST2H4B;HIST4H4	HIST1H4A;HIST1H4B;HIST1H4C;HIST1H4D;HIST1H4E;HIST1H4F;HIST1H4H;HIST1H4I;HIST1H4J;HIST1H4K;HIST1H4L;HIST2H4A;HIST2H4B;HIST4H4
FOXD4L2;FOXD4L4	FOXD4L2;FOXD4L4
LOC100996870;OTTHUMG00000013291;RP11-262H14.1	LOC100996870;OTTHUMG00000013291;RP11-262H14.1
CCDC160	CCDC160
REEP4	REEP4
CTC-210G5.1;MGC32805;OTTHUMG00000162973	CTC-210G5.1;MGC32805;OTTHUMG00000162973
SNORD17	SNORD17
OTTHUMG00000067237;RP11-111F5.8	OTTHUMG00000067237;RP11-111F5.8
RNA5SP350	RNA5SP350
MED12	MED12
AC006481.1;OTTHUMG00000152589	AC006481.1;OTTHUMG00000152589
TMEM164	TMEM164
INO80	INO80
TPST2	TPST2
RNA5SP224	RNA5SP224
USP30	USP30
SCGB3A2	SCGB3A2
SLC7A4	SLC7A4
SCARNA17	SCARNA17
SNHG12;SNORA16A;SNORA44;SNORA61	SNHG12;SNORA16A;SNORA44;SNORA61
ITGBL1;OTTHUMG00000017298;RP11-397O8.4	ITGBL1;OTTHUMG00000017298;RP11-397O8.4
LOC643648;OTTHUMG00000067212;RP11-475I24.8	LOC643648;OTTHUMG00000067212;RP11-475I24.8
DLST	DLST
RNA5SP301	RNA5SP301
KIF11	KIF11
RPL23AP32	RPL23AP32
RNA5SP337	RNA5SP337
KIAA0146;LOC100996383	KIAA0146;LOC100996383
LSMD1	LSMD1
OTTHUMG00000162028;RP11-181K12.2	OTTHUMG00000162028;RP11-181K12.2
S1PR2	S1PR2
GPAA1	GPAA1
OTTHUMG00000008421;RP4-668G5.1	OTTHUMG00000008421;RP4-668G5.1
KCNAB3	KCNAB3
AC060834.3;OTTHUMG00000151925	AC060834.3;OTTHUMG00000151925
NDUFA1	NDUFA1
GEN1	GEN1
RAD51AP1	RAD51AP1
RNA5SP226	RNA5SP226
RASGEF1C	RASGEF1C
STYX	STYX
CCNB1	CCNB1
PAIP1	PAIP1
FAM136A	FAM136A
SLC3A2	SLC3A2
TSFM	TSFM
C1orf168	C1orf168
RNA5SP394	RNA5SP394
GOLGA8F;GOLGA8G	GOLGA8F;GOLGA8G
RNA5SP212	RNA5SP212
RNA5SP435	RNA5SP435
ORC2	ORC2
STARD3	STARD3
RNA5SP172	RNA5SP172
ZDHHC11B	ZDHHC11B
LMAN2L	LMAN2L
OTTHUMG00000161299;RP11-9G1.3	OTTHUMG00000161299;RP11-9G1.3
CACNA1I	CACNA1I
PSMB3	PSMB3
ZNF107	ZNF107
CLDND2	CLDND2
NUP98	NUP98
ATF1	ATF1
ANXA9	ANXA9
OTTHUMG00000013911;RP11-21N7.2	OTTHUMG00000013911;RP11-21N7.2
EHD1	EHD1
PAH	PAH
PPP3CB	PPP3CB
AC007365.3;OTTHUMG00000152702	AC007365.3;OTTHUMG00000152702
ATAD2	ATAD2
LL0XNC01-19D8.1;NXF2;NXF2B;OTTHUMG00000152592;TCP11X1;TCP11X2	LL0XNC01-19D8.1;NXF2;NXF2B;OTTHUMG00000152592;TCP11X1;TCP11X2
WASH4P	WASH4P
ESPL1	ESPL1
RAD51	RAD51
RNA5SP323	RNA5SP323
CDKL4	CDKL4
FRMPD4	FRMPD4
LRP2BP	LRP2BP
CLNS1A	CLNS1A
HERC2;LOC100653292	HERC2;LOC100653292
HIATL2;OTTHUMG00000020309;RP11-330M2.7	HIATL2;OTTHUMG00000020309;RP11-330M2.7
REPS2	REPS2
REPS1	REPS1
USP1	USP1
MIR505	MIR505
C7orf63	C7orf63
PARP4	PARP4
NENF	NENF
TNKS1BP1	TNKS1BP1
CACNA1B	CACNA1B
BRWD1	BRWD1
GOLGA8F;GOLGA8G	GOLGA8F;GOLGA8G
LOC100216479;LOC100996884	LOC100216479;LOC100996884
RNA5SP425	RNA5SP425
APEH	APEH
NUBPL	NUBPL
NFKBIE	NFKBIE
ASPM	ASPM
TBC1D13	TBC1D13
AC141586.5;LOC652276;OTTHUMG00000128875	AC141586.5;LOC652276;OTTHUMG00000128875
KLHL15	KLHL15
SCAND3	SCAND3
LPCAT2	LPCAT2
TRPC7-AS2	TRPC7-AS2
LOC100652739;OTTHUMG00000015804;RP11-244K5.1	LOC100652739;OTTHUMG00000015804;RP11-244K5.1
CAMTA1	CAMTA1
CDH6	CDH6
ZFP106;ZNF106	ZFP106;ZNF106
LOC100505679	LOC100505679
AC019100.3;OTTHUMG00000153177	AC019100.3;OTTHUMG00000153177
RNA5SP373	RNA5SP373
OTTHUMG00000020270;RP11-342C23.4	OTTHUMG00000020270;RP11-342C23.4
UQCRH;UQCRHL	UQCRH;UQCRHL
FBLL1	FBLL1
RNA5SP490	RNA5SP490
DYNC1H1	DYNC1H1
RNA5SP138	RNA5SP138
RCN3	RCN3
TRRAP	TRRAP
MAGOHB	MAGOHB
MIR181A2HG	MIR181A2HG
CCDC150	CCDC150
GTF2H2B;GTF2H2C;GTF2H2D	GTF2H2B;GTF2H2C;GTF2H2D
C8orf31	C8orf31
PPP1R14B	PPP1R14B
C17orf51	C17orf51
RPS3AP47	RPS3AP47
MIR20B	MIR20B
RNA5SP195	RNA5SP195
TCEAL1	TCEAL1
NPIPA8;PKD1P6	NPIPA8;PKD1P6
RNA5SP285	RNA5SP285
SEC61A2	SEC61A2
KLHDC8B	KLHDC8B
AKAP1	AKAP1
TMEM259	TMEM259
BCAS3	BCAS3
SEPN1	SEPN1
DIXDC1	DIXDC1
SH3GL3	SH3GL3
SPATS1	SPATS1
FAM171A1	FAM171A1
RNA5SP483	RNA5SP483
PVALB	PVALB
OR8G5	OR8G5
RNU1-17P	RNU1-17P
RPL3L	RPL3L
ALG3	ALG3
SLCO1A2	SLCO1A2
GRPEL1	GRPEL1
MBD5	MBD5
AC005593.1;FNIP1;OTTHUMG00000162684	AC005593.1;FNIP1;OTTHUMG00000162684
EEF1DP3	EEF1DP3
RAB3IP	RAB3IP
LRRC37A	LRRC37A
PAX1	PAX1
SLC35E3	SLC35E3
ABCG8	ABCG8
C9orf47	C9orf47
OTTHUMG00000017159;RP11-30L8.1	OTTHUMG00000017159;RP11-30L8.1
CCDC15	CCDC15
PMS2L2	PMS2L2
STXBP1	STXBP1
RNA5SP378	RNA5SP378
TSPAN18	TSPAN18
TRMT12	TRMT12
GRHL1	GRHL1
C5	C5
RNA5SP190	RNA5SP190
RAB3A	RAB3A
ABHD5	ABHD5
NPAT	NPAT
OTTHUMG00000007879;RP11-567C20.2	OTTHUMG00000007879;RP11-567C20.2
MTCH1	MTCH1
CTD-3135A9.3;OTTHUMG00000164868	CTD-3135A9.3;OTTHUMG00000164868
OAZ1	OAZ1
YEATS2	YEATS2
ANKRD36B;LOC100996862	ANKRD36B;LOC100996862
SLC1A5	SLC1A5
GXYLT1	GXYLT1
C14orf132	C14orf132
SLFN11	SLFN11
NME7	NME7
C17orf53	C17orf53
PANX1	PANX1
SRY	SRY
SHQ1	SHQ1
C6orf106	C6orf106
RPS6KB2	RPS6KB2
ILDR2	ILDR2
MPP5	MPP5
PILRA	PILRA
LY6G5B	LY6G5B
HSF2BP	HSF2BP
RNA5SP494	RNA5SP494
C16orf55	C16orf55
RIC8B	RIC8B
ICAM4	ICAM4
EIF2AK2	EIF2AK2
SPAG1	SPAG1
RBPMS	RBPMS
MAFB	MAFB
OTTHUMG00000162476;RP11-974F13.6	OTTHUMG00000162476;RP11-974F13.6
FBXL14	FBXL14
GRIPAP1	GRIPAP1
GOLGA6L10	GOLGA6L10
RNA5SP332	RNA5SP332
CCDC90A;MCUR1	CCDC90A;MCUR1
GJA9;GJA9-MYCBP;MYCBP	GJA9;GJA9-MYCBP;MYCBP
LINC00086	LINC00086
STMN2	STMN2
CTD-2203K17.1;OTTHUMG00000162003	CTD-2203K17.1;OTTHUMG00000162003
ZNF280C	ZNF280C
MYO3B	MYO3B
UTRN	UTRN
OTTHUMG00000158149;RP11-545G3.1	OTTHUMG00000158149;RP11-545G3.1
SNORA71B	SNORA71B
TNFSF18	TNFSF18
LOC441155;ZBED6;ZC3H11A	LOC441155;ZBED6;ZC3H11A
CEP85L	CEP85L
ORMDL2	ORMDL2
STAU2	STAU2
LOC100506048;OTTHUMG00000159680;RP11-293A21.1	LOC100506048;OTTHUMG00000159680;RP11-293A21.1
LOC653653	LOC653653
APBB1	APBB1
FEZF1	FEZF1
GPKOW	GPKOW
GPC3	GPC3
GGH	GGH
QTRTD1	QTRTD1
AC090616.2;OTTHUMG00000132778	AC090616.2;OTTHUMG00000132778
LOC100287515;ZNF26	LOC100287515;ZNF26
INTS1	INTS1
LOC100506013;OTTHUMG00000161255;RP11-366M4.3	LOC100506013;OTTHUMG00000161255;RP11-366M4.3
RNA5SP456	RNA5SP456
LRRC61	LRRC61
ICA1	ICA1
CCDC81	CCDC81
TNFSF15	TNFSF15
ARHGEF39	ARHGEF39
ANKS4B	ANKS4B
LBX2-AS1	LBX2-AS1
TRIT1	TRIT1
ADAP1	ADAP1
SMG6	SMG6
PSMA7	PSMA7
SNORD115-48	SNORD115-48
PPP1CA	PPP1CA
EIF1AX;LOC101060318	EIF1AX;LOC101060318
LOH12CR1	LOH12CR1
ANKRD34A;LOC101060487	ANKRD34A;LOC101060487
KDM2B	KDM2B
PTTG1IP	PTTG1IP
AQP7P3	AQP7P3
DDX47	DDX47
MIR3909	MIR3909
GCN1L1	GCN1L1
RNA5SP199	RNA5SP199
CSAG2;CSAG3	CSAG2;CSAG3
HNRNPA1L2	HNRNPA1L2
RNA5SP42	RNA5SP42
PTPN18	PTPN18
CLCN6;NPPA-AS1	CLCN6;NPPA-AS1
PLD2	PLD2
CDK1	CDK1
DCAF17	DCAF17
SNORA11B	SNORA11B
INE1	INE1
HCG9	HCG9
HCG9	HCG9
CRMP1	CRMP1
NRAS	NRAS
IKZF2	IKZF2
HPRT1	HPRT1
TMEM2	TMEM2
SLX4IP	SLX4IP
RNA5SP501	RNA5SP501
FANCI	FANCI
EPHA5	EPHA5
RNU6-59P	RNU6-59P
DNM1P41	DNM1P41
SHARPIN	SHARPIN
OTTHUMG00000058150;RP11-211N8.7	OTTHUMG00000058150;RP11-211N8.7
SENP1	SENP1
SLC35A2	SLC35A2
WDR49	WDR49
RAB36	RAB36
TMX1	TMX1
OTTHUMG00000041137;RP11-139E24.1	OTTHUMG00000041137;RP11-139E24.1
PTGS1	PTGS1
CPSF7	CPSF7
AC144521.1;OTTHUMG00000155346	AC144521.1;OTTHUMG00000155346
TTC30A	TTC30A
MORF4L1	MORF4L1
ADAM1A	ADAM1A
HYAL3	HYAL3
LY6G5B	LY6G5B
LY6G5B	LY6G5B
AC074093.1;LOC100505498;OTTHUMG00000153701;TEX41	AC074093.1;LOC100505498;OTTHUMG00000153701;TEX41
OTTHUMG00000161580;RP13-578N3.3	OTTHUMG00000161580;RP13-578N3.3
AC007009.1;AC007128.1;LOC100505938;OTTHUMG00000151948;OTTHUMG00000152018	AC007009.1;AC007128.1;LOC100505938;OTTHUMG00000151948;OTTHUMG00000152018
EFNA5	EFNA5
PIGA	PIGA
CD302;LY75;LY75-CD302	CD302;LY75;LY75-CD302
EP400NL	EP400NL
LGI2	LGI2
RBBP6	RBBP6
WDTC1	WDTC1
GPD2	GPD2
PSMD6	PSMD6
TP63	TP63
ATF7	ATF7
KIF1B	KIF1B
RNA5SP88	RNA5SP88
NOC4L	NOC4L
CENPN	CENPN
SGOL1	SGOL1
PDE4B	PDE4B
KRT8P11	KRT8P11
SEMA6C	SEMA6C
RNA5SP442	RNA5SP442
MDM1	MDM1
POF1B	POF1B
NOL10	NOL10
RRM2	RRM2
PANK3	PANK3
ZP3	ZP3
MCTP1	MCTP1
SUPT7L	SUPT7L
ULBP2	ULBP2
HMGCR	HMGCR
RNA5SP164	RNA5SP164
WBP11	WBP11
MDK	MDK
KIAA0195	KIAA0195
VPS52	VPS52
HOXC4;HOXC5;HOXC6	HOXC4;HOXC5;HOXC6
DLGAP5	DLGAP5
AP3B2	AP3B2
CERS6	CERS6
C18orf32	C18orf32
EGFL6	EGFL6
TAC3	TAC3
RNA5SP512	RNA5SP512
CREBL2	CREBL2
SYMPK	SYMPK
MTRNR2L2	MTRNR2L2
C5orf37;OTTHUMG00000162487;POC5	C5orf37;OTTHUMG00000162487;POC5
FN3K	FN3K
TTC3P1	TTC3P1
CHMP1A	CHMP1A
API5	API5
OTTHUMG00000161676;RP11-164P12.5	OTTHUMG00000161676;RP11-164P12.5
VPS52	VPS52
VPS52	VPS52
RNU6-15P	RNU6-15P
RNA5SP321	RNA5SP321
ANAPC16	ANAPC16
ARHGAP11A	ARHGAP11A
CCDC163P	CCDC163P
STT3B	STT3B
CNTNAP5	CNTNAP5
C16orf7;VPS9D1	C16orf7;VPS9D1
RNA5SP57	RNA5SP57
RNA5SP58	RNA5SP58
BMP8A	BMP8A
LOC283299	LOC283299
BCL9L	BCL9L
SETD7	SETD7
LRRC37A	LRRC37A
ATRX	ATRX
C7orf49;LOC653739	C7orf49;LOC653739
RNF34	RNF34
ISCU	ISCU
RNA5SP387	RNA5SP387
POLE	POLE
LOC100996628;SHROOM3	LOC100996628;SHROOM3
TMEM134	TMEM134
BUB1B;PAK6	BUB1B;PAK6
CD99P1	CD99P1
FYTTD1	FYTTD1
ZMYM3	ZMYM3
SMARCAD1	SMARCAD1
RNA5SP135	RNA5SP135
RBMX;SNORD61	RBMX;SNORD61
SLC2A6	SLC2A6
VPS52	VPS52
VPS52	VPS52
TCF7L2	TCF7L2
ZNF449	ZNF449
RNA5SP370	RNA5SP370
PMEL	PMEL
SKA3	SKA3
LL0XNC01-250H12.2;OTTHUMG00000022101	LL0XNC01-250H12.2;OTTHUMG00000022101
RNA5SP496	RNA5SP496
RNA5SP84	RNA5SP84
CMTM6	CMTM6
EOMES	EOMES
PVRL2	PVRL2
VARS	VARS
CTD-2006C1.2;OTTHUMG00000156428	CTD-2006C1.2;OTTHUMG00000156428
OTTHUMG00000055854;RP11-69I8.2	OTTHUMG00000055854;RP11-69I8.2
DTWD2	DTWD2
HMMR	HMMR
LOC100653018;LOC100653255;NELL2	LOC100653018;LOC100653255;NELL2
COPS7B	COPS7B
GSTM4	GSTM4
ADRA2A	ADRA2A
WASH1;WASH6P	WASH1;WASH6P
LINC00951;OTTHUMG00000014658;RP11-552E20.3	LINC00951;OTTHUMG00000014658;RP11-552E20.3
DNAJA1	DNAJA1
SFRP2	SFRP2
WBP4	WBP4
ATG7	ATG7
LL0XNC01-116E7.2;OTTHUMG00000022115	LL0XNC01-116E7.2;OTTHUMG00000022115
METTL25	METTL25
CNOT2	CNOT2
RPA1	RPA1
CSMD3	CSMD3
SYPL2	SYPL2
KCNJ3	KCNJ3
NACAD	NACAD
BLM	BLM
POMZP3	POMZP3
ME3	ME3
NCAM1	NCAM1
OTTHUMG00000161311;RP11-673E1.1	OTTHUMG00000161311;RP11-673E1.1
ARIH2	ARIH2
OTTHUMG00000018574;RP11-506M13.3	OTTHUMG00000018574;RP11-506M13.3
SERINC5	SERINC5
MYLK	MYLK
SYNE2	SYNE2
SOS1	SOS1
REEP1	REEP1
MTOR	MTOR
MKRN9P	MKRN9P
AC130710.1;OTTHUMG00000151744	AC130710.1;OTTHUMG00000151744
ADAM28	ADAM28
LOC100132077;OTTHUMG00000020262;RP11-307E17.8	LOC100132077;OTTHUMG00000020262;RP11-307E17.8
CTC-228N24.3;OTTHUMG00000163312	CTC-228N24.3;OTTHUMG00000163312
SLC7A11	SLC7A11
RNA5SP176	RNA5SP176
RPSAP58	RPSAP58
SNORA14B	SNORA14B
MAP3K12	MAP3K12
CD99L2	CD99L2
LOC645513	LOC645513
TUBGCP5	TUBGCP5
TBKBP1	TBKBP1
KIAA1024	KIAA1024
NDUFA9	NDUFA9
LOC100506124;TTC21B	LOC100506124;TTC21B
RBMS3	RBMS3
PJA1	PJA1
DDX56	DDX56
TM9SF4	TM9SF4
OTTHUMG00000021104;RP11-692P14.1	OTTHUMG00000021104;RP11-692P14.1
GOLGA8DP;GOLGA8EP	GOLGA8DP;GOLGA8EP
RNA5SP81	RNA5SP81
FLVCR1-AS1	FLVCR1-AS1
ZC2HC1A	ZC2HC1A
RIMS2	RIMS2
DHX40	DHX40
OTTHUMG00000161357;RP11-752L20.3	OTTHUMG00000161357;RP11-752L20.3
UBE2E3	UBE2E3
TSHZ3	TSHZ3
ADORA1	ADORA1
PCDHB5	PCDHB5
HIC2	HIC2
AQP7P1	AQP7P1
RNA5SP368	RNA5SP368
PARP9	PARP9
LCLAT1	LCLAT1
RMST	RMST
PFKFB3	PFKFB3
CMTM7	CMTM7
U2AF1L4	U2AF1L4
BRCA2	BRCA2
CLEC18C	CLEC18C
QRICH1	QRICH1
TMPO	TMPO
POU5F1	POU5F1
LOC101060360;LOC388210;LOC400499	LOC101060360;LOC388210;LOC400499
PITX2	PITX2
ZMIZ1	ZMIZ1
ZNF14	ZNF14
OTTHUMG00000015306;RP1-60O19.2	OTTHUMG00000015306;RP1-60O19.2
RNU1-15P	RNU1-15P
RNY4P25	RNY4P25
IMMP1L	IMMP1L
HELLS;OTTHUMG00000018792;RP11-119K6.6	HELLS;OTTHUMG00000018792;RP11-119K6.6
UBE2Q2P1	UBE2Q2P1
DMD	DMD
RNA5SP401	RNA5SP401
CSTF2T	CSTF2T
LOC101060503;TXNIP	LOC101060503;TXNIP
RHOD	RHOD
ZNF700	ZNF700
EPHX3	EPHX3
CDR2L	CDR2L
CRH	CRH
NCAPG	NCAPG
MPV17L	MPV17L
CKAP2L	CKAP2L
CTB-164N12.1;OTTHUMG00000163325	CTB-164N12.1;OTTHUMG00000163325
TRAIP	TRAIP
C10orf114	C10orf114
MC4R	MC4R
C16orf53;OTTHUMG00000177143;PAGR1	C16orf53;OTTHUMG00000177143;PAGR1
RUFY2	RUFY2
PCGF3	PCGF3
AC008174.3;OTTHUMG00000155450	AC008174.3;OTTHUMG00000155450
FLYWCH1	FLYWCH1
LOC101060433;PDXDC1	LOC101060433;PDXDC1
RAD54L	RAD54L
RBM39	RBM39
GOLGB1	GOLGB1
VAMP3	VAMP3
FOSB	FOSB
RNA5SP495	RNA5SP495
AC005593.2;OTTHUMG00000162685	AC005593.2;OTTHUMG00000162685
KIAA0100	KIAA0100
DISP1	DISP1
CCNE1	CCNE1
FANCA	FANCA
PCDHGA10	PCDHGA10
LINC00476	LINC00476
ZNF621	ZNF621
DNA2	DNA2
HLA-DPB2	HLA-DPB2
VARS	VARS
VARS	VARS
VPS52	VPS52
OPN5	OPN5
ANKRD2	ANKRD2
HJURP	HJURP
NARS	NARS
SGTB	SGTB
MIR1973	MIR1973
ARHGEF18	ARHGEF18
MEGF9	MEGF9
CDC25C	CDC25C
RPS4X	RPS4X
EP400	EP400
FAM115A;LOC100294033	FAM115A;LOC100294033
ARL17A	ARL17A
HCP5	HCP5
ZFP57	ZFP57
RNF141	RNF141
RNA5SP112	RNA5SP112
TNFRSF10B	TNFRSF10B
AC002117.1;OTTHUMG00000132571	AC002117.1;OTTHUMG00000132571
AK5	AK5
LHX4	LHX4
UST	UST
DHX16	DHX16
TMEM231	TMEM231
CSNK1D	CSNK1D
CCDC47	CCDC47
SMS	SMS
MYO9A	MYO9A
OTTHUMG00000019532;RP11-390F4.6	OTTHUMG00000019532;RP11-390F4.6
ZNF410	ZNF410
SS18	SS18
OTTHUMG00000020422;RP11-287A8.6;SLC44A1	OTTHUMG00000020422;RP11-287A8.6;SLC44A1
BRIP1	BRIP1
MIR590	MIR590
NUP37	NUP37
RNA5-8SP5	RNA5-8SP5
RNF41	RNF41
OBSCN	OBSCN
PLCB1	PLCB1
OTTHUMG00000161810;RP11-217C7.1	OTTHUMG00000161810;RP11-217C7.1
KCND1	KCND1
RNA5SP173	RNA5SP173
VIT	VIT
MIR3978	MIR3978
C6orf62	C6orf62
PPP1R12B	PPP1R12B
CSAG2;CSAG3	CSAG2;CSAG3
OTTHUMG00000164037;RP11-205M5.3	OTTHUMG00000164037;RP11-205M5.3
LOC155060;ZNF783	LOC155060;ZNF783
MYH13	MYH13
CTB-3M24.3;OTTHUMG00000162725	CTB-3M24.3;OTTHUMG00000162725
OTTHUMG00000158739;RP11-81N13.1	OTTHUMG00000158739;RP11-81N13.1
ZBTB8A	ZBTB8A
MCM3	MCM3
RPS25	RPS25
C17orf89	C17orf89
APIP	APIP
FAM111A	FAM111A
TSPYL4	TSPYL4
OTTHUMG00000021202;RP1-60N8.1	OTTHUMG00000021202;RP1-60N8.1
NEGR1	NEGR1
MIR484;NDE1	MIR484;NDE1
OSBPL1A	OSBPL1A
WIF1	WIF1
LOC100996904;ZDHHC11	LOC100996904;ZDHHC11
PDE11A	PDE11A
HMGN2P28	HMGN2P28
TMEM45A	TMEM45A
TBX2	TBX2
CTSD	CTSD
GNAI1	GNAI1
EDC3	EDC3
GHITM	GHITM
CACNA1E	CACNA1E
RNA5SP464	RNA5SP464
OTTHUMG00000003881;RP11-73M7.6	OTTHUMG00000003881;RP11-73M7.6
RPL13AP20	RPL13AP20
EID1	EID1
SLC38A11	SLC38A11
JPH1	JPH1
CHDC2;CXorf59	CHDC2;CXorf59
RNA5SP388	RNA5SP388
TBX3	TBX3
PAX6	PAX6
DST;LOC100652766	DST;LOC100652766
SMAD5	SMAD5
APOD	APOD
FOLR1	FOLR1
TMED2	TMED2
CPAMD8	CPAMD8
OTTHUMG00000164292;RP11-628E19.3	OTTHUMG00000164292;RP11-628E19.3
RNA5SP433	RNA5SP433
RNA5SP45	RNA5SP45
DCAF5	DCAF5
WDR27	WDR27
SCAP	SCAP
EPO	EPO
PHF6	PHF6
CHST6	CHST6
RNA5SP249	RNA5SP249
FAM54A;MTFR2	FAM54A;MTFR2
KIF20B	KIF20B
LSM14A	LSM14A
LOC646999	LOC646999
TTF2	TTF2
VANGL1	VANGL1
SLC35A4	SLC35A4
RNA5SP126	RNA5SP126
PFDN4	PFDN4
SBF2	SBF2
TK1	TK1
PSEN1	PSEN1
MIR3143	MIR3143
MT1F	MT1F
PRICKLE3	PRICKLE3
RPS29	RPS29
AC013400.2;LINC00954;OTTHUMG00000151773	AC013400.2;LINC00954;OTTHUMG00000151773
ZFHX2	ZFHX2
MASP1	MASP1
SHISA5	SHISA5
WWC1	WWC1
RNA5SP282	RNA5SP282
CRYZ	CRYZ
ASB16-AS1;C17orf65	ASB16-AS1;C17orf65
VSTM2L	VSTM2L
MBD6	MBD6
MFGE8	MFGE8
DYNC1I2	DYNC1I2
PRKAB1	PRKAB1
POU5F1	POU5F1
POU5F1	POU5F1
ADK	ADK
NUP155	NUP155
VARS	VARS
SYNE1	SYNE1
ITFG2;LOC100507424	ITFG2;LOC100507424
H2BFXP	H2BFXP
NCSTN	NCSTN
TMEM161A	TMEM161A
VARS	VARS
SLC16A3	SLC16A3
GOLGA8CP	GOLGA8CP
SAMHD1	SAMHD1
TCF12	TCF12
OTTHUMG00000018559;RP11-202P11.1;ZMIZ1-AS1	OTTHUMG00000018559;RP11-202P11.1;ZMIZ1-AS1
LOC729609	LOC729609
CDK9;MIR2861;MIR3960	CDK9;MIR2861;MIR3960
TENC1	TENC1
RNA5SP53	RNA5SP53
MIR5047	MIR5047
RPH3AL	RPH3AL
CD72	CD72
PPIAL4D;PPIAL4F	PPIAL4D;PPIAL4F
PPIAL4D;PPIAL4E;PPIAL4F	PPIAL4D;PPIAL4E;PPIAL4F
DOCK8	DOCK8
RNA5SP325	RNA5SP325
STK38L	STK38L
C6orf70	C6orf70
MIR374B;MIR374C	MIR374B;MIR374C
OTTHUMG00000022403;RP1-23K20.2	OTTHUMG00000022403;RP1-23K20.2
HLA-DPB2	HLA-DPB2
RNF220	RNF220
PPP2R2B-IT1	PPP2R2B-IT1
AARS	AARS
ELF5	ELF5
LOC647859	LOC647859
MST4;OTTHUMG00000022420	MST4;OTTHUMG00000022420
UPP1	UPP1
C18orf54	C18orf54
OTTHUMG00000157240;RP5-1142J19.1	OTTHUMG00000157240;RP5-1142J19.1
GDE1	GDE1
TPT1	TPT1
POLR1A	POLR1A
IGLJ7	IGLJ7
STAG3L2;STAG3L3	STAG3L2;STAG3L3
ERCC6;ERCC6-PGBD3;PGBD3	ERCC6;ERCC6-PGBD3;PGBD3
NEIL3	NEIL3
RNY4	RNY4
FAM127A	FAM127A
KIAA0513	KIAA0513
TICRR	TICRR
ATRNL1	ATRNL1
SLC25A21	SLC25A21
PROM1	PROM1
KLHDC1	KLHDC1
RFC5	RFC5
RNA5SP489	RNA5SP489
AC226118.1;LOC442497;OTTHUMG00000160233	AC226118.1;LOC442497;OTTHUMG00000160233
TAS2R5	TAS2R5
TNN	TNN
RNA5SP289	RNA5SP289
RNA5SP55	RNA5SP55
TMEM35	TMEM35
ARHGAP21	ARHGAP21
KANK3	KANK3
AC017099.3;LOC728537;OTTHUMG00000153062	AC017099.3;LOC728537;OTTHUMG00000153062
PAXBP1-AS1	PAXBP1-AS1
BBS9	BBS9
RFWD2	RFWD2
CNKSR3	CNKSR3
ASH1L;MIR555	ASH1L;MIR555
TRIB2	TRIB2
MID1IP1	MID1IP1
CRISPLD2	CRISPLD2
MLF1IP	MLF1IP
GPC5	GPC5
FABP5P7	FABP5P7
SART3	SART3
MPZ	MPZ
FOXD4L6;LOC101060560	FOXD4L6;LOC101060560
HCG9	HCG9
FAM110B	FAM110B
NDC80	NDC80
SNAP23	SNAP23
BAX	BAX
MIR4518	MIR4518
CCDC53	CCDC53
UBB	UBB
HOXD-AS2	HOXD-AS2
TUBG1	TUBG1
HELB	HELB
AC003092.1;OTTHUMG00000155746	AC003092.1;OTTHUMG00000155746
PMS2P1	PMS2P1
IGLL1	IGLL1
POU5F1	POU5F1
POU5F1	POU5F1
RECQL5	RECQL5
LINC00173	LINC00173
ENTPD5	ENTPD5
DOK1	DOK1
ABCA13	ABCA13
RGS2	RGS2
GYS1	GYS1
RNF216	RNF216
IGSF5	IGSF5
CORO1A	CORO1A
TAS2R14	TAS2R14
H2AFY	H2AFY
APMAP	APMAP
KRT19P2;MIR492	KRT19P2;MIR492
AC007392.3;LOC100507073;OTTHUMG00000152838	AC007392.3;LOC100507073;OTTHUMG00000152838
TCEAL4	TCEAL4
POU5F1	POU5F1
NPIPA2;NPIPA3;NPIPA5;PKD1P1	NPIPA2;NPIPA3;NPIPA5;PKD1P1
RNA5SP90	RNA5SP90
LY6G5B	LY6G5B
GGCT	GGCT
UTS2	UTS2
RNA5SP352	RNA5SP352
PIP5K1A	PIP5K1A
PNPLA6	PNPLA6
CNGB1	CNGB1
KIAA1199	KIAA1199
NKX2-6	NKX2-6
RNF26	RNF26
EFNB2	EFNB2
ARL8A	ARL8A
VWC2	VWC2
MAST3	MAST3
MAN2A1	MAN2A1
NINJ1	NINJ1
BOLA3-AS1	BOLA3-AS1
AJUBA	AJUBA
TYW5	TYW5
FSIP2	FSIP2
FEZF2	FEZF2
LOC100507577	LOC100507577
PLRG1	PLRG1
CDCA3	CDCA3
CDCA2	CDCA2
KANSL1	KANSL1
PLG	PLG
RNA5SP246	RNA5SP246
OTTHUMG00000014297;RP11-401E14.2	OTTHUMG00000014297;RP11-401E14.2
CHST7	CHST7
HCP5	HCP5
RNF10	RNF10
KLRB1	KLRB1
GOLGA8DP	GOLGA8DP
CTB-49A3.2;OTTHUMG00000162705	CTB-49A3.2;OTTHUMG00000162705
NUSAP1	NUSAP1
OTTHUMG00000021838;RP13-216E22.4	OTTHUMG00000021838;RP13-216E22.4
PSMD9	PSMD9
KIAA0101	KIAA0101
APOO	APOO
WIPI2	WIPI2
DHX16	DHX16
DHX16	DHX16
MALAT1	MALAT1
CDK5RAP1	CDK5RAP1
METRN	METRN
PAWR	PAWR
C3orf72	C3orf72
RNA5SP304	RNA5SP304
HTR2A	HTR2A
RNA5SP493	RNA5SP493
GINS3	GINS3
OTTHUMG00000020662;RP11-175D17.3	OTTHUMG00000020662;RP11-175D17.3
SCAMP2	SCAMP2
KCTD2	KCTD2
C11orf65	C11orf65
ZFYVE26	ZFYVE26
SYT5	SYT5
CASP8	CASP8
SNORD94	SNORD94
LOC286467;OTTHUMG00000022417;RP11-453F18__B.1	LOC286467;OTTHUMG00000022417;RP11-453F18__B.1
HMGCL	HMGCL
ELAVL4	ELAVL4
RNA5SP69	RNA5SP69
IL4R	IL4R
DHX16	DHX16
CTNNA3	CTNNA3
MIR3943	MIR3943
CARKD	CARKD
METTL22	METTL22
FABP5P1	FABP5P1
VARS	VARS
RNU1-13P	RNU1-13P
RNU1-12P	RNU1-12P
HIST1H2BC;HIST1H2BE;HIST1H2BF;HIST1H2BG;HIST1H2BI	HIST1H2BC;HIST1H2BE;HIST1H2BF;HIST1H2BG;HIST1H2BI
LOC650293	LOC650293
RNA5SP429	RNA5SP429
SPATA17	SPATA17
B2M	B2M
SGOL1-AS1	SGOL1-AS1
LIX1	LIX1
KIAA1211	KIAA1211
ATAD3C	ATAD3C
SYNPR-AS1	SYNPR-AS1
LRIG3	LRIG3
RYK	RYK
RNA5SP479	RNA5SP479
ZWINT	ZWINT
OTTHUMG00000156551;RP11-340I6.8	OTTHUMG00000156551;RP11-340I6.8
RNA5SP109	RNA5SP109
PRKAR2A	PRKAR2A
RHBDD2	RHBDD2
RGMA	RGMA
RPL4;SNORD16;SNORD18A;SNORD18B;SNORD18C	RPL4;SNORD16;SNORD18A;SNORD18B;SNORD18C
OTTHUMG00000163317;RP11-195E2.4	OTTHUMG00000163317;RP11-195E2.4
HEY1	HEY1
LOC100129297;OTTHUMG00000159267;RP11-180K7.1	LOC100129297;OTTHUMG00000159267;RP11-180K7.1
KANSL1	KANSL1
PPIAP30	PPIAP30
OTTHUMG00000018286;RP11-388P9.2	OTTHUMG00000018286;RP11-388P9.2
SCML1	SCML1
SARS	SARS
SPRY3	SPRY3
SPRY3	SPRY3
PHLDA1	PHLDA1
CTTNBP2	CTTNBP2
GSTA4	GSTA4
RNU6-36P	RNU6-36P
CDIPT	CDIPT
HOXD3;HOXD4;MIR10B	HOXD3;HOXD4;MIR10B
LINC00662	LINC00662
LOC392196	LOC392196
PTP4A1	PTP4A1
OTTHUMG00000161124;RP11-679C8.2	OTTHUMG00000161124;RP11-679C8.2
OVCH1	OVCH1
WTAPP1	WTAPP1
MMD	MMD
FUT9	FUT9
TBK1	TBK1
DPEP1	DPEP1
SIN3A	SIN3A
APC	APC
RNA5SP486	RNA5SP486
GGCX	GGCX
ZC3H15	ZC3H15
FAM218A	FAM218A
AKR1C2;LOC101060798	AKR1C2;LOC101060798
BMP8B	BMP8B
DLX5	DLX5
GABARAPL1	GABARAPL1
WDR5	WDR5
OTTHUMG00000046174;RP11-16C18.3	OTTHUMG00000046174;RP11-16C18.3
LARP4	LARP4
AC078941.1;LOC644838;OTTHUMG00000152856	AC078941.1;LOC644838;OTTHUMG00000152856
RNA5SP437	RNA5SP437
ZNF714	ZNF714
PYCR1	PYCR1
PRKAG1	PRKAG1
ARMCX5	ARMCX5
SMCR8	SMCR8
RNA5SP482	RNA5SP482
SOWAHB	SOWAHB
CDK5RAP3	CDK5RAP3
RNA5SP353	RNA5SP353
SCCPDH	SCCPDH
MCRS1	MCRS1
LOC101060412;NPIP;NPIPA1;NPIPA3;NPIPA7;NPIPA8	LOC101060412;NPIP;NPIPA1;NPIPA3;NPIPA7;NPIPA8
TPX2	TPX2
SMC4	SMC4
AC010149.4;OTTHUMG00000153765	AC010149.4;OTTHUMG00000153765
LOC728463;OTTHUMG00000039520;RP11-224O19.2	LOC728463;OTTHUMG00000039520;RP11-224O19.2
ORC3;OTTHUMG00000015181;RP3-486L4.3	ORC3;OTTHUMG00000015181;RP3-486L4.3
ADH1A	ADH1A
CEP72	CEP72
FRMPD1	FRMPD1
MIR128-2	MIR128-2
USP2	USP2
TRAPPC2;TRAPPC2P1;ZNF547	TRAPPC2;TRAPPC2P1;ZNF547
SBK1	SBK1
RAB21	RAB21
SNAI2	SNAI2
ENOX1	ENOX1
TPRA1	TPRA1
MIR4804	MIR4804
SLC39A10	SLC39A10
GPR132	GPR132
HLTF	HLTF
SMAD4	SMAD4
BBS10	BBS10
TFRC	TFRC
OTTHUMG00000015224;RP11-127B16.1	OTTHUMG00000015224;RP11-127B16.1
SLC12A2	SLC12A2
OTTHUMG00000160767;RP11-598D14.1	OTTHUMG00000160767;RP11-598D14.1
TSR2	TSR2
IPO4	IPO4
TCEAL5	TCEAL5
STAT4	STAT4
MOAP1	MOAP1
SPATA31B1	SPATA31B1
OTTHUMG00000009712;RP11-339D23.1	OTTHUMG00000009712;RP11-339D23.1
RSPO1	RSPO1
RNA5SP56	RNA5SP56
CEP170P1	CEP170P1
FGFR2	FGFR2
HOXA13	HOXA13
AC069277.2;OTTHUMG00000154923	AC069277.2;OTTHUMG00000154923
PPT1	PPT1
RALYL	RALYL
NPL	NPL
SLC38A4	SLC38A4
FAS	FAS
AMOTL2	AMOTL2
NAV3	NAV3
SAR1A	SAR1A
GTF2B	GTF2B
SOX10	SOX10
XRCC4	XRCC4
MIR500A	MIR500A
HUS1	HUS1
SC5D	SC5D
ZFP57	ZFP57
ZFP57	ZFP57
ZFP57	ZFP57
ZFP57	ZFP57
ZFP57	ZFP57
ZFP57	ZFP57
DENND1A	DENND1A
CNTN5	CNTN5
HERC6	HERC6
MMP16	MMP16
HIST2H2BF;OTTHUMG00000012090;OTTHUMG00000040891;RP11-196G18.21;RP11-196G18.3	HIST2H2BF;OTTHUMG00000012090;OTTHUMG00000040891;RP11-196G18.21;RP11-196G18.3
SEC14L6	SEC14L6
MALL	MALL
RNU6-32	RNU6-32
RNU6-13	RNU6-13
RNU6-12	RNU6-12
C12orf68	C12orf68
MRGBP	MRGBP
RNA5SP399	RNA5SP399
PPP2R2D	PPP2R2D
SGPP2	SGPP2
OTTHUMG00000157289;RP11-385J1.2	OTTHUMG00000157289;RP11-385J1.2
ERBB4	ERBB4
CLINT1	CLINT1
HLA-A	HLA-A
CHSY1	CHSY1
RFC2	RFC2
HLA-A	HLA-A
CAMK2B	CAMK2B
MIR4500HG	MIR4500HG
WIBG	WIBG
ALPK1	ALPK1
PDIK1L	PDIK1L
RTKN2	RTKN2
ZNF812	ZNF812
STMN3	STMN3
XRCC6BP1	XRCC6BP1
CLASP1	CLASP1
SNORD32B	SNORD32B
MIR1825;OTTHUMG00000032209;POFUT1;RP11-392M18.5	MIR1825;OTTHUMG00000032209;POFUT1;RP11-392M18.5
PAN3	PAN3
ZNF385D	ZNF385D
ATP11C	ATP11C
C1RL	C1RL
LOC100129055;OTTHUMG00000017984;OTTHUMG00000017991;RP11-508N22.8;RP11-508N22.9	LOC100129055;OTTHUMG00000017984;OTTHUMG00000017991;RP11-508N22.8;RP11-508N22.9
ELAVL3	ELAVL3
RAET1L	RAET1L
OTTHUMG00000014849;RP1-180E22.3	OTTHUMG00000014849;RP1-180E22.3
OTTHUMG00000009292;RP1-118J21.5	OTTHUMG00000009292;RP1-118J21.5
CREB3L4	CREB3L4
BACE1	BACE1
ERLIN1	ERLIN1
MRPL42	MRPL42
FAM127B	FAM127B
LOC440518	LOC440518
FAM153B;LOC100507387	FAM153B;LOC100507387
LINC00923	LINC00923
MIR378C	MIR378C
RNA5SP355	RNA5SP355
ZNF561	ZNF561
TMEM184C	TMEM184C
TMEM88	TMEM88
AC009487.5;OTTHUMG00000153887;TBR1	AC009487.5;OTTHUMG00000153887;TBR1
RNA5SP141	RNA5SP141
STOX1	STOX1
CECR1	CECR1
SNORA38	SNORA38
SNORA38	SNORA38
SNORA38	SNORA38
SNORA38	SNORA38
SNORA38	SNORA38
OR8D1	OR8D1
PCDHB11	PCDHB11
OTTHUMG00000161174;RP11-501C14.5	OTTHUMG00000161174;RP11-501C14.5
LOC440300	LOC440300
PCYOX1L	PCYOX1L
GABRP	GABRP
RNASEH2A	RNASEH2A
FAM204A;OTTHUMG00000019133;RP11-319I23.3	FAM204A;OTTHUMG00000019133;RP11-319I23.3
MIR181A1	MIR181A1
LOC100505799;OTTHUMG00000022444;RP11-404O13.5	LOC100505799;OTTHUMG00000022444;RP11-404O13.5
UQCRBP1	UQCRBP1
TTLL5	TTLL5
RNU6-37	RNU6-37
RNU6-1;RNU6-2	RNU6-1;RNU6-2
RNU6-1;RNU6-2	RNU6-1;RNU6-2
RNU6-11	RNU6-11
RNU6-1;RNU6-2	RNU6-1;RNU6-2
RNU6-1	RNU6-1
RNU6-1	RNU6-1
RNU6-1;RNU6-2	RNU6-1;RNU6-2
RNU6-1;RNU6-2	RNU6-1;RNU6-2
RNU6-1;RNU6-2	RNU6-1;RNU6-2
MEF2A	MEF2A
RNA5SP30	RNA5SP30
KDELR1	KDELR1
MTX2	MTX2
BEX4	BEX4
LOC442075	LOC442075
HERPUD2	HERPUD2
WRAP73	WRAP73
RNA5SP230	RNA5SP230
ATP6V1G2	ATP6V1G2
SH2D4A	SH2D4A
GTF2H2B;GTF2H2C;GTF2H2D	GTF2H2B;GTF2H2C;GTF2H2D
PTN	PTN
CAHM	CAHM
LOC339975;OTTHUMG00000160295;RP11-138B4.1	LOC339975;OTTHUMG00000160295;RP11-138B4.1
SLC6A3	SLC6A3
HSP90B1;MIR3652	HSP90B1;MIR3652
STIL	STIL
CDC20B	CDC20B
OXCT2	OXCT2
GDI1	GDI1
ZNF774	ZNF774
MMS22L	MMS22L
AC011738.4;LOC100506895;OTTHUMG00000155206	AC011738.4;LOC100506895;OTTHUMG00000155206
DNAJA4	DNAJA4
LCAT;SLC12A4	LCAT;SLC12A4
CD163L1	CD163L1
SMC2	SMC2
OTTHUMG00000022240;RP11-761E20.1	OTTHUMG00000022240;RP11-761E20.1
ANKRD36;ANKRD36C	ANKRD36;ANKRD36C
GALNTL6	GALNTL6
CMTM1	CMTM1
TROAP	TROAP
CNOT1	CNOT1
CLDN10	CLDN10
PEX6	PEX6
CTD-2373N4.3;OTTHUMG00000163910	CTD-2373N4.3;OTTHUMG00000163910
MIR4311	MIR4311
OTTHUMG00000058662;RP11-764K9.1	OTTHUMG00000058662;RP11-764K9.1
LOC100996725;PPIAL4A;PPIAL4B;PPIAL4C;PPIAL4G	LOC100996725;PPIAL4A;PPIAL4B;PPIAL4C;PPIAL4G
GPR1	GPR1
RNA5SP450	RNA5SP450
CENPA	CENPA
FDFT1	FDFT1
TSPAN3	TSPAN3
GOLGA2P5	GOLGA2P5
FANK1	FANK1
DND1	DND1
ERP29	ERP29
RNA5SP23	RNA5SP23
ZNF483	ZNF483
CLCN4	CLCN4
CCDC155	CCDC155
COX20	COX20
SNORD14E	SNORD14E
DHX16	DHX16
DHX16	DHX16
OTTHUMG00000039598;RP11-527D7.1	OTTHUMG00000039598;RP11-527D7.1
MIR545	MIR545
MIR378E	MIR378E
ADAMTS4	ADAMTS4
ABCC6P2	ABCC6P2
MIR1185-2	MIR1185-2
PGAM4	PGAM4
CTB-33O18.1;OTTHUMG00000163338	CTB-33O18.1;OTTHUMG00000163338
SLC30A8	SLC30A8
PRCP	PRCP
ZXDA	ZXDA
ACOX2	ACOX2
SULT1C4	SULT1C4
RNU6-33P	RNU6-33P
ARHGEF6	ARHGEF6
SLC8A2	SLC8A2
GABRR2	GABRR2
RPL21P44	RPL21P44
SPSB1	SPSB1
KB-1107E3.1;OTTHUMG00000164875	KB-1107E3.1;OTTHUMG00000164875
CRYBB2	CRYBB2
WDR53	WDR53
LOC151760;OTTHUMG00000159242;RP11-553A10.1	LOC151760;OTTHUMG00000159242;RP11-553A10.1
AC012065.7;OTTHUMG00000151782	AC012065.7;OTTHUMG00000151782
GOLGA8A;GOLGA8B;LOC100508892	GOLGA8A;GOLGA8B;LOC100508892
OTTHUMG00000164938;RP11-681L8.1	OTTHUMG00000164938;RP11-681L8.1
LAS1L	LAS1L
PLXNB1	PLXNB1
ADAMTSL2;LOC100996396	ADAMTSL2;LOC100996396
MAGEE1	MAGEE1
PMS2P5	PMS2P5
EME1	EME1
AC006370.2;KALP;OTTHUMG00000036367	AC006370.2;KALP;OTTHUMG00000036367
TIMELESS	TIMELESS
LAMTOR2	LAMTOR2
KIAA1430	KIAA1430
RNU6-1;RNU6-2	RNU6-1;RNU6-2
ZNRF3	ZNRF3
HES4	HES4
EIF2B1	EIF2B1
LOC100506674;OTTHUMG00000162143;RP11-53O19.1	LOC100506674;OTTHUMG00000162143;RP11-53O19.1
SELRC1	SELRC1
OTTHUMG00000160465;RP11-360F5.3	OTTHUMG00000160465;RP11-360F5.3
RNA5SP75	RNA5SP75
APOBR	APOBR
WDR5B	WDR5B
EN1	EN1
SCXA;SCXB	SCXA;SCXB
OTTHUMG00000002332;RP5-857K21.5	OTTHUMG00000002332;RP5-857K21.5
OTTHUMG00000032152;RP4-610C12.3	OTTHUMG00000032152;RP4-610C12.3
AC006465.3;LOC401307;LOC729852;OTTHUMG00000152007	AC006465.3;LOC401307;LOC729852;OTTHUMG00000152007
CSMD2	CSMD2
LINC00457	LINC00457
POP4	POP4
NPIPA2;NPIPA3;NPIPA5	NPIPA2;NPIPA3;NPIPA5
BMF	BMF
CCDC77	CCDC77
KIF3C	KIF3C
ATP2B1	ATP2B1
OR8D2	OR8D2
EN2	EN2
DDX54	DDX54
JMJD7;JMJD7-PLA2G4B;PLA2G4B	JMJD7;JMJD7-PLA2G4B;PLA2G4B
EFEMP1	EFEMP1
RNA5SP115	RNA5SP115
IQSEC2	IQSEC2
GNPDA1	GNPDA1
FLJ26245;RNA5SP411;RNA5SP412	FLJ26245;RNA5SP411;RNA5SP412
NBN	NBN
FAM189A2	FAM189A2
HLA-DPB2	HLA-DPB2
PCLO	PCLO
LUM	LUM
ANXA3	ANXA3
RNA5SP183	RNA5SP183
KLRD1	KLRD1
ZDHHC5	ZDHHC5
TSPAN11	TSPAN11
LOC254896;TNFRSF10C	LOC254896;TNFRSF10C
CERKL	CERKL
C12orf63	C12orf63
MSANTD4	MSANTD4
TET3	TET3
OTTHUMG00000037610;RP11-275O4.3	OTTHUMG00000037610;RP11-275O4.3
NAPRT1	NAPRT1
WBP5	WBP5
TES	TES
FAM168A	FAM168A
PLXNB3	PLXNB3
EMILIN1	EMILIN1
TBC1D24	TBC1D24
OTTHUMG00000160228;RP11-23P13.4	OTTHUMG00000160228;RP11-23P13.4
ZCCHC3	ZCCHC3
PLXNA3	PLXNA3
AHDC1	AHDC1
RNA5SP335	RNA5SP335
OTTHUMG00000150064;XXbac-B476C20.13	OTTHUMG00000150064;XXbac-B476C20.13
ITGB3BP	ITGB3BP
ERI2	ERI2
EIF4A1P2	EIF4A1P2
PTPLAD2	PTPLAD2
ANXA7	ANXA7
B3GAT1	B3GAT1
LARP4B	LARP4B
SYT3	SYT3
POU5F1	POU5F1
CLDN3	CLDN3
OTTHUMG00000036345;RP11-343H5.6	OTTHUMG00000036345;RP11-343H5.6
ZNF705D	ZNF705D
RNF152	RNF152
GPX4	GPX4
SCYL2	SCYL2
TMEM8A	TMEM8A
IAPP	IAPP
RLBP1	RLBP1
TAGAP	TAGAP
NFS1	NFS1
JAM2	JAM2
MLLT11	MLLT11
OTTHUMG00000018331;RP11-344A5.1	OTTHUMG00000018331;RP11-344A5.1
CPNE2	CPNE2
SLC25A41	SLC25A41
AC114814.4;OTTHUMG00000153145	AC114814.4;OTTHUMG00000153145
AL589743.1;LOC100506303;LOC400879;LOC440157;OTTHUMG00000150376	AL589743.1;LOC100506303;LOC400879;LOC440157;OTTHUMG00000150376
DHX16	DHX16
ZNF678	ZNF678
TIPRL	TIPRL
ASB5	ASB5
RSU1P1	RSU1P1
MRPL43	MRPL43
KLK12	KLK12
ABCA9-AS1	ABCA9-AS1
CCDC18	CCDC18
TMEM57	TMEM57
SNORD32B	SNORD32B
SNORD32B	SNORD32B
SNORD32B	SNORD32B
SNORD32B	SNORD32B
SNORD32B	SNORD32B
SNORD32B	SNORD32B
SLC38A7	SLC38A7
CASC5	CASC5
AC104135.3;OTTHUMG00000152932	AC104135.3;OTTHUMG00000152932
NCAPH	NCAPH
LOC100287225	LOC100287225
ATP8A1	ATP8A1
JPH3	JPH3
AAMP	AAMP
DHX16	DHX16
OTTHUMG00000163782;RP11-981G7.2	OTTHUMG00000163782;RP11-981G7.2
TIMM21	TIMM21
MYH3	MYH3
AC027601.1;OTTHUMG00000132137	AC027601.1;OTTHUMG00000132137
WDR96	WDR96
OTTHUMG00000018585;RP11-773D16.1	OTTHUMG00000018585;RP11-773D16.1
SKIV2L2	SKIV2L2
EXO5	EXO5
BCYRN1	BCYRN1
PRR11	PRR11
MID2	MID2
TMED4	TMED4
MIR4646	MIR4646
MIR4646	MIR4646
MIR4646	MIR4646
MIR4646	MIR4646
MIR4646	MIR4646
MIR4646	MIR4646
MIR4646	MIR4646
TBL1Y	TBL1Y
RILPL1	RILPL1
HCG15;HCG16	HCG15;HCG16
HCG15;HCG16	HCG15;HCG16
HCG15;HCG16	HCG15;HCG16
HCG15;HCG16	HCG15;HCG16
HCG15;HCG16	HCG15;HCG16
HCG15;HCG16	HCG15;HCG16
HCG15;HCG16	HCG15;HCG16
TET2	TET2
BAHCC1	BAHCC1
THAP8	THAP8
KIAA1524	KIAA1524
MIR4802	MIR4802
DLG4	DLG4
LMAN2	LMAN2
OTTHUMG00000161427;RP11-502M1.2	OTTHUMG00000161427;RP11-502M1.2
C15orf57;MRPL42P5	C15orf57;MRPL42P5
AC079586.1;LOC151121;OTTHUMG00000153413	AC079586.1;LOC151121;OTTHUMG00000153413
AACSP1	AACSP1
HEATR2	HEATR2
OTTHUMG00000160711;RP11-25H12.1	OTTHUMG00000160711;RP11-25H12.1
PRRC2C	PRRC2C
GPM6B	GPM6B
BECN1	BECN1
RPS24	RPS24
RPRM	RPRM
LOC100144602;OTTHUMG00000161982;RP11-807H7.1	LOC100144602;OTTHUMG00000161982;RP11-807H7.1
GOLGA8I	GOLGA8I
MANEA	MANEA
SNAR-C3	SNAR-C3
MIR2681	MIR2681
MIR195;MIR497;MIR497HG	MIR195;MIR497;MIR497HG
ATN1	ATN1
SPG20OS	SPG20OS
RNA5SP366	RNA5SP366
AHCYL1	AHCYL1
EIF2B5	EIF2B5
CNPY2	CNPY2
ZNRF2P1	ZNRF2P1
BORA	BORA
XPOT	XPOT
RNA5SP305	RNA5SP305
BAGE4	BAGE4
PDZD7	PDZD7
OTTHUMG00000170233;RP11-357H14.20	OTTHUMG00000170233;RP11-357H14.20
UTP14A	UTP14A
RNA5SP455	RNA5SP455
TRPM5	TRPM5
NAV2-AS1	NAV2-AS1
TMEM220	TMEM220
HIF3A	HIF3A
SNORA38	SNORA38
SNORA38	SNORA38
CCDC110	CCDC110
RNA5SP48	RNA5SP48
LOC644215	LOC644215
OTTHUMG00000021383;RP1-154K9.2	OTTHUMG00000021383;RP1-154K9.2
UBL4B	UBL4B
AC008060.5;OTTHUMG00000151347	AC008060.5;OTTHUMG00000151347
RPL23AP7;RPL23AP82	RPL23AP7;RPL23AP82
GPRIN1	GPRIN1
DDX55	DDX55
SLC25A14	SLC25A14
TMEM92	TMEM92
BBOX1	BBOX1
OTTHUMG00000010834;RP11-157N3.1	OTTHUMG00000010834;RP11-157N3.1
MAP1LC3C	MAP1LC3C
RNA5SP403	RNA5SP403
ADCK1	ADCK1
MAP3K15	MAP3K15
RPL34-AS1	RPL34-AS1
DDX23	DDX23
RNA5SP519	RNA5SP519
LOC728755	LOC728755
USP54	USP54
NHLRC2	NHLRC2
EFHB	EFHB
OTTHUMG00000163781;RP11-981G7.1	OTTHUMG00000163781;RP11-981G7.1
ATP6V1D	ATP6V1D
SUSD2	SUSD2
WSCD2	WSCD2
RNA5SP375	RNA5SP375
NAT6	NAT6
ZBTB9	ZBTB9
AGFG2	AGFG2
SUGT1	SUGT1
TEAD4	TEAD4
CDCP1	CDCP1
FANCL	FANCL
THEM4	THEM4
WDR76	WDR76
GGA2	GGA2
ANKRD12	ANKRD12
ACPL2	ACPL2
C1orf145	C1orf145
NUP153	NUP153
RBM42	RBM42
PARP12	PARP12
TAS2R3	TAS2R3
ARRDC1	ARRDC1
EIF4G3	EIF4G3
SPAG17	SPAG17
RPL26	RPL26
RNF216P1	RNF216P1
PPIAL4E	PPIAL4E
GIT1	GIT1
RNA5SP420	RNA5SP420
FAM184A	FAM184A
RBM18	RBM18
UCK1	UCK1
RNU6-24	RNU6-24
ABHD2	ABHD2
RNA5SP145	RNA5SP145
LRRTM4	LRRTM4
P2RX5	P2RX5
KIF16B	KIF16B
TARM1	TARM1
BASP1P1	BASP1P1
ARL17A	ARL17A
HCRTR2	HCRTR2
HLA-DPB2	HLA-DPB2
CCRL2;OTTHUMG00000156467;RP11-24F11.5	CCRL2;OTTHUMG00000156467;RP11-24F11.5
YBX3	YBX3
CACNA1A	CACNA1A
C5orf27	C5orf27
RPS12	RPS12
OTTHUMG00000007603;PIK3R3;RP11-322N21.2	OTTHUMG00000007603;PIK3R3;RP11-322N21.2
FRS2	FRS2
GNB4	GNB4
CABLES2	CABLES2
MIR196A1	MIR196A1
GRIP1	GRIP1
RNA5SP488	RNA5SP488
SNORA26	SNORA26
MAG	MAG
CCDC164;DRC1	CCDC164;DRC1
RPL23AP53	RPL23AP53
TSPAN12	TSPAN12
EBPL	EBPL
OXCT2	OXCT2
RNU5F-2P	RNU5F-2P
TFPI	TFPI
MIR501	MIR501
MIR3191	MIR3191
AC106786.1;OTTHUMG00000150470	AC106786.1;OTTHUMG00000150470
SLC39A1	SLC39A1
MIR4747	MIR4747
TOMM34	TOMM34
SMIM7	SMIM7
MGAT4C	MGAT4C
FRA10AC1	FRA10AC1
MTERFD3	MTERFD3
RNU6-16P	RNU6-16P
SNAR-E	SNAR-E
CSF1	CSF1
PEX11A	PEX11A
RYR2	RYR2
CDC6	CDC6
OTTHUMG00000007704;RP11-7O11.3	OTTHUMG00000007704;RP11-7O11.3
LOC644554	LOC644554
GUCD1	GUCD1
OTTHUMG00000162145;RP11-454E7.1	OTTHUMG00000162145;RP11-454E7.1
ZNF461	ZNF461
RNA5SP283	RNA5SP283
MTO1	MTO1
WDR6	WDR6
NR6A1	NR6A1
CAPNS2	CAPNS2
JHDM1D	JHDM1D
RNA5SP149	RNA5SP149
NEMF	NEMF
OSTF1	OSTF1
SLC12A1	SLC12A1
ATL1	ATL1
LL0XNC01-250H12.3;OTTHUMG00000022102	LL0XNC01-250H12.3;OTTHUMG00000022102
STAMBPL1	STAMBPL1
LST1	LST1
TMEM245	TMEM245
OTTHUMG00000163183;RP11-91H12.1	OTTHUMG00000163183;RP11-91H12.1
OTTHUMG00000000941;RP1-140A9.1	OTTHUMG00000000941;RP1-140A9.1
RNA5SP462	RNA5SP462
OTTHUMG00000156267;RP5-905H7.3	OTTHUMG00000156267;RP5-905H7.3
SCARNA4	SCARNA4
KIAA1377	KIAA1377
PLA2G16	PLA2G16
GDA	GDA
RNA5SP505	RNA5SP505
UFD1L	UFD1L
RNASE10	RNASE10
AC007091.1;OTTHUMG00000152489	AC007091.1;OTTHUMG00000152489
SRCIN1	SRCIN1
UBIAD1	UBIAD1
ZNF567	ZNF567
VASH2	VASH2
OTTHUMG00000041227;RP11-95P13.2	OTTHUMG00000041227;RP11-95P13.2
C14orf23	C14orf23
DDX11L1;DDX11L5;DDX11L9	DDX11L1;DDX11L5;DDX11L9
MTHFS	MTHFS
TTK	TTK
S100B	S100B
RNF121	RNF121
ACSBG1	ACSBG1
RNA5SP471	RNA5SP471
PPT2;PPT2-EGFL8	PPT2;PPT2-EGFL8
RNA5SP405	RNA5SP405
RPS18	RPS18
RPS18	RPS18
RPS18	RPS18
RPS18	RPS18
RPS18	RPS18
C12orf43	C12orf43
MORF4	MORF4
MKI67	MKI67
FTCD	FTCD
ACAN	ACAN
KCNQ2	KCNQ2
MGC21881;OTTHUMG00000013294;RP11-262H14.4	MGC21881;OTTHUMG00000013294;RP11-262H14.4
CASP2	CASP2
ASXL3	ASXL3
ALKBH1	ALKBH1
DNAH14	DNAH14
COL17A1;MIR936	COL17A1;MIR936
DEPDC4	DEPDC4
GLI3	GLI3
ADHFE1	ADHFE1
PRKDC	PRKDC
ELAC2	ELAC2
CDC20P1	CDC20P1
SLC9B1P3	SLC9B1P3
PLA2G6	PLA2G6
PCNXL3	PCNXL3
ACTR8	ACTR8
OTTHUMG00000018105;RP11-38L15.2	OTTHUMG00000018105;RP11-38L15.2
LST1	LST1
APPL2	APPL2
POU3F3	POU3F3
BMP2	BMP2
TMEM55A	TMEM55A
RNA5SP266	RNA5SP266
SKAP2	SKAP2
MIR363	MIR363
DOCK5	DOCK5
RPS6KA5	RPS6KA5
BEGAIN	BEGAIN
UBL7-AS1	UBL7-AS1
EFCAB1	EFCAB1
RNA5SP428	RNA5SP428
FSTL4	FSTL4
RNA5SP499	RNA5SP499
VRK1	VRK1
GTF2H2;GTF2H2B;GTF2H2C	GTF2H2;GTF2H2B;GTF2H2C
C12orf29	C12orf29
SLC35A3	SLC35A3
C8orf44	C8orf44
PPEF1	PPEF1
TMEM150A	TMEM150A
COL9A1	COL9A1
AMFR	AMFR
POTEA	POTEA
EXOC3L1	EXOC3L1
GABRG2	GABRG2
PPHLN1	PPHLN1
PHOX2B	PHOX2B
SGIP1	SGIP1
MIR4741;RBBP8	MIR4741;RBBP8
SPATA24	SPATA24
KIFAP3	KIFAP3
AC003084.2;OTTHUMG00000150172	AC003084.2;OTTHUMG00000150172
BIVM	BIVM
LNX1	LNX1
HIST1H4A;HIST1H4B;HIST1H4C;HIST1H4D;HIST1H4E;HIST1H4F;HIST1H4H;HIST1H4I;HIST1H4J;HIST1H4K;HIST1H4L;HIST2H4A;HIST2H4B;HIST4H4	HIST1H4A;HIST1H4B;HIST1H4C;HIST1H4D;HIST1H4E;HIST1H4F;HIST1H4H;HIST1H4I;HIST1H4J;HIST1H4K;HIST1H4L;HIST2H4A;HIST2H4B;HIST4H4
RNA5SP99	RNA5SP99
LOC100294145	LOC100294145
OR9A1P	OR9A1P
AC097721.2;OTTHUMG00000153614	AC097721.2;OTTHUMG00000153614
OTTHUMG00000160532;RP11-227F19.1	OTTHUMG00000160532;RP11-227F19.1
FAM153A	FAM153A
LOC100506411	LOC100506411
FLJ21408	FLJ21408
NMU	NMU
SNRPB	SNRPB
MIR425	MIR425
ZNF70	ZNF70
TMPRSS13	TMPRSS13
HLA-L	HLA-L
DPY19L3	DPY19L3
MIR3155A	MIR3155A
IFT74	IFT74
UGGT1	UGGT1
DPY19L2P2	DPY19L2P2
OTTHUMG00000016629;RP11-428O18.4	OTTHUMG00000016629;RP11-428O18.4
RFX7	RFX7
ZNF540;ZNF571-AS1	ZNF540;ZNF571-AS1
POP1	POP1
CBX5;MIR3198-2	CBX5;MIR3198-2
RNU105C	RNU105C
RAB30-AS1	RAB30-AS1
PLS1-AS1	PLS1-AS1
LST1	LST1
PIGV	PIGV
ABCG2	ABCG2
DOCK1	DOCK1
KCNAB2	KCNAB2
MIR548I2	MIR548I2
C1QTNF7	C1QTNF7
C19orf12	C19orf12
CEP350	CEP350
TRIM59	TRIM59
TNRC18	TNRC18
AC083843.1;OTTHUMG00000164324	AC083843.1;OTTHUMG00000164324
RNU5E-8P	RNU5E-8P
MAPK11	MAPK11
RNA5SP182	RNA5SP182
LST1	LST1
FAM57A	FAM57A
ZNF692	ZNF692
CENPC1	CENPC1
OTTHUMG00000018322;RP11-174J11.1	OTTHUMG00000018322;RP11-174J11.1
LAMA5;MIR4758	LAMA5;MIR4758
PMEPA1	PMEPA1
THRAP3	THRAP3
IGF2BP3	IGF2BP3
CCT3	CCT3
OTTHUMG00000158715;RP11-555M1.3	OTTHUMG00000158715;RP11-555M1.3
AHNAK	AHNAK
SAYSD1	SAYSD1
HSD17B10	HSD17B10
EMG1	EMG1
ZNF584	ZNF584
TAS2R4	TAS2R4
RNA5SP255	RNA5SP255
LOC100506388	LOC100506388
OTTHUMG00000159435;RP11-242C19.2	OTTHUMG00000159435;RP11-242C19.2
CCDC80	CCDC80
OTTHUMG00000035264;RP11-12M5.4	OTTHUMG00000035264;RP11-12M5.4
AUTS2	AUTS2
TM4SF18	TM4SF18
ANKRD10	ANKRD10
PMPCA	PMPCA
LST1	LST1
LRRC26	LRRC26
F8	F8
COL7A1	COL7A1
BOP1;KM-PA-2	BOP1;KM-PA-2
NOMO2;NOMO3	NOMO2;NOMO3
PGM1	PGM1
RNASEH1	RNASEH1
PXN-AS1	PXN-AS1
COL4A3	COL4A3
OTTHUMG00000156244;RP11-89N17.4	OTTHUMG00000156244;RP11-89N17.4
LACTB2	LACTB2
RNA5SP103	RNA5SP103
RNF13	RNF13
MARCO	MARCO
EOGT	EOGT
BMP6	BMP6
NIPA2	NIPA2
AC093865.1;OTTHUMG00000154804	AC093865.1;OTTHUMG00000154804
SLC25A43	SLC25A43
LUZP2	LUZP2
ACTL6B	ACTL6B
CHCHD2	CHCHD2
BRAF	BRAF
HES7	HES7
ANO3	ANO3
HIF1AN	HIF1AN
ZRANB2-AS2	ZRANB2-AS2
OTTHUMG00000035263;RP11-12M5.3	OTTHUMG00000035263;RP11-12M5.3
AKAP17A	AKAP17A
PPP1R3B	PPP1R3B
AURKA	AURKA
SPTAN1	SPTAN1
HLA-A	HLA-A
OTTHUMG00000045026;RP11-257I14.1	OTTHUMG00000045026;RP11-257I14.1
FBN3	FBN3
PGAP3	PGAP3
HMGN2P11	HMGN2P11
FBXO34	FBXO34
RPP14	RPP14
LOC101060373;NOMO1	LOC101060373;NOMO1
RNA5SP299	RNA5SP299
FAM215A	FAM215A
AC092635.1;OTTHUMG00000151714	AC092635.1;OTTHUMG00000151714
CTU2	CTU2
ATAD5	ATAD5
ATXN2	ATXN2
RNY4P18	RNY4P18
CNN3	CNN3
AC012456.3;OTTHUMG00000140389	AC012456.3;OTTHUMG00000140389
SYTL5	SYTL5
FAM84A	FAM84A
MKRN3	MKRN3
C1orf192	C1orf192
RNA5SP284	RNA5SP284
GNG2	GNG2
MYO1F	MYO1F
PRMT5-AS1	PRMT5-AS1
WDR19	WDR19
AKAP8	AKAP8
AC010890.1;OTTHUMG00000153495	AC010890.1;OTTHUMG00000153495
SPTSSB	SPTSSB
ZC3HC1	ZC3HC1
LOC100190986	LOC100190986
AMT	AMT
DSC2	DSC2
TNNC2	TNNC2
CDH5	CDH5
HLA-H	HLA-H
NR0B1	NR0B1
GOLGA8S	GOLGA8S
AC093734.13;AC093734.14;OTTHUMG00000151451;OTTHUMG00000151455;TMEM184A	AC093734.13;AC093734.14;OTTHUMG00000151451;OTTHUMG00000151455;TMEM184A
CFHR4	CFHR4
RNA5SP396	RNA5SP396
NDC1;TMEM48	NDC1;TMEM48
AC068718.1;OTTHUMG00000154285	AC068718.1;OTTHUMG00000154285
KIAA1033	KIAA1033
F12	F12
LST1	LST1
NECAP2	NECAP2
PMFBP1	PMFBP1
STC1	STC1
FLJ00104	FLJ00104
MIR502	MIR502
PTK7	PTK7
ZBTB20-AS1	ZBTB20-AS1
SNAP91	SNAP91
C5orf17	C5orf17
CACNA2D1	CACNA2D1
AC006000.5;OTTHUMG00000152350	AC006000.5;OTTHUMG00000152350
PPP2R1B	PPP2R1B
BTBD10	BTBD10
HSPB11	HSPB11
OTTHUMG00000018169;RP11-13E1.5	OTTHUMG00000018169;RP11-13E1.5
GRAP	GRAP
CACNG4	CACNG4
ZNF304	ZNF304
CITF22-24E5.1;OTTHUMG00000150549	CITF22-24E5.1;OTTHUMG00000150549
KCNIP2-AS1;OTTHUMG00000018936;RP11-190J1.10	KCNIP2-AS1;OTTHUMG00000018936;RP11-190J1.10
AL583842.6;OTTHUMG00000013382	AL583842.6;OTTHUMG00000013382
PCDHB18	PCDHB18
RNA5SP260	RNA5SP260
OR8B2;OR8B3	OR8B2;OR8B3
DNAJC14	DNAJC14
DAZAP2	DAZAP2
OTTHUMG00000015879;RP11-477D19.2;TFB1M	OTTHUMG00000015879;RP11-477D19.2;TFB1M
KANSL1-AS1	KANSL1-AS1
CEP55	CEP55
ANO2	ANO2
ADAMTS1	ADAMTS1
COG7	COG7
DQX1	DQX1
RNU6-42P	RNU6-42P
ZNF805	ZNF805
CCNB2	CCNB2
AP000692.9;MORC3;OTTHUMG00000086612	AP000692.9;MORC3;OTTHUMG00000086612
UGT1A1;UGT1A10;UGT1A3;UGT1A4;UGT1A5;UGT1A6;UGT1A7;UGT1A8;UGT1A9	UGT1A1;UGT1A10;UGT1A3;UGT1A4;UGT1A5;UGT1A6;UGT1A7;UGT1A8;UGT1A9
RNA5SP218	RNA5SP218
TIMP1	TIMP1
AC009411.2;OTTHUMG00000151806	AC009411.2;OTTHUMG00000151806
MAGT1	MAGT1
FABP5;LOC101060453	FABP5;LOC101060453
NCDN	NCDN
CDKN1A	CDKN1A
RNA5SP507	RNA5SP507
LDOC1	LDOC1
OTTHUMG00000158562;RP11-637O11.2	OTTHUMG00000158562;RP11-637O11.2
AC104809.3;LOC728763;OTTHUMG00000151855	AC104809.3;LOC728763;OTTHUMG00000151855
CCDC74A;CCDC74B	CCDC74A;CCDC74B
GTF2E1	GTF2E1
DCAF12	DCAF12
SEMA3D	SEMA3D
PSEN2	PSEN2
SNAR-C4	SNAR-C4
PJA2	PJA2
OTTHUMG00000160525;RP11-227F19.2	OTTHUMG00000160525;RP11-227F19.2
KB-1254G8.1;OTTHUMG00000164839	KB-1254G8.1;OTTHUMG00000164839
ZNF385D-AS1	ZNF385D-AS1
AKAP17A	AKAP17A
SETX	SETX
DAPK3;MIR637	DAPK3;MIR637
ATG9B	ATG9B
ASAP1	ASAP1
ACSS2	ACSS2
SUV39H1	SUV39H1
SNORA72	SNORA72
DGCR9	DGCR9
YWHAG	YWHAG
UBE2K	UBE2K
APOL2	APOL2
TMEM5	TMEM5
HLA-L	HLA-L
RNA5SP50	RNA5SP50
MIR92A2	MIR92A2
SHOC2	SHOC2
VPS52	VPS52
KCTD10	KCTD10
FGF10	FGF10
HDGFRP3	HDGFRP3
PNLIPRP1	PNLIPRP1
STAT6	STAT6
ZC3H8	ZC3H8
C6orf141	C6orf141
FLJ46284;OTTHUMG00000164159;RP11-100L22.2	FLJ46284;OTTHUMG00000164159;RP11-100L22.2
MAPK9	MAPK9
TRAM2	TRAM2
TRPM8	TRPM8
FBXW8	FBXW8
OTTHUMG00000164452;RP11-267M23.3	OTTHUMG00000164452;RP11-267M23.3
DDX52	DDX52
RNU6-46P	RNU6-46P
OSBP2	OSBP2
PLK4	PLK4
ELOF1	ELOF1
PITPNC1	PITPNC1
MIR3675	MIR3675
RNA5SP516	RNA5SP516
SMPD4	SMPD4
TRAPPC6B	TRAPPC6B
OTTHUMG00000018787;PLCE1-AS1;RP11-76P2.3	OTTHUMG00000018787;PLCE1-AS1;RP11-76P2.3
ZNF704	ZNF704
AGBL5	AGBL5
CXorf24	CXorf24
EXO1	EXO1
TIGD2	TIGD2
LINC00458	LINC00458
FAM63B	FAM63B
SRP72P2	SRP72P2
SH2D5	SH2D5
NKAIN3	NKAIN3
SMPDL3B	SMPDL3B
DCHS2	DCHS2
ZFAND4	ZFAND4
DTWD1	DTWD1
ZFHX4-AS1	ZFHX4-AS1
ENPP1	ENPP1
MIR1290	MIR1290
TTC33	TTC33
SOGA1	SOGA1
RNU5E-9P	RNU5E-9P
PIGU	PIGU
TERF2IP	TERF2IP
LOC100507511	LOC100507511
AC010907.2;OTTHUMG00000151467	AC010907.2;OTTHUMG00000151467
RAB40A	RAB40A
DTNB	DTNB
CHAF1B	CHAF1B
SLC12A8	SLC12A8
GOLGA6L2	GOLGA6L2
HLA-H	HLA-H
VPS33A	VPS33A
SDHD	SDHD
PAPOLA	PAPOLA
HCG27	HCG27
ANAPC10	ANAPC10
HLA-L	HLA-L
STK39	STK39
DCDC1;DCDC5	DCDC1;DCDC5
ASXL2	ASXL2
OTTHUMG00000162352;RP11-434D9.1	OTTHUMG00000162352;RP11-434D9.1
MIR4298	MIR4298
CCDC152	CCDC152
GRB7	GRB7
RNA5SP95	RNA5SP95
SNCA	SNCA
ART3	ART3
COPS7A	COPS7A
MSRA	MSRA
LST1	LST1
FAM89A;MIR1182	FAM89A;MIR1182
PRKX	PRKX
BTBD2	BTBD2
DTNBP1	DTNBP1
STK24	STK24
RPL29P2	RPL29P2
RHOBTB1	RHOBTB1
EGFLAM	EGFLAM
ARHGAP17	ARHGAP17
ST8SIA2	ST8SIA2
AC017116.8;FLJ35390;LINC00957;OTTHUMG00000155351	AC017116.8;FLJ35390;LINC00957;OTTHUMG00000155351
ZNF850	ZNF850
ORC5	ORC5
CLEC1A	CLEC1A
MIR1229	MIR1229
HAGHL	HAGHL
PRDX3	PRDX3
AGPS	AGPS
RNA5SP127	RNA5SP127
CBFA2T2	CBFA2T2
NOMO2	NOMO2
MYH14	MYH14
C1orf227	C1orf227
SNORD115-27	SNORD115-27
KCNMB1	KCNMB1
EHHADH	EHHADH
YY2	YY2
LOC440300	LOC440300
CCDC13	CCDC13
OTTHUMG00000014778;RP1-8B1.4	OTTHUMG00000014778;RP1-8B1.4
MGST2	MGST2
PMS2	PMS2
IMP3	IMP3
TST	TST
FKBP3	FKBP3
LOC645752	LOC645752
PCMT1	PCMT1
OTTHUMG00000163924;RP11-63E5.6	OTTHUMG00000163924;RP11-63E5.6
HLA-L	HLA-L
IDH3A	IDH3A
ZNF876P	ZNF876P
BRI3	BRI3
AC016730.1;OTTHUMG00000151713	AC016730.1;OTTHUMG00000151713
FASTKD2	FASTKD2
AC016292.1;OTTHUMG00000132154	AC016292.1;OTTHUMG00000132154
HNRNPA1P8	HNRNPA1P8
AC091736.10;OTTHUMG00000155536;SLC13A4	AC091736.10;OTTHUMG00000155536;SLC13A4
LRSAM1	LRSAM1
PLCD4	PLCD4
CLEC18B	CLEC18B
OTTHUMG00000018907;RP11-34D15.2	OTTHUMG00000018907;RP11-34D15.2
MVB12A	MVB12A
SNAR-G2	SNAR-G2
IGFBP2	IGFBP2
HLA-A	HLA-A
SCXA;SCXB	SCXA;SCXB
SHISA7	SHISA7
PLAGL2	PLAGL2
GOSR1	GOSR1
RALGAPA1	RALGAPA1
OTTHUMG00000001449;RP11-558F24.4	OTTHUMG00000001449;RP11-558F24.4
SMYD3-IT1	SMYD3-IT1
ACTC1	ACTC1
SCML4	SCML4
LMO7	LMO7
ANKRD13A	ANKRD13A
MTMR10	MTMR10
TSPAN9	TSPAN9
CA14	CA14
DAP	DAP
PCSK4	PCSK4
FMR1	FMR1
UBXN8	UBXN8
CTD-2089N3.3;LOC100287592;OTTHUMG00000162410	CTD-2089N3.3;LOC100287592;OTTHUMG00000162410
RNA5SP485	RNA5SP485
AC098617.1;OTTHUMG00000154332	AC098617.1;OTTHUMG00000154332
RBX1;XPNPEP3	RBX1;XPNPEP3
RNA5SP319	RNA5SP319
ZNF662	ZNF662
OTTHUMG00000013198;RP11-101E5.1	OTTHUMG00000013198;RP11-101E5.1
SURF1	SURF1
C22orf32;SMDT1	C22orf32;SMDT1
FRMPD2P1;FRMPD2P2	FRMPD2P1;FRMPD2P2
FANCG	FANCG
SLC6A17	SLC6A17
H19;MIR675	H19;MIR675
SCN3A	SCN3A
RPS6	RPS6
AOAH-IT1	AOAH-IT1
PIRT	PIRT
SDC4	SDC4
CALN1	CALN1
AC018730.1;LOC100506421;OTTHUMG00000153065	AC018730.1;LOC100506421;OTTHUMG00000153065
ORAI1	ORAI1
MMP7	MMP7
RNU4-8P	RNU4-8P
SNX24	SNX24
NISCH	NISCH
OTTHUMG00000021064;RP13-297E16.5	OTTHUMG00000021064;RP13-297E16.5
VPS29	VPS29
CMAHP	CMAHP
UBE2R2	UBE2R2
DZIP1	DZIP1
MIR504	MIR504
PMS2P4	PMS2P4
POLL	POLL
MIR1910	MIR1910
AC016738.3;OTTHUMG00000153028	AC016738.3;OTTHUMG00000153028
PPIAL4G	PPIAL4G
TUBB1	TUBB1
SGOL2	SGOL2
C1orf144;SZRD1	C1orf144;SZRD1
OTTHUMG00000161279;RP11-610J23.1	OTTHUMG00000161279;RP11-610J23.1
HLA-H	HLA-H
LENG1	LENG1
LOC101060181;ZNF44	LOC101060181;ZNF44
TRPA1	TRPA1
DR1	DR1
LSM11	LSM11
MIR612;NEAT1	MIR612;NEAT1
HSD17B4	HSD17B4
GPR176	GPR176
TAF8	TAF8
BARX1	BARX1
DNAJC12	DNAJC12
LOC729970;OTTHUMG00000010780;RP4-639F20.1	LOC729970;OTTHUMG00000010780;RP4-639F20.1
SIAH2-AS1	SIAH2-AS1
OTTHUMG00000165011;RP11-85I17.2	OTTHUMG00000165011;RP11-85I17.2
MARK2P9	MARK2P9
NEFL	NEFL
BOP1	BOP1
RNA5SP276	RNA5SP276
LINC00682	LINC00682
PHLDB3	PHLDB3
LY6G5B	LY6G5B
MIR3180-1;MIR3180-2;MIR3180-3	MIR3180-1;MIR3180-2;MIR3180-3
MIR3180-1;MIR3180-2;MIR3180-3	MIR3180-1;MIR3180-2;MIR3180-3
GSG1	GSG1
ZNF93	ZNF93
LINC00504	LINC00504
HLA-H	HLA-H
CYP2A7P1	CYP2A7P1
HMG20A	HMG20A
MEST	MEST
ZNF622	ZNF622
FUZ	FUZ
HADH	HADH
OTTHUMG00000160329;RP11-462G22.1	OTTHUMG00000160329;RP11-462G22.1
ZBTB2	ZBTB2
KIAA1984	KIAA1984
MCM6	MCM6
OTTHUMG00000032141;RP4-760C5.3	OTTHUMG00000032141;RP4-760C5.3
GM140;OTTHUMG00000035177;RP11-380B22.1	GM140;OTTHUMG00000035177;RP11-380B22.1
RNU1-10P	RNU1-10P
MRPS18A	MRPS18A
OTTHUMG00000019702;RP11-321L2.1	OTTHUMG00000019702;RP11-321L2.1
VAX1	VAX1
ZIC1	ZIC1
NPIPL2	NPIPL2
UNC13A	UNC13A
AC007092.1;FLJ30838;OTTHUMG00000152613	AC007092.1;FLJ30838;OTTHUMG00000152613
MBOAT1	MBOAT1
SLC4A9	SLC4A9
ZNF43	ZNF43
ZNF521	ZNF521
CANT1	CANT1
FGB	FGB
GPHA2	GPHA2
RNA5SP343	RNA5SP343
HLA-H	HLA-H
GOLPH3	GOLPH3
EYA3-IT1	EYA3-IT1
OGDHL	OGDHL
IL33	IL33
CRCP	CRCP
RAB9B	RAB9B
TNFSF12;TNFSF12-TNFSF13	TNFSF12;TNFSF12-TNFSF13
MIR181A2	MIR181A2
RNU6-18	RNU6-18
RNU6-17	RNU6-17
SFSWAP	SFSWAP
FGF2	FGF2
NFKBID	NFKBID
ADCYAP1	ADCYAP1
CTD-2089N3.2;OTTHUMG00000162408	CTD-2089N3.2;OTTHUMG00000162408
POLE2	POLE2
ANKRD17	ANKRD17
RNA5SP421	RNA5SP421
INTS10	INTS10
LOC401010	LOC401010
C11orf41;KIAA1549L	C11orf41;KIAA1549L
PAM16	PAM16
TRAFD1	TRAFD1
CCNA2	CCNA2
STX8	STX8
LRRTM1	LRRTM1
AC018730.3;AC018730.4;LOC100128131;OTTHUMG00000153064;OTTHUMG00000153068	AC018730.3;AC018730.4;LOC100128131;OTTHUMG00000153064;OTTHUMG00000153068
KMT2D	KMT2D
CDK2AP1	CDK2AP1
TRAJ25	TRAJ25
STAP2	STAP2
SLC6A8	SLC6A8
LHX5	LHX5
TENM2	TENM2
STRADA	STRADA
KLRAP1	KLRAP1
SOD3	SOD3
ZNF571	ZNF571
SUSD5	SUSD5
RNA5SP177	RNA5SP177
SPHK1	SPHK1
SACM1L	SACM1L
LOC100130502;OTTHUMG00000172199;RP11-89K21.1	LOC100130502;OTTHUMG00000172199;RP11-89K21.1
FLJ27255;OTTHUMG00000141283;RP3-393E18.2	FLJ27255;OTTHUMG00000141283;RP3-393E18.2
HIVEP3	HIVEP3
LOC100506948;PAR4;SNHG14;SNORD107;SNORD115-13;SNORD115-23;SNORD115-26;SNORD115-7;SNORD116-28	LOC100506948;PAR4;SNHG14;SNORD107;SNORD115-13;SNORD115-23;SNORD115-26;SNORD115-7;SNORD116-28
WNT3	WNT3
LOC101060615	LOC101060615
SLC39A11	SLC39A11
LOC100131514;LOC100134216;LOC101060622;LOC101060740;LOC101060797;MUC3A	LOC100131514;LOC100134216;LOC101060622;LOC101060740;LOC101060797;MUC3A
RPL19P13	RPL19P13
KCNJ10;OTTHUMG00000024079;RP11-226L15.4	KCNJ10;OTTHUMG00000024079;RP11-226L15.4
AC084082.3;OTTHUMG00000164472	AC084082.3;OTTHUMG00000164472
SPI1	SPI1
AC144521.1;OTTHUMG00000155346	AC144521.1;OTTHUMG00000155346
HSPA12A;OTTHUMG00000019111;RP11-539I5.1	HSPA12A;OTTHUMG00000019111;RP11-539I5.1
RAE1	RAE1
RNA5SP348	RNA5SP348
LOC100129722	LOC100129722
CDKN3	CDKN3
OTTHUMG00000022365;RP1-30E17.2	OTTHUMG00000022365;RP1-30E17.2
C7orf28A;CCZ1;CCZ1B;OTTHUMG00000155502	C7orf28A;CCZ1;CCZ1B;OTTHUMG00000155502
TCHP	TCHP
OTTHUMG00000014659;RP11-552E20.4	OTTHUMG00000014659;RP11-552E20.4
FGA	FGA
ZNF205-AS1	ZNF205-AS1
AC004166.7;OTTHUMG00000156216;STAG3L2;STAG3L3	AC004166.7;OTTHUMG00000156216;STAG3L2;STAG3L3
RNA5SP443	RNA5SP443
OTTHUMG00000163454;RP11-423H2.4	OTTHUMG00000163454;RP11-423H2.4
HOOK2	HOOK2
STS	STS
MAD2L1	MAD2L1
FOLH1;FOLH1B	FOLH1;FOLH1B
METTL8	METTL8
SNX12	SNX12
DNM2	DNM2
MIR19B2	MIR19B2
RAI1	RAI1
EPS8L1	EPS8L1
HNRNPH3	HNRNPH3
ERG	ERG
CTC-459I6.1;OTTHUMG00000162539	CTC-459I6.1;OTTHUMG00000162539
RFC4	RFC4
SUCLG2	SUCLG2
GPRC5B	GPRC5B
MCM4	MCM4
LOC101060455;LOC595101	LOC101060455;LOC595101
NME4	NME4
OTTHUMG00000022180;RP6-24A23.3	OTTHUMG00000022180;RP6-24A23.3
DTL	DTL
CDH22	CDH22
ATP6V1C2	ATP6V1C2
CPS1	CPS1
LINC00864;OTTHUMG00000018097;RP11-342C24.8	LINC00864;OTTHUMG00000018097;RP11-342C24.8
FAM100B;UBALD2	FAM100B;UBALD2
PHC1	PHC1
LIG4	LIG4
FAM134B	FAM134B
ADRB2	ADRB2
NUF2	NUF2
TLK1	TLK1
CTD-2308B18.3;OTTHUMG00000162996	CTD-2308B18.3;OTTHUMG00000162996
BZW1	BZW1
RPL7	RPL7
OTTHUMG00000018423;RP11-790G19.2;UNC5B-AS1	OTTHUMG00000018423;RP11-790G19.2;UNC5B-AS1
SUMO1	SUMO1
ARHGEF25	ARHGEF25
FLRT1	FLRT1
RNU1-20P	RNU1-20P
SLIT2-IT1	SLIT2-IT1
TDP1	TDP1
B3GALT1	B3GALT1
LGI1	LGI1
DBI	DBI
MTMR12	MTMR12
TTTY10	TTTY10
LINC00511;LINC00673	LINC00511;LINC00673
RNA5SP197	RNA5SP197
ARAP3	ARAP3
LOC100132999;LOC101060698;LOC642441;LOC730256	LOC100132999;LOC101060698;LOC642441;LOC730256
MAST2	MAST2
AQP3	AQP3
PARL	PARL
MAGI2-AS1	MAGI2-AS1
PTCD3	PTCD3
ZNF800	ZNF800
LOC729020;RPE	LOC729020;RPE
DENR	DENR
MIR4689	MIR4689
GLB1L3	GLB1L3
MACF1	MACF1
DRAM2	DRAM2
MIR4651;POR	MIR4651;POR
GDF5	GDF5
AGER	AGER
KIDINS220	KIDINS220
CD27-AS1	CD27-AS1
GYPB	GYPB
FLJ22184	FLJ22184
RNF180	RNF180
BZW2	BZW2
CDK10	CDK10
CCR6	CCR6
ALOX15P1	ALOX15P1
METTL23	METTL23
SPINT2	SPINT2
SLC38A1	SLC38A1
COQ10A	COQ10A
PEMT	PEMT
GUSBP9	GUSBP9
PRDX6	PRDX6
DENND1B	DENND1B
IRS1	IRS1
RAD51C	RAD51C
TEAD1	TEAD1
RAB7L1	RAB7L1
ANKRD44-IT1	ANKRD44-IT1
LOC286297	LOC286297
MCM10	MCM10
UCN3	UCN3
TRAF1	TRAF1
PPP6R3	PPP6R3
OTTHUMG00000012023;RP3-522D1.1	OTTHUMG00000012023;RP3-522D1.1
GOLGA1	GOLGA1
BNIP2	BNIP2
SMIM8	SMIM8
IRX3	IRX3
BAT1;DDX39B;OTTHUMG00000031447;SNORD84	BAT1;DDX39B;OTTHUMG00000031447;SNORD84
ITGA5	ITGA5
C1QC	C1QC
ZNF611	ZNF611
LOC100505697;OTTHUMG00000014663;RP3-462C17.1	LOC100505697;OTTHUMG00000014663;RP3-462C17.1
ABLIM2	ABLIM2
SPDYE2;SPDYE6	SPDYE2;SPDYE6
F2RL1	F2RL1
IL13RA1	IL13RA1
IP6K2	IP6K2
SLC19A2	SLC19A2
LHCGR	LHCGR
COL4A3BP	COL4A3BP
OLFML2A	OLFML2A
SNORD114-20	SNORD114-20
C14orf166B	C14orf166B
RNA5SP298	RNA5SP298
DMRT3	DMRT3
AC093627.10;LOC100507642;OTTHUMG00000151398	AC093627.10;LOC100507642;OTTHUMG00000151398
CBWD3;CBWD5;CBWD7;LOC100653334;LOC101060578	CBWD3;CBWD5;CBWD7;LOC100653334;LOC101060578
COX7A2	COX7A2
SEMA6A	SEMA6A
PDIA2	PDIA2
ZNF232	ZNF232
MIR3942	MIR3942
RNA5SP206	RNA5SP206
CT64	CT64
SH3D21	SH3D21
AC087294.2;OTTHUMG00000130765	AC087294.2;OTTHUMG00000130765
BMP2KL	BMP2KL
METTL12;SNORA57	METTL12;SNORA57
RNA5SP229	RNA5SP229
PPEF1-AS1	PPEF1-AS1
RBM19	RBM19
CTD-2501M5.1;OTTHUMG00000164760	CTD-2501M5.1;OTTHUMG00000164760
SNRNP200	SNRNP200
IMMT	IMMT
RNY4P19	RNY4P19
PRPSAP2	PRPSAP2
MIR4437	MIR4437
LONP2	LONP2
HLA-H	HLA-H
SUDS3	SUDS3
LCTL	LCTL
LIN54	LIN54
FOXJ2	FOXJ2
FAM70A;TMEM255A	FAM70A;TMEM255A
C5orf28	C5orf28
GATA2	GATA2
OTTHUMG00000164014;RP11-14I17.2	OTTHUMG00000164014;RP11-14I17.2
OTTHUMG00000018554;RP11-90J7.4	OTTHUMG00000018554;RP11-90J7.4
ACYP2	ACYP2
AL592494.5;OTTHUMG00000013092	AL592494.5;OTTHUMG00000013092
SERPINI2	SERPINI2
RNA5SP415	RNA5SP415
MIR1179	MIR1179
ATG9A	ATG9A
GAS2L1	GAS2L1
MTRR	MTRR
LOC728323	LOC728323
RNA5SP477	RNA5SP477
UTS2B;UTS2D	UTS2B;UTS2D
NLGN2	NLGN2
DAGLA	DAGLA
OR8B4	OR8B4
IDI1	IDI1
THOC5	THOC5
MPHOSPH9	MPHOSPH9
PIM1	PIM1
ANKEF1;ANKRD5	ANKEF1;ANKRD5
GPR116	GPR116
IGFBP5	IGFBP5
TP53TG3;TP53TG3B;TP53TG3C;TP53TG3D	TP53TG3;TP53TG3B;TP53TG3C;TP53TG3D
AC009404.2;OTTHUMG00000058513	AC009404.2;OTTHUMG00000058513
CD247	CD247
SLC18B1	SLC18B1
VSNL1	VSNL1
HCG9	HCG9
TMEM198B	TMEM198B
SESN3	SESN3
MEGF11	MEGF11
TMEFF1	TMEFF1
PNRC1	PNRC1
MIR1249	MIR1249
MKS1	MKS1
NCAPD3	NCAPD3
ABCA2	ABCA2
LPPR3;OTTHUMG00000164523	LPPR3;OTTHUMG00000164523
EDA2R	EDA2R
SLC9A4	SLC9A4
ATP1B3	ATP1B3
PPIL4	PPIL4
LOC285768;OTTHUMG00000014118;RP5-1077H22.1	LOC285768;OTTHUMG00000014118;RP5-1077H22.1
ERGIC3	ERGIC3
MAP2	MAP2
SLC33A1	SLC33A1
AC097468.4;LOC100129175;OTTHUMG00000154630	AC097468.4;LOC100129175;OTTHUMG00000154630
ANKRD23	ANKRD23
SKOR1	SKOR1
SMA4	SMA4
RBM25	RBM25
OTTHUMG00000008497;RP4-665N4.4	OTTHUMG00000008497;RP4-665N4.4
OTTHUMG00000035581;RP11-295K2.3	OTTHUMG00000035581;RP11-295K2.3
CDC42EP1	CDC42EP1
FAM3A	FAM3A
LRP8	LRP8
AKR1C1	AKR1C1
NCKAP1	NCKAP1
DNALI1	DNALI1
CDNF	CDNF
RPL23A;SNORD42A;SNORD42B;SNORD4A	RPL23A;SNORD42A;SNORD42B;SNORD4A
CDKL1	CDKL1
UBR3	UBR3
PTPLB	PTPLB
SLC35B3	SLC35B3
CDH4	CDH4
RNA5SP334;SAA1	RNA5SP334;SAA1
EFCAB4B	EFCAB4B
SH3BP2	SH3BP2
CNR1	CNR1
RNU6-54	RNU6-54
MIR548M	MIR548M
FAM72C	FAM72C
RNU6-4	RNU6-4
GLB1;TMPPE	GLB1;TMPPE
ATP6V0D2	ATP6V0D2
WDFY1	WDFY1
OTTHUMG00000020443;RP11-196I18.4	OTTHUMG00000020443;RP11-196I18.4
TBC1D20	TBC1D20
FNDC3A	FNDC3A
AC093642.3;OTTHUMG00000151373	AC093642.3;OTTHUMG00000151373
AC108004.2;LOC100506371;OTTHUMG00000132133	AC108004.2;LOC100506371;OTTHUMG00000132133
USP25	USP25
CHN1	CHN1
SLC31A1	SLC31A1
SLC1A6	SLC1A6
C6orf38;OTTHUMG00000031429	C6orf38;OTTHUMG00000031429
OTTHUMG00000018119;RP11-144G6.4	OTTHUMG00000018119;RP11-144G6.4
FBXO39	FBXO39
PUM1	PUM1
GSTA3	GSTA3
POLR1D	POLR1D
GPR149	GPR149
SP8	SP8
RNA5SP517	RNA5SP517
PIGZ	PIGZ
LRRN1	LRRN1
PRR14L	PRR14L
COL22A1	COL22A1
SNORD115-25	SNORD115-25
PRMT7	PRMT7
FAM46A	FAM46A
RFC3	RFC3
KIFC1	KIFC1
STOML2	STOML2
BAK1	BAK1
RNA5SP472	RNA5SP472
ARL2	ARL2
HLA-A	HLA-A
LOC100294145	LOC100294145
NHLRC3	NHLRC3
CMTM4	CMTM4
BIRC5	BIRC5
TRBV6-4	TRBV6-4
ARL17A;ARL17B;LOC100294341;LOC100996709	ARL17A;ARL17B;LOC100294341;LOC100996709
SMAD9	SMAD9
SLC1A3	SLC1A3
C6orf163	C6orf163
OTTHUMG00000021098;RP11-1M18.1	OTTHUMG00000021098;RP11-1M18.1
KB-1639H6.2;OTTHUMG00000164763	KB-1639H6.2;OTTHUMG00000164763
SLC6A18	SLC6A18
SNORD115-24	SNORD115-24
OTTHUMG00000042245;RP11-315I20.1	OTTHUMG00000042245;RP11-315I20.1
FBXL2	FBXL2
HCG27	HCG27
HCG27	HCG27
ATG4D	ATG4D
BDP1	BDP1
LOC100507377	LOC100507377
GIPC1	GIPC1
CNOT3	CNOT3
FGGY	FGGY
DCLK2	DCLK2
RNA5SP92	RNA5SP92
SLC43A1	SLC43A1
AL035610.1;LOC100652994;OTTHUMG00000078709	AL035610.1;LOC100652994;OTTHUMG00000078709
GORASP2	GORASP2
LOC100506071	LOC100506071
RPL23;SNORA21	RPL23;SNORA21
RARS	RARS
NT5DC2	NT5DC2
FAM118B	FAM118B
AGXT2	AGXT2
RNU6-34P	RNU6-34P
AC005532.5;OTTHUMG00000151907	AC005532.5;OTTHUMG00000151907
HSBP1L1	HSBP1L1
TXNRD1	TXNRD1
CTIF;MIR4743	CTIF;MIR4743
RNU6-19P	RNU6-19P
RNA5SP480	RNA5SP480
PLIN3	PLIN3
ARL17A;ARL17B	ARL17A;ARL17B
OTTHUMG00000002292;RP1-37C10.3	OTTHUMG00000002292;RP1-37C10.3
SETD8	SETD8
TSPY5P	TSPY5P
MORN4	MORN4
SLC9A1	SLC9A1
PDE6D	PDE6D
HCN3	HCN3
EBF4	EBF4
TMEM201	TMEM201
PLEKHJ1	PLEKHJ1
CXorf21	CXorf21
MAN2B1	MAN2B1
FBXO44	FBXO44
AC004951.6;OTTHUMG00000155268	AC004951.6;OTTHUMG00000155268
CBWD6	CBWD6
SLC30A4	SLC30A4
DOK3	DOK3
AP4E1	AP4E1
BRD8	BRD8
ZBTB46	ZBTB46
PCDHGC5	PCDHGC5
OTTHUMG00000148843;XXbac-BCX196D17.5	OTTHUMG00000148843;XXbac-BCX196D17.5
WDR18	WDR18
C8orf44-SGK3;SGK3	C8orf44-SGK3;SGK3
ANAPC1P1	ANAPC1P1
MGC39372;OTTHUMG00000014127;RP11-420G6.4	MGC39372;OTTHUMG00000014127;RP11-420G6.4
OTTHUMG00000015954;RP1-81D8.3	OTTHUMG00000015954;RP1-81D8.3
ANKRD32	ANKRD32
FMO5;LOC101060372	FMO5;LOC101060372
HMGB1P24	HMGB1P24
NGFRAP1	NGFRAP1
ACHE	ACHE
OTTHUMG00000163607;RP11-378A12.1	OTTHUMG00000163607;RP11-378A12.1
BIK	BIK
RBM10	RBM10
IL8	IL8
PKIA	PKIA
ZNF705D	ZNF705D
SUOX	SUOX
RPS11;SNORD35B	RPS11;SNORD35B
SPATA31D1;SPATA31D3;SPATA31D4	SPATA31D1;SPATA31D3;SPATA31D4
GDAP1	GDAP1
APLN	APLN
ATL2	ATL2
MAPT-AS1	MAPT-AS1
MIR4742	MIR4742
C2orf27A	C2orf27A
GOT2	GOT2
FLJ38723	FLJ38723
LOC100130172;OTTHUMG00000163222;RP11-325L7.1	LOC100130172;OTTHUMG00000163222;RP11-325L7.1
GIPC3	GIPC3
SPR	SPR
OTTHUMG00000002202;RP11-108M9.2	OTTHUMG00000002202;RP11-108M9.2
MSH5;MSH5-SAPCD1;SAPCD1	MSH5;MSH5-SAPCD1;SAPCD1
PLOD3	PLOD3
LOC100506115;OTTHUMG00000032721;RP11-290F20.3	LOC100506115;OTTHUMG00000032721;RP11-290F20.3
DCBLD2	DCBLD2
RNA5SP419	RNA5SP419
LSAMP-AS3;TUSC7	LSAMP-AS3;TUSC7
TP53INP1	TP53INP1
LOC100288152	LOC100288152
SH3GLB2	SH3GLB2
ATP13A1	ATP13A1
CORO1C	CORO1C
CDH10	CDH10
GFI1	GFI1
FIGN	FIGN
LINC00958	LINC00958
CTC-338M12.1;OTTHUMG00000162378	CTC-338M12.1;OTTHUMG00000162378
RNA5SP395	RNA5SP395
OTTHUMG00000032445;RP4-564F22.5	OTTHUMG00000032445;RP4-564F22.5
KIF2C	KIF2C
C1QTNF9B	C1QTNF9B
RNU6-61	RNU6-61
AC093609.1;LOC100506047;OTTHUMG00000152374	AC093609.1;LOC100506047;OTTHUMG00000152374
PDE2A	PDE2A
HAUS6	HAUS6
SYPL1	SYPL1
CCDC151	CCDC151
MIR4301	MIR4301
MTSS1	MTSS1
ARF6	ARF6
NT5M	NT5M
OTTHUMG00000019045;PDCD4-AS1;RP11-313D6.4	OTTHUMG00000019045;PDCD4-AS1;RP11-313D6.4
S100A11	S100A11
HSD17B12	HSD17B12
CDCA7	CDCA7
SF3A3	SF3A3
WASF2	WASF2
OTTHUMG00000164254;RP11-110G21.2	OTTHUMG00000164254;RP11-110G21.2
DDX11L1;DDX11L5	DDX11L1;DDX11L5
SOCS3	SOCS3
LPIN1	LPIN1
AC009299.3;LOC100996579;OTTHUMG00000151885	AC009299.3;LOC100996579;OTTHUMG00000151885
GARNL3	GARNL3
MIS18A	MIS18A
MYH8	MYH8
KRTAP10-8	KRTAP10-8
C7orf53;LSMEM1	C7orf53;LSMEM1
LAMTOR1	LAMTOR1
FBXO45	FBXO45
POC1A	POC1A
KIF26A	KIF26A
ZNF528	ZNF528
SNORA52	SNORA52
ANKRD31	ANKRD31
RPGRIP1	RPGRIP1
PDXP	PDXP
CDC25A	CDC25A
TNFSF9	TNFSF9
C2CD2L	C2CD2L
AGBL4	AGBL4
AC159540.3;OTTHUMG00000152992	AC159540.3;OTTHUMG00000152992
HIST1H4A;HIST1H4B;HIST1H4C;HIST1H4D;HIST1H4E;HIST1H4F;HIST1H4H;HIST1H4I;HIST1H4J;HIST1H4K;HIST1H4L;HIST2H4A;HIST2H4B;HIST4H4	HIST1H4A;HIST1H4B;HIST1H4C;HIST1H4D;HIST1H4E;HIST1H4F;HIST1H4H;HIST1H4I;HIST1H4J;HIST1H4K;HIST1H4L;HIST2H4A;HIST2H4B;HIST4H4
CALML6	CALML6
OTTHUMG00000163307;RP11-381K20.2	OTTHUMG00000163307;RP11-381K20.2
GOLGA8A	GOLGA8A
LOC100507438;OTTHUMG00000020357;RP11-547C13.1	LOC100507438;OTTHUMG00000020357;RP11-547C13.1
CTC-231O11.1;MIR146A;OTTHUMG00000163553	CTC-231O11.1;MIR146A;OTTHUMG00000163553
AC138969.4;NPIPA2;NPIPA3;NPIPA5;OTTHUMG00000133624;PKD1P1	AC138969.4;NPIPA2;NPIPA3;NPIPA5;OTTHUMG00000133624;PKD1P1
SSTR5-AS1	SSTR5-AS1
OTTHUMG00000014085;RP11-495P10.1	OTTHUMG00000014085;RP11-495P10.1
TIAM1	TIAM1
OTTHUMG00000161400;RP11-673E1.4	OTTHUMG00000161400;RP11-673E1.4
PTCSC3	PTCSC3
E2F8	E2F8
KIFC1	KIFC1
KIFC1	KIFC1
FOXL2	FOXL2
CTC-436K13.3;OTTHUMG00000163521	CTC-436K13.3;OTTHUMG00000163521
CGREF1	CGREF1
DTD2	DTD2
DMPK	DMPK
TARS2	TARS2
FAM21D	FAM21D
OTTHUMG00000164603;RP11-99H20.1	OTTHUMG00000164603;RP11-99H20.1
TP53TG3;TP53TG3B;TP53TG3C;TP53TG3D	TP53TG3;TP53TG3B;TP53TG3C;TP53TG3D
RNA5SP265	RNA5SP265
CDX2	CDX2
NAB1	NAB1
SCARA5	SCARA5
SLC37A4	SLC37A4
CSRNP2	CSRNP2
SERPINA9	SERPINA9
LOC100134229	LOC100134229
CNIH2	CNIH2
KIF22	KIF22
RNA5SP476	RNA5SP476
TMEM121	TMEM121
UAP1	UAP1
SLC9A7	SLC9A7
GREB1L	GREB1L
AKAP6	AKAP6
CHRND	CHRND
AC053503.4;OTTHUMG00000058921	AC053503.4;OTTHUMG00000058921
ZNF192P1	ZNF192P1
OTTHUMG00000015244;RP3-417O22.3	OTTHUMG00000015244;RP3-417O22.3
PAPD4	PAPD4
BRF1	BRF1
LOC100507463;OTTHUMG00000140123;XXbac-BPG246D15.8	LOC100507463;OTTHUMG00000140123;XXbac-BPG246D15.8
LOC100507463;OTTHUMG00000148828;XXbac-BPG246D15.8	LOC100507463;OTTHUMG00000148828;XXbac-BPG246D15.8
LOC100507463;OTTHUMG00000140125;XXbac-BPG246D15.8	LOC100507463;OTTHUMG00000140125;XXbac-BPG246D15.8
LOC100507463;OTTHUMG00000149081;XXbac-BPG246D15.8	LOC100507463;OTTHUMG00000149081;XXbac-BPG246D15.8
LOC100507463;OTTHUMG00000149347;XXbac-BPG246D15.8	LOC100507463;OTTHUMG00000149347;XXbac-BPG246D15.8
LOC100507463;OTTHUMG00000149596;XXbac-BPG246D15.8	LOC100507463;OTTHUMG00000149596;XXbac-BPG246D15.8
LOC100507463;OTTHUMG00000140124;XXbac-BPG246D15.8	LOC100507463;OTTHUMG00000140124;XXbac-BPG246D15.8
ANKRD19P	ANKRD19P
UBE2O	UBE2O
MB	MB
DTX4	DTX4
POU5F1P4	POU5F1P4
AGA	AGA
TNR	TNR
PSKH1	PSKH1
NIP7	NIP7
RNA5SP72	RNA5SP72
TTTY19	TTTY19
RNA5SP291	RNA5SP291
STARD8	STARD8
DOLK	DOLK
RNA5SP38	RNA5SP38
IGHV1-3	IGHV1-3
LOC554249	LOC554249
THAP9-AS1	THAP9-AS1
DDX11L10	DDX11L10
CD4	CD4
MYO7A	MYO7A
PTPN11	PTPN11
KRTAP5-11	KRTAP5-11
DSCR4	DSCR4
CPNE3	CPNE3
CLEC4GP1	CLEC4GP1
OTTHUMG00000018719;RP11-80H5.2	OTTHUMG00000018719;RP11-80H5.2
MIR4513	MIR4513
CAMK1D;LOC283070	CAMK1D;LOC283070
CDCA8	CDCA8
RPS6KA6	RPS6KA6
OTTHUMG00000018851;RP11-452K12.4	OTTHUMG00000018851;RP11-452K12.4
ZNF229	ZNF229
TPH1	TPH1
KB-1458E12.1;OTTHUMG00000164655	KB-1458E12.1;OTTHUMG00000164655
FAM60A	FAM60A
ZCCHC17	ZCCHC17
PVRIG	PVRIG
SCARB1	SCARB1
LOC100288778	LOC100288778
FAM64A	FAM64A
C12orf66	C12orf66
MIR3125	MIR3125
LINC00493	LINC00493
FUT4;PIWIL4	FUT4;PIWIL4
OTTHUMG00000156967;RP3-430A16.1	OTTHUMG00000156967;RP3-430A16.1
OTTHUMG00000158417;RP11-286H14.6;TSPAN33	OTTHUMG00000158417;RP11-286H14.6;TSPAN33
AGER	AGER
AGER	AGER
LASP1	LASP1
RANGAP1	RANGAP1
AC091729.9;OTTHUMG00000151480	AC091729.9;OTTHUMG00000151480
CSGALNACT1	CSGALNACT1
FXYD7	FXYD7
OTTHUMG00000018325;RP11-179K3.2	OTTHUMG00000018325;RP11-179K3.2
MIR106A	MIR106A
THAP9	THAP9
GLE1	GLE1
WDR11-AS1	WDR11-AS1
ZMYND8	ZMYND8
OTTHUMG00000034834;RP3-471M13.2	OTTHUMG00000034834;RP3-471M13.2
FAM20C	FAM20C
CNTN1	CNTN1
IPO8	IPO8
IPMK	IPMK
MIR1-2;MIR133A1	MIR1-2;MIR133A1
ESCO1	ESCO1
MIR532	MIR532
NR5A2	NR5A2
GPR6	GPR6
HLA-A	HLA-A
CLIP2	CLIP2
SNORA70C	SNORA70C
FAM230C;KB-1183D5.13;LINC00281;LOC642633;OTTHUMG00000150795	FAM230C;KB-1183D5.13;LINC00281;LOC642633;OTTHUMG00000150795
SLC29A1	SLC29A1
TM9SF1	TM9SF1
DCP2	DCP2
MPP7	MPP7
ANKRD27	ANKRD27
KRT78	KRT78
SNX1	SNX1
NRXN2	NRXN2
PLEKHM2	PLEKHM2
RNU6-69P	RNU6-69P
TUBGCP6	TUBGCP6
LRRC37A3	LRRC37A3
SLC22A23	SLC22A23
C11orf31;CTNND1	C11orf31;CTNND1
CTB-113P19.1;OTTHUMG00000163500	CTB-113P19.1;OTTHUMG00000163500
GLP1R	GLP1R
SBK2	SBK2
SPAG6	SPAG6
LOC100527964;OTTHUMG00000035113;RP5-1180C10.2	LOC100527964;OTTHUMG00000035113;RP5-1180C10.2
G6PC3	G6PC3
CTB-105N12.2;OTTHUMG00000163875	CTB-105N12.2;OTTHUMG00000163875
FLT4	FLT4
SLC24A1	SLC24A1
RNY4P1	RNY4P1
TRDN	TRDN
TGM4	TGM4
RNFT1	RNFT1
FCHSD2	FCHSD2
LRRC69;SLC26A7	LRRC69;SLC26A7
POLR3F	POLR3F
OTTHUMG00000008948;RP4-784A16.5	OTTHUMG00000008948;RP4-784A16.5
CCDC74A	CCDC74A
SNORD14B	SNORD14B
RNA5SP233	RNA5SP233
PDC	PDC
KLHDC10	KLHDC10
SESTD1	SESTD1
HIST1H4A;HIST1H4B;HIST1H4C;HIST1H4D;HIST1H4E;HIST1H4F;HIST1H4H;HIST1H4I;HIST1H4J;HIST1H4K;HIST1H4L;HIST2H4A;HIST2H4B;HIST4H4	HIST1H4A;HIST1H4B;HIST1H4C;HIST1H4D;HIST1H4E;HIST1H4F;HIST1H4H;HIST1H4I;HIST1H4J;HIST1H4K;HIST1H4L;HIST2H4A;HIST2H4B;HIST4H4
LRRIQ1	LRRIQ1
LOC101060440;LOC101060471;LOC101060522;LOC440434;OTTHUMG00000164418;RP11-1407O15.2;TBC1D3	LOC101060440;LOC101060471;LOC101060522;LOC440434;OTTHUMG00000164418;RP11-1407O15.2;TBC1D3
DHTKD1	DHTKD1
MDC1	MDC1
PRKACB	PRKACB
RNA5SP234	RNA5SP234
COX15	COX15
BFAR	BFAR
EFNA3	EFNA3
USP51	USP51
CAMK1G	CAMK1G
TEX29	TEX29
AC068282.3;OTTHUMG00000153398	AC068282.3;OTTHUMG00000153398
OTTHUMG00000019462;RP11-70J12.1	OTTHUMG00000019462;RP11-70J12.1
SPC25	SPC25
TYMS	TYMS
KIF5C	KIF5C
OTTHUMG00000020274;RP11-54O15.3	OTTHUMG00000020274;RP11-54O15.3
LRRC23;RPL13P5	LRRC23;RPL13P5
HLA-H	HLA-H
PCDHB16	PCDHB16
CCDC171	CCDC171
RNA5SP110	RNA5SP110
AC098973.1;LOC100996624;OTTHUMG00000155652	AC098973.1;LOC100996624;OTTHUMG00000155652
OTTHUMG00000156136;RP11-9L18.3	OTTHUMG00000156136;RP11-9L18.3
OTTHUMG00000164909;RP11-1084E5.1	OTTHUMG00000164909;RP11-1084E5.1
RNA5SP59	RNA5SP59
RNA5SP100	RNA5SP100
PGM2	PGM2
CENPO	CENPO
CTBP1	CTBP1
C3orf17	C3orf17
NCOA1	NCOA1
SLC25A53	SLC25A53
FLG	FLG
PTPRT	PTPRT
AC009410.1;OTTHUMG00000153589	AC009410.1;OTTHUMG00000153589
EFCAB14;KIAA0494	EFCAB14;KIAA0494
CENPL	CENPL
ZBTB24	ZBTB24
TUBB2A	TUBB2A
PALM3	PALM3
LCN1	LCN1
OSGEP	OSGEP
XPC	XPC
IL17RB	IL17RB
STXBP6	STXBP6
ACTR6	ACTR6
MAOB	MAOB
OTTHUMG00000163994;RP11-675F6.4	OTTHUMG00000163994;RP11-675F6.4
ZNRF1	ZNRF1
CCDC85A	CCDC85A
PGS1	PGS1
ARHGAP42	ARHGAP42
AMBRA1	AMBRA1
ZNF724P	ZNF724P
ANAPC1;LOC730268	ANAPC1;LOC730268
RPUSD3	RPUSD3
RHBDD1	RHBDD1
LOC100996310;OTTHUMG00000159401;RP11-18H7.1	LOC100996310;OTTHUMG00000159401;RP11-18H7.1
CTD-2031P19.4;LOC100652914;LOC100653008;OTTHUMG00000163591	CTD-2031P19.4;LOC100652914;LOC100653008;OTTHUMG00000163591
KCTD5	KCTD5
SNX14	SNX14
NDUFS5	NDUFS5
ARHGEF33	ARHGEF33
ASB6	ASB6
COL19A1	COL19A1
RNA5SP339	RNA5SP339
TRA2A	TRA2A
HAO2	HAO2
OTTHUMG00000159252;RP11-383G6.3	OTTHUMG00000159252;RP11-383G6.3
SIVA1	SIVA1
BHMT	BHMT
USP37	USP37
WNT5B	WNT5B
AC004538.3;OTTHUMG00000152311	AC004538.3;OTTHUMG00000152311
SNAR-C2;SNAR-C5	SNAR-C2;SNAR-C5
CEP70	CEP70
ASAH1	ASAH1
SNORD115-2	SNORD115-2
NDUFB11	NDUFB11
TBC1D22B	TBC1D22B
SRRM3	SRRM3
EXOSC9	EXOSC9
HNRNPA1P33	HNRNPA1P33
LOC554249;OTTHUMG00000013301;RP11-111F5.4	LOC554249;OTTHUMG00000013301;RP11-111F5.4
DAZAP1	DAZAP1
OTTHUMG00000161243;RP11-138I17.1	OTTHUMG00000161243;RP11-138I17.1
TMEM51	TMEM51
SEPP1	SEPP1
FBLN5	FBLN5
RNU6-10P	RNU6-10P
RNU6-39P	RNU6-39P
ISCA2	ISCA2
OTTHUMG00000161808;RP11-124N3.3	OTTHUMG00000161808;RP11-124N3.3
TMEM116	TMEM116
ATP6V1G2	ATP6V1G2
PAF1	PAF1
JAK3	JAK3
OTTHUMG00000156184;RP11-204C23.1	OTTHUMG00000156184;RP11-204C23.1
RNA5SP194	RNA5SP194
ANAPC5	ANAPC5
GFRA3	GFRA3
OTTHUMG00000134277;RP5-955M13.4	OTTHUMG00000134277;RP5-955M13.4
SNAP25	SNAP25
PWRN1	PWRN1
CACNG3	CACNG3
OTTHUMG00000009988;OTTHUMG00000009990;RP11-67L3.4;RP11-67L3.5	OTTHUMG00000009988;OTTHUMG00000009990;RP11-67L3.4;RP11-67L3.5
FAM58A	FAM58A
LYG2	LYG2
EPHA7	EPHA7
MIR1246	MIR1246
SERPINH1	SERPINH1
OTTHUMG00000013949;RP11-277L2.3	OTTHUMG00000013949;RP11-277L2.3
ATP8B3	ATP8B3
SLC7A2	SLC7A2
NEBL	NEBL
HOXC-AS5	HOXC-AS5
ASB1	ASB1
FBXO22	FBXO22
RPS8;SNORD38A;SNORD38B;SNORD55	RPS8;SNORD38A;SNORD38B;SNORD55
AC009227.3;OTTHUMG00000153849	AC009227.3;OTTHUMG00000153849
ALS2	ALS2
GRID1	GRID1
NUP43	NUP43
PDIA4	PDIA4
CIT;MIR1178	CIT;MIR1178
ID1	ID1
HLA-H	HLA-H
MIR551B	MIR551B
MSH5;MSH5-SAPCD1	MSH5;MSH5-SAPCD1
HSD11B2	HSD11B2
CPA1	CPA1
FLJ36000	FLJ36000
LMBR1L	LMBR1L
DDX11-AS1	DDX11-AS1
HOXB-AS4	HOXB-AS4
OTTHUMG00000034801;RP3-436N22.3	OTTHUMG00000034801;RP3-436N22.3
EBP	EBP
EPB41L4A	EPB41L4A
OTTHUMG00000015296;RP3-355L5.4	OTTHUMG00000015296;RP3-355L5.4
KCNH6	KCNH6
TF;TFP1	TF;TFP1
TMEM120B	TMEM120B
BEST4	BEST4
AGER	AGER
AGER	AGER
AGER	AGER
AGER	AGER
AC097381.1;LOC389199;OTTHUMG00000043201	AC097381.1;LOC389199;OTTHUMG00000043201
SGPP1	SGPP1
PKP4	PKP4
CMPK1	CMPK1
FRMPD3	FRMPD3
ATP11A-AS1	ATP11A-AS1
RNA5SP191	RNA5SP191
LOC100132686	LOC100132686
ZNF732	ZNF732
LINC00273	LINC00273
BTNL8	BTNL8
AC121336.2;OTTHUMG00000060118;SLC2A13	AC121336.2;OTTHUMG00000060118;SLC2A13
LOC389831	LOC389831
MYRIP	MYRIP
NPHP1	NPHP1
TARBP2	TARBP2
XIST	XIST
WDR86-AS1	WDR86-AS1
NEU4	NEU4
CXorf51A;CXorf51B	CXorf51A;CXorf51B
CXorf51A;CXorf51B	CXorf51A;CXorf51B
TMEM9	TMEM9
LOC100126784	LOC100126784
PDE4A	PDE4A
C3orf67	C3orf67
LOC339529;OTTHUMG00000040014;RP11-278H7.1	LOC339529;OTTHUMG00000040014;RP11-278H7.1
LOC100287223;PTPRJ	LOC100287223;PTPRJ
DMRTA1	DMRTA1
KIAA1549	KIAA1549
PROM2	PROM2
GPLD1	GPLD1
OTTHUMG00000021207;RAI2;RP3-389A20.4	OTTHUMG00000021207;RAI2;RP3-389A20.4
RNU6-66P	RNU6-66P
AC073346.2;LOC401397;OTTHUMG00000154780	AC073346.2;LOC401397;OTTHUMG00000154780
SNX18	SNX18
ACACA	ACACA
OTTHUMG00000161023;RP11-588P8.1	OTTHUMG00000161023;RP11-588P8.1
UNC50	UNC50
FAM120C	FAM120C
TMEM205	TMEM205
ATP6V1G2	ATP6V1G2
ATP6V1G2	ATP6V1G2
ATP6V1G2	ATP6V1G2
ATP6V1G2	ATP6V1G2
CRYBB1	CRYBB1
FAIM	FAIM
CTC-504A5.1;LOC728342;OTTHUMG00000162885	CTC-504A5.1;LOC728342;OTTHUMG00000162885
ZNF385C	ZNF385C
C17orf77	C17orf77
XGPY2	XGPY2
H2AFV	H2AFV
KAT6B	KAT6B
PRKAR2B	PRKAR2B
KB-1507C5.4;OTTHUMG00000164837	KB-1507C5.4;OTTHUMG00000164837
RSU1	RSU1
KGFLP1	KGFLP1
INTS3	INTS3
FCN1	FCN1
LOC100507463;OTTHUMG00000140126;XXbac-BPG246D15.8	LOC100507463;OTTHUMG00000140126;XXbac-BPG246D15.8
AP006216.11;OTTHUMG00000150016	AP006216.11;OTTHUMG00000150016
NAT10	NAT10
FNDC9	FNDC9
C20orf72;MGME1	C20orf72;MGME1
AGAP10;AGAP9;BMS1P2;BMS1P6	AGAP10;AGAP9;BMS1P2;BMS1P6
PDZD3	PDZD3
RPL23P8	RPL23P8
IGFBP3	IGFBP3
MIR3682	MIR3682
HLA-L	HLA-L
OTTHUMG00000018491;RP11-417O11.5	OTTHUMG00000018491;RP11-417O11.5
RNA5SP347	RNA5SP347
LOC100130417;OTTHUMG00000040718;RP11-54O7.3	LOC100130417;OTTHUMG00000040718;RP11-54O7.3
IDH1	IDH1
LETM1	LETM1
E2F7	E2F7
C1orf189	C1orf189
LL22NC03-102D1.18;OTTHUMG00000151209	LL22NC03-102D1.18;OTTHUMG00000151209
AF064858.6;FLJ45139;OTTHUMG00000066036	AF064858.6;FLJ45139;OTTHUMG00000066036
FAM27E2	FAM27E2
AC093627.9;OTTHUMG00000151405	AC093627.9;OTTHUMG00000151405
SHROOM2	SHROOM2
DHX34	DHX34
OTTHUMG00000002257;RP3-467K16.4	OTTHUMG00000002257;RP3-467K16.4
PPIP5K2	PPIP5K2
UBE2NL	UBE2NL
CTD-2187J20.1;OTTHUMG00000162351	CTD-2187J20.1;OTTHUMG00000162351
KCNJ14	KCNJ14
HTRA4	HTRA4
MIR4709;NPC2	MIR4709;NPC2
GBF1	GBF1
SCARNA23	SCARNA23
AGAP10;AGAP11;AGAP5;BMS1P4;LOC101060581;OTTHUMG00000018474;RP11-464F9.1	AGAP10;AGAP11;AGAP5;BMS1P4;LOC101060581;OTTHUMG00000018474;RP11-464F9.1
SHBG	SHBG
AC131097.4;LOC285095;OTTHUMG00000151374	AC131097.4;LOC285095;OTTHUMG00000151374
TMEM154	TMEM154
SAPCD2	SAPCD2
WTIP	WTIP
STPG2-AS1	STPG2-AS1
LYST	LYST
CACNA2D2	CACNA2D2
FBXO15	FBXO15
RNU6-28P	RNU6-28P
OTTHUMG00000020714;RP11-228B15.4	OTTHUMG00000020714;RP11-228B15.4
MARVELD3	MARVELD3
OTTHUMG00000009992;RP11-12C17.2	OTTHUMG00000009992;RP11-12C17.2
AC011288.2;OTTHUMG00000152349	AC011288.2;OTTHUMG00000152349
THOC2	THOC2
OLIG2	OLIG2
GALE	GALE
KIAA1244	KIAA1244
OTTHUMG00000159635;RP11-93K22.6	OTTHUMG00000159635;RP11-93K22.6
C14orf183	C14orf183
LRRC41	LRRC41
OTTHUMG00000014831;RP1-28O17.1	OTTHUMG00000014831;RP1-28O17.1
MIR4521	MIR4521
RNU6-23P	RNU6-23P
OTTHUMG00000008926;RP4-631H13.2;ZYG11A	OTTHUMG00000008926;RP4-631H13.2;ZYG11A
CAAP1	CAAP1
UFSP1	UFSP1
CTD-2168K21.1;OTTHUMG00000163846	CTD-2168K21.1;OTTHUMG00000163846
SYT12	SYT12
FAM173B	FAM173B
OTTHUMG00000032678;RP11-347D21.3	OTTHUMG00000032678;RP11-347D21.3
KLHL8	KLHL8
SMARCA5	SMARCA5
LINC00533	LINC00533
SLC22A10	SLC22A10
MMADHC	MMADHC
OTTHUMG00000163558;RP11-373N22.3	OTTHUMG00000163558;RP11-373N22.3
SHANK1	SHANK1
GRM3	GRM3
LINC00347	LINC00347
OTTHUMG00000160440;RP11-734I18.1	OTTHUMG00000160440;RP11-734I18.1
MIR376C	MIR376C
FYB	FYB
TRIM24	TRIM24
SATB2-AS1	SATB2-AS1
ARC	ARC
OTTHUMG00000015961;RP11-235G24.3	OTTHUMG00000015961;RP11-235G24.3
OTTHUMG00000165017;RP11-909N17.3	OTTHUMG00000165017;RP11-909N17.3
USP27X	USP27X
RNA5SP439	RNA5SP439
TP73-AS1	TP73-AS1
CHRNE	CHRNE
MAGI2-AS3	MAGI2-AS3
SNUPN	SNUPN
RNU6V	RNU6V
MIR1185-1	MIR1185-1
TMEM165	TMEM165
LAMA4	LAMA4
TPO	TPO
AC004692.4;OTTHUMG00000155205	AC004692.4;OTTHUMG00000155205
FHIT	FHIT
LOC643802	LOC643802
MLF2	MLF2
SNORA36C	SNORA36C
RAD18	RAD18
LOC286437	LOC286437
SOCS2	SOCS2
WWC2-AS1	WWC2-AS1
AP000280.66;C21orf62;OTTHUMG00000064991	AP000280.66;C21orf62;OTTHUMG00000064991
PCNP	PCNP
ZNF610	ZNF610
OTTHUMG00000015959;RP11-235G24.1	OTTHUMG00000015959;RP11-235G24.1
TOB1	TOB1
DYNLT1	DYNLT1
MYF5	MYF5
FBLN1	FBLN1
SPEM1	SPEM1
OTTHUMG00000162750;RP11-72L22.1	OTTHUMG00000162750;RP11-72L22.1
VAPA	VAPA
WDSUB1	WDSUB1
CTD-2308B18.1;OTTHUMG00000162990	CTD-2308B18.1;OTTHUMG00000162990
KIAA1671;LOC100996283	KIAA1671;LOC100996283
AC005154.6;LOC401320;OTTHUMG00000152788	AC005154.6;LOC401320;OTTHUMG00000152788
NPLOC4	NPLOC4
HCN1	HCN1
C9orf123	C9orf123
OTTHUMG00000085915;XXbac-BCX196D17.5	OTTHUMG00000085915;XXbac-BCX196D17.5
OTTHUMG00000085771;XXbac-BCX196D17.5	OTTHUMG00000085771;XXbac-BCX196D17.5
OTTHUMG00000149115;XXbac-BCX196D17.5	OTTHUMG00000149115;XXbac-BCX196D17.5
OTTHUMG00000149371;XXbac-BCX196D17.5	OTTHUMG00000149371;XXbac-BCX196D17.5
OTTHUMG00000005007;XXbac-BCX196D17.5	OTTHUMG00000005007;XXbac-BCX196D17.5
OTTHUMG00000085951;XXbac-BCX196D17.5	OTTHUMG00000085951;XXbac-BCX196D17.5
ANKIB1	ANKIB1
TMPRSS11F	TMPRSS11F
GPRASP1	GPRASP1
AC107399.2;OTTHUMG00000059449	AC107399.2;OTTHUMG00000059449
TCP11L1	TCP11L1
HS1BP3	HS1BP3
PCDHB8	PCDHB8
FAM135B	FAM135B
MGC10814	MGC10814
HNRNPA3P5	HNRNPA3P5
TAF15	TAF15
HMP19;OTTHUMG00000130543	HMP19;OTTHUMG00000130543
A2M-AS1	A2M-AS1
C7orf34	C7orf34
CHCHD2P8	CHCHD2P8
OSGIN2	OSGIN2
LOC143666	LOC143666
OTTHUMG00000161759;RP11-308B16.2	OTTHUMG00000161759;RP11-308B16.2
IFFO1	IFFO1
OTTHUMG00000150979;RP1-90L6.2	OTTHUMG00000150979;RP1-90L6.2
NAGK	NAGK
AP000345.1;LOC388882;OTTHUMG00000150669	AP000345.1;LOC388882;OTTHUMG00000150669
RNU6-29	RNU6-29
RGS13	RGS13
UPB1	UPB1
COL28A1	COL28A1
SLC2A8	SLC2A8
SESN2	SESN2
PRKAA2	PRKAA2
DNAJC19	DNAJC19
FAM222A-AS1	FAM222A-AS1
SLC8A1-AS1	SLC8A1-AS1
HS3ST1	HS3ST1
AGAP2	AGAP2
LINC00917	LINC00917
MGC57346	MGC57346
GALNT5	GALNT5
OTTHUMG00000037946;RP5-827C21.4	OTTHUMG00000037946;RP5-827C21.4
TMEM69	TMEM69
SELPLG	SELPLG
NOS2	NOS2
FAM153C	FAM153C
LOC100507661;OTTHUMG00000158577;RP11-368I23.2	LOC100507661;OTTHUMG00000158577;RP11-368I23.2
SLC6A9	SLC6A9
RNU6-47	RNU6-47
PCIF1	PCIF1
RAPGEFL1	RAPGEFL1
WASF3	WASF3
GPR34	GPR34
ZNF578	ZNF578
LINC00116	LINC00116
OTTHUMG00000160711;RP11-25H12.1	OTTHUMG00000160711;RP11-25H12.1
OTTHUMG00000163993;RP11-675F6.3	OTTHUMG00000163993;RP11-675F6.3
SETDB2	SETDB2
CCDC59	CCDC59
SMURF2	SMURF2
MIR3180-1;MIR3180-2;MIR3180-3	MIR3180-1;MIR3180-2;MIR3180-3
TJP3	TJP3
C21orf49	C21orf49
ENO1-AS1	ENO1-AS1
CMC2	CMC2
C3orf70	C3orf70
PAK7	PAK7
MBLAC1	MBLAC1
ADAMTS6	ADAMTS6
AMPD3	AMPD3
PPM1N	PPM1N
CST1	CST1
OTTHUMG00000164459;RP11-351E7.1	OTTHUMG00000164459;RP11-351E7.1
HOXC6	HOXC6
RNA5SP208	RNA5SP208
NPR3	NPR3
FAM27C	FAM27C
OTTHUMG00000035865;RP11-465N4.4	OTTHUMG00000035865;RP11-465N4.4
ISPD	ISPD
RNA5SP222	RNA5SP222
TMEM132C	TMEM132C
CRYGN	CRYGN
MIR3180-4	MIR3180-4
FAM26F	FAM26F
BMP2K	BMP2K
MIR125B2	MIR125B2
GJC1	GJC1
SEZ6	SEZ6
LRCH1	LRCH1
RNA5SP175	RNA5SP175
FAM188A	FAM188A
AC006004.1;OTTHUMG00000152744	AC006004.1;OTTHUMG00000152744
OTTHUMG00000000392;RP11-311H10.4	OTTHUMG00000000392;RP11-311H10.4
RANBP3	RANBP3
CPB1	CPB1
FARS2	FARS2
REST	REST
SCGN	SCGN
PXN	PXN
OTTHUMG00000162373;RP11-1018N14.3	OTTHUMG00000162373;RP11-1018N14.3
PCGF5	PCGF5
MON1B	MON1B
RNY4P29	RNY4P29
C15orf27	C15orf27
AC010084.1;OTTHUMG00000036214	AC010084.1;OTTHUMG00000036214
CASP7	CASP7
GMNC	GMNC
ERICH1-AS1	ERICH1-AS1
RNU6-7	RNU6-7
SNHG5;SNORD50A;SNORD50B	SNHG5;SNORD50A;SNORD50B
SDCCAG3	SDCCAG3
MIR3192	MIR3192
OTTHUMG00000160276;RP11-380P13.2	OTTHUMG00000160276;RP11-380P13.2
UROD	UROD
MAP4K5	MAP4K5
HDAC6	HDAC6
SNORA79	SNORA79
TMEM168	TMEM168
EXTL3	EXTL3
TALDO1	TALDO1
ZBP1	ZBP1
IFI16	IFI16
IWS1	IWS1
DCST1	DCST1
TRIB3	TRIB3
OTTHUMG00000161562;RP11-650J17.1	OTTHUMG00000161562;RP11-650J17.1
ATP6V1G2	ATP6V1G2
FAM46D	FAM46D
AC034220.3;LOC553103;OTTHUMG00000059646	AC034220.3;LOC553103;OTTHUMG00000059646
RNU7-38P	RNU7-38P
GPRC6A	GPRC6A
ZNF394	ZNF394
C5orf50	C5orf50
RNY3P3	RNY3P3
WWP1	WWP1
KIAA1755	KIAA1755
FAM111B	FAM111B
FMO6P	FMO6P
ADCY9	ADCY9
LOXHD1	LOXHD1
SURF4	SURF4
SLC5A4	SLC5A4
AC109589.1;OTTHUMG00000154464	AC109589.1;OTTHUMG00000154464
MRPL51	MRPL51
C1orf123	C1orf123
KCNN1	KCNN1
RPL10;SNORA70	RPL10;SNORA70
MRFAP1	MRFAP1
RNU6-31P	RNU6-31P
KRTAP5-1	KRTAP5-1
CASK-AS1	CASK-AS1
RAP1GAP2	RAP1GAP2
PSMD1	PSMD1
SNORD115-28	SNORD115-28
AACS	AACS
ZNF613	ZNF613
SNAR-B1;SNAR-B2	SNAR-B1;SNAR-B2
RNU6-3	RNU6-3
OTTHUMG00000014165;RP3-527G5.1	OTTHUMG00000014165;RP3-527G5.1
CDC20	CDC20
NDUFA13;YJEFN3	NDUFA13;YJEFN3
AC005682.5;OTTHUMG00000152563	AC005682.5;OTTHUMG00000152563
VPS25	VPS25
MDC1	MDC1
MDC1	MDC1
GPER	GPER
RELL1	RELL1
SUCO	SUCO
ARPC4	ARPC4
DDT	DDT
BCHE	BCHE
PKI55	PKI55
SEMA7A	SEMA7A
NSMCE1	NSMCE1
RNA5SP153	RNA5SP153
OTTHUMG00000019257;RP11-442O18.1	OTTHUMG00000019257;RP11-442O18.1
GS1-57L11.1;OTTHUMG00000163609	GS1-57L11.1;OTTHUMG00000163609
HEXIM1	HEXIM1
ZNF300P1	ZNF300P1
AARS2	AARS2
FRMD8P1	FRMD8P1
ANO7L1;OTTHUMG00000002221	ANO7L1;OTTHUMG00000002221
WDR73	WDR73
OTTHUMG00000164883;RP11-1101K5.1	OTTHUMG00000164883;RP11-1101K5.1
LOC100505715	LOC100505715
OTTHUMG00000032803;RP5-843L14.1	OTTHUMG00000032803;RP5-843L14.1
PFKP	PFKP
CCNG1	CCNG1
POMT1	POMT1
GPR139	GPR139
KIF14	KIF14
PCSK2	PCSK2
LOC100506303;LOC100653149;LOC101060483	LOC100506303;LOC100653149;LOC101060483
GNAL	GNAL
OTTHUMG00000160350;RP11-802H3.2	OTTHUMG00000160350;RP11-802H3.2
MDC1	MDC1
MDC1	MDC1
CLDN24	CLDN24
JAGN1	JAGN1
SS18L1	SS18L1
MT1E	MT1E
TTC27	TTC27
POPDC2	POPDC2
RPL19P20	RPL19P20
RNA5SP184	RNA5SP184
AMZ2	AMZ2
RNA5SP146	RNA5SP146
MIR548F2	MIR548F2
OR1F1	OR1F1
METTL10	METTL10
HPS4	HPS4
RNU4-4P	RNU4-4P
POU5F1P3	POU5F1P3
RNA5SP441	RNA5SP441
HYOU1	HYOU1
KRBOX4;ZNF673	KRBOX4;ZNF673
TRIM71	TRIM71
AC023115.1;OTTHUMG00000152863	AC023115.1;OTTHUMG00000152863
KALRN	KALRN
DDX6	DDX6
TBC1D3P1-DHX40P1	TBC1D3P1-DHX40P1
RNU6-44	RNU6-44
LRRC10B	LRRC10B
PRSS53	PRSS53
ARL2-SNX15;SNX15	ARL2-SNX15;SNX15
TRIM68	TRIM68
DNAJC10	DNAJC10
GPN3	GPN3
C6orf165	C6orf165
CEP250	CEP250
AKR1C3	AKR1C3
GRIK2	GRIK2
PCNX	PCNX
LOC441461	LOC441461
ARL10	ARL10
ALDH5A1	ALDH5A1
WWOX	WWOX
HDHD2	HDHD2
DET1	DET1
AASS	AASS
LOC79015;OTTHUMG00000032542;OTTHUMG00000032545;RP11-445H22.3;RP11-445H22.4	LOC79015;OTTHUMG00000032542;OTTHUMG00000032545;RP11-445H22.3;RP11-445H22.4
LRRC73	LRRC73
MIR579	MIR579
PRDX2	PRDX2
ATG4C	ATG4C
HOXC-AS1	HOXC-AS1
DBF4B	DBF4B
MIS12	MIS12
ERRFI1	ERRFI1
OTTHUMG00000034840;RP3-395P12.2	OTTHUMG00000034840;RP3-395P12.2
LOC145694	LOC145694
CRTC2	CRTC2
KIAA1614	KIAA1614
ATPBD4;DPH6	ATPBD4;DPH6
TRAM1L1	TRAM1L1
KLHL7-AS1	KLHL7-AS1
UNC80	UNC80
NDUFAF7	NDUFAF7
OTTHUMG00000018553;RP11-90J7.2	OTTHUMG00000018553;RP11-90J7.2
KCNC4	KCNC4
NDUFAF5	NDUFAF5
SLC7A8	SLC7A8
SYN3	SYN3
ZMIZ2	ZMIZ2
PPP4C	PPP4C
AC006293.3;LILRP2;OTTHUMG00000065934	AC006293.3;LILRP2;OTTHUMG00000065934
MIR1243	MIR1243
HIST1H2BC;HIST1H2BE;HIST1H2BF;HIST1H2BG;HIST1H2BI	HIST1H2BC;HIST1H2BE;HIST1H2BF;HIST1H2BG;HIST1H2BI
FAM159B	FAM159B
OTTHUMG00000003064;RP11-288I21.1	OTTHUMG00000003064;RP11-288I21.1
MATK	MATK
FAM220A	FAM220A
AMY1A;AMY1B;AMY1C	AMY1A;AMY1B;AMY1C
ZNF625	ZNF625
RPS19	RPS19
KDM3B	KDM3B
LARS2	LARS2
HMG20B	HMG20B
MAML3	MAML3
OTTHUMG00000013230;RP11-475I24.3	OTTHUMG00000013230;RP11-475I24.3
DHCR7	DHCR7
OTTHUMG00000021338;RP11-305F18.1	OTTHUMG00000021338;RP11-305F18.1
MRPL14	MRPL14
RNY4P6	RNY4P6
INCENP	INCENP
LRRC16B	LRRC16B
CNNM3	CNNM3
DIP2A	DIP2A
MPZL2	MPZL2
RASSF2	RASSF2
GATA3-AS1;OTTHUMG00000017641;RP11-379F12.3	GATA3-AS1;OTTHUMG00000017641;RP11-379F12.3
OTTHUMG00000161141;RP11-501E14.1	OTTHUMG00000161141;RP11-501E14.1
ZNF135	ZNF135
GTSE1	GTSE1
SART3	SART3
MBLAC2	MBLAC2
SPCS3	SPCS3
RNF213	RNF213
POU3F1	POU3F1
HIST1H4A;HIST1H4B;HIST1H4C;HIST1H4D;HIST1H4E;HIST1H4F;HIST1H4H;HIST1H4I;HIST1H4J;HIST1H4K;HIST1H4L;HIST2H4A;HIST2H4B;HIST4H4	HIST1H4A;HIST1H4B;HIST1H4C;HIST1H4D;HIST1H4E;HIST1H4F;HIST1H4H;HIST1H4I;HIST1H4J;HIST1H4K;HIST1H4L;HIST2H4A;HIST2H4B;HIST4H4
TMEM185A	TMEM185A
RNA5SP402	RNA5SP402
CHMP4C	CHMP4C
RPL10A	RPL10A
OTTHUMG00000164036;RP11-863K10.7	OTTHUMG00000164036;RP11-863K10.7
KB-1507C5.2;LOC100996457;OTTHUMG00000164825	KB-1507C5.2;LOC100996457;OTTHUMG00000164825
SNORD115-31	SNORD115-31
BASP1	BASP1
COMMD4	COMMD4
LOC285847;OTTHUMG00000014580;RP3-510O8.4	LOC285847;OTTHUMG00000014580;RP3-510O8.4
PCDHA6	PCDHA6
CYP17A1-AS1	CYP17A1-AS1
FAM213A	FAM213A
GLTSCR2;SNORD23	GLTSCR2;SNORD23
LOC283332	LOC283332
YOD1	YOD1
ERCC3	ERCC3
OTTHUMG00000016953;RP11-327P2.5	OTTHUMG00000016953;RP11-327P2.5
ABLIM3	ABLIM3
SUMF1	SUMF1
TEAD2	TEAD2
RNA5SP243	RNA5SP243
FBXL18	FBXL18
LOC441666	LOC441666
TOP3A	TOP3A
OTTHUMG00000014197;RP11-405O10.2;RREB1	OTTHUMG00000014197;RP11-405O10.2;RREB1
C11orf96	C11orf96
C16orf58	C16orf58
BAT1;DDX39B;OTTHUMG00000149942;SNORD84	BAT1;DDX39B;OTTHUMG00000149942;SNORD84
NGLY1	NGLY1
AIF1	AIF1
ZNF124	ZNF124
MIR611;TMEM258	MIR611;TMEM258
WDR72	WDR72
OTTHUMG00000160246;RP13-560N11.1	OTTHUMG00000160246;RP13-560N11.1
MIR197	MIR197
TRIM2	TRIM2
AC092415.1;OTTHUMG00000155651	AC092415.1;OTTHUMG00000155651
HEATR7B2;MROH2B	HEATR7B2;MROH2B
ZNF318	ZNF318
F10	F10
SNORA57	SNORA57
WNT7A	WNT7A
MIR4638	MIR4638
MIR1275	MIR1275
HPD	HPD
OTTHUMG00000022260;RP4-562J12.2	OTTHUMG00000022260;RP4-562J12.2
NAGS	NAGS
DBNDD2	DBNDD2
OTTHUMG00000164139;RP11-30J20.1	OTTHUMG00000164139;RP11-30J20.1
SLC43A3	SLC43A3
ATP8A2	ATP8A2
SAMD1	SAMD1
FER1L5	FER1L5
OTTHUMG00000163837;RP11-299D14.2	OTTHUMG00000163837;RP11-299D14.2
OTTHUMG00000158762;PSMD6-AS2;RP11-245J9.4	OTTHUMG00000158762;PSMD6-AS2;RP11-245J9.4
ZNF45	ZNF45
OTTHUMG00000017706;RP11-142M10.2	OTTHUMG00000017706;RP11-142M10.2
CLSPN	CLSPN
SF3B3	SF3B3
PLEKHH3	PLEKHH3
MAGEC3	MAGEC3
BCL2L13	BCL2L13
PRAF2	PRAF2
FAM25A;FAM25B;FAM25C;FAM25G	FAM25A;FAM25B;FAM25C;FAM25G
DCTN5	DCTN5
RNA5SP25	RNA5SP25
WDR4	WDR4
ZFYVE28	ZFYVE28
FAM83D	FAM83D
RUSC1-AS1	RUSC1-AS1
MSMO1	MSMO1
ARMCX5-GPRASP2;GPRASP2	ARMCX5-GPRASP2;GPRASP2
GLIS3	GLIS3
AC079354.1;LOC100652824;OTTHUMG00000154580	AC079354.1;LOC100652824;OTTHUMG00000154580
DUSP11	DUSP11
C17orf103	C17orf103
CCDC23	CCDC23
COL5A3	COL5A3
AMTN	AMTN
KCNC2	KCNC2
DDR2	DDR2
MYH16	MYH16
EPB41L2	EPB41L2
OTTHUMG00000035042;RP4-652L8.1	OTTHUMG00000035042;RP4-652L8.1
JMJD6	JMJD6
C10orf108;OTTHUMG00000017528;PRR26;RP11-809C18.1	C10orf108;OTTHUMG00000017528;PRR26;RP11-809C18.1
OTTHUMG00000015119;RP4-676J13.2	OTTHUMG00000015119;RP4-676J13.2
RNA5SP520	RNA5SP520
RNA5SP523	RNA5SP523
SNX22	SNX22
TRIP12	TRIP12
C6orf228;SMIM13	C6orf228;SMIM13
AP001626.2;OTTHUMG00000086814	AP001626.2;OTTHUMG00000086814
PAX9	PAX9
ANKRD49	ANKRD49
FAM47C	FAM47C
ARL9	ARL9
MIR4778	MIR4778
VPRBP	VPRBP
GADD45GIP1	GADD45GIP1
PRAME	PRAME
AC073636.1;OTTHUMG00000154100	AC073636.1;OTTHUMG00000154100
LOC100294145	LOC100294145
LOC100294145	LOC100294145
RCBTB2	RCBTB2
IPP;OTTHUMG00000085067;RP11-767N6.7	IPP;OTTHUMG00000085067;RP11-767N6.7
FAM167A	FAM167A
ALDH4A1;MIR4695	ALDH4A1;MIR4695
LHFPL5;OTTHUMG00000014584;RP3-422H11.8	LHFPL5;OTTHUMG00000014584;RP3-422H11.8
PRICKLE1	PRICKLE1
LRP5L	LRP5L
RNF139	RNF139
HMGB1P5	HMGB1P5
NME8	NME8
SCARNA12	SCARNA12
DSTNP2	DSTNP2
OTTHUMG00000015769;RP11-307P5.1	OTTHUMG00000015769;RP11-307P5.1
MRPL20	MRPL20
LPIN2	LPIN2
LINC00843;TIMM23B	LINC00843;TIMM23B
OTTHUMG00000158945;RP11-314M24.1	OTTHUMG00000158945;RP11-314M24.1
XG;XGPY2	XG;XGPY2
PRTFDC1	PRTFDC1
ZNF841	ZNF841
FHOD1	FHOD1
RNVU1-7;RNVU1-9	RNVU1-7;RNVU1-9
RNVU1-7;RNVU1-9	RNVU1-7;RNVU1-9
FUT1	FUT1
KHK	KHK
CTD-2306M5.1;OTTHUMG00000161959	CTD-2306M5.1;OTTHUMG00000161959
KCNS3	KCNS3
TDRD7	TDRD7
LIN28B	LIN28B
ARHGAP5	ARHGAP5
SFXN5	SFXN5
OTTHUMG00000015249;OTTHUMG00000015250;OTTHUMG00000015251;RP1-104O17.1;RP1-104O17.2;RP3-418C23.2	OTTHUMG00000015249;OTTHUMG00000015250;OTTHUMG00000015251;RP1-104O17.1;RP1-104O17.2;RP3-418C23.2
TANC2	TANC2
BBS5	BBS5
ALMS1-IT1	ALMS1-IT1
PHF11	PHF11
MDC1	MDC1
HIF1A-AS2	HIF1A-AS2
ZNF550	ZNF550
TRIM3	TRIM3
ZNRD1	ZNRD1
MDC1	MDC1
ARHGAP12	ARHGAP12
MGAT5B	MGAT5B
ZBTB47	ZBTB47
LRRC37B	LRRC37B
UMOD	UMOD
OTTHUMG00000037125;RP11-122M14.3	OTTHUMG00000037125;RP11-122M14.3
OCIAD1-AS1	OCIAD1-AS1
MED15	MED15
PLCH2	PLCH2
MDC1	MDC1
DNAJC18	DNAJC18
KCTD12	KCTD12
NALCN	NALCN
SLC9A3R2	SLC9A3R2
OTTHUMG00000009204;RP4-694A7.2	OTTHUMG00000009204;RP4-694A7.2
MIR4667;TESK1	MIR4667;TESK1
SLC44A4	SLC44A4
MTHFR	MTHFR
DPP9	DPP9
OTTHUMG00000019561;RP11-272P10.2	OTTHUMG00000019561;RP11-272P10.2
UPF1	UPF1
KIFC2	KIFC2
DRD2	DRD2
CSF3R	CSF3R
LINC00622	LINC00622
AC073130.3;OTTHUMG00000066049	AC073130.3;OTTHUMG00000066049
HRASLS5	HRASLS5
ULK1	ULK1
AMY1A;AMY1B;AMY1C	AMY1A;AMY1B;AMY1C
ACAP3	ACAP3
NUMB	NUMB
WHAMM	WHAMM
LAMTOR5-AS1	LAMTOR5-AS1
LOC389332	LOC389332
C7orf45;SSMEM1	C7orf45;SSMEM1
BRWD3	BRWD3
MATR3;SNHG4	MATR3;SNHG4
IGSF8	IGSF8
AC007255.7;LOC646762;OTTHUMG00000152751;ZNRF2P2	AC007255.7;LOC646762;OTTHUMG00000152751;ZNRF2P2
SOX15	SOX15
KCNA3	KCNA3
CDH20	CDH20
MMP1	MMP1
SIAH3	SIAH3
BMPR2	BMPR2
RNA5SP382	RNA5SP382
RGL2	RGL2
OBP2B	OBP2B
SNORD115-15;SNORD115-20;SNORD115-21;SNORD115-34	SNORD115-15;SNORD115-20;SNORD115-21;SNORD115-34
NOD2	NOD2
MDM2	MDM2
MCEE	MCEE
KRAS	KRAS
RBCK1	RBCK1
SCARNA3	SCARNA3
COL4A4	COL4A4
ABCB8	ABCB8
C2orf29;CNOT11	C2orf29;CNOT11
MED24	MED24
AGAP9	AGAP9
EVA1A	EVA1A
EGFEM1P	EGFEM1P
SNORD1B	SNORD1B
CDY1;CDY1B	CDY1;CDY1B
OTTHUMG00000151272;RP5-821D11.7	OTTHUMG00000151272;RP5-821D11.7
LOC100506907;OTTHUMG00000162688;RP11-71E19.5	LOC100506907;OTTHUMG00000162688;RP11-71E19.5
RTN3	RTN3
PTGER2	PTGER2
UCHL1-AS1	UCHL1-AS1
LRRC30	LRRC30
MAN2C1	MAN2C1
MIR2052	MIR2052
ALDH1A3	ALDH1A3
KIAA1644	KIAA1644
KCNC3	KCNC3
CHRM5	CHRM5
ALPPL2	ALPPL2
TACC3	TACC3
ARGLU1	ARGLU1
ST3GAL6-AS1	ST3GAL6-AS1
JUP	JUP
CTD-2260A17.2;OTTHUMG00000162867	CTD-2260A17.2;OTTHUMG00000162867
TLE4	TLE4
FOCAD	FOCAD
LOC100506183	LOC100506183
DTX3L	DTX3L
ANP32C	ANP32C
PCDH8	PCDH8
PPIAP21	PPIAP21
NEDD4	NEDD4
PIK3C2B	PIK3C2B
ZNF519	ZNF519
SLC25A29	SLC25A29
AC104782.3;LOC150577;OTTHUMG00000153132	AC104782.3;LOC150577;OTTHUMG00000153132
MIR4657;PURB	MIR4657;PURB
MIR608	MIR608
MCMBP	MCMBP
SEMA3G	SEMA3G
OTTHUMG00000153545;RP11-98L5.5	OTTHUMG00000153545;RP11-98L5.5
SERPINB4	SERPINB4
DSCAML1	DSCAML1
PPP3CC	PPP3CC
OTTHUMG00000018120;RP11-144G6.10	OTTHUMG00000018120;RP11-144G6.10
ITIH4;MUSTN1;TMEM110;TMEM110-MUSTN1	ITIH4;MUSTN1;TMEM110;TMEM110-MUSTN1
LOC100132356	LOC100132356
OTTHUMG00000158688;RP11-3K16.2	OTTHUMG00000158688;RP11-3K16.2
ELF3;OTTHUMG00000040657;RP11-510N19.5	ELF3;OTTHUMG00000040657;RP11-510N19.5
TTC17	TTC17
AP001610.9;OTTHUMG00000086761	AP001610.9;OTTHUMG00000086761
CASQ2	CASQ2
HIST2H2AC	HIST2H2AC
LINC00400	LINC00400
SNORD115-37	SNORD115-37
MYO18B	MYO18B
PPP1R17	PPP1R17
OTTHUMG00000158130;RP11-85M11.2	OTTHUMG00000158130;RP11-85M11.2
EPS8	EPS8
RNA5SP205	RNA5SP205
ZNF334	ZNF334
TGS1	TGS1
CTA-929C8.8;OTTHUMG00000150950	CTA-929C8.8;OTTHUMG00000150950
C11orf74	C11orf74
SCG5	SCG5
CORO1B	CORO1B
LOC100505978	LOC100505978
SYVN1	SYVN1
C1orf201;STPG1	C1orf201;STPG1
PAX8	PAX8
LOC100506775;OTTHUMG00000041219;RP11-134P9.3	LOC100506775;OTTHUMG00000041219;RP11-134P9.3
STEAP1	STEAP1
PSMD7	PSMD7
RNA5SP380	RNA5SP380
PROSER1	PROSER1
LINC00092	LINC00092
AC106706.1;OTTHUMG00000156019	AC106706.1;OTTHUMG00000156019
KCNIP2	KCNIP2
KCNQ4	KCNQ4
KNCN	KNCN
RGS10	RGS10
SPATA6L	SPATA6L
SPATA31D5P	SPATA31D5P
CPT2	CPT2
KIF18B	KIF18B
RGL2	RGL2
RGL2	RGL2
RGL2	RGL2
GRIN2D	GRIN2D
OTTHUMG00000161575;RP11-33B1.3	OTTHUMG00000161575;RP11-33B1.3
MIR4708	MIR4708
CAMKMT	CAMKMT
RAB4A;SPHAR	RAB4A;SPHAR
CSGALNACT2	CSGALNACT2
FLJ46906;OTTHUMG00000015677;RP11-390P2.4	FLJ46906;OTTHUMG00000015677;RP11-390P2.4
KIAA1704;LOC100996395	KIAA1704;LOC100996395
HMX2	HMX2
MEIS3P1	MEIS3P1
TEX10	TEX10
LOX	LOX
ORC1	ORC1
MIR642A;MIR642B	MIR642A;MIR642B
WDR62	WDR62
OTTHUMG00000158393;RP11-577H5.4;SPDYE2;SPDYE2B;SPDYE6	OTTHUMG00000158393;RP11-577H5.4;SPDYE2;SPDYE2B;SPDYE6
VSX1	VSX1
EPGN	EPGN
AC107218.3;OTTHUMG00000154823	AC107218.3;OTTHUMG00000154823
FBXO4	FBXO4
ANKRD24	ANKRD24
SERPINB7	SERPINB7
GRAMD3	GRAMD3
MFI2-AS1	MFI2-AS1
CARM1	CARM1
RPN2	RPN2
OTTHUMG00000164912;RP11-946L20.4	OTTHUMG00000164912;RP11-946L20.4
NAA25	NAA25
OTTHUMG00000020681;RP11-12A16.3	OTTHUMG00000020681;RP11-12A16.3
SPIN2B	SPIN2B
GATM	GATM
OR9A4	OR9A4
TAS2R64P	TAS2R64P
CD81	CD81
TNFRSF8	TNFRSF8
SFT2D3	SFT2D3
PIGK	PIGK
EMCN-IT3	EMCN-IT3
LOC100506948;SNHG14;SNORD107;SNORD115-13;SNORD115-26;SNORD115-7;SNORD116-28	LOC100506948;SNHG14;SNORD107;SNORD115-13;SNORD115-26;SNORD115-7;SNORD116-28
OTTHUMG00000031561;VARS2;VARSL	OTTHUMG00000031561;VARS2;VARSL
RASGEF1A	RASGEF1A
WDR66	WDR66
NSG1;OTTHUMG00000160002	NSG1;OTTHUMG00000160002
STT3A	STT3A
LOC101060321;TBC1D3B;TBC1D3C;TBC1D3H	LOC101060321;TBC1D3B;TBC1D3C;TBC1D3H
MYO1B	MYO1B
MEX3A	MEX3A
STAG3L1;STAG3L2;STAG3L3	STAG3L1;STAG3L2;STAG3L3
MAML1	MAML1
OTTHUMG00000035709;RP11-263K19.4	OTTHUMG00000035709;RP11-263K19.4
CPEB3	CPEB3
PLCB1-IT1	PLCB1-IT1
FCHSD1	FCHSD1
RNA5SP219	RNA5SP219
AKAP16BP	AKAP16BP
UBR2	UBR2
NBEA	NBEA
CYTH1	CYTH1
ZNF589	ZNF589
PLCXD2	PLCXD2
TLR8-AS1	TLR8-AS1
PAGE3	PAGE3
AC017060.1;OTTHUMG00000152731	AC017060.1;OTTHUMG00000152731
MRPS36	MRPS36
HIST2H3A;HIST2H3C;HIST2H3D	HIST2H3A;HIST2H3C;HIST2H3D
C16orf3	C16orf3
R3HDM1	R3HDM1
RPL19P12	RPL19P12
MIR202	MIR202
C18orf1;LDLRAD4	C18orf1;LDLRAD4
PEX1	PEX1
LINC00664	LINC00664
FIP1L1	FIP1L1
NAP1L3	NAP1L3
IFIT1	IFIT1
GTF2A2	GTF2A2
PPP1R26	PPP1R26
CDC25B	CDC25B
GRM6	GRM6
ACSF2	ACSF2
RTTN	RTTN
OTTHUMG00000015768;RP11-307P5.2	OTTHUMG00000015768;RP11-307P5.2
ABCC11	ABCC11
FOSL1	FOSL1
C19orf57	C19orf57
TOMM5	TOMM5
ZNF518A	ZNF518A
CDC14A;OTTHUMG00000010984;RP5-837M10.2	CDC14A;OTTHUMG00000010984;RP5-837M10.2
TMEM163	TMEM163
LOC145837	LOC145837
AGAP11;FAM25A;FAM25B;FAM25C;FAM25G	AGAP11;FAM25A;FAM25B;FAM25C;FAM25G
CCDC6	CCDC6
MSH5;MSH5-SAPCD1;SAPCD1	MSH5;MSH5-SAPCD1;SAPCD1
CD46	CD46
MYO10	MYO10
WASH3P	WASH3P
TSHZ2	TSHZ2
UBR7	UBR7
DNM1P35	DNM1P35
MIR4673	MIR4673
IDS	IDS
OTTHUMG00000041394;RP11-569A11.1	OTTHUMG00000041394;RP11-569A11.1
SERPINB1	SERPINB1
AKIRIN2	AKIRIN2
TG	TG
DAK	DAK
WASH7P	WASH7P
BCAR1	BCAR1
GOLGA8J	GOLGA8J
KIAA0141	KIAA0141
MIR520E	MIR520E
C11orf70	C11orf70
CTD-2552K11.2;OTTHUMG00000164986	CTD-2552K11.2;OTTHUMG00000164986
FRG1;LOC100289097;LOC100996779	FRG1;LOC100289097;LOC100996779
OTTHUMG00000015771;RP11-631F7.2	OTTHUMG00000015771;RP11-631F7.2
LOC100507250	LOC100507250
LINC00237	LINC00237
CSNK1G1	CSNK1G1
MYBPC1	MYBPC1
WBSCR16	WBSCR16
MSH5;MSH5-SAPCD1;SAPCD1	MSH5;MSH5-SAPCD1;SAPCD1
RAB3C	RAB3C
MYO6	MYO6
TMEM174	TMEM174
OTTHUMG00000161217;RP11-553P9.2	OTTHUMG00000161217;RP11-553P9.2
ARHGEF7	ARHGEF7
IL6R	IL6R
KIAA1958	KIAA1958
SARS2	SARS2
YES1	YES1
ZBTB14;ZFP161	ZBTB14;ZFP161
GPR63	GPR63
TBCD	TBCD
NCAM1-AS1	NCAM1-AS1
GRM7;LOC100996542	GRM7;LOC100996542
DIP2C	DIP2C
FAM174B	FAM174B
TAS2R9	TAS2R9
RNF144A	RNF144A
GSG1L	GSG1L
OTTHUMG00000041139;RP11-543B16.3	OTTHUMG00000041139;RP11-543B16.3
AKR7A3	AKR7A3
CDY1;CDY1B	CDY1;CDY1B
LYPLA1	LYPLA1
ZNF497	ZNF497
MIR4748	MIR4748
RNU6-81P	RNU6-81P
GAS6-AS1	GAS6-AS1
RNA5SP371	RNA5SP371
TYMP	TYMP
DNHD1	DNHD1
TMEM50A	TMEM50A
OTTHUMG00000159737;RP11-167H9.6	OTTHUMG00000159737;RP11-167H9.6
SSTR2	SSTR2
ROBO2	ROBO2
BCL6	BCL6
OTTHUMG00000164521;RP11-531A24.3	OTTHUMG00000164521;RP11-531A24.3
TTC7A	TTC7A
RGS17	RGS17
FAM76A	FAM76A
OTTHUMG00000009307;RP11-182I10.3	OTTHUMG00000009307;RP11-182I10.3
HMGB3	HMGB3
PHACTR4	PHACTR4
OTTHUMG00000161723;RP11-18H21.2	OTTHUMG00000161723;RP11-18H21.2
CDK12	CDK12
MIR3691	MIR3691
KIAA0930	KIAA0930
HEPHL1	HEPHL1
HTR1A	HTR1A
KRT18P52	KRT18P52
MPV17	MPV17
RNA5SP509	RNA5SP509
DDX4	DDX4
NDRG1	NDRG1
USP28	USP28
MIR885	MIR885
TRPM3	TRPM3
LRRC3B	LRRC3B
AAK1	AAK1
CDK5R1	CDK5R1
RNF182	RNF182
TCP10	TCP10
OR2J2	OR2J2
OR2J2	OR2J2
OR2J2	OR2J2
OR2J2	OR2J2
AC083867.4;OTTHUMG00000155789	AC083867.4;OTTHUMG00000155789
ARNTL2	ARNTL2
WNK1	WNK1
EXOSC8	EXOSC8
AC137723.5;OTTHUMG00000154387	AC137723.5;OTTHUMG00000154387
AC104809.3;OTTHUMG00000151855	AC104809.3;OTTHUMG00000151855
HYPK	HYPK
TUBA3C;TUBA3D	TUBA3C;TUBA3D
ZKSCAN7;ZNF167	ZKSCAN7;ZNF167
OTTHUMG00000017545;RP11-69C17.3	OTTHUMG00000017545;RP11-69C17.3
KIF4A	KIF4A
ST6GAL2-IT1	ST6GAL2-IT1
ANO8	ANO8
CLIP4	CLIP4
NUDT5	NUDT5
ZNF503	ZNF503
NF1	NF1
ASH2L	ASH2L
OR12D3	OR12D3
RPAP3	RPAP3
MIR3180-1;MIR3180-2;MIR3180-3	MIR3180-1;MIR3180-2;MIR3180-3
LINC00515	LINC00515
BAT1;DDX39B;OTTHUMG00000149295;SNORD84	BAT1;DDX39B;OTTHUMG00000149295;SNORD84
PIWIL1	PIWIL1
MGC21881	MGC21881
CCNT1	CCNT1
LINC00670	LINC00670
FAM106CP	FAM106CP
RGL2	RGL2
PRKCZ	PRKCZ
C5orf51	C5orf51
OR4F16;OR4F29;OR4F3	OR4F16;OR4F29;OR4F3
OR4F16;OR4F29;OR4F3	OR4F16;OR4F29;OR4F3
SAMD12-AS1	SAMD12-AS1
ACTN4	ACTN4
KIF21B	KIF21B
SERPINF2	SERPINF2
GLDC	GLDC
AC011997.1;OTTHUMG00000154488	AC011997.1;OTTHUMG00000154488
OTTHUMG00000034822;RP11-160H22.5	OTTHUMG00000034822;RP11-160H22.5
XKR5	XKR5
AC108058.1;OTTHUMG00000153108	AC108058.1;OTTHUMG00000153108
SNRPEP4	SNRPEP4
ARG2	ARG2
MYO1A	MYO1A
COQ5	COQ5
CACNG8;MIR935	CACNG8;MIR935
ORAI3	ORAI3
MPP3	MPP3
SNORD115-8	SNORD115-8
DACT3-AS1	DACT3-AS1
CHD4	CHD4
RNA5SP36	RNA5SP36
C6orf164	C6orf164
AKNA;OTTHUMG00000020540;RP11-9M16.2	AKNA;OTTHUMG00000020540;RP11-9M16.2
LRWD1;MIR4467	LRWD1;MIR4467
FAM102B	FAM102B
ABHD17B;FAM108B1	ABHD17B;FAM108B1
HCG27;LOC100996357	HCG27;LOC100996357
FAM133B;FAM133DP	FAM133B;FAM133DP
OTTHUMG00000156385;RP11-73B2.2	OTTHUMG00000156385;RP11-73B2.2
SMARCD1	SMARCD1
ZNF600	ZNF600
CEP135	CEP135
ARL17A;ARL17B;LOC100294341;LOC100996709	ARL17A;ARL17B;LOC100294341;LOC100996709
GEMIN4	GEMIN4
NUDT16P1	NUDT16P1
OTTHUMG00000017570;RP11-433J20.2	OTTHUMG00000017570;RP11-433J20.2
FURIN	FURIN
HOXA1	HOXA1
BAT1;DDX39B;OTTHUMG00000149014;SNORD84	BAT1;DDX39B;OTTHUMG00000149014;SNORD84
CSPG4P5	CSPG4P5
OR7E2P	OR7E2P
SLC43A2	SLC43A2
IP6K1	IP6K1
AC004009.1;OTTHUMG00000065294	AC004009.1;OTTHUMG00000065294
OLA1	OLA1
BSPRY	BSPRY
TNNC1	TNNC1
SLC25A20	SLC25A20
ETV2	ETV2
EXOSC5	EXOSC5
CFC1;CFC1B	CFC1;CFC1B
CETP	CETP
SNORD15A	SNORD15A
MSH5;MSH5-SAPCD1;SAPCD1	MSH5;MSH5-SAPCD1;SAPCD1
AUNIP	AUNIP
RAVER1	RAVER1
MANEAL	MANEAL
MIR3197	MIR3197
ZNRD1	ZNRD1
EPB41L1	EPB41L1
ZNF839	ZNF839
GMPS	GMPS
RNU6-80	RNU6-80
CEP170	CEP170
CCL26	CCL26
SPC24	SPC24
TECPR2	TECPR2
SPRYD4	SPRYD4
OR1A1	OR1A1
PTPN7	PTPN7
SNORA76	SNORA76
FLOT1	FLOT1
SEMA3C	SEMA3C
RPL22P19	RPL22P19
ZEB2-AS1	ZEB2-AS1
LOC100506700	LOC100506700
CTD-2532K18.1;OTTHUMG00000163129	CTD-2532K18.1;OTTHUMG00000163129
FLOT1	FLOT1
ZNF541	ZNF541
MSH5;MSH5-SAPCD1;SAPCD1	MSH5;MSH5-SAPCD1;SAPCD1
OTTHUMG00000164252;RP11-1023P17.2	OTTHUMG00000164252;RP11-1023P17.2
OTTHUMG00000033066;RP4-669H2.1	OTTHUMG00000033066;RP4-669H2.1
ARHGAP25	ARHGAP25
POU3F2	POU3F2
SEL1L3	SEL1L3
NFIL3	NFIL3
TPH2	TPH2
DGKB	DGKB
ZNF750	ZNF750
TP53TG3;TP53TG3B;TP53TG3C;TP53TG3D	TP53TG3;TP53TG3B;TP53TG3C;TP53TG3D
RASSF5	RASSF5
TMEM31	TMEM31
MYCL1	MYCL1
MISP	MISP
PLEKHA8P1	PLEKHA8P1
LGALS3	LGALS3
MSTN	MSTN
CATSPERG	CATSPERG
BRAP	BRAP
OTTHUMG00000162157;RP3-510L9.1	OTTHUMG00000162157;RP3-510L9.1
TPRN	TPRN
ZFC3H1	ZFC3H1
ARMCX1	ARMCX1
PUS7L	PUS7L
SPAST	SPAST
MIR4320	MIR4320
NPY1R	NPY1R
NUP188	NUP188
ORAOV1	ORAOV1
B3GAT3	B3GAT3
SLCO2B1	SLCO2B1
TP53	TP53
EDNRA	EDNRA
PPP1R11	PPP1R11
ITIH1	ITIH1
ATP9A	ATP9A
AC016757.3;LOC151174;OTTHUMG00000152898	AC016757.3;LOC151174;OTTHUMG00000152898
HBD	HBD
GPN2	GPN2
HMCN2	HMCN2
MAN1A1	MAN1A1
TPRG1-AS2	TPRG1-AS2
BAZ2A	BAZ2A
PBK	PBK
RNA5SP142	RNA5SP142
NADSYN1	NADSYN1
OTTHUMG00000019699;RP11-315I14.2	OTTHUMG00000019699;RP11-315I14.2
SPTLC1	SPTLC1
GSDMB	GSDMB
HTATSF1	HTATSF1
DOC2B	DOC2B
OTTHUMG00000164397;RP11-573J24.1	OTTHUMG00000164397;RP11-573J24.1
EXOC3	EXOC3
MTX3	MTX3
BAT1;DDX39B;OTTHUMG00000149528;SNORD84	BAT1;DDX39B;OTTHUMG00000149528;SNORD84
CUL3	CUL3
FOLH1B	FOLH1B
TRIM21	TRIM21
WDFY2-AS1	WDFY2-AS1
CTCF	CTCF
OTTHUMG00000015770;RP11-242F11.2	OTTHUMG00000015770;RP11-242F11.2
GGPS1	GGPS1
AZI2	AZI2
CPSF1;MIR1234;MIR939	CPSF1;MIR1234;MIR939
ALDH1B1	ALDH1B1
SNORA31	SNORA31
ZSWIM1	ZSWIM1
FRMPD2P1;FRMPD2P2	FRMPD2P1;FRMPD2P2
DSG2	DSG2
AC006042.7;OTTHUMG00000152017	AC006042.7;OTTHUMG00000152017
OTTHUMG00000163453;RP11-423H2.3	OTTHUMG00000163453;RP11-423H2.3
PPP1R16B	PPP1R16B
KCNMB2	KCNMB2
LOC100505986;OTTHUMG00000020691;RP11-123K19.2	LOC100505986;OTTHUMG00000020691;RP11-123K19.2
LRRC4C	LRRC4C
TMEM150C	TMEM150C
C17orf58	C17orf58
MYH7B	MYH7B
KCNF1	KCNF1
LINC00685	LINC00685
LINC00685	LINC00685
CRAMP1L	CRAMP1L
LINC00319	LINC00319
C2orf68	C2orf68
TRIM45	TRIM45
GPR21;RABGAP1	GPR21;RABGAP1
MED20	MED20
MRPL27	MRPL27
ZFP90	ZFP90
ZCCHC9	ZCCHC9
GPD1	GPD1
OTTHUMG00000018022;RP11-124O11.2	OTTHUMG00000018022;RP11-124O11.2
OTTHUMG00000161909;RP11-706F1.2	OTTHUMG00000161909;RP11-706F1.2
MRPL39	MRPL39
OTTHUMG00000015764;RP11-361F15.2;STXBP5	OTTHUMG00000015764;RP11-361F15.2;STXBP5
HLCS	HLCS
PWP1	PWP1
FAM161A	FAM161A
AFAP1	AFAP1
LHX9	LHX9
METTL3	METTL3
SFMBT1	SFMBT1
DIMT1	DIMT1
CSNK1A1P1	CSNK1A1P1
FLCN	FLCN
YTHDF3	YTHDF3
ARHGAP29	ARHGAP29
WASH1	WASH1
OTTHUMG00000032064;RP3-322G13.7	OTTHUMG00000032064;RP3-322G13.7
KLHL17	KLHL17
SNTB1	SNTB1
MYOD1	MYOD1
NR2C1	NR2C1
TP53TG3;TP53TG3B;TP53TG3C;TP53TG3D	TP53TG3;TP53TG3B;TP53TG3C;TP53TG3D
NDUFB2	NDUFB2
SERTAD1	SERTAD1
METTL16	METTL16
GOLGA8J;GOLGA8K	GOLGA8J;GOLGA8K
LOC100996668;ZEB1	LOC100996668;ZEB1
LPAR1	LPAR1
TOMM7	TOMM7
ZNF219	ZNF219
SEBOX;VTN	SEBOX;VTN
IDH1-AS1	IDH1-AS1
PRSS27	PRSS27
CRYL1	CRYL1
ERN1	ERN1
OTTHUMG00000160163;RP11-68L1.2	OTTHUMG00000160163;RP11-68L1.2
MYOM1	MYOM1
MIR3936	MIR3936
ZNF557	ZNF557
AP001136.2;OTTHUMG00000078120	AP001136.2;OTTHUMG00000078120
SNORD115-17;SNORD115-18;SNORD115-19	SNORD115-17;SNORD115-18;SNORD115-19
SNORD115-17;SNORD115-18;SNORD115-19	SNORD115-17;SNORD115-18;SNORD115-19
SNORD115-17;SNORD115-18;SNORD115-19	SNORD115-17;SNORD115-18;SNORD115-19
SKIV2L	SKIV2L
SKIV2L	SKIV2L
SKIV2L	SKIV2L
TRPS1	TRPS1
MGC27345	MGC27345
CXCL11	CXCL11
TWSG1	TWSG1
PALLD	PALLD
CCNF	CCNF
VARS2	VARS2
PHYHIP	PHYHIP
FAM98C	FAM98C
C1orf210	C1orf210
NIPAL4	NIPAL4
SRSF1	SRSF1
OTTHUMG00000014339;RP3-348I23.2	OTTHUMG00000014339;RP3-348I23.2
MAN2A2	MAN2A2
NOP2	NOP2
AC016907.3;OTTHUMG00000152000	AC016907.3;OTTHUMG00000152000
ZNF419	ZNF419
OTTHUMG00000161492;RP11-1079K10.4	OTTHUMG00000161492;RP11-1079K10.4
MAPRE3	MAPRE3
DYNC1I1	DYNC1I1
AC016722.1;LOC388948;OTTHUMG00000153080	AC016722.1;LOC388948;OTTHUMG00000153080
ZNF347	ZNF347
OXTR	OXTR
OTTHUMG00000160614;RP11-273B19.1	OTTHUMG00000160614;RP11-273B19.1
JPH4	JPH4
GPR75	GPR75
LOC101059939	LOC101059939
RNA5SP151	RNA5SP151
NMB	NMB
RNU6-60	RNU6-60
MIR3198-1	MIR3198-1
OTTHUMG00000159990;RP1-170O19.17	OTTHUMG00000159990;RP1-170O19.17
SCNN1G	SCNN1G
CCNI2	CCNI2
SFXN3	SFXN3
OTTHUMG00000163393;RP11-115J23.1	OTTHUMG00000163393;RP11-115J23.1
PPA2	PPA2
TBC1D22A	TBC1D22A
TNP1	TNP1
RNA5SP295	RNA5SP295
SPTBN5	SPTBN5
BPI	BPI
BSX	BSX
CCDC41	CCDC41
OTTHUMG00000018729;RP11-94M14.2	OTTHUMG00000018729;RP11-94M14.2
MAMDC2-AS1;OTTHUMG00000019986;RP11-195E11.2	MAMDC2-AS1;OTTHUMG00000019986;RP11-195E11.2
TMEM254-AS1	TMEM254-AS1
TOMM40L	TOMM40L
OTTHUMG00000003034;RP11-293P20.2	OTTHUMG00000003034;RP11-293P20.2
LOC100506406;OTTHUMG00000162092;RP11-79C6.3	LOC100506406;OTTHUMG00000162092;RP11-79C6.3
TRIM33	TRIM33
MIR181B2	MIR181B2
TGDS	TGDS
ZNF691	ZNF691
PTCD2	PTCD2
OTTHUMG00000161302;RP11-404I7.1	OTTHUMG00000161302;RP11-404I7.1
GSR	GSR
PPP1R2P3	PPP1R2P3
TTC9B	TTC9B
IMPDH2	IMPDH2
TRERF1	TRERF1
NAGA	NAGA
AGL	AGL
C22orf34	C22orf34
AC073321.3;OTTHUMG00000155340	AC073321.3;OTTHUMG00000155340
LOC100507274;OTTHUMG00000159758;RP11-2A4.3	LOC100507274;OTTHUMG00000159758;RP11-2A4.3
CTD-2363C16.2;OTTHUMG00000163514	CTD-2363C16.2;OTTHUMG00000163514
AC002064.7;OTTHUMG00000065234	AC002064.7;OTTHUMG00000065234
MUC12	MUC12
ZSWIM5	ZSWIM5
LOC101060449;NPIPB8;NPIPB9	LOC101060449;NPIPB8;NPIPB9
PYCRL	PYCRL
RNA5SP73	RNA5SP73
NDUFB9	NDUFB9
APLNR	APLNR
KB-1183D5.11;LOC642633;OTTHUMG00000150782	KB-1183D5.11;LOC642633;OTTHUMG00000150782
OTTHUMG00000014826;RP3-417L20.4	OTTHUMG00000014826;RP3-417L20.4
OTTHUMG00000009734;RP11-82L20.1	OTTHUMG00000009734;RP11-82L20.1
TSKU	TSKU
SLC5A11	SLC5A11
GRK4	GRK4
SEC22A	SEC22A
ATAD2B	ATAD2B
ACVR2A	ACVR2A
ARHGAP4	ARHGAP4
CTSF	CTSF
DNPEP	DNPEP
PDZRN4	PDZRN4
ADRA2C	ADRA2C
ZNF350	ZNF350
UBAP2L	UBAP2L
NSMCE2	NSMCE2
FAM50A	FAM50A
C20orf195	C20orf195
RSPO4	RSPO4
OTTHUMG00000016975;RP11-78J21.4;TPTE2P3	OTTHUMG00000016975;RP11-78J21.4;TPTE2P3
OTTHUMG00000159842;RP11-657O9.1	OTTHUMG00000159842;RP11-657O9.1
PCDHB12	PCDHB12
SLC1A4	SLC1A4
COL25A1	COL25A1
TMEM192	TMEM192
OTTHUMG00000020056;RP11-466A17.1	OTTHUMG00000020056;RP11-466A17.1
LINC00313	LINC00313
ADH1B	ADH1B
MRPL16	MRPL16
ITGB1BP2	ITGB1BP2
JMJD8	JMJD8
ABHD16B	ABHD16B
HIST1H1E	HIST1H1E
AMY1A;AMY1B;AMY1C	AMY1A;AMY1B;AMY1C
TFAMP1	TFAMP1
HSPA5	HSPA5
AC013269.3;OTTHUMG00000153978	AC013269.3;OTTHUMG00000153978
EGF	EGF
RGMB	RGMB
PCDHB19P	PCDHB19P
NTS	NTS
MRPS33	MRPS33
CBS	CBS
OTTHUMG00000156520;RP11-573D15.2	OTTHUMG00000156520;RP11-573D15.2
OTTHUMG00000156711;RP11-329B9.1	OTTHUMG00000156711;RP11-329B9.1
SEPT2	SEPT2
PARD6G-AS1	PARD6G-AS1
SYBU	SYBU
SRPK3	SRPK3
AP001372.2;LOC100287896;OTTHUMG00000150368	AP001372.2;LOC100287896;OTTHUMG00000150368
FLJ25758	FLJ25758
AC131097.3;OTTHUMG00000151343	AC131097.3;OTTHUMG00000151343
PI4K2A	PI4K2A
AC023115.2;OTTHUMG00000152865	AC023115.2;OTTHUMG00000152865
DDB2	DDB2
LOC100132999	LOC100132999
SERPINA12	SERPINA12
MIR4315-1;MIR4315-2;PLEKHM1P	MIR4315-1;MIR4315-2;PLEKHM1P
PPFIBP2	PPFIBP2
GS1-600G8.5;OTTHUMG00000021149	GS1-600G8.5;OTTHUMG00000021149
INSRR	INSRR
MIR571	MIR571
CECR9	CECR9
OTTHUMG00000163179;RP11-826N14.1	OTTHUMG00000163179;RP11-826N14.1
MIR4271	MIR4271
LOC284798;OTTHUMG00000032113;RP4-738P15.1	LOC284798;OTTHUMG00000032113;RP4-738P15.1
LINC00661	LINC00661
MZT2A;MZT2B	MZT2A;MZT2B
OTTHUMG00000018241;RP11-96B5.3	OTTHUMG00000018241;RP11-96B5.3
PPP1R11	PPP1R11
PPP1R11	PPP1R11
PPP1R11	PPP1R11
PPP1R11	PPP1R11
KRR1	KRR1
GJB4	GJB4
SLC25A16	SLC25A16
LOC100505663;OTTHUMG00000032469;RP11-101E14.2	LOC100505663;OTTHUMG00000032469;RP11-101E14.2
CASC3	CASC3
HEXB	HEXB
AP006216.10;OTTHUMG00000150017	AP006216.10;OTTHUMG00000150017
FAM19A1	FAM19A1
LINC00925;MIR9-3	LINC00925;MIR9-3
PPP1R12A	PPP1R12A
ACLY	ACLY
OTTHUMG00000019095;RP11-383C6.2	OTTHUMG00000019095;RP11-383C6.2
HMGN2P46	HMGN2P46
LINC00445	LINC00445
MIOS	MIOS
RNA5SP457	RNA5SP457
TUBA3E	TUBA3E
AL672294.1;OTTHUMG00000040425	AL672294.1;OTTHUMG00000040425
RILPL2	RILPL2
APBA1;LOC100510701;OTTHUMG00000019980;RP11-548B3.3	APBA1;LOC100510701;OTTHUMG00000019980;RP11-548B3.3
OTTHUMG00000001219;RP3-453P22.2	OTTHUMG00000001219;RP3-453P22.2
ZNF354C	ZNF354C
SNORD1A	SNORD1A
OTTHUMG00000019106;RP11-498B4.5	OTTHUMG00000019106;RP11-498B4.5
EVL	EVL
YIPF4	YIPF4
SCRN2	SCRN2
DEPDC7	DEPDC7
ZNRD1	ZNRD1
ZNRD1	ZNRD1
LOC100507439;OTTHUMG00000163996;RP11-150O12.1	LOC100507439;OTTHUMG00000163996;RP11-150O12.1
EDA	EDA
RAB31	RAB31
FLII	FLII
GIMAP4	GIMAP4
CBFA2T3	CBFA2T3
C12orf75	C12orf75
CCDC3	CCDC3
FCER2	FCER2
LOC339442;OTTHUMG00000000479;RP11-214L19.1	LOC339442;OTTHUMG00000000479;RP11-214L19.1
DNAJC6	DNAJC6
ATXN1	ATXN1
SEPSECS	SEPSECS
CTC-254B4.1;OTTHUMG00000162799	CTC-254B4.1;OTTHUMG00000162799
OTTHUMG00000014341;RP1-135L22.1	OTTHUMG00000014341;RP1-135L22.1
CTD-2016O11.1;OTTHUMG00000164089	CTD-2016O11.1;OTTHUMG00000164089
RASL10A	RASL10A
SLC25A23	SLC25A23
SIT1	SIT1
LPCAT4	LPCAT4
ANGPT1	ANGPT1
C1QL4	C1QL4
ESPNL	ESPNL
OTTHUMG00000171061;RP11-192H23.4;SGK494;SPAG5	OTTHUMG00000171061;RP11-192H23.4;SGK494;SPAG5
C20orf85	C20orf85
RNF144B	RNF144B
MGST1	MGST1
SNORD115-30	SNORD115-30
CENPP;LOC100128361	CENPP;LOC100128361
CDKAL1	CDKAL1
HNRNPA3P3	HNRNPA3P3
RASA3	RASA3
AC000067.1;OTTHUMG00000150429	AC000067.1;OTTHUMG00000150429
METTL1	METTL1
LINC00858;OTTHUMG00000018638;RP11-124L5.7	LINC00858;OTTHUMG00000018638;RP11-124L5.7
TRMT1	TRMT1
RNF113A	RNF113A
OTTHUMG00000163261;RP11-395P13.6	OTTHUMG00000163261;RP11-395P13.6
RIMKLB	RIMKLB
PLGLB1;PLGLB2	PLGLB1;PLGLB2
AC006547.13;OTTHUMG00000150731	AC006547.13;OTTHUMG00000150731
FGD6	FGD6
FOXP3	FOXP3
GOLGA8T;LOC100288601;LOC653720	GOLGA8T;LOC100288601;LOC653720
TNC	TNC
ZNF727	ZNF727
CEBPZ	CEBPZ
R3HCC1	R3HCC1
RNA5SP44	RNA5SP44
C6orf48;SNORD48;SNORD52	C6orf48;SNORD48;SNORD52
C6orf48;SNORD48;SNORD52	C6orf48;SNORD48;SNORD52
C6orf48;SNORD48;SNORD52	C6orf48;SNORD48;SNORD52
BNIP3	BNIP3
PPP1R2P9	PPP1R2P9
CTB-178M22.2;OTTHUMG00000162964	CTB-178M22.2;OTTHUMG00000162964
SLC6A12	SLC6A12
MED31	MED31
ZC3HAV1	ZC3HAV1
TTC22	TTC22
C12orf73	C12orf73
SALL4	SALL4
HSPA8;SNORD14C;SNORD14D	HSPA8;SNORD14C;SNORD14D
SLC15A2	SLC15A2
AMN	AMN
RASEF	RASEF
OTTHUMG00000163841;RP11-582J16.4	OTTHUMG00000163841;RP11-582J16.4
NBPF7	NBPF7
RNA5SP160	RNA5SP160
OTTHUMG00000013217;RP11-211N8.2	OTTHUMG00000013217;RP11-211N8.2
LOC100287846	LOC100287846
RNA5SP121	RNA5SP121
STH	STH
PALM	PALM
CHID1	CHID1
OTTHUMG00000163752;RP11-87E22.2	OTTHUMG00000163752;RP11-87E22.2
SLC10A5	SLC10A5
CENPJ	CENPJ
LTBR	LTBR
MIR621;SLC25A15	MIR621;SLC25A15
CAST	CAST
C2orf18;SLC35F6	C2orf18;SLC35F6
GNGT1	GNGT1
GRB2	GRB2
MRM1	MRM1
DLG3-AS1	DLG3-AS1
OTTHUMG00000041039;RP11-439A17.10	OTTHUMG00000041039;RP11-439A17.10
KIAA1468	KIAA1468
MLST8	MLST8
ARHGEF2;OTTHUMG00000017458;OTTHUMG00000017460;RP11-336K24.4;RP11-336K24.6	ARHGEF2;OTTHUMG00000017458;OTTHUMG00000017460;RP11-336K24.4;RP11-336K24.6
HEPN1	HEPN1
PHYH	PHYH
ADAMDEC1	ADAMDEC1
CEP192	CEP192
ACBD7	ACBD7
TYSND1	TYSND1
RNA5SP137	RNA5SP137
COX6A1	COX6A1
BPIFA2	BPIFA2
SIGLECL1	SIGLECL1
TRIM46	TRIM46
POGZ	POGZ
ITGA8	ITGA8
DENND6B	DENND6B
LOC100506499	LOC100506499
CCL27	CCL27
RNU6-74	RNU6-74
EIF3J	EIF3J
TPPP	TPPP
AIDA	AIDA
PNPLA2	PNPLA2
PYY2	PYY2
GOLGA6L6;LOC100996599;LOC100996625;LOC100996644;LOC101060115	GOLGA6L6;LOC100996599;LOC100996625;LOC100996644;LOC101060115
MYH2	MYH2
ZBTB7B	ZBTB7B
SH3PXD2B	SH3PXD2B
ALG12	ALG12
AC093627.7;OTTHUMG00000151403	AC093627.7;OTTHUMG00000151403
SLC36A4	SLC36A4
ABHD6	ABHD6
PTPN23	PTPN23
SPDYE2;SPDYE2B	SPDYE2;SPDYE2B
RNU6-14P	RNU6-14P
ARHGAP33	ARHGAP33
RNA5SP235	RNA5SP235
SMU1	SMU1
TACR2	TACR2
AP000704.5;OTTHUMG00000086635	AP000704.5;OTTHUMG00000086635
OTTHUMG00000017902;RP11-14C22.6	OTTHUMG00000017902;RP11-14C22.6
GOLGA2	GOLGA2
P2RX4	P2RX4
RELL2	RELL2
AC114877.3;OTTHUMG00000155686	AC114877.3;OTTHUMG00000155686
BCDIN3D	BCDIN3D
CTD-2022H16.1;OTTHUMG00000156285	CTD-2022H16.1;OTTHUMG00000156285
CYFIP1	CYFIP1
TMEM200C	TMEM200C
MIR711	MIR711
OTTHUMG00000034820;RP11-160H22.3	OTTHUMG00000034820;RP11-160H22.3
UGDH-AS1	UGDH-AS1
FCGR1B;FCGR1C	FCGR1B;FCGR1C
CHRNA6	CHRNA6
MIRLET7I	MIRLET7I
SNORA53	SNORA53
SLC25A11	SLC25A11
WAPAL	WAPAL
C14orf159	C14orf159
EPB41L3	EPB41L3
ALOXE3	ALOXE3
PLCXD3	PLCXD3
EFTUD1	EFTUD1
COLEC10	COLEC10
AC007566.10;OTTHUMG00000155862	AC007566.10;OTTHUMG00000155862
FTH1	FTH1
TMX3	TMX3
OTTHUMG00000161027;RP11-483A20.3	OTTHUMG00000161027;RP11-483A20.3
PLCB3	PLCB3
NFX1	NFX1
SKIV2L	SKIV2L
IGLON5	IGLON5
HORMAD2	HORMAD2
F7	F7
OTP	OTP
UBQLN1	UBQLN1
NOP16	NOP16
AC087499.10;OTTHUMG00000059551	AC087499.10;OTTHUMG00000059551
DDOST;PINK1-AS	DDOST;PINK1-AS
LOC100505794;OTTHUMG00000042021;RP11-337C18.8	LOC100505794;OTTHUMG00000042021;RP11-337C18.8
C1orf56	C1orf56
ARID4B	ARID4B
CTD-2127H9.1;OTTHUMG00000162040	CTD-2127H9.1;OTTHUMG00000162040
FOPNL	FOPNL
ZNF853	ZNF853
GPS1	GPS1
OTTHUMG00000149224;VARS2;VARSL	OTTHUMG00000149224;VARS2;VARSL
CCDC113	CCDC113
MUC19	MUC19
SNORD115-4	SNORD115-4
AC064853.4;OTTHUMG00000153553;SLC19A3	AC064853.4;OTTHUMG00000153553;SLC19A3
CXorf28	CXorf28
EMD	EMD
C1orf87	C1orf87
RASAL3	RASAL3
AC017048.3;LOC375295;OTTHUMG00000154156	AC017048.3;LOC375295;OTTHUMG00000154156
DNAH5	DNAH5
CCDC88C	CCDC88C
OTTHUMG00000016904;RP11-165D7.3	OTTHUMG00000016904;RP11-165D7.3
OTTHUMG00000017599;RP11-336A10.4	OTTHUMG00000017599;RP11-336A10.4
MSANTD2	MSANTD2
LOC100996663	LOC100996663
PODN	PODN
RNA5SP484	RNA5SP484
DFNA5	DFNA5
LOC100509646;PRY;PRY2	LOC100509646;PRY;PRY2
AC025171.1;LOC153684;OTTHUMG00000131146	AC025171.1;LOC153684;OTTHUMG00000131146
RNA5SP136	RNA5SP136
DUOXA1	DUOXA1
CCSER1;FAM190A	CCSER1;FAM190A
FGFR3	FGFR3
ATG5	ATG5
OTTHUMG00000020708;OTTHUMG00000020712;PTRH1;RP11-56D16.2;RP11-56D16.8	OTTHUMG00000020708;OTTHUMG00000020712;PTRH1;RP11-56D16.2;RP11-56D16.8
OTTHUMG00000017563;RP11-482E14.1	OTTHUMG00000017563;RP11-482E14.1
CD24	CD24
SOX21-AS1	SOX21-AS1
FBXO18	FBXO18
STX5	STX5
COQ2	COQ2
NDUFA4L2	NDUFA4L2
USP32P2	USP32P2
POLH	POLH
PMM2	PMM2
RPS3A;SNORD73A	RPS3A;SNORD73A
COMMD2	COMMD2
KCNT1	KCNT1
CERS5	CERS5
SYNGR3	SYNGR3
CRYM	CRYM
C11orf54	C11orf54
PRDM4	PRDM4
MIR3658;UCK2	MIR3658;UCK2
AP000318.2;MRPS6;OTTHUMG00000086188;SLC5A3	AP000318.2;MRPS6;OTTHUMG00000086188;SLC5A3
RFXAP	RFXAP
SNORD115-14	SNORD115-14
KCND3-AS1	KCND3-AS1
DDX11L2	DDX11L2
TCF7L1-IT1	TCF7L1-IT1
EIF2S3L	EIF2S3L
OTTHUMG00000017729;RP11-455B2.7;RPP38	OTTHUMG00000017729;RP11-455B2.7;RPP38
MAPKAPK5	MAPKAPK5
SDHC	SDHC
C6orf48;SNORD48;SNORD52	C6orf48;SNORD48;SNORD52
AP3M1	AP3M1
MED12L	MED12L
HLA-J	HLA-J
SESN1	SESN1
OTTHUMG00000164171;RP11-503E24.2	OTTHUMG00000164171;RP11-503E24.2
ZNF772	ZNF772
LATS1	LATS1
PCDH9-AS3	PCDH9-AS3
MAGEB3	MAGEB3
SNORD115-44	SNORD115-44
RNA5SP139	RNA5SP139
CLDN14	CLDN14
KCNAB1	KCNAB1
C19orf59	C19orf59
HTRA1	HTRA1
MIR3190	MIR3190
ZSCAN20	ZSCAN20
CNBD2	CNBD2
AFF3	AFF3
WAS	WAS
SPIRE2	SPIRE2
XPR1	XPR1
GLA	GLA
SKIV2L	SKIV2L
LINC00939	LINC00939
VAV1	VAV1
ATP5D	ATP5D
MIR3616	MIR3616
CEP78	CEP78
OTTHUMG00000016983;RP11-24H2.2	OTTHUMG00000016983;RP11-24H2.2
AKAP11	AKAP11
ELF4	ELF4
SYCE1L	SYCE1L
AC079135.1;OTTHUMG00000153089	AC079135.1;OTTHUMG00000153089
CEP170B;KIAA0284	CEP170B;KIAA0284
GRASP	GRASP
FMN2	FMN2
CABP4	CABP4
AC012506.4;OTTHUMG00000151891	AC012506.4;OTTHUMG00000151891
FAM175A	FAM175A
NUB1	NUB1
CIB4	CIB4
TMEM218	TMEM218
COL8A1	COL8A1
DEK	DEK
C12orf44	C12orf44
RNA5SP459	RNA5SP459
NMNAT1;OTTHUMG00000001801;RP11-807G9.2	NMNAT1;OTTHUMG00000001801;RP11-807G9.2
SLC25A4	SLC25A4
PRKD2	PRKD2
LGI3	LGI3
RNU1-1;RNU1-2;RNU1-27P;RNU1-28P;RNU1-3;RNU1-4;RNVU1-18	RNU1-1;RNU1-2;RNU1-27P;RNU1-28P;RNU1-3;RNU1-4;RNVU1-18
RNU1-1;RNU1-2;RNU1-27P;RNU1-28P;RNU1-3;RNU1-4;RNVU1-18	RNU1-1;RNU1-2;RNU1-27P;RNU1-28P;RNU1-3;RNU1-4;RNVU1-18
RNU1-1;RNU1-2;RNU1-27P;RNU1-28P;RNU1-3;RNU1-4;RNVU1-18	RNU1-1;RNU1-2;RNU1-27P;RNU1-28P;RNU1-3;RNU1-4;RNVU1-18
RNU1-1;RNU1-2;RNU1-27P;RNU1-28P;RNU1-3;RNU1-4;RNVU1-18	RNU1-1;RNU1-2;RNU1-27P;RNU1-28P;RNU1-3;RNU1-4;RNVU1-18
RNU1-1;RNU1-2;RNU1-27P;RNU1-28P;RNU1-3;RNU1-4;RNVU1-18	RNU1-1;RNU1-2;RNU1-27P;RNU1-28P;RNU1-3;RNU1-4;RNVU1-18
RNU1-1;RNU1-2;RNU1-27P;RNU1-28P;RNU1-3;RNU1-4;RNVU1-18	RNU1-1;RNU1-2;RNU1-27P;RNU1-28P;RNU1-3;RNU1-4;RNVU1-18
RNU1-1;RNU1-2;RNU1-27P;RNU1-28P;RNU1-3;RNU1-4;RNVU1-18	RNU1-1;RNU1-2;RNU1-27P;RNU1-28P;RNU1-3;RNU1-4;RNVU1-18
MRPL33	MRPL33
ROR1	ROR1
OTUD1	OTUD1
SAMD3	SAMD3
PET100	PET100
MIR1471	MIR1471
SMPD1	SMPD1
OTTHUMG00000017909;RP11-472N13.2	OTTHUMG00000017909;RP11-472N13.2
RN7SKP3	RN7SKP3
SFXN2	SFXN2
WAC-AS1	WAC-AS1
C22orf23	C22orf23
MIR1267	MIR1267
RNA5SP51	RNA5SP51
FAM83A	FAM83A
TIMM13	TIMM13
RPS20;SNORD54	RPS20;SNORD54
AL133249.1;OTTHUMG00000152056	AL133249.1;OTTHUMG00000152056
COX14	COX14
CHST2	CHST2
OTTHUMG00000150102;RP11-404E16.1;SNX27	OTTHUMG00000150102;RP11-404E16.1;SNX27
FAM180A	FAM180A
OTTHUMG00000035770;RP11-134G8.5;RPS10P7	OTTHUMG00000035770;RP11-134G8.5;RPS10P7
ECHDC2	ECHDC2
KCNK17	KCNK17
RNU6-30P	RNU6-30P
ABAT	ABAT
OTTHUMG00000012346;RP11-126K1.2	OTTHUMG00000012346;RP11-126K1.2
VPS53	VPS53
PTK6	PTK6
ACVR2B-AS1	ACVR2B-AS1
LAMP1	LAMP1
ABCB4	ABCB4
ESRP2	ESRP2
USP5	USP5
RNU4-9P	RNU4-9P
AFP	AFP
TRPM2	TRPM2
MIR1289-2	MIR1289-2
RELN	RELN
MPP4	MPP4
PHKB	PHKB
PAPLN	PAPLN
FAM92B	FAM92B
OTTHUMG00000161545;RP11-21G20.3	OTTHUMG00000161545;RP11-21G20.3
LEMD3	LEMD3
VSX2	VSX2
AASDH	AASDH
OTTHUMG00000163795;RP11-486M23.1	OTTHUMG00000163795;RP11-486M23.1
AC009303.2;OTTHUMG00000058520	AC009303.2;OTTHUMG00000058520
FLOT1	FLOT1
STAG3L4	STAG3L4
CD226	CD226
GPR112	GPR112
LOC399815	LOC399815
LINC00115	LINC00115
SNORA55	SNORA55
GDF2	GDF2
NOP9	NOP9
SNORD14D	SNORD14D
HCN2	HCN2
GPR87	GPR87
GUSBP5	GUSBP5
PRRT2	PRRT2
GPR161	GPR161
ACOT1	ACOT1
OTTHUMG00000159881;RP11-246A10.1	OTTHUMG00000159881;RP11-246A10.1
ADAMTS2	ADAMTS2
MIR3648	MIR3648
OTTHUMG00000164854;RP11-473O4.3	OTTHUMG00000164854;RP11-473O4.3
STARD9	STARD9
SOX6	SOX6
ITGAD	ITGAD
CPSF6	CPSF6
AC091705.1;OTTHUMG00000152593	AC091705.1;OTTHUMG00000152593
RNU5D-1	RNU5D-1
ZNF212	ZNF212
RNY4P26	RNY4P26
LOC284801;OTTHUMG00000032149;RP3-410C9.1	LOC284801;OTTHUMG00000032149;RP3-410C9.1
RNU6-22	RNU6-22
GCNT4	GCNT4
CTD-3064M3.4;OTTHUMG00000164486	CTD-3064M3.4;OTTHUMG00000164486
FAM117A	FAM117A
MIR4737	MIR4737
RNU12-2P	RNU12-2P
C1orf159	C1orf159
CPT1A	CPT1A
CXorf1;TMEM257	CXorf1;TMEM257
ADAM12	ADAM12
NPY6R	NPY6R
FLOT2	FLOT2
CCDC132	CCDC132
NTPCR	NTPCR
OTTHUMG00000150584;RP1-293L6.1	OTTHUMG00000150584;RP1-293L6.1
AK1	AK1
MIR1285-2	MIR1285-2
CDS2	CDS2
HEATR7B1;MROH2A	HEATR7B1;MROH2A
MIR1303	MIR1303
KIF15	KIF15
RC3H2	RC3H2
TRAPPC9	TRAPPC9
CCDC157	CCDC157
DGCR8;MIR1306;MIR3618	DGCR8;MIR1306;MIR3618
OPCML-IT2	OPCML-IT2
FLOT1	FLOT1
FLOT1	FLOT1
FLOT1	FLOT1
SLC4A3	SLC4A3
LINC00162	LINC00162
CTB-78F1.2;OTTHUMG00000163874	CTB-78F1.2;OTTHUMG00000163874
TLR6	TLR6
AC159540.2;OTTHUMG00000153001	AC159540.2;OTTHUMG00000153001
RNA5SP228	RNA5SP228
TARDBP	TARDBP
LOC402779;OTTHUMG00000013025;RP5-1007G16.1	LOC402779;OTTHUMG00000013025;RP5-1007G16.1
NUMA1	NUMA1
SCARNA11	SCARNA11
SRD5A1P1	SRD5A1P1
C2orf48	C2orf48
SNORD115-41	SNORD115-41
NDOR1	NDOR1
S100A9	S100A9
PPP1R11	PPP1R11
FANCM	FANCM
CHAF1A	CHAF1A
OTTHUMG00000163447;RP11-619L12.4	OTTHUMG00000163447;RP11-619L12.4
MARK4	MARK4
CTD-3064M3.3;OTTHUMG00000164483	CTD-3064M3.3;OTTHUMG00000164483
LOC100128239	LOC100128239
OTTHUMG00000040105;RP11-518L10.2	OTTHUMG00000040105;RP11-518L10.2
FASTK	FASTK
BEX2	BEX2
TRAF3	TRAF3
CEP112	CEP112
BMS1P1;BMS1P5	BMS1P1;BMS1P5
RNA5SP181	RNA5SP181
SDCCAG3P1	SDCCAG3P1
FAM27A	FAM27A
RNA5SP326	RNA5SP326
ZC3H12B	ZC3H12B
CFC1;CFC1B	CFC1;CFC1B
OTTHUMG00000035956;RP11-332H17.1	OTTHUMG00000035956;RP11-332H17.1
IER2	IER2
OTTHUMG00000158064;RP11-71H9.1	OTTHUMG00000158064;RP11-71H9.1
NFYC	NFYC
MIR4770	MIR4770
FLJ39080;OTTHUMG00000164511;RP11-758M4.1	FLJ39080;OTTHUMG00000164511;RP11-758M4.1
OTTHUMG00000017654;RP5-1051H14.2	OTTHUMG00000017654;RP5-1051H14.2
PTGES3	PTGES3
NDUFB6	NDUFB6
SP3	SP3
B9D2	B9D2
PACRG-AS1	PACRG-AS1
FOXRED1	FOXRED1
EXOC8	EXOC8
DRG1	DRG1
GOLGA3	GOLGA3
VPS39	VPS39
NADK2;NADKD1	NADK2;NADKD1
OTTHUMG00000055979;RP11-490N5.3	OTTHUMG00000055979;RP11-490N5.3
GRAMD1C	GRAMD1C
ZNF664	ZNF664
OTTHUMG00000041153;PTPN14;RP11-176D17.3	OTTHUMG00000041153;PTPN14;RP11-176D17.3
TSPYL6	TSPYL6
OTTHUMG00000032688;RP1-155G6.4	OTTHUMG00000032688;RP1-155G6.4
HDAC2	HDAC2
FSD1	FSD1
RAD9A	RAD9A
KRT71	KRT71
ABHD10	ABHD10
TIGD1L2;TOPORS-AS1	TIGD1L2;TOPORS-AS1
MYO16-AS2	MYO16-AS2
ANKRD54;MIR658	ANKRD54;MIR658
KCNJ15	KCNJ15
MRPL4	MRPL4
OTTHUMG00000162608;RP11-348J24.1	OTTHUMG00000162608;RP11-348J24.1
IQCF3	IQCF3
NFYB	NFYB
CAV2	CAV2
AZGP1	AZGP1
ZNF624	ZNF624
C15orf52;RNA5SP392	C15orf52;RNA5SP392
JARID2	JARID2
DLG1	DLG1
TSPAN4	TSPAN4
RNA5SP423	RNA5SP423
SECISBP2L	SECISBP2L
OTTHUMG00000159078;RP11-5O17.1	OTTHUMG00000159078;RP11-5O17.1
FGG	FGG
DKFZp566F0947	DKFZp566F0947
MIR873	MIR873
ZNF268	ZNF268
C6orf223	C6orf223
OTTHUMG00000164159;RP11-100L22.2	OTTHUMG00000164159;RP11-100L22.2
AP001271.3;OTTHUMG00000152739	AP001271.3;OTTHUMG00000152739
LOC100505738;MIR4458;OTTHUMG00000161710;RP11-480D4.3	LOC100505738;MIR4458;OTTHUMG00000161710;RP11-480D4.3
AF241725.6;OTTHUMG00000078124	AF241725.6;OTTHUMG00000078124
OTTHUMG00000001211;RP3-467L1.4	OTTHUMG00000001211;RP3-467L1.4
IRAK3	IRAK3
ZNF569	ZNF569
POGLUT1	POGLUT1
COL24A1	COL24A1
OTTHUMG00000161561;RP11-650J17.2	OTTHUMG00000161561;RP11-650J17.2
ZNF256	ZNF256
FAM49B	FAM49B
DDTL	DDTL
ZNF823	ZNF823
ZNRD1	ZNRD1
RPL10L	RPL10L
RNA5SP105	RNA5SP105
GPR39	GPR39
ERO1LB	ERO1LB
SPATA2L	SPATA2L
NTRK2	NTRK2
OTTHUMG00000008586;RP11-269F19.9;TCTEX1D4	OTTHUMG00000008586;RP11-269F19.9;TCTEX1D4
FBXO43	FBXO43
SNX25	SNX25
ARSD	ARSD
RNU6-21P	RNU6-21P
CTB-1I21.1;OTTHUMG00000163215	CTB-1I21.1;OTTHUMG00000163215
EZH2	EZH2
AC003991.3;OTTHUMG00000153895	AC003991.3;OTTHUMG00000153895
GSTA5	GSTA5
HOXD1	HOXD1
DDHD2	DDHD2
NBAS	NBAS
AC128709.4;OTTHUMG00000155483	AC128709.4;OTTHUMG00000155483
LOC100506705	LOC100506705
ATP4A	ATP4A
LOC101059993;RBM14;RBM14-RBM4;RBM4	LOC101059993;RBM14;RBM14-RBM4;RBM4
MGAM	MGAM
SUPT6H	SUPT6H
USP12-AS2	USP12-AS2
KHSRP;MIR3940	KHSRP;MIR3940
POTEF	POTEF
OTTHUMG00000034588;RP11-375F2.2	OTTHUMG00000034588;RP11-375F2.2
TTC19	TTC19
SEH1L	SEH1L
OTTHUMG00000156627;RP11-148G20.1	OTTHUMG00000156627;RP11-148G20.1
C21orf58	C21orf58
CLEC19A	CLEC19A
ILF2	ILF2
AC103563.9;OTTHUMG00000155169	AC103563.9;OTTHUMG00000155169
NDUFS4	NDUFS4
UQCRQ	UQCRQ
MRPS22	MRPS22
CDK11A;CDK11B	CDK11A;CDK11B
FAM25A;FAM25B;FAM25C;FAM25G	FAM25A;FAM25B;FAM25C;FAM25G
C5orf48	C5orf48
RNU4-5P	RNU4-5P
RNU6-49	RNU6-49
CTSO	CTSO
SFTA3	SFTA3
MAGEA9;MAGEA9B	MAGEA9;MAGEA9B
C5orf43;SMIM15	C5orf43;SMIM15
OTTHUMG00000160894;RP11-42A4.1	OTTHUMG00000160894;RP11-42A4.1
CTC-529L17.2;OTTHUMG00000162675	CTC-529L17.2;OTTHUMG00000162675
FAM183B	FAM183B
XAGE3	XAGE3
FAM92A1P2	FAM92A1P2
LIG1	LIG1
AC091801.1;LOC392621;OTTHUMG00000152117	AC091801.1;LOC392621;OTTHUMG00000152117
CCDC40	CCDC40
POTEJ	POTEJ
SNORD115-33	SNORD115-33
WHAMMP3	WHAMMP3
CASC1	CASC1
NBPF6	NBPF6
MRPL35	MRPL35
MSI1	MSI1
ADAMTS13	ADAMTS13
OTTHUMG00000032886;RP11-429E11.2	OTTHUMG00000032886;RP11-429E11.2
SENP7	SENP7
AIF1	AIF1
OTTHUMG00000162030;RP11-6L6.7	OTTHUMG00000162030;RP11-6L6.7
GSX1	GSX1
UGDH	UGDH
RNU6-52P	RNU6-52P
OR52W1	OR52W1
OTTHUMG00000042023;RP11-433J22.2	OTTHUMG00000042023;RP11-433J22.2
RAD23B	RAD23B
LYPLA2	LYPLA2
AC011995.1;OTTHUMG00000151393	AC011995.1;OTTHUMG00000151393
RNA5SP390	RNA5SP390
SNAPC5	SNAPC5
LOC100507487;OTTHUMG00000161321;RP11-420A23.1	LOC100507487;OTTHUMG00000161321;RP11-420A23.1
COBRA1;NELFB	COBRA1;NELFB
ASTE1	ASTE1
OTTHUMG00000160961;RP11-8L2.1	OTTHUMG00000160961;RP11-8L2.1
CAB39L	CAB39L
HSP90AB4P	HSP90AB4P
RGPD1;RGPD2	RGPD1;RGPD2
MON2	MON2
ATP1A3	ATP1A3
OTTHUMG00000161487;RP11-92A5.2	OTTHUMG00000161487;RP11-92A5.2
RFX8	RFX8
RNA5SP369	RNA5SP369
SLC26A11	SLC26A11
CRY1	CRY1
AC023481.1;OTTHUMG00000154972	AC023481.1;OTTHUMG00000154972
FGF17	FGF17
HIST1H4A;HIST1H4B;HIST1H4C;HIST1H4D;HIST1H4E;HIST1H4F;HIST1H4H;HIST1H4I;HIST1H4J;HIST1H4K;HIST1H4L;HIST2H4A;HIST2H4B;HIST4H4	HIST1H4A;HIST1H4B;HIST1H4C;HIST1H4D;HIST1H4E;HIST1H4F;HIST1H4H;HIST1H4I;HIST1H4J;HIST1H4K;HIST1H4L;HIST2H4A;HIST2H4B;HIST4H4
LOC100506392;OTTHUMG00000012128;RP11-31F15.1	LOC100506392;OTTHUMG00000012128;RP11-31F15.1
MIR181C	MIR181C
SH2D4B	SH2D4B
RNY3P8	RNY3P8
C21orf7;MAP3K7CL	C21orf7;MAP3K7CL
C9orf172	C9orf172
OTTHUMG00000015978;RP5-826L7.1	OTTHUMG00000015978;RP5-826L7.1
SNORD115-35	SNORD115-35
AC006547.14;LOC388849;OTTHUMG00000150751	AC006547.14;LOC388849;OTTHUMG00000150751
FAM225B	FAM225B
BDH2	BDH2
ABCB1	ABCB1
ZNF311	ZNF311
RBP5	RBP5
PAPPA2	PAPPA2
AL121656.5;LOC100271832;OTTHUMG00000152135	AL121656.5;LOC100271832;OTTHUMG00000152135
OTTHUMG00000019433;RP11-130C19.3	OTTHUMG00000019433;RP11-130C19.3
CANX	CANX
CTD-2339F6.1;LOC286178;OTTHUMG00000164274	CTD-2339F6.1;LOC286178;OTTHUMG00000164274
INHBE	INHBE
LOC100129060;OTTHUMG00000156795;RP11-493K19.3	LOC100129060;OTTHUMG00000156795;RP11-493K19.3
TRPV6	TRPV6
LAMC1	LAMC1
FAM75E1;SPATA31E1	FAM75E1;SPATA31E1
BX284650.2;LOC100130000;OTTHUMG00000013626	BX284650.2;LOC100130000;OTTHUMG00000013626
SLC39A14	SLC39A14
ZHX3	ZHX3
BLOC1S6	BLOC1S6
NBR2	NBR2
PON3	PON3
RRP12	RRP12
ANAPC7	ANAPC7
KCNH7	KCNH7
AC017002.2;OTTHUMG00000153694	AC017002.2;OTTHUMG00000153694
TMEM170A	TMEM170A
SNORD4B	SNORD4B
DIAPH2-AS1	DIAPH2-AS1
MIR4300	MIR4300
PRKCE	PRKCE
OTTHUMG00000160349;RP11-79E3.2	OTTHUMG00000160349;RP11-79E3.2
RNU6-27	RNU6-27
MEN1	MEN1
RNA5SP154	RNA5SP154
HIGD1C	HIGD1C
TOMM70A	TOMM70A
TRPV1	TRPV1
MIR4327	MIR4327
IFT81	IFT81
TMEM133	TMEM133
OTTHUMG00000022331;RP5-931E15.2	OTTHUMG00000022331;RP5-931E15.2
UCN2	UCN2
RNASE7	RNASE7
PAK2	PAK2
SLC12A7	SLC12A7
MECOM	MECOM
CACNA1G-AS1	CACNA1G-AS1
RNA5SP451	RNA5SP451
OTTHUMG00000150069;XXbac-B476C20.14	OTTHUMG00000150069;XXbac-B476C20.14
ABHD17A	ABHD17A
MCM9	MCM9
OR5L1	OR5L1
FTO	FTO
LOC391322	LOC391322
CLIP3	CLIP3
ADAD1	ADAD1
SOX9	SOX9
NME1-NME2;NME2	NME1-NME2;NME2
MIR548A1	MIR548A1
LINC00672	LINC00672
BAGE;BAGE2;BAGE3;BAGE4;BAGE5	BAGE;BAGE2;BAGE3;BAGE4;BAGE5
GYPA	GYPA
OTTHUMG00000163905;RP11-181B11.1	OTTHUMG00000163905;RP11-181B11.1
CTC-338M12.2;OTTHUMG00000162379	CTC-338M12.2;OTTHUMG00000162379
KDM8	KDM8
ETV1	ETV1
MIR618	MIR618
ACTR1A	ACTR1A
LINC00032	LINC00032
SCLT1	SCLT1
YAP1	YAP1
SCARNA13;SNHG10	SCARNA13;SNHG10
INPP5E	INPP5E
KLHL5	KLHL5
APOBEC3H	APOBEC3H
KIAA2022	KIAA2022
MPDZ	MPDZ
GRM5	GRM5
MND1	MND1
FAM122A	FAM122A
RHOG	RHOG
CSRP2	CSRP2
ACP5	ACP5
AC022431.3;OTTHUMG00000150054	AC022431.3;OTTHUMG00000150054
C4orf48	C4orf48
OTTHUMG00000036266;RP11-372M18.2	OTTHUMG00000036266;RP11-372M18.2
LOC100507468;OTTHUMG00000156644;RP5-942I16.1	LOC100507468;OTTHUMG00000156644;RP5-942I16.1
DEPTOR;KB-1471A8.1;OTTHUMG00000165012	DEPTOR;KB-1471A8.1;OTTHUMG00000165012
ANGEL1	ANGEL1
LOC100507403;OTTHUMG00000163995;RP11-527N22.1	LOC100507403;OTTHUMG00000163995;RP11-527N22.1
SNORD115-32	SNORD115-32
MIR659	MIR659
HAND2	HAND2
UQCRHL	UQCRHL
ZNF175	ZNF175
GIT2	GIT2
POTEE	POTEE
OVOL3	OVOL3
RPS27	RPS27
CARD14	CARD14
AIMP2	AIMP2
RPS6KA2-IT1	RPS6KA2-IT1
RN7SKP4	RN7SKP4
HLA-J	HLA-J
ARHGDIG	ARHGDIG
UBE2B	UBE2B
SUPT4H1	SUPT4H1
RNU6-65	RNU6-65
RNY1P8	RNY1P8
TM2D2	TM2D2
LOC390705	LOC390705
APLP2	APLP2
TRPV3	TRPV3
DOCK9	DOCK9
GPR113	GPR113
DNMT1	DNMT1
ARHGAP28	ARHGAP28
USP38	USP38
CYLD	CYLD
GRIN1	GRIN1
OTTHUMG00000163628;RP11-439C15.4	OTTHUMG00000163628;RP11-439C15.4
ADPRM	ADPRM
PRICKLE4;TOMM6	PRICKLE4;TOMM6
CLDN12	CLDN12
CREBZF	CREBZF
MSH5;MSH5-SAPCD1;SAPCD1	MSH5;MSH5-SAPCD1;SAPCD1
RANBP9	RANBP9
OTTHUMG00000160454;RP11-279O9.4	OTTHUMG00000160454;RP11-279O9.4
OTTHUMG00000019591;RP11-62F24.2	OTTHUMG00000019591;RP11-62F24.2
AC068057.1;OTTHUMG00000153054	AC068057.1;OTTHUMG00000153054
MCTS1;OTTHUMG00000022304;RP4-655L22.2	MCTS1;OTTHUMG00000022304;RP4-655L22.2
MIR548A2	MIR548A2
AC010884.1;OTTHUMG00000153077	AC010884.1;OTTHUMG00000153077
DHX37	DHX37
SLC25A3P1	SLC25A3P1
SELL	SELL
TTC4	TTC4
RNU6-43	RNU6-43
MIRLET7DHG	MIRLET7DHG
IGLV5-37	IGLV5-37
DGKK	DGKK
ARHGEF7-IT1	ARHGEF7-IT1
OTTHUMG00000020108;RP11-575L7.2	OTTHUMG00000020108;RP11-575L7.2
ZNF433	ZNF433
DAB2IP	DAB2IP
MIR155;MIR155HG	MIR155;MIR155HG
ACBD5	ACBD5
PIN4	PIN4
LOC101060521;POLR3E	LOC101060521;POLR3E
HHAT	HHAT
RACGAP1	RACGAP1
CLK4	CLK4
HSD17B13	HSD17B13
LSM3	LSM3
LOC100996876	LOC100996876
ZNF562	ZNF562
PAFAH2	PAFAH2
KNDC1	KNDC1
LOC730227;OTTHUMG00000035835;RP11-134P9.1	LOC730227;OTTHUMG00000035835;RP11-134P9.1
TYW3	TYW3
CDKN2A	CDKN2A
LOC400590	LOC400590
ARPC5	ARPC5
RNASE1	RNASE1
PRKRIR	PRKRIR
PRTG	PRTG
GOLGA6L1;LOC100996599;LOC100996625;LOC100996644;LOC101060115;LOC440243	GOLGA6L1;LOC100996599;LOC100996625;LOC100996644;LOC101060115;LOC440243
LOC100509541	LOC100509541
OTTHUMG00000162216;RP11-94C24.11	OTTHUMG00000162216;RP11-94C24.11
PKLR	PKLR
OTTHUMG00000020437;RP11-540H22.2	OTTHUMG00000020437;RP11-540H22.2
ALG2	ALG2
NAAA	NAAA
ZNF548	ZNF548
WASH1	WASH1
HERPUD1	HERPUD1
PLEKHB1	PLEKHB1
NKX2-8	NKX2-8
C3orf58	C3orf58
PPM1B	PPM1B
LOC401242;OTTHUMG00000149386;XXbac-BPG308K3.6	LOC401242;OTTHUMG00000149386;XXbac-BPG308K3.6
LOC401242;OTTHUMG00000085913;XXbac-BPG308K3.6	LOC401242;OTTHUMG00000085913;XXbac-BPG308K3.6
TATDN1	TATDN1
MANSC1	MANSC1
SCN10A	SCN10A
LIN28A	LIN28A
OTTHUMG00000058152;RP11-175I6.5	OTTHUMG00000058152;RP11-175I6.5
RNA5SP213	RNA5SP213
OTTHUMG00000161582;RP11-766F14.1	OTTHUMG00000161582;RP11-766F14.1
EPB41L4B	EPB41L4B
HDGF	HDGF
SRRM5	SRRM5
CDH15	CDH15
CTC-529L17.1;OTTHUMG00000162625	CTC-529L17.1;OTTHUMG00000162625
DNAH8	DNAH8
SLC35G1	SLC35G1
CHRNA4	CHRNA4
POP7	POP7
GRIN2A	GRIN2A
IDI2	IDI2
AC009505.2;OTTHUMG00000153117	AC009505.2;OTTHUMG00000153117
GBGT1	GBGT1
POLR2A	POLR2A
CCDC153	CCDC153
ATP2A2	ATP2A2
STK4	STK4
POTEI	POTEI
POT1	POT1
ADAM23	ADAM23
AC005392.13;OTTHUMG00000151543	AC005392.13;OTTHUMG00000151543
C6orf48;SNORD48;SNORD52	C6orf48;SNORD48;SNORD52
CECR5-AS1	CECR5-AS1
ATP6V0E2-AS1	ATP6V0E2-AS1
C5orf58	C5orf58
BNIP1	BNIP1
AKAP9	AKAP9
OTTHUMG00000156934;RP11-736E3.1	OTTHUMG00000156934;RP11-736E3.1
MNX1	MNX1
LOC644961;RNU6-48	LOC644961;RNU6-48
NFRKB	NFRKB
PDS5B	PDS5B
FUT3	FUT3
MECP2	MECP2
DUS2L	DUS2L
RNA5SP351	RNA5SP351
KIAA2018	KIAA2018
CENPF	CENPF
MCM7	MCM7
OTTHUMG00000163226;RP11-375B1.2	OTTHUMG00000163226;RP11-375B1.2
PNMA6A;PNMA6B	PNMA6A;PNMA6B
YARS	YARS
MIR548I1	MIR548I1
OTTHUMG00000159412;RP11-779P15.1	OTTHUMG00000159412;RP11-779P15.1
OTTHUMG00000160635;PRR23A;RP11-771O11.3	OTTHUMG00000160635;PRR23A;RP11-771O11.3
AHNAK2	AHNAK2
CDA	CDA
LINC00641	LINC00641
SON	SON
OTTHUMG00000035230;RP1-79C4.1	OTTHUMG00000035230;RP1-79C4.1
TRAJ14	TRAJ14
CSNK1G2-AS1	CSNK1G2-AS1
ACSF3	ACSF3
MYOF	MYOF
LOC100507018;OTTHUMG00000165073;RP11-383J24.5	LOC100507018;OTTHUMG00000165073;RP11-383J24.5
EXOC1	EXOC1
DKFZP779J2370;LYSMD4	DKFZP779J2370;LYSMD4
GTPBP10	GTPBP10
CCDC107	CCDC107
GP5	GP5
ATG2A	ATG2A
TLR3	TLR3
KIAA1147;OTTHUMG00000157537;RP5-894A10.2	KIAA1147;OTTHUMG00000157537;RP5-894A10.2
RNY4P9	RNY4P9
SOX14	SOX14
THRB	THRB
GPR98	GPR98
ZNF844	ZNF844
FAM82A2;RMDN3	FAM82A2;RMDN3
MRPL1	MRPL1
SLC7A11-AS1	SLC7A11-AS1
SNORD115-22	SNORD115-22
RNF130	RNF130
RNF168	RNF168
GSX2	GSX2
TSTD3	TSTD3
ZNF429	ZNF429
ZNF177;ZNF559-ZNF177	ZNF177;ZNF559-ZNF177
SNORD115-38	SNORD115-38
PLEKHN1	PLEKHN1
DCUN1D3	DCUN1D3
MIR603	MIR603
TMPRSS2	TMPRSS2
STOML1	STOML1
AL109763.2;OTTHUMG00000074544	AL109763.2;OTTHUMG00000074544
OTTHUMG00000019549;RP11-87N24.2	OTTHUMG00000019549;RP11-87N24.2
DPP6	DPP6
RHEBL1	RHEBL1
CRLF3	CRLF3
SSBP1	SSBP1
OTTHUMG00000160297;RP11-91J3.2	OTTHUMG00000160297;RP11-91J3.2
TBX21	TBX21
PLA2G4E	PLA2G4E
VPS18	VPS18
PRKD1	PRKD1
TRPM4	TRPM4
LOC100506639;ZNF131	LOC100506639;ZNF131
KLRC3	KLRC3
ADORA2B	ADORA2B
AP001631.10;LOC100288336;OTTHUMG00000086844	AP001631.10;LOC100288336;OTTHUMG00000086844
FAF2	FAF2
OTTHUMG00000163407;RP11-1277A3.1	OTTHUMG00000163407;RP11-1277A3.1
AC000123.3;OTTHUMG00000066283	AC000123.3;OTTHUMG00000066283
AC009236.2;OTTHUMG00000152442	AC009236.2;OTTHUMG00000152442
CTB-43E15.1;OTTHUMG00000163339	CTB-43E15.1;OTTHUMG00000163339
ELOVL2-AS1	ELOVL2-AS1
HOXC-AS3	HOXC-AS3
FECH	FECH
FAM196A	FAM196A
SNORD115-40	SNORD115-40
ATAD3A	ATAD3A
FAM83E	FAM83E
LOC100506207;OTTHUMG00000014225;RP11-314C16.1	LOC100506207;OTTHUMG00000014225;RP11-314C16.1
OTTHUMG00000156463;RP11-208N14.4	OTTHUMG00000156463;RP11-208N14.4
RNA5SP66	RNA5SP66
TASP1	TASP1
STK33	STK33
RNU6-35P	RNU6-35P
NKX2-4	NKX2-4
NDUFA7	NDUFA7
OAF	OAF
PNMA6A;PNMA6B;PNMA6C;PNMA6D	PNMA6A;PNMA6B;PNMA6C;PNMA6D
LOC100129269;OTTHUMG00000011958;RP5-836N10.1	LOC100129269;OTTHUMG00000011958;RP5-836N10.1
FUS	FUS
OTTHUMG00000148945;VARS2;VARSL	OTTHUMG00000148945;VARS2;VARSL
AC002451.3;OTTHUMG00000154145	AC002451.3;OTTHUMG00000154145
MIR3613	MIR3613
BTNL2	BTNL2
SNORD115-39	SNORD115-39
RARB	RARB
BZRAP1	BZRAP1
DSCAM-IT1	DSCAM-IT1
AC009955.8;OTTHUMG00000059236	AC009955.8;OTTHUMG00000059236
SHE	SHE
MXRA5P1	MXRA5P1
TRIM31	TRIM31
HMGA2	HMGA2
RER1	RER1
OTTHUMG00000022239;RP1-241P17.4	OTTHUMG00000022239;RP1-241P17.4
IPO13	IPO13
CPT1C	CPT1C
C21orf77;LINC00846;TCP10L	C21orf77;LINC00846;TCP10L
AC009223.2;OTTHUMG00000153143	AC009223.2;OTTHUMG00000153143
HS6ST3	HS6ST3
LOC401164;OTTHUMG00000160242;RP11-219G10.3	LOC401164;OTTHUMG00000160242;RP11-219G10.3
SNORA10	SNORA10
ZNF559	ZNF559
CABP5	CABP5
C4A;C4B;C4B_2	C4A;C4B;C4B_2
TUBE1	TUBE1
DCAF8	DCAF8
GAA	GAA
TOP2A	TOP2A
SYTL3	SYTL3
DPH2	DPH2
FH	FH
LOC100507316;OTTHUMG00000164976;RP13-582O9.5	LOC100507316;OTTHUMG00000164976;RP13-582O9.5
OTTHUMG00000160946;RP11-6E9.4	OTTHUMG00000160946;RP11-6E9.4
PGBD1	PGBD1
PSAT1P4	PSAT1P4
MIR566	MIR566
PIGF	PIGF
OTTHUMG00000032958;RP11-261N11.8	OTTHUMG00000032958;RP11-261N11.8
ATOH8	ATOH8
DNAJC27-AS1	DNAJC27-AS1
EFS	EFS
MIR657	MIR657
FUNDC2	FUNDC2
IKBKG	IKBKG
ZNF311	ZNF311
BRWD1-IT2	BRWD1-IT2
SEPT4	SEPT4
C1orf233	C1orf233
SLC39A6	SLC39A6
C4A;C4B;C4B_2	C4A;C4B;C4B_2
MRAS	MRAS
OSTN	OSTN
OTTHUMG00000020423;RP11-235C23.5	OTTHUMG00000020423;RP11-235C23.5
OTTHUMG00000017707;RP11-397C18.2	OTTHUMG00000017707;RP11-397C18.2
THOC1	THOC1
TMEM64	TMEM64
AC159540.1;LOC100506123;OTTHUMG00000152989	AC159540.1;LOC100506123;OTTHUMG00000152989
BHLHA9	BHLHA9
DCLRE1A	DCLRE1A
RNU86;RPL3;SNORD43;SNORD83B	RNU86;RPL3;SNORD43;SNORD83B
ZBTB39	ZBTB39
LINC00628	LINC00628
KLHL9	KLHL9
ZFPL1	ZFPL1
ARMC4	ARMC4
ZNF890P	ZNF890P
SLC9B1P1	SLC9B1P1
GGACT	GGACT
C4A;C4B;C4B_2	C4A;C4B;C4B_2
CDC42	CDC42
LINC00424	LINC00424
ACTR10	ACTR10
EXOSC7	EXOSC7
C4A;C4B;C4B_2	C4A;C4B;C4B_2
MIR3162	MIR3162
ACADL	ACADL
AC005220.3;OTTHUMG00000032769	AC005220.3;OTTHUMG00000032769
TMEM178B	TMEM178B
AFF2-IT1	AFF2-IT1
OTTHUMG00000008380;RP4-657D16.3	OTTHUMG00000008380;RP4-657D16.3
AL928742.12;IGHA2;IGHD;IGHD3-9;IGHE;IGHG1;IGHG2;IGHG3;IGHJ2;IGHJ3;IGHJ4;IGHJ6;IGHV1-2;IGHV1-24;IGHV4-31;IGHV4-4;OTTHUMG00000029923;OTTHUMG00000164789;OTTHUMG00000164792;RP11-731F5.1;RP11-731F5.2	AL928742.12;IGHA2;IGHD;IGHD3-9;IGHE;IGHG1;IGHG2;IGHG3;IGHJ2;IGHJ3;IGHJ4;IGHJ6;IGHV1-2;IGHV1-24;IGHV4-31;IGHV4-4;OTTHUMG00000029923;OTTHUMG00000164789;OTTHUMG00000164792;RP11-731F5.1;RP11-731F5.2
OTTHUMG00000161960;RP11-184E9.1	OTTHUMG00000161960;RP11-184E9.1
SHC2	SHC2
CHP2	CHP2
TTBK1	TTBK1
S100A13	S100A13
IPW;LOC100506948;SNORD107;SNORD115-13;SNORD115-26;SNORD115-7;SNORD116-19;SNORD116-22;SNORD116-28;SNORD116-4	IPW;LOC100506948;SNORD107;SNORD115-13;SNORD115-26;SNORD115-7;SNORD116-19;SNORD116-22;SNORD116-28;SNORD116-4
OTTHUMG00000161394;RP11-526A4.1	OTTHUMG00000161394;RP11-526A4.1
OTTHUMG00000018750;RP11-251A15.4;TNKS2-AS1	OTTHUMG00000018750;RP11-251A15.4;TNKS2-AS1
PEX19	PEX19
MPG	MPG
KIAA1024L	KIAA1024L
C9orf96	C9orf96
C8orf41;OTTHUMG00000163956;TTI2	C8orf41;OTTHUMG00000163956;TTI2
RNY4P15	RNY4P15
RNY4	RNY4
ROPN1B	ROPN1B
FAM41AY1;FAM41AY2	FAM41AY1;FAM41AY2
FAM41AY1;FAM41AY2	FAM41AY1;FAM41AY2
C4A;C4B;C4B_2	C4A;C4B;C4B_2
PRRC1	PRRC1
SLC5A6	SLC5A6
TMCC3	TMCC3
IQSEC1	IQSEC1
LINC00595	LINC00595
OTTHUMG00000032077;RP11-218C14.5	OTTHUMG00000032077;RP11-218C14.5
HLA-J	HLA-J
MIR23C	MIR23C
GS1-600G8.3;LOC100093698;OTTHUMG00000021147	GS1-600G8.3;LOC100093698;OTTHUMG00000021147
ORMDL3	ORMDL3
SNORA21	SNORA21
FAM72D;LOC101060656	FAM72D;LOC101060656
ZNF311	ZNF311
ZNF311	ZNF311
ZNF311	ZNF311
OTTHUMG00000150536;RP5-1170K4.7	OTTHUMG00000150536;RP5-1170K4.7
C4A;C4B;C4B_2	C4A;C4B;C4B_2
KMT2C;MLL3	KMT2C;MLL3
ABHD16A	ABHD16A
PITPNM2	PITPNM2
AC116035.2;OTTHUMG00000155735	AC116035.2;OTTHUMG00000155735
C4A;C4B;C4B_2;DASS-307J8.7;OTTHUMG00000137669	C4A;C4B;C4B_2;DASS-307J8.7;OTTHUMG00000137669
MIR1273A	MIR1273A
APOBEC4	APOBEC4
PQBP1	PQBP1
AC079742.4;OTTHUMG00000151848	AC079742.4;OTTHUMG00000151848
TRIM4	TRIM4
ATP5EP2	ATP5EP2
DDX39B;SNORD84	DDX39B;SNORD84
PRM3	PRM3
CDC42SE1;OTTHUMG00000035161;RP11-316M1.11	CDC42SE1;OTTHUMG00000035161;RP11-316M1.11
ODF2	ODF2
SLC9B1	SLC9B1
RNA5SP211	RNA5SP211
ARID3A	ARID3A
ZFP3	ZFP3
BEST1	BEST1
CCDC116	CCDC116
SNORD97	SNORD97
OTTHUMG00000163707;RP11-43A14.1	OTTHUMG00000163707;RP11-43A14.1
OR6F1	OR6F1
MYBBP1A	MYBBP1A
CTNNA1	CTNNA1
C8orf82	C8orf82
CTD-2089N3.1;OTTHUMG00000162402	CTD-2089N3.1;OTTHUMG00000162402
FOXRED2	FOXRED2
LINC00381	LINC00381
AF064858.11;OTTHUMG00000086702	AF064858.11;OTTHUMG00000086702
LIG3	LIG3
TOM1	TOM1
CLEC2L	CLEC2L
LINC00350	LINC00350
AP001469.5;OTTHUMG00000090629	AP001469.5;OTTHUMG00000090629
TXNDC15	TXNDC15
LOC100294145	LOC100294145
TINAG	TINAG
GDPD1	GDPD1
OTTHUMG00000020256;RP11-231K24.2	OTTHUMG00000020256;RP11-231K24.2
RNY4P17	RNY4P17
DNAH17	DNAH17
C11orf83	C11orf83
SASS6	SASS6
ZNF831	ZNF831
PSMC3IP	PSMC3IP
FAM182A	FAM182A
OR51I1	OR51I1
CUL4A	CUL4A
RRAGD	RRAGD
KCNU1	KCNU1
C3orf15;LOC100652862;MAATS1	C3orf15;LOC100652862;MAATS1
OTTHUMG00000164786;RP11-219B4.3	OTTHUMG00000164786;RP11-219B4.3
CERS4	CERS4
FBXO24	FBXO24
CTBS	CTBS
PPP1R11	PPP1R11
CTH	CTH
OTTHUMG00000160739;RP11-632F7.3	OTTHUMG00000160739;RP11-632F7.3
COCH	COCH
LRFN4	LRFN4
LRBA	LRBA
PPP1R2	PPP1R2
SGK2	SGK2
HOXC5	HOXC5
MMP11	MMP11
RTBDN	RTBDN
DCLRE1B	DCLRE1B
LOC285074	LOC285074
ZNRD1	ZNRD1
RPL23AP64	RPL23AP64
CYTH4	CYTH4
DHRS7C	DHRS7C
SNORD67	SNORD67
GRM7-AS2	GRM7-AS2
KRT77	KRT77
LTBP2	LTBP2
AC007383.3;OTTHUMG00000154653	AC007383.3;OTTHUMG00000154653
PIK3CA	PIK3CA
RAVER2	RAVER2
PKN1	PKN1
MRPL19	MRPL19
MAGEA3	MAGEA3
SYT16	SYT16
COL20A1	COL20A1
SNORD20	SNORD20
CYP4F43P;LOC440905	CYP4F43P;LOC440905
OTTHUMG00000012112;RP5-1185H19.2	OTTHUMG00000012112;RP5-1185H19.2
SNAPC2	SNAPC2
CASP8AP2	CASP8AP2
ANKMY1	ANKMY1
TMED10	TMED10
OTTHUMG00000161596;RP11-1338A24.1	OTTHUMG00000161596;RP11-1338A24.1
EPHB1	EPHB1
ANGPT2	ANGPT2
SNORA33;SNORD100;SNORD101	SNORA33;SNORD100;SNORD101
CCDC105	CCDC105
WHAMMP1	WHAMMP1
TCTN1	TCTN1
LOC101060409;NUDT17	LOC101060409;NUDT17
DMD-AS3	DMD-AS3
USP6NL;USP6NL-IT1	USP6NL;USP6NL-IT1
FOSL2	FOSL2
RSF1-IT1	RSF1-IT1
IMMP2L-IT1	IMMP2L-IT1
KIF17	KIF17
MIR638	MIR638
PTPRB	PTPRB
IGSF21	IGSF21
SNORD115-10	SNORD115-10
BTNL2	BTNL2
BTNL2	BTNL2
BTNL2	BTNL2
BCAP31	BCAP31
PCNXL2	PCNXL2
IGKV5-2	IGKV5-2
CTC-459M5.2;OTTHUMG00000162900	CTC-459M5.2;OTTHUMG00000162900
MAPKAP1	MAPKAP1
HDHD3	HDHD3
RGPD1;RGPD2	RGPD1;RGPD2
GDAP1L1	GDAP1L1
IL17B	IL17B
C1QTNF4	C1QTNF4
AC016722.4;OTTHUMG00000153091	AC016722.4;OTTHUMG00000153091
PHF13	PHF13
RNF6	RNF6
UPK1A	UPK1A
PDCD5	PDCD5
MIR4489	MIR4489
LINC00176	LINC00176
LGR4	LGR4
TM9SF3	TM9SF3
ST6GAL1	ST6GAL1
AGPAT3	AGPAT3
CHRM2	CHRM2
RNA5SP54	RNA5SP54
RNA5SP106	RNA5SP106
PAIP2B	PAIP2B
TFAM	TFAM
OTTHUMG00000159113;RP11-734K21.2	OTTHUMG00000159113;RP11-734K21.2
OTTHUMG00000153513;RP5-1039K5.16	OTTHUMG00000153513;RP5-1039K5.16
KIF25-AS1	KIF25-AS1
OTTHUMG00000165027;RP11-622O11.4	OTTHUMG00000165027;RP11-622O11.4
LOC100510707;LOC101060303;LOC101060321;LOC101060351;LOC101060367;LOC101060376;LOC101060389;LOC101060403;LOC101060421;LOC101060440;LOC101060489;LOC101060506;TBC1D3;TBC1D3C;TBC1D3F	LOC100510707;LOC101060303;LOC101060321;LOC101060351;LOC101060367;LOC101060376;LOC101060389;LOC101060403;LOC101060421;LOC101060440;LOC101060489;LOC101060506;TBC1D3;TBC1D3C;TBC1D3F
FADS3	FADS3
SPATA31C1	SPATA31C1
SNORD118;TMEM107	SNORD118;TMEM107
RBL2	RBL2
RAB42	RAB42
CSE1L	CSE1L
SNORD115-21	SNORD115-21
PDS5A	PDS5A
DMXL2	DMXL2
DHRS11	DHRS11
C1QA	C1QA
P2RX6P	P2RX6P
METTL15	METTL15
NOS1AP	NOS1AP
RNA5SP82	RNA5SP82
ROBO1	ROBO1
CTNNBIP1	CTNNBIP1
SNORD115-11;SNORD115-29;SNORD115-36;SNORD115-43	SNORD115-11;SNORD115-29;SNORD115-36;SNORD115-43
SNORD115-11;SNORD115-29;SNORD115-36;SNORD115-43	SNORD115-11;SNORD115-29;SNORD115-36;SNORD115-43
SNORD115-11;SNORD115-29;SNORD115-36;SNORD115-43	SNORD115-11;SNORD115-29;SNORD115-36;SNORD115-43
SNORD115-11;SNORD115-29;SNORD115-36;SNORD115-43	SNORD115-11;SNORD115-29;SNORD115-36;SNORD115-43
EID2B	EID2B
ALOX12B	ALOX12B
OTTHUMG00000015384;RP1-142L7.5	OTTHUMG00000015384;RP1-142L7.5
STARD3NL	STARD3NL
MIR602	MIR602
MYOZ3	MYOZ3
MRPS9	MRPS9
EPHA8	EPHA8
AHCY;OTTHUMG00000032294;RP4-785G19.5	AHCY;OTTHUMG00000032294;RP4-785G19.5
AC091133.1;OTTHUMG00000132443	AC091133.1;OTTHUMG00000132443
CELF1	CELF1
HSD3B2	HSD3B2
MX1	MX1
ACTR5	ACTR5
OTTHUMG00000161859;RP11-454P21.1	OTTHUMG00000161859;RP11-454P21.1
BPNT1	BPNT1
PDLIM4	PDLIM4
BTK	BTK
ZP4	ZP4
B4GALT1	B4GALT1
OTTHUMG00000019287;RP11-432J24.2	OTTHUMG00000019287;RP11-432J24.2
ZCCHC13	ZCCHC13
PAQR5	PAQR5
MIR4285	MIR4285
HGD	HGD
ZNF585A	ZNF585A
TPSAB1;TPSB2	TPSAB1;TPSB2
ARL4A	ARL4A
OTTHUMG00000004840;VARS2;VARSL	OTTHUMG00000004840;VARS2;VARSL
GLG1	GLG1
ANKRD37	ANKRD37
MAPK10	MAPK10
CACNB1	CACNB1
GNA13	GNA13
POLR3D	POLR3D
MAP3K8	MAP3K8
LOC101060287;LOC101060321;LOC101060351;TBC1D3;TBC1D3C;TBC1D3G;TBC1D3H	LOC101060287;LOC101060321;LOC101060351;TBC1D3;TBC1D3C;TBC1D3G;TBC1D3H
CAT	CAT
ODF2L	ODF2L
KLHDC4	KLHDC4
SYNGAP1	SYNGAP1
SLC9A6	SLC9A6
CDRT1	CDRT1
SNORD115-5;SNORD115-9	SNORD115-5;SNORD115-9
SNORD115-12;SNORD115-9	SNORD115-12;SNORD115-9
SNORD115-12;SNORD115-9	SNORD115-12;SNORD115-9
ZNF469	ZNF469
PLEKHO2	PLEKHO2
AC007652.1;OTTHUMG00000155024	AC007652.1;OTTHUMG00000155024
DDI2;RSC1A1	DDI2;RSC1A1
NACAP1	NACAP1
CFB	CFB
OTTHUMG00000164918;RP11-536K17.1	OTTHUMG00000164918;RP11-536K17.1
HBA1;HBA2	HBA1;HBA2
GJB5	GJB5
KIAA0556	KIAA0556
GAS6	GAS6
RPL19	RPL19
OTTHUMG00000015981;RP11-347L18.1	OTTHUMG00000015981;RP11-347L18.1
SLC30A5	SLC30A5
ZG16	ZG16
PHF12	PHF12
RYR1	RYR1
OTTHUMG00000164613;RP11-120I21.2	OTTHUMG00000164613;RP11-120I21.2
HCG22	HCG22
PRDM9	PRDM9
NPY	NPY
MIF4GD	MIF4GD
RCN2	RCN2
RNA5SP223	RNA5SP223
USP42	USP42
TSR3	TSR3
GDF10	GDF10
HCG27	HCG27
OTTHUMG00000163616;RP11-124B13.1	OTTHUMG00000163616;RP11-124B13.1
BCO2	BCO2
C12orf4	C12orf4
BAI1	BAI1
SKIV2L	SKIV2L
PIK3R6	PIK3R6
MIR490	MIR490
TUBB4B	TUBB4B
FEV	FEV
OTTHUMG00000018345;RP11-153K11.3	OTTHUMG00000018345;RP11-153K11.3
ITGA9	ITGA9
SNORD115-6	SNORD115-6
RPL32;SNORA7A	RPL32;SNORA7A
MIR1225	MIR1225
PRM2	PRM2
HYLS1	HYLS1
SFT2D2	SFT2D2
LL22NC03-86D4.1;OTTHUMG00000150928	LL22NC03-86D4.1;OTTHUMG00000150928
LOC100506801;OTTHUMG00000002777;RP5-1071N3.1	LOC100506801;OTTHUMG00000002777;RP5-1071N3.1
CTTNBP2NL;OTTHUMG00000011156;RP4-671G15.3	CTTNBP2NL;OTTHUMG00000011156;RP4-671G15.3
GPR22	GPR22
OTTHUMG00000162131;RP11-661C8.3	OTTHUMG00000162131;RP11-661C8.3
SOAT1	SOAT1
TERF1	TERF1
KIAA0087	KIAA0087
PDCD6IP	PDCD6IP
SNORD115-15	SNORD115-15
KCNQ5-AS1	KCNQ5-AS1
CAGE1	CAGE1
NUBP2	NUBP2
SPAG4	SPAG4
ZNRD1	ZNRD1
LOC644172	LOC644172
C17orf100	C17orf100
CDHR5	CDHR5
BTBD9	BTBD9
OTTHUMG00000015592;RP1-55C23.7	OTTHUMG00000015592;RP1-55C23.7
LOC100288524;OTTHUMG00000160231;WI2-2373I1.2	LOC100288524;OTTHUMG00000160231;WI2-2373I1.2
NDUFS2	NDUFS2
CCDC64B	CCDC64B
ZNF367	ZNF367
LARP7	LARP7
KIAA1239	KIAA1239
HAAO	HAAO
SYNGAP1	SYNGAP1
MORC1	MORC1
STARD5	STARD5
LOC100133669;OTTHUMG00000164752;RP11-273G15.2	LOC100133669;OTTHUMG00000164752;RP11-273G15.2
PCDH10	PCDH10
OTTHUMG00000164999;RP11-245A18.1	OTTHUMG00000164999;RP11-245A18.1
SUPV3L1	SUPV3L1
CCZ1;CCZ1B	CCZ1;CCZ1B
RNA5SP186	RNA5SP186
OTTHUMG00000017936;RP11-342D11.2	OTTHUMG00000017936;RP11-342D11.2
OTTHUMG00000149460;VARS2;VARSL	OTTHUMG00000149460;VARS2;VARSL
OTTHUMG00000144163;RP11-264A11.1	OTTHUMG00000144163;RP11-264A11.1
DHRSX;OTTHUMG00000159326;RP11-325D5.3;ZBED1	DHRSX;OTTHUMG00000159326;RP11-325D5.3;ZBED1
AC096649.2;OTTHUMG00000154227	AC096649.2;OTTHUMG00000154227
TRIM15	TRIM15
AC009305.1;OTTHUMG00000152041	AC009305.1;OTTHUMG00000152041
MIR3150A	MIR3150A
OTTHUMG00000057501;XX-FW83563B9.5	OTTHUMG00000057501;XX-FW83563B9.5
MIR3126	MIR3126
OTTHUMG00000019299;RP13-137A17.4	OTTHUMG00000019299;RP13-137A17.4
OTTHUMG00000011992;RP11-88H9.2	OTTHUMG00000011992;RP11-88H9.2
CES1P2	CES1P2
SCARNA6	SCARNA6
ISCA1	ISCA1
SDCBP	SDCBP
ARHGAP31	ARHGAP31
CKMT2	CKMT2
HPS1;MIR4685	HPS1;MIR4685
PPP1R11	PPP1R11
BATF2	BATF2
C17orf28;HID1	C17orf28;HID1
EML5	EML5
PPTC7	PPTC7
LOC100630918	LOC100630918
WIZ	WIZ
RNF165	RNF165
AA06	AA06
MYL1	MYL1
ITGA2B	ITGA2B
OPTC	OPTC
CCDC97	CCDC97
IMMP2L	IMMP2L
C4A;C4B;C4B_2	C4A;C4B;C4B_2
MKLN1	MKLN1
ERCC6L	ERCC6L
CTAGE1	CTAGE1
BMPR1A	BMPR1A
H2BFM	H2BFM
CRHR1-IT1;MGC57346	CRHR1-IT1;MGC57346
PGD	PGD
ZNF529	ZNF529
RSPH3	RSPH3
RLN2	RLN2
UBE2E1	UBE2E1
KCNQ1DN	KCNQ1DN
NPSR1	NPSR1
OTTHUMG00000162582;RP11-49I4.3	OTTHUMG00000162582;RP11-49I4.3
SRD5A3-AS1	SRD5A3-AS1
TRAV25	TRAV25
MIR98	MIR98
IKZF4	IKZF4
TRANK1	TRANK1
GPC6-AS1	GPC6-AS1
SMN1;SMN2	SMN1;SMN2
RTN4	RTN4
EIF3L	EIF3L
AMMECR1-IT1	AMMECR1-IT1
OTTHUMG00000163843;RP11-582J16.5	OTTHUMG00000163843;RP11-582J16.5
CTD-2366F13.1;LOC257396;OTTHUMG00000162191	CTD-2366F13.1;LOC257396;OTTHUMG00000162191
MIR3935	MIR3935
AC090587.2;OTTHUMG00000012239;PGAP2	AC090587.2;OTTHUMG00000012239;PGAP2
MIR139	MIR139
RNA5SP324	RNA5SP324
BMP7	BMP7
RBBP8NL	RBBP8NL
HLA-DPA1	HLA-DPA1
HLA-DPA1	HLA-DPA1
TCIRG1	TCIRG1
CTA-397C4.2;OTTHUMG00000150468	CTA-397C4.2;OTTHUMG00000150468
FLOT1	FLOT1
LGALS7;LGALS7B	LGALS7;LGALS7B
SDCBP2-AS1	SDCBP2-AS1
SLC25A12	SLC25A12
RNU7-46P	RNU7-46P
CAMK2D	CAMK2D
SNHG6;SNORD87	SNHG6;SNORD87
LL22NC03-2H8.4;OTTHUMG00000151038	LL22NC03-2H8.4;OTTHUMG00000151038
SLC27A5	SLC27A5
USP17L1P	USP17L1P
CD28	CD28
OR56A1	OR56A1
RNU6-67P	RNU6-67P
CHGB	CHGB
MICALCL	MICALCL
HSD17B2	HSD17B2
HLA-G	HLA-G
HLA-G	HLA-G
ANKRD7	ANKRD7
ARL14EP	ARL14EP
ILF3	ILF3
RNU7-5P	RNU7-5P
TXNDC12	TXNDC12
TJP1	TJP1
SNORD115-42	SNORD115-42
CACNA1G	CACNA1G
INSIG2	INSIG2
OTTHUMG00000037620;RP5-1087E8.3	OTTHUMG00000037620;RP5-1087E8.3
CETN2	CETN2
ZNF169	ZNF169
MOCS1	MOCS1
FAM27E3	FAM27E3
CCDC75;GPATCH11	CCDC75;GPATCH11
MIR340	MIR340
SLC9A2	SLC9A2
S100A7L2	S100A7L2
APC2	APC2
PNCK	PNCK
ZNF434;ZSCAN32	ZNF434;ZSCAN32
IAH1	IAH1
CARD10	CARD10
USP39	USP39
LOC100130275;OTTHUMG00000014233;RP1-290I10.6	LOC100130275;OTTHUMG00000014233;RP1-290I10.6
ZNF385B	ZNF385B
GSK3B	GSK3B
RNA5-8SP4	RNA5-8SP4
UGT3A1	UGT3A1
POTEG	POTEG
OTTHUMG00000163029;RP11-434D11.4	OTTHUMG00000163029;RP11-434D11.4
AC095067.1;OTTHUMG00000155554	AC095067.1;OTTHUMG00000155554
GUSBP1;GUSBP4	GUSBP1;GUSBP4
ARHGEF19	ARHGEF19
DPM2	DPM2
DPH6-AS1	DPH6-AS1
NEK10	NEK10
C21orf67	C21orf67
OTTHUMG00000165015;RP11-661A12.4	OTTHUMG00000165015;RP11-661A12.4
SERTAD3	SERTAD3
SEMA4B	SEMA4B
MYLPF	MYLPF
PCBP2	PCBP2
CTB-79E8.2;OTTHUMG00000163289	CTB-79E8.2;OTTHUMG00000163289
CBWD1;CBWD5;LOC100653334	CBWD1;CBWD5;LOC100653334
SHROOM1	SHROOM1
RNA5SP163	RNA5SP163
C10orf137	C10orf137
OTTHUMG00000160388;RP11-103J17.1	OTTHUMG00000160388;RP11-103J17.1
MIR3153	MIR3153
WT1-AS	WT1-AS
HLA-DPA1	HLA-DPA1
MTMR9LP	MTMR9LP
SPEG	SPEG
C12orf10	C12orf10
MIR1538	MIR1538
CTD-2235C13.2;OTTHUMG00000162465	CTD-2235C13.2;OTTHUMG00000162465
RGL3	RGL3
GGT3P	GGT3P
DAPP1	DAPP1
SLC26A6	SLC26A6
CARD9	CARD9
MPST	MPST
CTC-467M3.1;OTTHUMG00000162629	CTC-467M3.1;OTTHUMG00000162629
RNA5SP330	RNA5SP330
RNU6-83P	RNU6-83P
RNY4P2	RNY4P2
PSAP	PSAP
RBM12B-AS2	RBM12B-AS2
HLA-B	HLA-B
OTTHUMG00000012131;RP11-389O22.1	OTTHUMG00000012131;RP11-389O22.1
STPG2	STPG2
HBA1;HBA2	HBA1;HBA2
BTAF1	BTAF1
OTTHUMG00000008422;RP11-436K8.1	OTTHUMG00000008422;RP11-436K8.1
LOC649395	LOC649395
KCNC1	KCNC1
AIF1	AIF1
AIF1	AIF1
AIF1	AIF1
AIF1	AIF1
CCDC78	CCDC78
RNA5-8SP3	RNA5-8SP3
AC011995.3;OTTHUMG00000151428	AC011995.3;OTTHUMG00000151428
MSS51	MSS51
SYTL2	SYTL2
ZNF827	ZNF827
KREMEN1	KREMEN1
OTTHUMG00000019705;RP11-33G16.1	OTTHUMG00000019705;RP11-33G16.1
BCL11A	BCL11A
ZNF605	ZNF605
HEY2	HEY2
OTTHUMG00000015909;RP11-732M18.3	OTTHUMG00000015909;RP11-732M18.3
RRH	RRH
AC002368.4;OTTHUMG00000022612	AC002368.4;OTTHUMG00000022612
SULF2	SULF2
NFKBIL1	NFKBIL1
C4A;C4B;C4B_2	C4A;C4B;C4B_2
C1QL1	C1QL1
LOC100506877;OTTHUMG00000150310;RP11-536P6.3	LOC100506877;OTTHUMG00000150310;RP11-536P6.3
ALAD	ALAD
SCRG1	SCRG1
OTTHUMG00000018152;RP11-508M1.7	OTTHUMG00000018152;RP11-508M1.7
KIF13A	KIF13A
OTTHUMG00000162778;RP11-138J23.1	OTTHUMG00000162778;RP11-138J23.1
FAT2	FAT2
ZNF595	ZNF595
AC009336.24;OTTHUMG00000154176	AC009336.24;OTTHUMG00000154176
CDRT4;FAM18B2;FAM18B2-CDRT4;TVP23C;TVP23C-CDRT4	CDRT4;FAM18B2;FAM18B2-CDRT4;TVP23C;TVP23C-CDRT4
PCDH9	PCDH9
LRTOMT	LRTOMT
AC093391.2;OTTHUMG00000153578	AC093391.2;OTTHUMG00000153578
GOLT1B	GOLT1B
GRAP2	GRAP2
NPY5R	NPY5R
HIP1R	HIP1R
LOC441601	LOC441601
POTEM	POTEM
CEPT1	CEPT1
SCN2A	SCN2A
ZNF77	ZNF77
RNU6-45P	RNU6-45P
FXYD2;FXYD6;FXYD6-FXYD2	FXYD2;FXYD6;FXYD6-FXYD2
AC013436.6;OTTHUMG00000155816	AC013436.6;OTTHUMG00000155816
CAMKK2	CAMKK2
MIR193A	MIR193A
MYOG	MYOG
OTTHUMG00000020594;RP11-524G24.2	OTTHUMG00000020594;RP11-524G24.2
OGFR	OGFR
CACUL1	CACUL1
MESDC2	MESDC2
FGD5P1	FGD5P1
LINC00279	LINC00279
CIRBP-AS1	CIRBP-AS1
MYOM3;OTTHUMG00000003035;RP11-293P20.3	MYOM3;OTTHUMG00000003035;RP11-293P20.3
AC073133.1;LOC285889;OTTHUMG00000151444	AC073133.1;LOC285889;OTTHUMG00000151444
SCAMP3	SCAMP3
RIPK2	RIPK2
SNORD115-3	SNORD115-3
NLRP9	NLRP9
MAPT-AS1	MAPT-AS1
ZNF707	ZNF707
SPIN4	SPIN4
CNDP2	CNDP2
SNX19	SNX19
GLYATL2	GLYATL2
C4orf47	C4orf47
LINC00930	LINC00930
OTTHUMG00000157195;RP11-3B12.3	OTTHUMG00000157195;RP11-3B12.3
ERCC6L2	ERCC6L2
ZNF85	ZNF85
TFDP1	TFDP1
C10orf68;CCDC7	C10orf68;CCDC7
DCAF4L2	DCAF4L2
CRNKL1	CRNKL1
CDKN2D	CDKN2D
CTC-454M9.1;OTTHUMG00000162630	CTC-454M9.1;OTTHUMG00000162630
RAP1A	RAP1A
LOC729911	LOC729911
KLRC4;KLRC4-KLRK1;KLRK1	KLRC4;KLRC4-KLRK1;KLRK1
AHI1	AHI1
OPCML	OPCML
AC008746.12;OTTHUMG00000150514	AC008746.12;OTTHUMG00000150514
WNT7B	WNT7B
NKX6-3	NKX6-3
AC108488.4;LOC100506014;OTTHUMG00000151418	AC108488.4;LOC100506014;OTTHUMG00000151418
HPN-AS1	HPN-AS1
POTEKP	POTEKP
LINC00602	LINC00602
RAMP2	RAMP2
HEMK1	HEMK1
ELP5	ELP5
AL592528.1;LOC100129027;OTTHUMG00000090417	AL592528.1;LOC100129027;OTTHUMG00000090417
C19orf81	C19orf81
INA	INA
NEK11	NEK11
OMG	OMG
OTTHUMG00000001213;RP11-312B8.1	OTTHUMG00000001213;RP11-312B8.1
NOX5;SPESP1	NOX5;SPESP1
STK4-AS1	STK4-AS1
CTC-305H11.1;OTTHUMG00000162193	CTC-305H11.1;OTTHUMG00000162193
MIR4426;RPS27A	MIR4426;RPS27A
IGFN1	IGFN1
LOC101060235;TMSB15A;TMSB15B	LOC101060235;TMSB15A;TMSB15B
MBD1	MBD1
RNFT2	RNFT2
LMOD1	LMOD1
CYP2G1P	CYP2G1P
PIAS2	PIAS2
CKAP2	CKAP2
HNRNPF	HNRNPF
MIR1233-1;MIR1233-2	MIR1233-1;MIR1233-2
MIR1233-1;MIR1233-2	MIR1233-1;MIR1233-2
ZNF683	ZNF683
ATP1A2	ATP1A2
TRIM31	TRIM31
SNORD115-16	SNORD115-16
CLIP1	CLIP1
TFCP2	TFCP2
IFT88	IFT88
LCN9	LCN9
ARHGAP1	ARHGAP1
KDM4D	KDM4D
NRG3	NRG3
CCDC154	CCDC154
LOC100506157	LOC100506157
OTTHUMG00000016885;RP11-279N8.1	OTTHUMG00000016885;RP11-279N8.1
C1orf109	C1orf109
ASB7	ASB7
STAM2	STAM2
TSPAN7	TSPAN7
PRDX5	PRDX5
MICAL3;OTTHUMG00000150085;XXbac-B461K10.4	MICAL3;OTTHUMG00000150085;XXbac-B461K10.4
DNAJC11	DNAJC11
AP001627.1;OTTHUMG00000153501	AP001627.1;OTTHUMG00000153501
TRIM15	TRIM15
GSAP;PION	GSAP;PION
AC009236.1;OTTHUMG00000152484;UNQ6975	AC009236.1;OTTHUMG00000152484;UNQ6975
ZNF26	ZNF26
MRPL49	MRPL49
ZNF815P	ZNF815P
PNPLA1	PNPLA1
PRC1	PRC1
RTN3P1	RTN3P1
SYCP3	SYCP3
TTC24	TTC24
LOC100507054;OTTHUMG00000158335;RP11-1398P2.1	LOC100507054;OTTHUMG00000158335;RP11-1398P2.1
LOC100505702;OTTHUMG00000160897;RP11-792D21.2	LOC100505702;OTTHUMG00000160897;RP11-792D21.2
LOC100507030;OTTHUMG00000040511;RP11-36N20.1	LOC100507030;OTTHUMG00000040511;RP11-36N20.1
TMEM170B	TMEM170B
OTTHUMG00000014332;RP3-471C18.2	OTTHUMG00000014332;RP3-471C18.2
RN7SKP6	RN7SKP6
PTPN6	PTPN6
SRRM1	SRRM1
MIR921	MIR921
TEK	TEK
C4orf50	C4orf50
NUP50	NUP50
ST14	ST14
CD38	CD38
RPS20P32	RPS20P32
TMEM156	TMEM156
LOC402160;OTTHUMG00000160515;OTTHUMG00000160517;OTTHUMG00000160518;RP11-503N18.1;RP11-503N18.2;RP11-503N18.3	LOC402160;OTTHUMG00000160515;OTTHUMG00000160517;OTTHUMG00000160518;RP11-503N18.1;RP11-503N18.2;RP11-503N18.3
NAV2-IT1	NAV2-IT1
OTTHUMG00000032202;RP1-310O13.7	OTTHUMG00000032202;RP1-310O13.7
TRHDE-AS1	TRHDE-AS1
AC004906.3;OTTHUMG00000152115	AC004906.3;OTTHUMG00000152115
NASP	NASP
OTTHUMG00000016932;RP11-175B12.2	OTTHUMG00000016932;RP11-175B12.2
TRDC;TRDJ1;TRDJ2;TRDJ3;TRDJ4	TRDC;TRDJ1;TRDJ2;TRDJ3;TRDJ4
LARP1B	LARP1B
AC023469.1;OTTHUMG00000153783	AC023469.1;OTTHUMG00000153783
COL5A1-AS1	COL5A1-AS1
ZFP2	ZFP2
SLC10A4	SLC10A4
OTTHUMG00000003649;RP11-442N24__B.1	OTTHUMG00000003649;RP11-442N24__B.1
RNA5SP239	RNA5SP239
LINC00839;LOC84856	LINC00839;LOC84856
FAM194B	FAM194B
CTD-2653M23.2;OTTHUMG00000162033	CTD-2653M23.2;OTTHUMG00000162033
PBX3	PBX3
SNRPA	SNRPA
OTTHUMG00000001907;RP5-1113E3.3	OTTHUMG00000001907;RP5-1113E3.3
CCDC122	CCDC122
NPIPL1	NPIPL1
OTTHUMG00000157300;RP11-255G21.1	OTTHUMG00000157300;RP11-255G21.1
MFSD5	MFSD5
LOC100287792;OTTHUMG00000140219;RP4-640H8.2	LOC100287792;OTTHUMG00000140219;RP4-640H8.2
ZNF81	ZNF81
BCAS4	BCAS4
FGD1	FGD1
OTTHUMG00000017646;RP5-1119O21.2	OTTHUMG00000017646;RP5-1119O21.2
UBASH3B	UBASH3B
NR1D2	NR1D2
CAPRIN2	CAPRIN2
OTTHUMG00000158429;RP3-395M20.7	OTTHUMG00000158429;RP3-395M20.7
GPX5	GPX5
OTTHUMG00000015496;RP11-532N4.2	OTTHUMG00000015496;RP11-532N4.2
HIST1H2BK	HIST1H2BK
AC073342.12;OTTHUMG00000152673	AC073342.12;OTTHUMG00000152673
LOC100293704	LOC100293704
DUS1L	DUS1L
TRIM31	TRIM31
PGAM2	PGAM2
GPR135	GPR135
ZFP69B;ZNF643	ZFP69B;ZNF643
AC062017.1;OTTHUMG00000152658	AC062017.1;OTTHUMG00000152658
OTTHUMG00000148794;XXbac-BPG249D20.9	OTTHUMG00000148794;XXbac-BPG249D20.9
OTTHUMG00000132955;XXbac-BPG249D20.9	OTTHUMG00000132955;XXbac-BPG249D20.9
OTTHUMG00000149022;XXbac-BPG249D20.9	OTTHUMG00000149022;XXbac-BPG249D20.9
OTTHUMG00000004916;XXbac-BPG249D20.9	OTTHUMG00000004916;XXbac-BPG249D20.9
OTTHUMG00000133032;XXbac-BPG249D20.9	OTTHUMG00000133032;XXbac-BPG249D20.9
RNU7-2P	RNU7-2P
BLOC1S1	BLOC1S1
LOC100129520	LOC100129520
ZNF259	ZNF259
RNA5SP118	RNA5SP118
OTTHUMG00000034985;RP11-318C24.2	OTTHUMG00000034985;RP11-318C24.2
ECE1	ECE1
GPR89A;GPR89B;LOC101060247;LOC101060636	GPR89A;GPR89B;LOC101060247;LOC101060636
OR10G8	OR10G8
MIR3622A	MIR3622A
DCAF10	DCAF10
CT62	CT62
OTTHUMG00000021590;RP13-77O11.5;SPANXN5	OTTHUMG00000021590;RP13-77O11.5;SPANXN5
BAT1;DDX39B;OTTHUMG00000166665;SNORD84	BAT1;DDX39B;OTTHUMG00000166665;SNORD84
RPL13AP3	RPL13AP3
MYOT	MYOT
CST13P	CST13P
RNA5SP128	RNA5SP128
NAV2-AS2	NAV2-AS2
LMTK3	LMTK3
PUS10	PUS10
EMCN	EMCN
BHMT2	BHMT2
OTTHUMG00000163984;RP11-595O22.1	OTTHUMG00000163984;RP11-595O22.1
GGA3	GGA3
FAM27B	FAM27B
AC011747.7;OTTHUMG00000151625	AC011747.7;OTTHUMG00000151625
OTTHUMG00000018885;RP11-129J12.1	OTTHUMG00000018885;RP11-129J12.1
MEG3	MEG3
ATG12	ATG12
LOC100129316	LOC100129316
KDM3A	KDM3A
MS4A18	MS4A18
AC016994.2;OTTHUMG00000153202	AC016994.2;OTTHUMG00000153202
CPLX1	CPLX1
GOLGA7B;OTTHUMG00000018870;RP11-459F3.6	GOLGA7B;OTTHUMG00000018870;RP11-459F3.6
HNRNPUL1	HNRNPUL1
MIR744	MIR744
OTTHUMG00000184165;RP11-399K21.11	OTTHUMG00000184165;RP11-399K21.11
RUNDC1	RUNDC1
MIR4655	MIR4655
RNF138	RNF138
ARR3	ARR3
ZNF295-AS1	ZNF295-AS1
SCNM1;TNFAIP8L2-SCNM1	SCNM1;TNFAIP8L2-SCNM1
MIR302A;MIR302B;MIR302C;MIR302D;MIR367;OTTHUMG00000161565;RP11-148B6.1	MIR302A;MIR302B;MIR302C;MIR302D;MIR367;OTTHUMG00000161565;RP11-148B6.1
OTTHUMG00000002314;RP4-798A10.2	OTTHUMG00000002314;RP4-798A10.2
OTTHUMG00000163823;RP11-177H2.1	OTTHUMG00000163823;RP11-177H2.1
NMI	NMI
PQLC2	PQLC2
TNFAIP2	TNFAIP2
OTTHUMG00000066733;RP11-95K23.3	OTTHUMG00000066733;RP11-95K23.3
CRNN	CRNN
OTTHUMG00000003683;RP11-111I12.1	OTTHUMG00000003683;RP11-111I12.1
LRFN3	LRFN3
LIN9	LIN9
MIR3188	MIR3188
PDIA3	PDIA3
LOC100144597;OTTHUMG00000032954;RP11-305P22.5	LOC100144597;OTTHUMG00000032954;RP11-305P22.5
OTTHUMG00000016040;RP11-503C24.1	OTTHUMG00000016040;RP11-503C24.1
TDRD12	TDRD12
SNORA42	SNORA42
MAGED2	MAGED2
GPR61	GPR61
S1PR1	S1PR1
C11orf95	C11orf95
ADAM18	ADAM18
CYBA	CYBA
AP1B1	AP1B1
AP1G2	AP1G2
APTX	APTX
LINC00610	LINC00610
AC012513.6;OTTHUMG00000154842	AC012513.6;OTTHUMG00000154842
PLVAP	PLVAP
MOV10L1	MOV10L1
NGEF	NGEF
DDX11	DDX11
SLC51B	SLC51B
MYOCD	MYOCD
C19orf38	C19orf38
OTTHUMG00000159595;RP11-278L15.2	OTTHUMG00000159595;RP11-278L15.2
LOC285740;OTTHUMG00000015731;RP11-436I24.1	LOC285740;OTTHUMG00000015731;RP11-436I24.1
EFCAB11	EFCAB11
SNORD91A	SNORD91A
RNA5SP231	RNA5SP231
AC011893.3;LOC100507600;OTTHUMG00000153579	AC011893.3;LOC100507600;OTTHUMG00000153579
MIR4474	MIR4474
ARHGEF26	ARHGEF26
OR6V1	OR6V1
MIR651	MIR651
ZNF382	ZNF382
CENPH	CENPH
FAM71A	FAM71A
NEUROG1	NEUROG1
LOC100240735	LOC100240735
AC012507.3;LOC151484;OTTHUMG00000153828	AC012507.3;LOC151484;OTTHUMG00000153828
HMOX2	HMOX2
CDH13	CDH13
PPP4R1L	PPP4R1L
FSD1L	FSD1L
EFCAB6	EFCAB6
CTD-2037K23.2;LOC728769;OTTHUMG00000162481	CTD-2037K23.2;LOC728769;OTTHUMG00000162481
NETO2	NETO2
NFASC	NFASC
OTTHUMG00000015645;RP3-325F22.3	OTTHUMG00000015645;RP3-325F22.3
PDE6A	PDE6A
KB-1507C5.3;OTTHUMG00000164836	KB-1507C5.3;OTTHUMG00000164836
TMCO5B	TMCO5B
OTTHUMG00000156937;U73166.2	OTTHUMG00000156937;U73166.2
LOC284294	LOC284294
GYPE	GYPE
MAGEA2;MAGEA2B	MAGEA2;MAGEA2B
SNORA65	SNORA65
LCK	LCK
APOOP5	APOOP5
RPA4	RPA4
MIR4515	MIR4515
TSPYL5	TSPYL5
TM4SF4	TM4SF4
EIF3G	EIF3G
ANKRD10-IT1	ANKRD10-IT1
OTTHUMG00000020975;RP11-229P13.23	OTTHUMG00000020975;RP11-229P13.23
PREP	PREP
KRT79	KRT79
XCL2	XCL2
B9D1	B9D1
SLCO2A1	SLCO2A1
S100Z	S100Z
SENP3	SENP3
LTN1	LTN1
NAV2-AS5	NAV2-AS5
LOC100996657;SRSF10	LOC100996657;SRSF10
SNRPD2P2	SNRPD2P2
OTTHUMG00000011645;RP5-1160K1.6	OTTHUMG00000011645;RP5-1160K1.6
LINC00901;LSAMP-AS4	LINC00901;LSAMP-AS4
C1QTNF9;OTTHUMG00000016574;RP11-309I15.1;SPATA13	C1QTNF9;OTTHUMG00000016574;RP11-309I15.1;SPATA13
IARS	IARS
SLC7A7	SLC7A7
TOR1A	TOR1A
CASS4	CASS4
GTF3C6	GTF3C6
MIR592	MIR592
DACT1	DACT1
OTTHUMG00000150909;RP1-102K2.6	OTTHUMG00000150909;RP1-102K2.6
FXYD3	FXYD3
TMPO-AS1	TMPO-AS1
CHCHD2P6	CHCHD2P6
WASF1	WASF1
OTTHUMG00000161282;RP11-98O2.1	OTTHUMG00000161282;RP11-98O2.1
LOC100129550	LOC100129550
TBX4	TBX4
PDLIM3	PDLIM3
R3HCC1L	R3HCC1L
MEGF6	MEGF6
TENM3	TENM3
CCDC144B;CCDC144CP	CCDC144B;CCDC144CP
FAM25A;FAM25B;FAM25C;FAM25G	FAM25A;FAM25B;FAM25C;FAM25G
NT5C1A	NT5C1A
MTMR4	MTMR4
C6orf123	C6orf123
KIAA2013	KIAA2013
B4GALNT4	B4GALNT4
SLC38A6	SLC38A6
KRT16	KRT16
OTTHUMG00000150220;XX-C283C717.1	OTTHUMG00000150220;XX-C283C717.1
SLC19A1	SLC19A1
OTTHUMG00000017565;RP11-184A2.2	OTTHUMG00000017565;RP11-184A2.2
SP2	SP2
OTTHUMG00000164903;RP11-211F2.1	OTTHUMG00000164903;RP11-211F2.1
SART1	SART1
AC006160.5;OTTHUMG00000160283	AC006160.5;OTTHUMG00000160283
NHS-AS1	NHS-AS1
LOC100128593	LOC100128593
HOXA11-AS	HOXA11-AS
ANXA8;ANXA8L1	ANXA8;ANXA8L1
HCG27	HCG27
FAM27D1;LOC100132859;LOC100289375;LOC100509638	FAM27D1;LOC100132859;LOC100289375;LOC100509638
LINC00668	LINC00668
NEK4	NEK4
STK3	STK3
MIR365A	MIR365A
RBM28	RBM28
AC079988.3;OTTHUMG00000153330	AC079988.3;OTTHUMG00000153330
ATP13A2	ATP13A2
OTTHUMG00000163917;RP11-67M9.1	OTTHUMG00000163917;RP11-67M9.1
SFRP1	SFRP1
AL162400.1;OTTHUMG00000013351	AL162400.1;OTTHUMG00000013351
MED11	MED11
RNF148	RNF148
LOC728743;ZNF775	LOC728743;ZNF775
TRIM15	TRIM15
CA5A	CA5A
OTTHUMG00000043021;RP11-335O13.8	OTTHUMG00000043021;RP11-335O13.8
RETSAT	RETSAT
KLHL2	KLHL2
ATP1B1	ATP1B1
TAPBP	TAPBP
TAPBP	TAPBP
MGC2752	MGC2752
CTC-281B15.1;LOC100131067;OTTHUMG00000162566	CTC-281B15.1;LOC100131067;OTTHUMG00000162566
HNRNPA3;MIR4444-1	HNRNPA3;MIR4444-1
AC092835.2;OTTHUMG00000155176	AC092835.2;OTTHUMG00000155176
PTPN12	PTPN12
NIT1	NIT1
OTTHUMG00000162152;RP11-310P5.1	OTTHUMG00000162152;RP11-310P5.1
FAM149A	FAM149A
AC003986.6;OTTHUMG00000152496	AC003986.6;OTTHUMG00000152496
KNSTRN	KNSTRN
OR5AK2	OR5AK2
OTTHUMG00000163785;RP11-1149O23.4	OTTHUMG00000163785;RP11-1149O23.4
OTTHUMG00000163812;RP11-94H18.1	OTTHUMG00000163812;RP11-94H18.1
HM13-IT1	HM13-IT1
MARS2	MARS2
RUFY4	RUFY4
HLA-DPA1	HLA-DPA1
HLA-DPA1	HLA-DPA1
KCNQ1OT1	KCNQ1OT1
OTTHUMG00000157301;RP11-644C3.1	OTTHUMG00000157301;RP11-644C3.1
OTTHUMG00000015255;RP11-436D23.1	OTTHUMG00000015255;RP11-436D23.1
RNU5A-8P	RNU5A-8P
DOC2A	DOC2A
OTTHUMG00000018320;RP11-170M17.1	OTTHUMG00000018320;RP11-170M17.1
GREB1	GREB1
LOC100996490;OTTHUMG00000158238;RP11-416O18.1	LOC100996490;OTTHUMG00000158238;RP11-416O18.1
FRY	FRY
CX3CL1	CX3CL1
TMEM9B-AS1	TMEM9B-AS1
CHST10	CHST10
CABP7	CABP7
PCOLCE	PCOLCE
NR1I3	NR1I3
FAR2	FAR2
CECR2	CECR2
SREBF1	SREBF1
RNU6-76P	RNU6-76P
PRSS51	PRSS51
LAMB2P1	LAMB2P1
XCL1	XCL1
DNAI2	DNAI2
OTTHUMG00000032989;RP4-583P15.10	OTTHUMG00000032989;RP4-583P15.10
ZNF498;ZSCAN25	ZNF498;ZSCAN25
CDCA5	CDCA5
LOC400794;OTTHUMG00000034624;RP11-280O1.2	LOC400794;OTTHUMG00000034624;RP11-280O1.2
EQTN	EQTN
ASIC3	ASIC3
LOC101060193;XAGE2;XAGE2B	LOC101060193;XAGE2;XAGE2B
LOC101060429;PKD1	LOC101060429;PKD1
NUMBL	NUMBL
LOC100509445	LOC100509445
SNORD115-1	SNORD115-1
OTTHUMG00000024213;U52111.14	OTTHUMG00000024213;U52111.14
ZNF699	ZNF699
C12orf39	C12orf39
LOC100131289	LOC100131289
ZNF311	ZNF311
KCTD21-AS1	KCTD21-AS1
TSHR	TSHR
GRIFIN	GRIFIN
PLOD2	PLOD2
MIR4443	MIR4443
ZNF16	ZNF16
OTTHUMG00000020884;RP11-473E2.2	OTTHUMG00000020884;RP11-473E2.2
TCF23	TCF23
LILRA5	LILRA5
AP5B1	AP5B1
ATPIF1	ATPIF1
C11orf85	C11orf85
WNT10A	WNT10A
RGPD3	RGPD3
NANOGP1	NANOGP1
A-575C2.4;LOC728734;NPIPB6	A-575C2.4;LOC728734;NPIPB6
UGP2	UGP2
TTC29	TTC29
MAPK8IP3	MAPK8IP3
AANAT	AANAT
AC068057.2;LOC284998;OTTHUMG00000153066	AC068057.2;LOC284998;OTTHUMG00000153066
AC104667.3;OTTHUMG00000152979	AC104667.3;OTTHUMG00000152979
STAC2	STAC2
OTTHUMG00000021281;RP11-86A5.1	OTTHUMG00000021281;RP11-86A5.1
CYP11B1	CYP11B1
OTTHUMG00000016750;RP11-14O22.1	OTTHUMG00000016750;RP11-14O22.1
PCK2	PCK2
SEC24A	SEC24A
PCP4L1	PCP4L1
CYB5A	CYB5A
PNMA6A;PNMA6B;PNMA6C;PNMA6D	PNMA6A;PNMA6B;PNMA6C;PNMA6D
CAMK2N1	CAMK2N1
ZG16B	ZG16B
HEXIM2	HEXIM2
RPL11	RPL11
SNRPD2	SNRPD2
DKFZP434H168	DKFZP434H168
SNX17	SNX17
CTD-2324F15.2;FLJ33360;OTTHUMG00000161679	CTD-2324F15.2;FLJ33360;OTTHUMG00000161679
SHB	SHB
FAM207A	FAM207A
UBE2E1-AS1	UBE2E1-AS1
JDP2	JDP2
NBPF22P	NBPF22P
CPEB4	CPEB4
LPCAT1	LPCAT1
PROC	PROC
C14orf178	C14orf178
MIR4705	MIR4705
RNA5SP413	RNA5SP413
MEDAG	MEDAG
MYBPC3	MYBPC3
FAM5B	FAM5B
FAM182B;FAM27A;FAM27B;FAM27C	FAM182B;FAM27A;FAM27B;FAM27C
OTTHUMG00000150616;RP4-633O19__A.1	OTTHUMG00000150616;RP4-633O19__A.1
SNRNP35	SNRNP35
PRKCDBP	PRKCDBP
LETMD1	LETMD1
CROCCP2	CROCCP2
IL18	IL18
HAL	HAL
MIR3907	MIR3907
ASF1A	ASF1A
TRIM15	TRIM15
TRIM15	TRIM15
RAB35	RAB35
CHRNB2	CHRNB2
CTAGE4;LOC101060696	CTAGE4;LOC101060696
UBAC2	UBAC2
PIEZO2	PIEZO2
YRDC	YRDC
GUCY2GP	GUCY2GP
CD2AP	CD2AP
LBX2	LBX2
SEPT7L;SEPT7P9	SEPT7L;SEPT7P9
RNU6-38	RNU6-38
ARPC3	ARPC3
EYA4	EYA4
AIMP1	AIMP1
LOC100506123	LOC100506123
OR5P2	OR5P2
TSKS	TSKS
CBR1	CBR1
IL12RB1	IL12RB1
MIR4505	MIR4505
GGNBP1	GGNBP1
BNIP3P1	BNIP3P1
RNA5SP391	RNA5SP391
ST13P4	ST13P4
HGC6.3;OTTHUMG00000016038;RP3-470B24.5	HGC6.3;OTTHUMG00000016038;RP3-470B24.5
GDF7	GDF7
TIGD4	TIGD4
OTTHUMG00000018618;RP11-514F8.2	OTTHUMG00000018618;RP11-514F8.2
SGCB	SGCB
ALS2CR12	ALS2CR12
SDC4P	SDC4P
AC002310.7;OTTHUMG00000158416	AC002310.7;OTTHUMG00000158416
LCNL1	LCNL1
SLCO1C1	SLCO1C1
ZNF843	ZNF843
DIAPH3-AS2	DIAPH3-AS2
GLB1L2	GLB1L2
LINC00421	LINC00421
MAD2L2	MAD2L2
MIR4757	MIR4757
NUDT11	NUDT11
MIR516B1	MIR516B1
CITED2	CITED2
ABHD16A;BAT5;OTTHUMG00000137411	ABHD16A;BAT5;OTTHUMG00000137411
MIR4454	MIR4454
UBFD1	UBFD1
TPM3	TPM3
MIR1237	MIR1237
C1QTNF3	C1QTNF3
FLT1	FLT1
C3orf56	C3orf56
MIR498	MIR498
MLH3	MLH3
SMN1;SMN2	SMN1;SMN2
EMC1	EMC1
OTTHUMG00000014562;RP3-329A5.4;SCUBE3	OTTHUMG00000014562;RP3-329A5.4;SCUBE3
DDAH2	DDAH2
DDAH2	DDAH2
DDAH2	DDAH2
DDAH2	DDAH2
MIR218-2	MIR218-2
OTTHUMG00000002234;RP5-902P8.10;SCNN1D	OTTHUMG00000002234;RP5-902P8.10;SCNN1D
OTTHUMG00000037132;RP11-15I11.3	OTTHUMG00000037132;RP11-15I11.3
CTD-2281M20.1;OTTHUMG00000162951	CTD-2281M20.1;OTTHUMG00000162951
OTTHUMG00000020214;RP11-100G15.10	OTTHUMG00000020214;RP11-100G15.10
OTTHUMG00000022286;RP3-327A19.5	OTTHUMG00000022286;RP3-327A19.5
CRB1	CRB1
PLA2R1	PLA2R1
LOC100652902	LOC100652902
AC011718.2;LOC642633;LOC729461;OTTHUMG00000150683	AC011718.2;LOC642633;LOC729461;OTTHUMG00000150683
ARMC9	ARMC9
RPS4XP21	RPS4XP21
CDCA5	CDCA5
OTTHUMG00000074100;RP11-25K21.1	OTTHUMG00000074100;RP11-25K21.1
OTTHUMG00000160075;RP11-1J7.1	OTTHUMG00000160075;RP11-1J7.1
OR2K2	OR2K2
LOC400692	LOC400692
FBXL19-AS1	FBXL19-AS1
GSC	GSC
LOC145474	LOC145474
OTTHUMG00000150933;RP1-288L1.4	OTTHUMG00000150933;RP1-288L1.4
OTTHUMG00000165050;RP11-89M16.1	OTTHUMG00000165050;RP11-89M16.1
OTTHUMG00000007958;RP11-543D5.2;TRABD2B	OTTHUMG00000007958;RP11-543D5.2;TRABD2B
MTRNR2L3	MTRNR2L3
MIR1261	MIR1261
POP5	POP5
LRRC6	LRRC6
FADS6	FADS6
OTTHUMG00000162234;RP11-159F24.6	OTTHUMG00000162234;RP11-159F24.6
ITCH-AS1	ITCH-AS1
OTTHUMG00000156171;RP13-766D20.2	OTTHUMG00000156171;RP13-766D20.2
DNM3OS;MIR199A2;MIR214;MIR3120	DNM3OS;MIR199A2;MIR214;MIR3120
PLCL1	PLCL1
MIR3202-1	MIR3202-1
LOC641746	LOC641746
PPCS	PPCS
DDAH2	DDAH2
AC072062.1;OTTHUMG00000154799	AC072062.1;OTTHUMG00000154799
AMY2A	AMY2A
ADIPOR2	ADIPOR2
MIR182	MIR182
OTTHUMG00000040132;RP11-439E19.1	OTTHUMG00000040132;RP11-439E19.1
WTH3DI	WTH3DI
SH3BP5-AS1	SH3BP5-AS1
RPL41P2	RPL41P2
OR5C1	OR5C1
STK35	STK35
DAND5	DAND5
HSPA13	HSPA13
RNA5SP344	RNA5SP344
GJD3	GJD3
XYLT2	XYLT2
OTTHUMG00000039564;RP11-544D21.1	OTTHUMG00000039564;RP11-544D21.1
RNA5SP510	RNA5SP510
PPP5D1	PPP5D1
ANO7	ANO7
POU3F4	POU3F4
RNA5SP398	RNA5SP398
FOXD4L2;FOXD4L4	FOXD4L2;FOXD4L4
C11orf57	C11orf57
LOC338817	LOC338817
SDHAP1;SDHAP2	SDHAP1;SDHAP2
KCTD14;NDUFC2;NDUFC2-KCTD14	KCTD14;NDUFC2;NDUFC2-KCTD14
TCTA	TCTA
ZNF181	ZNF181
HMGN2P18	HMGN2P18
RFPL1	RFPL1
OTTHUMG00000158007;RP4-545C24.1	OTTHUMG00000158007;RP4-545C24.1
NEDD8	NEDD8
FAM81B	FAM81B
CHADL	CHADL
HCLS1	HCLS1
OTTHUMG00000037425;RP11-400N13.3	OTTHUMG00000037425;RP11-400N13.3
ADPGK	ADPGK
NOL8	NOL8
RNY1P2	RNY1P2
HMGN1P30	HMGN1P30
OTTHUMG00000013243;RP11-374M1.4	OTTHUMG00000013243;RP11-374M1.4
C14orf1	C14orf1
OTTHUMG00000132773;XXbac-BPG249D20.9	OTTHUMG00000132773;XXbac-BPG249D20.9
OTTHUMG00000149304;XXbac-BPG249D20.9	OTTHUMG00000149304;XXbac-BPG249D20.9
OTTHUMG00000149535;XXbac-BPG249D20.9	OTTHUMG00000149535;XXbac-BPG249D20.9
FAM83C-AS1	FAM83C-AS1
TRIM29	TRIM29
ERC2	ERC2
BTNL2	BTNL2
BTNL2	BTNL2
BTNL2	BTNL2
RPRD1B	RPRD1B
TUBAL3	TUBAL3
C12orf45	C12orf45
ALG5	ALG5
LOC441493	LOC441493
C2orf62	C2orf62
IGHV3-74	IGHV3-74
CDH23-AS1	CDH23-AS1
CTC-558O2.1;OTTHUMG00000163055	CTC-558O2.1;OTTHUMG00000163055
CORO7	CORO7
ZNF140	ZNF140
DLX3	DLX3
FLJ46300	FLJ46300
TECPR1	TECPR1
LOC285547	LOC285547
VPS37B	VPS37B
NLK	NLK
LOC100507477;OTTHUMG00000015699;RP3-332B22.1	LOC100507477;OTTHUMG00000015699;RP3-332B22.1
AC087491.2;OTTHUMG00000132690	AC087491.2;OTTHUMG00000132690
OTTHUMG00000163986;RP11-473J6.1	OTTHUMG00000163986;RP11-473J6.1
IQCA1P1	IQCA1P1
LAT2	LAT2
NLN	NLN
ANKHD1;ANKHD1-EIF4EBP3;EIF4EBP3	ANKHD1;ANKHD1-EIF4EBP3;EIF4EBP3
AC010894.3;OTTHUMG00000154152	AC010894.3;OTTHUMG00000154152
TMEM101	TMEM101
CD300LD	CD300LD
EHD3	EHD3
ZNF615	ZNF615
SRGAP3-AS1	SRGAP3-AS1
RTKN	RTKN
ALPP	ALPP
MIR199B	MIR199B
DMBT1	DMBT1
VIM-AS1	VIM-AS1
CLSTN2	CLSTN2
STAU2-AS1	STAU2-AS1
OTTHUMG00000018686;RP11-380G5.2	OTTHUMG00000018686;RP11-380G5.2
JAG2	JAG2
CCDC74B-AS1	CCDC74B-AS1
AFG3L1P	AFG3L1P
IGHEP1	IGHEP1
APOBEC3G	APOBEC3G
RGP1	RGP1
OTTHUMG00000159327;RP11-572M11.4	OTTHUMG00000159327;RP11-572M11.4
OTTHUMG00000007304;RP11-656D10.3	OTTHUMG00000007304;RP11-656D10.3
PLEKHD1	PLEKHD1
CFB	CFB
OLFM2	OLFM2
ABHD16A;BAT5;OTTHUMG00000149953	ABHD16A;BAT5;OTTHUMG00000149953
GATAD1	GATAD1
AC113189.5;OTTHUMG00000132895	AC113189.5;OTTHUMG00000132895
OTTHUMG00000022783;RP11-470L19.2	OTTHUMG00000022783;RP11-470L19.2
MIR3189	MIR3189
ZNF503-AS1	ZNF503-AS1
LOC100134361;OTTHUMG00000150696;Z83851.1	LOC100134361;OTTHUMG00000150696;Z83851.1
LRRC47	LRRC47
PRPF8	PRPF8
C10orf128	C10orf128
KLF1	KLF1
RBL1	RBL1
OTTHUMG00000020112;RP11-575L7.8	OTTHUMG00000020112;RP11-575L7.8
SEC13	SEC13
DDAH2	DDAH2
OTTHUMG00000021406;RP11-245M24.1	OTTHUMG00000021406;RP11-245M24.1
SLC4A1	SLC4A1
PYGO1	PYGO1
GUCY2EP	GUCY2EP
SMTN	SMTN
OTTHUMG00000161004;RP11-763F8.1	OTTHUMG00000161004;RP11-763F8.1
NFKBIL1	NFKBIL1
DMTN;EPB49	DMTN;EPB49
FAM87B	FAM87B
POTEH	POTEH
EML4	EML4
RBM17	RBM17
OTTHUMG00000159342;RP1-93H18.6	OTTHUMG00000159342;RP1-93H18.6
PSME1	PSME1
TAPBP	TAPBP
ADCY5	ADCY5
CENPV	CENPV
COQ7	COQ7
EBI3	EBI3
ROCK2	ROCK2
F5	F5
ZDHHC24	ZDHHC24
LINC00290	LINC00290
GPR89A;GPR89B;GPR89C	GPR89A;GPR89B;GPR89C
MIR148B	MIR148B
ABHD16A;BAT5;OTTHUMG00000149285	ABHD16A;BAT5;OTTHUMG00000149285
CALB2	CALB2
TDG	TDG
MUC22;OTTHUMG00000149452;XXbac-BPG118E17.9	MUC22;OTTHUMG00000149452;XXbac-BPG118E17.9
POLR2F	POLR2F
AC017048.4;OTTHUMG00000154157	AC017048.4;OTTHUMG00000154157
C19ORF24;C19orf24	C19ORF24;C19orf24
LOC100288866;OTTHUMG00000161498;RP5-1029K10.2	LOC100288866;OTTHUMG00000161498;RP5-1029K10.2
SKIL	SKIL
HIVEP2	HIVEP2
MTRF1	MTRF1
OTTHUMG00000164200;RP11-567J20.1	OTTHUMG00000164200;RP11-567J20.1
YTHDC1	YTHDC1
ATXN7L3B;OTTHUMG00000163936;RP11-56G10.1	ATXN7L3B;OTTHUMG00000163936;RP11-56G10.1
GARS	GARS
HOXD9	HOXD9
RBM23	RBM23
ISX	ISX
OTTHUMG00000017910;RP11-472N13.3	OTTHUMG00000017910;RP11-472N13.3
TTTY1;TTTY1B	TTTY1;TTTY1B
SLC18A2	SLC18A2
ABCD1	ABCD1
L1CAM	L1CAM
OR6C74	OR6C74
OTTHUMG00000019540;RP11-29B9.1	OTTHUMG00000019540;RP11-29B9.1
RNY3P5	RNY3P5
ULK4P1;ULK4P2	ULK4P1;ULK4P2
LOC644936	LOC644936
CXorf26;PBDC1	CXorf26;PBDC1
ACE	ACE
MIR4740	MIR4740
RGS7	RGS7
CIRH1A	CIRH1A
C3orf20	C3orf20
HIST1H4G	HIST1H4G
ITGA11	ITGA11
ZNF331	ZNF331
TTC3-AS1	TTC3-AS1
AC109826.1;OTTHUMG00000153173	AC109826.1;OTTHUMG00000153173
NRM	NRM
NRM	NRM
NRM	NRM
NRM	NRM
NRM	NRM
NRM	NRM
NRM	NRM
CHMP7	CHMP7
MIR1260B	MIR1260B
LINC00511	LINC00511
CFB	CFB
CFB	CFB
RNA5SP129	RNA5SP129
OTTHUMG00000158299;RP11-225N10.1	OTTHUMG00000158299;RP11-225N10.1
RNU5A-6P	RNU5A-6P
SLC32A1	SLC32A1
RN7SKP10	RN7SKP10
S100A16	S100A16
PAGE2B	PAGE2B
ESR2	ESR2
AC053503.6;OTTHUMG00000058923	AC053503.6;OTTHUMG00000058923
MSX2	MSX2
FAM45A;FAM45B	FAM45A;FAM45B
AC007381.2;OTTHUMG00000152618	AC007381.2;OTTHUMG00000152618
SCGB1B2P	SCGB1B2P
LIN7C	LIN7C
FLJ40194;OTTHUMG00000161323;RP1-62O9.3	FLJ40194;OTTHUMG00000161323;RP1-62O9.3
SNORA11	SNORA11
OTTHUMG00000067728;RP5-1187J4.11	OTTHUMG00000067728;RP5-1187J4.11
FAM13B	FAM13B
RASGRP3	RASGRP3
GAS8	GAS8
PSMA1	PSMA1
TTLL11	TTLL11
XPO7	XPO7
CRIPAK	CRIPAK
CTB-3M24.1;OTTHUMG00000162726	CTB-3M24.1;OTTHUMG00000162726
RNU4ATAC2P	RNU4ATAC2P
GNPNAT1	GNPNAT1
C7orf26	C7orf26
CCDC179	CCDC179
AC011247.3;OTTHUMG00000153432	AC011247.3;OTTHUMG00000153432
OTTHUMG00000159005;RP11-142L1.1	OTTHUMG00000159005;RP11-142L1.1
THBS3	THBS3
ANKRD13C	ANKRD13C
FAM156A;FAM156B	FAM156A;FAM156B
MYOZ1	MYOZ1
NAMPT	NAMPT
AL162151.4;OTTHUMG00000150114	AL162151.4;OTTHUMG00000150114
RFPL3-AS1;RFPL3S	RFPL3-AS1;RFPL3S
MIR218-1	MIR218-1
LINC00474	LINC00474
DUSP10	DUSP10
PERP	PERP
AC079779.5;OTTHUMG00000151363	AC079779.5;OTTHUMG00000151363
NUGGC	NUGGC
DDX59	DDX59
SFTPA1;SFTPA2	SFTPA1;SFTPA2
LOC101060193;XAGE2;XAGE2B	LOC101060193;XAGE2;XAGE2B
MIR595	MIR595
FIBP	FIBP
OTTHUMG00000014284;RP11-359N11.1	OTTHUMG00000014284;RP11-359N11.1
C1orf95	C1orf95
ABHD16A;BAT5;OTTHUMG00000031468	ABHD16A;BAT5;OTTHUMG00000031468
ABHD16A;BAT5;OTTHUMG00000149002	ABHD16A;BAT5;OTTHUMG00000149002
ABHD16A;BAT5;OTTHUMG00000149516	ABHD16A;BAT5;OTTHUMG00000149516
C8orf4	C8orf4
ERVH48-1	ERVH48-1
DBH	DBH
PAAF1	PAAF1
AC004063.1;OTTHUMG00000160976	AC004063.1;OTTHUMG00000160976
PSG9	PSG9
CTD-2072I24.1;OTTHUMG00000161900	CTD-2072I24.1;OTTHUMG00000161900
IGKV3D-15	IGKV3D-15
MYT1L	MYT1L
EME2	EME2
TEX13A	TEX13A
MAP7	MAP7
ZDHHC17	ZDHHC17
OTUD3	OTUD3
SLC35C1	SLC35C1
PRDM10	PRDM10
HINFP	HINFP
CFB	CFB
INHA	INHA
MIR4317	MIR4317
AKR1D1	AKR1D1
C1orf216	C1orf216
EPHA2	EPHA2
GOPC	GOPC
KTI12	KTI12
OTTHUMG00000164989;RP11-6D1.3	OTTHUMG00000164989;RP11-6D1.3
OR12D3	OR12D3
HERC2P7	HERC2P7
SNX32	SNX32
FBXO2	FBXO2
DDAH2	DDAH2
RCVRN	RCVRN
KLHL32	KLHL32
BCKDK	BCKDK
MYH1	MYH1
GADD45B	GADD45B
LOC100506342;OTTHUMG00000163788;RP11-37B2.1	LOC100506342;OTTHUMG00000163788;RP11-37B2.1
CD47	CD47
AP001046.6;FLJ41733;OTTHUMG00000086868	AP001046.6;FLJ41733;OTTHUMG00000086868
ZNF197-AS1	ZNF197-AS1
PTK2B	PTK2B
LINC00239	LINC00239
ZNF808	ZNF808
AC005082.12;OTTHUMG00000152653	AC005082.12;OTTHUMG00000152653
VAV3-AS1	VAV3-AS1
OTTHUMG00000162463;RP11-60A8.1	OTTHUMG00000162463;RP11-60A8.1
SLC26A10	SLC26A10
SLK	SLK
FBXW10;LOC100996906	FBXW10;LOC100996906
PGAM5	PGAM5
OTTHUMG00000018252;RP11-346D6.6	OTTHUMG00000018252;RP11-346D6.6
FCER1G	FCER1G
C4orf33	C4orf33
MIR553	MIR553
MIR1271	MIR1271
SNORD114-3	SNORD114-3
AC010969.1;OTTHUMG00000119005	AC010969.1;OTTHUMG00000119005
AP001604.3;OTTHUMG00000078699	AP001604.3;OTTHUMG00000078699
ZNF75A	ZNF75A
ERC2-IT1	ERC2-IT1
AC064853.2;OTTHUMG00000153551	AC064853.2;OTTHUMG00000153551
ARHGAP26-IT1	ARHGAP26-IT1
KCTD21	KCTD21
MIR548U	MIR548U
UHRF1BP1	UHRF1BP1
HBEGF	HBEGF
NOL9	NOL9
SMYD2	SMYD2
MIR662	MIR662
ARSG	ARSG
OTTHUMG00000010942;RP4-575N6.4	OTTHUMG00000010942;RP4-575N6.4
CTD-2008N3.1;OTTHUMG00000161635	CTD-2008N3.1;OTTHUMG00000161635
CCDC93	CCDC93
POLM	POLM
ERCC1	ERCC1
UBN1	UBN1
MAU2	MAU2
GCDH	GCDH
SLC35F2	SLC35F2
NOM1	NOM1
RNMTL1	RNMTL1
BCAR3	BCAR3
FRMD4A	FRMD4A
TFAP2E	TFAP2E
C17orf61;TMEM256	C17orf61;TMEM256
CLDN10-AS1	CLDN10-AS1
ITGB2	ITGB2
OTTHUMG00000019491;RP11-39K24.10	OTTHUMG00000019491;RP11-39K24.10
LOC101060716;POTEC	LOC101060716;POTEC
LINC00908	LINC00908
OTTHUMG00000018648;RP11-93H12.4	OTTHUMG00000018648;RP11-93H12.4
OTTHUMG00000012409;RP5-834N19.1	OTTHUMG00000012409;RP5-834N19.1
OTTHUMG00000013747;RP11-94I2.4	OTTHUMG00000013747;RP11-94I2.4
AC018804.3;OTTHUMG00000153626	AC018804.3;OTTHUMG00000153626
GOLGA6C	GOLGA6C
ZNRD1	ZNRD1
YBX3P1	YBX3P1
GRN	GRN
SFN	SFN
PKN2	PKN2
RNA5SP468	RNA5SP468
LOC729059;OTTHUMG00000003226;RP4-805N21.1	LOC729059;OTTHUMG00000003226;RP4-805N21.1
PAICS	PAICS
RCOR3	RCOR3
HLA-B	HLA-B
SAV1	SAV1
EVPLL	EVPLL
LPAL2	LPAL2
LYG1	LYG1
KCNJ8	KCNJ8
KIAA0020	KIAA0020
ZNF543	ZNF543
RANBP10	RANBP10
OTTHUMG00000162042;RP11-577B7.1	OTTHUMG00000162042;RP11-577B7.1
MTVR2	MTVR2
AF131217.1;OTTHUMG00000078747	AF131217.1;OTTHUMG00000078747
AC046143.7;LINC00884;OTTHUMG00000156037	AC046143.7;LINC00884;OTTHUMG00000156037
OTTHUMG00000003078;RP11-169K16.4	OTTHUMG00000003078;RP11-169K16.4
LINC00222	LINC00222
BATF3	BATF3
ENGASE	ENGASE
MIR4684	MIR4684
CDH19	CDH19
GRK1	GRK1
NRAP	NRAP
OTTHUMG00000161690;RP11-472K22.2	OTTHUMG00000161690;RP11-472K22.2
HS1BP3-IT1	HS1BP3-IT1
TLE6	TLE6
ZNF536	ZNF536
AC008781.7;OTTHUMG00000150501	AC008781.7;OTTHUMG00000150501
LOC101060264;OTTHUMG00000014680;RP11-328M4.2	LOC101060264;OTTHUMG00000014680;RP11-328M4.2
DMTF1	DMTF1
SLC17A6	SLC17A6
KCNJ11	KCNJ11
PLEKHG4	PLEKHG4
AC015922.6;OTTHUMG00000059147	AC015922.6;OTTHUMG00000059147
PNKP	PNKP
OTTHUMG00000156495;RP5-1185I7.1	OTTHUMG00000156495;RP5-1185I7.1
SGSM2	SGSM2
OTTHUMG00000015540;RP1-86D1.5	OTTHUMG00000015540;RP1-86D1.5
GPR19	GPR19
LINC00448	LINC00448
TRIM65	TRIM65
TXN2	TXN2
ARFGAP3;PACSIN2	ARFGAP3;PACSIN2
OTTHUMG00000160721;RP11-487E13.1	OTTHUMG00000160721;RP11-487E13.1
PSORS1C1	PSORS1C1
LOC650368	LOC650368
MCCD1	MCCD1
IDH3G	IDH3G
AMHR2	AMHR2
LOC100133445;LOC115110;OTTHUMG00000000818;RP3-395M20.8	LOC100133445;LOC115110;OTTHUMG00000000818;RP3-395M20.8
KCNRG;TRIM13	KCNRG;TRIM13
LINC00346	LINC00346
PRPSAP1	PRPSAP1
CDK19	CDK19
PTRH2	PTRH2
LOC100130548;OTTHUMG00000020881;RP11-374P20.4	LOC100130548;OTTHUMG00000020881;RP11-374P20.4
GCH1	GCH1
TTC28	TTC28
ABCG4	ABCG4
MIR654	MIR654
SNORD115-47	SNORD115-47
HOTTIP	HOTTIP
HSPA14	HSPA14
TNPO1	TNPO1
ALDH3B1	ALDH3B1
TAPBP	TAPBP
MGC12916	MGC12916
ZNF184	ZNF184
FAM90A10P	FAM90A10P
C1orf52	C1orf52
USP19	USP19
TTC23	TTC23
RNA5SP203	RNA5SP203
OR12D3	OR12D3
MYH7	MYH7
EWSR1	EWSR1
FGF22	FGF22
PITX1	PITX1
SIAH1	SIAH1
FAF1	FAF1
VCX;VCX3A;VCX3B	VCX;VCX3A;VCX3B
LOC100507053;OTTHUMG00000161232;RP11-696N14.1	LOC100507053;OTTHUMG00000161232;RP11-696N14.1
CETN1	CETN1
DIO3	DIO3
SOD1	SOD1
RNY5	RNY5
HCFC1	HCFC1
BHLHE41	BHLHE41
C20orf132;MROH8	C20orf132;MROH8
OTTHUMG00000019202;RP11-282I1.1	OTTHUMG00000019202;RP11-282I1.1
PRIMA1	PRIMA1
TEX38	TEX38
AL358175.2;OTTHUMG00000013086	AL358175.2;OTTHUMG00000013086
OTTHUMG00000037896;RP4-612J11.1	OTTHUMG00000037896;RP4-612J11.1
SRSF5	SRSF5
LOC653375;WBSCR16	LOC653375;WBSCR16
AC007403.3;OTTHUMG00000152857	AC007403.3;OTTHUMG00000152857
AC020907.6;GRAMD1A;OTTHUMG00000044564	AC020907.6;GRAMD1A;OTTHUMG00000044564
DCPS	DCPS
RBPJL	RBPJL
ARMCX3-AS1	ARMCX3-AS1
TGFB2	TGFB2
ZNF668	ZNF668
SNRPF	SNRPF
CNPY1	CNPY1
SRC	SRC
OTTHUMG00000046284;RP11-298J23.5	OTTHUMG00000046284;RP11-298J23.5
SLC7A9	SLC7A9
ITIH4	ITIH4
SPDYE8P	SPDYE8P
POU2AF1	POU2AF1
SKAP1	SKAP1
C15orf26	C15orf26
HLA-DPA1	HLA-DPA1
HLA-DPA1	HLA-DPA1
RNA5SP367	RNA5SP367
NBPF1	NBPF1
FOXP4;MIR4641	FOXP4;MIR4641
TEAD3	TEAD3
SORCS1	SORCS1
LOC100507443	LOC100507443
EEF1D	EEF1D
AC021218.2;OTTHUMG00000151352	AC021218.2;OTTHUMG00000151352
SNAI3-AS1	SNAI3-AS1
PLA2G2D	PLA2G2D
LOC100288198	LOC100288198
OTTHUMG00000164283;RP11-1112C15.2	OTTHUMG00000164283;RP11-1112C15.2
SFT2D3;WDR33	SFT2D3;WDR33
CTD-3105H18.14;OTTHUMG00000156422;ZNF799	CTD-3105H18.14;OTTHUMG00000156422;ZNF799
DCD	DCD
S1PR4	S1PR4
SFT2D1	SFT2D1
PRAC	PRAC
ARPC1A	ARPC1A
MARCH10	MARCH10
CTD-2227I18.1;OTTHUMG00000162302	CTD-2227I18.1;OTTHUMG00000162302
OR8B8	OR8B8
HLA-J	HLA-J
FBXO33	FBXO33
RNY4P3	RNY4P3
HS2ST1;LOC339524	HS2ST1;LOC339524
MTUS1	MTUS1
MED17	MED17
LINC00158	LINC00158
AC005538.5;OTTHUMG00000059128	AC005538.5;OTTHUMG00000059128
OTTHUMG00000014794;RP3-365O12.2	OTTHUMG00000014794;RP3-365O12.2
LRRC18;OTTHUMG00000018183;RP11-523O18.7	LRRC18;OTTHUMG00000018183;RP11-523O18.7
HOXB6	HOXB6
OTTHUMG00000133711;XXbac-BPG27H4.8	OTTHUMG00000133711;XXbac-BPG27H4.8
GRAMD4	GRAMD4
TWF1	TWF1
OTTHUMG00000004413;RP11-40H20.4	OTTHUMG00000004413;RP11-40H20.4
OTTHUMG00000003322;RP11-84D1.1	OTTHUMG00000003322;RP11-84D1.1
RNU11	RNU11
BRPF3	BRPF3
LOC100506226	LOC100506226
SORBS3	SORBS3
STK19	STK19
ARPC5	ARPC5
NANOS3	NANOS3
CTB-37A13.1;OTTHUMG00000163084	CTB-37A13.1;OTTHUMG00000163084
GRP	GRP
TREH	TREH
MTX1	MTX1
TRIM31	TRIM31
STK19	STK19
GNAT3	GNAT3
RNA5SP193	RNA5SP193
OTTHUMG00000159786;RP11-85F14.5	OTTHUMG00000159786;RP11-85F14.5
SPON1	SPON1
PDCD1	PDCD1
C5orf63;LOC101060408	C5orf63;LOC101060408
TMEM151A	TMEM151A
CFB	CFB
LPHN3	LPHN3
ROBO3	ROBO3
POTEC;POTED	POTEC;POTED
EXOSC2	EXOSC2
ASB9	ASB9
SP140L	SP140L
MIR300	MIR300
TSC22D4	TSC22D4
URB2	URB2
KDM2A	KDM2A
RPL24	RPL24
LOC100506518	LOC100506518
ZNF189	ZNF189
CTD-2281E23.3;OTTHUMG00000163653	CTD-2281E23.3;OTTHUMG00000163653
OR2J2	OR2J2
SSTR3	SSTR3
FER1L4	FER1L4
RNU6-73	RNU6-73
ARFIP2	ARFIP2
COX10	COX10
CBWD1;CBWD2;LOC100653334	CBWD1;CBWD2;LOC100653334
APOBEC3B;APOBEC3B-AS1	APOBEC3B;APOBEC3B-AS1
PSMB1	PSMB1
CLEC4G	CLEC4G
RHOH	RHOH
RNY1	RNY1
GABBR2	GABBR2
MAGEA8	MAGEA8
SNTB2	SNTB2
MXD1	MXD1
SYT13	SYT13
PCA3	PCA3
MIR4478	MIR4478
FAM163A;LOC100506206;OTTHUMG00000035261;RP11-12M5.1	FAM163A;LOC100506206;OTTHUMG00000035261;RP11-12M5.1
HNRNPDL;HNRPDL	HNRNPDL;HNRPDL
CCS	CCS
ZNF587;ZNF587B	ZNF587;ZNF587B
AIP	AIP
OTTHUMG00000156272;RP5-905H7.9	OTTHUMG00000156272;RP5-905H7.9
TNPO3	TNPO3
EFHA2;MICU3	EFHA2;MICU3
HOTAIR	HOTAIR
ANHX	ANHX
AC006003.3;OTTHUMG00000153023	AC006003.3;OTTHUMG00000153023
LMNB1	LMNB1
CYP26B1	CYP26B1
LOC101060460;POLR3C	LOC101060460;POLR3C
FRG1B;LOC100289097	FRG1B;LOC100289097
DDX51	DDX51
CD84	CD84
MINOS1	MINOS1
OTUD6A	OTUD6A
OTTHUMG00000134300;RP11-15M15.2	OTTHUMG00000134300;RP11-15M15.2
FHL2	FHL2
SNORD114-1	SNORD114-1
CCR2	CCR2
AC008074.4;OTTHUMG00000152676	AC008074.4;OTTHUMG00000152676
ARNTL	ARNTL
ZMAT5	ZMAT5
RPGRIP1L	RPGRIP1L
PTPRS	PTPRS
MRTO4	MRTO4
OTTHUMG00000032631;RP11-465L10.7;SLC12A5	OTTHUMG00000032631;RP11-465L10.7;SLC12A5
USP35	USP35
GNRH2	GNRH2
NEU2	NEU2
OTTHUMG00000163859;RP11-468H14.2	OTTHUMG00000163859;RP11-468H14.2
RGPD4	RGPD4
AC017048.2;OTTHUMG00000154158	AC017048.2;OTTHUMG00000154158
PTOV1-AS1	PTOV1-AS1
PTPN4	PTPN4
ARHGAP32	ARHGAP32
TRIM5	TRIM5
ENO1-IT1	ENO1-IT1
DHFR	DHFR
EDEM1	EDEM1
OTTHUMG00000002880;RP11-69E9.1	OTTHUMG00000002880;RP11-69E9.1
FBXL15	FBXL15
AP000688.15;OTTHUMG00000086614	AP000688.15;OTTHUMG00000086614
FBXW12	FBXW12
AC093326.3;OTTHUMG00000151360	AC093326.3;OTTHUMG00000151360
PSTPIP1	PSTPIP1
GAS2	GAS2
SNTA1	SNTA1
MEIS1-AS3	MEIS1-AS3
PEX5L	PEX5L
DAZ2;DAZ3;DAZ4	DAZ2;DAZ3;DAZ4
LIPM	LIPM
AC009892.10;OTTHUMG00000149999	AC009892.10;OTTHUMG00000149999
MIR764	MIR764
FLJ35282;OTTHUMG00000019696;RP11-399D6.2	FLJ35282;OTTHUMG00000019696;RP11-399D6.2
RNA5SP167	RNA5SP167
VDAC1	VDAC1
AC008073.5;OTTHUMG00000125499;SF3B14	AC008073.5;OTTHUMG00000125499;SF3B14
HAO1	HAO1
IRAK2	IRAK2
CS	CS
ZNF530	ZNF530
PNLIP	PNLIP
OTTHUMG00000015214;RP3-512E2.2	OTTHUMG00000015214;RP3-512E2.2
LOC100507384	LOC100507384
LOC283194	LOC283194
OTTHUMG00000142920;Z83001.1	OTTHUMG00000142920;Z83001.1
ZNF197	ZNF197
B4GALNT1	B4GALNT1
TRIM31	TRIM31
SNORD59B	SNORD59B
OTTHUMG00000162609;RP11-348J24.2	OTTHUMG00000162609;RP11-348J24.2
NPAS3	NPAS3
PHF5A	PHF5A
CDK3;TEN1;TEN1-CDK3	CDK3;TEN1;TEN1-CDK3
ZNF767	ZNF767
CYFIP2	CYFIP2
PRPF38A	PRPF38A
PGPEP1L	PGPEP1L
INSM1	INSM1
ARMC1	ARMC1
CYP4F43P	CYP4F43P
OTTHUMG00000160203;RP11-446J8.1	OTTHUMG00000160203;RP11-446J8.1
APOPT1;KLC1	APOPT1;KLC1
STK19	STK19
C12orf76	C12orf76
WDFY3-AS1	WDFY3-AS1
SNIP1	SNIP1
CCDC71	CCDC71
DLGAP3	DLGAP3
CDH26	CDH26
KIF26B	KIF26B
TBX1	TBX1
RUNX3	RUNX3
MCC	MCC
ELK3	ELK3
ABCF2	ABCF2
AC009229.5;OTTHUMG00000152269	AC009229.5;OTTHUMG00000152269
DHRSX;ZBED1	DHRSX;ZBED1
POLD1	POLD1
ZNF585B	ZNF585B
NANOG	NANOG
NUP205	NUP205
SPCS2	SPCS2
FAM47E;FAM47E-STBD1;OTTHUMG00000160834;RP11-67M24.5;STBD1	FAM47E;FAM47E-STBD1;OTTHUMG00000160834;RP11-67M24.5;STBD1
RALGAPB	RALGAPB
C1QTNF8	C1QTNF8
RNA5-8SP6	RNA5-8SP6
ZNF362	ZNF362
FER1L6-AS1	FER1L6-AS1
KPNA2	KPNA2
SNORA74B	SNORA74B
MIR4798	MIR4798
SNORA80	SNORA80
ITM2C	ITM2C
RIOK3	RIOK3
MIRLET7E	MIRLET7E
LOC284412	LOC284412
COL5A2	COL5A2
NCF1C	NCF1C
CLPSL2	CLPSL2
VWA5A	VWA5A
OTTHUMG00000032526;RP5-881L22.5	OTTHUMG00000032526;RP5-881L22.5
EPHA1	EPHA1
DPP3	DPP3
OTTHUMG00000015989;RP11-252P19.2	OTTHUMG00000015989;RP11-252P19.2
CYP27C1	CYP27C1
ZHX2	ZHX2
HMBOX1-IT1	HMBOX1-IT1
RNA5SP133	RNA5SP133
OXGR1	OXGR1
PDCD7	PDCD7
OAF	OAF
KCNK10	KCNK10
SMIM18	SMIM18
NLRP2	NLRP2
CTC-338M12.9;OTTHUMG00000163377	CTC-338M12.9;OTTHUMG00000163377
HAS2	HAS2
AC004381.6;LOC81691;OTTHUMG00000131556	AC004381.6;LOC81691;OTTHUMG00000131556
DNAJC5G	DNAJC5G
CA2	CA2
HLA-J	HLA-J
HLA-J	HLA-J
HLA-J	HLA-J
MTA1	MTA1
ELMOD1;LOC643923	ELMOD1;LOC643923
UROC1	UROC1
OTTHUMG00000021616;RP3-339A18.6	OTTHUMG00000021616;RP3-339A18.6
ZNF713	ZNF713
EIF4E1B	EIF4E1B
FAM162B	FAM162B
MGP	MGP
RNA5SP156	RNA5SP156
FAM57B;LOC100996332	FAM57B;LOC100996332
KCNJ12;KCNJ18;LOC100996843	KCNJ12;KCNJ18;LOC100996843
GLS	GLS
ATP6V0E2	ATP6V0E2
RNA5SP274	RNA5SP274
APPL1	APPL1
OTTHUMG00000159176;RP11-454H13.5;ZBTB11-AS1	OTTHUMG00000159176;RP11-454H13.5;ZBTB11-AS1
C9orf78	C9orf78
DIEXF	DIEXF
TTLL11-IT1	TTLL11-IT1
OTTHUMG00000163402;RP11-423H2.2	OTTHUMG00000163402;RP11-423H2.2
CTC-228N24.1;LOC728586;OTTHUMG00000163284	CTC-228N24.1;LOC728586;OTTHUMG00000163284
VPS13D	VPS13D
OTTHUMG00000017952;RP11-297A16.2	OTTHUMG00000017952;RP11-297A16.2
AP000260.4;OTTHUMG00000085305	AP000260.4;OTTHUMG00000085305
ZNF185	ZNF185
NDUFAF2	NDUFAF2
AC034228.2;OTTHUMG00000059635	AC034228.2;OTTHUMG00000059635
C10orf95;LOC100505761	C10orf95;LOC100505761
MTRNR2L7	MTRNR2L7
ZNF397	ZNF397
PNLIPRP2	PNLIPRP2
RP9	RP9
AC009478.1;OTTHUMG00000154248	AC009478.1;OTTHUMG00000154248
NXNL1	NXNL1
ATP1B4	ATP1B4
CSPP1	CSPP1
TMSB10	TMSB10
AC130689.5;OTTHUMG00000132217	AC130689.5;OTTHUMG00000132217
PRICKLE2	PRICKLE2
RABEP2	RABEP2
CTC-463N11.3;OTTHUMG00000162743;RGMB-AS1	CTC-463N11.3;OTTHUMG00000162743;RGMB-AS1
WT1	WT1
PLN	PLN
AC084809.3;LOC100506643;OTTHUMG00000132776	AC084809.3;LOC100506643;OTTHUMG00000132776
PPP1CC	PPP1CC
CTD-2281E23.2;OTTHUMG00000163652	CTD-2281E23.2;OTTHUMG00000163652
OTTHUMG00000159455;RP11-232M24.1	OTTHUMG00000159455;RP11-232M24.1
GLOD4	GLOD4
CTD-2297D10.1;OTTHUMG00000161665	CTD-2297D10.1;OTTHUMG00000161665
TBCB	TBCB
B3GNT3	B3GNT3
AC018643.4;OTTHUMG00000155196	AC018643.4;OTTHUMG00000155196
CD209	CD209
LINC00460	LINC00460
SENP5	SENP5
FAIM3	FAIM3
DAQB-335A13.8;HLA-F-AS1;OTTHUMG00000057543	DAQB-335A13.8;HLA-F-AS1;OTTHUMG00000057543
TNFRSF4	TNFRSF4
AQP9	AQP9
OTTHUMG00000163906;RP11-181B11.2	OTTHUMG00000163906;RP11-181B11.2
LOC100288911	LOC100288911
OTTHUMG00000014129;RP1-90J20.8	OTTHUMG00000014129;RP1-90J20.8
KIAA0753	KIAA0753
PQLC1	PQLC1
SENP6	SENP6
OTTHUMG00000019427;RP11-165F24.3	OTTHUMG00000019427;RP11-165F24.3
FAM215A;FAM215B	FAM215A;FAM215B
SNORD90	SNORD90
RNU6-20	RNU6-20
MIR26A2	MIR26A2
DCHS1	DCHS1
LRRC66	LRRC66
SPDYE5	SPDYE5
TRIM15	TRIM15
TRIM15	TRIM15
TRIM15	TRIM15
GABRA3	GABRA3
AC023137.2;OTTHUMG00000151780	AC023137.2;OTTHUMG00000151780
OTTHUMG00000161704;RP11-332J15.1	OTTHUMG00000161704;RP11-332J15.1
SNRPA1	SNRPA1
C6orf25	C6orf25
PANX2	PANX2
LOC100506393	LOC100506393
AKNAD1	AKNAD1
TAF13	TAF13
FIGF	FIGF
SMCO4	SMCO4
C21orf15	C21orf15
BMPR1APS2	BMPR1APS2
CD300C	CD300C
MED28	MED28
PLIN1	PLIN1
AC010967.3;OTTHUMG00000152414	AC010967.3;OTTHUMG00000152414
IPO9-AS1	IPO9-AS1
SFTPD	SFTPD
SIAE	SIAE
APOL5	APOL5
CSRP3	CSRP3
KCNQ5	KCNQ5
HARS	HARS
SNORD114-14	SNORD114-14
PHF21A	PHF21A
TMEM44-AS1	TMEM44-AS1
STARD4-AS1	STARD4-AS1
DDX27	DDX27
IFNGR2	IFNGR2
UHRF1	UHRF1
RPL30	RPL30
ZFP57	ZFP57
CDC42BPA	CDC42BPA
AMDHD2;CEMP1	AMDHD2;CEMP1
SERTAD2	SERTAD2
CTD-2081C10.1;OTTHUMG00000162282	CTD-2081C10.1;OTTHUMG00000162282
OTTHUMG00000159414;RP11-274H2.2	OTTHUMG00000159414;RP11-274H2.2
ENKD1	ENKD1
RNU5E-10P	RNU5E-10P
PRRG3	PRRG3
BRWD1-IT1	BRWD1-IT1
CAV3	CAV3
ITIH4-AS1	ITIH4-AS1
ROGDI	ROGDI
TFDP3	TFDP3
LRRC32	LRRC32
TBRG1	TBRG1
UBA5	UBA5
PTRHD1	PTRHD1
TXNDC2	TXNDC2
SUN1	SUN1
OTTHUMG00000002047;RP11-344F13.1	OTTHUMG00000002047;RP11-344F13.1
OTTHUMG00000021416;RP1-30G7.2	OTTHUMG00000021416;RP1-30G7.2
TAX1BP3	TAX1BP3
DUSP23	DUSP23
LOC100507431	LOC100507431
RAB11FIP5	RAB11FIP5
ZNF623	ZNF623
TLK2	TLK2
FAM102A	FAM102A
CDKN2B	CDKN2B
MAGEB10	MAGEB10
GRM7-AS1	GRM7-AS1
ZNF607	ZNF607
OTTHUMG00000067142;RP11-95H8.5	OTTHUMG00000067142;RP11-95H8.5
SLFNL1	SLFNL1
HLA-B	HLA-B
BLID	BLID
ANGPTL4	ANGPTL4
RNA5SP49	RNA5SP49
LOC101060303;LOC101060351;LOC101060376;LOC101060389;LOC101060403;LOC101060421;LOC101060440;LOC101060489;LOC101060506;TBC1D3;TBC1D3C;TBC1D3F	LOC101060303;LOC101060351;LOC101060376;LOC101060389;LOC101060403;LOC101060421;LOC101060440;LOC101060489;LOC101060506;TBC1D3;TBC1D3C;TBC1D3F
OXSR1	OXSR1
KCNN2	KCNN2
RNU1-16P	RNU1-16P
OTTHUMG00000159892;RP11-548O1.3	OTTHUMG00000159892;RP11-548O1.3
LRRC49	LRRC49
ZC3H12D	ZC3H12D
DCAF12L2	DCAF12L2
ENOX1-AS1	ENOX1-AS1
C9orf117	C9orf117
CTD-2050E21.1;OTTHUMG00000163174	CTD-2050E21.1;OTTHUMG00000163174
GCG	GCG
LINC00654	LINC00654
RNA5SP466	RNA5SP466
RCC1;SNHG3;SNORA73A	RCC1;SNHG3;SNORA73A
DNASE2B	DNASE2B
CTD-2218G20.2;LOC340113;OTTHUMG00000162007	CTD-2218G20.2;LOC340113;OTTHUMG00000162007
MAGI3	MAGI3
SNORA35	SNORA35
NFE2L2	NFE2L2
TRHDE	TRHDE
TUBB2B	TUBB2B
OTTHUMG00000163716;RP11-1080G15.2	OTTHUMG00000163716;RP11-1080G15.2
TUBB4A	TUBB4A
LMLN	LMLN
RIC8A	RIC8A
SLC44A4	SLC44A4
SLC44A4	SLC44A4
OTTHUMG00000163891;RP11-421P23.2	OTTHUMG00000163891;RP11-421P23.2
C1orf226;NOS1AP	C1orf226;NOS1AP
GRAPL	GRAPL
SYNPO	SYNPO
SMA5	SMA5
RACGAP1P	RACGAP1P
ADAMTS5	ADAMTS5
PA2G4	PA2G4
AURKB	AURKB
RPE65	RPE65
INPP5D	INPP5D
NGF	NGF
LRRC40	LRRC40
PRODH2	PRODH2
TEX261	TEX261
ALS2CL	ALS2CL
OTTHUMG00000164285;RP11-716D16.1	OTTHUMG00000164285;RP11-716D16.1
PLAU	PLAU
PCYT1B	PCYT1B
SLC4A4	SLC4A4
GPR110	GPR110
CRELD1	CRELD1
OTTHUMG00000161497;RP5-1029K10.4	OTTHUMG00000161497;RP5-1029K10.4
CAPN14	CAPN14
DIO2	DIO2
YIPF7	YIPF7
OTTHUMG00000015662;OTTHUMG00000015663;RP11-356I2.2;RP11-356I2.4	OTTHUMG00000015662;OTTHUMG00000015663;RP11-356I2.2;RP11-356I2.4
DPY19L4	DPY19L4
BGN	BGN
TRIM31	TRIM31
SLC25A45	SLC25A45
IFIT5	IFIT5
SPG7	SPG7
MEGF8	MEGF8
CPSF4L	CPSF4L
AP2M1	AP2M1
DDIT3	DDIT3
PI15	PI15
LOC100996662	LOC100996662
FAM170A	FAM170A
PATL1	PATL1
AP000696.2;OTTHUMG00000086644	AP000696.2;OTTHUMG00000086644
LOC100129203	LOC100129203
MLANA	MLANA
HMGN2P17	HMGN2P17
CTD-2193P3.2;OTTHUMG00000162565	CTD-2193P3.2;OTTHUMG00000162565
CTD-2292P10.4;LOC100288181;OTTHUMG00000164731	CTD-2292P10.4;LOC100288181;OTTHUMG00000164731
AP000346.2;C22orf43;OTTHUMG00000150864	AP000346.2;C22orf43;OTTHUMG00000150864
CTD-2313P7.1;OTTHUMG00000162886	CTD-2313P7.1;OTTHUMG00000162886
EIF4ENIF1	EIF4ENIF1
DAPL1	DAPL1
LINC00941	LINC00941
RNU3P3	RNU3P3
OTTHUMG00000156583;RP5-945F2.2	OTTHUMG00000156583;RP5-945F2.2
LOC100996551	LOC100996551
SYNGR1	SYNGR1
OTTHUMG00000159626;RP11-292E2.2	OTTHUMG00000159626;RP11-292E2.2
OTTHUMG00000020178;RP11-82L18.4;SHC3	OTTHUMG00000020178;RP11-82L18.4;SHC3
PSME3	PSME3
INSR	INSR
AC068286.1;OTTHUMG00000151726	AC068286.1;OTTHUMG00000151726
TMC6	TMC6
F8A1;F8A2;F8A3	F8A1;F8A2;F8A3
OR6B1	OR6B1
ADAM3A	ADAM3A
CYB5R4	CYB5R4
ARHGAP40	ARHGAP40
TMEM26	TMEM26
OTTHUMG00000160657;RP11-16N2.1	OTTHUMG00000160657;RP11-16N2.1
TDO2	TDO2
ARHGAP35	ARHGAP35
USP36	USP36
TRAF2	TRAF2
RNA5SP189	RNA5SP189
MIR320A	MIR320A
BACH2	BACH2
FBXO40	FBXO40
CLEC2A	CLEC2A
MIR3913-2	MIR3913-2
ARHGEF15	ARHGEF15
ACSM2A	ACSM2A
TOP1MT	TOP1MT
ALG1;NAGPA-AS1	ALG1;NAGPA-AS1
CC2D2A	CC2D2A
NNAT	NNAT
LINC00202-1	LINC00202-1
AC073257.1;OTTHUMG00000153753	AC073257.1;OTTHUMG00000153753
GRIN3B	GRIN3B
IQCH	IQCH
RPS27P25	RPS27P25
RNA5SP148	RNA5SP148
OTOL1;OTTHUMG00000159074;RP11-80B17.1	OTOL1;OTTHUMG00000159074;RP11-80B17.1
OTTHUMG00000020015;RP11-151D14.1	OTTHUMG00000020015;RP11-151D14.1
BSN-AS1	BSN-AS1
STK10	STK10
TAPBP	TAPBP
OTTHUMG00000018458;RP11-152N13.5	OTTHUMG00000018458;RP11-152N13.5
AC005481.5;OTTHUMG00000152643	AC005481.5;OTTHUMG00000152643
CYP4F30P	CYP4F30P
CFB	CFB
AC019221.4;DGKD;OTTHUMG00000150257	AC019221.4;DGKD;OTTHUMG00000150257
TUBA1A	TUBA1A
SHKBP1	SHKBP1
MID1IP1-AS1	MID1IP1-AS1
BDNF	BDNF
LINC00478	LINC00478
OTTHUMG00000017681;RP11-186N15.3	OTTHUMG00000017681;RP11-186N15.3
OTTHUMG00000032780;RP5-1010E17.1	OTTHUMG00000032780;RP5-1010E17.1
FAM70B;TMEM255B	FAM70B;TMEM255B
CLDN2	CLDN2
CACNG7	CACNG7
ENPP7	ENPP7
CTC-338M12.5;OTTHUMG00000163004	CTC-338M12.5;OTTHUMG00000163004
ADM2	ADM2
OTTHUMG00000148738;XXbac-BPG250I8.13	OTTHUMG00000148738;XXbac-BPG250I8.13
HIST1H3A;HIST1H3B;HIST1H3C;HIST1H3D;HIST1H3E;HIST1H3F;HIST1H3G;HIST1H3H;HIST1H3I;HIST1H3J	HIST1H3A;HIST1H3B;HIST1H3C;HIST1H3D;HIST1H3E;HIST1H3F;HIST1H3G;HIST1H3H;HIST1H3I;HIST1H3J
SCARNA5	SCARNA5
UPK3A	UPK3A
B3GALNT2	B3GALNT2
LIPA;LOC100507575	LIPA;LOC100507575
SNORD56B	SNORD56B
LOC100289090	LOC100289090
RHEB	RHEB
ESYT2	ESYT2
OTTHUMG00000017628;RP11-393K12.2	OTTHUMG00000017628;RP11-393K12.2
AC109309.4;OTTHUMG00000011710	AC109309.4;OTTHUMG00000011710
UGT2B7	UGT2B7
XPO1	XPO1
UNK	UNK
SPRR2F	SPRR2F
AC016735.1;OTTHUMG00000152375	AC016735.1;OTTHUMG00000152375
TTC9	TTC9
LAMB4	LAMB4
GABRQ	GABRQ
LRP11	LRP11
LAMTOR4	LAMTOR4
TTR	TTR
PIH1D2	PIH1D2
FAM197Y1	FAM197Y1
DEF8	DEF8
DAXX	DAXX
DKFZP434K028	DKFZP434K028
CLMN	CLMN
SHOX	SHOX
SHOX	SHOX
NME1	NME1
ZNF48	ZNF48
OTTHUMG00000020752;RP11-216B9.6	OTTHUMG00000020752;RP11-216B9.6
NKD2	NKD2
RNA5SP200	RNA5SP200
NLRP12	NLRP12
SAMD11	SAMD11
OTTHUMG00000164319;RP11-10N23.5	OTTHUMG00000164319;RP11-10N23.5
GPR119	GPR119
NAT1	NAT1
HCG24	HCG24
HCG24	HCG24
HCG24	HCG24
HCG24	HCG24
KANSL3	KANSL3
UCA1	UCA1
SLC25A25	SLC25A25
HNRNPM	HNRNPM
LSP1P3	LSP1P3
OTTHUMG00000012342;RP11-418J17.1	OTTHUMG00000012342;RP11-418J17.1
OR51V1	OR51V1
ADCK2	ADCK2
TMUB1	TMUB1
OTTHUMG00000149338;XXbac-BPG254F23.7	OTTHUMG00000149338;XXbac-BPG254F23.7
OTTHUMG00000140118;XXbac-BPG254F23.7	OTTHUMG00000140118;XXbac-BPG254F23.7
TRIM31	TRIM31
HLA-DPA1	HLA-DPA1
MIR564;TMEM42	MIR564;TMEM42
POLRMT	POLRMT
SDC2	SDC2
KLHL38	KLHL38
MASP2	MASP2
SHANK2-AS1	SHANK2-AS1
SGCD	SGCD
RBM26	RBM26
EFTUD1P1	EFTUD1P1
FOXJ1	FOXJ1
HAUS5	HAUS5
OTTHUMG00000039496;RP11-152L7.2	OTTHUMG00000039496;RP11-152L7.2
OLIG1	OLIG1
FAM45B	FAM45B
FBRS	FBRS
LOC101060702;OR2A1;OR2A42	LOC101060702;OR2A1;OR2A42
OTTHUMG00000160298;RP11-91J3.3	OTTHUMG00000160298;RP11-91J3.3
KLHL7	KLHL7
MFSD12	MFSD12
AP001476.2;OTTHUMG00000090443	AP001476.2;OTTHUMG00000090443
DPYSL5	DPYSL5
TTYH2	TTYH2
TFR2	TFR2
CTC-384G19.1;OTTHUMG00000162573	CTC-384G19.1;OTTHUMG00000162573
KIAA1107	KIAA1107
SLC38A9	SLC38A9
WDFY3	WDFY3
PABPN1L	PABPN1L
CYP1A1	CYP1A1
KHNYN	KHNYN
GPR125	GPR125
MIR4308	MIR4308
TMEM126B	TMEM126B
PDILT	PDILT
STRADB	STRADB
GLYATL1;LOC100287413	GLYATL1;LOC100287413
GATA3	GATA3
OTTHUMG00000163869;RP11-213G6.2	OTTHUMG00000163869;RP11-213G6.2
OR2T6	OR2T6
C17orf64	C17orf64
ZNF264	ZNF264
KRT86	KRT86
SPATA31A5;SPATA31A7	SPATA31A5;SPATA31A7
OTTHUMG00000163180;RP11-91H12.3	OTTHUMG00000163180;RP11-91H12.3
ITFG1;RNA5SP424	ITFG1;RNA5SP424
OTTHUMG00000016714;RP11-141M1.3;STARD13	OTTHUMG00000016714;RP11-141M1.3;STARD13
C2CD4C	C2CD4C
LYZL1	LYZL1
MIR3679	MIR3679
RNA5SP40	RNA5SP40
CTB-51A17.1;OTTHUMG00000161749	CTB-51A17.1;OTTHUMG00000161749
LINC00343	LINC00343
KLF8	KLF8
POMT2	POMT2
MIR3928	MIR3928
LCN6	LCN6
RP1L1	RP1L1
OTTHUMG00000019866;RP11-331F9.4	OTTHUMG00000019866;RP11-331F9.4
BHLHB9	BHLHB9
IQCB1	IQCB1
LOC284600;OTTHUMG00000040716;OTTHUMG00000040717;RP11-54O7.1;RP11-54O7.2	LOC284600;OTTHUMG00000040716;OTTHUMG00000040717;RP11-54O7.1;RP11-54O7.2
LOC100134317	LOC100134317
OTTHUMG00000000449;RP11-195F19.5	OTTHUMG00000000449;RP11-195F19.5
SLC25A27	SLC25A27
COG1	COG1
GLIPR1	GLIPR1
TRAJ38	TRAJ38
MIR4780	MIR4780
MIR378F	MIR378F
STEAP2	STEAP2
BTF3P11	BTF3P11
SERPINA6	SERPINA6
DEDD2	DEDD2
OTTHUMG00000160367;RP11-665I14.1	OTTHUMG00000160367;RP11-665I14.1
HDC	HDC
RNA5SP381	RNA5SP381
SUCLG1	SUCLG1
AC012494.1;OTTHUMG00000152846	AC012494.1;OTTHUMG00000152846
STRA8	STRA8
PRSS12	PRSS12
C9orf16	C9orf16
ATR	ATR
CD79A	CD79A
KCNQ5-IT1	KCNQ5-IT1
HS3ST3B1	HS3ST3B1
OTTHUMG00000159656;RP11-529G21.2	OTTHUMG00000159656;RP11-529G21.2
RNF183	RNF183
DEFB130;LOC100133267;OTTHUMG00000158721;RP11-1236K1.1	DEFB130;LOC100133267;OTTHUMG00000158721;RP11-1236K1.1
DEFB130;LOC100133267	DEFB130;LOC100133267
OTTHUMG00000162038;RP11-122C5.1	OTTHUMG00000162038;RP11-122C5.1
FAM128A;MIR4784;MZT2A;OTTHUMG00000153606	FAM128A;MIR4784;MZT2A;OTTHUMG00000153606
MST1P2	MST1P2
OTTHUMG00000017992;RP11-672F9.1	OTTHUMG00000017992;RP11-672F9.1
OTTHUMG00000161591;RP11-181K12.1	OTTHUMG00000161591;RP11-181K12.1
ANKS6	ANKS6
FAXC	FAXC
EED	EED
PDRG1	PDRG1
GTF3C4	GTF3C4
TBPL1	TBPL1
OTTHUMG00000020201;RP11-367F23.1	OTTHUMG00000020201;RP11-367F23.1
LBR	LBR
PDE6B	PDE6B
ABCC12	ABCC12
RARRES3	RARRES3
CTD-2195M18.1;LOC255167;OTTHUMG00000161680	CTD-2195M18.1;LOC255167;OTTHUMG00000161680
PTCH2;RNU5E-6P	PTCH2;RNU5E-6P
CCDC42B	CCDC42B
SPRYD7	SPRYD7
C1orf170	C1orf170
IFNA21	IFNA21
C3orf30	C3orf30
OTTHUMG00000015092;RP11-250B2.3	OTTHUMG00000015092;RP11-250B2.3
KRTAP10-7	KRTAP10-7
HIST1H3A;HIST1H3B;HIST1H3C;HIST1H3D;HIST1H3E;HIST1H3F;HIST1H3G;HIST1H3H;HIST1H3I;HIST1H3J	HIST1H3A;HIST1H3B;HIST1H3C;HIST1H3D;HIST1H3E;HIST1H3F;HIST1H3G;HIST1H3H;HIST1H3I;HIST1H3J
DKKL1	DKKL1
AC005808.3;OTTHUMG00000032767	AC005808.3;OTTHUMG00000032767
C12orf50	C12orf50
AC008154.5;OTTHUMG00000155590	AC008154.5;OTTHUMG00000155590
RNA5SP278	RNA5SP278
GNAI2	GNAI2
TNS4	TNS4
OTTHUMG00000161962;RP11-192H6.2	OTTHUMG00000161962;RP11-192H6.2
MIR507	MIR507
ZNF20	ZNF20
OTTHUMG00000022550;RP11-298A8.2	OTTHUMG00000022550;RP11-298A8.2
MYCNOS	MYCNOS
CTB-161K23.1;OTTHUMG00000156056	CTB-161K23.1;OTTHUMG00000156056
OTTHUMG00000013262;RP11-292F9.2	OTTHUMG00000013262;RP11-292F9.2
LINC00240	LINC00240
HM13;PSIMCT-1	HM13;PSIMCT-1
PRKCB	PRKCB
MIR95	MIR95
HK3	HK3
TCF3	TCF3
OTTHUMG00000154966;RP11-175O19.4	OTTHUMG00000154966;RP11-175O19.4
NPAS1	NPAS1
ZNF729	ZNF729
MIR550A3	MIR550A3
AC104389.16;OTTHUMG00000066679	AC104389.16;OTTHUMG00000066679
HIST1H2BN	HIST1H2BN
CTD-2194D22.2;OTTHUMG00000161601	CTD-2194D22.2;OTTHUMG00000161601
OTTHUMG00000067150;RP11-395E19.5	OTTHUMG00000067150;RP11-395E19.5
PCNT	PCNT
LINC00485	LINC00485
PCDH9-AS4	PCDH9-AS4
ASB18	ASB18
RPLP1	RPLP1
GBP7	GBP7
MIR223	MIR223
NTF3	NTF3
KLHDC8A	KLHDC8A
OTTHUMG00000162817;RP11-549J18.1	OTTHUMG00000162817;RP11-549J18.1
MAGEB1;MAGEB4	MAGEB1;MAGEB4
C16orf80	C16orf80
ASIC2	ASIC2
COMP	COMP
OTTHUMG00000039495;RP11-152L7.1	OTTHUMG00000039495;RP11-152L7.1
OTTHUMG00000019015;RP11-56I23.1	OTTHUMG00000019015;RP11-56I23.1
ALDH16A1	ALDH16A1
HLA-DMA	HLA-DMA
LLGL2	LLGL2
LL22NC03-86G7.1;LOC100286925;OTTHUMG00000153510	LL22NC03-86G7.1;LOC100286925;OTTHUMG00000153510
TTC36	TTC36
DTYMK	DTYMK
MIR3200	MIR3200
CSAG1	CSAG1
ASUN	ASUN
IGHV3-16	IGHV3-16
IL13	IL13
RPL22	RPL22
DGKH	DGKH
KRT16P2	KRT16P2
TMEM200A	TMEM200A
YIF1B	YIF1B
RPL13AP17	RPL13AP17
LAP3	LAP3
TTBK2	TTBK2
ZNF346	ZNF346
SLC44A4	SLC44A4
CDK5	CDK5
C11orf80	C11orf80
AC006159.3;AC006159.4;LOC100996266;OTTHUMG00000064097;OTTHUMG00000066048	AC006159.3;AC006159.4;LOC100996266;OTTHUMG00000064097;OTTHUMG00000066048
CCDC106	CCDC106
RNA5SP346	RNA5SP346
OTTHUMG00000158637;RP11-755B10.3	OTTHUMG00000158637;RP11-755B10.3
FAM125B;MVB12B	FAM125B;MVB12B
OTTHUMG00000164263;RP11-1081M5.1	OTTHUMG00000164263;RP11-1081M5.1
SYT10	SYT10
SLC6A6	SLC6A6
HAGH	HAGH
CDC37L1	CDC37L1
FLJ30679	FLJ30679
LINC00687	LINC00687
OTTHUMG00000162467;RP11-229C3.2	OTTHUMG00000162467;RP11-229C3.2
SNAPC1	SNAPC1
RNY3P2	RNY3P2
RNA5SP116	RNA5SP116
OTTHUMG00000163303;RP11-779O18.3	OTTHUMG00000163303;RP11-779O18.3
OTTHUMG00000016045;RP11-503C24.6	OTTHUMG00000016045;RP11-503C24.6
OTTHUMG00000160645;RP11-231C18.1	OTTHUMG00000160645;RP11-231C18.1
OTTHUMG00000019749;RP11-555J4.3	OTTHUMG00000019749;RP11-555J4.3
PKNOX2	PKNOX2
SNX30	SNX30
LOC728084	LOC728084
CEP104	CEP104
GLRA4	GLRA4
ARHGEF9	ARHGEF9
OTTHUMG00000156483;RP11-321E8.3	OTTHUMG00000156483;RP11-321E8.3
OTTHUMG00000164211;RP11-738G5.2	OTTHUMG00000164211;RP11-738G5.2
RNA5SP33	RNA5SP33
ENPP5	ENPP5
LPHN2	LPHN2
DCAF6	DCAF6
RNA5SP47	RNA5SP47
TFAP2A	TFAP2A
BIN2	BIN2
NAGLU	NAGLU
GPRIN2	GPRIN2
CTD-2249K22.1;OTTHUMG00000162555	CTD-2249K22.1;OTTHUMG00000162555
POLR2D	POLR2D
FAHD1	FAHD1
OR7E156P	OR7E156P
NAPG	NAPG
OTTHUMG00000019939;RP11-113O24.3	OTTHUMG00000019939;RP11-113O24.3
AC013727.2;OTTHUMG00000153043	AC013727.2;OTTHUMG00000153043
PPP1R11P1	PPP1R11P1
AC009264.1;LOC349160;OTTHUMG00000155657	AC009264.1;LOC349160;OTTHUMG00000155657
AC006160.8;FAM184B;OTTHUMG00000163753	AC006160.8;FAM184B;OTTHUMG00000163753
MYADM	MYADM
MIR1256	MIR1256
CCNL2	CCNL2
G2E3	G2E3
CDAN1	CDAN1
KIAA0196	KIAA0196
SPIN3	SPIN3
SPINK6	SPINK6
TSACC	TSACC
TMCO6	TMCO6
PDK1	PDK1
MAST4-IT1	MAST4-IT1
SH2B3	SH2B3
LRCH4	LRCH4
MIR4315-1;MIR4315-2;PLEKHM1	MIR4315-1;MIR4315-2;PLEKHM1
ITGB1BP1	ITGB1BP1
BAG1	BAG1
COX11	COX11
H1FOO	H1FOO
GPR15	GPR15
LOC387647;OTTHUMG00000017881;PTCHD3P1;RP11-534G20.3	LOC387647;OTTHUMG00000017881;PTCHD3P1;RP11-534G20.3
SPTA1	SPTA1
AC011752.1;LOC100507562;OTTHUMG00000151793	AC011752.1;LOC100507562;OTTHUMG00000151793
NADK	NADK
C15orf60	C15orf60
THBS1	THBS1
MGEA5	MGEA5
LOC100996613	LOC100996613
AC007463.2;OTTHUMG00000151589	AC007463.2;OTTHUMG00000151589
DDX11;DDX12P	DDX11;DDX12P
AC073115.6;OTTHUMG00000155426	AC073115.6;OTTHUMG00000155426
OTTHUMG00000032833;RP13-379L11.1	OTTHUMG00000032833;RP13-379L11.1
SEC61B	SEC61B
WASH2P	WASH2P
OR52N4	OR52N4
COX5A	COX5A
ZNF66P	ZNF66P
MYO1G	MYO1G
LOC100507584	LOC100507584
SERPINE2	SERPINE2
AKR1CL1	AKR1CL1
ESRRB	ESRRB
RPL27	RPL27
SYT8	SYT8
DAZ1;DAZ4	DAZ1;DAZ4
SPATA31A3	SPATA31A3
GNAS-AS1	GNAS-AS1
TMEM67	TMEM67
RNA5SP102	RNA5SP102
OTX2-AS1	OTX2-AS1
MIR3916	MIR3916
MIR3117	MIR3117
AC004237.1;OTTHUMG00000059736	AC004237.1;OTTHUMG00000059736
WHSC1L1	WHSC1L1
LINC00933	LINC00933
SSH2	SSH2
CTC-248O19.1;OTTHUMG00000163496	CTC-248O19.1;OTTHUMG00000163496
NAT2	NAT2
STXBP4	STXBP4
SERP2	SERP2
ARHGEF19-AS1	ARHGEF19-AS1
TUBA3C;TUBA3D	TUBA3C;TUBA3D
NCAM2	NCAM2
OTTHUMG00000161707;OTTHUMG00000162168;RP11-4O3.1;RP11-685F15.1	OTTHUMG00000161707;OTTHUMG00000162168;RP11-4O3.1;RP11-685F15.1
AC105344.2;LOC348761;OTTHUMG00000154076	AC105344.2;LOC348761;OTTHUMG00000154076
XRCC1	XRCC1
CCL3L1;CCL3L3	CCL3L1;CCL3L3
GPR182	GPR182
FBXL8	FBXL8
AC093171.1;OTTHUMG00000154964	AC093171.1;OTTHUMG00000154964
TMCC2	TMCC2
CRBN	CRBN
DNM1	DNM1
RILP	RILP
C18orf25	C18orf25
PIGB	PIGB
MIR548N;OSBPL6	MIR548N;OSBPL6
GLIPR1L2	GLIPR1L2
SAT2	SAT2
MEFV	MEFV
SLA	SLA
KRT121P	KRT121P
PSMB9	PSMB9
ABCA6	ABCA6
GJA4	GJA4
DENND5B	DENND5B
MIR3922	MIR3922
FAM104A	FAM104A
NTHL1	NTHL1
POM121L12	POM121L12
MS4A14	MS4A14
IL1F10	IL1F10
SELE	SELE
PPP1R1B	PPP1R1B
TACO1	TACO1
VEGFA	VEGFA
AC005592.1;OTTHUMG00000059704	AC005592.1;OTTHUMG00000059704
HIP1	HIP1
AP3M2	AP3M2
GPR133	GPR133
KIAA1161	KIAA1161
RNU6-77	RNU6-77
PIGR	PIGR
OTOG	OTOG
CPA2	CPA2
RHBDD3	RHBDD3
AC073115.7;OTTHUMG00000155428	AC073115.7;OTTHUMG00000155428
GOLGA6A;GOLGA6B;GOLGA6C;GOLGA6D	GOLGA6A;GOLGA6B;GOLGA6C;GOLGA6D
DLG3	DLG3
LINC00342	LINC00342
KLK7	KLK7
VAC14-AS1	VAC14-AS1
CTC-564N23.2;OTTHUMG00000162471	CTC-564N23.2;OTTHUMG00000162471
KIR2DL1	KIR2DL1
NRCAM	NRCAM
COL15A1	COL15A1
SETD4	SETD4
P2RX3	P2RX3
UBE2C	UBE2C
LOC440233	LOC440233
CHMP2A	CHMP2A
ERF	ERF
OTTHUMG00000015555;RP11-73O6.3	OTTHUMG00000015555;RP11-73O6.3
ANKRD42	ANKRD42
OTTHUMG00000163302;RP11-536N17.1	OTTHUMG00000163302;RP11-536N17.1
FLJ11235	FLJ11235
RNA5SP32	RNA5SP32
AMH;MIR4321	AMH;MIR4321
DPRX	DPRX
FAM110D	FAM110D
PASK	PASK
R3HDM4	R3HDM4
CTD-3023L14.3;OTTHUMG00000163671	CTD-3023L14.3;OTTHUMG00000163671
CD300E	CD300E
PFKFB1	PFKFB1
PIGL	PIGL
ANKRD30BP2	ANKRD30BP2
PSRC1	PSRC1
FLCN;PLD6	FLCN;PLD6
GAS7	GAS7
XKR4	XKR4
DOK6	DOK6
ZNF324	ZNF324
RAB2A	RAB2A
SAMD4B	SAMD4B
CTD-2201I18.1;OTTHUMG00000162569	CTD-2201I18.1;OTTHUMG00000162569
NMNAT2	NMNAT2
TIPIN	TIPIN
MEGF10	MEGF10
MPHOSPH8	MPHOSPH8
CCNK	CCNK
VSIG10L	VSIG10L
OPALIN	OPALIN
PRNT	PRNT
HNRNPAB	HNRNPAB
MIR4290	MIR4290
AC004869.3;OTTHUMG00000155472	AC004869.3;OTTHUMG00000155472
RPL13A;RPL13AP5;SNORD32A;SNORD33;SNORD34;SNORD35A	RPL13A;RPL13AP5;SNORD32A;SNORD33;SNORD34;SNORD35A
OTTHUMG00000164759;RP11-381I15.1	OTTHUMG00000164759;RP11-381I15.1
CCDC71L	CCDC71L
RPL36	RPL36
SAMD13	SAMD13
EDC4	EDC4
MAP1B	MAP1B
AC017006.2;OTTHUMG00000151722	AC017006.2;OTTHUMG00000151722
OTTHUMG00000017587;RP11-445P17.3	OTTHUMG00000017587;RP11-445P17.3
RNU2-1;RNU2-2P;WDR74	RNU2-1;RNU2-2P;WDR74
LRR1	LRR1
GNRHR2	GNRHR2
LGR5	LGR5
OTTHUMG00000159735;RP11-483E7.1	OTTHUMG00000159735;RP11-483E7.1
IKZF1	IKZF1
MGC16275	MGC16275
LOC100509205;OTTHUMG00000035173;RP11-46A10.4	LOC100509205;OTTHUMG00000035173;RP11-46A10.4
FAM9A	FAM9A
OTTHUMG00000032811;RP4-813D12.3	OTTHUMG00000032811;RP4-813D12.3
COL3A1;MIR3606	COL3A1;MIR3606
C19orf44	C19orf44
RNA5SP96	RNA5SP96
PROP1	PROP1
C5orf24	C5orf24
OTTHUMG00000165033;RP11-103H7.3	OTTHUMG00000165033;RP11-103H7.3
OTTHUMG00000156119;RP11-310H4.1	OTTHUMG00000156119;RP11-310H4.1
MUC22;OTTHUMG00000149216;XXbac-BPG118E17.9	MUC22;OTTHUMG00000149216;XXbac-BPG118E17.9
AP001065.2;OTTHUMG00000040845	AP001065.2;OTTHUMG00000040845
OTTHUMG00000033140;RP11-320G24.1	OTTHUMG00000033140;RP11-320G24.1
HLA-F-AS1	HLA-F-AS1
PRG3	PRG3
OTTHUMG00000019865;RP11-331F9.3	OTTHUMG00000019865;RP11-331F9.3
HMX1	HMX1
USP20	USP20
AKAP5	AKAP5
LAMB3;MIR4260	LAMB3;MIR4260
SLC25A3	SLC25A3
AC000120.7;KRIT1;OTTHUMG00000155860	AC000120.7;KRIT1;OTTHUMG00000155860
PAQR4	PAQR4
MYL6P1	MYL6P1
SLC4A10	SLC4A10
LOC401242;OTTHUMG00000084882;XXbac-BPG308K3.6	LOC401242;OTTHUMG00000084882;XXbac-BPG308K3.6
LOC401242;OTTHUMG00000148687;XXbac-BPG308K3.6	LOC401242;OTTHUMG00000148687;XXbac-BPG308K3.6
LOC401242;OTTHUMG00000148851;XXbac-BPG308K3.6	LOC401242;OTTHUMG00000148851;XXbac-BPG308K3.6
LOC401242;OTTHUMG00000149130;XXbac-BPG308K3.6	LOC401242;OTTHUMG00000149130;XXbac-BPG308K3.6
LOC401242;OTTHUMG00000004759;XXbac-BPG308K3.6	LOC401242;OTTHUMG00000004759;XXbac-BPG308K3.6
LOC100507261	LOC100507261
ATP7B	ATP7B
PROKR1	PROKR1
MOXD2P	MOXD2P
MIR548AN	MIR548AN
SLC14A1	SLC14A1
AC004869.2;OTTHUMG00000155475	AC004869.2;OTTHUMG00000155475
OTTHUMG00000015962;RP3-428L16.1	OTTHUMG00000015962;RP3-428L16.1
LOC399753	LOC399753
TMEM86B	TMEM86B
CSF3	CSF3
IKBKB	IKBKB
RHOXF1	RHOXF1
OTTHUMG00000162055;RP11-893F2.5	OTTHUMG00000162055;RP11-893F2.5
COX6B2;FAM71E2	COX6B2;FAM71E2
PAGE1	PAGE1
TAF10	TAF10
ARHGAP30	ARHGAP30
PNOC	PNOC
DDX25	DDX25
CTDSP1	CTDSP1
ABCC2	ABCC2
OR10W1	OR10W1
LINC00577	LINC00577
ZNF511	ZNF511
MINPP1	MINPP1
CTD-2331D11.4;OTTHUMG00000162579	CTD-2331D11.4;OTTHUMG00000162579
LOC100507459;OTTHUMG00000031624;RP5-1103G7.4	LOC100507459;OTTHUMG00000031624;RP5-1103G7.4
THSD7B	THSD7B
OTTHUMG00000159096;RP11-280H21.1	OTTHUMG00000159096;RP11-280H21.1
TMEM233	TMEM233
HTR7	HTR7
OTTHUMG00000157039;RP11-395B7.7	OTTHUMG00000157039;RP11-395B7.7
ALDH1A1	ALDH1A1
LCE6A	LCE6A
FBRSL1	FBRSL1
MTHFSD	MTHFSD
TPTEP1	TPTEP1
CD2BP2	CD2BP2
HOPX	HOPX
HLA-B	HLA-B
LINC00849;OTTHUMG00000018350;RP11-9E13.2	LINC00849;OTTHUMG00000018350;RP11-9E13.2
RPH3A	RPH3A
FLJ44313	FLJ44313
OTTHUMG00000015617;RP11-557H15.3	OTTHUMG00000015617;RP11-557H15.3
FLJ40448	FLJ40448
SH3PXD2A	SH3PXD2A
OR52E4	OR52E4
AP000697.6;OTTHUMG00000086642	AP000697.6;OTTHUMG00000086642
DBX2	DBX2
MCM2	MCM2
PLA2G12A	PLA2G12A
INSL3	INSL3
OR10H1	OR10H1
OTTHUMG00000163615;RP11-158A14.1	OTTHUMG00000163615;RP11-158A14.1
GLYCAM1	GLYCAM1
OTTHUMG00000041043;RP11-317P15.3	OTTHUMG00000041043;RP11-317P15.3
TCHHL1	TCHHL1
AC140481.8;OTTHUMG00000154047	AC140481.8;OTTHUMG00000154047
CNTD2	CNTD2
PRDM12	PRDM12
OTTHUMG00000159018;RP11-444P10.1	OTTHUMG00000159018;RP11-444P10.1
ELSPBP1	ELSPBP1
TOX	TOX
MGARP	MGARP
RNF7	RNF7
MEOX1	MEOX1
CTD-2134P3.1;OTTHUMG00000161934	CTD-2134P3.1;OTTHUMG00000161934
RNA5SP407	RNA5SP407
CTD-2031P19.3;FLJ31104;OTTHUMG00000162310	CTD-2031P19.3;FLJ31104;OTTHUMG00000162310
STK19	STK19
STK19	STK19
FLJ22447	FLJ22447
HSPB1	HSPB1
SLC7A14	SLC7A14
STRIP2	STRIP2
NMBR	NMBR
NELF;NSMF	NELF;NSMF
OTTHUMG00000007844;RP1-18D14.7	OTTHUMG00000007844;RP1-18D14.7
OTTHUMG00000160386;RP11-617D20.1	OTTHUMG00000160386;RP11-617D20.1
OTTHUMG00000015806;RP11-244K5.4	OTTHUMG00000015806;RP11-244K5.4
MIR758	MIR758
SLC25A48	SLC25A48
YLPM1	YLPM1
C20orf194	C20orf194
CWC25	CWC25
TRMT10B	TRMT10B
DYNC1LI1	DYNC1LI1
PPP1R3D	PPP1R3D
KIF25	KIF25
LOC441025;OTTHUMG00000161884;RP11-542G1.3	LOC441025;OTTHUMG00000161884;RP11-542G1.3
OTTHUMG00000010753;RP4-714D9.2	OTTHUMG00000010753;RP4-714D9.2
OTTHUMG00000160896;RP11-789C1.2	OTTHUMG00000160896;RP11-789C1.2
NCLN	NCLN
CTD-2587M2.1;OTTHUMG00000162848	CTD-2587M2.1;OTTHUMG00000162848
ARHGEF1	ARHGEF1
NAP1L5	NAP1L5
C8orf17	C8orf17
WFDC6	WFDC6
FAM217B	FAM217B
TADA2B	TADA2B
AC090627.1;OTTHUMG00000132087	AC090627.1;OTTHUMG00000132087
OTTHUMG00000014935;RP1-240B8.3	OTTHUMG00000014935;RP1-240B8.3
SLITRK3	SLITRK3
HMGN1P38	HMGN1P38
CTD-2666L21.1;OTTHUMG00000156425	CTD-2666L21.1;OTTHUMG00000156425
CLEC14A	CLEC14A
LIM2	LIM2
MIR607	MIR607
GCNT7	GCNT7
ODF1	ODF1
HIST1H2BM	HIST1H2BM
GABPB2	GABPB2
MAK;OTTHUMG00000014247;RP3-417M14.2	MAK;OTTHUMG00000014247;RP3-417M14.2
DYRK2	DYRK2
PAK3	PAK3
SLU7	SLU7
OTTHUMG00000162833;RP11-231G15.1	OTTHUMG00000162833;RP11-231G15.1
CYP4F12	CYP4F12
TCF19	TCF19
TCF19	TCF19
SRSF10	SRSF10
TRIM26	TRIM26
USP29	USP29
TMEM59L	TMEM59L
ZNF878	ZNF878
AC005154.6;OTTHUMG00000152788	AC005154.6;OTTHUMG00000152788
RNA5SP384	RNA5SP384
OTTHUMG00000022593;RP1-315J21.1;SPANXN1	OTTHUMG00000022593;RP1-315J21.1;SPANXN1
LRRC58	LRRC58
CCND2	CCND2
DPH3P1	DPH3P1
RAB6A	RAB6A
CT45A2;CT45A3	CT45A2;CT45A3
C8A	C8A
HLA-G	HLA-G
LINC00362	LINC00362
OTTHUMG00000161060;RP11-742B18.1	OTTHUMG00000161060;RP11-742B18.1
MIR4801	MIR4801
LOC100129973	LOC100129973
POU5F1B	POU5F1B
MIR103A2;MIR103B2	MIR103A2;MIR103B2
TYRO3P	TYRO3P
RAD1	RAD1
CSF2RB	CSF2RB
OTTHUMG00000017969;RP11-20F24.2	OTTHUMG00000017969;RP11-20F24.2
OTTHUMG00000163155;RP11-438C19.2	OTTHUMG00000163155;RP11-438C19.2
FCAMR	FCAMR
OTTHUMG00000018505;RP11-46O21.2	OTTHUMG00000018505;RP11-46O21.2
OTTHUMG00000018680;RP11-57C13.4	OTTHUMG00000018680;RP11-57C13.4
GNG3	GNG3
MIR663B	MIR663B
KRBA1	KRBA1
CRB2	CRB2
ANKRD30B	ANKRD30B
BTBD16	BTBD16
GALNT1	GALNT1
ACSM1	ACSM1
CFH	CFH
OTTHUMG00000149585;XXbac-BPG254F23.5	OTTHUMG00000149585;XXbac-BPG254F23.5
DYRK4	DYRK4
TSC22D1	TSC22D1
GCSAM	GCSAM
SPANXD;SPANXE	SPANXD;SPANXE
LYSMD2	LYSMD2
LOC100506999	LOC100506999
FUT11	FUT11
RNY4P11	RNY4P11
LOC101060281;VOPP1	LOC101060281;VOPP1
MTIF2	MTIF2
DNAAF1	DNAAF1
MNT	MNT
LINC00501	LINC00501
FLJ45974;GS1-179L18.1;OTTHUMG00000156039	FLJ45974;GS1-179L18.1;OTTHUMG00000156039
PLCXD1	PLCXD1
LOC100996817;POM121L1P	LOC100996817;POM121L1P
GSN;OTTHUMG00000020587;RP11-477J21.5	GSN;OTTHUMG00000020587;RP11-477J21.5
KRT15	KRT15
FABP2	FABP2
CAMK2N2	CAMK2N2
PPFIA2	PPFIA2
OTTHUMG00000020380;RP11-490D19.6	OTTHUMG00000020380;RP11-490D19.6
AC013269.5;OTTHUMG00000153982	AC013269.5;OTTHUMG00000153982
SAMD5	SAMD5
BARX2	BARX2
OTTHUMG00000011939;RP5-1073O3.2	OTTHUMG00000011939;RP5-1073O3.2
ZFYVE21	ZFYVE21
OTTHUMG00000164546;RP11-697M17.2	OTTHUMG00000164546;RP11-697M17.2
CDK11B	CDK11B
MYH4	MYH4
NUP62	NUP62
PCNA	PCNA
AP3S2;C15orf38-AP3S2	AP3S2;C15orf38-AP3S2
LINC00841	LINC00841
CAMTA1-IT1	CAMTA1-IT1
ABCC1	ABCC1
CASP10	CASP10
LINC00899;OTTHUMG00000150406;RP11-398F12.1	LINC00899;OTTHUMG00000150406;RP11-398F12.1
ITPKC	ITPKC
UTP15	UTP15
RAET1G	RAET1G
APOC1	APOC1
REM1	REM1
ESAM	ESAM
OTTHUMG00000160277;RP13-497K6.1	OTTHUMG00000160277;RP13-497K6.1
LL22NC03-23C6.13;OTTHUMG00000150859	LL22NC03-23C6.13;OTTHUMG00000150859
RNA5SP406	RNA5SP406
RNA5SP35	RNA5SP35
DDX24	DDX24
ACOXL	ACOXL
MACC1-AS1	MACC1-AS1
OTTHUMG00000160092;RP11-689P11.2	OTTHUMG00000160092;RP11-689P11.2
OTTHUMG00000160881;RP11-97E7.2	OTTHUMG00000160881;RP11-97E7.2
CTB-3M24.2;OTTHUMG00000162724	CTB-3M24.2;OTTHUMG00000162724
HOXA6	HOXA6
COX16;SYNJ2BP;SYNJ2BP-COX16	COX16;SYNJ2BP;SYNJ2BP-COX16
C17orf80	C17orf80
UNC119	UNC119
SVEP1	SVEP1
HTT-AS1	HTT-AS1
ABCD3	ABCD3
AC131025.8;MIR143;MIR143HG;MIR145;OTTHUMG00000163505	AC131025.8;MIR143;MIR143HG;MIR145;OTTHUMG00000163505
TNNT2	TNNT2
PLAA	PLAA
F2RL2	F2RL2
PTPRG-AS1	PTPRG-AS1
LOC339166;WSCD1	LOC339166;WSCD1
DPT	DPT
LOC100506926;OTTHUMG00000015128;RP11-132M7.3	LOC100506926;OTTHUMG00000015128;RP11-132M7.3
ALDH3A2	ALDH3A2
C9orf91	C9orf91
LYZL6	LYZL6
LCT	LCT
LOC100507651;OTTHUMG00000164416;RP11-513O17.2	LOC100507651;OTTHUMG00000164416;RP11-513O17.2
BEX1	BEX1
DEFB110	DEFB110
TMEM44	TMEM44
HLA-G	HLA-G
HLA-G	HLA-G
SF3B1	SF3B1
FAM8A1	FAM8A1
ASPN	ASPN
CBWD3;CBWD5;CBWD7;LOC101060578	CBWD3;CBWD5;CBWD7;LOC101060578
PMP22	PMP22
GALNT8;KCNA6	GALNT8;KCNA6
ZEB1-AS1	ZEB1-AS1
SLC16A8	SLC16A8
RPS15	RPS15
MSL2	MSL2
ZNF160	ZNF160
LINC00656	LINC00656
MIR3656;TRAPPC4	MIR3656;TRAPPC4
GJB3	GJB3
CCRN4L	CCRN4L
FREM3	FREM3
RBMS2	RBMS2
PINLYP	PINLYP
MIR4302	MIR4302
OTTHUMG00000156391;RP11-132N15.3	OTTHUMG00000156391;RP11-132N15.3
LRRC1	LRRC1
LGALS7;LGALS7B	LGALS7;LGALS7B
OR13H1	OR13H1
TRIM50	TRIM50
TTC1	TTC1
GPC5-AS2	GPC5-AS2
LDLRAD3	LDLRAD3
TMTC2	TMTC2
ZBTB42	ZBTB42
GABPB1-AS1	GABPB1-AS1
TNR-IT1	TNR-IT1
PCSK7	PCSK7
TMEM248	TMEM248
FBXL20	FBXL20
PUS1	PUS1
EFCAB10	EFCAB10
RBFOX3	RBFOX3
LINC00029	LINC00029
RNA5SP280	RNA5SP280
LOC100129129	LOC100129129
MIR4514	MIR4514
SGK1	SGK1
AC090952.5;OTTHUMG00000155547	AC090952.5;OTTHUMG00000155547
C5orf15	C5orf15
AC004160.4;OTTHUMG00000152344	AC004160.4;OTTHUMG00000152344
PCDH11X	PCDH11X
TNS1	TNS1
AC145676.2;OTTHUMG00000160234	AC145676.2;OTTHUMG00000160234
RAD23A	RAD23A
LLGL1	LLGL1
OTTHUMG00000066734;RP11-95K23.5	OTTHUMG00000066734;RP11-95K23.5
FAM195A	FAM195A
SIRPA	SIRPA
IGLV3-32	IGLV3-32
FOXN2	FOXN2
OTTHUMG00000003685;RP5-893G23.1	OTTHUMG00000003685;RP5-893G23.1
IRF2BP2	IRF2BP2
OTTHUMG00000163011;RP11-395P13.5	OTTHUMG00000163011;RP11-395P13.5
OTTHUMG00000014380;RP3-425P12.2	OTTHUMG00000014380;RP3-425P12.2
FCGBP	FCGBP
LINGO4	LINGO4
RNU6-51	RNU6-51
OTTHUMG00000013955;RP11-353N4.5	OTTHUMG00000013955;RP11-353N4.5
MIR4263	MIR4263
NIPSNAP3A	NIPSNAP3A
CELF4	CELF4
CD70	CD70
MUC22;OTTHUMG00000133710;XXbac-BPG118E17.9	MUC22;OTTHUMG00000133710;XXbac-BPG118E17.9
CKM	CKM
OTTHUMG00000159357;RP11-340E6.1	OTTHUMG00000159357;RP11-340E6.1
GFM2	GFM2
OTTHUMG00000017954;RP11-324I22.2	OTTHUMG00000017954;RP11-324I22.2
SPDEF	SPDEF
ATAD3B	ATAD3B
MYO7B	MYO7B
OTTHUMG00000157083;RP11-13J8.1	OTTHUMG00000157083;RP11-13J8.1
MIR4721;TUFM	MIR4721;TUFM
OR5AC2	OR5AC2
KCTD19	KCTD19
AP001422.3;OTTHUMG00000090768	AP001422.3;OTTHUMG00000090768
NRG1-IT3	NRG1-IT3
ADCK4	ADCK4
OTTHUMG00000018055;RP11-20J15.2	OTTHUMG00000018055;RP11-20J15.2
OTTHUMG00000007814;RP5-1109J22.2	OTTHUMG00000007814;RP5-1109J22.2
IFNA7	IFNA7
ACSM5	ACSM5
HLA-G	HLA-G
RNU5A-4P	RNU5A-4P
RNY1P7	RNY1P7
OTTHUMG00000151104;RP3-370M22.8	OTTHUMG00000151104;RP3-370M22.8
OTTHUMG00000158838;RP11-508O18.1	OTTHUMG00000158838;RP11-508O18.1
RGS8	RGS8
PSMD3	PSMD3
C7orf62	C7orf62
MAST4-AS1	MAST4-AS1
METTL7A	METTL7A
LINC00308	LINC00308
TDRD3	TDRD3
MIR1264	MIR1264
RNA5SP487	RNA5SP487
GMIP	GMIP
RNY4P31	RNY4P31
MIR550A2;MIR550B2	MIR550A2;MIR550B2
C10orf88	C10orf88
HAVCR1	HAVCR1
EGFL7	EGFL7
WBSCR17	WBSCR17
GLMN	GLMN
AC073218.2;OTTHUMG00000152144	AC073218.2;OTTHUMG00000152144
AC116609.3;OTTHUMG00000151376	AC116609.3;OTTHUMG00000151376
OTTHUMG00000019426;RP11-59O6.3	OTTHUMG00000019426;RP11-59O6.3
SPZ1	SPZ1
RAB33B	RAB33B
GNAO1	GNAO1
OTTHUMG00000021356;RP11-87M18.2	OTTHUMG00000021356;RP11-87M18.2
RNF111	RNF111
EMR4P	EMR4P
CCDC102B	CCDC102B
CCT6P3	CCT6P3
OTTHUMG00000156059;RP11-115N4.1	OTTHUMG00000156059;RP11-115N4.1
IGLJ4	IGLJ4
LINC00254;MEIOB	LINC00254;MEIOB
FAM98B	FAM98B
DTNA	DTNA
LINC00507	LINC00507
WIPF1	WIPF1
TWIST2	TWIST2
S100A2	S100A2
OTTHUMG00000164566;RP11-26J3.1	OTTHUMG00000164566;RP11-26J3.1
OR12D3	OR12D3
MIR320D1	MIR320D1
HMGN2P25	HMGN2P25
TMOD1	TMOD1
PRSS55	PRSS55
TFEB	TFEB
AC018705.5;LOC100129427;OTTHUMG00000155976	AC018705.5;LOC100129427;OTTHUMG00000155976
CPB2	CPB2
ARHGDIA	ARHGDIA
KPNA6;LOC100652828;LOC100653335;OTTHUMG00000004332;RP4-622L5.2	KPNA6;LOC100652828;LOC100653335;OTTHUMG00000004332;RP4-622L5.2
OSBPL11	OSBPL11
BABAM1	BABAM1
POLR3B	POLR3B
OTTHUMG00000014749;RP1-261G23.5	OTTHUMG00000014749;RP1-261G23.5
OAZ2	OAZ2
ZNF25;ZNF33A	ZNF25;ZNF33A
HSPA12B	HSPA12B
PPP3CA	PPP3CA
OTTHUMG00000017533;RP11-363N22.2	OTTHUMG00000017533;RP11-363N22.2
PLA2G4D	PLA2G4D
CPNE1;RBM12	CPNE1;RBM12
CCDC117	CCDC117
HSD3B7	HSD3B7
BATF	BATF
BACE2	BACE2
PLEKHH1	PLEKHH1
WDR88	WDR88
DNTTIP1	DNTTIP1
TBCC	TBCC
LIPN	LIPN
SLC16A6	SLC16A6
GRIK1-AS1	GRIK1-AS1
UBE4A	UBE4A
THNSL2	THNSL2
LOC84931	LOC84931
KIAA1217	KIAA1217
FAM66D	FAM66D
HMGB2	HMGB2
RNY4P7	RNY4P7
RNF5;RNF5P1	RNF5;RNF5P1
OTTHUMG00000163751;RP11-459E5.1	OTTHUMG00000163751;RP11-459E5.1
WDFY4	WDFY4
CALM1;CALM2;CALM3	CALM1;CALM2;CALM3
PTPMT1	PTPMT1
TRBV7-4	TRBV7-4
DPM1	DPM1
CERS6-AS1	CERS6-AS1
ANAPC4	ANAPC4
LOC647264	LOC647264
CATSPER1	CATSPER1
ZDHHC3	ZDHHC3
AC140481.2;LOC646743;OTTHUMG00000153992;TISP43	AC140481.2;LOC646743;OTTHUMG00000153992;TISP43
CASP1	CASP1
CCDC27	CCDC27
CLRN3	CLRN3
SURF6	SURF6
KIF2A	KIF2A
OTTHUMG00000020115;RP11-158D2.2	OTTHUMG00000020115;RP11-158D2.2
MAGEA2;MAGEA2B	MAGEA2;MAGEA2B
SEMA4D	SEMA4D
LOC128322;NUTF2	LOC128322;NUTF2
SLC52A2	SLC52A2
UBE2E2	UBE2E2
SCP2D1	SCP2D1
SSX4;SSX4B	SSX4;SSX4B
MIR181A1HG;OTTHUMG00000035888;RP11-31E23.1	MIR181A1HG;OTTHUMG00000035888;RP11-31E23.1
AARSD1;PTGES3L;PTGES3L-AARSD1	AARSD1;PTGES3L;PTGES3L-AARSD1
AC068535.4;OTTHUMG00000153051	AC068535.4;OTTHUMG00000153051
RNA5SP417	RNA5SP417
CTB-49A3.5;OTTHUMG00000162728	CTB-49A3.5;OTTHUMG00000162728
ELL3	ELL3
PPP2R5B	PPP2R5B
LSM12	LSM12
SSX9	SSX9
DNAJC3	DNAJC3
TBC1D12	TBC1D12
TMC3	TMC3
MIR4519	MIR4519
C7orf61	C7orf61
AC005281.2;OTTHUMG00000152384	AC005281.2;OTTHUMG00000152384
CBX8	CBX8
WTAP	WTAP
RPS6KB1	RPS6KB1
RNASE11;RNASE12	RNASE11;RNASE12
CAPN2	CAPN2
CCDC173	CCDC173
CTSS	CTSS
EMC6	EMC6
ZC3H14	ZC3H14
MTRNR2L5	MTRNR2L5
CTD-2090I13.1;OTTHUMG00000037611	CTD-2090I13.1;OTTHUMG00000037611
CCDC169-SOHLH2;SOHLH2	CCDC169-SOHLH2;SOHLH2
AC108056.1;OTTHUMG00000059447	AC108056.1;OTTHUMG00000059447
ANKRD26P3;OTTHUMG00000016478;RP11-408E5.5	ANKRD26P3;OTTHUMG00000016478;RP11-408E5.5
ITGAL	ITGAL
LOC100128909;OTTHUMG00000020204;RP11-305L7.3	LOC100128909;OTTHUMG00000020204;RP11-305L7.3
CHP1	CHP1
COX6B1	COX6B1
TTTY18	TTTY18
GTPBP3	GTPBP3
LOC730101	LOC730101
AC106900.6;OTTHUMG00000154132	AC106900.6;OTTHUMG00000154132
MIR548H3	MIR548H3
EGFR	EGFR
DEFB105A;DEFB105B	DEFB105A;DEFB105B
ASCC2	ASCC2
FKBP6	FKBP6
SMG7-AS1	SMG7-AS1
HIST1H3A;HIST1H3B;HIST1H3C;HIST1H3D;HIST1H3E;HIST1H3F;HIST1H3G;HIST1H3H;HIST1H3I;HIST1H3J	HIST1H3A;HIST1H3B;HIST1H3C;HIST1H3D;HIST1H3E;HIST1H3F;HIST1H3G;HIST1H3H;HIST1H3I;HIST1H3J
OTTHUMG00000162230;RP11-8L21.1	OTTHUMG00000162230;RP11-8L21.1
OR4F16;OR4F29;OR4F3	OR4F16;OR4F29;OR4F3
OR5F1	OR5F1
AP001092.4;OTTHUMG00000133666	AP001092.4;OTTHUMG00000133666
LRRC8B	LRRC8B
ZNF609	ZNF609
GRIA4	GRIA4
MAD1L1	MAD1L1
ALPI	ALPI
THADA	THADA
OTTHUMG00000162355;RP11-83M16.5	OTTHUMG00000162355;RP11-83M16.5
RNA5SP309	RNA5SP309
RBM11	RBM11
DOC2GP	DOC2GP
DNAH9	DNAH9
LOC642846	LOC642846
LRFN5	LRFN5
CCDC102A	CCDC102A
HSPBAP1	HSPBAP1
AC108051.3;OTTHUMG00000153099	AC108051.3;OTTHUMG00000153099
OTTHUMG00000164676;RP11-706C16.8	OTTHUMG00000164676;RP11-706C16.8
GPR124	GPR124
OTTHUMG00000134283;RP5-1112F19.2	OTTHUMG00000134283;RP5-1112F19.2
FAM103A1	FAM103A1
LOC100996291	LOC100996291
LOC439994;OTTHUMG00000018673;RP11-322M19.2	LOC439994;OTTHUMG00000018673;RP11-322M19.2
CPNE9	CPNE9
RN7SKP8	RN7SKP8
LOC100129345	LOC100129345
CUBN	CUBN
MRVI1	MRVI1
ASXL1	ASXL1
PDK2	PDK2
GEMIN8P4	GEMIN8P4
BPTF	BPTF
NDUFC1	NDUFC1
AC073130.1;OTTHUMG00000066051	AC073130.1;OTTHUMG00000066051
CTB-43E15.4;OTTHUMG00000163337	CTB-43E15.4;OTTHUMG00000163337
MMP20	MMP20
DCTN2	DCTN2
LL22NC01-116C6.1;OTTHUMG00000058268	LL22NC01-116C6.1;OTTHUMG00000058268
LINC00643	LINC00643
ITGB1	ITGB1
SPANXA1;SPANXA2	SPANXA1;SPANXA2
CNIH3	CNIH3
EFHC1	EFHC1
C1orf86;OTTHUMG00000001405;OTTHUMG00000001406;RP11-181G12.4;RP11-181G12.5	C1orf86;OTTHUMG00000001405;OTTHUMG00000001406;RP11-181G12.4;RP11-181G12.5
DHX57	DHX57
KLHL23;PHOSPHO2-KLHL23	KLHL23;PHOSPHO2-KLHL23
VPS13C	VPS13C
TUBGCP3	TUBGCP3
ABCA17P	ABCA17P
LINC00301	LINC00301
FAM87A	FAM87A
DFNB31	DFNB31
PLEKHB2	PLEKHB2
MLLT10P1	MLLT10P1
SLC6A1	SLC6A1
OTTHUMG00000016695;RP11-37E23.5	OTTHUMG00000016695;RP11-37E23.5
MEP1A	MEP1A
COMMD5	COMMD5
MIR30D	MIR30D
CTC-505O3.3;OTTHUMG00000163234	CTC-505O3.3;OTTHUMG00000163234
NCBP1	NCBP1
HEATR6	HEATR6
FAM27E3	FAM27E3
ZNF99	ZNF99
REC8	REC8
KCNH3	KCNH3
OTTHUMG00000014960;RP11-69I22.3	OTTHUMG00000014960;RP11-69I22.3
FAM91A1	FAM91A1
MAP3K2	MAP3K2
GRIK4	GRIK4
NRBP1	NRBP1
C11orf44	C11orf44
TRIM10	TRIM10
LOC100130673	LOC100130673
RNA5SP491	RNA5SP491
OTTHUMG00000163709;PRAGMIN;SGK223	OTTHUMG00000163709;PRAGMIN;SGK223
CASP3	CASP3
KIR2DS2	KIR2DS2
RRAGB	RRAGB
NAP1L2	NAP1L2
EHMT2	EHMT2
LOC100509646;PRY;PRY2;PRYP4	LOC100509646;PRY;PRY2;PRYP4
OTTHUMG00000018194;RP11-123B3.2	OTTHUMG00000018194;RP11-123B3.2
ADAM32	ADAM32
OTTHUMG00000164491;RP11-313C15.1	OTTHUMG00000164491;RP11-313C15.1
SIK3-IT1	SIK3-IT1
BTBD1	BTBD1
DDX60L	DDX60L
OTTHUMG00000017698;RP11-214D15.2	OTTHUMG00000017698;RP11-214D15.2
TTC9C	TTC9C
NDUFS6	NDUFS6
ZC4H2	ZC4H2
GDAP2	GDAP2
INHBB	INHBB
OTTHUMG00000160691;RP11-84A1.3	OTTHUMG00000160691;RP11-84A1.3
SRSF4	SRSF4
CCDC37	CCDC37
NPDC1	NPDC1
RPL41	RPL41
VTA1	VTA1
B4GALT5	B4GALT5
URM1	URM1
MUC22;OTTHUMG00000133724;XXbac-BPG118E17.9	MUC22;OTTHUMG00000133724;XXbac-BPG118E17.9
SATL1	SATL1
ZBTB20	ZBTB20
RNA5-8SP2	RNA5-8SP2
OTTHUMG00000040861;RP1-35C21.1	OTTHUMG00000040861;RP1-35C21.1
MIR548A3	MIR548A3
PGGT1B	PGGT1B
FASTKD5;UBOX5	FASTKD5;UBOX5
HIST1H1B	HIST1H1B
TAF9B	TAF9B
MIR1255B2	MIR1255B2
SNX20	SNX20
LOC399715	LOC399715
TSPY1	TSPY1
OTTHUMG00000018830;RP11-35J23.5;TLL2	OTTHUMG00000018830;RP11-35J23.5;TLL2
MCCD1	MCCD1
MCCD1	MCCD1
MCCD1	MCCD1
GOLGA8M	GOLGA8M
ASCL1	ASCL1
LOC100505761	LOC100505761
NBPF4	NBPF4
FOXN3-AS2	FOXN3-AS2
CEND1	CEND1
ZCCHC10	ZCCHC10
SIDT2	SIDT2
OTTHUMG00000159191;RP11-654C22.2	OTTHUMG00000159191;RP11-654C22.2
LOC646626;OTTHUMG00000010579;RP11-131L23.1	LOC646626;OTTHUMG00000010579;RP11-131L23.1
OR9Q1	OR9Q1
OTTHUMG00000034564;RP11-306I1.2	OTTHUMG00000034564;RP11-306I1.2
HHEX	HHEX
OTTHUMG00000164595;RP11-1149M10.2	OTTHUMG00000164595;RP11-1149M10.2
FCF1	FCF1
HAO2-IT1	HAO2-IT1
OR9K2	OR9K2
ASPH	ASPH
P2RY12	P2RY12
SNX16	SNX16
METAP1D	METAP1D
SCN3B	SCN3B
FAM211B	FAM211B
C14orf182	C14orf182
OTTHUMG00000040015;RP11-278H7.3	OTTHUMG00000040015;RP11-278H7.3
FAM27E1;FAM27E3	FAM27E1;FAM27E3
SHFM1	SHFM1
TRAV13-2	TRAV13-2
CTD-2015A6.2;OTTHUMG00000162768	CTD-2015A6.2;OTTHUMG00000162768
MIR587	MIR587
PLCD1	PLCD1
RLIM	RLIM
CD97	CD97
PTGER4P2-CDK2AP2P2	PTGER4P2-CDK2AP2P2
OTTHUMG00000159203;RP11-147N17.1	OTTHUMG00000159203;RP11-147N17.1
DUOX2	DUOX2
AC079154.1;OTTHUMG00000153351	AC079154.1;OTTHUMG00000153351
CWC15	CWC15
HIST1H1D	HIST1H1D
PUS3	PUS3
LOC401242;OTTHUMG00000085279;XXbac-BPG308K3.6	LOC401242;OTTHUMG00000085279;XXbac-BPG308K3.6
KAT2B	KAT2B
OTTHUMG00000008402;RP11-145M4.2	OTTHUMG00000008402;RP11-145M4.2
LOC100132146;TDGF1	LOC100132146;TDGF1
CUX1	CUX1
CALML3-AS1	CALML3-AS1
PYGM	PYGM
DLGAP4	DLGAP4
MAPK4	MAPK4
C1orf167;LOC100506310	C1orf167;LOC100506310
KIAA0226;MIR922	KIAA0226;MIR922
MCL1	MCL1
FAM157B	FAM157B
SLC17A1	SLC17A1
AC012487.2;FLJ38668;OTTHUMG00000153224	AC012487.2;FLJ38668;OTTHUMG00000153224
RNU6-71P	RNU6-71P
EEF2K;LOC101060570	EEF2K;LOC101060570
NKD1	NKD1
OTTHUMG00000031809;RP5-1022P6.5	OTTHUMG00000031809;RP5-1022P6.5
FILIP1L	FILIP1L
DPM3	DPM3
KLRG2	KLRG2
FSCN2	FSCN2
TIMM9	TIMM9
WASIR2	WASIR2
SLC17A2	SLC17A2
RGS7BP	RGS7BP
KDM5B-AS1;PCAT6	KDM5B-AS1;PCAT6
KCND3	KCND3
KIAA0226L	KIAA0226L
MNS1	MNS1
UCHL1	UCHL1
OTTHUMG00000157216;RP11-45I20.1	OTTHUMG00000157216;RP11-45I20.1
SNORD114-28	SNORD114-28
OTTHUMG00000014261;RP3-413H6.2	OTTHUMG00000014261;RP3-413H6.2
IGHV3-23	IGHV3-23
ALPK2	ALPK2
FBXL6	FBXL6
CRABP2	CRABP2
KCNQ3	KCNQ3
STRAP	STRAP
LOC392364	LOC392364
HN1	HN1
GPR64	GPR64
AC012668.1;OTTHUMG00000154836	AC012668.1;OTTHUMG00000154836
HIST1H2BD	HIST1H2BD
DEFB107A;DEFB107B	DEFB107A;DEFB107B
ABCB5	ABCB5
TCEA1	TCEA1
MCF2L	MCF2L
SIN3B	SIN3B
OR12D3	OR12D3
IKBKE	IKBKE
TBC1D1	TBC1D1
CCDC85C	CCDC85C
NOL3	NOL3
OTTHUMG00000160354;RP11-79E3.3	OTTHUMG00000160354;RP11-79E3.3
SOCS2-AS1	SOCS2-AS1
E2F1	E2F1
ASTN1	ASTN1
TRPT1	TRPT1
PRG2	PRG2
ARIH2OS	ARIH2OS
THEG5	THEG5
C2orf78	C2orf78
RHOT1	RHOT1
CRYBG3	CRYBG3
AC079807.2;LOC100506235;OTTHUMG00000151834	AC079807.2;LOC100506235;OTTHUMG00000151834
CHRNA5	CHRNA5
DNASE2	DNASE2
AKIP1	AKIP1
TSPEAR-AS1	TSPEAR-AS1
MRGPRX2	MRGPRX2
SNORA14A	SNORA14A
CHMP2B	CHMP2B
HEPH	HEPH
MIR891A	MIR891A
OTTHUMG00000022377;RP4-537K23.4	OTTHUMG00000022377;RP4-537K23.4
TXN	TXN
C9orf41	C9orf41
OTTHUMG00000033016;RP13-152O15.5;TCEA2	OTTHUMG00000033016;RP13-152O15.5;TCEA2
HCG14	HCG14
HCG14	HCG14
HCG14	HCG14
RNU6-82P	RNU6-82P
GGN	GGN
BCL2	BCL2
AC013733.3;OTTHUMG00000154314	AC013733.3;OTTHUMG00000154314
LOC101060714;LOC101060729;SLX1A;SLX1A-SULT1A3;SLX1B;SLX1B-SULT1A4;SULT1A3;SULT1A4	LOC101060714;LOC101060729;SLX1A;SLX1A-SULT1A3;SLX1B;SLX1B-SULT1A4;SULT1A3;SULT1A4
APOA4	APOA4
ZNF564	ZNF564
TIFAB	TIFAB
INF2	INF2
ALG14;OTTHUMG00000010782;RP4-639F20.3	ALG14;OTTHUMG00000010782;RP4-639F20.3
EIF5A2	EIF5A2
OTTHUMG00000019589;RP11-183I6.2	OTTHUMG00000019589;RP11-183I6.2
RNA5SP179	RNA5SP179
LINC00677	LINC00677
MIR4532	MIR4532
ULK4P3	ULK4P3
TTTY5	TTTY5
MIR3609	MIR3609
SWT1	SWT1
C10orf40	C10orf40
DKFZP434I0714;MIR4453;OTTHUMG00000161466;RP11-555K12.3	DKFZP434I0714;MIR4453;OTTHUMG00000161466;RP11-555K12.3
LINC-ROR	LINC-ROR
OTTHUMG00000019035;RP11-549L6.3	OTTHUMG00000019035;RP11-549L6.3
GRID2IP	GRID2IP
SLC4A1AP	SLC4A1AP
GRWD1	GRWD1
OTTHUMG00000161058;RP11-529H2.1	OTTHUMG00000161058;RP11-529H2.1
OTTHUMG00000160167;RP11-1244E8.1;UVSSA	OTTHUMG00000160167;RP11-1244E8.1;UVSSA
SMEK1	SMEK1
RDH5	RDH5
RSRC2	RSRC2
CD3D	CD3D
OTTHUMG00000015621;RP1-287H17.1	OTTHUMG00000015621;RP1-287H17.1
AC092614.2;OTTHUMG00000154306	AC092614.2;OTTHUMG00000154306
CLDN20	CLDN20
C2orf47	C2orf47
OTTHUMG00000017369;RP11-144L2.1	OTTHUMG00000017369;RP11-144L2.1
NF1P2	NF1P2
CACNA1S	CACNA1S
SNORA54	SNORA54
PTGR1	PTGR1
HEMGN	HEMGN
CYP26C1	CYP26C1
AF127936.7;OTTHUMG00000074322	AF127936.7;OTTHUMG00000074322
TIGD5	TIGD5
OTTHUMG00000067148;RP11-395E19.7	OTTHUMG00000067148;RP11-395E19.7
LOC729444;OTTHUMG00000150594;XXbac-B33L19.3	LOC729444;OTTHUMG00000150594;XXbac-B33L19.3
GPC5-AS1	GPC5-AS1
HIST2H2AA3;HIST2H2AA4	HIST2H2AA3;HIST2H2AA4
ZBTB10	ZBTB10
RNA5SP436	RNA5SP436
MAPT-IT1	MAPT-IT1
ST3GAL5	ST3GAL5
OTOP1	OTOP1
CTD-2283N19.1;OTTHUMG00000163560	CTD-2283N19.1;OTTHUMG00000163560
OTTHUMG00000161522;RP11-285C1.2	OTTHUMG00000161522;RP11-285C1.2
OR2W3;TRIM58	OR2W3;TRIM58
GGT6	GGT6
DPPA3P1	DPPA3P1
TNFSF13B	TNFSF13B
FBXL5	FBXL5
ALDH1L1-AS1	ALDH1L1-AS1
SMEK2	SMEK2
LOC100379224	LOC100379224
OTTHUMG00000017952;RP11-297A16.2	OTTHUMG00000017952;RP11-297A16.2
SNORD116-18	SNORD116-18
PAPSS1	PAPSS1
XAGE1A;XAGE1B;XAGE1C;XAGE1D;XAGE1E	XAGE1A;XAGE1B;XAGE1C;XAGE1D;XAGE1E
ANKRD55	ANKRD55
C16orf71	C16orf71
MIR3689A;MIR3689E	MIR3689A;MIR3689E
LINC00707	LINC00707
MITD1	MITD1
OTTHUMG00000018534;RP11-443A13.5	OTTHUMG00000018534;RP11-443A13.5
LINC00615	LINC00615
HDX	HDX
ZNF705A;ZNF705E	ZNF705A;ZNF705E
LOC100270679;OTTHUMG00000032036;RP11-125P18.1	LOC100270679;OTTHUMG00000032036;RP11-125P18.1
OTTHUMG00000160118;RP11-343D2.11	OTTHUMG00000160118;RP11-343D2.11
OTTHUMG00000164870;RP11-1136L8.1	OTTHUMG00000164870;RP11-1136L8.1
PCDH11X;PCDH11Y	PCDH11X;PCDH11Y
AC107622.1;OTTHUMG00000155533	AC107622.1;OTTHUMG00000155533
IGSF22	IGSF22
GNAQ	GNAQ
KATNA1	KATNA1
SNTG2	SNTG2
CTD-2192J16.11;OTTHUMG00000156402	CTD-2192J16.11;OTTHUMG00000156402
TPK1	TPK1
SLC15A3	SLC15A3
KRT40	KRT40
CD164	CD164
MIR3193	MIR3193
TSGA10	TSGA10
CSF2RA	CSF2RA
LCN12	LCN12
MIR513B	MIR513B
LOC729506;OTTHUMG00000161709;OTTHUMG00000161712;RP11-480D4.1;RP11-480D4.2	LOC729506;OTTHUMG00000161709;OTTHUMG00000161712;RP11-480D4.1;RP11-480D4.2
MIR320D2	MIR320D2
CCL28	CCL28
IL3	IL3
OTTHUMG00000035527;RP11-445J9.1	OTTHUMG00000035527;RP11-445J9.1
KLK13	KLK13
TMEM53	TMEM53
FCN2	FCN2
C8orf40;SMIM19	C8orf40;SMIM19
OTTHUMG00000020547;RP11-445L6.3	OTTHUMG00000020547;RP11-445L6.3
APBB2	APBB2
RNA5SP361	RNA5SP361
OTTHUMG00000020648;RP11-121A14.2	OTTHUMG00000020648;RP11-121A14.2
MAGIX	MAGIX
LINC00894;OTTHUMG00000022638;RP13-507I23.1	LINC00894;OTTHUMG00000022638;RP13-507I23.1
CECR7	CECR7
HTT	HTT
OTTHUMG00000162336;RP11-141O11.2	OTTHUMG00000162336;RP11-141O11.2
SLC35D1	SLC35D1
GPBP1L1	GPBP1L1
CSTB	CSTB
CMTM5	CMTM5
C14orf105	C14orf105
ESM1	ESM1
AC007740.1;OTTHUMG00000153947	AC007740.1;OTTHUMG00000153947
OTTHUMG00000150003;RP1-90G24.8	OTTHUMG00000150003;RP1-90G24.8
OTTHUMG00000004127;RP11-415J8.5	OTTHUMG00000004127;RP11-415J8.5
OR5P3	OR5P3
PAFAH1B3	PAFAH1B3
RMND5A	RMND5A
SSX8	SSX8
KIAA0895L	KIAA0895L
SORBS2	SORBS2
RAD50	RAD50
HLA-F	HLA-F
MTRNR2L6	MTRNR2L6
SMYD4	SMYD4
OTTHUMG00000046310;RP5-973N23.4	OTTHUMG00000046310;RP5-973N23.4
MFAP3	MFAP3
EIF3C;EIF3CL	EIF3C;EIF3CL
LOC729305	LOC729305
COL6A5	COL6A5
BCORP1	BCORP1
MKL2	MKL2
AF121898.3;OTTHUMG00000163764	AF121898.3;OTTHUMG00000163764
OTTHUMG00000163580;RP11-281O15.3	OTTHUMG00000163580;RP11-281O15.3
RAB27B	RAB27B
RIOK2	RIOK2
AOX2P	AOX2P
AC007682.1;OTTHUMG00000144189	AC007682.1;OTTHUMG00000144189
LINC00111	LINC00111
TNIK	TNIK
KHDRBS3	KHDRBS3
RBMY1A1;RBMY1B;RBMY1D	RBMY1A1;RBMY1B;RBMY1D
ELL	ELL
CT45A5	CT45A5
CHIT1	CHIT1
CALML5	CALML5
CD8B;LOC100996919	CD8B;LOC100996919
ACTA1	ACTA1
HMGB4	HMGB4
AREG;AREGB	AREG;AREGB
NWD1	NWD1
RFC1	RFC1
DNAJB9	DNAJB9
ZFYVE16	ZFYVE16
OTTHUMG00000018941;RP11-190J1.3	OTTHUMG00000018941;RP11-190J1.3
ZNF274	ZNF274
TCEAL3	TCEAL3
SH3YL1	SH3YL1
AGPAT2	AGPAT2
OTTHUMG00000011643;RP5-1160K1.3	OTTHUMG00000011643;RP5-1160K1.3
MIR4417	MIR4417
POLG	POLG
LINC00152;LOC541471	LINC00152;LOC541471
TTTY2	TTTY2
C17orf62	C17orf62
OTTHUMG00000018056;RP11-20J15.3	OTTHUMG00000018056;RP11-20J15.3
ABCD2	ABCD2
TMEM202	TMEM202
RGSL1	RGSL1
ERVW-1	ERVW-1
LOC100506351;OTTHUMG00000164007;RP11-68L18.1	LOC100506351;OTTHUMG00000164007;RP11-68L18.1
SLPI	SLPI
OTTHUMG00000003649;RP11-442N24__B.1	OTTHUMG00000003649;RP11-442N24__B.1
MIR342	MIR342
RNA5SP169	RNA5SP169
LOC100507464;OTTHUMG00000164210;RP11-738G5.1	LOC100507464;OTTHUMG00000164210;RP11-738G5.1
AC011754.1;AC096753.1;CTNNA2;OTTHUMG00000152925;OTTHUMG00000152958	AC011754.1;AC096753.1;CTNNA2;OTTHUMG00000152925;OTTHUMG00000152958
PAGE5	PAGE5
ST13P19	ST13P19
CYB5D2	CYB5D2
SEC14L4	SEC14L4
LINC00920	LINC00920
NUP54	NUP54
AC107072.2;OTTHUMG00000130102	AC107072.2;OTTHUMG00000130102
GNB3	GNB3
FGFR1OP	FGFR1OP
LINC00441	LINC00441
SMYD1	SMYD1
AC067945.2;OTTHUMG00000154509	AC067945.2;OTTHUMG00000154509
CACNA1C-IT3	CACNA1C-IT3
CBL	CBL
CTD-2014D20.1;OTTHUMG00000164255	CTD-2014D20.1;OTTHUMG00000164255
OTTHUMG00000160663;RP11-319E12.1	OTTHUMG00000160663;RP11-319E12.1
LINC00487	LINC00487
AQP11	AQP11
ATIC	ATIC
RNA5SP41	RNA5SP41
RNA5SP333;SAA2	RNA5SP333;SAA2
FCRL1	FCRL1
AC124944.3;OTTHUMG00000155825	AC124944.3;OTTHUMG00000155825
APOC2;APOC4	APOC2;APOC4
HCP5	HCP5
EML2	EML2
EIF3M	EIF3M
ZNF506	ZNF506
DACT2	DACT2
GLYR1	GLYR1
KLC2	KLC2
TCF19	TCF19
CBY3	CBY3
OTTHUMG00000158224;RP11-4B14.3	OTTHUMG00000158224;RP11-4B14.3
MIR488	MIR488
AC063976.6;OTTHUMG00000074115;P4HA2	AC063976.6;OTTHUMG00000074115;P4HA2
SMC1B	SMC1B
OTTHUMG00000021163;RP1-122K4.3	OTTHUMG00000021163;RP1-122K4.3
OTTHUMG00000008933;RP4-784A16.3	OTTHUMG00000008933;RP4-784A16.3
CT45A2;CT45A4;CT45A6	CT45A2;CT45A4;CT45A6
AC109829.1;OTTHUMG00000151939	AC109829.1;OTTHUMG00000151939
RNY4P5	RNY4P5
RERG-AS1	RERG-AS1
HAP1	HAP1
C4orf19	C4orf19
SST	SST
CELF5	CELF5
CTD-2091N23.1;LOC100505822;OTTHUMG00000162674	CTD-2091N23.1;LOC100505822;OTTHUMG00000162674
ADH6	ADH6
DAQB-335A13.8;HLA-F-AS1;OTTHUMG00000148889	DAQB-335A13.8;HLA-F-AS1;OTTHUMG00000148889
DAQB-335A13.8;HLA-F-AS1;OTTHUMG00000149169	DAQB-335A13.8;HLA-F-AS1;OTTHUMG00000149169
DAQB-335A13.8;HLA-F-AS1;OTTHUMG00000004786	DAQB-335A13.8;HLA-F-AS1;OTTHUMG00000004786
OTTHUMG00000015742;RP1-91J24.3	OTTHUMG00000015742;RP1-91J24.3
C16orf47	C16orf47
LIN52	LIN52
SYT11	SYT11
OTTHUMG00000001769;RP11-431K24.3	OTTHUMG00000001769;RP11-431K24.3
FRS3	FRS3
CRIM1	CRIM1
NRDE2	NRDE2
TUT1	TUT1
PPFIA1	PPFIA1
SNORD51	SNORD51
KIR2DS3;KIR2DS5	KIR2DS3;KIR2DS5
ATP8B1	ATP8B1
OR2J2	OR2J2
MED1	MED1
MIR128-1	MIR128-1
AC104654.2;OTTHUMG00000152505	AC104654.2;OTTHUMG00000152505
MARCH5	MARCH5
MIR4330	MIR4330
ANKRD63	ANKRD63
OTTHUMG00000040699;RP11-763B22.4	OTTHUMG00000040699;RP11-763B22.4
PIK3CG	PIK3CG
LOC644172	LOC644172
NPBWR1	NPBWR1
LAMC3	LAMC3
AEN	AEN
ATP6V1A	ATP6V1A
GPR153	GPR153
C7orf73	C7orf73
C12orf77	C12orf77
SPEF2	SPEF2
CALCOCO1	CALCOCO1
AL022341.3;OTTHUMG00000048041	AL022341.3;OTTHUMG00000048041
OTTHUMG00000018179;RP11-563N6.6	OTTHUMG00000018179;RP11-563N6.6
TBX19	TBX19
NMUR1	NMUR1
TMEM63B	TMEM63B
CTA-342B11.2;OTTHUMG00000150005	CTA-342B11.2;OTTHUMG00000150005
CGN	CGN
MN1	MN1
MAGEL2	MAGEL2
OTTHUMG00000000481;RP11-329N22.1	OTTHUMG00000000481;RP11-329N22.1
GPRC5A;MIR614	GPRC5A;MIR614
OTTHUMG00000003569;RP11-467D18.2	OTTHUMG00000003569;RP11-467D18.2
MSH4	MSH4
EPS8L3	EPS8L3
TIMM17A	TIMM17A
PSMA4	PSMA4
SPDYE1;SPDYE5	SPDYE1;SPDYE5
LRRC27	LRRC27
TTTY1;TTTY1B	TTTY1;TTTY1B
SIRPB2	SIRPB2
MATN4	MATN4
OTTHUMG00000163706;RP11-806O11.1	OTTHUMG00000163706;RP11-806O11.1
JMY	JMY
OTOS	OTOS
NANS	NANS
BAT2;OTTHUMG00000031450;PRRC2A	BAT2;OTTHUMG00000031450;PRRC2A
BAT2;OTTHUMG00000004895;PRRC2A	BAT2;OTTHUMG00000004895;PRRC2A
BAT2;OTTHUMG00000065679;PRRC2A	BAT2;OTTHUMG00000065679;PRRC2A
SREBF2	SREBF2
CTA-392C11.2;OTTHUMG00000164048	CTA-392C11.2;OTTHUMG00000164048
KCNB2	KCNB2
PHB2	PHB2
SSU72	SSU72
ISCA1P1	ISCA1P1
LILRA3	LILRA3
NDUFAF3	NDUFAF3
FAU	FAU
PRKAR1B	PRKAR1B
CRYBG3	CRYBG3
ADI1	ADI1
OTTHUMG00000160141;RP11-68L1.1	OTTHUMG00000160141;RP11-68L1.1
AVPR1A	AVPR1A
OTTHUMG00000162871;RP11-492A10.1	OTTHUMG00000162871;RP11-492A10.1
OTTHUMG00000163190;RP11-91H12.2	OTTHUMG00000163190;RP11-91H12.2
FARP1;FARP1-IT1	FARP1;FARP1-IT1
MUC22	MUC22
METTL4	METTL4
RNF112	RNF112
OTTHUMG00000165031;RP11-103H7.1	OTTHUMG00000165031;RP11-103H7.1
VPS26B	VPS26B
CEACAM18	CEACAM18
IFT27	IFT27
AGAP11	AGAP11
MRPL47	MRPL47
OTTHUMG00000018479;RP11-574K11.5	OTTHUMG00000018479;RP11-574K11.5
REV3L	REV3L
LOC100505588;OTTHUMG00000020644;RP11-85O21.2	LOC100505588;OTTHUMG00000020644;RP11-85O21.2
NCF2	NCF2
MIR4522	MIR4522
ANKRD22	ANKRD22
PAR1	PAR1
OR5D18	OR5D18
LOC100129917;OTTHUMG00000160004;RP11-440L14.1	LOC100129917;OTTHUMG00000160004;RP11-440L14.1
AC114808.2;OTTHUMG00000151387	AC114808.2;OTTHUMG00000151387
MGC10955	MGC10955
LPA	LPA
ZNF574	ZNF574
CTC-338M12.3;LOC100507602;OTTHUMG00000163002	CTC-338M12.3;LOC100507602;OTTHUMG00000163002
YKT6	YKT6
LRRC24	LRRC24
PSMD14	PSMD14
CD80	CD80
MAP6D1	MAP6D1
OTTHUMG00000017052;RP11-501G6.1	OTTHUMG00000017052;RP11-501G6.1
KCTD6	KCTD6
PLSCR3	PLSCR3
SPHKAP	SPHKAP
MIR3147	MIR3147
TDRKH	TDRKH
THUMPD3	THUMPD3
PIGP	PIGP
TIMP3	TIMP3
OTTHUMG00000158995;RP11-331K15.1	OTTHUMG00000158995;RP11-331K15.1
LOC100996671	LOC100996671
HOXC13	HOXC13
OTTHUMG00000161213;RP11-614F17.2	OTTHUMG00000161213;RP11-614F17.2
CTA-796E4.3;OTTHUMG00000151344	CTA-796E4.3;OTTHUMG00000151344
CLN8	CLN8
MIR3196	MIR3196
CRNDE	CRNDE
EIF4A3	EIF4A3
STK19	STK19
ADCYAP1R1	ADCYAP1R1
MAGED4;MAGED4B;SNORA11D	MAGED4;MAGED4B;SNORA11D
SNORD12C	SNORD12C
EGFLAM-AS1	EGFLAM-AS1
CTD-2024P10.1;OTTHUMG00000162022	CTD-2024P10.1;OTTHUMG00000162022
GABRG1	GABRG1
LOC100129307;LOC100131107;LOC729159	LOC100129307;LOC100131107;LOC729159
HSD17B6	HSD17B6
ILF3-AS1	ILF3-AS1
OTTHUMG00000158749;RP11-550I24.2	OTTHUMG00000158749;RP11-550I24.2
AQP8	AQP8
AC018737.1;LOC254128;OTTHUMG00000153332	AC018737.1;LOC254128;OTTHUMG00000153332
REG1A	REG1A
AC125421.1;LOC400620;OTTHUMG00000132223	AC125421.1;LOC400620;OTTHUMG00000132223
LLPH;LOC100506562	LLPH;LOC100506562
AC007563.3;OTTHUMG00000155311	AC007563.3;OTTHUMG00000155311
AC020595.1;OTTHUMG00000154211	AC020595.1;OTTHUMG00000154211
C4orf17	C4orf17
OTTHUMG00000017608;RP11-536K7.5	OTTHUMG00000017608;RP11-536K7.5
FKSG29	FKSG29
LINC00969;SDHAP2	LINC00969;SDHAP2
PGA5	PGA5
PRMT10	PRMT10
OTTHUMG00000151003;RP3-508I15.14	OTTHUMG00000151003;RP3-508I15.14
SMARCD3	SMARCD3
ZNF311	ZNF311
CASKIN2	CASKIN2
DCN	DCN
NFKB2	NFKB2
PCDH19	PCDH19
SLC44A4	SLC44A4
SLC44A4	SLC44A4
LINC00881;OTTHUMG00000158712;RP11-6F2.6	LINC00881;OTTHUMG00000158712;RP11-6F2.6
LOC442028	LOC442028
AC147651.3;FLJ44511;OTTHUMG00000151410	AC147651.3;FLJ44511;OTTHUMG00000151410
AC016683.5;OTTHUMG00000153342	AC016683.5;OTTHUMG00000153342
MIR4520B	MIR4520B
VASN	VASN
OTTHUMG00000014269;RP11-125M16.1	OTTHUMG00000014269;RP11-125M16.1
TMEM240	TMEM240
OTTHUMG00000015889;RP1-137K2.2	OTTHUMG00000015889;RP1-137K2.2
ATAT1	ATAT1
ATAT1	ATAT1
ATAT1	ATAT1
VAMP5	VAMP5
OTTHUMG00000162289;RP11-158J3.2	OTTHUMG00000162289;RP11-158J3.2
SOX12	SOX12
MIR1231	MIR1231
RNA5SP165	RNA5SP165
NLRC4	NLRC4
HGFAC	HGFAC
MAN1C1	MAN1C1
TTTY3;TTTY3B	TTTY3;TTTY3B
TTTY3;TTTY3B	TTTY3;TTTY3B
KIF5A	KIF5A
OTTHUMG00000031831;RP11-199O14.1	OTTHUMG00000031831;RP11-199O14.1
KRT74	KRT74
FIGNL2	FIGNL2
MRPL38	MRPL38
OTTHUMG00000084883;XXbac-BPG308K3.5	OTTHUMG00000084883;XXbac-BPG308K3.5
OTTHUMG00000148688;XXbac-BPG308K3.5	OTTHUMG00000148688;XXbac-BPG308K3.5
OTTHUMG00000085278;XXbac-BPG308K3.5	OTTHUMG00000085278;XXbac-BPG308K3.5
OTTHUMG00000148852;XXbac-BPG308K3.5	OTTHUMG00000148852;XXbac-BPG308K3.5
OTTHUMG00000149131;XXbac-BPG308K3.5	OTTHUMG00000149131;XXbac-BPG308K3.5
OTTHUMG00000149387;XXbac-BPG308K3.5	OTTHUMG00000149387;XXbac-BPG308K3.5
OTTHUMG00000004760;XXbac-BPG308K3.5	OTTHUMG00000004760;XXbac-BPG308K3.5
OTTHUMG00000085910;XXbac-BPG308K3.5	OTTHUMG00000085910;XXbac-BPG308K3.5
PIF1	PIF1
RNA5SP125	RNA5SP125
OTTHUMG00000039487;RP11-295G20.2	OTTHUMG00000039487;RP11-295G20.2
CHFR	CHFR
TMEM150B	TMEM150B
TDRD5	TDRD5
UXT	UXT
CCNL1	CCNL1
LOC727896	LOC727896
STH	STH
FAM84B	FAM84B
OTTHUMG00000017336;RP11-259F4.1	OTTHUMG00000017336;RP11-259F4.1
RNY4P13	RNY4P13
MAMDC4	MAMDC4
HLA-DMA	HLA-DMA
HLA-DMA	HLA-DMA
HLA-DMA	HLA-DMA
HLA-DMA	HLA-DMA
HLA-DMA	HLA-DMA
FAM71F2	FAM71F2
AC005022.1;OTTHUMG00000155115	AC005022.1;OTTHUMG00000155115
OTTHUMG00000164414;RP11-17A4.4	OTTHUMG00000164414;RP11-17A4.4
NNMT	NNMT
LINC00928	LINC00928
OTTHUMG00000160808;RP11-10K16.1	OTTHUMG00000160808;RP11-10K16.1
OTTHUMG00000017650;RP11-428L9.1	OTTHUMG00000017650;RP11-428L9.1
AC092295.4;OTTHUMG00000048149;ZNF529	AC092295.4;OTTHUMG00000048149;ZNF529
BRD3	BRD3
ZNFX1	ZNFX1
C19orf77	C19orf77
AP000770.1;OTTHUMG00000045138	AP000770.1;OTTHUMG00000045138
SULT2B1	SULT2B1
HELT	HELT
AC018890.6;OTTHUMG00000154592	AC018890.6;OTTHUMG00000154592
RNF217	RNF217
OTTHUMG00000004843;XXbac-BPG27H4.8	OTTHUMG00000004843;XXbac-BPG27H4.8
OTTHUMG00000074727;WI2-3308P17.2	OTTHUMG00000074727;WI2-3308P17.2
OR12D3	OR12D3
SBF1P1	SBF1P1
LOC284080;OTTHUMG00000161891;RP11-1094H24.4	LOC284080;OTTHUMG00000161891;RP11-1094H24.4
OTTHUMG00000017139;RP11-501G7.1	OTTHUMG00000017139;RP11-501G7.1
RBP2	RBP2
SLC44A4	SLC44A4
LOC390660	LOC390660
PGA4;PGA5	PGA4;PGA5
IFNG-AS1	IFNG-AS1
AC013268.5;LOC440894;OTTHUMG00000154954	AC013268.5;LOC440894;OTTHUMG00000154954
AC015987.1;OTTHUMG00000155616	AC015987.1;OTTHUMG00000155616
AC104134.2;OTTHUMG00000155047	AC104134.2;OTTHUMG00000155047
KBTBD2	KBTBD2
TEX36	TEX36
THY1	THY1
MIR4465	MIR4465
C22orf46	C22orf46
PPIH	PPIH
RTP2	RTP2
UNC5D	UNC5D
FADS1;MIR1908	FADS1;MIR1908
MYCBP2-AS1	MYCBP2-AS1
BX255923.3;LOC440896;OTTHUMG00000058674;OTTHUMG00000066918;RP11-58A12.2	BX255923.3;LOC440896;OTTHUMG00000058674;OTTHUMG00000066918;RP11-58A12.2
CTRC	CTRC
PTGFRN	PTGFRN
LMTK2	LMTK2
OTTHUMG00000155986;RP11-513G11.3	OTTHUMG00000155986;RP11-513G11.3
OTTHUMG00000020937;RP11-251M1.1	OTTHUMG00000020937;RP11-251M1.1
OTTHUMG00000150934;RP1-272J12.1	OTTHUMG00000150934;RP1-272J12.1
MIR4294	MIR4294
RAP1GAP	RAP1GAP
ZNF551	ZNF551
GUCY1B3	GUCY1B3
OTTHUMG00000161908;RP11-706F1.1	OTTHUMG00000161908;RP11-706F1.1
COX4I2	COX4I2
AC084018.1;LOC338799;OTTHUMG00000128905	AC084018.1;LOC338799;OTTHUMG00000128905
LINC00261	LINC00261
AP4M1	AP4M1
DPH1;OVCA2	DPH1;OVCA2
CAPNS1	CAPNS1
EXPH5	EXPH5
ZNF236	ZNF236
LOC100505918;OTTHUMG00000034644;RP5-968D22.1	LOC100505918;OTTHUMG00000034644;RP5-968D22.1
KCNMA1	KCNMA1
OTTHUMG00000003794;RP11-266K22.2	OTTHUMG00000003794;RP11-266K22.2
OPTN	OPTN
LDLR	LDLR
MIR3684	MIR3684
DMWD	DMWD
SIGLEC12	SIGLEC12
FGFR1OP2	FGFR1OP2
GRM7-AS3	GRM7-AS3
INE2	INE2
FEN1	FEN1
ZBBX	ZBBX
AP004372.1;OTTHUMG00000150050	AP004372.1;OTTHUMG00000150050
MOG	MOG
MOG	MOG
F8A1;F8A2;F8A3	F8A1;F8A2;F8A3
TCF24	TCF24
C17orf76-AS1;SNORD49A;SNORD49B;SNORD65	C17orf76-AS1;SNORD49A;SNORD49B;SNORD65
ORAI2	ORAI2
AC005592.2;OTTHUMG00000133693	AC005592.2;OTTHUMG00000133693
LOC100506544;OTTHUMG00000150943;RP4-756G23.5	LOC100506544;OTTHUMG00000150943;RP4-756G23.5
GDNF	GDNF
POSTN	POSTN
FBF1	FBF1
CCT8	CCT8
CBX3P2	CBX3P2
DBF4	DBF4
UVRAG	UVRAG
AC017048.1;OTTHUMG00000154142	AC017048.1;OTTHUMG00000154142
FAM19A2	FAM19A2
PNLDC1	PNLDC1
KIAA1407	KIAA1407
CARD18	CARD18
GPR89C	GPR89C
CYB5B	CYB5B
SNHG8	SNHG8
FLJ41200	FLJ41200
LOC100996643	LOC100996643
OR12D3	OR12D3
NDFIP2	NDFIP2
TMEM86A	TMEM86A
OR1A2	OR1A2
HSPA9	HSPA9
CERS1;GDF1	CERS1;GDF1
ARD1B;NAA11;OTTHUMG00000160913	ARD1B;NAA11;OTTHUMG00000160913
ZNF860	ZNF860
ZCRB1	ZCRB1
LEFTY1	LEFTY1
OR6B3	OR6B3
OTTHUMG00000018077;RP11-445N18.5	OTTHUMG00000018077;RP11-445N18.5
RNA5SP210	RNA5SP210
OTTHUMG00000021679;RP11-445O16.3	OTTHUMG00000021679;RP11-445O16.3
AP001468.58;OTTHUMG00000156278	AP001468.58;OTTHUMG00000156278
ZNF41	ZNF41
GPR162	GPR162
LOC283922	LOC283922
CSF2RA	CSF2RA
MDH1B	MDH1B
CDC5L	CDC5L
HLA-F	HLA-F
HLA-F	HLA-F
HLA-F	HLA-F
OTTHUMG00000163461;RP11-423H2.5	OTTHUMG00000163461;RP11-423H2.5
ISG20L2	ISG20L2
LOC100130705;OTTHUMG00000158367;RP11-309L24.4	LOC100130705;OTTHUMG00000158367;RP11-309L24.4
GPR135	GPR135
COX6A1P2	COX6A1P2
TMED8	TMED8
CTC-229L21.1;OTTHUMG00000163130	CTC-229L21.1;OTTHUMG00000163130
PTGR2	PTGR2
OTTHUMG00000041230;RP11-95P13.1	OTTHUMG00000041230;RP11-95P13.1
PCDHB1	PCDHB1
SLC34A2	SLC34A2
NCK2	NCK2
SLC22A8	SLC22A8
LOC729080	LOC729080
DKFZp779M0652	DKFZp779M0652
MIR3671	MIR3671
CCDC85B	CCDC85B
BTNL2	BTNL2
ITLN2	ITLN2
LINC00087	LINC00087
PPIE	PPIE
PACS2	PACS2
OR2J2	OR2J2
SPAG7	SPAG7
FAM90A12P	FAM90A12P
KCTD17	KCTD17
C21orf91-OT1	C21orf91-OT1
CAMSAP1	CAMSAP1
ATAT1	ATAT1
ATAT1	ATAT1
ATAT1	ATAT1
MPP6	MPP6
OTTHUMG00000018736;RP11-236B18.2	OTTHUMG00000018736;RP11-236B18.2
FAM201A	FAM201A
RMI1	RMI1
LYPLAL1	LYPLAL1
LCE1A	LCE1A
LOC100130872;SPON2	LOC100130872;SPON2
C20orf26	C20orf26
C4orf22	C4orf22
ZNF579	ZNF579
THAP1	THAP1
PLIN5	PLIN5
CYP2W1	CYP2W1
GIMAP1;GIMAP1-GIMAP5;GIMAP5	GIMAP1;GIMAP1-GIMAP5;GIMAP5
BTRC	BTRC
DNASE1L1	DNASE1L1
MIXL1	MIXL1
ATAT1	ATAT1
TAGLN2	TAGLN2
SGSH	SGSH
OTTHUMG00000008348;RP11-420K8.1	OTTHUMG00000008348;RP11-420K8.1
OTTHUMG00000160039;RP11-227H4.5	OTTHUMG00000160039;RP11-227H4.5
DUT	DUT
HBP1	HBP1
MIR4690	MIR4690
IL10	IL10
KLF7-IT1	KLF7-IT1
DLAT	DLAT
LANCL1	LANCL1
C19orf26	C19orf26
CHRM3-AS2	CHRM3-AS2
TRIM10	TRIM10
TRIM10	TRIM10
TRIM10	TRIM10
C1S	C1S
HSD17B11	HSD17B11
DNAJC27	DNAJC27
SH3KBP1	SH3KBP1
C1orf122	C1orf122
PRSS54	PRSS54
AZI1	AZI1
HLA-DQA2	HLA-DQA2
HCG23	HCG23
HCG23	HCG23
AC051649.12;LSP1;OTTHUMG00000066644	AC051649.12;LSP1;OTTHUMG00000066644
PRDM6	PRDM6
OR1E1	OR1E1
GDF3	GDF3
CCR1	CCR1
JMJD1C	JMJD1C
KIAA0391	KIAA0391
TIMM23;TIMM23B	TIMM23;TIMM23B
DNM3	DNM3
HIST1H3A;HIST1H3B;HIST1H3C;HIST1H3D;HIST1H3E;HIST1H3F;HIST1H3G;HIST1H3H;HIST1H3I;HIST1H3J	HIST1H3A;HIST1H3B;HIST1H3C;HIST1H3D;HIST1H3E;HIST1H3F;HIST1H3G;HIST1H3H;HIST1H3I;HIST1H3J
DMRT2	DMRT2
IGHV3-49	IGHV3-49
HEPACAM;HEPN1	HEPACAM;HEPN1
C1QTNF6	C1QTNF6
CTC-546K23.1;OTTHUMG00000162941	CTC-546K23.1;OTTHUMG00000162941
P2RX2	P2RX2
DLD	DLD
CRIP1P4	CRIP1P4
RSL24D1P11	RSL24D1P11
TCF19	TCF19
TCF19	TCF19
LOC494141	LOC494141
SULT1A1	SULT1A1
KIF1A	KIF1A
OTTHUMG00000016489;RP11-385E5.5	OTTHUMG00000016489;RP11-385E5.5
AC008063.2;OTTHUMG00000153863	AC008063.2;OTTHUMG00000153863
OTUD6B	OTUD6B
TRAF3IP1	TRAF3IP1
MIR3185	MIR3185
SPATA5L1	SPATA5L1
CTA-714B7.5;OTTHUMG00000150957	CTA-714B7.5;OTTHUMG00000150957
AC114730.5;OTTHUMG00000151472	AC114730.5;OTTHUMG00000151472
LOC147646	LOC147646
RSPH4A	RSPH4A
TUBBP1	TUBBP1
HLA-DMA	HLA-DMA
FRAS1	FRAS1
MIR323A	MIR323A
PSPN	PSPN
AP001042.1;OTTHUMG00000086700	AP001042.1;OTTHUMG00000086700
TRIM74	TRIM74
DPY30	DPY30
OTTHUMG00000020776;OTTHUMG00000020777;RP11-344B5.3;RP11-344B5.4	OTTHUMG00000020776;OTTHUMG00000020777;RP11-344B5.3;RP11-344B5.4
MIR4270	MIR4270
SCP2	SCP2
MIR450A1	MIR450A1
NR3C2	NR3C2
SDC1	SDC1
MARCH7	MARCH7
OTTHUMG00000041348;RP11-153F1.1	OTTHUMG00000041348;RP11-153F1.1
OR2H2	OR2H2
OR2H2	OR2H2
MIR219-2;MIR2964A	MIR219-2;MIR2964A
OTTHUMG00000007424;RP1-92O14.3	OTTHUMG00000007424;RP1-92O14.3
LOC100288123	LOC100288123
OTTHUMG00000007522;RP5-994D16.3	OTTHUMG00000007522;RP5-994D16.3
MIR4696	MIR4696
GPR82	GPR82
REPIN1	REPIN1
AC016910.1;OTTHUMG00000153875	AC016910.1;OTTHUMG00000153875
COPS4	COPS4
OTTHUMG00000037934;RP11-239E10.2	OTTHUMG00000037934;RP11-239E10.2
DYSF	DYSF
ARFIP1	ARFIP1
IFRD2	IFRD2
EDNRB	EDNRB
ADNP	ADNP
SLC17A8	SLC17A8
DOPEY2	DOPEY2
BTD	BTD
AC016751.3;OTTHUMG00000154113	AC016751.3;OTTHUMG00000154113
ULK3	ULK3
USP13	USP13
RNF216-IT1	RNF216-IT1
CHRFAM7A;CHRNA7	CHRFAM7A;CHRNA7
TMEM158	TMEM158
CT47B1	CT47B1
SNORD9	SNORD9
PCDH1	PCDH1
CSNK1G2	CSNK1G2
OTTHUMG00000161726;RP11-73G16.2	OTTHUMG00000161726;RP11-73G16.2
TRABD	TRABD
SYT4	SYT4
AC114730.7;OTTHUMG00000151479	AC114730.7;OTTHUMG00000151479
KRT16P3	KRT16P3
OTTHUMG00000034988;RP11-195C7.1	OTTHUMG00000034988;RP11-195C7.1
TMEM106A	TMEM106A
HS6ST2-AS1	HS6ST2-AS1
OTTHUMG00000164295;RP11-318K15.2	OTTHUMG00000164295;RP11-318K15.2
UBE2L3	UBE2L3
OTTHUMG00000164198;RP11-770E5.1	OTTHUMG00000164198;RP11-770E5.1
CTSE	CTSE
MIR320B1	MIR320B1
WFDC2	WFDC2
LRRC39	LRRC39
ZNF518B	ZNF518B
OTTHUMG00000032029;RP5-984P4.4	OTTHUMG00000032029;RP5-984P4.4
PLA2G4F	PLA2G4F
MRPL9;OTTHUMG00000045374;RP11-98D18.3	MRPL9;OTTHUMG00000045374;RP11-98D18.3
MIR520C	MIR520C
ADNP2	ADNP2
OTTHUMG00000032593;RP3-461P17.10	OTTHUMG00000032593;RP3-461P17.10
AC108462.1;OTTHUMG00000151388	AC108462.1;OTTHUMG00000151388
ANKFY1	ANKFY1
OTTHUMG00000163595;RP11-443C10.1	OTTHUMG00000163595;RP11-443C10.1
ADORA2A-AS1	ADORA2A-AS1
FAM208B	FAM208B
LOC146481	LOC146481
H2AFY2	H2AFY2
FAM194A	FAM194A
OTTHUMG00000149968;XXbac-B476C20.9	OTTHUMG00000149968;XXbac-B476C20.9
MIR138-2	MIR138-2
AC010105.1;OTTHUMG00000152956	AC010105.1;OTTHUMG00000152956
TRBV30	TRBV30
LOC388780;OTTHUMG00000031689;RP11-128M1.1	LOC388780;OTTHUMG00000031689;RP11-128M1.1
DYNLT3	DYNLT3
PLA2G7	PLA2G7
RUSC2	RUSC2
CKLF	CKLF
TBC1D23	TBC1D23
KRTAP10-1	KRTAP10-1
C5orf64	C5orf64
CLEC3A	CLEC3A
HLA-DMA	HLA-DMA
MIR4456	MIR4456
NPHS1	NPHS1
OTTHUMG00000153447;RP11-439E19.8	OTTHUMG00000153447;RP11-439E19.8
NTN3	NTN3
RNA5SP277	RNA5SP277
OTTHUMG00000016811;RP11-366O17.3	OTTHUMG00000016811;RP11-366O17.3
SUZ12	SUZ12
FICD	FICD
ALDH1L1	ALDH1L1
RFX3	RFX3
C2CD5	C2CD5
OTTHUMG00000008097;RP4-533D7.4	OTTHUMG00000008097;RP4-533D7.4
IL6	IL6
LOC100507472;PCSK6	LOC100507472;PCSK6
ZBED4	ZBED4
ZNF668	ZNF668
MAN1B1-AS1	MAN1B1-AS1
CARD17	CARD17
OTTHUMG00000037767;RP11-452F19.3	OTTHUMG00000037767;RP11-452F19.3
CTBP2	CTBP2
EMC4	EMC4
MIR4252	MIR4252
RABGAP1L-IT1	RABGAP1L-IT1
GABPB1	GABPB1
MVK	MVK
ZWILCH	ZWILCH
POU4F3;RBM27	POU4F3;RBM27
HMHA1	HMHA1
NEIL2	NEIL2
LINC00853;PDZK1IP1-AS1	LINC00853;PDZK1IP1-AS1
GNN	GNN
OTTHUMG00000157649;RP11-775D22.3	OTTHUMG00000157649;RP11-775D22.3
LRRC52	LRRC52
XAGE1A;XAGE1B;XAGE1C;XAGE1D;XAGE1E	XAGE1A;XAGE1B;XAGE1C;XAGE1D;XAGE1E
OTTHUMG00000019695;RP11-370B11.3	OTTHUMG00000019695;RP11-370B11.3
ARPP19	ARPP19
CEACAM19	CEACAM19
DUSP16	DUSP16
OTTHUMG00000156378;RP11-340I6.3	OTTHUMG00000156378;RP11-340I6.3
PLEKHA4	PLEKHA4
OTTHUMG00000014542;RP11-513I15.6	OTTHUMG00000014542;RP11-513I15.6
TMEM74B	TMEM74B
TCEB1P3	TCEB1P3
OTTHUMG00000164266;RP11-546K22.1	OTTHUMG00000164266;RP11-546K22.1
HIST1H2AI	HIST1H2AI
METAP2	METAP2
MAST4	MAST4
H3F3A;H3F3B;MIR4738	H3F3A;H3F3B;MIR4738
TSC22D1-AS1	TSC22D1-AS1
CHMP1B	CHMP1B
LOC100128988	LOC100128988
GPATCH8	GPATCH8
AC007038.7;OTTHUMG00000154698	AC007038.7;OTTHUMG00000154698
FOXB1	FOXB1
RPS6KA1	RPS6KA1
WDFY3-AS2	WDFY3-AS2
RABEP1	RABEP1
NKX2-1	NKX2-1
OTTHUMG00000160263;RP1-27K12.4	OTTHUMG00000160263;RP1-27K12.4
AC007390.5;LOC100505876;OTTHUMG00000152162	AC007390.5;LOC100505876;OTTHUMG00000152162
AGXT	AGXT
PPP3R1	PPP3R1
LOC100653042;NPEPPS	LOC100653042;NPEPPS
PTPRQ	PTPRQ
SERPINA13P	SERPINA13P
OTTHUMG00000009524;RP11-5P18.5	OTTHUMG00000009524;RP11-5P18.5
BTNL9	BTNL9
AC011747.3;OTTHUMG00000151623	AC011747.3;OTTHUMG00000151623
LOC100505824;LOC100506011;OTTHUMG00000043431;XXyac-YX155B6.5	LOC100505824;LOC100506011;OTTHUMG00000043431;XXyac-YX155B6.5
ATP6V1G2-DDX39B;BAT1;DDX39B;OTTHUMG00000148789	ATP6V1G2-DDX39B;BAT1;DDX39B;OTTHUMG00000148789
OTTHUMG00000019530;RP11-390F4.3	OTTHUMG00000019530;RP11-390F4.3
ATP7A	ATP7A
NR2C2AP	NR2C2AP
GTF2H5;OTTHUMG00000015906;RP11-120J8.2	GTF2H5;OTTHUMG00000015906;RP11-120J8.2
CCT6A	CCT6A
OTTHUMG00000013241;RP11-374M1.2	OTTHUMG00000013241;RP11-374M1.2
RNY1P3	RNY1P3
TMEM56	TMEM56
OTTHUMG00000163927;RP11-597M17.1	OTTHUMG00000163927;RP11-597M17.1
RPS5	RPS5
OTTHUMG00000157098;RP11-560I19.1	OTTHUMG00000157098;RP11-560I19.1
NIPAL3	NIPAL3
DAZ2;DAZ3;DAZ4	DAZ2;DAZ3;DAZ4
LINC00200	LINC00200
PDCD1LG2	PDCD1LG2
IGHV3-72	IGHV3-72
OTTHUMG00000163150;RP11-313L6.2	OTTHUMG00000163150;RP11-313L6.2
CDCP2	CDCP2
CTC-369A16.3;OTTHUMG00000163248	CTC-369A16.3;OTTHUMG00000163248
RBP3	RBP3
SERPINC1	SERPINC1
MIR4295	MIR4295
SH3RF2	SH3RF2
CREG2	CREG2
EMR2	EMR2
ADAMTS16	ADAMTS16
OTTHUMG00000018994;RP11-416N2.3	OTTHUMG00000018994;RP11-416N2.3
SNX29P1	SNX29P1
MIR4482-1	MIR4482-1
MIR3074	MIR3074
CTD-2066L21.3;OTTHUMG00000162006	CTD-2066L21.3;OTTHUMG00000162006
SBNO1	SBNO1
OTTHUMG00000161598;RP11-22A3.2	OTTHUMG00000161598;RP11-22A3.2
OTTHUMG00000017025;RP11-394A14.2	OTTHUMG00000017025;RP11-394A14.2
OTTHUMG00000007703;RP11-184I16.4	OTTHUMG00000007703;RP11-184I16.4
AC091177.1;OTTHUMG00000132799	AC091177.1;OTTHUMG00000132799
CAPZA1	CAPZA1
OTTHUMG00000161791;RP11-19O2.1	OTTHUMG00000161791;RP11-19O2.1
C17orf49;RNASEK;RNASEK-C17orf49	C17orf49;RNASEK;RNASEK-C17orf49
MIR3610;RAD21	MIR3610;RAD21
C4BPA	C4BPA
C19orf67	C19orf67
STK36	STK36
RNASEL	RNASEL
MAMLD1	MAMLD1
TRADD	TRADD
RPL7A;SNORD24;SNORD36A;SNORD36B;SNORD36C	RPL7A;SNORD24;SNORD36A;SNORD36B;SNORD36C
OGFOD2	OGFOD2
AC018866.1;OTTHUMG00000154317	AC018866.1;OTTHUMG00000154317
OTTHUMG00000035786;RP11-168O16.2	OTTHUMG00000035786;RP11-168O16.2
SRRM2	SRRM2
OTTHUMG00000002076;RP1-69M21.2	OTTHUMG00000002076;RP1-69M21.2
C19orf53	C19orf53
GPC5-IT1	GPC5-IT1
SSX4;SSX4B	SSX4;SSX4B
CTD-3118D11.2;OTTHUMG00000163648	CTD-3118D11.2;OTTHUMG00000163648
OR7C1	OR7C1
WASH5P	WASH5P
HIGD1B	HIGD1B
POTEB;POTEB2	POTEB;POTEB2
PTGDS	PTGDS
LOC643733	LOC643733
MSH6	MSH6
SLC16A1	SLC16A1
BRD9	BRD9
MARCH4	MARCH4
HLA-DQA2	HLA-DQA2
OTTHUMG00000160132;RP11-665G4.1	OTTHUMG00000160132;RP11-665G4.1
SERPINA3	SERPINA3
OTTHUMG00000157073;RP11-359D14.3	OTTHUMG00000157073;RP11-359D14.3
FSBP;OTTHUMG00000164425;RAD54B;RP11-267M23.1	FSBP;OTTHUMG00000164425;RAD54B;RP11-267M23.1
MFAP5	MFAP5
OTTHUMG00000031850;RP5-1119D9.4	OTTHUMG00000031850;RP5-1119D9.4
RPS15A	RPS15A
TSG101	TSG101
OTTHUMG00000016053;RP3-495K2.3	OTTHUMG00000016053;RP3-495K2.3
ZNF77	ZNF77
UGGT2-IT1	UGGT2-IT1
MIR4296	MIR4296
C17orf107	C17orf107
SLC7A6OS	SLC7A6OS
EPC1	EPC1
LIPT2	LIPT2
SAMD9	SAMD9
RUNX1-IT1	RUNX1-IT1
CCBL1	CCBL1
SNORD114-21	SNORD114-21
OTTHUMG00000020999;RP11-885N19.6	OTTHUMG00000020999;RP11-885N19.6
PLGLB1;PLGLB2	PLGLB1;PLGLB2
OTTHUMG00000164320;RP11-513H8.1	OTTHUMG00000164320;RP11-513H8.1
C9orf72	C9orf72
LHFP	LHFP
COMMD3	COMMD3
ZUFSP	ZUFSP
RASSF3	RASSF3
FLI1-AS1	FLI1-AS1
DAD1	DAD1
STAP1	STAP1
AC005772.2;OTTHUMG00000059072	AC005772.2;OTTHUMG00000059072
TRAK1	TRAK1
MTHFD1	MTHFD1
C19orf80	C19orf80
PIP4K2A	PIP4K2A
SAMD14	SAMD14
CILP	CILP
EIF2AK3	EIF2AK3
AGAP1-IT1	AGAP1-IT1
CXCL6	CXCL6
KRT18P55	KRT18P55
MIR4476	MIR4476
CTB-51J22.1;OTTHUMG00000157272	CTB-51J22.1;OTTHUMG00000157272
AC092580.4;OTTHUMG00000151591	AC092580.4;OTTHUMG00000151591
TSEN54	TSEN54
C20orf173	C20orf173
AC012594.1;OTTHUMG00000154003	AC012594.1;OTTHUMG00000154003
CTC-347C20.1;OTTHUMG00000163316	CTC-347C20.1;OTTHUMG00000163316
RPS14	RPS14
TSC22D3	TSC22D3
LRRC38	LRRC38
GIMAP8	GIMAP8
SLC35G3;SLC35G5	SLC35G3;SLC35G5
LOC101060424;LOC653786	LOC101060424;LOC653786
HCG23	HCG23
HCG23	HCG23
HCG23	HCG23
LL0XNC01-237H1.3;OTTHUMG00000022086	LL0XNC01-237H1.3;OTTHUMG00000022086
LINC00413	LINC00413
AC019330.1;OTTHUMG00000154467	AC019330.1;OTTHUMG00000154467
MIR193B	MIR193B
SLC35F3	SLC35F3
AC073479.1;LOC150622;LOC400940;OTTHUMG00000151462	AC073479.1;LOC150622;LOC400940;OTTHUMG00000151462
RNF5;RNF5P1	RNF5;RNF5P1
RNF5;RNF5P1	RNF5;RNF5P1
RNF5;RNF5P1	RNF5;RNF5P1
RNF5;RNF5P1	RNF5;RNF5P1
RNF5;RNF5P1	RNF5;RNF5P1
PNPLA8	PNPLA8
SOX4	SOX4
SLC25A13	SLC25A13
OR7D2	OR7D2
CTC-430J12.2;OTTHUMG00000163124	CTC-430J12.2;OTTHUMG00000163124
FDX1L;ZGLP1	FDX1L;ZGLP1
CLPTM1	CLPTM1
ASNS	ASNS
POTEB;POTEB2	POTEB;POTEB2
EPB42	EPB42
TRIM10	TRIM10
MIR3689B	MIR3689B
OTTHUMG00000164247;RP11-110G21.1	OTTHUMG00000164247;RP11-110G21.1
UFC1	UFC1
IGF2-AS	IGF2-AS
OR8U1;OR8U8	OR8U1;OR8U8
SPATA25	SPATA25
OTTHUMG00000161686;RP11-447B18.1	OTTHUMG00000161686;RP11-447B18.1
OR2A20P;OR2A9P	OR2A20P;OR2A9P
OTTHUMG00000031842;RP5-971N18.3	OTTHUMG00000031842;RP5-971N18.3
RLTPR	RLTPR
RNY4P20	RNY4P20
MSX1	MSX1
NCF4	NCF4
GTF2F2	GTF2F2
OTTHUMG00000036999;RP11-354K1.1	OTTHUMG00000036999;RP11-354K1.1
ALDH8A1;OTTHUMG00000015624;RP11-349J5.2	ALDH8A1;OTTHUMG00000015624;RP11-349J5.2
C6orf72;GINM1	C6orf72;GINM1
ETFA	ETFA
OTTHUMG00000164015;RP11-14I17.3	OTTHUMG00000164015;RP11-14I17.3
LARGE;OTTHUMG00000150004;RP1-302D9.4	LARGE;OTTHUMG00000150004;RP1-302D9.4
PI3	PI3
SH2B2	SH2B2
RNA5SP64	RNA5SP64
HPCAL4	HPCAL4
MIR520F	MIR520F
C6orf222	C6orf222
ASIP	ASIP
AC006076.1;OTTHUMG00000032768	AC006076.1;OTTHUMG00000032768
PTMS	PTMS
RARG	RARG
FAM72B;FAM72C	FAM72B;FAM72C
CT45A1;CT45A3;CT45A4;CT45A6;LOC101060208;LOC101060211	CT45A1;CT45A3;CT45A4;CT45A6;LOC101060208;LOC101060211
NPPA	NPPA
SSH3	SSH3
CCT6P1	CCT6P1
CD300A	CD300A
ATPAF2	ATPAF2
SP6	SP6
AC113608.1;OTTHUMG00000151723	AC113608.1;OTTHUMG00000151723
RNA5SP24	RNA5SP24
ECE2	ECE2
EHMT2	EHMT2
MIR548P	MIR548P
OTTHUMG00000015772;RP11-631F7.1	OTTHUMG00000015772;RP11-631F7.1
AC003986.7;OTTHUMG00000152498	AC003986.7;OTTHUMG00000152498
LINC00294	LINC00294
LOC100996339	LOC100996339
APBA3	APBA3
TAS1R1	TAS1R1
SPATA31A5;SPATA31A7	SPATA31A5;SPATA31A7
OTTHUMG00000158684;RP11-148K1.10	OTTHUMG00000158684;RP11-148K1.10
SNORD114-7	SNORD114-7
LOC100132815	LOC100132815
OTTHUMG00000161728;RP11-622J8.1	OTTHUMG00000161728;RP11-622J8.1
OTTHUMG00000017739;RP11-197M22.2	OTTHUMG00000017739;RP11-197M22.2
ANKRD66	ANKRD66
SPINT4	SPINT4
HCG4	HCG4
HCG4	HCG4
HCG4	HCG4
OTTHUMG00000161244;RP11-363G15.2	OTTHUMG00000161244;RP11-363G15.2
CBFB	CBFB
EIF3C;EIF3CL	EIF3C;EIF3CL
NCCRP1	NCCRP1
OTTHUMG00000151333;RP1-102D24.5	OTTHUMG00000151333;RP1-102D24.5
RPS6KA2	RPS6KA2
TNFRSF18	TNFRSF18
CLIC1	CLIC1
AC091969.1;OTTHUMG00000163486	AC091969.1;OTTHUMG00000163486
CKAP4	CKAP4
CAMP	CAMP
RNA5SP397	RNA5SP397
PSMD2	PSMD2
PDE7A	PDE7A
PITPNM1	PITPNM1
SEPW1	SEPW1
GTF2F1	GTF2F1
SNORD96B	SNORD96B
ACOT7	ACOT7
IGSF3	IGSF3
OTTHUMG00000014156;RP3-406P24.3	OTTHUMG00000014156;RP3-406P24.3
MAPK12	MAPK12
ZBTB17	ZBTB17
FOXD2-AS1	FOXD2-AS1
LOC100499183;OTTHUMG00000164798;RP11-318M2.2	LOC100499183;OTTHUMG00000164798;RP11-318M2.2
ACOT6	ACOT6
OTTHUMG00000160708;RP11-51P8.1	OTTHUMG00000160708;RP11-51P8.1
RNA5SP422	RNA5SP422
FAM178A	FAM178A
STK17B	STK17B
NRF1;RNA5SP244	NRF1;RNA5SP244
FST	FST
OTTHUMG00000067507;RP5-1050E16.1	OTTHUMG00000067507;RP5-1050E16.1
CEACAM6	CEACAM6
ACTG1P4;AMY2B;RNPC3	ACTG1P4;AMY2B;RNPC3
COX4I1	COX4I1
FOXL1	FOXL1
NAV1	NAV1
FGD5	FGD5
NFKBIL1	NFKBIL1
NFKBIL1	NFKBIL1
NFKBIL1	NFKBIL1
NFKBIL1	NFKBIL1
NFKBIL1	NFKBIL1
VCX;VCX2;VCX3A	VCX;VCX2;VCX3A
HBM	HBM
OTTHUMG00000161824;RP11-260E18.1	OTTHUMG00000161824;RP11-260E18.1
AC093662.5;OTTHUMG00000152648	AC093662.5;OTTHUMG00000152648
SLC6A20	SLC6A20
RS1	RS1
P4HA3	P4HA3
DAQB-335A13.8;HLA-F-AS1;OTTHUMG00000040513	DAQB-335A13.8;HLA-F-AS1;OTTHUMG00000040513
WNK2	WNK2
TFPI2	TFPI2
SFTPA1	SFTPA1
XXYLT1-AS1	XXYLT1-AS1
KCNMB3P1	KCNMB3P1
LRRC4B	LRRC4B
HLA-G	HLA-G
SLC29A2	SLC29A2
PML	PML
C10orf62	C10orf62
LOC101060714;LOC101060729;SLX1A;SLX1A-SULT1A3;SLX1B;SULT1A3;SULT1A4	LOC101060714;LOC101060729;SLX1A;SLX1A-SULT1A3;SLX1B;SULT1A3;SULT1A4
RTL1	RTL1
OTTHUMG00000162012;RP11-597D13.8	OTTHUMG00000162012;RP11-597D13.8
IL5	IL5
EZH1	EZH1
LOC100506465	LOC100506465
HCG23	HCG23
HCG23	HCG23
HCG23	HCG23
RHOBTB3	RHOBTB3
TRIM6	TRIM6
TRBV25-1	TRBV25-1
IL32	IL32
OTTHUMG00000034949;RP11-222A5.1	OTTHUMG00000034949;RP11-222A5.1
PPP1R35	PPP1R35
LOC729176	LOC729176
LOC100505504	LOC100505504
LY86-AS1	LY86-AS1
MIR1302-1	MIR1302-1
SLC17A7	SLC17A7
SEPT10	SEPT10
ANKRD9	ANKRD9
KIAA1467	KIAA1467
LOC100505902;OTTHUMG00000155989;RP11-407B7.1	LOC100505902;OTTHUMG00000155989;RP11-407B7.1
ABP1	ABP1
OTTHUMG00000017017;RP11-168G22.1	OTTHUMG00000017017;RP11-168G22.1
AC006946.15;OTTHUMG00000153502	AC006946.15;OTTHUMG00000153502
CGB;CGB5;CGB8	CGB;CGB5;CGB8
ZBED5	ZBED5
LAMA3	LAMA3
LY9	LY9
ASGR1	ASGR1
LRCH3	LRCH3
C1orf222;KIAA1751	C1orf222;KIAA1751
XAGE1A;XAGE1B;XAGE1C;XAGE1D;XAGE1E	XAGE1A;XAGE1B;XAGE1C;XAGE1D;XAGE1E
DAOA-AS1	DAOA-AS1
AGPAT5	AGPAT5
CGRRF1	CGRRF1
OTTHUMG00000019649;RP11-4E23.2	OTTHUMG00000019649;RP11-4E23.2
MTRNR2L9	MTRNR2L9
AC005538.3;MSL3P1;OTTHUMG00000059127	AC005538.3;MSL3P1;OTTHUMG00000059127
HES3	HES3
SGCG	SGCG
EHMT2	EHMT2
TAS2R14	TAS2R14
MGC27382;OTTHUMG00000041107;RP11-183M13.1	MGC27382;OTTHUMG00000041107;RP11-183M13.1
CTD-2201E18.3;LOC648987;OTTHUMG00000162133	CTD-2201E18.3;LOC648987;OTTHUMG00000162133
TMEM39A	TMEM39A
SOX5	SOX5
OTTHUMG00000014350;RP11-439H9.1	OTTHUMG00000014350;RP11-439H9.1
OTTHUMG00000017710;RP11-7C6.1	OTTHUMG00000017710;RP11-7C6.1
CCDC30	CCDC30
RAB41	RAB41
CTC-345K18.2;OTTHUMG00000165097	CTC-345K18.2;OTTHUMG00000165097
SLC30A9	SLC30A9
GSE1	GSE1
NCR1	NCR1
MED6	MED6
OTTHUMG00000165084;RP11-539E17.5	OTTHUMG00000165084;RP11-539E17.5
CTD-2330K9.2;OTTHUMG00000156715	CTD-2330K9.2;OTTHUMG00000156715
ADRBK2	ADRBK2
NAIF1	NAIF1
ADORA3	ADORA3
UNC13C	UNC13C
ALMS1	ALMS1
SLC25A44	SLC25A44
MRPL17	MRPL17
LOC100506551	LOC100506551
SYNJ2	SYNJ2
TCF19	TCF19
ZSCAN29	ZSCAN29
RNA5SP170	RNA5SP170
MIR4510	MIR4510
VSTM1	VSTM1
OTTHUMG00000020528;RP11-168K11.3	OTTHUMG00000020528;RP11-168K11.3
OTTHUMG00000032809;RP11-560A15.4	OTTHUMG00000032809;RP11-560A15.4
EHMT2	EHMT2
NEUROD1	NEUROD1
CD163	CD163
ZNF849P	ZNF849P
SRBD1	SRBD1
EHMT2	EHMT2
MIR2964A	MIR2964A
LURAP1	LURAP1
AC003088.1;OTTHUMG00000155021	AC003088.1;OTTHUMG00000155021
AC062029.1;OTTHUMG00000155049	AC062029.1;OTTHUMG00000155049
PPP1R13B	PPP1R13B
OR2T2	OR2T2
SEMA3B	SEMA3B
CTC-228N24.3;FLJ33630;OTTHUMG00000163312	CTC-228N24.3;FLJ33630;OTTHUMG00000163312
AC006037.2;OTTHUMG00000059209	AC006037.2;OTTHUMG00000059209
SLC27A4	SLC27A4
APOLD1	APOLD1
MOG	MOG
TMCC1	TMCC1
EEF1A2	EEF1A2
ATP6V1F	ATP6V1F
RNA5SP187	RNA5SP187
AC019068.2;OTTHUMG00000153059	AC019068.2;OTTHUMG00000153059
RNA5SP227	RNA5SP227
NNT	NNT
MED10	MED10
SPACA3	SPACA3
PSMC5	PSMC5
MIR134	MIR134
S100A8	S100A8
MSH5	MSH5
CEACAM21	CEACAM21
OTTHUMG00000032883;RP5-1043L13.1	OTTHUMG00000032883;RP5-1043L13.1
RBM24	RBM24
CCDC158	CCDC158
HOXB1	HOXB1
NAA40	NAA40
XKR7	XKR7
OTTHUMG00000156716;RP13-131K19.2	OTTHUMG00000156716;RP13-131K19.2
BMS1P5;OTTHUMG00000018158;RP11-508M1.3	BMS1P5;OTTHUMG00000018158;RP11-508M1.3
MIR4678	MIR4678
SLC12A3	SLC12A3
DENND2D	DENND2D
WHAMMP2	WHAMMP2
OTTHUMG00000160313;RP11-696F12.1	OTTHUMG00000160313;RP11-696F12.1
LTF	LTF
RNA5SP111	RNA5SP111
MARVELD1	MARVELD1
LOC100505983;OTTHUMG00000032676;RP11-347D21.1	LOC100505983;OTTHUMG00000032676;RP11-347D21.1
OTTHUMG00000017574;RP11-34C15.2	OTTHUMG00000017574;RP11-34C15.2
GPR107;OTTHUMG00000020802;RP11-88G17.2	GPR107;OTTHUMG00000020802;RP11-88G17.2
CASC2	CASC2
CCDC28B	CCDC28B
DCTN1	DCTN1
LINC00620	LINC00620
HIST1H2BB	HIST1H2BB
DES	DES
GPR25	GPR25
SLC35G4;SLC35G5	SLC35G4;SLC35G5
ANKK1	ANKK1
FZD2	FZD2
OTTHUMG00000163128;RP11-267A15.1	OTTHUMG00000163128;RP11-267A15.1
ORM2	ORM2
EDEM3	EDEM3
FAM151A	FAM151A
OTTHUMG00000161085;RP11-286E11.1	OTTHUMG00000161085;RP11-286E11.1
SNORD114-6	SNORD114-6
TAS1R3	TAS1R3
CYP4F8	CYP4F8
MIR548L	MIR548L
DCX	DCX
PRH1-PRR4;PRR4	PRH1-PRR4;PRR4
MT1H	MT1H
RBM46	RBM46
TRPC3	TRPC3
GOT1L1	GOT1L1
ATP13A3	ATP13A3
MYO18A;TIAF1	MYO18A;TIAF1
CHD2;LOC100507217	CHD2;LOC100507217
RBMY1A1;RBMY1B;RBMY1F;RBMY1J;RBMY2FP	RBMY1A1;RBMY1B;RBMY1F;RBMY1J;RBMY2FP
OTTHUMG00000159993;RP3-368B9.2	OTTHUMG00000159993;RP3-368B9.2
HSPBP1	HSPBP1
KRTAP12-1	KRTAP12-1
RPRML	RPRML
EHMT2	EHMT2
EHMT2	EHMT2
GTF2IP1;LOC100093631	GTF2IP1;LOC100093631
VIL1	VIL1
HTN3	HTN3
ZNF681	ZNF681
SNORA38B	SNORA38B
C9orf24	C9orf24
OTTHUMG00000156977;RP1-40E16.11	OTTHUMG00000156977;RP1-40E16.11
OTTHUMG00000134301;RP11-15M15.1	OTTHUMG00000134301;RP11-15M15.1
PWWP2B	PWWP2B
AC002463.3;OTTHUMG00000155194	AC002463.3;OTTHUMG00000155194
SULF1	SULF1
NUP88	NUP88
IGHD2-8	IGHD2-8
MUC22;OTTHUMG00000148936;XXbac-BPG118E17.9	MUC22;OTTHUMG00000148936;XXbac-BPG118E17.9
AC013461.1;OTTHUMG00000132297;ZAK	AC013461.1;OTTHUMG00000132297;ZAK
LOC101059957;TTC6	LOC101059957;TTC6
KRT27	KRT27
RNA5SP63	RNA5SP63
AP001046.5;OTTHUMG00000086865	AP001046.5;OTTHUMG00000086865
KIAA1967	KIAA1967
OTOF	OTOF
RAMP2-AS1	RAMP2-AS1
LOC554223	LOC554223
OTTHUMG00000158656;RP11-884K10.5;SELK	OTTHUMG00000158656;RP11-884K10.5;SELK
OTTHUMG00000017530;RP11-809C18.3	OTTHUMG00000017530;RP11-809C18.3
OTTHUMG00000020126;RP11-213G2.2	OTTHUMG00000020126;RP11-213G2.2
SNORD60	SNORD60
SNORD114-9	SNORD114-9
FLVCR1	FLVCR1
LUZP4	LUZP4
OTTHUMG00000016506;RP11-264J4.5	OTTHUMG00000016506;RP11-264J4.5
PIP5KL1	PIP5KL1
CLK2P	CLK2P
MFSD2A	MFSD2A
CDRT15L2	CDRT15L2
MAPK6	MAPK6
FGF1	FGF1
ZNF146	ZNF146
IQCK	IQCK
SEC1P	SEC1P
ZNF32	ZNF32
LOC554223	LOC554223
LOC554223	LOC554223
LINC00310	LINC00310
G3BP2	G3BP2
MTHFD2	MTHFD2
OR2W5	OR2W5
BHLHE23	BHLHE23
MAZ	MAZ
SLC11A1	SLC11A1
PWP2	PWP2
SMIM17	SMIM17
ZFP36	ZFP36
ETNK1	ETNK1
MAX	MAX
CNTN4	CNTN4
SETD6	SETD6
FAM48A;SUPT20H	FAM48A;SUPT20H
KCNH1-IT1	KCNH1-IT1
C8orf58	C8orf58
AC129492.6;OTTHUMG00000132872	AC129492.6;OTTHUMG00000132872
ZNF544	ZNF544
ELMOD2	ELMOD2
RNA5SP409	RNA5SP409
MIR4716	MIR4716
SPRY4	SPRY4
LRP12	LRP12
CTA-384D8.31;OTTHUMG00000155749	CTA-384D8.31;OTTHUMG00000155749
TRAV12-2	TRAV12-2
SNRK-AS1	SNRK-AS1
OTTHUMG00000162499;RP11-79P5.5	OTTHUMG00000162499;RP11-79P5.5
TBC1D9	TBC1D9
CA6	CA6
KANSL2	KANSL2
CFHR2	CFHR2
SOX1	SOX1
LINC00608	LINC00608
BST1	BST1
OR1F2P	OR1F2P
OTTHUMG00000160709;RP11-807H7.2	OTTHUMG00000160709;RP11-807H7.2
MTF1	MTF1
ZNF280A	ZNF280A
TOLLIP	TOLLIP
LOC654780	LOC654780
CPEB2	CPEB2
LINC00114	LINC00114
OTTHUMG00000013940;PDZK1P1;RP6-74O6.2	OTTHUMG00000013940;PDZK1P1;RP6-74O6.2
AC005324.6;OTTHUMG00000059148	AC005324.6;OTTHUMG00000059148
TMEM247	TMEM247
C2orf81	C2orf81
OR5D13	OR5D13
ECI1	ECI1
OTTHUMG00000003412;RP5-1092A11.2	OTTHUMG00000003412;RP5-1092A11.2
MRPS31P5;OTTHUMG00000016962;RP11-64P12.8	MRPS31P5;OTTHUMG00000016962;RP11-64P12.8
OTTHUMG00000021404;RP11-342D14.1	OTTHUMG00000021404;RP11-342D14.1
NKX1-1	NKX1-1
TULP1	TULP1
SPACA4	SPACA4
ABCC6P1	ABCC6P1
ZNF484	ZNF484
AKAP3	AKAP3
ZNF76	ZNF76
OTTHUMG00000156209;RP4-613B23.1	OTTHUMG00000156209;RP4-613B23.1
OTTHUMG00000018892;RP11-483F11.7	OTTHUMG00000018892;RP11-483F11.7
AC010729.3;OTTHUMG00000151421	AC010729.3;OTTHUMG00000151421
TMEM106C	TMEM106C
CCT8L2	CCT8L2
MTNR1A	MTNR1A
RNU5B-1	RNU5B-1
FLAD1	FLAD1
FERD3L	FERD3L
BCAS1	BCAS1
C11orf87	C11orf87
GALNT18	GALNT18
MIR548W	MIR548W
CTC-551A13.2;OTTHUMG00000163703	CTC-551A13.2;OTTHUMG00000163703
TTYH1	TTYH1
TYW1	TYW1
LRRC59	LRRC59
XIRP2	XIRP2
EBLN2	EBLN2
TRPV4	TRPV4
OTTHUMG00000160986;RP11-323J4.1	OTTHUMG00000160986;RP11-323J4.1
OTTHUMG00000020899;RP11-399H11.3	OTTHUMG00000020899;RP11-399H11.3
AP3D1	AP3D1
UNC45B	UNC45B
SERPINA4	SERPINA4
SF3B5	SF3B5
TROVE2	TROVE2
OTTHUMG00000041309;RP11-488L4.1	OTTHUMG00000041309;RP11-488L4.1
RPSAP52	RPSAP52
RASAL2	RASAL2
USP31	USP31
PELP1	PELP1
OTTHUMG00000164340;RP11-705O24.2	OTTHUMG00000164340;RP11-705O24.2
UMODL1	UMODL1
OTTHUMG00000134296;RP5-1022J11.2	OTTHUMG00000134296;RP5-1022J11.2
BX322557.10;LINC00205;LOC642852;OTTHUMG00000090398	BX322557.10;LINC00205;LOC642852;OTTHUMG00000090398
CNGA3	CNGA3
TMEM102	TMEM102
PEX5	PEX5
MIR4787	MIR4787
S100A5	S100A5
TRPC7	TRPC7
VPS37A	VPS37A
DOM3Z	DOM3Z
IRGC	IRGC
LOC338797	LOC338797
MT1G	MT1G
OTTHUMG00000011006;RP11-24P14.1	OTTHUMG00000011006;RP11-24P14.1
OTTHUMG00000159538;RP11-758P17.2	OTTHUMG00000159538;RP11-758P17.2
WDR24	WDR24
DBIL5P	DBIL5P
OTTHUMG00000035655;RP11-553K8.2	OTTHUMG00000035655;RP11-553K8.2
FOXP1	FOXP1
TBC1D8	TBC1D8
CD53	CD53
UHRF2	UHRF2
MIR4287	MIR4287
UNC79	UNC79
RNU6-8	RNU6-8
NR2F1	NR2F1
RIMBP3B;RIMBP3C	RIMBP3B;RIMBP3C
GS1-256O22.5;OTTHUMG00000022584	GS1-256O22.5;OTTHUMG00000022584
HIGD1A	HIGD1A
SOCS1	SOCS1
ARG1	ARG1
MFF	MFF
PAK4	PAK4
KCNK3	KCNK3
FLJ35024;OTTHUMG00000019448;RP11-125B21.2	FLJ35024;OTTHUMG00000019448;RP11-125B21.2
AC011239.1;OTTHUMG00000151895	AC011239.1;OTTHUMG00000151895
CTD-3118D11.3;OTTHUMG00000163662	CTD-3118D11.3;OTTHUMG00000163662
ADAMTS7;LOC100291699	ADAMTS7;LOC100291699
T	T
SH3BP5L	SH3BP5L
ACBD3	ACBD3
AC000123.2;OTTHUMG00000066284	AC000123.2;OTTHUMG00000066284
CTC-349C3.2;LOC340073;OTTHUMG00000163309	CTC-349C3.2;LOC340073;OTTHUMG00000163309
PRR24	PRR24
AF003626.1;OTTHUMG00000024161	AF003626.1;OTTHUMG00000024161
HRK	HRK
OTTHUMG00000160269;RP11-484O2.1	OTTHUMG00000160269;RP11-484O2.1
ADAMTS18	ADAMTS18
NPPC	NPPC
OTTHUMG00000161042;RP11-109E24.1	OTTHUMG00000161042;RP11-109E24.1
OTTHUMG00000021529;RP11-104D21.3	OTTHUMG00000021529;RP11-104D21.3
SMCO2	SMCO2
LOC100509621;RBMS3-AS3	LOC100509621;RBMS3-AS3
SIGMAR1	SIGMAR1
CYP21A1P;CYP21A2	CYP21A1P;CYP21A2
TCF19	TCF19
KLHL28	KLHL28
OR5H14	OR5H14
NOL12	NOL12
CXorf65	CXorf65
SMG9	SMG9
SCN4A	SCN4A
ZBTB8OS	ZBTB8OS
UBQLN4	UBQLN4
LOC100996464;ZNF84	LOC100996464;ZNF84
BSND	BSND
OTTHUMG00000012388;RP1-91G5.3	OTTHUMG00000012388;RP1-91G5.3
RBM12B	RBM12B
GS1-594A7.3;LOC100506630;OTTHUMG00000021178	GS1-594A7.3;LOC100506630;OTTHUMG00000021178
ARAP1-AS1	ARAP1-AS1
EGFLAM-AS3	EGFLAM-AS3
AC104088.1;OTTHUMG00000154230	AC104088.1;OTTHUMG00000154230
OTTHUMG00000161212;RP11-710F7.2	OTTHUMG00000161212;RP11-710F7.2
PSMG2	PSMG2
CD69	CD69
LOC100505903;OTTHUMG00000016073;RP11-302L19.1	LOC100505903;OTTHUMG00000016073;RP11-302L19.1
OTTHUMG00000164272;RP11-246K15.1	OTTHUMG00000164272;RP11-246K15.1
LOC439951	LOC439951
TRMT10A	TRMT10A
RNA5SP408	RNA5SP408
ZNF24	ZNF24
SLC9A3	SLC9A3
TRAC;TRAJ10;TRAJ11;TRAJ12;TRAJ13;TRAJ16;TRAJ17;TRAJ18;TRAJ20;TRAJ21;TRAJ22;TRAJ23;TRAJ24;TRAJ26;TRAJ27;TRAJ28;TRAJ29;TRAJ3;TRAJ30;TRAJ31;TRAJ32;TRAJ33;TRAJ34;TRAJ35;TRAJ36;TRAJ37;TRAJ39;TRAJ4;TRAJ40;TRAJ41;TRAJ42;TRAJ43;TRAJ44;TRAJ45;TRAJ46;TRAJ47;TRAJ48;TRAJ49;TRAJ5;TRAJ50;TRAJ52;TRAJ53;TRAJ54;TRAJ56;TRAJ57;TRAJ58;TRAJ6;TRAJ7;TRAJ8;TRAJ9;TRAV1-2;TRAV10;TRAV12-3;TRAV16;TRAV17;TRAV18;TRAV19;TRAV21;TRAV22;TRAV23DV6;TRAV26-1;TRAV26-2;TRAV27;TRAV29DV5;TRAV3;TRAV35;TRAV36DV7;TRAV38-2DV8;TRAV8-2;TRAV8-4;TRAV8-6;TRAV9-2;TRDV2	TRAC;TRAJ10;TRAJ11;TRAJ12;TRAJ13;TRAJ16;TRAJ17;TRAJ18;TRAJ20;TRAJ21;TRAJ22;TRAJ23;TRAJ24;TRAJ26;TRAJ27;TRAJ28;TRAJ29;TRAJ3;TRAJ30;TRAJ31;TRAJ32;TRAJ33;TRAJ34;TRAJ35;TRAJ36;TRAJ37;TRAJ39;TRAJ4;TRAJ40;TRAJ41;TRAJ42;TRAJ43;TRAJ44;TRAJ45;TRAJ46;TRAJ47;TRAJ48;TRAJ49;TRAJ5;TRAJ50;TRAJ52;TRAJ53;TRAJ54;TRAJ56;TRAJ57;TRAJ58;TRAJ6;TRAJ7;TRAJ8;TRAJ9;TRAV1-2;TRAV10;TRAV12-3;TRAV16;TRAV17;TRAV18;TRAV19;TRAV21;TRAV22;TRAV23DV6;TRAV26-1;TRAV26-2;TRAV27;TRAV29DV5;TRAV3;TRAV35;TRAV36DV7;TRAV38-2DV8;TRAV8-2;TRAV8-4;TRAV8-6;TRAV9-2;TRDV2
AKIRIN2-AS1	AKIRIN2-AS1
HLA-F	HLA-F
INTS8	INTS8
NCOA7	NCOA7
DNM1P46	DNM1P46
BCL7B	BCL7B
KDM1B	KDM1B
PSMA6	PSMA6
MUC22;OTTHUMG00000148750;XXbac-BPG118E17.9	MUC22;OTTHUMG00000148750;XXbac-BPG118E17.9
PARVG	PARVG
CTB-131B5.5;OTTHUMG00000163536	CTB-131B5.5;OTTHUMG00000163536
C21orf37	C21orf37
TRAJ59	TRAJ59
ECT2L	ECT2L
GJA10	GJA10
ANKRD39	ANKRD39
AC103564.7;OTTHUMG00000153714	AC103564.7;OTTHUMG00000153714
ZNF486	ZNF486
MIR1470	MIR1470
LOC100652930;NPEPL1	LOC100652930;NPEPL1
PCMTD1	PCMTD1
DNAJB8	DNAJB8
STK31	STK31
AP001271.5;OTTHUMG00000152740	AP001271.5;OTTHUMG00000152740
TRAF3IP3	TRAF3IP3
MBD4	MBD4
SERPINB3	SERPINB3
AC017002.4;OTTHUMG00000153696	AC017002.4;OTTHUMG00000153696
MIR137;MIR137HG;MIR2682	MIR137;MIR137HG;MIR2682
OTTHUMG00000158828;RP11-543D10.2	OTTHUMG00000158828;RP11-543D10.2
HLA-J	HLA-J
WDR46	WDR46
WDR46	WDR46
OR7E5P	OR7E5P
ACTN1	ACTN1
ALKBH6	ALKBH6
SLC25A6	SLC25A6
SSTR1	SSTR1
OTTHUMG00000041308;RP4-799P18.4	OTTHUMG00000041308;RP4-799P18.4
FAM210B	FAM210B
ASB16	ASB16
OTTHUMG00000161768;RP11-149A7.2	OTTHUMG00000161768;RP11-149A7.2
CTDSPL2	CTDSPL2
PSPH	PSPH
SNRPD3	SNRPD3
ZMYND10	ZMYND10
EIF4G2	EIF4G2
YWHAZ	YWHAZ
CASP9	CASP9
OTTHUMG00000008359;RP5-866L20.1	OTTHUMG00000008359;RP5-866L20.1
PITPNM3	PITPNM3
LARP1	LARP1
SLC35A5	SLC35A5
SNORD116-27	SNORD116-27
C3orf14	C3orf14
CYP3A43	CYP3A43
SKP1P1	SKP1P1
TINAGL1	TINAGL1
LUZP1	LUZP1
AP002856.5;OTTHUMG00000066363	AP002856.5;OTTHUMG00000066363
MIR4479	MIR4479
FBXO30	FBXO30
HNRNPA2B1	HNRNPA2B1
AC007386.2;LOC400958;OTTHUMG00000152704	AC007386.2;LOC400958;OTTHUMG00000152704
LOC100506271;OTTHUMG00000150559;RP1-63G5.7	LOC100506271;OTTHUMG00000150559;RP1-63G5.7
OTTHUMG00000032967;RP11-358D14.2	OTTHUMG00000032967;RP11-358D14.2
TBX5-AS1	TBX5-AS1
OTTHUMG00000057525;RP4-771M4.3	OTTHUMG00000057525;RP4-771M4.3
EIF4B;LOC100653227	EIF4B;LOC100653227
SLC28A2	SLC28A2
DMD-AS2	DMD-AS2
SYCP2	SYCP2
CXorf31	CXorf31
LOC100049716	LOC100049716
RNU7-48P	RNU7-48P
NUDT22	NUDT22
NDRG2	NDRG2
IFLTD1	IFLTD1
GET4	GET4
EXOC4	EXOC4
OTTHUMG00000158658;RP11-204J18.2	OTTHUMG00000158658;RP11-204J18.2
ZFP92	ZFP92
RNA5SP198	RNA5SP198
RPS19BP1	RPS19BP1
SRPX2	SRPX2
CAPN11	CAPN11
KRT76	KRT76
LOC101060277	LOC101060277
ACSS1	ACSS1
OTTHUMG00000164478;RP11-10J21.3	OTTHUMG00000164478;RP11-10J21.3
ZKSCAN2	ZKSCAN2
MIR542	MIR542
OTTHUMG00000160325;RP11-756P10.4	OTTHUMG00000160325;RP11-756P10.4
AKAP11-IT1	AKAP11-IT1
PLCE1	PLCE1
AC063976.3;OTTHUMG00000059642	AC063976.3;OTTHUMG00000059642
SRGAP2-AS1	SRGAP2-AS1
MAGEA5	MAGEA5
FOXD4L5	FOXD4L5
OR10R2	OR10R2
PSORS1C1	PSORS1C1
MUM1L1	MUM1L1
OTTHUMG00000017527;RP11-490E15.2	OTTHUMG00000017527;RP11-490E15.2
FAM169B	FAM169B
CLEC4M	CLEC4M
DDRGK1	DDRGK1
PPP2R5A	PPP2R5A
FAM175B	FAM175B
LOC100507034;PITRM1-AS1	LOC100507034;PITRM1-AS1
RBM44	RBM44
WARS2	WARS2
ZNF546	ZNF546
GPR37	GPR37
IGSF10	IGSF10
DPYS;KB-1552D7.2;OTTHUMG00000164889	DPYS;KB-1552D7.2;OTTHUMG00000164889
OTTHUMG00000018047;RP11-272J7.4	OTTHUMG00000018047;RP11-272J7.4
COL6A6	COL6A6
OTTHUMG00000046224;RP1-149M18.4	OTTHUMG00000046224;RP1-149M18.4
LILRA6;LILRB3	LILRA6;LILRB3
ADAMTS17	ADAMTS17
HIST1H2BE	HIST1H2BE
CEP128	CEP128
OR2T35	OR2T35
NMT2	NMT2
OTTHUMG00000034984;RP11-492I21.1	OTTHUMG00000034984;RP11-492I21.1
ECSIT	ECSIT
STAB2	STAB2
AC008278.2;OTTHUMG00000151725	AC008278.2;OTTHUMG00000151725
SDR16C5	SDR16C5
LOC100132062;LOC100132287;LOC100133331;LOC100287894;LOC100996328;LOC100996502;LOC101059936;LOC101060494;LOC101060495;OTTHUMG00000156968;RP4-669L17.10	LOC100132062;LOC100132287;LOC100133331;LOC100287894;LOC100996328;LOC100996502;LOC101059936;LOC101060494;LOC101060495;OTTHUMG00000156968;RP4-669L17.10
OTTHUMG00000160373;RP11-431M7.2	OTTHUMG00000160373;RP11-431M7.2
XAF1	XAF1
OTTHUMG00000031774;RP11-352D3.2	OTTHUMG00000031774;RP11-352D3.2
NPHP3	NPHP3
OTTHUMG00000164389;RP11-1D12.2	OTTHUMG00000164389;RP11-1D12.2
XKRY;XKRY2	XKRY;XKRY2
ADCY4	ADCY4
LOC283856	LOC283856
MARK1	MARK1
SH3GL1	SH3GL1
MPC2	MPC2
AUH	AUH
KANSL1-AS1	KANSL1-AS1
ARHGAP39	ARHGAP39
C16orf95	C16orf95
KCNN3;OTTHUMG00000041317;RP11-274N19.2	KCNN3;OTTHUMG00000041317;RP11-274N19.2
PITX3	PITX3
OTTHUMG00000133550;XXbac-BPG27H4.8	OTTHUMG00000133550;XXbac-BPG27H4.8
OTTHUMG00000149226;XXbac-BPG27H4.8	OTTHUMG00000149226;XXbac-BPG27H4.8
OTTHUMG00000149463;XXbac-BPG27H4.8	OTTHUMG00000149463;XXbac-BPG27H4.8
TRIM31	TRIM31
CTXN2	CTXN2
ATP4B	ATP4B
MAT2B	MAT2B
GCLC	GCLC
MIR557	MIR557
OXA1L	OXA1L
OR4K17	OR4K17
AC010967.2;OTTHUMG00000152413	AC010967.2;OTTHUMG00000152413
ZNF671	ZNF671
BRF2	BRF2
PSMB9	PSMB9
TEKT1	TEKT1
RBBP5	RBBP5
GEM	GEM
FRMD1	FRMD1
TRIM41	TRIM41
AC093415.2;OTTHUMG00000155924	AC093415.2;OTTHUMG00000155924
PITPNA	PITPNA
STYK1	STYK1
C5orf46	C5orf46
AC090939.1;OTTHUMG00000155264;VGLL4	AC090939.1;OTTHUMG00000155264;VGLL4
SOHLH1	SOHLH1
RNU7-10P	RNU7-10P
LAMTOR3	LAMTOR3
REEP6	REEP6
RPS3	RPS3
OTTHUMG00000161198;RP11-419L4.1	OTTHUMG00000161198;RP11-419L4.1
LINC00871	LINC00871
IL18R1	IL18R1
RNU7-47P	RNU7-47P
LONRF3	LONRF3
CDCP2	CDCP2
SRP19;ZRSR1	SRP19;ZRSR1
PCDH9-AS1	PCDH9-AS1
ALB	ALB
PAQR3	PAQR3
PLXNA1	PLXNA1
OTTHUMG00000015399;RP1-124C6.1	OTTHUMG00000015399;RP1-124C6.1
TTC38	TTC38
UBE2Q1	UBE2Q1
SCUBE2	SCUBE2
C20orf166;MIR133A2	C20orf166;MIR133A2
OTTHUMG00000148948;XXbac-BPG27H4.8	OTTHUMG00000148948;XXbac-BPG27H4.8
CEACAM20	CEACAM20
KDM4B	KDM4B
SLC22A7	SLC22A7
OTTHUMG00000161374;RP11-392B6.1	OTTHUMG00000161374;RP11-392B6.1
CTB-105L4.2;OTTHUMG00000162919	CTB-105L4.2;OTTHUMG00000162919
HSPG2	HSPG2
FAM90A22P	FAM90A22P
TAS2R30;TAS2R31	TAS2R30;TAS2R31
SSR4P1	SSR4P1
SLC35F4	SLC35F4
SLURP1	SLURP1
OTTHUMG00000016052;RP3-495K2.2	OTTHUMG00000016052;RP3-495K2.2
ZNF512B	ZNF512B
CRISPLD1	CRISPLD1
TP53RK	TP53RK
SFXN4	SFXN4
INSL6	INSL6
FLNA	FLNA
OTTHUMG00000019709;RP11-337A23.3	OTTHUMG00000019709;RP11-337A23.3
LOC100506497	LOC100506497
DOLPP1	DOLPP1
PTP4A1P7	PTP4A1P7
GATAD2B	GATAD2B
DNAJC25;DNAJC25-GNG10;GNG10	DNAJC25;DNAJC25-GNG10;GNG10
YWHAE	YWHAE
AC005029.1;OTTHUMG00000155113	AC005029.1;OTTHUMG00000155113
OTTHUMG00000039911;RP11-177F11.1	OTTHUMG00000039911;RP11-177F11.1
AC133633.1;OTTHUMG00000163633	AC133633.1;OTTHUMG00000163633
C1RL-AS1	C1RL-AS1
TMEM189;TMEM189-UBE2V1;UBE2V1	TMEM189;TMEM189-UBE2V1;UBE2V1
CLEC4D	CLEC4D
LIPT1	LIPT1
RBFOX1	RBFOX1
OTTHUMG00000034877;RP3-518E13.2	OTTHUMG00000034877;RP3-518E13.2
POU6F2-AS2	POU6F2-AS2
CIITA	CIITA
OTTHUMG00000019075;RP11-211N11.5	OTTHUMG00000019075;RP11-211N11.5
LEP	LEP
OR5M9	OR5M9
SPANXA1;SPANXA2	SPANXA1;SPANXA2
OTTHUMG00000164939;RP11-96A1.5	OTTHUMG00000164939;RP11-96A1.5
ATG14	ATG14
SRL	SRL
SMPD3	SMPD3
HR	HR
LINC00470	LINC00470
C1orf138	C1orf138
OTTHUMG00000164865;RP11-410L14.2	OTTHUMG00000164865;RP11-410L14.2
FBXO32	FBXO32
GPR12	GPR12
IQGAP1	IQGAP1
CDK12	CDK12
AC013271.3;LOC440895;OTTHUMG00000153222	AC013271.3;LOC440895;OTTHUMG00000153222
RBFOX2	RBFOX2
PCSK1N	PCSK1N
CORO2A	CORO2A
MTIF3	MTIF3
KCNS1	KCNS1
MBP	MBP
DHX15	DHX15
MIR676	MIR676
CTC-338M12.6;LOC100507546;OTTHUMG00000163005	CTC-338M12.6;LOC100507546;OTTHUMG00000163005
CLHC1	CLHC1
AC079305.11;OTTHUMG00000155365	AC079305.11;OTTHUMG00000155365
OTTHUMG00000160741;RP11-248N22.2	OTTHUMG00000160741;RP11-248N22.2
IGHV3-15	IGHV3-15
SIPA1L3	SIPA1L3
KCNA4	KCNA4
OAZ3;OTTHUMG00000045373;RP11-98D18.2	OAZ3;OTTHUMG00000045373;RP11-98D18.2
SH3BP4	SH3BP4
AC009487.4;OTTHUMG00000153883	AC009487.4;OTTHUMG00000153883
PSMC6	PSMC6
GLDN	GLDN
ARHGAP19	ARHGAP19
ACMSD	ACMSD
TRMT112	TRMT112
LRAT	LRAT
LRRCC1	LRRCC1
DHRS1	DHRS1
SLC22A12	SLC22A12
OTTHUMG00000032669;RP1-148H17.1	OTTHUMG00000032669;RP1-148H17.1
DENND4C	DENND4C
EIF4A1;SNORA48;SNORA67;SNORD10	EIF4A1;SNORA48;SNORA67;SNORD10
AC007601.2;OTTHUMG00000129827;SNX29	AC007601.2;OTTHUMG00000129827;SNX29
AC018642.1;LOC100506881;OTTHUMG00000154998	AC018642.1;LOC100506881;OTTHUMG00000154998
LOC100509646;PRY;PRY2;PRYP3	LOC100509646;PRY;PRY2;PRYP3
ADCY10	ADCY10
FMR1-AS1	FMR1-AS1
UROS	UROS
OR56A5	OR56A5
FAM216A	FAM216A
SLC2A9	SLC2A9
AC023797.1;OTTHUMG00000155570	AC023797.1;OTTHUMG00000155570
HEATR1	HEATR1
NOTCH3	NOTCH3
MPZL3	MPZL3
RNY4P27	RNY4P27
INPP4B	INPP4B
LOC100130954;OTTHUMG00000020912;RP11-98L5.2	LOC100130954;OTTHUMG00000020912;RP11-98L5.2
MOG	MOG
MIR4444-1	MIR4444-1
OTTHUMG00000158943;RP11-47P18.1	OTTHUMG00000158943;RP11-47P18.1
OTTHUMG00000032274;RP4-553F4.2	OTTHUMG00000032274;RP4-553F4.2
L3MBTL1	L3MBTL1
VWA7	VWA7
VWA7	VWA7
VWA7	VWA7
VWA7	VWA7
LINC00207	LINC00207
GUSBP11	GUSBP11
FLJ45248;KB-1732A1.1;OTTHUMG00000164736	FLJ45248;KB-1732A1.1;OTTHUMG00000164736
MIR4767	MIR4767
AC007131.2;OTTHUMG00000152614	AC007131.2;OTTHUMG00000152614
IL17C	IL17C
LENG8-AS1	LENG8-AS1
OTTHUMG00000161436;RP11-138A23.2	OTTHUMG00000161436;RP11-138A23.2
TRIM56	TRIM56
COPRS	COPRS
SCTR	SCTR
PABPC4	PABPC4
KANK2	KANK2
FCRL5	FCRL5
ZNF747	ZNF747
PARP6	PARP6
CTSL1	CTSL1
LINC00651;OTTHUMG00000032711;RP4-710H13.2	LINC00651;OTTHUMG00000032711;RP4-710H13.2
LOC100129636	LOC100129636
IGHJ5	IGHJ5
BPIFB3	BPIFB3
CDC42EP3	CDC42EP3
SLAIN1	SLAIN1
TRIM34;TRIM6-TRIM34;TRIM78P	TRIM34;TRIM6-TRIM34;TRIM78P
RNA5SP303	RNA5SP303
DSC3	DSC3
POU2F1	POU2F1
STK19	STK19
STK19	STK19
OTTHUMG00000163915;RP11-363L24.3	OTTHUMG00000163915;RP11-363L24.3
RNA5SP360	RNA5SP360
RNY1P5	RNY1P5
ZNF790	ZNF790
OTTHUMG00000163018;RP11-114J13.1	OTTHUMG00000163018;RP11-114J13.1
MIR1298	MIR1298
CDKN2C	CDKN2C
MMP28	MMP28
OTTHUMG00000016062;RP1-266L20.2	OTTHUMG00000016062;RP1-266L20.2
CCL7	CCL7
AP005482.1;OTTHUMG00000073723	AP005482.1;OTTHUMG00000073723
AC010980.2;LOC440934;OTTHUMG00000153406	AC010980.2;LOC440934;OTTHUMG00000153406
SNORD116-12	SNORD116-12
OTTHUMG00000171640;RP11-1070N10.6;TCL1B;TCL6	OTTHUMG00000171640;RP11-1070N10.6;TCL1B;TCL6
NDUFV1	NDUFV1
CSTF1	CSTF1
RPS15AP10	RPS15AP10
PARP3	PARP3
C10orf90	C10orf90
LCP1	LCP1
LUC7L3	LUC7L3
KRT2	KRT2
WDR46	WDR46
PPM1H	PPM1H
CARD16	CARD16
OTTHUMG00000010247;RP4-651E10.4	OTTHUMG00000010247;RP4-651E10.4
C17orf99	C17orf99
ADRA1B	ADRA1B
LOC100652849;LOC100653110;PGRMC2	LOC100652849;LOC100653110;PGRMC2
TRIM37	TRIM37
MIR510	MIR510
FTSJ3	FTSJ3
SRI	SRI
CHD1L;LOC101060601	CHD1L;LOC101060601
SPG21	SPG21
OTTHUMG00000015792;RP1-12G14.6	OTTHUMG00000015792;RP1-12G14.6
MIR620	MIR620
LINC00276	LINC00276
ZMAT3	ZMAT3
ZDHHC2	ZDHHC2
MIR181B1	MIR181B1
FAM81A	FAM81A
CCNH	CCNH
GSS	GSS
ANKRD13D	ANKRD13D
FLNB	FLNB
OTTHUMG00000162130;RP11-661C8.2	OTTHUMG00000162130;RP11-661C8.2
BMPER	BMPER
AF241725.4;OTTHUMG00000078122	AF241725.4;OTTHUMG00000078122
TRMT11	TRMT11
PRSS23	PRSS23
CPNE6	CPNE6
RPL36A;RPL36A-HNRNPH2	RPL36A;RPL36A-HNRNPH2
SCAF1	SCAF1
KLF14	KLF14
GPX3	GPX3
AMBN	AMBN
OTTHUMG00000156440;RP11-211G3.2	OTTHUMG00000156440;RP11-211G3.2
MC1R;TUBB3	MC1R;TUBB3
LDB1	LDB1
HLA-F	HLA-F
TRAPPC12-AS1	TRAPPC12-AS1
TMEM229B	TMEM229B
TCEANC	TCEANC
DNASE1L3	DNASE1L3
ATP10A	ATP10A
METTL21C	METTL21C
OTTHUMG00000161479;RP13-539F13.3	OTTHUMG00000161479;RP13-539F13.3
SETD1A	SETD1A
IL17RC	IL17RC
APOC3	APOC3
LINC00519	LINC00519
OTTHUMG00000015510;RP1-293L8.5	OTTHUMG00000015510;RP1-293L8.5
ALDOA	ALDOA
C6orf25	C6orf25
GNG11	GNG11
NEB	NEB
MKNK2	MKNK2
GNPAT	GNPAT
TPMT	TPMT
TRA2B	TRA2B
OTTHUMG00000015229;RP11-524K14.1	OTTHUMG00000015229;RP11-524K14.1
LYRM2	LYRM2
IER3	IER3
PPM1K	PPM1K
YTHDC1	YTHDC1
TMEM11	TMEM11
ZNF32-AS3	ZNF32-AS3
CORO6	CORO6
HSD11B1L	HSD11B1L
AC005518.2;LOC100507538;OTTHUMG00000152747	AC005518.2;LOC100507538;OTTHUMG00000152747
RARRES1	RARRES1
CTA-125H2.2;OTTHUMG00000150907	CTA-125H2.2;OTTHUMG00000150907
MIR1260A	MIR1260A
DEF6	DEF6
LRP5	LRP5
AC009505.4;OTTHUMG00000153152	AC009505.4;OTTHUMG00000153152
OTTHUMG00000035627;RP11-669M2.1	OTTHUMG00000035627;RP11-669M2.1
ATP8B4	ATP8B4
RMND5B	RMND5B
OTTHUMG00000160625;RP11-227F19.5	OTTHUMG00000160625;RP11-227F19.5
BEST2	BEST2
OXCT1	OXCT1
GOLGA8R	GOLGA8R
CTD-2139B15.5;OTTHUMG00000161875	CTD-2139B15.5;OTTHUMG00000161875
AC026167.1;OTTHUMG00000154909	AC026167.1;OTTHUMG00000154909
ANKRD18B	ANKRD18B
TMEM139	TMEM139
TTC39C	TTC39C
EPHB4	EPHB4
GTF2I	GTF2I
PCDHA1;PCDHA10;PCDHA11;PCDHA12;PCDHA13;PCDHA2;PCDHA3;PCDHA4;PCDHA5;PCDHA6;PCDHA7;PCDHA8;PCDHA9;PCDHAC1;PCDHAC2	PCDHA1;PCDHA10;PCDHA11;PCDHA12;PCDHA13;PCDHA2;PCDHA3;PCDHA4;PCDHA5;PCDHA6;PCDHA7;PCDHA8;PCDHA9;PCDHAC1;PCDHAC2
SLC44A4	SLC44A4
OTTHUMG00000014879;RP1-27K12.2	OTTHUMG00000014879;RP1-27K12.2
IFITM5	IFITM5
ERVMER34-1	ERVMER34-1
GPAT2	GPAT2
OTTHUMG00000031897;RP5-1069C8.2	OTTHUMG00000031897;RP5-1069C8.2
FAM169A	FAM169A
C6orf58	C6orf58
ATP6V0E1	ATP6V0E1
ATG9B;NOS3	ATG9B;NOS3
EVX1	EVX1
NEK3	NEK3
ADARB2-AS1	ADARB2-AS1
IDUA	IDUA
PBX2P1	PBX2P1
OTTHUMG00000159172;RP11-446H18.5	OTTHUMG00000159172;RP11-446H18.5
MIR3591	MIR3591
AC010744.1;OTTHUMG00000152969	AC010744.1;OTTHUMG00000152969
SMAP1	SMAP1
LOC100216546	LOC100216546
SMYD5	SMYD5
RNF32	RNF32
INHBA	INHBA
GATC;SRSF9	GATC;SRSF9
ZSWIM2	ZSWIM2
ICT1	ICT1
KRT32	KRT32
BCOR	BCOR
OTTHUMG00000055981;RP11-223E19.2	OTTHUMG00000055981;RP11-223E19.2
ZNF141	ZNF141
CXADRP2	CXADRP2
ARSB	ARSB
OTTHUMG00000033094;RP11-98G7.1	OTTHUMG00000033094;RP11-98G7.1
MON1A	MON1A
COA5	COA5
S100A3	S100A3
LOC644189	LOC644189
OTTHUMG00000035182;RP11-46A10.2	OTTHUMG00000035182;RP11-46A10.2
PCBP3	PCBP3
KRT25	KRT25
KRTAP10-4	KRTAP10-4
LOC727710	LOC727710
ST8SIA1	ST8SIA1
GK2	GK2
WNT4	WNT4
SLC4A11	SLC4A11
C9orf85	C9orf85
AC012370.3;OTTHUMG00000152758	AC012370.3;OTTHUMG00000152758
GATA1	GATA1
MXRA7	MXRA7
FIG4	FIG4
COL13A1	COL13A1
KCNK7	KCNK7
SOBP	SOBP
GJA8;LOC101060402	GJA8;LOC101060402
OTTHUMG00000151134;RP1-5O6.4	OTTHUMG00000151134;RP1-5O6.4
CSNK2B	CSNK2B
AC102953.6;OTTHUMG00000151728	AC102953.6;OTTHUMG00000151728
OTTHUMG00000014657;RP11-552E20.1	OTTHUMG00000014657;RP11-552E20.1
OTTHUMG00000162327;RP11-772C9.1	OTTHUMG00000162327;RP11-772C9.1
C10orf12;LCOR	C10orf12;LCOR
HSP90AA6P	HSP90AA6P
C22orf15	C22orf15
OTTHUMG00000014842;RP11-771D21.2	OTTHUMG00000014842;RP11-771D21.2
EPHA6	EPHA6
SPATA31A1;SPATA31A2	SPATA31A1;SPATA31A2
MCCD1	MCCD1
MCCD1	MCCD1
MCCD1	MCCD1
RNY5P1	RNY5P1
AC023469.2;OTTHUMG00000153782	AC023469.2;OTTHUMG00000153782
AC013264.2;OTTHUMG00000154428	AC013264.2;OTTHUMG00000154428
NAA16	NAA16
OLFM3	OLFM3
IL25	IL25
INTS2	INTS2
TOR1AIP2	TOR1AIP2
MORC2-AS1	MORC2-AS1
SLC6A7	SLC6A7
OTTHUMG00000164013;RP11-90P5.2	OTTHUMG00000164013;RP11-90P5.2
OTTHUMG00000159333;RP11-553L6.2	OTTHUMG00000159333;RP11-553L6.2
NEUROD6	NEUROD6
L3HYPDH	L3HYPDH
CDT1	CDT1
HSPE1-MOB4;MOB4	HSPE1-MOB4;MOB4
AC000099.1;OTTHUMG00000063970	AC000099.1;OTTHUMG00000063970
AC093627.8;OTTHUMG00000151400	AC093627.8;OTTHUMG00000151400
KIRREL-IT1	KIRREL-IT1
SMPD2	SMPD2
ZBTB33	ZBTB33
SH2D3A	SH2D3A
TSPAN32	TSPAN32
ZC3HAV1L	ZC3HAV1L
MOG	MOG
PMS2CL	PMS2CL
TFCP2L1	TFCP2L1
GML	GML
OR51T1	OR51T1
MIR1304;SNORA1;SNORA18;SNORA25;SNORA32;SNORA40;SNORA8;SNORD5;SNORD6;TAF1D	MIR1304;SNORA1;SNORA18;SNORA25;SNORA32;SNORA40;SNORA8;SNORD5;SNORD6;TAF1D
APCDD1L-AS1	APCDD1L-AS1
NEK5	NEK5
KIAA1737	KIAA1737
C1orf101	C1orf101
OTTHUMG00000018783;RP11-429H9.4	OTTHUMG00000018783;RP11-429H9.4
KATNB1	KATNB1
NECAB3	NECAB3
PIPOX	PIPOX
OTTHUMG00000160346;RP11-240A16.1	OTTHUMG00000160346;RP11-240A16.1
RNA5SP504	RNA5SP504
SELP	SELP
MIR548F1	MIR548F1
CERS2	CERS2
AC010095.5;OTTHUMG00000153229	AC010095.5;OTTHUMG00000153229
LOC389765	LOC389765
PELI1	PELI1
CTD-2061E19.6;OTTHUMG00000162816	CTD-2061E19.6;OTTHUMG00000162816
FAM181A-AS1	FAM181A-AS1
TMSB4XP4	TMSB4XP4
LINC00498	LINC00498
RNU7-59P	RNU7-59P
RNA5SP120	RNA5SP120
WDR31	WDR31
ARHGAP15	ARHGAP15
AC113617.1;OTTHUMG00000059445	AC113617.1;OTTHUMG00000059445
RNA5SP410	RNA5SP410
PDX1	PDX1
CCDC108	CCDC108
CNP	CNP
TPRKB	TPRKB
PRPF38B	PRPF38B
PHF7	PHF7
KCNK15	KCNK15
FCGR2B	FCGR2B
OTTHUMG00000159416;RP11-274H2.3	OTTHUMG00000159416;RP11-274H2.3
MB21D2	MB21D2
A2ML1-AS2	A2ML1-AS2
LOC90246	LOC90246
OTTHUMG00000018236;RP11-564C4.6	OTTHUMG00000018236;RP11-564C4.6
ENTPD6	ENTPD6
LOC644248;OTTHUMG00000161186;RP11-67M1.1	LOC644248;OTTHUMG00000161186;RP11-67M1.1
SLAIN2	SLAIN2
ZNF418	ZNF418
HCG22	HCG22
C1orf143	C1orf143
ZFR	ZFR
OBSL1	OBSL1
PTAFR	PTAFR
EIF4H	EIF4H
AC007970.1;OTTHUMG00000154735	AC007970.1;OTTHUMG00000154735
CAP2	CAP2
LAPTM4B	LAPTM4B
PIWIL3	PIWIL3
LIMCH1	LIMCH1
INTS5	INTS5
TGIF2LY	TGIF2LY
AC139712.4;OTTHUMG00000152267	AC139712.4;OTTHUMG00000152267
RPL21;RPL21P28;SNORA27;SNORD102	RPL21;RPL21P28;SNORA27;SNORD102
TBC1D2	TBC1D2
FKBPL	FKBPL
FAM106A;FAM106CP	FAM106A;FAM106CP
EHMT1-IT1	EHMT1-IT1
OTTHUMG00000008214;RP11-101C11.1	OTTHUMG00000008214;RP11-101C11.1
THEG	THEG
ADIPOQ	ADIPOQ
OTTHUMG00000160797;RP11-798M19.3	OTTHUMG00000160797;RP11-798M19.3
KCNIP4	KCNIP4
TUBA4B	TUBA4B
DEPDC1B	DEPDC1B
STEAP1B	STEAP1B
LOC550112;LOC550113;OTTHUMG00000160769;RP11-453E17.1	LOC550112;LOC550113;OTTHUMG00000160769;RP11-453E17.1
FAM131B	FAM131B
RELA	RELA
ZNF830	ZNF830
LOC100653024;LOC100653146;PTK2	LOC100653024;LOC100653146;PTK2
TRIM61	TRIM61
CRISP2	CRISP2
EDIL3	EDIL3
TDRD6	TDRD6
C19orf73	C19orf73
LOC646736	LOC646736
PRDM16	PRDM16
KB-1448A5.1;OTTHUMG00000164715	KB-1448A5.1;OTTHUMG00000164715
ADAMTSL3	ADAMTSL3
FAM106A;FAM106B	FAM106A;FAM106B
ACRBP	ACRBP
PRL	PRL
LAMP2	LAMP2
LAYN	LAYN
CDK18	CDK18
AC007405.2;LOC440925;OTTHUMG00000154054	AC007405.2;LOC440925;OTTHUMG00000154054
ZNF195	ZNF195
LOC100508408;RPS13;SNORD14B	LOC100508408;RPS13;SNORD14B
NECAP1	NECAP1
ELAVL1	ELAVL1
TAS2R30	TAS2R30
RPS23	RPS23
LOC100288846	LOC100288846
OTTHUMG00000163660;RP11-10A14.4	OTTHUMG00000163660;RP11-10A14.4
SNORA75	SNORA75
LOC100128979	LOC100128979
SPATA31A1;SPATA31A2	SPATA31A1;SPATA31A2
AP000688.29;OTTHUMG00000153500	AP000688.29;OTTHUMG00000153500
AC007099.2;OTTHUMG00000152939	AC007099.2;OTTHUMG00000152939
OTTHUMG00000163989;RP1-273G13.3	OTTHUMG00000163989;RP1-273G13.3
LOC100505840;OTTHUMG00000010019;RP4-665J23.2	LOC100505840;OTTHUMG00000010019;RP4-665J23.2
TADA2A	TADA2A
MIR3148	MIR3148
PSORS1C1	PSORS1C1
CTC-537E7.1;OTTHUMG00000162331	CTC-537E7.1;OTTHUMG00000162331
APOBEC1	APOBEC1
NGRN	NGRN
SNORD116-5;SNORD116-7	SNORD116-5;SNORD116-7
SNORD116-5;SNORD116-7	SNORD116-5;SNORD116-7
HSH2D	HSH2D
FLJ43681	FLJ43681
OTTHUMG00000021545;RP11-114H20.1	OTTHUMG00000021545;RP11-114H20.1
PBRM1	PBRM1
TYW1B	TYW1B
AC128709.3;OTTHUMG00000155481	AC128709.3;OTTHUMG00000155481
GHRHR	GHRHR
B4GALNT2	B4GALNT2
ASF1B	ASF1B
ZNF271	ZNF271
GLIPR1L1	GLIPR1L1
AC113618.1;OTTHUMG00000152851	AC113618.1;OTTHUMG00000152851
FP15737;SLC25A37	FP15737;SLC25A37
AC104655.3;OTTHUMG00000153079	AC104655.3;OTTHUMG00000153079
OR5AU1	OR5AU1
MAP3K7	MAP3K7
MIR4500	MIR4500
DROSHA	DROSHA
BX004987.7;OTTHUMG00000013632	BX004987.7;OTTHUMG00000013632
MAGEC1	MAGEC1
CASR	CASR
OTTHUMG00000161730;RP11-725D20.1	OTTHUMG00000161730;RP11-725D20.1
CYMP	CYMP
DCC	DCC
CCSAP	CCSAP
OTTHUMG00000163630;RP11-1049H7.2	OTTHUMG00000163630;RP11-1049H7.2
IVNS1ABP	IVNS1ABP
ITSN2	ITSN2
OTTHUMG00000164290;RP11-386G21.2	OTTHUMG00000164290;RP11-386G21.2
TDGF1P3	TDGF1P3
AP1M1	AP1M1
LOC100507540;OTTHUMG00000020007;RP11-63P12.6	LOC100507540;OTTHUMG00000020007;RP11-63P12.6
MDP1	MDP1
AP000350.4;LOC284889;OTTHUMG00000150772	AP000350.4;LOC284889;OTTHUMG00000150772
CPA4	CPA4
NDUFS1	NDUFS1
GFI1B	GFI1B
LRG1	LRG1
OTTHUMG00000041452;RP1-120G22.11	OTTHUMG00000041452;RP1-120G22.11
MRRF	MRRF
NANP	NANP
CTC-228N24.2;OTTHUMG00000163283	CTC-228N24.2;OTTHUMG00000163283
CACNG2	CACNG2
CALB1	CALB1
OTTHUMG00000036136;RP11-459K23.2	OTTHUMG00000036136;RP11-459K23.2
ATP2C1;OTTHUMG00000159704;RP11-39E3.6	ATP2C1;OTTHUMG00000159704;RP11-39E3.6
SCFD2	SCFD2
KIR2DS4	KIR2DS4
OSR1	OSR1
OSBP	OSBP
C18orf56	C18orf56
FAM90A7P	FAM90A7P
FAM230C	FAM230C
SLC22A9	SLC22A9
LOC100506844	LOC100506844
ISLR	ISLR
MRGPRX1	MRGPRX1
MYO16	MYO16
H2AFZ	H2AFZ
TLX1	TLX1
TUSC3	TUSC3
HNRNPR	HNRNPR
OTTHUMG00000009098;RP11-15J6.1	OTTHUMG00000009098;RP11-15J6.1
NCF1B	NCF1B
FOXQ1	FOXQ1
C7orf72	C7orf72
ZNF420	ZNF420
GIN1	GIN1
VARS	VARS
SNORD88C	SNORD88C
ZNF582	ZNF582
NR1I2	NR1I2
WDR46	WDR46
RBM43	RBM43
MIR4315-1;MIR4315-2;PLEKHM1	MIR4315-1;MIR4315-2;PLEKHM1
UCKL1-AS1	UCKL1-AS1
HEXA	HEXA
TMCO2	TMCO2
CTC-327F10.5;OTTHUMG00000163422	CTC-327F10.5;OTTHUMG00000163422
NAA10	NAA10
SNORA71C	SNORA71C
CISD3	CISD3
OTTHUMG00000002836;RP4-745E8.2	OTTHUMG00000002836;RP4-745E8.2
SP110	SP110
AC005224.2;OTTHUMG00000058809	AC005224.2;OTTHUMG00000058809
HFM1	HFM1
OTTHUMG00000018923;RP11-108L7.4	OTTHUMG00000018923;RP11-108L7.4
OTTHUMG00000000769;RP1-202O8.2	OTTHUMG00000000769;RP1-202O8.2
OTTHUMG00000021796;RP5-1091N2.9	OTTHUMG00000021796;RP5-1091N2.9
LYZL2	LYZL2
MS4A15	MS4A15
OTTHUMG00000032044;RP4-788L20.3	OTTHUMG00000032044;RP4-788L20.3
C6orf226	C6orf226
OTTHUMG00000015908;RP11-732M18.2	OTTHUMG00000015908;RP11-732M18.2
UBE2T	UBE2T
KRTAP21-1	KRTAP21-1
OTTHUMG00000014331;RP3-471C18.1	OTTHUMG00000014331;RP3-471C18.1
TSSC1	TSSC1
AC010974.3;OTTHUMG00000153645	AC010974.3;OTTHUMG00000153645
RHOF	RHOF
CDY2A;CDY2B	CDY2A;CDY2B
LOC284551;OTTHUMG00000003882;RP11-439L8.4	LOC284551;OTTHUMG00000003882;RP11-439L8.4
FRY-AS1	FRY-AS1
MIR4645	MIR4645
TSPY3;TSPY8	TSPY3;TSPY8
OVOL2	OVOL2
TNFSF11	TNFSF11
EMC10	EMC10
AC068039.4;OTTHUMG00000154281	AC068039.4;OTTHUMG00000154281
SNORD114-12	SNORD114-12
SDK1	SDK1
MIR485	MIR485
C17orf70	C17orf70
ANP32D	ANP32D
LOC283788	LOC283788
SYP-AS1	SYP-AS1
MIR944	MIR944
SPATA31A6	SPATA31A6
FAM105B	FAM105B
BMPR1B	BMPR1B
FRAT2	FRAT2
AC007161.5;OTTHUMG00000152016	AC007161.5;OTTHUMG00000152016
C11orf35	C11orf35
OTTHUMG00000020283;RP11-332M4.1	OTTHUMG00000020283;RP11-332M4.1
KRT26	KRT26
CLCC1	CLCC1
OTTHUMG00000017334;RP11-54H7.2	OTTHUMG00000017334;RP11-54H7.2
PZP	PZP
ASB14	ASB14
PRPF31	PRPF31
IKZF3	IKZF3
PPP1R14C	PPP1R14C
OTTHUMG00000014230;RP1-290I10.3	OTTHUMG00000014230;RP1-290I10.3
LAIR1	LAIR1
OTTHUMG00000158586;RP11-298O21.7	OTTHUMG00000158586;RP11-298O21.7
TAF6	TAF6
PPCDC	PPCDC
C10orf53	C10orf53
AC007551.3;OTTHUMG00000155061	AC007551.3;OTTHUMG00000155061
C19orf55	C19orf55
OTTHUMG00000156655;RP5-1132H15.1	OTTHUMG00000156655;RP5-1132H15.1
LOC254099;OTTHUMG00000000827;RP11-465B22.5	LOC254099;OTTHUMG00000000827;RP11-465B22.5
LOC100506731	LOC100506731
CXorf61	CXorf61
RPPH1	RPPH1
KLHL35	KLHL35
POLE4	POLE4
MMP23A;MMP23B	MMP23A;MMP23B
TMEM222	TMEM222
AC091814.2;OTTHUMG00000140394	AC091814.2;OTTHUMG00000140394
TMEM141	TMEM141
AC058791.1;LOC646329;OTTHUMG00000043895	AC058791.1;LOC646329;OTTHUMG00000043895
ZSWIM3	ZSWIM3
NAPA	NAPA
LMO4	LMO4
BANK1	BANK1
ETNK2	ETNK2
AC026202.5;OTTHUMG00000154903	AC026202.5;OTTHUMG00000154903
PGK2	PGK2
RANBP2	RANBP2
AC012462.1;OTTHUMG00000154840	AC012462.1;OTTHUMG00000154840
OTTHUMG00000020086;RP11-383M4.2	OTTHUMG00000020086;RP11-383M4.2
OTTHUMG00000159625;RP11-292E2.1	OTTHUMG00000159625;RP11-292E2.1
MIR4706	MIR4706
MIR4713	MIR4713
IGBP1	IGBP1
UTS2R	UTS2R
AP000343.2;OTTHUMG00000150838	AP000343.2;OTTHUMG00000150838
RNU1-23P	RNU1-23P
NABP2	NABP2
PSORS1C1	PSORS1C1
DOCK10	DOCK10
TMEM179B	TMEM179B
LOC440040	LOC440040
KNG1	KNG1
LOC100506127	LOC100506127
UBE2Q2	UBE2Q2
VPS13A-AS1	VPS13A-AS1
AL132709.8;OTTHUMG00000067435	AL132709.8;OTTHUMG00000067435
PLSCR4	PLSCR4
LOC100132055;LOC100996442;LOC100996554;OTTHUMG00000002480;RP11-34P13.13	LOC100132055;LOC100996442;LOC100996554;OTTHUMG00000002480;RP11-34P13.13
FAM187B	FAM187B
AC068831.3;OTTHUMG00000141259	AC068831.3;OTTHUMG00000141259
AC062032.1;OTTHUMG00000153712	AC062032.1;OTTHUMG00000153712
AC106869.2;OTTHUMG00000151712	AC106869.2;OTTHUMG00000151712
LRRN4	LRRN4
AC005609.17;OTTHUMG00000163365	AC005609.17;OTTHUMG00000163365
LOC100505518;OTTHUMG00000017113;RP11-318G21.3	LOC100505518;OTTHUMG00000017113;RP11-318G21.3
ACSM2B	ACSM2B
C1ORF220;C1orf220	C1ORF220;C1orf220
MOS	MOS
TMEM130	TMEM130
PRLR	PRLR
MCFD2	MCFD2
TMBIM6	TMBIM6
CTD-2320G14.2;OTTHUMG00000164510	CTD-2320G14.2;OTTHUMG00000164510
AL133493.2;OTTHUMG00000090408	AL133493.2;OTTHUMG00000090408
GNG13	GNG13
TMEM169	TMEM169
LOC100129636	LOC100129636
LOC100129636	LOC100129636
LOC100129636	LOC100129636
LOC100129636	LOC100129636
LOC100129636	LOC100129636
LOC100129636	LOC100129636
NT5DC4	NT5DC4
FMO9P	FMO9P
GOLGA6D	GOLGA6D
LOC100506113	LOC100506113
TM6SF1	TM6SF1
MIR519C	MIR519C
NMBR	NMBR
ENAM	ENAM
MIR523	MIR523
ABCA3	ABCA3
ASB3;GPR75-ASB3	ASB3;GPR75-ASB3
PSMB9	PSMB9
PSMB9	PSMB9
ZNF638;ZNF638-IT1	ZNF638;ZNF638-IT1
ERMAP	ERMAP
OTTHUMG00000010261;RP4-604K5.2	OTTHUMG00000010261;RP4-604K5.2
BRICD5	BRICD5
ITLN1	ITLN1
RRP7A	RRP7A
ZNF80	ZNF80
FLJ12825;OTTHUMG00000160034;RP11-834C11.3	FLJ12825;OTTHUMG00000160034;RP11-834C11.3
LOC285629;OTTHUMG00000163562;RP11-109J4.1	LOC285629;OTTHUMG00000163562;RP11-109J4.1
SNORA71A	SNORA71A
AP001628.6;OTTHUMG00000086824	AP001628.6;OTTHUMG00000086824
LINC00926	LINC00926
HOXA-AS3	HOXA-AS3
AC074389.5;OTTHUMG00000151498	AC074389.5;OTTHUMG00000151498
DBC1	DBC1
CFHR1	CFHR1
C6orf25	C6orf25
C6orf25	C6orf25
C6orf25	C6orf25
C6orf25	C6orf25
AGAP2-AS1	AGAP2-AS1
GUCY2D	GUCY2D
AC011239.2;OTTHUMG00000151890	AC011239.2;OTTHUMG00000151890
OTTHUMG00000041136;RP5-1011O1.3	OTTHUMG00000041136;RP5-1011O1.3
UBE2G2	UBE2G2
SEMA3F	SEMA3F
GRIK5	GRIK5
HS3ST2	HS3ST2
LMBRD2	LMBRD2
LOC100129148	LOC100129148
AC079767.2;CREB1;OTTHUMG00000154783	AC079767.2;CREB1;OTTHUMG00000154783
CYP20A1	CYP20A1
AC006296.3;LOC441009;OTTHUMG00000160381	AC006296.3;LOC441009;OTTHUMG00000160381
DCLK1	DCLK1
SEPT9	SEPT9
CHD8	CHD8
VAT1L	VAT1L
SRPK2	SRPK2
SDS	SDS
OSBPL2	OSBPL2
C1orf132;MIR29B2;MIR29C	C1orf132;MIR29B2;MIR29C
FAM66C	FAM66C
LOC728819	LOC728819
TMEM61	TMEM61
CTC-458G6.4;OTTHUMG00000162672	CTC-458G6.4;OTTHUMG00000162672
ZNF417	ZNF417
AGXT2L2;PHYKPL	AGXT2L2;PHYKPL
LRP3	LRP3
NRK	NRK
GALNT11	GALNT11
GDPD3	GDPD3
OTTHUMG00000021342;RP11-545D19.1	OTTHUMG00000021342;RP11-545D19.1
RFPL3	RFPL3
TCP10;TCP10L2	TCP10;TCP10L2
DGAT1	DGAT1
ASPHD1	ASPHD1
DUSP3	DUSP3
LHFPL4	LHFPL4
SERPINE1	SERPINE1
OTTHUMG00000150678;Z82214.3	OTTHUMG00000150678;Z82214.3
LINC00462	LINC00462
UBTD2	UBTD2
JAM3	JAM3
ANAPC2	ANAPC2
OTTHUMG00000035508;RP1-45C12.1	OTTHUMG00000035508;RP1-45C12.1
LINC00675	LINC00675
CLTB	CLTB
HIST1H2BO	HIST1H2BO
HSDL2	HSDL2
TTTY2;TTTY2B	TTTY2;TTTY2B
CTC-205M6.3;HEIH;OTTHUMG00000162271	CTC-205M6.3;HEIH;OTTHUMG00000162271
EIF1B	EIF1B
PRPF4	PRPF4
OTTHUMG00000014754;RP5-1120P11.3	OTTHUMG00000014754;RP5-1120P11.3
CD1E	CD1E
NCKIPSD	NCKIPSD
HSP90AB3P	HSP90AB3P
CCDC51	CCDC51
LOC283038;OTTHUMG00000019230;RP11-383C5.3	LOC283038;OTTHUMG00000019230;RP11-383C5.3
TNIP3	TNIP3
RHPN2	RHPN2
VDAC2	VDAC2
AC108066.1;OTTHUMG00000154822	AC108066.1;OTTHUMG00000154822
ZNF641	ZNF641
LOC101060620;LOC644172;MAPK8IP1	LOC101060620;LOC644172;MAPK8IP1
TRIM51HP	TRIM51HP
SKA2P1	SKA2P1
OTTHUMG00000004372;PSMB2;RP4-728D4.2	OTTHUMG00000004372;PSMB2;RP4-728D4.2
FBXO10	FBXO10
SYNM	SYNM
OTTHUMG00000159825;RP11-392O18.1;SELT	OTTHUMG00000159825;RP11-392O18.1;SELT
CHST15	CHST15
LOXL1	LOXL1
OTTHUMG00000020472;PTPN3;RP11-18A3.4	OTTHUMG00000020472;PTPN3;RP11-18A3.4
RNA5SP492	RNA5SP492
SF3B4	SF3B4
HERC3	HERC3
GPR17	GPR17
MIR200B	MIR200B
DDX20	DDX20
SEMA4A	SEMA4A
DMRTC1;DMRTC1B	DMRTC1;DMRTC1B
MAP3K6	MAP3K6
C4B	C4B
ZNF720	ZNF720
TRAF5	TRAF5
SNORD99	SNORD99
OTTHUMG00000156317;RP11-272D20.2	OTTHUMG00000156317;RP11-272D20.2
TRUB1	TRUB1
RNA5SP113	RNA5SP113
GZMB	GZMB
LOC100506007;OTTHUMG00000040490;RP11-305E17.6	LOC100506007;OTTHUMG00000040490;RP11-305E17.6
GUSBP2	GUSBP2
TYROBP	TYROBP
TBATA	TBATA
AC073934.6;OTTHUMG00000157565	AC073934.6;OTTHUMG00000157565
HLA-A	HLA-A
LOC101060589;SMG1	LOC101060589;SMG1
OTTHUMG00000018126;RP11-292F22.5	OTTHUMG00000018126;RP11-292F22.5
OTTHUMG00000018028;RP11-517P14.2	OTTHUMG00000018028;RP11-517P14.2
IGHV3-35	IGHV3-35
RYR3	RYR3
PCDH12	PCDH12
MIR4739	MIR4739
SNORD114-22	SNORD114-22
GPR137C	GPR137C
C18orf42	C18orf42
CYP1B1-AS1	CYP1B1-AS1
RHOU	RHOU
CBR3	CBR3
C20orf111;OSER1	C20orf111;OSER1
OTTHUMG00000037123;RP11-122M14.1	OTTHUMG00000037123;RP11-122M14.1
SPRYD3	SPRYD3
SRPX	SRPX
AMPD1	AMPD1
AC012307.3;LOC285033;OTTHUMG00000155209	AC012307.3;LOC285033;OTTHUMG00000155209
FAM96B	FAM96B
TXNRD3;TXNRD3NB	TXNRD3;TXNRD3NB
LOC643339	LOC643339
DIP2B	DIP2B
ACAD8	ACAD8
DAGLB	DAGLB
LOC101060650;RNF212	LOC101060650;RNF212
CRIP1	CRIP1
AC006145.4;MIR1255B1;OTTHUMG00000154779	AC006145.4;MIR1255B1;OTTHUMG00000154779
NOBOX	NOBOX
MIR3919	MIR3919
RIMBP3	RIMBP3
ACSL3	ACSL3
MICAL1	MICAL1
ZNF606	ZNF606
MAP3K10	MAP3K10
XIRP1	XIRP1
IGSF9	IGSF9
CREB3L2	CREB3L2
LOC100133123;OTTHUMG00000021151;RP11-142G7.2	LOC100133123;OTTHUMG00000021151;RP11-142G7.2
NEK2	NEK2
VWA7	VWA7
CCL3;LOC101060267	CCL3;LOC101060267
OTTHUMG00000019119;RP11-501J20.5	OTTHUMG00000019119;RP11-501J20.5
FCRLB	FCRLB
MEIS1	MEIS1
CIAO1	CIAO1
AC011747.4;OTTHUMG00000151622	AC011747.4;OTTHUMG00000151622
OTTHUMG00000160753;RP11-588L15.2	OTTHUMG00000160753;RP11-588L15.2
LPPR5;OTTHUMG00000010738	LPPR5;OTTHUMG00000010738
CCBE1	CCBE1
RORC	RORC
NLGN4Y-AS1	NLGN4Y-AS1
GRIK3	GRIK3
TNPO2	TNPO2
LCORL	LCORL
OTTHUMG00000156067;RP11-436F9.1	OTTHUMG00000156067;RP11-436F9.1
AC097500.2;OTTHUMG00000154250	AC097500.2;OTTHUMG00000154250
PSMG4	PSMG4
TRIM67	TRIM67
CCL3L1;CCL3L3	CCL3L1;CCL3L3
AK4P3	AK4P3
OTTHUMG00000160529;RP11-457P14.5	OTTHUMG00000160529;RP11-457P14.5
MIR517A	MIR517A
OR5G5P	OR5G5P
TGOLN2	TGOLN2
TACSTD2	TACSTD2
AC007278.3;OTTHUMG00000153092	AC007278.3;OTTHUMG00000153092
BRD7P3	BRD7P3
LOC100131635;OTTHUMG00000156439;RP11-211G3.3	LOC100131635;OTTHUMG00000156439;RP11-211G3.3
KRT3	KRT3
SDAD1P1	SDAD1P1
RNA5SP114	RNA5SP114
AGFG1	AGFG1
FLYWCH2	FLYWCH2
CLIC5	CLIC5
LGALS14	LGALS14
GOLGA8O	GOLGA8O
LINC00681	LINC00681
MIRLET7C	MIRLET7C
SLC25A6	SLC25A6
FGF20	FGF20
RPS16	RPS16
JSRP1	JSRP1
NCK1	NCK1
AF015262.2;OTTHUMG00000086303	AF015262.2;OTTHUMG00000086303
THAP6	THAP6
WNT5A-AS1	WNT5A-AS1
CCL13	CCL13
CYP2A13	CYP2A13
PRSS42	PRSS42
CCND1	CCND1
TMPRSS7	TMPRSS7
AC004878.8;OTTHUMG00000162597	AC004878.8;OTTHUMG00000162597
OTTHUMG00000159958;RP11-442N1.1	OTTHUMG00000159958;RP11-442N1.1
AC016700.3;OTTHUMG00000153128	AC016700.3;OTTHUMG00000153128
ALDH7A1	ALDH7A1
SH3RF1	SH3RF1
RNA5SP216	RNA5SP216
OTTHUMG00000160933;RP11-1258F18.1	OTTHUMG00000160933;RP11-1258F18.1
NT5DC3	NT5DC3
LSM6	LSM6
FAM22G;NUTM2G	FAM22G;NUTM2G
SPACA7	SPACA7
CTD-2201G3.1;OTTHUMG00000162864	CTD-2201G3.1;OTTHUMG00000162864
GYLTL1B	GYLTL1B
MIR3179-3	MIR3179-3
HVCN1	HVCN1
LAPTM4A	LAPTM4A
GBAP1	GBAP1
MIR2054	MIR2054
IMPG2	IMPG2
CNTFR-AS1;OTTHUMG00000000441;RP11-296L22.4	CNTFR-AS1;OTTHUMG00000000441;RP11-296L22.4
MED23	MED23
MMAB	MMAB
AC005042.5;OTTHUMG00000153971	AC005042.5;OTTHUMG00000153971
NR1H4	NR1H4
AC073043.2;FTCDNL1;OTTHUMG00000154481	AC073043.2;FTCDNL1;OTTHUMG00000154481
ENTPD3	ENTPD3
ATF2	ATF2
REEP3	REEP3
DGCR10	DGCR10
IGHV1-18	IGHV1-18
APOF	APOF
OR14J1	OR14J1
ABHD14A	ABHD14A
KCNJ5	KCNJ5
AC012309.5;OTTHUMG00000048167	AC012309.5;OTTHUMG00000048167
LINC00521	LINC00521
GTF2H4	GTF2H4
LOC100128326;LOC100132050;LOC100132062;LOC100132287;LOC100133331;LOC100508632;LOC100652945;LOC100653241;LOC100653346;LOC100996769	LOC100128326;LOC100132050;LOC100132062;LOC100132287;LOC100133331;LOC100508632;LOC100652945;LOC100653241;LOC100653346;LOC100996769
F3	F3
AC013472.4;OTTHUMG00000151992	AC013472.4;OTTHUMG00000151992
ITFG2;LOC100507424	ITFG2;LOC100507424
TTC40	TTC40
AC084809.2;OTTHUMG00000132777	AC084809.2;OTTHUMG00000132777
LPIN3	LPIN3
INPP5F	INPP5F
AC099668.5;MST1;OTTHUMG00000155919	AC099668.5;MST1;OTTHUMG00000155919
NDUFB2-AS1	NDUFB2-AS1
MFSD2B	MFSD2B
AC005550.4;OTTHUMG00000152388	AC005550.4;OTTHUMG00000152388
SNORD116-17	SNORD116-17
NRL	NRL
ARSA	ARSA
ZNF266	ZNF266
UPF3B	UPF3B
C3AR1	C3AR1
FOLR4	FOLR4
IER3	IER3
IER3	IER3
IER3	IER3
IER3	IER3
SSX2;SSX2B	SSX2;SSX2B
PIGX	PIGX
EPS15L1	EPS15L1
UBE2I	UBE2I
ST6GALNAC1	ST6GALNAC1
RIMBP3B;RIMBP3C	RIMBP3B;RIMBP3C
NRIP1	NRIP1
GSTO2	GSTO2
APLF	APLF
PRLHR	PRLHR
AC004840.8;OTTHUMG00000151516	AC004840.8;OTTHUMG00000151516
KRT39	KRT39
C12orf57;RNU7-1	C12orf57;RNU7-1
RERE	RERE
LOC286359	LOC286359
DDX41	DDX41
LOC100288748	LOC100288748
CNKSR1	CNKSR1
GSTTP2	GSTTP2
OTTHUMG00000014787;RP11-446F17.3	OTTHUMG00000014787;RP11-446F17.3
OTTHUMG00000160471;RP11-725M22.1	OTTHUMG00000160471;RP11-725M22.1
LINC00284	LINC00284
ZDHHC18	ZDHHC18
OTTHUMG00000164046;RP11-470M17.2	OTTHUMG00000164046;RP11-470M17.2
UNC93B1	UNC93B1
KLHL28	KLHL28
PCP2	PCP2
OTTHUMG00000020240;RP11-274J16.5	OTTHUMG00000020240;RP11-274J16.5
ACTN1-AS1	ACTN1-AS1
OTTHUMG00000014232;RP1-290I10.5	OTTHUMG00000014232;RP1-290I10.5
CYP4F31P;LOC440910	CYP4F31P;LOC440910
ANKS3	ANKS3
DSCAM	DSCAM
INO80E	INO80E
STX2	STX2
OTTHUMG00000159413;RP11-779P15.2	OTTHUMG00000159413;RP11-779P15.2
PTPN5	PTPN5
SLIT3	SLIT3
TRBJ2-2P	TRBJ2-2P
RC3H1	RC3H1
GNB2L1;SNORD95;SNORD96A	GNB2L1;SNORD95;SNORD96A
LOC100507205	LOC100507205
PSMB9	PSMB9
PSMB9	PSMB9
STOM	STOM
LINC00867;OTTHUMG00000019132;RP11-319I23.2	LINC00867;OTTHUMG00000019132;RP11-319I23.2
ZNF446	ZNF446
ZFYVE1	ZFYVE1
CTD-2207A17.1;OTTHUMG00000162113	CTD-2207A17.1;OTTHUMG00000162113
TBX20	TBX20
BRDT	BRDT
TSSC1-IT1	TSSC1-IT1
OTTHUMG00000158693;RP11-148K1.12	OTTHUMG00000158693;RP11-148K1.12
LIN7A	LIN7A
OTTHUMG00000017959;RP11-309N24.1	OTTHUMG00000017959;RP11-309N24.1
OTTHUMG00000161197;RP11-422J15.1	OTTHUMG00000161197;RP11-422J15.1
OTTHUMG00000162581;RP11-64D22.5	OTTHUMG00000162581;RP11-64D22.5
MIR489	MIR489
MOG	MOG
MIR3925	MIR3925
PTPRM	PTPRM
MPHOSPH6	MPHOSPH6
KLK2	KLK2
SPATA7	SPATA7
MIR4679-1	MIR4679-1
AQP2	AQP2
PFN3	PFN3
KLLN	KLLN
OTTHUMG00000164243;RP11-401H2.1	OTTHUMG00000164243;RP11-401H2.1
ARL5A	ARL5A
PPWD1	PPWD1
CTD-2196P11.2;OTTHUMG00000162106	CTD-2196P11.2;OTTHUMG00000162106
MIR4731	MIR4731
AC005008.2;OTTHUMG00000156705	AC005008.2;OTTHUMG00000156705
TNNT3	TNNT3
ZNF283	ZNF283
IL3RA	IL3RA
OTTHUMG00000160990;RP11-297P16.4	OTTHUMG00000160990;RP11-297P16.4
TSLP	TSLP
OTTHUMG00000157258;RP5-981O7.2	OTTHUMG00000157258;RP5-981O7.2
CD248	CD248
BHLHE22	BHLHE22
OTTHUMG00000015116;RP3-393K13.1	OTTHUMG00000015116;RP3-393K13.1
LINC00692	LINC00692
LOC100653178;LOC101060202;LOC101060684;NBPF3	LOC100653178;LOC101060202;LOC101060684;NBPF3
AC007036.4;OTTHUMG00000152764	AC007036.4;OTTHUMG00000152764
GPR173	GPR173
ASMT	ASMT
MIR17;MIR17HG;MIR18A;MIR18B;MIR19A;MIR19B1;MIR20A;MIR92A1	MIR17;MIR17HG;MIR18A;MIR18B;MIR19A;MIR19B1;MIR20A;MIR92A1
SLC22A4	SLC22A4
OTTHUMG00000161751;RP11-703G6.1	OTTHUMG00000161751;RP11-703G6.1
C19orf48;SNORD88C	C19orf48;SNORD88C
RPL31P11	RPL31P11
LOC100506609;OTTHUMG00000162317;RP11-700H6.1	LOC100506609;OTTHUMG00000162317;RP11-700H6.1
RNA5SP27	RNA5SP27
UTP6	UTP6
CTHRC1	CTHRC1
C9orf92	C9orf92
TGFBRAP1	TGFBRAP1
HILS1	HILS1
USP43	USP43
GPX3	GPX3
DCAF7	DCAF7
SH3BGRL2	SH3BGRL2
PGA3;PGA4	PGA3;PGA4
FCRLA	FCRLA
LRIT2	LRIT2
OTTHUMG00000010623;RP11-78O9.1	OTTHUMG00000010623;RP11-78O9.1
ZNF445	ZNF445
PPP1R14BP3	PPP1R14BP3
LOC730668	LOC730668
PSMB9	PSMB9
IGKV1-6	IGKV1-6
AIRE	AIRE
MGAT5	MGAT5
ADD3	ADD3
KLRF1	KLRF1
HIST3H2A	HIST3H2A
AC009492.1;OTTHUMG00000155286	AC009492.1;OTTHUMG00000155286
LOC100289473;OTTHUMG00000154775;RP4-673D20.3	LOC100289473;OTTHUMG00000154775;RP4-673D20.3
KRTAP19-1	KRTAP19-1
RAB33A	RAB33A
CXCL10	CXCL10
C14orf164	C14orf164
SOX2	SOX2
SIK2	SIK2
OTTHUMG00000046186;RP11-122K13.12	OTTHUMG00000046186;RP11-122K13.12
STARD13-IT1	STARD13-IT1
NOTCH4	NOTCH4
CHD3	CHD3
LGMN	LGMN
DOM3Z	DOM3Z
MIR153-2	MIR153-2
CD44	CD44
OTTHUMG00000009350;RP11-99H8.1	OTTHUMG00000009350;RP11-99H8.1
STK19	STK19
MIR3913-1	MIR3913-1
C8orf46	C8orf46
TTN-AS1	TTN-AS1
SOX7	SOX7
OTTHUMG00000008426;RP11-435D7.3	OTTHUMG00000008426;RP11-435D7.3
MEF2B;MEF2BNB;MEF2BNB-MEF2B	MEF2B;MEF2BNB;MEF2BNB-MEF2B
HPSE2	HPSE2
MIR4691;NDUFS8	MIR4691;NDUFS8
OTTHUMG00000020440;RP11-508N12.4;ZNF462	OTTHUMG00000020440;RP11-508N12.4;ZNF462
OTTHUMG00000156257;RP11-70C1.1	OTTHUMG00000156257;RP11-70C1.1
C14orf101;TMEM260	C14orf101;TMEM260
MTMR3	MTMR3
OTTHUMG00000041432;RP11-293G6__A.2;TBCE	OTTHUMG00000041432;RP11-293G6__A.2;TBCE
NOTUM	NOTUM
ERAS	ERAS
MIR196A2	MIR196A2
AC008079.9;LOC100652750;OTTHUMG00000150103	AC008079.9;LOC100652750;OTTHUMG00000150103
PDZK1P1	PDZK1P1
HMGB1	HMGB1
DCTN6	DCTN6
PRNP	PRNP
C6orf214;LINC00243;OTTHUMG00000031239	C6orf214;LINC00243;OTTHUMG00000031239
MIR4454	MIR4454
ANGPTL7	ANGPTL7
OTTHUMG00000009791;RP11-550H2.2	OTTHUMG00000009791;RP11-550H2.2
MIR518C	MIR518C
LOC100506730	LOC100506730
SELV	SELV
CDKN2B-AS1	CDKN2B-AS1
CCK	CCK
AC090587.4;OTTHUMG00000012284	AC090587.4;OTTHUMG00000012284
LOC100287728;OTTHUMG00000022470;RP11-85L21.4	LOC100287728;OTTHUMG00000022470;RP11-85L21.4
RPP21	RPP21
LL0XNC01-237H1.2;OTTHUMG00000022085	LL0XNC01-237H1.2;OTTHUMG00000022085
RASIP1	RASIP1
SNORD114-13	SNORD114-13
CTSZ	CTSZ
CTD-2335O3.3;LOC100506329;OTTHUMG00000162404	CTD-2335O3.3;LOC100506329;OTTHUMG00000162404
ZNF773	ZNF773
LOC728613	LOC728613
SNORD124	SNORD124
RSPRY1	RSPRY1
PRM1	PRM1
GAS6-AS1	GAS6-AS1
SIGLEC9	SIGLEC9
FKBPL	FKBPL
TBC1D5	TBC1D5
POM121L10P	POM121L10P
OTTHUMG00000015761;RP3-337D23.3	OTTHUMG00000015761;RP3-337D23.3
IGHV3-11	IGHV3-11
CGB;CGB5;CGB8	CGB;CGB5;CGB8
CHERP	CHERP
OTTHUMG00000017601;RP13-463N16.6	OTTHUMG00000017601;RP13-463N16.6
DNM1L	DNM1L
RIF1	RIF1
GRPEL2	GRPEL2
MICAL2	MICAL2
MIR766	MIR766
MBOAT7	MBOAT7
MITF	MITF
VCP	VCP
COL5A1	COL5A1
CXorf49;CXorf49B;LOC100129291	CXorf49;CXorf49B;LOC100129291
ATP8B2	ATP8B2
DISC1-IT1;LINC00582	DISC1-IT1;LINC00582
FAAH	FAAH
OTTHUMG00000163758;RP11-369E15.3	OTTHUMG00000163758;RP11-369E15.3
IFRD1	IFRD1
MVP	MVP
OTTHUMG00000160733;RP11-313E19.2	OTTHUMG00000160733;RP11-313E19.2
LOC256880;OTTHUMG00000161022;RP11-15B17.1	LOC256880;OTTHUMG00000161022;RP11-15B17.1
BCL2L10	BCL2L10
AC003988.1;OTTHUMG00000156443	AC003988.1;OTTHUMG00000156443
RCAN2	RCAN2
AB015752.3;OTTHUMG00000163969	AB015752.3;OTTHUMG00000163969
FBN2	FBN2
SEPT1	SEPT1
RBMY1A1;RBMY1B;RBMY1D;RBMY1E	RBMY1A1;RBMY1B;RBMY1D;RBMY1E
OTTHUMG00000018447;RP11-344N10.2	OTTHUMG00000018447;RP11-344N10.2
AC008271.1;OTTHUMG00000151724	AC008271.1;OTTHUMG00000151724
CAMLG	CAMLG
PAQR7	PAQR7
SLC44A3	SLC44A3
OTTHUMG00000010651;RP11-148B18.4	OTTHUMG00000010651;RP11-148B18.4
SLC25A38	SLC25A38
GTSE1-AS1	GTSE1-AS1
TMPRSS6	TMPRSS6
DEFT1P;DEFT1P2	DEFT1P;DEFT1P2
C1orf177	C1orf177
C7orf31	C7orf31
PSMC1	PSMC1
C10orf129	C10orf129
PCOLCE-AS1	PCOLCE-AS1
TRIM26	TRIM26
SMAD9-AS1	SMAD9-AS1
SPATA31A4;SPATA31A5;SPATA31A7	SPATA31A4;SPATA31A5;SPATA31A7
NDST2;OTTHUMG00000018488;RP11-574K11.18	NDST2;OTTHUMG00000018488;RP11-574K11.18
C19orf69	C19orf69
APOA5	APOA5
OTTHUMG00000019203;RP11-282I1.2	OTTHUMG00000019203;RP11-282I1.2
AF165138.7;LOC388813;OTTHUMG00000074315	AF165138.7;LOC388813;OTTHUMG00000074315
JUND	JUND
MTUS2-AS1	MTUS2-AS1
ZCCHC18	ZCCHC18
HIST1H2AB;HIST1H2AE	HIST1H2AB;HIST1H2AE
MIR609	MIR609
FAM90A1	FAM90A1
TAF1A	TAF1A
PHF1	PHF1
TSEN15	TSEN15
TRIM44	TRIM44
LINC00597	LINC00597
STX12	STX12
PRR20A;PRR20B;PRR20C;PRR20D;PRR20E	PRR20A;PRR20B;PRR20C;PRR20D;PRR20E
CTSK	CTSK
KIAA0247	KIAA0247
FRMD3	FRMD3
SPCS1	SPCS1
LOC100506792	LOC100506792
CELF2-AS2	CELF2-AS2
C3P1	C3P1
CXorf57	CXorf57
PRR21	PRR21
LITAF	LITAF
MPPE1	MPPE1
CDH17	CDH17
MMP9	MMP9
SEC61A1	SEC61A1
TLR2	TLR2
DHDDS	DHDDS
SCARNA22	SCARNA22
WRN	WRN
KIR3DL2;LOC727787	KIR3DL2;LOC727787
INGX	INGX
KCNK9	KCNK9
ANO1-AS2	ANO1-AS2
TNFRSF14	TNFRSF14
OTTHUMG00000164488;RP11-281N10.1	OTTHUMG00000164488;RP11-281N10.1
DEDD	DEDD
ATP13A4-AS1	ATP13A4-AS1
ETAA1	ETAA1
ENG	ENG
DPH3P1;TCFL5	DPH3P1;TCFL5
TMEM161B	TMEM161B
TCEB2P2	TCEB2P2
IGF1	IGF1
ZCCHC14	ZCCHC14
ABCC8	ABCC8
OTTHUMG00000020194;RP11-389K14.3	OTTHUMG00000020194;RP11-389K14.3
AKAP10	AKAP10
LARS	LARS
CDKN2AIPNL	CDKN2AIPNL
SLC6A1-AS1	SLC6A1-AS1
LOC389247;OTTHUMG00000160630;RP11-367N14.2	LOC389247;OTTHUMG00000160630;RP11-367N14.2
DLK2	DLK2
CTD-2236F14.1;OTTHUMG00000162430	CTD-2236F14.1;OTTHUMG00000162430
CRABP1	CRABP1
ANGPTL2	ANGPTL2
SUPT20HL2	SUPT20HL2
GALK2	GALK2
RHOV	RHOV
KAAG1	KAAG1
PLLP	PLLP
CNNM4	CNNM4
MPEG1	MPEG1
OTTHUMG00000009087;RP11-397C12.1	OTTHUMG00000009087;RP11-397C12.1
C1orf105	C1orf105
AC007163.3;LOC100507140;OTTHUMG00000154537	AC007163.3;LOC100507140;OTTHUMG00000154537
SERPINA11	SERPINA11
TMEM225	TMEM225
NONO	NONO
TRDMT1	TRDMT1
NAALADL2-AS1	NAALADL2-AS1
DCAF8L2	DCAF8L2
TMEM191C	TMEM191C
CTA-85E5.10;OTTHUMG00000151289	CTA-85E5.10;OTTHUMG00000151289
SDR39U1	SDR39U1
OTTHUMG00000032810;RP4-813D12.2	OTTHUMG00000032810;RP4-813D12.2
PRKCI	PRKCI
STXBP5L	STXBP5L
SLC25A1	SLC25A1
KIF1C	KIF1C
OTTHUMG00000159581;RP11-206M11.4	OTTHUMG00000159581;RP11-206M11.4
OTTHUMG00000017135;RP11-25J23.3	OTTHUMG00000017135;RP11-25J23.3
OTTHUMG00000037355;RP11-295M18.2	OTTHUMG00000037355;RP11-295M18.2
ZNF577	ZNF577
KREMEN2	KREMEN2
SH2B1	SH2B1
NXN	NXN
CDRT15	CDRT15
CLLU1OS	CLLU1OS
SAMD10	SAMD10
ZNF230	ZNF230
AAGAB	AAGAB
C1orf27	C1orf27
SCAMP1	SCAMP1
TRAV6	TRAV6
TDRD9	TDRD9
MIR1245A;MIR1245B	MIR1245A;MIR1245B
HNRNPD	HNRNPD
ENOX2	ENOX2
HAND1	HAND1
GJA3	GJA3
CIB1	CIB1
AC093375.1;OTTHUMG00000153834	AC093375.1;OTTHUMG00000153834
LOC643401;OTTHUMG00000161968;RP11-46C20.1	LOC643401;OTTHUMG00000161968;RP11-46C20.1
BTG1	BTG1
KIF12	KIF12
TMEM204	TMEM204
CHSY3	CHSY3
AC004019.13;OTTHUMG00000150092	AC004019.13;OTTHUMG00000150092
ACSM4	ACSM4
UNC5C	UNC5C
KIAA1841	KIAA1841
CROT	CROT
RNY5P8	RNY5P8
SIRPD	SIRPD
OTTHUMG00000157094;RP5-1101C3.1	OTTHUMG00000157094;RP5-1101C3.1
TSG1	TSG1
VILL	VILL
CCDC166	CCDC166
LOC255654;OTTHUMG00000040555;RP11-690C23.2	LOC255654;OTTHUMG00000040555;RP11-690C23.2
MS4A5	MS4A5
OTTHUMG00000008632;RP11-91A18.5	OTTHUMG00000008632;RP11-91A18.5
COG4	COG4
LOC100133077	LOC100133077
LPAR6	LPAR6
ZNF711	ZNF711
MAGI2	MAGI2
CTD-2113L7.1;OTTHUMG00000162095	CTD-2113L7.1;OTTHUMG00000162095
PDCL3	PDCL3
DLGAP1-AS3	DLGAP1-AS3
LDHAL6A	LDHAL6A
HLA-DMB	HLA-DMB
LOC100506272;OTTHUMG00000160302;RP11-565A3.2	LOC100506272;OTTHUMG00000160302;RP11-565A3.2
LOC100996664	LOC100996664
INPP1	INPP1
TSPAN1	TSPAN1
AC007362.3;OTTHUMG00000154647	AC007362.3;OTTHUMG00000154647
JAZF1-AS1	JAZF1-AS1
MYL5	MYL5
OTTHUMG00000157143;RP11-956J14.1	OTTHUMG00000157143;RP11-956J14.1
OTTHUMG00000020320;RP11-498P14.4	OTTHUMG00000020320;RP11-498P14.4
RBM6	RBM6
FAM178B	FAM178B
MAL	MAL
LRRTM3;OTTHUMG00000018332;RP11-68P3.2	LRRTM3;OTTHUMG00000018332;RP11-68P3.2
AC016710.1;OTTHUMG00000153649	AC016710.1;OTTHUMG00000153649
OTTHUMG00000161769;RP11-62N21.1	OTTHUMG00000161769;RP11-62N21.1
HIST1H4A;HIST1H4B;HIST1H4C;HIST1H4D;HIST1H4E;HIST1H4F;HIST1H4H;HIST1H4I;HIST1H4J;HIST1H4K;HIST1H4L;HIST2H4A;HIST2H4B;HIST4H4	HIST1H4A;HIST1H4B;HIST1H4C;HIST1H4D;HIST1H4E;HIST1H4F;HIST1H4H;HIST1H4I;HIST1H4J;HIST1H4K;HIST1H4L;HIST2H4A;HIST2H4B;HIST4H4
AC110781.3;LOC100128374;OTTHUMG00000151497	AC110781.3;LOC100128374;OTTHUMG00000151497
OTTHUMG00000033074;RP11-80K6.2	OTTHUMG00000033074;RP11-80K6.2
PHGDH	PHGDH
LINC00525	LINC00525
TRDV3	TRDV3
LOC644145;OTTHUMG00000160694;RP11-345F18.1	LOC644145;OTTHUMG00000160694;RP11-345F18.1
DRP2	DRP2
OTTHUMG00000159304;RP11-326J18.1	OTTHUMG00000159304;RP11-326J18.1
STXBP5-AS1	STXBP5-AS1
GAD2	GAD2
RNF126	RNF126
STAT5B	STAT5B
AKAP2;PALM2;PALM2-AKAP2	AKAP2;PALM2;PALM2-AKAP2
CNN2	CNN2
MIR4734	MIR4734
FAM155A	FAM155A
LINC00634	LINC00634
OTTHUMG00000150044;RP3-477O4.15	OTTHUMG00000150044;RP3-477O4.15
TSPY2	TSPY2
OTTHUMG00000037661;RP5-1061H20.5	OTTHUMG00000037661;RP5-1061H20.5
SPTSSA	SPTSSA
AC004471.9;OTTHUMG00000150139	AC004471.9;OTTHUMG00000150139
OTTHUMG00000162621;RP11-61G23.1	OTTHUMG00000162621;RP11-61G23.1
AC079612.2;OTTHUMG00000152416	AC079612.2;OTTHUMG00000152416
MORN3	MORN3
MIR4472-1	MIR4472-1
OTTHUMG00000161880;RP11-542G1.1	OTTHUMG00000161880;RP11-542G1.1
VASH1	VASH1
GS1-204I12.1;OTTHUMG00000035577	GS1-204I12.1;OTTHUMG00000035577
SNORD116-30	SNORD116-30
OTTHUMG00000017877;RP11-478H13.3	OTTHUMG00000017877;RP11-478H13.3
LINC00160	LINC00160
CTD-2269F5.1;OTTHUMG00000162622	CTD-2269F5.1;OTTHUMG00000162622
LINC00942	LINC00942
SRRM4	SRRM4
GAPDHS	GAPDHS
RIMS1	RIMS1
VAC14	VAC14
RNF186	RNF186
CTA-992D9.6;OTTHUMG00000150953	CTA-992D9.6;OTTHUMG00000150953
NUDT18	NUDT18
PSMA8	PSMA8
AP001062.7;OTTHUMG00000086919	AP001062.7;OTTHUMG00000086919
ABCA8	ABCA8
IGBP1P1	IGBP1P1
AC010891.2;OTTHUMG00000041597	AC010891.2;OTTHUMG00000041597
SMEK3P	SMEK3P
FAM189A1	FAM189A1
METTL21B	METTL21B
GPATCH1	GPATCH1
OR8K1	OR8K1
MIR2115	MIR2115
CCL4L1;CCL4L2	CCL4L1;CCL4L2
OTTHUMG00000164487;RP11-1144P22.1	OTTHUMG00000164487;RP11-1144P22.1
RNA5SP43	RNA5SP43
CA13;LOC100507258	CA13;LOC100507258
LINC00524	LINC00524
RNA5SP237	RNA5SP237
CEP120	CEP120
C11orf94	C11orf94
OTTHUMG00000020094;RP11-15B24.1	OTTHUMG00000020094;RP11-15B24.1
MMP15	MMP15
NBPF8P;OTTHUMG00000182425;RP11-640M9.2	NBPF8P;OTTHUMG00000182425;RP11-640M9.2
RARS2	RARS2
CTD-2296D1.5;OTTHUMG00000161895	CTD-2296D1.5;OTTHUMG00000161895
LOC284632;OTTHUMG00000003038;RP11-10N16.2	LOC284632;OTTHUMG00000003038;RP11-10N16.2
EXTL1	EXTL1
OTTHUMG00000015852;RP1-200K18.1	OTTHUMG00000015852;RP1-200K18.1
OTTHUMG00000163571;RP11-1259L22.1	OTTHUMG00000163571;RP11-1259L22.1
TOR4A	TOR4A
KLHL20	KLHL20
ATXN1L	ATXN1L
MYL3	MYL3
ANKRD18A	ANKRD18A
RAB33B	RAB33B
CSNK1A1;CTB-89H12.4;OTTHUMG00000163462	CSNK1A1;CTB-89H12.4;OTTHUMG00000163462
STEAP4	STEAP4
RAET1E	RAET1E
LOC100505633;OTTHUMG00000024077;RP11-48O20.4	LOC100505633;OTTHUMG00000024077;RP11-48O20.4
HDDC2	HDDC2
C6orf25	C6orf25
LINC00963;OTTHUMG00000020783;OTTHUMG00000046208;RP11-492E3.1;RP11-492E3.51	LINC00963;OTTHUMG00000020783;OTTHUMG00000046208;RP11-492E3.1;RP11-492E3.51
AC010907.5;OTTHUMG00000151488	AC010907.5;OTTHUMG00000151488
TAF9	TAF9
AQR	AQR
OTTHUMG00000150002;RP1-302D9.2	OTTHUMG00000150002;RP1-302D9.2
OTTHUMG00000031936;RP5-1195D24.1	OTTHUMG00000031936;RP5-1195D24.1
OTTHUMG00000034550;RP1-10C16.1	OTTHUMG00000034550;RP1-10C16.1
KLHL21	KLHL21
GDF11	GDF11
CADM3	CADM3
MDFIC	MDFIC
LOC100507521	LOC100507521
AC007403.2;LOC101060019;OTTHUMG00000152853	AC007403.2;LOC101060019;OTTHUMG00000152853
LRTM2	LRTM2
CLOCK	CLOCK
PBX1	PBX1
CHRM1	CHRM1
AC009518.4;AC009518.5;OTTHUMG00000155053;OTTHUMG00000155199	AC009518.4;AC009518.5;OTTHUMG00000155053;OTTHUMG00000155199
GSDMD	GSDMD
ADCY1	ADCY1
ARHGAP20	ARHGAP20
CTB-181F24.1;OTTHUMG00000163861	CTB-181F24.1;OTTHUMG00000163861
RNA5SP262	RNA5SP262
USP10	USP10
YWHAQ	YWHAQ
SPP2	SPP2
TMEM41A	TMEM41A
OTTHUMG00000019140;RP11-498J9.2	OTTHUMG00000019140;RP11-498J9.2
ZNRF4	ZNRF4
SSX1	SSX1
OTTHUMG00000161469;RP11-400D2.3	OTTHUMG00000161469;RP11-400D2.3
OTTHUMG00000001770;RP11-431K24.4	OTTHUMG00000001770;RP11-431K24.4
FAM71F1	FAM71F1
RBBP9	RBBP9
ARL6IP4	ARL6IP4
HLA-DPB1	HLA-DPB1
AC008175.10;OTTHUMG00000043853	AC008175.10;OTTHUMG00000043853
AC007965.12;OTTHUMG00000045279	AC007965.12;OTTHUMG00000045279
AC009947.4;OTTHUMG00000044058	AC009947.4;OTTHUMG00000044058
NDST4	NDST4
LRRN4CL	LRRN4CL
TSHZ1	TSHZ1
RNA5SP341	RNA5SP341
FBXW5	FBXW5
LOC100652886;LOC100653157;TGFBI	LOC100652886;LOC100653157;TGFBI
VTRNA1-1	VTRNA1-1
XAGE1A;XAGE1B;XAGE1C;XAGE1D;XAGE1E	XAGE1A;XAGE1B;XAGE1C;XAGE1D;XAGE1E
OTTHUMG00000016020;RP11-568A7.3	OTTHUMG00000016020;RP11-568A7.3
AC104695.4;OTTHUMG00000151942	AC104695.4;OTTHUMG00000151942
CLUHP3;KIAA0664L3	CLUHP3;KIAA0664L3
AC006458.3;OTTHUMG00000152389	AC006458.3;OTTHUMG00000152389
FAM189B	FAM189B
OTTHUMG00000160726;RP11-584P21.2	OTTHUMG00000160726;RP11-584P21.2
PRKCQ-AS1	PRKCQ-AS1
MFSD8	MFSD8
OTTHUMG00000003037;RP11-293P20.4	OTTHUMG00000003037;RP11-293P20.4
MIR933	MIR933
GCLM	GCLM
ERC1	ERC1
HSDL1	HSDL1
LOC101060555;POLR3GL	LOC101060555;POLR3GL
DUSP13	DUSP13
INPP5K	INPP5K
ACOT13	ACOT13
FKRP	FKRP
CTD-2533K21.4;OTTHUMG00000161970	CTD-2533K21.4;OTTHUMG00000161970
CTD-2247C11.3;LOC340094;OTTHUMG00000161653	CTD-2247C11.3;LOC340094;OTTHUMG00000161653
ELMO3	ELMO3
KLKP1	KLKP1
GTF2E2	GTF2E2
LINC00338;SCARNA16;SEC14L1	LINC00338;SCARNA16;SEC14L1
ADPRH	ADPRH
WDR64	WDR64
OTTHUMG00000158236;RP11-416O18.2	OTTHUMG00000158236;RP11-416O18.2
OTTHUMG00000035534;RP11-547I7.1	OTTHUMG00000035534;RP11-547I7.1
ZBTB16	ZBTB16
TMPRSS15	TMPRSS15
NPB	NPB
TAT	TAT
QSOX2	QSOX2
MGST1	MGST1
LRRC45	LRRC45
OTTHUMG00000007457;RP4-739H11.3	OTTHUMG00000007457;RP4-739H11.3
LOC541473	LOC541473
DOM3Z	DOM3Z
NOXO1	NOXO1
AC068580.6;OTTHUMG00000045360	AC068580.6;OTTHUMG00000045360
ZER1	ZER1
ALOX15	ALOX15
OTTHUMG00000016555;RP11-363G2.4	OTTHUMG00000016555;RP11-363G2.4
MAPK15	MAPK15
ZFAND1	ZFAND1
USP2-AS1	USP2-AS1
HYPK;MIR1282;SERF2	HYPK;MIR1282;SERF2
AC108868.6;OTTHUMG00000153180	AC108868.6;OTTHUMG00000153180
OTTHUMG00000015705;RP11-137J7.2	OTTHUMG00000015705;RP11-137J7.2
TPPP2	TPPP2
PEX16	PEX16
GSTM5	GSTM5
SNORD15B	SNORD15B
AC068538.4;OTTHUMG00000153149	AC068538.4;OTTHUMG00000153149
FAM118A	FAM118A
AP001597.1;OTTHUMG00000078660	AP001597.1;OTTHUMG00000078660
MIR101-2	MIR101-2
LINC00943	LINC00943
DIS3L2	DIS3L2
LPO	LPO
IFNA10	IFNA10
LOC650226	LOC650226
MIR4420	MIR4420
OTTHUMG00000150989;RP3-508I15.9	OTTHUMG00000150989;RP3-508I15.9
AC011193.1;OTTHUMG00000132738	AC011193.1;OTTHUMG00000132738
TTTY21;TTTY21B	TTTY21;TTTY21B
TTTY21;TTTY21B	TTTY21;TTTY21B
TTC31	TTC31
FLJ26850	FLJ26850
RNA5SP511	RNA5SP511
NAALADL1	NAALADL1
AL583842.2;OTTHUMG00000013378	AL583842.2;OTTHUMG00000013378
KRTAP1-5	KRTAP1-5
LOC100128077;LOC100506190	LOC100128077;LOC100506190
AC093911.1;OTTHUMG00000154555	AC093911.1;OTTHUMG00000154555
BRPF1	BRPF1
LOC100506695;PHF21B	LOC100506695;PHF21B
LDHD	LDHD
STUB1	STUB1
RIIAD1	RIIAD1
BLMH	BLMH
RNA5SP264	RNA5SP264
ZFAND3	ZFAND3
AP001432.14;DSCR9;OTTHUMG00000086656	AP001432.14;DSCR9;OTTHUMG00000086656
SNORD59A	SNORD59A
AC007040.5;OTTHUMG00000153230	AC007040.5;OTTHUMG00000153230
OTTHUMG00000021244;RP11-494I9.2	OTTHUMG00000021244;RP11-494I9.2
NYX	NYX
C11orf42	C11orf42
WWC2-AS2	WWC2-AS2
CBX1P1	CBX1P1
KRTAP10-2	KRTAP10-2
CLIC1	CLIC1
CLIC1	CLIC1
CLIC1	CLIC1
CTB-78F1.1;OTTHUMG00000162925	CTB-78F1.1;OTTHUMG00000162925
DUSP9	DUSP9
LOC400768;OTTHUMG00000039829;RP11-131J3.1	LOC400768;OTTHUMG00000039829;RP11-131J3.1
LOC400768;OTTHUMG00000011319;RP11-483I13.2	LOC400768;OTTHUMG00000011319;RP11-483I13.2
C2orf49	C2orf49
DRD4	DRD4
TTC16	TTC16
ELMOD1;LOC643923	ELMOD1;LOC643923
AC002511.3;OTTHUMG00000048097	AC002511.3;OTTHUMG00000048097
AC093642.4;LOC100996616;OTTHUMG00000151372	AC093642.4;LOC100996616;OTTHUMG00000151372
PLGLA	PLGLA
FAM225A	FAM225A
KRT82	KRT82
RAB1A	RAB1A
OTOR	OTOR
AXL	AXL
LOC100132147;OTTHUMG00000002488;RP5-875O13.1	LOC100132147;OTTHUMG00000002488;RP5-875O13.1
NR1H3	NR1H3
PLCZ1	PLCZ1
CTA-250D10.19;OTTHUMG00000151275	CTA-250D10.19;OTTHUMG00000151275
MIR4736	MIR4736
LIPE	LIPE
TSPYL1	TSPYL1
KCND2	KCND2
GFAP	GFAP
N4BP2L2-IT2	N4BP2L2-IT2
OTTHUMG00000036063;RP11-74C13.4	OTTHUMG00000036063;RP11-74C13.4
TRIM10	TRIM10
DEFB108P2	DEFB108P2
TAS2R50	TAS2R50
ATF7IP	ATF7IP
CYP1A2	CYP1A2
CTC-493L21.2;OTTHUMG00000162606	CTC-493L21.2;OTTHUMG00000162606
RP1	RP1
MIR548AN	MIR548AN
OTTHUMG00000022374;RP4-753P9.3;SASH3	OTTHUMG00000022374;RP4-753P9.3;SASH3
GCKR	GCKR
AC004741.3;LOC100506025;OTTHUMG00000152466	AC004741.3;LOC100506025;OTTHUMG00000152466
KY	KY
AC068489.1;OTTHUMG00000154090	AC068489.1;OTTHUMG00000154090
CUEDC1	CUEDC1
ID4	ID4
SNURFL	SNURFL
IL17D	IL17D
OTTHUMG00000085065;XXbac-BPG308J9.3	OTTHUMG00000085065;XXbac-BPG308J9.3
OTTHUMG00000085770;XXbac-BPG308J9.3	OTTHUMG00000085770;XXbac-BPG308J9.3
OTTHUMG00000148859;XXbac-BPG308J9.3	OTTHUMG00000148859;XXbac-BPG308J9.3
OTTHUMG00000149138;XXbac-BPG308J9.3	OTTHUMG00000149138;XXbac-BPG308J9.3
OTTHUMG00000085948;XXbac-BPG308J9.3	OTTHUMG00000085948;XXbac-BPG308J9.3
PCF11	PCF11
PHF15	PHF15
EIF2AK4	EIF2AK4
LOC100130899	LOC100130899
LOC100506282	LOC100506282
RABL5	RABL5
MIR4756	MIR4756
LMOD2	LMOD2
AC097468.7;OTTHUMG00000154666	AC097468.7;OTTHUMG00000154666
PEX2	PEX2
FOXC1	FOXC1
TMEM18	TMEM18
OTTHUMG00000007376;RP1-317E23.3	OTTHUMG00000007376;RP1-317E23.3
ZNF165	ZNF165
WDR34	WDR34
OTTHUMG00000164985;RP11-775B15.2	OTTHUMG00000164985;RP11-775B15.2
BNC1	BNC1
ZNF496	ZNF496
PLSCR1	PLSCR1
BICD1	BICD1
SCARNA27	SCARNA27
WASL	WASL
DZIP1L	DZIP1L
NUDT15	NUDT15
AC078842.4;OTTHUMG00000155710	AC078842.4;OTTHUMG00000155710
HCG21	HCG21
TRIM72	TRIM72
OTTHUMG00000162824;RP11-254I22.2	OTTHUMG00000162824;RP11-254I22.2
RNA5SP453	RNA5SP453
LOC100128946;OTTHUMG00000150307;WI2-81516E3.1	LOC100128946;OTTHUMG00000150307;WI2-81516E3.1
SLITRK6	SLITRK6
MIR760	MIR760
KIR2DL2	KIR2DL2
SLC22A20	SLC22A20
OTTHUMG00000015503;RP11-510H23.3	OTTHUMG00000015503;RP11-510H23.3
CLEC12B	CLEC12B
F11	F11
GNA11	GNA11
R3HDM2	R3HDM2
SLC35B4	SLC35B4
ACAP2-IT1	ACAP2-IT1
RSAD1	RSAD1
GMPR2	GMPR2
FGD2	FGD2
FHAD1	FHAD1
RRS1	RRS1
CIDEA	CIDEA
NPW	NPW
LYPD4	LYPD4
CLIC1	CLIC1
CLIC1	CLIC1
OTTHUMG00000163010;RP11-508M8.1	OTTHUMG00000163010;RP11-508M8.1
OTTHUMG00000032661;RP11-323C15.2	OTTHUMG00000032661;RP11-323C15.2
OTTHUMG00000041461;RP11-384C4.7	OTTHUMG00000041461;RP11-384C4.7
MROH5	MROH5
IZUMO4	IZUMO4
OTTHUMG00000000564;RP11-740P5.2	OTTHUMG00000000564;RP11-740P5.2
CSNK1A1L	CSNK1A1L
CTD-2245E15.3;OTTHUMG00000162543	CTD-2245E15.3;OTTHUMG00000162543
TAS2R43	TAS2R43
TMEM8B	TMEM8B
PABPN1	PABPN1
OTTHUMG00000149316;XXbac-BPG116M5.14	OTTHUMG00000149316;XXbac-BPG116M5.14
ARMC12	ARMC12
CRKL	CRKL
CDC42SE2	CDC42SE2
SNORD105	SNORD105
NDUFA6-AS1;OTTHUMG00000150917;RP4-669P10.18	NDUFA6-AS1;OTTHUMG00000150917;RP4-669P10.18
LZTS2	LZTS2
OTTHUMG00000163770;RP11-586K2.1	OTTHUMG00000163770;RP11-586K2.1
NLRP8	NLRP8
CCDC70	CCDC70
OTTHUMG00000067120;RP11-347J14.7	OTTHUMG00000067120;RP11-347J14.7
MOG	MOG
KIR2DL5A;KIR2DL5B	KIR2DL5A;KIR2DL5B
ERCC4	ERCC4
CTC-548H10.2;OTTHUMG00000163287	CTC-548H10.2;OTTHUMG00000163287
AC007246.3;LOC728730;OTTHUMG00000152299	AC007246.3;LOC728730;OTTHUMG00000152299
AP000892.4;OTTHUMG00000160666	AP000892.4;OTTHUMG00000160666
AC005895.3;OTTHUMG00000169771;PDGFRB	AC005895.3;OTTHUMG00000169771;PDGFRB
KLHL26	KLHL26
LOC100131392;TRIM49;TRIM49C;TRIM49D1;TRIM49D2P	LOC100131392;TRIM49;TRIM49C;TRIM49D1;TRIM49D2P
OTTHUMG00000020745;RP11-339B21.9	OTTHUMG00000020745;RP11-339B21.9
PRDM8	PRDM8
LOC100507351	LOC100507351
TSPY26P	TSPY26P
OTTHUMG00000159344;RP11-768G7.2	OTTHUMG00000159344;RP11-768G7.2
AC068535.2;OTTHUMG00000153047	AC068535.2;OTTHUMG00000153047
TUSC2	TUSC2
CD27	CD27
RPF2	RPF2
SRGAP3-AS2	SRGAP3-AS2
CYP27B1	CYP27B1
SNORA28	SNORA28
ATP5E	ATP5E
AC005276.1;OTTHUMG00000157151	AC005276.1;OTTHUMG00000157151
OTTHUMG00000009349;RP5-952N6.1	OTTHUMG00000009349;RP5-952N6.1
NIT2	NIT2
SYNC	SYNC
CTA-992D9.7;OTTHUMG00000150945	CTA-992D9.7;OTTHUMG00000150945
TAL2	TAL2
LOC100652856;OTTHUMG00000016469;RP11-442J17.2	LOC100652856;OTTHUMG00000016469;RP11-442J17.2
ZSCAN22	ZSCAN22
PHLDB1	PHLDB1
GTF2H4	GTF2H4
GTF2H4	GTF2H4
GTF2H4	GTF2H4
GTF2H4	GTF2H4
OTTHUMG00000031991;RP4-718D20.3	OTTHUMG00000031991;RP4-718D20.3
TTC5	TTC5
OMD	OMD
CD19	CD19
C3orf83	C3orf83
TANC1	TANC1
CCR7	CCR7
FGF8	FGF8
RBM48	RBM48
SNORD113-6	SNORD113-6
OTTHUMG00000041347;RP11-347K2.2	OTTHUMG00000041347;RP11-347K2.2
PPAPDC1B	PPAPDC1B
GAPT	GAPT
FLJ20518;FRG2C;LOC651959	FLJ20518;FRG2C;LOC651959
IER3	IER3
LILRB4	LILRB4
FMR1NB	FMR1NB
C9orf135-AS1;OTTHUMG00000019983;RP11-109D9.3	C9orf135-AS1;OTTHUMG00000019983;RP11-109D9.3
PHF8	PHF8
ZNF792	ZNF792
GRINA	GRINA
ALDH1L1-AS2	ALDH1L1-AS2
OTTHUMG00000164197;RP11-567J20.3	OTTHUMG00000164197;RP11-567J20.3
PTS	PTS
AMICA1	AMICA1
OFCC1	OFCC1
UPK1A-AS1	UPK1A-AS1
OTTHUMG00000020205;RP11-305L7.6	OTTHUMG00000020205;RP11-305L7.6
PSORS1C1	PSORS1C1
AC096669.1;OTTHUMG00000153144	AC096669.1;OTTHUMG00000153144
TUBG2	TUBG2
GSG2	GSG2
OTTHUMG00000164160;RP11-100L22.4	OTTHUMG00000164160;RP11-100L22.4
LENG9	LENG9
HMGA1P1	HMGA1P1
RAB9BP1	RAB9BP1
SPRTN	SPRTN
OTTHUMG00000032220;RP11-410N8.1	OTTHUMG00000032220;RP11-410N8.1
MIR4660	MIR4660
OTTHUMG00000157041;RP11-126L15.4	OTTHUMG00000157041;RP11-126L15.4
OTTHUMG00000000399;RP11-255A11.2	OTTHUMG00000000399;RP11-255A11.2
OTTHUMG00000014035;RP4-655J12.4	OTTHUMG00000014035;RP4-655J12.4
AP000282.3;OTTHUMG00000065034	AP000282.3;OTTHUMG00000065034
OTTHUMG00000020963;RP11-229P13.19	OTTHUMG00000020963;RP11-229P13.19
C2orf88	C2orf88
PHF1	PHF1
ARHGAP8;PRR5;PRR5-ARHGAP8	ARHGAP8;PRR5;PRR5-ARHGAP8
MIR548F1	MIR548F1
HBBP1	HBBP1
OTTHUMG00000009341;RP4-677H15.4	OTTHUMG00000009341;RP4-677H15.4
NSUN3;OTTHUMG00000159026;RP13-503K1.4	NSUN3;OTTHUMG00000159026;RP13-503K1.4
SNORD88A	SNORD88A
NCOA4	NCOA4
YEATS4	YEATS4
IGKV4-1	IGKV4-1
MIR4312	MIR4312
RDM1	RDM1
CGGBP1	CGGBP1
OTTHUMG00000159693;RP11-475N22.4	OTTHUMG00000159693;RP11-475N22.4
RPL31	RPL31
MIR374A	MIR374A
SNORD83A	SNORD83A
FTCD-AS1	FTCD-AS1
CELA1	CELA1
CASZ1	CASZ1
ITGB5-AS1	ITGB5-AS1
JAZF1	JAZF1
OTTHUMG00000009770;RP11-170N11.1	OTTHUMG00000009770;RP11-170N11.1
TMOD3	TMOD3
SETD5	SETD5
ZXDC	ZXDC
RNU5B-2P	RNU5B-2P
OTTHUMG00000019130;RP11-245J24.1	OTTHUMG00000019130;RP11-245J24.1
CIB2	CIB2
SMAD2	SMAD2
CTB-140J7.2;OTTHUMG00000165096	CTB-140J7.2;OTTHUMG00000165096
OR2H2	OR2H2
OTTHUMG00000151247;RP1-5O6.6;TMEM184B	OTTHUMG00000151247;RP1-5O6.6;TMEM184B
SNRNP27	SNRNP27
TMOD4	TMOD4
TMED9	TMED9
LOC100130298	LOC100130298
ELMO1	ELMO1
OTTHUMG00000037985;RP5-1027O11.1	OTTHUMG00000037985;RP5-1027O11.1
OTTHUMG00000013297;RP11-318K12.2	OTTHUMG00000013297;RP11-318K12.2
ZNF781	ZNF781
MPPED1	MPPED1
LIAS	LIAS
OTTHUMG00000007961;RP11-330M19.1	OTTHUMG00000007961;RP11-330M19.1
C5orf52	C5orf52
LOC729458;MBD3L2	LOC729458;MBD3L2
MIR147A	MIR147A
LOC101060702;OR2A1;OR2A42	LOC101060702;OR2A1;OR2A42
PLEKHG5;TNFRSF25	PLEKHG5;TNFRSF25
ST3GAL3	ST3GAL3
AP000344.3;OTTHUMG00000150668	AP000344.3;OTTHUMG00000150668
AGGF1	AGGF1
OTTHUMG00000156985;RP11-408H1.3	OTTHUMG00000156985;RP11-408H1.3
VN1R10P	VN1R10P
OTTHUMG00000162826;RP11-432G16.1	OTTHUMG00000162826;RP11-432G16.1
LOC729020	LOC729020
OTTHUMG00000015618;OTTHUMG00000015620;RP11-557H15.4;RP11-557H15.5	OTTHUMG00000015618;OTTHUMG00000015620;RP11-557H15.4;RP11-557H15.5
LRP1	LRP1
AC099342.1;OTTHUMG00000152502	AC099342.1;OTTHUMG00000152502
LOC101060662	LOC101060662
MSN	MSN
AAED1	AAED1
ADAMTS9-AS2	ADAMTS9-AS2
JKAMP	JKAMP
AC068491.1;LINC00152;LOC541471;OTTHUMG00000150313	AC068491.1;LINC00152;LOC541471;OTTHUMG00000150313
AC007422.1;OTTHUMG00000152486	AC007422.1;OTTHUMG00000152486
AC006277.2;OTTHUMG00000164508	AC006277.2;OTTHUMG00000164508
ANKLE1	ANKLE1
TSPY1;TSPY3	TSPY1;TSPY3
OTTHUMG00000019313;RP11-122K13.7	OTTHUMG00000019313;RP11-122K13.7
GRIN3A	GRIN3A
ARL13B	ARL13B
OR2T27	OR2T27
AGBL5-IT1	AGBL5-IT1
C10orf112	C10orf112
AC005162.5;OTTHUMG00000152858	AC005162.5;OTTHUMG00000152858
IFT52	IFT52
AC024028.1;OTTHUMG00000152116	AC024028.1;OTTHUMG00000152116
SYT7	SYT7
METTL14	METTL14
MIR548AA1;MIR548D1	MIR548AA1;MIR548D1
RIPK3	RIPK3
PDGFA	PDGFA
GPR26	GPR26
NEDD4L	NEDD4L
FAM228B	FAM228B
ATE1	ATE1
HTR5BP	HTR5BP
WARS	WARS
NUP35	NUP35
CD8BP	CD8BP
BLOC1S5	BLOC1S5
EML6	EML6
LPP	LPP
OTTHUMG00000163950;RP11-10C8.2	OTTHUMG00000163950;RP11-10C8.2
PATE4	PATE4
CTU1	CTU1
ZPLD1	ZPLD1
OTTHUMG00000161802;RP11-154F14.2	OTTHUMG00000161802;RP11-154F14.2
OTTHUMG00000156509;RP4-672N11.1	OTTHUMG00000156509;RP4-672N11.1
NCBP2	NCBP2
LOC100288069;OTTHUMG00000002406;OTTHUMG00000002409;RP11-206L10.2;RP11-206L10.5	LOC100288069;OTTHUMG00000002406;OTTHUMG00000002409;RP11-206L10.2;RP11-206L10.5
LRRC71	LRRC71
LINC00606	LINC00606
CTC-558O19.1;OTTHUMG00000162795	CTC-558O19.1;OTTHUMG00000162795
HRH1	HRH1
SLC25A22	SLC25A22
MAGEF1	MAGEF1
SPINK2	SPINK2
PSME4	PSME4
PRKAR2A-AS1	PRKAR2A-AS1
OR10Q1	OR10Q1
VAMP7	VAMP7
KRTAP4-11	KRTAP4-11
HLA-F	HLA-F
MPL	MPL
ZNF780A	ZNF780A
CACNA1C-IT2	CACNA1C-IT2
DCBLD1	DCBLD1
OTTHUMG00000157196;RP11-3B12.5	OTTHUMG00000157196;RP11-3B12.5
COPS3	COPS3
CTD-2377D24.6;LOC100506373;OTTHUMG00000159905	CTD-2377D24.6;LOC100506373;OTTHUMG00000159905
POLDIP3	POLDIP3
UFSP2	UFSP2
HLA-DMB	HLA-DMB
UGGT2	UGGT2
LMAN1	LMAN1
LOC100128398	LOC100128398
CALCA	CALCA
GPR160	GPR160
C10orf71-AS1	C10orf71-AS1
OTTHUMG00000161187;RP11-115D19.1	OTTHUMG00000161187;RP11-115D19.1
RNA5SP458	RNA5SP458
ACP1	ACP1
PTPN9	PTPN9
RPL32P3;SNORA7B	RPL32P3;SNORA7B
MIR548AJ2	MIR548AJ2
AC093822.1;LOC100996902;OTTHUMG00000153433	AC093822.1;LOC100996902;OTTHUMG00000153433
AC009542.2;OTTHUMG00000155446	AC009542.2;OTTHUMG00000155446
SDHAF1	SDHAF1
PTPRC	PTPRC
OTTHUMG00000022178;RP6-149D17.1	OTTHUMG00000022178;RP6-149D17.1
DEFB119	DEFB119
KLC3	KLC3
OTTHUMG00000018372;RP11-227H15.4	OTTHUMG00000018372;RP11-227H15.4
OTTHUMG00000037053;RP1-178F15.3	OTTHUMG00000037053;RP1-178F15.3
HTR3B	HTR3B
BRD4	BRD4
FAM49A	FAM49A
PPP1R14D	PPP1R14D
OTTHUMG00000015630;RP3-388E23.2	OTTHUMG00000015630;RP3-388E23.2
OTTHUMG00000161689;RP11-415C15.2	OTTHUMG00000161689;RP11-415C15.2
AC099552.4;OTTHUMG00000151325	AC099552.4;OTTHUMG00000151325
THEM5	THEM5
PTPRE	PTPRE
OTTHUMG00000164157;RP11-587H10.2	OTTHUMG00000164157;RP11-587H10.2
OTTHUMG00000164235;RP11-388K12.1	OTTHUMG00000164235;RP11-388K12.1
TRIP11	TRIP11
SPATA31D3	SPATA31D3
OTTHUMG00000021603;RP11-258C19.5	OTTHUMG00000021603;RP11-258C19.5
ABI2	ABI2
CXorf49;CXorf49B;LOC100129291	CXorf49;CXorf49B;LOC100129291
CTAGE5	CTAGE5
OTTHUMG00000020245;RP11-165J3.5	OTTHUMG00000020245;RP11-165J3.5
AREG;AREGB	AREG;AREGB
TYRP1	TYRP1
OTTHUMG00000000506;RP11-115A15.1	OTTHUMG00000000506;RP11-115A15.1
CDKN1C	CDKN1C
HESX1	HESX1
GLTSCR1L;KIAA0240	GLTSCR1L;KIAA0240
AC019117.2;OTTHUMG00000152727	AC019117.2;OTTHUMG00000152727
CDH16	CDH16
OTTHUMG00000128484;RP11-689P11.3	OTTHUMG00000128484;RP11-689P11.3
RNY4P4	RNY4P4
TCOF1	TCOF1
LOC339298	LOC339298
TDRD10	TDRD10
LOC100507564;OTTHUMG00000008941;RP5-1024G6.5	LOC100507564;OTTHUMG00000008941;RP5-1024G6.5
OTTHUMG00000014828;RP11-719J20.1	OTTHUMG00000014828;RP11-719J20.1
CT60	CT60
BMS1	BMS1
C9orf170	C9orf170
ATP6V1B2	ATP6V1B2
AL136419.6;CHMP4A;OTTHUMG00000029324	AL136419.6;CHMP4A;OTTHUMG00000029324
KCMF1	KCMF1
ZC3H3	ZC3H3
PHACTR1	PHACTR1
MIR892A	MIR892A
C14orf169	C14orf169
FAM131A	FAM131A
OTTHUMG00000014783;RP11-795J1.1	OTTHUMG00000014783;RP11-795J1.1
CCHCR1	CCHCR1
IL16	IL16
MZB1	MZB1
AC062028.1;FLJ33534;OTTHUMG00000119056	AC062028.1;FLJ33534;OTTHUMG00000119056
HLA-DMB	HLA-DMB
SLC13A1	SLC13A1
OTTHUMG00000078079;WI2-925H4.1	OTTHUMG00000078079;WI2-925H4.1
ZNRF3-AS1	ZNRF3-AS1
LYVE1	LYVE1
LTBP4	LTBP4
KAL1	KAL1
IL31	IL31
CTD-2116N20.1;OTTHUMG00000162551	CTD-2116N20.1;OTTHUMG00000162551
MATN1	MATN1
IL20	IL20
RSPO3	RSPO3
FAM72A;FAM72B;FAM72C;LOC101060656	FAM72A;FAM72B;FAM72C;LOC101060656
PTGFR	PTGFR
FARP1;FARP1-IT1	FARP1;FARP1-IT1
OTTHUMG00000158587;RP11-298O21.2	OTTHUMG00000158587;RP11-298O21.2
CTSC	CTSC
SPN	SPN
AP003774.4;LOC100996455;OTTHUMG00000046124	AP003774.4;LOC100996455;OTTHUMG00000046124
AC013460.1;LOC100506274;OTTHUMG00000151593	AC013460.1;LOC100506274;OTTHUMG00000151593
CTB-114C7.4;LOC100128059;OTTHUMG00000163119	CTB-114C7.4;LOC100128059;OTTHUMG00000163119
SALL2	SALL2
LOC100506929;OTTHUMG00000040503;RP11-80B9.4	LOC100506929;OTTHUMG00000040503;RP11-80B9.4
ZNF493	ZNF493
TNXA;TNXB	TNXA;TNXB
LOC100506175;OTTHUMG00000032727;RP4-530I15.6	LOC100506175;OTTHUMG00000032727;RP4-530I15.6
LOC645355	LOC645355
OTTHUMG00000040510;RP11-83A16.1	OTTHUMG00000040510;RP11-83A16.1
PLBD1	PLBD1
ENPP6	ENPP6
KRT28	KRT28
CLUAP1	CLUAP1
DNAJB8-AS1	DNAJB8-AS1
ZNF618	ZNF618
OTTHUMG00000037843;RP11-63N8.3	OTTHUMG00000037843;RP11-63N8.3
CDADC1	CDADC1
NOLC1	NOLC1
MIR1911	MIR1911
OTTHUMG00000016077;RP5-894D12.3	OTTHUMG00000016077;RP5-894D12.3
C14orf80	C14orf80
C17orf85	C17orf85
LOC100133251	LOC100133251
LOC100133251	LOC100133251
RNU5F-4P	RNU5F-4P
MIR4299	MIR4299
TNFSF10	TNFSF10
SAG	SAG
PHF2P1	PHF2P1
CAPN9	CAPN9
FAM90A26P	FAM90A26P
AC093702.1;OTTHUMG00000152444	AC093702.1;OTTHUMG00000152444
OR52L1	OR52L1
CENPM	CENPM
APBB3	APBB3
TTLL7-IT1	TTLL7-IT1
MRPS18C	MRPS18C
CEP97	CEP97
SLC25A33	SLC25A33
GBAS	GBAS
TSPY1;TSPY10;TSPY3	TSPY1;TSPY10;TSPY3
AC105760.3;LOC93463;OTTHUMG00000153026	AC105760.3;LOC93463;OTTHUMG00000153026
HOXC10	HOXC10
NT5C1B;NT5C1B-RDH14	NT5C1B;NT5C1B-RDH14
KIAA1875	KIAA1875
FYCO1	FYCO1
C20orf181	C20orf181
TNFRSF21	TNFRSF21
ABCB6	ABCB6
FLJ25715	FLJ25715
CTA-407F11.8;LOC100996404;OTTHUMG00000150903	CTA-407F11.8;LOC100996404;OTTHUMG00000150903
OTTHUMG00000037488;RP11-109P14.9	OTTHUMG00000037488;RP11-109P14.9
STRA13	STRA13
ZSCAN1	ZSCAN1
CAMTA2	CAMTA2
OTTHUMG00000164229;RP11-400K9.3	OTTHUMG00000164229;RP11-400K9.3
CACNA1C-IT1	CACNA1C-IT1
AC061961.2;OTTHUMG00000153808	AC061961.2;OTTHUMG00000153808
AC105339.1;LOC338963;OTTHUMG00000154948	AC105339.1;LOC338963;OTTHUMG00000154948
NAF1	NAF1
DZIP3	DZIP3
MAP6	MAP6
TRAK2	TRAK2
FABP12	FABP12
AC114776.3;OTTHUMG00000153642	AC114776.3;OTTHUMG00000153642
FGF6	FGF6
OTTHUMG00000157043;RP11-395B7.2	OTTHUMG00000157043;RP11-395B7.2
MIRLET7A1	MIRLET7A1
OTTHUMG00000159155;RP11-475O23.2	OTTHUMG00000159155;RP11-475O23.2
FBXO5	FBXO5
KLHL10	KLHL10
ARHGAP44	ARHGAP44
MIR1307;USMG5	MIR1307;USMG5
OTTHUMG00000021548;RP11-363G10.2	OTTHUMG00000021548;RP11-363G10.2
PLK1S1	PLK1S1
OR2T10	OR2T10
CD33	CD33
C5orf30	C5orf30
C17orf67	C17orf67
CDC27	CDC27
RAD9B	RAD9B
LOC100505685;OTTHUMG00000161725;RP11-73G16.1	LOC100505685;OTTHUMG00000161725;RP11-73G16.1
MBNL1-AS1	MBNL1-AS1
MYLK4	MYLK4
TMEM212-IT1	TMEM212-IT1
QRFPR	QRFPR
OTTHUMG00000008767;RP4-782L23.1	OTTHUMG00000008767;RP4-782L23.1
HOTAIRM1	HOTAIRM1
NOTCH4	NOTCH4
AC018737.3;OTTHUMG00000153333	AC018737.3;OTTHUMG00000153333
MRPL44	MRPL44
OTTHUMG00000164080;RP11-360L9.4	OTTHUMG00000164080;RP11-360L9.4
DESI1	DESI1
RNA5SP20	RNA5SP20
ZBTB12	ZBTB12
RGAG1	RGAG1
DEFA6	DEFA6
HHLA1	HHLA1
TRIM60	TRIM60
ACOT2	ACOT2
LOC285556;OTTHUMG00000161583;RP11-766F14.2	LOC285556;OTTHUMG00000161583;RP11-766F14.2
OTTHUMG00000150445;RP6-109B7.4	OTTHUMG00000150445;RP6-109B7.4
SETD2	SETD2
ZNF746	ZNF746
NAT8L	NAT8L
TOB2	TOB2
CPOX	CPOX
LINC00837	LINC00837
PLCH1	PLCH1
PAPPA	PAPPA
OTTHUMG00000150107;RP11-72I2.2	OTTHUMG00000150107;RP11-72I2.2
LOC100652782;OTTHUMG00000163295;RP11-451H23.3	LOC100652782;OTTHUMG00000163295;RP11-451H23.3
FAM120B	FAM120B
TRIM26	TRIM26
RIMS3	RIMS3
LINC00892;OTTHUMG00000022511;RP3-527F8.2	LINC00892;OTTHUMG00000022511;RP3-527F8.2
AC017104.2;OTTHUMG00000153867	AC017104.2;OTTHUMG00000153867
CLK1	CLK1
LOC100507537;OTTHUMG00000158471;RP11-451G4.2	LOC100507537;OTTHUMG00000158471;RP11-451G4.2
TFB2M	TFB2M
NQO2	NQO2
OTTHUMG00000161179;RP11-45L9.1	OTTHUMG00000161179;RP11-45L9.1
PRKAG2	PRKAG2
ZBTB12	ZBTB12
ZBTB12	ZBTB12
P2RY11;PPAN;PPAN-P2RY11	P2RY11;PPAN;PPAN-P2RY11
CDC7	CDC7
SERPINA7	SERPINA7
MIR660	MIR660
MANSC4	MANSC4
CXCL17	CXCL17
DKFZP434O1614	DKFZP434O1614
ZNF431	ZNF431
SNX9	SNX9
KRT13	KRT13
FLJ44838	FLJ44838
OTTHUMG00000017571;RP11-433J20.1	OTTHUMG00000017571;RP11-433J20.1
IL1B	IL1B
SNHG15;SNORA9	SNHG15;SNORA9
CTC-467M3.3;OTTHUMG00000162631	CTC-467M3.3;OTTHUMG00000162631
OTTHUMG00000015845;RP3-398G3.5	OTTHUMG00000015845;RP3-398G3.5
EDARADD	EDARADD
TBXAS1	TBXAS1
CMTM3	CMTM3
COTL1	COTL1
KCNIP3	KCNIP3
SLC25A24	SLC25A24
AC007563.5;OTTHUMG00000155309	AC007563.5;OTTHUMG00000155309
OTTHUMG00000164545;RP11-300E4.2	OTTHUMG00000164545;RP11-300E4.2
KAT8	KAT8
SSTR5	SSTR5
PEX10	PEX10
ZKSCAN8;ZNF192	ZKSCAN8;ZNF192
DCP1B	DCP1B
AC008175.1;OTTHUMG00000043582	AC008175.1;OTTHUMG00000043582
ZNF74	ZNF74
SCN7A	SCN7A
MAGEA11	MAGEA11
GPR68	GPR68
OTTHUMG00000159316;RP11-372E1.6	OTTHUMG00000159316;RP11-372E1.6
PYGL	PYGL
ERICH1	ERICH1
CYB561D1	CYB561D1
TINF2	TINF2
AC006296.2;OTTHUMG00000160105	AC006296.2;OTTHUMG00000160105
AC002127.4;OTTHUMG00000153893	AC002127.4;OTTHUMG00000153893
FTSJ1	FTSJ1
ZNF193;ZSCAN9	ZNF193;ZSCAN9
OTTHUMG00000159367;RP11-197K3.1	OTTHUMG00000159367;RP11-197K3.1
OR4C16	OR4C16
ANKRD45	ANKRD45
WFDC11	WFDC11
PROL1	PROL1
GPR56	GPR56
CTB-131B5.4;LOC100505636;OTTHUMG00000163537	CTB-131B5.4;LOC100505636;OTTHUMG00000163537
OARD1	OARD1
PLEK	PLEK
AC073094.4;OTTHUMG00000152023	AC073094.4;OTTHUMG00000152023
AC114752.3;OTTHUMG00000152672	AC114752.3;OTTHUMG00000152672
OTTHUMG00000015187;RP11-459O1.2	OTTHUMG00000015187;RP11-459O1.2
KPNB1	KPNB1
DOM3Z	DOM3Z
DOM3Z	DOM3Z
DOM3Z	DOM3Z
IGHV5-78	IGHV5-78
NKAIN1	NKAIN1
OTTHUMG00000153468;RP3-369A17.4	OTTHUMG00000153468;RP3-369A17.4
TRPC2	TRPC2
AGAP7;AGAP8;LOC728407;OTTHUMG00000018209;PARG;RP11-592B15.3	AGAP7;AGAP8;LOC728407;OTTHUMG00000018209;PARG;RP11-592B15.3
PTTG1	PTTG1
POLR3A	POLR3A
SLC10A1	SLC10A1
MBD3L4	MBD3L4
TOP1	TOP1
COPB2	COPB2
C1orf140;OTTHUMG00000037427;RP11-421L10.1	C1orf140;OTTHUMG00000037427;RP11-421L10.1
TSPO	TSPO
COPZ2	COPZ2
LOC100506948;SNHG14;SNORD107;SNORD115-13;SNORD115-26;SNORD115-7;SNORD116-28	LOC100506948;SNHG14;SNORD107;SNORD115-13;SNORD115-26;SNORD115-7;SNORD116-28
TPBGL	TPBGL
DUXA	DUXA
PTCHD3	PTCHD3
OTTHUMG00000040631;RP5-833A20.1	OTTHUMG00000040631;RP5-833A20.1
CSNK2B	CSNK2B
CSNK2B	CSNK2B
TBCK	TBCK
OTTHUMG00000017551;RP11-526P5.2	OTTHUMG00000017551;RP11-526P5.2
TAS2R38	TAS2R38
SEPHS2	SEPHS2
AP000290.7;OTTHUMG00000065063	AP000290.7;OTTHUMG00000065063
RBMY1A1;RBMY1B;RBMY1D;RBMY1E	RBMY1A1;RBMY1B;RBMY1D;RBMY1E
PPP1R27	PPP1R27
DPPA3;DPPA3P2;LOC101060236	DPPA3;DPPA3P2;LOC101060236
OTTHUMG00000157305;RP11-796I2.1	OTTHUMG00000157305;RP11-796I2.1
PLCXD1	PLCXD1
MIR934	MIR934
SNX13	SNX13
AC020743.2;OTTHUMG00000155880	AC020743.2;OTTHUMG00000155880
AC010745.3;OTTHUMG00000151749	AC010745.3;OTTHUMG00000151749
ACY1	ACY1
PARK2	PARK2
FAM90A11P	FAM90A11P
OTTHUMG00000015847;RP11-133I21.2	OTTHUMG00000015847;RP11-133I21.2
OTTHUMG00000156131;RP11-310H4.2	OTTHUMG00000156131;RP11-310H4.2
GVINP1	GVINP1
XYLT1	XYLT1
AC093484.4;OTTHUMG00000058991;TRPV2	AC093484.4;OTTHUMG00000058991;TRPV2
LOC644656	LOC644656
PRKAG3	PRKAG3
LRP4-AS1	LRP4-AS1
RN7SKP1	RN7SKP1
NRXN3	NRXN3
IL19	IL19
KB-1043D8.6;OTTHUMG00000164712	KB-1043D8.6;OTTHUMG00000164712
OTTHUMG00000032784;RP11-380D15.3	OTTHUMG00000032784;RP11-380D15.3
MIR937;SCRIB	MIR937;SCRIB
NKRF	NKRF
LOC648771;NBEAL1	LOC648771;NBEAL1
LOC100996782;MED18	LOC100996782;MED18
TRAPPC12	TRAPPC12
ZNF260	ZNF260
GEMIN5	GEMIN5
HLA-DMB	HLA-DMB
RNY3P4	RNY3P4
FAM82B;RMDN1	FAM82B;RMDN1
HLA-A	HLA-A
CLEC3B	CLEC3B
MIR4531	MIR4531
OTTHUMG00000017177;RP11-114G1.2	OTTHUMG00000017177;RP11-114G1.2
PRPH	PRPH
ST8SIA6-AS1	ST8SIA6-AS1
KAT2A	KAT2A
AMZ2P1	AMZ2P1
JAK1	JAK1
LRIT1	LRIT1
OTTHUMG00000019262;RP11-109A6.2	OTTHUMG00000019262;RP11-109A6.2
OTTHUMG00000164366;RP11-659E9.4	OTTHUMG00000164366;RP11-659E9.4
NFKB1	NFKB1
OTTHUMG00000032052;RP4-753D10.5	OTTHUMG00000032052;RP4-753D10.5
LOC100506655	LOC100506655
COL6A2	COL6A2
AC010880.1;OTTHUMG00000151752	AC010880.1;OTTHUMG00000151752
TRAV8-1	TRAV8-1
PTPLA	PTPLA
OTTHUMG00000161132;RP11-402J6.1	OTTHUMG00000161132;RP11-402J6.1
SBDSP1	SBDSP1
AP000322.54;OTTHUMG00000154291	AP000322.54;OTTHUMG00000154291
AC093818.1;OTTHUMG00000154088	AC093818.1;OTTHUMG00000154088
PYGB	PYGB
AC147651.1;OTTHUMG00000151413	AC147651.1;OTTHUMG00000151413
CD300LF	CD300LF
CTD-2081C10.5;OTTHUMG00000162284	CTD-2081C10.5;OTTHUMG00000162284
UFL1-AS1	UFL1-AS1
RIPPLY2	RIPPLY2
CLDN17	CLDN17
CSNK2B	CSNK2B
OTTHUMG00000157228;RP11-626E13.1	OTTHUMG00000157228;RP11-626E13.1
FBXL16	FBXL16
KRTAP19-4	KRTAP19-4
HOXC12	HOXC12
OR10AB1P	OR10AB1P
OTTHUMG00000020789;RP11-483H20.6	OTTHUMG00000020789;RP11-483H20.6
FGF19	FGF19
LOC100509646;PRY;PRY2	LOC100509646;PRY;PRY2
RNF185-AS1	RNF185-AS1
MYPN	MYPN
NAV2-AS3	NAV2-AS3
LEKR1	LEKR1
ZNF771	ZNF771
SORL1	SORL1
CHMP3;RNF103-CHMP3	CHMP3;RNF103-CHMP3
CDC16	CDC16
TTLL8	TTLL8
CTD-2021J15.2;LOC100506377;OTTHUMG00000159060	CTD-2021J15.2;LOC100506377;OTTHUMG00000159060
GOLM1	GOLM1
FGD4	FGD4
WDR46	WDR46
MIR25	MIR25
DMRTA2	DMRTA2
TEX15	TEX15
HIC1	HIC1
DNAJC22	DNAJC22
OGFR-AS1	OGFR-AS1
LINC00703	LINC00703
HLA-DPB1	HLA-DPB1
HLA-DPB1	HLA-DPB1
HCG4	HCG4
HCG4	HCG4
HCG4	HCG4
HCG4	HCG4
HCG4	HCG4
DUX2;DUX4;DUX4L2;DUX4L3;DUX4L5;DUX4L6;DUX4L7;LOC100288355;LOC100288398;LOC100288433;LOC100288494;LOC100288593;LOC100288657	DUX2;DUX4;DUX4L2;DUX4L3;DUX4L5;DUX4L6;DUX4L7;LOC100288355;LOC100288398;LOC100288433;LOC100288494;LOC100288593;LOC100288657
MAN2B2	MAN2B2
CD34	CD34
MFSD9	MFSD9
ALKBH7	ALKBH7
LINC00550	LINC00550
AC093627.11;OTTHUMG00000151402	AC093627.11;OTTHUMG00000151402
KB-1608C10.2;OTTHUMG00000164590	KB-1608C10.2;OTTHUMG00000164590
PIH1D1	PIH1D1
SNRNP70	SNRNP70
CTDP1	CTDP1
TMEM252	TMEM252
PTPRH	PTPRH
PDE8B	PDE8B
SLC22A18AS	SLC22A18AS
DAXX	DAXX
KCTD20	KCTD20
NPIPB6	NPIPB6
STAG1	STAG1
SCO1	SCO1
UBE2I	UBE2I
MIR4750;TBC1D17	MIR4750;TBC1D17
LINC00337	LINC00337
FAM35B;FAM35B2;FAM35BP;FAM35DP	FAM35B;FAM35B2;FAM35BP;FAM35DP
LOC100294362	LOC100294362
LOC100132831	LOC100132831
OTTHUMG00000157665;RP11-314A20.2	OTTHUMG00000157665;RP11-314A20.2
TPTE2	TPTE2
OR51C1P	OR51C1P
NOC3L	NOC3L
LOC100506384;OTTHUMG00000137388;RP4-719C8.1	LOC100506384;OTTHUMG00000137388;RP4-719C8.1
SNORA16B	SNORA16B
NTNG1	NTNG1
LINC00636	LINC00636
AC007557.4;OTTHUMG00000155312	AC007557.4;OTTHUMG00000155312
MIR1256	MIR1256
C21orf90	C21orf90
LINC00238	LINC00238
UBE2J2	UBE2J2
FKBP9L	FKBP9L
DEFB133	DEFB133
TMEM136	TMEM136
HLA-DQB2	HLA-DQB2
HLA-DQB2	HLA-DQB2
ARHGAP27	ARHGAP27
OTTHUMG00000164916;RP11-351A11.1	OTTHUMG00000164916;RP11-351A11.1
OTTHUMG00000017483;RP11-85G21.2	OTTHUMG00000017483;RP11-85G21.2
MLN	MLN
OTTHUMG00000140119;XXbac-BPG254F23.7	OTTHUMG00000140119;XXbac-BPG254F23.7
OTTHUMG00000140117;XXbac-BPG254F23.7	OTTHUMG00000140117;XXbac-BPG254F23.7
OTTHUMG00000160185;RP11-1396O13.13	OTTHUMG00000160185;RP11-1396O13.13
AC003090.1;OTTHUMG00000152594	AC003090.1;OTTHUMG00000152594
OTTHUMG00000009742;RP4-726F1.1	OTTHUMG00000009742;RP4-726F1.1
LOC100133920;LOC286297;OTTHUMG00000067266;RP11-381O7.3	LOC100133920;LOC286297;OTTHUMG00000067266;RP11-381O7.3
QKI	QKI
C9orf156	C9orf156
ZNF267	ZNF267
SWSAP1	SWSAP1
RESP18	RESP18
YBX1	YBX1
OTTHUMG00000161178;RP11-184M15.1	OTTHUMG00000161178;RP11-184M15.1
CFTR	CFTR
PSMB9	PSMB9
ANXA8;ANXA8L1;LINC00842	ANXA8;ANXA8L1;LINC00842
ARL6IP6	ARL6IP6
KIAA1429	KIAA1429
LOC728724;OTTHUMG00000164846;RP11-1057N3.1	LOC728724;OTTHUMG00000164846;RP11-1057N3.1
ANO1	ANO1
PCDH9-AS2	PCDH9-AS2
SULT6B1	SULT6B1
BOLA2;BOLA2B;LOC101060252	BOLA2;BOLA2B;LOC101060252
MMACHC	MMACHC
VPS4B	VPS4B
ZNF570	ZNF570
HLA-DMB	HLA-DMB
CFL2	CFL2
HDAC4	HDAC4
ENDOG	ENDOG
ZDHHC8	ZDHHC8
RSPH10B;RSPH10B2	RSPH10B;RSPH10B2
HDAC10	HDAC10
MIR4323	MIR4323
LOC653160;OTTHUMG00000004046;RP11-244H3.1	LOC653160;OTTHUMG00000004046;RP11-244H3.1
C1QTNF9B	C1QTNF9B
MMP14	MMP14
MIR548F5	MIR548F5
VNN2	VNN2
MIR1254-1	MIR1254-1
TTLL13	TTLL13
AC018470.4;LOC285084;OTTHUMG00000154148	AC018470.4;LOC285084;OTTHUMG00000154148
OTTHUMG00000162491;RP11-79P5.7	OTTHUMG00000162491;RP11-79P5.7
TMEM50B	TMEM50B
NT5C3B;NT5C3L	NT5C3B;NT5C3L
WIPF2	WIPF2
KRTAP5-8	KRTAP5-8
OTTHUMG00000012009;RP11-12L8.1	OTTHUMG00000012009;RP11-12L8.1
GBP6	GBP6
ZBTB48	ZBTB48
OTTHUMG00000164447;RP11-865I6.2	OTTHUMG00000164447;RP11-865I6.2
OTTHUMG00000015100;RP5-991C6.4	OTTHUMG00000015100;RP5-991C6.4
FAM5C	FAM5C
VTI1A	VTI1A
CD99	CD99
OTTHUMG00000016834;RP11-269C23.3	OTTHUMG00000016834;RP11-269C23.3
ZNF8	ZNF8
OTTHUMG00000017520;RP11-144L1.4	OTTHUMG00000017520;RP11-144L1.4
DENND5B-AS1	DENND5B-AS1
TRPC4AP	TRPC4AP
NUBP1	NUBP1
ZBTB3	ZBTB3
SPINK13	SPINK13
BOLA3	BOLA3
EPHA1-AS1	EPHA1-AS1
MIR561	MIR561
LRRC15	LRRC15
ZNF385D-AS2	ZNF385D-AS2
PTDSS1	PTDSS1
AC013448.1;OTTHUMG00000153378	AC013448.1;OTTHUMG00000153378
CD6	CD6
SIX5	SIX5
SERPINB12	SERPINB12
MIR3917;STMN1	MIR3917;STMN1
PRSS33	PRSS33
RCOR1	RCOR1
C6orf195	C6orf195
ZNF576	ZNF576
CNBP	CNBP
EVPL	EVPL
C10orf113	C10orf113
EXD1	EXD1
NDUFB4	NDUFB4
CTC-327F10.4;OTTHUMG00000163419	CTC-327F10.4;OTTHUMG00000163419
DIO3OS;MIR1247	DIO3OS;MIR1247
HLA-DQA2	HLA-DQA2
CHST1	CHST1
AC018464.3;OTTHUMG00000155236	AC018464.3;OTTHUMG00000155236
SFRP4	SFRP4
BOLL	BOLL
ARRDC3	ARRDC3
KLHDC9	KLHDC9
P4HB	P4HB
RNF146	RNF146
OTTHUMG00000032826;RP4-718J7.4	OTTHUMG00000032826;RP4-718J7.4
PRR16	PRR16
SLC24A3	SLC24A3
RD3	RD3
MEP1B	MEP1B
OTTHUMG00000162080;RP1-117B12.4	OTTHUMG00000162080;RP1-117B12.4
OTTHUMG00000018616;RP11-137H2.4	OTTHUMG00000018616;RP11-137H2.4
NBLA00301;OTTHUMG00000160783;RP11-471J12.1	NBLA00301;OTTHUMG00000160783;RP11-471J12.1
OTTHUMG00000159500;RP11-501O2.3	OTTHUMG00000159500;RP11-501O2.3
MIR92B	MIR92B
TMEM125	TMEM125
PPOX	PPOX
OTTHUMG00000150567;XXbac-B444P24.8	OTTHUMG00000150567;XXbac-B444P24.8
PRKCH	PRKCH
OTTHUMG00000040016;RP11-269F20.1	OTTHUMG00000040016;RP11-269F20.1
C1orf147	C1orf147
TIMP4	TIMP4
OTTHUMG00000158020;RP11-10O22.1	OTTHUMG00000158020;RP11-10O22.1
RALBP1	RALBP1
HLA-DMB	HLA-DMB
TARBP1	TARBP1
MEX3B	MEX3B
ANXA8;ANXA8L2;C10orf43;LOC100996760;LOC101060462;OTTHUMG00000018128	ANXA8;ANXA8L2;C10orf43;LOC100996760;LOC101060462;OTTHUMG00000018128
TSPAN8	TSPAN8
TRIB1	TRIB1
LCN10	LCN10
OTTHUMG00000157321;RP5-921G16.1	OTTHUMG00000157321;RP5-921G16.1
ITK	ITK
OTTHUMG00000137478;XXbac-BPG116M5.14	OTTHUMG00000137478;XXbac-BPG116M5.14
OTTHUMG00000149045;XXbac-BPG116M5.14	OTTHUMG00000149045;XXbac-BPG116M5.14
OTTHUMG00000149554;XXbac-BPG116M5.14	OTTHUMG00000149554;XXbac-BPG116M5.14
OTTHUMG00000137482;XXbac-BPG116M5.14	OTTHUMG00000137482;XXbac-BPG116M5.14
RTP4	RTP4
MIR1180	MIR1180
OTTHUMG00000158859;RP11-373E16.3	OTTHUMG00000158859;RP11-373E16.3
AC106870.2;OTTHUMG00000152004	AC106870.2;OTTHUMG00000152004
AC005863.2;OTTHUMG00000058804	AC005863.2;OTTHUMG00000058804
C5orf38	C5orf38
C6orf118	C6orf118
TUSC5	TUSC5
ACTL8	ACTL8
ADAMTS9	ADAMTS9
PDHB	PDHB
RNU6-62	RNU6-62
MAP3K11	MAP3K11
PKD2	PKD2
IGFBP7;OTTHUMG00000160777;RP11-738E22.2	IGFBP7;OTTHUMG00000160777;RP11-738E22.2
AC004014.3;OTTHUMG00000154865	AC004014.3;OTTHUMG00000154865
OTTHUMG00000162639;RP11-124N2.1	OTTHUMG00000162639;RP11-124N2.1
CC2D2B;LOC100652732	CC2D2B;LOC100652732
OTTHUMG00000159353;RP11-80H8.3	OTTHUMG00000159353;RP11-80H8.3
TEX11	TEX11
MYO1E	MYO1E
ZNF214	ZNF214
AATF	AATF
GNA15	GNA15
SLC30A3	SLC30A3
PI16	PI16
SCFD1	SCFD1
KIAA1257;LOC100132731;OTTHUMG00000162589;RP11-723O4.6	KIAA1257;LOC100132731;OTTHUMG00000162589;RP11-723O4.6
OR4F5	OR4F5
OTTHUMG00000015516;RP11-527F13.1	OTTHUMG00000015516;RP11-527F13.1
CCDC135	CCDC135
CTD-2194D22.3;OTTHUMG00000161602	CTD-2194D22.3;OTTHUMG00000161602
OTTHUMG00000161225;RP11-319E12.2	OTTHUMG00000161225;RP11-319E12.2
CHTF18	CHTF18
OTTHUMG00000161793;RP1-137K24.1	OTTHUMG00000161793;RP1-137K24.1
ANK1	ANK1
MAP3K13	MAP3K13
PI4KB	PI4KB
IL1R2	IL1R2
IGLC7	IGLC7
ZIM3	ZIM3
CTD-2313F11.3;OTTHUMG00000162202	CTD-2313F11.3;OTTHUMG00000162202
OTTHUMG00000164897;RP11-267L5.1	OTTHUMG00000164897;RP11-267L5.1
SNW1	SNW1
IGLV3-9	IGLV3-9
GOLGA6B	GOLGA6B
OTTHUMG00000016477;RP11-408E5.4	OTTHUMG00000016477;RP11-408E5.4
LINC00273	LINC00273
IL3RA	IL3RA
MARCH8;OTTHUMG00000018084;RP11-358L16.2	MARCH8;OTTHUMG00000018084;RP11-358L16.2
TBC1D9B	TBC1D9B
MIR769	MIR769
OR2H2	OR2H2
OR2H2	OR2H2
OR2H2	OR2H2
WDR61	WDR61
LOC100128993;OTTHUMG00000163715;RP11-1080G15.1	LOC100128993;OTTHUMG00000163715;RP11-1080G15.1
OTTHUMG00000150925;SC22CB-1D7.1	OTTHUMG00000150925;SC22CB-1D7.1
AC012123.1;OTTHUMG00000154695	AC012123.1;OTTHUMG00000154695
EYS	EYS
HKDC1	HKDC1
TAF3	TAF3
RABL2A	RABL2A
OTTHUMG00000156146;RP11-655G22.1	OTTHUMG00000156146;RP11-655G22.1
F13A1	F13A1
GRXCR1	GRXCR1
SYNE3	SYNE3
RDH11	RDH11
TMEM37	TMEM37
AC013472.3;OTTHUMG00000151998	AC013472.3;OTTHUMG00000151998
SPANXN3	SPANXN3
PMVK	PMVK
FIBIN	FIBIN
OTTHUMG00000010701;RP11-86H7.1	OTTHUMG00000010701;RP11-86H7.1
LOC401321	LOC401321
TRIM27	TRIM27
MIR4486	MIR4486
MIR4533	MIR4533
OTTHUMG00000019968;RP11-274B18.2	OTTHUMG00000019968;RP11-274B18.2
OTTHUMG00000032716;RP11-112L6.2	OTTHUMG00000032716;RP11-112L6.2
MIR4640	MIR4640
MIR4640	MIR4640
MIR4640	MIR4640
MIR4640	MIR4640
MIR4640	MIR4640
HLA-DMB	HLA-DMB
ZNF213	ZNF213
SNORD42A	SNORD42A
AP002856.4;OTTHUMG00000066362	AP002856.4;OTTHUMG00000066362
CLIC1	CLIC1
TEKT3	TEKT3
OTTHUMG00000150805;XXbac-B135H6.15	OTTHUMG00000150805;XXbac-B135H6.15
MC2R	MC2R
ANKRD18CP;OTTHUMG00000020321;RP11-498P14.5	ANKRD18CP;OTTHUMG00000020321;RP11-498P14.5
DERL3	DERL3
MIR514A2;MIR514A3	MIR514A2;MIR514A3
MIR514A2;MIR514A3	MIR514A2;MIR514A3
AC106876.2;OTTHUMG00000153231	AC106876.2;OTTHUMG00000153231
TRIM64C	TRIM64C
CCER1	CCER1
MBTD1	MBTD1
OTTHUMG00000000721;RP3-395M20.3	OTTHUMG00000000721;RP3-395M20.3
MIR361	MIR361
MT1M	MT1M
TTC12	TTC12
AC034243.1;OTTHUMG00000163503	AC034243.1;OTTHUMG00000163503
SPATA31C2	SPATA31C2
OTTHUMG00000150662;Z83844.1	OTTHUMG00000150662;Z83844.1
C3orf22	C3orf22
PLA2G1B	PLA2G1B
GTF2H4	GTF2H4
XAGE5	XAGE5
OTUD7B	OTUD7B
RNA5SP292	RNA5SP292
CTC-353G13.1;OTTHUMG00000162966	CTC-353G13.1;OTTHUMG00000162966
PRRG4	PRRG4
MAGEA4	MAGEA4
KIF7	KIF7
OTTHUMG00000035891;RP11-382E9.1	OTTHUMG00000035891;RP11-382E9.1
OTTHUMG00000160455;RP11-324J13.2	OTTHUMG00000160455;RP11-324J13.2
CCL17	CCL17
CDK13	CDK13
PQLC3	PQLC3
GINS2	GINS2
TMEM217	TMEM217
GCAT	GCAT
TRIM63	TRIM63
TP73	TP73
SYCN	SYCN
SMIM2-AS1	SMIM2-AS1
EIF3I	EIF3I
DAO	DAO
ZNF630-AS1	ZNF630-AS1
KPNA4	KPNA4
AC124997.1;OTTHUMG00000056663	AC124997.1;OTTHUMG00000056663
RHOT2	RHOT2
AC104650.2;OTTHUMG00000090503;SH3TC1	AC104650.2;OTTHUMG00000090503;SH3TC1
HBB	HBB
LOC100287010	LOC100287010
OTTHUMG00000161786;RP1-167G20.2	OTTHUMG00000161786;RP1-167G20.2
LPCAT3	LPCAT3
PROS1	PROS1
CYP4F22	CYP4F22
LOC284578	LOC284578
NUDT13	NUDT13
TRBV5-5	TRBV5-5
ACTN3	ACTN3
C11orf21	C11orf21
OTTHUMG00000014379;RP3-425P12.1	OTTHUMG00000014379;RP3-425P12.1
POLE3	POLE3
CTC-209H22.3;OTTHUMG00000163320	CTC-209H22.3;OTTHUMG00000163320
MCCD1	MCCD1
RELT	RELT
LOC100507506;OTTHUMG00000014161;RP3-400B16.1	LOC100507506;OTTHUMG00000014161;RP3-400B16.1
NRP1	NRP1
OTTHUMG00000164348;RP11-337A23.6	OTTHUMG00000164348;RP11-337A23.6
H1F0	H1F0
OTTHUMG00000163567;RP11-798K23.4	OTTHUMG00000163567;RP11-798K23.4
OTTHUMG00000164076;RP11-15G16.1	OTTHUMG00000164076;RP11-15G16.1
PTGS2	PTGS2
AC069513.4;OTTHUMG00000155836	AC069513.4;OTTHUMG00000155836
ARL5C	ARL5C
HLA-DMB	HLA-DMB
AC108004.3;OTTHUMG00000132132	AC108004.3;OTTHUMG00000132132
TMIGD2	TMIGD2
C20orf11;GID8	C20orf11;GID8
OTTHUMG00000021871;RP11-212D3.3	OTTHUMG00000021871;RP11-212D3.3
RAB3D	RAB3D
LGALS12	LGALS12
CTD-3179P9.1;OTTHUMG00000162888	CTD-3179P9.1;OTTHUMG00000162888
LINC00167	LINC00167
ZNF672	ZNF672
OTTHUMG00000164643;RP11-297B17.3	OTTHUMG00000164643;RP11-297B17.3
ITIH5	ITIH5
OTTHUMG00000032476;RP1-1J6.2	OTTHUMG00000032476;RP1-1J6.2
TDH	TDH
WNT2	WNT2
OR11H7	OR11H7
CTA-31J9.2;OTTHUMG00000015619	CTA-31J9.2;OTTHUMG00000015619
OTTHUMG00000047278;RP11-398K22.12	OTTHUMG00000047278;RP11-398K22.12
ITPR3	ITPR3
MSANTD3	MSANTD3
RANGRF	RANGRF
C14orf180	C14orf180
OTTHUMG00000041315;RP11-61L14.6	OTTHUMG00000041315;RP11-61L14.6
C6orf225;FAM229B	C6orf225;FAM229B
UPRT	UPRT
C3orf43	C3orf43
STAMBP	STAMBP
SOX18	SOX18
RNF149;SNORD89	RNF149;SNORD89
AP000473.5;OTTHUMG00000074396	AP000473.5;OTTHUMG00000074396
KIF27	KIF27
HSF5	HSF5
ZFYVE20	ZFYVE20
AC002480.2;LOC401312;OTTHUMG00000150712	AC002480.2;LOC401312;OTTHUMG00000150712
CTC-369A16.2;OTTHUMG00000163244	CTC-369A16.2;OTTHUMG00000163244
TBC1D28	TBC1D28
OTTHUMG00000163015;RP11-395P13.2	OTTHUMG00000163015;RP11-395P13.2
FAM163B	FAM163B
RNU6-72P	RNU6-72P
GOLGA8R	GOLGA8R
AP000266.7;OTTHUMG00000085304	AP000266.7;OTTHUMG00000085304
ZNF583	ZNF583
OTTHUMG00000160975;RP11-729M20.1	OTTHUMG00000160975;RP11-729M20.1
AC012146.7;OTTHUMG00000132913	AC012146.7;OTTHUMG00000132913
OTTHUMG00000018181;RP11-523O18.5	OTTHUMG00000018181;RP11-523O18.5
LOC284100	LOC284100
SMIM2-IT1	SMIM2-IT1
DNAJB11	DNAJB11
C6orf214;OTTHUMG00000133720	C6orf214;OTTHUMG00000133720
PANK2	PANK2
CAPG	CAPG
MTRNR2L1;MTRNR2L2	MTRNR2L1;MTRNR2L2
AC107057.2;OTTHUMG00000151424	AC107057.2;OTTHUMG00000151424
ALYREF	ALYREF
NARFL	NARFL
IFI6	IFI6
OTTHUMG00000015218;RP1-177I10.1	OTTHUMG00000015218;RP1-177I10.1
CAPN12	CAPN12
LOC645249;OTTHUMG00000157179;RP5-1121A15.1	LOC645249;OTTHUMG00000157179;RP5-1121A15.1
OTTHUMG00000161276;RP11-310I9.1	OTTHUMG00000161276;RP11-310I9.1
CUL7	CUL7
TCAP	TCAP
OTTHUMG00000014286;RP3-448I9.1	OTTHUMG00000014286;RP3-448I9.1
AC079779.7;OTTHUMG00000151377	AC079779.7;OTTHUMG00000151377
OTTHUMG00000164381;RP11-953B20.1	OTTHUMG00000164381;RP11-953B20.1
LINC00354	LINC00354
ROPN1	ROPN1
TMEM38A	TMEM38A
IL37	IL37
PRKD3	PRKD3
SLC41A2	SLC41A2
MIR1206	MIR1206
C10orf91	C10orf91
TAS2R40	TAS2R40
LOC729040;OTTHUMG00000162618;RP11-213H15.1	LOC729040;OTTHUMG00000162618;RP11-213H15.1
BICC1	BICC1
LINC00483	LINC00483
RNU4-6P	RNU4-6P
MSX2P1	MSX2P1
ANAPC11	ANAPC11
MAP3K3	MAP3K3
FGFBP3	FGFBP3
MIR4254	MIR4254
TTPA	TTPA
OGFRL1	OGFRL1
OTTHUMG00000041453;RP11-154H17.1	OTTHUMG00000041453;RP11-154H17.1
SREK1IP1	SREK1IP1
OTTHUMG00000164284;RP11-648L3.2	OTTHUMG00000164284;RP11-648L3.2
EPHB2	EPHB2
HMCN2;LOC101060175	HMCN2;LOC101060175
AES	AES
C16orf62	C16orf62
LOC100507210;OTTHUMG00000159748;RP11-202A13.1	LOC100507210;OTTHUMG00000159748;RP11-202A13.1
HMGB1P4	HMGB1P4
SPRED2	SPRED2
C11orf34	C11orf34
SERBP1	SERBP1
ECHS1	ECHS1
EGFLAM-AS4	EGFLAM-AS4
CTB-32H22.1;OTTHUMG00000163340	CTB-32H22.1;OTTHUMG00000163340
AGAP6;AGAP8;LOC101060581	AGAP6;AGAP8;LOC101060581
SNORD114-10	SNORD114-10
TGFBR2	TGFBR2
ZNF488	ZNF488
CACNG5	CACNG5
OTTHUMG00000037959;RP5-1097F14.3	OTTHUMG00000037959;RP5-1097F14.3
CD1D	CD1D
CTA-125H2.1;OTTHUMG00000150904	CTA-125H2.1;OTTHUMG00000150904
RIOK1	RIOK1
RASD2	RASD2
OTTHUMG00000046130;RP11-247A12.2	OTTHUMG00000046130;RP11-247A12.2
LDLRAD4-AS1	LDLRAD4-AS1
CTD-2544H17.1;OTTHUMG00000162974	CTD-2544H17.1;OTTHUMG00000162974
LOC149950;OTTHUMG00000032222;RP11-410N8.4	LOC149950;OTTHUMG00000032222;RP11-410N8.4
KLHL1	KLHL1
MS4A8	MS4A8
TRAPPC3	TRAPPC3
CD300LB	CD300LB
PRKCG	PRKCG
MIR655	MIR655
XRCC3	XRCC3
FAM115C;LOC101060689	FAM115C;LOC101060689
ACTL9	ACTL9
OTTHUMG00000003927;RP11-84A19.2	OTTHUMG00000003927;RP11-84A19.2
BRI3BP	BRI3BP
LOC100507254;OTTHUMG00000015574;RP3-523C21.1	LOC100507254;OTTHUMG00000015574;RP3-523C21.1
METTL18	METTL18
SPATA6	SPATA6
TRIML1	TRIML1
GGTA1P	GGTA1P
MTRNR2L10	MTRNR2L10
CCDC144C;CCDC144CP	CCDC144C;CCDC144CP
GPR111	GPR111
RNY4P24	RNY4P24
AC092684.1;OTTHUMG00000153912	AC092684.1;OTTHUMG00000153912
MAP1LC3B2	MAP1LC3B2
AC087501.1;OTTHUMG00000132850	AC087501.1;OTTHUMG00000132850
FADD	FADD
OTTHUMG00000161703;RP11-332J15.3	OTTHUMG00000161703;RP11-332J15.3
HIST1H3A;HIST1H3B;HIST1H3C;HIST1H3D;HIST1H3E;HIST1H3F;HIST1H3G;HIST1H3H;HIST1H3I;HIST1H3J	HIST1H3A;HIST1H3B;HIST1H3C;HIST1H3D;HIST1H3E;HIST1H3F;HIST1H3G;HIST1H3H;HIST1H3I;HIST1H3J
C19orf43	C19orf43
FCAR	FCAR
PCAT1	PCAT1
DPP10	DPP10
RNA5SP307	RNA5SP307
COLEC12	COLEC12
FCRL4	FCRL4
LINC00601	LINC00601
FITM2	FITM2
ATP5G2	ATP5G2
VENTXP1	VENTXP1
SLC16A13	SLC16A13
C7orf23;TMEM243	C7orf23;TMEM243
ALDH2	ALDH2
OTTHUMG00000003394;RP4-752I6.1	OTTHUMG00000003394;RP4-752I6.1
NT5E	NT5E
CLCA4	CLCA4
MRPL54	MRPL54
BTF3L4P1	BTF3L4P1
NXPE2	NXPE2
RTN2	RTN2
CYP2A6	CYP2A6
PLXDC2	PLXDC2
AC105749.5;OTTHUMG00000155802	AC105749.5;OTTHUMG00000155802
MFAP3L	MFAP3L
STK16	STK16
RPN1	RPN1
DAXX	DAXX
CTB-180C19.1;OTTHUMG00000163873	CTB-180C19.1;OTTHUMG00000163873
ZBTB44	ZBTB44
LMO2	LMO2
WFIKKN1	WFIKKN1
OTTHUMG00000015982;RP11-300M24.1	OTTHUMG00000015982;RP11-300M24.1
LOC100240734;OTTHUMG00000160029;RP11-834C11.6	LOC100240734;OTTHUMG00000160029;RP11-834C11.6
SNAR-H	SNAR-H
OTTHUMG00000019994;RP11-141J10.1	OTTHUMG00000019994;RP11-141J10.1
OTTHUMG00000019995;RP11-141J10.2	OTTHUMG00000019995;RP11-141J10.2
LYPD3	LYPD3
CSNK1E	CSNK1E
BIN3-IT1	BIN3-IT1
ZFYVE28	ZFYVE28
B3GALT6	B3GALT6
LOC284788;OTTHUMG00000032040;RP5-1004I9.1	LOC284788;OTTHUMG00000032040;RP5-1004I9.1
OR52R1	OR52R1
MMAA	MMAA
PRMT6	PRMT6
HOXB-AS1	HOXB-AS1
MRPS25	MRPS25
C15orf61	C15orf61
PHACTR2	PHACTR2
HLA-DPB1	HLA-DPB1
HLA-DPB1	HLA-DPB1
CTC-261N6.1;OTTHUMG00000162587	CTC-261N6.1;OTTHUMG00000162587
C2orf83	C2orf83
OTTHUMG00000150676;Z82214.2	OTTHUMG00000150676;Z82214.2
EFCAB12	EFCAB12
CSNK2B	CSNK2B
SH3BGRL	SH3BGRL
CTD-2001E22.1;OTTHUMG00000161687	CTD-2001E22.1;OTTHUMG00000161687
RNY3P1	RNY3P1
YIPF2	YIPF2
CDH2	CDH2
LOC100505985;OTTHUMG00000014829;RP11-397G17.1	LOC100505985;OTTHUMG00000014829;RP11-397G17.1
OTTHUMG00000164493;RP11-434I12.2	OTTHUMG00000164493;RP11-434I12.2
AC079896.1;OTTHUMG00000152955	AC079896.1;OTTHUMG00000152955
ARV1	ARV1
KRT4	KRT4
ARMC7	ARMC7
AC093390.1;OTTHUMG00000151406	AC093390.1;OTTHUMG00000151406
CUZD1	CUZD1
MEI1	MEI1
HCG14	HCG14
HCG14	HCG14
HCG14	HCG14
DHRS4-AS1	DHRS4-AS1
CTD-2631K10.1;OTTHUMG00000162494	CTD-2631K10.1;OTTHUMG00000162494
TTTY4;TTTY4B;TTTY4C	TTTY4;TTTY4B;TTTY4C
TTTY4;TTTY4B;TTTY4C	TTTY4;TTTY4B;TTTY4C
TTTY4;TTTY4B;TTTY4C	TTTY4;TTTY4B;TTTY4C
LOC100129138;OTTHUMG00000011047;RP11-364B6.1	LOC100129138;OTTHUMG00000011047;RP11-364B6.1
OTTHUMG00000151143;RP5-1042K10.10	OTTHUMG00000151143;RP5-1042K10.10
AL592494.4;OTTHUMG00000013091	AL592494.4;OTTHUMG00000013091
OTTHUMG00000153503;RP4-753M9.1	OTTHUMG00000153503;RP4-753M9.1
TMEM87B	TMEM87B
USP46	USP46
LOC100505550;OTTHUMG00000014621;RP1-153P14.3	LOC100505550;OTTHUMG00000014621;RP1-153P14.3
OTTHUMG00000035174;RP11-46A10.5;STX6	OTTHUMG00000035174;RP11-46A10.5;STX6
NBEAP1	NBEAP1
LTA4H	LTA4H
LIN54	LIN54
MIR32	MIR32
LINC00272	LINC00272
TSPY1;TSPY3;TSPY4	TSPY1;TSPY3;TSPY4
FAM108A2	FAM108A2
C7orf49	C7orf49
BCL2L12	BCL2L12
MFHAS1	MFHAS1
ALPL	ALPL
HMCN2;LOC101060175	HMCN2;LOC101060175
TRAF3IP2	TRAF3IP2
OTTHUMG00000144164;RP11-598C10.1	OTTHUMG00000144164;RP11-598C10.1
RNF8	RNF8
TNXA;TNXB	TNXA;TNXB
OTTHUMG00000020885;RP11-473E2.3	OTTHUMG00000020885;RP11-473E2.3
RASGRP4	RASGRP4
SH2D2A	SH2D2A
OTTHUMG00000160650;RP11-317M11.1	OTTHUMG00000160650;RP11-317M11.1
CTB-118N6.3;OTTHUMG00000162986	CTB-118N6.3;OTTHUMG00000162986
HSP90AB2P	HSP90AB2P
ZNF501	ZNF501
MIR3914-1	MIR3914-1
OTTHUMG00000160700;RP11-665C14.2	OTTHUMG00000160700;RP11-665C14.2
OTTHUMG00000039467;RP4-613A2.1	OTTHUMG00000039467;RP4-613A2.1
RBP7	RBP7
FAM26E	FAM26E
PHTF1	PHTF1
GAL	GAL
SLC17A4	SLC17A4
ZBTB37	ZBTB37
CYP46A1	CYP46A1
OTTHUMG00000162673;RP11-133F8.2	OTTHUMG00000162673;RP11-133F8.2
AC016995.3;OTTHUMG00000153431	AC016995.3;OTTHUMG00000153431
OTTHUMG00000018373;RP11-227H15.5	OTTHUMG00000018373;RP11-227H15.5
CEP76	CEP76
FAM73A;RNA5SP21	FAM73A;RNA5SP21
TERT	TERT
WWTR1-IT1	WWTR1-IT1
CEP57L1P1	CEP57L1P1
SEC61G	SEC61G
FAM90A24P	FAM90A24P
C6orf214;OTTHUMG00000149218	C6orf214;OTTHUMG00000149218
AF230666.2;OTTHUMG00000148655	AF230666.2;OTTHUMG00000148655
OTTHUMG00000043433;RP6-74O6.3	OTTHUMG00000043433;RP6-74O6.3
AC114765.2;OTTHUMG00000153854	AC114765.2;OTTHUMG00000153854
OTTHUMG00000161801;RP11-612J15.1	OTTHUMG00000161801;RP11-612J15.1
TANGO6	TANGO6
ZNF473	ZNF473
AL122127.25;KIAA0125;OTTHUMG00000152317	AL122127.25;KIAA0125;OTTHUMG00000152317
AP000233.2;OTTHUMG00000078330	AP000233.2;OTTHUMG00000078330
OTTHUMG00000009978;RP11-776H12.1	OTTHUMG00000009978;RP11-776H12.1
HOXD13	HOXD13
AC104794.4;OTTHUMG00000151705	AC104794.4;OTTHUMG00000151705
EPRS	EPRS
DNAL4	DNAL4
CFD	CFD
UBE2D2	UBE2D2
LDHC	LDHC
PAPL	PAPL
USP24	USP24
EIF3D	EIF3D
RNF222	RNF222
MYADML2	MYADML2
RSRC1	RSRC1
ZNF211	ZNF211
ZSCAN18	ZSCAN18
SCN11A	SCN11A
KPNA3	KPNA3
TLCD1	TLCD1
SLC2A2	SLC2A2
TGFA	TGFA
IP6K3	IP6K3
LOC100129213;SLC39A12-AS1	LOC100129213;SLC39A12-AS1
LRRC43	LRRC43
ASRGL1	ASRGL1
CHPF2;MIR671	CHPF2;MIR671
CDYL2	CDYL2
RNA5SP94	RNA5SP94
OTTHUMG00000156033;RP11-153N17.1	OTTHUMG00000156033;RP11-153N17.1
MIR4485;MTRNR2L2;MTRNR2L8	MIR4485;MTRNR2L2;MTRNR2L8
OTTHUMG00000160859;RP11-234K19.1	OTTHUMG00000160859;RP11-234K19.1
COL27A1	COL27A1
ZNF416	ZNF416
BIRC8	BIRC8
AC055764.1;OTTHUMG00000155409	AC055764.1;OTTHUMG00000155409
AC019117.1;OTTHUMG00000152729	AC019117.1;OTTHUMG00000152729
OTTHUMG00000015778;RP11-162J8.3	OTTHUMG00000015778;RP11-162J8.3
TMEM132E	TMEM132E
SNAP25-AS1	SNAP25-AS1
SMG8	SMG8
SCG3	SCG3
CHGA	CHGA
OTTHUMG00000041131;RP11-541F9.2	OTTHUMG00000041131;RP11-541F9.2
BLZF1	BLZF1
ZNF100;ZNF626	ZNF100;ZNF626
SEC62	SEC62
FGFBP1	FGFBP1
SCAND2;SCAND2P	SCAND2;SCAND2P
MIR3910-1	MIR3910-1
LINC00652	LINC00652
CTB-111H14.1;OTTHUMG00000157591	CTB-111H14.1;OTTHUMG00000157591
C21ORF116	C21ORF116
NCEH1	NCEH1
C4BPB	C4BPB
LOC100507283	LOC100507283
SLC25A51P2;SLC25A52	SLC25A51P2;SLC25A52
C11orf63	C11orf63
MIR4279	MIR4279
NTRK3	NTRK3
OTTHUMG00000016875;RP11-189B4.6	OTTHUMG00000016875;RP11-189B4.6
ZNF136	ZNF136
PHAX	PHAX
METTL11B	METTL11B
PNMT	PNMT
MIR4749;PTOV1	MIR4749;PTOV1
DHODH	DHODH
TOMM40	TOMM40
DDX42	DDX42
HSPA1L	HSPA1L
AC011243.1;OTTHUMG00000153665	AC011243.1;OTTHUMG00000153665
AC003102.3;OTTHUMG00000132629	AC003102.3;OTTHUMG00000132629
AC074138.3;OTTHUMG00000048158	AC074138.3;OTTHUMG00000048158
MIR34A;OTTHUMG00000001762;RP3-510D11.1	MIR34A;OTTHUMG00000001762;RP3-510D11.1
PRKG2	PRKG2
RPL14	RPL14
DLGAP1	DLGAP1
NRG4	NRG4
RAB38	RAB38
LSM4	LSM4
PLEKHG7	PLEKHG7
CALM1;CALM2;CALM3	CALM1;CALM2;CALM3
C6orf214;OTTHUMG00000148939	C6orf214;OTTHUMG00000148939
OTTHUMG00000160433;RP11-1E6.1	OTTHUMG00000160433;RP11-1E6.1
GPR137	GPR137
LOC100507634	LOC100507634
PF4	PF4
EBNA1BP2	EBNA1BP2
C2orf16	C2orf16
NDUFV3	NDUFV3
MIR1915	MIR1915
NOTCH4	NOTCH4
PDE6G	PDE6G
ZFAND5	ZFAND5
SQRDL	SQRDL
CATSPERD	CATSPERD
VPS37D	VPS37D
AC105402.4;OTTHUMG00000153737	AC105402.4;OTTHUMG00000153737
OAS2	OAS2
ALG1L9P	ALG1L9P
GABPA	GABPA
NXPH2	NXPH2
SNORD7	SNORD7
GLTSCR1	GLTSCR1
LOC100287042	LOC100287042
GTF3A	GTF3A
NOTCH4	NOTCH4
MYH15	MYH15
MX2	MX2
FOXA1	FOXA1
ARRDC3-AS1	ARRDC3-AS1
PEG3;ZIM2	PEG3;ZIM2
RNU6ATAC3P	RNU6ATAC3P
FAM86JP	FAM86JP
NUP160	NUP160
ZNF554	ZNF554
EIF2A	EIF2A
KYNU	KYNU
MAGED4;MAGED4B;SNORA11D	MAGED4;MAGED4B;SNORA11D
OTTHUMG00000020845;RP11-295G24.4	OTTHUMG00000020845;RP11-295G24.4
WBP11P1	WBP11P1
OTTHUMG00000033150;RGS5;RP11-267N12.3	OTTHUMG00000033150;RGS5;RP11-267N12.3
ARHGAP22-IT1	ARHGAP22-IT1
OTTHUMG00000019544;RP11-75C9.2	OTTHUMG00000019544;RP11-75C9.2
LOC100505573	LOC100505573
IK;MIR3655	IK;MIR3655
MIR1301	MIR1301
KLRF2	KLRF2
PRDM14	PRDM14
FSHB	FSHB
C9orf152	C9orf152
OTTHUMG00000165061;PCAT1;RP11-645E10.1	OTTHUMG00000165061;PCAT1;RP11-645E10.1
BSDC1	BSDC1
STK38	STK38
CD244	CD244
NAE1	NAE1
SLMO1	SLMO1
HTR6	HTR6
RSPH10B;RSPH10B2	RSPH10B;RSPH10B2
CECR3	CECR3
RNF40	RNF40
TRAJ2	TRAJ2
FLJ14186	FLJ14186
OTTHUMG00000020815;RP11-83J21.3	OTTHUMG00000020815;RP11-83J21.3
FAM172A;MIR2277	FAM172A;MIR2277
GH2	GH2
SNORA20	SNORA20
CSN3	CSN3
MIR4523	MIR4523
SSX2;SSX2B	SSX2;SSX2B
AC007359.6;OTTHUMG00000043574	AC007359.6;OTTHUMG00000043574
TKTL1	TKTL1
C16orf70	C16orf70
LOC653486;SCGB1C1	LOC653486;SCGB1C1
CCDC62	CCDC62
OR9A2	OR9A2
CIDEC	CIDEC
GTF3C3	GTF3C3
AC092159.2;OTTHUMG00000151378	AC092159.2;OTTHUMG00000151378
MRPL13	MRPL13
OTTHUMG00000160692;RP11-752D24.2	OTTHUMG00000160692;RP11-752D24.2
CYP2B7P1	CYP2B7P1
RNASE6	RNASE6
CTA-342B11.1;OTTHUMG00000058207	CTA-342B11.1;OTTHUMG00000058207
TMC1	TMC1
DZANK1-AS1;LINC00851	DZANK1-AS1;LINC00851
AC123886.2;OTTHUMG00000153641	AC123886.2;OTTHUMG00000153641
TSSK2	TSSK2
TRIM27	TRIM27
MIR370	MIR370
RAB27A	RAB27A
SLIT2	SLIT2
FXN	FXN
TOR3A	TOR3A
IGDCC4	IGDCC4
OTTHUMG00000159695;RP11-38P22.2	OTTHUMG00000159695;RP11-38P22.2
MIR767	MIR767
GTF3C3	GTF3C3
TLE3	TLE3
NDFIP1	NDFIP1
MST1L;MST1P9	MST1L;MST1P9
PKD1P5	PKD1P5
RBMY3AP	RBMY3AP
ANXA13	ANXA13
MCM3AP-AS1	MCM3AP-AS1
CCDC94	CCDC94
OTTHUMG00000016470;RP11-442J17.3	OTTHUMG00000016470;RP11-442J17.3
SNORA70E	SNORA70E
URGCP	URGCP
ANGEL2	ANGEL2
ABCF1	ABCF1
AC006840.1;OTTHUMG00000161627	AC006840.1;OTTHUMG00000161627
OTTHUMG00000164576;RP11-48B3.3	OTTHUMG00000164576;RP11-48B3.3
BFSP2	BFSP2
LOC100128554	LOC100128554
OTTHUMG00000157319;RP11-264K23.1	OTTHUMG00000157319;RP11-264K23.1
EGLN3	EGLN3
CTCFL	CTCFL
TSRM	TSRM
OTTHUMG00000159458;RP11-649A16.1	OTTHUMG00000159458;RP11-649A16.1
SP5	SP5
IGHV3-33	IGHV3-33
FUT8-AS1	FUT8-AS1
OTTHUMG00000163594;RP11-443C10.2	OTTHUMG00000163594;RP11-443C10.2
CDIP1	CDIP1
MRGPRE	MRGPRE
CCDC38	CCDC38
BMX	BMX
PTF1A	PTF1A
FOXR1	FOXR1
ZNF280B	ZNF280B
DNAH3	DNAH3
RSBN1L	RSBN1L
HYALP1	HYALP1
SPACA5;SPACA5B	SPACA5;SPACA5B
OTTHUMG00000164807;RP11-649G15.2	OTTHUMG00000164807;RP11-649G15.2
RNA5SP159	RNA5SP159
LOC285819	LOC285819
OTTHUMG00000019129;RP11-354M20.3	OTTHUMG00000019129;RP11-354M20.3
ATP6V0B	ATP6V0B
CEP164	CEP164
SGSM3	SGSM3
PARM1	PARM1
MAPT-IT1	MAPT-IT1
OTTHUMG00000037778;RP11-99J16__A.2	OTTHUMG00000037778;RP11-99J16__A.2
GTF2H1	GTF2H1
SCD	SCD
EAPP	EAPP
ARL5B	ARL5B
OTTHUMG00000157352;RP4-555L14.4	OTTHUMG00000157352;RP4-555L14.4
VPS36	VPS36
RASAL2-AS1	RASAL2-AS1
AC007431.1;OTTHUMG00000132063	AC007431.1;OTTHUMG00000132063
AC016700.2;OTTHUMG00000153127	AC016700.2;OTTHUMG00000153127
OTTHUMG00000161226;RP11-506N2.1	OTTHUMG00000161226;RP11-506N2.1
CYP21A1P;CYP21A2	CYP21A1P;CYP21A2
ITCH	ITCH
MIR3665	MIR3665
FAM168B	FAM168B
IGHV3OR16-7	IGHV3OR16-7
CNKSR2	CNKSR2
SAMD4A	SAMD4A
VEZT	VEZT
TSTD2	TSTD2
OTTHUMG00000009138;RP4-792G4.2	OTTHUMG00000009138;RP4-792G4.2
AGBL5-AS1	AGBL5-AS1
ITPKB-IT1	ITPKB-IT1
LINC00317	LINC00317
ZNF408	ZNF408
COX7B2	COX7B2
CCT6B	CCT6B
ACTR3BP2	ACTR3BP2
CLCA3P	CLCA3P
OTTHUMG00000020788;RP11-483H20.4	OTTHUMG00000020788;RP11-483H20.4
LINC00486	LINC00486
PLA2G5	PLA2G5
CEP68	CEP68
RNF19B	RNF19B
FKBP9	FKBP9
PLAC2;TINCR	PLAC2;TINCR
RNU6-56P	RNU6-56P
CTD-3224K15.2;OTTHUMG00000163330	CTD-3224K15.2;OTTHUMG00000163330
MUC7	MUC7
BOK-AS1	BOK-AS1
OTTHUMG00000015821;RP11-136K14.1	OTTHUMG00000015821;RP11-136K14.1
RNPEPL1	RNPEPL1
NAMPTL	NAMPTL
TMIE	TMIE
TMPRSS12	TMPRSS12
USH2A	USH2A
ITIH6	ITIH6
CPZ;GPR78	CPZ;GPR78
LOC101060179;PRDM11	LOC101060179;PRDM11
OTTHUMG00000161489;RP11-635L1.3	OTTHUMG00000161489;RP11-635L1.3
NCKAP5-IT1	NCKAP5-IT1
OTTHUMG00000015760;RP11-497D6.3	OTTHUMG00000015760;RP11-497D6.3
CACTIN-AS1	CACTIN-AS1
AC019118.4;OTTHUMG00000151435	AC019118.4;OTTHUMG00000151435
PRRX1	PRRX1
LOC642236	LOC642236
LOC389641;OTTHUMG00000163784;RP11-1149O23.3	LOC389641;OTTHUMG00000163784;RP11-1149O23.3
DCDC2B	DCDC2B
FAM206A	FAM206A
CTLA4	CTLA4
LALBA	LALBA
EGFR-AS1	EGFR-AS1
DNAJC8	DNAJC8
TBCEL	TBCEL
ACAD11	ACAD11
CAP1	CAP1
PCGF2	PCGF2
CA11	CA11
TIMM8A	TIMM8A
FABP5P3	FABP5P3
OTTHUMG00000019247;RP11-223P11.3	OTTHUMG00000019247;RP11-223P11.3
GPC2	GPC2
PAOX	PAOX
DEFB117	DEFB117
NLGN1	NLGN1
GAB3	GAB3
PRSS21	PRSS21
GRM1	GRM1
SNORD70	SNORD70
OTTHUMG00000150299;RP1-29C18.8	OTTHUMG00000150299;RP1-29C18.8
TARP;TRGC1;TRGC2;TRGJ1;TRGJ2;TRGJP;TRGJP1;TRGJP2;TRGV11;TRGV9	TARP;TRGC1;TRGC2;TRGJ1;TRGJ2;TRGJP;TRGJP1;TRGJP2;TRGV11;TRGV9
NIPSNAP1	NIPSNAP1
SERPING1	SERPING1
EMB	EMB
RN7SKP9	RN7SKP9
MIR3180-4	MIR3180-4
GON4L	GON4L
OTTHUMG00000160119;RP11-325B23.2	OTTHUMG00000160119;RP11-325B23.2
LOC100507195	LOC100507195
LRRC8A	LRRC8A
BHLHA15	BHLHA15
PICALM	PICALM
OTTHUMG00000007374;RP1-125I3.2	OTTHUMG00000007374;RP1-125I3.2
RPL17;RPL17-C18orf32;SNORD58B	RPL17;RPL17-C18orf32;SNORD58B
OTTHUMG00000140109;XXbac-BPG254F23.5	OTTHUMG00000140109;XXbac-BPG254F23.5
HOXB-AS5;MIR3185	HOXB-AS5;MIR3185
IFIH1	IFIH1
MAGI1;MAGI1-IT1	MAGI1;MAGI1-IT1
AC114947.1;NIM1;OTTHUMG00000131147	AC114947.1;NIM1;OTTHUMG00000131147
MIR1302-10;MIR1302-11;MIR1302-2;MIR1302-9;OTTHUMG00000019418;XXyac-YRM2039.3	MIR1302-10;MIR1302-11;MIR1302-2;MIR1302-9;OTTHUMG00000019418;XXyac-YRM2039.3
LINC00635	LINC00635
FLJ46010;OTTHUMG00000164090;RP11-305P14.1	FLJ46010;OTTHUMG00000164090;RP11-305P14.1
NOTCH4	NOTCH4
LOC148696	LOC148696
A4GALT	A4GALT
C3orf62	C3orf62
LOC100287036	LOC100287036
C5orf20	C5orf20
FAM69B	FAM69B
OTTHUMG00000015054;RP11-415D17.3	OTTHUMG00000015054;RP11-415D17.3
SPG11	SPG11
LINC00568	LINC00568
CHL1	CHL1
CCDC36	CCDC36
RAX2	RAX2
DCK	DCK
SPEF1	SPEF1
CNTD1	CNTD1
MIR4257	MIR4257
NKIRAS1	NKIRAS1
MIR4799	MIR4799
SNORA70D	SNORA70D
RNPS1	RNPS1
TRAV5	TRAV5
ZNF321P;ZNF816;ZNF816-ZNF321P	ZNF321P;ZNF816;ZNF816-ZNF321P
OTTHUMG00000164609;RP11-51M18.1	OTTHUMG00000164609;RP11-51M18.1
CTA-134P22.2;LOC100131825;OTTHUMG00000037178	CTA-134P22.2;LOC100131825;OTTHUMG00000037178
AC002480.5;OTTHUMG00000152532	AC002480.5;OTTHUMG00000152532
GFM1	GFM1
PPA1	PPA1
AC018799.1;OTTHUMG00000154350	AC018799.1;OTTHUMG00000154350
MPO	MPO
PNPO	PNPO
OTTHUMG00000158801;RP11-231I13.2	OTTHUMG00000158801;RP11-231I13.2
PRSS35	PRSS35
TIGIT	TIGIT
OTTHUMG00000020074;RP11-403N16.2	OTTHUMG00000020074;RP11-403N16.2
CLEC1B	CLEC1B
OTTHUMG00000164634;RP11-56F10.3	OTTHUMG00000164634;RP11-56F10.3
IGLV4-69	IGLV4-69
MIR4267	MIR4267
PRB3	PRB3
OTTHUMG00000159799;RP11-317B7.3	OTTHUMG00000159799;RP11-317B7.3
OTTHUMG00000015043;RP11-554D15.1	OTTHUMG00000015043;RP11-554D15.1
PARD6G	PARD6G
MREG	MREG
OTTHUMG00000015204;RP1-122O8.7	OTTHUMG00000015204;RP1-122O8.7
OR4S1	OR4S1
OTTHUMG00000164191;RP11-404L6.2	OTTHUMG00000164191;RP11-404L6.2
LINC00691	LINC00691
BEND3	BEND3
ZMPSTE24	ZMPSTE24
ZNF319	ZNF319
OTTHUMG00000015101;RP11-379B8.1	OTTHUMG00000015101;RP11-379B8.1
CTC-241N9.1;OTTHUMG00000163262	CTC-241N9.1;OTTHUMG00000163262
AC009531.2;OTTHUMG00000155027	AC009531.2;OTTHUMG00000155027
LOC100505534	LOC100505534
MAP1S	MAP1S
AC092168.4;OTTHUMG00000153159	AC092168.4;OTTHUMG00000153159
LMNB2	LMNB2
HMGN1P37	HMGN1P37
MIR3666	MIR3666
OTTHUMG00000157651;RP11-775D22.2	OTTHUMG00000157651;RP11-775D22.2
VN1R1	VN1R1
TAPT1	TAPT1
LOC100128176;OTTHUMG00000015777;RP11-162J8.2	LOC100128176;OTTHUMG00000015777;RP11-162J8.2
FGF3	FGF3
VSTM2B	VSTM2B
TGM6	TGM6
ASGR2	ASGR2
C1orf64	C1orf64
TAC1	TAC1
OTTHUMG00000008375;RP4-794H19.1	OTTHUMG00000008375;RP4-794H19.1
RNU7-11P	RNU7-11P
MCHR2	MCHR2
RNU5F-8P	RNU5F-8P
FAS-AS1	FAS-AS1
MIR4779	MIR4779
C5orf49	C5orf49
AC012613.2;OTTHUMG00000163434;OTTHUMG00000163504;RP11-331K21.1	AC012613.2;OTTHUMG00000163434;OTTHUMG00000163504;RP11-331K21.1
MIR548K	MIR548K
HEXDC	HEXDC
MIR433	MIR433
ITGA10;LOC101060422;OTTHUMG00000042455;RP11-315I20.3	ITGA10;LOC101060422;OTTHUMG00000042455;RP11-315I20.3
IRG1	IRG1
ZNF252P	ZNF252P
TRIM54	TRIM54
MIR1296	MIR1296
HNRNPL	HNRNPL
SMG5	SMG5
DNMT3L	DNMT3L
ZNF813	ZNF813
WDR3	WDR3
NAT9	NAT9
CORIN	CORIN
HLF	HLF
ARFGAP1	ARFGAP1
KRI1	KRI1
OTTHUMG00000163964;RP11-258J10.1	OTTHUMG00000163964;RP11-258J10.1
AC124944.5;OTTHUMG00000155824	AC124944.5;OTTHUMG00000155824
VWA8-AS1	VWA8-AS1
GNE	GNE
ANKRD20A8P;FAM95A	ANKRD20A8P;FAM95A
GKN2	GKN2
LHB	LHB
HAPLN2	HAPLN2
ZFP36L1	ZFP36L1
EFHD1	EFHD1
ZNF705B	ZNF705B
OTTHUMG00000150321;RP11-191L9.4	OTTHUMG00000150321;RP11-191L9.4
RNA5SP91	RNA5SP91
TBL3	TBL3
ADCY10P1	ADCY10P1
EXOC7	EXOC7
RAB23	RAB23
AC104654.1;LOC388942;OTTHUMG00000152301	AC104654.1;LOC388942;OTTHUMG00000152301
IGHD3-22	IGHD3-22
CLEC4C	CLEC4C
XK	XK
OTTHUMG00000160243;RP11-3J1.1	OTTHUMG00000160243;RP11-3J1.1
SNORD103A;SNORD103B	SNORD103A;SNORD103B
SNORD103A;SNORD103B	SNORD103A;SNORD103B
MIR1244-1;MIR1244-2	MIR1244-1;MIR1244-2
MIR1244-1;MIR1244-2	MIR1244-1;MIR1244-2
OTTHUMG00000033156;RP11-297K8.2	OTTHUMG00000033156;RP11-297K8.2
HIST1H4A;HIST1H4B;HIST1H4C;HIST1H4D;HIST1H4E;HIST1H4F;HIST1H4H;HIST1H4I;HIST1H4J;HIST1H4K;HIST1H4L;HIST2H4A;HIST2H4B;HIST4H4	HIST1H4A;HIST1H4B;HIST1H4C;HIST1H4D;HIST1H4E;HIST1H4F;HIST1H4H;HIST1H4I;HIST1H4J;HIST1H4K;HIST1H4L;HIST2H4A;HIST2H4B;HIST4H4
MIR1827	MIR1827
OR51F1	OR51F1
GCFC1;PAXBP1	GCFC1;PAXBP1
FAM22E;LOC642361	FAM22E;LOC642361
PCYT1A	PCYT1A
SPINK4	SPINK4
EXD3	EXD3
KRTAP19-7	KRTAP19-7
SCN9A	SCN9A
RXFP2	RXFP2
CUTC	CUTC
IRX5	IRX5
KRBOX1-AS1	KRBOX1-AS1
MIR302F	MIR302F
IMPAD1	IMPAD1
ABL2	ABL2
OTTHUMG00000017792;RP11-275N1.1	OTTHUMG00000017792;RP11-275N1.1
MIR661	MIR661
EPM2AIP1	EPM2AIP1
AC078942.1;OTTHUMG00000152641	AC078942.1;OTTHUMG00000152641
SLC25A51	SLC25A51
APOC1P1	APOC1P1
PSTK	PSTK
AC021016.6;OTTHUMG00000155067	AC021016.6;OTTHUMG00000155067
PRSS2;PRSS3	PRSS2;PRSS3
CD99	CD99
GAD1	GAD1
SARNP	SARNP
HIST1H3A;HIST1H3B;HIST1H3C;HIST1H3D;HIST1H3E;HIST1H3F;HIST1H3G;HIST1H3H;HIST1H3I;HIST1H3J	HIST1H3A;HIST1H3B;HIST1H3C;HIST1H3D;HIST1H3E;HIST1H3F;HIST1H3G;HIST1H3H;HIST1H3I;HIST1H3J
ITGA4	ITGA4
OTTHUMG00000017162;RP11-366K1.1	OTTHUMG00000017162;RP11-366K1.1
FFAR2	FFAR2
PPBPP2	PPBPP2
FAM105A	FAM105A
LOC100287576;LOC100506454	LOC100287576;LOC100506454
OTTHUMG00000021822;RP11-493K23.1	OTTHUMG00000021822;RP11-493K23.1
CAPN6	CAPN6
ADO	ADO
IQCE	IQCE
PVR	PVR
C2orf61;CALM1;CALM2;CALM3	C2orf61;CALM1;CALM2;CALM3
L2HGDH	L2HGDH
VWCE	VWCE
PPP1R13L	PPP1R13L
MIR130B;PPIL2	MIR130B;PPIL2
IL15RA	IL15RA
ENDOD1	ENDOD1
LOC100507047;SOLH	LOC100507047;SOLH
LOC100996601;OTTHUMG00000020544;RP11-402G3.5	LOC100996601;OTTHUMG00000020544;RP11-402G3.5
LINC00886;OTTHUMG00000158647;RP11-392A22.2	LINC00886;OTTHUMG00000158647;RP11-392A22.2
HOXB5	HOXB5
C9	C9
RNF133	RNF133
GABRB2	GABRB2
HOXB2	HOXB2
HILPDA	HILPDA
PRELID1	PRELID1
ZFP36L1	ZFP36L1
NRG3-AS1;OTTHUMG00000018625;RP11-202D18.2	NRG3-AS1;OTTHUMG00000018625;RP11-202D18.2
OTTHUMG00000019424;RP11-143M1.4	OTTHUMG00000019424;RP11-143M1.4
TRIM14	TRIM14
FGFBP2	FGFBP2
OTTHUMG00000035703;RP11-553K8.5	OTTHUMG00000035703;RP11-553K8.5
LOC100129540	LOC100129540
OTTHUMG00000151596;U91324.1	OTTHUMG00000151596;U91324.1
SPTLC2	SPTLC2
C20orf187	C20orf187
PCYT1B-AS1	PCYT1B-AS1
CHRM3	CHRM3
OTTHUMG00000018530;RP11-369F10.2	OTTHUMG00000018530;RP11-369F10.2
TGIF2	TGIF2
OTTHUMG00000024122;RP11-1148L6.5	OTTHUMG00000024122;RP11-1148L6.5
IGF2BP1	IGF2BP1
OR11H6	OR11H6
TMEM119	TMEM119
OR52N2	OR52N2
CHIC2	CHIC2
C19orf71	C19orf71
SHISA6	SHISA6
OTTHUMG00000020101;RP11-439K3.1	OTTHUMG00000020101;RP11-439K3.1
DSCAM-AS1	DSCAM-AS1
OLIG3	OLIG3
MAGED1	MAGED1
AC003665.1;LOC100506325;OTTHUMG00000132519	AC003665.1;LOC100506325;OTTHUMG00000132519
RELB	RELB
OTTHUMG00000040084;RP4-799P18.2	OTTHUMG00000040084;RP4-799P18.2
AC118653.2;OTTHUMG00000132240	AC118653.2;OTTHUMG00000132240
FABP6	FABP6
HOXB-AS2	HOXB-AS2
SLC39A4	SLC39A4
IGHV1OR21-1	IGHV1OR21-1
LOC284454;MIR23A;MIR24-2;MIR27A	LOC284454;MIR23A;MIR24-2;MIR27A
OTTHUMG00000157006;RP11-324C10.1	OTTHUMG00000157006;RP11-324C10.1
OTTHUMG00000163067;RP11-215P8.2	OTTHUMG00000163067;RP11-215P8.2
PP12708	PP12708
MNF1	MNF1
KB-173C10.1;OTTHUMG00000164709	KB-173C10.1;OTTHUMG00000164709
GCOM1;MYZAP;POLR2M	GCOM1;MYZAP;POLR2M
SLBP	SLBP
CTC-458I2.2;OTTHUMG00000162657	CTC-458I2.2;OTTHUMG00000162657
RPL29	RPL29
LOC100287944	LOC100287944
DPH3	DPH3
ZSCAN5B	ZSCAN5B
LINC00890	LINC00890
LOC113230	LOC113230
CCDC147	CCDC147
UBE2MP1	UBE2MP1
REV3L-IT1	REV3L-IT1
IGJ	IGJ
OTTHUMG00000161893;RP11-1094H24.3	OTTHUMG00000161893;RP11-1094H24.3
LINC00502	LINC00502
OTTHUMG00000150677;Z99756.1	OTTHUMG00000150677;Z99756.1
FAM22F;NUTM2F;NUTM2G	FAM22F;NUTM2F;NUTM2G
ZNF286B	ZNF286B
TIGD1	TIGD1
C1orf229	C1orf229
FZD6	FZD6
AC007064.24;OTTHUMG00000147348	AC007064.24;OTTHUMG00000147348
C8orf74	C8orf74
OTTHUMG00000024076;RP11-536C5.2	OTTHUMG00000024076;RP11-536C5.2
TMA16	TMA16
C10orf55	C10orf55
IGKV1D-16	IGKV1D-16
RAB13	RAB13
ROMO1	ROMO1
LOC100996456;OTTHUMG00000158500;RP11-298O21.3	LOC100996456;OTTHUMG00000158500;RP11-298O21.3
OTTHUMG00000000405;RP11-255A11.21	OTTHUMG00000000405;RP11-255A11.21
ATXN7L3	ATXN7L3
MIR598	MIR598
HK1	HK1
ZNF676	ZNF676
LINC00879;OTTHUMG00000159021;RP11-118N24.3	LINC00879;OTTHUMG00000159021;RP11-118N24.3
ANKZF1	ANKZF1
HSP90AA4P	HSP90AA4P
NRARP	NRARP
NRBF2	NRBF2
HDAC11-AS1	HDAC11-AS1
DGKQ	DGKQ
ATXN2L	ATXN2L
FGL1	FGL1
BLK	BLK
AC127904.2;OTTHUMG00000155528	AC127904.2;OTTHUMG00000155528
C18orf21	C18orf21
RETN	RETN
PRX	PRX
TIMM50	TIMM50
SFTA1P	SFTA1P
NUDT6	NUDT6
NOTCH4	NOTCH4
OTTHUMG00000162167;RP11-300M6.1	OTTHUMG00000162167;RP11-300M6.1
KNOP1	KNOP1
OTTHUMG00000032376;RP4-550H1.5	OTTHUMG00000032376;RP4-550H1.5
MS4A4A	MS4A4A
ACOT11	ACOT11
HDAC9	HDAC9
SLC28A3	SLC28A3
C3orf65	C3orf65
OR5V1	OR5V1
OTTHUMG00000037202;RP11-576D8.4	OTTHUMG00000037202;RP11-576D8.4
RNY5	RNY5
AC087393.1;OTTHUMG00000130762	AC087393.1;OTTHUMG00000130762
AC010731.4;LOC200726;OTTHUMG00000154723	AC010731.4;LOC200726;OTTHUMG00000154723
FNDC3B	FNDC3B
PYROXD1	PYROXD1
OR5K4	OR5K4
CNTNAP2	CNTNAP2
LINC00592	LINC00592
AP002856.6;OTTHUMG00000150049	AP002856.6;OTTHUMG00000150049
KIAA1009	KIAA1009
BPIFB6	BPIFB6
AARD	AARD
KIR2DS1	KIR2DS1
GNAS-AS1	GNAS-AS1
CHMP6	CHMP6
TGFBR1	TGFBR1
INPPL1	INPPL1
OTTHUMG00000163068;RP11-215P8.3	OTTHUMG00000163068;RP11-215P8.3
SLC27A3	SLC27A3
SNAPC4	SNAPC4
CCR8	CCR8
CXorf68;SMIM9	CXorf68;SMIM9
EHMT2-AS1	EHMT2-AS1
DAQB-331I12.5;OTTHUMG00000148805	DAQB-331I12.5;OTTHUMG00000148805
DAQB-331I12.5;OTTHUMG00000057537	DAQB-331I12.5;OTTHUMG00000057537
DAQB-331I12.5;OTTHUMG00000149040	DAQB-331I12.5;OTTHUMG00000149040
DAQB-331I12.5;OTTHUMG00000149549	DAQB-331I12.5;OTTHUMG00000149549
DAQB-331I12.5;OTTHUMG00000004931	DAQB-331I12.5;OTTHUMG00000004931
DASS-36P22.4;OTTHUMG00000137488	DASS-36P22.4;OTTHUMG00000137488
OTTHUMG00000161722;RP11-143A12.3	OTTHUMG00000161722;RP11-143A12.3
OTTHUMG00000017611;RP11-536K7.3	OTTHUMG00000017611;RP11-536K7.3
RNA5SP385	RNA5SP385
GPX5	GPX5
TAF1	TAF1
MIR3124	MIR3124
ZAN	ZAN
OTTHUMG00000150906;RP3-462D8.2	OTTHUMG00000150906;RP3-462D8.2
TAB2	TAB2
MACROD2-AS1	MACROD2-AS1
LINC00638	LINC00638
NFYA	NFYA
RNA5SP467	RNA5SP467
HPCA	HPCA
ANO4	ANO4
NEDD9	NEDD9
LUC7L	LUC7L
OTTHUMG00000032591;RP3-461P17.9	OTTHUMG00000032591;RP3-461P17.9
SLC23A1	SLC23A1
IRF9;RNF31	IRF9;RNF31
OTTHUMG00000159627;OTTHUMG00000159707;RP11-23D24.2;RP11-292E2.3	OTTHUMG00000159627;OTTHUMG00000159707;RP11-23D24.2;RP11-292E2.3
OTTHUMG00000161739;RP11-503L23.1	OTTHUMG00000161739;RP11-503L23.1
AC079163.1;OTTHUMG00000153710	AC079163.1;OTTHUMG00000153710
MRPS10	MRPS10
RAB3B	RAB3B
IGHV3-43	IGHV3-43
RAC2	RAC2
OTTHUMG00000018829;RP11-35J23.1	OTTHUMG00000018829;RP11-35J23.1
FENDRR	FENDRR
OR5T1	OR5T1
CDK7	CDK7
PAR-SN;SNORD107;SNRPN;SNURF	PAR-SN;SNORD107;SNRPN;SNURF
ATP5L2	ATP5L2
HLA-DPB1	HLA-DPB1
MIR1295A;MIR1295B	MIR1295A;MIR1295B
CTD-2340E1.2;OTTHUMG00000162774	CTD-2340E1.2;OTTHUMG00000162774
VMO1	VMO1
MAT1A	MAT1A
OTTHUMG00000160256;RP11-412P11.1	OTTHUMG00000160256;RP11-412P11.1
ALDOB	ALDOB
SIL1	SIL1
GUCY1A3	GUCY1A3
SCIN	SCIN
MST1R	MST1R
FOXJ3	FOXJ3
LBP	LBP
CEP152	CEP152
DNAH6	DNAH6
OTTHUMG00000020222;RP11-62C3.6	OTTHUMG00000020222;RP11-62C3.6
OTTHUMG00000164558;RP11-48D4.2	OTTHUMG00000164558;RP11-48D4.2
MADD	MADD
RRM2B	RRM2B
FBXO17;SARS2	FBXO17;SARS2
GPM6A	GPM6A
KRTAP21-3	KRTAP21-3
HCN4	HCN4
MUC22;OTTHUMG00000004831;XXbac-BPG118E17.9	MUC22;OTTHUMG00000004831;XXbac-BPG118E17.9
HOXB13	HOXB13
LOC100192426	LOC100192426
MEIG1	MEIG1
OTTHUMG00000018527;RP11-399K21.10	OTTHUMG00000018527;RP11-399K21.10
ELF1	ELF1
PRMT3	PRMT3
TNK1	TNK1
WWTR1-AS1	WWTR1-AS1
SLC6A11	SLC6A11
HIPK2	HIPK2
PRKAG2-AS1	PRKAG2-AS1
KRT81	KRT81
MIR4803	MIR4803
BSCL2	BSCL2
LINC00459	LINC00459
MIR519E	MIR519E
MIR548H3	MIR548H3
PHF3	PHF3
PHYHIPL	PHYHIPL
OTTHUMG00000016051;RP3-495K2.1	OTTHUMG00000016051;RP3-495K2.1
AC099754.1;OTTHUMG00000155650	AC099754.1;OTTHUMG00000155650
OR5V1	OR5V1
ARL3	ARL3
FKBP14	FKBP14
AL132709.5;LOC100507242;OTTHUMG00000029060;SNORD113-4	AL132709.5;LOC100507242;OTTHUMG00000029060;SNORD113-4
AC114730.11;OTTHUMG00000151506	AC114730.11;OTTHUMG00000151506
LINC00403	LINC00403
LOC100505828;MGST3	LOC100505828;MGST3
OTTHUMG00000020784;RP11-492E3.2	OTTHUMG00000020784;RP11-492E3.2
ZFAND2A	ZFAND2A
C22orf25;TANGO2	C22orf25;TANGO2
TMEM65	TMEM65
RNU7-67P	RNU7-67P
HIST2H2AB	HIST2H2AB
HK2	HK2
LOC100506546;OTTHUMG00000035785;RP11-168O16.1	LOC100506546;OTTHUMG00000035785;RP11-168O16.1
ELP2	ELP2
XAGE1A;XAGE1B;XAGE1C;XAGE1D;XAGE1E	XAGE1A;XAGE1B;XAGE1C;XAGE1D;XAGE1E
AC002539.1;OTTHUMG00000132246	AC002539.1;OTTHUMG00000132246
DBR1	DBR1
TESPA1	TESPA1
HCG22	HCG22
ERAP2	ERAP2
KLHDC2	KLHDC2
MNDA	MNDA
MIR3619	MIR3619
NLRP14	NLRP14
KANK4	KANK4
ZDHHC21	ZDHHC21
LL22NC01-81G9.3;LOC100506241;OTTHUMG00000150539	LL22NC01-81G9.3;LOC100506241;OTTHUMG00000150539
STAB1	STAB1
GHRH	GHRH
CTD-2001E22.2;LOC100505806;OTTHUMG00000161753	CTD-2001E22.2;LOC100505806;OTTHUMG00000161753
GNGT2	GNGT2
OTTHUMG00000017960;RP11-810B23.1	OTTHUMG00000017960;RP11-810B23.1
AMD1	AMD1
OR52A1	OR52A1
OTTHUMG00000018731;RP11-15K3.1	OTTHUMG00000018731;RP11-15K3.1
HLA-B	HLA-B
OTTHUMG00000157286;RP11-476H24.1	OTTHUMG00000157286;RP11-476H24.1
OR2H2	OR2H2
ACAP1	ACAP1
OTTHUMG00000020492;RP11-16L21.7	OTTHUMG00000020492;RP11-16L21.7
MIR422A	MIR422A
BACE2-IT1	BACE2-IT1
MILR1	MILR1
MIR2909	MIR2909
OTTHUMG00000000613;RP11-46F15.2	OTTHUMG00000000613;RP11-46F15.2
LINC00907	LINC00907
LPP-AS1	LPP-AS1
RPS17;RPS17L	RPS17;RPS17L
RPS17;RPS17L	RPS17;RPS17L
BAZ2B	BAZ2B
HIF1A-AS1	HIF1A-AS1
C11orf24	C11orf24
OTTHUMG00000159421;RP11-169N13.4	OTTHUMG00000159421;RP11-169N13.4
OR5V1	OR5V1
IGHD3-16	IGHD3-16
PHF19	PHF19
MYL10	MYL10
FOXR2	FOXR2
HOXD11	HOXD11
PSORS1C1	PSORS1C1
ALDH18A1	ALDH18A1
LINC00644	LINC00644
TSC22D2	TSC22D2
LOC100129518;SOD2	LOC100129518;SOD2
CTD-3080F16.3;OTTHUMG00000164075	CTD-3080F16.3;OTTHUMG00000164075
LINC00944	LINC00944
RDH13	RDH13
SDR42E1	SDR42E1
CTC-295J13.3;OTTHUMG00000163424	CTC-295J13.3;OTTHUMG00000163424
OTTHUMG00000017032;RP11-223F20.2	OTTHUMG00000017032;RP11-223F20.2
LINC00667	LINC00667
LOC100130557	LOC100130557
OTTHUMG00000017117;RP11-203P2.2	OTTHUMG00000017117;RP11-203P2.2
AC004837.4;OTTHUMG00000155272	AC004837.4;OTTHUMG00000155272
DAOA	DAOA
AIPL1	AIPL1
LINC00927	LINC00927
RIN3	RIN3
KIAA1598	KIAA1598
OTTHUMG00000035479;RP11-445P19.1	OTTHUMG00000035479;RP11-445P19.1
LOC149351;OTTHUMG00000010018;RP4-665J23.1	LOC149351;OTTHUMG00000010018;RP4-665J23.1
ANXA2	ANXA2
GFOD2	GFOD2
OTTHUMG00000164859;RP11-642D21.2	OTTHUMG00000164859;RP11-642D21.2
OTTHUMG00000156135;RP11-375H19.2	OTTHUMG00000156135;RP11-375H19.2
MEF2C	MEF2C
SRGN	SRGN
SIX3	SIX3
LOC283575	LOC283575
SMTNL1	SMTNL1
RHD	RHD
IPPK	IPPK
LOC100506172	LOC100506172
RNU7-75P	RNU7-75P
RAD51D	RAD51D
IL10RA	IL10RA
OTTHUMG00000002122;RP4-635E18.6	OTTHUMG00000002122;RP4-635E18.6
AK4;LOC100507855	AK4;LOC100507855
IL2RA	IL2RA
IGHV3-7	IGHV3-7
ZNF630	ZNF630
SBSN	SBSN
OTTHUMG00000004228;RP1-50O24.6	OTTHUMG00000004228;RP1-50O24.6
PIDD	PIDD
TAPBPL	TAPBPL
HTR3E-AS1	HTR3E-AS1
LINC00489	LINC00489
LOC286189;OTTHUMG00000164449;RP11-664D7.4	LOC286189;OTTHUMG00000164449;RP11-664D7.4
RALA	RALA
SLC4A8	SLC4A8
RNF19A	RNF19A
TRIM35	TRIM35
OTTHUMG00000164081;RP11-360L9.7	OTTHUMG00000164081;RP11-360L9.7
MIR548AI	MIR548AI
LOC101060384;LOC729574;LOC729587	LOC101060384;LOC729574;LOC729587
WDR83OS	WDR83OS
OTTHUMG00000014839;RP3-335N17.2	OTTHUMG00000014839;RP3-335N17.2
ZNF204P	ZNF204P
AC061992.2;OTTHUMG00000132645	AC061992.2;OTTHUMG00000132645
OTTHUMG00000019546;RP11-527D15.1	OTTHUMG00000019546;RP11-527D15.1
NEO1	NEO1
NPC1L1	NPC1L1
ELOVL5	ELOVL5
UBAP1	UBAP1
TTLL2	TTLL2
AC005358.3;OTTHUMG00000058769	AC005358.3;OTTHUMG00000058769
ZNF202	ZNF202
ZNF174	ZNF174
IFI27L2	IFI27L2
LOC728290;OTTHUMG00000158949;RP11-6B4.1	LOC728290;OTTHUMG00000158949;RP11-6B4.1
AHSA1	AHSA1
ENKUR	ENKUR
OTTHUMG00000020612;RP11-542K23.9	OTTHUMG00000020612;RP11-542K23.9
IGKV2-40	IGKV2-40
LUZP6;MTPN	LUZP6;MTPN
MIR4488	MIR4488
CYP4F2	CYP4F2
OTTHUMG00000035451;RP4-800F24.1	OTTHUMG00000035451;RP4-800F24.1
MED16	MED16
PGF	PGF
ITGA2	ITGA2
RPRD2	RPRD2
MIR3184;MIR423;NSRP1	MIR3184;MIR423;NSRP1
PRR19	PRR19
MUC5AC	MUC5AC
LINC00469	LINC00469
KIRREL3-AS1	KIRREL3-AS1
USP21	USP21
AC019064.1;OTTHUMG00000152142	AC019064.1;OTTHUMG00000152142
RNA5SP39	RNA5SP39
ALKBH3;SEC14L1P1	ALKBH3;SEC14L1P1
C1orf68	C1orf68
GYPC	GYPC
LOC100507417	LOC100507417
LOC100506446	LOC100506446
LINC00544	LINC00544
OTTHUMG00000021671;RP11-431N15.2	OTTHUMG00000021671;RP11-431N15.2
KLHL6	KLHL6
CADM2	CADM2
FXC1;TIMM10B	FXC1;TIMM10B
MRPS15	MRPS15
RPS27L	RPS27L
CRISP1	CRISP1
MIR519A1	MIR519A1
CELSR3;MIR4793	CELSR3;MIR4793
LINC00443	LINC00443
LOC344887	LOC344887
L3MBTL3	L3MBTL3
STK11IP	STK11IP
C4orf26	C4orf26
WDR67	WDR67
FAM35A;OTTHUMG00000018658;RP11-96C23.7	FAM35A;OTTHUMG00000018658;RP11-96C23.7
LAT;SPNS1	LAT;SPNS1
ITPKB	ITPKB
OTTHUMG00000159320;RP11-572C15.5	OTTHUMG00000159320;RP11-572C15.5
AP000281.2;OTTHUMG00000064934	AP000281.2;OTTHUMG00000064934
OR2M4	OR2M4
MIR298	MIR298
TBP	TBP
OTTHUMG00000014881;RP11-345L23.1	OTTHUMG00000014881;RP11-345L23.1
OTTHUMG00000165019;RP11-383J24.1	OTTHUMG00000165019;RP11-383J24.1
OTTHUMG00000021255;RP13-314C10.5	OTTHUMG00000021255;RP13-314C10.5
LOC100131047;OTTHUMG00000014637;RP1-207H1.3	LOC100131047;OTTHUMG00000014637;RP1-207H1.3
C7orf13	C7orf13
AL591893.1;OTTHUMG00000013054	AL591893.1;OTTHUMG00000013054
MIR146B	MIR146B
CTD-2135J3.2;OTTHUMG00000163808;PINX1	CTD-2135J3.2;OTTHUMG00000163808;PINX1
RNU7-87P	RNU7-87P
GNL1	GNL1
GLCCI1	GLCCI1
MRPL12	MRPL12
MIR4774	MIR4774
CASP5	CASP5
DPEP3	DPEP3
CALML3	CALML3
MAGEA1	MAGEA1
SNORD114-25	SNORD114-25
LOC100506476	LOC100506476
DAQB-12N14.5;LOC100507362;OTTHUMG00000129095	DAQB-12N14.5;LOC100507362;OTTHUMG00000129095
C14orf118;GPATCH2L	C14orf118;GPATCH2L
SLC22A11	SLC22A11
OTTHUMG00000020510;RP11-276E15.4	OTTHUMG00000020510;RP11-276E15.4
CTD-2247C11.5;OTTHUMG00000161660	CTD-2247C11.5;OTTHUMG00000161660
OTTHUMG00000007882;RP11-567C20.3	OTTHUMG00000007882;RP11-567C20.3
NDUFA2	NDUFA2
ZFAT	ZFAT
OTTHUMG00000020327;RP11-244N9.4	OTTHUMG00000020327;RP11-244N9.4
BPIFB4	BPIFB4
OTTHUMG00000000825;RP1-283E3.4	OTTHUMG00000000825;RP1-283E3.4
OTTHUMG00000007027;RP11-223A3.1	OTTHUMG00000007027;RP11-223A3.1
F13B	F13B
DBT	DBT
OTTHUMG00000000412;RP11-384P7.5	OTTHUMG00000000412;RP11-384P7.5
PRAP1	PRAP1
AC007966.1;OTTHUMG00000154207	AC007966.1;OTTHUMG00000154207
TRMU	TRMU
MAGOH	MAGOH
TRIM26	TRIM26
LINC00433	LINC00433
HMGB3P1	HMGB3P1
SCARF2	SCARF2
OTTHUMG00000037718;RP11-100E13.1	OTTHUMG00000037718;RP11-100E13.1
SUFU	SUFU
PRICKLE2-AS3	PRICKLE2-AS3
OTTHUMG00000155998;RP4-718N17.2	OTTHUMG00000155998;RP4-718N17.2
OTTHUMG00000007920;RP4-597A16.2	OTTHUMG00000007920;RP4-597A16.2
OTTHUMG00000017871;RP11-351M16.3	OTTHUMG00000017871;RP11-351M16.3
OTTHUMG00000021681;RP3-323P24.3	OTTHUMG00000021681;RP3-323P24.3
OTTHUMG00000160927;RP11-556G22.2	OTTHUMG00000160927;RP11-556G22.2
OTTHUMG00000031675;RP11-77C3.3	OTTHUMG00000031675;RP11-77C3.3
AC013275.2;OTTHUMG00000153309	AC013275.2;OTTHUMG00000153309
TRAV20	TRAV20
LILRB2	LILRB2
IMPA2	IMPA2
CATSPER4	CATSPER4
OTTHUMG00000161774;RP11-371F15.3	OTTHUMG00000161774;RP11-371F15.3
TBX6	TBX6
SATB1	SATB1
RLN1	RLN1
S100A10	S100A10
YY1P2	YY1P2
CACNA1F	CACNA1F
LINC00359	LINC00359
ARPP21	ARPP21
AC019118.3;OTTHUMG00000151429	AC019118.3;OTTHUMG00000151429
CYP21A1P;CYP21A2	CYP21A1P;CYP21A2
CTB-12O2.1;OTTHUMG00000163523	CTB-12O2.1;OTTHUMG00000163523
OTTHUMG00000161438;RP11-6L6.2	OTTHUMG00000161438;RP11-6L6.2
REXO2	REXO2
SRP14	SRP14
LOC644090;OTTHUMG00000157325;RP13-452N2.1	LOC644090;OTTHUMG00000157325;RP13-452N2.1
BCL2L2	BCL2L2
C3orf45;LSMEM2	C3orf45;LSMEM2
CTC-498J12.3;OTTHUMG00000162416	CTC-498J12.3;OTTHUMG00000162416
AC008073.9;OTTHUMG00000151894	AC008073.9;OTTHUMG00000151894
TMEM127	TMEM127
LOC100507388;OTTHUMG00000160830;RP11-44F21.3	LOC100507388;OTTHUMG00000160830;RP11-44F21.3
ZNF542	ZNF542
AL132796.1;OTTHUMG00000150113	AL132796.1;OTTHUMG00000150113
NRG1-IT1	NRG1-IT1
YPEL5	YPEL5
IGHV3-53	IGHV3-53
C15orf32	C15orf32
VPS51	VPS51
C7orf50	C7orf50
OTTHUMG00000165053;RP11-760H22.2	OTTHUMG00000165053;RP11-760H22.2
TMEM126A	TMEM126A
DDX39A	DDX39A
HMCN2	HMCN2
PTGER4	PTGER4
OTTHUMG00000163650;RP11-279L11.1	OTTHUMG00000163650;RP11-279L11.1
CNGA4	CNGA4
CARD8	CARD8
DLEU2;MIR15A;MIR16-1	DLEU2;MIR15A;MIR16-1
SNORD114-11	SNORD114-11
ACN9	ACN9
OTTHUMG00000035808;RP11-307B6.3	OTTHUMG00000035808;RP11-307B6.3
C8B	C8B
RPS18	RPS18
C20orf27	C20orf27
SCN8A	SCN8A
RNF17	RNF17
UBP1	UBP1
SAGE1	SAGE1
GK-IT1	GK-IT1
CTC-463A16.1;OTTHUMG00000162829	CTC-463A16.1;OTTHUMG00000162829
OTTHUMG00000162192;RP11-45H22.3	OTTHUMG00000162192;RP11-45H22.3
LOC100506885;OTTHUMG00000014330;RP4-625H18.2	LOC100506885;OTTHUMG00000014330;RP4-625H18.2
LOC100505718;OTTHUMG00000164460;RP11-600K15.1	LOC100505718;OTTHUMG00000164460;RP11-600K15.1
SRP9	SRP9
DKFZP434A062	DKFZP434A062
AVPR1B	AVPR1B
LRRC25	LRRC25
AC002401.1;OTTHUMG00000132433	AC002401.1;OTTHUMG00000132433
HIST1H2AG;HIST1H2AH;HIST1H2AI;HIST1H2AK;HIST1H2AL;HIST1H2AM	HIST1H2AG;HIST1H2AH;HIST1H2AI;HIST1H2AK;HIST1H2AL;HIST1H2AM
ACTA2-AS1;LOC100132116;OTTHUMG00000018703;RP11-399O19.5	ACTA2-AS1;LOC100132116;OTTHUMG00000018703;RP11-399O19.5
ACTRT1	ACTRT1
LINC00856;OTTHUMG00000018555;RP11-90J7.3	LINC00856;OTTHUMG00000018555;RP11-90J7.3
C1QTNF2	C1QTNF2
OTTHUMG00000162375;RP11-1250I15.2	OTTHUMG00000162375;RP11-1250I15.2
RNU7-52P	RNU7-52P
CALR	CALR
OTTHUMG00000020639;RP11-230L22.4	OTTHUMG00000020639;RP11-230L22.4
CTD-3025N20.2;LOC286186;OTTHUMG00000164373	CTD-3025N20.2;LOC286186;OTTHUMG00000164373
ATP1B2	ATP1B2
F2R	F2R
KBTBD10;KLHL41	KBTBD10;KLHL41
FNDC1-IT1	FNDC1-IT1
AP001607.1;OTTHUMG00000078707	AP001607.1;OTTHUMG00000078707
OTTHUMG00000040077;RP11-62I21.1	OTTHUMG00000040077;RP11-62I21.1
MOG	MOG
LIPH	LIPH
NOL11	NOL11
OTTHUMG00000017979;RP11-162G10.5	OTTHUMG00000017979;RP11-162G10.5
GIMAP6	GIMAP6
OTTHUMG00000036746;RP11-61J19.2	OTTHUMG00000036746;RP11-61J19.2
AF011889.2;OTTHUMG00000022616	AF011889.2;OTTHUMG00000022616
FMO1	FMO1
PPP2R5E	PPP2R5E
BNC2	BNC2
TMEM242	TMEM242
C6orf10	C6orf10
OR11G2	OR11G2
OTTHUMG00000144165;RP11-598C10.2	OTTHUMG00000144165;RP11-598C10.2
DNAJC24	DNAJC24
SAMD7	SAMD7
EMR1	EMR1
IGF2R	IGF2R
OTTHUMG00000015419;RP3-399L15.2	OTTHUMG00000015419;RP3-399L15.2
MIR376A2	MIR376A2
HGF	HGF
OTTHUMG00000002710;RP11-91K11.2	OTTHUMG00000002710;RP11-91K11.2
FABP3	FABP3
FCN3	FCN3
RNY4P22	RNY4P22
CHST11	CHST11
OTTHUMG00000058065;RP11-505P4.6	OTTHUMG00000058065;RP11-505P4.6
LOC255130;OTTHUMG00000161143;RP11-12A1.1	LOC255130;OTTHUMG00000161143;RP11-12A1.1
SECTM1	SECTM1
WDR87	WDR87
ZNF770	ZNF770
FGF12-AS2	FGF12-AS2
HMGA1P4	HMGA1P4
AC000036.4;LOC100506917;OTTHUMG00000150170	AC000036.4;LOC100506917;OTTHUMG00000150170
OTTHUMG00000164208;RP11-10H3.1	OTTHUMG00000164208;RP11-10H3.1
AC023115.4;OTTHUMG00000152879	AC023115.4;OTTHUMG00000152879
OTTHUMG00000041027;RP5-998N21.7	OTTHUMG00000041027;RP5-998N21.7
OR2A2	OR2A2
SLC22A2	SLC22A2
FAM86B3P	FAM86B3P
VAMP4	VAMP4
OTTHUMG00000018924;RP11-31L23.3	OTTHUMG00000018924;RP11-31L23.3
AC018685.1;OTTHUMG00000151395	AC018685.1;OTTHUMG00000151395
MAP7D2	MAP7D2
FER1L6	FER1L6
GPR179	GPR179
HERC5	HERC5
C9orf147;OTTHUMG00000020506;RP11-32M23.4	C9orf147;OTTHUMG00000020506;RP11-32M23.4
FOXK2	FOXK2
ST6GALNAC3	ST6GALNAC3
SIGLEC14;SIGLEC5	SIGLEC14;SIGLEC5
MIR4776-2	MIR4776-2
OTTHUMG00000032288;RALY;RP1-64K7.4	OTTHUMG00000032288;RALY;RP1-64K7.4
RSF1-IT2	RSF1-IT2
ZFP64	ZFP64
AMELX	AMELX
OTTHUMG00000164481;RP11-10J21.6	OTTHUMG00000164481;RP11-10J21.6
LOC100652770	LOC100652770
AC007731.1;LOC101060787;OTTHUMG00000150686	AC007731.1;LOC101060787;OTTHUMG00000150686
RAPGEF3	RAPGEF3
THOC6	THOC6
MIR4440	MIR4440
OTTHUMG00000015069;RP11-173D14.3	OTTHUMG00000015069;RP11-173D14.3
OTTHUMG00000014123;RP11-145H9.3	OTTHUMG00000014123;RP11-145H9.3
TERF2	TERF2
AHSA2	AHSA2
NBPF5;NBPF5P	NBPF5;NBPF5P
FAM228A	FAM228A
MIR4264	MIR4264
OTTHUMG00000020189;RP11-406A20.1	OTTHUMG00000020189;RP11-406A20.1
OTTHUMG00000161697;RP11-613C6.2	OTTHUMG00000161697;RP11-613C6.2
WRB	WRB
ARHGAP36	ARHGAP36
AC144450.1;OTTHUMG00000151383	AC144450.1;OTTHUMG00000151383
OR4C12	OR4C12
DACH1	DACH1
UBTF	UBTF
THBS2	THBS2
C6orf10	C6orf10
LOC286114;OTTHUMG00000163761;RP11-421P23.1	LOC286114;OTTHUMG00000163761;RP11-421P23.1
C12orf79	C12orf79
IGHV3-13	IGHV3-13
XRCC5	XRCC5
IL4I1	IL4I1
BRSK2	BRSK2
COL12A1	COL12A1
SPA17	SPA17
FAM100A;UBALD1	FAM100A;UBALD1
SNORD105B	SNORD105B
EHD4	EHD4
AC007036.6;OTTHUMG00000152762	AC007036.6;OTTHUMG00000152762
FZD1	FZD1
PLAG1	PLAG1
OTTHUMG00000037716;RP11-449J1.1	OTTHUMG00000037716;RP11-449J1.1
USP17L1P;USP17L2;USP17L3;USP17L4;USP17L7;USP17L8	USP17L1P;USP17L2;USP17L3;USP17L4;USP17L7;USP17L8
RNU7-74P	RNU7-74P
AC007880.1;OTTHUMG00000152703	AC007880.1;OTTHUMG00000152703
ENPP3	ENPP3
OTTHUMG00000160396;RP11-769N22.1	OTTHUMG00000160396;RP11-769N22.1
GS1-421I3.2;OTTHUMG00000022289	GS1-421I3.2;OTTHUMG00000022289
AC093323.3;LOC93622;OTTHUMG00000125505	AC093323.3;LOC93622;OTTHUMG00000125505
PKM	PKM
TMX4	TMX4
OASL	OASL
TSPY1;TSPY10;TSPY3	TSPY1;TSPY10;TSPY3
AR	AR
C11orf40	C11orf40
TPCN2	TPCN2
ABRA	ABRA
LOC101060235;TMSB15A;TMSB15B	LOC101060235;TMSB15A;TMSB15B
COPS6	COPS6
NRN1L	NRN1L
AC092171.4;OTTHUMG00000151833	AC092171.4;OTTHUMG00000151833
THUMPD2	THUMPD2
OTTHUMG00000156041;RP11-806J6.1	OTTHUMG00000156041;RP11-806J6.1
SSH1	SSH1
GNRH1	GNRH1
C12orf23	C12orf23
TUG1	TUG1
HLA-DRA	HLA-DRA
MPDU1	MPDU1
HEXA-AS1	HEXA-AS1
LOC100507288	LOC100507288
C12orf54	C12orf54
OTTHUMG00000002843;RP4-749H3.2	OTTHUMG00000002843;RP4-749H3.2
ATP6V1G1	ATP6V1G1
MIR3911	MIR3911
RSL24D1	RSL24D1
OTTHUMG00000161346;RP13-884E18.4	OTTHUMG00000161346;RP13-884E18.4
OTTHUMG00000019216;RP11-464O2.2	OTTHUMG00000019216;RP11-464O2.2
SNCAIP	SNCAIP
OTTHUMG00000017237;RP11-199B17.1	OTTHUMG00000017237;RP11-199B17.1
TNFAIP8L1	TNFAIP8L1
BTF3L4	BTF3L4
CYB5R2	CYB5R2
CNST	CNST
TGM3	TGM3
OTTHUMG00000156116;RP11-363D14.1	OTTHUMG00000156116;RP11-363D14.1
PDZK1IP1	PDZK1IP1
CPT1B	CPT1B
HOXC11	HOXC11
SERPINE3	SERPINE3
AQP4-AS1	AQP4-AS1
R3HDML	R3HDML
LRRK2	LRRK2
OTTHUMG00000157217;RP11-301L8.2	OTTHUMG00000157217;RP11-301L8.2
TRIM10	TRIM10
CCDC175	CCDC175
ALS2CR11	ALS2CR11
ZNF233	ZNF233
CMAS	CMAS
CTA-929C8.5;OTTHUMG00000150952	CTA-929C8.5;OTTHUMG00000150952
FAM59B;GAREML	FAM59B;GAREML
DAXX	DAXX
DAXX	DAXX
OTTHUMG00000020459;RP11-339N8.1	OTTHUMG00000020459;RP11-339N8.1
RNF125	RNF125
LINGO3	LINGO3
CNTROB	CNTROB
VMA21	VMA21
FADS2	FADS2
LOC101060557;VWA3A	LOC101060557;VWA3A
DNAJB14	DNAJB14
MGAT3	MGAT3
BGLAP;PMF1;PMF1-BGLAP	BGLAP;PMF1;PMF1-BGLAP
RAPGEF4-AS1	RAPGEF4-AS1
AC016909.1;OTTHUMG00000153667	AC016909.1;OTTHUMG00000153667
SNAP47-AS1	SNAP47-AS1
FGR	FGR
SMIM21	SMIM21
CCDC129	CCDC129
USP6	USP6
MIR4288	MIR4288
MSANTD4	MSANTD4
ARRB2	ARRB2
SOX21	SOX21
RDH16	RDH16
LINC00331	LINC00331
YTHDF1	YTHDF1
ECD;OTTHUMG00000018451;RP11-152N13.3	ECD;OTTHUMG00000018451;RP11-152N13.3
DNAJB7	DNAJB7
AC013480.2;OTTHUMG00000152306	AC013480.2;OTTHUMG00000152306
MIR770	MIR770
AC073071.1;OTTHUMG00000155014	AC073071.1;OTTHUMG00000155014
TRIM27	TRIM27
LOC100996694;OTTHUMG00000161334;RP11-700N1.1	LOC100996694;OTTHUMG00000161334;RP11-700N1.1
ATP10B	ATP10B
MIR100HG	MIR100HG
XKRY;XKRY2	XKRY;XKRY2
WHSC1	WHSC1
NCOA6	NCOA6
C6orf132	C6orf132
POLR2H	POLR2H
EIF2B4	EIF2B4
KCNH8	KCNH8
IGHV3-48	IGHV3-48
CTD-2363C16.1;OTTHUMG00000163516	CTD-2363C16.1;OTTHUMG00000163516
MIR3685	MIR3685
WDR25	WDR25
LOC283587	LOC283587
TMC8	TMC8
ZDHHC14	ZDHHC14
TRIM10	TRIM10
LIPK	LIPK
RPL39L	RPL39L
ANGPTL5	ANGPTL5
ATF7IP2;LOC100287628	ATF7IP2;LOC100287628
QRFP	QRFP
RNU7-72P	RNU7-72P
DTD1	DTD1
NFKBIB	NFKBIB
UBAP1L	UBAP1L
BRWD1-AS1	BRWD1-AS1
LOC100506489;OTTHUMG00000158447;RP11-458K10.2	LOC100506489;OTTHUMG00000158447;RP11-458K10.2
ULBP3	ULBP3
CATSPER2	CATSPER2
NVL	NVL
TTTY11	TTTY11
OTTHUMG00000160414;RP11-83C7.2	OTTHUMG00000160414;RP11-83C7.2
LDLRAD1	LDLRAD1
LOC100499194	LOC100499194
NPR2	NPR2
BET3L;TRAPPC3L	BET3L;TRAPPC3L
MIR1914;UCKL1	MIR1914;UCKL1
ZNF277	ZNF277
TNXB	TNXB
CTD-3023L14.1;OTTHUMG00000163672	CTD-3023L14.1;OTTHUMG00000163672
OTTHUMG00000160363;RP11-315A17.1	OTTHUMG00000160363;RP11-315A17.1
AGTR2	AGTR2
AC012360.4;OTTHUMG00000153107	AC012360.4;OTTHUMG00000153107
BAT2;OTTHUMG00000149283;PRRC2A	BAT2;OTTHUMG00000149283;PRRC2A
NCOA2	NCOA2
MIR3123	MIR3123
NDUFB2	NDUFB2
FRMPD3-AS1	FRMPD3-AS1
MEIS3	MEIS3
OTTHUMG00000149240;XXbac-BPG299F13.14	OTTHUMG00000149240;XXbac-BPG299F13.14
PLA2G4C	PLA2G4C
HLA-DOA	HLA-DOA
CDYL	CDYL
DTX3	DTX3
DDX28	DDX28
DNMBP-AS1	DNMBP-AS1
MIR1257;TAF4	MIR1257;TAF4
OTTHUMG00000011121;RP11-293A10.3	OTTHUMG00000011121;RP11-293A10.3
GPT	GPT
AGRP	AGRP
RAD51-AS1	RAD51-AS1
RNASE3	RNASE3
OTTHUMG00000161347;RP13-884E18.2	OTTHUMG00000161347;RP13-884E18.2
CAPN1	CAPN1
UBXN2B	UBXN2B
CPA6	CPA6
HCG22	HCG22
MLIP	MLIP
SCARNA14	SCARNA14
INSIG1	INSIG1
CAD	CAD
WNT11	WNT11
PIP5K1B	PIP5K1B
C2orf15;MRPL30	C2orf15;MRPL30
KHDC3L	KHDC3L
HIST2H2AA3;HIST2H2AA4	HIST2H2AA3;HIST2H2AA4
ASNSD1	ASNSD1
DENND2C	DENND2C
PSG5	PSG5
CIC	CIC
HCG21	HCG21
HCG21	HCG21
MURC	MURC
OR8S1	OR8S1
AP001189.4;OTTHUMG00000150349	AP001189.4;OTTHUMG00000150349
MOB2	MOB2
CEP85	CEP85
DCAF13	DCAF13
OTTHUMG00000020273;RP11-49O14.2	OTTHUMG00000020273;RP11-49O14.2
SP100	SP100
LEPREL1-AS1	LEPREL1-AS1
CTD-2547L16.1;OTTHUMG00000163728	CTD-2547L16.1;OTTHUMG00000163728
DIRAS3	DIRAS3
MRPL28	MRPL28
OTTHUMG00000034864;RP11-54A4.2	OTTHUMG00000034864;RP11-54A4.2
ZNF383	ZNF383
TNXA;TNXB	TNXA;TNXB
TRIM55	TRIM55
ADIG	ADIG
OTTHUMG00000001764;RP3-510D11.2	OTTHUMG00000001764;RP3-510D11.2
PPP1R14A	PPP1R14A
EFCAB4A	EFCAB4A
ALG13-AS1	ALG13-AS1
TSSK4	TSSK4
GLYAT	GLYAT
OTTHUMG00000037230;RP11-550P17.5	OTTHUMG00000037230;RP11-550P17.5
LAMP5	LAMP5
FGF5	FGF5
LOC100506688;OTTHUMG00000161930;RP11-43F13.3	LOC100506688;OTTHUMG00000161930;RP11-43F13.3
KLHDC3	KLHDC3
AC004069.2;OTTHUMG00000160994	AC004069.2;OTTHUMG00000160994
KRTDAP	KRTDAP
ZNF687	ZNF687
RND3	RND3
OR1M1	OR1M1
IGSF6	IGSF6
MIR3141	MIR3141
CTB-57H20.1;OTTHUMG00000163171	CTB-57H20.1;OTTHUMG00000163171
MRPS12	MRPS12
LOC100507412;RNA5-8S5	LOC100507412;RNA5-8S5
LILRB5	LILRB5
ANXA8;ANXA8L1;LOC100996760;LOC101060462	ANXA8;ANXA8L1;LOC100996760;LOC101060462
ANO9	ANO9
LOC728012;OTTHUMG00000015271;RP11-14I4.3	LOC728012;OTTHUMG00000015271;RP11-14I4.3
OR1L3	OR1L3
PBX4	PBX4
LTK	LTK
HAUS8	HAUS8
MICA	MICA
LINC00488	LINC00488
ITPR2	ITPR2
OTTHUMG00000013154;RP5-888M10.2	OTTHUMG00000013154;RP5-888M10.2
KB-1639H6.4;OTTHUMG00000164764	KB-1639H6.4;OTTHUMG00000164764
PLCG2	PLCG2
KB-1568E2.1;OTTHUMG00000164773	KB-1568E2.1;OTTHUMG00000164773
LINS	LINS
ISOC2	ISOC2
KLHL3	KLHL3
OTTHUMG00000153574;RP11-207N4.3	OTTHUMG00000153574;RP11-207N4.3
OTTHUMG00000031855;RP5-986I17.2	OTTHUMG00000031855;RP5-986I17.2
OTTHUMG00000165030;RP11-65D17.1	OTTHUMG00000165030;RP11-65D17.1
CTC-563A5.2;OTTHUMG00000163263	CTC-563A5.2;OTTHUMG00000163263
CD200R1L	CD200R1L
ZNF556	ZNF556
RPUSD4	RPUSD4
MICB	MICB
AMER1;FAM123B	AMER1;FAM123B
MIR4653	MIR4653
MIR558	MIR558
GP9	GP9
DEFA1;DEFA1B	DEFA1;DEFA1B
UBE2V2	UBE2V2
LOC100507501	LOC100507501
OTTHUMG00000015700;RP3-460G2.2	OTTHUMG00000015700;RP3-460G2.2
LOC100506985	LOC100506985
OTTHUMG00000013261;RP11-292F9.1	OTTHUMG00000013261;RP11-292F9.1
C20orf118;TLDC2	C20orf118;TLDC2
BAT2;OTTHUMG00000149514;PRRC2A	BAT2;OTTHUMG00000149514;PRRC2A
OTTHUMG00000031021;RP11-139I14.2	OTTHUMG00000031021;RP11-139I14.2
MIR3973	MIR3973
AC002331.1;OTTHUMG00000060136	AC002331.1;OTTHUMG00000060136
SLC9C1	SLC9C1
SDR16C6P	SDR16C6P
LOC646268;OTTHUMG00000022441;RP11-404O13.1	LOC646268;OTTHUMG00000022441;RP11-404O13.1
LCE1C	LCE1C
LINC00471	LINC00471
LOC388499	LOC388499
FAM83C	FAM83C
ATP6V0CP3	ATP6V0CP3
AC073869.19;LOC389043;OTTHUMG00000153602	AC073869.19;LOC389043;OTTHUMG00000153602
AC005534.8;OTTHUMG00000151509	AC005534.8;OTTHUMG00000151509
IMP4	IMP4
OTTHUMG00000163853;RP11-395I14.2	OTTHUMG00000163853;RP11-395I14.2
OTTHUMG00000015221;RP3-433F14.3	OTTHUMG00000015221;RP3-433F14.3
PROCR	PROCR
OTTHUMG00000009400;RP3-333A15.1	OTTHUMG00000009400;RP3-333A15.1
OR7E91P	OR7E91P
PM20D1	PM20D1
C1orf94	C1orf94
KRT6C	KRT6C
OTTHUMG00000040900;RP11-439A17.4	OTTHUMG00000040900;RP11-439A17.4
C6orf47	C6orf47
BTBD19	BTBD19
LOC646938	LOC646938
OTTHUMG00000164978;RP11-4K16.2	OTTHUMG00000164978;RP11-4K16.2
OTTHUMG00000163123;RP11-517I3.1	OTTHUMG00000163123;RP11-517I3.1
GDI2	GDI2
KCP	KCP
LINC00599;MIR124-1	LINC00599;MIR124-1
AC007050.17;OTTHUMG00000150842	AC007050.17;OTTHUMG00000150842
RPAP2	RPAP2
CTC-308K20.2;OTTHUMG00000163301	CTC-308K20.2;OTTHUMG00000163301
OTTHUMG00000002407;RP11-206L10.3	OTTHUMG00000002407;RP11-206L10.3
KCTD18	KCTD18
LOC100996251;OTTHUMG00000012130;RP11-31F15.2	LOC100996251;OTTHUMG00000012130;RP11-31F15.2
OTTHUMG00000160879;RP11-97E7.1	OTTHUMG00000160879;RP11-97E7.1
YAF2	YAF2
GDEP;OTTHUMG00000161746;PCAT4	GDEP;OTTHUMG00000161746;PCAT4
LINC00323	LINC00323
PHEX	PHEX
HIST1H2AJ	HIST1H2AJ
INO80D	INO80D
OTTHUMG00000163705;RP11-156K13.1	OTTHUMG00000163705;RP11-156K13.1
BAP1	BAP1
C1QB	C1QB
SEL1L2	SEL1L2
LOC645434;OTTHUMG00000015693;RP11-12A2.3	LOC645434;OTTHUMG00000015693;RP11-12A2.3
OTTHUMG00000037290;RP11-400N13.1	OTTHUMG00000037290;RP11-400N13.1
TLN1	TLN1
UBASH3A	UBASH3A
ZBTB12	ZBTB12
AC016999.2;OTTHUMG00000152867	AC016999.2;OTTHUMG00000152867
MIR31HG	MIR31HG
OTTHUMG00000020898;RP11-399H11.2	OTTHUMG00000020898;RP11-399H11.2
FREM1	FREM1
RPSAP9	RPSAP9
OTTHUMG00000022462;RP3-473B4.3	OTTHUMG00000022462;RP3-473B4.3
UGT2B15	UGT2B15
CERS3	CERS3
EPN3	EPN3
DICER1-AS1	DICER1-AS1
EDEM2	EDEM2
MIR1282	MIR1282
OTTHUMG00000008935;RP4-784A16.4	OTTHUMG00000008935;RP4-784A16.4
AC079630.4;OTTHUMG00000133699	AC079630.4;OTTHUMG00000133699
CBWD7;LOC101060578	CBWD7;LOC101060578
CD58	CD58
H1FNT	H1FNT
ATP6V0A1	ATP6V0A1
HIST2H3A;HIST2H3C;HIST2H3D	HIST2H3A;HIST2H3C;HIST2H3D
ZFAND6	ZFAND6
OTTHUMG00000017897;RP11-253D19.2	OTTHUMG00000017897;RP11-253D19.2
COQ4	COQ4
OAS1	OAS1
C3orf55	C3orf55
SHANK2	SHANK2
FLJ45743	FLJ45743
LOC729177	LOC729177
LOC100506710;OTTHUMG00000019910;RP11-220I1.1	LOC100506710;OTTHUMG00000019910;RP11-220I1.1
MUC6	MUC6
MIR449B	MIR449B
HAVCR1P1	HAVCR1P1
EGOT	EGOT
AC006445.8;LOC285548;OTTHUMG00000160090	AC006445.8;LOC285548;OTTHUMG00000160090
SLC39A8	SLC39A8
OTTHUMG00000017937;RP11-342D11.3	OTTHUMG00000017937;RP11-342D11.3
CNOT6	CNOT6
RNU5E-7P	RNU5E-7P
MIR3914-2	MIR3914-2
PPP1R15A	PPP1R15A
CD164L2	CD164L2
MIR4725	MIR4725
MIR330	MIR330
HMGXB4	HMGXB4
CDC73	CDC73
AC022431.2;OTTHUMG00000059482	AC022431.2;OTTHUMG00000059482
STK17A	STK17A
UBXN4	UBXN4
LINC00845;LOC100507058	LINC00845;LOC100507058
TTLL10-AS1	TTLL10-AS1
NCS1	NCS1
OTTHUMG00000010719;RP11-86H7.7	OTTHUMG00000010719;RP11-86H7.7
VPREB1	VPREB1
OTTHUMG00000018682;RP11-57C13.6	OTTHUMG00000018682;RP11-57C13.6
OR1L8	OR1L8
CHST5	CHST5
CBX4	CBX4
SRP14-AS1	SRP14-AS1
GPR115	GPR115
ZNF366	ZNF366
MIR138-1	MIR138-1
C6orf47	C6orf47
OTTHUMG00000163326;RP11-541P9.3	OTTHUMG00000163326;RP11-541P9.3
IVL	IVL
UBR5	UBR5
TEX12	TEX12
IL17A	IL17A
LCE1D	LCE1D
IGHD2-15	IGHD2-15
OTTHUMG00000164204;RP11-284H18.1	OTTHUMG00000164204;RP11-284H18.1
NCAPH2	NCAPH2
DEFB109P1	DEFB109P1
PDK4	PDK4
AC009403.2;LOC100506302;OTTHUMG00000151355	AC009403.2;LOC100506302;OTTHUMG00000151355
LAMB2	LAMB2
ISOC1	ISOC1
CCDC79	CCDC79
BZRAP1-AS1	BZRAP1-AS1
MGC15705	MGC15705
NTM	NTM
LOC644669	LOC644669
OTTHUMG00000164861;RP11-152P17.2	OTTHUMG00000164861;RP11-152P17.2
CYP26A1	CYP26A1
FLJ42102	FLJ42102
PPARA	PPARA
OTTHUMG00000015988;RP11-252P19.1	OTTHUMG00000015988;RP11-252P19.1
MS4A12	MS4A12
AC010127.3;OTTHUMG00000154045	AC010127.3;OTTHUMG00000154045
SYNGR4	SYNGR4
AC003077.1;LOC100506413;OTTHUMG00000155078	AC003077.1;LOC100506413;OTTHUMG00000155078
TAAR9	TAAR9
ETHE1	ETHE1
RNU6-70	RNU6-70
RIMKLBP1	RIMKLBP1
PGAP2	PGAP2
C6orf214;OTTHUMG00000004834	C6orf214;OTTHUMG00000004834
MYC	MYC
HCG21	HCG21
AC018816.3;OTTHUMG00000155240	AC018816.3;OTTHUMG00000155240
OTTHUMG00000150586;RP1-41P2.7	OTTHUMG00000150586;RP1-41P2.7
RBM15B	RBM15B
CERCAM;LOC100506065	CERCAM;LOC100506065
LCE2A	LCE2A
PDCD11	PDCD11
COX7A1	COX7A1
C3orf36	C3orf36
UEVLD	UEVLD
RPP21	RPP21
CLASP2	CLASP2
SRGAP1	SRGAP1
MIR4746;UBXN6	MIR4746;UBXN6
FLJ42969;OTTHUMG00000164780;RP11-302J23.1	FLJ42969;OTTHUMG00000164780;RP11-302J23.1
LAGE3	LAGE3
GS1-124K5.4;LOC100289098;OTTHUMG00000156593	GS1-124K5.4;LOC100289098;OTTHUMG00000156593
SIX4	SIX4
C10orf25	C10orf25
CREBBP	CREBBP
MIR586	MIR586
OR51S1	OR51S1
MARCH2	MARCH2
LOC158435;OTTHUMG00000020291;RP11-569G13.2	LOC158435;OTTHUMG00000020291;RP11-569G13.2
ZNF507	ZNF507
NHEJ1	NHEJ1
OTTHUMG00000165095;RP11-744J10.3	OTTHUMG00000165095;RP11-744J10.3
STK40	STK40
SIGIRR	SIGIRR
DSTYK	DSTYK
HNRNPU-AS1	HNRNPU-AS1
UIMC1	UIMC1
OTTHUMG00000164476;RP11-10J21.2	OTTHUMG00000164476;RP11-10J21.2
OTTHUMG00000055852;RP3-523C21.2	OTTHUMG00000055852;RP3-523C21.2
CACNA1C-AS3	CACNA1C-AS3
RAB24	RAB24
HIST2H2BF;HIST2H3PS2	HIST2H2BF;HIST2H3PS2
OTTHUMG00000161670;RP11-610P16.1	OTTHUMG00000161670;RP11-610P16.1
OTTHUMG00000014257;RP11-716O23.2	OTTHUMG00000014257;RP11-716O23.2
TCEAL6	TCEAL6
NUPR1L	NUPR1L
GUSBP3;GUSBP9	GUSBP3;GUSBP9
AC107070.1;LOC100505964;OTTHUMG00000151486	AC107070.1;LOC100505964;OTTHUMG00000151486
MYL8P	MYL8P
LOC550643;OTTHUMG00000021676;RP11-622K12.1	LOC550643;OTTHUMG00000021676;RP11-622K12.1
LOC101060234;LOC101060305;TEX28	LOC101060234;LOC101060305;TEX28
SLC28A1	SLC28A1
OR10G2	OR10G2
OTTHUMG00000159908;RP11-1191J2.2	OTTHUMG00000159908;RP11-1191J2.2
AC006947.1;OTTHUMG00000132305	AC006947.1;OTTHUMG00000132305
TOB2P1	TOB2P1
GRHPR;OTTHUMG00000019917;RP11-397D12.6	GRHPR;OTTHUMG00000019917;RP11-397D12.6
LRRC8C	LRRC8C
SERPINB11	SERPINB11
NTM-IT3	NTM-IT3
RNA5SP157	RNA5SP157
DHRS7	DHRS7
DGCR6	DGCR6
SHPRH	SHPRH
EGR3	EGR3
MIR548C;MIR548Z	MIR548C;MIR548Z
ZNF565	ZNF565
XKR3	XKR3
DMD-AS1	DMD-AS1
CTD-2308N23.2;OTTHUMG00000032439	CTD-2308N23.2;OTTHUMG00000032439
OTTHUMG00000024094;RP11-265P11.1	OTTHUMG00000024094;RP11-265P11.1
SFTA2	SFTA2
OR6B2	OR6B2
PISD	PISD
DEFB107A;DEFB107B	DEFB107A;DEFB107B
CES1;LOC100653057	CES1;LOC100653057
LOC440981	LOC440981
ZNF423	ZNF423
CTD-2272D18.1;OTTHUMG00000164605	CTD-2272D18.1;OTTHUMG00000164605
OTTHUMG00000156060;RP11-142A5.1	OTTHUMG00000156060;RP11-142A5.1
TM4SF1	TM4SF1
MIR5193;UBA7	MIR5193;UBA7
OTTHUMG00000010849;RP11-57H12.3	OTTHUMG00000010849;RP11-57H12.3
LINC00340	LINC00340
C1orf222	C1orf222
CEACAM16	CEACAM16
HLA-DOA	HLA-DOA
PDE4D	PDE4D
BCL9;LOC101060700	BCL9;LOC101060700
AP001053.11;LOC284837;OTTHUMG00000086882	AP001053.11;LOC284837;OTTHUMG00000086882
RNU7-3P	RNU7-3P
LOC100499405	LOC100499405
PCDHB13	PCDHB13
MIR1289-1	MIR1289-1
MRC2	MRC2
CDV3	CDV3
CACNA2D3	CACNA2D3
ANTXRL	ANTXRL
CTSB	CTSB
HACE1	HACE1
TPSAB1;TPSB2	TPSAB1;TPSB2
OTTHUMG00000037775;RP11-56N19.5	OTTHUMG00000037775;RP11-56N19.5
DUX2	DUX2
OTTHUMG00000004187;RP4-614N24.1	OTTHUMG00000004187;RP4-614N24.1
PAQR6	PAQR6
HLA-DQA2	HLA-DQA2
OTTHUMG00000041341;RP11-396C23.2	OTTHUMG00000041341;RP11-396C23.2
AC018742.1;LOC645949;OTTHUMG00000151807	AC018742.1;LOC645949;OTTHUMG00000151807
OR5A2	OR5A2
TXNDC17	TXNDC17
C20orf96	C20orf96
AC093838.7;OTTHUMG00000153621	AC093838.7;OTTHUMG00000153621
GLO1	GLO1
ICAM2	ICAM2
HSPB7	HSPB7
MBD3L3	MBD3L3
FAM222B	FAM222B
OTTHUMG00000014288;RP11-330A16.1	OTTHUMG00000014288;RP11-330A16.1
OTTHUMG00000009067;RP5-1044H5.1	OTTHUMG00000009067;RP5-1044H5.1
OTTHUMG00000151147;RP4-591N18.2	OTTHUMG00000151147;RP4-591N18.2
FAM155A-IT1	FAM155A-IT1
KAT6A	KAT6A
LOC101060431;PIAS3	LOC101060431;PIAS3
HSPA1A;HSPA1B	HSPA1A;HSPA1B
C11orf93	C11orf93
IZUMO1	IZUMO1
LOC100499489	LOC100499489
C6orf10	C6orf10
OTTHUMG00000164644;RP11-131N11.4	OTTHUMG00000164644;RP11-131N11.4
THBD	THBD
HLA-DQA2	HLA-DQA2
OTTHUMG00000161337;RP11-236P13.1	OTTHUMG00000161337;RP11-236P13.1
OTTHUMG00000037122;RP11-552D8.1	OTTHUMG00000037122;RP11-552D8.1
OTTHUMG00000157320;RP5-921G16.2	OTTHUMG00000157320;RP5-921G16.2
DEFB105A;DEFB105B	DEFB105A;DEFB105B
LINC00260	LINC00260
THTPA	THTPA
AF146191.4;OTTHUMG00000160585	AF146191.4;OTTHUMG00000160585
ZNF148	ZNF148
HLA-B	HLA-B
HTR4	HTR4
OTTHUMG00000017541;RP11-398B16.2	OTTHUMG00000017541;RP11-398B16.2
RFK	RFK
CTC-467M3.2;LOC100505949;OTTHUMG00000162635	CTC-467M3.2;LOC100505949;OTTHUMG00000162635
GSDMC	GSDMC
OTTHUMG00000017731;RP11-25G10.2	OTTHUMG00000017731;RP11-25G10.2
OTTHUMG00000013934;RP1-140J1.1	OTTHUMG00000013934;RP1-140J1.1
CD68	CD68
C1orf185	C1orf185
TLE1	TLE1
EYA3	EYA3
DAP3	DAP3
TPD52L1	TPD52L1
RNU6-75P	RNU6-75P
CYP4A22	CYP4A22
CTC-436P18.3;OTTHUMG00000162244	CTC-436P18.3;OTTHUMG00000162244
MIR1255A	MIR1255A
TFF2	TFF2
G6PC	G6PC
TBC1D26	TBC1D26
PLAUR	PLAUR
DKK3	DKK3
HOXA-AS2	HOXA-AS2
OTTHUMG00000161209;RP11-21I10.2	OTTHUMG00000161209;RP11-21I10.2
CLMP	CLMP
LOC100996543	LOC100996543
OR10H3	OR10H3
RAB10	RAB10
COA6	COA6
DZANK1	DZANK1
DECR2	DECR2
CACNA1C-AS4	CACNA1C-AS4
PTPN2	PTPN2
OTTHUMG00000160713;RP11-404J23.1	OTTHUMG00000160713;RP11-404J23.1
NEK7	NEK7
GAS5-AS1	GAS5-AS1
AC007557.1;OTTHUMG00000155310	AC007557.1;OTTHUMG00000155310
MIR548G	MIR548G
HTR2B	HTR2B
AC099344.3;OTTHUMG00000151819	AC099344.3;OTTHUMG00000151819
OTTHUMG00000014238;RP11-360O19.4	OTTHUMG00000014238;RP11-360O19.4
AC133528.2;OTTHUMG00000151513	AC133528.2;OTTHUMG00000151513
LOC100240734	LOC100240734
OTTHUMG00000018395;RP11-262I2.2	OTTHUMG00000018395;RP11-262I2.2
GPR3	GPR3
CTA-407F11.7;OTTHUMG00000150901	CTA-407F11.7;OTTHUMG00000150901
HECA	HECA
SLC25A2	SLC25A2
EGR2	EGR2
IGLV2-33	IGLV2-33
ZDHHC23	ZDHHC23
USP17L4	USP17L4
SNORD114-23	SNORD114-23
CYP4F3	CYP4F3
LCN8	LCN8
OTTHUMG00000032472;RP1-191L6.2	OTTHUMG00000032472;RP1-191L6.2
RNA5SP508	RNA5SP508
IGHM	IGHM
OTTHUMG00000160651;RP11-530I17.1	OTTHUMG00000160651;RP11-530I17.1
OTTHUMG00000155439;RP11-767C1.1	OTTHUMG00000155439;RP11-767C1.1
VN1R5	VN1R5
CACNG2	CACNG2
RNU5A-3P	RNU5A-3P
WWP2	WWP2
C1orf146	C1orf146
NXPE3	NXPE3
ABTB1	ABTB1
OTTHUMG00000034431;RP11-277B15.2	OTTHUMG00000034431;RP11-277B15.2
SERPINB8	SERPINB8
LOC100129931;OTTHUMG00000159982;RP11-367J11.2	LOC100129931;OTTHUMG00000159982;RP11-367J11.2
CCDC14	CCDC14
OTTHUMG00000036254;RP11-6J21.2	OTTHUMG00000036254;RP11-6J21.2
FUCA1	FUCA1
SSX5	SSX5
AC009404.2;OTTHUMG00000058513	AC009404.2;OTTHUMG00000058513
ZNF142	ZNF142
XRCC6	XRCC6
LINC00475	LINC00475
KIAA1191	KIAA1191
RNA5SP209	RNA5SP209
SNRNP25	SNRNP25
OTTHUMG00000032717;RP11-112L6.3	OTTHUMG00000032717;RP11-112L6.3
SRMS	SRMS
CXorf66	CXorf66
VASP	VASP
MMP10	MMP10
KIAA1586	KIAA1586
PFN1	PFN1
LINC00208	LINC00208
HSPA1A;HSPA1B	HSPA1A;HSPA1B
ZBTB40	ZBTB40
OTTHUMG00000160372;RP11-431M7.3	OTTHUMG00000160372;RP11-431M7.3
OR12D2	OR12D2
OR12D2	OR12D2
OR12D2	OR12D2
VIM	VIM
XAGE-4	XAGE-4
MSL1	MSL1
MIR124-3	MIR124-3
LOC646278	LOC646278
OR6C2	OR6C2
ACY3	ACY3
C7orf55;C7orf55-LUC7L2;LUC7L2	C7orf55;C7orf55-LUC7L2;LUC7L2
MOXD1	MOXD1
LOC441454	LOC441454
SPECC1	SPECC1
C9orf37	C9orf37
MYOZ2	MYOZ2
C16orf11	C16orf11
MIR1827	MIR1827
NBR1	NBR1
ADAM5	ADAM5
OTTHUMG00000150565;RP4-754E20__A.5	OTTHUMG00000150565;RP4-754E20__A.5
OAS3	OAS3
OTTHUMG00000161054;RP11-778J15.1	OTTHUMG00000161054;RP11-778J15.1
GGA2	GGA2
CEBPG	CEBPG
KDM5C-IT1	KDM5C-IT1
OTTHUMG00000015812;RP11-472G23.10	OTTHUMG00000015812;RP11-472G23.10
LOC100129216	LOC100129216
DLEC1	DLEC1
ALOX12P2	ALOX12P2
KRTAP29-1	KRTAP29-1
HDAC11	HDAC11
RUNDC3A	RUNDC3A
OTTHUMG00000021825;RP11-493K23.4	OTTHUMG00000021825;RP11-493K23.4
NMUR2	NMUR2
EXOC5	EXOC5
EPN2-AS1	EPN2-AS1
CCDC73	CCDC73
AP000302.58;OTTHUMG00000065530	AP000302.58;OTTHUMG00000065530
MIR591	MIR591
AC034187.2;OTTHUMG00000154969	AC034187.2;OTTHUMG00000154969
OTTHUMG00000151100;RP5-1104E15.6	OTTHUMG00000151100;RP5-1104E15.6
BDKRB2	BDKRB2
HIST1H3A;HIST1H3B;HIST1H3C;HIST1H3D;HIST1H3E;HIST1H3F;HIST1H3G;HIST1H3H;HIST1H3I;HIST1H3J	HIST1H3A;HIST1H3B;HIST1H3C;HIST1H3D;HIST1H3E;HIST1H3F;HIST1H3G;HIST1H3H;HIST1H3I;HIST1H3J
PLCD3	PLCD3
TRIM40	TRIM40
DEFB109P1B	DEFB109P1B
PPP3R2	PPP3R2
SLC38A5	SLC38A5
POLK	POLK
TMEM74	TMEM74
OTTHUMG00000165062;RP11-255B23.2	OTTHUMG00000165062;RP11-255B23.2
RCBTB1	RCBTB1
AC011196.3;OTTHUMG00000056662	AC011196.3;OTTHUMG00000056662
ZNF716	ZNF716
SLC30A1	SLC30A1
IFNGR1	IFNGR1
DNAJA3	DNAJA3
HOXA2	HOXA2
XPO4	XPO4
AC008937.2;OTTHUMG00000059483	AC008937.2;OTTHUMG00000059483
OTTHUMG00000163519;RP11-32D16.1	OTTHUMG00000163519;RP11-32D16.1
STARD7	STARD7
OTTHUMG00000161651;RP11-122F24.1	OTTHUMG00000161651;RP11-122F24.1
OTTHUMG00000022789;RP11-528G1.2	OTTHUMG00000022789;RP11-528G1.2
IGHV3-73	IGHV3-73
EYA1	EYA1
CHPT1	CHPT1
ENTHD1	ENTHD1
CD55	CD55
OTTHUMG00000161563;RP11-119H12.6	OTTHUMG00000161563;RP11-119H12.6
SAMM50	SAMM50
TOPAZ1	TOPAZ1
VPS33B	VPS33B
OTTHUMG00000007539;RP11-96L14.7	OTTHUMG00000007539;RP11-96L14.7
FLJ16126	FLJ16126
MIR4776-1	MIR4776-1
FAM65A	FAM65A
C15orf55;NUTM1	C15orf55;NUTM1
COMTD1	COMTD1
SLC2A10	SLC2A10
LINC00221	LINC00221
CASP4	CASP4
SNAPIN	SNAPIN
OTTHUMG00000160299;RP11-237D3.1	OTTHUMG00000160299;RP11-237D3.1
TOMM22	TOMM22
LINC00964	LINC00964
AC124944.2;LOC100128262;OTTHUMG00000155738	AC124944.2;LOC100128262;OTTHUMG00000155738
OTTHUMG00000160217;RP11-586D19.2	OTTHUMG00000160217;RP11-586D19.2
MIR568	MIR568
OTTHUMG00000008401;RP11-145M4.1	OTTHUMG00000008401;RP11-145M4.1
H1FX	H1FX
KIF9-AS1	KIF9-AS1
CCDC63	CCDC63
OTTHUMG00000165008;RP11-136O12.2	OTTHUMG00000165008;RP11-136O12.2
TP53AIP1	TP53AIP1
GMDS	GMDS
STX7	STX7
MBOAT4	MBOAT4
RNU6-78P	RNU6-78P
TXNDC5	TXNDC5
TLR8	TLR8
THNSL1	THNSL1
CSHL1	CSHL1
IGKV1D-27	IGKV1D-27
NLRP3	NLRP3
ZC3H10	ZC3H10
OTTHUMG00000015708;RP11-753B14.1	OTTHUMG00000015708;RP11-753B14.1
OTTHUMG00000161052;RP11-556I14.2	OTTHUMG00000161052;RP11-556I14.2
APOC2;APOC4	APOC2;APOC4
HLA-DQB1-AS1	HLA-DQB1-AS1
FXYD1	FXYD1
MORN1	MORN1
AC124789.1;OTTHUMG00000132691	AC124789.1;OTTHUMG00000132691
MIR4313	MIR4313
ADAM29	ADAM29
TBC1D19	TBC1D19
MYRF	MYRF
AKT1S1	AKT1S1
KIAA0368	KIAA0368
CR1	CR1
OTTHUMG00000066730;RP11-95K23.6	OTTHUMG00000066730;RP11-95K23.6
ATF4P4	ATF4P4
CTD-2313F11.2;OTTHUMG00000162201	CTD-2313F11.2;OTTHUMG00000162201
LOC727924;OR4N3P;OR4N4	LOC727924;OR4N3P;OR4N4
FLOT1	FLOT1
LINC00426	LINC00426
GHRL	GHRL
ZNF365	ZNF365
AC000111.3;OTTHUMG00000066356	AC000111.3;OTTHUMG00000066356
ECEL1P2	ECEL1P2
SPTY2D1	SPTY2D1
VWA7	VWA7
AC083884.8;OTTHUMG00000156239	AC083884.8;OTTHUMG00000156239
VCX;VCX3A	VCX;VCX3A
UBAC1	UBAC1
HLA-DQB2	HLA-DQB2
HLA-DQB2	HLA-DQB2
OTTHUMG00000161907;RP11-818C3.1	OTTHUMG00000161907;RP11-818C3.1
ARHGEF38-IT1	ARHGEF38-IT1
OTTHUMG00000164267;RP11-546K22.2	OTTHUMG00000164267;RP11-546K22.2
OTTHUMG00000158468;RP11-451G4.3	OTTHUMG00000158468;RP11-451G4.3
LRP11	LRP11
OTTHUMG00000015401;RP11-367G18.1	OTTHUMG00000015401;RP11-367G18.1
LOC100507639;OTTHUMG00000161381;RP11-362F19.1	LOC100507639;OTTHUMG00000161381;RP11-362F19.1
ZNF695	ZNF695
RHBDL2	RHBDL2
IGHD2-2	IGHD2-2
SAMSN1-AS1	SAMSN1-AS1
UMPS	UMPS
ACIN1	ACIN1
MIR99A	MIR99A
TPT1-AS1	TPT1-AS1
DOT1L	DOT1L
LOC100147773;OTTHUMG00000034703;RP11-466F5.8	LOC100147773;OTTHUMG00000034703;RP11-466F5.8
AC073316.2;OTTHUMG00000151735	AC073316.2;OTTHUMG00000151735
MRPL41	MRPL41
IZUMO3	IZUMO3
HLA-DOB	HLA-DOB
FAM90A20P	FAM90A20P
MIR520A	MIR520A
TRIM49	TRIM49
OTTHUMG00000164616;RP11-91P17.1	OTTHUMG00000164616;RP11-91P17.1
LOC388242;LOC613038	LOC388242;LOC613038
PER2	PER2
FGF13-AS1	FGF13-AS1
SNORD69	SNORD69
GPC1	GPC1
OTTHUMG00000031658;PSMF1;RP4-545L17.7	OTTHUMG00000031658;PSMF1;RP4-545L17.7
OTTHUMG00000161339;RP11-208N20.1	OTTHUMG00000161339;RP11-208N20.1
OTTHUMG00000158284;RP11-576M8.2	OTTHUMG00000158284;RP11-576M8.2
REXO1L2P	REXO1L2P
ACO1	ACO1
CTD-2530N21.4;LOC100507071;OTTHUMG00000164269	CTD-2530N21.4;LOC100507071;OTTHUMG00000164269
LOC100506023	LOC100506023
AC099850.1;OTTHUMG00000132079	AC099850.1;OTTHUMG00000132079
LOC100507103;OTTHUMG00000020202;RP11-305L7.1	LOC100507103;OTTHUMG00000020202;RP11-305L7.1
ARID1B	ARID1B
C6orf47	C6orf47
TAF5	TAF5
TUBGCP4	TUBGCP4
TPGS1	TPGS1
CNR2	CNR2
MLLT10	MLLT10
IGLV11-55	IGLV11-55
OTTHUMG00000032757;RP4-583K8.1	OTTHUMG00000032757;RP4-583K8.1
SCUBE1	SCUBE1
HAS1	HAS1
LOC400927	LOC400927
GAMT	GAMT
PCED1A	PCED1A
CLCA2	CLCA2
OTTHUMG00000161248;RP11-439E19.7	OTTHUMG00000161248;RP11-439E19.7
AC091729.7;OTTHUMG00000151481	AC091729.7;OTTHUMG00000151481
CA10	CA10
LOC339505;OTTHUMG00000002842;RP4-749H3.1	LOC339505;OTTHUMG00000002842;RP4-749H3.1
ECSCR	ECSCR
PROK1	PROK1
TTTY16	TTTY16
LPGAT1	LPGAT1
OTTHUMG00000164158;RP11-100L22.1	OTTHUMG00000164158;RP11-100L22.1
AC012462.3;OTTHUMG00000155685	AC012462.3;OTTHUMG00000155685
AGO3;EIF2C3	AGO3;EIF2C3
BCAP29	BCAP29
IRF3	IRF3
BCL2L14	BCL2L14
TRMT2B	TRMT2B
FKBPL	FKBPL
FKBPL	FKBPL
LOC100507568	LOC100507568
OTTHUMG00000164853;RP11-473O4.4	OTTHUMG00000164853;RP11-473O4.4
BCL2L15	BCL2L15
RPP21	RPP21
LOC642426	LOC642426
C3orf79	C3orf79
CRYBA1	CRYBA1
IGLJ6	IGLJ6
OTTHUMG00000164967;RP11-398G24.2	OTTHUMG00000164967;RP11-398G24.2
RPS2;SNORA64	RPS2;SNORA64
PLA2G2F	PLA2G2F
CTC-455F18.1;MIR4454;OTTHUMG00000163164	CTC-455F18.1;MIR4454;OTTHUMG00000163164
RNY1P4	RNY1P4
OTTHUMG00000164593;RP11-172E10.1	OTTHUMG00000164593;RP11-172E10.1
OTTHUMG00000161724;RP11-18H21.3	OTTHUMG00000161724;RP11-18H21.3
C8orf12	C8orf12
LOC286190;OTTHUMG00000164429;RP11-382J12.1	LOC286190;OTTHUMG00000164429;RP11-382J12.1
OTTHUMG00000163980;RP11-962G15.1	OTTHUMG00000163980;RP11-962G15.1
FAM166B	FAM166B
AL589986.2;OTTHUMG00000013065	AL589986.2;OTTHUMG00000013065
AC091962.3;OTTHUMG00000163488	AC091962.3;OTTHUMG00000163488
HIST1H2AG;HIST1H2AH;HIST1H2AI;HIST1H2AK;HIST1H2AL;HIST1H2AM	HIST1H2AG;HIST1H2AH;HIST1H2AI;HIST1H2AK;HIST1H2AL;HIST1H2AM
AC007131.1;OTTHUMG00000152615	AC007131.1;OTTHUMG00000152615
TRIM40	TRIM40
KLRG1	KLRG1
AC016768.1;OTTHUMG00000151813	AC016768.1;OTTHUMG00000151813
SDF4	SDF4
KLK4	KLK4
LHPP	LHPP
EIF4E	EIF4E
SYCE3	SYCE3
CTC-286N12.1;OTTHUMG00000162917	CTC-286N12.1;OTTHUMG00000162917
TRIM48	TRIM48
OTTHUMG00000019570;RP11-120J1.1	OTTHUMG00000019570;RP11-120J1.1
NSUN6	NSUN6
HHLA2	HHLA2
OR10AD1	OR10AD1
FEM1C	FEM1C
OTTHUMG00000024097;RP11-157D23.2	OTTHUMG00000024097;RP11-157D23.2
CRTC3	CRTC3
OTTHUMG00000010691;RP11-147C23.1	OTTHUMG00000010691;RP11-147C23.1
ADRA1D	ADRA1D
MAGEA10	MAGEA10
EXOSC3	EXOSC3
REV1	REV1
STEAP3	STEAP3
NCAN	NCAN
PCGF6	PCGF6
OTTHUMG00000157278;RP11-325F22.3	OTTHUMG00000157278;RP11-325F22.3
OTTHUMG00000002434;RP11-174G17	OTTHUMG00000002434;RP11-174G17
MIR569	MIR569
USF1	USF1
MIR514A1	MIR514A1
LOC100652805;LOC100653302;PGK1	LOC100652805;LOC100653302;PGK1
AC004009.3;OTTHUMG00000133703	AC004009.3;OTTHUMG00000133703
AP003774.5;OTTHUMG00000066368	AP003774.5;OTTHUMG00000066368
LINC00345	LINC00345
SPRR1A	SPRR1A
ARPC2	ARPC2
LOC101060004;OTTHUMG00000032679;RP11-347D21.4	LOC101060004;OTTHUMG00000032679;RP11-347D21.4
KLHL11	KLHL11
GALNS	GALNS
MIRLET7D	MIRLET7D
AC007405.4;OTTHUMG00000154055	AC007405.4;OTTHUMG00000154055
FOXF2	FOXF2
TNXA;TNXB	TNXA;TNXB
OR4Q2	OR4Q2
AC002467.7;CBLL1;OTTHUMG00000154805	AC002467.7;CBLL1;OTTHUMG00000154805
PDXDC2P	PDXDC2P
OR5M1	OR5M1
OTTHUMG00000160948;RP11-6E9.5	OTTHUMG00000160948;RP11-6E9.5
AC099552.2;OTTHUMG00000151328	AC099552.2;OTTHUMG00000151328
RNY3P9	RNY3P9
OTTHUMG00000021651;RP11-382F24.2	OTTHUMG00000021651;RP11-382F24.2
OTTHUMG00000160300;RP11-565A3.1	OTTHUMG00000160300;RP11-565A3.1
SEC16A	SEC16A
GYS2	GYS2
VPS11	VPS11
BCDIN3D-AS1	BCDIN3D-AS1
LINC00202-2;OTTHUMG00000017847;RP13-16H11.7	LINC00202-2;OTTHUMG00000017847;RP13-16H11.7
SIGLEC15	SIGLEC15
ZBTB40-IT1	ZBTB40-IT1
WDR13	WDR13
ZNF254	ZNF254
AF064860.5;B3GALT5;OTTHUMG00000086721	AF064860.5;B3GALT5;OTTHUMG00000086721
POLR2G	POLR2G
HAR1B	HAR1B
ARL16	ARL16
GLRA3	GLRA3
BRI3	BRI3
AL162759.1;OTTHUMG00000150105	AL162759.1;OTTHUMG00000150105
MIR1976	MIR1976
SLFNL1-AS1	SLFNL1-AS1
AC005534.9;OTTHUMG00000151508	AC005534.9;OTTHUMG00000151508
PLA1A	PLA1A
OTTHUMG00000020894;RP11-447M12.2	OTTHUMG00000020894;RP11-447M12.2
OTTHUMG00000007683;RP11-277A4.4	OTTHUMG00000007683;RP11-277A4.4
MAGEA9;MAGEA9B	MAGEA9;MAGEA9B
TERC	TERC
LHFPL3	LHFPL3
FLJ41278	FLJ41278
OTTHUMG00000037619;RP11-1B20.1	OTTHUMG00000037619;RP11-1B20.1
AC012360.6;OTTHUMG00000153109	AC012360.6;OTTHUMG00000153109
ATF6B	ATF6B
DUX2;DUX4;DUX4L2;DUX4L3;DUX4L5;DUX4L6;DUX4L7;LOC100288355;LOC100288398;LOC100288433;LOC100288494;LOC100288593;LOC100288657	DUX2;DUX4;DUX4L2;DUX4L3;DUX4L5;DUX4L6;DUX4L7;LOC100288355;LOC100288398;LOC100288433;LOC100288494;LOC100288593;LOC100288657
RANBP6	RANBP6
RNF5P1	RNF5P1
INPP5J	INPP5J
OTTHUMG00000014930;XXbac-BPG55C20.7	OTTHUMG00000014930;XXbac-BPG55C20.7
CYBB	CYBB
CDHR3;OTTHUMG00000157519;RP4-568B10.1	CDHR3;OTTHUMG00000157519;RP4-568B10.1
MIR191	MIR191
LINC00113	LINC00113
C2orf40	C2orf40
ZFY-AS1	ZFY-AS1
OR4F13P	OR4F13P
OTTHUMG00000015508;RP11-138M12.1	OTTHUMG00000015508;RP11-138M12.1
AC005304.1;OTTHUMG00000058802	AC005304.1;OTTHUMG00000058802
ARHGEF5;LOC101060316	ARHGEF5;LOC101060316
LACRT	LACRT
LOC100506498	LOC100506498
HES1	HES1
C16orf54	C16orf54
MIR526A1	MIR526A1
AC025442.3;OTTHUMG00000164088	AC025442.3;OTTHUMG00000164088
AC108051.2;OTTHUMG00000153094	AC108051.2;OTTHUMG00000153094
RNF151	RNF151
MIR4261	MIR4261
CDK15	CDK15
ZMYM2	ZMYM2
LOC100287789;SLMAP	LOC100287789;SLMAP
OTTHUMG00000150059;RP11-505P4.7	OTTHUMG00000150059;RP11-505P4.7
ACVR1B	ACVR1B
ANKDD1A	ANKDD1A
OTTHUMG00000018185;RP11-523O18.1	OTTHUMG00000018185;RP11-523O18.1
OTTHUMG00000013242;RP11-374M1.3	OTTHUMG00000013242;RP11-374M1.3
AP000251.2;LOC150051;OTTHUMG00000084870	AP000251.2;LOC150051;OTTHUMG00000084870
MTRNR2L4	MTRNR2L4
HLA-DQA2	HLA-DQA2
OTTHUMG00000017835;RP11-435M3.2	OTTHUMG00000017835;RP11-435M3.2
GNPTAB	GNPTAB
B3GALT2	B3GALT2
JPH2	JPH2
ESR1	ESR1
RPAP1	RPAP1
HOXA11	HOXA11
MIR3182	MIR3182
CHRNA10	CHRNA10
C1orf148	C1orf148
EFHA1;MICU2	EFHA1;MICU2
OTTHUMG00000163664;RP11-10A14.6	OTTHUMG00000163664;RP11-10A14.6
LDLRAD2	LDLRAD2
PPP2R5D	PPP2R5D
PDE5A	PDE5A
OTTHUMG00000163971;RP11-893F2.13	OTTHUMG00000163971;RP11-893F2.13
AP001055.6;OTTHUMG00000086913	AP001055.6;OTTHUMG00000086913
OTTHUMG00000008232;RP11-191G24.1	OTTHUMG00000008232;RP11-191G24.1
C21orf54	C21orf54
AC008440.10;OTTHUMG00000149885	AC008440.10;OTTHUMG00000149885
TBC1D27;TNFRSF13B	TBC1D27;TNFRSF13B
OR3A1	OR3A1
MIR942	MIR942
COPA	COPA
ZNF34	ZNF34
AP003774.6;LOC100996453;OTTHUMG00000150041	AP003774.6;LOC100996453;OTTHUMG00000150041
ITGB2-AS1	ITGB2-AS1
MIR4325	MIR4325
GH1	GH1
DDX18P6	DDX18P6
PLA2G3	PLA2G3
C9orf66	C9orf66
DPCD	DPCD
SKP1P2	SKP1P2
MIR520G	MIR520G
C8orf47	C8orf47
AC011747.6;OTTHUMG00000151627	AC011747.6;OTTHUMG00000151627
LEAP2	LEAP2
OTTHUMG00000160754;RP11-51M24.1	OTTHUMG00000160754;RP11-51M24.1
SFTA2	SFTA2
SFTA2	SFTA2
ELFN2;OTTHUMG00000150561;RP1-63G5.5	ELFN2;OTTHUMG00000150561;RP1-63G5.5
FATE1	FATE1
MUC2	MUC2
ARL11	ARL11
TBC1D3P5	TBC1D3P5
BTBD8	BTBD8
AL022476.2;LOC100506679;OTTHUMG00000150695	AL022476.2;LOC100506679;OTTHUMG00000150695
C20orf203	C20orf203
TTYH3	TTYH3
TMC7	TMC7
HSPA1A;HSPA1B	HSPA1A;HSPA1B
OTTHUMG00000013252;RP11-187C18.5	OTTHUMG00000013252;RP11-187C18.5
TRIM31-AS1	TRIM31-AS1
OTTHUMG00000131063;XXbac-BPG250I8.13	OTTHUMG00000131063;XXbac-BPG250I8.13
OTTHUMG00000148917;XXbac-BPG250I8.13	OTTHUMG00000148917;XXbac-BPG250I8.13
OTTHUMG00000149197;XXbac-BPG250I8.13	OTTHUMG00000149197;XXbac-BPG250I8.13
OTTHUMG00000149445;XXbac-BPG250I8.13	OTTHUMG00000149445;XXbac-BPG250I8.13
OTTHUMG00000004813;XXbac-BPG250I8.13	OTTHUMG00000004813;XXbac-BPG250I8.13
OTTHUMG00000131239;XXbac-BPG250I8.13	OTTHUMG00000131239;XXbac-BPG250I8.13
PPAPDC2	PPAPDC2
LOC283214	LOC283214
TRIM39	TRIM39
OTTHUMG00000162053;RP11-1C1.7	OTTHUMG00000162053;RP11-1C1.7
OTTHUMG00000036103;RP11-739N20.2	OTTHUMG00000036103;RP11-739N20.2
SUMO4	SUMO4
PVRL4	PVRL4
TM4SF20	TM4SF20
TPP2	TPP2
ETV3	ETV3
MIR1302-10;MIR1302-11;MIR1302-2;MIR1302-9;OTTHUMG00000000959;RP11-34P13.3	MIR1302-10;MIR1302-11;MIR1302-2;MIR1302-9;OTTHUMG00000000959;RP11-34P13.3
ODC1	ODC1
OTTHUMG00000161365;RP11-1079K10.3	OTTHUMG00000161365;RP11-1079K10.3
PKD2L2	PKD2L2
SIGLEC10	SIGLEC10
MIR2355	MIR2355
GABRE;MIR224;MIR452	GABRE;MIR224;MIR452
MMP24-AS1	MMP24-AS1
DPP8	DPP8
H2AFX	H2AFX
KCNA1	KCNA1
RNA5SP60	RNA5SP60
MIR548T	MIR548T
OTTHUMG00000161462;RP11-768B22.2	OTTHUMG00000161462;RP11-768B22.2
RNA5SP461	RNA5SP461
OTTHUMG00000161291;RP11-427M20.1	OTTHUMG00000161291;RP11-427M20.1
IGHV3-21	IGHV3-21
OTTHUMG00000018294;RP11-809M12.1	OTTHUMG00000018294;RP11-809M12.1
LOC100507568	LOC100507568
OTTHUMG00000161447;RP11-1336O20.2	OTTHUMG00000161447;RP11-1336O20.2
CNOT8	CNOT8
GSTM2P1	GSTM2P1
GPBP1	GPBP1
LOC100996732;LOC100996735;LOC101060590;LOC645166;OTTHUMG00000017423;RP11-14N7.2	LOC100996732;LOC100996735;LOC101060590;LOC645166;OTTHUMG00000017423;RP11-14N7.2
PAXIP1	PAXIP1
UBA52	UBA52
TGM5	TGM5
BX470102.3;OTTHUMG00000013548	BX470102.3;OTTHUMG00000013548
PDCD2	PDCD2
EPYC	EPYC
CADPS	CADPS
CLTCL1	CLTCL1
CTD-2287N17.1;OTTHUMG00000161634	CTD-2287N17.1;OTTHUMG00000161634
ZNF835	ZNF835
C5orf56	C5orf56
HIST1H1A	HIST1H1A
FAM129C	FAM129C
BAT2;OTTHUMG00000149000;PRRC2A	BAT2;OTTHUMG00000149000;PRRC2A
PER1	PER1
RPS21	RPS21
IMPG1	IMPG1
AC012442.5;CHCHD5;OTTHUMG00000153302	AC012442.5;CHCHD5;OTTHUMG00000153302
SLC45A2	SLC45A2
AC106801.1;OTTHUMG00000163509	AC106801.1;OTTHUMG00000163509
SNORA77	SNORA77
OTTHUMG00000031922;RP11-388K2.1	OTTHUMG00000031922;RP11-388K2.1
CYP21A2	CYP21A2
OTTHUMG00000045405;XXyac-YX65C7_A.2	OTTHUMG00000045405;XXyac-YX65C7_A.2
MIR206	MIR206
LYZ	LYZ
OTTHUMG00000159877;RP11-454C18.2	OTTHUMG00000159877;RP11-454C18.2
CTD-2154I11.2;OTTHUMG00000162735	CTD-2154I11.2;OTTHUMG00000162735
C17orf82	C17orf82
TRIM40	TRIM40
OTTHUMG00000041572;RP11-403I13.4	OTTHUMG00000041572;RP11-403I13.4
CPXCR1	CPXCR1
ADAM19	ADAM19
BEND4	BEND4
PATZ1	PATZ1
LOC100289580;OTTHUMG00000156775;RP5-1142A6.2	LOC100289580;OTTHUMG00000156775;RP5-1142A6.2
BOD1	BOD1
RRNAD1	RRNAD1
KRTAP4-16P	KRTAP4-16P
PNMA1	PNMA1
AC096579.13;AC096579.7;IGK;IGKC;IGKJ1;IGKJ2;IGKJ3;IGKJ4;IGKJ5;IGKV1-12;IGKV1-16;IGKV1-33;IGKV1-39;IGKV2-30;IGKV3-15;IGKV3-20;OTTHUMG00000151686;OTTHUMG00000151694	AC096579.13;AC096579.7;IGK;IGKC;IGKJ1;IGKJ2;IGKJ3;IGKJ4;IGKJ5;IGKV1-12;IGKV1-16;IGKV1-33;IGKV1-39;IGKV2-30;IGKV3-15;IGKV3-20;OTTHUMG00000151686;OTTHUMG00000151694
SPANXN4	SPANXN4
TM9SF2	TM9SF2
C5orf42	C5orf42
DEFA10P	DEFA10P
TNNT1	TNNT1
ITPK1-AS1	ITPK1-AS1
VPS41	VPS41
OTTHUMG00000017939;RP11-476F14.1	OTTHUMG00000017939;RP11-476F14.1
CRIP2	CRIP2
DSTN	DSTN
C1orf74	C1orf74
NCMAP	NCMAP
GSTM2	GSTM2
C11orf30	C11orf30
DPPA2	DPPA2
LOC100286922	LOC100286922
AADAT	AADAT
SOCS5	SOCS5
ZBTB41	ZBTB41
LOC100507117	LOC100507117
JRKL	JRKL
OR3A3	OR3A3
ZNF84	ZNF84
KLC4	KLC4
CD74	CD74
OTTHUMG00000020294;RP11-240L7.4	OTTHUMG00000020294;RP11-240L7.4
PLS1	PLS1
RNA5SP158	RNA5SP158
HDGFL1	HDGFL1
OTTHUMG00000162146;RP11-357F12.1	OTTHUMG00000162146;RP11-357F12.1
OR56A4	OR56A4
SPANXN2	SPANXN2
RNF5;RNF5P1	RNF5;RNF5P1
ARHGAP26-AS1	ARHGAP26-AS1
RNY4P8	RNY4P8
AC009232.2;LOC730811;OTTHUMG00000151409	AC009232.2;LOC730811;OTTHUMG00000151409
OTTHUMG00000031780;RP5-1164C1.2	OTTHUMG00000031780;RP5-1164C1.2
SYCE1	SYCE1
KCTD7;RABGEF1	KCTD7;RABGEF1
STOX2	STOX2
MMD2	MMD2
MIR4319	MIR4319
CMYA5	CMYA5
OTTHUMG00000161607;RP11-35O7.1	OTTHUMG00000161607;RP11-35O7.1
TP53BP1	TP53BP1
FAM59A;GAREM	FAM59A;GAREM
CPM	CPM
ALG9	ALG9
TM4SF19	TM4SF19
ABHD14B	ABHD14B
ABCA10	ABCA10
MLYCD	MLYCD
KRTAP9-2;LOC100996762	KRTAP9-2;LOC100996762
STMND1	STMND1
SNRPD1	SNRPD1
FPGS	FPGS
DEFB135	DEFB135
MMP8	MMP8
AP001056.1;OTTHUMG00000086912	AP001056.1;OTTHUMG00000086912
OTTHUMG00000159059;RP11-247I13.11	OTTHUMG00000159059;RP11-247I13.11
OTC	OTC
OTTHUMG00000015698;RP5-899B16.2	OTTHUMG00000015698;RP5-899B16.2
OTTHUMG00000020285;RP11-180I4.2	OTTHUMG00000020285;RP11-180I4.2
GBP4	GBP4
EIF4G1	EIF4G1
RPP21	RPP21
NRSN2	NRSN2
ARFGEF1	ARFGEF1
OTTHUMG00000163518;RP11-542A14.1	OTTHUMG00000163518;RP11-542A14.1
IDO2	IDO2
LOC145845	LOC145845
KB-1083B1.1;OTTHUMG00000164778	KB-1083B1.1;OTTHUMG00000164778
ASZ1	ASZ1
PASD1	PASD1
AC016738.4;OTTHUMG00000153031	AC016738.4;OTTHUMG00000153031
ACAT1	ACAT1
EVC2	EVC2
CTB-46B19.2;OTTHUMG00000163387	CTB-46B19.2;OTTHUMG00000163387
LOC100506107;OTTHUMG00000160872;RP11-322J23.1	LOC100506107;OTTHUMG00000160872;RP11-322J23.1
FAM219A	FAM219A
LOC440461	LOC440461
KCNA7	KCNA7
PIK3R2	PIK3R2
RFPL4A;RFPL4AL1	RFPL4A;RFPL4AL1
OSBPL3	OSBPL3
UGT2B17	UGT2B17
C20orf196	C20orf196
OR10A5	OR10A5
HSPA2	HSPA2
PARD6A	PARD6A
PDGFC	PDGFC
CTA-520D8.2;OTTHUMG00000007915	CTA-520D8.2;OTTHUMG00000007915
SPINK1	SPINK1
OTTHUMG00000162067;RP11-774D14.1	OTTHUMG00000162067;RP11-774D14.1
KB-1980E6.3;OTTHUMG00000164777	KB-1980E6.3;OTTHUMG00000164777
MIR331	MIR331
LRIT3	LRIT3
BARHL1	BARHL1
TRMT44	TRMT44
IDI2-AS1	IDI2-AS1
CWF19L2	CWF19L2
HIST2H3A;HIST2H3C;HIST2H3D	HIST2H3A;HIST2H3C;HIST2H3D
LANCL2	LANCL2
ADCY2	ADCY2
TACC2	TACC2
MAEA	MAEA
U2SURP	U2SURP
CDR1	CDR1
GNL3;SNORD19B	GNL3;SNORD19B
PALB2	PALB2
AVPR2	AVPR2
HEATR4	HEATR4
RHPN1-AS1	RHPN1-AS1
KCTD13	KCTD13
IFNL1	IFNL1
AC005863.1;FLJ45831;OTTHUMG00000058812	AC005863.1;FLJ45831;OTTHUMG00000058812
TMEM78	TMEM78
NOP14	NOP14
AC012361.1;OTTHUMG00000151783	AC012361.1;OTTHUMG00000151783
OR51B6	OR51B6
OTTHUMG00000165050;RP11-89M16.1	OTTHUMG00000165050;RP11-89M16.1
OTTHUMG00000157189;RP5-1121A15.4	OTTHUMG00000157189;RP5-1121A15.4
OTTHUMG00000037449;RP1-20B21.4	OTTHUMG00000037449;RP1-20B21.4
C1orf137	C1orf137
PLAC8L1	PLAC8L1
OTTHUMG00000160863;RP11-727M10.1	OTTHUMG00000160863;RP11-727M10.1
OTTHUMG00000160867;RP11-727M10.2	OTTHUMG00000160867;RP11-727M10.2
LRIF1	LRIF1
HAPLN4	HAPLN4
NAP1L4	NAP1L4
LOC100505875;OTTHUMG00000160858;RP11-438E5.1	LOC100505875;OTTHUMG00000160858;RP11-438E5.1
AC010987.6;OTTHUMG00000152485	AC010987.6;OTTHUMG00000152485
MIR4754	MIR4754
TBCA	TBCA
NEUROG2	NEUROG2
KIN	KIN
CGNL1	CGNL1
OTTHUMG00000137385;RP4-614C15.3	OTTHUMG00000137385;RP4-614C15.3
CTA-392E5.1;OTTHUMG00000163604	CTA-392E5.1;OTTHUMG00000163604
AC016912.3;OTTHUMG00000153138	AC016912.3;OTTHUMG00000153138
CTD-2061E9.1;OTTHUMG00000161925	CTD-2061E9.1;OTTHUMG00000161925
EML1	EML1
LOC100505887;OTTHUMG00000001785;RP11-242F24.1	LOC100505887;OTTHUMG00000001785;RP11-242F24.1
TRBV5-7	TRBV5-7
CTC-207P7.1;OTTHUMG00000162876	CTC-207P7.1;OTTHUMG00000162876
CTD-2532K18.2;OTTHUMG00000163136	CTD-2532K18.2;OTTHUMG00000163136
SLC37A3	SLC37A3
CTD-2117L12.1;OTTHUMG00000162427	CTD-2117L12.1;OTTHUMG00000162427
FLT3	FLT3
PPP1R9A	PPP1R9A
LINC00895	LINC00895
PRPF6	PRPF6
AP001347.6;OTTHUMG00000074260	AP001347.6;OTTHUMG00000074260
MIR1297	MIR1297
LOC440028	LOC440028
MIR4324	MIR4324
OTTHUMG00000008939;RP5-1024G6.2	OTTHUMG00000008939;RP5-1024G6.2
CAV1	CAV1
GPCPD1	GPCPD1
GNB2	GNB2
SACS-AS1	SACS-AS1
DNAJA1P5	DNAJA1P5
IGFBPL1	IGFBPL1
PXMP4	PXMP4
ANKRD50	ANKRD50
OTTHUMG00000035542;RP11-373J16.1	OTTHUMG00000035542;RP11-373J16.1
LOC441242	LOC441242
SCGB3A1	SCGB3A1
MANF	MANF
FBXO47	FBXO47
LOC100507435;OTTHUMG00000163600;RP11-666I19.2	LOC100507435;OTTHUMG00000163600;RP11-666I19.2
OR2A12	OR2A12
TLR10	TLR10
OTTHUMG00000022687;RP11-402P6.7	OTTHUMG00000022687;RP11-402P6.7
OTTHUMG00000021805;RP11-402P6.11	OTTHUMG00000021805;RP11-402P6.11
RNY4P16	RNY4P16
GGT7	GGT7
KB-1460A1.1;OTTHUMG00000164820	KB-1460A1.1;OTTHUMG00000164820
LILRA1	LILRA1
SRPRB	SRPRB
MPLKIP	MPLKIP
SLN	SLN
CYP21A1P;CYP21A2	CYP21A1P;CYP21A2
CEACAM8	CEACAM8
OTTHUMG00000150597;RP5-1119A7.14	OTTHUMG00000150597;RP5-1119A7.14
TAS2R8	TAS2R8
TEX35	TEX35
ADD3-AS1;OTTHUMG00000019028;RP11-451M19.3	ADD3-AS1;OTTHUMG00000019028;RP11-451M19.3
MMP12	MMP12
AL163953.3;OTTHUMG00000133700	AL163953.3;OTTHUMG00000133700
KDM4C	KDM4C
OTTHUMG00000160257;RP11-552M14.1	OTTHUMG00000160257;RP11-552M14.1
LINC00924	LINC00924
CHRD	CHRD
MIR4796	MIR4796
MDFI	MDFI
NLRP13	NLRP13
TNXA;TNXB	TNXA;TNXB
CRY2	CRY2
SEPT7P2	SEPT7P2
MIR3621	MIR3621
SNORD116-2	SNORD116-2
ADCY3	ADCY3
SPATA22	SPATA22
SLC17A5	SLC17A5
ERVMER61-1	ERVMER61-1
UBE2V1	UBE2V1
KIF5B	KIF5B
CYS1	CYS1
KCNJ16	KCNJ16
GRIN2C	GRIN2C
OTTHUMG00000007731;RP5-1066H13.4	OTTHUMG00000007731;RP5-1066H13.4
AC051649.6;OTTHUMG00000012473	AC051649.6;OTTHUMG00000012473
SLC39A3	SLC39A3
OTTHUMG00000004936;XXbac-BPG116M5.14	OTTHUMG00000004936;XXbac-BPG116M5.14
SH3GL2	SH3GL2
ANP32A-IT1	ANP32A-IT1
ERP44	ERP44
EI24	EI24
NUCKS1	NUCKS1
MIR383	MIR383
MT1JP	MT1JP
TMEM221	TMEM221
MIDN	MIDN
PAGE2	PAGE2
C1orf173	C1orf173
SNX10	SNX10
HEATR5A	HEATR5A
OTTHUMG00000159760;RP11-200A1.1	OTTHUMG00000159760;RP11-200A1.1
LIX1L;LOC101060547	LIX1L;LOC101060547
HIST1H2AC	HIST1H2AC
SRCRB4D	SRCRB4D
TMEM52B	TMEM52B
PVRL3-AS1	PVRL3-AS1
OTTHUMG00000022274;RP3-404F18.5	OTTHUMG00000022274;RP3-404F18.5
MMRN1	MMRN1
GS1-115G20.1;OTTHUMG00000035468	GS1-115G20.1;OTTHUMG00000035468
FLI1	FLI1
OTTHUMG00000016055;RP1-137D17.1	OTTHUMG00000016055;RP1-137D17.1
ANGPTL6	ANGPTL6
GRID1-AS1;OTTHUMG00000184154;RP11-93H12.2	GRID1-AS1;OTTHUMG00000184154;RP11-93H12.2
BBC3;MIR3190;MIR3191	BBC3;MIR3190;MIR3191
C14orf2	C14orf2
LOC407835	LOC407835
LOC729603	LOC729603
OTTHUMG00000020433;RP11-308N19.1	OTTHUMG00000020433;RP11-308N19.1
PPP1R7	PPP1R7
PRELP	PRELP
RNY3	RNY3
OTTHUMG00000022248;RP11-232D9.3	OTTHUMG00000022248;RP11-232D9.3
LOC100133957	LOC100133957
RTP3	RTP3
DYNC2LI1	DYNC2LI1
UCP3	UCP3
OTTHUMG00000160084;RP11-460I19.2	OTTHUMG00000160084;RP11-460I19.2
AC005150.1;OTTHUMG00000161384	AC005150.1;OTTHUMG00000161384
ACAA1;AP006309.4;OTTHUMG00000155978	ACAA1;AP006309.4;OTTHUMG00000155978
MAPKBP1	MAPKBP1
ZNF287	ZNF287
LNPEP	LNPEP
ZNF205	ZNF205
CYP4X1	CYP4X1
CBY1	CBY1
MIR3974	MIR3974
OTTHUMG00000000565;RP11-740P5.3	OTTHUMG00000000565;RP11-740P5.3
HCG22	HCG22
OTTHUMG00000017155;RP11-531P20.1	OTTHUMG00000017155;RP11-531P20.1
SNAR-D	SNAR-D
C6orf120	C6orf120
MIR3119-2	MIR3119-2
OTTHUMG00000161631;RP11-121L11.3	OTTHUMG00000161631;RP11-121L11.3
OTTHUMG00000002754;RP1-224A6.3	OTTHUMG00000002754;RP1-224A6.3
HMGN2P15	HMGN2P15
DMGDH	DMGDH
LOC727983;POM121L9P	LOC727983;POM121L9P
MRGPRX3	MRGPRX3
PTPN22	PTPN22
FKBP1C	FKBP1C
CALR3	CALR3
C8orf59	C8orf59
FAM133CP	FAM133CP
LINC00492	LINC00492
TRIM32	TRIM32
KCNAB1-AS1	KCNAB1-AS1
GGT1;GGT2	GGT1;GGT2
TTC21A	TTC21A
AHSG	AHSG
CRHR1	CRHR1
PRMT5	PRMT5
ANKRD40	ANKRD40
MRGPRG-AS1	MRGPRG-AS1
MSRB2	MSRB2
FAM165B;SMIM11	FAM165B;SMIM11
SRD5A2	SRD5A2
RNY3P6	RNY3P6
ZSWIM7	ZSWIM7
DDO	DDO
SGCA	SGCA
ZNF398	ZNF398
BEND3P3	BEND3P3
DUSP15	DUSP15
AC108676.1;LOC100507033;OTTHUMG00000156035	AC108676.1;LOC100507033;OTTHUMG00000156035
HOXD12	HOXD12
PTP4A2	PTP4A2
GPSM2	GPSM2
OTTHUMG00000158944;RP11-47P18.2	OTTHUMG00000158944;RP11-47P18.2
OTTHUMG00000009344;RP11-180O5.2	OTTHUMG00000009344;RP11-180O5.2
ATP6V1H	ATP6V1H
MED29	MED29
ZSCAN2	ZSCAN2
TNFRSF11A	TNFRSF11A
LOC647323;OTTHUMG00000155981;RP11-699L21.1	LOC647323;OTTHUMG00000155981;RP11-699L21.1
PCSK9	PCSK9
KGFLP2;OTTHUMG00000067165;RP11-204M4.2	KGFLP2;OTTHUMG00000067165;RP11-204M4.2
MIR516B2	MIR516B2
AC090617.1;OTTHUMG00000132219	AC090617.1;OTTHUMG00000132219
CTB-73N10.1;OTTHUMG00000163385	CTB-73N10.1;OTTHUMG00000163385
LINC00905	LINC00905
VTI1B	VTI1B
CDIPT-AS1	CDIPT-AS1
DEFB104A;DEFB104B	DEFB104A;DEFB104B
ZNF132	ZNF132
C2CD4B	C2CD4B
OTTHUMG00000004188;RP5-1180C18.1	OTTHUMG00000004188;RP5-1180C18.1
MRPL48	MRPL48
MIR3677	MIR3677
OTTHUMG00000163814;RP11-489E7.1	OTTHUMG00000163814;RP11-489E7.1
EIF3E	EIF3E
KLF3	KLF3
TRIM26	TRIM26
AATK	AATK
EGFL8;PPT2;PPT2-EGFL8	EGFL8;PPT2;PPT2-EGFL8
EGFL8;PPT2;PPT2-EGFL8	EGFL8;PPT2;PPT2-EGFL8
UGT2A1;UGT2A2	UGT2A1;UGT2A2
CMPK2	CMPK2
TNS3	TNS3
OTTHUMG00000035711;RP11-263K19.6	OTTHUMG00000035711;RP11-263K19.6
HSPA1A;HSPA1B	HSPA1A;HSPA1B
CTB-127C13.1;OTTHUMG00000163565	CTB-127C13.1;OTTHUMG00000163565
KLHL25	KLHL25
PTRF	PTRF
INTS6	INTS6
MRPL23-AS1	MRPL23-AS1
TMEM128	TMEM128
GNL1	GNL1
HLA-DOA	HLA-DOA
HLA-DOA	HLA-DOA
OTTHUMG00000020476;RP11-406O23.2	OTTHUMG00000020476;RP11-406O23.2
OTTHUMG00000160920;RP11-703C10.1	OTTHUMG00000160920;RP11-703C10.1
C10orf107	C10orf107
FBXO41	FBXO41
NDUFA4	NDUFA4
GRIN2B	GRIN2B
MIR648	MIR648
LOC63930	LOC63930
CTB-174D11.1;LOC728095;OTTHUMG00000163054	CTB-174D11.1;LOC728095;OTTHUMG00000163054
OTTHUMG00000014933;RP11-143A22.1	OTTHUMG00000014933;RP11-143A22.1
OTTHUMG00000017624;RP11-554I8.1	OTTHUMG00000017624;RP11-554I8.1
EGLN2	EGLN2
LOC100289511	LOC100289511
AL022344.4;OTTHUMG00000018017	AL022344.4;OTTHUMG00000018017
PPFIBP1	PPFIBP1
FGF23	FGF23
COPB1	COPB1
LOC100506125	LOC100506125
LTBP1	LTBP1
OTTHUMG00000031951;RP5-905G11.3	OTTHUMG00000031951;RP5-905G11.3
TECRL	TECRL
PRR25	PRR25
OTTHUMG00000160369;RP11-617I14.1	OTTHUMG00000160369;RP11-617I14.1
C7orf76;SHFM1	C7orf76;SHFM1
KDM6B	KDM6B
PRSS36	PRSS36
OTTHUMG00000162233;RP11-473L15.2	OTTHUMG00000162233;RP11-473L15.2
SLC25A35	SLC25A35
OTTHUMG00000020487;RP11-202G18.1	OTTHUMG00000020487;RP11-202G18.1
HOMER2	HOMER2
MRPL45	MRPL45
OTTHUMG00000021409;RP5-1158E12.1	OTTHUMG00000021409;RP5-1158E12.1
COQ6	COQ6
GPT2	GPT2
KIRREL3-AS2	KIRREL3-AS2
NALCN-AS1	NALCN-AS1
C1QTNF9B-AS1	C1QTNF9B-AS1
RNA5SP248	RNA5SP248
OR5B21	OR5B21
OTTHUMG00000160835;RP11-556N4.1	OTTHUMG00000160835;RP11-556N4.1
C4orf46	C4orf46
CFHR5	CFHR5
HTR2A-AS1	HTR2A-AS1
OTTHUMG00000162358;RP11-357D18.1	OTTHUMG00000162358;RP11-357D18.1
C7orf65	C7orf65
PPP2R3C	PPP2R3C
KLF9	KLF9
OTTHUMG00000157659;RP11-738B7.1	OTTHUMG00000157659;RP11-738B7.1
OTTHUMG00000149070;XXbac-BPG254F23.5	OTTHUMG00000149070;XXbac-BPG254F23.5
HCG18	HCG18
AC092155.4;OTTHUMG00000152520	AC092155.4;OTTHUMG00000152520
GMEB1	GMEB1
SLX4	SLX4
OR51G1	OR51G1
FZD4	FZD4
LOC643037	LOC643037
PRR12	PRR12
IRF5	IRF5
NOS1	NOS1
COPE	COPE
OTTHUMG00000065293;RP1-170O19.19	OTTHUMG00000065293;RP1-170O19.19
ZNF91	ZNF91
SMARCAL1	SMARCAL1
USP14	USP14
KRT31	KRT31
OTTHUMG00000158741;RP11-85I21.1	OTTHUMG00000158741;RP11-85I21.1
EPN1	EPN1
HBQ1	HBQ1
PRSS3P3	PRSS3P3
PRRC2A	PRRC2A
AL589743.2;OTTHUMG00000150377	AL589743.2;OTTHUMG00000150377
HAVCR2	HAVCR2
RPL34	RPL34
KCNV2	KCNV2
CHST3	CHST3
LOC554207	LOC554207
OR2G3	OR2G3
AGAP4;LOC101060581	AGAP4;LOC101060581
OTTHUMG00000164085;RP11-930P14.2	OTTHUMG00000164085;RP11-930P14.2
CDR2	CDR2
AC114803.3;OTTHUMG00000154505	AC114803.3;OTTHUMG00000154505
ACTR1B	ACTR1B
AC012370.2;OTTHUMG00000152757	AC012370.2;OTTHUMG00000152757
CD40LG	CD40LG
OTTHUMG00000164506;RP1-16A9.1	OTTHUMG00000164506;RP1-16A9.1
TEDDM1	TEDDM1
C6orf47	C6orf47
C6orf47	C6orf47
C6orf47	C6orf47
TET1	TET1
RDH12	RDH12
OTTHUMG00000039874;RP11-261C10.4	OTTHUMG00000039874;RP11-261C10.4
OTTHUMG00000161379;RP11-586L23.1	OTTHUMG00000161379;RP11-586L23.1
CTC-436K13.5;OTTHUMG00000163534	CTC-436K13.5;OTTHUMG00000163534
SAMSN1	SAMSN1
RBM5	RBM5
GNG7	GNG7
C2orf57	C2orf57
DDX58	DDX58
C6orf10	C6orf10
SNORD114-4	SNORD114-4
DAZ3;DAZ4	DAZ3;DAZ4
CTC-255N20.1;OTTHUMG00000163410	CTC-255N20.1;OTTHUMG00000163410
MIR514B	MIR514B
GK-AS1	GK-AS1
MIR4508	MIR4508
STX4	STX4
AC005154.5;OTTHUMG00000152789	AC005154.5;OTTHUMG00000152789
ANKUB1	ANKUB1
GUCY1B2	GUCY1B2
CTA-747E2.10;OTTHUMG00000151012	CTA-747E2.10;OTTHUMG00000151012
OR2H1	OR2H1
MIR652	MIR652
OTTHUMG00000164525;RP11-1114I9.1	OTTHUMG00000164525;RP11-1114I9.1
OTTHUMG00000160654;RP11-463H12.2	OTTHUMG00000160654;RP11-463H12.2
TM7SF2	TM7SF2
GBE1	GBE1
SNORD19	SNORD19
C2orf15;MRPL30	C2orf15;MRPL30
STK25	STK25
AC067945.4;OTTHUMG00000154513	AC067945.4;OTTHUMG00000154513
FZD8;MIR4683	FZD8;MIR4683
ZNF208	ZNF208
MAK16	MAK16
CNIH	CNIH
TCERG1L	TCERG1L
C12orf36	C12orf36
OTTHUMG00000163443;RP11-118M9.3	OTTHUMG00000163443;RP11-118M9.3
IL11RA	IL11RA
OTTHUMG00000164289;RP11-386G21.1	OTTHUMG00000164289;RP11-386G21.1
QPCT	QPCT
ZNF670	ZNF670
LGALS13	LGALS13
KLF15	KLF15
EFCAB8	EFCAB8
PPIP5K1	PPIP5K1
UBE2DNL	UBE2DNL
KIR3DX1	KIR3DX1
ST3GAL4-AS1	ST3GAL4-AS1
MIR3132	MIR3132
HLA-DOA	HLA-DOA
PCDHB3	PCDHB3
FOXD1	FOXD1
NPNT	NPNT
PIAS1	PIAS1
TTTY23;TTTY23B	TTTY23;TTTY23B
TTTY23;TTTY23B	TTTY23;TTTY23B
TRIM66	TRIM66
VCAN-AS1	VCAN-AS1
CASQ1	CASQ1
AC133633.2;OTTHUMG00000163632	AC133633.2;OTTHUMG00000163632
DBNL	DBNL
ARID4B-IT1	ARID4B-IT1
LRRC55	LRRC55
IPO8	IPO8
AP5M1	AP5M1
LOC100996679	LOC100996679
LILRB1	LILRB1
ALKBH3-AS1	ALKBH3-AS1
AC004920.3;OTTHUMG00000155977	AC004920.3;OTTHUMG00000155977
LGALS8-AS1	LGALS8-AS1
FAM47B	FAM47B
FLJ31813;OTTHUMG00000018221;RP11-324H6.5	FLJ31813;OTTHUMG00000018221;RP11-324H6.5
ASAP3	ASAP3
HECTD3	HECTD3
TOR2A	TOR2A
TRAV7	TRAV7
RNA5SP270	RNA5SP270
OTTHUMG00000016716;RP11-179A7.2	OTTHUMG00000016716;RP11-179A7.2
AC073343.13;OTTHUMG00000152372	AC073343.13;OTTHUMG00000152372
BRS3	BRS3
ARHGAP26	ARHGAP26
AC145110.1;OTTHUMG00000163801	AC145110.1;OTTHUMG00000163801
RPSA;SNORA6;SNORA62	RPSA;SNORA6;SNORA62
ODF3B	ODF3B
OTTHUMG00000037740;RP11-145A3.2	OTTHUMG00000037740;RP11-145A3.2
AC098617.1;OTTHUMG00000154332	AC098617.1;OTTHUMG00000154332
PIK3R1	PIK3R1
PLAC1L	PLAC1L
OTTHUMG00000163231;RP11-375B1.3	OTTHUMG00000163231;RP11-375B1.3
MS4A2	MS4A2
EEA1	EEA1
AC092620.3;OTTHUMG00000153631	AC092620.3;OTTHUMG00000153631
AC005237.4;OTTHUMG00000151792	AC005237.4;OTTHUMG00000151792
LINC00614	LINC00614
SGMS2	SGMS2
SLC37A2	SLC37A2
MYCBPAP	MYCBPAP
ALAS1	ALAS1
IGHD2-21	IGHD2-21
SLC6A10P	SLC6A10P
OTTHUMG00000151346;RP11-259P1.1	OTTHUMG00000151346;RP11-259P1.1
GNPDA2	GNPDA2
RFX1	RFX1
UBE2D1	UBE2D1
OPRL1	OPRL1
OTTHUMG00000162710;RP11-455B3.1	OTTHUMG00000162710;RP11-455B3.1
RNU5E-2P	RNU5E-2P
AC015977.6;OTTHUMG00000151995	AC015977.6;OTTHUMG00000151995
EGFL8;OTTHUMG00000031555;PPT2;PPT2-EGFL8;XXbac-BCX105D18.9	EGFL8;OTTHUMG00000031555;PPT2;PPT2-EGFL8;XXbac-BCX105D18.9
OTTHUMG00000039995;RP11-370K11.1	OTTHUMG00000039995;RP11-370K11.1
OTTHUMG00000129094;XXbac-BPG13B8.10	OTTHUMG00000129094;XXbac-BPG13B8.10
MIR449A	MIR449A
IGHV3-38	IGHV3-38
ZNF71	ZNF71
CNTN3	CNTN3
GATAD2A	GATAD2A
HS3ST4	HS3ST4
IGHV4-34	IGHV4-34
IPO7	IPO7
RAF1	RAF1
ANP32A	ANP32A
MAGEH1	MAGEH1
CRTAM	CRTAM
MSTO2P	MSTO2P
CXCL13	CXCL13
LINC00548	LINC00548
FIS1	FIS1
IL7R	IL7R
WDR63	WDR63
OTTHUMG00000032468;RP5-1031J8.1	OTTHUMG00000032468;RP5-1031J8.1
PHOSPHO1	PHOSPHO1
NIN	NIN
CRLF2	CRLF2
CRLF2	CRLF2
AC141928.1;LOC100507150;OTTHUMG00000159831	AC141928.1;LOC100507150;OTTHUMG00000159831
ZC3H12A	ZC3H12A
OTTHUMG00000162204;RP11-479O16.1	OTTHUMG00000162204;RP11-479O16.1
MLIP-IT1	MLIP-IT1
MIR4427	MIR4427
LOC100506634	LOC100506634
LOC731424;OTTHUMG00000160604;RP11-701P16.5	LOC731424;OTTHUMG00000160604;RP11-701P16.5
FAM186A	FAM186A
LOC100505735;OTTHUMG00000032922;RP13-30A9.2	LOC100505735;OTTHUMG00000032922;RP13-30A9.2
HOXB8	HOXB8
SNORD116-15	SNORD116-15
RNY4P30	RNY4P30
OTTHUMG00000159016;RP11-62G11.2	OTTHUMG00000159016;RP11-62G11.2
TRIM62	TRIM62
ANG;RNASE4	ANG;RNASE4
AC104809.2;LOC728208;OTTHUMG00000151846	AC104809.2;LOC728208;OTTHUMG00000151846
AP2S1	AP2S1
OTTHUMG00000162814;RP11-252I13.2	OTTHUMG00000162814;RP11-252I13.2
RNY4P10	RNY4P10
DGAT2	DGAT2
SALL3	SALL3
OTTHUMG00000032808;RP11-560A15.3	OTTHUMG00000032808;RP11-560A15.3
ATRN	ATRN
MIR635	MIR635
AC007278.2;OTTHUMG00000153098	AC007278.2;OTTHUMG00000153098
CTSA	CTSA
SLC47A1	SLC47A1
SERINC1	SERINC1
NKAIN4	NKAIN4
OR4S2	OR4S2
AC002386.1;OTTHUMG00000155012	AC002386.1;OTTHUMG00000155012
OR1I1	OR1I1
MIR518E	MIR518E
LOC148413;OTTHUMG00000002908;RP4-758J18.2	LOC148413;OTTHUMG00000002908;RP4-758J18.2
AC116366.6;OTTHUMG00000059495	AC116366.6;OTTHUMG00000059495
MCTP2	MCTP2
MYL4	MYL4
PNMA6A;PNMA6B;PNMA6C;PNMA6D	PNMA6A;PNMA6B;PNMA6C;PNMA6D
C5AR1	C5AR1
MTA2	MTA2
OTTHUMG00000164594;RP11-1149M10.1	OTTHUMG00000164594;RP11-1149M10.1
TBC1D4	TBC1D4
MIR1302-10;MIR1302-11;MIR1302-2;MIR1302-9	MIR1302-10;MIR1302-11;MIR1302-2;MIR1302-9
FBXL22	FBXL22
DCLRE1C	DCLRE1C
KRTAP2-3;KRTAP2-4	KRTAP2-3;KRTAP2-4
RPL7L1	RPL7L1
HNRNPUL2	HNRNPUL2
OTTHUMG00000160129;RP11-438D8.2	OTTHUMG00000160129;RP11-438D8.2
GKAP1	GKAP1
OTTHUMG00000039859;RP11-261C10.1	OTTHUMG00000039859;RP11-261C10.1
CPNE5	CPNE5
PRR15L	PRR15L
MSMB	MSMB
SUGP1	SUGP1
CTA-796E4.4;OTTHUMG00000151345	CTA-796E4.4;OTTHUMG00000151345
STK32A	STK32A
C20orf202	C20orf202
OTTHUMG00000164258;RP11-759A9.1	OTTHUMG00000164258;RP11-759A9.1
PLCH1-AS1	PLCH1-AS1
ASTL	ASTL
C8orf76	C8orf76
AC011290.4;OTTHUMG00000155274	AC011290.4;OTTHUMG00000155274
OTTHUMG00000020686;RP11-343J18.1	OTTHUMG00000020686;RP11-343J18.1
GPR55	GPR55
FHL3	FHL3
ERBB3	ERBB3
OTTHUMG00000162883;RP11-249M12.2	OTTHUMG00000162883;RP11-249M12.2
GNB1	GNB1
C4orf36;LOC100506746	C4orf36;LOC100506746
TRIM26	TRIM26
TRIM26	TRIM26
OTTHUMG00000014089;RP11-495P10.5	OTTHUMG00000014089;RP11-495P10.5
ZMYM4	ZMYM4
OTTHUMG00000018230;RP11-50E11.3	OTTHUMG00000018230;RP11-50E11.3
PEAK1	PEAK1
TRBV4-2	TRBV4-2
SF3A2	SF3A2
HCG17	HCG17
HCG17	HCG17
HCG17	HCG17
C6orf183;LOC100996634	C6orf183;LOC100996634
MOB3B	MOB3B
MIR486	MIR486
HINT2	HINT2
DHX33	DHX33
FN1	FN1
OR9G4	OR9G4
SRD5A3	SRD5A3
PODNL1	PODNL1
THRSP	THRSP
OTTHUMG00000020176;RP11-791O21.5	OTTHUMG00000020176;RP11-791O21.5
SCO2	SCO2
PPIL1	PPIL1
ARID3C	ARID3C
UNC45A	UNC45A
ZNF215	ZNF215
GALNT3	GALNT3
TMEM216	TMEM216
SYNE4	SYNE4
MAEL	MAEL
CES5A	CES5A
B3GAT2	B3GAT2
SKIDA1	SKIDA1
C21orf119	C21orf119
OTTHUMG00000032668;RP4-569M23.2	OTTHUMG00000032668;RP4-569M23.2
NARS2	NARS2
OTTHUMG00000019543;RP11-75C9.1	OTTHUMG00000019543;RP11-75C9.1
ABL1	ABL1
OTTHUMG00000159585;RP11-379B18.5	OTTHUMG00000159585;RP11-379B18.5
OTTHUMG00000164100;SGK196	OTTHUMG00000164100;SGK196
TRIM26	TRIM26
OTTHUMG00000161396;RP11-707F2.1	OTTHUMG00000161396;RP11-707F2.1
ZBTB22	ZBTB22
DGCR2	DGCR2
OTTHUMG00000160622;RP11-535C7.1	OTTHUMG00000160622;RP11-535C7.1
TNFAIP8	TNFAIP8
GFRAL	GFRAL
MIR4665	MIR4665
IFT140	IFT140
SCGB1A1	SCGB1A1
DAQB-12N14.5;LOC100507362;OTTHUMG00000148712	DAQB-12N14.5;LOC100507362;OTTHUMG00000148712
LRRC17	LRRC17
DIRC3	DIRC3
ATF6B;CREBL1;OTTHUMG00000149643	ATF6B;CREBL1;OTTHUMG00000149643
AC022173.2;LOC100130880;OTTHUMG00000155696	AC022173.2;LOC100130880;OTTHUMG00000155696
SEC24B-AS1	SEC24B-AS1
CCDC64	CCDC64
HMX3	HMX3
GHDC	GHDC
C11orf86	C11orf86
PCK1	PCK1
A2MP1	A2MP1
ADAM11	ADAM11
LDLRAP1	LDLRAP1
PSENEN	PSENEN
VCY;VCY1B	VCY;VCY1B
OTTHUMG00000158917;TRBV27;U66061.31	OTTHUMG00000158917;TRBV27;U66061.31
LOC286177;OTTHUMG00000164423;RP11-513O17.3	LOC286177;OTTHUMG00000164423;RP11-513O17.3
CLRN1-AS1	CLRN1-AS1
OTTHUMG00000000424;RP11-537H15.3	OTTHUMG00000000424;RP11-537H15.3
IL2	IL2
KSR2	KSR2
GABRG3	GABRG3
GTF2IP3	GTF2IP3
EGFL8;PPT2;PPT2-EGFL8	EGFL8;PPT2;PPT2-EGFL8
UFM1	UFM1
TSPY1;TSPY10;TSPY3	TSPY1;TSPY10;TSPY3
DAXX	DAXX
NPAS4	NPAS4
OTTHUMG00000020075;RP11-394O9.1	OTTHUMG00000020075;RP11-394O9.1
FAM200B	FAM200B
FCGR3B	FCGR3B
MYL7	MYL7
OTTHUMG00000156380;RP11-340I6.1	OTTHUMG00000156380;RP11-340I6.1
IFNA2	IFNA2
LOC100188947	LOC100188947
PDE8A	PDE8A
OTTHUMG00000020972;RP11-229P13.20	OTTHUMG00000020972;RP11-229P13.20
LINC00663	LINC00663
AC002992.4;OTTHUMG00000036381	AC002992.4;OTTHUMG00000036381
AKAP12	AKAP12
TCTE3	TCTE3
C17orf57;EFCAB13	C17orf57;EFCAB13
PVRL3	PVRL3
PLP1	PLP1
AC104024.2;OTTHUMG00000059263	AC104024.2;OTTHUMG00000059263
HIVEP1;OTTHUMG00000014264;RP11-456H18.2	HIVEP1;OTTHUMG00000014264;RP11-456H18.2
SZT2-AS1	SZT2-AS1
OTTHUMG00000015310;RP1-67A8.3	OTTHUMG00000015310;RP1-67A8.3
OTTHUMG00000153548;RP11-393J16.4	OTTHUMG00000153548;RP11-393J16.4
CACNA1H	CACNA1H
OTTHUMG00000017742;RP11-124N14.3	OTTHUMG00000017742;RP11-124N14.3
OTTHUMG00000014627;RP3-441A12.1	OTTHUMG00000014627;RP3-441A12.1
AC004593.3;OTTHUMG00000152748	AC004593.3;OTTHUMG00000152748
LOC100505478;OTTHUMG00000020542;RP11-402G3.3	LOC100505478;OTTHUMG00000020542;RP11-402G3.3
AC114730.8;OTTHUMG00000151478	AC114730.8;OTTHUMG00000151478
COX8C	COX8C
FAM197Y9	FAM197Y9
OTTHUMG00000014282;RP3-380E11.2	OTTHUMG00000014282;RP3-380E11.2
KRTAP19-2	KRTAP19-2
DUSP14	DUSP14
FIZ1	FIZ1
SPO11	SPO11
TRBV10-2	TRBV10-2
ROS1	ROS1
TNNI1	TNNI1
GTSF1L	GTSF1L
PTGES2	PTGES2
MUC17	MUC17
CIB3	CIB3
CCDC138	CCDC138
ACOT12	ACOT12
CTC-428G20.3;OTTHUMG00000162912	CTC-428G20.3;OTTHUMG00000162912
KLHL33	KLHL33
LOC649133	LOC649133
ONECUT2	ONECUT2
MIR521-2	MIR521-2
OTTHUMG00000158567;U66059.58	OTTHUMG00000158567;U66059.58
OR10AG1	OR10AG1
LOC619207;OTTHUMG00000019326;RP11-108K14.4	LOC619207;OTTHUMG00000019326;RP11-108K14.4
DNAH10	DNAH10
OTTHUMG00000150931;RP1-288L1.5	OTTHUMG00000150931;RP1-288L1.5
ASPHD2	ASPHD2
LOC100506105	LOC100506105
OTTHUMG00000014884;RP13-476E20.1	OTTHUMG00000014884;RP13-476E20.1
AP2A1	AP2A1
OTTHUMG00000164413;RP11-17A4.3	OTTHUMG00000164413;RP11-17A4.3
OTTHUMG00000158345;RP5-1121E10.2	OTTHUMG00000158345;RP5-1121E10.2
LOC729950	LOC729950
C3orf52	C3orf52
C10orf76	C10orf76
PPM1E	PPM1E
HAUS7;TREX2	HAUS7;TREX2
ASB4	ASB4
SNORD113-3	SNORD113-3
TTTY6;TTTY6B	TTTY6;TTTY6B
SLC35F5	SLC35F5
BLCAP;OTTHUMG00000032422;RP11-425M5.5	BLCAP;OTTHUMG00000032422;RP11-425M5.5
LOC728175;OTTHUMG00000160616;RP11-290F5.2	LOC728175;OTTHUMG00000160616;RP11-290F5.2
OTTHUMG00000160782;RP11-373J21.1	OTTHUMG00000160782;RP11-373J21.1
GFRA1	GFRA1
BIRC3	BIRC3
PDHX	PDHX
C6orf1	C6orf1
CTB-32P11.1;OTTHUMG00000162874	CTB-32P11.1;OTTHUMG00000162874
TTC26	TTC26
MFSD3	MFSD3
SMIM1	SMIM1
MTDH	MTDH
OLAH	OLAH
AC006960.7;OTTHUMG00000154940	AC006960.7;OTTHUMG00000154940
OTTHUMG00000163997;RP11-150O12.2	OTTHUMG00000163997;RP11-150O12.2
UNC13B	UNC13B
RNA5SP354	RNA5SP354
IRGM	IRGM
OTTHUMG00000016664;RP11-490N5.1	OTTHUMG00000016664;RP11-490N5.1
NME9	NME9
ATF6B;CREBL1;OTTHUMG00000031594	ATF6B;CREBL1;OTTHUMG00000031594
RASL11B	RASL11B
OTTHUMG00000159250;RP11-231E6.1	OTTHUMG00000159250;RP11-231E6.1
GCK	GCK
ADTRP	ADTRP
OTTHUMG00000161654;RP11-597D13.9	OTTHUMG00000161654;RP11-597D13.9
OTTHUMG00000163759;OTTHUMG00000163760;RP11-369E15.2;RP11-369E15.4	OTTHUMG00000163759;OTTHUMG00000163760;RP11-369E15.2;RP11-369E15.4
TMEM68	TMEM68
AC112229.7;LOC151009;OTTHUMG00000155034	AC112229.7;LOC151009;OTTHUMG00000155034
OTTHUMG00000161161;RP11-647P12.1	OTTHUMG00000161161;RP11-647P12.1
PPAPDC1A	PPAPDC1A
OTTHUMG00000021297;RP11-268G12.3	OTTHUMG00000021297;RP11-268G12.3
KRTAP19-8	KRTAP19-8
OTTHUMG00000161175;RP11-501C14.6	OTTHUMG00000161175;RP11-501C14.6
VPS28	VPS28
LINC00909	LINC00909
OTTHUMG00000155997;RP4-724E13.2	OTTHUMG00000155997;RP4-724E13.2
CCAR1;SNORD98	CCAR1;SNORD98
REL	REL
OTTHUMG00000159122;RP11-159G9.5	OTTHUMG00000159122;RP11-159G9.5
LOC101060234;LOC101060305;TEX28;TEX28P2	LOC101060234;LOC101060305;TEX28;TEX28P2
DNAH10OS	DNAH10OS
CTB-17P3.4;OTTHUMG00000164977	CTB-17P3.4;OTTHUMG00000164977
OTTHUMG00000041157;RP11-323I1.1	OTTHUMG00000041157;RP11-323I1.1
OTTHUMG00000032217;RP5-1184F4.5	OTTHUMG00000032217;RP5-1184F4.5
TEX101	TEX101
AC105393.2;OTTHUMG00000151358	AC105393.2;OTTHUMG00000151358
LACTBL1	LACTBL1
PTPRCAP	PTPRCAP
AC091153.4;OTTHUMG00000132939	AC091153.4;OTTHUMG00000132939
OTTHUMG00000040771;RP1-313L4.3	OTTHUMG00000040771;RP1-313L4.3
OTTHUMG00000020646;RP11-85O21.4	OTTHUMG00000020646;RP11-85O21.4
AC091878.1;LOC285696;OTTHUMG00000131059	AC091878.1;LOC285696;OTTHUMG00000131059
MINA	MINA
PRCC	PRCC
FLJ20518;FRG2C	FLJ20518;FRG2C
PTPRZ1	PTPRZ1
OTTHUMG00000018146;RP11-463P17.3	OTTHUMG00000018146;RP11-463P17.3
ATG10-IT1	ATG10-IT1
OGFOD3	OGFOD3
AGPAT4-IT1	AGPAT4-IT1
ZCCHC11	ZCCHC11
FAM54B;MTFR1L	FAM54B;MTFR1L
RBAK;RBAK-RBAKDN;RBAKDN	RBAK;RBAK-RBAKDN;RBAKDN
AC005009.1;OTTHUMG00000153976	AC005009.1;OTTHUMG00000153976
OTTHUMG00000008994;RP11-575B7.3	OTTHUMG00000008994;RP11-575B7.3
DRAP1	DRAP1
USP22	USP22
SLC25A40	SLC25A40
RNF4	RNF4
SPATA31D4	SPATA31D4
LOC100506343;OTTHUMG00000011954;RP4-773A18.4	LOC100506343;OTTHUMG00000011954;RP4-773A18.4
AC019349.2;LOC147093;OTTHUMG00000133607	AC019349.2;LOC147093;OTTHUMG00000133607
CDK5RAP2	CDK5RAP2
ACTR3	ACTR3
GCM1	GCM1
TRIM27	TRIM27
PSMD13	PSMD13
AC096655.1;OTTHUMG00000153313	AC096655.1;OTTHUMG00000153313
IL12B	IL12B
NDP-AS1	NDP-AS1
FAM181B	FAM181B
HSD3BP4	HSD3BP4
AC009498.1;OTTHUMG00000154544	AC009498.1;OTTHUMG00000154544
SNORD46	SNORD46
AC007078.4;FDPSP2;OTTHUMG00000022872	AC007078.4;FDPSP2;OTTHUMG00000022872
OTTHUMG00000156320;OXR1;RP11-395G23.3	OTTHUMG00000156320;OXR1;RP11-395G23.3
CCDC144A	CCDC144A
RNA5SP18	RNA5SP18
OTTHUMG00000017351;RP11-365P13.3	OTTHUMG00000017351;RP11-365P13.3
GSTA1;GSTA2	GSTA1;GSTA2
MTFR1	MTFR1
ZNF726	ZNF726
FAM227B	FAM227B
NPRL2	NPRL2
EMX1	EMX1
AC017104.6;OTTHUMG00000153881	AC017104.6;OTTHUMG00000153881
DEFB112	DEFB112
MIR4524A	MIR4524A
KRTAP4-6	KRTAP4-6
RNA5SP107	RNA5SP107
NFATC3	NFATC3
MIR548AC	MIR548AC
NDP	NDP
SLIT1	SLIT1
XRN1	XRN1
OTTHUMG00000086581;XXbac-BPG13B8.10	OTTHUMG00000086581;XXbac-BPG13B8.10
OTTHUMG00000148711;XXbac-BPG13B8.10	OTTHUMG00000148711;XXbac-BPG13B8.10
OTTHUMG00000086849;XXbac-BPG13B8.10	OTTHUMG00000086849;XXbac-BPG13B8.10
OTTHUMG00000148880;XXbac-BPG13B8.10	OTTHUMG00000148880;XXbac-BPG13B8.10
OTTHUMG00000149160;XXbac-BPG13B8.10	OTTHUMG00000149160;XXbac-BPG13B8.10
OTTHUMG00000149412;XXbac-BPG13B8.10	OTTHUMG00000149412;XXbac-BPG13B8.10
OTTHUMG00000004780;XXbac-BPG13B8.10	OTTHUMG00000004780;XXbac-BPG13B8.10
TPSD1	TPSD1
AC008940.1;OTTHUMG00000150053	AC008940.1;OTTHUMG00000150053
RAB20	RAB20
HSPA1L	HSPA1L
HSPA1L	HSPA1L
FLJ37644	FLJ37644
WASIR1	WASIR1
TRHR	TRHR
ZNF485	ZNF485
RNU7-27P	RNU7-27P
OTTHUMG00000037143;RP11-135J2.3	OTTHUMG00000037143;RP11-135J2.3
DIAPH3-AS1	DIAPH3-AS1
CST5	CST5
ALKBH8	ALKBH8
MARCH11	MARCH11
APOBEC3D	APOBEC3D
ATP2A3	ATP2A3
SNORD111	SNORD111
ACER3	ACER3
CTD-2340D6.2;OTTHUMG00000164699	CTD-2340D6.2;OTTHUMG00000164699
OTTHUMG00000019924;RP11-613M10.6	OTTHUMG00000019924;RP11-613M10.6
AC008103.5;OTTHUMG00000150177	AC008103.5;OTTHUMG00000150177
ANKRD29	ANKRD29
MIR3662	MIR3662
ABCF1	ABCF1
ABCF1	ABCF1
ABCF1	ABCF1
ABCF1	ABCF1
ABCF1	ABCF1
ABCF1	ABCF1
ALDH3A1	ALDH3A1
AC007285.6;OTTHUMG00000152760	AC007285.6;OTTHUMG00000152760
TMC2	TMC2
AC006509.6;OTTHUMG00000151737	AC006509.6;OTTHUMG00000151737
OTTHUMG00000160683;RP11-18D7.3	OTTHUMG00000160683;RP11-18D7.3
FSCN1;LOC100653350	FSCN1;LOC100653350
NUFIP2	NUFIP2
COX5B	COX5B
ZNF655	ZNF655
TNXB	TNXB
KRTAP5-3;KRTAP5-4	KRTAP5-3;KRTAP5-4
ACYP1	ACYP1
PADI4	PADI4
DSG1	DSG1
AC133785.1;OTTHUMG00000154066	AC133785.1;OTTHUMG00000154066
ROM1	ROM1
ATF6B;CREBL1;OTTHUMG00000149127	ATF6B;CREBL1;OTTHUMG00000149127
CT47A1;CT47A10;CT47A11;CT47A12;CT47A2;CT47A3;CT47A4;CT47A5;CT47A6;CT47A7;CT47A8;CT47A9;OTTHUMG00000022311;RP6-166C19.1	CT47A1;CT47A10;CT47A11;CT47A12;CT47A2;CT47A3;CT47A4;CT47A5;CT47A6;CT47A7;CT47A8;CT47A9;OTTHUMG00000022311;RP6-166C19.1
C10orf11	C10orf11
OTTHUMG00000163627;RP11-439C15.2	OTTHUMG00000163627;RP11-439C15.2
AC005540.3;OTTHUMG00000154511	AC005540.3;OTTHUMG00000154511
CTB-27N1.1;LOC100507267;OTTHUMG00000163086	CTB-27N1.1;LOC100507267;OTTHUMG00000163086
USP49	USP49
N6AMT2	N6AMT2
P2RY2	P2RY2
MIR642B	MIR642B
LOC728875;OTTHUMG00000182426;RP11-640M9.1	LOC728875;OTTHUMG00000182426;RP11-640M9.1
OR2H1	OR2H1
AC004540.5;LOC441204;OTTHUMG00000152806	AC004540.5;LOC441204;OTTHUMG00000152806
OTTHUMG00000019170;RP11-95I16.2	OTTHUMG00000019170;RP11-95I16.2
OTTHUMG00000014163;RP3-400B16.3	OTTHUMG00000014163;RP3-400B16.3
OTTHUMG00000159740;RP11-167H9.3	OTTHUMG00000159740;RP11-167H9.3
OTTHUMG00000017845;RP13-16H11.5	OTTHUMG00000017845;RP13-16H11.5
GAPDH	GAPDH
AKT1	AKT1
MCCC1-AS1	MCCC1-AS1
OTTHUMG00000160984;RP11-10L7.1	OTTHUMG00000160984;RP11-10L7.1
OTTHUMG00000160236;RP11-366H4.1	OTTHUMG00000160236;RP11-366H4.1
VSIG2	VSIG2
OTTHUMG00000035251;RP11-502H18.2	OTTHUMG00000035251;RP11-502H18.2
AC006460.2;OTTHUMG00000154512	AC006460.2;OTTHUMG00000154512
MIR150	MIR150
GP1BA	GP1BA
USP8	USP8
FLJ14082	FLJ14082
MRPL23	MRPL23
LOC400743;OTTHUMG00000002291;RP11-380J14.1	LOC400743;OTTHUMG00000002291;RP11-380J14.1
AC006378.2;OTTHUMG00000155775	AC006378.2;OTTHUMG00000155775
TRAV8-7	TRAV8-7
DNAH12	DNAH12
OR10H2	OR10H2
ZNF623	ZNF623
PDE6H	PDE6H
PDYN	PDYN
EIF2S2P3	EIF2S2P3
MIR3180-5	MIR3180-5
CLNK	CLNK
PRAMEF16;PRAMEF17	PRAMEF16;PRAMEF17
SNORD114-27	SNORD114-27
CYYR1	CYYR1
INHBA-AS1	INHBA-AS1
TBC1D25	TBC1D25
ENC1	ENC1
EMID1	EMID1
POM121C	POM121C
CNOT10	CNOT10
ERCC2	ERCC2
IL36A	IL36A
MIR210	MIR210
KLB	KLB
OTTHUMG00000163755;RP11-875O11.1	OTTHUMG00000163755;RP11-875O11.1
AP000688.8;LOC100996609;OTTHUMG00000086463	AP000688.8;LOC100996609;OTTHUMG00000086463
RRP36	RRP36
SUV420H2	SUV420H2
MFSD6	MFSD6
CCIN	CCIN
CTA-126B4.7;OTTHUMG00000150919	CTA-126B4.7;OTTHUMG00000150919
RSBN1	RSBN1
LOC100507160;OTTHUMG00000161246;RP11-340A13.1	LOC100507160;OTTHUMG00000161246;RP11-340A13.1
OTTHUMG00000160168;RP11-20I20.2	OTTHUMG00000160168;RP11-20I20.2
OTTHUMG00000162825;RP11-254I22.1	OTTHUMG00000162825;RP11-254I22.1
FAM205B	FAM205B
COX19	COX19
OTTHUMG00000019177;RP11-78A18.2	OTTHUMG00000019177;RP11-78A18.2
ODF3L2	ODF3L2
PPAT	PPAT
PLCL1	PLCL1
ARMCX3	ARMCX3
LOC284344	LOC284344
BAG4	BAG4
ST3GAL4	ST3GAL4
FOXN3-AS1	FOXN3-AS1
ZDHHC13	ZDHHC13
SOX8	SOX8
AP000472.3;OTTHUMG00000078257	AP000472.3;OTTHUMG00000078257
AC006296.1;OTTHUMG00000160106	AC006296.1;OTTHUMG00000160106
RNA5SP379	RNA5SP379
OR8H1	OR8H1
C2orf27B	C2orf27B
DGUOK-AS1	DGUOK-AS1
DAQB-335A13.8;OTTHUMG00000149420	DAQB-335A13.8;OTTHUMG00000149420
METRNL	METRNL
TLCD2	TLCD2
OTTHUMG00000010107;RP11-393I23.4	OTTHUMG00000010107;RP11-393I23.4
ACTRT3	ACTRT3
HTR3E	HTR3E
MICB	MICB
FLJ41423	FLJ41423
OGFOD1	OGFOD1
EGFL8;PPT2;PPT2-EGFL8	EGFL8;PPT2;PPT2-EGFL8
SLC7A6	SLC7A6
MIR513C	MIR513C
PDGFRL	PDGFRL
OTTHUMG00000162873;RP11-371M22.1	OTTHUMG00000162873;RP11-371M22.1
AP3S1	AP3S1
AP001059.5;OTTHUMG00000086917	AP001059.5;OTTHUMG00000086917
TOP1P2	TOP1P2
KRTAP6-3	KRTAP6-3
OTTHUMG00000164513;RP11-730G20.1	OTTHUMG00000164513;RP11-730G20.1
LOC100506422	LOC100506422
GS1-174L6.4;OTTHUMG00000042129	GS1-174L6.4;OTTHUMG00000042129
RNA5SP418	RNA5SP418
FAM90A23P	FAM90A23P
AC106870.1;OTTHUMG00000152001	AC106870.1;OTTHUMG00000152001
AC007386.4;OTTHUMG00000152699	AC007386.4;OTTHUMG00000152699
ALDH1L2	ALDH1L2
PCDHGB2	PCDHGB2
BBS1	BBS1
PRSS2;PRSS3P2	PRSS2;PRSS3P2
MIR548AL	MIR548AL
PRAM1	PRAM1
MIR216B	MIR216B
STK19	STK19
PHKG1	PHKG1
C8G	C8G
OTTHUMG00000036749;RP11-61J19.3	OTTHUMG00000036749;RP11-61J19.3
TBC1D21	TBC1D21
CLECL1	CLECL1
EVI5L	EVI5L
HSPA1A	HSPA1A
MIR3156-2	MIR3156-2
GNA14	GNA14
OTTHUMG00000015637;RP11-394G3.2	OTTHUMG00000015637;RP11-394G3.2
DLX6-AS2	DLX6-AS2
ASCL2	ASCL2
OTTHUMG00000018679;RP11-57C13.3	OTTHUMG00000018679;RP11-57C13.3
ARHGEF26-AS1	ARHGEF26-AS1
OTTHUMG00000009688;RP4-706A16.2	OTTHUMG00000009688;RP4-706A16.2
CACNG6	CACNG6
TOMM22P5	TOMM22P5
OTTHUMG00000000413;RP11-384P7.6	OTTHUMG00000000413;RP11-384P7.6
OTTHUMG00000011731;RP11-475E11.5;SPATA42	OTTHUMG00000011731;RP11-475E11.5;SPATA42
AC018717.1;OTTHUMG00000154472	AC018717.1;OTTHUMG00000154472
FBLN2	FBLN2
ASCC3	ASCC3
NEXN-AS1	NEXN-AS1
OTTHUMG00000007957;RP5-1024N4.2	OTTHUMG00000007957;RP5-1024N4.2
C9orf40	C9orf40
THYN1	THYN1
LOC100996517;SEC22B	LOC100996517;SEC22B
MGC24103	MGC24103
HLA-DQA1	HLA-DQA1
PLSCR2	PLSCR2
IQCF6	IQCF6
UTP18	UTP18
EPSTI1	EPSTI1
OTTHUMG00000159705;RP11-39E3.3	OTTHUMG00000159705;RP11-39E3.3
MAF1	MAF1
OTTHUMG00000021599;RP11-236P24.3	OTTHUMG00000021599;RP11-236P24.3
CEMP1	CEMP1
PSMA5	PSMA5
BTF3P10	BTF3P10
VAMP7	VAMP7
CTB-1H10.1;OTTHUMG00000163475	CTB-1H10.1;OTTHUMG00000163475
NPHS2	NPHS2
SCARNA1	SCARNA1
RNA5SP498	RNA5SP498
RNA5SP498	RNA5SP498
TNKS2	TNKS2
FKBP2	FKBP2
AC007750.5;OTTHUMG00000153891	AC007750.5;OTTHUMG00000153891
SEC22C	SEC22C
LINC00277	LINC00277
OTTHUMG00000161958;RP11-184E9.3	OTTHUMG00000161958;RP11-184E9.3
MIR7-3HG	MIR7-3HG
MIR3614;TRIM25	MIR3614;TRIM25
CST3	CST3
OTTHUMG00000024091;RP4-646N3.1	OTTHUMG00000024091;RP4-646N3.1
OTTHUMG00000014652;RP11-61I13.3	OTTHUMG00000014652;RP11-61I13.3
OTTHUMG00000018310;RP11-144G16.1	OTTHUMG00000018310;RP11-144G16.1
CTD-2316B1.1;OTTHUMG00000162592	CTD-2316B1.1;OTTHUMG00000162592
SMLR1	SMLR1
TICAM1	TICAM1
PCDH20	PCDH20
AC104801.1;OTTHUMG00000154065	AC104801.1;OTTHUMG00000154065
SEC23A	SEC23A
MIR2113	MIR2113
TPRX1	TPRX1
DNAJC30	DNAJC30
CLCNKB	CLCNKB
ZNF37BP	ZNF37BP
C4orf34;SMIM14	C4orf34;SMIM14
C12orf61	C12orf61
AC099552.3;OTTHUMG00000151323	AC099552.3;OTTHUMG00000151323
OTTHUMG00000159462;RP11-78O22.1	OTTHUMG00000159462;RP11-78O22.1
CTA-109P11.1;OTTHUMG00000019124	CTA-109P11.1;OTTHUMG00000019124
AC005162.4;OTTHUMG00000152828	AC005162.4;OTTHUMG00000152828
OTTHUMG00000156432;RP11-70C1.3	OTTHUMG00000156432;RP11-70C1.3
MEG8;SNORD112	MEG8;SNORD112
FNDC1	FNDC1
OSBPL7	OSBPL7
SMIM11P1	SMIM11P1
AC091132.1;OTTHUMG00000132554	AC091132.1;OTTHUMG00000132554
SMARCC2	SMARCC2
SDF2L1	SDF2L1
OTTHUMG00000164287;RP11-150O12.5	OTTHUMG00000164287;RP11-150O12.5
CTC-276P9.2;OTTHUMG00000163062	CTC-276P9.2;OTTHUMG00000163062
SHC1	SHC1
WBSCR28	WBSCR28
LOC284661;OTTHUMG00000000733;RP5-1166F10.1	LOC284661;OTTHUMG00000000733;RP5-1166F10.1
OTTHUMG00000019454;RP11-32F11.2	OTTHUMG00000019454;RP11-32F11.2
PRTN3	PRTN3
LOC100128002	LOC100128002
LINC00251	LINC00251
AC007381.3;OTTHUMG00000152619	AC007381.3;OTTHUMG00000152619
OTTHUMG00000017613;RP11-414H17.5	OTTHUMG00000017613;RP11-414H17.5
OTTHUMG00000018052;RP11-168P8.5	OTTHUMG00000018052;RP11-168P8.5
OTTHUMG00000009144;RP11-335E6.2	OTTHUMG00000009144;RP11-335E6.2
SHROOM4	SHROOM4
OTTHUMG00000158283;RP11-12K11.2	OTTHUMG00000158283;RP11-12K11.2
LRRC3-AS1	LRRC3-AS1
ZXDB	ZXDB
MIR369	MIR369
OTTHUMG00000031808;RP5-1022P6.4	OTTHUMG00000031808;RP5-1022P6.4
PRR7-AS1	PRR7-AS1
AC006552.1;OTTHUMG00000161130	AC006552.1;OTTHUMG00000161130
PCDHB17	PCDHB17
CHRNB3	CHRNB3
DAB2	DAB2
ANGPT4	ANGPT4
TMA7	TMA7
FLJ42875;OTTHUMG00000000563;RP1-163G9.1	FLJ42875;OTTHUMG00000000563;RP1-163G9.1
ADRBK1	ADRBK1
SLC22A25	SLC22A25
ZNF252P-AS1	ZNF252P-AS1
KAT5	KAT5
AC007557.3;OTTHUMG00000155315	AC007557.3;OTTHUMG00000155315
MAP1LC3B	MAP1LC3B
NUDCD1	NUDCD1
C6orf52	C6orf52
SULT1C2	SULT1C2
RNU7-88P	RNU7-88P
TRAF7	TRAF7
CTB-33O18.2;OTTHUMG00000163341	CTB-33O18.2;OTTHUMG00000163341
PRR20A;PRR20B;PRR20C;PRR20D;PRR20E	PRR20A;PRR20B;PRR20C;PRR20D;PRR20E
OTTHUMG00000162758;RP11-58B2.1	OTTHUMG00000162758;RP11-58B2.1
OR2H1	OR2H1
OR2H1	OR2H1
AC074389.9;OTTHUMG00000151496	AC074389.9;OTTHUMG00000151496
SSPO	SSPO
RNA5SP281	RNA5SP281
ADD1	ADD1
FBXL17	FBXL17
OTTHUMG00000160103;RP11-669M16.1	OTTHUMG00000160103;RP11-669M16.1
MIR409	MIR409
ADRB1	ADRB1
AP000688.14;LOC100133286;OTTHUMG00000086616	AP000688.14;LOC100133286;OTTHUMG00000086616
TRIM40	TRIM40
HIRIP3	HIRIP3
SLC5A9	SLC5A9
DALRD3	DALRD3
MAML2	MAML2
AC114812.8;OTTHUMG00000059036	AC114812.8;OTTHUMG00000059036
SNX29P1;SNX29P2	SNX29P1;SNX29P2
HLA-DQA1	HLA-DQA1
HLA-DQA1	HLA-DQA1
ITIH3	ITIH3
MAP2K7	MAP2K7
TMEM145	TMEM145
LRIG2	LRIG2
OTTHUMG00000164125;RP11-431D12.1	OTTHUMG00000164125;RP11-431D12.1
LINC00440	LINC00440
OTTHUMG00000020400;RP11-436F21.1	OTTHUMG00000020400;RP11-436F21.1
CEACAM22P	CEACAM22P
RNA5SP155	RNA5SP155
AC069363.1;OTTHUMG00000132736	AC069363.1;OTTHUMG00000132736
YIPF1	YIPF1
OTTHUMG00000164154;RP11-700E23.2	OTTHUMG00000164154;RP11-700E23.2
OTTHUMG00000015973;RP1-257A15.1	OTTHUMG00000015973;RP1-257A15.1
SEZ6L2	SEZ6L2
SNRPB2	SNRPB2
TBPL2	TBPL2
HIST1H4A;HIST1H4B;HIST1H4C;HIST1H4D;HIST1H4E;HIST1H4F;HIST1H4H;HIST1H4I;HIST1H4J;HIST1H4K;HIST1H4L;HIST2H4A;HIST2H4B;HIST4H4	HIST1H4A;HIST1H4B;HIST1H4C;HIST1H4D;HIST1H4E;HIST1H4F;HIST1H4H;HIST1H4I;HIST1H4J;HIST1H4K;HIST1H4L;HIST2H4A;HIST2H4B;HIST4H4
MMEL1	MMEL1
MUL1	MUL1
USP40	USP40
SNORA11E	SNORA11E
ST7;ST7-OT3;ST7-OT4	ST7;ST7-OT3;ST7-OT4
OTTHUMG00000017780;RP11-575A19.2	OTTHUMG00000017780;RP11-575A19.2
LOC401127	LOC401127
LOC286059;OTTHUMG00000163763;RP11-875O11.2	LOC286059;OTTHUMG00000163763;RP11-875O11.2
BTNL3	BTNL3
CTSL3P	CTSL3P
IGFLR1	IGFLR1
MYB	MYB
SSC5D	SSC5D
REG1P	REG1P
OTTHUMG00000018570;RP11-589B3.6	OTTHUMG00000018570;RP11-589B3.6
SIRT7	SIRT7
TK2	TK2
MRGPRG	MRGPRG
POLD2	POLD2
BUB3	BUB3
MEIS3P2	MEIS3P2
TFF1	TFF1
GAB4	GAB4
ZIK1	ZIK1
PKP1	PKP1
OTTHUMG00000017116;POU4F1-AS1;RP11-203P2.1	OTTHUMG00000017116;POU4F1-AS1;RP11-203P2.1
C7orf60	C7orf60
OTTHUMG00000017642;RP11-379F12.4	OTTHUMG00000017642;RP11-379F12.4
NPIPB11;OTTHUMG00000170467;RP11-231C14.2	NPIPB11;OTTHUMG00000170467;RP11-231C14.2
OR13C5	OR13C5
TNXA;TNXB	TNXA;TNXB
LOC100129620;OTTHUMG00000010766;RP5-896L10.1	LOC100129620;OTTHUMG00000010766;RP5-896L10.1
LOC100506248;LOC728026;MIR1244-1;MIR1244-2;MIR1244-3;PTMA	LOC100506248;LOC728026;MIR1244-1;MIR1244-2;MIR1244-3;PTMA
OTTHUMG00000150974;RP11-375H17.1	OTTHUMG00000150974;RP11-375H17.1
CRHR1	CRHR1
CHAC2	CHAC2
RPS6KA4	RPS6KA4
OR4X2	OR4X2
C16orf93	C16orf93
OTTHUMG00000020557;RP11-67K19.3	OTTHUMG00000020557;RP11-67K19.3
NR2E1	NR2E1
OTTHUMG00000020009;RP11-63P12.7	OTTHUMG00000020009;RP11-63P12.7
ARHGAP27	ARHGAP27
AC010745.4;OTTHUMG00000151743	AC010745.4;OTTHUMG00000151743
ASAP1-IT1	ASAP1-IT1
RBMXL3	RBMXL3
AC074212.3;LOC388553;OTTHUMG00000156178	AC074212.3;LOC388553;OTTHUMG00000156178
LOC100509240;LOC101060314;OTTHUMG00000160728;RP11-140M13.1	LOC100509240;LOC101060314;OTTHUMG00000160728;RP11-140M13.1
HIST1H3A;HIST1H3B;HIST1H3C;HIST1H3D;HIST1H3E;HIST1H3F;HIST1H3G;HIST1H3H;HIST1H3I;HIST1H3J	HIST1H3A;HIST1H3B;HIST1H3C;HIST1H3D;HIST1H3E;HIST1H3F;HIST1H3G;HIST1H3H;HIST1H3I;HIST1H3J
DENND1C	DENND1C
OTTHUMG00000032148;RP13-329D4.3	OTTHUMG00000032148;RP13-329D4.3
GPX8	GPX8
OR2A4	OR2A4
OTTHUMG00000161971;RP11-351N6.1	OTTHUMG00000161971;RP11-351N6.1
ERN2	ERN2
TRIM40	TRIM40
TRIM40	TRIM40
RABL2B	RABL2B
AC110619.2;OTTHUMG00000152371;PP14571	AC110619.2;OTTHUMG00000152371;PP14571
AC005013.5;OTTHUMG00000152794	AC005013.5;OTTHUMG00000152794
OTTHUMG00000040465;RP11-413E1.4	OTTHUMG00000040465;RP11-413E1.4
KRT1	KRT1
RAB3GAP1	RAB3GAP1
AC019185.4;OTTHUMG00000155504	AC019185.4;OTTHUMG00000155504
NOSTRIN	NOSTRIN
AP000473.6;OTTHUMG00000074394	AP000473.6;OTTHUMG00000074394
ABCG5	ABCG5
PSMD12	PSMD12
MIR4422	MIR4422
MAP2K4	MAP2K4
MIR1302-8	MIR1302-8
STK32C	STK32C
OTTHUMG00000020563;RP11-281A20.1	OTTHUMG00000020563;RP11-281A20.1
FAM154A	FAM154A
SKINTL	SKINTL
APLP1	APLP1
OTTHUMG00000006360;RP11-486B10.3	OTTHUMG00000006360;RP11-486B10.3
TMEM251	TMEM251
LOC606724	LOC606724
KBTBD4	KBTBD4
ADAMTSL4;LOC100996516	ADAMTSL4;LOC100996516
CTD-2170G1.2;LOC100506526;OTTHUMG00000162439	CTD-2170G1.2;LOC100506526;OTTHUMG00000162439
DPPA2P3	DPPA2P3
OTTHUMG00000163137;RP11-267A15.3	OTTHUMG00000163137;RP11-267A15.3
LOC100289495	LOC100289495
ADARB2	ADARB2
RORB	RORB
TAAR5	TAAR5
CYP4B1	CYP4B1
TEX19	TEX19
TMEM97	TMEM97
PIGW	PIGW
TCEB1	TCEB1
C3orf80;OTTHUMG00000158950;RP11-431I8.1	C3orf80;OTTHUMG00000158950;RP11-431I8.1
ANKRD60	ANKRD60
AC004744.3;OTTHUMG00000152543	AC004744.3;OTTHUMG00000152543
MT1B	MT1B
ZNF558	ZNF558
CHDH	CHDH
KLHL30	KLHL30
HCG18	HCG18
HCG17	HCG17
HCG17	HCG17
MIR4304	MIR4304
CTB-99A3.1;OTTHUMG00000163449	CTB-99A3.1;OTTHUMG00000163449
ZNF467	ZNF467
ODF3	ODF3
LOC100132078	LOC100132078
NCRNA00171;OTTHUMG00000031389;ZNRD1-AS1	NCRNA00171;OTTHUMG00000031389;ZNRD1-AS1
KIRREL3	KIRREL3
RNU7-45P	RNU7-45P
CTD-2325B11.1;OTTHUMG00000161387	CTD-2325B11.1;OTTHUMG00000161387
S1PR3	S1PR3
PLD5	PLD5
FLJ37505	FLJ37505
ZNF680	ZNF680
HCG22	HCG22
HCG22	HCG22
APOOL	APOOL
GADD45A	GADD45A
RAB5C	RAB5C
SERHL2	SERHL2
OTTHUMG00000010690;RP5-898J17.1	OTTHUMG00000010690;RP5-898J17.1
IQCA1	IQCA1
OTTHUMG00000163750;RP11-87E22.1	OTTHUMG00000163750;RP11-87E22.1
MYOC	MYOC
PRAMEF24P;PRAMEL	PRAMEF24P;PRAMEL
PPIB	PPIB
CTD-2007H13.3;LOC100289230;OTTHUMG00000162749	CTD-2007H13.3;LOC100289230;OTTHUMG00000162749
COL6A1	COL6A1
AP001471.1;OTTHUMG00000090438	AP001471.1;OTTHUMG00000090438
XCR1	XCR1
HS3ST3A1	HS3ST3A1
MIR455	MIR455
OTTHUMG00000150948;RP1-213J1P__B.1	OTTHUMG00000150948;RP1-213J1P__B.1
AP000477.2;OTTHUMG00000078275	AP000477.2;OTTHUMG00000078275
TXLNB	TXLNB
C10orf111	C10orf111
IGLV7-46	IGLV7-46
CTB-127C13.1;OTTHUMG00000163565	CTB-127C13.1;OTTHUMG00000163565
ST8SIA6	ST8SIA6
AC068138.1;OTTHUMG00000153471	AC068138.1;OTTHUMG00000153471
AJ006995.3;OTTHUMG00000074159	AJ006995.3;OTTHUMG00000074159
FOXC2	FOXC2
OR2T33	OR2T33
KDM1A	KDM1A
TXNL4B	TXNL4B
FAM114A2	FAM114A2
ITGAV	ITGAV
PPY2	PPY2
DBH-AS1	DBH-AS1
SLC17A9	SLC17A9
ITGB6	ITGB6
OTTHUMG00000036478;RP1-28O10.1	OTTHUMG00000036478;RP1-28O10.1
IGF1R	IGF1R
IGHV3-64	IGHV3-64
DVL2	DVL2
ZBTB20-AS3	ZBTB20-AS3
CYP21A1P;CYP21A2	CYP21A1P;CYP21A2
C21orf33	C21orf33
COMMD6	COMMD6
ZNF821	ZNF821
PKDCC	PKDCC
AC092667.2;OTTHUMG00000153210	AC092667.2;OTTHUMG00000153210
RDH8	RDH8
SLC7A3	SLC7A3
RAP2B	RAP2B
CSNK2A2	CSNK2A2
PKHD1	PKHD1
AC078883.4;OTTHUMG00000154231	AC078883.4;OTTHUMG00000154231
ST6GALNAC4	ST6GALNAC4
OTTHUMG00000160538;RP11-472B18.2	OTTHUMG00000160538;RP11-472B18.2
CTC-347C20.2;OTTHUMG00000163319	CTC-347C20.2;OTTHUMG00000163319
LYST-AS1	LYST-AS1
RNA5SP414	RNA5SP414
MIR3910-2	MIR3910-2
OTTHUMG00000017531;RP11-164C1.2	OTTHUMG00000017531;RP11-164C1.2
IGLV4-3	IGLV4-3
LL0XNC01-37G1.1;OTTHUMG00000067451;ZNF275	LL0XNC01-37G1.1;OTTHUMG00000067451;ZNF275
TGM2	TGM2
PRH1	PRH1
AF127577.12;OTTHUMG00000074332	AF127577.12;OTTHUMG00000074332
DNAH1	DNAH1
CTC-236F12.4;OTTHUMG00000162309	CTC-236F12.4;OTTHUMG00000162309
TNFAIP1	TNFAIP1
SNORA46	SNORA46
ADH5P4	ADH5P4
KRTAP9-1	KRTAP9-1
SLC35B1	SLC35B1
OTTHUMG00000035112;RP11-522D2.1	OTTHUMG00000035112;RP11-522D2.1
SVILP1	SVILP1
LOC116437	LOC116437
ICAM3	ICAM3
SCN2B	SCN2B
CTA-397H3.3;OTTHUMG00000164298	CTA-397H3.3;OTTHUMG00000164298
MIR133B	MIR133B
C6orf10	C6orf10
OTTHUMG00000156574;RP11-573D15.8	OTTHUMG00000156574;RP11-573D15.8
SEC62-AS1	SEC62-AS1
MGC4294	MGC4294
AHRR;PDCD6	AHRR;PDCD6
SERP1	SERP1
PLEKHG1	PLEKHG1
AC064871.3;OTTHUMG00000154238	AC064871.3;OTTHUMG00000154238
CXXC4	CXXC4
ZNF669	ZNF669
FNDC4	FNDC4
SDCBP2	SDCBP2
C17orf75	C17orf75
TSPAN10	TSPAN10
OTTHUMG00000020934;RP11-413M3.4	OTTHUMG00000020934;RP11-413M3.4
FAM90A5P	FAM90A5P
GPR27	GPR27
AKTIP	AKTIP
PHTF2	PHTF2
MAP2K2	MAP2K2
INCA1	INCA1
IFNG	IFNG
AC010982.1;AC110769.3;LOC440900;OTTHUMG00000153529;OTTHUMG00000153531	AC010982.1;AC110769.3;LOC440900;OTTHUMG00000153529;OTTHUMG00000153531
EBF2	EBF2
OSTM1-AS1	OSTM1-AS1
OTTHUMG00000055982;RP11-490N5.2	OTTHUMG00000055982;RP11-490N5.2
C11orf88	C11orf88
LINC00869;LOC388692;OTTHUMG00000041568;OTTHUMG00000041632;RP11-403I13.7;RP11-403I13.8	LINC00869;LOC388692;OTTHUMG00000041568;OTTHUMG00000041632;RP11-403I13.7;RP11-403I13.8
PMCH	PMCH
EDN2	EDN2
AP000233.3;OTTHUMG00000078327	AP000233.3;OTTHUMG00000078327
SNORD113-2	SNORD113-2
TRBV11-2	TRBV11-2
LRRFIP2	LRRFIP2
TRIP4	TRIP4
AP3B1	AP3B1
AP000475.2;OTTHUMG00000078125	AP000475.2;OTTHUMG00000078125
AC005550.5;OTTHUMG00000152392	AC005550.5;OTTHUMG00000152392
OTTHUMG00000156273;RP5-905H7.8	OTTHUMG00000156273;RP5-905H7.8
OTTHUMG00000156386;RP11-73B2.4	OTTHUMG00000156386;RP11-73B2.4
GXYLT2	GXYLT2
AC008753.6;OTTHUMG00000060780	AC008753.6;OTTHUMG00000060780
CRX	CRX
KRTAP4-1	KRTAP4-1
CCDC34	CCDC34
SNORA5B;TBRG4	SNORA5B;TBRG4
CTRB2	CTRB2
NOV	NOV
NHP2	NHP2
LINC00466	LINC00466
AL121578.2;OTTHUMG00000033178	AL121578.2;OTTHUMG00000033178
LINC00461;MIR9-2	LINC00461;MIR9-2
POU2F3	POU2F3
TXNL4A	TXNL4A
CYCSP52	CYCSP52
CTD-3007L5.1;OTTHUMG00000161964	CTD-3007L5.1;OTTHUMG00000161964
AGRN;OTTHUMG00000040780;RP11-54O7.14	AGRN;OTTHUMG00000040780;RP11-54O7.14
SUZ12P1	SUZ12P1
ADRM1	ADRM1
MIR623	MIR623
OTTHUMG00000013244;RP11-374M1.5	OTTHUMG00000013244;RP11-374M1.5
C1orf111	C1orf111
CST4	CST4
OTTHUMG00000017561;RP11-298E9.5	OTTHUMG00000017561;RP11-298E9.5
GLIS1	GLIS1
RNY1P6	RNY1P6
MIR615	MIR615
OTTHUMG00000164955;RP11-3G20.2	OTTHUMG00000164955;RP11-3G20.2
ATG2B	ATG2B
OTTHUMG00000032803;RP5-843L14.1	OTTHUMG00000032803;RP5-843L14.1
PEX14	PEX14
ATP6V0D1	ATP6V0D1
WDR26	WDR26
CTD-2154B17.1;OTTHUMG00000162122	CTD-2154B17.1;OTTHUMG00000162122
ASB10	ASB10
OTTHUMG00000011647;RP4-773N10.5;STRIP1	OTTHUMG00000011647;RP4-773N10.5;STRIP1
CTC-339F2.2;OTTHUMG00000162923	CTC-339F2.2;OTTHUMG00000162923
PELI2	PELI2
DUS4L	DUS4L
LOC100506948;SNORD107;SNORD115-13;SNORD115-26;SNORD115-7;SNORD116-28	LOC100506948;SNORD107;SNORD115-13;SNORD115-26;SNORD115-7;SNORD116-28
LOC643723;OTTHUMG00000041228;RP11-135J2.4	LOC643723;OTTHUMG00000041228;RP11-135J2.4
PHF20	PHF20
NAP1L6	NAP1L6
SH3RF3-AS1	SH3RF3-AS1
STIM2	STIM2
H6PD	H6PD
MIR616	MIR616
NAA35	NAA35
AGAP7	AGAP7
CD93	CD93
NECAB2	NECAB2
TUBA1C	TUBA1C
TNXB	TNXB
SLC16A7	SLC16A7
OTTHUMG00000160104;RP11-341G5.1	OTTHUMG00000160104;RP11-341G5.1
OTTHUMG00000162648;RP11-666A20.4	OTTHUMG00000162648;RP11-666A20.4
EP300;MIR1281	EP300;MIR1281
ABCC5-AS1	ABCC5-AS1
RBMY2EP	RBMY2EP
FAM110C	FAM110C
LOC100507363	LOC100507363
TJAP1	TJAP1
SUPT16H	SUPT16H
SLC9A7P1	SLC9A7P1
CCL4L1;CCL4L2	CCL4L1;CCL4L2
GZMA	GZMA
DAQB-143M3.10;EGFL8;OTTHUMG00000012711;PPT2;PPT2-EGFL8	DAQB-143M3.10;EGFL8;OTTHUMG00000012711;PPT2;PPT2-EGFL8
RNU2-7P	RNU2-7P
OTTHUMG00000019520;RP11-307L3.4	OTTHUMG00000019520;RP11-307L3.4
DPF2	DPF2
FAM53C	FAM53C
MIR3529;MIR7-2	MIR3529;MIR7-2
PREX1	PREX1
AADAC	AADAC
OR10J3	OR10J3
WDR35	WDR35
KLHL29	KLHL29
ZAP70	ZAP70
AP001469.7;OTTHUMG00000090628	AP001469.7;OTTHUMG00000090628
SLC20A1	SLC20A1
OTTHUMG00000037911;RP4-682C21.5	OTTHUMG00000037911;RP4-682C21.5
HSPA1A	HSPA1A
LGALS2	LGALS2
RBMY1A1;RBMY1B;RBMY1D;RBMY1E	RBMY1A1;RBMY1B;RBMY1D;RBMY1E
OTTHUMG00000017965;RP11-322I2.1	OTTHUMG00000017965;RP11-322I2.1
GLRX	GLRX
OR5V1	OR5V1
OR5V1	OR5V1
ITPA	ITPA
KRTAP2-2	KRTAP2-2
IGHA1	IGHA1
OTTHUMG00000034467;RP11-474I16.1	OTTHUMG00000034467;RP11-474I16.1
HECTD2	HECTD2
C1orf50;LOC100129924	C1orf50;LOC100129924
NCF1	NCF1
AC019181.2;OTTHUMG00000153942	AC019181.2;OTTHUMG00000153942
LOC100293962	LOC100293962
IGKV3-7	IGKV3-7
MIR3145	MIR3145
SLC7A5	SLC7A5
FBXL21	FBXL21
CXorf48	CXorf48
GAGE10	GAGE10
ARHGDIB	ARHGDIB
AC069513.3;LINC00969;OTTHUMG00000155834	AC069513.3;LINC00969;OTTHUMG00000155834
ZP2	ZP2
OTTHUMG00000160222;RP11-231L11.1	OTTHUMG00000160222;RP11-231L11.1
USP17L19	USP17L19
DLEU2L	DLEU2L
CITED4	CITED4
C10orf118;MIR2110	C10orf118;MIR2110
AC097517.2;LOC100506216;OTTHUMG00000151631	AC097517.2;LOC100506216;OTTHUMG00000151631
GNL1	GNL1
RADIL	RADIL
CTC-458G6.2;OTTHUMG00000162626	CTC-458G6.2;OTTHUMG00000162626
CST8	CST8
DSG4	DSG4
AC010729.2;OTTHUMG00000151422	AC010729.2;OTTHUMG00000151422
OTTHUMG00000164932;RP11-122A21.2	OTTHUMG00000164932;RP11-122A21.2
ZNF444	ZNF444
CDKN1B	CDKN1B
LOC401557	LOC401557
CLPTM1L	CLPTM1L
H3F3A;H3F3AP4;H3F3B	H3F3A;H3F3AP4;H3F3B
TOLLIP-AS1	TOLLIP-AS1
PLCG1	PLCG1
AADACL2	AADACL2
OTTHUMG00000017751;RP11-390B4.3	OTTHUMG00000017751;RP11-390B4.3
MS4A1	MS4A1
SPANXB1;SPANXB2;SPANXF1	SPANXB1;SPANXB2;SPANXF1
SPANXB1;SPANXB2;SPANXF1	SPANXB1;SPANXB2;SPANXF1
CDK14	CDK14
CINP	CINP
MIR3612	MIR3612
TMEM176B	TMEM176B
OTTHUMG00000159752;RP11-202A13.2	OTTHUMG00000159752;RP11-202A13.2
OTTHUMG00000040559;RP11-666A1.5	OTTHUMG00000040559;RP11-666A1.5
MAGI1-AS1	MAGI1-AS1
ZBTB18;ZNF238	ZBTB18;ZNF238
SRGAP3-AS3	SRGAP3-AS3
FABP1	FABP1
SUCLA2	SUCLA2
LSM10	LSM10
PRPF40B	PRPF40B
B3GNT5	B3GNT5
ABCA9	ABCA9
OTTHUMG00000032515;RP5-1030M6.3	OTTHUMG00000032515;RP5-1030M6.3
OTTHUMG00000034707;RP4-635E18.7	OTTHUMG00000034707;RP4-635E18.7
OTTHUMG00000161742;RP11-419C19.2	OTTHUMG00000161742;RP11-419C19.2
CES2	CES2
ABCB10	ABCB10
TMEM80	TMEM80
CDK8	CDK8
BAAT	BAAT
TRAT1	TRAT1
C2orf70	C2orf70
SPATA1	SPATA1
C4orf45	C4orf45
PTPDC1	PTPDC1
TMEM30A	TMEM30A
GMNN	GMNN
RNU6ATAC	RNU6ATAC
SUPT3H	SUPT3H
FAM73B	FAM73B
TONSL	TONSL
AC087073.1;LOC100506300;OTTHUMG00000151845	AC087073.1;LOC100506300;OTTHUMG00000151845
AC009228.1;OTTHUMG00000151893	AC009228.1;OTTHUMG00000151893
TREM2	TREM2
LINC00880;OTTHUMG00000158717;RP11-6F2.4	LINC00880;OTTHUMG00000158717;RP11-6F2.4
TNXB	TNXB
ATP5F1	ATP5F1
SGTA	SGTA
CYP2D6	CYP2D6
OTTHUMG00000004126;RP11-415J8.3	OTTHUMG00000004126;RP11-415J8.3
OTTHUMG00000163008;RP11-425E13.1	OTTHUMG00000163008;RP11-425E13.1
ERLEC1	ERLEC1
RIBC1	RIBC1
KBTBD6	KBTBD6
OTTHUMG00000165046;RP11-351C8.1	OTTHUMG00000165046;RP11-351C8.1
RNU5A-2P	RNU5A-2P
OR2D3	OR2D3
TRMT61A	TRMT61A
OTTHUMG00000034539;RP11-474I16.8	OTTHUMG00000034539;RP11-474I16.8
LOC152225;OTTHUMG00000159212;OTTHUMG00000159237;RP11-221J22.1;RP11-221J22.2	LOC152225;OTTHUMG00000159212;OTTHUMG00000159237;RP11-221J22.1;RP11-221J22.2
KLHL13	KLHL13
DDX46	DDX46
LOC100129636	LOC100129636
OTTHUMG00000015392;RP11-506B6.6	OTTHUMG00000015392;RP11-506B6.6
KRT12	KRT12
MIR451A;MIR451B	MIR451A;MIR451B
LDHAL6CP	LDHAL6CP
HCG17;HCG18	HCG17;HCG18
OTTHUMG00000015717;RP11-439L18.2	OTTHUMG00000015717;RP11-439L18.2
OTTHUMG00000002703;RP3-340N1.2	OTTHUMG00000002703;RP3-340N1.2
IL31RA	IL31RA
AC104809.4;LOC200772;OTTHUMG00000151847	AC104809.4;LOC200772;OTTHUMG00000151847
AC016644.1;OTTHUMG00000059593	AC016644.1;OTTHUMG00000059593
SULT1E1	SULT1E1
MIR3918	MIR3918
CAPRIN1	CAPRIN1
TPTE	TPTE
GNL1	GNL1
GNL1	GNL1
OTTHUMG00000161708;RP11-577G20.1	OTTHUMG00000161708;RP11-577G20.1
LSM5	LSM5
LOC728606	LOC728606
AC016831.7;OTTHUMG00000155022	AC016831.7;OTTHUMG00000155022
ARHGEF34P;OR2A7	ARHGEF34P;OR2A7
MIR185	MIR185
OTTHUMG00000021932;RP5-928E24.2	OTTHUMG00000021932;RP5-928E24.2
OTTHUMG00000015055;RP11-415D17.4	OTTHUMG00000015055;RP11-415D17.4
SLC4A2	SLC4A2
CD79B	CD79B
AC104623.2;OTTHUMG00000151748	AC104623.2;OTTHUMG00000151748
FDXR	FDXR
SYDE2	SYDE2
EGFL8;OTTHUMG00000171245;PPT2;PPT2-EGFL8;XXbac-BPG300A18.12	EGFL8;OTTHUMG00000171245;PPT2;PPT2-EGFL8;XXbac-BPG300A18.12
LOC643486	LOC643486
AC096669.3;OTTHUMG00000153209	AC096669.3;OTTHUMG00000153209
CORO2B	CORO2B
FUOM	FUOM
OTTHUMG00000008188;RP11-296A18.6	OTTHUMG00000008188;RP11-296A18.6
OTTHUMG00000033265;RP11-479J7.1	OTTHUMG00000033265;RP11-479J7.1
OTTHUMG00000159640;RP11-88I21.2	OTTHUMG00000159640;RP11-88I21.2
GLUL	GLUL
CTD-2161F6.1;OTTHUMG00000161649	CTD-2161F6.1;OTTHUMG00000161649
OR2AJ1	OR2AJ1
AC093627.12;OTTHUMG00000151397	AC093627.12;OTTHUMG00000151397
IL1RL1	IL1RL1
C1orf129;MROH9	C1orf129;MROH9
CCDC148-AS1	CCDC148-AS1
OTTHUMG00000164073;RP11-231D20.2	OTTHUMG00000164073;RP11-231D20.2
SLC30A2	SLC30A2
AC145123.2;OTTHUMG00000164826	AC145123.2;OTTHUMG00000164826
ZNF154	ZNF154
QRSL1	QRSL1
HSPA1A;HSPA1B	HSPA1A;HSPA1B
P4HA3	P4HA3
C22orf28;RTCB	C22orf28;RTCB
NES	NES
ETS2	ETS2
SEMA6B	SEMA6B
ZFR2	ZFR2
FAM90A13P;FAM90A14P	FAM90A13P;FAM90A14P
HLA-DOA	HLA-DOA
SOS2	SOS2
MIR656	MIR656
CEBPE	CEBPE
OR2H1	OR2H1
OR2H1	OR2H1
MARCKSL1	MARCKSL1
ITGA3	ITGA3
OTTHUMG00000160238;RP11-366H4.3	OTTHUMG00000160238;RP11-366H4.3
MIR1302-10;MIR1302-11;MIR1302-2;MIR1302-9	MIR1302-10;MIR1302-11;MIR1302-2;MIR1302-9
NF1P5	NF1P5
LOC100287015;OTTHUMG00000163617;RP11-115C21.2	LOC100287015;OTTHUMG00000163617;RP11-115C21.2
LMLN-AS1	LMLN-AS1
SNORD114-16	SNORD114-16
OTTHUMG00000158784;RP11-398A8.3	OTTHUMG00000158784;RP11-398A8.3
KBTBD5;KLHL40	KBTBD5;KLHL40
PKD1L3	PKD1L3
LINC00184	LINC00184
GMPR	GMPR
GS1-124K5.11;LOC493754;OTTHUMG00000156754	GS1-124K5.11;LOC493754;OTTHUMG00000156754
FRZB	FRZB
LINC00616	LINC00616
LNX1-AS2	LNX1-AS2
OTTHUMG00000160282;RP11-756P10.2	OTTHUMG00000160282;RP11-756P10.2
PIK3AP1	PIK3AP1
AC012456.4;OTTHUMG00000151836	AC012456.4;OTTHUMG00000151836
AC013401.2;LOC100506993;OTTHUMG00000154344	AC013401.2;LOC100506993;OTTHUMG00000154344
LOC100507065	LOC100507065
AC074389.7;OTTHUMG00000151492	AC074389.7;OTTHUMG00000151492
MIR3689D1	MIR3689D1
TREML4	TREML4
C5orf22	C5orf22
RTF1	RTF1
AC017074.2;OTTHUMG00000153380	AC017074.2;OTTHUMG00000153380
SPINT3	SPINT3
SPRR2E	SPRR2E
CTC-321K16.4;LOC340074;OTTHUMG00000163111	CTC-321K16.4;LOC340074;OTTHUMG00000163111
C6orf10	C6orf10
GYG1	GYG1
UBN2	UBN2
ISY1	ISY1
OTTHUMG00000156818;RP11-3B7.1	OTTHUMG00000156818;RP11-3B7.1
OTTHUMG00000041417;RP11-407H12.8	OTTHUMG00000041417;RP11-407H12.8
EHHADH-AS1	EHHADH-AS1
ATF5;MIR4751	ATF5;MIR4751
OTTHUMG00000018470;RP11-137L10.6	OTTHUMG00000018470;RP11-137L10.6
RASA2	RASA2
SFTA2	SFTA2
SFTA2	SFTA2
ANKS1B	ANKS1B
OTTHUMG00000015667;RP11-240M16.1	OTTHUMG00000015667;RP11-240M16.1
SSR3	SSR3
OTTHUMG00000031529;TIGD1L	OTTHUMG00000031529;TIGD1L
KRTAP5-5	KRTAP5-5
FUNDC2P2	FUNDC2P2
LOC399744	LOC399744
MYL12B	MYL12B
NR3C1	NR3C1
KRT80	KRT80
FAM133A	FAM133A
PLD1	PLD1
LCMT2	LCMT2
LOC728752	LOC728752
AFF1	AFF1
HGSNAT	HGSNAT
AC026202.3;OTTHUMG00000154898	AC026202.3;OTTHUMG00000154898
DAQB-12N14.5;LOC100507362;OTTHUMG00000065812	DAQB-12N14.5;LOC100507362;OTTHUMG00000065812
DAQB-12N14.5;LOC100507362;OTTHUMG00000149413	DAQB-12N14.5;LOC100507362;OTTHUMG00000149413
ZYX	ZYX
C6orf203	C6orf203
MIR105-2	MIR105-2
APOL6	APOL6
AC007040.6;OTTHUMG00000153238	AC007040.6;OTTHUMG00000153238
MIR4759	MIR4759
FBXL13	FBXL13
PRRT3	PRRT3
FLRT2;LOC100506718	FLRT2;LOC100506718
ZDHHC12	ZDHHC12
OTTHUMG00000163404;RP11-1026M7.2	OTTHUMG00000163404;RP11-1026M7.2
OTTHUMG00000015501;RP11-510H23.1;STL	OTTHUMG00000015501;RP11-510H23.1;STL
LILRA2	LILRA2
AWAT2	AWAT2
DDB1	DDB1
GABRA2	GABRA2
RABGGTA	RABGGTA
NXF4	NXF4
OTTHUMG00000165035;RP11-1C8.4	OTTHUMG00000165035;RP11-1C8.4
GMFB	GMFB
PLAC8	PLAC8
CBX2	CBX2
CCND3	CCND3
FLJ45513;TAC4	FLJ45513;TAC4
OTTHUMG00000001220;RP4-549F15.1	OTTHUMG00000001220;RP4-549F15.1
PFN4	PFN4
KRTAP2-3;KRTAP2-4	KRTAP2-3;KRTAP2-4
EPHA10	EPHA10
ERAP1	ERAP1
KB-1930G5.4;OTTHUMG00000164832	KB-1930G5.4;OTTHUMG00000164832
CACNA1C	CACNA1C
CXADRP3	CXADRP3
ARHGAP27	ARHGAP27
RNF2	RNF2
LINC00671	LINC00671
HSPA1L	HSPA1L
LRRD1	LRRD1
AKAP8L	AKAP8L
FAM134A	FAM134A
OTTHUMG00000160689;RP11-798L4.1	OTTHUMG00000160689;RP11-798L4.1
PLEKHS1	PLEKHS1
LOC100506684	LOC100506684
N4BP2L2	N4BP2L2
OTTHUMG00000163102;RP11-119J18.1	OTTHUMG00000163102;RP11-119J18.1
ARHGEF10L	ARHGEF10L
OTTHUMG00000151130;RP3-434P1.6	OTTHUMG00000151130;RP3-434P1.6
FAM50B	FAM50B
HPGDS	HPGDS
AKR1A1	AKR1A1
RUNX1T1	RUNX1T1
MAP1A	MAP1A
C9orf53	C9orf53
ACR	ACR
OTTHUMG00000162984;RP11-166A12.1	OTTHUMG00000162984;RP11-166A12.1
CTD-2582M21.1;OTTHUMG00000162485	CTD-2582M21.1;OTTHUMG00000162485
CGB1;CGB2	CGB1;CGB2
OTTHUMG00000046204;RP11-379J5.5	OTTHUMG00000046204;RP11-379J5.5
IGSF9B	IGSF9B
ZKSCAN5	ZKSCAN5
SNORD121B;UBAP2	SNORD121B;UBAP2
OTTHUMG00000163848;RP11-521M14.2	OTTHUMG00000163848;RP11-521M14.2
C15orf38	C15orf38
AP000295.7;IL10RB-AS1;OTTHUMG00000065125	AP000295.7;IL10RB-AS1;OTTHUMG00000065125
RPP21	RPP21
RPP21	RPP21
MIR3173	MIR3173
MIR4265	MIR4265
GABRR3	GABRR3
LOC284865	LOC284865
NCOR2	NCOR2
CTD-2315M5.2;OTTHUMG00000162377	CTD-2315M5.2;OTTHUMG00000162377
WDR54	WDR54
CYP2F1	CYP2F1
CTD-2074D8.1;OTTHUMG00000161885	CTD-2074D8.1;OTTHUMG00000161885
CTD-2194D22.1;OTTHUMG00000161599	CTD-2194D22.1;OTTHUMG00000161599
OTTHUMG00000020483;RP11-410K21.2	OTTHUMG00000020483;RP11-410K21.2
RNF187	RNF187
PHLPP1	PHLPP1
MIR4797	MIR4797
HIST1H2BH	HIST1H2BH
OTTHUMG00000002855;RP4-669L17.2	OTTHUMG00000002855;RP4-669L17.2
PMPCB	PMPCB
LOC101059935;LOC101060026;LOC644249;OTTHUMG00000067320;RP11-195B21.3	LOC101059935;LOC101060026;LOC644249;OTTHUMG00000067320;RP11-195B21.3
TUBB	TUBB
TUBB	TUBB
TUBB	TUBB
TUBB	TUBB
TUBB	TUBB
TUBB	TUBB
LOC646543	LOC646543
ZNF580	ZNF580
CD40	CD40
AC012368.1;OTTHUMG00000152631	AC012368.1;OTTHUMG00000152631
OTTHUMG00000009145;RP11-335E6.3	OTTHUMG00000009145;RP11-335E6.3
CBLN2	CBLN2
MTL5	MTL5
TERF1P2	TERF1P2
OTTHUMG00000158465;RP11-451G4.1	OTTHUMG00000158465;RP11-451G4.1
PLEKHG3	PLEKHG3
OTTHUMG00000003643;RP11-242O24.3	OTTHUMG00000003643;RP11-242O24.3
DOCK7	DOCK7
SCNN1B	SCNN1B
OTTHUMG00000020080;RP11-289F5.1	OTTHUMG00000020080;RP11-289F5.1
ZNF28	ZNF28
CNTFR	CNTFR
OR56B1;TRIM22	OR56B1;TRIM22
SKP1	SKP1
ASL	ASL
AC037445.1;OTTHUMG00000132317	AC037445.1;OTTHUMG00000132317
DYNLRB1	DYNLRB1
HCG18	HCG18
C8orf42;TDRP	C8orf42;TDRP
REG4	REG4
ATXN3	ATXN3
OTTHUMG00000161115;RP11-777N19.1	OTTHUMG00000161115;RP11-777N19.1
OTTHUMG00000014898;RP11-524H19.2	OTTHUMG00000014898;RP11-524H19.2
ALMS1P	ALMS1P
SLC51A	SLC51A
AC006227.1;OTTHUMG00000153205	AC006227.1;OTTHUMG00000153205
BTC	BTC
CPLX2	CPLX2
OTTHUMG00000007307;RP11-656D10.6	OTTHUMG00000007307;RP11-656D10.6
OTTHUMG00000040085;RP4-799P18.3	OTTHUMG00000040085;RP4-799P18.3
C17orf78	C17orf78
EDDM3B	EDDM3B
MORC1-AS1	MORC1-AS1
LYPD8;OTTHUMG00000078489;XX-CR54.3	LYPD8;OTTHUMG00000078489;XX-CR54.3
C1orf200	C1orf200
KB-1410C5.2;LOC100506652;OTTHUMG00000164827	KB-1410C5.2;LOC100506652;OTTHUMG00000164827
LOC100507091	LOC100507091
OTTHUMG00000009147;RP11-5P4.1	OTTHUMG00000009147;RP11-5P4.1
FAR1-IT1	FAR1-IT1
ABCC9	ABCC9
LOC285484;OTTHUMG00000160216;RP11-586D19.1	LOC285484;OTTHUMG00000160216;RP11-586D19.1
OTTHUMG00000020254;RP11-53B5.1	OTTHUMG00000020254;RP11-53B5.1
HP	HP
LACTB	LACTB
OTTHUMG00000019401;RP11-367J7.2	OTTHUMG00000019401;RP11-367J7.2
WDR78	WDR78
CMSS1	CMSS1
CCNT2	CCNT2
PCDHB9	PCDHB9
KIAA1279	KIAA1279
ST3GAL2	ST3GAL2
OTTHUMG00000163755;RP11-875O11.1	OTTHUMG00000163755;RP11-875O11.1
CTC-529G1.1;OTTHUMG00000163552	CTC-529G1.1;OTTHUMG00000163552
SLC2A12	SLC2A12
OTTHUMG00000158073;RP11-747D18.1	OTTHUMG00000158073;RP11-747D18.1
MIR1302-4	MIR1302-4
REXO4	REXO4
AC068490.2;OTTHUMG00000151808	AC068490.2;OTTHUMG00000151808
OTTHUMG00000018538;RP11-328K22.1	OTTHUMG00000018538;RP11-328K22.1
SUB1	SUB1
OTTHUMG00000151191;RP4-742C19.12	OTTHUMG00000151191;RP4-742C19.12
MIR378D2	MIR378D2
OTTHUMG00000161041;RP11-63A11.1	OTTHUMG00000161041;RP11-63A11.1
OTTHUMG00000016063;RP1-266L20.4	OTTHUMG00000016063;RP1-266L20.4
KIAA1143	KIAA1143
CNTNAP1	CNTNAP1
CALM1;CALM2;CALM3	CALM1;CALM2;CALM3
SNORD116-3;SNORD116-9	SNORD116-3;SNORD116-9
SNORD116-3;SNORD116-9	SNORD116-3;SNORD116-9
IGKV1D-13	IGKV1D-13
OTTHUMG00000164286;RP11-150O12.6	OTTHUMG00000164286;RP11-150O12.6
CDH9	CDH9
MEMO1P1	MEMO1P1
CLDN19	CLDN19
COLQ	COLQ
SIM1	SIM1
CYP21A1P;CYP21A2	CYP21A1P;CYP21A2
CTD-2015A6.1;OTTHUMG00000162772	CTD-2015A6.1;OTTHUMG00000162772
OTTHUMG00000015120;RP11-51G5.1	OTTHUMG00000015120;RP11-51G5.1
OTTHUMG00000039886;RP11-567G24.3	OTTHUMG00000039886;RP11-567G24.3
MIR493	MIR493
SRRM2-AS1	SRRM2-AS1
IGKV2D-30	IGKV2D-30
IQCF5	IQCF5
ZNHIT1	ZNHIT1
HLA-DQA2	HLA-DQA2
MSMP	MSMP
SDF2	SDF2
EIF4EBP2	EIF4EBP2
VENTX	VENTX
LOC100506610;OTTHUMG00000021152;RP11-1L9.1	LOC100506610;OTTHUMG00000021152;RP11-1L9.1
MIR1291;SNORA34	MIR1291;SNORA34
BTBD3	BTBD3
S100A7A	S100A7A
CTC1	CTC1
OTTHUMG00000018722;RP11-80H5.6	OTTHUMG00000018722;RP11-80H5.6
TSPY1;TSPY3	TSPY1;TSPY3
CROCC	CROCC
EPT1	EPT1
OTTHUMG00000018930;RP11-107I14.4	OTTHUMG00000018930;RP11-107I14.4
LOC728145	LOC728145
NMD3	NMD3
LOC100505545;OTTHUMG00000161439;RP11-6L6.3	LOC100505545;OTTHUMG00000161439;RP11-6L6.3
ZNF786	ZNF786
TRIM39	TRIM39
CTD-2503O16.4;OTTHUMG00000162890	CTD-2503O16.4;OTTHUMG00000162890
SHANK2	SHANK2
AC010975.1;OTTHUMG00000152910	AC010975.1;OTTHUMG00000152910
TXLNA	TXLNA
OTTHUMG00000020974;RP11-229P13.22	OTTHUMG00000020974;RP11-229P13.22
COL27A1	COL27A1
MPRIP	MPRIP
OSCP1	OSCP1
OTTHUMG00000058671;RP11-149F8.5	OTTHUMG00000058671;RP11-149F8.5
AC067959.1;OTTHUMG00000151796	AC067959.1;OTTHUMG00000151796
GSTM1	GSTM1
CD160;LOC101060629	CD160;LOC101060629
DDX17	DDX17
OTTHUMG00000017704;RP11-353M9.1	OTTHUMG00000017704;RP11-353M9.1
ZNF330	ZNF330
LOC100996792;MAP2K3	LOC100996792;MAP2K3
LOC286442;OTTHUMG00000024095;RP11-265P11.2	LOC286442;OTTHUMG00000024095;RP11-265P11.2
LINC00626	LINC00626
SHISA3	SHISA3
CD8A	CD8A
CREB5;LOC401317	CREB5;LOC401317
FAM138D	FAM138D
KRT10	KRT10
TMEM75	TMEM75
C20orf144	C20orf144
SULT1C3	SULT1C3
LOC101060681;TNXB	LOC101060681;TNXB
SCARNA2	SCARNA2
OR1N2	OR1N2
AC012462.2;OTTHUMG00000154835	AC012462.2;OTTHUMG00000154835
RDX	RDX
THRB-IT1	THRB-IT1
GNL1	GNL1
GNL1	GNL1
ARSK	ARSK
OTTHUMG00000037268;RP11-191N8.2	OTTHUMG00000037268;RP11-191N8.2
CBLN3	CBLN3
OTTHUMG00000161532;RP11-364P22.2	OTTHUMG00000161532;RP11-364P22.2
RNF144A-AS1	RNF144A-AS1
SLC25A17	SLC25A17
MIR4493	MIR4493
OTTHUMG00000165070;RP11-394O4.3	OTTHUMG00000165070;RP11-394O4.3
AC118754.4;OTTHUMG00000132937	AC118754.4;OTTHUMG00000132937
MTA3	MTA3
C16orf89	C16orf89
DIO1	DIO1
CTC-573M9.1;OTTHUMG00000163145	CTC-573M9.1;OTTHUMG00000163145
TAS2R19	TAS2R19
CTB-111F10.1;OTTHUMG00000156062	CTB-111F10.1;OTTHUMG00000156062
OTTHUMG00000164175;RP11-489O18.1	OTTHUMG00000164175;RP11-489O18.1
LGALSL	LGALSL
ZNF10	ZNF10
OTTHUMG00000003650;RP1-212P9.2	OTTHUMG00000003650;RP1-212P9.2
IL1RAP	IL1RAP
ZNF701	ZNF701
SCARNA9;SCARNA9L	SCARNA9;SCARNA9L
IQCF4	IQCF4
NHEG1;OTTHUMG00000015652;RP11-55K22.5	NHEG1;OTTHUMG00000015652;RP11-55K22.5
LOC100130093;SNAP47	LOC100130093;SNAP47
FAM26D	FAM26D
CCR9	CCR9
FAT1	FAT1
MDH2	MDH2
CYP2R1	CYP2R1
AQPEP;LVRN;OTTHUMG00000128890	AQPEP;LVRN;OTTHUMG00000128890
SLC52A3	SLC52A3
CCDC96	CCDC96
AC002076.10;OTTHUMG00000155770	AC002076.10;OTTHUMG00000155770
MIR4769	MIR4769
MIR449C	MIR449C
MAGEA6	MAGEA6
ANKRD20A5P	ANKRD20A5P
MATN3	MATN3
C9orf62	C9orf62
GAS2L2	GAS2L2
PDE1C	PDE1C
HLA-DQA1	HLA-DQA1
HLA-DQA1	HLA-DQA1
PARP10	PARP10
OTTHUMG00000041065;RP11-547D24.1	OTTHUMG00000041065;RP11-547D24.1
OTTHUMG00000032279;RP5-1125A11.1	OTTHUMG00000032279;RP5-1125A11.1
MIR548H4	MIR548H4
USHBP1	USHBP1
OR12D2	OR12D2
OR12D2	OR12D2
NPTXR	NPTXR
MIR4434	MIR4434
OTTHUMG00000165044;RP11-103H7.5	OTTHUMG00000165044;RP11-103H7.5
SMG7	SMG7
PRAMEF22	PRAMEF22
SNX31	SNX31
OTUB2	OTUB2
OMP	OMP
OTTHUMG00000157590;RP5-884M6.1	OTTHUMG00000157590;RP5-884M6.1
TRIM49D1;TRIM49D2P	TRIM49D1;TRIM49D2P
TFEC	TFEC
ZNF526	ZNF526
FAM212B	FAM212B
OTTHUMG00000161597;RP11-22A3.1	OTTHUMG00000161597;RP11-22A3.1
OTTHUMG00000013953;RP11-353N4.4	OTTHUMG00000013953;RP11-353N4.4
MIR4509-1;MIR4509-2	MIR4509-1;MIR4509-2
LOC101060288;LOC101060295;LOC101060308;PRAMEF15;PRAMEF9	LOC101060288;LOC101060295;LOC101060308;PRAMEF15;PRAMEF9
VAT1	VAT1
RGS18	RGS18
TOPBP1	TOPBP1
UQCR10	UQCR10
AC003051.1;OTTHUMG00000132249	AC003051.1;OTTHUMG00000132249
LINC00304	LINC00304
OTTHUMG00000157467;RP5-842K16.1	OTTHUMG00000157467;RP5-842K16.1
MIR3924	MIR3924
OTTHUMG00000008930;RP4-784A16.2	OTTHUMG00000008930;RP4-784A16.2
HOXD10	HOXD10
FSCN3	FSCN3
OTTHUMG00000160392;RP11-399D2.1	OTTHUMG00000160392;RP11-399D2.1
OTTHUMG00000009024;RP11-24J23.2	OTTHUMG00000009024;RP11-24J23.2
AJ239322.1;OTTHUMG00000150221	AJ239322.1;OTTHUMG00000150221
PABPC4L	PABPC4L
GNAT2	GNAT2
SNORD71	SNORD71
KLHL31	KLHL31
AC022201.5;OTTHUMG00000154180	AC022201.5;OTTHUMG00000154180
VANGL2	VANGL2
MIR518B	MIR518B
RNA5SP31	RNA5SP31
OTTHUMG00000032002;RP5-1178H5.2	OTTHUMG00000032002;RP5-1178H5.2
CTB-43E15.2;OTTHUMG00000163336	CTB-43E15.2;OTTHUMG00000163336
PPARGC1A	PPARGC1A
DHRS2	DHRS2
SUGT1P1	SUGT1P1
LOC285577;OTTHUMG00000161629;RP11-121L11.1	LOC285577;OTTHUMG00000161629;RP11-121L11.1
AC195454.1;OTTHUMG00000160407	AC195454.1;OTTHUMG00000160407
OTTHUMG00000035065;RP11-316M1.3	OTTHUMG00000035065;RP11-316M1.3
LOC401463;OTTHUMG00000164385;RP11-21C4.1	LOC401463;OTTHUMG00000164385;RP11-21C4.1
MEOX2	MEOX2
OTTHUMG00000161702;RP11-722M1.1	OTTHUMG00000161702;RP11-722M1.1
NLRP11	NLRP11
OTTHUMG00000037897;RP11-439H8.4	OTTHUMG00000037897;RP11-439H8.4
CACNB2	CACNB2
CTC-261N6.3;OTTHUMG00000162791	CTC-261N6.3;OTTHUMG00000162791
BAG3	BAG3
CNDP1	CNDP1
KIR3DS1	KIR3DS1
LINC00160	LINC00160
LINC00575	LINC00575
MRS2P2	MRS2P2
LOC100131060	LOC100131060
MED21	MED21
PADI1	PADI1
RNA5SP87	RNA5SP87
RIN1	RIN1
CRLF1	CRLF1
HCG27	HCG27
CTC-441N14.1;CTC-441N14.2;OTTHUMG00000162968;OTTHUMG00000162971	CTC-441N14.1;CTC-441N14.2;OTTHUMG00000162968;OTTHUMG00000162971
WDR16	WDR16
OTTHUMG00000163012;RP11-395P13.1	OTTHUMG00000163012;RP11-395P13.1
AC005235.1;OTTHUMG00000154465	AC005235.1;OTTHUMG00000154465
LOC100287879;OTTHUMG00000158790;RP11-129B22.2	LOC100287879;OTTHUMG00000158790;RP11-129B22.2
OTTHUMG00000015634;RP1-38C16.2	OTTHUMG00000015634;RP1-38C16.2
AP000146.2;OTTHUMG00000078324	AP000146.2;OTTHUMG00000078324
SNX6	SNX6
GBA	GBA
DKFZp451B082	DKFZp451B082
AKR1B1P6	AKR1B1P6
KLF6	KLF6
C1QL2	C1QL2
NUP93	NUP93
RFTN2	RFTN2
IGKV2-29	IGKV2-29
LINC00411	LINC00411
HCAR1	HCAR1
LINC00051	LINC00051
SNORD114-19	SNORD114-19
MCF2	MCF2
ANO5	ANO5
KLHL22	KLHL22
AC009229.6;OTTHUMG00000152559	AC009229.6;OTTHUMG00000152559
XXYLT1	XXYLT1
AC010082.2;OTTHUMG00000152508	AC010082.2;OTTHUMG00000152508
SLC25A34	SLC25A34
LINC00929	LINC00929
RBBP4	RBBP4
OTTHUMG00000160332;RP13-494C23.1	OTTHUMG00000160332;RP13-494C23.1
TRMT6	TRMT6
CDC42EP4	CDC42EP4
FAM183CP;OTTHUMG00000163817;RP11-94H18.3	FAM183CP;OTTHUMG00000163817;RP11-94H18.3
EMCN-IT1	EMCN-IT1
AC097532.2;OTTHUMG00000153603	AC097532.2;OTTHUMG00000153603
CTD-2383I20.1;OTTHUMG00000161630	CTD-2383I20.1;OTTHUMG00000161630
AP4S1	AP4S1
OTTHUMG00000164915;RP11-238I10.1	OTTHUMG00000164915;RP11-238I10.1
NAGPA	NAGPA
OR52I1	OR52I1
AF127577.10;OTTHUMG00000074325	AF127577.10;OTTHUMG00000074325
BCL6B	BCL6B
CARS2	CARS2
OTTHUMG00000165024;RP11-697B24.1	OTTHUMG00000165024;RP11-697B24.1
AC073128.10;OTTHUMG00000154664	AC073128.10;OTTHUMG00000154664
LINC00309	LINC00309
MEX3D	MEX3D
SNX7	SNX7
FLJ44635	FLJ44635
IL11	IL11
DGKG	DGKG
SERF1A;SERF1B	SERF1A;SERF1B
MAGEA8-AS1;OTTHUMG00000022634;RP5-869M20.2	MAGEA8-AS1;OTTHUMG00000022634;RP5-869M20.2
CTC-303L1.2;OTTHUMG00000183942	CTC-303L1.2;OTTHUMG00000183942
TTC32	TTC32
OTTHUMG00000163040;RP11-346A9.1	OTTHUMG00000163040;RP11-346A9.1
CD5	CD5
ZNF134	ZNF134
TRIM64;TRIM64B;TRIM64C	TRIM64;TRIM64B;TRIM64C
TRBV4-1	TRBV4-1
FOXA2	FOXA2
TRIM43B	TRIM43B
CA7	CA7
LOC100996721;LOC644634	LOC100996721;LOC644634
OTTHUMG00000164350;RP11-787D18.2	OTTHUMG00000164350;RP11-787D18.2
SSX7	SSX7
PLEK2	PLEK2
HLA-DPB1	HLA-DPB1
MLLT4-AS1	MLLT4-AS1
RNA5SP188	RNA5SP188
HCG22	HCG22
RASGRP2	RASGRP2
MIR4715	MIR4715
RNU6-58P	RNU6-58P
CYHR1	CYHR1
MIR1278	MIR1278
SMCR2	SMCR2
HCG26	HCG26
FAM221B	FAM221B
CT45A3;LOC101060208;LOC101060211	CT45A3;LOC101060208;LOC101060211
AC005562.1;LRRC37BP1;OTTHUMG00000132793	AC005562.1;LRRC37BP1;OTTHUMG00000132793
OR6J1	OR6J1
C2orf50	C2orf50
LOC339535;OTTHUMG00000039532;RP11-371I1.2	LOC339535;OTTHUMG00000039532;RP11-371I1.2
P2RY4	P2RY4
RNU5E-4P	RNU5E-4P
ADAMTS3	ADAMTS3
C6orf89	C6orf89
POU6F2-AS1	POU6F2-AS1
SCN4B	SCN4B
C1orf127	C1orf127
UBE2N	UBE2N
OR13J1	OR13J1
SUN2	SUN2
TSNARE1	TSNARE1
OTTHUMG00000163608;RP11-134O21.1	OTTHUMG00000163608;RP11-134O21.1
CFL1	CFL1
SLC9A5	SLC9A5
RAMP3	RAMP3
MIR519B	MIR519B
OTTHUMG00000016536;RP11-101P17.6	OTTHUMG00000016536;RP11-101P17.6
CNEP1R1	CNEP1R1
NOL7	NOL7
SPATC1	SPATC1
FLJ00096;ZNF503-AS2	FLJ00096;ZNF503-AS2
B3GNT7	B3GNT7
LINC00898;OTTHUMG00000150323;RP11-191L9.6	LINC00898;OTTHUMG00000150323;RP11-191L9.6
AC027119.1;OTTHUMG00000154907	AC027119.1;OTTHUMG00000154907
OTTHUMG00000031837;RP11-19D2.1	OTTHUMG00000031837;RP11-19D2.1
KIAA0754	KIAA0754
FGF11	FGF11
CTD-2013M15.1;OTTHUMG00000162210	CTD-2013M15.1;OTTHUMG00000162210
DARC	DARC
TLX3	TLX3
GS1-259H13.2;LOC100289187;OTTHUMG00000156636	GS1-259H13.2;LOC100289187;OTTHUMG00000156636
OTTHUMG00000164010;RP11-662G23.1	OTTHUMG00000164010;RP11-662G23.1
AC113607.3;OTTHUMG00000151371	AC113607.3;OTTHUMG00000151371
AC074112.1;OTTHUMG00000154585	AC074112.1;OTTHUMG00000154585
CRP	CRP
MAMDC2-AS1;OTTHUMG00000019986;RP11-195E11.2	MAMDC2-AS1;OTTHUMG00000019986;RP11-195E11.2
LIMS2	LIMS2
FMOD	FMOD
LINC00305	LINC00305
HMGB3P30	HMGB3P30
NYAP1	NYAP1
TMTC4	TMTC4
SNX33	SNX33
CTD-2083E4.6;OTTHUMG00000161587	CTD-2083E4.6;OTTHUMG00000161587
FKBP1AP1	FKBP1AP1
FAM20A	FAM20A
CLDN16	CLDN16
CYP8B1	CYP8B1
BCL2L11	BCL2L11
TCEAL2	TCEAL2
CTBP1-AS1;CTBP1-AS2	CTBP1-AS1;CTBP1-AS2
TTTY6;TTTY6B	TTTY6;TTTY6B
PPP2CB	PPP2CB
KCNH5	KCNH5
MYBPC2	MYBPC2
LOC100507108	LOC100507108
OTTHUMG00000015897;RP11-52J3.2	OTTHUMG00000015897;RP11-52J3.2
ASH1L-AS1	ASH1L-AS1
CALCRL	CALCRL
OTTHUMG00000164192;RP11-44K6.3	OTTHUMG00000164192;RP11-44K6.3
STRBP	STRBP
GBX1	GBX1
OTTHUMG00000041395;RP11-569A11.2	OTTHUMG00000041395;RP11-569A11.2
CADM2-AS2	CADM2-AS2
TRIM39	TRIM39
TRIM39	TRIM39
TRIM39	TRIM39
TRIM39	TRIM39
ARSF	ARSF
SLC10A6	SLC10A6
KB-1410C5.3;OTTHUMG00000164828	KB-1410C5.3;OTTHUMG00000164828
MIR4435-1;MIR4435-2	MIR4435-1;MIR4435-2
RASAL1	RASAL1
IL27	IL27
DKK1	DKK1
LRGUK	LRGUK
AVEN	AVEN
IGHV3-20	IGHV3-20
C17orf112	C17orf112
KCNG4	KCNG4
DYDC2	DYDC2
MIR4530	MIR4530
XBP1	XBP1
PSG4	PSG4
P2RY13	P2RY13
TRIAP1	TRIAP1
MIR4669	MIR4669
ZNF833P	ZNF833P
SDHB	SDHB
OTTHUMG00000010912;RP11-14O19.1	OTTHUMG00000010912;RP11-14O19.1
ARHGAP9	ARHGAP9
C6orf47-AS1	C6orf47-AS1
OTTHUMG00000057531;XXbac-BPG296P20.14	OTTHUMG00000057531;XXbac-BPG296P20.14
OTTHUMG00000149277;XXbac-BPG296P20.14	OTTHUMG00000149277;XXbac-BPG296P20.14
OTTHUMG00000149507;XXbac-BPG296P20.14	OTTHUMG00000149507;XXbac-BPG296P20.14
OTTHUMG00000004888;XXbac-BPG296P20.14	OTTHUMG00000004888;XXbac-BPG296P20.14
OTTHUMG00000137395;XXbac-BPG296P20.14	OTTHUMG00000137395;XXbac-BPG296P20.14
OTTHUMG00000000624;RP1-163G9.2	OTTHUMG00000000624;RP1-163G9.2
IMPA1	IMPA1
PTPRN	PTPRN
FBXO48	FBXO48
NUP210P1	NUP210P1
RNMT	RNMT
C9orf163	C9orf163
LINC00449	LINC00449
KCNQ5-AS2	KCNQ5-AS2
MIR1258	MIR1258
CXXC11	CXXC11
TGFB3	TGFB3
WNT3A	WNT3A
COX7C;MIR3607	COX7C;MIR3607
MICALL1	MICALL1
SLITRK1	SLITRK1
OTTHUMG00000020277;RP11-80I15.4	OTTHUMG00000020277;RP11-80I15.4
MAFK	MAFK
KRT7	KRT7
OR2AK2	OR2AK2
MIR4266	MIR4266
MIR4309	MIR4309
FAM212A	FAM212A
VPREB3	VPREB3
SNORD10	SNORD10
OTTHUMG00000002623;RP3-329E20.2	OTTHUMG00000002623;RP3-329E20.2
OR6T1	OR6T1
CTC-338M12.7;OTTHUMG00000163016	CTC-338M12.7;OTTHUMG00000163016
OTTHUMG00000161199;RP11-519M16.1	OTTHUMG00000161199;RP11-519M16.1
RNF219	RNF219
LRRC59	LRRC59
CPN1	CPN1
NBEAL2	NBEAL2
TRBV10-1	TRBV10-1
MYLK-AS2	MYLK-AS2
MICB	MICB
MIR3121	MIR3121
MIR30E	MIR30E
CYSTM1	CYSTM1
LINC00704	LINC00704
INPP4A	INPP4A
AC016724.8;IL36RN;OTTHUMG00000153322	AC016724.8;IL36RN;OTTHUMG00000153322
PECAM1	PECAM1
ZBTB43	ZBTB43
WDR93	WDR93
SELENBP1	SELENBP1
C11orf91;CD59	C11orf91;CD59
ADAM21P1	ADAM21P1
LINC00883;OTTHUMG00000159173;RP11-446H18.3	LINC00883;OTTHUMG00000159173;RP11-446H18.3
ITGB7	ITGB7
RBMY1F;RBMY1J	RBMY1F;RBMY1J
AC096559.1;LOC100506457;OTTHUMG00000151709	AC096559.1;LOC100506457;OTTHUMG00000151709
PRSS46;PRSS50	PRSS46;PRSS50
XAB2	XAB2
MANBA	MANBA
AC004535.2;OTTHUMG00000151923	AC004535.2;OTTHUMG00000151923
OTTHUMG00000007620;OTTHUMG00000007621;OTTHUMG00000007622;RP11-342M1.2;RP11-342M1.3;RP11-342M1.4	OTTHUMG00000007620;OTTHUMG00000007621;OTTHUMG00000007622;RP11-342M1.2;RP11-342M1.3;RP11-342M1.4
ZDHHC7	ZDHHC7
MUC13	MUC13
HYDIN2;LOC101059961;NBPF12	HYDIN2;LOC101059961;NBPF12
KBTBD3	KBTBD3
OTTHUMG00000015925;RP11-13P5.1	OTTHUMG00000015925;RP11-13P5.1
PLSCR5-AS1	PLSCR5-AS1
SHD	SHD
CCDC82	CCDC82
NLE1	NLE1
HNRNPU	HNRNPU
AC079790.2;OTTHUMG00000155109	AC079790.2;OTTHUMG00000155109
EYA2	EYA2
KPNA7	KPNA7
OTTHUMG00000016019;RP11-568A7.2	OTTHUMG00000016019;RP11-568A7.2
TMEM147	TMEM147
RNU7-69P	RNU7-69P
OR12D2	OR12D2
IQCD	IQCD
FAM196B	FAM196B
MIR2053	MIR2053
DPF3	DPF3
MAB21L2	MAB21L2
MSH3	MSH3
KLK11	KLK11
C19orf25	C19orf25
LOC100507334	LOC100507334
PCCA	PCCA
COPG1	COPG1
PRAMEF22;PRAMEF3	PRAMEF22;PRAMEF3
ZNF620	ZNF620
DHRS4-AS1	DHRS4-AS1
DUX2;DUX4;DUX4L2;DUX4L7	DUX2;DUX4;DUX4L2;DUX4L7
NPSR1-AS1	NPSR1-AS1
MIR3939	MIR3939
ZC3H13	ZC3H13
RFFL	RFFL
TRIM42	TRIM42
RNU7-77P	RNU7-77P
SSFA2	SSFA2
OTTHUMG00000157398;RP4-778K6.3	OTTHUMG00000157398;RP4-778K6.3
AIFM3	AIFM3
DCDC2C	DCDC2C
PARP16	PARP16
MIR889	MIR889
FA2H	FA2H
RASSF4	RASSF4
CTA-221G9.7;OTTHUMG00000150865	CTA-221G9.7;OTTHUMG00000150865
OTTHUMG00000156393;RP11-132N15.2	OTTHUMG00000156393;RP11-132N15.2
OTTHUMG00000133119;PIP4K2B;PIP5K2B	OTTHUMG00000133119;PIP4K2B;PIP5K2B
OTTHUMG00000161882;RP11-567N4.2	OTTHUMG00000161882;RP11-567N4.2
CCDC162P	CCDC162P
HDAC3	HDAC3
IL9	IL9
COMMD7	COMMD7
AP001601.2;OTTHUMG00000078687	AP001601.2;OTTHUMG00000078687
RNU6ATAC2P	RNU6ATAC2P
CGNL1	CGNL1
MIR324	MIR324
IARS2	IARS2
KCNA2	KCNA2
LZTR1	LZTR1
GABARAPL2	GABARAPL2
MIR548AC	MIR548AC
FCRL3	FCRL3
NTMT1	NTMT1
EMC7	EMC7
OTTHUMG00000003552;RP3-476K8.3	OTTHUMG00000003552;RP3-476K8.3
FAM90A13P;FAM90A14P	FAM90A13P;FAM90A14P
ZMYND15	ZMYND15
CTB-35F21.4;OTTHUMG00000163348	CTB-35F21.4;OTTHUMG00000163348
OTTHUMG00000015884;RP1-257I9.2	OTTHUMG00000015884;RP1-257I9.2
MIPOL1	MIPOL1
AP000322.53;OTTHUMG00000153030	AP000322.53;OTTHUMG00000153030
IL17RD	IL17RD
CARS-AS1	CARS-AS1
LINC00299	LINC00299
FAM24B	FAM24B
OR10S1	OR10S1
AC015971.2;OTTHUMG00000153204	AC015971.2;OTTHUMG00000153204
GSTT1	GSTT1
C9orf173	C9orf173
WDR82	WDR82
SNORA59A;SNORA59B	SNORA59A;SNORA59B
SNORA59A;SNORA59B	SNORA59A;SNORA59B
LOC100996847;LOC101060536;OTTHUMG00000008077;RP11-117D22.2	LOC100996847;LOC101060536;OTTHUMG00000008077;RP11-117D22.2
OTTHUMG00000161729;RP11-73G16.3	OTTHUMG00000161729;RP11-73G16.3
MYBL1	MYBL1
TEKT2	TEKT2
DMXL1	DMXL1
OTTHUMG00000158357;RP11-889D3.1	OTTHUMG00000158357;RP11-889D3.1
OTTHUMG00000002525;RP11-34P13.9	OTTHUMG00000002525;RP11-34P13.9
SBF1	SBF1
VCX2	VCX2
DYNC2H1	DYNC2H1
ACTB;LOC100505829	ACTB;LOC100505829
NUDT16L1	NUDT16L1
LOC100652834;OTTHUMG00000041126;RP11-541F9.1	LOC100652834;OTTHUMG00000041126;RP11-541F9.1
DNAJC16	DNAJC16
KLHL6-AS1	KLHL6-AS1
AC006026.13;OTTHUMG00000152691	AC006026.13;OTTHUMG00000152691
SLC25A10	SLC25A10
MIR190B	MIR190B
AC074366.3;OTTHUMG00000153449	AC074366.3;OTTHUMG00000153449
LOC643542	LOC643542
METTL2A	METTL2A
AC004878.2;OTTHUMG00000165163	AC004878.2;OTTHUMG00000165163
HLA-DOB	HLA-DOB
E4F1	E4F1
C5orf54	C5orf54
ACTR3B	ACTR3B
LOC285972;OTTHUMG00000158321;RP11-511P7.2	LOC285972;OTTHUMG00000158321;RP11-511P7.2
LOC554223	LOC554223
LIF	LIF
FAM179A	FAM179A
CCDC19	CCDC19
FSD2	FSD2
TOM1L2	TOM1L2
MIR320C2	MIR320C2
AP000469.2;OTTHUMG00000078332	AP000469.2;OTTHUMG00000078332
OTTHUMG00000019916;RP11-397D12.4	OTTHUMG00000019916;RP11-397D12.4
CELF3	CELF3
SNORD58C	SNORD58C
MFI2	MFI2
DUX2;DUX4;DUX4L2;DUX4L3;DUX4L5;DUX4L6;DUX4L7;LOC100288355;LOC100288398;LOC100288433;LOC100288494;LOC100288593;LOC100288657	DUX2;DUX4;DUX4L2;DUX4L3;DUX4L5;DUX4L6;DUX4L7;LOC100288355;LOC100288398;LOC100288433;LOC100288494;LOC100288593;LOC100288657
DUX2;DUX4;DUX4L2;DUX4L3;DUX4L5;DUX4L6;DUX4L7;LOC100288355;LOC100288398;LOC100288433;LOC100288494;LOC100288593;LOC100288657	DUX2;DUX4;DUX4L2;DUX4L3;DUX4L5;DUX4L6;DUX4L7;LOC100288355;LOC100288398;LOC100288433;LOC100288494;LOC100288593;LOC100288657
ARFGAP2	ARFGAP2
OTTHUMG00000164236;RP11-388K12.2	OTTHUMG00000164236;RP11-388K12.2
AC018832.1;OTTHUMG00000154970	AC018832.1;OTTHUMG00000154970
TRIM40	TRIM40
RBP4	RBP4
HIST1H2AL	HIST1H2AL
AC116035.1;OTTHUMG00000155731	AC116035.1;OTTHUMG00000155731
OTTHUMG00000161871;RP11-321E2.3	OTTHUMG00000161871;RP11-321E2.3
AHR	AHR
LINC00341	LINC00341
KCNQ1	KCNQ1
AC008154.4;OTTHUMG00000155377	AC008154.4;OTTHUMG00000155377
OTTHUMG00000037423;RP11-815M8.1	OTTHUMG00000037423;RP11-815M8.1
LINC00334	LINC00334
PLEC	PLEC
ORMDL1	ORMDL1
INHBC	INHBC
WDR83	WDR83
OTTHUMG00000160923;RP11-9B6.1	OTTHUMG00000160923;RP11-9B6.1
MRPL55	MRPL55
CLCA1	CLCA1
MRAP	MRAP
OTTHUMG00000032495;RP4-753D4.2	OTTHUMG00000032495;RP4-753D4.2
IDH2	IDH2
OTTHUMG00000022736;RP11-180D21.3	OTTHUMG00000022736;RP11-180D21.3
PPP6R1	PPP6R1
LINC00617	LINC00617
CAPN8	CAPN8
LOC728554;THOC3	LOC728554;THOC3
DHFRL1	DHFRL1
SFTPC	SFTPC
AC073046.25;OTTHUMG00000152824	AC073046.25;OTTHUMG00000152824
EIF4A2;MIR1248;SNORA4;SNORA63;SNORA81;SNORD2	EIF4A2;MIR1248;SNORA4;SNORA63;SNORA81;SNORD2
OTTHUMG00000159404;RP11-174O3.3	OTTHUMG00000159404;RP11-174O3.3
AC006378.3;BET1;OTTHUMG00000155772	AC006378.3;BET1;OTTHUMG00000155772
HFE2;LOC101060525	HFE2;LOC101060525
CDRT15P1	CDRT15P1
TIRAP	TIRAP
PDPR	PDPR
OTTHUMG00000017546;RP11-69C17.4	OTTHUMG00000017546;RP11-69C17.4
SH3GL1P2	SH3GL1P2
HHATL	HHATL
MIR1245B	MIR1245B
CTD-2050E21.2;OTTHUMG00000163170	CTD-2050E21.2;OTTHUMG00000163170
SCGB1D1	SCGB1D1
PADI2	PADI2
OTTHUMG00000017651;RP11-428L9.2	OTTHUMG00000017651;RP11-428L9.2
DNAJB13	DNAJB13
MTR	MTR
FAM177B	FAM177B
KRT20	KRT20
NANOS1	NANOS1
UGCG	UGCG
GATM-AS1	GATM-AS1
OTTHUMG00000011035;RP5-947P14.1	OTTHUMG00000011035;RP5-947P14.1
MGC39584	MGC39584
AC005042.4;OTTHUMG00000153965	AC005042.4;OTTHUMG00000153965
LINC00348	LINC00348
TEPP	TEPP
TLR7	TLR7
ETFDH	ETFDH
MLF1	MLF1
LRRC36	LRRC36
CYP11A1	CYP11A1
OTTHUMG00000022722;RP11-402P6.9	OTTHUMG00000022722;RP11-402P6.9
MIER2	MIER2
GK5	GK5
LINC00320	LINC00320
SLC13A5	SLC13A5
NAT16	NAT16
LIPG	LIPG
MIR548AA2	MIR548AA2
CALY	CALY
OTTHUMG00000156290;RP11-760D2.5	OTTHUMG00000156290;RP11-760D2.5
SIRT1	SIRT1
MKRN4P	MKRN4P
AP000936.4;OTTHUMG00000066694	AP000936.4;OTTHUMG00000066694
MIR619	MIR619
NEUROD2	NEUROD2
DDX43	DDX43
EIF2B2	EIF2B2
ANXA10	ANXA10
TNFAIP8L2	TNFAIP8L2
OTTHUMG00000014193;RP3-470L22.1	OTTHUMG00000014193;RP3-470L22.1
LOC100289561;LOC100630923;PRKRIP1	LOC100289561;LOC100630923;PRKRIP1
AC073043.1;OTTHUMG00000154483	AC073043.1;OTTHUMG00000154483
HIGD2B	HIGD2B
RNA5SP272	RNA5SP272
MIR548B	MIR548B
ITM2B	ITM2B
OTTHUMG00000164398;RP11-579E24.2	OTTHUMG00000164398;RP11-579E24.2
IL36B	IL36B
ZNF514	ZNF514
CTB-49A3.4;OTTHUMG00000162723	CTB-49A3.4;OTTHUMG00000162723
ALG1L2	ALG1L2
TRIM27	TRIM27
TRIM27	TRIM27
SNORA78	SNORA78
LINC00700	LINC00700
FCGR2A	FCGR2A
MIR4664	MIR4664
OTTHUMG00000018245;RP11-539E19.2	OTTHUMG00000018245;RP11-539E19.2
TNNI3	TNNI3
IL18RAP	IL18RAP
TRNT1	TRNT1
C13orf45	C13orf45
GPR151	GPR151
CPA5	CPA5
OTTHUMG00000161706;RP11-332J15.2	OTTHUMG00000161706;RP11-332J15.2
CAMKK1	CAMKK1
GZMH	GZMH
PTPRN2	PTPRN2
HLA-DOB	HLA-DOB
ABR	ABR
OR6M1	OR6M1
HUWE1	HUWE1
MIR3938	MIR3938
MIR1280	MIR1280
OTTHUMG00000018228;RP11-512N4.2	OTTHUMG00000018228;RP11-512N4.2
RNY5P5	RNY5P5
ASB12;MTMR8	ASB12;MTMR8
CTD-2131I18.1;OTTHUMG00000163048	CTD-2131I18.1;OTTHUMG00000163048
MRPL3	MRPL3
MME	MME
A2ML1	A2ML1
ASB15	ASB15
OTTHUMG00000129569;RP4-684O24.5	OTTHUMG00000129569;RP4-684O24.5
C2CD3	C2CD3
MIR135B	MIR135B
S100A12	S100A12
TMEM41B	TMEM41B
WSB2	WSB2
FRMPD2;FRMPD2P1;FRMPD2P2;OTTHUMG00000018167;RP11-13E1.3	FRMPD2;FRMPD2P1;FRMPD2P2;OTTHUMG00000018167;RP11-13E1.3
AQP10	AQP10
G6PD	G6PD
AF064858.10;OTTHUMG00000066033	AF064858.10;OTTHUMG00000066033
PPP1R3A	PPP1R3A
HENMT1	HENMT1
INO80B	INO80B
AC020571.3;OTTHUMG00000154462	AC020571.3;OTTHUMG00000154462
AC024619.2;OTTHUMG00000132826	AC024619.2;OTTHUMG00000132826
MS4A10	MS4A10
KIAA0232	KIAA0232
OTTHUMG00000163900;RP11-16P20.3	OTTHUMG00000163900;RP11-16P20.3
NUDT21	NUDT21
OTTHUMG00000000491;RP5-864K19.4	OTTHUMG00000000491;RP5-864K19.4
CTD-2233C11.2;OTTHUMG00000162158	CTD-2233C11.2;OTTHUMG00000162158
ZNF778	ZNF778
AP000472.2;OTTHUMG00000078243	AP000472.2;OTTHUMG00000078243
CLRN2	CLRN2
LOC339874;OTTHUMG00000159632;RP11-933H2.4	LOC339874;OTTHUMG00000159632;RP11-933H2.4
EFNA2	EFNA2
RNU6-57P	RNU6-57P
MIR1236;NELFE;RDBP	MIR1236;NELFE;RDBP
LGALS9	LGALS9
PRCD	PRCD
KIAA1210	KIAA1210
CCDC39-AS1	CCDC39-AS1
HPCAL1	HPCAL1
TTLL10	TTLL10
PLAT	PLAT
SNORD37	SNORD37
GMFG	GMFG
PIK3IP1	PIK3IP1
AC005037.3;OTTHUMG00000154691	AC005037.3;OTTHUMG00000154691
CYP2A7	CYP2A7
P2RX1	P2RX1
CTA-217C2.1;LOC100506714;OTTHUMG00000151264	CTA-217C2.1;LOC100506714;OTTHUMG00000151264
IL27RA	IL27RA
AVL9	AVL9
OTTHUMG00000018768;RP11-348J12.2	OTTHUMG00000018768;RP11-348J12.2
MRPL40	MRPL40
RBM20	RBM20
CCNYL1;MIR4775	CCNYL1;MIR4775
METTL21D	METTL21D
OR2J2;OR2J3	OR2J2;OR2J3
FZD3	FZD3
HTR1D	HTR1D
LSS	LSS
AC092687.3;OTTHUMG00000151707	AC092687.3;OTTHUMG00000151707
RNU5A-1	RNU5A-1
FAM115C;LOC154761	FAM115C;LOC154761
UBD	UBD
UBD	UBD
UBD	UBD
HNF1A	HNF1A
KRTAP5-6	KRTAP5-6
DPH5	DPH5
ZMYND10-AS1	ZMYND10-AS1
TMEM30C	TMEM30C
OTTHUMG00000018065;RP11-285G1.2	OTTHUMG00000018065;RP11-285G1.2
OTTHUMG00000165071;RP11-394O4.4	OTTHUMG00000165071;RP11-394O4.4
AC084193.1;OTTHUMG00000152890	AC084193.1;OTTHUMG00000152890
OTTHUMG00000019888;RP11-327L3.3	OTTHUMG00000019888;RP11-327L3.3
IL13RA2	IL13RA2
MRPL11	MRPL11
DPYD-IT1	DPYD-IT1
PDE6C	PDE6C
MSTO1	MSTO1
DNAJA2	DNAJA2
LINC00649;LINC00650	LINC00649;LINC00650
HEG1	HEG1
RPL13;SNORD68	RPL13;SNORD68
P2RY6	P2RY6
PHLDA2	PHLDA2
OTTHUMG00000160737;RP11-161D15.2	OTTHUMG00000160737;RP11-161D15.2
MIR3065	MIR3065
SNRPEP2;SNRPEP3	SNRPEP2;SNRPEP3
OTTHUMG00000036120;RP11-38J22.3	OTTHUMG00000036120;RP11-38J22.3
MSLNL	MSLNL
STXBP2	STXBP2
PDPN	PDPN
TMCO5A	TMCO5A
PPP1R10	PPP1R10
C5orf60	C5orf60
TMEM55B	TMEM55B
LATS2-AS1	LATS2-AS1
CCDC86	CCDC86
DPCR1	DPCR1
WFDC9	WFDC9
ENTPD8	ENTPD8
DOK5	DOK5
AC005355.2;OTTHUMG00000163059	AC005355.2;OTTHUMG00000163059
LSG1	LSG1
LCE2D	LCE2D
OTTHUMG00000164038;RP11-122L4.1	OTTHUMG00000164038;RP11-122L4.1
VCAN-AS1	VCAN-AS1
NAA15	NAA15
FAM186B	FAM186B
LGALS1	LGALS1
AC007464.1;LOC339788;OTTHUMG00000151595	AC007464.1;LOC339788;OTTHUMG00000151595
PCDHB10;PCDHB9	PCDHB10;PCDHB9
LOC100132913;OTTHUMG00000041037;RP11-439A17.7	LOC100132913;OTTHUMG00000041037;RP11-439A17.7
SLC36A2	SLC36A2
ACSL6	ACSL6
GNAT1	GNAT1
BICD2	BICD2
PCDHB2	PCDHB2
TANK	TANK
TMEM249	TMEM249
LMO7-AS1	LMO7-AS1
RNU7-71P	RNU7-71P
AC009365.3;OTTHUMG00000150507	AC009365.3;OTTHUMG00000150507
NCKAP5L	NCKAP5L
SLC5A1	SLC5A1
TGFA-IT1	TGFA-IT1
FLJ37201;OTTHUMG00000018723;RP11-80H5.7	FLJ37201;OTTHUMG00000018723;RP11-80H5.7
OTTHUMG00000160551;RP11-386B13.4	OTTHUMG00000160551;RP11-386B13.4
SPPL2C	SPPL2C
PEX5L-AS2	PEX5L-AS2
SLC5A7	SLC5A7
CC2D1A	CC2D1A
UBE2D3	UBE2D3
UNCX	UNCX
PRPS1L1	PRPS1L1
CDC34	CDC34
OR2AG1	OR2AG1
C2CD4D	C2CD4D
OTTHUMG00000162286;RP11-461C13.1	OTTHUMG00000162286;RP11-461C13.1
DEFB4A;DEFB4B	DEFB4A;DEFB4B
ZNF251	ZNF251
AC012354.6;OTTHUMG00000152422	AC012354.6;OTTHUMG00000152422
CRYBA2	CRYBA2
OTTHUMG00000164617;RP11-594N15.2	OTTHUMG00000164617;RP11-594N15.2
CTD-2215E18.1;OTTHUMG00000162702;OTTHUMG00000162866;RP11-155G15.2	CTD-2215E18.1;OTTHUMG00000162702;OTTHUMG00000162866;RP11-155G15.2
TIMM22	TIMM22
AC011306.1;OTTHUMG00000152028	AC011306.1;OTTHUMG00000152028
ISM2	ISM2
C17orf98	C17orf98
OR2L1P	OR2L1P
KTN1-AS1	KTN1-AS1
C1QTNF9B-AS1	C1QTNF9B-AS1
WBSCR27	WBSCR27
HPS6	HPS6
AC100802.3;OTTHUMG00000163744	AC100802.3;OTTHUMG00000163744
OTTHUMG00000137387;RP4-614C15.2	OTTHUMG00000137387;RP4-614C15.2
KAZN	KAZN
OTTHUMG00000031836;RP4-764O22.2	OTTHUMG00000031836;RP4-764O22.2
C15orf43	C15orf43
CYP21A2	CYP21A2
NDRG3	NDRG3
OVGP1	OVGP1
OTTHUMG00000164307;RP11-379I19.3	OTTHUMG00000164307;RP11-379I19.3
FLJ31306	FLJ31306
CILP2	CILP2
CYCS	CYCS
USH1G	USH1G
OR2T29;OR2T5	OR2T29;OR2T5
RNU7-41P	RNU7-41P
LYZL4	LYZL4
OTTHUMG00000010830;RP11-421L21.2	OTTHUMG00000010830;RP11-421L21.2
AMMECR1L	AMMECR1L
AC023590.1;OTTHUMG00000059818	AC023590.1;OTTHUMG00000059818
MIR892B	MIR892B
C6	C6
APAF1	APAF1
LINC00453	LINC00453
OTTHUMG00000158322;RP4-584D14.5	OTTHUMG00000158322;RP4-584D14.5
MOK	MOK
TMC5	TMC5
CHST13	CHST13
RPL23AP7	RPL23AP7
MIR1343	MIR1343
OTTHUMG00000010913;RP11-14O19.2	OTTHUMG00000010913;RP11-14O19.2
LFNG;MIR4648	LFNG;MIR4648
ARID3B	ARID3B
GTPBP8	GTPBP8
CFP	CFP
OTTHUMG00000037527;RP4-656G21.1	OTTHUMG00000037527;RP4-656G21.1
OTTHUMG00000151086;OTTHUMG00000151089;RP3-508I15.18;RP3-508I15.19	OTTHUMG00000151086;OTTHUMG00000151089;RP3-508I15.18;RP3-508I15.19
LOC100996654;OTTHUMG00000156071;RP11-745C15.2	LOC100996654;OTTHUMG00000156071;RP11-745C15.2
LINC00604	LINC00604
DEFB103A;DEFB103B	DEFB103A;DEFB103B
AC020594.5;OTTHUMG00000152537	AC020594.5;OTTHUMG00000152537
OTTHUMG00000016090;XX-C2158C6.1	OTTHUMG00000016090;XX-C2158C6.1
ARHGEF4	ARHGEF4
TMEM99	TMEM99
ANKUB1	ANKUB1
DNAJC2	DNAJC2
OTTHUMG00000161454;RP11-360A10.1	OTTHUMG00000161454;RP11-360A10.1
NICN1	NICN1
MIR578	MIR578
USP17L6P	USP17L6P
FAM156A;FAM156B	FAM156A;FAM156B
ZNF804B	ZNF804B
CHRAC1	CHRAC1
OTTHUMG00000035741;RP11-92G12.3	OTTHUMG00000035741;RP11-92G12.3
IL1RL2	IL1RL2
EIF1AD	EIF1AD
SPTBN1	SPTBN1
OCIAD2	OCIAD2
NARR;RAB34	NARR;RAB34
SLC20A2	SLC20A2
KDELR2	KDELR2
SLC36A3	SLC36A3
OTTHUMG00000162515;RP11-5N11.4	OTTHUMG00000162515;RP11-5N11.4
DGUOK	DGUOK
APOBEC3A;APOBEC3A_B	APOBEC3A;APOBEC3A_B
PER3	PER3
MRS2	MRS2
KLF13	KLF13
OTTHUMG00000037783;RP5-837I24.6	OTTHUMG00000037783;RP5-837I24.6
LPPR2	LPPR2
AC016903.2;OTTHUMG00000154542	AC016903.2;OTTHUMG00000154542
RNU6-53P	RNU6-53P
OTTHUMG00000032221;RP11-410N8.3	OTTHUMG00000032221;RP11-410N8.3
S100PBP	S100PBP
LOC100132240;OTTHUMG00000010300;RP11-488P3.1	LOC100132240;OTTHUMG00000010300;RP11-488P3.1
PPARG	PPARG
OTTHUMG00000015227;RP1-23E21.2	OTTHUMG00000015227;RP1-23E21.2
TLR1	TLR1
CHRNA9	CHRNA9
DEFB104A;DEFB104B	DEFB104A;DEFB104B
PSG2;PSG5	PSG2;PSG5
CPSF3	CPSF3
ACTL7A	ACTL7A
AC006372.5;LOC100506534;OTTHUMG00000152645	AC006372.5;LOC100506534;OTTHUMG00000152645
OTTHUMG00000017562;RP11-195B3.1	OTTHUMG00000017562;RP11-195B3.1
OTTHUMG00000009148;RP11-5P4.2	OTTHUMG00000009148;RP11-5P4.2
USP12	USP12
ZBTB25	ZBTB25
AP1G1	AP1G1
CTB-35F21.1;OTTHUMG00000163333	CTB-35F21.1;OTTHUMG00000163333
TUBA4A	TUBA4A
C22orf26	C22orf26
KRT34;LOC100653049	KRT34;LOC100653049
FAM86FP	FAM86FP
MFGE8	MFGE8
EPS15P1	EPS15P1
CYP4F11	CYP4F11
MIR4291	MIR4291
OTTHUMG00000019258;RP11-442O18.2	OTTHUMG00000019258;RP11-442O18.2
C17orf50	C17orf50
HKR1;LOC100507342	HKR1;LOC100507342
OR52B6	OR52B6
BAMBI	BAMBI
OTTHUMG00000017843;RP13-16H11.2	OTTHUMG00000017843;RP13-16H11.2
OTTHUMG00000161283;RP11-733C7.1	OTTHUMG00000161283;RP11-733C7.1
AC010731.3;OTTHUMG00000154730	AC010731.3;OTTHUMG00000154730
GIGYF2	GIGYF2
AC009499.2;OTTHUMG00000152139	AC009499.2;OTTHUMG00000152139
FAM223B	FAM223B
PLA2G2A	PLA2G2A
AC092620.2;OTTHUMG00000153633;SPOPL	AC092620.2;OTTHUMG00000153633;SPOPL
RTN4RL1	RTN4RL1
DNAI1	DNAI1
DUX2;DUX4;DUX4L2;DUX4L3;DUX4L5;DUX4L6;DUX4L7;LOC100288355;LOC100288398;LOC100288433;LOC100288494;LOC100288593;LOC100288627;LOC100288657	DUX2;DUX4;DUX4L2;DUX4L3;DUX4L5;DUX4L6;DUX4L7;LOC100288355;LOC100288398;LOC100288433;LOC100288494;LOC100288593;LOC100288627;LOC100288657
COQ3	COQ3
OCIAD1	OCIAD1
WDR38	WDR38
ZNF845	ZNF845
DEFB131;LOC100129216	DEFB131;LOC100129216
LOC731223	LOC731223
CDC37;MIR1181	CDC37;MIR1181
TAF7L	TAF7L
OTTHUMG00000022458;RP11-308B5.2	OTTHUMG00000022458;RP11-308B5.2
OR2G6	OR2G6
OR4F17;OR4F4	OR4F17;OR4F4
KRT33B	KRT33B
LINC00900	LINC00900
FAM223A;FAM223B	FAM223A;FAM223B
AURKAIP1	AURKAIP1
PDZD9	PDZD9
CBLN1	CBLN1
AC124861.1;OTTHUMG00000152377	AC124861.1;OTTHUMG00000152377
PAQR9	PAQR9
LOC100996465;OTTHUMG00000058499;U52112.12	LOC100996465;OTTHUMG00000058499;U52112.12
ACVR2B	ACVR2B
OTTHUMG00000150108;RP3-429G5.5	OTTHUMG00000150108;RP3-429G5.5
MIR3156-1	MIR3156-1
OTTHUMG00000033267;RP11-276E17.2	OTTHUMG00000033267;RP11-276E17.2
HRCT1	HRCT1
KCNH2	KCNH2
KCTD8	KCTD8
LOC100505664;OTTHUMG00000032057;RP4-737E23.2	LOC100505664;OTTHUMG00000032057;RP4-737E23.2
AC012668.3;OTTHUMG00000154832	AC012668.3;OTTHUMG00000154832
OTTHUMG00000014665;RP1-34B21.5;UNC5CL	OTTHUMG00000014665;RP1-34B21.5;UNC5CL
TTLL3	TTLL3
OR52N5	OR52N5
OTTHUMG00000015716;RP11-439L18.1	OTTHUMG00000015716;RP11-439L18.1
RNA5SP168	RNA5SP168
SARDH	SARDH
OTTHUMG00000160395;RP11-292B1.2	OTTHUMG00000160395;RP11-292B1.2
MIR1299	MIR1299
ZFP1	ZFP1
AGO4;EIF2C4	AGO4;EIF2C4
CEACAMP3	CEACAMP3
AC068535.3;OTTHUMG00000153049	AC068535.3;OTTHUMG00000153049
FAM209A;FAM209B	FAM209A;FAM209B
DUX4;DUX4L	DUX4;DUX4L
MRPL10	MRPL10
OTTHUMG00000015930;RP11-125D12.1	OTTHUMG00000015930;RP11-125D12.1
TBC1D8B	TBC1D8B
RPL6	RPL6
OTTHUMG00000020554;RP11-45A16.3	OTTHUMG00000020554;RP11-45A16.3
FAM90A13P;FAM90A14P	FAM90A13P;FAM90A14P
LOC100131257	LOC100131257
OTTHUMG00000161364;RP11-1079K10.2	OTTHUMG00000161364;RP11-1079K10.2
GABRA1	GABRA1
DNMT3A	DNMT3A
RGS4	RGS4
MIR761;NRD1	MIR761;NRD1
AK7	AK7
CEP44	CEP44
CSAG4;LOC101060230;MAGEA12	CSAG4;LOC101060230;MAGEA12
SLC1A7	SLC1A7
OSCAR	OSCAR
NDUFV2	NDUFV2
HSF2	HSF2
SETD3	SETD3
OTTHUMG00000020933;RP11-611D20.2	OTTHUMG00000020933;RP11-611D20.2
OR4Q3	OR4Q3
SNORD109A;SNORD109B	SNORD109A;SNORD109B
SNORD109A;SNORD109B	SNORD109A;SNORD109B
CLEC7A	CLEC7A
AC108051.1;OTTHUMG00000153097	AC108051.1;OTTHUMG00000153097
SORCS2	SORCS2
AC012506.2;OTTHUMG00000151900	AC012506.2;OTTHUMG00000151900
OR14A16	OR14A16
OTTHUMG00000018960;RP11-18I14.7;TMEM180	OTTHUMG00000018960;RP11-18I14.7;TMEM180
LINC00605	LINC00605
IL23R	IL23R
TIMM44	TIMM44
TPM3P9;ZNF761	TPM3P9;ZNF761
SEC63	SEC63
N4BP2	N4BP2
OTTHUMG00000037789;RP5-858B6.1	OTTHUMG00000037789;RP5-858B6.1
OTTHUMG00000018904;RP11-316M21.7	OTTHUMG00000018904;RP11-316M21.7
SEPT14	SEPT14
OTTHUMG00000159957;RP11-319G6.3	OTTHUMG00000159957;RP11-319G6.3
ZSCAN26	ZSCAN26
MICB	MICB
OTTHUMG00000043773;RP11-5K23.5	OTTHUMG00000043773;RP11-5K23.5
MSANTD1	MSANTD1
IGHV5-51	IGHV5-51
PEX26	PEX26
MIR219-1	MIR219-1
MIR219-1	MIR219-1
MIR219-1	MIR219-1
MIR219-1	MIR219-1
MIR219-1	MIR219-1
MIR219-1	MIR219-1
OTTHUMG00000014335;RP11-239H6.2	OTTHUMG00000014335;RP11-239H6.2
XPO6	XPO6
SIGLEC7	SIGLEC7
MED14-AS1	MED14-AS1
BEAN1	BEAN1
B3GNT6	B3GNT6
OTTHUMG00000160328;RP11-756P10.5	OTTHUMG00000160328;RP11-756P10.5
FAM120A	FAM120A
STAC	STAC
OTTHUMG00000014623;RP1-153P14.5	OTTHUMG00000014623;RP1-153P14.5
OTTHUMG00000159723;RP11-433A10.2	OTTHUMG00000159723;RP11-433A10.2
CTAGE15;CTAGE15P	CTAGE15;CTAGE15P
AC011294.3;OTTHUMG00000155474	AC011294.3;OTTHUMG00000155474
AC074011.2;OTTHUMG00000152013	AC074011.2;OTTHUMG00000152013
DHDH	DHDH
CCHCR1	CCHCR1
RNF207	RNF207
DEFB4A;DEFB4B	DEFB4A;DEFB4B
OR14K1	OR14K1
ACO2	ACO2
OTTHUMG00000039975;RP11-245P10.4	OTTHUMG00000039975;RP11-245P10.4
LOC143188	LOC143188
ZSCAN10	ZSCAN10
AC011899.10;OTTHUMG00000152647	AC011899.10;OTTHUMG00000152647
YPEL4	YPEL4
FOXO1	FOXO1
OTTHUMG00000015138;RP11-321N4.3	OTTHUMG00000015138;RP11-321N4.3
MIR1912	MIR1912
OTTHUMG00000008327;RP11-378I13.1	OTTHUMG00000008327;RP11-378I13.1
LOC150776	LOC150776
MIR548O2	MIR548O2
TRIM49D1;TRIM49D2P	TRIM49D1;TRIM49D2P
LINC00243	LINC00243
PGLYRP2	PGLYRP2
RIN2	RIN2
KB-1460A1.3;OTTHUMG00000164822	KB-1460A1.3;OTTHUMG00000164822
ANKRD62	ANKRD62
AC016716.2;OTTHUMG00000152926	AC016716.2;OTTHUMG00000152926
DEFB122	DEFB122
ATP11B	ATP11B
NOTCH1	NOTCH1
HSD52;OTTHUMG00000008403;RP11-470E16.1	HSD52;OTTHUMG00000008403;RP11-470E16.1
OTTHUMG00000150912;RP3-438O4.4	OTTHUMG00000150912;RP3-438O4.4
MICB	MICB
SEC24C	SEC24C
SVOP	SVOP
FAHD2A	FAHD2A
OTTHUMG00000032926;RP11-93B14.6	OTTHUMG00000032926;RP11-93B14.6
BAG6;BAT3;OTTHUMG00000149640	BAG6;BAT3;OTTHUMG00000149640
ZNF532	ZNF532
ILK	ILK
TPTEP1	TPTEP1
AP001631.9;OTTHUMG00000086845	AP001631.9;OTTHUMG00000086845
LINC00603	LINC00603
NREP-AS1	NREP-AS1
LOC253044	LOC253044
OTTHUMG00000160568;RP11-362I1.1	OTTHUMG00000160568;RP11-362I1.1
PCTP	PCTP
ANKDD1B	ANKDD1B
LRRC3	LRRC3
CELF6	CELF6
SPRR2A	SPRR2A
AC096732.2;OTTHUMG00000155267	AC096732.2;OTTHUMG00000155267
OTTHUMG00000043647;RP1-65J11.5	OTTHUMG00000043647;RP1-65J11.5
GAPVD1	GAPVD1
CASC4	CASC4
SLC22A15	SLC22A15
OTTHUMG00000018462;RP11-537A6.9	OTTHUMG00000018462;RP11-537A6.9
OTTHUMG00000037063;RP5-1111A8.3	OTTHUMG00000037063;RP5-1111A8.3
SUSD4	SUSD4
TRAV4	TRAV4
SH3TC2	SH3TC2
OTTHUMG00000020566;RP11-349E4.1	OTTHUMG00000020566;RP11-349E4.1
OTTHUMG00000164337;RP11-280G9.1	OTTHUMG00000164337;RP11-280G9.1
TRBV25OR9-2	TRBV25OR9-2
CEACAM3	CEACAM3
C19orf33	C19orf33
TRBV7-8	TRBV7-8
RAB30	RAB30
LINC00161	LINC00161
CD300LG	CD300LG
SEC23IP	SEC23IP
SCAMP5	SCAMP5
LINC00353	LINC00353
MIR4710	MIR4710
TMEM183A;TMEM183B	TMEM183A;TMEM183B
SCARNA15	SCARNA15
FGF12	FGF12
NMS	NMS
COL4A1	COL4A1
AC093326.2;OTTHUMG00000151361	AC093326.2;OTTHUMG00000151361
AC000111.6;OTTHUMG00000133661	AC000111.6;OTTHUMG00000133661
RNF44	RNF44
LINC00864;OTTHUMG00000018674;RP11-399L7.2	LINC00864;OTTHUMG00000018674;RP11-399L7.2
HECTD4	HECTD4
IFNA13	IFNA13
OTTHUMG00000008928;RP4-784A16.1	OTTHUMG00000008928;RP4-784A16.1
ADAP2	ADAP2
OTTHUMG00000159246;RP11-90K6.1	OTTHUMG00000159246;RP11-90K6.1
GRB14	GRB14
RAG1	RAG1
OTTHUMG00000160648;RP11-231C18.2	OTTHUMG00000160648;RP11-231C18.2
CCDC60	CCDC60
OTTHUMG00000162376;RP11-1250I15.1	OTTHUMG00000162376;RP11-1250I15.1
MIR943;NELFA;WHSC2	MIR943;NELFA;WHSC2
MEMO1	MEMO1
TKTL2	TKTL2
MIR4284	MIR4284
MIIP	MIIP
MYL12A	MYL12A
MIR184	MIR184
GRAMD2	GRAMD2
PPM1A	PPM1A
MIR130A	MIR130A
C2orf65;M1AP	C2orf65;M1AP
OTTHUMG00000014909;RP11-472M19.2	OTTHUMG00000014909;RP11-472M19.2
RGL1	RGL1
MGC16025	MGC16025
LINC00518	LINC00518
MIR644A	MIR644A
TUBB	TUBB
MYH6	MYH6
ACOX3	ACOX3
E2F5	E2F5
LL22NC03-121E8.3;OTTHUMG00000150318	LL22NC03-121E8.3;OTTHUMG00000150318
MYBPH	MYBPH
CAPSL	CAPSL
OR6K3	OR6K3
NAV2-AS4	NAV2-AS4
APOL1	APOL1
OTTHUMG00000162183;RP11-557J10.4	OTTHUMG00000162183;RP11-557J10.4
BMP1	BMP1
OTTHUMG00000016041;RP11-503C24.2	OTTHUMG00000016041;RP11-503C24.2
AC114752.1;OTTHUMG00000152671	AC114752.1;OTTHUMG00000152671
ABCB7	ABCB7
MIR4253	MIR4253
HOGA1	HOGA1
CTB-147C13.1;OTTHUMG00000163146	CTB-147C13.1;OTTHUMG00000163146
AC016722.3;OTTHUMG00000153084	AC016722.3;OTTHUMG00000153084
TATDN3	TATDN3
OTTHUMG00000019763;RP11-326F20.5	OTTHUMG00000019763;RP11-326F20.5
AP001058.3;OTTHUMG00000086915	AP001058.3;OTTHUMG00000086915
GNG5P2	GNG5P2
IKBIP	IKBIP
FAM159A	FAM159A
HSPA1A	HSPA1A
EAF2	EAF2
AC017002.1;OTTHUMG00000153695	AC017002.1;OTTHUMG00000153695
SPSB2	SPSB2
MRPS26	MRPS26
OTTHUMG00000014592;RP1-50J22.4	OTTHUMG00000014592;RP1-50J22.4
LY6G6E	LY6G6E
LINC00936	LINC00936
ZNF32-AS2	ZNF32-AS2
LOC286238;OTTHUMG00000020171;RP13-60M5.2	LOC286238;OTTHUMG00000020171;RP13-60M5.2
ARHGEF3-AS1	ARHGEF3-AS1
DVL1	DVL1
CTC-293G12.1;OTTHUMG00000162806	CTC-293G12.1;OTTHUMG00000162806
VPS13B	VPS13B
CHRDL2	CHRDL2
KB-173C10.2;OTTHUMG00000164708	KB-173C10.2;OTTHUMG00000164708
UBE2W	UBE2W
TMEM232	TMEM232
OTTHUMG00000036070;RP11-350G8.5	OTTHUMG00000036070;RP11-350G8.5
OTTHUMG00000157115;RP11-390E23.3	OTTHUMG00000157115;RP11-390E23.3
AFAP1L1	AFAP1L1
AC034228.3;OTTHUMG00000059638	AC034228.3;OTTHUMG00000059638
NSAP11;OTTHUMG00000163712;RP11-161I2.1	NSAP11;OTTHUMG00000163712;RP11-161I2.1
DHRS12	DHRS12
OTTHUMG00000018301;RP11-120C12.3	OTTHUMG00000018301;RP11-120C12.3
ECD;OTTHUMG00000018451;RP11-152N13.3	ECD;OTTHUMG00000018451;RP11-152N13.3
TCF4	TCF4
CTB-161M19.4;OTTHUMG00000162961	CTB-161M19.4;OTTHUMG00000162961
OTTHUMG00000037874;RP11-361K17.2	OTTHUMG00000037874;RP11-361K17.2
OTTHUMG00000040653;RP11-978I15.10	OTTHUMG00000040653;RP11-978I15.10
MIR140	MIR140
AC004691.5;OTTHUMG00000152799	AC004691.5;OTTHUMG00000152799
PTGES2-AS1	PTGES2-AS1
AP006216.5;OTTHUMG00000046113	AP006216.5;OTTHUMG00000046113
ZNF614	ZNF614
SPACA1	SPACA1
OTTHUMG00000161606;RP11-468D11.1	OTTHUMG00000161606;RP11-468D11.1
PROX1-AS1	PROX1-AS1
NUDT10	NUDT10
OTTHUMG00000018487;RP11-574K11.16;ZSWIM8-AS1	OTTHUMG00000018487;RP11-574K11.16;ZSWIM8-AS1
OTTHUMG00000019252;RP11-4C20.4	OTTHUMG00000019252;RP11-4C20.4
PROKR2	PROKR2
GALNT8	GALNT8
C1D	C1D
KLF12	KLF12
NOP58	NOP58
LUCAT1;OTTHUMG00000162611;RP11-213H15.3	LUCAT1;OTTHUMG00000162611;RP11-213H15.3
OTTHUMG00000012411;RP11-418J17.3	OTTHUMG00000012411;RP11-418J17.3
DISC1;TSNAX;TSNAX-DISC1	DISC1;TSNAX;TSNAX-DISC1
MAPK8IP2	MAPK8IP2
HLA-DPB1	HLA-DPB1
MRPS5	MRPS5
SNORD114-31	SNORD114-31
NPC1	NPC1
OTTHUMG00000008404;RP11-145M4.3	OTTHUMG00000008404;RP11-145M4.3
NCRNA00171;OTTHUMG00000148736;ZNRD1-AS1	NCRNA00171;OTTHUMG00000148736;ZNRD1-AS1
NCRNA00171;OTTHUMG00000148915;ZNRD1-AS1	NCRNA00171;OTTHUMG00000148915;ZNRD1-AS1
SLC39A5	SLC39A5
OTTHUMG00000150992;RP3-508I15.10	OTTHUMG00000150992;RP3-508I15.10
RNU5F-7P	RNU5F-7P
ENO3	ENO3
LOC283914	LOC283914
TNIP2	TNIP2
TNFRSF13C	TNFRSF13C
OTTHUMG00000039533;RP11-177F15.1	OTTHUMG00000039533;RP11-177F15.1
PXDN	PXDN
SCARNA18	SCARNA18
OR2B3	OR2B3
OR2B3	OR2B3
OR2B3	OR2B3
OR2B3	OR2B3
OR2B3	OR2B3
OR2B3	OR2B3
AC114763.1;OTTHUMG00000153617	AC114763.1;OTTHUMG00000153617
SNORA80B	SNORA80B
AC091178.1;LRRC37A11P;OTTHUMG00000133184	AC091178.1;LRRC37A11P;OTTHUMG00000133184
SPATA4	SPATA4
NOB1	NOB1
CXorf36	CXorf36
ILDR1	ILDR1
AC097467.2;OTTHUMG00000150212	AC097467.2;OTTHUMG00000150212
MIR626	MIR626
LDB3	LDB3
OTTHUMG00000159628;RP11-292E2.4	OTTHUMG00000159628;RP11-292E2.4
LINC00210	LINC00210
DUSP5P1	DUSP5P1
SUGT1P3;TPTE2P5	SUGT1P3;TPTE2P5
LINC00283	LINC00283
TTTY13	TTTY13
HSPA1A	HSPA1A
MIR337	MIR337
MIR4328	MIR4328
AC005152.2;FLJ37644;OTTHUMG00000132234	AC005152.2;FLJ37644;OTTHUMG00000132234
MRVI1-AS1	MRVI1-AS1
SNORD12	SNORD12
PTMAP5	PTMAP5
ZNF696	ZNF696
AC009518.8;OTTHUMG00000155195	AC009518.8;OTTHUMG00000155195
OTTHUMG00000002089;RP3-467K16.2	OTTHUMG00000002089;RP3-467K16.2
LOC101060234;LOC101060305;TEX28;TEX28P1	LOC101060234;LOC101060305;TEX28;TEX28P1
MIR1200	MIR1200
OTTHUMG00000017697;RP11-445K13.2	OTTHUMG00000017697;RP11-445K13.2
STON2	STON2
NFATC2	NFATC2
OTTHUMG00000073673;RP11-126K1.8	OTTHUMG00000073673;RP11-126K1.8
SWI5	SWI5
GAGE1	GAGE1
OTTHUMG00000161731;RP11-525J21.1	OTTHUMG00000161731;RP11-525J21.1
RAB6B	RAB6B
BRD2	BRD2
VAV2	VAV2
TMEM161B-AS1	TMEM161B-AS1
AC005083.1;LOC100506098;OTTHUMG00000152503	AC005083.1;LOC100506098;OTTHUMG00000152503
TRAV12-1	TRAV12-1
SIAH2	SIAH2
C19orf35	C19orf35
AC074391.1;FLJ16124;OTTHUMG00000152768	AC074391.1;FLJ16124;OTTHUMG00000152768
ADAM6	ADAM6
NDUFA5	NDUFA5
SPATA12	SPATA12
OTTHUMG00000018384;RP11-343J3.2	OTTHUMG00000018384;RP11-343J3.2
FLJ13197;OTTHUMG00000160386;RP11-617D20.1	FLJ13197;OTTHUMG00000160386;RP11-617D20.1
ZNHIT6	ZNHIT6
SLC34A1	SLC34A1
STEAP2-AS1	STEAP2-AS1
OTTHUMG00000156608;RP11-3P22.1	OTTHUMG00000156608;RP11-3P22.1
PRAMEF2	PRAMEF2
KCND3-IT1	KCND3-IT1
SPRY2	SPRY2
LOC100507325	LOC100507325
RNY4P23	RNY4P23
TPI1P2	TPI1P2
UGT2B15;UGT2B17	UGT2B15;UGT2B17
SLC26A8	SLC26A8
AP001625.4;OTTHUMG00000086811;SLC37A1	AP001625.4;OTTHUMG00000086811;SLC37A1
USE1	USE1
TMEM191A	TMEM191A
AGR3	AGR3
IGDCC3	IGDCC3
OTTHUMG00000014120;RP1-80B9.2	OTTHUMG00000014120;RP1-80B9.2
OTTHUMG00000041379;RP11-480I12.5	OTTHUMG00000041379;RP11-480I12.5
POM121L4P	POM121L4P
DAB1	DAB1
TPTE2P1	TPTE2P1
CASP12	CASP12
OTTHUMG00000014707;RP3-475N16.1	OTTHUMG00000014707;RP3-475N16.1
CD36	CD36
B4GALT2	B4GALT2
OTTHUMG00000161434;RP11-6C14.1	OTTHUMG00000161434;RP11-6C14.1
MIR93	MIR93
PRRG2	PRRG2
DEFA1;DEFA1B	DEFA1;DEFA1B
OTTHUMG00000020728;RP11-379C10.4	OTTHUMG00000020728;RP11-379C10.4
FTMT	FTMT
DUSP1	DUSP1
CCHCR1	CCHCR1
CELF2-AS1	CELF2-AS1
ADAMTS14	ADAMTS14
MSRA	MSRA
AC092431.1;ANXA4;OTTHUMG00000152686	AC092431.1;ANXA4;OTTHUMG00000152686
KIF7	KIF7
LOC100507547;PRRT1	LOC100507547;PRRT1
AC002472.13;LOC400891;OTTHUMG00000150897	AC002472.13;LOC400891;OTTHUMG00000150897
ANKRD61	ANKRD61
CGA	CGA
PRR23B	PRR23B
PHC3	PHC3
RPL15	RPL15
SI	SI
SLC26A3	SLC26A3
DMAP1	DMAP1
SPDYE3	SPDYE3
OTTHUMG00000164193;RP11-44K6.4	OTTHUMG00000164193;RP11-44K6.4
OTTHUMG00000014389;RP3-522P13.3	OTTHUMG00000014389;RP3-522P13.3
AC007327.5;OTTHUMG00000154941	AC007327.5;OTTHUMG00000154941
MIR548Y	MIR548Y
OTTHUMG00000019883;RP11-112J3.15	OTTHUMG00000019883;RP11-112J3.15
OR6C6	OR6C6
LOC100287049;OTTHUMG00000033109;RP11-574F21.2	LOC100287049;OTTHUMG00000033109;RP11-574F21.2
VCY;VCY1B	VCY;VCY1B
CTD-2161F6.2;OTTHUMG00000161642;OTTHUMG00000161647;RP11-445O3.2	CTD-2161F6.2;OTTHUMG00000161642;OTTHUMG00000161647;RP11-445O3.2
KDM4E	KDM4E
OR14J1	OR14J1
OR14J1	OR14J1
OR14J1	OR14J1
AC006150.1;OTTHUMG00000152476	AC006150.1;OTTHUMG00000152476
SNORD35B	SNORD35B
RXRB	RXRB
MAGEB6	MAGEB6
OTTHUMG00000161956;RP11-549K20.1	OTTHUMG00000161956;RP11-549K20.1
MXI1	MXI1
CCDC66	CCDC66
OTTHUMG00000020435;RP11-308N19.4	OTTHUMG00000020435;RP11-308N19.4
OTTHUMG00000156487;RP11-321E8.4	OTTHUMG00000156487;RP11-321E8.4
GLIPR2	GLIPR2
OTTHUMG00000017184;RP11-158A8.1	OTTHUMG00000017184;RP11-158A8.1
CTC-431G16.2;OTTHUMG00000162658	CTC-431G16.2;OTTHUMG00000162658
OTTHUMG00000161192;RP11-436A7.1	OTTHUMG00000161192;RP11-436A7.1
C1orf186;OTTHUMG00000036123;RP11-38J22.6	C1orf186;OTTHUMG00000036123;RP11-38J22.6
HOMEZ	HOMEZ
ELMOD3	ELMOD3
CNGA1	CNGA1
OR51A4	OR51A4
BAG6;BAT3;OTTHUMG00000149124	BAG6;BAT3;OTTHUMG00000149124
IGHV3-66	IGHV3-66
LOC100996626;PNRC2	LOC100996626;PNRC2
AC116609.2;OTTHUMG00000151380	AC116609.2;OTTHUMG00000151380
PSD4	PSD4
RBM7	RBM7
OTTHUMG00000162955;RP11-2N5.1	OTTHUMG00000162955;RP11-2N5.1
PRELID1P3	PRELID1P3
SNORA13	SNORA13
OTTHUMG00000020419;RP11-217B7.3	OTTHUMG00000020419;RP11-217B7.3
UGT2B10	UGT2B10
MYSM1	MYSM1
OTTHUMG00000015607;RP3-323P13.2	OTTHUMG00000015607;RP3-323P13.2
LY6G6E	LY6G6E
LY6G6E	LY6G6E
LY6G6E	LY6G6E
LY6G6E	LY6G6E
LY6G6E	LY6G6E
LY6G6E	LY6G6E
SNORD114-2	SNORD114-2
SUPT5H	SUPT5H
CLYBL-IT1	CLYBL-IT1
OTTHUMG00000009772;RP11-413G15.1	OTTHUMG00000009772;RP11-413G15.1
OR14J1	OR14J1
OR14J1	OR14J1
OR14J1	OR14J1
OTTHUMG00000015393;RP1-105O18.1	OTTHUMG00000015393;RP1-105O18.1
CYB5RL	CYB5RL
FKBP15	FKBP15
AC010096.2;OTTHUMG00000151774	AC010096.2;OTTHUMG00000151774
OTTHUMG00000156469;RP11-3N2.1	OTTHUMG00000156469;RP11-3N2.1
PTEN	PTEN
AC008074.3;OTTHUMG00000152670	AC008074.3;OTTHUMG00000152670
CTA-398F10.1;OTTHUMG00000163730	CTA-398F10.1;OTTHUMG00000163730
NPR1;OTTHUMG00000041237;RP11-354A16.2	NPR1;OTTHUMG00000041237;RP11-354A16.2
GNG12	GNG12
OTTHUMG00000148992;XXbac-BPG296P20.14	OTTHUMG00000148992;XXbac-BPG296P20.14
MIR4297	MIR4297
OTTHUMG00000134297;RP4-723E3.1	OTTHUMG00000134297;RP4-723E3.1
HAMP	HAMP
CD101	CD101
H3F3C	H3F3C
ATP6V1C1	ATP6V1C1
KIAA0319	KIAA0319
OTTHUMG00000017016;RP11-168G22.3	OTTHUMG00000017016;RP11-168G22.3
DUSP28	DUSP28
RWDD3	RWDD3
OOEP	OOEP
CTC-535M15.2;OTTHUMG00000163870	CTC-535M15.2;OTTHUMG00000163870
FOXF1	FOXF1
TMEM140	TMEM140
OTTHUMG00000157170;RP11-3B12.1	OTTHUMG00000157170;RP11-3B12.1
ZNF646	ZNF646
COX18	COX18
PITPNB	PITPNB
LOC100505519;TIAM2	LOC100505519;TIAM2
STAM	STAM
P2RX6	P2RX6
GHR	GHR
SERGEF	SERGEF
PP2D1	PP2D1
BRCC3	BRCC3
MIR520H	MIR520H
CTA-212D2.2;OTTHUMG00000015625	CTA-212D2.2;OTTHUMG00000015625
AWAT1	AWAT1
ARRDC4	ARRDC4
OTTHUMG00000020548;RP11-523L1.2	OTTHUMG00000020548;RP11-523L1.2
PTGDR2	PTGDR2
ALOX12	ALOX12
AL157902.3;LOC100996263;OTTHUMG00000013706	AL157902.3;LOC100996263;OTTHUMG00000013706
HTR3C	HTR3C
SEZ6L	SEZ6L
RIMBP2	RIMBP2
PLD3	PLD3
DNASE1L2	DNASE1L2
CCDC68	CCDC68
AP000688.11;OTTHUMG00000086615	AP000688.11;OTTHUMG00000086615
ANKRD20A3;LOC101059935	ANKRD20A3;LOC101059935
RGAG4	RGAG4
TEFM	TEFM
MIR511-1;MIR511-2	MIR511-1;MIR511-2
MIR511-1;MIR511-2	MIR511-1;MIR511-2
LMCD1-AS1	LMCD1-AS1
KLHL30-AS1	KLHL30-AS1
PPAP2A	PPAP2A
PAPSS2	PAPSS2
AGR2	AGR2
DCAF15	DCAF15
OTTHUMG00000151675;U51244.2	OTTHUMG00000151675;U51244.2
METTL7B	METTL7B
ARMCX4	ARMCX4
EFNA1	EFNA1
VPS35	VPS35
OTTHUMG00000016711;RP11-141M1.1	OTTHUMG00000016711;RP11-141M1.1
OTTHUMG00000164520;RP11-1145L24.1	OTTHUMG00000164520;RP11-1145L24.1
FSTL5	FSTL5
PCDHA7	PCDHA7
TMEM40	TMEM40
CCDC61	CCDC61
C11orf89	C11orf89
KRTAP13-4	KRTAP13-4
AC093843.1;OTTHUMG00000153856	AC093843.1;OTTHUMG00000153856
LOC400654	LOC400654
OTTHUMG00000164273;RP11-388G22.1	OTTHUMG00000164273;RP11-388G22.1
FPR3	FPR3
CTD-2232E5.2;OTTHUMG00000162670	CTD-2232E5.2;OTTHUMG00000162670
AC144449.1;OTTHUMG00000153745	AC144449.1;OTTHUMG00000153745
FNIP2	FNIP2
SLC29A3	SLC29A3
DPY19L2P4	DPY19L2P4
GPR31	GPR31
HM13-AS1	HM13-AS1
CTC-461F20.1;OTTHUMG00000161823	CTC-461F20.1;OTTHUMG00000161823
MIR7-3	MIR7-3
FUT7	FUT7
OTTHUMG00000019555;RP11-74C3.1	OTTHUMG00000019555;RP11-74C3.1
KISS1	KISS1
SNORD119	SNORD119
MPV17L2	MPV17L2
LINC00588	LINC00588
MIR4318	MIR4318
LOC284379	LOC284379
SUSD1	SUSD1
OTTHUMG00000016072;RP1-182D15.2	OTTHUMG00000016072;RP1-182D15.2
GPR158-AS1	GPR158-AS1
C11orf20;KCNK4;TEX40	C11orf20;KCNK4;TEX40
ARID5A	ARID5A
ATP5J2	ATP5J2
BRMS1L	BRMS1L
FRMD4B	FRMD4B
GP6	GP6
IL2RG	IL2RG
CYP2C8	CYP2C8
PPP1R3F	PPP1R3F
KL	KL
OTTHUMG00000161755;RP11-269F21.2	OTTHUMG00000161755;RP11-269F21.2
WDR52-AS1	WDR52-AS1
UGT2A3	UGT2A3
ATPAF1	ATPAF1
AC008278.3;OTTHUMG00000151727	AC008278.3;OTTHUMG00000151727
BAG6;BAT3;OTTHUMG00000149381	BAG6;BAT3;OTTHUMG00000149381
PMP2	PMP2
OTTHUMG00000032720;RP11-290F20.2	OTTHUMG00000032720;RP11-290F20.2
LINC00229	LINC00229
BRD2-IT1	BRD2-IT1
OTTHUMG00000149985;XXbac-BPG181M17.4	OTTHUMG00000149985;XXbac-BPG181M17.4
OTTHUMG00000149373;XXbac-BPG181M17.4	OTTHUMG00000149373;XXbac-BPG181M17.4
OTTHUMG00000149632;XXbac-BPG181M17.4	OTTHUMG00000149632;XXbac-BPG181M17.4
OTTHUMG00000149963;XXbac-BPG181M17.4	OTTHUMG00000149963;XXbac-BPG181M17.4
OTTHUMG00000150001;XXbac-BPG181M17.4	OTTHUMG00000150001;XXbac-BPG181M17.4
AC005027.3;OTTHUMG00000155112	AC005027.3;OTTHUMG00000155112
ICK	ICK
INTS9	INTS9
BX004987.6;OTTHUMG00000013631	BX004987.6;OTTHUMG00000013631
MIR4289	MIR4289
HS3ST6	HS3ST6
RBM38	RBM38
MDH1	MDH1
USP17L12	USP17L12
RN7SKP7	RN7SKP7
ST7-AS1	ST7-AS1
TEX14	TEX14
KLHL24	KLHL24
MAP3K14-AS1	MAP3K14-AS1
CTC-503K11.2;OTTHUMG00000162810	CTC-503K11.2;OTTHUMG00000162810
OR14C36	OR14C36
GFOD1	GFOD1
PATL2	PATL2
LOC100506813;OTTHUMG00000150405;RP3-439F8.1	LOC100506813;OTTHUMG00000150405;RP3-439F8.1
OTTHUMG00000017976;RP11-258F22.1	OTTHUMG00000017976;RP11-258F22.1
MARK2	MARK2
LGALS17A;OTTHUMG00000141285	LGALS17A;OTTHUMG00000141285
OTTHUMG00000037359;RP11-322F10.2	OTTHUMG00000037359;RP11-322F10.2
LZTS1-AS1;RNA5SP257	LZTS1-AS1;RNA5SP257
LINC00446	LINC00446
RGS5	RGS5
C16orf90	C16orf90
LOC100133207	LOC100133207
OTTHUMG00000164850;RP11-419K12.1	OTTHUMG00000164850;RP11-419K12.1
EFR3B	EFR3B
SLC26A4-AS1	SLC26A4-AS1
PIM3	PIM3
CHRNB1	CHRNB1
FAM74A2;FAM74A4	FAM74A2;FAM74A4
AC092657.2;OTTHUMG00000155471	AC092657.2;OTTHUMG00000155471
FITM1	FITM1
LRRN3	LRRN3
C11orf92	C11orf92
MLXIP	MLXIP
OTTHUMG00000164087;RP11-723D22.3	OTTHUMG00000164087;RP11-723D22.3
OTTHUMG00000163830;RP11-51J9.4	OTTHUMG00000163830;RP11-51J9.4
NDST1	NDST1
OTTHUMG00000019752;RP11-462B18.2	OTTHUMG00000019752;RP11-462B18.2
LSM7	LSM7
ARFGEF2	ARFGEF2
ADM5	ADM5
OR5AR1	OR5AR1
CACNA1C-AS1	CACNA1C-AS1
TOMM20L	TOMM20L
PPP1R10	PPP1R10
PPP1R10	PPP1R10
OTTHUMG00000037758;RP11-552D4.1	OTTHUMG00000037758;RP11-552D4.1
OTTHUMG00000036134;RP11-565N2.2	OTTHUMG00000036134;RP11-565N2.2
DAQB-12N14.5;LOC100507362;OTTHUMG00000066098	DAQB-12N14.5;LOC100507362;OTTHUMG00000066098
DAQB-12N14.5;LOC100507362;OTTHUMG00000148881	DAQB-12N14.5;LOC100507362;OTTHUMG00000148881
ATL3	ATL3
AF124730.4;OTTHUMG00000078877	AF124730.4;OTTHUMG00000078877
SNORD116-2;SNORD116-6	SNORD116-2;SNORD116-6
TMEM70	TMEM70
OTTHUMG00000019174;RP11-62L18.3	OTTHUMG00000019174;RP11-62L18.3
GUSBP1;GUSBP4;LINC00680;LOC100996497	GUSBP1;GUSBP4;LINC00680;LOC100996497
LOR	LOR
UBD	UBD
FRRS1L	FRRS1L
MARCH9	MARCH9
BAG6;BAT3;OTTHUMG00000031455	BAG6;BAT3;OTTHUMG00000031455
BAG6;BAT3;OTTHUMG00000137392	BAG6;BAT3;OTTHUMG00000137392
CD5L	CD5L
BACH1-IT2	BACH1-IT2
DCUN1D2	DCUN1D2
FAR1	FAR1
CCNE2	CCNE2
PAX5	PAX5
MTFP1	MTFP1
MIR192	MIR192
AC097713.3;OTTHUMG00000153158	AC097713.3;OTTHUMG00000153158
OTTHUMG00000020614;RP11-64P14.7	OTTHUMG00000020614;RP11-64P14.7
CDC14C	CDC14C
OTTHUMG00000067927;RP11-328M4.3	OTTHUMG00000067927;RP11-328M4.3
PRPF40B	PRPF40B
LOC653566	LOC653566
PEX11G	PEX11G
SPAG9	SPAG9
AC105760.2;OTTHUMG00000153027	AC105760.2;OTTHUMG00000153027
NAPSB	NAPSB
DNM3-IT1	DNM3-IT1
DNTT	DNTT
ABT1	ABT1
FAM66B	FAM66B
HSD17B7	HSD17B7
LOC732360	LOC732360
ATOH7	ATOH7
MIR4272	MIR4272
PXDNL	PXDNL
KRTAP4-12	KRTAP4-12
OTTHUMG00000159050;RP11-185E8.1	OTTHUMG00000159050;RP11-185E8.1
GALNT9	GALNT9
HSPA1L	HSPA1L
SMARCD2	SMARCD2
LOC100507447;OTTHUMG00000159460;RP11-71N10.1	LOC100507447;OTTHUMG00000159460;RP11-71N10.1
MRPS14	MRPS14
CYLC2	CYLC2
OTTHUMG00000031932;RP4-705D16.3	OTTHUMG00000031932;RP4-705D16.3
CLDN23	CLDN23
MIR3160-1	MIR3160-1
COL18A1-AS1	COL18A1-AS1
MIR4659A	MIR4659A
OTTHUMG00000149451;TIGD1L	OTTHUMG00000149451;TIGD1L
AC073236.3;OTTHUMG00000151464	AC073236.3;OTTHUMG00000151464
AC007098.1;OTTHUMG00000152544	AC007098.1;OTTHUMG00000152544
OTTHUMG00000021953;RP13-348B13.2	OTTHUMG00000021953;RP13-348B13.2
TP53INP2	TP53INP2
OTTHUMG00000008126;RP1-158P9.1	OTTHUMG00000008126;RP1-158P9.1
SRPK1	SRPK1
RXRB	RXRB
SNORA24	SNORA24
GPATCH4	GPATCH4
RNF38	RNF38
MCOLN2	MCOLN2
LINC00950	LINC00950
COL16A1	COL16A1
PARP14	PARP14
OTTHUMG00000148697;XXbac-BPG308J9.3	OTTHUMG00000148697;XXbac-BPG308J9.3
SKOR2	SKOR2
KB-1562D12.1;OTTHUMG00000164833	KB-1562D12.1;OTTHUMG00000164833
DOCK2	DOCK2
LINC00708	LINC00708
TMED3	TMED3
CTC-340I23.2;OTTHUMG00000163450	CTC-340I23.2;OTTHUMG00000163450
EMC2	EMC2
ONECUT3	ONECUT3
OTTHUMG00000014191;RP1-80N2.2	OTTHUMG00000014191;RP1-80N2.2
MIR1537	MIR1537
HOMER2	HOMER2
CTC-459M5.1;OTTHUMG00000162896	CTC-459M5.1;OTTHUMG00000162896
OTTHUMG00000160964;RP11-498M5.2	OTTHUMG00000160964;RP11-498M5.2
LARS2-AS1	LARS2-AS1
PCOLCE2	PCOLCE2
LINC00536	LINC00536
KIAA1984-AS1	KIAA1984-AS1
LRRC2	LRRC2
GTPBP6	GTPBP6
GTPBP6	GTPBP6
GHSR	GHSR
NXT1	NXT1
AC011330.13;OTTHUMG00000150036	AC011330.13;OTTHUMG00000150036
OTTHUMG00000015823;RP11-136K14.3	OTTHUMG00000015823;RP11-136K14.3
OTTHUMG00000157317;RP4-630C24.3	OTTHUMG00000157317;RP4-630C24.3
TMEM79	TMEM79
SORT1	SORT1
RNU7-65P	RNU7-65P
NMRK2	NMRK2
OTTHUMG00000162002;RP11-113I22.1	OTTHUMG00000162002;RP11-113I22.1
OTTHUMG00000160365;RP11-619J20.1	OTTHUMG00000160365;RP11-619J20.1
OTTHUMG00000020919;RP11-432J22.2	OTTHUMG00000020919;RP11-432J22.2
WFDC3	WFDC3
NUAK1	NUAK1
OR5R1	OR5R1
SMOC2	SMOC2
GIMD1	GIMD1
OR2T1	OR2T1
OTOP2	OTOP2
NLRP5	NLRP5
LOC643441	LOC643441
AC078842.3;OTTHUMG00000155708	AC078842.3;OTTHUMG00000155708
MFSD4	MFSD4
OTTHUMG00000158734;RP11-543A18.1	OTTHUMG00000158734;RP11-543A18.1
OTTHUMG00000164531;RP11-38H17.1	OTTHUMG00000164531;RP11-38H17.1
MMP2	MMP2
AC072062.3;OTTHUMG00000154798	AC072062.3;OTTHUMG00000154798
RNF39	RNF39
OTTHUMG00000058670;RP11-58A12.3	OTTHUMG00000058670;RP11-58A12.3
VWC2L-IT1	VWC2L-IT1
OTTHUMG00000018629;RP11-344L13.2	OTTHUMG00000018629;RP11-344L13.2
LGALS9B	LGALS9B
ABHD12B;MIR4454	ABHD12B;MIR4454
ACSM3	ACSM3
OTTHUMG00000155987;RP11-699L21.2	OTTHUMG00000155987;RP11-699L21.2
TSTA3	TSTA3
NSL1	NSL1
OTTHUMG00000041183;RP11-444D13.1	OTTHUMG00000041183;RP11-444D13.1
CXCL9	CXCL9
TMPRSS11B	TMPRSS11B
SAC3D1	SAC3D1
FRG2B	FRG2B
C9orf169	C9orf169
CNTN4-AS2	CNTN4-AS2
TSPEAR	TSPEAR
AC083864.3;OTTHUMG00000155064	AC083864.3;OTTHUMG00000155064
GRB10	GRB10
CEP19	CEP19
CTB-167B5.1;OTTHUMG00000164017	CTB-167B5.1;OTTHUMG00000164017
FSCB	FSCB
FAM22B	FAM22B
DNAL1	DNAL1
ADAM8	ADAM8
C11orf1	C11orf1
OTTHUMG00000161063;RP11-689K5.3	OTTHUMG00000161063;RP11-689K5.3
EEF1G;MIR3654	EEF1G;MIR3654
ZNF865	ZNF865
EIF5B	EIF5B
SULT1B1	SULT1B1
EHMT1	EHMT1
SYT9	SYT9
OTTHUMG00000162438;RP11-2O17.2	OTTHUMG00000162438;RP11-2O17.2
AC026904.1;OTTHUMG00000141277	AC026904.1;OTTHUMG00000141277
NEURL3	NEURL3
TMEM151B	TMEM151B
SLC35F1	SLC35F1
WFS1	WFS1
GAR1	GAR1
DDAH1	DDAH1
C3orf49	C3orf49
BAG6;BAT3;OTTHUMG00000149936	BAG6;BAT3;OTTHUMG00000149936
AC083843.2;OTTHUMG00000164325	AC083843.2;OTTHUMG00000164325
NCBP2-AS2	NCBP2-AS2
RNU7-85P	RNU7-85P
LOC100505683;OTTHUMG00000032063;RP3-322G13.5	LOC100505683;OTTHUMG00000032063;RP3-322G13.5
GUCY1A2	GUCY1A2
AC003101.1;MIR365B;OTTHUMG00000132786	AC003101.1;MIR365B;OTTHUMG00000132786
C3orf37	C3orf37
SLC25A36	SLC25A36
OTTHUMG00000161604;RP11-259O2.1	OTTHUMG00000161604;RP11-259O2.1
FXR1	FXR1
MIR4432	MIR4432
ZNF737	ZNF737
TRIM40	TRIM40
TCP11	TCP11
OTTHUMG00000018710;RP11-149I23.3	OTTHUMG00000018710;RP11-149I23.3
GUCA2A	GUCA2A
EPN2;EPN2-IT1;LOC79999	EPN2;EPN2-IT1;LOC79999
ABCA11P;ZNF721	ABCA11P;ZNF721
ZNF395	ZNF395
E2F3-IT1	E2F3-IT1
TRAPPC8	TRAPPC8
AC012307.2;OTTHUMG00000155213	AC012307.2;OTTHUMG00000155213
TSSK3	TSSK3
ACTR3BP4	ACTR3BP4
ZNF648	ZNF648
GPR174	GPR174
SNCG	SNCG
FAM95B1	FAM95B1
TMEM66	TMEM66
GGTLC2	GGTLC2
GALK1	GALK1
RNU5B-4P	RNU5B-4P
ASMTL-AS1	ASMTL-AS1
ASMTL-AS1	ASMTL-AS1
AAMDC	AAMDC
OTTHUMG00000164199;RP11-567J20.2	OTTHUMG00000164199;RP11-567J20.2
GS1-542M4.4;OTTHUMG00000021111	GS1-542M4.4;OTTHUMG00000021111
SAAL1	SAAL1
MIR487A	MIR487A
SPRR2G	SPRR2G
MRPL50	MRPL50
MIR4730	MIR4730
KRT8P12	KRT8P12
OR10H5	OR10H5
RNA5SP259	RNA5SP259
GSTK1	GSTK1
OTTHUMG00000160362;RP11-548L20.1	OTTHUMG00000160362;RP11-548L20.1
BPIFB2	BPIFB2
SAP30L	SAP30L
MIR4732	MIR4732
AC011330.12;CKMT1A;CKMT1B;OTTHUMG00000150038	AC011330.12;CKMT1A;CKMT1B;OTTHUMG00000150038
OTTHUMG00000156955;U73167.7	OTTHUMG00000156955;U73167.7
FLJ45832;OTTHUMG00000133197;RP4-610C12.4	FLJ45832;OTTHUMG00000133197;RP4-610C12.4
OTTHUMG00000156122;RP11-310H4.3	OTTHUMG00000156122;RP11-310H4.3
FBXW7	FBXW7
ATP10D	ATP10D
OTTHUMG00000046223;RP1-149M18.3	OTTHUMG00000046223;RP1-149M18.3
CLEC12A	CLEC12A
UGT2B4	UGT2B4
LINC00499	LINC00499
MLKL	MLKL
FAM90A25P	FAM90A25P
MIR1279	MIR1279
UBD	UBD
OTTHUMG00000157252;RP11-706D8.3	OTTHUMG00000157252;RP11-706D8.3
DAPK1-IT1	DAPK1-IT1
THRB-AS1	THRB-AS1
TRIM43;TRIM43B	TRIM43;TRIM43B
IGSF11-AS1	IGSF11-AS1
AC098820.2;OTTHUMG00000154843	AC098820.2;OTTHUMG00000154843
RAB2B	RAB2B
ACTR3BP5	ACTR3BP5
ANKRD30BL;LOC100132154	ANKRD30BL;LOC100132154
OTTHUMG00000156274;RP11-196D18.1	OTTHUMG00000156274;RP11-196D18.1
EIF3H	EIF3H
AC019186.1;OTTHUMG00000153914	AC019186.1;OTTHUMG00000153914
TAS2R39	TAS2R39
SLC25A42	SLC25A42
MRPS27	MRPS27
SLC22A3	SLC22A3
GC	GC
PEX7	PEX7
OTTHUMG00000020399;RP11-341A22.2	OTTHUMG00000020399;RP11-341A22.2
N4BP3;OTTHUMG00000163456;RP11-889L3.3	N4BP3;OTTHUMG00000163456;RP11-889L3.3
OTTHUMG00000012108;RP11-159M11.2	OTTHUMG00000012108;RP11-159M11.2
KIAA1656;OTTHUMG00000151008;RNF215;RP1-130H16.16	KIAA1656;OTTHUMG00000151008;RNF215;RP1-130H16.16
OTTHUMG00000042022;RP11-533N14.3	OTTHUMG00000042022;RP11-533N14.3
MFAP1	MFAP1
RNA5SP70	RNA5SP70
ZNF83	ZNF83
DISC2	DISC2
MIR550B2	MIR550B2
SAMD9L	SAMD9L
OTTHUMG00000163914;RP11-566H8.1	OTTHUMG00000163914;RP11-566H8.1
LINC00479	LINC00479
ENPP2	ENPP2
RNU5A-5P	RNU5A-5P
IL2RB	IL2RB
IDNK	IDNK
YPEL1	YPEL1
PRSS1	PRSS1
OTTHUMG00000162169;RP11-182I21.2	OTTHUMG00000162169;RP11-182I21.2
OTTHUMG00000022472;RP11-85L21.6	OTTHUMG00000022472;RP11-85L21.6
AK8	AK8
KIR2DL3;LOC100653050	KIR2DL3;LOC100653050
AC007952.6;EPN2;EPN2-IT1;LOC79999;OTTHUMG00000059429	AC007952.6;EPN2;EPN2-IT1;LOC79999;OTTHUMG00000059429
AP000998.2;OTTHUMG00000074517	AP000998.2;OTTHUMG00000074517
HIST2H2BA	HIST2H2BA
KCNB1	KCNB1
IGFBP1	IGFBP1
CTC-251I16.1;OTTHUMG00000163182	CTC-251I16.1;OTTHUMG00000163182
BBS12	BBS12
AC016735.2;OTTHUMG00000152373	AC016735.2;OTTHUMG00000152373
SCRN3	SCRN3
IGHD3-3	IGHD3-3
OTTHUMG00000133715;XXbac-BPG299F13.14	OTTHUMG00000133715;XXbac-BPG299F13.14
OTTHUMG00000148962;XXbac-BPG299F13.14	OTTHUMG00000148962;XXbac-BPG299F13.14
OTTHUMG00000162862;RP11-278J6.3	OTTHUMG00000162862;RP11-278J6.3
MIR4498	MIR4498
LINC00434	LINC00434
RNF39	RNF39
RNF39	RNF39
RNF39	RNF39
RNF39	RNF39
UBD	UBD
RICTOR	RICTOR
TTTY8;TTTY8B	TTTY8;TTTY8B
TTTY8;TTTY8B	TTTY8;TTTY8B
FLJ45079	FLJ45079
ZFPM2	ZFPM2
LOC100124692;LOC93432;OTTHUMG00000158558;RP11-1220K2.2	LOC100124692;LOC93432;OTTHUMG00000158558;RP11-1220K2.2
C2orf76	C2orf76
GHRLOS2;LINC00852	GHRLOS2;LINC00852
MOSPD3	MOSPD3
OTTHUMG00000009166;RP11-342H21.2	OTTHUMG00000009166;RP11-342H21.2
OTTHUMG00000161086;RP11-286E11.2	OTTHUMG00000161086;RP11-286E11.2
SUV39H2	SUV39H2
AC074389.6;LOC401296;OTTHUMG00000151500	AC074389.6;LOC401296;OTTHUMG00000151500
ACTG1	ACTG1
LOC100294145	LOC100294145
LOC100294145	LOC100294145
LOC100294145	LOC100294145
PRAMEF14	PRAMEF14
GART	GART
TRIM27	TRIM27
OTTHUMG00000164161;RP11-100L22.3	OTTHUMG00000164161;RP11-100L22.3
RPL35	RPL35
RXRB	RXRB
RXRB	RXRB
ANKRD11	ANKRD11
PIN4P1	PIN4P1
OR4X1	OR4X1
MINK1	MINK1
C1orf213	C1orf213
RAB3IL1	RAB3IL1
MIR3202-2	MIR3202-2
FLJ37644	FLJ37644
EIF4E3	EIF4E3
RNA5SP26	RNA5SP26
OTTHUMG00000018026;RP11-168L22.2	OTTHUMG00000018026;RP11-168L22.2
ZNF549	ZNF549
OPRK1	OPRK1
CD1C	CD1C
LOC153910;OTTHUMG00000015712;RP11-440G9.1	LOC153910;OTTHUMG00000015712;RP11-440G9.1
C6orf10	C6orf10
WDR36	WDR36
AC114783.1;LOC339760;OTTHUMG00000153376	AC114783.1;LOC339760;OTTHUMG00000153376
IFIT1B	IFIT1B
AK2	AK2
OR51E1	OR51E1
FAM180B	FAM180B
AC006019.4;OTTHUMG00000151522	AC006019.4;OTTHUMG00000151522
EDF1	EDF1
OTTHUMG00000015539;RP1-86D1.4	OTTHUMG00000015539;RP1-86D1.4
CALHM3	CALHM3
OTTHUMG00000058271;RP1-149A16.12	OTTHUMG00000058271;RP1-149A16.12
OTTHUMG00000161550;RP11-15B17.4	OTTHUMG00000161550;RP11-15B17.4
PUM2	PUM2
ANKRD30BP3;OTTHUMG00000018074;RP11-445N18.7	ANKRD30BP3;OTTHUMG00000018074;RP11-445N18.7
OTTHUMG00000017397;RP11-199F6.4	OTTHUMG00000017397;RP11-199F6.4
OTTHUMG00000164250;RP11-26M5.3	OTTHUMG00000164250;RP11-26M5.3
BRD1	BRD1
OTTHUMG00000163661;RP11-10A14.5	OTTHUMG00000163661;RP11-10A14.5
FPGT;FPGT-TNNI3K;TNNI3K	FPGT;FPGT-TNNI3K;TNNI3K
GPR65	GPR65
AC006380.3;OTTHUMG00000152878	AC006380.3;OTTHUMG00000152878
AC012668.2;OTTHUMG00000154833	AC012668.2;OTTHUMG00000154833
CCT4	CCT4
FAM13A-AS1	FAM13A-AS1
MIR380	MIR380
OTTHUMG00000160427;RP11-600L4.1	OTTHUMG00000160427;RP11-600L4.1
HRG	HRG
RNF138P1	RNF138P1
HLA-DOB	HLA-DOB
LRRC37A5P	LRRC37A5P
MUC5AC	MUC5AC
UBXN7-AS1	UBXN7-AS1
WASF3-AS1	WASF3-AS1
HNF1A-AS1	HNF1A-AS1
OTTHUMG00000150375;RP11-278H7.4	OTTHUMG00000150375;RP11-278H7.4
CTB-33O18.3;LOC285593;OTTHUMG00000163342	CTB-33O18.3;LOC285593;OTTHUMG00000163342
IRAK1BP1;OTTHUMG00000015070;RP11-173D14.1	IRAK1BP1;OTTHUMG00000015070;RP11-173D14.1
OVCH2	OVCH2
NLRX1	NLRX1
TAS2R7	TAS2R7
LINC00968;OTTHUMG00000164412;RP11-16M8.2	LINC00968;OTTHUMG00000164412;RP11-16M8.2
RRP9	RRP9
TRAPPC10	TRAPPC10
MIR3944	MIR3944
LINC00332	LINC00332
LINC00372	LINC00372
TTC23L	TTC23L
OTTHUMG00000014459;RP11-457M11.2;ZNF322	OTTHUMG00000014459;RP11-457M11.2;ZNF322
GP2	GP2
HLA-DOA	HLA-DOA
CDH7	CDH7
MIB1	MIB1
LINC00351	LINC00351
POMGNT1	POMGNT1
OXCT1-AS1	OXCT1-AS1
LSM1	LSM1
OTTHUMG00000150300;RP1-29C18.10	OTTHUMG00000150300;RP1-29C18.10
AC004066.3;OTTHUMG00000161046	AC004066.3;OTTHUMG00000161046
KRT37	KRT37
AC007349.7;OTTHUMG00000154945	AC007349.7;OTTHUMG00000154945
TPM1	TPM1
OTTHUMG00000056480;RP5-1103B4.3	OTTHUMG00000056480;RP5-1103B4.3
OTTHUMG00000160883;RP11-377G16.2	OTTHUMG00000160883;RP11-377G16.2
CGB;CGB5;CGB8	CGB;CGB5;CGB8
DCXR	DCXR
OTTHUMG00000161600;RP11-259O2.2	OTTHUMG00000161600;RP11-259O2.2
OTTHUMG00000010648;RP11-148B18.1	OTTHUMG00000010648;RP11-148B18.1
WDR48	WDR48
GCGR	GCGR
LOC100506530	LOC100506530
MBD3L1	MBD3L1
TSSK3	TSSK3
HBZ	HBZ
LINC00571	LINC00571
MARC2	MARC2
LOC100996286;OTTHUMG00000161715;RP11-18H21.1	LOC100996286;OTTHUMG00000161715;RP11-18H21.1
FMO2	FMO2
SIM2	SIM2
OTTHUMG00000021757;RP13-57D9.3	OTTHUMG00000021757;RP13-57D9.3
PTTG3P	PTTG3P
CEACAM5	CEACAM5
CCDC41-AS1	CCDC41-AS1
STAU1	STAU1
OTTHUMG00000162414;RP11-266N13.2	OTTHUMG00000162414;RP11-266N13.2
LOC100996246	LOC100996246
HIST1H3A;HIST1H3B;HIST1H3C;HIST1H3D;HIST1H3E;HIST1H3F;HIST1H3G;HIST1H3H;HIST1H3I;HIST1H3J	HIST1H3A;HIST1H3B;HIST1H3C;HIST1H3D;HIST1H3E;HIST1H3F;HIST1H3G;HIST1H3H;HIST1H3I;HIST1H3J
RGS9	RGS9
AMER3;FAM123C	AMER3;FAM123C
GS1-279B7.1;LOC100288079;OTTHUMG00000035393	GS1-279B7.1;LOC100288079;OTTHUMG00000035393
ZKSCAN1	ZKSCAN1
CTC-472C24.1;OTTHUMG00000162884	CTC-472C24.1;OTTHUMG00000162884
OTTHUMG00000034359;XX-FW81066F1.2	OTTHUMG00000034359;XX-FW81066F1.2
OTTHUMG00000015084;RP1-92C4.2	OTTHUMG00000015084;RP1-92C4.2
NCRNA00171;OTTHUMG00000004811;ZNRD1-AS1	NCRNA00171;OTTHUMG00000004811;ZNRD1-AS1
RHCE	RHCE
GPR137B	GPR137B
OTTHUMG00000163719;RP11-618M23.3	OTTHUMG00000163719;RP11-618M23.3
AC092675.4;OTTHUMG00000153105	AC092675.4;OTTHUMG00000153105
LMO3	LMO3
MYCN	MYCN
OTTHUMG00000015829;RP1-292B18.3	OTTHUMG00000015829;RP1-292B18.3
HIBCH	HIBCH
KRTAP2-1	KRTAP2-1
BTN1A1	BTN1A1
OTTHUMG00000009567;RP11-275A6.1	OTTHUMG00000009567;RP11-275A6.1
PGC	PGC
LOC100272216	LOC100272216
MIR4637	MIR4637
SH3BGRL3	SH3BGRL3
RAP2A	RAP2A
BLVRA	BLVRA
LOC100507175	LOC100507175
OTTHUMG00000024194;U82670.4	OTTHUMG00000024194;U82670.4
OR6C68	OR6C68
OTTHUMG00000158360;RP11-875H7.1	OTTHUMG00000158360;RP11-875H7.1
MIR371A;MIR372	MIR371A;MIR372
EIF3B	EIF3B
OTTHUMG00000022671;RP11-218L14.4	OTTHUMG00000022671;RP11-218L14.4
NACA2	NACA2
LOC100128770	LOC100128770
LOC100507560	LOC100507560
AC004070.1;OTTHUMG00000022543	AC004070.1;OTTHUMG00000022543
IRF8	IRF8
OTTHUMG00000159928;RP3-330M21.5	OTTHUMG00000159928;RP3-330M21.5
EIF3FP3	EIF3FP3
LOC100130849	LOC100130849
LARGE-IT1	LARGE-IT1
OTTHUMG00000000720;RP3-395M20.2	OTTHUMG00000000720;RP3-395M20.2
ZSCAN5C	ZSCAN5C
DIP2A-IT1	DIP2A-IT1
AC012317.1;FLJ45256;OTTHUMG00000131650	AC012317.1;FLJ45256;OTTHUMG00000131650
LMO1	LMO1
TRBV20OR9-2	TRBV20OR9-2
RNA5SP261	RNA5SP261
SNORD53	SNORD53
TSPAN16	TSPAN16
GSTO1	GSTO1
EPOR	EPOR
OTTHUMG00000158209;RP11-450H5.1	OTTHUMG00000158209;RP11-450H5.1
CARD6	CARD6
LINC00869;OTTHUMG00000013956;OTTHUMG00000182668;OTTHUMG00000182669;RP11-277L2.2;RP11-353N4.6;RP11-353N4.7	LINC00869;OTTHUMG00000013956;OTTHUMG00000182668;OTTHUMG00000182669;RP11-277L2.2;RP11-353N4.6;RP11-353N4.7
TNFAIP8L3	TNFAIP8L3
OR1K1	OR1K1
SNORA70B	SNORA70B
MIR548AA1;PALMD	MIR548AA1;PALMD
CDH23;LOC100653137	CDH23;LOC100653137
E2F2	E2F2
UCN	UCN
FOXH1	FOXH1
OTTHUMG00000160385;RP11-83C7.1	OTTHUMG00000160385;RP11-83C7.1
TMPRSS9	TMPRSS9
PANK4	PANK4
KRTAP5-AS1	KRTAP5-AS1
MIR4764	MIR4764
ACTR3BP6	ACTR3BP6
FAM203A;FAM203B	FAM203A;FAM203B
ARAP1	ARAP1
PTH2R	PTH2R
NPRL3	NPRL3
PET112	PET112
AC079354.3;LOC729224;OTTHUMG00000154578	AC079354.3;LOC729224;OTTHUMG00000154578
OTTHUMG00000164068;RP11-723D22.2	OTTHUMG00000164068;RP11-723D22.2
PRMT1	PRMT1
ELK4;SLC45A3	ELK4;SLC45A3
OR6A2	OR6A2
ZNF525	ZNF525
IFNB1	IFNB1
ZNF789	ZNF789
CTAG2	CTAG2
OTTHUMG00000020188;RP11-316P17.2;UNQ6494	OTTHUMG00000020188;RP11-316P17.2;UNQ6494
AGAP3	AGAP3
MIR1292;NOP56;SNORA51;SNORD110;SNORD56;SNORD57;SNORD86	MIR1292;NOP56;SNORA51;SNORD110;SNORD56;SNORD57;SNORD86
LOC100505834	LOC100505834
OR51J1	OR51J1
OR2H1	OR2H1
OR2H1	OR2H1
AC011366.3;LOC100289673;OTTHUMG00000163576	AC011366.3;LOC100289673;OTTHUMG00000163576
SNORD18A	SNORD18A
PLOD1	PLOD1
MIR4634	MIR4634
PKIG	PKIG
OTTHUMG00000012449;RP1-13P20.6	OTTHUMG00000012449;RP1-13P20.6
OTTHUMG00000164354;RP3-388N13.3	OTTHUMG00000164354;RP3-388N13.3
OTTHUMG00000037980;OTTHUMG00000037982;RP4-781K5.4;RP4-781K5.5	OTTHUMG00000037980;OTTHUMG00000037982;RP4-781K5.4;RP4-781K5.5
PABPC1	PABPC1
ASB13	ASB13
OTTHUMG00000164000;RP11-346L1.2	OTTHUMG00000164000;RP11-346L1.2
OTTHUMG00000158576;RP11-152C17.1	OTTHUMG00000158576;RP11-152C17.1
OTTHUMG00000015756;RP11-715G15.1	OTTHUMG00000015756;RP11-715G15.1
PRDM7	PRDM7
FGFRL1	FGFRL1
MOGAT2	MOGAT2
CNTN2	CNTN2
EIF2S2	EIF2S2
TMCO1	TMCO1
EMP2	EMP2
IGKV2D-29	IGKV2D-29
HSPA1A;HSPA1B	HSPA1A;HSPA1B
RBM3	RBM3
PPP1R10	PPP1R10
PPP1R10	PPP1R10
PPP1R10	PPP1R10
AC007285.7;OTTHUMG00000152763	AC007285.7;OTTHUMG00000152763
PSME2P2	PSME2P2
OTTHUMG00000032910;RP11-157P1.4	OTTHUMG00000032910;RP11-157P1.4
LOC285419;OTTHUMG00000161162;RP11-93L9.1	LOC285419;OTTHUMG00000161162;RP11-93L9.1
MIR4719	MIR4719
OTTHUMG00000156289;RP11-760D2.1	OTTHUMG00000156289;RP11-760D2.1
MYO9B	MYO9B
CTNNBL1	CTNNBL1
OTTHUMG00000015005;RP1-288M22.2	OTTHUMG00000015005;RP1-288M22.2
OTTHUMG00000035804;RP11-25B7.1	OTTHUMG00000035804;RP11-25B7.1
OR5V1	OR5V1
OTTHUMG00000009931;RP5-836J3.1	OTTHUMG00000009931;RP5-836J3.1
RNU7-24P	RNU7-24P
PHKA1	PHKA1
LOC101060233;OPN1MW;OPN1MW2	LOC101060233;OPN1MW;OPN1MW2
FAM66E	FAM66E
CYC1	CYC1
THEMIS2	THEMIS2
LOC727677;OTTHUMG00000165066;RP11-382A18.1	LOC727677;OTTHUMG00000165066;RP11-382A18.1
KRTAP4-4	KRTAP4-4
ANP32E	ANP32E
ZNF324B	ZNF324B
PCBP1-AS1	PCBP1-AS1
TRPC5	TRPC5
OTTHUMG00000021486;RP11-344N17.8	OTTHUMG00000021486;RP11-344N17.8
OTTHUMG00000159297;RP11-271C24.2	OTTHUMG00000159297;RP11-271C24.2
OR2C1	OR2C1
MIR491	MIR491
LPPR1;OTTHUMG00000020373	LPPR1;OTTHUMG00000020373
MIRLET7F1	MIRLET7F1
LRRC72	LRRC72
OTTHUMG00000161137;RP11-659O3.1	OTTHUMG00000161137;RP11-659O3.1
MIR3138	MIR3138
SOGA2	SOGA2
LOC100505835	LOC100505835
C8orf33	C8orf33
CRHBP	CRHBP
FOXN1	FOXN1
OTTHUMG00000019295;RP11-288G11.3	OTTHUMG00000019295;RP11-288G11.3
PFAS	PFAS
CTC-351M12.1;OTTHUMG00000163000	CTC-351M12.1;OTTHUMG00000163000
PPP1R10	PPP1R10
THAP3	THAP3
GRM2	GRM2
NCBP2L;OTTHUMG00000022170;RP5-820B18.3	NCBP2L;OTTHUMG00000022170;RP5-820B18.3
KB-1592A4.15;LOC100996817;OTTHUMG00000150927	KB-1592A4.15;LOC100996817;OTTHUMG00000150927
ANKRD30A	ANKRD30A
KB-1930G5.3;OTTHUMG00000164831	KB-1930G5.3;OTTHUMG00000164831
TRBV9	TRBV9
WNT9B	WNT9B
TRNAI2	TRNAI2
NLRC3	NLRC3
NAT14	NAT14
OTTHUMG00000161116;RP11-380D23.1	OTTHUMG00000161116;RP11-380D23.1
TRAPPC11	TRAPPC11
AC004878.7;OTTHUMG00000155934	AC004878.7;OTTHUMG00000155934
RFX6	RFX6
PNRC2	PNRC2
INO80C	INO80C
YBEY	YBEY
MIR4283-1;MIR4283-2	MIR4283-1;MIR4283-2
AQP12A	AQP12A
RNU7-73P	RNU7-73P
LINC00311	LINC00311
HIST1H2BC;HIST1H2BE;HIST1H2BF;HIST1H2BG;HIST1H2BI	HIST1H2BC;HIST1H2BE;HIST1H2BF;HIST1H2BG;HIST1H2BI
RNASEH2C	RNASEH2C
LINC00398	LINC00398
MIR3152	MIR3152
RENBP	RENBP
FERMT2	FERMT2
TRAJ1	TRAJ1
AC133680.1;OTTHUMG00000155664	AC133680.1;OTTHUMG00000155664
GCNT6	GCNT6
OTTHUMG00000038015;RP11-443B7.2	OTTHUMG00000038015;RP11-443B7.2
AC007401.2;FEZ2;OTTHUMG00000152151	AC007401.2;FEZ2;OTTHUMG00000152151
XPA	XPA
C3orf38;OTTHUMG00000159134;RP11-373L8.2	C3orf38;OTTHUMG00000159134;RP11-373L8.2
EPB41L5	EPB41L5
MIR548AA2;MIR548D2	MIR548AA2;MIR548D2
MIR3678	MIR3678
PGAP1	PGAP1
HPSE	HPSE
OTTHUMG00000161777;RP11-171N4.3	OTTHUMG00000161777;RP11-171N4.3
SCOC	SCOC
CXCL12	CXCL12
ZDHHC22	ZDHHC22
TMEM129	TMEM129
AC004941.3;OTTHUMG00000151503	AC004941.3;OTTHUMG00000151503
LOC400685	LOC400685
BET1L	BET1L
NEGR1-IT1	NEGR1-IT1
ITGAX	ITGAX
EXOC3L4	EXOC3L4
OPA1-AS1	OPA1-AS1
WBP2	WBP2
ARGFXP2	ARGFXP2
SYT14L	SYT14L
RAB11FIP2	RAB11FIP2
AC013727.1;OTTHUMG00000153045	AC013727.1;OTTHUMG00000153045
MIR548H2	MIR548H2
PPDPF	PPDPF
LOC91450	LOC91450
RASSF7	RASSF7
BVES	BVES
AC018647.3;LOC100506725;OTTHUMG00000155058	AC018647.3;LOC100506725;OTTHUMG00000155058
MEAF6	MEAF6
SNRK	SNRK
RNY3P7	RNY3P7
PUS7	PUS7
H1FX-AS1	H1FX-AS1
ADRB3	ADRB3
NFIB	NFIB
OTTHUMG00000020960;RP11-229P13.15	OTTHUMG00000020960;RP11-229P13.15
MIR1236;NELFE;RDBP	MIR1236;NELFE;RDBP
MIR1236;NELFE;RDBP	MIR1236;NELFE;RDBP
MIR1236;NELFE;RDBP	MIR1236;NELFE;RDBP
MIR1236;NELFE;RDBP	MIR1236;NELFE;RDBP
MIR1236;NELFE;RDBP	MIR1236;NELFE;RDBP
IRGQ	IRGQ
MIR183	MIR183
GRM4	GRM4
ZYG11B	ZYG11B
OTTHUMG00000160634;PRR23C;RP11-306L14.2	OTTHUMG00000160634;PRR23C;RP11-306L14.2
CTC-325J23.3;OTTHUMG00000162533	CTC-325J23.3;OTTHUMG00000162533
OTTHUMG00000019201;RP11-338O1.2	OTTHUMG00000019201;RP11-338O1.2
TNMD	TNMD
OTTHUMG00000019550;RP11-87N24.3	OTTHUMG00000019550;RP11-87N24.3
NDN	NDN
MIR576	MIR576
OTTHUMG00000159610;RP11-265F19.1	OTTHUMG00000159610;RP11-265F19.1
C1orf158	C1orf158
CST7	CST7
MIR26B	MIR26B
RWDD4	RWDD4
APOBEC3B-AS1	APOBEC3B-AS1
AC016682.1;OTTHUMG00000153755	AC016682.1;OTTHUMG00000153755
CD86	CD86
OTTHUMG00000164665;RP11-90D11.1	OTTHUMG00000164665;RP11-90D11.1
FAM22D;NUTM2D	FAM22D;NUTM2D
KRTAP5-7	KRTAP5-7
ANXA2P2	ANXA2P2
LOC100996589	LOC100996589
SLC13A3	SLC13A3
KCNG1;OTTHUMG00000134276;RP5-955M13.3	KCNG1;OTTHUMG00000134276;RP5-955M13.3
FAM43A	FAM43A
ZNF436	ZNF436
PYCARD	PYCARD
GOLGA8Q	GOLGA8Q
PGLS	PGLS
SLC46A2	SLC46A2
GS1-278J22.2;OTTHUMG00000156038	GS1-278J22.2;OTTHUMG00000156038
LINC00423	LINC00423
IMPACT	IMPACT
SNORA71D	SNORA71D
AC007003.1;OTTHUMG00000155614	AC007003.1;OTTHUMG00000155614
SLC22A13	SLC22A13
DNAJB4	DNAJB4
HAR1A	HAR1A
TMEM135	TMEM135
AC013463.2;OTTHUMG00000153999	AC013463.2;OTTHUMG00000153999
ACBD4	ACBD4
MALSU1	MALSU1
HSP90AA1	HSP90AA1
SLC35G2	SLC35G2
BIN3	BIN3
CCDC26	CCDC26
SERPINA5	SERPINA5
AC138655.6;OTTHUMG00000151777	AC138655.6;OTTHUMG00000151777
ACER2	ACER2
ITPR1	ITPR1
RNU6-64P	RNU6-64P
USP44	USP44
AC097467.2;OTTHUMG00000150212	AC097467.2;OTTHUMG00000150212
VPS16	VPS16
AF127577.11;OTTHUMG00000074330	AF127577.11;OTTHUMG00000074330
FOXN3	FOXN3
METTL2B	METTL2B
C15orf56	C15orf56
MAPRE1	MAPRE1
OTTHUMG00000020797;RP11-409K20.6	OTTHUMG00000020797;RP11-409K20.6
FGF4	FGF4
HTR1D	HTR1D
C11orf84	C11orf84
MIR518A1	MIR518A1
OTTHUMG00000162049;RP11-1C1.5	OTTHUMG00000162049;RP11-1C1.5
TRBV7-3	TRBV7-3
BCKDHA	BCKDHA
C13orf35	C13orf35
HEATR8;MROH7	HEATR8;MROH7
LRRC42	LRRC42
AC000124.1;LOC100506682;OTTHUMG00000064344	AC000124.1;LOC100506682;OTTHUMG00000064344
C7orf29;ZBED6CL	C7orf29;ZBED6CL
IFT80	IFT80
CTD-2254N19.1;OTTHUMG00000162214	CTD-2254N19.1;OTTHUMG00000162214
TADA1	TADA1
TSPAN9-IT1	TSPAN9-IT1
OTTHUMG00000034591;RP5-1018K9.1	OTTHUMG00000034591;RP5-1018K9.1
CARD11	CARD11
KDM4A-AS1	KDM4A-AS1
MIR4635	MIR4635
AC010723.1;OTTHUMG00000036405	AC010723.1;OTTHUMG00000036405
NPFFR1	NPFFR1
OTTHUMG00000008374;RP11-63G10.2	OTTHUMG00000008374;RP11-63G10.2
AC002429.5;OTTHUMG00000155562	AC002429.5;OTTHUMG00000155562
CTGF	CTGF
GTF2IRD1	GTF2IRD1
ZNF627	ZNF627
MSI2	MSI2
OTTHUMG00000158329;RP4-584D14.6	OTTHUMG00000158329;RP4-584D14.6
CYP4A22-AS1	CYP4A22-AS1
MUC5B	MUC5B
TIMM8B	TIMM8B
C14orf144	C14orf144
FAM20B	FAM20B
AP001626.1;OTTHUMG00000086813	AP001626.1;OTTHUMG00000086813
RXRB	RXRB
CPLX3;LMAN1L	CPLX3;LMAN1L
LCA5	LCA5
RABIF	RABIF
NOTCH4	NOTCH4
RAB5B	RAB5B
CST11	CST11
GHRLOS;TATDN2	GHRLOS;TATDN2
LINC00955;OTTHUMG00000159817;RP3-368B9.1	LINC00955;OTTHUMG00000159817;RP3-368B9.1
OTTHUMG00000164774;RP11-809O17.1	OTTHUMG00000164774;RP11-809O17.1
BLVRB	BLVRB
OTTHUMG00000004830;TIGD1L	OTTHUMG00000004830;TIGD1L
PRND	PRND
LOC730081;OTTHUMG00000010804;RP5-884G6.2	LOC730081;OTTHUMG00000010804;RP5-884G6.2
AC016723.4;OTTHUMG00000153961	AC016723.4;OTTHUMG00000153961
AGBL4-IT1	AGBL4-IT1
LIMA1	LIMA1
MDC1-AS1	MDC1-AS1
OTTHUMG00000148749;XXbac-BPG27H4.7	OTTHUMG00000148749;XXbac-BPG27H4.7
OTTHUMG00000133708;XXbac-BPG27H4.7	OTTHUMG00000133708;XXbac-BPG27H4.7
OTTHUMG00000148934;XXbac-BPG27H4.7	OTTHUMG00000148934;XXbac-BPG27H4.7
OTTHUMG00000149214;XXbac-BPG27H4.7	OTTHUMG00000149214;XXbac-BPG27H4.7
OTTHUMG00000149450;XXbac-BPG27H4.7	OTTHUMG00000149450;XXbac-BPG27H4.7
OTTHUMG00000133721;XXbac-BPG27H4.7	OTTHUMG00000133721;XXbac-BPG27H4.7
KCNK13	KCNK13
ANKMY2	ANKMY2
MIMT1	MIMT1
CASP14	CASP14
MIR636;SRSF2	MIR636;SRSF2
KCNS2	KCNS2
OTTHUMG00000031832;RP5-859D4.3	OTTHUMG00000031832;RP5-859D4.3
KATNBL1	KATNBL1
OTTHUMG00000018238;RP11-449O16.2	OTTHUMG00000018238;RP11-449O16.2
DLG5	DLG5
GNB5	GNB5
HSPA7	HSPA7
LNX2	LNX2
KIRREL2	KIRREL2
IGHV1-58	IGHV1-58
FBXO28	FBXO28
KCNK12	KCNK12
VGLL3	VGLL3
IRX6	IRX6
ZNF430	ZNF430
OTTHUMG00000008156;RP11-141A19.2	OTTHUMG00000008156;RP11-141A19.2
VHL	VHL
OTTHUMG00000015898;RP11-52J3.3	OTTHUMG00000015898;RP11-52J3.3
AF212831.2;OTTHUMG00000074395	AF212831.2;OTTHUMG00000074395
PKD1L1	PKD1L1
SLC45A4	SLC45A4
FDX1	FDX1
LINC00477	LINC00477
KCNIP4-IT1	KCNIP4-IT1
UBXN2A	UBXN2A
OR4K13	OR4K13
LOC100506527;OTTHUMG00000157139;RP5-1059M17.1	LOC100506527;OTTHUMG00000157139;RP5-1059M17.1
SRSF3	SRSF3
LRRC7	LRRC7
AC007365.1;LOC339807;OTTHUMG00000152679	AC007365.1;LOC339807;OTTHUMG00000152679
AC092295.7;OTTHUMG00000048152	AC092295.7;OTTHUMG00000048152
DDI1	DDI1
GLYCTK	GLYCTK
GPR20	GPR20
C9orf50	C9orf50
SMIM4	SMIM4
OTTHUMG00000037842;RP5-930J4.4	OTTHUMG00000037842;RP5-930J4.4
AC005104.3;OTTHUMG00000151587	AC005104.3;OTTHUMG00000151587
OTTHUMG00000018556;RP11-31E13.2	OTTHUMG00000018556;RP11-31E13.2
ADAL	ADAL
FAM86C2P	FAM86C2P
HIST2H2BE	HIST2H2BE
OTTHUMG00000017896;RP11-253D19.1	OTTHUMG00000017896;RP11-253D19.1
ATP1A1OS	ATP1A1OS
OTTHUMG00000160432;RP11-395F4.1	OTTHUMG00000160432;RP11-395F4.1
SIPA1	SIPA1
USP17;USP17L24;USP17L25;USP17L5	USP17;USP17L24;USP17L25;USP17L5
OTTHUMG00000017666;RP3-323N1.2	OTTHUMG00000017666;RP3-323N1.2
TSSK6	TSSK6
NODAL	NODAL
OTTHUMG00000015900;RP3-403L10.3	OTTHUMG00000015900;RP3-403L10.3
OTTHUMG00000162820;RP11-254I22.3	OTTHUMG00000162820;RP11-254I22.3
RXRB	RXRB
TFIP11	TFIP11
OTTHUMG00000014204;RP11-69L16.4	OTTHUMG00000014204;RP11-69L16.4
OR10A3	OR10A3
AC090505.2;AC090505.3;AC090505.6;LOC100507391;OTTHUMG00000156020;OTTHUMG00000156024;OTTHUMG00000156025	AC090505.2;AC090505.3;AC090505.6;LOC100507391;OTTHUMG00000156020;OTTHUMG00000156024;OTTHUMG00000156025
TSIX	TSIX
CCBL2;RBMXL1	CCBL2;RBMXL1
MIS18A-AS1	MIS18A-AS1
CHCHD10	CHCHD10
FLJ45340	FLJ45340
IL26	IL26
TTPAL	TTPAL
CHL1-AS2	CHL1-AS2
IGHV3-30	IGHV3-30
MFAP4	MFAP4
RPL27A;SNORA3	RPL27A;SNORA3
PFN2	PFN2
OR52B2	OR52B2
PGM5-AS1	PGM5-AS1
LPAR2	LPAR2
OTTHUMG00000017137;RP11-276G3.1	OTTHUMG00000017137;RP11-276G3.1
OTTHUMG00000003323;RP4-706G24.1	OTTHUMG00000003323;RP4-706G24.1
ASAH2C	ASAH2C
TRAPPC1	TRAPPC1
DCTN4	DCTN4
BAT4;GPANK1;OTTHUMG00000149947	BAT4;GPANK1;OTTHUMG00000149947
BAT4;GPANK1;OTTHUMG00000137396	BAT4;GPANK1;OTTHUMG00000137396
LZIC	LZIC
KDM4A	KDM4A
OR5I1	OR5I1
SYNPO2	SYNPO2
EFCAB7	EFCAB7
C1orf228	C1orf228
MIR521-1	MIR521-1
MYBPHL	MYBPHL
HSPB3	HSPB3
MXRA8	MXRA8
CLCN1	CLCN1
TIPARP-AS1	TIPARP-AS1
HMGN1	HMGN1
RALB	RALB
LA16c-83F12.6;OTTHUMG00000140260	LA16c-83F12.6;OTTHUMG00000140260
CALCOCO2	CALCOCO2
HLA-V;LOC554223	HLA-V;LOC554223
OTTHUMG00000003875;RP11-73M7.1	OTTHUMG00000003875;RP11-73M7.1
DAQB-12N14.5;LOC100507362;OTTHUMG00000149161	DAQB-12N14.5;LOC100507362;OTTHUMG00000149161
ELMSAN1	ELMSAN1
OTTHUMG00000159376;RP13-635I23.3	OTTHUMG00000159376;RP13-635I23.3
F10-AS1	F10-AS1
OTTHUMG00000016526;RP11-569O4.7	OTTHUMG00000016526;RP11-569O4.7
OTTHUMG00000018728;RP11-478K7.2	OTTHUMG00000018728;RP11-478K7.2
OTTHUMG00000014664;RP11-570K4.1	OTTHUMG00000014664;RP11-570K4.1
GGT5	GGT5
MEG9	MEG9
ETV5-AS1	ETV5-AS1
SNORD114-29	SNORD114-29
CDC42BPB	CDC42BPB
AC068490.1;OTTHUMG00000151805	AC068490.1;OTTHUMG00000151805
C5orf55	C5orf55
MADCAM1	MADCAM1
SNORD116-8	SNORD116-8
LOC100507373	LOC100507373
AC004840.9;OTTHUMG00000152044	AC004840.9;OTTHUMG00000152044
OR5B3	OR5B3
OR5M10	OR5M10
CKB	CKB
ING3	ING3
GTSF1	GTSF1
MIR525	MIR525
MIR149	MIR149
FAM71C	FAM71C
OTTHUMG00000037739;RP11-145A3.1	OTTHUMG00000037739;RP11-145A3.1
RNU6ATAC4P	RNU6ATAC4P
BMP10	BMP10
OTTHUMG00000020640;RP11-417B4.2	OTTHUMG00000020640;RP11-417B4.2
ZKSCAN4	ZKSCAN4
OTTHUMG00000020561;RP11-500B12.1	OTTHUMG00000020561;RP11-500B12.1
TBC1D16	TBC1D16
CEACAM7	CEACAM7
LOC145783;ZNF280D	LOC145783;ZNF280D
SURF2	SURF2
OTTHUMG00000041231;RP11-392O17.1	OTTHUMG00000041231;RP11-392O17.1
AC093726.6;LOC100132707;OTTHUMG00000151324	AC093726.6;LOC100132707;OTTHUMG00000151324
AGTR1	AGTR1
CAPN13	CAPN13
LINC00696	LINC00696
AC015849.2;OTTHUMG00000132737	AC015849.2;OTTHUMG00000132737
OTTHUMG00000153516;RP3-333H23.8	OTTHUMG00000153516;RP3-333H23.8
NDUFB7	NDUFB7
AC006482.1;OTTHUMG00000152728	AC006482.1;OTTHUMG00000152728
OTTHUMG00000037660;RP5-1061H20.4	OTTHUMG00000037660;RP5-1061H20.4
MGC15885	MGC15885
FOXD3	FOXD3
IGKV3D-7	IGKV3D-7
ATP5G1P5	ATP5G1P5
PFDN6	PFDN6
PFDN6	PFDN6
PFDN6	PFDN6
GS1-122H1.1;OTTHUMG00000037400	GS1-122H1.1;OTTHUMG00000037400
CNGA2	CNGA2
METTL13	METTL13
SUSD3	SUSD3
OTTHUMG00000031606;RP11-536C5.7	OTTHUMG00000031606;RP11-536C5.7
OTTHUMG00000010584;RP5-943J3.1	OTTHUMG00000010584;RP5-943J3.1
AC079584.2;OTTHUMG00000153725	AC079584.2;OTTHUMG00000153725
AC021016.8;OTTHUMG00000155145	AC021016.8;OTTHUMG00000155145
UPP2	UPP2
LINC00523	LINC00523
AB015752.4;OTTHUMG00000163970	AB015752.4;OTTHUMG00000163970
PGLYRP1	PGLYRP1
AC093590.1;OTTHUMG00000154493	AC093590.1;OTTHUMG00000154493
LSM2	LSM2
C10orf82	C10orf82
HLA-DOB	HLA-DOB
HLA-DOB	HLA-DOB
OXLD1	OXLD1
OGT	OGT
LOC100507066	LOC100507066
SYNPR	SYNPR
PIK3R5	PIK3R5
DPCR1	DPCR1
NRG1-IT2	NRG1-IT2
A1CF	A1CF
C5orf45	C5orf45
PREB	PREB
ENTPD2	ENTPD2
TMEM63A	TMEM63A
OTTHUMG00000012183;RP5-965F6.2	OTTHUMG00000012183;RP5-965F6.2
CELF2	CELF2
AKR7A2P1	AKR7A2P1
AC009495.4;OTTHUMG00000154038	AC009495.4;OTTHUMG00000154038
C1orf172	C1orf172
FLT3LG	FLT3LG
GPR78	GPR78
TEX22	TEX22
MIR548J	MIR548J
PLEKHF1	PLEKHF1
FEM1A	FEM1A
BAG6	BAG6
PAR5;SNORD108;SNORD64	PAR5;SNORD108;SNORD64
FAM171B	FAM171B
AC005019.3;OTTHUMG00000152366	AC005019.3;OTTHUMG00000152366
DNAJC28	DNAJC28
TSPAN5	TSPAN5
ABCC5	ABCC5
RNF223	RNF223
FRK	FRK
OTTHUMG00000161764;RP11-810P8.1	OTTHUMG00000161764;RP11-810P8.1
CAND1	CAND1
IFNA4	IFNA4
POMC	POMC
KRTAP19-3	KRTAP19-3
RNU7-21P	RNU7-21P
AP001187.9;MIR194-2;OTTHUMG00000066834	AP001187.9;MIR194-2;OTTHUMG00000066834
TRBV6-8	TRBV6-8
OTTHUMG00000161671;RP11-164P12.3	OTTHUMG00000161671;RP11-164P12.3
MIR3692	MIR3692
PGAM1P5	PGAM1P5
OTTHUMG00000157094;RP5-1101C3.1	OTTHUMG00000157094;RP5-1101C3.1
OTTHUMG00000010575;RP11-290M5.2	OTTHUMG00000010575;RP11-290M5.2
RFPL4B	RFPL4B
LOC100127983;OTTHUMG00000164011;RP11-122A3.2	LOC100127983;OTTHUMG00000164011;RP11-122A3.2
FLG-AS1	FLG-AS1
MPRIP-AS1	MPRIP-AS1
MIR583	MIR583
AC005076.5;OTTHUMG00000154197	AC005076.5;OTTHUMG00000154197
CHI3L1	CHI3L1
CTB-157D17.1;OTTHUMG00000163570;SAP30L-AS1	CTB-157D17.1;OTTHUMG00000163570;SAP30L-AS1
XIAP-AS1	XIAP-AS1
AFMID	AFMID
FGF18	FGF18
OTTHUMG00000162519;RP11-5N11.6	OTTHUMG00000162519;RP11-5N11.6
OLFML1	OLFML1
SVIL	SVIL
KDELC1	KDELC1
SMCHD1	SMCHD1
METAP1	METAP1
FGD3	FGD3
ANKRD20A2;ANKRD20A3	ANKRD20A2;ANKRD20A3
AC073628.1;OTTHUMG00000152845	AC073628.1;OTTHUMG00000152845
SLFN5	SLFN5
ANKRD65	ANKRD65
OR56B4	OR56B4
OTTHUMG00000017772;RP11-49L2.1	OTTHUMG00000017772;RP11-49L2.1
MIR3975	MIR3975
LNP1	LNP1
OTTHUMG00000163513;RP11-175K6.1	OTTHUMG00000163513;RP11-175K6.1
ADAT1	ADAT1
RNA5SP287	RNA5SP287
TAL1	TAL1
LOC643770	LOC643770
OTTHUMG00000012496;RP11-126K1.6	OTTHUMG00000012496;RP11-126K1.6
OTTHUMG00000015407;RP11-544L8__B.2	OTTHUMG00000015407;RP11-544L8__B.2
MIR4632;TNFRSF1B	MIR4632;TNFRSF1B
SNORA2A	SNORA2A
MKRN1	MKRN1
MIR2467	MIR2467
LOC400752	LOC400752
OTTHUMG00000016713;RP11-37L2.1	OTTHUMG00000016713;RP11-37L2.1
OTTHUMG00000150939;RP1-85F18.6	OTTHUMG00000150939;RP1-85F18.6
LOC100507173	LOC100507173
ADM	ADM
SCARF1	SCARF1
OTTHUMG00000067508;RP5-1050E16.2	OTTHUMG00000067508;RP5-1050E16.2
AC073987.1;OTTHUMG00000153111	AC073987.1;OTTHUMG00000153111
BANP	BANP
PDIA5	PDIA5
PREX2	PREX2
OTTHUMG00000008286;RP4-737A23.2	OTTHUMG00000008286;RP4-737A23.2
BCL11B	BCL11B
PWWP2A	PWWP2A
PRSS30P	PRSS30P
OTTHUMG00000018439;RP11-167P22.3	OTTHUMG00000018439;RP11-167P22.3
AMBP	AMBP
RPL30	RPL30
USP47	USP47
PRKG1-AS1	PRKG1-AS1
OTTHUMG00000157861;RP11-496B10.3	OTTHUMG00000157861;RP11-496B10.3
FAM154B	FAM154B
HMGN4	HMGN4
OTTHUMG00000031766;RP11-119B16.2	OTTHUMG00000031766;RP11-119B16.2
LOC100190940	LOC100190940
OTTHUMG00000160718;RP11-540E16.2	OTTHUMG00000160718;RP11-540E16.2
HTR1B	HTR1B
PRR7	PRR7
CRYGD	CRYGD
IGKV1-8	IGKV1-8
NEBL-AS1	NEBL-AS1
LOC100288602;LOC101060363;PPIA	LOC100288602;LOC101060363;PPIA
OR8B12	OR8B12
SNAPC3	SNAPC3
RBM33	RBM33
LOC90834	LOC90834
KRT42P	KRT42P
OTTHUMG00000013475;RP11-782C8.5	OTTHUMG00000013475;RP11-782C8.5
UBOX5-AS1	UBOX5-AS1
PDCL	PDCL
LINC00687	LINC00687
MIR554	MIR554
COG3	COG3
LINC00607	LINC00607
LRRC57	LRRC57
AC007680.2;OTTHUMG00000151842	AC007680.2;OTTHUMG00000151842
MED4	MED4
SLC39A9	SLC39A9
OSBPL8	OSBPL8
OTTHUMG00000035507;RP1-127D3.4	OTTHUMG00000035507;RP1-127D3.4
PFDN6	PFDN6
OTTHUMG00000036132;RP11-565N2.1	OTTHUMG00000036132;RP11-565N2.1
OTTHUMG00000019205;RP11-391M7.3	OTTHUMG00000019205;RP11-391M7.3
BTG4	BTG4
GALNTL5	GALNTL5
TRBV6-7	TRBV6-7
OTTHUMG00000018929;RP11-107I14.2	OTTHUMG00000018929;RP11-107I14.2
C9orf116	C9orf116
LINC00887;OTTHUMG00000155982;RP11-513G11.1	LINC00887;OTTHUMG00000155982;RP11-513G11.1
CTD-2227C6.3;OTTHUMG00000162780	CTD-2227C6.3;OTTHUMG00000162780
OTTHUMG00000017921;RP11-166N17.1	OTTHUMG00000017921;RP11-166N17.1
YWHAZP3	YWHAZP3
ZBED3	ZBED3
HPVC1	HPVC1
BSN	BSN
ABCC3	ABCC3
LOC339166	LOC339166
MIR4256	MIR4256
MYO16-AS1	MYO16-AS1
LOC100505515;OTTHUMG00000031895;RP11-157E14.1	LOC100505515;OTTHUMG00000031895;RP11-157E14.1
HIPK1	HIPK1
OST4	OST4
PBOV1	PBOV1
CXXC5	CXXC5
FAM101A;ZNF664-FAM101A	FAM101A;ZNF664-FAM101A
RERG	RERG
APOL3	APOL3
LINC00637	LINC00637
XKRX	XKRX
LRRC37A6P	LRRC37A6P
MRRFP1	MRRFP1
OTTHUMG00000164432;RP11-326E22.1	OTTHUMG00000164432;RP11-326E22.1
GPR126	GPR126
MIR624	MIR624
CCDC178	CCDC178
MIR4277	MIR4277
IL21R	IL21R
TEC	TEC
LAD1	LAD1
CHAMP1	CHAMP1
AC018890.4;OTTHUMG00000154154	AC018890.4;OTTHUMG00000154154
OR52E8	OR52E8
HAUS3;POLN	HAUS3;POLN
AC007255.8;OTTHUMG00000152753	AC007255.8;OTTHUMG00000152753
COL18A1-AS2	COL18A1-AS2
OTTHUMG00000160925;RP11-556G22.3	OTTHUMG00000160925;RP11-556G22.3
PUSL1	PUSL1
OTTHUMG00000164816;RP11-574O7.1	OTTHUMG00000164816;RP11-574O7.1
HSPE1	HSPE1
MIR29A	MIR29A
LOC145757	LOC145757
ACTL7B	ACTL7B
ATXN8OS	ATXN8OS
DDX31	DDX31
CCL11	CCL11
ZNF286A	ZNF286A
COX10-AS1;LOC100506974	COX10-AS1;LOC100506974
CYP4F24P	CYP4F24P
OTTHUMG00000013290;RP11-399F4.4	OTTHUMG00000013290;RP11-399F4.4
NFATC1	NFATC1
LOC400553	LOC400553
OTTHUMG00000032887;RP11-429E11.3	OTTHUMG00000032887;RP11-429E11.3
TIMM10	TIMM10
GKN1	GKN1
OTTHUMG00000019458;RP11-509J21.2	OTTHUMG00000019458;RP11-509J21.2
OTTHUMG00000066715;RP11-216M21.7	OTTHUMG00000066715;RP11-216M21.7
PPP1R26-AS1	PPP1R26-AS1
ABCA1	ABCA1
LOC100287934;OTTHUMG00000002404;RP11-206L10.9	LOC100287934;OTTHUMG00000002404;RP11-206L10.9
LGI4	LGI4
SPATA8-AS1	SPATA8-AS1
MT2A	MT2A
OTTHUMG00000160464;RP11-714G18.1	OTTHUMG00000160464;RP11-714G18.1
AC009480.3;OTTHUMG00000150604	AC009480.3;OTTHUMG00000150604
OTTHUMG00000040633;RP11-104L21.2	OTTHUMG00000040633;RP11-104L21.2
RC3H1-IT1	RC3H1-IT1
OTTHUMG00000012022;RP11-426L16.8	OTTHUMG00000012022;RP11-426L16.8
OTTHUMG00000042457;RP11-89F3.2	OTTHUMG00000042457;RP11-89F3.2
SLC12A6	SLC12A6
CTD-2152M20.2;OTTHUMG00000162178	CTD-2152M20.2;OTTHUMG00000162178
OTTHUMG00000037849;RP5-865N13.2	OTTHUMG00000037849;RP5-865N13.2
MIR526A2	MIR526A2
PSMB4	PSMB4
CEP95	CEP95
OTTHUMG00000039869;RP11-561I11.3	OTTHUMG00000039869;RP11-561I11.3
OTTHUMG00000163250;RP11-43D2.6;ZNF608	OTTHUMG00000163250;RP11-43D2.6;ZNF608
LOC286149;MIR3150B;OTTHUMG00000164658;RP11-320N21.1	LOC286149;MIR3150B;OTTHUMG00000164658;RP11-320N21.1
IL9R	IL9R
GBP5	GBP5
OTTHUMG00000163634;RP11-107N7.1	OTTHUMG00000163634;RP11-107N7.1
PRAMEF11	PRAMEF11
MED4-AS1	MED4-AS1
TNFRSF10D	TNFRSF10D
CADM4	CADM4
OTTHUMG00000020780;RP11-65J3.3	OTTHUMG00000020780;RP11-65J3.3
MESTIT1	MESTIT1
OR4C6	OR4C6
TM4SF5	TM4SF5
OTTHUMG00000162156;RP11-94C24.6	OTTHUMG00000162156;RP11-94C24.6
CYP2C18	CYP2C18
HMBS	HMBS
TMEM214	TMEM214
GTPBP1	GTPBP1
RECK	RECK
C17orf74	C17orf74
OTTHUMG00000164540;RP11-157E21.1	OTTHUMG00000164540;RP11-157E21.1
HADHA	HADHA
AP000695.4;OTTHUMG00000086611	AP000695.4;OTTHUMG00000086611
KLF2	KLF2
CTD-2021J15.1;OTTHUMG00000159061	CTD-2021J15.1;OTTHUMG00000159061
MIR548H4	MIR548H4
AGAP1	AGAP1
C10orf120	C10orf120
TBC1D4-AS1	TBC1D4-AS1
NR2F1-AS1;OTTHUMG00000162643;RP11-65F13.2	NR2F1-AS1;OTTHUMG00000162643;RP11-65F13.2
MIR30C2	MIR30C2
POLR2L	POLR2L
OTTHUMG00000002515;RP11-473A10.2	OTTHUMG00000002515;RP11-473A10.2
HMGCLL1	HMGCLL1
AMIGO3;GMPPB	AMIGO3;GMPPB
OSBPL10-AS1	OSBPL10-AS1
BTBD17	BTBD17
ZFAND2B	ZFAND2B
LOC100506414;OTTHUMG00000020070;RP11-375O18.2	LOC100506414;OTTHUMG00000020070;RP11-375O18.2
MIR653	MIR653
OTTHUMG00000040769;RP5-968D22.3	OTTHUMG00000040769;RP5-968D22.3
ADAMTSL1	ADAMTSL1
INTS4	INTS4
LOC100270746	LOC100270746
RNA5SP310	RNA5SP310
RNA5SP316	RNA5SP316
MIR4729	MIR4729
GLUD1P2	GLUD1P2
USP3	USP3
SNORD114-5	SNORD114-5
ANKRD33B-AS1	ANKRD33B-AS1
CTB-120L21.1;OTTHUMG00000163482	CTB-120L21.1;OTTHUMG00000163482
HTR1E	HTR1E
MIR4699	MIR4699
KRTAP13-2	KRTAP13-2
ARID5B	ARID5B
LOC100506314	LOC100506314
IGKV1D-33	IGKV1D-33
VIP	VIP
ZNF329	ZNF329
CDK17	CDK17
IGKV1D-39	IGKV1D-39
OTTHUMG00000164278;RP11-527N22.2	OTTHUMG00000164278;RP11-527N22.2
OTTHUMG00000158383;RP11-875H7.5	OTTHUMG00000158383;RP11-875H7.5
GLRX3	GLRX3
PPM1F	PPM1F
HABP2	HABP2
EFNA4	EFNA4
OTTHUMG00000036786;RP11-338C15.3	OTTHUMG00000036786;RP11-338C15.3
MPND	MPND
MIF	MIF
OTTHUMG00000041501;RP11-114B7.6	OTTHUMG00000041501;RP11-114B7.6
CRB3	CRB3
AOAH	AOAH
AC007040.7;OTTHUMG00000153727	AC007040.7;OTTHUMG00000153727
RAB26	RAB26
AOC3	AOC3
SLC6A15	SLC6A15
BCS1L	BCS1L
ZNF776	ZNF776
CDS1	CDS1
SNORD124	SNORD124
AC079613.1;OTTHUMG00000154523	AC079613.1;OTTHUMG00000154523
ZNF101	ZNF101
BTNL10	BTNL10
CHRNG	CHRNG
C22orf24	C22orf24
LOC100652772;OTTHUMG00000162220;RP11-159F24.1	LOC100652772;OTTHUMG00000162220;RP11-159F24.1
SV2C	SV2C
AC079610.2;LOC100130451;OTTHUMG00000154847	AC079610.2;LOC100130451;OTTHUMG00000154847
GJB1	GJB1
ADAM21	ADAM21
ITSN1	ITSN1
MIER3	MIER3
CCL25	CCL25
FGF21	FGF21
OTTHUMG00000020555;RP11-45A16.4	OTTHUMG00000020555;RP11-45A16.4
C4orf8;FAM193A;OTTHUMG00000160512	C4orf8;FAM193A;OTTHUMG00000160512
NUCB2	NUCB2
OTTHUMG00000017923;RP11-135A24.2	OTTHUMG00000017923;RP11-135A24.2
TNNI2	TNNI2
SNORD116-29	SNORD116-29
OTTHUMG00000162497;RP11-60A8.2	OTTHUMG00000162497;RP11-60A8.2
MIR520B	MIR520B
NPM1	NPM1
GLUD1P3	GLUD1P3
ADCY2	ADCY2
UNC93B6	UNC93B6
AC112518.3;OTTHUMG00000151319	AC112518.3;OTTHUMG00000151319
IGLV6-57	IGLV6-57
AOC4	AOC4
LHFPL3-AS1	LHFPL3-AS1
OTTHUMG00000040701;RP11-763B22.6	OTTHUMG00000040701;RP11-763B22.6
LINGO2	LINGO2
MIR199A1	MIR199A1
OTTHUMG00000161448;RP11-372K14.2	OTTHUMG00000161448;RP11-372K14.2
MIR431	MIR431
LOC100507009;OTTHUMG00000020177;RP11-82L18.2	LOC100507009;OTTHUMG00000020177;RP11-82L18.2
TNRC6C	TNRC6C
PRAMEF7;PRAMEF8	PRAMEF7;PRAMEF8
RAB32	RAB32
NEURL	NEURL
TMEM9B	TMEM9B
OTTHUMG00000160687;RP11-18D7.2	OTTHUMG00000160687;RP11-18D7.2
SUGP2	SUGP2
MIR215	MIR215
RNU6-63P	RNU6-63P
AP000402.3;OTTHUMG00000078329	AP000402.3;OTTHUMG00000078329
OR7C2	OR7C2
KIF3B	KIF3B
DLG1-AS1	DLG1-AS1
MICALL2	MICALL2
SPIN4-AS1	SPIN4-AS1
RASL10B	RASL10B
CDK5R2	CDK5R2
ORM1	ORM1
PCDHB7	PCDHB7
OTTHUMG00000163916;RP11-566H8.3	OTTHUMG00000163916;RP11-566H8.3
RPL38	RPL38
EHD2	EHD2
LOC100506827;OTTHUMG00000160456;RP11-328N19.1	LOC100506827;OTTHUMG00000160456;RP11-328N19.1
ASMT;OTTHUMG00000021066;RP13-297E16.3	ASMT;OTTHUMG00000021066;RP13-297E16.3
CLDN1	CLDN1
MIR4516	MIR4516
GJB2	GJB2
CTD-2292P10.2;OTTHUMG00000164674	CTD-2292P10.2;OTTHUMG00000164674
REG3G	REG3G
CCDC147-AS1;OTTHUMG00000019005;RP11-127L20.6	CCDC147-AS1;OTTHUMG00000019005;RP11-127L20.6
RPS9	RPS9
AC092755.4;OTTHUMG00000152880	AC092755.4;OTTHUMG00000152880
LOC101060541;RBM8A	LOC101060541;RBM8A
AL022344.5;OTTHUMG00000018018	AL022344.5;OTTHUMG00000018018
PFDN6	PFDN6
AC079150.3;OTTHUMG00000153820	AC079150.3;OTTHUMG00000153820
ZDHHC1	ZDHHC1
PPP2R2A	PPP2R2A
LINC00919	LINC00919
SCPEP1	SCPEP1
LINC00961;OTTHUMG00000019887;RP11-327L3.1	LINC00961;OTTHUMG00000019887;RP11-327L3.1
MIR129-1	MIR129-1
LOC286370;OTTHUMG00000020191;RP11-406A20.4	LOC286370;OTTHUMG00000020191;RP11-406A20.4
WISP2	WISP2
RAB11FIP3	RAB11FIP3
COL21A1	COL21A1
AC010883.4;LOC100129726;OTTHUMG00000152397	AC010883.4;LOC100129726;OTTHUMG00000152397
SNORD113-9	SNORD113-9
MLLT4	MLLT4
TMEM211	TMEM211
OTTHUMG00000162098;RP11-292D4.3	OTTHUMG00000162098;RP11-292D4.3
MIR670	MIR670
OTTHUMG00000021824;PABPC1L2A;PABPC1L2B;RP11-493K23.3	OTTHUMG00000021824;PABPC1L2A;PABPC1L2B;RP11-493K23.3
MIR30A	MIR30A
DEFB108B	DEFB108B
SNORD114-26	SNORD114-26
SNORD88B	SNORD88B
TEX26	TEX26
TREML2	TREML2
OTTHUMG00000161032;RP11-354O24.1	OTTHUMG00000161032;RP11-354O24.1
OTTHUMG00000015002;RP3-331H24.4	OTTHUMG00000015002;RP3-331H24.4
NFAT5	NFAT5
KRT6A	KRT6A
LONP1	LONP1
SMARCC1	SMARCC1
RBMY1A3P	RBMY1A3P
ZNF460	ZNF460
RNU4ATAC3P	RNU4ATAC3P
TREML3P	TREML3P
IFT57	IFT57
ITIH2	ITIH2
HNF1B	HNF1B
TNXB	TNXB
AP003025.2;OTTHUMG00000066440	AP003025.2;OTTHUMG00000066440
LOC100505622	LOC100505622
KCNIP1	KCNIP1
OTTHUMG00000015431;RP3-486I3.5	OTTHUMG00000015431;RP3-486I3.5
CLDN15	CLDN15
C17orf104	C17orf104
SLC6A19	SLC6A19
OTTHUMG00000042553;RP11-312O7.2	OTTHUMG00000042553;RP11-312O7.2
OTTHUMG00000161289;RP11-173E2.2	OTTHUMG00000161289;RP11-173E2.2
OTTHUMG00000162015;RP11-420O16.1	OTTHUMG00000162015;RP11-420O16.1
ARL13A	ARL13A
FAM53A	FAM53A
MZT1	MZT1
OTTHUMG00000008489;RP11-269F19.2	OTTHUMG00000008489;RP11-269F19.2
C1orf21	C1orf21
STK11	STK11
MIR4789	MIR4789
OTTHUMG00000010944;RP11-411H5.1	OTTHUMG00000010944;RP11-411H5.1
YEATS2-AS1	YEATS2-AS1
UBC	UBC
HPN	HPN
SPICE1	SPICE1
PAX2	PAX2
RAI1-AS1	RAI1-AS1
FAM35DP	FAM35DP
AC007283.5;CFLAR;CFLAR-AS1;OTTHUMG00000154717	AC007283.5;CFLAR;CFLAR-AS1;OTTHUMG00000154717
UBE2E2-AS1	UBE2E2-AS1
KIRREL	KIRREL
AC073333.8;OTTHUMG00000152479	AC073333.8;OTTHUMG00000152479
MICA	MICA
MICA	MICA
PELI3	PELI3
MOB3C	MOB3C
BMP3	BMP3
OTTHUMG00000161156;RP11-576N17.5	OTTHUMG00000161156;RP11-576N17.5
RNU7-37P	RNU7-37P
RNA5SP61	RNA5SP61
OTTHUMG00000021187;RP11-431J24.2	OTTHUMG00000021187;RP11-431J24.2
NKX2-2	NKX2-2
DENND3	DENND3
LOC728431;OTTHUMG00000004224;RP11-422J8.1	LOC728431;OTTHUMG00000004224;RP11-422J8.1
CHI3L2	CHI3L2
OTTHUMG00000159896;RP11-93K22.13	OTTHUMG00000159896;RP11-93K22.13
MPZL1	MPZL1
RHCG	RHCG
C9orf141	C9orf141
GMEB2	GMEB2
C2orf91	C2orf91
MIR297	MIR297
CSNK2A1P	CSNK2A1P
GZMM	GZMM
DCAF8L2	DCAF8L2
ACSM3	ACSM3
DAAM2	DAAM2
PCNA-AS1	PCNA-AS1
PRR14	PRR14
AC007563.1;OTTHUMG00000155313	AC007563.1;OTTHUMG00000155313
OTTHUMG00000017655;RP5-933E2.1	OTTHUMG00000017655;RP5-933E2.1
HABP4	HABP4
VPS13A	VPS13A
OTTHUMG00000159504;RP11-501O2.4	OTTHUMG00000159504;RP11-501O2.4
AC021021.2;OTTHUMG00000151461	AC021021.2;OTTHUMG00000151461
EAF1	EAF1
ARHGEF11	ARHGEF11
AC013448.2;OTTHUMG00000153377	AC013448.2;OTTHUMG00000153377
MIR103B1	MIR103B1
OTTHUMG00000162500;RP11-232L2.2	OTTHUMG00000162500;RP11-232L2.2
SEMA4F	SEMA4F
SLC35E2	SLC35E2
CD7	CD7
USP26	USP26
MIR1207	MIR1207
OTTHUMG00000164598;RP11-363E6.3	OTTHUMG00000164598;RP11-363E6.3
MIR606	MIR606
NPIPB11;NPIPB3;NPIPB4;OTTHUMG00000163555;RP11-645C24.1	NPIPB11;NPIPB3;NPIPB4;OTTHUMG00000163555;RP11-645C24.1
HSD11B1	HSD11B1
AC010145.3;OTTHUMG00000039578	AC010145.3;OTTHUMG00000039578
MAP2K4P1	MAP2K4P1
AP006216.12;OTTHUMG00000150649	AP006216.12;OTTHUMG00000150649
OTTHUMG00000020685;RP11-343J18.2	OTTHUMG00000020685;RP11-343J18.2
RNA5SP288	RNA5SP288
AC114788.2;FLJ43879;OTTHUMG00000152837	AC114788.2;FLJ43879;OTTHUMG00000152837
RIPK1	RIPK1
AC108025.2;OTTHUMG00000151425	AC108025.2;OTTHUMG00000151425
HLA-AS1	HLA-AS1
PDP1	PDP1
LPXN	LPXN
ZCCHC7	ZCCHC7
OR2L8	OR2L8
OTTHUMG00000160828;RP11-44F21.2	OTTHUMG00000160828;RP11-44F21.2
RPRD1A	RPRD1A
UTF1	UTF1
CXCL1	CXCL1
CDKL2	CDKL2
ZNF239	ZNF239
CREM	CREM
ITGAM	ITGAM
DFNB59	DFNB59
TRBV2	TRBV2
OTTHUMG00000020903;RP11-426A6.5	OTTHUMG00000020903;RP11-426A6.5
AC013402.5;OTTHUMG00000153057	AC013402.5;OTTHUMG00000153057
AC138655.4;LOC644093;OTTHUMG00000151664	AC138655.4;LOC644093;OTTHUMG00000151664
COMMD9	COMMD9
MGRN1	MGRN1
TAS2R42	TAS2R42
ORC4	ORC4
CGB7	CGB7
ZCWPW1	ZCWPW1
OTTHUMG00000164280;RP11-44D19.1	OTTHUMG00000164280;RP11-44D19.1
AC004870.3;OTTHUMG00000155549	AC004870.3;OTTHUMG00000155549
MRPL46	MRPL46
RHOQ	RHOQ
NOX1	NOX1
OTTHUMG00000015949;RP1-276N6.2	OTTHUMG00000015949;RP1-276N6.2
HLA-DQB1;OTTHUMG00000149066;XXbac-BPG254F23.6	HLA-DQB1;OTTHUMG00000149066;XXbac-BPG254F23.6
CCDC13-AS1	CCDC13-AS1
OTTHUMG00000157034;RP11-395B7.4	OTTHUMG00000157034;RP11-395B7.4
SPRN	SPRN
PAGE4	PAGE4
LOC100996583;OTTHUMG00000000819;RP3-395M20.9	LOC100996583;OTTHUMG00000000819;RP3-395M20.9
OTTHUMG00000159262;RP11-572M11.1	OTTHUMG00000159262;RP11-572M11.1
AP001057.1;OTTHUMG00000086911	AP001057.1;OTTHUMG00000086911
LOC152578;OTTHUMG00000160696;RP11-752D24.3	LOC152578;OTTHUMG00000160696;RP11-752D24.3
EFCAB8	EFCAB8
HAS3	HAS3
USP50	USP50
CHRNA1	CHRNA1
DNAJC5;MIR941-1;MIR941-2;MIR941-3;MIR941-4	DNAJC5;MIR941-1;MIR941-2;MIR941-3;MIR941-4
ENPP4	ENPP4
MED30	MED30
AP000235.2;AP000235.3;LOC339622;OTTHUMG00000078328;OTTHUMG00000078331	AP000235.2;AP000235.3;LOC339622;OTTHUMG00000078328;OTTHUMG00000078331
AC068542.2;OTTHUMG00000153283	AC068542.2;OTTHUMG00000153283
DNAJC5B	DNAJC5B
LOC101060038	LOC101060038
OBP2A	OBP2A
GAGE2A;GAGE2B;GAGE2C;GAGE2D;GAGE2E	GAGE2A;GAGE2B;GAGE2C;GAGE2D;GAGE2E
TRPC1	TRPC1
AC104777.2;OTTHUMG00000153754	AC104777.2;OTTHUMG00000153754
RPL37A	RPL37A
UBD	UBD
LIN37	LIN37
ELOVL3	ELOVL3
KRT84	KRT84
RNA5SP446	RNA5SP446
OTTHUMG00000014263;RP11-456H18.1	OTTHUMG00000014263;RP11-456H18.1
PP13439	PP13439
SGCZ	SGCZ
OTTHUMG00000162516;RP11-5N11.3	OTTHUMG00000162516;RP11-5N11.3
BX322559.3;LOC100505827;OTTHUMG00000090400	BX322559.3;LOC100505827;OTTHUMG00000090400
OTTHUMG00000019246;RP11-223P11.2	OTTHUMG00000019246;RP11-223P11.2
OTTHUMG00000164364;RP11-659E9.2	OTTHUMG00000164364;RP11-659E9.2
OTTHUMG00000032473;RP4-644L1.2	OTTHUMG00000032473;RP4-644L1.2
SPAM1	SPAM1
TTLL6	TTLL6
SMOX	SMOX
MBTPS1	MBTPS1
ZNF527	ZNF527
CD180	CD180
PSG8	PSG8
MIR4763;MIRLET7A3;MIRLET7B;MIRLET7BHG;OTTHUMG00000150446;RP4-695O20__B.10;hsa-let-7a-3;hsa-let-7b;hsa-mir-4763	MIR4763;MIRLET7A3;MIRLET7B;MIRLET7BHG;OTTHUMG00000150446;RP4-695O20__B.10;hsa-let-7a-3;hsa-let-7b;hsa-mir-4763
LOC442132	LOC442132
DDR1-AS1	DDR1-AS1
OTTHUMG00000148935;TIGD1L	OTTHUMG00000148935;TIGD1L
OTTHUMG00000149215;TIGD1L	OTTHUMG00000149215;TIGD1L
OTTHUMG00000164862;RP11-152P17.3	OTTHUMG00000164862;RP11-152P17.3
FAM83G	FAM83G
TAS1R2	TAS1R2
PRAMEF18;PRAMEF19	PRAMEF18;PRAMEF19
AC091814.3;OTTHUMG00000150192	AC091814.3;OTTHUMG00000150192
FRAT1	FRAT1
TMED11P	TMED11P
HIST1H4A;HIST1H4B;HIST1H4C;HIST1H4D;HIST1H4E;HIST1H4F;HIST1H4H;HIST1H4I;HIST1H4J;HIST1H4K;HIST1H4L;HIST2H4A;HIST2H4B;HIST4H4	HIST1H4A;HIST1H4B;HIST1H4C;HIST1H4D;HIST1H4E;HIST1H4F;HIST1H4H;HIST1H4I;HIST1H4J;HIST1H4K;HIST1H4L;HIST2H4A;HIST2H4B;HIST4H4
OTTHUMG00000021439;RP11-571E6.3	OTTHUMG00000021439;RP11-571E6.3
IL36G	IL36G
ABHD13	ABHD13
HIST1H4A;HIST1H4B;HIST1H4C;HIST1H4D;HIST1H4E;HIST1H4F;HIST1H4H;HIST1H4I;HIST1H4J;HIST1H4K;HIST1H4L;HIST2H4A;HIST2H4B;HIST4H4	HIST1H4A;HIST1H4B;HIST1H4C;HIST1H4D;HIST1H4E;HIST1H4F;HIST1H4H;HIST1H4I;HIST1H4J;HIST1H4K;HIST1H4L;HIST2H4A;HIST2H4B;HIST4H4
COL4A2	COL4A2
TAF11	TAF11
VCAN	VCAN
FOXB2	FOXB2
NCOA3	NCOA3
EMILIN2	EMILIN2
WBP2P1	WBP2P1
CTC-498M16.2;OTTHUMG00000162703	CTC-498M16.2;OTTHUMG00000162703
TRBV29-1	TRBV29-1
PADI6	PADI6
CTD-2023N9.3;LOC100996645;OTTHUMG00000162504	CTD-2023N9.3;LOC100996645;OTTHUMG00000162504
OTTHUMG00000039775;RP11-375A5.1	OTTHUMG00000039775;RP11-375A5.1
GCSHP3	GCSHP3
AC005281.1;OTTHUMG00000152383	AC005281.1;OTTHUMG00000152383
KCTD21-AS1	KCTD21-AS1
MMP19	MMP19
ZNF480	ZNF480
OTTHUMG00000015507;RP11-735G4.1	OTTHUMG00000015507;RP11-735G4.1
OTTHUMG00000158300;RP11-338L18.1	OTTHUMG00000158300;RP11-338L18.1
CYB561	CYB561
MAFG-AS1	MAFG-AS1
IGHV4-31	IGHV4-31
KLF4	KLF4
CCDC134	CCDC134
CLK2	CLK2
OTTHUMG00000003039;RP11-10N16.3	OTTHUMG00000003039;RP11-10N16.3
SOX17	SOX17
OTTHUMG00000032284;RP5-1125A11.4	OTTHUMG00000032284;RP5-1125A11.4
FOXD2	FOXD2
OTTHUMG00000040779;RP11-54O7.11	OTTHUMG00000040779;RP11-54O7.11
LDHB	LDHB
MIR494	MIR494
RAB37	RAB37
GABRG3	GABRG3
OTTHUMG00000163998;RP11-150O12.3	OTTHUMG00000163998;RP11-150O12.3
DYNLL1-AS1	DYNLL1-AS1
AFG3L2	AFG3L2
MIR152	MIR152
MGAT4A	MGAT4A
OR52B4	OR52B4
OTTHUMG00000020447;RP11-363D24.1	OTTHUMG00000020447;RP11-363D24.1
FAM181A	FAM181A
LOC100506664;OTTHUMG00000157154;RP11-807H17.1	LOC100506664;OTTHUMG00000157154;RP11-807H17.1
HINT1	HINT1
ZNF513	ZNF513
HNRNPA0	HNRNPA0
OTTHUMG00000017942;RP11-490O24.2	OTTHUMG00000017942;RP11-490O24.2
MDS2	MDS2
OTTHUMG00000007956;RP11-543D5.1	OTTHUMG00000007956;RP11-543D5.1
LINC00598;OTTHUMG00000016771;RP11-172E9.2	LINC00598;OTTHUMG00000016771;RP11-172E9.2
LOC100506161;OTTHUMG00000037542;RP11-378J18.3	LOC100506161;OTTHUMG00000037542;RP11-378J18.3
RAD54L2	RAD54L2
ANKRD20A1;ANKRD20A3	ANKRD20A1;ANKRD20A3
RNA5SP296	RNA5SP296
GPR128	GPR128
CPSF4	CPSF4
SSR4	SSR4
AC092687.4;OTTHUMG00000151708	AC092687.4;OTTHUMG00000151708
HSP90AB1	HSP90AB1
C7orf43;MIR4658	C7orf43;MIR4658
GRK7	GRK7
EGR4	EGR4
OR4A16	OR4A16
RTN4RL2	RTN4RL2
EGFLAM-AS2	EGFLAM-AS2
ZNF766	ZNF766
SMTNL2	SMTNL2
AGO1;EIF2C1	AGO1;EIF2C1
TTC39A	TTC39A
LOC101060226;NBPF12;NBPF20;NBPF7	LOC101060226;NBPF12;NBPF20;NBPF7
AC025335.1;LOC284023;OTTHUMG00000132873	AC025335.1;LOC284023;OTTHUMG00000132873
BCR	BCR
SFRP5	SFRP5
OTTHUMG00000020244;RP11-370F5.4	OTTHUMG00000020244;RP11-370F5.4
OTTHUMG00000032097;RP5-1100I6.1	OTTHUMG00000032097;RP5-1100I6.1
ZZEF1	ZZEF1
PPM1L	PPM1L
REG3A	REG3A
OTTHUMG00000038014;RP11-443B7.1	OTTHUMG00000038014;RP11-443B7.1
OTTHUMG00000017053;RP11-459J23.1	OTTHUMG00000017053;RP11-459J23.1
DMRTB1	DMRTB1
ROPN1L	ROPN1L
P2RY8	P2RY8
P2RY8	P2RY8
MMS19	MMS19
CYB561D2	CYB561D2
FAM46C	FAM46C
MIR512-1;MIR512-2	MIR512-1;MIR512-2
MIR512-1;MIR512-2	MIR512-1;MIR512-2
SLC45A1	SLC45A1
AC087430.1;OTTHUMG00000154883	AC087430.1;OTTHUMG00000154883
TAS2R60	TAS2R60
LOC100507199;OTTHUMG00000024175;RP11-366F6.2	LOC100507199;OTTHUMG00000024175;RP11-366F6.2
MIR1285-1	MIR1285-1
BAIAP2	BAIAP2
OTTHUMG00000019444;RP11-264I13.2	OTTHUMG00000019444;RP11-264I13.2
LINC00935	LINC00935
OTTHUMG00000019429;RP11-165F24.5	OTTHUMG00000019429;RP11-165F24.5
OTTHUMG00000012244;RP11-107M16.2	OTTHUMG00000012244;RP11-107M16.2
OR7A17	OR7A17
CCNB3	CCNB3
CEBPD	CEBPD
GBP3	GBP3
BUD31	BUD31
MTNR1B	MTNR1B
CKMT1A;CKMT1B	CKMT1A;CKMT1B
SLC22A18	SLC22A18
HELZ2;OTTHUMG00000032982;RP4-697K14.12	HELZ2;OTTHUMG00000032982;RP4-697K14.12
CCBP2	CCBP2
UHMK1	UHMK1
GPR97	GPR97
MIR4483	MIR4483
CNN1	CNN1
ZNF358	ZNF358
HCG21	HCG21
MIR384	MIR384
PIN1P1	PIN1P1
IGKV2D-26	IGKV2D-26
OTTHUMG00000165043;RP11-369K17.1	OTTHUMG00000165043;RP11-369K17.1
KRTAP13-3	KRTAP13-3
LINC00516;LOC101101776	LINC00516;LOC101101776
S100A4	S100A4
OTTHUMG00000031374;RP11-565P22.2	OTTHUMG00000031374;RP11-565P22.2
OTTHUMG00000036265;RP11-372M18.1	OTTHUMG00000036265;RP11-372M18.1
CCL8	CCL8
LOC152586;OTTHUMG00000161376;RP11-542P2.1	LOC152586;OTTHUMG00000161376;RP11-542P2.1
AC002480.3;LOC100506178;OTTHUMG00000152530	AC002480.3;LOC100506178;OTTHUMG00000152530
MAD2L1BP	MAD2L1BP
DIRAS2	DIRAS2
CAMK1	CAMK1
LRRN2	LRRN2
FAM58BP	FAM58BP
HLA-DQB2	HLA-DQB2
HLA-DQB2	HLA-DQB2
TTTY7B	TTTY7B
OTTHUMG00000019703;RP11-321L2.2	OTTHUMG00000019703;RP11-321L2.2
OR11A1	OR11A1
CTD-2588J1.1;OTTHUMG00000164537	CTD-2588J1.1;OTTHUMG00000164537
NANOGNB	NANOGNB
L29074.3;OTTHUMG00000022605	L29074.3;OTTHUMG00000022605
OTTHUMG00000162179;RP11-5N11.2	OTTHUMG00000162179;RP11-5N11.2
TEX37	TEX37
CTB-178M22.1;OTTHUMG00000162967	CTB-178M22.1;OTTHUMG00000162967
TRGV4	TRGV4
RBMXL2	RBMXL2
OTTHUMG00000160444;RP11-663P9.1	OTTHUMG00000160444;RP11-663P9.1
SLCO3A1	SLCO3A1
RRM1-AS1	RRM1-AS1
LOC646862	LOC646862
CTD-2176I21.2;OTTHUMG00000162203	CTD-2176I21.2;OTTHUMG00000162203
PGM5	PGM5
ATOX1	ATOX1
SCT	SCT
OR4M1	OR4M1
CCL14;CCL15;CCL15-CCL14	CCL14;CCL15;CCL15-CCL14
TP53I3	TP53I3
STC2	STC2
LOC101060545;RPIA	LOC101060545;RPIA
LTBP3	LTBP3
TOMM20	TOMM20
GABRD	GABRD
MC3R	MC3R
KARS	KARS
DCTPP1	DCTPP1
MIR3664	MIR3664
OTTHUMG00000007569;RP5-994D16.9	OTTHUMG00000007569;RP5-994D16.9
SMCR5	SMCR5
TOPORS	TOPORS
GPR35	GPR35
SH2D3C	SH2D3C
RANBP1	RANBP1
BPIFA3	BPIFA3
OTTHUMG00000170067;RP1-170O19.14	OTTHUMG00000170067;RP1-170O19.14
OTTHUMG00000160577;RP11-395I6.2	OTTHUMG00000160577;RP11-395I6.2
BCL7A	BCL7A
PCDHB6	PCDHB6
SP9	SP9
RFXANK	RFXANK
OTTHUMG00000157652;RP11-306G20.1	OTTHUMG00000157652;RP11-306G20.1
BPESC1	BPESC1
MIR3156-3	MIR3156-3
FAM162A	FAM162A
DUPD1	DUPD1
GMCL1	GMCL1
LINC00333	LINC00333
AC113610.1;OTTHUMG00000153759	AC113610.1;OTTHUMG00000153759
ZNF248	ZNF248
OTTHUMG00000016604;RP11-165I9.4	OTTHUMG00000016604;RP11-165I9.4
AC007106.1;OTTHUMG00000161695	AC007106.1;OTTHUMG00000161695
MYL9	MYL9
AC010746.3;OTTHUMG00000154427	AC010746.3;OTTHUMG00000154427
EIF5AL1	EIF5AL1
OTTHUMG00000015979;RP1-230L10.1	OTTHUMG00000015979;RP1-230L10.1
AC133106.2;OTTHUMG00000154303	AC133106.2;OTTHUMG00000154303
ZBED2	ZBED2
PTX4	PTX4
ZNF281	ZNF281
CTD-2281E23.1;LOC286083;OTTHUMG00000163636	CTD-2281E23.1;LOC286083;OTTHUMG00000163636
SYTL1	SYTL1
OTTHUMG00000022647;RP1-14D6.7	OTTHUMG00000022647;RP1-14D6.7
MIR4755	MIR4755
FBXW4P1	FBXW4P1
DEGS1	DEGS1
LIMD1-AS1	LIMD1-AS1
MIRLET7A2	MIRLET7A2
AC104695.3;FLJ31356;OTTHUMG00000151946	AC104695.3;FLJ31356;OTTHUMG00000151946
AP002414.1;OTTHUMG00000073721	AP002414.1;OTTHUMG00000073721
FRG2;LOC100288255	FRG2;LOC100288255
FRG2;LOC100288255	FRG2;LOC100288255
OTTHUMG00000159106;RP11-400L8.2	OTTHUMG00000159106;RP11-400L8.2
LOC340357	LOC340357
LOC100506082;RRM1	LOC100506082;RRM1
SRP72	SRP72
IL9R	IL9R
AP001048.4;OTTHUMG00000086871	AP001048.4;OTTHUMG00000086871
GPR123	GPR123
OTTHUMG00000022529;RP6-27P15.2	OTTHUMG00000022529;RP6-27P15.2
CTA-360L10.1;OTTHUMG00000157643	CTA-360L10.1;OTTHUMG00000157643
MIR4726	MIR4726
OTTHUMG00000016839;RP11-442J21.1	OTTHUMG00000016839;RP11-442J21.1
IGHV2-5	IGHV2-5
MIR1913	MIR1913
CTC-367J11.1;OTTHUMG00000163588	CTC-367J11.1;OTTHUMG00000163588
FAM110A;OTTHUMG00000031650;RP11-276A18.2	FAM110A;OTTHUMG00000031650;RP11-276A18.2
LINC00242	LINC00242
OTTHUMG00000160705;RP11-460H9.1	OTTHUMG00000160705;RP11-460H9.1
ANAPC13	ANAPC13
AP001065.15;OTTHUMG00000086925	AP001065.15;OTTHUMG00000086925
LOC100507498	LOC100507498
UBL3	UBL3
MIR625	MIR625
OTTHUMG00000159112;RP11-734K21.3	OTTHUMG00000159112;RP11-734K21.3
PTGIR	PTGIR
MIR627	MIR627
CYP4Z1	CYP4Z1
OTTHUMG00000159046;RP11-894J14.2	OTTHUMG00000159046;RP11-894J14.2
SNORD114-15	SNORD114-15
ITGA1;PELO	ITGA1;PELO
OTTHUMG00000162549;RP11-168A11.1	OTTHUMG00000162549;RP11-168A11.1
TRPC4	TRPC4
ASPA	ASPA
OTTHUMG00000163952;RP11-11N9.4	OTTHUMG00000163952;RP11-11N9.4
IYD	IYD
NT5C	NT5C
CARM1P1	CARM1P1
KCNAB1-AS2	KCNAB1-AS2
MBD3	MBD3
SNORD114-17	SNORD114-17
OTTHUMG00000161245;RP11-554D13.1	OTTHUMG00000161245;RP11-554D13.1
LOC100506978	LOC100506978
OTTHUMG00000032885;RP5-827L5.2	OTTHUMG00000032885;RP5-827L5.2
KRTAP10-11	KRTAP10-11
PIK3C2A	PIK3C2A
OTTHUMG00000019750;RP11-555J4.4	OTTHUMG00000019750;RP11-555J4.4
BEX5	BEX5
CHIA	CHIA
LTA	LTA
LTA	LTA
LTA	LTA
OR2AP1	OR2AP1
ATP5G3	ATP5G3
CTB-191D16.1;OTTHUMG00000161458	CTB-191D16.1;OTTHUMG00000161458
ZNF705E	ZNF705E
OTTHUMG00000156552;RP11-340I6.7	OTTHUMG00000156552;RP11-340I6.7
AC008280.5;OTTHUMG00000152404	AC008280.5;OTTHUMG00000152404
CYP7A1	CYP7A1
MDM4;OTTHUMG00000037031;RP11-430C7.4	MDM4;OTTHUMG00000037031;RP11-430C7.4
LRMP	LRMP
MIR4652	MIR4652
OTTHUMG00000159002;RP11-451B8.1	OTTHUMG00000159002;RP11-451B8.1
AC074289.1;LOC100507006;OTTHUMG00000152632	AC074289.1;LOC100507006;OTTHUMG00000152632
TNFRSF19	TNFRSF19
SERF1A;SERF1B	SERF1A;SERF1B
AC008691.1;OTTHUMG00000163543	AC008691.1;OTTHUMG00000163543
MICB	MICB
MIR4461	MIR4461
CTC-338M12.4;OTTHUMG00000163003	CTC-338M12.4;OTTHUMG00000163003
OTTHUMG00000035685;RP11-98G13.1	OTTHUMG00000035685;RP11-98G13.1
OPN3	OPN3
NOG	NOG
CD177	CD177
ECI2	ECI2
FAM205A	FAM205A
PAX4	PAX4
LOC285000	LOC285000
TMC4	TMC4
AC108142.1;MGC45800;OTTHUMG00000133641	AC108142.1;MGC45800;OTTHUMG00000133641
OTTHUMG00000017555;RP11-298E9.6	OTTHUMG00000017555;RP11-298E9.6
KIAA1109	KIAA1109
MSR1	MSR1
OTTHUMG00000035334;RP11-540D14.6;SLC50A1	OTTHUMG00000035334;RP11-540D14.6;SLC50A1
ALKBH2	ALKBH2
CUL9	CUL9
ERI3-IT1	ERI3-IT1
NKX2-2-AS1	NKX2-2-AS1
TDRG1	TDRG1
OTTHUMG00000018534;RP11-443A13.5	OTTHUMG00000018534;RP11-443A13.5
CES1P1	CES1P1
ATXN7L1	ATXN7L1
OTTHUMG00000160219;RP11-576E20.1	OTTHUMG00000160219;RP11-576E20.1
XPO5	XPO5
MGA	MGA
OTTHUMG00000015943;RP1-249F5.3	OTTHUMG00000015943;RP1-249F5.3
TCAM1P	TCAM1P
MKNK1	MKNK1
OTTHUMG00000159346;RP11-384F7.1	OTTHUMG00000159346;RP11-384F7.1
MMP3	MMP3
OTTHUMG00000017590;RP11-445P17.8	OTTHUMG00000017590;RP11-445P17.8
TRIM53AP	TRIM53AP
LOC646903	LOC646903
TMED6	TMED6
MEIS2	MEIS2
OTTHUMG00000019126;RP11-328K15.1	OTTHUMG00000019126;RP11-328K15.1
TBC1D10C	TBC1D10C
SFI1	SFI1
CNTLN	CNTLN
AC107057.1;OTTHUMG00000151420	AC107057.1;OTTHUMG00000151420
AC007036.5;C7orf41;OTTHUMG00000152759	AC007036.5;C7orf41;OTTHUMG00000152759
MIP	MIP
HCFC2	HCFC2
AC102953.4;LOC100996269;OTTHUMG00000151454	AC102953.4;LOC100996269;OTTHUMG00000151454
OTTHUMG00000133697;RP11-74C1.4;TUFT1	OTTHUMG00000133697;RP11-74C1.4;TUFT1
CD52	CD52
OTTHUMG00000015353;RP1-249I4.2	OTTHUMG00000015353;RP1-249I4.2
KLHL18	KLHL18
FNBP4	FNBP4
CTC-537E7.2;OTTHUMG00000162335	CTC-537E7.2;OTTHUMG00000162335
CITED1	CITED1
AC011998.1;OTTHUMG00000154195	AC011998.1;OTTHUMG00000154195
LOC100289656	LOC100289656
A2ML1-AS1	A2ML1-AS1
OTTHUMG00000162208;RP11-53O19.2	OTTHUMG00000162208;RP11-53O19.2
GJB7	GJB7
MIR548H1	MIR548H1
P2RY14	P2RY14
DHRS13	DHRS13
AC015923.1;OTTHUMG00000132315	AC015923.1;OTTHUMG00000132315
ZBTB22	ZBTB22
AC092597.3;OTTHUMG00000099437	AC092597.3;OTTHUMG00000099437
MIR516A2	MIR516A2
STX18-IT1	STX18-IT1
MRGPRF	MRGPRF
CHST14	CHST14
TRBV21OR9-2	TRBV21OR9-2
MIR604	MIR604
MIR3921	MIR3921
IGHV1-8	IGHV1-8
TXNDC8	TXNDC8
OTTHUMG00000165687;RP11-380O24.1;SRGAP3	OTTHUMG00000165687;RP11-380O24.1;SRGAP3
FGF14-AS1	FGF14-AS1
MIR4746	MIR4746
CTD-3080P12.3;OTTHUMG00000161928	CTD-3080P12.3;OTTHUMG00000161928
OTTHUMG00000014342;RP11-204E9.1	OTTHUMG00000014342;RP11-204E9.1
CHST9	CHST9
ASPDH	ASPDH
KIAA1045;OTTHUMG00000019846;RP11-392A14.7	KIAA1045;OTTHUMG00000019846;RP11-392A14.7
TNFAIP6	TNFAIP6
MBIP	MBIP
ANKRD20A2;ANKRD20A3;ANKRD20A4;LOC101059935	ANKRD20A2;ANKRD20A3;ANKRD20A4;LOC101059935
PABPC5-AS1	PABPC5-AS1
OTTHUMG00000035769;RP11-90L20.2	OTTHUMG00000035769;RP11-90L20.2
ALX4	ALX4
BCAR4	BCAR4
COL1A2	COL1A2
SRRT	SRRT
OTTHUMG00000160731;RP11-624A4.1	OTTHUMG00000160731;RP11-624A4.1
AC009313.1;OTTHUMG00000151886	AC009313.1;OTTHUMG00000151886
ACVR1	ACVR1
ALAS2	ALAS2
OR52M1	OR52M1
CEP63	CEP63
OTTHUMG00000161303;RP11-381N20.2	OTTHUMG00000161303;RP11-381N20.2
OTTHUMG00000159721;RP11-91K8.1	OTTHUMG00000159721;RP11-91K8.1
PAK1IP1	PAK1IP1
NDUFB8;SEC31B	NDUFB8;SEC31B
OTTHUMG00000160206;RP11-265O12.1	OTTHUMG00000160206;RP11-265O12.1
SNORD18B	SNORD18B
OTTHUMG00000159999;RP11-534L6.5	OTTHUMG00000159999;RP11-534L6.5
POLR2K	POLR2K
FOXE1	FOXE1
C1orf194	C1orf194
FPR2	FPR2
CLDN22;WWC2	CLDN22;WWC2
SPSB3	SPSB3
RNA5SP312	RNA5SP312
RNA5SP315	RNA5SP315
RNA5SP313	RNA5SP313
TESC	TESC
RSPH9	RSPH9
AC007182.6;OTTHUMG00000148657	AC007182.6;OTTHUMG00000148657
C1orf85	C1orf85
ILKAP	ILKAP
MIR200C	MIR200C
RSBN1L-AS1	RSBN1L-AS1
RNA5SP89	RNA5SP89
LL22NC03-75H12.2;OTTHUMG00000150324	LL22NC03-75H12.2;OTTHUMG00000150324
AGPAT1	AGPAT1
AGPAT1	AGPAT1
TAAR1	TAAR1
CTC-203F4.1;CTC-349C3.1;LOC100996485;OTTHUMG00000163075;OTTHUMG00000163106	CTC-203F4.1;CTC-349C3.1;LOC100996485;OTTHUMG00000163075;OTTHUMG00000163106
ANP32AP1	ANP32AP1
OTTHUMG00000014635;RP3-503A6.2	OTTHUMG00000014635;RP3-503A6.2
RHPN1	RHPN1
AC009312.1;OTTHUMG00000141319	AC009312.1;OTTHUMG00000141319
OTTHUMG00000020824;RP11-334J6.6	OTTHUMG00000020824;RP11-334J6.6
SNORD113-7	SNORD113-7
ZNF852	ZNF852
AP000253.1;OTTHUMG00000084879	AP000253.1;OTTHUMG00000084879
ATP6V1E2;FLJ41757	ATP6V1E2;FLJ41757
CFL1P1	CFL1P1
FKSG52	FKSG52
CPLX4	CPLX4
HTR7P1	HTR7P1
OTTHUMG00000016054;RP11-417E7.1	OTTHUMG00000016054;RP11-417E7.1
FAM76B	FAM76B
AC009878.2;OTTHUMG00000056666	AC009878.2;OTTHUMG00000056666
AJAP1	AJAP1
OTTHUMG00000009694;RP11-510C10.3	OTTHUMG00000009694;RP11-510C10.3
UOX	UOX
AC005522.7;OTTHUMG00000155798	AC005522.7;OTTHUMG00000155798
FAM114A1	FAM114A1
IRX2	IRX2
GNAI3	GNAI3
OTTHUMG00000161336;RP11-455G16.1	OTTHUMG00000161336;RP11-455G16.1
SERPINA10	SERPINA10
UACA	UACA
OTTHUMG00000163621;RP11-152K4.2	OTTHUMG00000163621;RP11-152K4.2
MIR1203	MIR1203
GTF2IRD2P1	GTF2IRD2P1
LOC220729	LOC220729
ST7-AS2	ST7-AS2
SMCP	SMCP
NID2	NID2
ASB12	ASB12
CUTA	CUTA
CUTA	CUTA
SLC9A9-AS1	SLC9A9-AS1
HTR2C-IT1	HTR2C-IT1
MRPL15	MRPL15
SOCS6	SOCS6
GCC1	GCC1
OTTHUMG00000018393;RP11-242G20.1	OTTHUMG00000018393;RP11-242G20.1
VIPR2	VIPR2
DYM	DYM
DOPEY1	DOPEY1
CCDC48;EFCC1	CCDC48;EFCC1
FTH1P3	FTH1P3
LOC100506389;OTTHUMG00000015381;RP1-97J1.2	LOC100506389;OTTHUMG00000015381;RP1-97J1.2
LOC100287290;MFSD1;OTTHUMG00000158833;RP11-379F4.4	LOC100287290;MFSD1;OTTHUMG00000158833;RP11-379F4.4
TRIML2	TRIML2
ZBTB11	ZBTB11
MED22	MED22
TNP2	TNP2
GRAMD1B	GRAMD1B
LOC100130950	LOC100130950
OTTHUMG00000158939;RP11-469J4.3	OTTHUMG00000158939;RP11-469J4.3
RPL9	RPL9
FAM160B2	FAM160B2
CIRBP	CIRBP
WEE2	WEE2
OGN	OGN
FOXN4	FOXN4
POPDC3	POPDC3
EIF1	EIF1
WIPI1	WIPI1
NEUROG3	NEUROG3
KBTBD12	KBTBD12
LOC100130331;OTTHUMG00000039587;RP11-193H5.1	LOC100130331;OTTHUMG00000039587;RP11-193H5.1
OTTHUMG00000018243;RP11-40C11.2	OTTHUMG00000018243;RP11-40C11.2
EXOSC6	EXOSC6
MIR3186	MIR3186
OTTHUMG00000161530;RP11-597D13.2	OTTHUMG00000161530;RP11-597D13.2
AC116609.1;OTTHUMG00000151379	AC116609.1;OTTHUMG00000151379
AC008746.3;OTTHUMG00000065547	AC008746.3;OTTHUMG00000065547
RHOB	RHOB
VWA5B1	VWA5B1
IGF2BP2	IGF2BP2
MED25	MED25
MOCS2	MOCS2
OR10P1	OR10P1
IFNA22P	IFNA22P
ZSCAN12	ZSCAN12
HIST1H2AG;HIST1H2AH;HIST1H2AI;HIST1H2AK;HIST1H2AL;HIST1H2AM	HIST1H2AG;HIST1H2AH;HIST1H2AI;HIST1H2AK;HIST1H2AL;HIST1H2AM
CDC42EP2	CDC42EP2
ACTR3C	ACTR3C
OTTHUMG00000158446;RP11-458K10.3	OTTHUMG00000158446;RP11-458K10.3
FAM208A	FAM208A
OCLN	OCLN
SNORD8	SNORD8
ZNF616	ZNF616
REP15	REP15
ZNF470	ZNF470
KLK8;KLK9	KLK8;KLK9
LOC554223	LOC554223
KRTAP22-1	KRTAP22-1
OTTHUMG00000017625;RP11-554I8.2	OTTHUMG00000017625;RP11-554I8.2
LINC00330	LINC00330
PACS1	PACS1
CLEC17A	CLEC17A
CCRL1	CCRL1
AC018755.11;FLJ30403;OTTHUMG00000164405	AC018755.11;FLJ30403;OTTHUMG00000164405
CTD-2023M8.1;OTTHUMG00000161873	CTD-2023M8.1;OTTHUMG00000161873
ZBED5-AS1	ZBED5-AS1
LOC100996557;OTTHUMG00000020301;RP11-535M15.1	LOC100996557;OTTHUMG00000020301;RP11-535M15.1
MAPK3	MAPK3
RND1	RND1
GATSL1;GATSL2	GATSL1;GATSL2
OTTHUMG00000163175;RP11-1379J22.2	OTTHUMG00000163175;RP11-1379J22.2
CTD-3239E11.2;OTTHUMG00000164195	CTD-3239E11.2;OTTHUMG00000164195
SEC16A	SEC16A
OTTHUMG00000163118;RP11-231G15.2	OTTHUMG00000163118;RP11-231G15.2
OTTHUMG00000032185;RP11-243J16.7	OTTHUMG00000032185;RP11-243J16.7
OTTHUMG00000160780;RP11-545L5.1	OTTHUMG00000160780;RP11-545L5.1
TFDP2	TFDP2
KRTAP6-1	KRTAP6-1
LOC339666;OTTHUMG00000058267;OTTHUMG00000150006;RP1-149A16.17;RP1-149A16.3	LOC339666;OTTHUMG00000058267;OTTHUMG00000150006;RP1-149A16.17;RP1-149A16.3
OTTHUMG00000161118;RP11-380D23.2	OTTHUMG00000161118;RP11-380D23.2
MRPL21	MRPL21
LOC100996643;MTHFD1L	LOC100996643;MTHFD1L
PCDHA11	PCDHA11
TP53TG5	TP53TG5
AC003986.5;OTTHUMG00000152490	AC003986.5;OTTHUMG00000152490
NDUFA11	NDUFA11
AC005355.1;OTTHUMG00000163069	AC005355.1;OTTHUMG00000163069
RNA5SP253	RNA5SP253
RNA5SP254	RNA5SP254
RNA5SP342	RNA5SP342
HIST1H2BJ	HIST1H2BJ
ZNF780B	ZNF780B
SORCS3	SORCS3
OTTHUMG00000040080;RP11-522M21.2	OTTHUMG00000040080;RP11-522M21.2
TIGD7	TIGD7
NPTN	NPTN
HLCS-IT1	HLCS-IT1
OTTHUMG00000037519;RP11-496N12.6	OTTHUMG00000037519;RP11-496N12.6
MIR31	MIR31
NIPAL2	NIPAL2
FAM227A	FAM227A
LOC100507222;OTTHUMG00000163835;RP11-219J21.1	LOC100507222;OTTHUMG00000163835;RP11-219J21.1
ASIC5	ASIC5
OLR1	OLR1
OTTHUMG00000015254;RP11-111D3.2	OTTHUMG00000015254;RP11-111D3.2
VCPIP1	VCPIP1
LINC00657	LINC00657
MB21D1	MB21D1
AGPAT1	AGPAT1
OTTHUMG00000158366;RP11-309L24.2	OTTHUMG00000158366;RP11-309L24.2
ARMC5	ARMC5
C3	C3
SCRN1	SCRN1
NXF1	NXF1
OR1J2;OR1J4	OR1J2;OR1J4
CSRNP3	CSRNP3
OTTHUMG00000018145;RP11-463P17.1	OTTHUMG00000018145;RP11-463P17.1
FAM203A;FAM203B	FAM203A;FAM203B
FRMPD4-AS1	FRMPD4-AS1
RNU7-54P	RNU7-54P
TPRXL	TPRXL
HCG18	HCG18
AC138647.1;OTTHUMG00000156281	AC138647.1;OTTHUMG00000156281
CT45A1;CT45A3;LOC101060211;OTTHUMG00000022488;XX-FW88277B6.1	CT45A1;CT45A3;LOC101060211;OTTHUMG00000022488;XX-FW88277B6.1
SLC24A5	SLC24A5
LIPE-AS1	LIPE-AS1
AC007461.2;OTTHUMG00000132235	AC007461.2;OTTHUMG00000132235
GPN1	GPN1
SMIM2	SMIM2
MICA	MICA
MIR325	MIR325
OTTHUMG00000157766;RP4-669B10.3	OTTHUMG00000157766;RP4-669B10.3
CTD-2231H16.1;OTTHUMG00000161574	CTD-2231H16.1;OTTHUMG00000161574
ACTG2	ACTG2
SPANXA2-OT1	SPANXA2-OT1
KRTAP9-4;KRTAP9-9	KRTAP9-4;KRTAP9-9
IGLV7-43	IGLV7-43
OTTHUMG00000163392;RP11-960D24.1	OTTHUMG00000163392;RP11-960D24.1
USPL1	USPL1
KIFC3	KIFC3
HMGA1;HMGA1P8	HMGA1;HMGA1P8
ALPK3	ALPK3
GPC6-AS2	GPC6-AS2
ECH1	ECH1
CCDC83	CCDC83
GUCY2C	GUCY2C
OTTHUMG00000162405;RP11-317O24.2	OTTHUMG00000162405;RP11-317O24.2
PLA2G2E	PLA2G2E
SLC9A8	SLC9A8
IGKV1D-12	IGKV1D-12
OTTHUMG00000158223;RP11-275H4.1	OTTHUMG00000158223;RP11-275H4.1
MIR920	MIR920
SNORD11	SNORD11
EPHX4	EPHX4
ANTXRLP1	ANTXRLP1
HLA-DQA2	HLA-DQA2
MIR4666A	MIR4666A
OTTHUMG00000164495;RP11-434I12.4	OTTHUMG00000164495;RP11-434I12.4
OSMR	OSMR
LCMT1	LCMT1
ASMTL	ASMTL
WDR59	WDR59
HELQ	HELQ
MIR4446	MIR4446
BID	BID
PPIP5K1	PPIP5K1
FAM188B2;OTTHUMG00000159848;RP11-373I8.1	FAM188B2;OTTHUMG00000159848;RP11-373I8.1
AFM	AFM
OTTHUMG00000162058;RP11-893F2.9	OTTHUMG00000162058;RP11-893F2.9
AF127577.8;OTTHUMG00000074318	AF127577.8;OTTHUMG00000074318
AC023669.1;OTTHUMG00000155424	AC023669.1;OTTHUMG00000155424
AC083864.4;OTTHUMG00000155057;PP13004	AC083864.4;OTTHUMG00000155057;PP13004
AQP12B	AQP12B
USP17L21	USP17L21
NAPSA	NAPSA
TRAF3IP2-AS1	TRAF3IP2-AS1
RAB28	RAB28
FAM155B	FAM155B
DYRK1B	DYRK1B
MIR448	MIR448
SNORA70F	SNORA70F
STRN3	STRN3
IGHMBP2	IGHMBP2
OTTHUMG00000161694;RP11-472K22.1	OTTHUMG00000161694;RP11-472K22.1
PSAPL1	PSAPL1
C15orf40	C15orf40
GDF9	GDF9
SLC30A10	SLC30A10
KANSL1L	KANSL1L
PDGFRA	PDGFRA
OTTHUMG00000018307;RP11-436D10.3	OTTHUMG00000018307;RP11-436D10.3
CCL22	CCL22
OR2M3	OR2M3
CTD-2308B18.4;OTTHUMG00000163257	CTD-2308B18.4;OTTHUMG00000163257
HPX	HPX
OTTHUMG00000041351;RP5-1065P14.2	OTTHUMG00000041351;RP5-1065P14.2
PRR18	PRR18
PNPLA7	PNPLA7
OTTHUMG00000156511;RP4-604G5.1	OTTHUMG00000156511;RP4-604G5.1
MIR548F3	MIR548F3
FAT3	FAT3
RASSF9	RASSF9
TRIM47	TRIM47
XPNPEP1	XPNPEP1
SYF2	SYF2
PPM1M	PPM1M
AZGP1P1	AZGP1P1
OTTHUMG00000160013;RP11-367J11.4	OTTHUMG00000160013;RP11-367J11.4
KRT5	KRT5
ZNF443	ZNF443
ARL15	ARL15
RNA5SP362	RNA5SP362
KIR2DL4	KIR2DL4
ZNF79	ZNF79
PPIL6	PPIL6
OTTHUMG00000162995;RP11-284A20.2	OTTHUMG00000162995;RP11-284A20.2
LINC00387	LINC00387
MC5R	MC5R
OTTHUMG00000011899;RP4-543J13.1	OTTHUMG00000011899;RP4-543J13.1
BNIP3L	BNIP3L
CCDC22	CCDC22
GSK3A	GSK3A
AC023490.1;AC023490.2;OTTHUMG00000150646;OTTHUMG00000152507;TMEM191B	AC023490.1;AC023490.2;OTTHUMG00000150646;OTTHUMG00000152507;TMEM191B
OR5H6	OR5H6
WBP2NL	WBP2NL
RD3L	RD3L
SERAC1	SERAC1
AC058791.2;FLJ43663;OTTHUMG00000155000	AC058791.2;FLJ43663;OTTHUMG00000155000
PLCB2	PLCB2
COQ9	COQ9
RBMS3-AS1	RBMS3-AS1
OTTHUMG00000162881;RP11-492L8.2	OTTHUMG00000162881;RP11-492L8.2
DGCR11	DGCR11
TXNL1	TXNL1
JUNB	JUNB
RPS18	RPS18
OTTHUMG00000067240;RP11-118H15.1	OTTHUMG00000067240;RP11-118H15.1
SSBP3	SSBP3
HEPACAM2	HEPACAM2
OTTHUMG00000160725;RP11-162G9.1	OTTHUMG00000160725;RP11-162G9.1
OTTHUMG00000162349;RP11-481C4.1	OTTHUMG00000162349;RP11-481C4.1
OTTHUMG00000014196;RP11-556O15.1	OTTHUMG00000014196;RP11-556O15.1
DYX1C1	DYX1C1
MROH6	MROH6
OTTHUMG00000018537;RP11-180I22.2	OTTHUMG00000018537;RP11-180I22.2
GUCY2F	GUCY2F
NRADDP	NRADDP
H2AFJ;HIST2H2AC	H2AFJ;HIST2H2AC
MIR1193	MIR1193
ICA1L	ICA1L
SSTR4	SSTR4
NPAP1	NPAP1
MIR4424	MIR4424
MIR203;MIR3545	MIR203;MIR3545
ADH7	ADH7
RNU5F-6P	RNU5F-6P
BAIAP2L2	BAIAP2L2
MOGS	MOGS
FLJ45513;OTTHUMG00000161829;RP11-304F15.3	FLJ45513;OTTHUMG00000161829;RP11-304F15.3
OTTHUMG00000162767;RP11-78C3.1	OTTHUMG00000162767;RP11-78C3.1
NUDT9	NUDT9
WDR1	WDR1
MIR4788	MIR4788
SMIM12-AS1	SMIM12-AS1
RBP1	RBP1
OTTHUMG00000008189;RP11-275F13.1	OTTHUMG00000008189;RP11-275F13.1
AMN1	AMN1
LINC00940	LINC00940
LRTM1	LRTM1
PSMB6	PSMB6
OTTHUMG00000021535;RP11-56H2.2	OTTHUMG00000021535;RP11-56H2.2
LINC00393	LINC00393
ZNF7	ZNF7
OTTHUMG00000018630;RP11-219F10.1	OTTHUMG00000018630;RP11-219F10.1
OTTHUMG00000158687;RP11-641D5.2	OTTHUMG00000158687;RP11-641D5.2
CAPN10	CAPN10
ZFYVE19	ZFYVE19
OTTHUMG00000002204;RP11-108M9.4	OTTHUMG00000002204;RP11-108M9.4
OTTHUMG00000010851;RP11-57H12.5	OTTHUMG00000010851;RP11-57H12.5
ENSA	ENSA
TNK2	TNK2
OTTHUMG00000043020;RP11-335O13.7	OTTHUMG00000043020;RP11-335O13.7
MAP1LC3A	MAP1LC3A
ZNF250	ZNF250
MIR551A	MIR551A
KCNE2	KCNE2
C5orf25;SIMC1	C5orf25;SIMC1
OPN4	OPN4
HCRT	HCRT
PCDHB4	PCDHB4
TXNDC16	TXNDC16
ODAM	ODAM
PRRC2B	PRRC2B
LINC00709	LINC00709
ZNF593	ZNF593
OTTHUMG00000160738;RP11-161D15.3	OTTHUMG00000160738;RP11-161D15.3
FAM211A	FAM211A
MRPS23	MRPS23
ZAR1	ZAR1
KRTAP9-6	KRTAP9-6
RNA5SP474	RNA5SP474
COL1A1	COL1A1
ZNF479	ZNF479
AVIL	AVIL
RNA5SP293	RNA5SP293
CTD-2015H6.3;OTTHUMG00000162534	CTD-2015H6.3;OTTHUMG00000162534
BBS2	BBS2
CTD-2275D24.2;OTTHUMG00000162460	CTD-2275D24.2;OTTHUMG00000162460
MEPE	MEPE
ATP6V1E1	ATP6V1E1
NR2C2	NR2C2
PPP1R42	PPP1R42
LOC100505555;ZNF846	LOC100505555;ZNF846
RNU105B	RNU105B
HCG18	HCG18
CD109	CD109
AC083949.1;OTTHUMG00000152629	AC083949.1;OTTHUMG00000152629
FAM90A9P	FAM90A9P
OTTHUMG00000017632;RP11-385N23.1	OTTHUMG00000017632;RP11-385N23.1
OR4F15	OR4F15
SNAR-G1	SNAR-G1
OTTHUMG00000032375;RP4-550H1.4	OTTHUMG00000032375;RP4-550H1.4
RSPH6A	RSPH6A
MYH16	MYH16
IGKV2-24	IGKV2-24
LOC100996718;OR9G1;OR9G9	LOC100996718;OR9G1;OR9G9
TLN2	TLN2
OR2L2	OR2L2
AC004837.5;OTTHUMG00000155278	AC004837.5;OTTHUMG00000155278
CTB-118N6.2;OTTHUMG00000162882	CTB-118N6.2;OTTHUMG00000162882
OTTHUMG00000035513;RP11-108M21.1	OTTHUMG00000035513;RP11-108M21.1
OTTHUMG00000164281;RP11-1112C15.1	OTTHUMG00000164281;RP11-1112C15.1
MIR4511	MIR4511
SEPHS1	SEPHS1
LOC285758;OTTHUMG00000015405;RP1-249H1.4	LOC285758;OTTHUMG00000015405;RP1-249H1.4
GS1-251I9.2;OTTHUMG00000164021	GS1-251I9.2;OTTHUMG00000164021
OR52I2	OR52I2
ZNF155	ZNF155
MT1L	MT1L
FAM138E	FAM138E
IL7	IL7
SIGLEC11	SIGLEC11
TRAV24	TRAV24
CDSN	CDSN
LINC00623;LOC728875	LINC00623;LOC728875
MIR548AJ2	MIR548AJ2
UCMA	UCMA
ENTPD1;OTTHUMG00000018817;RP11-429G19.3	ENTPD1;OTTHUMG00000018817;RP11-429G19.3
BDNF-AS	BDNF-AS
KRT83	KRT83
PHPT1	PHPT1
OTTHUMG00000159075;RP11-3P17.4	OTTHUMG00000159075;RP11-3P17.4
OTTHUMG00000162093;RP11-79C6.2	OTTHUMG00000162093;RP11-79C6.2
C19orf47	C19orf47
EPHX2	EPHX2
OTTHUMG00000020083;RP11-154D17.1	OTTHUMG00000020083;RP11-154D17.1
AC114730.3;OTTHUMG00000151448	AC114730.3;OTTHUMG00000151448
OTTHUMG00000041085;RP11-338C15.5	OTTHUMG00000041085;RP11-338C15.5
MT1CP	MT1CP
OTTHUMG00000041465;RP5-845O24.8	OTTHUMG00000041465;RP5-845O24.8
AC053503.12;OTTHUMG00000150115	AC053503.12;OTTHUMG00000150115
OTTHUMG00000018730;RP11-94M14.3	OTTHUMG00000018730;RP11-94M14.3
HHIPL1	HHIPL1
MIR4654	MIR4654
OTTHUMG00000022271;RP5-1139I1.1	OTTHUMG00000022271;RP5-1139I1.1
HHATL-AS1	HHATL-AS1
FCGR1A;FCGR1B	FCGR1A;FCGR1B
OTTHUMG00000046176;RP11-29B9.2	OTTHUMG00000046176;RP11-29B9.2
ZC3H4	ZC3H4
SSX2IP	SSX2IP
ADAM9	ADAM9
GLOD5	GLOD5
MIR4472-2	MIR4472-2
SRGAP2;SRGAP2D	SRGAP2;SRGAP2D
OTTHUMG00000164174;RP11-238K6.2	OTTHUMG00000164174;RP11-238K6.2
CCT5	CCT5
SDHA	SDHA
CST9	CST9
OTTHUMG00000014117;RP1-20B11.2	OTTHUMG00000014117;RP1-20B11.2
ABCD4	ABCD4
CTC-366B18.2;OTTHUMG00000162488	CTC-366B18.2;OTTHUMG00000162488
OTTHUMG00000016476;RP11-301J16.7	OTTHUMG00000016476;RP11-301J16.7
PGR	PGR
DLX6	DLX6
TNFSF4	TNFSF4
MIR4307	MIR4307
OTTHUMG00000041038;RP11-439A17.9	OTTHUMG00000041038;RP11-439A17.9
KHDRBS1	KHDRBS1
OACYLP	OACYLP
DKC1;MIR644B;SNORA36A;SNORA56	DKC1;MIR644B;SNORA36A;SNORA56
MIR200A	MIR200A
KIAA1274;PALD1	KIAA1274;PALD1
OTTHUMG00000020272;RP11-49O14.3	OTTHUMG00000020272;RP11-49O14.3
CYorf17	CYorf17
OTTHUMG00000037983;RP4-781K5.6	OTTHUMG00000037983;RP4-781K5.6
OTTHUMG00000159649;RP11-217E22.5	OTTHUMG00000159649;RP11-217E22.5
TMEM190	TMEM190
TTC28-AS1	TTC28-AS1
OTTHUMG00000019909;RP11-465M18.1	OTTHUMG00000019909;RP11-465M18.1
OTTHUMG00000157089;RP11-61D3.1	OTTHUMG00000157089;RP11-61D3.1
ARMC2-AS1	ARMC2-AS1
OTTHUMG00000161957;RP11-184E9.2	OTTHUMG00000161957;RP11-184E9.2
AP001628.7;OTTHUMG00000086827	AP001628.7;OTTHUMG00000086827
CES3	CES3
GPR183	GPR183
ATP12A	ATP12A
CCNDBP1	CCNDBP1
TMED1	TMED1
FTH1P4	FTH1P4
GUF1	GUF1
LINC00854;TMEM106A-AS1	LINC00854;TMEM106A-AS1
LOC100996437;OTTHUMG00000156753;RP4-756H11.3	LOC100996437;OTTHUMG00000156753;RP4-756H11.3
OTTHUMG00000017359;RP11-65D24.1	OTTHUMG00000017359;RP11-65D24.1
IFT46	IFT46
IGKV1D-42	IGKV1D-42
VNN3	VNN3
IFNLR1;IL28RA	IFNLR1;IL28RA
AP001891.1;OTTHUMG00000045137	AP001891.1;OTTHUMG00000045137
OTTHUMG00000149337;XXbac-BPG254F23.5	OTTHUMG00000149337;XXbac-BPG254F23.5
OTTHUMG00000032101;RP11-526K17.2	OTTHUMG00000032101;RP11-526K17.2
TNFSF8	TNFSF8
LRRC48	LRRC48
TMEM223	TMEM223
MIR582	MIR582
KLF10	KLF10
DDX19A	DDX19A
OR5L2	OR5L2
NEURL1B	NEURL1B
CSTA	CSTA
IPCEF1	IPCEF1
OTTHUMG00000010017;RP5-827O9.1	OTTHUMG00000010017;RP5-827O9.1
CDC40;OTTHUMG00000015355;RP11-315C6.3	CDC40;OTTHUMG00000015355;RP11-315C6.3
CXCR5	CXCR5
G0S2	G0S2
DDHD1	DDHD1
MED8	MED8
CHURC1-FNTB;FNTB	CHURC1-FNTB;FNTB
RIMS4	RIMS4
RPUSD2	RPUSD2
MRO	MRO
OTTHUMG00000163189;RP11-844P9.1	OTTHUMG00000163189;RP11-844P9.1
FGFR4	FGFR4
ZNF35	ZNF35
MIR4677	MIR4677
OTTHUMG00000037062;RP11-22M7.2	OTTHUMG00000037062;RP11-22M7.2
SPATA32	SPATA32
ZSCAN21	ZSCAN21
GPR50	GPR50
HRC	HRC
OTTHUMG00000009207;RP4-694A7.4	OTTHUMG00000009207;RP4-694A7.4
AC068580.7;OTTHUMG00000045388	AC068580.7;OTTHUMG00000045388
ALOX5AP	ALOX5AP
FAM171A2	FAM171A2
LINC00444	LINC00444
KPTN	KPTN
AC106874.1;OTTHUMG00000152874	AC106874.1;OTTHUMG00000152874
AC017076.5;OTTHUMG00000151730	AC017076.5;OTTHUMG00000151730
SNORA47	SNORA47
OTTHUMG00000015689;RP11-445F6.2	OTTHUMG00000015689;RP11-445F6.2
MIR1204;PVT1	MIR1204;PVT1
PPP1R37	PPP1R37
HMCN1	HMCN1
KCNA5	KCNA5
OR51L1	OR51L1
MIR411	MIR411
ZDHHC20-IT1	ZDHHC20-IT1
PTHLH	PTHLH
ITGB8	ITGB8
RIPK4	RIPK4
TMEM253	TMEM253
LOC401980	LOC401980
PRDM15	PRDM15
CTD-3023L14.2;OTTHUMG00000163673	CTD-3023L14.2;OTTHUMG00000163673
TAF7	TAF7
XRN2	XRN2
OTTHUMG00000160486;RP11-213G21.1	OTTHUMG00000160486;RP11-213G21.1
BCAT2	BCAT2
MIR3688-1	MIR3688-1
C2orf42	C2orf42
OTTHUMG00000031892;RP11-102J14.1	OTTHUMG00000031892;RP11-102J14.1
ATP5SL	ATP5SL
OTTHUMG00000017201;RP11-632L2.1	OTTHUMG00000017201;RP11-632L2.1
GPR88	GPR88
FAM90A18P;FAM90A19P	FAM90A18P;FAM90A19P
FAM90A18P;FAM90A19P	FAM90A18P;FAM90A19P
OTTHUMG00000015038;RP11-553A21.3	OTTHUMG00000015038;RP11-553A21.3
OTTHUMG00000020552;RP11-787B4.2	OTTHUMG00000020552;RP11-787B4.2
OTTHUMG00000150598;RP5-1119A7.10	OTTHUMG00000150598;RP5-1119A7.10
DLX4	DLX4
CXXC1P1	CXXC1P1
RAD51AP2	RAD51AP2
AL773572.7;OTTHUMG00000086744;PLAC4	AL773572.7;OTTHUMG00000086744;PLAC4
KRT6B	KRT6B
LOC388906;OTTHUMG00000150700;Z83851.3	LOC388906;OTTHUMG00000150700;Z83851.3
OTTHUMG00000160992;RP13-612N21.1	OTTHUMG00000160992;RP13-612N21.1
CTNND2	CTNND2
AC068491.2;OTTHUMG00000153690	AC068491.2;OTTHUMG00000153690
VKORC1L1	VKORC1L1
KIAA1328;LOC100506821	KIAA1328;LOC100506821
ATP6V0A4	ATP6V0A4
PSMB8	PSMB8
RUNX2	RUNX2
MIA3;OTTHUMG00000037651;RP11-378J18.5	MIA3;OTTHUMG00000037651;RP11-378J18.5
TMEM182	TMEM182
ATP2B4	ATP2B4
OTTHUMG00000032807;RP5-897D18.1	OTTHUMG00000032807;RP5-897D18.1
AC092675.3;OTTHUMG00000153102	AC092675.3;OTTHUMG00000153102
COL11A1	COL11A1
AC004041.2;OTTHUMG00000059612	AC004041.2;OTTHUMG00000059612
OTTHUMG00000016042;RP11-503C24.3	OTTHUMG00000016042;RP11-503C24.3
OTTHUMG00000163563;RP11-373N22.4;SPINK7	OTTHUMG00000163563;RP11-373N22.4;SPINK7
TAAR3	TAAR3
KRTAP4-3	KRTAP4-3
ST7-AS2	ST7-AS2
OTTHUMG00000015511;RP11-624M8.1	OTTHUMG00000015511;RP11-624M8.1
CNTNAP4	CNTNAP4
KRTAP5-10	KRTAP5-10
C5orf44;CTC-534A2.2;OTTHUMG00000162694;TRAPPC13	C5orf44;CTC-534A2.2;OTTHUMG00000162694;TRAPPC13
BAHD1	BAHD1
CRADD	CRADD
OAT	OAT
FXYD4	FXYD4
UPF3A	UPF3A
AGPAT1	AGPAT1
AGPAT1	AGPAT1
AGPAT1	AGPAT1
CHODL-AS1	CHODL-AS1
RARA	RARA
OTTHUMG00000017568;RP11-464C19.2	OTTHUMG00000017568;RP11-464C19.2
MIR4753	MIR4753
GCFC2	GCFC2
DUSP22;LOC100653247	DUSP22;LOC100653247
CTB-35F21.3;OTTHUMG00000163334	CTB-35F21.3;OTTHUMG00000163334
S100A7	S100A7
OTTHUMG00000161727;RP11-340A13.3	OTTHUMG00000161727;RP11-340A13.3
CRISP3	CRISP3
LOC100128822	LOC100128822
MIR4449	MIR4449
C16orf97	C16orf97
OTTHUMG00000046188;RP11-101P17.11	OTTHUMG00000046188;RP11-101P17.11
HLA-DQB1;OTTHUMG00000149581;XXbac-BPG254F23.6	HLA-DQB1;OTTHUMG00000149581;XXbac-BPG254F23.6
HLA-C	HLA-C
C10orf67	C10orf67
HCG18	HCG18
LRRC14	LRRC14
APOH	APOH
AP001255.2;OTTHUMG00000078253	AP001255.2;OTTHUMG00000078253
HSPB6	HSPB6
CTB-4E7.1;OTTHUMG00000163481	CTB-4E7.1;OTTHUMG00000163481
MIR1250	MIR1250
OTTHUMG00000159007;RP11-359D24.1	OTTHUMG00000159007;RP11-359D24.1
IGHV4-39	IGHV4-39
AC010982.2;OTTHUMG00000153530	AC010982.2;OTTHUMG00000153530
SLC15A1	SLC15A1
PPP1R3C	PPP1R3C
ATOH1	ATOH1
MIR3178	MIR3178
FAM217A	FAM217A
B4GALT7	B4GALT7
LIPC	LIPC
SH3BGR	SH3BGR
LOC100505768;OTTHUMG00000010252;RP4-544H6.2	LOC100505768;OTTHUMG00000010252;RP4-544H6.2
NEU3	NEU3
LOC100288562;LOC101060540;REXO1L1	LOC100288562;LOC101060540;REXO1L1
OTTHUMG00000020319;RP11-498P14.3;ZNF322;ZNF322P1	OTTHUMG00000020319;RP11-498P14.3;ZNF322;ZNF322P1
PRPH2	PRPH2
THAP5	THAP5
SPINK8	SPINK8
OTTHUMG00000162186;RP11-301H24.4	OTTHUMG00000162186;RP11-301H24.4
OTTHUMG00000156242;RP11-89N17.2	OTTHUMG00000156242;RP11-89N17.2
SERPINB6	SERPINB6
MIR3545	MIR3545
ZNF733P	ZNF733P
CCSAP	CCSAP
ESPNP	ESPNP
OR4D9	OR4D9
OTTHUMG00000156952;RP5-1006K12.1	OTTHUMG00000156952;RP5-1006K12.1
MRC1;MRC1L1;OTTHUMG00000017754	MRC1;MRC1L1;OTTHUMG00000017754
GFRA2	GFRA2
HOXB9	HOXB9
OTTHUMG00000037935;RP11-239E10.3	OTTHUMG00000037935;RP11-239E10.3
TACR3	TACR3
OTTHUMG00000000646;RP1-37J18.1	OTTHUMG00000000646;RP1-37J18.1
GGTLC3	GGTLC3
PSG10P	PSG10P
NUDT9P1	NUDT9P1
CTD-2647L4.1;OTTHUMG00000164033	CTD-2647L4.1;OTTHUMG00000164033
OTTHUMG00000156455;RP11-944L7.4	OTTHUMG00000156455;RP11-944L7.4
OTTHUMG00000032014;OTTHUMG00000032018;RP4-777D9.2;RP5-872K7.7	OTTHUMG00000032014;OTTHUMG00000032018;RP4-777D9.2;RP5-872K7.7
ANKRD20A19P	ANKRD20A19P
LOC100996305;OTTHUMG00000163540;RP11-242J7.1	LOC100996305;OTTHUMG00000163540;RP11-242J7.1
PRAMEF17	PRAMEF17
NRSN1	NRSN1
MIR4643	MIR4643
PPP2R1A	PPP2R1A
LINC00356	LINC00356
PLA2G2C	PLA2G2C
OTTHUMG00000163972;RP11-317N12.1	OTTHUMG00000163972;RP11-317N12.1
OTTHUMG00000018539;RP11-619F23.2	OTTHUMG00000018539;RP11-619F23.2
AC006159.5;OTTHUMG00000066050	AC006159.5;OTTHUMG00000066050
AS3MT	AS3MT
ZNF599	ZNF599
LINC00448	LINC00448
GPA33	GPA33
CCDC124	CCDC124
AC091199.1;OTTHUMG00000132706	AC091199.1;OTTHUMG00000132706
WFDC1	WFDC1
OTTHUMG00000015064;RP11-35J1.1	OTTHUMG00000015064;RP11-35J1.1
ATP2B2	ATP2B2
HLX	HLX
MAMSTR	MAMSTR
TPGS2	TPGS2
OTTHUMG00000017544;RP11-69C17.2	OTTHUMG00000017544;RP11-69C17.2
MIR4692	MIR4692
CTB-43E15.3;OTTHUMG00000163343	CTB-43E15.3;OTTHUMG00000163343
LOC283403	LOC283403
OTTHUMG00000163670;RP11-684N3.1	OTTHUMG00000163670;RP11-684N3.1
KRT72	KRT72
AF064860.7;OTTHUMG00000086723	AF064860.7;OTTHUMG00000086723
ANKRD33	ANKRD33
CTXN1	CTXN1
OTTHUMG00000019981;RP11-470P21.2	OTTHUMG00000019981;RP11-470P21.2
PMS1	PMS1
OTTHUMG00000018925;RP11-108L7.11;TLX1NB	OTTHUMG00000018925;RP11-108L7.11;TLX1NB
PATE1	PATE1
CTD-2135J3.3;OTTHUMG00000163821	CTD-2135J3.3;OTTHUMG00000163821
TRIM77	TRIM77
RNASE9	RNASE9
AGT	AGT
ARMC6	ARMC6
RPL36AL	RPL36AL
MIR2116	MIR2116
C20orf78	C20orf78
LL22NC03-104C7.1;OTTHUMG00000058269	LL22NC03-104C7.1;OTTHUMG00000058269
MIR3184	MIR3184
TOE1	TOE1
CCL23	CCL23
OR1L4	OR1L4
C16orf78	C16orf78
IQCH-AS1	IQCH-AS1
CCL24	CCL24
MIR4457	MIR4457
LINC00629	LINC00629
OTTHUMG00000020335;RP11-23B15.1	OTTHUMG00000020335;RP11-23B15.1
DDIT4	DDIT4
LINC00365	LINC00365
SEC24D	SEC24D
COIL	COIL
AC009473.1;LOC100505921;OTTHUMG00000152026	AC009473.1;LOC100505921;OTTHUMG00000152026
POU2F2	POU2F2
OTTHUMG00000032677;RP11-347D21.2	OTTHUMG00000032677;RP11-347D21.2
IGHV4-61	IGHV4-61
LYSMD1	LYSMD1
CCDC172	CCDC172
MIRLET7G	MIRLET7G
TRAF4	TRAF4
FAM157A;FAM157B;FAM157C;LOC100132858	FAM157A;FAM157B;FAM157C;LOC100132858
GUCA1C	GUCA1C
CTD-3107M8.4;OTTHUMG00000163930;RBPMS-AS1	CTD-3107M8.4;OTTHUMG00000163930;RBPMS-AS1
YDJC	YDJC
OTTHUMG00000159213;RP11-457K10.1	OTTHUMG00000159213;RP11-457K10.1
MIR4783	MIR4783
LOC100289361	LOC100289361
VPS4A	VPS4A
FAIM2	FAIM2
RNF39	RNF39
IGSF23	IGSF23
MIR4535	MIR4535
AC104654.1;OTTHUMG00000152301	AC104654.1;OTTHUMG00000152301
OTTHUMG00000039932;RP11-80B9.1	OTTHUMG00000039932;RP11-80B9.1
HSPA6	HSPA6
RABAC1	RABAC1
SLAMF7	SLAMF7
AC012442.6;OTTHUMG00000153300	AC012442.6;OTTHUMG00000153300
TMED5	TMED5
FNTA	FNTA
TMEM72-AS1	TMEM72-AS1
NHSL1	NHSL1
AC116366.5;OTTHUMG00000059494	AC116366.5;OTTHUMG00000059494
LACC1	LACC1
RNA5SP220	RNA5SP220
GLT6D1	GLT6D1
AC025165.8;OTTHUMG00000152518	AC025165.8;OTTHUMG00000152518
LOC283440	LOC283440
MIR4276	MIR4276
PDCD10	PDCD10
LINC00838	LINC00838
PARD3	PARD3
AP4B1	AP4B1
MYNN	MYNN
WASIR1	WASIR1
MIR211	MIR211
GLRB	GLRB
AC096574.4;LOC643387;OTTHUMG00000133338	AC096574.4;LOC643387;OTTHUMG00000133338
MTMR2	MTMR2
COL8A2	COL8A2
OTTHUMG00000162992;RP11-284A20.1	OTTHUMG00000162992;RP11-284A20.1
AC096554.1;OTTHUMG00000153044	AC096554.1;OTTHUMG00000153044
KRTAP10-5	KRTAP10-5
ZNF285	ZNF285
RBM12B-AS1	RBM12B-AS1
NXF5	NXF5
ZNF200	ZNF200
C6orf147;KHDC1;KHDC1L	C6orf147;KHDC1;KHDC1L
GAGE12J;GAGE4;GAGE5	GAGE12J;GAGE4;GAGE5
OTTHUMG00000019052;RP11-381K7.1	OTTHUMG00000019052;RP11-381K7.1
LINC00574	LINC00574
MAP3K5	MAP3K5
IL34	IL34
LOC100506085;OTTHUMG00000160949;RP11-205M3.3	LOC100506085;OTTHUMG00000160949;RP11-205M3.3
MRPL22	MRPL22
TRIM9	TRIM9
OTTHUMG00000031681;RP5-968J1.1	OTTHUMG00000031681;RP5-968J1.1
ZBTB32	ZBTB32
TMPRSS3	TMPRSS3
NDUFAB1	NDUFAB1
NGB	NGB
DYDC1	DYDC1
GSN-AS1	GSN-AS1
MMP27	MMP27
MCIDAS;MCIN	MCIDAS;MCIN
MIR3649	MIR3649
OTTHUMG00000140105;XXbac-BPG254F23.5	OTTHUMG00000140105;XXbac-BPG254F23.5
PCDH7	PCDH7
TBCCD1	TBCCD1
CCDC87	CCDC87
WFDC10B	WFDC10B
AP1S3	AP1S3
OTTHUMG00000014139;RP1-40E16.2	OTTHUMG00000014139;RP1-40E16.2
RGS1	RGS1
OTTHUMG00000160511;RP11-503N18.4	OTTHUMG00000160511;RP11-503N18.4
TDP2	TDP2
ENPP2	ENPP2
CTD-2234B20.1;OTTHUMG00000161916	CTD-2234B20.1;OTTHUMG00000161916
OTTHUMG00000020138;RP11-359J6.1	OTTHUMG00000020138;RP11-359J6.1
ARAP1-AS2	ARAP1-AS2
KCNT2	KCNT2
MT1IP	MT1IP
DEFB116	DEFB116
TMEM87A	TMEM87A
ARHGEF16	ARHGEF16
OTTHUMG00000156731;RP11-667F9.2	OTTHUMG00000156731;RP11-667F9.2
ZADH2	ZADH2
EPS8L2	EPS8L2
MDN1	MDN1
CTA-256D12.11;OTTHUMG00000151293	CTA-256D12.11;OTTHUMG00000151293
LINC00570	LINC00570
GDPGP1	GDPGP1
ACSL1	ACSL1
OTTHUMG00000161471;RP11-400D2.2	OTTHUMG00000161471;RP11-400D2.2
SETMAR	SETMAR
OTTHUMG00000039875;RP11-261C10.5	OTTHUMG00000039875;RP11-261C10.5
DNAJB6	DNAJB6
AC079612.1;OTTHUMG00000133345	AC079612.1;OTTHUMG00000133345
VIPAS39	VIPAS39
ARMCX6	ARMCX6
MIR4305	MIR4305
GS1-18A18.2;OTTHUMG00000156065	GS1-18A18.2;OTTHUMG00000156065
PIGH	PIGH
FAM71E1	FAM71E1
DUSP5	DUSP5
LOC100287541;POM121L8P	LOC100287541;POM121L8P
MIER1	MIER1
HIST1H2AH;OTTHUMG00000014468;RP1-86C11.4	HIST1H2AH;OTTHUMG00000014468;RP1-86C11.4
PPRC1	PPRC1
ANKRD34C	ANKRD34C
OTTHUMG00000018644;RP11-181F12.1	OTTHUMG00000018644;RP11-181F12.1
CTB-22K21.2;OTTHUMG00000162217	CTB-22K21.2;OTTHUMG00000162217
ABI3BP	ABI3BP
PUF60	PUF60
TNFSF14	TNFSF14
CYP2AB1P	CYP2AB1P
OTTHUMG00000017165;RP11-342C20.2	OTTHUMG00000017165;RP11-342C20.2
BOK	BOK
AC007251.2;OTTHUMG00000153096	AC007251.2;OTTHUMG00000153096
LOC100506083	LOC100506083
MIR21	MIR21
KSR1	KSR1
BTBD6	BTBD6
OTTHUMG00000019911;RP11-220I1.2	OTTHUMG00000019911;RP11-220I1.2
OR9I1	OR9I1
ASIC4	ASIC4
MIR1266	MIR1266
HIST1H2APS1	HIST1H2APS1
OR13F1	OR13F1
RPL39P5	RPL39P5
C14orf79	C14orf79
OPRD1	OPRD1
STX10	STX10
MIR326	MIR326
OR52J3	OR52J3
OTTHUMG00000022547;XXyac-YR29IB3.1	OTTHUMG00000022547;XXyac-YR29IB3.1
ZNF573	ZNF573
TRIM23	TRIM23
LOC374443	LOC374443
KRTAP1-4	KRTAP1-4
OR4D2	OR4D2
DGKZ	DGKZ
LINC00966;OTTHUMG00000164360;RP11-32K4.2	LINC00966;OTTHUMG00000164360;RP11-32K4.2
LOC100507484	LOC100507484
SMCR7	SMCR7
TRBV5-3	TRBV5-3
CELA2B	CELA2B
EMC9	EMC9
MIR345	MIR345
MIR4686	MIR4686
C11orf16	C11orf16
CTD-2284J15.1;OTTHUMG00000163689	CTD-2284J15.1;OTTHUMG00000163689
BEND2	BEND2
FIBCD1	FIBCD1
MIR4712	MIR4712
ZMYM4-AS1	ZMYM4-AS1
MIR181D	MIR181D
OTTHUMG00000158502;RP11-298O21.6	OTTHUMG00000158502;RP11-298O21.6
GRK6	GRK6
UAP1L1	UAP1L1
LOC730159;OTTHUMG00000040547;RP11-360D2.1	LOC730159;OTTHUMG00000040547;RP11-360D2.1
AC025918.2;OTTHUMG00000074032	AC025918.2;OTTHUMG00000074032
MIR1238	MIR1238
GJC2	GJC2
OTTHUMG00000161360;RP11-425A23.1	OTTHUMG00000161360;RP11-425A23.1
OTTHUMG00000160278;RP11-380P13.1	OTTHUMG00000160278;RP11-380P13.1
OTTHUMG00000165032;RP11-103H7.2	OTTHUMG00000165032;RP11-103H7.2
OR5H2	OR5H2
TMEM62	TMEM62
LOC100505596;OTTHUMG00000162046;RP11-292D4.1	LOC100505596;OTTHUMG00000162046;RP11-292D4.1
CYP11B2	CYP11B2
THOP1	THOP1
ATP5G1	ATP5G1
ZBTB22	ZBTB22
ZBTB22	ZBTB22
ACOT8	ACOT8
MIR520D	MIR520D
ERVV-1	ERVV-1
OTTHUMG00000034807;RP11-296O14.3	OTTHUMG00000034807;RP11-296O14.3
AC073236.3;OTTHUMG00000151464	AC073236.3;OTTHUMG00000151464
FCRL2	FCRL2
CTC-552D5.1;OTTHUMG00000162926	CTC-552D5.1;OTTHUMG00000162926
RAD21-AS1	RAD21-AS1
CYBRD1	CYBRD1
OTTHUMG00000160932;RP11-79P5.2	OTTHUMG00000160932;RP11-79P5.2
OR11A1	OR11A1
OR11A1	OR11A1
OR11A1	OR11A1
OR11A1	OR11A1
DACT3	DACT3
OTTHUMG00000010848;RP11-57H12.2	OTTHUMG00000010848;RP11-57H12.2
FBXL12	FBXL12
CTB-129O4.1;OTTHUMG00000163311	CTB-129O4.1;OTTHUMG00000163311
RPL5;SNORA66;SNORD21	RPL5;SNORA66;SNORD21
AC114813.1;OTTHUMG00000153386	AC114813.1;OTTHUMG00000153386
OTTHUMG00000158946;RP11-260O18.1	OTTHUMG00000158946;RP11-260O18.1
LOC100506675	LOC100506675
LOC728040;OTTHUMG00000161581;RP11-622A1.2	LOC728040;OTTHUMG00000161581;RP11-622A1.2
PS1TP5;SCRT2;SRXN1	PS1TP5;SCRT2;SRXN1
OTTHUMG00000018511;RP11-77G23.5	OTTHUMG00000018511;RP11-77G23.5
FBXL4	FBXL4
CSNK2A1;CSNK2A1P	CSNK2A1;CSNK2A1P
G6PC2	G6PC2
CTC-340A15.2;OTTHUMG00000162877	CTC-340A15.2;OTTHUMG00000162877
SULT2A1	SULT2A1
KCNJ1	KCNJ1
ADPRHL2	ADPRHL2
HLA-DRA	HLA-DRA
HLA-DRA	HLA-DRA
HLA-DRA	HLA-DRA
PIKFYVE	PIKFYVE
LOC100507547;PRRT1	LOC100507547;PRRT1
MIR4429	MIR4429
HPR	HPR
BBIP1	BBIP1
FANCD2OS	FANCD2OS
ARF4	ARF4
OR4D5	OR4D5
ABCB9	ABCB9
RNA5SP268	RNA5SP268
GCM2	GCM2
OTTHUMG00000161775;RP11-171N4.2	OTTHUMG00000161775;RP11-171N4.2
HIPK3	HIPK3
SOCS7	SOCS7
SLC26A9	SLC26A9
SCARNA8	SCARNA8
CTD-2318H23.1;OTTHUMG00000161641	CTD-2318H23.1;OTTHUMG00000161641
OTTHUMG00000039868;RP11-561I11.2	OTTHUMG00000039868;RP11-561I11.2
MMP21	MMP21
TH	TH
CCL4;LOC101060278	CCL4;LOC101060278
ERVFRD-1	ERVFRD-1
HELZ	HELZ
USP16	USP16
PTPN1	PTPN1
ZNF679;ZNF735	ZNF679;ZNF735
ASB9P1	ASB9P1
GPHN	GPHN
C1orf65	C1orf65
OTTHUMG00000018061;RP11-285G1.9	OTTHUMG00000018061;RP11-285G1.9
BMI1;COMMD3-BMI1	BMI1;COMMD3-BMI1
GNG5	GNG5
TRAV38-1	TRAV38-1
C17orf102	C17orf102
ARSJ	ARSJ
MAGEB2	MAGEB2
PTAR1	PTAR1
OIP5-AS1	OIP5-AS1
OTTHUMG00000133747;XXbac-BPG181B23.4	OTTHUMG00000133747;XXbac-BPG181B23.4
OTTHUMG00000162604;RP11-58O15.1	OTTHUMG00000162604;RP11-58O15.1
LOC554223	LOC554223
LOC554223	LOC554223
DLX2	DLX2
PROX1	PROX1
MIR127	MIR127
LINC00315	LINC00315
TNFRSF10A	TNFRSF10A
CHUK	CHUK
CSTF3-AS1	CSTF3-AS1
STMN4	STMN4
CLDN22	CLDN22
LOC100288366;TUBA1B	LOC100288366;TUBA1B
AVP	AVP
CYP21A2	CYP21A2
AC005682.8;OTTHUMG00000152579	AC005682.8;OTTHUMG00000152579
TBX22	TBX22
OTTHUMG00000156717;RP13-131K19.1	OTTHUMG00000156717;RP13-131K19.1
OTTHUMG00000010124;RP4-620F22.2	OTTHUMG00000010124;RP4-620F22.2
MICA	MICA
CPSF3L;OTTHUMG00000003331;RP5-890O3.9	CPSF3L;OTTHUMG00000003331;RP5-890O3.9
C19orf70	C19orf70
LYPD2	LYPD2
LINC00388	LINC00388
ATMIN	ATMIN
LOC100133612;OTTHUMG00000041129;RP13-15E13.1	LOC100133612;OTTHUMG00000041129;RP13-15E13.1
DEFB103A;DEFB103B	DEFB103A;DEFB103B
NXPH1	NXPH1
OTUB1	OTUB1
DOCK6	DOCK6
KB-1615E4.2;OTTHUMG00000164722	KB-1615E4.2;OTTHUMG00000164722
CTB-47B11.3;OTTHUMG00000163483	CTB-47B11.3;OTTHUMG00000163483
SNAR-I	SNAR-I
OTTHUMG00000018255;RP11-319F12.2	OTTHUMG00000018255;RP11-319F12.2
FAM22A;NUTM2A	FAM22A;NUTM2A
DHPS	DHPS
AC093732.1;OTTHUMG00000153135	AC093732.1;OTTHUMG00000153135
IL18BP	IL18BP
TIPARP-AS1	TIPARP-AS1
DEFB128	DEFB128
COL23A1	COL23A1
C20orf160;CCM2L	C20orf160;CCM2L
OTTHUMG00000156990;RP4-797C5.2	OTTHUMG00000156990;RP4-797C5.2
ESRRA	ESRRA
OTTHUMG00000019395;RP11-367J7.3	OTTHUMG00000019395;RP11-367J7.3
OTTHUMG00000014329;RP1-167F1.2	OTTHUMG00000014329;RP1-167F1.2
SNORD113-1	SNORD113-1
ZNF705G	ZNF705G
LOC100128787;OTTHUMG00000040491;RP11-84O12.4	LOC100128787;OTTHUMG00000040491;RP11-84O12.4
ZNF18	ZNF18
SP7	SP7
DFFB	DFFB
SHANK3	SHANK3
OTTHUMG00000009930;RP11-475O6.1	OTTHUMG00000009930;RP11-475O6.1
OTTHUMG00000150298;RP1-29C18.9	OTTHUMG00000150298;RP1-29C18.9
AF178030.2;OTTHUMG00000142828	AF178030.2;OTTHUMG00000142828
SNED1	SNED1
SRR	SRR
CTD-2270F17.1;OTTHUMG00000163147	CTD-2270F17.1;OTTHUMG00000163147
OTTHUMG00000160142;RP11-608O21.1	OTTHUMG00000160142;RP11-608O21.1
LOC646471	LOC646471
SUMF2	SUMF2
MYL2	MYL2
AP001595.1;OTTHUMG00000078482	AP001595.1;OTTHUMG00000078482
OTTHUMG00000158714;RP11-6F2.5	OTTHUMG00000158714;RP11-6F2.5
AC009506.1;LOC643072;OTTHUMG00000154041	AC009506.1;LOC643072;OTTHUMG00000154041
FHL5	FHL5
DNAJC1	DNAJC1
FAM138B;FAM138D	FAM138B;FAM138D
DRD1	DRD1
LOC202181	LOC202181
UNKL	UNKL
HIF1A	HIF1A
OTTHUMG00000158297;RP11-646E18.2	OTTHUMG00000158297;RP11-646E18.2
ANPEP	ANPEP
EXD2	EXD2
SLC18A1	SLC18A1
OR2M2	OR2M2
OR4C13	OR4C13
PTH1R	PTH1R
PTENP1	PTENP1
KCTD11	KCTD11
OTTHUMG00000019090;RP11-106M7.1	OTTHUMG00000019090;RP11-106M7.1
C15orf53	C15orf53
ZNF302	ZNF302
LRRC20	LRRC20
DMP1	DMP1
RAB40C	RAB40C
AKR1C7P	AKR1C7P
CCKBR	CCKBR
OTTHUMG00000159345;RP11-768G7.3	OTTHUMG00000159345;RP11-768G7.3
OTTHUMG00000158709;RP11-14D22.1	OTTHUMG00000158709;RP11-14D22.1
MRPS17	MRPS17
INIP	INIP
HDGFRP2	HDGFRP2
HNRNPA1;HNRNPA1L2;HNRNPA1P10	HNRNPA1;HNRNPA1L2;HNRNPA1P10
KB-1592A4.14;OTTHUMG00000150794	KB-1592A4.14;OTTHUMG00000150794
HSF1	HSF1
TMEM244	TMEM244
MYO15A	MYO15A
MIR4675	MIR4675
RASSF1	RASSF1
HLA-DRA	HLA-DRA
SLC5A8	SLC5A8
ABCA7	ABCA7
IL6ST	IL6ST
DEC1	DEC1
CCNY	CCNY
OTTHUMG00000020530;RP11-18B16.2	OTTHUMG00000020530;RP11-18B16.2
SECISBP2	SECISBP2
OTTHUMG00000018058;RP11-733D4.1	OTTHUMG00000018058;RP11-733D4.1
SYT14	SYT14
NPFF	NPFF
KBTBD7	KBTBD7
AC004893.11;OTTHUMG00000154440	AC004893.11;OTTHUMG00000154440
RCAN3	RCAN3
KRTAP19-5	KRTAP19-5
LOH12CR2	LOH12CR2
MR1	MR1
SGPL1	SGPL1
TMEM219	TMEM219
MIR323B	MIR323B
GAB2	GAB2
CSH1;CSHL1;GH1	CSH1;CSHL1;GH1
ACTR2	ACTR2
GIPR	GIPR
OSBPL10	OSBPL10
OTTHUMG00000164458;RP11-142A23.1	OTTHUMG00000164458;RP11-142A23.1
DERL1	DERL1
LSM2	LSM2
LSM2	LSM2
LSM2	LSM2
LSM2	LSM2
LSM2	LSM2
TARS	TARS
AC012314.8;OTTHUMG00000066041	AC012314.8;OTTHUMG00000066041
FOXO3	FOXO3
DMRT1	DMRT1
SPOCD1	SPOCD1
PLCXD2-AS1	PLCXD2-AS1
MIR142	MIR142
SPRR1B	SPRR1B
OTTHUMG00000159240;RP11-615J4.1	OTTHUMG00000159240;RP11-615J4.1
AC067960.1;OTTHUMG00000153742	AC067960.1;OTTHUMG00000153742
FSTL3	FSTL3
DPYD-AS2	DPYD-AS2
ESRRG	ESRRG
RNA5SP311	RNA5SP311
RNA5SP314	RNA5SP314
RNA5SP317	RNA5SP317
RPL28	RPL28
EXTL2	EXTL2
AC016722.2;LOC100134259;OTTHUMG00000153081	AC016722.2;LOC100134259;OTTHUMG00000153081
OTTHUMG00000016092;XX-C2158C6.3	OTTHUMG00000016092;XX-C2158C6.3
AGPAT9	AGPAT9
OTTHUMG00000010702;RP11-465K1.2	OTTHUMG00000010702;RP11-465K1.2
LINC00870;OTTHUMG00000159724;RP11-433A10.1	LINC00870;OTTHUMG00000159724;RP11-433A10.1
CHPF	CHPF
AXDND1	AXDND1
SPNS3	SPNS3
PRHOXNB	PRHOXNB
DBIL5P2	DBIL5P2
AOX1	AOX1
KEL	KEL
PAPPA-AS1	PAPPA-AS1
P4HA2-AS1	P4HA2-AS1
YTHDF2	YTHDF2
KLK10	KLK10
RNF224;SLC34A3	RNF224;SLC34A3
DDX1	DDX1
AC079776.1;OTTHUMG00000153489	AC079776.1;OTTHUMG00000153489
KLHDC7A	KLHDC7A
LINC00948;OTTHUMG00000018282;RP11-59J5.1	LINC00948;OTTHUMG00000018282;RP11-59J5.1
OTTHUMG00000157074;RP11-359D14.2	OTTHUMG00000157074;RP11-359D14.2
RMRP	RMRP
MYT1	MYT1
SLC22A14	SLC22A14
CCDC54	CCDC54
RAB22A	RAB22A
CTDNEP1	CTDNEP1
SPACA5;SPACA5B	SPACA5;SPACA5B
OTTHUMG00000015830;OTTHUMG00000015831;RP1-292B18.4;RP1-297M16.2	OTTHUMG00000015830;OTTHUMG00000015831;RP1-292B18.4;RP1-297M16.2
COX6A2	COX6A2
LINC00658	LINC00658
OTTHUMG00000037078;RP5-1099E6.3	OTTHUMG00000037078;RP5-1099E6.3
OTTHUMG00000018612;RP11-36D19.8	OTTHUMG00000018612;RP11-36D19.8
LOC158434	LOC158434
OTTHUMG00000161068;RP11-26P13.2	OTTHUMG00000161068;RP11-26P13.2
SYNJ2-IT1	SYNJ2-IT1
TTC39B	TTC39B
MRPS14	MRPS14
FAM86DP	FAM86DP
SLC16A4	SLC16A4
ING2	ING2
OR8H3	OR8H3
MIR4694	MIR4694
LOC284751;OTTHUMG00000032719;RP11-290F20.1	LOC284751;OTTHUMG00000032719;RP11-290F20.1
GNLY	GNLY
UPK1B	UPK1B
C9orf135	C9orf135
C19orf18	C19orf18
ZDHHC8P1	ZDHHC8P1
SERPIND1	SERPIND1
DSPP	DSPP
RMI2	RMI2
DNAJC4	DNAJC4
WBP1L	WBP1L
PIGM	PIGM
OTTHUMG00000162808;RP11-414H23.3	OTTHUMG00000162808;RP11-414H23.3
CPQ	CPQ
SVOPL	SVOPL
EIF3F	EIF3F
LINC00366	LINC00366
AC020743.3;OTTHUMG00000155882	AC020743.3;OTTHUMG00000155882
HOXA4	HOXA4
AC090286.4;OTTHUMG00000059413	AC090286.4;OTTHUMG00000059413
TMEM17	TMEM17
MIR3199-2	MIR3199-2
LINC00572	LINC00572
AP000345.2;OTTHUMG00000150666	AP000345.2;OTTHUMG00000150666
RNA5SP104	RNA5SP104
KRTAP5-2	KRTAP5-2
LCE3E	LCE3E
PIGY;PYURF	PIGY;PYURF
OTTHUMG00000035526;RP11-398M15.1	OTTHUMG00000035526;RP11-398M15.1
GLS2	GLS2
LOC100506869	LOC100506869
RNA5SP470	RNA5SP470
DLX1	DLX1
C7orf33	C7orf33
AC093495.4;OTTHUMG00000155524	AC093495.4;OTTHUMG00000155524
USP32P1	USP32P1
TEX13B	TEX13B
SYNDIG1L	SYNDIG1L
GLTPD1	GLTPD1
MIR4656	MIR4656
MTFMT	MTFMT
FFAR3	FFAR3
CCT7	CCT7
EMCN-IT2	EMCN-IT2
OTTHUMG00000036745;RP11-384C4.2	OTTHUMG00000036745;RP11-384C4.2
CALCB	CALCB
MIR4714	MIR4714
CTD-2296D1.3;OTTHUMG00000161899	CTD-2296D1.3;OTTHUMG00000161899
SSNA1	SSNA1
GYG2P1	GYG2P1
AC010096.1;OTTHUMG00000151772	AC010096.1;OTTHUMG00000151772
CTD-2024D23.1;LOC100130964;OTTHUMG00000164039	CTD-2024D23.1;LOC100130964;OTTHUMG00000164039
DCAF4L1;OTTHUMG00000160527;WDR21B	DCAF4L1;OTTHUMG00000160527;WDR21B
TRAPPC2L	TRAPPC2L
AC004231.2;OTTHUMG00000133678	AC004231.2;OTTHUMG00000133678
C14orf119	C14orf119
TMEM213	TMEM213
ANKRD46	ANKRD46
OR8D4	OR8D4
FAM200A	FAM200A
SMAD5-AS1	SMAD5-AS1
FAM3C	FAM3C
GCHFR	GCHFR
TRBV5-4	TRBV5-4
PRRX2	PRRX2
GRID2	GRID2
OTTHUMG00000032505;RP1-138B7.5	OTTHUMG00000032505;RP1-138B7.5
RRP1	RRP1
HIST1H1C	HIST1H1C
LOC284009	LOC284009
OTTHUMG00000002261;RP5-857K21.1	OTTHUMG00000002261;RP5-857K21.1
GLYATL3	GLYATL3
TMEM132B	TMEM132B
SSX3	SSX3
AC073624.1;C1QTNF1-AS1;OTTHUMG00000132159	AC073624.1;C1QTNF1-AS1;OTTHUMG00000132159
AC003958.2;LOC100505782;OTTHUMG00000133598	AC003958.2;LOC100505782;OTTHUMG00000133598
OTTHUMG00000019008;RP11-127O4.3	OTTHUMG00000019008;RP11-127O4.3
LECT2	LECT2
PHF20L1	PHF20L1
CA4	CA4
C9orf89	C9orf89
MIR3179-1;MIR3179-2;MIR3179-3	MIR3179-1;MIR3179-2;MIR3179-3
SPDYE4	SPDYE4
UBE2G1	UBE2G1
CTD-2035E11.3;OTTHUMG00000162236	CTD-2035E11.3;OTTHUMG00000162236
CTD-2203A3.1;OTTHUMG00000162170	CTD-2203A3.1;OTTHUMG00000162170
AC007163.6;OTTHUMG00000154546	AC007163.6;OTTHUMG00000154546
CTD-3179P9.2;LOC100505811;OTTHUMG00000162887	CTD-3179P9.2;LOC100505811;OTTHUMG00000162887
KRTAP10-6	KRTAP10-6
ARNT	ARNT
NDUFS7	NDUFS7
MIR3179-1;MIR3179-2;MIR3179-3	MIR3179-1;MIR3179-2;MIR3179-3
MIR663A	MIR663A
RNA5SP240	RNA5SP240
MXD3	MXD3
AC097724.3;LOC100505774;OTTHUMG00000152012	AC097724.3;LOC100505774;OTTHUMG00000152012
OR2B6	OR2B6
PLXDC1	PLXDC1
ATP1B3-AS1	ATP1B3-AS1
AC002066.1;OTTHUMG00000066052	AC002066.1;OTTHUMG00000066052
IL20RB	IL20RB
PPP4R1	PPP4R1
IL1RN	IL1RN
PLXNC1	PLXNC1
OTTHUMG00000038051;RP11-415L24.1	OTTHUMG00000038051;RP11-415L24.1
FAM197Y2;FAM197Y5;FAM197Y8	FAM197Y2;FAM197Y5;FAM197Y8
MEF2D	MEF2D
RAB39A	RAB39A
USP15	USP15
SNORD91B	SNORD91B
RNY4P28	RNY4P28
TRIQK	TRIQK
OTTHUMG00000159638;RP11-59J16.2	OTTHUMG00000159638;RP11-59J16.2
LINC00632;OTTHUMG00000022548;RP1-177G6.2	LINC00632;OTTHUMG00000022548;RP1-177G6.2
SLC26A1	SLC26A1
PPARGC1B	PPARGC1B
SPATC1L	SPATC1L
OR10V1	OR10V1
LOC285441;OTTHUMG00000160319;RP11-215A19.1	LOC285441;OTTHUMG00000160319;RP11-215A19.1
FOXE3	FOXE3
LINC00684	LINC00684
ARRDC5	ARRDC5
OTTHUMG00000019301;RP13-439H18.4	OTTHUMG00000019301;RP13-439H18.4
OR13D1	OR13D1
LOC100506791;OTTHUMG00000161736;RP11-325I22.2	LOC100506791;OTTHUMG00000161736;RP11-325I22.2
LINC00226	LINC00226
CDH24	CDH24
FMNL1	FMNL1
C9orf153	C9orf153
SNORA49	SNORA49
CACFD1	CACFD1
DMRTC1;DMRTC1B	DMRTC1;DMRTC1B
OR6C65	OR6C65
SLC25A31	SLC25A31
PIBF1	PIBF1
DPP7	DPP7
PSD3	PSD3
AC144525.1;OTTHUMG00000152844	AC144525.1;OTTHUMG00000152844
OTTHUMG00000162184;RP11-557J10.5	OTTHUMG00000162184;RP11-557J10.5
OR13C9	OR13C9
LOC285762	LOC285762
LL22NC03-63E9.3;LOC648691;OTTHUMG00000151164	LL22NC03-63E9.3;LOC648691;OTTHUMG00000151164
ALOX5	ALOX5
OTTHUMG00000160051;OTTHUMG00000160052;RP11-774O3.1;RP11-774O3.2	OTTHUMG00000160051;OTTHUMG00000160052;RP11-774O3.1;RP11-774O3.2
CCDC114;CTC-241F20.2;OTTHUMG00000156160	CCDC114;CTC-241F20.2;OTTHUMG00000156160
C19orf60	C19orf60
C2orf44	C2orf44
TMEM120A	TMEM120A
NDUFA6	NDUFA6
KRTAP3-3	KRTAP3-3
SBF2-AS1	SBF2-AS1
OTTHUMG00000009658;RP11-386O9.2	OTTHUMG00000009658;RP11-386O9.2
ERV3;ERV3-1;OTTHUMG00000165023;ZNF117	ERV3;ERV3-1;OTTHUMG00000165023;ZNF117
LINC00624	LINC00624
RXRA	RXRA
MAP3K9	MAP3K9
C9orf84	C9orf84
DYTN	DYTN
LOC283693	LOC283693
CEACAM4	CEACAM4
CTD-2013N24.2;OTTHUMG00000158770	CTD-2013N24.2;OTTHUMG00000158770
OTTHUMG00000163879;RP11-467K18.2	OTTHUMG00000163879;RP11-467K18.2
USP17;USP17L11;USP17L17;USP17L20;USP17L22	USP17;USP17L11;USP17L17;USP17L20;USP17L22
LOC100996472	LOC100996472
KRTAP20-4	KRTAP20-4
KRTAP23-1	KRTAP23-1
ITPKB-AS1	ITPKB-AS1
LOC284395	LOC284395
MUM1	MUM1
GLT8D1	GLT8D1
OTTHUMG00000160259;RP11-453O5.1	OTTHUMG00000160259;RP11-453O5.1
MIR938	MIR938
FDXACB1	FDXACB1
NFIA	NFIA
AC007557.2;OTTHUMG00000155316	AC007557.2;OTTHUMG00000155316
SERPINB5	SERPINB5
SCN1B	SCN1B
PGBD2	PGBD2
LOC100505549	LOC100505549
ASH1L-IT1	ASH1L-IT1
OTTHUMG00000046152;RP11-181K3.4	OTTHUMG00000046152;RP11-181K3.4
FLJ36777;OTTHUMG00000159980;RP11-367J11.3	FLJ36777;OTTHUMG00000159980;RP11-367J11.3
KMT2E;MLL5	KMT2E;MLL5
RALGAPA2	RALGAPA2
OTTHUMG00000157253;RP11-2L8.1	OTTHUMG00000157253;RP11-2L8.1
KRTAP4-2	KRTAP4-2
IL22RA1	IL22RA1
OTTHUMG00000041573;RP11-403I13.5	OTTHUMG00000041573;RP11-403I13.5
OTTHUMG00000015822;RP11-136K14.2	OTTHUMG00000015822;RP11-136K14.2
CTC-756D1.3;OTTHUMG00000163864	CTC-756D1.3;OTTHUMG00000163864
IGKV1D-8	IGKV1D-8
LOC100289574	LOC100289574
ENO1	ENO1
SNN	SNN
VAMP1	VAMP1
MIR125B1	MIR125B1
ERO1L	ERO1L
SPATA16	SPATA16
DDN	DDN
AC004870.4;OTTHUMG00000155553	AC004870.4;OTTHUMG00000155553
MIR3146	MIR3146
IL15	IL15
PSIP1	PSIP1
RSPO2	RSPO2
DHX38	DHX38
RAPGEF2	RAPGEF2
OTTHUMG00000150605;XXbac-B33L19.4	OTTHUMG00000150605;XXbac-B33L19.4
LA16c-2F2.8;OTTHUMG00000140353	LA16c-2F2.8;OTTHUMG00000140353
MIR153-1	MIR153-1
PCCA-AS1	PCCA-AS1
NPIPB3;NPIPL3	NPIPB3;NPIPL3
ARMS2	ARMS2
OTTHUMG00000035609;RP11-476B1.1	OTTHUMG00000035609;RP11-476B1.1
PMAIP1	PMAIP1
ZMYND12	ZMYND12
SYNGR2	SYNGR2
SARM1	SARM1
MIR518A2	MIR518A2
CLDN5	CLDN5
CHEK2P5	CHEK2P5
ZNF814	ZNF814
EM:AC006547.7;LINC00896	EM:AC006547.7;LINC00896
OR10Z1	OR10Z1
ZNHIT3	ZNHIT3
LOC340515;OTTHUMG00000020197;RP11-555F9.2	LOC340515;OTTHUMG00000020197;RP11-555F9.2
NPY2R	NPY2R
TAB3P1	TAB3P1
SPRR3	SPRR3
HNF1A-AS1	HNF1A-AS1
OR10A2	OR10A2
SPATA20	SPATA20
MIR1294	MIR1294
RNU5D-2P	RNU5D-2P
LOC100507194;OTTHUMG00000014141;RP1-40E16.9	LOC100507194;OTTHUMG00000014141;RP1-40E16.9
COL14A1	COL14A1
SMARCA5-AS1	SMARCA5-AS1
NAT8B	NAT8B
OTTHUMG00000163868;RP11-175E9.1	OTTHUMG00000163868;RP11-175E9.1
OTTHUMG00000157191;RP4-639J15.1	OTTHUMG00000157191;RP4-639J15.1
KLK3	KLK3
LOC339593;OTTHUMG00000031883;RP4-734C18.1	LOC339593;OTTHUMG00000031883;RP4-734C18.1
OTTHUMG00000009216;RP11-424D14.1	OTTHUMG00000009216;RP11-424D14.1
PSKH2	PSKH2
ATG10-AS1	ATG10-AS1
HNF4A	HNF4A
APOBEC2	APOBEC2
DHRS4L1	DHRS4L1
PRH1;PRH2	PRH1;PRH2
SLAMF9	SLAMF9
METTL5	METTL5
MIR874	MIR874
FJX1	FJX1
REREP3	REREP3
ZBTB12	ZBTB12
SFTPB	SFTPB
OTTHUMG00000017600;RP11-336A10.5	OTTHUMG00000017600;RP11-336A10.5
NMRAL1	NMRAL1
OTTHUMG00000032047;RP11-359G22.2	OTTHUMG00000032047;RP11-359G22.2
LOC286184;OTTHUMG00000164399;RP11-579E24.1	LOC286184;OTTHUMG00000164399;RP11-579E24.1
OTTHUMG00000014917;RP11-203B9.4	OTTHUMG00000014917;RP11-203B9.4
OTTHUMG00000014256;RP11-716O23.1	OTTHUMG00000014256;RP11-716O23.1
OTTHUMG00000017569;RP11-464C19.3	OTTHUMG00000017569;RP11-464C19.3
PON1	PON1
GATA4	GATA4
TRABD2A	TRABD2A
OTTHUMG00000041032;RP5-998N21.4	OTTHUMG00000041032;RP5-998N21.4
AC010091.1;OTTHUMG00000155403	AC010091.1;OTTHUMG00000155403
DEFB121	DEFB121
PKDREJ	PKDREJ
SLC16A11	SLC16A11
SCGB2B2	SCGB2B2
MIR499A;MIR499B	MIR499A;MIR499B
ZRANB2	ZRANB2
OTTHUMG00000159127;RP11-439C8.1	OTTHUMG00000159127;RP11-439C8.1
CTB-138E5.1;OTTHUMG00000163110	CTB-138E5.1;OTTHUMG00000163110
OTTHUMG00000163405;RP11-1101H11.1	OTTHUMG00000163405;RP11-1101H11.1
NHLRC4;PIGQ	NHLRC4;PIGQ
GBA3	GBA3
OTTHUMG00000011637;RP4-735C1.6	OTTHUMG00000011637;RP4-735C1.6
DUX2;DUX4;DUX4L2;DUX4L3;DUX4L5;DUX4L6;DUX4L7;LOC100288355;LOC100288398;LOC100288433;LOC100288494;LOC100288593;LOC100288657	DUX2;DUX4;DUX4L2;DUX4L3;DUX4L5;DUX4L6;DUX4L7;LOC100288355;LOC100288398;LOC100288433;LOC100288494;LOC100288593;LOC100288657
CUEDC2	CUEDC2
CDKL3	CDKL3
NFE2L1	NFE2L1
CTRL	CTRL
MYO1C	MYO1C
LOC100133161;LOC101059936;LOC101060495	LOC100133161;LOC101059936;LOC101060495
OTTHUMG00000001766;RP11-431K24.1	OTTHUMG00000001766;RP11-431K24.1
OTTHUMG00000019275;RP11-462G8.3	OTTHUMG00000019275;RP11-462G8.3
GS1-433O24.1;OTTHUMG00000021246	GS1-433O24.1;OTTHUMG00000021246
TMTC1	TMTC1
KLHDC7B	KLHDC7B
HRASLS	HRASLS
AC062031.1;OTTHUMG00000153722	AC062031.1;OTTHUMG00000153722
BRD2	BRD2
OTTHUMG00000161531;RP11-312A15.2	OTTHUMG00000161531;RP11-312A15.2
OTTHUMG00000164388;RP11-1D12.1	OTTHUMG00000164388;RP11-1D12.1
RNF214	RNF214
LOC643623;OTTHUMG00000015509;RP1-293L8.2	LOC643623;OTTHUMG00000015509;RP1-293L8.2
QTRT1	QTRT1
LOC100130238	LOC100130238
LOC100507461;OTTHUMG00000159502;RP11-639B1.1	LOC100507461;OTTHUMG00000159502;RP11-639B1.1
NDST1	NDST1
ARL5B-AS1	ARL5B-AS1
C8orf49	C8orf49
AC034110.1;FLJ44881;OTTHUMG00000132860	AC034110.1;FLJ44881;OTTHUMG00000132860
BLOC1S4	BLOC1S4
MUC4	MUC4
TCEB2	TCEB2
OTTHUMG00000162677;RP11-71E19.2	OTTHUMG00000162677;RP11-71E19.2
AC012363.13;OTTHUMG00000155116	AC012363.13;OTTHUMG00000155116
RMND1	RMND1
FAM149B1	FAM149B1
HYKK	HYKK
JMJD1C-AS1	JMJD1C-AS1
RLN3	RLN3
OTTHUMG00000003222;RP1-184J9.2	OTTHUMG00000003222;RP1-184J9.2
MRPS11	MRPS11
CEP57L1	CEP57L1
ZBTB8B	ZBTB8B
RPF1	RPF1
OTTHUMG00000017924;RP11-135A24.4	OTTHUMG00000017924;RP11-135A24.4
C7orf10	C7orf10
UBA6	UBA6
ZNF354A	ZNF354A
EPHA3	EPHA3
RNU7-60P	RNU7-60P
OTTHUMG00000015791;RP1-12G14.5	OTTHUMG00000015791;RP1-12G14.5
OTTHUMG00000016684;RP11-252M21.7	OTTHUMG00000016684;RP11-252M21.7
PSORS1C2	PSORS1C2
NAA30	NAA30
SLC6A13	SLC6A13
CHRNA3	CHRNA3
KCNG3	KCNG3
BTBD11	BTBD11
CSPG4	CSPG4
C4orf40;CSN1S2BP	C4orf40;CSN1S2BP
MIR126	MIR126
DPYD-AS1	DPYD-AS1
LOC285501;OTTHUMG00000160724;RP11-389E17.1	LOC285501;OTTHUMG00000160724;RP11-389E17.1
EIF2D	EIF2D
TMEM91	TMEM91
TMEM155	TMEM155
IGHV7-81	IGHV7-81
DLX6-AS1	DLX6-AS1
NSD1	NSD1
OTTHUMG00000019692;RP11-408N14.1	OTTHUMG00000019692;RP11-408N14.1
PPY	PPY
SS18L2	SS18L2
C12orf56	C12orf56
CALHM1	CALHM1
SYCP1	SYCP1
CYP19A1	CYP19A1
APOA1BP	APOA1BP
OSTC;OSTCP2	OSTC;OSTCP2
LOC100506128;OTTHUMG00000040862;RP1-35C21.2	LOC100506128;OTTHUMG00000040862;RP1-35C21.2
OSTN-AS1	OSTN-AS1
RNU7-34P	RNU7-34P
ELANE	ELANE
B4GALT6	B4GALT6
RHOA-IT1	RHOA-IT1
AC073316.1;OTTHUMG00000151736	AC073316.1;OTTHUMG00000151736
LOC100130987	LOC100130987
LOC100506695;PHF21B	LOC100506695;PHF21B
MARCKS	MARCKS
LINC00364	LINC00364
RNA5SP98	RNA5SP98
OR4N5	OR4N5
ELL2	ELL2
TMEM117	TMEM117
TAF4B	TAF4B
KLHL12	KLHL12
OTTHUMG00000159469;RP11-500K19.1	OTTHUMG00000159469;RP11-500K19.1
OTTHUMG00000158756;RP11-290K4.1	OTTHUMG00000158756;RP11-290K4.1
ZNF575	ZNF575
MBNL1	MBNL1
CTD-2004A9.1;OTTHUMG00000162001	CTD-2004A9.1;OTTHUMG00000162001
ATP13A4	ATP13A4
MIR103B2	MIR103B2
CA9	CA9
KCNE4	KCNE4
AC010987.5;OTTHUMG00000152562	AC010987.5;OTTHUMG00000152562
PURA	PURA
CTB-113P19.3;OTTHUMG00000163524	CTB-113P19.3;OTTHUMG00000163524
OR2AT4	OR2AT4
OR56A3	OR56A3
CIDEB	CIDEB
TRUB2	TRUB2
ABO	ABO
WNT2B	WNT2B
OTTHUMG00000017703;RP11-295P9.6	OTTHUMG00000017703;RP11-295P9.6
RNU7-70P	RNU7-70P
ZNF404	ZNF404
LOC100131496	LOC100131496
DUSP8	DUSP8
AC092652.1;OTTHUMG00000153724	AC092652.1;OTTHUMG00000153724
LINC00410	LINC00410
KIR3DL1;KIR3DL2	KIR3DL1;KIR3DL2
NDUFB1	NDUFB1
CDRT15P2	CDRT15P2
AC007249.3;OTTHUMG00000151706	AC007249.3;OTTHUMG00000151706
N4BP2L1	N4BP2L1
CLPS	CLPS
IGHD3-10	IGHD3-10
LOC100505841	LOC100505841
UBL5	UBL5
ZNF654	ZNF654
SDR42E2	SDR42E2
RNY3P10	RNY3P10
AC004383.4;MIR424;MIR503HG;OTTHUMG00000022455	AC004383.4;MIR424;MIR503HG;OTTHUMG00000022455
DYNLRB2	DYNLRB2
TMEM196	TMEM196
OTTHUMG00000150009;RP1-302D9.3	OTTHUMG00000150009;RP1-302D9.3
AL773604.8;OTTHUMG00000090255	AL773604.8;OTTHUMG00000090255
MIR4794	MIR4794
CSDC2	CSDC2
UBE2A	UBE2A
OTTHUMG00000015926;RP11-13P5.2	OTTHUMG00000015926;RP11-13P5.2
LOC100506548;RPL37	LOC100506548;RPL37
OTTHUMG00000008075;RP11-117D22.1	OTTHUMG00000008075;RP11-117D22.1
TMEM123	TMEM123
ZNF837	ZNF837
OTTHUMG00000020281;RP11-435O5.2	OTTHUMG00000020281;RP11-435O5.2
NCKAP5	NCKAP5
CMC1	CMC1
PDLIM1	PDLIM1
AC011718.3;OTTHUMG00000150684	AC011718.3;OTTHUMG00000150684
OTTHUMG00000150610;XXbac-B33L19.6	OTTHUMG00000150610;XXbac-B33L19.6
OSER1-AS1;OTTHUMG00000032521;RP5-995J12.2	OSER1-AS1;OTTHUMG00000032521;RP5-995J12.2
RANBP3L	RANBP3L
SLC16A10	SLC16A10
C15orf59	C15orf59
NFKBIZ	NFKBIZ
OR4D6	OR4D6
SPHK2	SPHK2
OR4L1	OR4L1
OTTHUMG00000008128;RP4-710M16.2	OTTHUMG00000008128;RP4-710M16.2
RNF103	RNF103
SUCNR1	SUCNR1
FAM107B	FAM107B
IFNW1	IFNW1
RHBDL3	RHBDL3
OTTHUMG00000161732;RP11-593F5.2	OTTHUMG00000161732;RP11-593F5.2
MYL6B	MYL6B
KRCC1	KRCC1
RPS11P6	RPS11P6
LOC100133091	LOC100133091
SOWAHD	SOWAHD
PFN1P2	PFN1P2
THOC3	THOC3
OTTHUMG00000015628;RP1-32B1.4	OTTHUMG00000015628;RP1-32B1.4
THOC7	THOC7
AC112721.1;OTTHUMG00000152981	AC112721.1;OTTHUMG00000152981
ZBTB34	ZBTB34
MIR543	MIR543
RFX4	RFX4
LOC100507024;OTTHUMG00000015211;RP11-63K6.7	LOC100507024;OTTHUMG00000015211;RP11-63K6.7
AC008069.1;OTTHUMG00000151740	AC008069.1;OTTHUMG00000151740
C4orf32	C4orf32
C6orf136	C6orf136
OTTHUMG00000020097;RP11-15B24.4	OTTHUMG00000020097;RP11-15B24.4
OTTHUMG00000009304;RP4-535B20.1	OTTHUMG00000009304;RP4-535B20.1
DAQB-12N14.5;LOC100507362;OTTHUMG00000004781	DAQB-12N14.5;LOC100507362;OTTHUMG00000004781
SVIP	SVIP
HCG18	HCG18
MIR96	MIR96
PROSC	PROSC
FAN1	FAN1
LY6H	LY6H
OTTHUMG00000015068;RP3-390M24.1	OTTHUMG00000015068;RP3-390M24.1
PPP1R2P1	PPP1R2P1
TBXA2R	TBXA2R
AC068580.5;OTTHUMG00000045359	AC068580.5;OTTHUMG00000045359
OTTHUMG00000018510;RP11-77G23.2	OTTHUMG00000018510;RP11-77G23.2
GRIP2	GRIP2
SGMS1	SGMS1
RNF128	RNF128
GGA1	GGA1
CTSL1P8	CTSL1P8
DOK2	DOK2
RNA5SP340	RNA5SP340
FBXW9	FBXW9
GDF15	GDF15
SLAMF6	SLAMF6
OTTHUMG00000035258;RP11-533E19.2	OTTHUMG00000035258;RP11-533E19.2
SOWAHC	SOWAHC
LIPF	LIPF
MLLT1	MLLT1
SBSPON	SBSPON
UPF2	UPF2
ZBTB4	ZBTB4
AC074019.1;OTTHUMG00000153588	AC074019.1;OTTHUMG00000153588
LMBRD1	LMBRD1
PROX1-IT1	PROX1-IT1
THAP2	THAP2
AC104820.2;OTTHUMG00000154205	AC104820.2;OTTHUMG00000154205
OTTHUMG00000161879;RP11-116O11.1	OTTHUMG00000161879;RP11-116O11.1
OTTHUMG00000161693;RP11-415C15.1	OTTHUMG00000161693;RP11-415C15.1
LIMK2	LIMK2
EIF6	EIF6
FBXW11	FBXW11
LOC100506804;OTTHUMG00000015048;RP1-234P15.4	LOC100506804;OTTHUMG00000015048;RP1-234P15.4
HLA-DRA	HLA-DRA
MIR3136	MIR3136
SNORA70G	SNORA70G
OTTHUMG00000018082;RP11-67C2.2	OTTHUMG00000018082;RP11-67C2.2
ZNF677	ZNF677
FAM74A1	FAM74A1
NUDT19	NUDT19
MIR107	MIR107
VIMP	VIMP
OTTHUMG00000156392;RP11-44H4.1	OTTHUMG00000156392;RP11-44H4.1
MIR4693	MIR4693
C1QTNF5;MFRP	C1QTNF5;MFRP
CD44	CD44
C2	C2
UBE2J1	UBE2J1
LINC00520	LINC00520
ZNF253	ZNF253
TMED10P1	TMED10P1
LHFPL2	LHFPL2
MGC2889	MGC2889
USP7	USP7
OTTHUMG00000151248;RP1-5O6.5	OTTHUMG00000151248;RP1-5O6.5
AP001043.1;OTTHUMG00000086701	AP001043.1;OTTHUMG00000086701
PPME1	PPME1
YPEL2	YPEL2
OTTHUMG00000014752;RP5-1120P11.1	OTTHUMG00000014752;RP5-1120P11.1
OTTHUMG00000162708;RP11-485M7.2	OTTHUMG00000162708;RP11-485M7.2
MTCH2	MTCH2
MLNR	MLNR
MIR454	MIR454
SNHG9;SNORA78	SNHG9;SNORA78
OR5K1	OR5K1
LOC100505775;OTTHUMG00000164136;RP11-350F16.1	LOC100505775;OTTHUMG00000164136;RP11-350F16.1
OTTHUMG00000140107;XXbac-BPG254F23.5	OTTHUMG00000140107;XXbac-BPG254F23.5
ETS1	ETS1
OTTHUMG00000164852;RP11-473O4.5	OTTHUMG00000164852;RP11-473O4.5
MAPK8	MAPK8
DTHD1	DTHD1
C5AR2	C5AR2
LEMD1-AS1	LEMD1-AS1
OTTHUMG00000160795;RP11-806K15.1	OTTHUMG00000160795;RP11-806K15.1
KAT7	KAT7
MIR3690	MIR3690
MIR3690	MIR3690
OTTHUMG00000014287;RP3-448I9.2	OTTHUMG00000014287;RP3-448I9.2
ARAP2	ARAP2
SNORA2B	SNORA2B
LINC00174	LINC00174
UBE2F	UBE2F
WDR55	WDR55
TRIM64DP	TRIM64DP
OR5J2	OR5J2
ZNF880	ZNF880
ZNF296	ZNF296
CKS2	CKS2
PLCG1	PLCG1
OTTHUMG00000020444;RP11-508N12.2	OTTHUMG00000020444;RP11-508N12.2
THAP7	THAP7
AC092431.3;OTTHUMG00000152688	AC092431.3;OTTHUMG00000152688
LOC100505989;OTTHUMG00000161261;RP11-294O2.2	LOC100505989;OTTHUMG00000161261;RP11-294O2.2
LOC101060179;PRDM11	LOC101060179;PRDM11
OTTHUMG00000015714;RP1-67K17.4	OTTHUMG00000015714;RP1-67K17.4
PRAMEF18;PRAMEF19	PRAMEF18;PRAMEF19
OR1D5	OR1D5
TNRC6C-AS1	TNRC6C-AS1
COL26A1;EMID2	COL26A1;EMID2
C22orf31	C22orf31
OTTHUMG00000163704;RP11-326L2.1	OTTHUMG00000163704;RP11-326L2.1
MGAT2	MGAT2
IPO5	IPO5
MIR296	MIR296
NKTR	NKTR
MSGN1	MSGN1
TPM2	TPM2
GZF1	GZF1
OTTHUMG00000021664;RP13-188A5.1	OTTHUMG00000021664;RP13-188A5.1
OR10K2	OR10K2
LOC100507376;OTTHUMG00000162381;RP11-539L10.3	LOC100507376;OTTHUMG00000162381;RP11-539L10.3
GTF2IRD2;GTF2IRD2B	GTF2IRD2;GTF2IRD2B
OTTHUMG00000016828;RP11-478K15.1	OTTHUMG00000016828;RP11-478K15.1
GLRX2	GLRX2
KIAA0894;RP11-476E15.3;SORBS1	KIAA0894;RP11-476E15.3;SORBS1
TCAIM	TCAIM
TEP1	TEP1
OTTHUMG00000165042;RP11-713M15.1	OTTHUMG00000165042;RP11-713M15.1
PHACTR3	PHACTR3
CYTH3	CYTH3
MLLT6	MLLT6
OTTHUMG00000009500;RP13-221M14.2	OTTHUMG00000009500;RP13-221M14.2
EVX2	EVX2
LOC100507594	LOC100507594
MIR381	MIR381
KMT2B;MLL4;OTTHUMG00000048119	KMT2B;MLL4;OTTHUMG00000048119
OTTHUMG00000015793;RP1-12G14.7	OTTHUMG00000015793;RP1-12G14.7
INVS	INVS
OTTHUMG00000164479;RP11-10J21.4	OTTHUMG00000164479;RP11-10J21.4
UQCRC2	UQCRC2
AC005324.7;OTTHUMG00000059149	AC005324.7;OTTHUMG00000059149
KRTAP20-2	KRTAP20-2
CLSTN3	CLSTN3
RNA5SP327	RNA5SP327
ACTL6A	ACTL6A
SCGB1D4	SCGB1D4
FBXO42	FBXO42
CTAGE10P	CTAGE10P
ITGB4	ITGB4
C9orf3;LOC100507319;MIR23B;MIR24-1;MIR27B;MIR3074	C9orf3;LOC100507319;MIR23B;MIR24-1;MIR27B;MIR3074
FBXL19	FBXL19
OTTHUMG00000149071;XXbac-BPG254F23.7	OTTHUMG00000149071;XXbac-BPG254F23.7
OTTHUMG00000149586;XXbac-BPG254F23.7	OTTHUMG00000149586;XXbac-BPG254F23.7
TMEM106B	TMEM106B
MIR668	MIR668
SPIN2A	SPIN2A
SIGLEC8	SIGLEC8
KRTAP22-2	KRTAP22-2
SH3GLB1	SH3GLB1
TTTY12	TTTY12
STAT3	STAT3
MIR4682	MIR4682
AC004562.1;OTTHUMG00000132247	AC004562.1;OTTHUMG00000132247
LOC100130111	LOC100130111
CTD-2049J23.3;OTTHUMG00000158954	CTD-2049J23.3;OTTHUMG00000158954
MIR377	MIR377
NME3	NME3
CXCR1	CXCR1
AC092484.1;OTTHUMG00000153709	AC092484.1;OTTHUMG00000153709
OTTHUMG00000160611;RP11-545H22.1	OTTHUMG00000160611;RP11-545H22.1
AMIGO2	AMIGO2
UCP2	UCP2
AC123023.1;OTTHUMG00000155764	AC123023.1;OTTHUMG00000155764
OTTHUMG00000017086;RP11-159J2.2	OTTHUMG00000017086;RP11-159J2.2
OTTHUMG00000020901;RP11-555H7.2	OTTHUMG00000020901;RP11-555H7.2
ZNF788	ZNF788
RNU7-51P	RNU7-51P
MIR517B	MIR517B
NOVA1-AS1	NOVA1-AS1
OTTHUMG00000003704;RP5-1125N11.1	OTTHUMG00000003704;RP5-1125N11.1
SPOCK1	SPOCK1
RETNLB	RETNLB
OTTHUMG00000074805;RP3-377D14.1	OTTHUMG00000074805;RP3-377D14.1
FAM83H-AS1	FAM83H-AS1
KRTAP9-3	KRTAP9-3
SLC10A3	SLC10A3
AP000476.1;OTTHUMG00000078326	AP000476.1;OTTHUMG00000078326
LOC100131655	LOC100131655
ARF1;MIR3620	ARF1;MIR3620
AC010745.1;OTTHUMG00000151746	AC010745.1;OTTHUMG00000151746
AC068492.1;OTTHUMG00000153580	AC068492.1;OTTHUMG00000153580
OTTHUMG00000015142;RP1-3J17.3	OTTHUMG00000015142;RP1-3J17.3
DRD5	DRD5
MIR373	MIR373
AC004448.5;OTTHUMG00000059605	AC004448.5;OTTHUMG00000059605
TIPARP	TIPARP
OTTHUMG00000017663;RP1-251M9.3	OTTHUMG00000017663;RP1-251M9.3
OTTHUMG00000161714;RP11-577G20.2	OTTHUMG00000161714;RP11-577G20.2
PRSS45	PRSS45
OTTHUMG00000160549;RP11-701P16.2	OTTHUMG00000160549;RP11-701P16.2
MIR4258	MIR4258
GDF5OS	GDF5OS
FKTN	FKTN
OTTHUMG00000019260;RP11-168C9.1	OTTHUMG00000019260;RP11-168C9.1
OCEL1	OCEL1
OR5H15	OR5H15
PCDHGB7	PCDHGB7
MIR1293	MIR1293
NKAPL	NKAPL
OTTHUMG00000161242;RP11-775H9.2	OTTHUMG00000161242;RP11-775H9.2
MICB	MICB
SMAD7	SMAD7
PTPLAD1	PTPLAD1
LOC101060233;OPN1MW;OPN1MW2	LOC101060233;OPN1MW;OPN1MW2
TERF1P5	TERF1P5
PTGES	PTGES
OTTHUMG00000156619;RP11-48F14.2	OTTHUMG00000156619;RP11-48F14.2
OTTHUMG00000161359;RP11-752L20.5	OTTHUMG00000161359;RP11-752L20.5
GNG8	GNG8
OTTHUMG00000159875;RP11-454C18.1	OTTHUMG00000159875;RP11-454C18.1
ITPKA	ITPKA
OTTHUMG00000163746;RP11-563N12.2	OTTHUMG00000163746;RP11-563N12.2
LOC101060082;OTTHUMG00000002915;RP4-758J18.10	LOC101060082;OTTHUMG00000002915;RP4-758J18.10
ABCG1	ABCG1
OTOA	OTOA
HNRNPKP3	HNRNPKP3
CLP1	CLP1
LOC389705	LOC389705
FAM170B-AS1	FAM170B-AS1
OTTHUMG00000020832;RP11-32B11.2	OTTHUMG00000020832;RP11-32B11.2
GPBAR1	GPBAR1
OTTHUMG00000022398;RP1-274L7.1	OTTHUMG00000022398;RP1-274L7.1
GPRC5D	GPRC5D
KRTAP12-3	KRTAP12-3
FOXO3B	FOXO3B
IQCF1	IQCF1
MIR649	MIR649
AC079799.2;OTTHUMG00000154683	AC079799.2;OTTHUMG00000154683
CABIN1	CABIN1
TMEM200B	TMEM200B
ZNF346-IT1	ZNF346-IT1
AC096559.2;OTTHUMG00000151710	AC096559.2;OTTHUMG00000151710
TRMT2B-AS1	TRMT2B-AS1
TTN	TTN
OTTHUMG00000160720;RP11-376O6.2	OTTHUMG00000160720;RP11-376O6.2
IMPA1P	IMPA1P
USP12-AS1	USP12-AS1
PSMD8	PSMD8
CENPBD1	CENPBD1
PSMB7	PSMB7
FAM107A;LOC101059937	FAM107A;LOC101059937
MAFG	MAFG
EFHD2	EFHD2
MIR1302-6	MIR1302-6
AC097495.3;LOC100996448;OTTHUMG00000152624	AC097495.3;LOC100996448;OTTHUMG00000152624
SF3B2	SF3B2
GUK1	GUK1
AC008440.5;OTTHUMG00000060830	AC008440.5;OTTHUMG00000060830
OTTHUMG00000018296;RP11-491H19.1	OTTHUMG00000018296;RP11-491H19.1
OTTHUMG00000162318;RP11-4O3.2	OTTHUMG00000162318;RP11-4O3.2
LRRC56	LRRC56
OTTHUMG00000164937;RP11-431J17.1	OTTHUMG00000164937;RP11-431J17.1
TCF21	TCF21
AL157359.4;OTTHUMG00000074549	AL157359.4;OTTHUMG00000074549
AC004854.4;OTTHUMG00000155819	AC004854.4;OTTHUMG00000155819
MIEN1	MIEN1
COL11A2	COL11A2
EIF2B3	EIF2B3
LOC100507547;PRRT1	LOC100507547;PRRT1
PRRT1	PRRT1
PRRT1	PRRT1
PRRT1	PRRT1
PRRT1	PRRT1
PRRT1	PRRT1
PRRT1	PRRT1
PRRT1	PRRT1
OTTHUMG00000035772;RP11-134G8.7	OTTHUMG00000035772;RP11-134G8.7
QPRT	QPRT
FLJ33581;OTTHUMG00000032098;RP5-1100I6.2	FLJ33581;OTTHUMG00000032098;RP5-1100I6.2
AC013402.2;LOC150568;OTTHUMG00000153050	AC013402.2;LOC150568;OTTHUMG00000153050
EDDM3A	EDDM3A
UGT2A3	UGT2A3
OTTHUMG00000035254;RP11-545A16.1	OTTHUMG00000035254;RP11-545A16.1
AC008592.4;OTTHUMG00000162741	AC008592.4;OTTHUMG00000162741
OTTHUMG00000161483;RP11-27G13.1	OTTHUMG00000161483;RP11-27G13.1
NBPF15;NBPF16	NBPF15;NBPF16
IGHG4	IGHG4
COL11A2	COL11A2
ITGAE	ITGAE
NAPB	NAPB
SNORD116-13	SNORD116-13
RNU7-40P	RNU7-40P
CDK6	CDK6
UBQLN2	UBQLN2
VDR	VDR
OTTHUMG00000008236;RP11-253A20.1	OTTHUMG00000008236;RP11-253A20.1
FAM90A8P	FAM90A8P
AL928768.3;OTTHUMG00000164793	AL928768.3;OTTHUMG00000164793
TMEM210	TMEM210
OTTHUMG00000163985;RP11-431M3.1	OTTHUMG00000163985;RP11-431M3.1
HN1L	HN1L
TNFSF13	TNFSF13
HNRNPR	HNRNPR
TSHB	TSHB
NF2	NF2
USP41	USP41
AP2A2	AP2A2
CNPPD1	CNPPD1
OTTHUMG00000161756;RP11-269F21.3	OTTHUMG00000161756;RP11-269F21.3
PARS2	PARS2
BCCIP	BCCIP
MBD3L5	MBD3L5
TBC1D3P2	TBC1D3P2
IRX1	IRX1
OTTHUMG00000018652;RP11-77P6.2	OTTHUMG00000018652;RP11-77P6.2
HEATR7A;LOC100652949;LOC377711;MROH1	HEATR7A;LOC100652949;LOC377711;MROH1
OTTHUMG00000011166;RP5-1125M8.2	OTTHUMG00000011166;RP5-1125M8.2
WFDC5	WFDC5
MGAT4B	MGAT4B
ETF1	ETF1
AC008073.7;OTTHUMG00000151892	AC008073.7;OTTHUMG00000151892
GPR4	GPR4
KCNN4	KCNN4
MIR1253	MIR1253
MS4A13	MS4A13
BIRC6	BIRC6
RPS2P32	RPS2P32
NME6	NME6
DYNLL2	DYNLL2
MIR186	MIR186
OTTHUMG00000040658;RP11-567E21.3	OTTHUMG00000040658;RP11-567E21.3
ITPK1	ITPK1
RNU7-6P	RNU7-6P
ENY2	ENY2
ABCF3	ABCF3
SIGLEC16	SIGLEC16
LINC00583	LINC00583
OR5E1P	OR5E1P
SNORD116-11	SNORD116-11
LEFTY2	LEFTY2
ANAPC15	ANAPC15
OTTHUMG00000163913;RP11-566H8.2	OTTHUMG00000163913;RP11-566H8.2
SLC6A14	SLC6A14
OTTHUMG00000014768;RP3-449H6.1	OTTHUMG00000014768;RP3-449H6.1
DKFZp434J0226	DKFZp434J0226
AIM1	AIM1
MICB	MICB
PNMA5	PNMA5
MIR144	MIR144
TREM1	TREM1
OTTHUMG00000163185;RP11-826N14.2	OTTHUMG00000163185;RP11-826N14.2
C12orf65	C12orf65
OTTHUMG00000014954;RP11-59D5__B.2	OTTHUMG00000014954;RP11-59D5__B.2
SNORD93	SNORD93
TTTY17A;TTTY17B;TTTY17C	TTTY17A;TTTY17B;TTTY17C
TTTY17A;TTTY17B;TTTY17C	TTTY17A;TTTY17B;TTTY17C
TTTY17A;TTTY17B;TTTY17C	TTTY17A;TTTY17B;TTTY17C
UPF3AP1	UPF3AP1
CTC-480C2.1;OTTHUMG00000162578	CTC-480C2.1;OTTHUMG00000162578
AC113167.2;OTTHUMG00000162602	AC113167.2;OTTHUMG00000162602
OTTHUMG00000039910;RP11-467I20.2	OTTHUMG00000039910;RP11-467I20.2
SNORA29;TCP1	SNORA29;TCP1
PKNOX1	PKNOX1
OTTHUMG00000014802;RP11-550C4.6	OTTHUMG00000014802;RP11-550C4.6
LOC100508046;POTEH-AS1	LOC100508046;POTEH-AS1
CLASRP	CLASRP
FAM90A7P	FAM90A7P
LINC00547	LINC00547
LOC100287177	LOC100287177
AC108938.4;LIMS1;LIMS3;LIMS3L;LOC100288570;OTTHUMG00000167880;OTTHUMG00000169984;RP13-1039J1.2	AC108938.4;LIMS1;LIMS3;LIMS3L;LOC100288570;OTTHUMG00000167880;OTTHUMG00000169984;RP13-1039J1.2
OTTHUMG00000159970;RP11-1191J2.4	OTTHUMG00000159970;RP11-1191J2.4
MIR548A3	MIR548A3
BYSL	BYSL
MIR4469;RNF170	MIR4469;RNF170
LOC441167;OTTHUMG00000164691;RP3-399L15.3	LOC441167;OTTHUMG00000164691;RP3-399L15.3
NRTN	NRTN
DNAJC9;MRPS16;OTTHUMG00000018455;RP11-152N13.11	DNAJC9;MRPS16;OTTHUMG00000018455;RP11-152N13.11
KPNA1	KPNA1
AGPAT1	AGPAT1
AC103563.8;OTTHUMG00000155157	AC103563.8;OTTHUMG00000155157
LINC00484	LINC00484
PLA2G4A	PLA2G4A
ZNF534	ZNF534
MKRN7P	MKRN7P
FLNB-AS1	FLNB-AS1
FAM197Y2;FAM197Y5;FAM197Y7	FAM197Y2;FAM197Y5;FAM197Y7
MIR3157	MIR3157
SNRPE	SNRPE
LOC100132781	LOC100132781
CAPN5	CAPN5
PYDC1	PYDC1
OTTHUMG00000156193;RP11-95L3.2	OTTHUMG00000156193;RP11-95L3.2
AP001044.2;OTTHUMG00000086699	AP001044.2;OTTHUMG00000086699
SLC25A5-AS1	SLC25A5-AS1
BPIFC	BPIFC
AC096772.6;OTTHUMG00000154782;PLEKHM3	AC096772.6;OTTHUMG00000154782;PLEKHM3
NMT1	NMT1
OSM	OSM
LOC100506004	LOC100506004
OTTHUMG00000018041;RP11-402L1.11	OTTHUMG00000018041;RP11-402L1.11
QDPR	QDPR
FBXO36	FBXO36
MAP4	MAP4
CBX6	CBX6
ING5	ING5
OTTHUMG00000164291;RP11-628E19.2	OTTHUMG00000164291;RP11-628E19.2
FAM214A	FAM214A
ITGB1;OTTHUMG00000017934;RP11-462L8.1	ITGB1;OTTHUMG00000017934;RP11-462L8.1
HAX1	HAX1
SPRR2B	SPRR2B
SPATA19	SPATA19
OTTHUMG00000150449;WI2-85898F10.1	OTTHUMG00000150449;WI2-85898F10.1
ZNF787	ZNF787
CYP3A5	CYP3A5
MIR4292	MIR4292
YME1L1	YME1L1
FAM197Y2;FAM197Y5	FAM197Y2;FAM197Y5
OR5T2	OR5T2
NAT8;NAT8B	NAT8;NAT8B
ZNF227	ZNF227
MIR1286	MIR1286
CTD-2215E18.3;OTTHUMG00000162869	CTD-2215E18.3;OTTHUMG00000162869
CCDC159	CCDC159
LAG3	LAG3
ACTL10	ACTL10
NR1D1	NR1D1
MFNG	MFNG
TRAV2	TRAV2
GSPT1	GSPT1
OTTHUMG00000160918;RP11-428L21.1	OTTHUMG00000160918;RP11-428L21.1
OSTCP1	OSTCP1
TRIM28	TRIM28
MIR216A	MIR216A
MIR374C	MIR374C
C21orf91	C21orf91
FRRS1	FRRS1
OTTHUMG00000158301;RP11-139K4.2	OTTHUMG00000158301;RP11-139K4.2
OTTHUMG00000164453;RP11-267M23.4	OTTHUMG00000164453;RP11-267M23.4
LOC100505501;OTTHUMG00000164333;RP11-25K19.1	LOC100505501;OTTHUMG00000164333;RP11-25K19.1
SNRNP40	SNRNP40
TSGA13	TSGA13
KCTD4	KCTD4
SPRNP1	SPRNP1
ANKRD62P1-PARP4P3	ANKRD62P1-PARP4P3
SLC26A4	SLC26A4
SNORD127	SNORD127
OR11L1	OR11L1
TMEM59	TMEM59
KRT9	KRT9
AC096655.2;LOC729121;OTTHUMG00000153314	AC096655.2;LOC729121;OTTHUMG00000153314
MIR33B	MIR33B
ADAMTS10	ADAMTS10
ZIC4-AS1	ZIC4-AS1
SLC26A5	SLC26A5
TSSC4	TSSC4
HFE	HFE
C15orf48;MIR147B	C15orf48;MIR147B
LY86	LY86
ARHGEF10	ARHGEF10
KRT38	KRT38
C19orf82	C19orf82
ADSSL1	ADSSL1
AP000705.7;OTTHUMG00000078249	AP000705.7;OTTHUMG00000078249
CTD-2123J17.2;OTTHUMG00000162792	CTD-2123J17.2;OTTHUMG00000162792
DEFB126	DEFB126
TPST1	TPST1
NGFR	NGFR
OTTHUMG00000015958;RP1-54A3.1	OTTHUMG00000015958;RP1-54A3.1
C8orf56	C8orf56
AC108463.1;OTTHUMG00000153644	AC108463.1;OTTHUMG00000153644
NSUN4	NSUN4
TMEM212	TMEM212
NTSR1	NTSR1
SLC25A28	SLC25A28
OTTHUMG00000017648;RP11-543F8.2	OTTHUMG00000017648;RP11-543F8.2
OTTHUMG00000015856;RP1-101K10.6	OTTHUMG00000015856;RP1-101K10.6
CTD-2024I7.13;LOC100505658;OTTHUMG00000164151	CTD-2024I7.13;LOC100505658;OTTHUMG00000164151
CTC-276P9.3;OTTHUMG00000163061	CTC-276P9.3;OTTHUMG00000163061
KCNG2	KCNG2
CTD-2292M14.1;OTTHUMG00000162456	CTD-2292M14.1;OTTHUMG00000162456
LOC644070	LOC644070
OTTHUMG00000018480;RP11-574K11.8	OTTHUMG00000018480;RP11-574K11.8
KRT17P2	KRT17P2
VAMP8	VAMP8
HNRNPA3P1	HNRNPA3P1
AC097713.4;OTTHUMG00000153157	AC097713.4;OTTHUMG00000153157
OTTHUMG00000163006;RP11-395P13.4	OTTHUMG00000163006;RP11-395P13.4
KTN1	KTN1
TEKT4	TEKT4
OTTHUMG00000037769;RP11-84A14.5	OTTHUMG00000037769;RP11-84A14.5
PROB1	PROB1
OR7E37P	OR7E37P
CBX7;OTTHUMG00000151026;RP4-742C19.8	CBX7;OTTHUMG00000151026;RP4-742C19.8
FAM192A	FAM192A
LOC100129534	LOC100129534
CDC42EP5	CDC42EP5
ZNF862	ZNF862
RNY4P14	RNY4P14
MIR3660	MIR3660
C6orf205;MUC21;OTTHUMG00000004849	C6orf205;MUC21;OTTHUMG00000004849
CLEC9A	CLEC9A
STAG3	STAG3
DKFZP434L187	DKFZP434L187
NXF3	NXF3
OCLM	OCLM
OTTHUMG00000017809;RP11-301N24.3	OTTHUMG00000017809;RP11-301N24.3
AC003991.3;OTTHUMG00000153895	AC003991.3;OTTHUMG00000153895
ELAC1	ELAC1
GPR150	GPR150
AC079354.5;OTTHUMG00000154582	AC079354.5;OTTHUMG00000154582
RND2	RND2
SMC5	SMC5
FGF7	FGF7
BX322557.13;OTTHUMG00000090402	BX322557.13;OTTHUMG00000090402
AC092171.2;AC093620.5;OTTHUMG00000151804;OTTHUMG00000151810	AC092171.2;AC093620.5;OTTHUMG00000151804;OTTHUMG00000151810
GPX1	GPX1
ATP2B2-IT2	ATP2B2-IT2
SMR3B	SMR3B
MAP2K6	MAP2K6
OR2B3	OR2B3
ENDOV;LOC100507440	ENDOV;LOC100507440
OTTHUMG00000014087;RP11-495P10.3	OTTHUMG00000014087;RP11-495P10.3
IL17F	IL17F
CCT2	CCT2
DLL4	DLL4
TEKT5	TEKT5
AC013402.3;OTTHUMG00000153055	AC013402.3;OTTHUMG00000153055
DMC1	DMC1
KB-1615E4.3;OTTHUMG00000164723	KB-1615E4.3;OTTHUMG00000164723
SDC3	SDC3
LINC00439	LINC00439
ELMO1-AS1	ELMO1-AS1
RPS7P5	RPS7P5
B4GALT4-AS1	B4GALT4-AS1
ZNF92	ZNF92
MIR3194	MIR3194
OTTHUMG00000150056;RP11-69I8.3	OTTHUMG00000150056;RP11-69I8.3
RGS19	RGS19
OTTHUMG00000164966;RP11-785H20.1	OTTHUMG00000164966;RP11-785H20.1
RNA5SP144	RNA5SP144
GPR152	GPR152
SLC25A47	SLC25A47
FBXL3	FBXL3
C20orf62	C20orf62
BTG2	BTG2
USP17L18	USP17L18
NELFCD;TH1L	NELFCD;TH1L
TMEM81	TMEM81
OTTHUMG00000162371;RP11-1018N14.4	OTTHUMG00000162371;RP11-1018N14.4
FAM138A;FAM138F	FAM138A;FAM138F
AKT3-IT1	AKT3-IT1
LINC00889	LINC00889
PHF10	PHF10
TMBIM1	TMBIM1
AC004112.4;OTTHUMG00000155122	AC004112.4;OTTHUMG00000155122
OTTHUMG00000037303;RP11-538D16.2	OTTHUMG00000037303;RP11-538D16.2
LINC00906	LINC00906
PRKG1	PRKG1
GPR148	GPR148
FKSG62	FKSG62
REEP2	REEP2
LOC100131347	LOC100131347
SERTAD4-AS1	SERTAD4-AS1
LOC100653515;TIMP2	LOC100653515;TIMP2
SPANXC;SPANXE	SPANXC;SPANXE
ZNF322P1	ZNF322P1
NIPBL	NIPBL
IGLV4-60	IGLV4-60
OTTHUMG00000035893;RP11-16L9.4	OTTHUMG00000035893;RP11-16L9.4
STARD10	STARD10
SNTN	SNTN
SPATA8	SPATA8
DEFB125	DEFB125
GIMAP7	GIMAP7
MS4A4E	MS4A4E
OTTHUMG00000161177;RP11-184M15.2	OTTHUMG00000161177;RP11-184M15.2
OTTHUMG00000159845;RP11-103G8.2	OTTHUMG00000159845;RP11-103G8.2
SSSCA1	SSSCA1
TNFAIP3	TNFAIP3
OR4D11	OR4D11
OTTHUMG00000160774;RP11-440I14.3	OTTHUMG00000160774;RP11-440I14.3
MARC1	MARC1
OTTHUMG00000020818;RP11-544A12.4	OTTHUMG00000020818;RP11-544A12.4
AC090505.4;OTTHUMG00000156022	AC090505.4;OTTHUMG00000156022
AC073254.1;OTTHUMG00000153318	AC073254.1;OTTHUMG00000153318
ELOVL4	ELOVL4
TOX3	TOX3
MT1A	MT1A
SNORD85	SNORD85
PRADC1	PRADC1
EXOSC4	EXOSC4
AKR1B1	AKR1B1
ANKRD20A11P	ANKRD20A11P
WNT16	WNT16
AC068610.3;OTTHUMG00000065346	AC068610.3;OTTHUMG00000065346
LOC100131564;OTTHUMG00000010705;RP4-717I23.3	LOC100131564;OTTHUMG00000010705;RP4-717I23.3
LOC150381;OTTHUMG00000150198;OTTHUMG00000150446;RP4-695O20__B.10;RP6-109B7.3;hsa-let-7a-3;hsa-let-7b;hsa-mir-4763	LOC150381;OTTHUMG00000150198;OTTHUMG00000150446;RP4-695O20__B.10;RP6-109B7.3;hsa-let-7a-3;hsa-let-7b;hsa-mir-4763
HCK	HCK
ZDHHC15	ZDHHC15
STOML3	STOML3
EXOG	EXOG
AD000090.2;LOC100506469;OTTHUMG00000048104	AD000090.2;LOC100506469;OTTHUMG00000048104
GBP1P1	GBP1P1
ZNF396	ZNF396
OTTHUMG00000007633;RP4-811H24.9	OTTHUMG00000007633;RP4-811H24.9
ZBTB45	ZBTB45
MUSK	MUSK
OTTHUMG00000164188;RP11-44K6.2	OTTHUMG00000164188;RP11-44K6.2
OTTHUMG00000160792;RP11-87F15.2	OTTHUMG00000160792;RP11-87F15.2
FKBP11	FKBP11
PDX1-AS1	PDX1-AS1
MIR548I4	MIR548I4
ZNF706	ZNF706
PGM3	PGM3
LOC100506533	LOC100506533
CTB-107G13.1;OTTHUMG00000157225	CTB-107G13.1;OTTHUMG00000157225
AC096558.1;OTTHUMG00000153939	AC096558.1;OTTHUMG00000153939
VRTN	VRTN
AZU1	AZU1
APCDD1	APCDD1
C12orf53;PIANP	C12orf53;PIANP
TP53TG1	TP53TG1
CISH	CISH
OTTHUMG00000163990;RP1-84O15.2	OTTHUMG00000163990;RP1-84O15.2
RNGTT	RNGTT
BAALC	BAALC
OTTHUMG00000041449;RP11-488L18.8	OTTHUMG00000041449;RP11-488L18.8
FBXO6	FBXO6
OTTHUMG00000045372;RP11-98D18.1	OTTHUMG00000045372;RP11-98D18.1
WDR12	WDR12
MUC1	MUC1
OTTHUMG00000011982;RP5-1073O3.7	OTTHUMG00000011982;RP5-1073O3.7
ZNF3	ZNF3
IGBP1-AS1	IGBP1-AS1
TOR1AIP1	TOR1AIP1
SCGB2B3P	SCGB2B3P
CTB-11I22.1;OTTHUMG00000163512	CTB-11I22.1;OTTHUMG00000163512
MIR3646	MIR3646
OTTHUMG00000041413;RP11-385F5.4	OTTHUMG00000041413;RP11-385F5.4
RTEL1;RTEL1-TNFRSF6B;TNFRSF6B	RTEL1;RTEL1-TNFRSF6B;TNFRSF6B
OTTHUMG00000022173;RP6-191P20.4	OTTHUMG00000022173;RP6-191P20.4
LYPD6B	LYPD6B
CCNO	CCNO
ARHGEF35	ARHGEF35
NRGN	NRGN
CDY1;CDY1B;CDY2A;CDY2B	CDY1;CDY1B;CDY2A;CDY2B
OR7G2	OR7G2
SUB1P1	SUB1P1
SLED1	SLED1
LOC100505828;MGST3	LOC100505828;MGST3
OTTHUMG00000159722;RP11-402L6.1	OTTHUMG00000159722;RP11-402L6.1
OR2F1	OR2F1
OTTHUMG00000156611;RP11-123O1.1	OTTHUMG00000156611;RP11-123O1.1
SLC25A19	SLC25A19
ZPBP	ZPBP
PLCB4	PLCB4
EVX1-AS	EVX1-AS
RPL8	RPL8
OTTHUMG00000034940;RP1-102G20.5	OTTHUMG00000034940;RP1-102G20.5
LAMB1	LAMB1
IGLV2-18	IGLV2-18
LINC00094	LINC00094
AC010090.1;OTTHUMG00000153876	AC010090.1;OTTHUMG00000153876
AC083900.1;OTTHUMG00000154794	AC083900.1;OTTHUMG00000154794
IQCC	IQCC
OTTHUMG00000160836;RP11-692D12.1	OTTHUMG00000160836;RP11-692D12.1
OTTHUMG00000017863;RP11-360I20.2	OTTHUMG00000017863;RP11-360I20.2
AC012506.1;OTTHUMG00000151898	AC012506.1;OTTHUMG00000151898
CR2	CR2
CD274	CD274
AP006748.1;OTTHUMG00000086763	AP006748.1;OTTHUMG00000086763
HSPB9	HSPB9
CTD-2228K2.5;OTTHUMG00000162206;PP7080	CTD-2228K2.5;OTTHUMG00000162206;PP7080
OTTHUMG00000019300;RP13-137A17.5	OTTHUMG00000019300;RP13-137A17.5
OTTHUMG00000161297;RP11-381N20.1	OTTHUMG00000161297;RP11-381N20.1
AC019048.1;OTTHUMG00000151660	AC019048.1;OTTHUMG00000151660
RNH1	RNH1
DDIT4L	DDIT4L
RANP1	RANP1
CLEC10A	CLEC10A
CNOT7	CNOT7
AC008277.1;OTTHUMG00000154042	AC008277.1;OTTHUMG00000154042
CATSPER3	CATSPER3
OTTHUMG00000015375;RP11-428F8.2	OTTHUMG00000015375;RP11-428F8.2
OTTHUMG00000164327;RP11-1057B8.2	OTTHUMG00000164327;RP11-1057B8.2
LINC00840	LINC00840
CINP	CINP
DCAF11	DCAF11
C20ORF141;C20orf141;TMEM239	C20ORF141;C20orf141;TMEM239
SMARCE1	SMARCE1
UBA2	UBA2
CCDC101	CCDC101
SYNE1-AS1	SYNE1-AS1
RN7SKP5	RN7SKP5
MIR548I4	MIR548I4
RAB12	RAB12
AC007395.3;OTTHUMG00000153445	AC007395.3;OTTHUMG00000153445
OR51A2	OR51A2
AC009495.2;OTTHUMG00000154036	AC009495.2;OTTHUMG00000154036
MIR21;VMP1	MIR21;VMP1
CREBRF	CREBRF
CTA-392C11.1;LOC100507481;LOC100996474;OTTHUMG00000164047	CTA-392C11.1;LOC100507481;LOC100996474;OTTHUMG00000164047
GLRA2	GLRA2
ADRA1A	ADRA1A
PHLDB2	PHLDB2
C6orf99	C6orf99
COPG2	COPG2
TPSG1	TPSG1
OTTHUMG00000163777;RP11-1E4.1	OTTHUMG00000163777;RP11-1E4.1
OTTHUMG00000161457;RP11-503L19.1	OTTHUMG00000161457;RP11-503L19.1
GPR18	GPR18
TPI1P3	TPI1P3
FRMD7;OTTHUMG00000022422;RP1-305B16.2	FRMD7;OTTHUMG00000022422;RP1-305B16.2
MIR4251	MIR4251
AC010136.2;OTTHUMG00000155260	AC010136.2;OTTHUMG00000155260
WDR70	WDR70
OTTHUMG00000161490;RP11-635L1.2	OTTHUMG00000161490;RP11-635L1.2
OTTHUMG00000162061;RP11-893F2.6	OTTHUMG00000162061;RP11-893F2.6
SIDT1	SIDT1
MIR4503	MIR4503
PSG3	PSG3
IGKV2D-40	IGKV2D-40
OTTHUMG00000162645;RP11-65F13.3	OTTHUMG00000162645;RP11-65F13.3
CNBD1	CNBD1
HCCAT5	HCCAT5
JTB	JTB
ATP13A5	ATP13A5
CTC-339D2.1;OTTHUMG00000163017	CTC-339D2.1;OTTHUMG00000163017
CCNJ	CCNJ
CDC42BPG	CDC42BPG
OR10A4	OR10A4
AC099344.2;OTTHUMG00000151821	AC099344.2;OTTHUMG00000151821
PRKACA	PRKACA
HMGCS2	HMGCS2
RNA5SP80	RNA5SP80
ENTPD7	ENTPD7
LIFR-AS1;MIR3650	LIFR-AS1;MIR3650
HOMER3	HOMER3
FNDC8	FNDC8
DSCR10	DSCR10
KB-1299A7.2;OTTHUMG00000164905	KB-1299A7.2;OTTHUMG00000164905
OTTHUMG00000150500;RP11-403H13.1	OTTHUMG00000150500;RP11-403H13.1
OTTHUMG00000163740;RP11-386D6.1	OTTHUMG00000163740;RP11-386D6.1
RABEPK	RABEPK
OR4C11	OR4C11
SNORD12B	SNORD12B
ADC	ADC
KRT75	KRT75
LINC00517	LINC00517
HYAL1	HYAL1
C7orf71	C7orf71
MLXIPL	MLXIPL
AC069155.1;OTTHUMG00000154841	AC069155.1;OTTHUMG00000154841
NIPAL1	NIPAL1
FAM197Y2;FAM197Y5;FAM197Y6	FAM197Y2;FAM197Y5;FAM197Y6
TARSL2	TARSL2
AC093690.1;LOC100505716;OTTHUMG00000151943	AC093690.1;LOC100505716;OTTHUMG00000151943
AC114808.3;OTTHUMG00000151390	AC114808.3;OTTHUMG00000151390
SLCO5A1	SLCO5A1
TRAV41	TRAV41
OTTHUMG00000034433;RP11-102C16.3	OTTHUMG00000034433;RP11-102C16.3
AC010971.1;OTTHUMG00000155853	AC010971.1;OTTHUMG00000155853
IL10RB	IL10RB
CTC-419K13.1;OTTHUMG00000162462	CTC-419K13.1;OTTHUMG00000162462
CTC-537E7.3;OTTHUMG00000162337	CTC-537E7.3;OTTHUMG00000162337
PLEKHF2	PLEKHF2
OTTHUMG00000015276;RP1-121G13.2	OTTHUMG00000015276;RP1-121G13.2
OTTHUMG00000021088;RP11-707P20.1	OTTHUMG00000021088;RP11-707P20.1
LINC00861;OTTHUMG00000165025;RP11-622O11.2	LINC00861;OTTHUMG00000165025;RP11-622O11.2
MIR3687	MIR3687
MIR600;MIR600HG;STRBP	MIR600;MIR600HG;STRBP
C20orf100;OTTHUMG00000032517;TOX2	C20orf100;OTTHUMG00000032517;TOX2
RPS6KL1	RPS6KL1
SHANK2-AS2	SHANK2-AS2
OR4B1	OR4B1
CTA-150C2.13;OTTHUMG00000151001	CTA-150C2.13;OTTHUMG00000151001
OTTHUMG00000161757;RP11-269F21.1	OTTHUMG00000161757;RP11-269F21.1
OTTHUMG00000157254;RP11-33A14.1	OTTHUMG00000157254;RP11-33A14.1
CCDC11	CCDC11
OTTHUMG00000037358;RP11-302I18.3	OTTHUMG00000037358;RP11-302I18.3
OTTHUMG00000004829;XXbac-BPG27H4.7	OTTHUMG00000004829;XXbac-BPG27H4.7
ISG20	ISG20
HULC	HULC
ZNF333	ZNF333
OTTHUMG00000158096;RP4-751H13.5	OTTHUMG00000158096;RP4-751H13.5
OTTHUMG00000017701;PRPF18;RP11-295P9.3	OTTHUMG00000017701;PRPF18;RP11-295P9.3
PIGL	PIGL
MIR339	MIR339
OTTHUMG00000019064;RP11-25C19.3	OTTHUMG00000019064;RP11-25C19.3
SNORD72	SNORD72
MIR548H2	MIR548H2
AC092159.3;OTTHUMG00000151375	AC092159.3;OTTHUMG00000151375
TRMT1L	TRMT1L
TRAV39	TRAV39
LDHA	LDHA
ERGIC1	ERGIC1
ATP5S	ATP5S
FUBP1	FUBP1
FLJ16779	FLJ16779
MIR30B	MIR30B
CPA3	CPA3
TLE2	TLE2
CTD-2066L21.1;OTTHUMG00000162000	CTD-2066L21.1;OTTHUMG00000162000
OTTHUMG00000164451;RP11-53M11.3	OTTHUMG00000164451;RP11-53M11.3
OTTHUMG00000161278;RP11-785F11.1	OTTHUMG00000161278;RP11-785F11.1
HLTF-AS1	HLTF-AS1
OTTHUMG00000001278;RP13-392I16.1	OTTHUMG00000001278;RP13-392I16.1
PLEKHA3	PLEKHA3
SCLY	SCLY
MIR631	MIR631
MYH10	MYH10
OTTHUMG00000161298;RP11-404I7.2	OTTHUMG00000161298;RP11-404I7.2
MIR106B	MIR106B
MED26	MED26
GFRA4	GFRA4
MIR4679-2	MIR4679-2
TTTY7;TTTY7B	TTTY7;TTTY7B
LIN7B	LIN7B
QARS	QARS
OLFM4	OLFM4
LZTS1	LZTS1
OTTHUMG00000021249;RP11-40F8.2	OTTHUMG00000021249;RP11-40F8.2
OR52D1	OR52D1
OTTHUMG00000015720;RP1-45I4.3	OTTHUMG00000015720;RP1-45I4.3
OTTHUMG00000151260;RP4-539M6.14	OTTHUMG00000151260;RP4-539M6.14
OTTHUMG00000161070;RP11-401I19.1	OTTHUMG00000161070;RP11-401I19.1
APRT	APRT
TXNDC9	TXNDC9
RNF169	RNF169
SLC22A16	SLC22A16
LOXL4	LOXL4
CAPN7	CAPN7
AL353997.3;LOC339240;OTTHUMG00000059246	AL353997.3;LOC339240;OTTHUMG00000059246
LOC100132055;LOC100996442;LOC100996554;OTTHUMG00000002480;RP11-34P13.13	LOC100132055;LOC100996442;LOC100996554;OTTHUMG00000002480;RP11-34P13.13
AC009508.1;OTTHUMG00000152555	AC009508.1;OTTHUMG00000152555
SMARCA4	SMARCA4
OTTHUMG00000020021;RP11-128I7.1	OTTHUMG00000020021;RP11-128I7.1
C1orf35	C1orf35
ANXA11	ANXA11
OTTHUMG00000019263;RP11-109A6.3	OTTHUMG00000019263;RP11-109A6.3
MIR3165	MIR3165
SLC47A2	SLC47A2
MIR204	MIR204
OTTHUMG00000162804;RP11-346J10.1	OTTHUMG00000162804;RP11-346J10.1
AC064874.1;OTTHUMG00000153125	AC064874.1;OTTHUMG00000153125
ANKRD36BP1	ANKRD36BP1
MAS1	MAS1
EBLN1	EBLN1
LY6G6D;LY6G6F;MEGT1;OTTHUMG00000162247;XXbac-BPG32J3.19	LY6G6D;LY6G6F;MEGT1;OTTHUMG00000162247;XXbac-BPG32J3.19
LY6G6D;LY6G6F	LY6G6D;LY6G6F
OTTHUMG00000156009;RP11-528N21.1	OTTHUMG00000156009;RP11-528N21.1
C14orf64	C14orf64
OTTHUMG00000162227;RP11-159F24.3	OTTHUMG00000162227;RP11-159F24.3
MIR3199-1	MIR3199-1
CTB-35F21.2;OTTHUMG00000163335	CTB-35F21.2;OTTHUMG00000163335
DOHH	DOHH
OTTHUMG00000016599;RP11-165I9.6	OTTHUMG00000016599;RP11-165I9.6
AC010733.4;FLJ16341;OTTHUMG00000152126	AC010733.4;FLJ16341;OTTHUMG00000152126
DNAH2	DNAH2
OTTHUMG00000001772;RP5-1115A15.1	OTTHUMG00000001772;RP5-1115A15.1
OTTHUMG00000163446;RP11-619L12.3	OTTHUMG00000163446;RP11-619L12.3
AC004051.2;OTTHUMG00000161047	AC004051.2;OTTHUMG00000161047
GUCA1A;OTTHUMG00000014693;RP1-139D8.6	GUCA1A;OTTHUMG00000014693;RP1-139D8.6
OTTHUMG00000011879;RP4-666F24.3	OTTHUMG00000011879;RP4-666F24.3
OTTHUMG00000165018;RP11-37N22.1	OTTHUMG00000165018;RP11-37N22.1
FOXP1-AS1	FOXP1-AS1
GBA2	GBA2
ESF1	ESF1
KCNA10	KCNA10
LCN15	LCN15
C15orf65	C15orf65
AC093381.2;OTTHUMG00000154769	AC093381.2;OTTHUMG00000154769
OTTHUMG00000161016;RP11-10L12.4	OTTHUMG00000161016;RP11-10L12.4
FRMD5	FRMD5
OTTHUMG00000161740;RP11-424M21.1	OTTHUMG00000161740;RP11-424M21.1
RAB11B	RAB11B
SNORA15	SNORA15
AL157359.3;LOC100505973;OTTHUMG00000074546	AL157359.3;LOC100505973;OTTHUMG00000074546
ZCCHC6	ZCCHC6
IGLV3-27	IGLV3-27
GALT	GALT
LCN2	LCN2
LOC100506776	LOC100506776
FMN1	FMN1
CD37	CD37
NOS2P2	NOS2P2
RNU7-76P	RNU7-76P
POLR1B	POLR1B
SEC14L3	SEC14L3
IL20RA	IL20RA
OTTHUMG00000161459;RP11-76G10.1	OTTHUMG00000161459;RP11-76G10.1
MESDC1	MESDC1
OTTHUMG00000042020;RP11-433J22.3	OTTHUMG00000042020;RP11-433J22.3
SLC2A4RG	SLC2A4RG
LCE3C	LCE3C
OTTHUMG00000009566;RP4-598G3.1	OTTHUMG00000009566;RP4-598G3.1
NAALADL2-AS3	NAALADL2-AS3
OTTHUMG00000037537;RP11-365O16.3	OTTHUMG00000037537;RP11-365O16.3
AC116614.1;OTTHUMG00000151389	AC116614.1;OTTHUMG00000151389
IL21	IL21
GTF2IRD2;GTF2IRD2B	GTF2IRD2;GTF2IRD2B
NABP1	NABP1
KRTAP25-1	KRTAP25-1
SPECC1L	SPECC1L
OTTHUMG00000014222;RP11-203H2.1	OTTHUMG00000014222;RP11-203H2.1
BCRP3	BCRP3
RNU7-7P	RNU7-7P
OTTHUMG00000018715;RP11-168O10.6	OTTHUMG00000018715;RP11-168O10.6
AVPI1	AVPI1
EBAG9	EBAG9
C11orf52;HSPB2;HSPB2-C11orf52	C11orf52;HSPB2;HSPB2-C11orf52
TBL2	TBL2
OTTHUMG00000000422;RP11-176F3.7	OTTHUMG00000000422;RP11-176F3.7
RNF185	RNF185
TUBB	TUBB
OTTHUMG00000159698;RP11-788A4.1	OTTHUMG00000159698;RP11-788A4.1
GRK5;OTTHUMG00000019145;RP11-567J24.4	GRK5;OTTHUMG00000019145;RP11-567J24.4
GPR144	GPR144
RNU7-50P	RNU7-50P
GOT1	GOT1
N4BP1	N4BP1
NR2F6	NR2F6
NR4A1	NR4A1
HRH2	HRH2
OTTHUMG00000159518;RP11-680B3.2	OTTHUMG00000159518;RP11-680B3.2
CTC-264O10.2;OTTHUMG00000163871	CTC-264O10.2;OTTHUMG00000163871
ATG4B	ATG4B
SLC25A21-AS1	SLC25A21-AS1
OTTHUMG00000163982;RP11-419C23.1	OTTHUMG00000163982;RP11-419C23.1
LRRC29	LRRC29
ZNF23	ZNF23
KRT24	KRT24
AC012506.3;OTTHUMG00000151905	AC012506.3;OTTHUMG00000151905
LINC00965	LINC00965
LDOC1L	LDOC1L
OTTHUMG00000016997;RP11-538C21.1	OTTHUMG00000016997;RP11-538C21.1
SPARCL1	SPARCL1
LOC730102;OTTHUMG00000035027;OTTHUMG00000040860;OTTHUMG00000154878;RP11-568K15.1;RP4-798P15.2;RP4-798P15.3;SEC16B	LOC730102;OTTHUMG00000035027;OTTHUMG00000040860;OTTHUMG00000154878;RP11-568K15.1;RP4-798P15.2;RP4-798P15.3;SEC16B
CTD-2275D24.4;OTTHUMG00000162459	CTD-2275D24.4;OTTHUMG00000162459
CYP4F35P	CYP4F35P
ANKRD20A4	ANKRD20A4
CDH11	CDH11
ZNF343	ZNF343
RGS9BP	RGS9BP
CCDC141	CCDC141
OTTHUMG00000014989;RP11-462G2.1	OTTHUMG00000014989;RP11-462G2.1
RPL29P30	RPL29P30
SKI	SKI
PPEF2	PPEF2
TYW3	TYW3
KRTAP20-1	KRTAP20-1
MIR1283-1	MIR1283-1
MIR4520A	MIR4520A
OTTHUMG00000151207;RP3-412A9.11;SELM	OTTHUMG00000151207;RP3-412A9.11;SELM
RNA5SP434	RNA5SP434
CTD-2541M15.1;OTTHUMG00000163619	CTD-2541M15.1;OTTHUMG00000163619
OTTHUMG00000036253;RP11-164O23.7	OTTHUMG00000036253;RP11-164O23.7
LRRIQ4	LRRIQ4
MIR29B1	MIR29B1
DNAJC13	DNAJC13
ZNF518A	ZNF518A
LINC00589	LINC00589
FAM65C	FAM65C
ADAR	ADAR
PEAR1	PEAR1
OTTHUMG00000016049;RP1-125N5.2	OTTHUMG00000016049;RP1-125N5.2
OTTHUMG00000161234;OTTHUMG00000161767;RP11-1E22.1;RP11-789C2.1	OTTHUMG00000161234;OTTHUMG00000161767;RP11-1E22.1;RP11-789C2.1
AP5Z1;MIR4656	AP5Z1;MIR4656
LINC00582	LINC00582
FGF16	FGF16
SNORD116-1	SNORD116-1
HMSD	HMSD
CCR3	CCR3
TRGV1	TRGV1
LRCOL1	LRCOL1
PTPN21	PTPN21
CACNA2D3-AS1	CACNA2D3-AS1
OTTHUMG00000133725;XXbac-BPG299F13.14	OTTHUMG00000133725;XXbac-BPG299F13.14
FKBP8	FKBP8
GNPTG	GNPTG
SLC6A5	SLC6A5
KCNV1	KCNV1
LINC00618	LINC00618
NFXL1	NFXL1
CTC-325J23.2;OTTHUMG00000162535	CTC-325J23.2;OTTHUMG00000162535
MIR495	MIR495
TIAL1	TIAL1
AC007879.1;OTTHUMG00000154727	AC007879.1;OTTHUMG00000154727
C9orf106	C9orf106
CTD-2161F6.3;OTTHUMG00000161644	CTD-2161F6.3;OTTHUMG00000161644
GPR52	GPR52
SPARC	SPARC
NCOA6	NCOA6
TP53I11	TP53I11
PRB2	PRB2
RAPGEF5	RAPGEF5
GPSM3	GPSM3
GPSM3	GPSM3
GPSM3	GPSM3
GPSM3	GPSM3
GPSM3	GPSM3
GPSM3	GPSM3
NDUFAF4P1	NDUFAF4P1
OTTHUMG00000160229;RP11-141E13.1	OTTHUMG00000160229;RP11-141E13.1
OTTHUMG00000022662;RP13-228J13.1;TMLHE-AS1	OTTHUMG00000022662;RP13-228J13.1;TMLHE-AS1
SMKR1	SMKR1
PHF2	PHF2
DKK2	DKK2
SERHL	SERHL
MIR4724;RAB11FIP4	MIR4724;RAB11FIP4
AC140481.4;OTTHUMG00000153993	AC140481.4;OTTHUMG00000153993
SOWAHA	SOWAHA
HTN1	HTN1
OR14A2;OTTHUMG00000041416;RP11-634B7.5	OR14A2;OTTHUMG00000041416;RP11-634B7.5
LINC00442	LINC00442
OTTHUMG00000011632;RP4-735C1.4	OTTHUMG00000011632;RP4-735C1.4
ADAM10	ADAM10
MIR1276	MIR1276
CHAD	CHAD
RBKS	RBKS
NUDCD2	NUDCD2
CD320	CD320
MRPL36	MRPL36
OTTHUMG00000134311;RP5-1010E17.2	OTTHUMG00000134311;RP5-1010E17.2
EXOC6B	EXOC6B
AC007364.1;FLJ32955;OTTHUMG00000153746	AC007364.1;FLJ32955;OTTHUMG00000153746
SCARB2	SCARB2
MTG1	MTG1
OTTHUMG00000162997;RP11-43D2.2	OTTHUMG00000162997;RP11-43D2.2
OR2S2	OR2S2
KIF6	KIF6
ZNF428	ZNF428
MGAT1	MGAT1
PIP	PIP
LOC100131320	LOC100131320
COMMD1	COMMD1
PROK2	PROK2
MIR4672	MIR4672
APEX1	APEX1
AC000123.4;OTTHUMG00000148663	AC000123.4;OTTHUMG00000148663
CIDECP	CIDECP
C5orf4;FAXDC2	C5orf4;FAXDC2
PSPC1;PSPC1-OT1	PSPC1;PSPC1-OT1
FOXO6	FOXO6
ACOT4	ACOT4
FUT5	FUT5
OTTHUMG00000164599;OTTHUMG00000164677;RP11-157I4.4;RP11-257P3.3	OTTHUMG00000164599;OTTHUMG00000164677;RP11-157I4.4;RP11-257P3.3
OTTHUMG00000066714;RP11-216M21.5	OTTHUMG00000066714;RP11-216M21.5
SSUH2	SSUH2
SLC16A12	SLC16A12
PLA2G15	PLA2G15
MYLK-AS1	MYLK-AS1
BIRC7	BIRC7
MED13	MED13
GUSBP10	GUSBP10
C1DP3	C1DP3
AC020601.1;OTTHUMG00000153618	AC020601.1;OTTHUMG00000153618
CTSH	CTSH
AC000068.5;OTTHUMG00000150135	AC000068.5;OTTHUMG00000150135
AC011891.5;OTTHUMG00000152386	AC011891.5;OTTHUMG00000152386
NEXN	NEXN
TEX30	TEX30
USP46-AS1	USP46-AS1
IGKV3-11	IGKV3-11
LOC100996635;OTTHUMG00000010665;RP11-286B14.1	LOC100996635;OTTHUMG00000010665;RP11-286B14.1
AP001464.4;OTTHUMG00000074167	AP001464.4;OTTHUMG00000074167
OTTHUMG00000150464;RP1-32I10.10	OTTHUMG00000150464;RP1-32I10.10
MIR4671	MIR4671
MIR3170	MIR3170
RAB40AL	RAB40AL
ZNF335	ZNF335
OTTHUMG00000159498;RP11-501O2.1	OTTHUMG00000159498;RP11-501O2.1
RNU7-20P	RNU7-20P
CER1	CER1
CWC22	CWC22
OTTHUMG00000035227;RP11-576I22.2	OTTHUMG00000035227;RP11-576I22.2
DIRC1	DIRC1
GSTA7P	GSTA7P
MIR4772	MIR4772
EID2	EID2
GFER	GFER
CRK	CRK
OTTHUMG00000021126;RP6-1O2.1	OTTHUMG00000021126;RP6-1O2.1
DBX1	DBX1
LINC00701	LINC00701
COQ10B	COQ10B
OOEP-AS1	OOEP-AS1
ARIH1;MIR630	ARIH1;MIR630
DEPDC5	DEPDC5
OTTHUMG00000014382;RP3-425P12.5	OTTHUMG00000014382;RP3-425P12.5
MPI	MPI
FCHO1	FCHO1
DYNAP	DYNAP
MIR1224	MIR1224
RAB6C;WTH3DI	RAB6C;WTH3DI
VEGFB	VEGFB
SBNO2	SBNO2
FLRT3	FLRT3
BCLAF1	BCLAF1
AC092839.4;OTTHUMG00000152418	AC092839.4;OTTHUMG00000152418
FAM19A4	FAM19A4
AKR1C6P	AKR1C6P
ARHGEF17	ARHGEF17
OTTHUMG00000040659;RP11-134G8.8	OTTHUMG00000040659;RP11-134G8.8
DPRXP4	DPRXP4
NDEL1	NDEL1
D2HGDH	D2HGDH
HNRNPC;LOC100652761;LOC100653343	HNRNPC;LOC100652761;LOC100653343
HBS1L	HBS1L
PPP2R3B	PPP2R3B
HLA-DQA1	HLA-DQA1
MGC34034;OTTHUMG00000015606;RP4-662A9.2	MGC34034;OTTHUMG00000015606;RP4-662A9.2
OTTHUMG00000001239;RP11-181G12.2	OTTHUMG00000001239;RP11-181G12.2
ZNF468	ZNF468
PDLIM7	PDLIM7
OTTHUMG00000163315;RP11-136K7.1	OTTHUMG00000163315;RP11-136K7.1
TFAP4	TFAP4
OTTHUMG00000010986;RP5-837M10.4	OTTHUMG00000010986;RP5-837M10.4
SLC25A30-AS1	SLC25A30-AS1
OTTHUMG00000018267;RP11-179B15.5	OTTHUMG00000018267;RP11-179B15.5
TAB3-AS1	TAB3-AS1
GCSAML-AS1;OR2C3	GCSAML-AS1;OR2C3
C10orf71	C10orf71
LINC00282	LINC00282
ZNF703	ZNF703
OTTHUMG00000012147;RP11-39H13.1	OTTHUMG00000012147;RP11-39H13.1
GAGE12B;GAGE12C;GAGE12D;GAGE12E;GAGE12F;GAGE12G;GAGE12I;GAGE7	GAGE12B;GAGE12C;GAGE12D;GAGE12E;GAGE12F;GAGE12G;GAGE12I;GAGE7
TRBV5-6	TRBV5-6
TRMT2A	TRMT2A
UQCRC1	UQCRC1
NLGN3	NLGN3
OR3A2	OR3A2
OTTHUMG00000150222;XXbac-BPG154L12.4	OTTHUMG00000150222;XXbac-BPG154L12.4
KIAA1949;OTTHUMG00000149990;PPP1R18	KIAA1949;OTTHUMG00000149990;PPP1R18
PPP1R3E	PPP1R3E
OTTHUMG00000184091;RP11-395L14.3	OTTHUMG00000184091;RP11-395L14.3
SCUBE1	SCUBE1
LOC100130992	LOC100130992
C11orf68	C11orf68
C11orf49	C11orf49
OTTHUMG00000017940;RP13-259N13.2	OTTHUMG00000017940;RP13-259N13.2
OTTHUMG00000164841;RP11-417F21.2	OTTHUMG00000164841;RP11-417F21.2
ISM1-AS1	ISM1-AS1
KCTD7;RABGEF1	KCTD7;RABGEF1
EDN1	EDN1
CTD-2036A18.2;OTTHUMG00000162794	CTD-2036A18.2;OTTHUMG00000162794
AC091729.8;OTTHUMG00000151483	AC091729.8;OTTHUMG00000151483
OTTHUMG00000041463;RP11-359E8.3	OTTHUMG00000041463;RP11-359E8.3
OTTHUMG00000163153;RP11-438C19.1	OTTHUMG00000163153;RP11-438C19.1
OTTHUMG00000020610;RP11-542K23.10	OTTHUMG00000020610;RP11-542K23.10
OR1C1	OR1C1
GAGE12B;GAGE12C;GAGE12D;GAGE12H	GAGE12B;GAGE12C;GAGE12D;GAGE12H
CTA-941F9.9;LOC100506737;OTTHUMG00000151331	CTA-941F9.9;LOC100506737;OTTHUMG00000151331
AP000288.2;OTTHUMG00000065060	AP000288.2;OTTHUMG00000065060
OTTHUMG00000037030;RP11-23I7.1	OTTHUMG00000037030;RP11-23I7.1
DCP1A	DCP1A
CLEC11A	CLEC11A
OTTHUMG00000020337;RP11-535C21.3	OTTHUMG00000020337;RP11-535C21.3
OTTHUMG00000020883;RP11-145E17.2	OTTHUMG00000020883;RP11-145E17.2
CTD-2130F23.2;OTTHUMG00000162103	CTD-2130F23.2;OTTHUMG00000162103
GDNF-AS1	GDNF-AS1
TMEM215	TMEM215
SLC2A5	SLC2A5
FSHR	FSHR
LOC100505912;OTTHUMG00000162099;RP11-17E2.2	LOC100505912;OTTHUMG00000162099;RP11-17E2.2
VWA3B	VWA3B
OTTHUMG00000037131;RP11-15I11.2	OTTHUMG00000037131;RP11-15I11.2
AC007179.1;OTTHUMG00000152616	AC007179.1;OTTHUMG00000152616
AC093585.6;OTTHUMG00000151830	AC093585.6;OTTHUMG00000151830
KIAA2026	KIAA2026
AP000233.4;OTTHUMG00000078325	AP000233.4;OTTHUMG00000078325
MIR486	MIR486
ACTBL2	ACTBL2
AC073834.3;OTTHUMG00000154167	AC073834.3;OTTHUMG00000154167
ATG10	ATG10
AC007620.3;OTTHUMG00000133759	AC007620.3;OTTHUMG00000133759
LINC00910	LINC00910
C2orf66	C2orf66
SMPD4P1	SMPD4P1
RLF	RLF
ZNF665	ZNF665
ELP3	ELP3
WDYHV1	WDYHV1
COL6A3	COL6A3
DPCR1	DPCR1
OTTHUMG00000031861;RP11-416N4.1	OTTHUMG00000031861;RP11-416N4.1
OTTHUMG00000041729;RP11-542C10.1	OTTHUMG00000041729;RP11-542C10.1
OTTHUMG00000164180;RP11-324F11.1	OTTHUMG00000164180;RP11-324F11.1
WDR85	WDR85
KB-1047C11.2;LOC100616530;OTTHUMG00000164661	KB-1047C11.2;LOC100616530;OTTHUMG00000164661
OR2A25	OR2A25
SRSF12	SRSF12
LINC00355	LINC00355
PPM1J	PPM1J
OTTHUMG00000020349;RP11-92C4.3	OTTHUMG00000020349;RP11-92C4.3
C21ORF59;C21orf59	C21ORF59;C21orf59
DKFZp434L192	DKFZp434L192
ANP32B	ANP32B
TRAV1-1	TRAV1-1
ZNRF3-IT1	ZNRF3-IT1
MNAT1	MNAT1
EFCAB5	EFCAB5
OTTHUMG00000014234;RP1-290I10.7	OTTHUMG00000014234;RP1-290I10.7
OTTHUMG00000022540;RP11-364B14.1	OTTHUMG00000022540;RP11-364B14.1
OTTHUMG00000017554;RP11-118K6.2	OTTHUMG00000017554;RP11-118K6.2
HAS2-AS1	HAS2-AS1
NAALAD2	NAALAD2
MIR3663	MIR3663
KDELR3	KDELR3
CTC-484P3.3;OTTHUMG00000162796	CTC-484P3.3;OTTHUMG00000162796
C8orf22	C8orf22
IFI35	IFI35
TSPAN19	TSPAN19
TUBB8;TUBBP5	TUBB8;TUBBP5
UBE2S	UBE2S
CYP3A4	CYP3A4
FAM9B	FAM9B
GABRA6	GABRA6
ECRP	ECRP
GPR101	GPR101
ZNF282	ZNF282
IZUMO2	IZUMO2
MGC16142	MGC16142
AC005703.3;OTTHUMG00000058962	AC005703.3;OTTHUMG00000058962
OTTHUMG00000164494;RP11-434I12.3	OTTHUMG00000164494;RP11-434I12.3
MIR1324	MIR1324
USO1	USO1
AC105398.3;OTTHUMG00000152025	AC105398.3;OTTHUMG00000152025
MIR195;MIR497	MIR195;MIR497
CTD-2139B15.2;OTTHUMG00000161870	CTD-2139B15.2;OTTHUMG00000161870
PPARD	PPARD
GNL1	GNL1
LOC440313	LOC440313
HCG24	HCG24
OTTHUMG00000151194;RP5-1039K5.13	OTTHUMG00000151194;RP5-1039K5.13
SNAI3	SNAI3
AZIN1	AZIN1
OTTHUMG00000015980;RP1-155D22.1	OTTHUMG00000015980;RP1-155D22.1
TMEM241	TMEM241
TFF3	TFF3
LTC4S	LTC4S
OTTHUMG00000163397;RP11-1334A24.5	OTTHUMG00000163397;RP11-1334A24.5
EID3	EID3
VPS26A	VPS26A
AC108448.3;OTTHUMG00000011701	AC108448.3;OTTHUMG00000011701
RAMP1	RAMP1
FLJ31662;OTTHUMG00000010909;RP4-617C6.1	FLJ31662;OTTHUMG00000010909;RP4-617C6.1
AC013248.2;OTTHUMG00000058813	AC013248.2;OTTHUMG00000058813
TMEM229A	TMEM229A
GABRB1	GABRB1
HOXA5	HOXA5
AC007556.3;OTTHUMG00000155318	AC007556.3;OTTHUMG00000155318
ADORA2A	ADORA2A
LOC100505639	LOC100505639
LILRA4	LILRA4
SLC8A3	SLC8A3
C19orf68	C19orf68
AC006007.1;OTTHUMG00000152719	AC006007.1;OTTHUMG00000152719
OTTHUMG00000161804;RP11-154F14.3	OTTHUMG00000161804;RP11-154F14.3
RHOBTB2	RHOBTB2
ZC3H12C	ZC3H12C
SPATS2	SPATS2
CD200	CD200
RNF39	RNF39
SMURF1	SMURF1
PRAMEF13;PRAMEF14	PRAMEF13;PRAMEF14
C9orf129	C9orf129
COL11A2	COL11A2
NKAP	NKAP
OTTHUMG00000163211;RP11-1379J22.5	OTTHUMG00000163211;RP11-1379J22.5
MIR1227	MIR1227
GNMT	GNMT
TMIGD1	TMIGD1
GCNT3	GCNT3
SIKE1	SIKE1
LOC340508;OTTHUMG00000020312;RP11-520B13.4	LOC340508;OTTHUMG00000020312;RP11-520B13.4
TRIM16L	TRIM16L
RAB7A	RAB7A
PRSS16	PRSS16
OTTHUMG00000020726;RP11-379C10.1	OTTHUMG00000020726;RP11-379C10.1
CTC-428G20.2;OTTHUMG00000162913	CTC-428G20.2;OTTHUMG00000162913
FZR1	FZR1
CHRM4	CHRM4
GOT2P3	GOT2P3
OTTHUMG00000164410;RP11-17A4.2	OTTHUMG00000164410;RP11-17A4.2
TNIP1	TNIP1
SLC4A7	SLC4A7
CXCR3	CXCR3
SMIM6	SMIM6
LCE1B	LCE1B
NINL	NINL
CAMSAP3	CAMSAP3
RNU7-29P	RNU7-29P
SFXN1	SFXN1
AGTPBP1	AGTPBP1
OTTHUMG00000041441;RP11-289H16.1	OTTHUMG00000041441;RP11-289H16.1
CT47A1;CT47A10;CT47A11;CT47A12;CT47A2;CT47A3;CT47A4;CT47A5;CT47A6;CT47A7;CT47A8;CT47A9;OTTHUMG00000022310;RP6-166C19.11	CT47A1;CT47A10;CT47A11;CT47A12;CT47A2;CT47A3;CT47A4;CT47A5;CT47A6;CT47A7;CT47A8;CT47A9;OTTHUMG00000022310;RP6-166C19.11
CT47A1;CT47A10;CT47A11;CT47A12;CT47A2;CT47A3;CT47A4;CT47A5;CT47A6;CT47A7;CT47A8;CT47A9;OTTHUMG00000022309;RP6-166C19.10	CT47A1;CT47A10;CT47A11;CT47A12;CT47A2;CT47A3;CT47A4;CT47A5;CT47A6;CT47A7;CT47A8;CT47A9;OTTHUMG00000022309;RP6-166C19.10
CT47A1;CT47A10;CT47A11;CT47A12;CT47A2;CT47A3;CT47A4;CT47A5;CT47A6;CT47A7;CT47A8;CT47A9;OTTHUMG00000022319;RP6-166C19.9	CT47A1;CT47A10;CT47A11;CT47A12;CT47A2;CT47A3;CT47A4;CT47A5;CT47A6;CT47A7;CT47A8;CT47A9;OTTHUMG00000022319;RP6-166C19.9
CT47A1;CT47A10;CT47A11;CT47A12;CT47A2;CT47A3;CT47A4;CT47A5;CT47A6;CT47A7;CT47A8;CT47A9;OTTHUMG00000022318;RP6-166C19.8	CT47A1;CT47A10;CT47A11;CT47A12;CT47A2;CT47A3;CT47A4;CT47A5;CT47A6;CT47A7;CT47A8;CT47A9;OTTHUMG00000022318;RP6-166C19.8
CT47A1;CT47A10;CT47A11;CT47A12;CT47A2;CT47A3;CT47A4;CT47A5;CT47A6;CT47A7;CT47A8;CT47A9;OTTHUMG00000022314;RP6-166C19.4	CT47A1;CT47A10;CT47A11;CT47A12;CT47A2;CT47A3;CT47A4;CT47A5;CT47A6;CT47A7;CT47A8;CT47A9;OTTHUMG00000022314;RP6-166C19.4
CT47A1;CT47A10;CT47A11;CT47A12;CT47A2;CT47A3;CT47A4;CT47A5;CT47A6;CT47A7;CT47A8;CT47A9;OTTHUMG00000022313;RP6-166C19.3	CT47A1;CT47A10;CT47A11;CT47A12;CT47A2;CT47A3;CT47A4;CT47A5;CT47A6;CT47A7;CT47A8;CT47A9;OTTHUMG00000022313;RP6-166C19.3
CT47A1;CT47A10;CT47A11;CT47A12;CT47A2;CT47A3;CT47A4;CT47A5;CT47A6;CT47A7;CT47A8;CT47A9;OTTHUMG00000022312;RP6-166C19.2	CT47A1;CT47A10;CT47A11;CT47A12;CT47A2;CT47A3;CT47A4;CT47A5;CT47A6;CT47A7;CT47A8;CT47A9;OTTHUMG00000022312;RP6-166C19.2
POLR1C	POLR1C
AADACL3	AADACL3
CCDC144NL	CCDC144NL
OTTHUMG00000019004;RP11-127L20.3	OTTHUMG00000019004;RP11-127L20.3
MTTP	MTTP
ERAL1	ERAL1
SOSTDC1	SOSTDC1
NLGN1-AS1	NLGN1-AS1
OTTHUMG00000163858;RP11-13N12.1	OTTHUMG00000163858;RP11-13N12.1
BIVM-ERCC5;ERCC5	BIVM-ERCC5;ERCC5
ZC3H7A	ZC3H7A
COL18A1	COL18A1
AC026188.1;OTTHUMG00000154935	AC026188.1;OTTHUMG00000154935
COA3	COA3
SUMO2	SUMO2
RNASE2	RNASE2
EVA1B	EVA1B
HCFC1R1	HCFC1R1
TRMT13	TRMT13
LINC00454	LINC00454
MAGI2-AS2	MAGI2-AS2
CXCL3	CXCL3
C10orf99	C10orf99
FAM74A2	FAM74A2
OTTHUMG00000162209;RP11-503D12.1	OTTHUMG00000162209;RP11-503D12.1
OTTHUMG00000009373;RP4-763G1.2	OTTHUMG00000009373;RP4-763G1.2
ARMC2	ARMC2
OTTHUMG00000156217;RP1-156L9.1	OTTHUMG00000156217;RP1-156L9.1
PLK2	PLK2
PIWIL2	PIWIL2
OTTHUMG00000162314;RP11-506H20.1	OTTHUMG00000162314;RP11-506H20.1
MCCC1	MCCC1
AC009276.4;OTTHUMG00000155405	AC009276.4;OTTHUMG00000155405
TRBV6-5	TRBV6-5
FAM43B	FAM43B
OCA2	OCA2
MIR4659B	MIR4659B
OTTHUMG00000164555;RP11-115I9.1	OTTHUMG00000164555;RP11-115I9.1
ZFYVE9	ZFYVE9
OTTHUMG00000017023;RP11-473M10.3	OTTHUMG00000017023;RP11-473M10.3
FES	FES
IRF4	IRF4
OTTHUMG00000157105;RP11-132A1.4	OTTHUMG00000157105;RP11-132A1.4
IFNA8	IFNA8
HNRNPLL;HNRPLL	HNRNPLL;HNRPLL
OR4E2	OR4E2
SH2D7	SH2D7
AP003774.1;OTTHUMG00000045125	AP003774.1;OTTHUMG00000045125
KISS1R	KISS1R
CRLS1	CRLS1
TRAV30	TRAV30
AP001052.9;OTTHUMG00000086887;PDXK	AP001052.9;OTTHUMG00000086887;PDXK
PIGT	PIGT
USP17L15	USP17L15
OR6C1	OR6C1
LOC401176;OTTHUMG00000161785;RP11-19O2.2	LOC401176;OTTHUMG00000161785;RP11-19O2.2
MIR429	MIR429
OR11H2	OR11H2
OR2T34	OR2T34
MIR548Q	MIR548Q
OTTHUMG00000020846;RP11-295G24.5	OTTHUMG00000020846;RP11-295G24.5
OTTHUMG00000019590;RP11-62F24.1	OTTHUMG00000019590;RP11-62F24.1
FAT4	FAT4
LOC100288102;LOC100506479;LOC731275;OTTHUMG00000039861;RP11-261C10.3	LOC100288102;LOC100506479;LOC731275;OTTHUMG00000039861;RP11-261C10.3
FAM74A3	FAM74A3
DDX5;MIR3064;MIR5047	DDX5;MIR3064;MIR5047
LINC00427	LINC00427
FAM86B1;FAM86B2	FAM86B1;FAM86B2
AC107081.5;OTTHUMG00000152650	AC107081.5;OTTHUMG00000152650
SDPR	SDPR
ZCCHC2	ZCCHC2
OTTHUMG00000164306;RP11-379I19.1	OTTHUMG00000164306;RP11-379I19.1
CCDC39	CCDC39
SEMG1	SEMG1
OTTHUMG00000164675;RP11-706C16.7	OTTHUMG00000164675;RP11-706C16.7
PSMB8	PSMB8
PSMB8	PSMB8
PSMB8	PSMB8
PSMB8	PSMB8
LOC100507547;PRRT1	LOC100507547;PRRT1
LOC100507547;PRRT1	LOC100507547;PRRT1
CTC-308K20.1;LOC100268168;OTTHUMG00000163304	CTC-308K20.1;LOC100268168;OTTHUMG00000163304
ZNF586	ZNF586
OTTHUMG00000159257;RP5-1002M8.4	OTTHUMG00000159257;RP5-1002M8.4
HSPA4	HSPA4
SIGLEC1	SIGLEC1
FBN1	FBN1
CCNJL	CCNJL
CTD-2001C12.1;OTTHUMG00000162801	CTD-2001C12.1;OTTHUMG00000162801
OTTHUMG00000017626;RP11-799O21.2	OTTHUMG00000017626;RP11-799O21.2
LOC152742;OTTHUMG00000160101;RP11-341G5.3	LOC152742;OTTHUMG00000160101;RP11-341G5.3
PRDM5	PRDM5
TYR	TYR
KCNJ9	KCNJ9
XPNPEP2	XPNPEP2
C17orf96	C17orf96
CCDC17	CCDC17
LOC286367	LOC286367
AC064834.3;OTTHUMG00000154378	AC064834.3;OTTHUMG00000154378
LOC541473	LOC541473
CACNA1C-AS2	CACNA1C-AS2
AC079779.4;OTTHUMG00000151364	AC079779.4;OTTHUMG00000151364
ATP6AP1L;FLJ41309	ATP6AP1L;FLJ41309
C1orf110	C1orf110
SLC10A2	SLC10A2
MAP3K4	MAP3K4
LOC100129034	LOC100129034
OR6C76	OR6C76
AC008937.3;OTTHUMG00000059484	AC008937.3;OTTHUMG00000059484
AC093326.1;LOC727944;OTTHUMG00000151362	AC093326.1;LOC727944;OTTHUMG00000151362
MIR450A2	MIR450A2
HES2	HES2
DNAJB3;LOC100286922	DNAJB3;LOC100286922
ITPR1-AS1	ITPR1-AS1
LA16c-395F10.1;OTTHUMG00000157255	LA16c-395F10.1;OTTHUMG00000157255
ENO2	ENO2
LINC00312	LINC00312
OTTHUMG00000164004;RP11-863K10.2	OTTHUMG00000164004;RP11-863K10.2
LOC100128714	LOC100128714
SPZ1	SPZ1
OTTHUMG00000015256;RP3-453D15.1	OTTHUMG00000015256;RP3-453D15.1
C1orf53	C1orf53
CHN2	CHN2
ERH	ERH
TMEM33	TMEM33
DCLK3	DCLK3
OR7G3	OR7G3
OTTHUMG00000037489;RP11-109P14.10	OTTHUMG00000037489;RP11-109P14.10
ZNF891	ZNF891
RRAD	RRAD
VWDE	VWDE
MIR320E	MIR320E
STAR	STAR
PCBP3	PCBP3
COL11A2	COL11A2
HCRTR1	HCRTR1
OTTHUMG00000017566;RP11-184A2.3	OTTHUMG00000017566;RP11-184A2.3
OTTHUMG00000019626;RP11-146N23.4	OTTHUMG00000019626;RP11-146N23.4
VAPB	VAPB
CHAC1	CHAC1
LECT1	LECT1
CCDC104	CCDC104
CTD-2353F22.1;OTTHUMG00000162032	CTD-2353F22.1;OTTHUMG00000162032
MIR1302-5	MIR1302-5
UGT2B28	UGT2B28
GOLT1A	GOLT1A
CYP4A11	CYP4A11
ADCY8	ADCY8
DAPK1	DAPK1
CLYBL	CLYBL
GEMIN7	GEMIN7
CT49	CT49
CMC4;MTCP1	CMC4;MTCP1
EPC2	EPC2
AC109333.10;OTTHUMG00000132924	AC109333.10;OTTHUMG00000132924
RPTN	RPTN
OTTHUMG00000164855;RP11-653B10.1	OTTHUMG00000164855;RP11-653B10.1
HUS1B	HUS1B
CTC-367F4.1;OTTHUMG00000163345	CTC-367F4.1;OTTHUMG00000163345
MIR3128	MIR3128
RPS2P45	RPS2P45
FAM101B	FAM101B
C1orf195	C1orf195
CTD-2175A23.1;OTTHUMG00000162173	CTD-2175A23.1;OTTHUMG00000162173
PRPF4B	PRPF4B
FAM132A	FAM132A
ZNF517	ZNF517
KLHL42	KLHL42
AC002511.1;LOC100128682;OTTHUMG00000048095	AC002511.1;LOC100128682;OTTHUMG00000048095
SLC2A4	SLC2A4
OR1D2	OR1D2
ACRV1	ACRV1
CABP2	CABP2
RNF157-AS1	RNF157-AS1
MIR875	MIR875
MIR1468	MIR1468
OTTHUMG00000165064;RP11-255B23.4	OTTHUMG00000165064;RP11-255B23.4
AC105253.1;OTTHUMG00000151457	AC105253.1;OTTHUMG00000151457
TRIM39;TRIM39-RPP21	TRIM39;TRIM39-RPP21
OTTHUMG00000035890;RP11-16L9.2	OTTHUMG00000035890;RP11-16L9.2
OTTHUMG00000035545;RP11-316I3.2	OTTHUMG00000035545;RP11-316I3.2
LOC100127888;OTTHUMG00000032925;RP11-93B14.5	LOC100127888;OTTHUMG00000032925;RP11-93B14.5
OTTHUMG00000041633;RP11-403I13.9	OTTHUMG00000041633;RP11-403I13.9
MIR30C1	MIR30C1
AC005009.2;OTTHUMG00000153975	AC005009.2;OTTHUMG00000153975
CARS	CARS
DLGAP1-AS5	DLGAP1-AS5
OTTHUMG00000018875;RP11-34A14.3	OTTHUMG00000018875;RP11-34A14.3
ALCAM	ALCAM
USP18	USP18
OTTHUMG00000036117;RP11-38J22.1	OTTHUMG00000036117;RP11-38J22.1
BCL2A1	BCL2A1
PAPD5	PAPD5
ZNF407	ZNF407
OTTHUMG00000021018;RP11-143M1.3	OTTHUMG00000021018;RP11-143M1.3
OTTHUMG00000162048;RP11-292D4.2	OTTHUMG00000162048;RP11-292D4.2
NOXRED1	NOXRED1
AC073257.2;OTTHUMG00000155117	AC073257.2;OTTHUMG00000155117
PLA2G12B	PLA2G12B
LOC100506558;MATN2	LOC100506558;MATN2
SIRPG	SIRPG
NAP1L1	NAP1L1
OTTHUMG00000020690;RP11-123K19.1	OTTHUMG00000020690;RP11-123K19.1
LOC100507547;PRRT1	LOC100507547;PRRT1
LOC100507547;PRRT1	LOC100507547;PRRT1
MIR617	MIR617
ZNF847P	ZNF847P
OTTHUMG00000013895;RP11-4M23.3	OTTHUMG00000013895;RP11-4M23.3
LOC283177	LOC283177
C7orf57	C7orf57
OTTHUMG00000162361;RP11-5P22.2	OTTHUMG00000162361;RP11-5P22.2
RNU5F-3P	RNU5F-3P
KIT	KIT
OR6K2	OR6K2
C6orf10	C6orf10
UPK2	UPK2
AL583842.1;OTTHUMG00000013089	AL583842.1;OTTHUMG00000013089
CRYGS	CRYGS
KB-1184D12.1;OTTHUMG00000164390	KB-1184D12.1;OTTHUMG00000164390
OTTHUMG00000016631;RP11-125I23.3	OTTHUMG00000016631;RP11-125I23.3
AC007952.5;OTTHUMG00000059428	AC007952.5;OTTHUMG00000059428
CTC-501N16.1;KIAA0947;OTTHUMG00000161639	CTC-501N16.1;KIAA0947;OTTHUMG00000161639
MIR647	MIR647
POLR1E	POLR1E
ELOVL2	ELOVL2
SPATA21	SPATA21
BCAT1	BCAT1
ADIPOQ-AS1	ADIPOQ-AS1
DCDC2	DCDC2
NBPF14	NBPF14
LOC400558	LOC400558
MIR503	MIR503
MIR552	MIR552
MUT	MUT
ABCA4	ABCA4
MIR580	MIR580
EIF3A;SNORA19	EIF3A;SNORA19
SLC38A10	SLC38A10
TIGD3	TIGD3
C8orf86	C8orf86
OTTHUMG00000031891;RP4-796I8.1	OTTHUMG00000031891;RP4-796I8.1
MIR320B2	MIR320B2
MIR4711	MIR4711
DCAF8L1	DCAF8L1
SUN5	SUN5
ZBTB5	ZBTB5
LYSMD3	LYSMD3
CBLC	CBLC
FAM160B1	FAM160B1
PNKD	PNKD
RPLP0	RPLP0
PKN3	PKN3
MRPL32	MRPL32
AC078852.1;OTTHUMG00000163525	AC078852.1;OTTHUMG00000163525
OR2L3	OR2L3
MIR483	MIR483
OTTHUMG00000164701;RP11-402L5.1	OTTHUMG00000164701;RP11-402L5.1
MIR548H3	MIR548H3
DLL1	DLL1
FEZ1	FEZ1
EML3	EML3
UBXN10	UBXN10
OTTHUMG00000040853;RP1-15D23.2	OTTHUMG00000040853;RP1-15D23.2
GPR62	GPR62
OR5B2	OR5B2
PIK3CB	PIK3CB
OTTHUMG00000008245;RP11-90C4.3	OTTHUMG00000008245;RP11-90C4.3
LOC100507284;LOC101060414;OTTHUMG00000160026;RP11-834C11.5	LOC100507284;LOC101060414;OTTHUMG00000160026;RP11-834C11.5
OTTHUMG00000018992;RP11-225H22.4	OTTHUMG00000018992;RP11-225H22.4
RNASEH2B-AS1	RNASEH2B-AS1
SYCP2L	SYCP2L
NLRP4	NLRP4
AC114814.3;OTTHUMG00000153146	AC114814.3;OTTHUMG00000153146
FOXA3	FOXA3
TLR5	TLR5
ABCC10	ABCC10
PRR3	PRR3
PRR3	PRR3
ZNF292	ZNF292
OTTHUMG00000163772;RP11-875O11.3	OTTHUMG00000163772;RP11-875O11.3
NOSIP	NOSIP
WWC3-AS1	WWC3-AS1
UBAC2-AS1	UBAC2-AS1
PSORS1C3	PSORS1C3
PSORS1C3	PSORS1C3
LGALS3BP	LGALS3BP
MKKS	MKKS
OTTHUMG00000165008;RP11-136O12.2	OTTHUMG00000165008;RP11-136O12.2
OTTHUMG00000019148;RP11-79M19.2	OTTHUMG00000019148;RP11-79M19.2
MINOS1-NBL1;NBL1	MINOS1-NBL1;NBL1
OTTHUMG00000004135;RP4-534N18.2	OTTHUMG00000004135;RP4-534N18.2
MIR3926-1	MIR3926-1
TAPT1-AS1	TAPT1-AS1
RPP21	RPP21
MIR4698	MIR4698
CD151	CD151
FAM99A	FAM99A
OTTHUMG00000001777;RP4-633I8.4	OTTHUMG00000001777;RP4-633I8.4
OTTHUMG00000032968;RP4-697K14.3	OTTHUMG00000032968;RP4-697K14.3
VGLL2	VGLL2
AC008269.2;OTTHUMG00000154733	AC008269.2;OTTHUMG00000154733
NEK6	NEK6
AKR1B15	AKR1B15
GLCE	GLCE
AC144568.2;OTTHUMG00000163939	AC144568.2;OTTHUMG00000163939
LOC283710	LOC283710
TBC1D30	TBC1D30
LOC728716;OTTHUMG00000000499;RP13-614K11.1	LOC728716;OTTHUMG00000000499;RP13-614K11.1
AC013401.1;OTTHUMG00000154343	AC013401.1;OTTHUMG00000154343
OTTHUMG00000161832;RP11-304F15.4	OTTHUMG00000161832;RP11-304F15.4
OTTHUMG00000041543;RP11-301M17.3	OTTHUMG00000041543;RP11-301M17.3
TPRG1-AS1	TPRG1-AS1
HYI-AS1;SZT2	HYI-AS1;SZT2
PDE7B	PDE7B
CALML4	CALML4
UCHL3	UCHL3
AC019055.1;OTTHUMG00000151775	AC019055.1;OTTHUMG00000151775
KRTAP5-9	KRTAP5-9
MIR125A	MIR125A
HIST1H2BJ	HIST1H2BJ
KIF9	KIF9
FAM13C	FAM13C
WDR43	WDR43
BPY2;BPY2B;BPY2C	BPY2;BPY2B;BPY2C
METTL9	METTL9
OTTHUMG00000161024;RP11-327O17.2	OTTHUMG00000161024;RP11-327O17.2
OTTHUMG00000010108;RP6-102O10.1	OTTHUMG00000010108;RP6-102O10.1
MFN2	MFN2
LINC00539	LINC00539
MIR499B	MIR499B
LA16c-4G1.3;OTTHUMG00000140195	LA16c-4G1.3;OTTHUMG00000140195
C1orf106	C1orf106
C11orf45	C11orf45
ERI1	ERI1
LOC730441	LOC730441
OR2A5	OR2A5
SIX2	SIX2
RNA5SP34	RNA5SP34
MFSD10	MFSD10
SLC41A3	SLC41A3
PTCHD1	PTCHD1
LOC729737;OTTHUMG00000002481;RP11-34P13.14	LOC729737;OTTHUMG00000002481;RP11-34P13.14
LTB4R2	LTB4R2
KRBOX1	KRBOX1
OTTHUMG00000162591;RP11-723O4.7	OTTHUMG00000162591;RP11-723O4.7
DUOX1	DUOX1
OTTHUMG00000009218;RP11-74K19.1	OTTHUMG00000009218;RP11-74K19.1
GPR50-AS1	GPR50-AS1
LOC284757;LOC729296;OTTHUMG00000032883;RP5-1043L13.1	LOC284757;LOC729296;OTTHUMG00000032883;RP5-1043L13.1
DDC	DDC
RNASE13	RNASE13
TRAV40	TRAV40
GCSAML	GCSAML
GCC2	GCC2
OTTHUMG00000164156;RP11-587H10.1	OTTHUMG00000164156;RP11-587H10.1
MIR496	MIR496
GBP1	GBP1
HLA-C	HLA-C
OTTHUMG00000022592;RP11-143G3.1	OTTHUMG00000022592;RP11-143G3.1
OR8I2	OR8I2
FBXO36-IT1	FBXO36-IT1
HIST1H2AB;HIST1H2AE	HIST1H2AB;HIST1H2AE
MIR632;ZNF207	MIR632;ZNF207
AC092168.3;OTTHUMG00000153160	AC092168.3;OTTHUMG00000153160
PSMB8	PSMB8
ZNF234	ZNF234
OTTHUMG00000018647;RP11-113E21.1	OTTHUMG00000018647;RP11-113E21.1
MIR4273	MIR4273
MIR4273	MIR4273
CYB5R1	CYB5R1
OTTHUMG00000014145;RP1-223B1.1	OTTHUMG00000014145;RP1-223B1.1
OR51A7	OR51A7
CD3EAP	CD3EAP
LOC641515;OTTHUMG00000041380;RP11-480I12.4	LOC641515;OTTHUMG00000041380;RP11-480I12.4
C6orf201	C6orf201
PLIN4	PLIN4
REM2	REM2
PRAMEF1	PRAMEF1
ANKH	ANKH
CCDC126	CCDC126
LSAMP;OTTHUMG00000159530;RP11-384F7.2	LSAMP;OTTHUMG00000159530;RP11-384F7.2
OTTHUMG00000008246;RP11-466L17.1	OTTHUMG00000008246;RP11-466L17.1
OTTHUMG00000160886;RP11-630D6.5	OTTHUMG00000160886;RP11-630D6.5
ULK2	ULK2
GEMIN6	GEMIN6
CCDC43	CCDC43
WNK3	WNK3
MIR3977	MIR3977
AC067956.1;AC114765.1;OTTHUMG00000153855;OTTHUMG00000153857	AC067956.1;AC114765.1;OTTHUMG00000153855;OTTHUMG00000153857
AC016582.2;LOC100631378;OTTHUMG00000048186	AC016582.2;LOC100631378;OTTHUMG00000048186
RNPEP	RNPEP
OTTHUMG00000148821;XXbac-BPG254F23.7	OTTHUMG00000148821;XXbac-BPG254F23.7
OTTHUMG00000140114;XXbac-BPG254F23.7	OTTHUMG00000140114;XXbac-BPG254F23.7
NRON	NRON
OTTHUMG00000040691;RP11-430C7.5	OTTHUMG00000040691;RP11-430C7.5
SDHAP3	SDHAP3
HP09025	HP09025
USP48	USP48
ZMYM6;ZMYM6NB	ZMYM6;ZMYM6NB
UNC5A	UNC5A
LINC00698	LINC00698
MLK7-AS1	MLK7-AS1
ADAM30	ADAM30
AL163953.2;OTTHUMG00000133689	AL163953.2;OTTHUMG00000133689
LIMD1	LIMD1
CHORDC1	CHORDC1
RHO	RHO
LIMD2	LIMD2
RAPGEF1	RAPGEF1
BCAS2	BCAS2
APITD1;APITD1-CORT;CORT	APITD1;APITD1-CORT;CORT
C20orf197	C20orf197
KIAA0895	KIAA0895
AC002064.5;OTTHUMG00000063284	AC002064.5;OTTHUMG00000063284
AC073218.1;OTTHUMG00000152141	AC073218.1;OTTHUMG00000152141
OTTHUMG00000015403;RP1-249H1.2	OTTHUMG00000015403;RP1-249H1.2
OTTHUMG00000020688;RP11-205K6.1	OTTHUMG00000020688;RP11-205K6.1
DSG3	DSG3
CXCL16	CXCL16
IGHV6-1	IGHV6-1
SULT1A2	SULT1A2
NCRNA00171;OTTHUMG00000149443;ZNRD1-AS1	NCRNA00171;OTTHUMG00000149443;ZNRD1-AS1
OTTHUMG00000003651;RP1-212P9.3	OTTHUMG00000003651;RP1-212P9.3
SCIMP	SCIMP
TRBV19	TRBV19
MIR640	MIR640
AP001596.6;OTTHUMG00000078661	AP001596.6;OTTHUMG00000078661
COL11A2	COL11A2
C14orf177	C14orf177
FIGLA	FIGLA
AC016903.1;OTTHUMG00000154543	AC016903.1;OTTHUMG00000154543
CLUH;KIAA0664	CLUH;KIAA0664
PRG4	PRG4
ATP2B3	ATP2B3
LOC100507547;PRRT1	LOC100507547;PRRT1
LOC100507547;PRRT1	LOC100507547;PRRT1
IL1R1	IL1R1
KRT85	KRT85
TMEM14E	TMEM14E
TGM7	TGM7
OTTHUMG00000011907;RP11-426L16.3	OTTHUMG00000011907;RP11-426L16.3
PRPF19	PRPF19
CLPX	CLPX
EMC3	EMC3
AC007389.3;OTTHUMG00000152797	AC007389.3;OTTHUMG00000152797
AREL1;KIAA0317	AREL1;KIAA0317
GLIS2	GLIS2
HSBP1	HSBP1
OTTHUMG00000057562;RP11-247I13.7	OTTHUMG00000057562;RP11-247I13.7
LOC100505920;OTTHUMG00000155985;RP11-513G11.4	LOC100505920;OTTHUMG00000155985;RP11-513G11.4
CTD-2330K9.3;OTTHUMG00000156735	CTD-2330K9.3;OTTHUMG00000156735
ADARB1	ADARB1
REG1B	REG1B
ARCN1	ARCN1
DENND2A	DENND2A
CCDC168	CCDC168
ARHGEF7-AS2	ARHGEF7-AS2
AC064834.1;OTTHUMG00000154379	AC064834.1;OTTHUMG00000154379
MIR194-1	MIR194-1
AC008060.8;OTTHUMG00000151348	AC008060.8;OTTHUMG00000151348
AC010127.5;LOC100506134;OTTHUMG00000154082	AC010127.5;LOC100506134;OTTHUMG00000154082
LOC283692	LOC283692
GAGE2A;GAGE2C	GAGE2A;GAGE2C
SMARCA2	SMARCA2
LOC101060478;RNF115	LOC101060478;RNF115
KLRC2	KLRC2
RRBP1	RRBP1
SERPINA1	SERPINA1
LRRC8E	LRRC8E
OTTHUMG00000002711;RP5-1056L3.1	OTTHUMG00000002711;RP5-1056L3.1
SPERT	SPERT
CPS1-IT1	CPS1-IT1
C9orf64	C9orf64
AC012507.4;OTTHUMG00000153836	AC012507.4;OTTHUMG00000153836
AC008063.3;OTTHUMG00000153861	AC008063.3;OTTHUMG00000153861
C2orf72	C2orf72
LRPPRC	LRPPRC
CCAT1;OTTHUMG00000165065;RP11-255B23.3	CCAT1;OTTHUMG00000165065;RP11-255B23.3
MIR4526	MIR4526
OTTHUMG00000163858;RP11-13N12.1	OTTHUMG00000163858;RP11-13N12.1
OTTHUMG00000153136;RP1-151F17.1	OTTHUMG00000153136;RP1-151F17.1
PRR3	PRR3
FZD10-AS1	FZD10-AS1
GPR157	GPR157
UTP23	UTP23
PHLPP2	PHLPP2
LL22NC03-121E8.4;OTTHUMG00000150317	LL22NC03-121E8.4;OTTHUMG00000150317
S100A1	S100A1
SPTY2D1-AS1	SPTY2D1-AS1
CHML	CHML
OTTHUMG00000158457;RP11-667F14.1	OTTHUMG00000158457;RP11-667F14.1
ZSWIM6	ZSWIM6
OTTHUMG00000014892;RP11-124I4.2	OTTHUMG00000014892;RP11-124I4.2
C6orf100	C6orf100
C6orf100	C6orf100
C6orf100	C6orf100
JARID2-AS1	JARID2-AS1
OTTHUMG00000018529;RP11-367B6.2	OTTHUMG00000018529;RP11-367B6.2
LOC201651;OTTHUMG00000159879;RP11-64D22.2	LOC201651;OTTHUMG00000159879;RP11-64D22.2
LOC100506606	LOC100506606
ADAMTSL5	ADAMTSL5
CCNI	CCNI
TRAPPC5	TRAPPC5
CRIPT	CRIPT
TAOK2	TAOK2
PTPRR	PTPRR
HOXD-AS1	HOXD-AS1
KRTAP12-2	KRTAP12-2
OTTHUMG00000015298;RP3-359N14.2	OTTHUMG00000015298;RP3-359N14.2
OTTHUMG00000159352;RP11-80H8.4	OTTHUMG00000159352;RP11-80H8.4
ESD	ESD
GLI4	GLI4
SCAI	SCAI
CGB1;CGB2	CGB1;CGB2
DNAJC9-AS1;OTTHUMG00000018456;OTTHUMG00000018460;RP11-152N13.4;RP11-537A6.7	DNAJC9-AS1;OTTHUMG00000018456;OTTHUMG00000018460;RP11-152N13.4;RP11-537A6.7
EVI2B	EVI2B
LOC100127974	LOC100127974
BX284650.1;BX284650.3;FLJ39739;LINC00875;OTTHUMG00000013625;OTTHUMG00000013627	BX284650.1;BX284650.3;FLJ39739;LINC00875;OTTHUMG00000013625;OTTHUMG00000013627
OTTHUMG00000149475;XXbac-BPG299F13.14	OTTHUMG00000149475;XXbac-BPG299F13.14
PLD4	PLD4
KRTAP1-1	KRTAP1-1
KIAA0586	KIAA0586
CTD-2275D24.1;OTTHUMG00000162457	CTD-2275D24.1;OTTHUMG00000162457
RNU5B-6P	RNU5B-6P
OR4A15	OR4A15
OTTHUMG00000032494;RP1-232N11.2	OTTHUMG00000032494;RP1-232N11.2
AC006994.2;OTTHUMG00000154719	AC006994.2;OTTHUMG00000154719
GIPC2	GIPC2
OSBPL9	OSBPL9
MIR548G	MIR548G
PKD2L1	PKD2L1
HORMAD1	HORMAD1
PDZD2	PDZD2
EIF1B-AS1	EIF1B-AS1
LINC00264	LINC00264
OTTHUMG00000009987;RP11-67L3.2	OTTHUMG00000009987;RP11-67L3.2
CXCR2P1	CXCR2P1
FAM150A	FAM150A
LRRK1	LRRK1
LOC100130264;OTTHUMG00000031990;RP5-1027G4.3	LOC100130264;OTTHUMG00000031990;RP5-1027G4.3
CCR4	CCR4
MED7	MED7
AC018359.3;OTTHUMG00000155766	AC018359.3;OTTHUMG00000155766
LCE4A	LCE4A
RNU7-84P	RNU7-84P
CCDC169	CCDC169
OTTHUMG00000037662;RP4-803J11.2	OTTHUMG00000037662;RP4-803J11.2
RERG-IT1	RERG-IT1
FAM193B	FAM193B
GK3P	GK3P
OTTHUMG00000161022;RP11-15B17.1	OTTHUMG00000161022;RP11-15B17.1
LOC100509976;LOC101060720	LOC100509976;LOC101060720
CCDC9	CCDC9
NIPA1	NIPA1
TCTE1	TCTE1
AC109828.1;LOC100505624;OTTHUMG00000151913	AC109828.1;LOC100505624;OTTHUMG00000151913
RNY1P1	RNY1P1
EPHB6	EPHB6
UHRF1BP1L	UHRF1BP1L
RNU7-26P	RNU7-26P
CEBPB	CEBPB
PGRMC1	PGRMC1
PYHIN1	PYHIN1
MIR3131	MIR3131
CETN3	CETN3
RNU7-16P	RNU7-16P
ZNF524	ZNF524
LOC646498;OTTHUMG00000156816;RP11-694I15.6	LOC646498;OTTHUMG00000156816;RP11-694I15.6
KIAA0196-AS1	KIAA0196-AS1
CD2	CD2
CTD-2244C20.2;OTTHUMG00000162296	CTD-2244C20.2;OTTHUMG00000162296
FBLN7	FBLN7
LZTS3;OTTHUMG00000031735;RP5-1187M17.10	LZTS3;OTTHUMG00000031735;RP5-1187M17.10
AC005703.2;OTTHUMG00000058964	AC005703.2;OTTHUMG00000058964
EPPK1	EPPK1
TTC37	TTC37
FYN	FYN
LOC100505616	LOC100505616
LYL1	LYL1
DNAJB2	DNAJB2
LOC554206	LOC554206
AC092570.2;OTTHUMG00000155390	AC092570.2;OTTHUMG00000155390
FLJ45872;OTTHUMG00000164173;RP11-238K6.1	FLJ45872;OTTHUMG00000164173;RP11-238K6.1
OTTHUMG00000164351;RP11-787D18.1	OTTHUMG00000164351;RP11-787D18.1
ADAM20P1	ADAM20P1
OTTHUMG00000163893;RP11-24P4.1	OTTHUMG00000163893;RP11-24P4.1
MGC13053	MGC13053
AC136896.1;OTTHUMG00000056664	AC136896.1;OTTHUMG00000056664
GTPBP2	GTPBP2
MFN1	MFN1
OTTHUMG00000033126;RP11-267N12.1	OTTHUMG00000033126;RP11-267N12.1
CCDC69	CCDC69
FAM129B	FAM129B
DGCR14;TSSK2	DGCR14;TSSK2
ANGPTL1	ANGPTL1
DVL3	DVL3
OTTHUMG00000004419;RP11-70P17.1	OTTHUMG00000004419;RP11-70P17.1
AQP6	AQP6
LNX1-AS1	LNX1-AS1
SPRR4	SPRR4
OR13C2	OR13C2
KIAA1383;MAP10	KIAA1383;MAP10
ST8SIA3	ST8SIA3
PDE3B	PDE3B
LRRC8D	LRRC8D
BTN2A1	BTN2A1
DDX53	DDX53
CTD-3105H18.7;OTTHUMG00000156423	CTD-3105H18.7;OTTHUMG00000156423
DDX10	DDX10
AQP4	AQP4
OTTHUMG00000156164;RP11-134J21.1	OTTHUMG00000156164;RP11-134J21.1
LINC00316	LINC00316
GRM5-AS1	GRM5-AS1
OTTHUMG00000020025;RP11-171A24.3	OTTHUMG00000020025;RP11-171A24.3
EEF2	EEF2
TMEM98	TMEM98
BTN2A3P	BTN2A3P
OTTHUMG00000160740;RP11-248N22.1	OTTHUMG00000160740;RP11-248N22.1
USF2	USF2
TMX2	TMX2
LOC100996253;NCL	LOC100996253;NCL
CTAG1A;CTAG1B	CTAG1A;CTAG1B
OTTHUMG00000161344;RP13-884E18.3	OTTHUMG00000161344;RP13-884E18.3
OTTHUMG00000019066;RP11-57H14.2	OTTHUMG00000019066;RP11-57H14.2
SYT15	SYT15
IFNA1	IFNA1
LGR6	LGR6
OTTHUMG00000155988;RP11-135A1.2	OTTHUMG00000155988;RP11-135A1.2
XKR6	XKR6
LINC00293	LINC00293
LEPROTL1	LEPROTL1
SLC5A2	SLC5A2
AC090957.2;OTTHUMG00000155548	AC090957.2;OTTHUMG00000155548
LOC100506853;OTTHUMG00000018050;RP11-168P8.3	LOC100506853;OTTHUMG00000018050;RP11-168P8.3
ROPN1L-AS1	ROPN1L-AS1
OTTHUMG00000007927;RP5-850O15.3	OTTHUMG00000007927;RP5-850O15.3
OR8H2	OR8H2
OR52A4	OR52A4
SNORD63	SNORD63
OTTHUMG00000009790;RP11-550H2.1	OTTHUMG00000009790;RP11-550H2.1
UGT8	UGT8
HHIP-AS1	HHIP-AS1
PSMB8	PSMB8
NUDT14	NUDT14
AP001615.9;OTTHUMG00000086771	AP001615.9;OTTHUMG00000086771
NCRNA00171;OTTHUMG00000131177;ZNRD1-AS1	NCRNA00171;OTTHUMG00000131177;ZNRD1-AS1
TREML5P	TREML5P
AC007405.6;LOC100505695;OTTHUMG00000154075	AC007405.6;LOC100505695;OTTHUMG00000154075
IGFBP4	IGFBP4
DEFB1	DEFB1
IGKV1-17	IGKV1-17
OTTHUMG00000161416;RP11-497K21.1	OTTHUMG00000161416;RP11-497K21.1
PLEKHA6	PLEKHA6
DLEU1	DLEU1
OTTHUMG00000037760;RP11-543E8.1	OTTHUMG00000037760;RP11-543E8.1
PROZ	PROZ
TEX9	TEX9
MIR101-1	MIR101-1
DHH	DHH
OTTHUMG00000017971;RP11-20F24.4	OTTHUMG00000017971;RP11-20F24.4
DIO2	DIO2
OTTHUMG00000046129;RP11-247A12.1	OTTHUMG00000046129;RP11-247A12.1
METTL20	METTL20
VKORC1	VKORC1
TOP1P1	TOP1P1
AF129075.5;OTTHUMG00000078807	AF129075.5;OTTHUMG00000078807
BEST3	BEST3
OTTHUMG00000157724;RP11-514P8.2	OTTHUMG00000157724;RP11-514P8.2
OTTHUMG00000018038;RP11-402L1.4	OTTHUMG00000018038;RP11-402L1.4
PPP1R8	PPP1R8
ADGB	ADGB
LINC00882;OTTHUMG00000159196;RP11-280F2.2	LINC00882;OTTHUMG00000159196;RP11-280F2.2
TMEM39B	TMEM39B
LINC00235	LINC00235
OTTHUMG00000156395;RP11-430L16.1	OTTHUMG00000156395;RP11-430L16.1
OTTHUMG00000000438;RP11-296L22.8	OTTHUMG00000000438;RP11-296L22.8
H2AFB1;H2AFB2;H2AFB3	H2AFB1;H2AFB2;H2AFB3
GALNT16;GALNTL1	GALNT16;GALNTL1
OTTHUMG00000160074;RP11-168E17.1	OTTHUMG00000160074;RP11-168E17.1
SEPT8	SEPT8
HMGB3P22	HMGB3P22
OR3A4P	OR3A4P
ARHGEF7-AS1	ARHGEF7-AS1
SSB	SSB
MIR379	MIR379
RPS7	RPS7
AC078883.3;OTTHUMG00000154089	AC078883.3;OTTHUMG00000154089
KIAA1456	KIAA1456
ZNF658B	ZNF658B
OTTHUMG00000163659;RP11-10A14.3	OTTHUMG00000163659;RP11-10A14.3
OTTHUMG00000159111;RP11-734K21.4	OTTHUMG00000159111;RP11-734K21.4
EIF3IP1	EIF3IP1
NDUFB5	NDUFB5
OTTHUMG00000015125;RP1-90L14.1	OTTHUMG00000015125;RP1-90L14.1
PRORSD1P	PRORSD1P
CTD-2247C11.4;OTTHUMG00000161659	CTD-2247C11.4;OTTHUMG00000161659
OTTHUMG00000019024;RP11-655H13.2	OTTHUMG00000019024;RP11-655H13.2
OTTHUMG00000164869;RP13-467H17.1	OTTHUMG00000164869;RP13-467H17.1
SAA2-SAA4;SAA4	SAA2-SAA4;SAA4
CTD-2023N9.2;OTTHUMG00000162503	CTD-2023N9.2;OTTHUMG00000162503
TAAR6	TAAR6
TMEM194B	TMEM194B
OTTHUMG00000037977;RP5-855F14.2	OTTHUMG00000037977;RP5-855F14.2
OTTHUMG00000033102;RP1-241P17.1	OTTHUMG00000033102;RP1-241P17.1
CLPP	CLPP
BCL7C	BCL7C
OTTHUMG00000011991;RP11-88H9.1	OTTHUMG00000011991;RP11-88H9.1
APOM	APOM
APOM	APOM
APOM	APOM
APOM	APOM
APOM	APOM
OTTHUMG00000156391;RP11-132N15.3	OTTHUMG00000156391;RP11-132N15.3
FAM213B	FAM213B
NR0B2	NR0B2
OTTHUMG00000032278;RP4-553F4.6	OTTHUMG00000032278;RP4-553F4.6
RDH14	RDH14
RPS6KA2-AS1	RPS6KA2-AS1
OTTHUMG00000017762;RP11-499P20.2	OTTHUMG00000017762;RP11-499P20.2
ARSH	ARSH
NDUFB10	NDUFB10
WDR65	WDR65
BAG2	BAG2
GPRIN2	GPRIN2
C10orf115	C10orf115
FOXG1	FOXG1
MIR548I3	MIR548I3
VMAC	VMAC
FLJ43315	FLJ43315
SAFB	SAFB
IRF2	IRF2
LINC00639	LINC00639
FNDC7	FNDC7
THAP11	THAP11
MIR410	MIR410
CYP1B1	CYP1B1
GBX2	GBX2
MFSD11	MFSD11
LOC100126582	LOC100126582
CWC27	CWC27
FAH	FAH
FTSJD1	FTSJD1
OTTHUMG00000009684;RP11-415A20.1	OTTHUMG00000009684;RP11-415A20.1
OTTHUMG00000161395;RP11-423J7.1	OTTHUMG00000161395;RP11-423J7.1
ADAM15	ADAM15
SLTM	SLTM
OTTHUMG00000164050;RP11-465K16.1	OTTHUMG00000164050;RP11-465K16.1
DUX4L4	DUX4L4
LINC00960;OTTHUMG00000158961;RP11-413E6.8	LINC00960;OTTHUMG00000158961;RP11-413E6.8
FREM2-AS1	FREM2-AS1
ARHGEF28	ARHGEF28
OTTHUMG00000163854;RP11-77B22.2	OTTHUMG00000163854;RP11-77B22.2
AC017006.3;OTTHUMG00000151721	AC017006.3;OTTHUMG00000151721
MIR3130-1	MIR3130-1
GAL3ST4	GAL3ST4
NTN1	NTN1
MIR3127	MIR3127
LIPI	LIPI
BPGM	BPGM
MRPS2	MRPS2
GLI1	GLI1
GANC	GANC
CX3CR1	CX3CR1
AP001630.5;OTTHUMG00000086837	AP001630.5;OTTHUMG00000086837
LOC100505795;OTTHUMG00000034481;RP11-506O24.1	LOC100505795;OTTHUMG00000034481;RP11-506O24.1
C17orf66	C17orf66
MIR3176	MIR3176
SCGB2A1	SCGB2A1
AC015691.13;AC104389.28;HBE1;HBG1;HBG2;LOC100653006;LOC100653319;OR51B5;OTTHUMG00000066670;OTTHUMG00000133694	AC015691.13;AC104389.28;HBE1;HBG1;HBG2;LOC100653006;LOC100653319;OR51B5;OTTHUMG00000066670;OTTHUMG00000133694
CWH43	CWH43
TAS2R41	TAS2R41
AC080094.1;OTTHUMG00000151745	AC080094.1;OTTHUMG00000151745
MIR1-1	MIR1-1
ADPGK-AS1	ADPGK-AS1
CFLAR-AS1	CFLAR-AS1
NDUFA3	NDUFA3
COL9A2	COL9A2
C9orf171	C9orf171
MRC1	MRC1
KCTD3	KCTD3
AC017053.1;OTTHUMG00000151460	AC017053.1;OTTHUMG00000151460
OTTHUMG00000018926;RP11-324L3.1	OTTHUMG00000018926;RP11-324L3.1
OR5W2	OR5W2
TPD52	TPD52
AC007349.4;OTTHUMG00000154946	AC007349.4;OTTHUMG00000154946
ZACN	ZACN
OTTHUMG00000003517;RP1-159A19.4	OTTHUMG00000003517;RP1-159A19.4
OTTHUMG00000019502;RP11-574F11.3	OTTHUMG00000019502;RP11-574F11.3
TNFRSF9	TNFRSF9
OTTHUMG00000163178;RP11-826N14.4	OTTHUMG00000163178;RP11-826N14.4
OTTHUMG00000020697;RP13-225O21.2	OTTHUMG00000020697;RP13-225O21.2
PDZRN3-AS1	PDZRN3-AS1
CCDC57	CCDC57
OTTHUMG00000161747;RP11-452C8.1	OTTHUMG00000161747;RP11-452C8.1
MIR548X	MIR548X
AC003985.1;OTTHUMG00000152596	AC003985.1;OTTHUMG00000152596
LOC440570;OTTHUMG00000002203;RP11-108M9.3	LOC440570;OTTHUMG00000002203;RP11-108M9.3
WFDC10A	WFDC10A
B3GNT8	B3GNT8
LINC00452	LINC00452
EFR3A	EFR3A
DNTTIP2	DNTTIP2
AC091493.2;OTTHUMG00000155461	AC091493.2;OTTHUMG00000155461
SUN3	SUN3
PRKAR1A	PRKAR1A
AC006050.2;OTTHUMG00000132806	AC006050.2;OTTHUMG00000132806
DUSP2	DUSP2
LOC92249;OTTHUMG00000021699;RP11-357C3.3	LOC92249;OTTHUMG00000021699;RP11-357C3.3
OTTHUMG00000020036;RP11-470F18.1	OTTHUMG00000020036;RP11-470F18.1
OTTHUMG00000003911;RP11-460I13.2	OTTHUMG00000003911;RP11-460I13.2
OTTHUMG00000156460;RP11-567G11.1	OTTHUMG00000156460;RP11-567G11.1
RNASE8	RNASE8
OR6C3	OR6C3
B4GALT3	B4GALT3
LOC284688;OTTHUMG00000035969;RP11-297H3.4	LOC284688;OTTHUMG00000035969;RP11-297H3.4
KIRREL3-AS3	KIRREL3-AS3
OTTHUMG00000034556;RP11-479J7.2	OTTHUMG00000034556;RP11-479J7.2
KRTAP10-9	KRTAP10-9
CTA-211A9.5;MIAT;OTTHUMG00000150981	CTA-211A9.5;MIAT;OTTHUMG00000150981
MIR335	MIR335
NINJ2	NINJ2
ZNF133	ZNF133
OTTHUMG00000164860;RP11-642D21.1	OTTHUMG00000164860;RP11-642D21.1
LRRIQ3	LRRIQ3
DNAJC21	DNAJC21
OR2D2	OR2D2
CASP16	CASP16
IFNL2	IFNL2
SLC30A7	SLC30A7
CCDC149	CCDC149
PICK1	PICK1
PRR3	PRR3
PRR3	PRR3
PRR3	PRR3
GTF3C5	GTF3C5
SET	SET
LOC100506258	LOC100506258
LEPR;LEPROT	LEPR;LEPROT
LINC00344	LINC00344
C14orf45;CCDC176;OTTHUMG00000171202	C14orf45;CCDC176;OTTHUMG00000171202
DUX2;DUX4;DUX4L2	DUX2;DUX4;DUX4L2
DUX2;DUX4L2	DUX2;DUX4L2
DUX2;DUX4;DUX4L2	DUX2;DUX4;DUX4L2
IGKV1D-17	IGKV1D-17
ANKRD26	ANKRD26
AC073218.3;OTTHUMG00000152140	AC073218.3;OTTHUMG00000152140
MTOR-AS1	MTOR-AS1
USP32	USP32
ARL14	ARL14
IGFALS	IGFALS
LOC283585	LOC283585
OTTHUMG00000018257;RP11-71J2.1	OTTHUMG00000018257;RP11-71J2.1
TRBV11-1	TRBV11-1
MIR516A1	MIR516A1
OTTHUMG00000019044;RP11-313D6.3	OTTHUMG00000019044;RP11-313D6.3
PRR3	PRR3
AF240627.2;OTTHUMG00000074543	AF240627.2;OTTHUMG00000074543
C16orf46	C16orf46
LOC400043;OTTHUMG00000160035;RP11-834C11.4	LOC400043;OTTHUMG00000160035;RP11-834C11.4
FOLR2	FOLR2
C10orf126	C10orf126
PGLYRP4	PGLYRP4
PSMB8	PSMB8
ZNF765	ZNF765
CTD-2247C11.1;OTTHUMG00000161643	CTD-2247C11.1;OTTHUMG00000161643
PRDM13	PRDM13
PENK	PENK
OTTHUMG00000159505;RP11-501O2.5	OTTHUMG00000159505;RP11-501O2.5
FAM167B	FAM167B
TGFBR3L	TGFBR3L
AF064858.7;OTTHUMG00000066032	AF064858.7;OTTHUMG00000066032
LOC344967	LOC344967
LINC00710	LINC00710
HMOX1	HMOX1
WRAP53	WRAP53
OSGEPL1	OSGEPL1
PORCN	PORCN
AC092660.1;OTTHUMG00000152871	AC092660.1;OTTHUMG00000152871
MIR1539	MIR1539
CRSP8P	CRSP8P
SRSF6	SRSF6
ATP13A5-AS1	ATP13A5-AS1
OTTHUMG00000015478;SIGLECP3	OTTHUMG00000015478;SIGLECP3
PRPF40A	PRPF40A
OTTHUMG00000018278;RP11-443O13.3	OTTHUMG00000018278;RP11-443O13.3
FAM25E	FAM25E
FAM25D	FAM25D
AC004543.2;OTTHUMG00000152511	AC004543.2;OTTHUMG00000152511
TM4SF1-AS1	TM4SF1-AS1
LINC00667	LINC00667
OTTHUMG00000158948;RP11-520D19.1	OTTHUMG00000158948;RP11-520D19.1
EFCAB14-AS1	EFCAB14-AS1
LOC100509484;PLIN2	LOC100509484;PLIN2
OTTHUMG00000015546;OTTHUMG00000015548;RP1-69D17.3;RP1-69D17.4	OTTHUMG00000015546;OTTHUMG00000015548;RP1-69D17.3;RP1-69D17.4
MIR4280	MIR4280
METTL21A	METTL21A
OTTHUMG00000161425;RP11-102N12.2	OTTHUMG00000161425;RP11-102N12.2
OTTHUMG00000007965;RP11-511I2.2	OTTHUMG00000007965;RP11-511I2.2
KCNMB4	KCNMB4
DNAJC17	DNAJC17
RAB40B	RAB40B
PRDX1	PRDX1
HLA-DQA1;LOC100507718;LOC100509457	HLA-DQA1;LOC100507718;LOC100509457
AC004054.1;OTTHUMG00000161005	AC004054.1;OTTHUMG00000161005
CCHCR1	CCHCR1
MGC45922	MGC45922
OTTHUMG00000161685;RP11-781M16.2	OTTHUMG00000161685;RP11-781M16.2
LL22NC03-13G6.2;OTTHUMG00000150930	LL22NC03-13G6.2;OTTHUMG00000150930
CDSN	CDSN
OTTHUMG00000159088;RP11-774I5.1	OTTHUMG00000159088;RP11-774I5.1
CCDC136	CCDC136
IBSP	IBSP
HIST1H4C	HIST1H4C
OTTHUMG00000022014;RP3-341D10.4	OTTHUMG00000022014;RP3-341D10.4
PRAMEF7;PRAMEF8	PRAMEF7;PRAMEF8
OTTHUMG00000149050;XXbac-BPG116M5.15	OTTHUMG00000149050;XXbac-BPG116M5.15
SRM	SRM
PACSIN1	PACSIN1
SETBP1	SETBP1
OTTHUMG00000158042;RP11-418B12.1	OTTHUMG00000158042;RP11-418B12.1
RNU4ATAC	RNU4ATAC
UBAC2-IT1	UBAC2-IT1
GAST	GAST
MIR3976	MIR3976
MTF2	MTF2
ADH4	ADH4
OR10G4	OR10G4
OTTHUMG00000019566;RP11-284P20.3	OTTHUMG00000019566;RP11-284P20.3
KB-1471A8.2;OTTHUMG00000165013	KB-1471A8.2;OTTHUMG00000165013
DYNLL1	DYNLL1
LPP-AS2	LPP-AS2
OTTHUMG00000019067;RP11-57H14.3	OTTHUMG00000019067;RP11-57H14.3
CTRB1	CTRB1
LOC100506321	LOC100506321
OTTHUMG00000019960;RP11-561O23.7	OTTHUMG00000019960;RP11-561O23.7
OR6W1P	OR6W1P
RNU6ATAC5P	RNU6ATAC5P
C6orf205;MUC21;OTTHUMG00000148759	C6orf205;MUC21;OTTHUMG00000148759
C6orf205;MUC21;OTTHUMG00000148954	C6orf205;MUC21;OTTHUMG00000148954
AGBL1-AS1	AGBL1-AS1
OTTHUMG00000022623;RP5-937E21.8	OTTHUMG00000022623;RP5-937E21.8
KRT17P1	KRT17P1
MIR762	MIR762
EPHX1	EPHX1
SERPINB13	SERPINB13
FARSB	FARSB
AC004947.2;LOC100506289;OTTHUMG00000152862	AC004947.2;LOC100506289;OTTHUMG00000152862
TSGA10IP	TSGA10IP
RFX2	RFX2
ZNF451	ZNF451
AC006196.1;OTTHUMG00000154367	AC006196.1;OTTHUMG00000154367
EIF2S1	EIF2S1
POLR2B	POLR2B
TTF1	TTF1
FLJ42842;OTTHUMG00000162374;RP11-1018N14.2	FLJ42842;OTTHUMG00000162374;RP11-1018N14.2
AC012363.4;OTTHUMG00000153764	AC012363.4;OTTHUMG00000153764
OTTHUMG00000162185;RP11-301H24.3	OTTHUMG00000162185;RP11-301H24.3
S100A14	S100A14
OTTHUMG00000019951;RP11-402N8.1	OTTHUMG00000019951;RP11-402N8.1
DNAAF3	DNAAF3
GTF2A1	GTF2A1
SLC39A13	SLC39A13
TMEM212-AS1	TMEM212-AS1
CTB-54I1.1;OTTHUMG00000163279	CTB-54I1.1;OTTHUMG00000163279
ARHGEF40	ARHGEF40
ARHGAP15	ARHGAP15
ZNF653	ZNF653
OTTHUMG00000020123;RP11-202I11.2	OTTHUMG00000020123;RP11-202I11.2
BRMS1	BRMS1
OTTHUMG00000032911;RP11-157P1.5	OTTHUMG00000032911;RP11-157P1.5
PFKL	PFKL
PDGFD	PDGFD
ENOPH1	ENOPH1
DUSP26	DUSP26
AC024560.2;OTTHUMG00000155477	AC024560.2;OTTHUMG00000155477
LINC00392	LINC00392
RNU7-61P	RNU7-61P
SYN1	SYN1
LOC654342	LOC654342
C6orf15	C6orf15
LOC100507616	LOC100507616
IFNE	IFNE
OTTHUMG00000016533;RP11-101P17.10	OTTHUMG00000016533;RP11-101P17.10
AC104777.1;OTTHUMG00000153756	AC104777.1;OTTHUMG00000153756
HIST3H2BB	HIST3H2BB
PRINS	PRINS
NFIX	NFIX
ZNF474	ZNF474
SET	SET
PSMB11	PSMB11
BTN2A2	BTN2A2
AP000708.1;MGC39545;OTTHUMG00000133523	AP000708.1;MGC39545;OTTHUMG00000133523
OTTHUMG00000031880;RP4-697P8.3	OTTHUMG00000031880;RP4-697P8.3
STATH	STATH
ZNF490	ZNF490
PCNAP1	PCNAP1
AP000470.2;OTTHUMG00000078333	AP000470.2;OTTHUMG00000078333
KANK1;OTTHUMG00000019431;RP11-31F19.1	KANK1;OTTHUMG00000019431;RP11-31F19.1
OTTHUMG00000039631;RP13-436F16.1	OTTHUMG00000039631;RP13-436F16.1
KIAA1324	KIAA1324
WARS2-IT1	WARS2-IT1
EFCAB6-AS1	EFCAB6-AS1
OTTHUMG00000163667;RP11-115J16.3	OTTHUMG00000163667;RP11-115J16.3
OTTHUMG00000041238;OTTHUMG00000041239;RP11-216N14.8;RP11-216N14.9	OTTHUMG00000041238;OTTHUMG00000041239;RP11-216N14.8;RP11-216N14.9
CTC-281M20.1;FLJ16171;OTTHUMG00000163125	CTC-281M20.1;FLJ16171;OTTHUMG00000163125
COL11A2	COL11A2
SLC24A2	SLC24A2
OTTHUMG00000164137;RP11-350F16.2	OTTHUMG00000164137;RP11-350F16.2
PCED1B-AS1	PCED1B-AS1
CEBPA	CEBPA
HYAL2	HYAL2
OR10J5	OR10J5
SLC22A1	SLC22A1
HDAC8	HDAC8
C6orf205;MUC21;OTTHUMG00000031516	C6orf205;MUC21;OTTHUMG00000031516
CTPS1	CTPS1
TSNAXIP1	TSNAXIP1
LTB	LTB
LTB	LTB
IREB2	IREB2
PLEKHG2	PLEKHG2
C16orf91	C16orf91
OTTHUMG00000017010;RP11-196P2.1	OTTHUMG00000017010;RP11-196P2.1
OTTHUMG00000161894;RP11-711G10.1	OTTHUMG00000161894;RP11-711G10.1
EPN2;EPN2-IT1;LOC79999	EPN2;EPN2-IT1;LOC79999
ACRC	ACRC
RWDD2B	RWDD2B
LINC00314	LINC00314
ADAM20	ADAM20
MUS81	MUS81
HIST1H2BA	HIST1H2BA
MAGEB18	MAGEB18
AF011889.4;AF011889.5;AF011889.6;LINC00893;OTTHUMG00000022617;OTTHUMG00000022618;OTTHUMG00000022619	AF011889.4;AF011889.5;AF011889.6;LINC00893;OTTHUMG00000022617;OTTHUMG00000022618;OTTHUMG00000022619
CTC-281M20.4;OTTHUMG00000163132	CTC-281M20.4;OTTHUMG00000163132
ANO10	ANO10
C16orf59	C16orf59
ACAD9	ACAD9
OTTHUMG00000017550;RP11-526P5.1	OTTHUMG00000017550;RP11-526P5.1
BRAT1	BRAT1
SNORD78	SNORD78
LYPD5	LYPD5
CLVS1	CLVS1
SDE2	SDE2
RING1	RING1
OTTHUMG00000014691;RP11-533O20.2	OTTHUMG00000014691;RP11-533O20.2
OTTHUMG00000161691;RP11-415C15.3	OTTHUMG00000161691;RP11-415C15.3
ZNF768	ZNF768
FFAR1	FFAR1
FLJ45445;LOC100653346	FLJ45445;LOC100653346
PPP1R18	PPP1R18
CCL19	CCL19
SLC35D2	SLC35D2
SYK	SYK
HSD17B1P1	HSD17B1P1
OTTHUMG00000037791;RP5-858B6.3	OTTHUMG00000037791;RP5-858B6.3
GTF2IRD1P1	GTF2IRD1P1
CABP1	CABP1
OTTHUMG00000015374;RP5-1112D6.4	OTTHUMG00000015374;RP5-1112D6.4
OTTHUMG00000020352;RP11-96L7.2	OTTHUMG00000020352;RP11-96L7.2
ZNF749	ZNF749
OTTHUMG00000002329;OTTHUMG00000002330;RP5-857K21.2;RP5-857K21.3	OTTHUMG00000002329;OTTHUMG00000002330;RP5-857K21.2;RP5-857K21.3
OTTHUMG00000014906;RP3-445N2.1	OTTHUMG00000014906;RP3-445N2.1
OTTHUMG00000150954;RP11-46E17.6	OTTHUMG00000150954;RP11-46E17.6
PRAMEF20;PRAMEF21	PRAMEF20;PRAMEF21
LOC728739	LOC728739
PNMAL1	PNMAL1
MIR4639;MYLIP	MIR4639;MYLIP
KRTAP10-10	KRTAP10-10
AC073284.4;OTTHUMG00000154818	AC073284.4;OTTHUMG00000154818
OR2T8	OR2T8
GSTTP1	GSTTP1
FMR1-IT1	FMR1-IT1
GATSL2	GATSL2
GRSF1	GRSF1
SMCR7L	SMCR7L
MS4A7	MS4A7
AC090587.5;OTTHUMG00000012285	AC090587.5;OTTHUMG00000012285
OTTHUMG00000161095;RP11-314N14.1	OTTHUMG00000161095;RP11-314N14.1
PTCHD2	PTCHD2
MIR4650-1;MIR4650-2	MIR4650-1;MIR4650-2
OTTHUMG00000021298;RP11-268G12.1	OTTHUMG00000021298;RP11-268G12.1
RNF135	RNF135
CALHM2	CALHM2
OR13C3	OR13C3
LOC100506948;PAR-SN;SNORD107;SNORD115-13;SNORD115-26;SNORD115-7;SNORD116-28	LOC100506948;PAR-SN;SNORD107;SNORD115-13;SNORD115-26;SNORD115-7;SNORD116-28
MDGA2	MDGA2
SCYL1	SCYL1
SLC6A16	SLC6A16
CTC-264O10.1;OTTHUMG00000162918	CTC-264O10.1;OTTHUMG00000162918
CRYBB3	CRYBB3
TMEM203	TMEM203
PCBD2	PCBD2
LINC00280	LINC00280
TCF7	TCF7
LOC100996817;POM121L7	LOC100996817;POM121L7
POLR3H	POLR3H
TAF12	TAF12
TWISTNB	TWISTNB
AC093388.3;OTTHUMG00000154455	AC093388.3;OTTHUMG00000154455
GPC6	GPC6
LOC644662;OTTHUMG00000162679;RP11-71E19.1	LOC644662;OTTHUMG00000162679;RP11-71E19.1
RSPH1	RSPH1
IGFL1	IGFL1
FGD5-AS1	FGD5-AS1
CRIP3	CRIP3
YWHAB	YWHAB
DSCR3	DSCR3
OTTHUMG00000008920;RP11-334A14.5	OTTHUMG00000008920;RP11-334A14.5
ANKRD20A9P;RNU6-55P	ANKRD20A9P;RNU6-55P
OTTHUMG00000161896;RP11-404K5.4	OTTHUMG00000161896;RP11-404K5.4
ELF2	ELF2
HCG25	HCG25
GREM2	GREM2
BPY2;BPY2B;BPY2C	BPY2;BPY2B;BPY2C
OTTHUMG00000037350;RP11-410C4.4	OTTHUMG00000037350;RP11-410C4.4
VIPR1	VIPR1
USP45	USP45
PPIL3	PPIL3
HADHB	HADHB
OR4N2	OR4N2
OR51Q1	OR51Q1
COX17	COX17
DCUN1D2-AS2	DCUN1D2-AS2
LOC100506647;OTTHUMG00000014285;RP11-359N11.2	LOC100506647;OTTHUMG00000014285;RP11-359N11.2
ZNF221	ZNF221
RNU7-23P	RNU7-23P
F8A1;F8A2;F8A3	F8A1;F8A2;F8A3
OSGIN1	OSGIN1
PABPC1P2	PABPC1P2
LOC646813	LOC646813
OTTHUMG00000015453;RP1-92C8.3	OTTHUMG00000015453;RP1-92C8.3
LTB4R	LTB4R
KIR3DL3	KIR3DL3
TMEM198	TMEM198
GPR37L1	GPR37L1
MIR299	MIR299
FAM170B	FAM170B
SLC7A1	SLC7A1
NCRUPAR	NCRUPAR
TMUB2	TMUB2
PXDC1	PXDC1
RNU7-64P	RNU7-64P
GPATCH2	GPATCH2
CACNB3	CACNB3
LINC00159	LINC00159
HLA-DQB2	HLA-DQB2
HLA-DQB2	HLA-DQB2
CHST12	CHST12
KRTAP12-4	KRTAP12-4
TMLHE	TMLHE
TRAF6	TRAF6
CTA-398F10.2;OTTHUMG00000163731	CTA-398F10.2;OTTHUMG00000163731
AIM1L	AIM1L
KRTAP17-1	KRTAP17-1
ZNF581	ZNF581
POU5F2	POU5F2
EIF5A	EIF5A
AC008694.3;OTTHUMG00000163511	AC008694.3;OTTHUMG00000163511
OTTHUMG00000162901;RP11-159K7.2	OTTHUMG00000162901;RP11-159K7.2
CD1A	CD1A
LINC00391	LINC00391
MIR4255	MIR4255
OR10G9	OR10G9
AC093802.1;LOC150935;OTTHUMG00000152415	AC093802.1;LOC150935;OTTHUMG00000152415
TMEM178A	TMEM178A
MIR599	MIR599
LOC645359;OTTHUMG00000074741;WI2-2994D6.2	LOC645359;OTTHUMG00000074741;WI2-2994D6.2
SASH1	SASH1
OTTHUMG00000160390;RP11-36B15.1	OTTHUMG00000160390;RP11-36B15.1
MIR574	MIR574
NCOA5	NCOA5
HSFX1;HSFX2	HSFX1;HSFX2
NCR3	NCR3
NCR3	NCR3
NCR3	NCR3
NCR3	NCR3
NCR3	NCR3
NCR3	NCR3
NCR3	NCR3
LOC100996344	LOC100996344
OC90	OC90
OTTHUMG00000032051;RP4-753D10.3	OTTHUMG00000032051;RP4-753D10.3
MIR4536-1	MIR4536-1
OTTHUMG00000163666;RP11-10A14.7	OTTHUMG00000163666;RP11-10A14.7
FBXO31	FBXO31
OTTHUMG00000019173;RP11-159H3.2	OTTHUMG00000019173;RP11-159H3.2
GS1-5L10.1;OTTHUMG00000164152	GS1-5L10.1;OTTHUMG00000164152
PLCB2-AS1	PLCB2-AS1
SLA2	SLA2
C22orf42	C22orf42
NUP133	NUP133
RNU6-79P	RNU6-79P
OTTHUMG00000035019;RP4-765C7.1	OTTHUMG00000035019;RP4-765C7.1
GJE1	GJE1
ZMYND19	ZMYND19
SNORD116-26	SNORD116-26
ASCC1	ASCC1
ZNF582-AS1	ZNF582-AS1
LINC00028	LINC00028
CTD-2275D24.3;OTTHUMG00000162458	CTD-2275D24.3;OTTHUMG00000162458
PROX1-AS1	PROX1-AS1
OTTHUMG00000015096;RP1-300G12.2	OTTHUMG00000015096;RP1-300G12.2
ONECUT1	ONECUT1
HCG27;LOC100996357	HCG27;LOC100996357
IGKV6-21	IGKV6-21
CTD-2534J5.1;OTTHUMG00000164181	CTD-2534J5.1;OTTHUMG00000164181
OTTHUMG00000032135;RP13-401N8.1	OTTHUMG00000032135;RP13-401N8.1
RHBDF1	RHBDF1
OTTHUMG00000003682;RP4-591L5.1	OTTHUMG00000003682;RP4-591L5.1
SMR3A	SMR3A
UQCRFS1	UQCRFS1
TMEM176A	TMEM176A
SLC22A6	SLC22A6
LOC100506050;OTTHUMG00000156482;RP11-3N2.3	LOC100506050;OTTHUMG00000156482;RP11-3N2.3
RAG2	RAG2
XRCC6P5	XRCC6P5
DSCR8	DSCR8
AC009950.1;OTTHUMG00000153669	AC009950.1;OTTHUMG00000153669
LINC00526	LINC00526
FBXO25	FBXO25
MKNK1-AS1	MKNK1-AS1
LOC100506990	LOC100506990
AKAP4	AKAP4
CTC-506B8.1;OTTHUMG00000162823	CTC-506B8.1;OTTHUMG00000162823
GSKIP	GSKIP
OTTHUMG00000163718;RP11-618M23.4	OTTHUMG00000163718;RP11-618M23.4
LCE5A	LCE5A
OTTHUMG00000164339;RP11-705O24.1	OTTHUMG00000164339;RP11-705O24.1
PEBP4	PEBP4
SH3BP5	SH3BP5
AP005273.1;OTTHUMG00000066367	AP005273.1;OTTHUMG00000066367
C1orf212;SMIM12	C1orf212;SMIM12
DDX19B	DDX19B
KRT14	KRT14
B3GALT4	B3GALT4
B3GALT4	B3GALT4
B3GALT4	B3GALT4
B3GALT4	B3GALT4
B3GALT4	B3GALT4
GADD45G	GADD45G
TTLL9	TTLL9
MIR3154	MIR3154
LINC00619	LINC00619
AHSP	AHSP
OTTHUMG00000163723;RP1-149L1.1	OTTHUMG00000163723;RP1-149L1.1
LOC100506394	LOC100506394
CCNA1	CCNA1
OTTHUMG00000002706;RP3-340N1.5	OTTHUMG00000002706;RP3-340N1.5
MIR3689C	MIR3689C
OTTHUMG00000159132;RP11-439C8.2	OTTHUMG00000159132;RP11-439C8.2
IRF2BP1	IRF2BP1
SNHG16;SNORD1C	SNHG16;SNORD1C
SBDS	SBDS
IGBP1-AS2	IGBP1-AS2
OR2B3	OR2B3
SYNDIG1	SYNDIG1
KB-1205A7.2;OTTHUMG00000164864	KB-1205A7.2;OTTHUMG00000164864
OTTHUMG00000150955;RP5-1172A22.1	OTTHUMG00000150955;RP5-1172A22.1
MOGAT1	MOGAT1
KITLG	KITLG
PLEKHA8	PLEKHA8
LOC100132891;OTTHUMG00000164497;RP11-383H13.1	LOC100132891;OTTHUMG00000164497;RP11-383H13.1
PHF14	PHF14
PTGIS	PTGIS
IST1	IST1
CACNA1D	CACNA1D
AC113607.2;LOC100508751;LOC101060385;OTTHUMG00000151369	AC113607.2;LOC100508751;LOC101060385;OTTHUMG00000151369
GOLPH3L	GOLPH3L
C10orf10	C10orf10
SCAF4	SCAF4
OTTHUMG00000020432;RP11-6F6.1	OTTHUMG00000020432;RP11-6F6.1
ZC3H7B	ZC3H7B
OTTHUMG00000157208;RP11-645N11.2	OTTHUMG00000157208;RP11-645N11.2
OTTHUMG00000164553;RP11-706J10.1	OTTHUMG00000164553;RP11-706J10.1
FBLIM1	FBLIM1
NCBP2-AS1	NCBP2-AS1
SLC46A1	SLC46A1
CTD-2309H9.3;OTTHUMG00000164538	CTD-2309H9.3;OTTHUMG00000164538
SAR1B	SAR1B
TMEM25	TMEM25
AL133247.2;OTTHUMG00000152058	AL133247.2;OTTHUMG00000152058
DKK4	DKK4
TCF15	TCF15
OTTHUMG00000164332;RP11-328K2.1	OTTHUMG00000164332;RP11-328K2.1
PARP15	PARP15
LOC389641;OTTHUMG00000163784;RP11-1149O23.3	LOC389641;OTTHUMG00000163784;RP11-1149O23.3
OTTHUMG00000017144;RP11-521J24.1	OTTHUMG00000017144;RP11-521J24.1
CTA-221G9.11;LOC100128531;OTTHUMG00000150908	CTA-221G9.11;LOC100128531;OTTHUMG00000150908
OTTHUMG00000018883;RP11-441O15.3	OTTHUMG00000018883;RP11-441O15.3
COL11A2	COL11A2
OTTHUMG00000163783;RP11-1149O23.2	OTTHUMG00000163783;RP11-1149O23.2
C12orf40	C12orf40
AMOTL1	AMOTL1
OTTHUMG00000018021;RP11-124O11.1	OTTHUMG00000018021;RP11-124O11.1
OTTHUMG00000022476;RP13-210D15.4	OTTHUMG00000022476;RP13-210D15.4
ZNF438	ZNF438
VCAM1	VCAM1
USP53	USP53
C12orf42	C12orf42
ZNF354B	ZNF354B
OTTHUMG00000133141;XXyac-YX60D10.1	OTTHUMG00000133141;XXyac-YX60D10.1
DEFA5	DEFA5
FAM3D	FAM3D
FAM86C1	FAM86C1
AC019172.2;OTTHUMG00000151491	AC019172.2;OTTHUMG00000151491
SPRR2D	SPRR2D
AC009948.5;OTTHUMG00000154423	AC009948.5;OTTHUMG00000154423
OTTHUMG00000017657;RP11-271F18.1	OTTHUMG00000017657;RP11-271F18.1
HLA-DRA	HLA-DRA
CTSW	CTSW
AC004549.6;OTTHUMG00000152710	AC004549.6;OTTHUMG00000152710
OTTHUMG00000014832;RP3-336H9.2;TFAP2D	OTTHUMG00000014832;RP3-336H9.2;TFAP2D
PTH2	PTH2
OR4K14	OR4K14
QRICH2	QRICH2
OTTHUMG00000034319;RP4-782G3.1	OTTHUMG00000034319;RP4-782G3.1
SSPN	SSPN
OTTHUMG00000162153;RP11-310P5.2	OTTHUMG00000162153;RP11-310P5.2
OTTHUMG00000010024;RP11-76N22.2	OTTHUMG00000010024;RP11-76N22.2
ICOSLG	ICOSLG
LOC642929;OTTHUMG00000013273;OTTHUMG00000013274;RP11-327I22.5;RP11-327I22.6	LOC642929;OTTHUMG00000013273;OTTHUMG00000013274;RP11-327I22.5;RP11-327I22.6
CXCR4	CXCR4
ELOVL1	ELOVL1
OTTHUMG00000164972;RP11-278I4.2	OTTHUMG00000164972;RP11-278I4.2
LINC00866;OTTHUMG00000018868;RP11-459F3.3	LINC00866;OTTHUMG00000018868;RP11-459F3.3
CTC-573N18.1;OTTHUMG00000163288	CTC-573N18.1;OTTHUMG00000163288
CLEC4A	CLEC4A
MSH2	MSH2
MYPOP	MYPOP
PRG1	PRG1
OTTHUMG00000017760;RP11-109I13.2	OTTHUMG00000017760;RP11-109I13.2
GRIA2	GRIA2
TADA3	TADA3
SND1;SND1-IT1	SND1;SND1-IT1
OTTHUMG00000008768;RP4-782L23.2	OTTHUMG00000008768;RP4-782L23.2
OTTHUMG00000159058;RP11-735B13.2	OTTHUMG00000159058;RP11-735B13.2
KCNJ4	KCNJ4
DEGS2	DEGS2
CAPZA2	CAPZA2
MIR524	MIR524
APCDD1L	APCDD1L
BACH1-AS1	BACH1-AS1
ASNA1	ASNA1
OTTHUMG00000164849;RP11-26E5.1	OTTHUMG00000164849;RP11-26E5.1
LAPTM5	LAPTM5
CTB-131B5.2;OTTHUMG00000163412	CTB-131B5.2;OTTHUMG00000163412
FNDC5	FNDC5
LCE3B	LCE3B
AP000345.4;OTTHUMG00000150840	AP000345.4;OTTHUMG00000150840
ERBB2IP	ERBB2IP
NPM2	NPM2
TCTEX1D2	TCTEX1D2
CTA-204B4.2;OTTHUMG00000164214	CTA-204B4.2;OTTHUMG00000164214
OTTHUMG00000018564;RP11-342M3.5	OTTHUMG00000018564;RP11-342M3.5
RNU7-53P	RNU7-53P
OTTHUMG00000162029;RP11-203B7.1	OTTHUMG00000162029;RP11-203B7.1
NKX6-2	NKX6-2
FBXO38	FBXO38
CEP41	CEP41
OTTHUMG00000163791;RP11-156K13.2	OTTHUMG00000163791;RP11-156K13.2
GPR32	GPR32
TMLHE-AS1	TMLHE-AS1
OTTHUMG00000019970;RP11-274B18.4	OTTHUMG00000019970;RP11-274B18.4
RAD17	RAD17
SNX3	SNX3
CHURC1	CHURC1
AC015933.2;OTTHUMG00000064910	AC015933.2;OTTHUMG00000064910
CHCHD6	CHCHD6
ABHD12	ABHD12
C12orf71	C12orf71
C1orf51	C1orf51
DAZL	DAZL
OTTHUMG00000164155;RP11-700E23.1	OTTHUMG00000164155;RP11-700E23.1
OTTHUMG00000003662;RP11-242O24.5	OTTHUMG00000003662;RP11-242O24.5
HTRA3	HTRA3
UCP1	UCP1
PKP3	PKP3
OTTHUMG00000001215;RP11-334N17.1	OTTHUMG00000001215;RP11-334N17.1
G3BP1	G3BP1
OGG1	OGG1
ACVRL1	ACVRL1
OR2Y1	OR2Y1
MME-AS1	MME-AS1
AC004485.3;OTTHUMG00000152567	AC004485.3;OTTHUMG00000152567
LOC441455	LOC441455
CA1	CA1
DDX26B-AS1	DDX26B-AS1
SNORA23	SNORA23
FLJ22763;OTTHUMG00000159205;RP11-59E19.1	FLJ22763;OTTHUMG00000159205;RP11-59E19.1
STX18	STX18
AGBL3	AGBL3
LINC00578	LINC00578
TGM1	TGM1
CDKN2AIP	CDKN2AIP
OTTHUMG00000015993;RP11-459F1.2	OTTHUMG00000015993;RP11-459F1.2
KB-1991G8.1;OTTHUMG00000164738	KB-1991G8.1;OTTHUMG00000164738
CTC-436K13.2;OTTHUMG00000163517	CTC-436K13.2;OTTHUMG00000163517
CTD-2340D6.1;OTTHUMG00000164700	CTD-2340D6.1;OTTHUMG00000164700
MIR522	MIR522
MYO15B	MYO15B
NAALADL2	NAALADL2
AGBL1	AGBL1
AP001605.4;OTTHUMG00000078698	AP001605.4;OTTHUMG00000078698
SNORD114-24	SNORD114-24
AC007405.8;OTTHUMG00000154073	AC007405.8;OTTHUMG00000154073
B3GNT9	B3GNT9
SLC7A13	SLC7A13
C6orf100	C6orf100
LOC729739	LOC729739
ATRIP;TREX1	ATRIP;TREX1
ZNF639	ZNF639
OTTHUMG00000035812;RP1-117P20.3	OTTHUMG00000035812;RP1-117P20.3
LOC100132354	LOC100132354
MYD88	MYD88
CTD-2193G5.1;OTTHUMG00000162779	CTD-2193G5.1;OTTHUMG00000162779
MIR563	MIR563
LINC00271	LINC00271
ZNF649	ZNF649
NSA2	NSA2
HMCN2	HMCN2
KERA	KERA
COG2	COG2
GSDMA	GSDMA
CTD-2215E18.2;OTTHUMG00000162865	CTD-2215E18.2;OTTHUMG00000162865
C9orf174;CCDC180;LOC100499484;LOC100499484-C9ORF174	C9orf174;CCDC180;LOC100499484;LOC100499484-C9ORF174
LOC100506795;OTTHUMG00000037976;RP5-855F14.1	LOC100506795;OTTHUMG00000037976;RP5-855F14.1
PAPD7	PAPD7
CXADR	CXADR
CRYGEP	CRYGEP
MIR4275	MIR4275
MIR4529	MIR4529
OTTHUMG00000017459;RP11-336K24.5	OTTHUMG00000017459;RP11-336K24.5
CTD-2333K2.1;OTTHUMG00000162756	CTD-2333K2.1;OTTHUMG00000162756
HGS	HGS
OTTHUMG00000014149;RP11-420L9.4	OTTHUMG00000014149;RP11-420L9.4
RAB19	RAB19
DEFB124	DEFB124
IL1RAPL1	IL1RAPL1
LOC100507406;OTTHUMG00000015661;RP11-356I2.1	LOC100507406;OTTHUMG00000015661;RP11-356I2.1
STK32B	STK32B
FANCC	FANCC
LOC729668;MTPAP	LOC729668;MTPAP
C1orf100	C1orf100
OTTHUMG00000020775;RP11-344B5.2	OTTHUMG00000020775;RP11-344B5.2
LINC00891;LOC100132741	LINC00891;LOC100132741
RNF14	RNF14
BUD13	BUD13
OTTHUMG00000163904;RP11-380I10.4	OTTHUMG00000163904;RP11-380I10.4
OR4M2	OR4M2
ARHGAP5-AS1	ARHGAP5-AS1
MIR876	MIR876
LOC100506368	LOC100506368
BDH1	BDH1
OTTHUMG00000017922;RP11-166N17.3	OTTHUMG00000017922;RP11-166N17.3
ZCCHC16	ZCCHC16
SLC5A5	SLC5A5
POLR3K	POLR3K
FAM69A	FAM69A
OTTHUMG00000159303;RP11-190P13.2	OTTHUMG00000159303;RP11-190P13.2
OR7A5	OR7A5
OTTHUMG00000164221;RP11-642A1.1	OTTHUMG00000164221;RP11-642A1.1
AURKC	AURKC
PSG7	PSG7
OR10A7	OR10A7
KCNQ1-AS1	KCNQ1-AS1
MS4A3	MS4A3
LOC100506288;OTTHUMG00000014226;RP11-354I10.1	LOC100506288;OTTHUMG00000014226;RP11-354I10.1
OTTHUMG00000163224;RP11-375B1.1	OTTHUMG00000163224;RP11-375B1.1
SSR1	SSR1
OTTHUMG00000017963;RP11-92J19.3	OTTHUMG00000017963;RP11-92J19.3
OTTHUMG00000019281;RP11-140A10.3	OTTHUMG00000019281;RP11-140A10.3
USP30-AS1	USP30-AS1
STARD4	STARD4
BCRP2	BCRP2
RRP1B	RRP1B
OTTHUMG00000164982;RP11-174I12.2	OTTHUMG00000164982;RP11-174I12.2
PSMB10	PSMB10
MIR346	MIR346
C16orf86	C16orf86
S100P	S100P
BAT4;GPANK1;OTTHUMG00000149001	BAT4;GPANK1;OTTHUMG00000149001
MIR4269	MIR4269
CUL5	CUL5
OTTHUMG00000131122;RP11-499E18.1	OTTHUMG00000131122;RP11-499E18.1
OR1D4	OR1D4
LOC100129935	LOC100129935
AP006285.7;OTTHUMG00000057558	AP006285.7;OTTHUMG00000057558
AC091633.3;OTTHUMG00000155888	AC091633.3;OTTHUMG00000155888
DSCR4-IT1	DSCR4-IT1
CTD-2296D1.2;OTTHUMG00000161901	CTD-2296D1.2;OTTHUMG00000161901
GID4	GID4
LURAP1L	LURAP1L
OTTHUMG00000014150;RP1-140K8.1	OTTHUMG00000014150;RP1-140K8.1
CSK	CSK
OTTHUMG00000031966;RP4-568F9.3	OTTHUMG00000031966;RP4-568F9.3
INSL5	INSL5
CAPN3	CAPN3
ZFYVE27	ZFYVE27
IGKV3D-11	IGKV3D-11
ENTPD1-AS1;OTTHUMG00000018822;RP11-429G19.2	ENTPD1-AS1;OTTHUMG00000018822;RP11-429G19.2
OTTHUMG00000164437;RP11-333A23.4	OTTHUMG00000164437;RP11-333A23.4
FETUB	FETUB
OTTHUMG00000137362;RP13-379L11.2	OTTHUMG00000137362;RP13-379L11.2
OTTHUMG00000019713;RP11-298E2.2	OTTHUMG00000019713;RP11-298E2.2
UBE2D4	UBE2D4
AC093726.4;LOC100128264;OTTHUMG00000151326	AC093726.4;LOC100128264;OTTHUMG00000151326
ATXN10	ATXN10
CHCHD1	CHCHD1
TAGLN3	TAGLN3
OTTHUMG00000015252;RP1-104O17.3	OTTHUMG00000015252;RP1-104O17.3
CCDC25	CCDC25
UBE2S	UBE2S
CXCR7	CXCR7
INTS12	INTS12
RNU5B-3P	RNU5B-3P
AC010976.2;OTTHUMG00000153411	AC010976.2;OTTHUMG00000153411
WDR90	WDR90
ANKRD53	ANKRD53
OTTHUMG00000164480;RP11-10J21.5	OTTHUMG00000164480;RP11-10J21.5
IGHV2-26	IGHV2-26
HRNR	HRNR
C3orf27	C3orf27
OTTHUMG00000067216;RP11-160N1.9	OTTHUMG00000067216;RP11-160N1.9
AC099684.1;OTTHUMG00000132193	AC099684.1;OTTHUMG00000132193
IGFL3	IGFL3
BHLHE40-AS1	BHLHE40-AS1
AP000459.4;D21S2088E;OTTHUMG00000078246	AP000459.4;D21S2088E;OTTHUMG00000078246
ADAT2	ADAT2
TRAPPC2P2	TRAPPC2P2
RNA5SP475	RNA5SP475
OTTHUMG00000019288;RP11-432J24.3	OTTHUMG00000019288;RP11-432J24.3
MIR629	MIR629
LINC00938	LINC00938
PROSER2-AS1	PROSER2-AS1
SEMG2	SEMG2
OTTHUMG00000160041;RP11-74M11.2	OTTHUMG00000160041;RP11-74M11.2
RASA2-IT1	RASA2-IT1
BACH1-IT3	BACH1-IT3
MLX	MLX
SPINK9	SPINK9
AC084125.4;LOC100287098;OTTHUMG00000153175	AC084125.4;LOC100287098;OTTHUMG00000153175
AF064858.8;OTTHUMG00000066035	AF064858.8;OTTHUMG00000066035
SNORD126	SNORD126
C6orf57	C6orf57
OR5AN1	OR5AN1
AADACL4	AADACL4
OTTHUMG00000156053;RP11-528A4.2	OTTHUMG00000156053;RP11-528A4.2
PSG6	PSG6
MRGPRX1	MRGPRX1
CCDC58	CCDC58
ZNF300	ZNF300
LINC00514	LINC00514
OTTHUMG00000156464;RP11-136C24.2	OTTHUMG00000156464;RP11-136C24.2
VTRNA3-1P	VTRNA3-1P
NUDT16	NUDT16
BRD2	BRD2
MIR1272	MIR1272
PP12613	PP12613
PER4	PER4
NFE2	NFE2
OTTHUMG00000055986;RP3-477O4.14	OTTHUMG00000055986;RP3-477O4.14
C10orf35	C10orf35
CTD-2194L12.3;OTTHUMG00000162112	CTD-2194L12.3;OTTHUMG00000162112
LGALS16	LGALS16
RNA5SP320	RNA5SP320
OTTHUMG00000161417;RP11-234O6.2	OTTHUMG00000161417;RP11-234O6.2
ACVR1C	ACVR1C
TNFRSF12A	TNFRSF12A
OTTHUMG00000041297;RP11-66D17.3	OTTHUMG00000041297;RP11-66D17.3
PPP2R5C	PPP2R5C
OTTHUMG00000058154;RP11-144A16.5	OTTHUMG00000058154;RP11-144A16.5
ASB17	ASB17
P2RX7	P2RX7
PLSCR5	PLSCR5
AFTPH	AFTPH
SERPINB9	SERPINB9
CTB-158E9.1;OTTHUMG00000163601	CTB-158E9.1;OTTHUMG00000163601
LINC00106	LINC00106
LINC00106	LINC00106
TKT	TKT
LCE1E	LCE1E
RET	RET
CTD-2337A12.1;OTTHUMG00000162821	CTD-2337A12.1;OTTHUMG00000162821
OTTHUMG00000032492;RP5-1121H13.4	OTTHUMG00000032492;RP5-1121H13.4
MRPS35	MRPS35
FAM109B	FAM109B
FAM185A	FAM185A
C11orf72	C11orf72
SERTM1	SERTM1
SIRT3	SIRT3
OTTHUMG00000153514;RP11-252M18.3	OTTHUMG00000153514;RP11-252M18.3
CTC-493L21.1;LOC100505878;OTTHUMG00000162607	CTC-493L21.1;LOC100505878;OTTHUMG00000162607
OTTHUMG00000019554;RP11-23D5.1	OTTHUMG00000019554;RP11-23D5.1
EIF5	EIF5
OTTHUMG00000163395;RP11-1026M7.3	OTTHUMG00000163395;RP11-1026M7.3
OTTHUMG00000161535;RP11-364P22.3	OTTHUMG00000161535;RP11-364P22.3
LOC100506136	LOC100506136
OTTHUMG00000018645;RP11-475D12.1	OTTHUMG00000018645;RP11-475D12.1
KRTAP3-2	KRTAP3-2
CECR5	CECR5
DHRSX-IT1	DHRSX-IT1
DHRSX-IT1	DHRSX-IT1
HTR4-IT1	HTR4-IT1
TSR1	TSR1
RNA5SP465	RNA5SP465
PSME2	PSME2
TMEM181	TMEM181
ATAD1	ATAD1
AGPAT6	AGPAT6
CCDC121	CCDC121
C19orf66	C19orf66
IL22RA2	IL22RA2
LYRM1	LYRM1
COMMD8	COMMD8
CT47A1;CT47A10;CT47A11;CT47A12;CT47A2;CT47A3;CT47A4;CT47A5;CT47A6;CT47A7;CT47A8;CT47A9;OTTHUMG00000022315;OTTHUMG00000022316;RP6-166C19.5;RP6-166C19.6	CT47A1;CT47A10;CT47A11;CT47A12;CT47A2;CT47A3;CT47A4;CT47A5;CT47A6;CT47A7;CT47A8;CT47A9;OTTHUMG00000022315;OTTHUMG00000022316;RP6-166C19.5;RP6-166C19.6
RHOQP2	RHOQP2
PHLDA3	PHLDA3
HLA-E	HLA-E
HLA-E	HLA-E
HLA-E	HLA-E
HLA-E	HLA-E
SH2D1B	SH2D1B
HPS5	HPS5
VWF	VWF
MIR3912	MIR3912
MRP63	MRP63
OTTHUMG00000160917;RP11-562F9.2	OTTHUMG00000160917;RP11-562F9.2
C9orf131	C9orf131
NTM-IT1	NTM-IT1
LOC494127	LOC494127
MAGEB17	MAGEB17
ASPSCR1	ASPSCR1
LOC653712;OTTHUMG00000159813;RP11-723O4.2	LOC653712;OTTHUMG00000159813;RP11-723O4.2
BRD2	BRD2
ASB2	ASB2
SEC11A	SEC11A
KIAA0355	KIAA0355
AQP7;LOC100509620	AQP7;LOC100509620
NTM-IT2	NTM-IT2
OTTHUMG00000022338;RP1-315G1.3	OTTHUMG00000022338;RP1-315G1.3
OR52K1	OR52K1
TCN1	TCN1
UBQLN3	UBQLN3
MIR487B	MIR487B
AC093110.3;OTTHUMG00000152506	AC093110.3;OTTHUMG00000152506
PRSS58	PRSS58
TIGD7	TIGD7
LINC00415	LINC00415
OTTHUMG00000164880;RP11-790J24.1	OTTHUMG00000164880;RP11-790J24.1
AC007743.1;LOC100129434;OTTHUMG00000152032	AC007743.1;LOC100129434;OTTHUMG00000152032
ZNF30	ZNF30
MT1P2	MT1P2
AC009411.1;OTTHUMG00000151809	AC009411.1;OTTHUMG00000151809
MIR1226	MIR1226
AC002064.4;OTTHUMG00000063537	AC002064.4;OTTHUMG00000063537
RTP1	RTP1
C9orf69	C9orf69
MIR517C	MIR517C
FERMT3	FERMT3
LOC100506032;LOC101059961;LOC101060202;LOC101060362;LOC101060684;NBPF10;NOTCH2NL	LOC100506032;LOC101059961;LOC101060202;LOC101060362;LOC101060684;NBPF10;NOTCH2NL
LINC00211	LINC00211
AC010729.1;OTTHUMG00000151423;SOX11	AC010729.1;OTTHUMG00000151423;SOX11
LOC100507144	LOC100507144
OTTHUMG00000041338;RP4-559A3.6	OTTHUMG00000041338;RP4-559A3.6
IFNA5	IFNA5
EVC	EVC
TSEN2	TSEN2
MRPS18B	MRPS18B
MRPS18B	MRPS18B
MRPS18B	MRPS18B
MRPS18B	MRPS18B
MRPS18B	MRPS18B
MRPS18B	MRPS18B
VPS72	VPS72
MIR1305	MIR1305
BTBD18	BTBD18
BCYRN1	BCYRN1
TECTB	TECTB
RPA2	RPA2
MAPKAPK2	MAPKAPK2
FAM27L	FAM27L
LOC100505815	LOC100505815
OTTHUMG00000160730;RP11-765K14.1	OTTHUMG00000160730;RP11-765K14.1
HIGD2A	HIGD2A
MATN1-AS1	MATN1-AS1
CCDC89	CCDC89
DEFB118	DEFB118
OTTHUMG00000017736;RP11-461K13.1	OTTHUMG00000017736;RP11-461K13.1
KCNE3	KCNE3
LINC00379	LINC00379
OTTHUMG00000164251;RP11-26M5.2	OTTHUMG00000164251;RP11-26M5.2
KIR3DL3	KIR3DL3
DGKE	DGKE
NKX2-1-AS1	NKX2-1-AS1
KRTAP4-5	KRTAP4-5
BAZ1B	BAZ1B
OTTHUMG00000163668;RP11-115J16.2	OTTHUMG00000163668;RP11-115J16.2
MARCH6	MARCH6
CELP	CELP
RUVBL1-AS1	RUVBL1-AS1
OTTHUMG00000155831;SGK110	OTTHUMG00000155831;SGK110
MIR4441	MIR4441
OTTHUMG00000020645;RP11-85O21.5	OTTHUMG00000020645;RP11-85O21.5
CTC-575I10.1;OTTHUMG00000162452	CTC-575I10.1;OTTHUMG00000162452
WNT10B	WNT10B
ADSL;OTTHUMG00000162527;RP5-1042K10.13	ADSL;OTTHUMG00000162527;RP5-1042K10.13
OR10H4	OR10H4
LOC100506948;SNHG14;SNORD107;SNORD115-13;SNORD115-26;SNORD115-46;SNORD115-7;SNORD116-28	LOC100506948;SNHG14;SNORD107;SNORD115-13;SNORD115-26;SNORD115-46;SNORD115-7;SNORD116-28
WDR89	WDR89
IL23A	IL23A
ELOVL6	ELOVL6
AC104777.4;OTTHUMG00000153757	AC104777.4;OTTHUMG00000153757
PRLH	PRLH
OTTHUMG00000008038;RP11-219C24.10	OTTHUMG00000008038;RP11-219C24.10
ZNF628	ZNF628
ADAMTS8	ADAMTS8
PYGO2	PYGO2
PPID	PPID
AC096574.5;OTTHUMG00000152959	AC096574.5;OTTHUMG00000152959
MIR4687;STIM1	MIR4687;STIM1
TAS2R1	TAS2R1
IGFL4	IGFL4
LOC400456	LOC400456
ESYT3	ESYT3
AC006042.6;OTTHUMG00000152019	AC006042.6;OTTHUMG00000152019
COL9A3	COL9A3
SUV420H1	SUV420H1
MIR4642	MIR4642
OTTHUMG00000015653;RP11-204P2.3	OTTHUMG00000015653;RP11-204P2.3
PPIG	PPIG
LOC100287632	LOC100287632
MIR4722;PIEZO1	MIR4722;PIEZO1
RBM22	RBM22
EIF3J-AS1	EIF3J-AS1
OR51B6	OR51B6
VPS54	VPS54
CHEK2P2	CHEK2P2
OTTHUMG00000031921;RP5-974N19.1	OTTHUMG00000031921;RP5-974N19.1
OTTHUMG00000160893;RP11-789C1.1	OTTHUMG00000160893;RP11-789C1.1
NDNF	NDNF
CTNNAL1	CTNNAL1
RAI14	RAI14
CD14	CD14
PCDHB15	PCDHB15
ABHD8	ABHD8
C16orf92	C16orf92
SLC39A12	SLC39A12
AC098823.3;LOC151475;OTTHUMG00000153829	AC098823.3;LOC151475;OTTHUMG00000153829
GPATCH3	GPATCH3
AC005152.3;OTTHUMG00000132237	AC005152.3;OTTHUMG00000132237
MIR3151	MIR3151
CTC-529P8.1;LOC255187;OTTHUMG00000163433	CTC-529P8.1;LOC255187;OTTHUMG00000163433
OTTHUMG00000150951;RP1-231P7P.1	OTTHUMG00000150951;RP1-231P7P.1
OTTHUMG00000159849;RP11-166N6.2	OTTHUMG00000159849;RP11-166N6.2
LOC100335030	LOC100335030
C1orf162	C1orf162
SLC35E1	SLC35E1
BOD1L2	BOD1L2
CLDN18	CLDN18
CPHL1P	CPHL1P
AKIRIN1	AKIRIN1
MIR4274	MIR4274
HERC4	HERC4
SLC13A2	SLC13A2
HCG25	HCG25
OTTHUMG00000019961;RP11-561O23.5	OTTHUMG00000019961;RP11-561O23.5
NUPR1	NUPR1
PEA15	PEA15
CTC-210G5.1;MGC32805;OTTHUMG00000162973	CTC-210G5.1;MGC32805;OTTHUMG00000162973
ID2	ID2
SAP30	SAP30
TRBV6-9	TRBV6-9
MT3	MT3
GAL3ST1	GAL3ST1
HRSP12	HRSP12
OTTHUMG00000164945;RP11-317J10.4	OTTHUMG00000164945;RP11-317J10.4
SHANK2	SHANK2
DNAJB11	DNAJB11
LRP10	LRP10
SLC31A2	SLC31A2
OTTHUMG00000017662;RP1-251M9.2	OTTHUMG00000017662;RP1-251M9.2
VWC2L	VWC2L
OTTHUMG00000158359;RP11-64C1.1	OTTHUMG00000158359;RP11-64C1.1
A1BG-AS1	A1BG-AS1
TP53BP2	TP53BP2
MIR381HG	MIR381HG
MIR432	MIR432
BCL3	BCL3
BRD2	BRD2
OTTHUMG00000019251;RP11-4C20.3	OTTHUMG00000019251;RP11-4C20.3
DECR1	DECR1
SLC52A1	SLC52A1
MPP1	MPP1
PPIF	PPIF
OTTHUMG00000000497;RP11-233E12.1	OTTHUMG00000000497;RP11-233E12.1
CAND2	CAND2
DCAF12L1	DCAF12L1
LOC100128164;OTTHUMG00000158728;RP11-379K17.4	LOC100128164;OTTHUMG00000158728;RP11-379K17.4
OTTHUMG00000034947;RP5-1114G22.2	OTTHUMG00000034947;RP5-1114G22.2
GNA12	GNA12
OR2J1	OR2J1
SPINT5P	SPINT5P
IQCG	IQCG
MIR4790	MIR4790
TRMT5	TRMT5
UBLCP1	UBLCP1
EVI2A	EVI2A
CDH18	CDH18
USP17L10;USP17L13	USP17L10;USP17L13
CTD-2201E9.3;OTTHUMG00000161720	CTD-2201E9.3;OTTHUMG00000161720
MAGEE2	MAGEE2
ATXN7L2	ATXN7L2
ATP1A4	ATP1A4
OTTHUMG00000004129;RP1-117O3.2	OTTHUMG00000004129;RP1-117O3.2
AC011625.1;OTTHUMG00000155198	AC011625.1;OTTHUMG00000155198
LOC692247	LOC692247
OTTHUMG00000022655;XX-FW83128A1.2	OTTHUMG00000022655;XX-FW83128A1.2
SLC9A9	SLC9A9
WDR41	WDR41
DPCR1	DPCR1
OTTHUMG00000037978;RP4-781K5.2	OTTHUMG00000037978;RP4-781K5.2
LBH	LBH
OTTHUMG00000019221;RP11-298J20.3	OTTHUMG00000019221;RP11-298J20.3
OTTHUMG00000159241;RP11-615J4.3	OTTHUMG00000159241;RP11-615J4.3
SNORD114-8	SNORD114-8
KLRC1	KLRC1
ZNF560	ZNF560
CCDC42	CCDC42
ATF6	ATF6
ST3GAL6	ST3GAL6
WDR75	WDR75
AIFM2	AIFM2
SLAMF1	SLAMF1
OTTHUMG00000032035;RP5-1185K9.1	OTTHUMG00000032035;RP5-1185K9.1
OTTHUMG00000032498;RP1-269M15.3	OTTHUMG00000032498;RP1-269M15.3
IGKV2D-24	IGKV2D-24
FAM195B	FAM195B
ZNF114	ZNF114
OSGEPL1-AS1	OSGEPL1-AS1
ACTRT2	ACTRT2
OTTHUMG00000155980;RP11-135A1.3	OTTHUMG00000155980;RP11-135A1.3
AP000695.6;OTTHUMG00000086643	AP000695.6;OTTHUMG00000086643
MIR4720	MIR4720
RRAS	RRAS
SEC23B	SEC23B
FGL2	FGL2
ALDH3B2	ALDH3B2
CTD-2288O8.1;OTTHUMG00000162165	CTD-2288O8.1;OTTHUMG00000162165
OR1G1	OR1G1
SSPN	SSPN
OTTHUMG00000159392;RP11-88H10.3	OTTHUMG00000159392;RP11-88H10.3
OTTHUMG00000164042;RP11-90P5.5	OTTHUMG00000164042;RP11-90P5.5
SSX6	SSX6
AC097495.2;OTTHUMG00000152623	AC097495.2;OTTHUMG00000152623
NEUROD4	NEUROD4
MICU1	MICU1
AC097382.5;OTTHUMG00000152568	AC097382.5;OTTHUMG00000152568
PRUNE	PRUNE
RNU6-68P	RNU6-68P
DPPA4	DPPA4
IL5RA	IL5RA
LOC100506119;OTTHUMG00000020778;RP11-65J3.1	LOC100506119;OTTHUMG00000020778;RP11-65J3.1
OTTHUMG00000163460;RP11-1026M7.4	OTTHUMG00000163460;RP11-1026M7.4
FAM69C	FAM69C
LOC646214	LOC646214
GFPT1	GFPT1
ITGB3	ITGB3
AHCYL2	AHCYL2
UQCR11	UQCR11
CTC-359M8.1;OTTHUMG00000163435	CTC-359M8.1;OTTHUMG00000163435
ARPP21-AS1	ARPP21-AS1
ANKRD35;LOC101060345	ANKRD35;LOC101060345
DANCR	DANCR
COL6A4P1	COL6A4P1
IRF7	IRF7
FAM13A	FAM13A
SMNDC1	SMNDC1
RPP40	RPP40
SHANK2-AS3	SHANK2-AS3
PYCR2	PYCR2
IFNAR1	IFNAR1
FKBP4	FKBP4
MIR4316	MIR4316
LINC00112	LINC00112
OTTHUMG00000155983;RP11-513G11.2	OTTHUMG00000155983;RP11-513G11.2
OTTHUMG00000161247;RP11-340A13.2	OTTHUMG00000161247;RP11-340A13.2
LPPR4;OTTHUMG00000010763;RP4-788L13.1	LPPR4;OTTHUMG00000010763;RP4-788L13.1
SPIC	SPIC
IGKV1-37	IGKV1-37
FUT8	FUT8
RNF11	RNF11
OTTHUMG00000161622;RP11-704M14.1	OTTHUMG00000161622;RP11-704M14.1
OTTHUMG00000020358;RP11-554F20.1	OTTHUMG00000020358;RP11-554F20.1
CYGB	CYGB
OTTHUMG00000159201;RP11-719N22.2	OTTHUMG00000159201;RP11-719N22.2
OTTHUMG00000156582;RP5-945F2.3	OTTHUMG00000156582;RP5-945F2.3
CYB5D1	CYB5D1
RUVBL2	RUVBL2
AC017101.10;OTTHUMG00000155451	AC017101.10;OTTHUMG00000155451
AC009158.1;OTTHUMG00000060108	AC009158.1;OTTHUMG00000060108
DEXI	DEXI
OR2AG2	OR2AG2
ITGB1	ITGB1
YTHDC2	YTHDC2
LINC00960	LINC00960
WDR20	WDR20
OTTHUMG00000003326;RP4-799D16.1	OTTHUMG00000003326;RP4-799D16.1
OTTHUMG00000041127;RP11-309H21.2	OTTHUMG00000041127;RP11-309H21.2
NPPB	NPPB
CTB-114C7.3;LOC257358;OTTHUMG00000163120	CTB-114C7.3;LOC257358;OTTHUMG00000163120
CTD-2139B15.4;LOC401177;OTTHUMG00000161877	CTD-2139B15.4;LOC401177;OTTHUMG00000161877
C8orf48	C8orf48
SPATA3	SPATA3
BAIAP2-AS1	BAIAP2-AS1
CNTF;ZFP91;ZFP91-CNTF	CNTF;ZFP91;ZFP91-CNTF
MIR577	MIR577
OTTHUMG00000162807;RP11-414H23.2	OTTHUMG00000162807;RP11-414H23.2
ARRDC2	ARRDC2
PHEX-AS1	PHEX-AS1
MIR509-1;MIR509-2;MIR509-3	MIR509-1;MIR509-2;MIR509-3
MIR105-1	MIR105-1
NEURL2	NEURL2
OTTHUMG00000000731;RP13-614K11.2	OTTHUMG00000000731;RP13-614K11.2
AP001625.6;OTTHUMG00000086815	AP001625.6;OTTHUMG00000086815
MIR1228	MIR1228
RNY5P4	RNY5P4
RPL35A	RPL35A
BTBD9-AS1	BTBD9-AS1
MIR3142	MIR3142
PMM1	PMM1
RNU5F-1	RNU5F-1
SLC4A5	SLC4A5
SLC2A7	SLC2A7
CTD-2215L10.1;OTTHUMG00000161752	CTD-2215L10.1;OTTHUMG00000161752
RASSF10	RASSF10
LYPD8	LYPD8
LCE1F	LCE1F
LOC574538	LOC574538
MIR4688	MIR4688
MIR4773-2	MIR4773-2
WFDC13	WFDC13
OTTHUMG00000163252;RP11-436H11.3	OTTHUMG00000163252;RP11-436H11.3
CTB-118P15.2;OTTHUMG00000163768	CTB-118P15.2;OTTHUMG00000163768
MIR28	MIR28
RABGGTB;SNORD45A;SNORD45B;SNORD45C	RABGGTB;SNORD45A;SNORD45B;SNORD45C
OTTHUMG00000164253;RP11-128L5.1	OTTHUMG00000164253;RP11-128L5.1
OTTHUMG00000162517;RP11-5N11.5	OTTHUMG00000162517;RP11-5N11.5
IGHJ1	IGHJ1
EEF1E1	EEF1E1
MIR4723;TMEM199	MIR4723;TMEM199
LOC340017;OTTHUMG00000161533;RP11-364P22.1	LOC340017;OTTHUMG00000161533;RP11-364P22.1
AUP1	AUP1
OTTHUMG00000037300;RP11-538D16.3	OTTHUMG00000037300;RP11-538D16.3
CBR4	CBR4
AC012314.20;OTTHUMG00000149883	AC012314.20;OTTHUMG00000149883
FBXO8	FBXO8
ZNF317	ZNF317
HMHB1	HMHB1
TRAM1	TRAM1
NOX3	NOX3
C22orf39;HIRA	C22orf39;HIRA
TRBV7-6	TRBV7-6
SIDT1-AS1	SIDT1-AS1
FLJ20021	FLJ20021
MIR3130-2	MIR3130-2
OTTHUMG00000160337;RP11-302F12.10	OTTHUMG00000160337;RP11-302F12.10
PCSK1	PCSK1
TIMD4	TIMD4
ART4	ART4
CDC14B	CDC14B
PPIC	PPIC
OTTHUMG00000161588;RP11-6L6.6	OTTHUMG00000161588;RP11-6L6.6
BTN3A1	BTN3A1
PABPC1L2A;PABPC1L2B	PABPC1L2A;PABPC1L2B
LINC00102	LINC00102
LINC00102	LINC00102
CLCNKA	CLCNKA
MYEF2	MYEF2
CTD-2333M24.1;OTTHUMG00000162017	CTD-2333M24.1;OTTHUMG00000162017
ODF4	ODF4
KRTAP21-2	KRTAP21-2
OTTHUMG00000156589;RP11-24C3.2	OTTHUMG00000156589;RP11-24C3.2
MIR378D1	MIR378D1
OTTHUMG00000040081;RP11-522M21.3	OTTHUMG00000040081;RP11-522M21.3
EVI5	EVI5
OTTHUMG00000163201;RP11-798K23.1	OTTHUMG00000163201;RP11-798K23.1
GLYATL1;LOC100287413	GLYATL1;LOC100287413
GLRA3	GLRA3
KRTAP4-7;KRTAP4-9	KRTAP4-7;KRTAP4-9
FAM47A	FAM47A
LINC00482	LINC00482
MIR891B	MIR891B
HOXA3;HOXA6	HOXA3;HOXA6
CKS1B	CKS1B
ZNRD1-AS1	ZNRD1-AS1
LOC100132735;OTTHUMG00000015697;RP5-899B16.1	LOC100132735;OTTHUMG00000015697;RP5-899B16.1
RNF150	RNF150
OTTHUMG00000017586;RP11-499O7.7	OTTHUMG00000017586;RP11-499O7.7
LGALS9B;LGALS9C	LGALS9B;LGALS9C
OTTHUMG00000041605;RP5-1092A11.5	OTTHUMG00000041605;RP5-1092A11.5
LRRC31	LRRC31
MIR567	MIR567
OTTHUMG00000160619;RP11-739P1.2	OTTHUMG00000160619;RP11-739P1.2
SNHG7;SNORA17;SNORA43	SNHG7;SNORA17;SNORA43
AC007271.3;OTTHUMG00000153435	AC007271.3;OTTHUMG00000153435
DGKA	DGKA
RFNG	RFNG
OTTHUMG00000150530;RP1-151B14.6	OTTHUMG00000150530;RP1-151B14.6
RERGL	RERGL
STRN	STRN
LHFPL3-AS2;OTTHUMG00000157279;RP11-325F22.5	LHFPL3-AS2;OTTHUMG00000157279;RP11-325F22.5
AC068134.6;OTTHUMG00000153335	AC068134.6;OTTHUMG00000153335
C1orf204;VSIG8	C1orf204;VSIG8
KIAA1432	KIAA1432
ATP2A1	ATP2A1
SAP30	SAP30
PART1	PART1
PPP1R1A	PPP1R1A
HINT3	HINT3
OTTHUMG00000015421;RP11-282C5.1	OTTHUMG00000015421;RP11-282C5.1
AC079779.6;OTTHUMG00000151365	AC079779.6;OTTHUMG00000151365
AP000356.2;OTTHUMG00000150625	AP000356.2;OTTHUMG00000150625
CTD-2194L12.2;OTTHUMG00000162107	CTD-2194L12.2;OTTHUMG00000162107
OTUD7A	OTUD7A
CDC123	CDC123
OTTHUMG00000164895;RP11-67H2.1	OTTHUMG00000164895;RP11-67H2.1
CTC-505O3.2;OTTHUMG00000163233	CTC-505O3.2;OTTHUMG00000163233
ARHGAP24	ARHGAP24
OTTHUMG00000161125;RP11-255I10.2	OTTHUMG00000161125;RP11-255I10.2
CTB-7E3.1;OTTHUMG00000162904	CTB-7E3.1;OTTHUMG00000162904
HIST1H2BL	HIST1H2BL
RNU5E-1	RNU5E-1
STEAP3-AS1	STEAP3-AS1
OTTHUMG00000160291;RP11-478C1.7	OTTHUMG00000160291;RP11-478C1.7
PPP2R3B	PPP2R3B
AC064834.2;OTTHUMG00000154381	AC064834.2;OTTHUMG00000154381
BREA2	BREA2
SIGLEC17P	SIGLEC17P
SNORD116-24	SNORD116-24
RNU7-22P	RNU7-22P
TTTY22	TTTY22
WDR81	WDR81
CFL1	CFL1
PLCH1-AS2	PLCH1-AS2
GJC3	GJC3
AP001476.3;OTTHUMG00000090439	AP001476.3;OTTHUMG00000090439
OTTHUMG00000019594;RP11-132E11.2	OTTHUMG00000019594;RP11-132E11.2
FAM138A;FAM138C;FAM138E;FAM138F	FAM138A;FAM138C;FAM138E;FAM138F
IFIT2	IFIT2
FBXO27	FBXO27
LOC157273;OTTHUMG00000163665;RP11-115J16.1	LOC157273;OTTHUMG00000163665;RP11-115J16.1
TAF6L	TAF6L
AC012445.1;OTTHUMG00000151487	AC012445.1;OTTHUMG00000151487
CLIC3	CLIC3
CNOT6L	CNOT6L
CTD-2194D22.4;OTTHUMG00000161605	CTD-2194D22.4;OTTHUMG00000161605
OTTHUMG00000163757;RP11-369E15.1	OTTHUMG00000163757;RP11-369E15.1
PDPK1	PDPK1
UBTFL1	UBTFL1
LOC613037;NPIPB3;NPIPL3	LOC613037;NPIPB3;NPIPL3
PGP	PGP
GALNT2	GALNT2
RAD21L1;SNPH	RAD21L1;SNPH
UBR4	UBR4
VTRNA1-2	VTRNA1-2
SEMA4C	SEMA4C
SNORA30	SNORA30
OTTHUMG00000015137;RP11-30P6.6	OTTHUMG00000015137;RP11-30P6.6
MIR4464	MIR4464
SYDE1	SYDE1
ERI3	ERI3
AC015969.3;OTTHUMG00000152574	AC015969.3;OTTHUMG00000152574
SAMD8	SAMD8
QSER1	QSER1
LOC101060288;LOC101060295;LOC101060308;PRAMEF15;PRAMEF9	LOC101060288;LOC101060295;LOC101060308;PRAMEF15;PRAMEF9
AC019118.2;OTTHUMG00000151427	AC019118.2;OTTHUMG00000151427
ZZZ3	ZZZ3
NUDC	NUDC
CROCCP3	CROCCP3
SNORA37	SNORA37
OTTHUMG00000016436;RP3-443C4.2	OTTHUMG00000016436;RP3-443C4.2
OTTHUMG00000003931;RP3-437I16.1	OTTHUMG00000003931;RP3-437I16.1
B3GNTL1	B3GNTL1
NRBP2	NRBP2
OTTHUMG00000164063;RP11-122C21.1	OTTHUMG00000164063;RP11-122C21.1
EXOSC10	EXOSC10
AC079807.4;OTTHUMG00000151756	AC079807.4;OTTHUMG00000151756
FAM90A27P	FAM90A27P
FGF13	FGF13
SERPINI1	SERPINI1
OTTHUMG00000163624;RP11-93O7.5	OTTHUMG00000163624;RP11-93O7.5
CCHCR1	CCHCR1
CCHCR1	CCHCR1
LONRF2	LONRF2
C22orf29;GNB1L	C22orf29;GNB1L
PPP1R16A	PPP1R16A
TTLL12	TTLL12
NPFFR2	NPFFR2
FAM182B;FAM27A;FAM27B;FAM27C	FAM182B;FAM27A;FAM27B;FAM27C
OTTHUMG00000159738;RP11-167H9.5	OTTHUMG00000159738;RP11-167H9.5
KIF2B	KIF2B
FARP2	FARP2
TAGLN	TAGLN
POFUT2	POFUT2
ALOX15B	ALOX15B
FUT2	FUT2
CTD-2029E14.1;OTTHUMG00000161608	CTD-2029E14.1;OTTHUMG00000161608
AC010883.5;OTTHUMG00000152402	AC010883.5;OTTHUMG00000152402
LOC440117	LOC440117
OR2B2	OR2B2
MESP2	MESP2
TRIM52	TRIM52
CATSPER2P1	CATSPER2P1
MIR4661	MIR4661
OTTHUMG00000160140;RP11-13L2.2	OTTHUMG00000160140;RP11-13L2.2
MIR148A	MIR148A
APOM	APOM
HRH2	HRH2
TMEM238	TMEM238
OTTHUMG00000163754;RP11-1105O14.1	OTTHUMG00000163754;RP11-1105O14.1
TMEM108	TMEM108
HCG20	HCG20
TTLL1	TTLL1
PFKFB2	PFKFB2
WWTR1	WWTR1
LY6G6C	LY6G6C
MYBL1	MYBL1
OTTHUMG00000164814;RP11-127H5.1	OTTHUMG00000164814;RP11-127H5.1
AC068483.1;OTTHUMG00000153414	AC068483.1;OTTHUMG00000153414
MIR4670	MIR4670
MIR208A	MIR208A
OTTHUMG00000156607;RP11-3P22.2	OTTHUMG00000156607;RP11-3P22.2
CTA-984G1.5;OTTHUMG00000151156	CTA-984G1.5;OTTHUMG00000151156
CAPS	CAPS
RAB15	RAB15
BRD2	BRD2
TRBV3-1	TRBV3-1
SLMO2	SLMO2
MFAP2	MFAP2
DBP	DBP
OTTHUMG00000164202;RP11-770E5.2	OTTHUMG00000164202;RP11-770E5.2
LOC100129858;OTTHUMG00000161377;RP11-425I13.3	LOC100129858;OTTHUMG00000161377;RP11-425I13.3
AC104655.2;OTTHUMG00000153078	AC104655.2;OTTHUMG00000153078
LOC253573;OTTHUMG00000156618;RP11-48F14.1	LOC253573;OTTHUMG00000156618;RP11-48F14.1
ZNF137P	ZNF137P
TMEM114	TMEM114
AC073409.1;OTTHUMG00000153426	AC073409.1;OTTHUMG00000153426
MIR2278	MIR2278
ADCK3	ADCK3
ZFP112;ZNF285	ZFP112;ZNF285
OR52K2	OR52K2
OTTHUMG00000020434;RP11-308N19.3	OTTHUMG00000020434;RP11-308N19.3
FLJ42393	FLJ42393
ATF4	ATF4
OTTHUMG00000037485;RP1-150O5.3	OTTHUMG00000037485;RP1-150O5.3
CTB-11I22.2;OTTHUMG00000163520	CTB-11I22.2;OTTHUMG00000163520
TRAV9-1	TRAV9-1
MYEOV	MYEOV
OTTHUMG00000014132;RP1-90J20.2	OTTHUMG00000014132;RP1-90J20.2
AIG1	AIG1
PAIP2	PAIP2
AC016735.3;OTTHUMG00000152376	AC016735.3;OTTHUMG00000152376
EMP3	EMP3
LOXL1-AS1	LOXL1-AS1
KCNJ2-AS1	KCNJ2-AS1
HRH4	HRH4
FAM173A	FAM173A
COA4	COA4
LDHAL6B	LDHAL6B
AC008060.7;LOC401437;OTTHUMG00000151350	AC008060.7;LOC401437;OTTHUMG00000151350
OR2F2	OR2F2
UBXN11	UBXN11
AC002383.2;OTTHUMG00000153911	AC002383.2;OTTHUMG00000153911
TRGV8	TRGV8
RASGEF1B	RASGEF1B
PSORS1C2	PSORS1C2
SEC14L2	SEC14L2
LOC100129046;OTTHUMG00000010302;RP5-1033H22.2	LOC100129046;OTTHUMG00000010302;RP5-1033H22.2
MIR3622B	MIR3622B
VEZF1	VEZF1
GAB1	GAB1
AC105461.1;OTTHUMG00000153384	AC105461.1;OTTHUMG00000153384
CBX3P4	CBX3P4
PCYOX1	PCYOX1
LOC643669	LOC643669
MIR15B	MIR15B
CTAGE7P	CTAGE7P
ZNF223	ZNF223
IKZF5	IKZF5
LGALS4	LGALS4
LOC389603	LOC389603
C4orf3	C4orf3
BACE1-AS	BACE1-AS
OR5M3	OR5M3
CCDC67	CCDC67
RNU7-62P	RNU7-62P
OTTHUMG00000010779;RP11-313A24.1	OTTHUMG00000010779;RP11-313A24.1
BRD2	BRD2
C14orf166	C14orf166
CNOT4	CNOT4
HNRNPH1	HNRNPH1
JOSD1	JOSD1
HCG25	HCG25
HCG25	HCG25
HCG25	HCG25
HCG25	HCG25
HCG25	HCG25
AC022007.5;LOC401052;OTTHUMG00000155325	AC022007.5;LOC401052;OTTHUMG00000155325
SLC25A32	SLC25A32
LINC00918	LINC00918
GS1-251I9.3;OTTHUMG00000164020	GS1-251I9.3;OTTHUMG00000164020
SIK1	SIK1
SEMA3A	SEMA3A
AP001476.4;OTTHUMG00000090442	AP001476.4;OTTHUMG00000090442
EEFSEC	EEFSEC
TCEB3C;TCEB3CL;TCEB3CL2	TCEB3C;TCEB3CL;TCEB3CL2
DEFB106A;DEFB106B	DEFB106A;DEFB106B
CTD-2296D1.4;OTTHUMG00000161902	CTD-2296D1.4;OTTHUMG00000161902
DYRK1A	DYRK1A
MIR4492	MIR4492
PIP5K1C	PIP5K1C
ROBO4	ROBO4
TMEM89	TMEM89
TRIM8	TRIM8
MIR544A	MIR544A
CCDC146	CCDC146
OTTHUMG00000031992;RP1-122P22.2	OTTHUMG00000031992;RP1-122P22.2
IBA57	IBA57
OTTHUMG00000164814;RP11-127H5.1	OTTHUMG00000164814;RP11-127H5.1
AAR2	AAR2
C3orf35	C3orf35
ZNF826P	ZNF826P
LOC400548	LOC400548
OTTHUMG00000030382;RP1-302D9.1	OTTHUMG00000030382;RP1-302D9.1
IKBKAP	IKBKAP
ARHGAP31-AS1	ARHGAP31-AS1
LOC146880	LOC146880
TBC1D29	TBC1D29
OTTHUMG00000161590;RP11-6L6.4	OTTHUMG00000161590;RP11-6L6.4
OTTHUMG00000041087;RP11-547D24.3	OTTHUMG00000041087;RP11-547D24.3
ERVV-2	ERVV-2
OTTHUMG00000024201;RP11-66N11.7	OTTHUMG00000024201;RP11-66N11.7
OTTHUMG00000160281;RP11-302F12.3	OTTHUMG00000160281;RP11-302F12.3
KB-1208A12.3;OTTHUMG00000164797;SNORA72	KB-1208A12.3;OTTHUMG00000164797;SNORA72
PTPRVP	PTPRVP
OTTHUMG00000164201;RP11-770E5.3	OTTHUMG00000164201;RP11-770E5.3
OTTHUMG00000162359;RP11-5P22.3	OTTHUMG00000162359;RP11-5P22.3
RXFP3	RXFP3
ZSCAN12P1	ZSCAN12P1
NOP14-AS1	NOP14-AS1
RNU5E-5P	RNU5E-5P
CTB-104F4.2;MTERF;OTTHUMG00000156058	CTB-104F4.2;MTERF;OTTHUMG00000156058
LOC340107;OTTHUMG00000161889;RP11-730N24.1	LOC340107;OTTHUMG00000161889;RP11-730N24.1
MIR188	MIR188
NACC2	NACC2
MIR4633	MIR4633
CHD7	CHD7
KEAP1	KEAP1
AP003039.3;OTTHUMG00000066439	AP003039.3;OTTHUMG00000066439
TRIM49B	TRIM49B
AC073325.1;OTTHUMG00000155418	AC073325.1;OTTHUMG00000155418
TOP3B	TOP3B
HYAL4	HYAL4
OGDH	OGDH
OTTHUMG00000041435;RP4-580N22.2	OTTHUMG00000041435;RP4-580N22.2
AC004862.6;OTTHUMG00000155382	AC004862.6;OTTHUMG00000155382
OTTHUMG00000015288;RP11-809N15.2	OTTHUMG00000015288;RP11-809N15.2
C12orf74	C12orf74
C2orf69	C2orf69
PTPLB	PTPLB
RPTOR	RPTOR
OR2J1	OR2J1
CXorf40B	CXorf40B
OTTHUMG00000161378;RP11-563E2.2	OTTHUMG00000161378;RP11-563E2.2
OR6K6	OR6K6
THOC7-AS1	THOC7-AS1
ARMCX2	ARMCX2
OTTHUMG00000161151;RP11-767N15.1	OTTHUMG00000161151;RP11-767N15.1
NME5	NME5
KRTAP1-1	KRTAP1-1
CTD-2066L21.2;OTTHUMG00000162005	CTD-2066L21.2;OTTHUMG00000162005
LHX6	LHX6
IGKV2-28	IGKV2-28
ZNF222	ZNF222
SFTA2	SFTA2
ANXA2P3	ANXA2P3
LOC100506060	LOC100506060
OR2G2	OR2G2
NT5C3;NT5C3A	NT5C3;NT5C3A
CTC-348L5.1;OTTHUMG00000163561	CTC-348L5.1;OTTHUMG00000163561
C8orf69;KB-1047C11.1;OTTHUMG00000164662	C8orf69;KB-1047C11.1;OTTHUMG00000164662
LINC00552	LINC00552
OTTHUMG00000031877;RP1-278O22.2	OTTHUMG00000031877;RP1-278O22.2
CSH2	CSH2
F9	F9
C21orf128	C21orf128
HLA-DQB1;OTTHUMG00000149333;XXbac-BPG254F23.6	HLA-DQB1;OTTHUMG00000149333;XXbac-BPG254F23.6
FAM24A	FAM24A
CTC-551A13.1;OTTHUMG00000163296	CTC-551A13.1;OTTHUMG00000163296
OTTHUMG00000164124;RP11-149P24.1	OTTHUMG00000164124;RP11-149P24.1
SCN5A	SCN5A
OTTHUMG00000060826;Z69666.2	OTTHUMG00000060826;Z69666.2
AC096670.3;FLJ44006;OTTHUMG00000153643	AC096670.3;FLJ44006;OTTHUMG00000153643
CERK	CERK
VHLL	VHLL
YY1	YY1
EFCAB8	EFCAB8
GNAS	GNAS
CENPB	CENPB
TNF	TNF
TNF	TNF
TNF	TNF
TNF	TNF
TNF	TNF
TNF	TNF
TNF	TNF
SNX21	SNX21
NSFL1C	NSFL1C
TMPRSS11A	TMPRSS11A
PPP6R2	PPP6R2
OTTHUMG00000161091;RP11-724M22.1	OTTHUMG00000161091;RP11-724M22.1
MIR3653;SNORD125	MIR3653;SNORD125
OTTHUMG00000164043;RP11-359E19.1	OTTHUMG00000164043;RP11-359E19.1
SPAG9	SPAG9
AC012501.2;OTTHUMG00000153821	AC012501.2;OTTHUMG00000153821
C16orf96	C16orf96
CELA2A	CELA2A
TBC1D10B	TBC1D10B
CCDC137	CCDC137
CTD-2010I22.2;OTTHUMG00000161939	CTD-2010I22.2;OTTHUMG00000161939
OTTHUMG00000008520;RP4-604K5.1;SEP15	OTTHUMG00000008520;RP4-604K5.1;SEP15
MIR4766	MIR4766
AC079767.4;OTTHUMG00000154786	AC079767.4;OTTHUMG00000154786
SUMO1P1	SUMO1P1
SRF	SRF
LINC00844	LINC00844
AC010127.4;OTTHUMG00000154077;SCN1A	AC010127.4;OTTHUMG00000154077;SCN1A
CENPT	CENPT
ZRANB2-AS1	ZRANB2-AS1
MIR187	MIR187
PRICKLE2-AS2	PRICKLE2-AS2
DUSP18	DUSP18
NKX3-2	NKX3-2
LMNA	LMNA
MPPED2	MPPED2
MIR122;MIR3591	MIR122;MIR3591
MIR34B;MIR34C	MIR34B;MIR34C
CHRNA2	CHRNA2
OCSTAMP	OCSTAMP
PRPF39	PRPF39
ALK	ALK
MIR3122	MIR3122
OTTHUMG00000017866;RP11-218D6.4	OTTHUMG00000017866;RP11-218D6.4
ASCL4	ASCL4
PRAMEF7;PRAMEF8	PRAMEF7;PRAMEF8
LOC389033	LOC389033
HNRNPCP5	HNRNPCP5
GSPT2	GSPT2
OTTHUMG00000163249;RP11-436H11.6	OTTHUMG00000163249;RP11-436H11.6
LOC100128288	LOC100128288
IFI44L	IFI44L
OPLAH	OPLAH
KLK15	KLK15
OTTHUMG00000002408;RP11-206L10.4	OTTHUMG00000002408;RP11-206L10.4
TAOK3	TAOK3
TMEM52	TMEM52
OTTHUMG00000044645;RP3-402G11.5;SELO	OTTHUMG00000044645;RP3-402G11.5;SELO
TTC8	TTC8
IFNAR2	IFNAR2
OTTHUMG00000015045;RP11-554D15.4	OTTHUMG00000015045;RP11-554D15.4
ZNF688	ZNF688
MIR526B	MIR526B
MYCBP2-AS2	MYCBP2-AS2
CCDC50	CCDC50
OR5A1	OR5A1
HOXC-AS2	HOXC-AS2
TM4SF19-AS1	TM4SF19-AS1
OTTHUMG00000024048;RP11-227F8.2	OTTHUMG00000024048;RP11-227F8.2
CHCHD7	CHCHD7
AC062020.2;OTTHUMG00000153425	AC062020.2;OTTHUMG00000153425
CCL20	CCL20
C4orf29	C4orf29
YPEL3	YPEL3
OTTHUMG00000015781;RP1-111D6.2	OTTHUMG00000015781;RP1-111D6.2
AC010468.2;OTTHUMG00000162847	AC010468.2;OTTHUMG00000162847
MIR887	MIR887
LOC100288562;LOC101060371;LOC101060540	LOC100288562;LOC101060371;LOC101060540
OR51I1	OR51I1
MLH1	MLH1
C1orf180	C1orf180
AL132709.1;OTTHUMG00000045024	AL132709.1;OTTHUMG00000045024
GAGE12B;GAGE12C;GAGE12D;GAGE12E;GAGE12F;GAGE12G;GAGE12I;GAGE7	GAGE12B;GAGE12C;GAGE12D;GAGE12E;GAGE12F;GAGE12G;GAGE12I;GAGE7
OTTHUMG00000031890;RP4-742J24.2	OTTHUMG00000031890;RP4-742J24.2
LOC100506102;OTTHUMG00000162706;RP11-485M7.3	LOC100506102;OTTHUMG00000162706;RP11-485M7.3
RXFP4	RXFP4
KIAA1211L	KIAA1211L
AQP1;FAM188B;INMT;INMT-FAM188B	AQP1;FAM188B;INMT;INMT-FAM188B
OTTHUMG00000164954;RP11-3G20.1	OTTHUMG00000164954;RP11-3G20.1
OTTHUMG00000014883;RP11-79N23.1	OTTHUMG00000014883;RP11-79N23.1
OTTHUMG00000016683;RP11-252M21.6	OTTHUMG00000016683;RP11-252M21.6
OTTHUMG00000157112;RP11-132A1.3	OTTHUMG00000157112;RP11-132A1.3
NR4A3	NR4A3
KLK5	KLK5
PRR22	PRR22
AC005301.8;OTTHUMG00000153504	AC005301.8;OTTHUMG00000153504
BACH1;BACH1-IT1;GRIK1-AS2	BACH1;BACH1-IT1;GRIK1-AS2
CAB39	CAB39
GAGE2A;GAGE2C;GAGE2D;GAGE2E;GAGE8	GAGE2A;GAGE2C;GAGE2D;GAGE2E;GAGE8
C6orf136	C6orf136
C6orf136	C6orf136
C6orf136	C6orf136
C6orf136	C6orf136
SIK3	SIK3
FTH1P3	FTH1P3
OTTHUMG00000159355;RP11-572M11.3	OTTHUMG00000159355;RP11-572M11.3
OTTHUMG00000163857;RP11-13N12.2	OTTHUMG00000163857;RP11-13N12.2
ABHD11-AS1;LINC00035	ABHD11-AS1;LINC00035
AURKAPS1;RAB3GAP2	AURKAPS1;RAB3GAP2
MIR3651;SNORA84	MIR3651;SNORA84
OR10X1	OR10X1
COBLL1	COBLL1
AGMAT	AGMAT
KRTAP9-7	KRTAP9-7
DNAJC7	DNAJC7
LY6G6D;LY6G6F	LY6G6D;LY6G6F
LY6G6D;LY6G6F	LY6G6D;LY6G6F
LY6G6D;LY6G6F	LY6G6D;LY6G6F
MIR3605;PHC2	MIR3605;PHC2
PDCL2	PDCL2
MIR3155B	MIR3155B
OTTHUMG00000162989;RP11-257I8.2	OTTHUMG00000162989;RP11-257I8.2
CADM1	CADM1
CIZ1	CIZ1
OTTHUMG00000001805;RP11-84A14.4	OTTHUMG00000001805;RP11-84A14.4
HIST1H2AA	HIST1H2AA
SPATA13-AS1	SPATA13-AS1
SCD5	SCD5
ADCK5	ADCK5
LOC100996620;ZNF644	LOC100996620;ZNF644
AC069257.8;OTTHUMG00000155671	AC069257.8;OTTHUMG00000155671
OTTHUMG00000161633;RP11-121L11.2	OTTHUMG00000161633;RP11-121L11.2
FAM166A	FAM166A
C11orf53	C11orf53
OR2Z1	OR2Z1
TAF1L	TAF1L
CLEC16A	CLEC16A
SMIM5	SMIM5
ZNF2	ZNF2
CITF22-49D8.1;OTTHUMG00000150328	CITF22-49D8.1;OTTHUMG00000150328
MIR4663	MIR4663
NPVF	NPVF
SGMS2	SGMS2
CMKLR1	CMKLR1
UGT2B11	UGT2B11
OTTHUMG00000002490;RP4-798A10.4	OTTHUMG00000002490;RP4-798A10.4
LOC286094;OTTHUMG00000164328;RP11-452N4.1	LOC286094;OTTHUMG00000164328;RP11-452N4.1
CTB-174D11.2;OTTHUMG00000163056	CTB-174D11.2;OTTHUMG00000163056
PRPF3	PRPF3
LARP6	LARP6
OTTHUMG00000014990;RP11-462G2.2	OTTHUMG00000014990;RP11-462G2.2
RASGRP1	RASGRP1
MYADML	MYADML
KLF11	KLF11
AC092580.3;OTTHUMG00000151592	AC092580.3;OTTHUMG00000151592
MIR16-2	MIR16-2
OTTHUMG00000158937;RP11-373E16.4	OTTHUMG00000158937;RP11-373E16.4
HNRNPCL1;HNRNPCP5;LOC101060301;LOC649330	HNRNPCL1;HNRNPCP5;LOC101060301;LOC649330
LRRC3C	LRRC3C
FAM134C	FAM134C
UBE2Z	UBE2Z
OR4K5	OR4K5
ATM	ATM
CYP24A1	CYP24A1
LEMD1	LEMD1
OTTHUMG00000032150;RP3-410C9.2	OTTHUMG00000032150;RP3-410C9.2
MT1DP	MT1DP
HHIP	HHIP
LY6G6C	LY6G6C
LY6G6C	LY6G6C
LY6G6C	LY6G6C
LY6G6C	LY6G6C
LY6G6C	LY6G6C
LY6G6C	LY6G6C
C1GALT1C1	C1GALT1C1
OTTHUMG00000032990;RP4-583P15.11	OTTHUMG00000032990;RP4-583P15.11
ASPG	ASPG
KRTAP4-8	KRTAP4-8
POU1F1	POU1F1
STARD6	STARD6
SIRT6	SIRT6
C14orf93	C14orf93
SLC5A10	SLC5A10
MIR3689D2	MIR3689D2
AC142119.1;OTTHUMG00000151742	AC142119.1;OTTHUMG00000151742
OTTHUMG00000067215;RP11-160N1.10	OTTHUMG00000067215;RP11-160N1.10
TAS2R46	TAS2R46
FAHD2B;FAHD2CP	FAHD2B;FAHD2CP
PPP1R36	PPP1R36
LOC100996444;OTTHUMG00000162229;RP11-473L15.3	LOC100996444;OTTHUMG00000162229;RP11-473L15.3
MIR4718	MIR4718
CCDC8	CCDC8
CTSL1P2	CTSL1P2
AC064852.4;OTTHUMG00000153291	AC064852.4;OTTHUMG00000153291
LOC100509195;OTTHUMG00000013881;RP4-565E6.1	LOC100509195;OTTHUMG00000013881;RP4-565E6.1
ART5	ART5
PHOSPHO2	PHOSPHO2
NMRK1	NMRK1
MIR570	MIR570
OTTHUMG00000017173;RP11-143O10.1	OTTHUMG00000017173;RP11-143O10.1
hsa-mir-892c	hsa-mir-892c
OTTHUMG00000015922;RP1-111C20.3	OTTHUMG00000015922;RP1-111C20.3
USP3-AS1	USP3-AS1
LOC100506538;NDUFAF6	LOC100506538;NDUFAF6
CDPF1	CDPF1
NDUFS3	NDUFS3
MIR3661	MIR3661
AC018685.2;OTTHUMG00000151394	AC018685.2;OTTHUMG00000151394
LOC100506229;OTTHUMG00000160603;RP11-701P16.4	LOC100506229;OTTHUMG00000160603;RP11-701P16.4
TSSK1B	TSSK1B
TUSC1	TUSC1
OR4D1	OR4D1
RPS28	RPS28
OTTHUMG00000019020;RP11-215N21.1	OTTHUMG00000019020;RP11-215N21.1
MIR1323	MIR1323
SF3A1	SF3A1
PTGES3P3	PTGES3P3
PRKAR1B	PRKAR1B
ZNF883	ZNF883
MIR3926-2	MIR3926-2
CTD-2256P15.1;OTTHUMG00000161772	CTD-2256P15.1;OTTHUMG00000161772
NUDT1	NUDT1
DDX39B-AS1	DDX39B-AS1
OTTHUMG00000137359;XXbac-BPG296P20.15	OTTHUMG00000137359;XXbac-BPG296P20.15
CTAGE11P	CTAGE11P
LENEP	LENEP
NUCB1-AS1	NUCB1-AS1
CXCR6	CXCR6
RASD1	RASD1
AC020743.4;OTTHUMG00000155881	AC020743.4;OTTHUMG00000155881
OTTHUMG00000016843;RP11-321C24.1	OTTHUMG00000016843;RP11-321C24.1
KCNE1	KCNE1
U2AF1	U2AF1
FAM197Y3	FAM197Y3
RIMKLA	RIMKLA
THEGL	THEGL
MIR759	MIR759
OTTHUMG00000012337;OTTHUMG00000012338;RP4-712E4.1;RP4-712E4.2	OTTHUMG00000012337;OTTHUMG00000012338;RP4-712E4.1;RP4-712E4.2
LINC00684;LOC100132304;OTTHUMG00000035613;RP1-172N19.1	LINC00684;LOC100132304;OTTHUMG00000035613;RP1-172N19.1
FAM229A	FAM229A
PHKA2-AS1	PHKA2-AS1
TAF5L	TAF5L
C3orf83	C3orf83
OTTHUMG00000014741;RP3-337H4.8	OTTHUMG00000014741;RP3-337H4.8
P2RY1	P2RY1
LOC154092;OTTHUMG00000015616;RP11-557H15.2	LOC154092;OTTHUMG00000015616;RP11-557H15.2
MIR3908	MIR3908
MIR509-1;MIR509-2	MIR509-1;MIR509-2
LY6K	LY6K
IGHV3-9	IGHV3-9
OTTHUMG00000163849;RP11-521M14.1	OTTHUMG00000163849;RP11-521M14.1
GFPT2	GFPT2
IQCF5-AS1	IQCF5-AS1
NXPE4	NXPE4
OTTHUMG00000161765;RP11-125O18.1	OTTHUMG00000161765;RP11-125O18.1
OTTHUMG00000019464;RP11-358M14.2	OTTHUMG00000019464;RP11-358M14.2
LINC00297	LINC00297
PLEKHA1	PLEKHA1
FAM32A	FAM32A
ASAH2B	ASAH2B
RNA5SP117	RNA5SP117
LOC100652791	LOC100652791
C7orf69	C7orf69
DNMT3B	DNMT3B
HLA-C	HLA-C
OTTHUMG00000159480;RP11-65N13.8	OTTHUMG00000159480;RP11-65N13.8
EXT1	EXT1
RGS22	RGS22
ZNF566	ZNF566
FAM46B	FAM46B
OTTHUMG00000158384;RP11-71H9.2	OTTHUMG00000158384;RP11-71H9.2
PBX2	PBX2
KLF5	KLF5
MIR1909;REXO1	MIR1909;REXO1
OR6N2	OR6N2
LOC375196	LOC375196
LOC440700	LOC440700
LOC100169752;OTTHUMG00000019227;RP11-118H17.1	LOC100169752;OTTHUMG00000019227;RP11-118H17.1
STAC3	STAC3
SREK1	SREK1
ELMO2	ELMO2
CR1L	CR1L
OR2L13	OR2L13
LOC100505474	LOC100505474
FKBP5	FKBP5
MAGEB16	MAGEB16
C11orf48	C11orf48
SFR1	SFR1
ZC2HC1C	ZC2HC1C
CPN2	CPN2
KRTAP7-1	KRTAP7-1
ANKRD26P1	ANKRD26P1
CTA-929C8.7;OTTHUMG00000150956	CTA-929C8.7;OTTHUMG00000150956
LINC00612	LINC00612
RGR	RGR
C1orf98;LINC00862;SMIM16	C1orf98;LINC00862;SMIM16
AC139887.4;OTTHUMG00000150498	AC139887.4;OTTHUMG00000150498
LOC100506189;OTTHUMG00000019514;RP11-218I7.2	LOC100506189;OTTHUMG00000019514;RP11-218I7.2
AC006372.6;OTTHUMG00000152640	AC006372.6;OTTHUMG00000152640
AC006547.8;OTTHUMG00000150489	AC006547.8;OTTHUMG00000150489
KRT8P41	KRT8P41
SPAG11A;SPAG11B	SPAG11A;SPAG11B
GORASP1	GORASP1
GRXCR2	GRXCR2
ARL4D	ARL4D
UGT2B10	UGT2B10
WNK4	WNK4
CLGN	CLGN
PABPC3	PABPC3
SALL1	SALL1
POM121L2	POM121L2
GFOD1-AS1	GFOD1-AS1
OTTHUMG00000031862;RP11-416N4.4	OTTHUMG00000031862;RP11-416N4.4
HTR3D	HTR3D
MEPCE	MEPCE
AL450992.2;LOC100132111;OTTHUMG00000013071	AL450992.2;LOC100132111;OTTHUMG00000013071
CTD-2201E9.4;OTTHUMG00000161754	CTD-2201E9.4;OTTHUMG00000161754
C18orf8	C18orf8
TRNAI6	TRNAI6
OTTHUMG00000161221;RP11-192C21.2	OTTHUMG00000161221;RP11-192C21.2
LSAMP-AS1	LSAMP-AS1
VN1R2	VN1R2
ZNF337	ZNF337
AC012451.1;OTTHUMG00000153416	AC012451.1;OTTHUMG00000153416
TMEM105	TMEM105
ZFAT-AS1	ZFAT-AS1
MTERFD1	MTERFD1
KBTBD4	KBTBD4
HLA-C	HLA-C
HLA-C	HLA-C
CTC-806A22.1;OTTHUMG00000163476	CTC-806A22.1;OTTHUMG00000163476
BCL2L11	BCL2L11
NCR3	NCR3
LINC00189	LINC00189
TRNAU1AP	TRNAU1AP
LMOD3	LMOD3
MRPL24	MRPL24
C6orf15	C6orf15
C6orf15	C6orf15
C6orf15	C6orf15
C6orf15	C6orf15
HPDL	HPDL
OTTHUMG00000017761;RP11-383B4.4	OTTHUMG00000017761;RP11-383B4.4
RNA5SP363	RNA5SP363
EHBP1L1	EHBP1L1
GPX2	GPX2
TMEM132A	TMEM132A
MIR4322	MIR4322
SRA1	SRA1
SETD5-AS1	SETD5-AS1
AL592494.1;OTTHUMG00000013087	AL592494.1;OTTHUMG00000013087
LOC100507291;OTTHUMG00000159955;RP11-319G6.1	LOC100507291;OTTHUMG00000159955;RP11-319G6.1
ZBTB42	ZBTB42
OTTHUMG00000161737;RP11-12K22.1	OTTHUMG00000161737;RP11-12K22.1
AC007126.1;OTTHUMG00000160355	AC007126.1;OTTHUMG00000160355
CTC-261N6.2;OTTHUMG00000162584	CTC-261N6.2;OTTHUMG00000162584
TMEM171	TMEM171
AC097461.4;OTTHUMG00000153390	AC097461.4;OTTHUMG00000153390
ACER1	ACER1
ESX1	ESX1
MIR4462	MIR4462
OTTHUMG00000019446;RP11-91N2.3	OTTHUMG00000019446;RP11-91N2.3
FABP4	FABP4
COL4A2-AS1	COL4A2-AS1
C10orf85	C10orf85
TRDV1	TRDV1
OTTHUMG00000164806;RP11-778D12.2	OTTHUMG00000164806;RP11-778D12.2
IFNA17	IFNA17
CTD-2026A21.1;OTTHUMG00000161963	CTD-2026A21.1;OTTHUMG00000161963
SPRED1	SPRED1
RPP25	RPP25
CLK3	CLK3
MLC1	MLC1
AC105393.1;OTTHUMG00000151367	AC105393.1;OTTHUMG00000151367
MIR100	MIR100
KRTAP11-1	KRTAP11-1
LAMC2	LAMC2
FAM216B	FAM216B
AP1S1	AP1S1
CELA3B	CELA3B
IFI27	IFI27
OTTHUMG00000157379;RP5-1070G24.2	OTTHUMG00000157379;RP5-1070G24.2
SLC2A11	SLC2A11
ST13	ST13
CHD2;LOC100507217;MIR3175	CHD2;LOC100507217;MIR3175
LRRC9	LRRC9
OTTHUMG00000162982;RP11-359P5.1	OTTHUMG00000162982;RP11-359P5.1
AC006372.4;OTTHUMG00000152642	AC006372.4;OTTHUMG00000152642
AATK-AS1	AATK-AS1
ZNF143	ZNF143
TMPRSS11D	TMPRSS11D
OTTHUMG00000164436;RP11-333A23.3	OTTHUMG00000164436;RP11-333A23.3
MAP4K2	MAP4K2
LINC00593	LINC00593
MIR4490	MIR4490
OTTHUMG00000163792;RP11-156K13.3	OTTHUMG00000163792;RP11-156K13.3
OTTHUMG00000028600;RP11-312J18.6	OTTHUMG00000028600;RP11-312J18.6
OR11H1;OR11H2	OR11H1;OR11H2
HYDIN;LOC101060699	HYDIN;LOC101060699
ACP6;LOC101060704	ACP6;LOC101060704
AC093415.2;OTTHUMG00000155924	AC093415.2;OTTHUMG00000155924
GTDC2	GTDC2
RNU7-55P	RNU7-55P
MAP3K1	MAP3K1
OR7D1P	OR7D1P
IL12A	IL12A
CTD-2373N4.5;OTTHUMG00000163935	CTD-2373N4.5;OTTHUMG00000163935
C14orf142	C14orf142
AC097517.2;LOC100506216;OTTHUMG00000151631	AC097517.2;LOC100506216;OTTHUMG00000151631
PLGRKT	PLGRKT
OTTHUMG00000161349;RP11-714L20.1	OTTHUMG00000161349;RP11-714L20.1
MAPK7	MAPK7
KIAA0430	KIAA0430
NAPEPLD	NAPEPLD
MIR720	MIR720
ZBTB22	ZBTB22
SNORD16	SNORD16
OR7E87P	OR7E87P
DHRS9	DHRS9
LRRC14B	LRRC14B
AC092573.3;OTTHUMG00000154108	AC092573.3;OTTHUMG00000154108
CST6	CST6
AC011298.2;OTTHUMG00000152264	AC011298.2;OTTHUMG00000152264
AC068196.1;OTTHUMG00000154203	AC068196.1;OTTHUMG00000154203
OTTHUMG00000036552;RP11-328D5.1	OTTHUMG00000036552;RP11-328D5.1
OTTHUMG00000035181;RP11-540K16.2	OTTHUMG00000035181;RP11-540K16.2
KIAA1462	KIAA1462
CSTF3	CSTF3
FAM126A	FAM126A
AC113167.1;OTTHUMG00000162603	AC113167.1;OTTHUMG00000162603
MIR613	MIR613
MRPS18B	MRPS18B
CTC-321K16.1;OTTHUMG00000163105	CTC-321K16.1;OTTHUMG00000163105
SRFBP1	SRFBP1
AP000221.1;OTTHUMG00000078370	AP000221.1;OTTHUMG00000078370
OTTHUMG00000031696;RP4-686C3.7	OTTHUMG00000031696;RP4-686C3.7
AC006028.10;AMZ1;OTTHUMG00000152110	AC006028.10;AMZ1;OTTHUMG00000152110
OTTHUMG00000014347;RP1-309H15.2	OTTHUMG00000014347;RP1-309H15.2
CLN5	CLN5
PHF23	PHF23
ZNF257	ZNF257
OTTHUMG00000015400;RP11-346D19.1	OTTHUMG00000015400;RP11-346D19.1
C19orf52	C19orf52
CTD-2046I8.1;OTTHUMG00000161645	CTD-2046I8.1;OTTHUMG00000161645
RNASE10	RNASE10
GGT8P	GGT8P
MIR212	MIR212
OTTHUMG00000141312;RP11-75C23.1	OTTHUMG00000141312;RP11-75C23.1
OTTHUMG00000161304;RP11-713M6.2	OTTHUMG00000161304;RP11-713M6.2
OTTHUMG00000019527;RP11-390F4.10	OTTHUMG00000019527;RP11-390F4.10
CXorf58	CXorf58
OTTHUMG00000037165;RP11-103C3.1	OTTHUMG00000037165;RP11-103C3.1
DSE;LOC100506496;OTTHUMG00000015433;OTTHUMG00000015435;RP1-93H18.1;RP3-486I3.7	DSE;LOC100506496;OTTHUMG00000015433;OTTHUMG00000015435;RP1-93H18.1;RP3-486I3.7
OTTHUMG00000042097;RP11-93N20.1	OTTHUMG00000042097;RP11-93N20.1
C9orf38	C9orf38
OTTHUMG00000015193;PM20D2;RP11-63L7.4	OTTHUMG00000015193;PM20D2;RP11-63L7.4
OR8K5	OR8K5
GATA6	GATA6
OTTHUMG00000024096;RP11-157D23.1	OTTHUMG00000024096;RP11-157D23.1
SLC27A6	SLC27A6
FANCE	FANCE
DMBX1	DMBX1
LOC100507346	LOC100507346
OTTHUMG00000020560;RP11-388N2.1	OTTHUMG00000020560;RP11-388N2.1
SLC23A3	SLC23A3
LANCL3	LANCL3
OTTHUMG00000015126;RP11-132M7.1;TBX18	OTTHUMG00000015126;RP11-132M7.1;TBX18
ITM2A	ITM2A
DDX50	DDX50
TEX2	TEX2
OTTHUMG00000031835;RP4-764O22.1	OTTHUMG00000031835;RP4-764O22.1
STK24-AS1	STK24-AS1
OTTHUMG00000013277;RP11-327I22.8	OTTHUMG00000013277;RP11-327I22.8
EMBP1	EMBP1
MIR3158-2	MIR3158-2
OTTHUMG00000014086;RP11-495P10.2	OTTHUMG00000014086;RP11-495P10.2
SFMBT2	SFMBT2
OTTHUMG00000160972;RP11-476C8.3	OTTHUMG00000160972;RP11-476C8.3
OTTHUMG00000160686;RP11-402C9.1	OTTHUMG00000160686;RP11-402C9.1
GAGE12B;GAGE12C;GAGE12D;GAGE12F;GAGE12G;GAGE12I;GAGE4;GAGE5;GAGE6;GAGE7	GAGE12B;GAGE12C;GAGE12D;GAGE12F;GAGE12G;GAGE12I;GAGE4;GAGE5;GAGE6;GAGE7
GAGE12B;GAGE12C;GAGE12D;GAGE12F;GAGE12G;GAGE12I;GAGE4;GAGE5;GAGE6;GAGE7	GAGE12B;GAGE12C;GAGE12D;GAGE12F;GAGE12G;GAGE12I;GAGE4;GAGE5;GAGE6;GAGE7
GLIS3-AS1	GLIS3-AS1
CTD-2201E9.2;OTTHUMG00000161717	CTD-2201E9.2;OTTHUMG00000161717
MFSD6L	MFSD6L
AC004603.4;LOC100289650;OTTHUMG00000151551	AC004603.4;LOC100289650;OTTHUMG00000151551
OTTHUMG00000155076;RP13-1039J1.3	OTTHUMG00000155076;RP13-1039J1.3
ATP5I	ATP5I
SLC23A2	SLC23A2
OTTHUMG00000041339;RP11-275I14.4	OTTHUMG00000041339;RP11-275I14.4
BAIAP3	BAIAP3
OR51B2	OR51B2
OR6C4	OR6C4
PEG10	PEG10
SPAG16	SPAG16
LINC00545	LINC00545
OTTHUMG00000163214;RP11-114H21.2	OTTHUMG00000163214;RP11-114H21.2
LOC100505729;VPS8	LOC100505729;VPS8
OTTHUMG00000162304;RP11-155L15.1	OTTHUMG00000162304;RP11-155L15.1
IFT20	IFT20
SLC35E2B	SLC35E2B
ASMTL	ASMTL
IGLV3-16	IGLV3-16
CDHR1	CDHR1
MIR301B	MIR301B
CTB-78H18.1;OTTHUMG00000163264	CTB-78H18.1;OTTHUMG00000163264
BNIPL	BNIPL
LOC100505991;PIGC	LOC100505991;PIGC
TCEA3	TCEA3
SDR9C7	SDR9C7
FOS	FOS
CLLU1	CLLU1
RNF122	RNF122
DNAJB1	DNAJB1
OTTHUMG00000018457;RP11-152N13.12	OTTHUMG00000018457;RP11-152N13.12
FOXP1-IT1	FOXP1-IT1
SPRED3	SPRED3
GPR156	GPR156
LOC100508383;OTTHUMG00000156732;RP11-433C9.2	LOC100508383;OTTHUMG00000156732;RP11-433C9.2
PPP1R32	PPP1R32
CABS1	CABS1
CYLC1	CYLC1
IGHV2-70	IGHV2-70
COX10-AS1;LOC100506974	COX10-AS1;LOC100506974
MIR646	MIR646
LTB	LTB
ID2B	ID2B
CUL2	CUL2
PDIA3P	PDIA3P
NHLH1	NHLH1
ATG3	ATG3
ZCCHC5	ZCCHC5
OTTHUMG00000156394;RP11-30O15.1	OTTHUMG00000156394;RP11-30O15.1
RNU7-30P	RNU7-30P
PRMT8	PRMT8
SMAD6	SMAD6
CACYBP	CACYBP
CD96	CD96
LCA5L	LCA5L
OTTHUMG00000163009;RP11-395P13.3	OTTHUMG00000163009;RP11-395P13.3
MIR4752	MIR4752
MYB-AS1	MYB-AS1
CYB561A3	CYB561A3
OTTHUMG00000162786;RP11-1072N2.3	OTTHUMG00000162786;RP11-1072N2.3
SIX6	SIX6
CC2D1B	CC2D1B
AC009502.3;OTTHUMG00000059376	AC009502.3;OTTHUMG00000059376
SYT2	SYT2
AC068134.8;OTTHUMG00000153355	AC068134.8;OTTHUMG00000153355
CCR5	CCR5
DDX21	DDX21
OTTHUMG00000164604;RP11-731N10.1	OTTHUMG00000164604;RP11-731N10.1
MLPH	MLPH
PRR9	PRR9
LINC00268	LINC00268
RTDR1	RTDR1
ATP6V0C	ATP6V0C
OTTHUMG00000015659;RP11-95M15.1	OTTHUMG00000015659;RP11-95M15.1
C1QBP	C1QBP
CYP4Z2P	CYP4Z2P
LOC100507003	LOC100507003
OTTHUMG00000041421;RP11-365O16.6	OTTHUMG00000041421;RP11-365O16.6
C9orf139	C9orf139
RHOXF2;RHOXF2B;ZBTB33	RHOXF2;RHOXF2B;ZBTB33
FBXO7	FBXO7
MIR136	MIR136
IGHV4-59	IGHV4-59
TMEM235	TMEM235
AC104135.4;OTTHUMG00000152931	AC104135.4;OTTHUMG00000152931
TRIM51	TRIM51
OTTHUMG00000020564;RP11-281A20.2	OTTHUMG00000020564;RP11-281A20.2
HS6ST1	HS6ST1
LOC100996524;OTTHUMG00000150297;RP5-983L19.2	LOC100996524;OTTHUMG00000150297;RP5-983L19.2
KLF17	KLF17
PXK	PXK
LOC100509091;OTTHUMG00000024203;U82695.9	LOC100509091;OTTHUMG00000024203;U82695.9
MIR103A1;MIR103B1	MIR103A1;MIR103B1
EXOC4	EXOC4
LOC100653194;LOC100653231;SIRPB1	LOC100653194;LOC100653231;SIRPB1
OTTHUMG00000014792;RP11-268F1.3	OTTHUMG00000014792;RP11-268F1.3
PNO1	PNO1
EARS2	EARS2
ZNF594	ZNF594
OTTHUMG00000021532;RP11-348F1.2	OTTHUMG00000021532;RP11-348F1.2
TFG	TFG
AC096649.3;OTTHUMG00000154232	AC096649.3;OTTHUMG00000154232
AP000959.2;OTTHUMG00000078247	AP000959.2;OTTHUMG00000078247
VN1R4	VN1R4
OTTHUMG00000016846;RP11-290D2.3	OTTHUMG00000016846;RP11-290D2.3
OTTHUMG00000164031;RP11-662B19.2	OTTHUMG00000164031;RP11-662B19.2
CCNB1IP1	CCNB1IP1
AC093901.1;LOC100506797;OTTHUMG00000153418	AC093901.1;LOC100506797;OTTHUMG00000153418
OTTHUMG00000164347;RP11-18A15.1	OTTHUMG00000164347;RP11-18A15.1
KIFC1	KIFC1
LOC100506154;OTTHUMG00000160736;RP11-161D15.1	LOC100506154;OTTHUMG00000160736;RP11-161D15.1
LOC400756;OTTHUMG00000009136;RP11-230B22.1	LOC400756;OTTHUMG00000009136;RP11-230B22.1
C16orf72	C16orf72
OR2J3	OR2J3
AC012065.4;OTTHUMG00000151781	AC012065.4;OTTHUMG00000151781
LTB	LTB
LTB	LTB
LTB	LTB
LTB	LTB
LTB	LTB
SETD9	SETD9
SOST	SOST
TTC7B	TTC7B
AP001062.9;OTTHUMG00000086923	AP001062.9;OTTHUMG00000086923
LOC645638	LOC645638
TRAV13-1	TRAV13-1
MIR375	MIR375
OR2A7	OR2A7
MIRLET7F2	MIRLET7F2
OTTHUMG00000156604;RP11-134F2.2	OTTHUMG00000156604;RP11-134F2.2
OTTHUMG00000014182;RP3-380B8.4	OTTHUMG00000014182;RP3-380B8.4
BMP15	BMP15
GAGE12B;GAGE2B;GAGE2C	GAGE12B;GAGE2B;GAGE2C
PCNXL4	PCNXL4
CRYAB	CRYAB
MTMR9	MTMR9
SCARNA20	SCARNA20
CES5AP1	CES5AP1
RASL12	RASL12
DUSP4	DUSP4
AC011306.2;OTTHUMG00000152029	AC011306.2;OTTHUMG00000152029
ZCCHC4	ZCCHC4
FASTKD3	FASTKD3
CSDE1	CSDE1
C14orf39	C14orf39
RNF181	RNF181
MIR4781;TCEANC2	MIR4781;TCEANC2
CYSLTR2	CYSLTR2
PRKCQ	PRKCQ
IFI44	IFI44
NUPL2	NUPL2
OR7E12P	OR7E12P
LOC100507032	LOC100507032
ACADSB	ACADSB
CDK2AP2	CDK2AP2
OPA1	OPA1
C14orf28	C14orf28
TNFRSF17	TNFRSF17
LYRM9	LYRM9
LRRC28	LRRC28
C15orf41	C15orf41
MIR3129	MIR3129
KRT17	KRT17
ST7L	ST7L
SLC38A8	SLC38A8
GPR142	GPR142
LOC100506100;OTTHUMG00000020758;RP11-545E17.3	LOC100506100;OTTHUMG00000020758;RP11-545E17.3
OTTHUMG00000018545;RP13-39P12.3	OTTHUMG00000018545;RP13-39P12.3
PRSS38	PRSS38
PRAMEF12	PRAMEF12
SERINC3	SERINC3
OTTHUMG00000020654;RP11-10J18.3	OTTHUMG00000020654;RP11-10J18.3
ADAMTS15	ADAMTS15
OTTHUMG00000156011;RP11-761N21.1	OTTHUMG00000156011;RP11-761N21.1
PLXNA2	PLXNA2
LRRC63	LRRC63
OTTHUMG00000158358;RP11-875H7.2	OTTHUMG00000158358;RP11-875H7.2
MIR559	MIR559
CFL1P3	CFL1P3
MIR3201	MIR3201
VBP1	VBP1
PKMYT1	PKMYT1
OTTHUMG00000161340;RP11-223C24.2	OTTHUMG00000161340;RP11-223C24.2
OR10A6	OR10A6
AP000304.2;DONSON;OTTHUMG00000065868	AP000304.2;DONSON;OTTHUMG00000065868
OR1S2	OR1S2
PAMR1	PAMR1
RYBP	RYBP
CREB3L1	CREB3L1
OTTHUMG00000032525;OTTHUMG00000032527;RP5-881L22.4;RP5-881L22.6	OTTHUMG00000032525;OTTHUMG00000032527;RP5-881L22.4;RP5-881L22.6
MIR3119-1	MIR3119-1
OPCML-IT1	OPCML-IT1
SNHG1;SNORD22;SNORD25;SNORD26;SNORD27;SNORD28;SNORD29;SNORD30;SNORD31	SNHG1;SNORD22;SNORD25;SNORD26;SNORD27;SNORD28;SNORD29;SNORD30;SNORD31
OPN1SW	OPN1SW
CD83	CD83
ZKSCAN3	ZKSCAN3
OTTHUMG00000161783;RP11-124N3.2	OTTHUMG00000161783;RP11-124N3.2
AC008697.1;LOC285626;OTTHUMG00000163541	AC008697.1;LOC285626;OTTHUMG00000163541
SLFN12L	SLFN12L
PRB1	PRB1
ZNF689	ZNF689
CTD-2308B18.2;OTTHUMG00000162993	CTD-2308B18.2;OTTHUMG00000162993
A4GNT	A4GNT
NUDT7	NUDT7
CCDC127;CTD-2083E4.4;OTTHUMG00000161585	CCDC127;CTD-2083E4.4;OTTHUMG00000161585
ABCB11	ABCB11
SPIB	SPIB
AC132217.4;IGF2;INS;INS-IGF2;OTTHUMG00000009394	AC132217.4;IGF2;INS;INS-IGF2;OTTHUMG00000009394
KIAA0040	KIAA0040
TCEB3B	TCEB3B
SCRT1	SCRT1
HES6	HES6
RFTN1	RFTN1
KAZALD1	KAZALD1
CTA-292E10.6;OTTHUMG00000151093	CTA-292E10.6;OTTHUMG00000151093
CTF1	CTF1
ZNF12	ZNF12
LINC00244	LINC00244
KCNH4	KCNH4
EIF2B5-AS1	EIF2B5-AS1
BAT4;GPANK1;OTTHUMG00000031465	BAT4;GPANK1;OTTHUMG00000031465
ALG1L13P	ALG1L13P
OTTHUMG00000032470;RP11-101E14.3	OTTHUMG00000032470;RP11-101E14.3
CCDC142	CCDC142
ATP2C2	ATP2C2
OTTHUMG00000163825;RP11-804N13.1	OTTHUMG00000163825;RP11-804N13.1
OTTHUMG00000019476;RCL1;RP11-125K10.4	OTTHUMG00000019476;RCL1;RP11-125K10.4
GAL3ST3	GAL3ST3
ZNF710	ZNF710
C1orf191	C1orf191
WFDC12	WFDC12
SNRNP48	SNRNP48
PDE3A	PDE3A
SNORD58A	SNORD58A
LOC100129361	LOC100129361
CKAP5	CKAP5
TRIM64	TRIM64
TCHH	TCHH
GLRX5	GLRX5
CYP39A1	CYP39A1
RCAN1	RCAN1
TLE1P1	TLE1P1
THPO	THPO
MRPL45P2	MRPL45P2
CD3G	CD3G
ARHGEF3	ARHGEF3
AC018462.2;OTTHUMG00000152512	AC018462.2;OTTHUMG00000152512
LOC100130348	LOC100130348
FAM86A	FAM86A
SLC41A1	SLC41A1
RALGPS2	RALGPS2
KRTAP16-1	KRTAP16-1
ZFP30	ZFP30
AC046143.3;OTTHUMG00000156018	AC046143.3;OTTHUMG00000156018
RGS16	RGS16
C10orf47;PROSER2	C10orf47;PROSER2
OR5B17	OR5B17
MPP2	MPP2
OTTHUMG00000160643;RP11-89B16.1	OTTHUMG00000160643;RP11-89B16.1
ZNF592	ZNF592
CRAT	CRAT
OTTHUMG00000161792;RP1-251I12.1	OTTHUMG00000161792;RP1-251I12.1
LELP1	LELP1
MIR1265	MIR1265
LOC100506532;OTTHUMG00000020886;RP11-473E2.4	LOC100506532;OTTHUMG00000020886;RP11-473E2.4
AC008163.4;OTTHUMG00000155412	AC008163.4;OTTHUMG00000155412
OXER1	OXER1
ZIC4	ZIC4
MTSS1L	MTSS1L
MIR4281	MIR4281
COX7A2L	COX7A2L
AC008834.1;OTTHUMG00000162711	AC008834.1;OTTHUMG00000162711
OTTHUMG00000014573;RP3-340B19.3	OTTHUMG00000014573;RP3-340B19.3
MRPL2	MRPL2
AC091770.3;OTTHUMG00000155841	AC091770.3;OTTHUMG00000155841
NMNAT3	NMNAT3
RAET1K	RAET1K
ZNF341	ZNF341
KCNK18	KCNK18
ZNF98	ZNF98
GS1-39E22.2;OTTHUMG00000165055	GS1-39E22.2;OTTHUMG00000165055
MIR548O	MIR548O
ZSCAN4	ZSCAN4
LINC00422	LINC00422
RNF113B	RNF113B
EPAS1	EPAS1
LOC100505812	LOC100505812
SNORA22	SNORA22
SH3GL1P1	SH3GL1P1
OPRM1	OPRM1
OTTHUMG00000160880;RP11-100N20.1	OTTHUMG00000160880;RP11-100N20.1
AP000474.1;OTTHUMG00000078274	AP000474.1;OTTHUMG00000078274
SAA3P	SAA3P
MIA	MIA
FLJ46066;OTTHUMG00000158294;RP11-139K4.1	FLJ46066;OTTHUMG00000158294;RP11-139K4.1
APCS	APCS
LINC00302	LINC00302
AC078851.1;OTTHUMG00000153650	AC078851.1;OTTHUMG00000153650
LOC100500773	LOC100500773
NPS	NPS
DPYD	DPYD
OTTHUMG00000157233;RP11-114M1.2	OTTHUMG00000157233;RP11-114M1.2
HIST1H4A;HIST1H4B;HIST1H4C;HIST1H4D;HIST1H4E;HIST1H4F;HIST1H4H;HIST1H4I;HIST1H4J;HIST1H4K;HIST1H4L;HIST2H4A;HIST2H4B;HIST4H4	HIST1H4A;HIST1H4B;HIST1H4C;HIST1H4D;HIST1H4E;HIST1H4F;HIST1H4H;HIST1H4I;HIST1H4J;HIST1H4K;HIST1H4L;HIST2H4A;HIST2H4B;HIST4H4
ZCWPW2	ZCWPW2
OTTHUMG00000017337;RP11-460H14.1	OTTHUMG00000017337;RP11-460H14.1
LINC00404	LINC00404
CREB3L3	CREB3L3
GIF	GIF
OTTHUMG00000035180;RP11-540K16.1	OTTHUMG00000035180;RP11-540K16.1
RSL1D1	RSL1D1
OTTHUMG00000037511;RP4-591L5.2	OTTHUMG00000037511;RP4-591L5.2
GDPD4	GDPD4
OTTHUMG00000158107;RP5-1157M23.2	OTTHUMG00000158107;RP5-1157M23.2
MAP2K1	MAP2K1
FBXO22-AS1	FBXO22-AS1
ERCC8	ERCC8
SNORD82	SNORD82
AC114730.2;OTTHUMG00000151392	AC114730.2;OTTHUMG00000151392
CTC-359M8.1;OTTHUMG00000163435	CTC-359M8.1;OTTHUMG00000163435
GCNT2	GCNT2
DARS	DARS
DPYSL4	DPYSL4
DGCR6L	DGCR6L
CRYZL1	CRYZL1
OTTHUMG00000003065;RP11-169K16.3;TMEM82	OTTHUMG00000003065;RP11-169K16.3;TMEM82
RPA3	RPA3
MAN1A2	MAN1A2
OR6P1	OR6P1
LRRC46	LRRC46
CACTIN	CACTIN
SLC40A1	SLC40A1
DHX9	DHX9
TET2-AS1	TET2-AS1
LOC644135;OTTHUMG00000015639;OTTHUMG00000015640;RP13-143G15.3;RP13-143G15.4	LOC644135;OTTHUMG00000015639;OTTHUMG00000015640;RP13-143G15.3;RP13-143G15.4
HRG	HRG
TSPO2	TSPO2
C6orf136	C6orf136
LINC00494	LINC00494
TRBV7-7	TRBV7-7
VPS37C	VPS37C
CLDN9	CLDN9
OTTHUMG00000161776;RP11-171N4.1	OTTHUMG00000161776;RP11-171N4.1
RABGAP1L	RABGAP1L
NKIRAS2	NKIRAS2
OTTHUMG00000035971;RP11-297H3.3	OTTHUMG00000035971;RP11-297H3.3
LINC00326	LINC00326
WDR45B;WDR45L	WDR45B;WDR45L
AKAP7	AKAP7
NFAM1	NFAM1
LOC100506472;TAB1	LOC100506472;TAB1
MIR4466	MIR4466
OTTHUMG00000015263;RP11-98I9.4	OTTHUMG00000015263;RP11-98I9.4
KCTD15	KCTD15
UBE2Q1-AS1	UBE2Q1-AS1
OR4C15	OR4C15
RRAGA	RRAGA
GLP2R	GLP2R
OTTHUMG00000032491;RP5-1121H13.3	OTTHUMG00000032491;RP5-1121H13.3
LOC221122	LOC221122
SV2A	SV2A
FBXO9	FBXO9
OTTHUMG00000010873;RP5-936J12.1	OTTHUMG00000010873;RP5-936J12.1
CEP290	CEP290
ARVCF	ARVCF
OTTHUMG00000055980;RP11-629E24.2	OTTHUMG00000055980;RP11-629E24.2
LINC00349	LINC00349
COX8A	COX8A
BCL2L1	BCL2L1
B3GALNT1	B3GALNT1
TMEM207	TMEM207
OTTHUMG00000020649;RP11-121A14.3	OTTHUMG00000020649;RP11-121A14.3
EPHB3	EPHB3
AC098820.3;AC098820.4;LOC100507554;OTTHUMG00000154849;OTTHUMG00000154850	AC098820.3;AC098820.4;LOC100507554;OTTHUMG00000154849;OTTHUMG00000154850
LINC00689	LINC00689
IL21R-AS1	IL21R-AS1
OTTHUMG00000164580;RP11-531A24.5	OTTHUMG00000164580;RP11-531A24.5
PGBD5	PGBD5
PHGR1	PHGR1
PIN1	PIN1
CEP57	CEP57
FAM198B	FAM198B
ENOX1-AS2	ENOX1-AS2
DHX58	DHX58
OTTHUMG00000163987;RP11-89M20.2	OTTHUMG00000163987;RP11-89M20.2
AC009495.3;OTTHUMG00000154037	AC009495.3;OTTHUMG00000154037
OTTHUMG00000162333;RP11-141O11.1	OTTHUMG00000162333;RP11-141O11.1
ZNF764	ZNF764
CTD-2374C24.1;OTTHUMG00000163702	CTD-2374C24.1;OTTHUMG00000163702
ST20	ST20
PEG3-AS1	PEG3-AS1
OTTHUMG00000015558;RP11-102N11.1	OTTHUMG00000015558;RP11-102N11.1
MIR584	MIR584
OR7E14P	OR7E14P
RHAG	RHAG
AC012358.8;OTTHUMG00000152491	AC012358.8;OTTHUMG00000152491
RNU7-14P	RNU7-14P
AMACR	AMACR
SIX1	SIX1
OTTHUMG00000039651;RP11-35L17.3	OTTHUMG00000039651;RP11-35L17.3
OR7E24	OR7E24
PCM1	PCM1
OTTHUMG00000156571;RP4-736H5.3	OTTHUMG00000156571;RP4-736H5.3
LOC101060300;OTTHUMG00000002359;RP4-680D5.2	LOC101060300;OTTHUMG00000002359;RP4-680D5.2
FDCSP	FDCSP
C10orf105	C10orf105
MIR665	MIR665
TLR4	TLR4
SHH	SHH
TMEM100	TMEM100
OTTHUMG00000004857;XXbac-BPG299F13.14	OTTHUMG00000004857;XXbac-BPG299F13.14
OTTHUMG00000162315;RP11-700H6.2	OTTHUMG00000162315;RP11-700H6.2
LEPREL4	LEPREL4
CCDC140	CCDC140
MYCT1	MYCT1
EHF	EHF
ZNF645	ZNF645
CELA3A	CELA3A
AC024084.1;OTTHUMG00000155617	AC024084.1;OTTHUMG00000155617
DHRS3	DHRS3
MIR575	MIR575
AC027269.2;OTTHUMG00000155126	AC027269.2;OTTHUMG00000155126
IQCJ-SCHIP1-AS1	IQCJ-SCHIP1-AS1
COMMD10	COMMD10
NET1	NET1
SHISA8	SHISA8
IFT43	IFT43
PEX12	PEX12
OTTHUMG00000161646;RP11-445O3.1	OTTHUMG00000161646;RP11-445O3.1
UTP11L	UTP11L
KCNK5	KCNK5
OTTHUMG00000032023;RP11-227D2.3	OTTHUMG00000032023;RP11-227D2.3
CTC-265N9.1;OTTHUMG00000163148	CTC-265N9.1;OTTHUMG00000163148
OTTHUMG00000159583;RP11-206M11.7	OTTHUMG00000159583;RP11-206M11.7
ACP2	ACP2
LOC101059975;OTTHUMG00000003749;RP1-65J11.1	LOC101059975;OTTHUMG00000003749;RP1-65J11.1
ZNF791	ZNF791
PTCHD4	PTCHD4
ABI3	ABI3
CSF2	CSF2
DEFB123	DEFB123
MMP13	MMP13
FAM210A	FAM210A
URI1	URI1
OTTHUMG00000162198;RP11-478P10.1	OTTHUMG00000162198;RP11-478P10.1
SLAMF8	SLAMF8
OR2A20P;OR2A9P;OTTHUMG00000158050;RP4-798C17.6	OR2A20P;OR2A9P;OTTHUMG00000158050;RP4-798C17.6
FILIP1	FILIP1
UBE3C	UBE3C
MLIP-AS1	MLIP-AS1
OTTHUMG00000163612;RP5-991O23.1	OTTHUMG00000163612;RP5-991O23.1
MIR4473	MIR4473
OTTHUMG00000019558;RP11-3L8.3	OTTHUMG00000019558;RP11-3L8.3
SIRPAP1	SIRPAP1
GALR1	GALR1
RNF145	RNF145
FLJ27354;OTTHUMG00000010130;RP5-1007M22.2	FLJ27354;OTTHUMG00000010130;RP5-1007M22.2
OTTHUMG00000019973;RP11-203L2.4	OTTHUMG00000019973;RP11-203L2.4
MIR3529	MIR3529
OTTHUMG00000021729;RP6-159A1.3	OTTHUMG00000021729;RP6-159A1.3
H2AFB1;H2AFB2;H2AFB3	H2AFB1;H2AFB2;H2AFB3
AICDA	AICDA
OCM	OCM
OTTHUMG00000159160;RP11-475O23.3	OTTHUMG00000159160;RP11-475O23.3
DTX1	DTX1
MIR4676	MIR4676
OTTHUMG00000158839;RP11-354H21.2	OTTHUMG00000158839;RP11-354H21.2
MMP26	MMP26
LOC100507654;OTTHUMG00000017288;RP11-151A6.4	LOC100507654;OTTHUMG00000017288;RP11-151A6.4
HSPD1	HSPD1
AP000289.6;OTTHUMG00000065062	AP000289.6;OTTHUMG00000065062
RNA5SP372	RNA5SP372
LOC100652777;PLA2G10	LOC100652777;PLA2G10
MIR376B	MIR376B
PPP1R3G	PPP1R3G
KMT2A;MLL	KMT2A;MLL
OTTHUMG00000010718;RP11-86H7.6	OTTHUMG00000010718;RP11-86H7.6
MIR641	MIR641
OR51B4	OR51B4
FAM126B	FAM126B
LOC100996758;NPY4R;PPYR1	LOC100996758;NPY4R;PPYR1
FAM109A	FAM109A
OTTHUMG00000163836;RP11-219J21.2	OTTHUMG00000163836;RP11-219J21.2
A1BG	A1BG
MIR210HG	MIR210HG
SYP	SYP
LOC100505630;SRGAP2B	LOC100505630;SRGAP2B
SLC38A3	SLC38A3
TRBV7-1	TRBV7-1
OTTHUMG00000020689;RP11-205K6.2	OTTHUMG00000020689;RP11-205K6.2
AC093639.1;OTTHUMG00000153762	AC093639.1;OTTHUMG00000153762
PECR	PECR
OTTHUMG00000018280;RP11-135D11.2	OTTHUMG00000018280;RP11-135D11.2
ZNF391	ZNF391
LOC554174;OTTHUMG00000150444;RP6-109B7.2	LOC554174;OTTHUMG00000150444;RP6-109B7.2
OTTHUMG00000034448;RP11-342M3.1	OTTHUMG00000034448;RP11-342M3.1
LOC440337	LOC440337
TSEN34	TSEN34
CTD-2197I11.1;OTTHUMG00000162849	CTD-2197I11.1;OTTHUMG00000162849
CTD-2334D19.1;OTTHUMG00000162927	CTD-2334D19.1;OTTHUMG00000162927
LOC100507330	LOC100507330
LOC100507277	LOC100507277
GAGE12B;GAGE12C;GAGE12D;GAGE12E;GAGE12F;GAGE12G;GAGE12I;GAGE7	GAGE12B;GAGE12C;GAGE12D;GAGE12E;GAGE12F;GAGE12G;GAGE12I;GAGE7
LOC643406;OTTHUMG00000031804;RP5-828H9.1	LOC643406;OTTHUMG00000031804;RP5-828H9.1
HSD17B1	HSD17B1
FMO3	FMO3
NPTX2	NPTX2
UXS1	UXS1
MIR4765	MIR4765
CTD-2280E9.1;OTTHUMG00000162969	CTD-2280E9.1;OTTHUMG00000162969
C1orf63	C1orf63
OTTHUMG00000161603;RP11-259O2.3	OTTHUMG00000161603;RP11-259O2.3
PWRN2	PWRN2
MIR4800;MXD4	MIR4800;MXD4
OTTHUMG00000163991;RP11-431M3.2	OTTHUMG00000163991;RP11-431M3.2
SERPINB10;SERPINB2	SERPINB10;SERPINB2
CRYBA4	CRYBA4
MIR4674	MIR4674
CD3E	CD3E
C2	C2
ZMYND11	ZMYND11
MIR132	MIR132
ADAM2	ADAM2
OTTHUMG00000163613;RP11-281H11.1	OTTHUMG00000163613;RP11-281H11.1
AC009227.2;LOC100144595;OTTHUMG00000153848	AC009227.2;LOC100144595;OTTHUMG00000153848
TRAV34	TRAV34
LINC00505	LINC00505
EDN3	EDN3
SNORA5A	SNORA5A
USP3-AS1	USP3-AS1
C14orf162;CCDC177	C14orf162;CCDC177
WFIKKN2	WFIKKN2
TMEM104	TMEM104
F2	F2
OTTHUMG00000032013;RP5-1177M21.1	OTTHUMG00000032013;RP5-1177M21.1
ZNF138	ZNF138
ZNF836	ZNF836
SEC24B	SEC24B
OTTHUMG00000032534;RP5-1013A22.2	OTTHUMG00000032534;RP5-1013A22.2
MAP4K1	MAP4K1
HMGA1P7	HMGA1P7
MIR556	MIR556
CYTIP	CYTIP
SUPT20HL1	SUPT20HL1
NIPSNAP3B	NIPSNAP3B
P4HA1	P4HA1
NDUFAF1	NDUFAF1
RIT2	RIT2
PRR5L	PRR5L
LCE2B	LCE2B
HTRA2	HTRA2
AC124057.5;OTTHUMG00000009894	AC124057.5;OTTHUMG00000009894
JRKL-AS1	JRKL-AS1
PPP1R15B	PPP1R15B
IGLJ5	IGLJ5
OTTHUMG00000018931;RP11-107I14.5	OTTHUMG00000018931;RP11-107I14.5
AP001619.2;OTTHUMG00000086780	AP001619.2;OTTHUMG00000086780
LOC646168;OTTHUMG00000158503;RP11-298O21.5	LOC646168;OTTHUMG00000158503;RP11-298O21.5
OTTHUMG00000019016;RP11-298H24.1	OTTHUMG00000019016;RP11-298H24.1
AC023128.1;OTTHUMG00000153703	AC023128.1;OTTHUMG00000153703
FKBP1A	FKBP1A
KCTD1	KCTD1
OR10K1	OR10K1
IGFBP6	IGFBP6
OTTHUMG00000018785;RP11-391J2.3	OTTHUMG00000018785;RP11-391J2.3
LPAR3	LPAR3
FAM131C	FAM131C
OTTHUMG00000031838;RP5-988G17.1	OTTHUMG00000031838;RP5-988G17.1
ITGA1	ITGA1
LGALS8	LGALS8
OTTHUMG00000163714;RP11-420B22.1	OTTHUMG00000163714;RP11-420B22.1
OTTHUMG00000008050;RP11-193P11.3	OTTHUMG00000008050;RP11-193P11.3
PROCA1	PROCA1
MRPL34	MRPL34
ACADM	ACADM
UBE2U	UBE2U
OTTHUMG00000014290;RP11-146I2.1	OTTHUMG00000014290;RP11-146I2.1
PCBP1	PCBP1
OTTHUMG00000163675;RP11-211C9.1	OTTHUMG00000163675;RP11-211C9.1
BMP4	BMP4
IGLV3-25	IGLV3-25
AIF1L	AIF1L
ZNF777	ZNF777
ANKRD18DP	ANKRD18DP
APPBP2	APPBP2
TAS2R13	TAS2R13
MIR4703	MIR4703
CELSR2	CELSR2
OTTHUMG00000160443;RP11-360F5.1	OTTHUMG00000160443;RP11-360F5.1
GDPD5	GDPD5
LOC100505817	LOC100505817
ENTHD2	ENTHD2
OTTHUMG00000017273;RP11-214F16.4	OTTHUMG00000017273;RP11-214F16.4
FLJ37453;OTTHUMG00000009375;RP11-169K16.9	FLJ37453;OTTHUMG00000009375;RP11-169K16.9
LOC100129083	LOC100129083
RPS10	RPS10
ZFP62	ZFP62
OR2T5	OR2T5
SLC7A5P1	SLC7A5P1
OTTHUMG00000034463;RP11-122G18.5	OTTHUMG00000034463;RP11-122G18.5
CPED1	CPED1
MIR4497	MIR4497
IGIP	IGIP
AC113607.1;LOC339822;OTTHUMG00000151368	AC113607.1;LOC339822;OTTHUMG00000151368
AC008592.5;OTTHUMG00000162740	AC008592.5;OTTHUMG00000162740
MRPS30	MRPS30
RFESD	RFESD
MIR527	MIR527
RPL18	RPL18
MIR4762	MIR4762
APOA1	APOA1
ALS2CR8;CARF	ALS2CR8;CARF
ZNF785	ZNF785
C11orf73	C11orf73
OTTHUMG00000031958;RP4-726N1.2	OTTHUMG00000031958;RP4-726N1.2
FBXO11	FBXO11
TRPM1	TRPM1
CTA-373H7.7;OTTHUMG00000150982	CTA-373H7.7;OTTHUMG00000150982
OR13G1	OR13G1
SPIN1	SPIN1
CCDC125	CCDC125
OTTHUMG00000019291;RP11-432J24.6	OTTHUMG00000019291;RP11-432J24.6
TDGF1	TDGF1
LPAR5	LPAR5
LOC729987;OTTHUMG00000010681;RP5-1070A16.1	LOC729987;OTTHUMG00000010681;RP5-1070A16.1
BLACE	BLACE
OTTHUMG00000163076;RP11-215P8.4	OTTHUMG00000163076;RP11-215P8.4
LOC729041	LOC729041
IGKV6D-41	IGKV6D-41
PRDM1	PRDM1
AC011899.9;LOC100506585;OTTHUMG00000152644	AC011899.9;LOC100506585;OTTHUMG00000152644
YIPF5	YIPF5
LOC100288562;LOC101060371;LOC101060540;REXO1L1	LOC100288562;LOC101060371;LOC101060540;REXO1L1
OTTHUMG00000165045;RP11-89K10.1	OTTHUMG00000165045;RP11-89K10.1
C10orf32	C10orf32
NBPF16	NBPF16
RALGPS1	RALGPS1
NAA20	NAA20
OR4P4	OR4P4
OTTHUMG00000018558;RP11-481G8.2	OTTHUMG00000018558;RP11-481G8.2
OTTHUMG00000153448;XX-CR54.1	OTTHUMG00000153448;XX-CR54.1
LOC100505519;SCAF8;TIAM2	LOC100505519;SCAF8;TIAM2
OTTHUMG00000015230;RP3-463P15.1	OTTHUMG00000015230;RP3-463P15.1
NANOS2	NANOS2
RAB14	RAB14
MIR3140	MIR3140
TVP23A	TVP23A
FAM86HP	FAM86HP
FER	FER
NHLH2	NHLH2
SNAR-F	SNAR-F
AC018731.3;OTTHUMG00000153781	AC018731.3;OTTHUMG00000153781
OTTHUMG00000035603;RP11-476H20.1	OTTHUMG00000035603;RP11-476H20.1
C14orf37	C14orf37
PPP1R1C	PPP1R1C
OTTHUMG00000037756;RP5-956O18.3	OTTHUMG00000037756;RP5-956O18.3
CHKB	CHKB
TAS2R10	TAS2R10
DBNDD1	DBNDD1
MMRN2;OTTHUMG00000018661;RP11-96C23.8	MMRN2;OTTHUMG00000018661;RP11-96C23.8
C11orf71	C11orf71
PPP2CA	PPP2CA
MIR382	MIR382
NKX3-1	NKX3-1
AC073283.4;OTTHUMG00000151698	AC073283.4;OTTHUMG00000151698
VGF	VGF
LOC100653336;OTTHUMG00000047830;RP11-395L14.4	LOC100653336;OTTHUMG00000047830;RP11-395L14.4
OTTHUMG00000162039;RP11-122C5.3	OTTHUMG00000162039;RP11-122C5.3
RNASEH2B	RNASEH2B
SMC6	SMC6
MTMR11	MTMR11
MIR124-2	MIR124-2
OTTHUMG00000019009;RP11-127O4.2	OTTHUMG00000019009;RP11-127O4.2
CTAGE6	CTAGE6
OTTHUMG00000160519;RP11-436F23.1	OTTHUMG00000160519;RP11-436F23.1
POLG2	POLG2
LOC100507480	LOC100507480
LOC100996447;OTTHUMG00000158791;RP11-538P18.2	LOC100996447;OTTHUMG00000158791;RP11-538P18.2
OTTHUMG00000037001;RP11-354K1.2	OTTHUMG00000037001;RP11-354K1.2
AEBP1;MIR4649	AEBP1;MIR4649
OTTHUMG00000164316;RP11-10N23.2	OTTHUMG00000164316;RP11-10N23.2
FTHL17	FTHL17
MIR633	MIR633
SMARCB1	SMARCB1
OTTHUMG00000157310;RP11-360P21.2	OTTHUMG00000157310;RP11-360P21.2
ADRA2B	ADRA2B
PRSS57	PRSS57
ATHL1	ATHL1
PFDN1	PFDN1
OTTHUMG00000015322;RP1-128O3.4	OTTHUMG00000015322;RP1-128O3.4
OTTHUMG00000161881;RP11-542G1.2	OTTHUMG00000161881;RP11-542G1.2
LEPRE1	LEPRE1
GEMIN2	GEMIN2
OTTHUMG00000150610;XXbac-B33L19.6	OTTHUMG00000150610;XXbac-B33L19.6
CCDC167	CCDC167
AC010145.4;OTTHUMG00000151751	AC010145.4;OTTHUMG00000151751
SRGAP3-AS4	SRGAP3-AS4
KB-1183D5.14;OTTHUMG00000150793	KB-1183D5.14;OTTHUMG00000150793
ANO1-AS1	ANO1-AS1
DOK7	DOK7
CRYM-AS1	CRYM-AS1
MRPL18	MRPL18
FOXO4	FOXO4
HSPH1	HSPH1
GJD4	GJD4
ZNF121	ZNF121
OTTHUMG00000160053;RP11-774O3.3	OTTHUMG00000160053;RP11-774O3.3
RXFP1	RXFP1
ARID1A	ARID1A
SNX11	SNX11
RAB17	RAB17
RCCD1	RCCD1
SNHG11;SNORA39;SNORA60	SNHG11;SNORA39;SNORA60
LINC00535	LINC00535
MSLN	MSLN
MIR4681	MIR4681
AL358175.1;OTTHUMG00000013093	AL358175.1;OTTHUMG00000013093
RTN4IP1	RTN4IP1
OR6Y1	OR6Y1
TGFB1I1	TGFB1I1
OTTHUMG00000008373;RP4-794H19.4	OTTHUMG00000008373;RP4-794H19.4
FLJ23867;QSOX1	FLJ23867;QSOX1
NPAS3	NPAS3
MIR890	MIR890
RNF25	RNF25
OTTHUMG00000018660;RP11-96C23.9	OTTHUMG00000018660;RP11-96C23.9
FARP1-AS1	FARP1-AS1
TMEM234	TMEM234
OTTHUMG00000019884;RP11-112J3.16	OTTHUMG00000019884;RP11-112J3.16
MESP1	MESP1
AC118345.1;OTTHUMG00000152909	AC118345.1;OTTHUMG00000152909
LOC101060457;LOC101060464;LOC101060468;TCEB3C;TCEB3CL;TCEB3CL2	LOC101060457;LOC101060464;LOC101060468;TCEB3C;TCEB3CL;TCEB3CL2
ARGFX	ARGFX
ATP2B2-IT1	ATP2B2-IT1
SNORD111B	SNORD111B
MIR541	MIR541
ACTA2	ACTA2
PBXIP1	PBXIP1
OTTHUMG00000162339;RP11-257A22.1	OTTHUMG00000162339;RP11-257A22.1
MIR328	MIR328
NUDCD3	NUDCD3
SLC22A5	SLC22A5
OR52H1	OR52H1
OTTHUMG00000161716;RP11-417J1.1	OTTHUMG00000161716;RP11-417J1.1
BAI2	BAI2
NUDT8	NUDT8
OTTHUMG00000020611;RP11-542K23.7	OTTHUMG00000020611;RP11-542K23.7
LOC283335	LOC283335
SAFB2	SAFB2
ENTPD4	ENTPD4
LINC00324	LINC00324
OTTHUMG00000035564;RP11-563D10.1	OTTHUMG00000035564;RP11-563D10.1
LINC00402	LINC00402
H2BFWT	H2BFWT
RNU7-80P	RNU7-80P
MIR549	MIR549
C9orf43	C9orf43
LOC100506403;RUNX1	LOC100506403;RUNX1
SERINC4	SERINC4
TTTY20	TTTY20
PES1	PES1
C16orf57;USB1	C16orf57;USB1
OTTHUMG00000016503;RP11-61K9.2	OTTHUMG00000016503;RP11-61K9.2
LYPD6	LYPD6
ZBTB20-AS4	ZBTB20-AS4
AMPD2	AMPD2
GSTA1	GSTA1
NYNRIN	NYNRIN
OR6N1	OR6N1
C11orf71	C11orf71
AC074183.3;AC074183.4;OTTHUMG00000154628;OTTHUMG00000154637	AC074183.3;AC074183.4;OTTHUMG00000154628;OTTHUMG00000154637
OTTHUMG00000158448;RP11-458K10.1	OTTHUMG00000158448;RP11-458K10.1
SPATA41	SPATA41
MED9	MED9
PDSS1	PDSS1
LOC100505540;OTTHUMG00000018842;RP11-453E2.2	LOC100505540;OTTHUMG00000018842;RP11-453E2.2
OR6X1	OR6X1
OR2M5	OR2M5
PLP2	PLP2
FASTKD1	FASTKD1
HERC1	HERC1
GPR158	GPR158
KLHL14	KLHL14
MIR3920	MIR3920
BFSP1	BFSP1
BTF3	BTF3
EMILIN3	EMILIN3
ITGB5	ITGB5
ERMN	ERMN
SEC14L5	SEC14L5
AC016751.2;OTTHUMG00000154111	AC016751.2;OTTHUMG00000154111
OTTHUMG00000037839;RP1-43E13.2	OTTHUMG00000037839;RP1-43E13.2
OTTHUMG00000014325;RP11-686D16.1	OTTHUMG00000014325;RP11-686D16.1
LINC00659	LINC00659
OBFC1	OBFC1
MARK3	MARK3
AC011286.1;OTTHUMG00000153025	AC011286.1;OTTHUMG00000153025
NDNL2	NDNL2
OTTHUMG00000032037;RP5-1097P24.1	OTTHUMG00000032037;RP5-1097P24.1
YAE1D1	YAE1D1
EPN2;EPN2-IT1;LOC79999	EPN2;EPN2-IT1;LOC79999
LOC100506899;OTTHUMG00000036137;RP5-1051D14.1	LOC100506899;OTTHUMG00000036137;RP5-1051D14.1
FUK	FUK
PTER	PTER
C19orf10	C19orf10
ARTN	ARTN
OTTHUMG00000013060;RP11-98D18.9	OTTHUMG00000013060;RP11-98D18.9
C20orf112	C20orf112
LINC00361	LINC00361
NPAS2	NPAS2
CNFN	CNFN
AC096669.2;OTTHUMG00000153200	AC096669.2;OTTHUMG00000153200
HARS2	HARS2
ZNF597	ZNF597
ZSCAN16	ZSCAN16
PARP1	PARP1
RNF166	RNF166
TAAR2	TAAR2
AC002465.2;OTTHUMG00000066355	AC002465.2;OTTHUMG00000066355
PPAPDC3	PPAPDC3
OTTHUMG00000011974;RP4-663N10.1	OTTHUMG00000011974;RP4-663N10.1
ANKRD34B	ANKRD34B
FLJ43763	FLJ43763
OTTHUMG00000161051;RP11-556I14.1	OTTHUMG00000161051;RP11-556I14.1
B3GNT4	B3GNT4
FAM98A	FAM98A
OTTHUMG00000016010;RP1-167A14.2	OTTHUMG00000016010;RP1-167A14.2
HTR5A	HTR5A
URB1	URB1
OTTHUMG00000014830;RP11-524K22.1	OTTHUMG00000014830;RP11-524K22.1
OTTHUMG00000019457;RP11-509J21.1	OTTHUMG00000019457;RP11-509J21.1
HSD3B1	HSD3B1
CTC-436P18.1;OTTHUMG00000162242	CTC-436P18.1;OTTHUMG00000162242
TREML1	TREML1
UBE4B	UBE4B
AC007403.1;OTTHUMG00000152852	AC007403.1;OTTHUMG00000152852
OR2T4	OR2T4
MKI67IP	MKI67IP
OTTHUMG00000037832;RP5-865N13.1	OTTHUMG00000037832;RP5-865N13.1
PBX2	PBX2
PBX2	PBX2
TSC2	TSC2
OTTHUMG00000007952;RP4-683M8.2	OTTHUMG00000007952;RP4-683M8.2
OTTHUMG00000040114;RP11-38C18.2	OTTHUMG00000040114;RP11-38C18.2
AC009961.3;OTTHUMG00000154081	AC009961.3;OTTHUMG00000154081
MBD2	MBD2
MIR3688-2	MIR3688-2
TCERG1	TCERG1
HCG26	HCG26
HCG26	HCG26
HCG26	HCG26
HCG26	HCG26
C1orf43	C1orf43
VENTXP7	VENTXP7
GSTZ1	GSTZ1
VWA5B2	VWA5B2
MIR4468	MIR4468
PHRF1	PHRF1
TMEM167A	TMEM167A
AY269186.2;OTTHUMG00000154852	AY269186.2;OTTHUMG00000154852
SLC3A1	SLC3A1
SENP2	SENP2
ZNF492	ZNF492
HHLA3	HHLA3
NUS1	NUS1
TBL1XR1	TBL1XR1
DENND4B	DENND4B
LOC100506304;OTTHUMG00000019563;RP11-536O18.1	LOC100506304;OTTHUMG00000019563;RP11-536O18.1
OTTHUMG00000165079;RP11-557C18.3	OTTHUMG00000165079;RP11-557C18.3
NCRNA00171;OTTHUMG00000149195;ZNRD1-AS1	NCRNA00171;OTTHUMG00000149195;ZNRD1-AS1
OTTHUMG00000009693;RP11-510C10.2	OTTHUMG00000009693;RP11-510C10.2
CLCN2	CLCN2
GMPPA	GMPPA
CTA-282F2.3;LARGE-AS1;OTTHUMG00000150916	CTA-282F2.3;LARGE-AS1;OTTHUMG00000150916
GNG4	GNG4
C1orf174	C1orf174
PIK3C3	PIK3C3
C19orf45	C19orf45
CLEC4E	CLEC4E
CAMKV	CAMKV
SCGB2A2	SCGB2A2
PDZD11	PDZD11
C4orf6	C4orf6
LINC00937	LINC00937
MIR4782	MIR4782
OTTHUMG00000009610;RP4-650F12.2	OTTHUMG00000009610;RP4-650F12.2
LETM2	LETM2
HYI	HYI
C4orf27	C4orf27
INTS7	INTS7
USP17;USP17L24;USP17L25;USP17L26;USP17L27;USP17L28;USP17L29;USP17L30	USP17;USP17L24;USP17L25;USP17L26;USP17L27;USP17L28;USP17L29;USP17L30
ARL6IP5	ARL6IP5
TPD52L2	TPD52L2
SCGB1D2	SCGB1D2
CNOT6LP1	CNOT6LP1
PBX2	PBX2
MMP24	MMP24
NPBWR2	NPBWR2
GYG2-AS1	GYG2-AS1
KCNMB2-IT1	KCNMB2-IT1
FAM83A-AS1;OTTHUMG00000165086;RP11-539E17.4	FAM83A-AS1;OTTHUMG00000165086;RP11-539E17.4
UBE2M	UBE2M
OTTHUMG00000015939;RP1-56L9.7	OTTHUMG00000015939;RP1-56L9.7
ZNF708	ZNF708
OTTHUMG00000156168;RP11-197K6.1	OTTHUMG00000156168;RP11-197K6.1
OR2M7	OR2M7
OTTHUMG00000019459;RP11-509J21.3	OTTHUMG00000019459;RP11-509J21.3
MIR1184-1;MIR1184-2;MIR1184-3	MIR1184-1;MIR1184-2;MIR1184-3
MIR1184-1;MIR1184-2;MIR1184-3	MIR1184-1;MIR1184-2;MIR1184-3
MIR1184-1;MIR1184-2;MIR1184-3	MIR1184-1;MIR1184-2;MIR1184-3
CAPZA3	CAPZA3
PNLIPRP3	PNLIPRP3
C19orf54	C19orf54
AC073871.2;C7orf13;LOC100506380;OTTHUMG00000141315;OTTHUMG00000157178;RP5-982E9.1	AC073871.2;C7orf13;LOC100506380;OTTHUMG00000141315;OTTHUMG00000157178;RP5-982E9.1
MIR3167	MIR3167
ATXN3L	ATXN3L
MIR151A	MIR151A
MIR4785;RBMS1	MIR4785;RBMS1
POU2AF1	POU2AF1
PSMB5	PSMB5
CTA-280A3__B.2;OTTHUMG00000150320	CTA-280A3__B.2;OTTHUMG00000150320
TLL1	TLL1
CCL2	CCL2
GALR2	GALR2
HSD17B8	HSD17B8
HSD17B8	HSD17B8
HSD17B8	HSD17B8
HSD17B8	HSD17B8
HSD17B8	HSD17B8
HSD17B8	HSD17B8
IGLV10-54	IGLV10-54
FIGNL1	FIGNL1
FAM78A	FAM78A
OTTHUMG00000159926;RP11-77P16.4	OTTHUMG00000159926;RP11-77P16.4
FAM86EP	FAM86EP
OR4C3	OR4C3
MRAP2	MRAP2
MIR190A	MIR190A
RNU5E-3P	RNU5E-3P
THAP10	THAP10
RBM4B	RBM4B
AKAP13	AKAP13
TMPRSS11BNL	TMPRSS11BNL
TMEM88B	TMEM88B
ZNF500	ZNF500
OTTHUMG00000032103;RP5-860P4.2	OTTHUMG00000032103;RP5-860P4.2
RECQL4	RECQL4
IQSEC3;LOC100996825	IQSEC3;LOC100996825
61E3.4;LOC100132247;LOC100652992;LOC613037;NPIPB3;NPIPB4;NPIPB5;OTTHUMG00000163573;RP11-368J21.2	61E3.4;LOC100132247;LOC100652992;LOC613037;NPIPB3;NPIPB4;NPIPB5;OTTHUMG00000163573;RP11-368J21.2
UBQLNL	UBQLNL
PPP2R5B	PPP2R5B
OTTHUMG00000158638;RP11-755B10.2	OTTHUMG00000158638;RP11-755B10.2
OTTHUMG00000035892;RP11-16L9.3	OTTHUMG00000035892;RP11-16L9.3
ECM2	ECM2
USP34	USP34
ZBTB1	ZBTB1
HSP90B3P	HSP90B3P
OTTHUMG00000039470;RP5-1068B5.3	OTTHUMG00000039470;RP5-1068B5.3
FAM150B	FAM150B
OTTHUMG00000015798;RP11-350J20.5	OTTHUMG00000015798;RP11-350J20.5
PDCD2L	PDCD2L
TBX10	TBX10
BRD7	BRD7
KCNC4	KCNC4
EPB41L4A-AS1	EPB41L4A-AS1
H2AFB1;H2AFB2;H2AFB3	H2AFB1;H2AFB2;H2AFB3
OTTHUMG00000150593;RP5-1177I5.3	OTTHUMG00000150593;RP5-1177I5.3
CNTN4-AS1	CNTN4-AS1
DENND5A	DENND5A
OTTHUMG00000157223;RP11-645N11.3	OTTHUMG00000157223;RP11-645N11.3
LINC00500	LINC00500
AC096570.2;OTTHUMG00000151815	AC096570.2;OTTHUMG00000151815
LY6G6D;LY6G6F	LY6G6D;LY6G6F
AC092687.5;OTTHUMG00000153036	AC092687.5;OTTHUMG00000153036
PROX2	PROX2
LOC100507156;OTTHUMG00000163787;RP11-177H13.2	LOC100507156;OTTHUMG00000163787;RP11-177H13.2
ID3	ID3
OTTHUMG00000002912;RP4-758J18.7	OTTHUMG00000002912;RP4-758J18.7
HCG20	HCG20
OR7A10	OR7A10
NKX1-2	NKX1-2
TIFA	TIFA
CSF1R	CSF1R
OR1L1	OR1L1
MRPS24	MRPS24
HLA-DQB1;LOC101060835;OTTHUMG00000140104;XXbac-BPG254F23.6	HLA-DQB1;LOC101060835;OTTHUMG00000140104;XXbac-BPG254F23.6
NPM3	NPM3
SMCO3	SMCO3
SLC9A9-AS2	SLC9A9-AS2
CXorf27	CXorf27
EXOC3L2	EXOC3L2
MIR645	MIR645
CALCR	CALCR
LIPJ	LIPJ
OTTHUMG00000032120;XX-FW80269A6.1	OTTHUMG00000032120;XX-FW80269A6.1
RMDN2-AS1	RMDN2-AS1
APOM	APOM
LOC100288842;OTTHUMG00000020574;RP11-27I1.4	LOC100288842;OTTHUMG00000020574;RP11-27I1.4
RNU7-57P	RNU7-57P
RNU5D-1;RNU5E-1	RNU5D-1;RNU5E-1
LINC00587	LINC00587
MIR1256	MIR1256
SAPCD1-AS1	SAPCD1-AS1
OTTHUMG00000148797;XXbac-BPG32J3.18	OTTHUMG00000148797;XXbac-BPG32J3.18
OTTHUMG00000137424;XXbac-BPG32J3.18	OTTHUMG00000137424;XXbac-BPG32J3.18
OTTHUMG00000149032;XXbac-BPG32J3.18	OTTHUMG00000149032;XXbac-BPG32J3.18
OTTHUMG00000149545;XXbac-BPG32J3.18	OTTHUMG00000149545;XXbac-BPG32J3.18
ELFN1	ELFN1
CT47A1;CT47A10;CT47A11;CT47A12;CT47A2;CT47A3;CT47A4;CT47A5;CT47A6;CT47A7;CT47A8;CT47A9;OTTHUMG00000022317;RP6-166C19.7	CT47A1;CT47A10;CT47A11;CT47A12;CT47A2;CT47A3;CT47A4;CT47A5;CT47A6;CT47A7;CT47A8;CT47A9;OTTHUMG00000022317;RP6-166C19.7
AC009499.1;OTTHUMG00000152138	AC009499.1;OTTHUMG00000152138
OTTHUMG00000161241;RP11-625B21.1	OTTHUMG00000161241;RP11-625B21.1
ZNF675	ZNF675
OTTHUMG00000017187;RP11-51B13.1	OTTHUMG00000017187;RP11-51B13.1
AC097662.2;OTTHUMG00000149890	AC097662.2;OTTHUMG00000149890
IL20RB-AS1	IL20RB-AS1
NOA1	NOA1
SLC10A7	SLC10A7
OTTHUMG00000164866;RP11-35G22.1	OTTHUMG00000164866;RP11-35G22.1
OR2M1P	OR2M1P
TPR	TPR
PIAS4	PIAS4
LOC100507134;OTTHUMG00000159671;RP11-517B11.4	LOC100507134;OTTHUMG00000159671;RP11-517B11.4
C2	C2
GAGE2A;GAGE2C;GAGE2D;GAGE2E;GAGE8	GAGE2A;GAGE2C;GAGE2D;GAGE2E;GAGE8
AC093673.5;LOC100507507;OTTHUMG00000152694	AC093673.5;LOC100507507;OTTHUMG00000152694
KRT223P	KRT223P
SPAG11B	SPAG11B
AC013402.4;OTTHUMG00000153056	AC013402.4;OTTHUMG00000153056
OR11A1;OR5V1	OR11A1;OR5V1
OR11A1;OR5V1	OR11A1;OR5V1
OTTHUMG00000163729;RP11-556O5.5	OTTHUMG00000163729;RP11-556O5.5
EMR3	EMR3
CYP2C19	CYP2C19
PSORS1C3	PSORS1C3
PSORS1C3	PSORS1C3
MET	MET
AF196972.9;OTTHUMG00000021498	AF196972.9;OTTHUMG00000021498
RNA5SP438	RNA5SP438
NCKAP1L	NCKAP1L
RNU7-49P	RNU7-49P
OTTHUMG00000165078;RP11-44N11.1	OTTHUMG00000165078;RP11-44N11.1
OTTHUMG00000164358;RP11-32K4.1	OTTHUMG00000164358;RP11-32K4.1
LOC148709;OTTHUMG00000041389;RP11-480I12.7	LOC148709;OTTHUMG00000041389;RP11-480I12.7
AC006369.3;OTTHUMG00000152558	AC006369.3;OTTHUMG00000152558
OTTHUMG00000018253;RP11-556E13.1	OTTHUMG00000018253;RP11-556E13.1
OTTHUMG00000041327;RP11-71G12.1	OTTHUMG00000041327;RP11-71G12.1
MIR4491	MIR4491
RGS6	RGS6
ZDHHC19	ZDHHC19
PTBP2	PTBP2
LOC728392;NLRP1;RNU7-31P	LOC728392;NLRP1;RNU7-31P
POU6F1	POU6F1
OTTHUMG00000019232;RP11-383C5.5	OTTHUMG00000019232;RP11-383C5.5
CCL21	CCL21
OTTHUMG00000014610;RP1-90K10.4	OTTHUMG00000014610;RP1-90K10.4
PARK7	PARK7
FICD	FICD
OTTHUMG00000021958;RP13-212L9.1	OTTHUMG00000021958;RP13-212L9.1
RARRES2	RARRES2
ZNF180	ZNF180
ENDOU	ENDOU
FNBP1	FNBP1
SNORD114-30	SNORD114-30
ANXA6	ANXA6
AP001434.2;OTTHUMG00000090613	AP001434.2;OTTHUMG00000090613
TCEB3C;TCEB3CL;TCEB3CL2	TCEB3C;TCEB3CL;TCEB3CL2
LAX1	LAX1
GGT2;LOC101060682	GGT2;LOC101060682
SPP1	SPP1
OTTHUMG00000015719;RP1-45I4.2	OTTHUMG00000015719;RP1-45I4.2
ARFRP1	ARFRP1
OTTHUMG00000033321;RP11-284F21.7	OTTHUMG00000033321;RP11-284F21.7
AQP5	AQP5
DPAGT1	DPAGT1
OTTHUMG00000156953;RP4-742N3.1	OTTHUMG00000156953;RP4-742N3.1
MIR4470	MIR4470
AC010983.1;OTTHUMG00000154373	AC010983.1;OTTHUMG00000154373
OTTHUMG00000155300;RP11-545P6.2	OTTHUMG00000155300;RP11-545P6.2
MIR765	MIR765
RNA5SP147	RNA5SP147
NDUFAF4	NDUFAF4
C3orf19;CCDC174	C3orf19;CCDC174
CASD1	CASD1
OTTHUMG00000017549;RP11-446F3.2	OTTHUMG00000017549;RP11-446F3.2
SPG20	SPG20
AC007879.7;LOC101059946;OTTHUMG00000154787	AC007879.7;LOC101059946;OTTHUMG00000154787
STRC	STRC
CTD-2296D1.1;OTTHUMG00000161903	CTD-2296D1.1;OTTHUMG00000161903
SNORA50	SNORA50
HSD17B3	HSD17B3
AP001465.5;OTTHUMG00000074207	AP001465.5;OTTHUMG00000074207
POLD4	POLD4
STX4	STX4
CRYGA	CRYGA
WDR91	WDR91
THAP4	THAP4
MIR643	MIR643
AC009303.1;OTTHUMG00000058519	AC009303.1;OTTHUMG00000058519
CHIC1	CHIC1
PGBD4	PGBD4
IL21-AS1	IL21-AS1
OTTHUMG00000021313;RP11-149B9.2	OTTHUMG00000021313;RP11-149B9.2
CTD-3074O7.2;OTTHUMG00000160821	CTD-3074O7.2;OTTHUMG00000160821
TRPM6	TRPM6
MGMT	MGMT
PSG11	PSG11
AOC2	AOC2
MIR518F	MIR518F
FLJ20373;MAP4K4	FLJ20373;MAP4K4
ZNHIT2	ZNHIT2
OTTHUMG00000040690;RP11-383G10.5	OTTHUMG00000040690;RP11-383G10.5
OR5H1	OR5H1
OTTHUMG00000162380;RP11-1018N14.5	OTTHUMG00000162380;RP11-1018N14.5
NBPF8;NBPF9	NBPF8;NBPF9
LTA	LTA
DAAM1	DAAM1
OTTHUMG00000031898;RP5-1077I2.3	OTTHUMG00000031898;RP5-1077I2.3
SPATA2	SPATA2
ABTB2	ABTB2
HIST2H2BC	HIST2H2BC
OTTHUMG00000017777;RP11-354E11.2	OTTHUMG00000017777;RP11-354E11.2
LYAR	LYAR
FPR1	FPR1
MIR412	MIR412
CHIAP2	CHIAP2
LIMK1	LIMK1
CYTL1	CYTL1
SLC1A1	SLC1A1
C6ORF50	C6ORF50
TRPC7-AS1	TRPC7-AS1
GPSM3	GPSM3
OTTHUMG00000156616;RP11-78H24.1	OTTHUMG00000156616;RP11-78H24.1
OTTHUMG00000017875;RP11-478H13.1	OTTHUMG00000017875;RP11-478H13.1
KRTAP20-3	KRTAP20-3
LOC100506459;OTTHUMG00000019417;RP5-1086K13.1	LOC100506459;OTTHUMG00000019417;RP5-1086K13.1
AC079145.4;OTTHUMG00000151790	AC079145.4;OTTHUMG00000151790
UBTD1	UBTD1
FCHO2	FCHO2
AC053503.11;OTTHUMG00000133672	AC053503.11;OTTHUMG00000133672
ARL4C	ARL4C
OTTHUMG00000161567;RP11-148B6.2	OTTHUMG00000161567;RP11-148B6.2
RNF126P1	RNF126P1
ASCL3	ASCL3
MIR581	MIR581
NID1	NID1
LOC100506470;OTTHUMG00000032884;RP5-827L5.1	LOC100506470;OTTHUMG00000032884;RP5-827L5.1
MIR518D	MIR518D
SH3PXD2A-AS1	SH3PXD2A-AS1
PRAMEF20;PRAMEF21	PRAMEF20;PRAMEF21
AP000431.2;OTTHUMG00000074550	AP000431.2;OTTHUMG00000074550
SPEN	SPEN
MIR601	MIR601
TMPRSS11E	TMPRSS11E
MIR1205	MIR1205
IER5	IER5
TRO	TRO
FABP9	FABP9
NR2F2-AS1	NR2F2-AS1
ARRB1	ARRB1
AC007879.5;OTTHUMG00000154795	AC007879.5;OTTHUMG00000154795
OTTHUMG00000011155;RP4-671G15.2	OTTHUMG00000011155;RP4-671G15.2
SLC9C2	SLC9C2
CACNA2D4	CACNA2D4
OTTHUMG00000017341;RP11-472K17.1	OTTHUMG00000017341;RP11-472K17.1
CHTOP	CHTOP
TMEM159	TMEM159
TUBB6	TUBB6
AC079776.3;OTTHUMG00000153485	AC079776.3;OTTHUMG00000153485
IFNA16	IFNA16
C6orf205;MUC21;OTTHUMG00000149468	C6orf205;MUC21;OTTHUMG00000149468
PPP4R2	PPP4R2
CLSTN1	CLSTN1
OR5AS1	OR5AS1
TTC14	TTC14
NACA	NACA
PSORS1C3	PSORS1C3
TEX26-AS1	TEX26-AS1
AC093382.1;OTTHUMG00000154827	AC093382.1;OTTHUMG00000154827
OTTHUMG00000164913;RP11-114O8.1	OTTHUMG00000164913;RP11-114O8.1
KIAA0922	KIAA0922
FLJ46361	FLJ46361
LZTFL1	LZTFL1
LINC00085	LINC00085
BRE-AS1	BRE-AS1
RPL27A;SNORA3	RPL27A;SNORA3
KB-318B8.7;OTTHUMG00000150809	KB-318B8.7;OTTHUMG00000150809
C15orf39	C15orf39
TNRC6A	TNRC6A
CLIC2	CLIC2
GATSL3;OTTHUMG00000162144;RP1-130H16.18;TBC1D10A	GATSL3;OTTHUMG00000162144;RP1-130H16.18;TBC1D10A
C6orf108;DNPH1	C6orf108;DNPH1
HOMER1	HOMER1
PSMC2	PSMC2
TEX21P	TEX21P
ZNF225	ZNF225
GIGYF1	GIGYF1
RNU7-56P	RNU7-56P
AC079305.10;OTTHUMG00000154178	AC079305.10;OTTHUMG00000154178
TAS2R20	TAS2R20
MIR605	MIR605
MAP3K14	MAP3K14
ISG15	ISG15
MIR3714;PLCL2	MIR3714;PLCL2
CCDC130	CCDC130
ZNF414	ZNF414
CHL1-AS1	CHL1-AS1
BTN3A3	BTN3A3
OTTHUMG00000020682;RP11-423C15.3	OTTHUMG00000020682;RP11-423C15.3
ATCAY	ATCAY
RNU7-9P	RNU7-9P
AC062020.1;OTTHUMG00000153424	AC062020.1;OTTHUMG00000153424
AC144450.2;OTTHUMG00000151382	AC144450.2;OTTHUMG00000151382
KIAA1804;OTTHUMG00000037889;RP5-862P8.2	KIAA1804;OTTHUMG00000037889;RP5-862P8.2
AQPEP;ARL14EPL	AQPEP;ARL14EPL
OR51E2	OR51E2
HEATR5B	HEATR5B
UBR1	UBR1
MIR4268	MIR4268
OR10T2	OR10T2
CALD1	CALD1
AC002456.2;LOC101059921;OTTHUMG00000063906	AC002456.2;LOC101059921;OTTHUMG00000063906
OTTHUMG00000020567;RP11-127L21.1	OTTHUMG00000020567;RP11-127L21.1
SNORA5C	SNORA5C
OR2V1	OR2V1
CLC	CLC
TMEM186	TMEM186
MIR1277	MIR1277
C1orf126;TMEM51-AS1	C1orf126;TMEM51-AS1
DOCK9-AS1	DOCK9-AS1
ECM1	ECM1
IPO9	IPO9
AC000370.2;OTTHUMG00000157729	AC000370.2;OTTHUMG00000157729
MIR301A	MIR301A
RNA5SP271	RNA5SP271
UGT2B10	UGT2B10
AC007391.2;OTTHUMG00000152509	AC007391.2;OTTHUMG00000152509
OTTHUMG00000019207;RP11-285A18.2	OTTHUMG00000019207;RP11-285A18.2
MIR371B	MIR371B
OTTHUMG00000040651;RP11-634B7.4	OTTHUMG00000040651;RP11-634B7.4
SLCO1B3;SLCO1B7	SLCO1B3;SLCO1B7
FUT6	FUT6
SLC35E4	SLC35E4
CYP2C9	CYP2C9
INPP5A	INPP5A
CETN4P	CETN4P
CXorf40A;CXorf40B	CXorf40A;CXorf40B
CTD-2049J23.2;OTTHUMG00000158951	CTD-2049J23.2;OTTHUMG00000158951
OTTHUMG00000164567;RP11-92K15.1	OTTHUMG00000164567;RP11-92K15.1
OTTHUMG00000018993;RP11-225H22.5	OTTHUMG00000018993;RP11-225H22.5
OTTHUMG00000159699;RP11-362A9.3	OTTHUMG00000159699;RP11-362A9.3
OR5T3	OR5T3
CRYGC	CRYGC
OTTHUMG00000020140;RP11-395D3.1	OTTHUMG00000020140;RP11-395D3.1
TMEM132D	TMEM132D
OTTHUMG00000149243;XXbac-BPG181B23.4	OTTHUMG00000149243;XXbac-BPG181B23.4
TTC30B	TTC30B
MIR519A2	MIR519A2
LOC146513	LOC146513
DHX30	DHX30
TM2D3	TM2D3
C9orf57	C9orf57
OTTHUMG00000020102;RP11-439K3.3	OTTHUMG00000020102;RP11-439K3.3
RINL	RINL
OTTHUMG00000161628;RP11-94H6.1	OTTHUMG00000161628;RP11-94H6.1
SLC26A2	SLC26A2
FOXI1	FOXI1
LOC100130887;OTTHUMG00000019179;RP11-500G22.2	LOC100130887;OTTHUMG00000019179;RP11-500G22.2
MGC34800	MGC34800
MIR634	MIR634
AC064875.2;LOC100506474;OTTHUMG00000151711	AC064875.2;LOC100506474;OTTHUMG00000151711
PTCH1	PTCH1
EIF2B5-IT1	EIF2B5-IT1
AC013269.4;OTTHUMG00000153979	AC013269.4;OTTHUMG00000153979
MIR378A	MIR378A
MIR888	MIR888
OTTHUMG00000164044;RP11-359E19.2	OTTHUMG00000164044;RP11-359E19.2
BIRC2	BIRC2
AC105053.3;LOC284950;OTTHUMG00000153166	AC105053.3;LOC284950;OTTHUMG00000153166
DCTN3	DCTN3
MIR135A1	MIR135A1
RCOR2	RCOR2
HSFX1;HSFX2	HSFX1;HSFX2
RNASET2	RNASET2
AKAP14	AKAP14
OTTHUMG00000008154;RP11-141A19.1	OTTHUMG00000008154;RP11-141A19.1
AC073957.15;OTTHUMG00000151482	AC073957.15;OTTHUMG00000151482
FAM151B	FAM151B
OTTHUMG00000157236;RP11-91K9.1	OTTHUMG00000157236;RP11-91K9.1
ZNF345	ZNF345
NFIC	NFIC
LOC100130700	LOC100130700
UBE2H	UBE2H
OTTHUMG00000161393;RP11-24I21.1	OTTHUMG00000161393;RP11-24I21.1
HIAT1	HIAT1
MPC1L	MPC1L
C1orf116	C1orf116
DEFB136	DEFB136
LRRC19	LRRC19
TMEM175	TMEM175
FAM82A1;RMDN2	FAM82A1;RMDN2
OR51I2	OR51I2
SCEL	SCEL
OTTHUMG00000162363;RP11-374A4.1	OTTHUMG00000162363;RP11-374A4.1
NDUFA8	NDUFA8
TOB1-AS1	TOB1-AS1
OTTHUMG00000017604;RP11-336A10.2	OTTHUMG00000017604;RP11-336A10.2
OTTHUMG00000031663;RP11-314N13.3	OTTHUMG00000031663;RP11-314N13.3
STRA6	STRA6
HCG26	HCG26
OTTHUMG00000041229;RP11-412H9.2	OTTHUMG00000041229;RP11-412H9.2
OTTHUMG00000156396;RP11-132N15.1	OTTHUMG00000156396;RP11-132N15.1
CCP110	CCP110
NDUFA10	NDUFA10
MIR135A2	MIR135A2
APBB1IP	APBB1IP
AC007250.4;OTTHUMG00000152120	AC007250.4;OTTHUMG00000152120
SPDYC	SPDYC
SHCBP1L	SHCBP1L
PACRG	PACRG
CLCF1	CLCF1
OTTHUMG00000018091;RP11-175I17.4	OTTHUMG00000018091;RP11-175I17.4
ADAMTS9-AS1	ADAMTS9-AS1
DYNC1LI2	DYNC1LI2
IGKV3D-20	IGKV3D-20
LOC100287704;LOC100287834	LOC100287704;LOC100287834
ZNF510	ZNF510
BSPH1	BSPH1
TGFB1	TGFB1
NTSR2	NTSR2
OTTHUMG00000015782;RP1-111D6.3	OTTHUMG00000015782;RP1-111D6.3
OTTHUMG00000040386;RP11-438F14.3	OTTHUMG00000040386;RP11-438F14.3
RNF24	RNF24
HLA-C	HLA-C
C1GALT1	C1GALT1
EEF1A1;LOC100653236	EEF1A1;LOC100653236
TRPC5OS	TRPC5OS
OTTHUMG00000041155;RP11-554K11.2	OTTHUMG00000041155;RP11-554K11.2
AC016700.5;LOC100133985;OTTHUMG00000153133	AC016700.5;LOC100133985;OTTHUMG00000153133
IQCF2	IQCF2
BSN-AS2	BSN-AS2
OTTHUMG00000163187;RP11-843P14.2	OTTHUMG00000163187;RP11-843P14.2
SOX13	SOX13
DUSP21	DUSP21
SNX5	SNX5
RNU7-13P	RNU7-13P
TTC13	TTC13
IGLV9-49	IGLV9-49
TP53I13	TP53I13
OR6C70	OR6C70
DBN1	DBN1
EPM2A	EPM2A
RCHY1	RCHY1
MRGPRX4	MRGPRX4
MTAP	MTAP
PAPOLG	PAPOLG
OTTHUMG00000003519;RP11-288L9.1	OTTHUMG00000003519;RP11-288L9.1
FAM219B	FAM219B
OTTHUMG00000043432;XXyac-YX155B6.6	OTTHUMG00000043432;XXyac-YX155B6.6
SOAT2	SOAT2
TICAM2;TMED7;TMED7-TICAM2	TICAM2;TMED7;TMED7-TICAM2
VPS45	VPS45
KRTCAP3	KRTCAP3
MIOX	MIOX
AC006373.1;OTTHUMG00000151921	AC006373.1;OTTHUMG00000151921
OTTHUMG00000018903;RP11-316M21.6	OTTHUMG00000018903;RP11-316M21.6
OTTHUMG00000018646;RP11-475D12.2	OTTHUMG00000018646;RP11-475D12.2
CTC-436K13.1;OTTHUMG00000163515	CTC-436K13.1;OTTHUMG00000163515
ATP5L	ATP5L
CDSN	CDSN
OTTHUMG00000164249;RP11-642A1.3	OTTHUMG00000164249;RP11-642A1.3
OTTHUMG00000009840;RP5-837I24.2	OTTHUMG00000009840;RP5-837I24.2
CYTH2	CYTH2
AC079610.1;OTTHUMG00000154820	AC079610.1;OTTHUMG00000154820
SMPX	SMPX
RAX	RAX
ZGPAT	ZGPAT
GS1-124K5.3;OTTHUMG00000156596	GS1-124K5.3;OTTHUMG00000156596
CDC26	CDC26
NTN5	NTN5
HCG20	HCG20
OTTHUMG00000017020;RP11-527N12.1	OTTHUMG00000017020;RP11-527N12.1
C16orf74	C16orf74
LOC100506790;OTTHUMG00000022481;RP11-265D19.6	LOC100506790;OTTHUMG00000022481;RP11-265D19.6
SPATS2L	SPATS2L
OTTHUMG00000018482;RP11-464F9.9	OTTHUMG00000018482;RP11-464F9.9
GABARAPL3	GABARAPL3
ACSBG2	ACSBG2
AC006077.3;OTTHUMG00000163060	AC006077.3;OTTHUMG00000163060
PGLYRP3	PGLYRP3
NBPF11;NBPF24	NBPF11;NBPF24
KB-1460A1.2;OTTHUMG00000164821	KB-1460A1.2;OTTHUMG00000164821
CTD-2151A2.1;OTTHUMG00000162763	CTD-2151A2.1;OTTHUMG00000162763
ARSI	ARSI
GPR84	GPR84
OTTHUMG00000018534;RP11-443A13.5	OTTHUMG00000018534;RP11-443A13.5
ARL8B	ARL8B
ZNF32-AS1	ZNF32-AS1
SNORD114-18	SNORD114-18
ZBTB7A	ZBTB7A
LOC100507377	LOC100507377
OTTHUMG00000015535;RP11-103C16.2	OTTHUMG00000015535;RP11-103C16.2
PITHD1	PITHD1
C17orf47	C17orf47
TIGD6	TIGD6
ABCC13	ABCC13
CIR1	CIR1
LOC101059961;OTTHUMG00000158074;WI2-3658N16.1	LOC101059961;OTTHUMG00000158074;WI2-3658N16.1
C16orf13	C16orf13
MIR4480	MIR4480
CD177P1	CD177P1
TRGV5	TRGV5
LOC100505550	LOC100505550
OTTHUMG00000032765;RP4-724E16.2	OTTHUMG00000032765;RP4-724E16.2
RAPSN	RAPSN
METTL6	METTL6
OTTHUMG00000017352;RP11-551M15.1	OTTHUMG00000017352;RP11-551M15.1
OTTHUMG00000020779;RP11-65J3.2	OTTHUMG00000020779;RP11-65J3.2
ZBTB26	ZBTB26
MIR3183	MIR3183
LOC401134;OTTHUMG00000160703;RP11-707A18.1	LOC401134;OTTHUMG00000160703;RP11-707A18.1
LIFR	LIFR
CREB3	CREB3
OTTHUMG00000151357;RP1-90L6.3	OTTHUMG00000151357;RP1-90L6.3
BLOC1S3	BLOC1S3
OTTHUMG00000163701;RP11-6N13.1	OTTHUMG00000163701;RP11-6N13.1
CLRN1	CLRN1
NDUFA12	NDUFA12
ADAD2	ADAD2
GDF6	GDF6
RNU7-28P	RNU7-28P
OIT3	OIT3
OTTHUMG00000163253;RP11-436H11.2	OTTHUMG00000163253;RP11-436H11.2
TMEM60	TMEM60
PRR15	PRR15
OTTHUMG00000015665;RP11-10J5.1	OTTHUMG00000015665;RP11-10J5.1
S100G	S100G
OTTHUMG00000032718;RP11-112L6.4	OTTHUMG00000032718;RP11-112L6.4
AC062021.1;OTTHUMG00000153648	AC062021.1;OTTHUMG00000153648
OR1Q1	OR1Q1
NKPD1	NKPD1
AC003075.4;OTTHUMG00000152468	AC003075.4;OTTHUMG00000152468
FRMD6	FRMD6
LINC00609	LINC00609
SNORD116-10	SNORD116-10
RNA5SP364	RNA5SP364
PDZRN3	PDZRN3
SYN2	SYN2
OR4A5	OR4A5
FCGR3A	FCGR3A
CYP2U1	CYP2U1
BRK1	BRK1
CIAPIN1	CIAPIN1
SIX3-AS1	SIX3-AS1
IL17RE	IL17RE
OTTHUMG00000163114;RP11-231G15.3	OTTHUMG00000163114;RP11-231G15.3
IHH	IHH
PCDHA5	PCDHA5
NRIP3	NRIP3
CCNG2	CCNG2
OR4K2	OR4K2
PAM	PAM
C2orf80	C2orf80
ZNF17	ZNF17
RSAD2	RSAD2
SCG2	SCG2
MAFF	MAFF
FAM3B	FAM3B
CACNG1	CACNG1
GS1-278J22.1;OTTHUMG00000156043	GS1-278J22.1;OTTHUMG00000156043
RPL18A;SNORA68	RPL18A;SNORA68
DUOXA2	DUOXA2
OTTHUMG00000159115;RP11-521D12.1	OTTHUMG00000159115;RP11-521D12.1
GAL3ST2	GAL3ST2
LINGO1	LINGO1
CEP89	CEP89
LINC00303	LINC00303
C9orf9	C9orf9
MIR596	MIR596
AC093850.2;OTTHUMG00000154838	AC093850.2;OTTHUMG00000154838
YIPF3	YIPF3
OTTHUMG00000020527;RP11-168K11.2	OTTHUMG00000020527;RP11-168K11.2
LOC101060202;LOC101060684;NBPF24;NBPF9	LOC101060202;LOC101060684;NBPF24;NBPF9
HCST	HCST
MIR1268A	MIR1268A
OTTHUMG00000163965;RP11-304F15.6	OTTHUMG00000163965;RP11-304F15.6
OTTHUMG00000009845;RP11-147G16.1	OTTHUMG00000009845;RP11-147G16.1
MIR302E	MIR302E
PTGDR	PTGDR
OSBPL5	OSBPL5
OTTHUMG00000018806;RP11-310E22.5	OTTHUMG00000018806;RP11-310E22.5
OR5K2	OR5K2
LINC00911	LINC00911
CXorf56	CXorf56
TRIOBP	TRIOBP
MIR548A2	MIR548A2
OTTHUMG00000163585;RP11-348M17.2	OTTHUMG00000163585;RP11-348M17.2
ABRACL	ABRACL
OTTHUMG00000163892;RP11-279N21.1	OTTHUMG00000163892;RP11-279N21.1
MIR4733	MIR4733
MIR4644	MIR4644
DSC1	DSC1
AF127936.3;OTTHUMG00000074314	AF127936.3;OTTHUMG00000074314
RASSF6	RASSF6
AP4B1-AS1	AP4B1-AS1
OTTHUMG00000163398;RP11-1334A24.6	OTTHUMG00000163398;RP11-1334A24.6
IL22	IL22
LINC00865;OTTHUMG00000018726;RP11-248C1.2	LINC00865;OTTHUMG00000018726;RP11-248C1.2
AC003984.1;OTTHUMG00000154603	AC003984.1;OTTHUMG00000154603
RUFY1	RUFY1
LONRF1	LONRF1
SLC35A1	SLC35A1
OTTHUMG00000160762;RP11-287F9.2	OTTHUMG00000160762;RP11-287F9.2
AC007308.6;OTTHUMG00000153507	AC007308.6;OTTHUMG00000153507
MIA2	MIA2
FLJ13224	FLJ13224
CHKB-AS1;CTA-384D8.20;OTTHUMG00000150208	CHKB-AS1;CTA-384D8.20;OTTHUMG00000150208
LY6D	LY6D
BCL10	BCL10
CTD-2384B11.2;OTTHUMG00000162429	CTD-2384B11.2;OTTHUMG00000162429
SPAG5-AS1	SPAG5-AS1
OR6Q1	OR6Q1
UNC13D	UNC13D
OTTHUMG00000159743;RP11-651P23.5	OTTHUMG00000159743;RP11-651P23.5
AC083843.3;OTTHUMG00000164326	AC083843.3;OTTHUMG00000164326
RTCA	RTCA
TRBV6-1	TRBV6-1
PATE3	PATE3
LINC00674	LINC00674
MAPK13	MAPK13
OTTHUMG00000161692;RP11-180C1.1	OTTHUMG00000161692;RP11-180C1.1
LOC100288974;MBL1P	LOC100288974;MBL1P
C2orf53	C2orf53
LINC00857;OTTHUMG00000018605;RP11-40F6.2	LINC00857;OTTHUMG00000018605;RP11-40F6.2
OTTHUMG00000014195;RP3-429O6.1	OTTHUMG00000014195;RP3-429O6.1
RPAIN	RPAIN
ANTXR1	ANTXR1
CTA-503F6.2;OTTHUMG00000150949	CTA-503F6.2;OTTHUMG00000150949
DENND4A	DENND4A
SPSB4	SPSB4
HCAR2	HCAR2
DEFB124	DEFB124
MYH11	MYH11
GLTPD2	GLTPD2
OR5K3	OR5K3
ZNF663	ZNF663
LOC100652768	LOC100652768
OTTHUMG00000164704;RP11-320N21.2	OTTHUMG00000164704;RP11-320N21.2
LINC00265	LINC00265
FAM220BP	FAM220BP
UBXN7	UBXN7
HAUS2	HAUS2
TSPAN14	TSPAN14
TRIM73;TRIM74	TRIM73;TRIM74
CTB-43P18.1;OTTHUMG00000163389	CTB-43P18.1;OTTHUMG00000163389
MORC2	MORC2
AC093159.1;OTTHUMG00000152523	AC093159.1;OTTHUMG00000152523
RNF20	RNF20
OTTHUMG00000024178;RP11-329E24.6	OTTHUMG00000024178;RP11-329E24.6
ST3GAL1	ST3GAL1
OTTHUMG00000014957;RP11-349P19.1	OTTHUMG00000014957;RP11-349P19.1
TCL1A	TCL1A
MIR562	MIR562
CES4A	CES4A
CTD-2143L24.1;LOC285692;OTTHUMG00000161688	CTD-2143L24.1;LOC285692;OTTHUMG00000161688
AC008592.7;OTTHUMG00000162822	AC008592.7;OTTHUMG00000162822
AC113331.9;LOC100506101;OTTHUMG00000066612	AC113331.9;LOC100506101;OTTHUMG00000066612
BOLA1	BOLA1
PCID2	PCID2
TRIP6	TRIP6
ZBTB20-AS2	ZBTB20-AS2
OR10C1	OR10C1
OTTHUMG00000163822;RP11-177H2.2	OTTHUMG00000163822;RP11-177H2.2
FAM104B;LOC101060846	FAM104B;LOC101060846
MIR548Z	MIR548Z
REEP5	REEP5
OR10G7	OR10G7
TRIM51GP	TRIM51GP
FCGRT	FCGRT
PPP1R26-AS1	PPP1R26-AS1
AC005487.2;OTTHUMG00000154871	AC005487.2;OTTHUMG00000154871
LOC100505609;OTTHUMG00000157863;RP11-420J11.2	LOC100505609;OTTHUMG00000157863;RP11-420J11.2
MCF2L2	MCF2L2
OTTHUMG00000019965;RP11-88I18.3	OTTHUMG00000019965;RP11-88I18.3
IFT172	IFT172
RASA1	RASA1
NDUFB3	NDUFB3
OTTHUMG00000158832;RP11-20B7.1	OTTHUMG00000158832;RP11-20B7.1
OR10C1	OR10C1
OR10C1	OR10C1
OR10C1	OR10C1
OTTHUMG00000151279;OTTHUMG00000151281;RP1-76B20.11;RP1-76B20.12	OTTHUMG00000151279;OTTHUMG00000151281;RP1-76B20.11;RP1-76B20.12
SNORD116-14	SNORD116-14
NOTCH2NL;OTTHUMG00000167702;RP11-458D21.5	NOTCH2NL;OTTHUMG00000167702;RP11-458D21.5
OTTHUMG00000164758;RP11-737F9.1	OTTHUMG00000164758;RP11-737F9.1
LINC00336	LINC00336
DCUN1D1	DCUN1D1
LINC00642	LINC00642
LSM14B	LSM14B
CRHR1-IT1	CRHR1-IT1
SYT17	SYT17
MAP4K3	MAP4K3
C15orf54	C15orf54
OTTHUMG00000035304;RP3-467K16.7	OTTHUMG00000035304;RP3-467K16.7
NSMAF	NSMAF
MUCL1	MUCL1
OTTHUMG00000162899;RP11-526F3.1	OTTHUMG00000162899;RP11-526F3.1
SLC25A30	SLC25A30
GOSR2	GOSR2
OTTHUMG00000161181;RP11-145G20.1	OTTHUMG00000161181;RP11-145G20.1
MAN1B1	MAN1B1
FBL	FBL
LOC653501;ZNF658;ZNF658B	LOC653501;ZNF658;ZNF658B
AK3	AK3
RNA5SP454	RNA5SP454
CRTC1	CRTC1
ALG9-IT1	ALG9-IT1
OTTHUMG00000058669;RP11-449H15.2	OTTHUMG00000058669;RP11-449H15.2
LEF1-AS1	LEF1-AS1
BPIFA1	BPIFA1
SLC12A9	SLC12A9
DUX2;DUX4;DUX4L2	DUX2;DUX4;DUX4L2
DUX2;DUX4;DUX4L2	DUX2;DUX4;DUX4L2
DUX2;DUX4;DUX4L2	DUX2;DUX4;DUX4L2
DUX2;DUX4;DUX4L2	DUX2;DUX4;DUX4L2
DUX2;DUX4;DUX4L2	DUX2;DUX4;DUX4L2
DUX2;DUX4L2	DUX2;DUX4L2
DUX2;DUX4;DUX4L2	DUX2;DUX4;DUX4L2
OTTHUMG00000017094;RP11-332E3.2	OTTHUMG00000017094;RP11-332E3.2
MIR4668	MIR4668
DEFB129	DEFB129
ADAM33	ADAM33
STX11	STX11
AC092669.2;AC092669.6;OTTHUMG00000152808;OTTHUMG00000152908	AC092669.2;AC092669.6;OTTHUMG00000152808;OTTHUMG00000152908
LPHN1	LPHN1
OTTHUMG00000037291;RP11-358H9.1	OTTHUMG00000037291;RP11-358H9.1
AC007349.5;OTTHUMG00000154944	AC007349.5;OTTHUMG00000154944
OTTHUMG00000041135;RP5-1011O1.2	OTTHUMG00000041135;RP5-1011O1.2
SNORD113-8	SNORD113-8
OTTHUMG00000009889;RP11-240D10.4	OTTHUMG00000009889;RP11-240D10.4
TAF2	TAF2
AC078852.2;OTTHUMG00000163526	AC078852.2;OTTHUMG00000163526
KB-431C1.4;OTTHUMG00000164878	KB-431C1.4;OTTHUMG00000164878
MIR4314	MIR4314
LINC00676	LINC00676
SCAND1	SCAND1
AP001439.2;OTTHUMG00000078481	AP001439.2;OTTHUMG00000078481
SSRP1	SSRP1
ATP8B5P	ATP8B5P
HLA-C	HLA-C
ZCCHC24	ZCCHC24
HOXB3;HOXB4;MIR10A	HOXB3;HOXB4;MIR10A
RAN	RAN
OTTHUMG00000156519;RP11-573D15.3	OTTHUMG00000156519;RP11-573D15.3
ME2	ME2
OTTHUMG00000040863;RP11-63B19.1	OTTHUMG00000040863;RP11-63B19.1
LHX8	LHX8
OTTHUMG00000017169;RP11-471M2.2	OTTHUMG00000017169;RP11-471M2.2
IRX4	IRX4
KCNK6	KCNK6
MIR1284	MIR1284
IFIT3	IFIT3
CNTRL	CNTRL
MTUS2-AS2	MTUS2-AS2
MIR3676	MIR3676
OTTHUMG00000031876;RP1-278O22.1	OTTHUMG00000031876;RP1-278O22.1
OTTHUMG00000165076;RP11-973F15.1	OTTHUMG00000165076;RP11-973F15.1
RCAN3AS	RCAN3AS
ZFP14	ZFP14
DIS3	DIS3
MIR548M	MIR548M
TBC1D2B	TBC1D2B
RB1CC1	RB1CC1
OTTHUMG00000036062;RP11-74C13.3	OTTHUMG00000036062;RP11-74C13.3
GGNBP2	GGNBP2
PRRT4	PRRT4
CABLES1	CABLES1
UBXN1	UBXN1
PSORS1C3	PSORS1C3
LOC100505776	LOC100505776
GALP	GALP
PDDC1	PDDC1
MYRFL	MYRFL
LOC100653005;OTTHUMG00000014537;RP3-468B3.2	LOC100653005;OTTHUMG00000014537;RP3-468B3.2
AP000432.2;OTTHUMG00000074507	AP000432.2;OTTHUMG00000074507
LOC341056	LOC341056
C9orf142	C9orf142
LOC641367	LOC641367
OTTHUMG00000163471;RP11-256P1.1	OTTHUMG00000163471;RP11-256P1.1
C10orf131	C10orf131
UTP3	UTP3
FBXO34	FBXO34
OTTHUMG00000156006;RP11-520A21.1	OTTHUMG00000156006;RP11-520A21.1
CDX1	CDX1
SLC16A14	SLC16A14
OR2V2	OR2V2
PTCRA	PTCRA
OTTHUMG00000161813;RP11-717H13.1	OTTHUMG00000161813;RP11-717H13.1
DMRTC2	DMRTC2
PDSS2	PDSS2
EZR-AS1	EZR-AS1
LOC440704;OTTHUMG00000035556;RP11-463J7.2	LOC440704;OTTHUMG00000035556;RP11-463J7.2
MIR26A1	MIR26A1
BROX	BROX
CTD-2260A17.1;OTTHUMG00000162841	CTD-2260A17.1;OTTHUMG00000162841
ZMAT1	ZMAT1
PHKA1-AS1	PHKA1-AS1
TFPT	TFPT
AFAP1-AS1	AFAP1-AS1
ZSWIM4	ZSWIM4
SOS1-IT1	SOS1-IT1
CCPG1;MIR628	CCPG1;MIR628
IDH3B	IDH3B
GATS	GATS
COL4A2-AS2	COL4A2-AS2
NBPF11;NBPF24	NBPF11;NBPF24
PADI3	PADI3
SLC35G6	SLC35G6
CA8	CA8
LOC100505940;OTTHUMG00000010650;RP11-148B18.3	LOC100505940;OTTHUMG00000010650;RP11-148B18.3
CAMK2A	CAMK2A
AC007277.3;OTTHUMG00000154056	AC007277.3;OTTHUMG00000154056
OTTHUMG00000019506;RP11-207C16.4	OTTHUMG00000019506;RP11-207C16.4
MIR4735	MIR4735
OTTHUMG00000038016;RP4-781K5.7	OTTHUMG00000038016;RP4-781K5.7
TSPAN17	TSPAN17
GAGE12B;GAGE12F;GAGE12G;GAGE12I;GAGE2A;GAGE2C;GAGE2E;GAGE4;GAGE5;GAGE7;GAGE8	GAGE12B;GAGE12F;GAGE12G;GAGE12I;GAGE2A;GAGE2C;GAGE2E;GAGE4;GAGE5;GAGE7;GAGE8
AC005550.3;OTTHUMG00000152391	AC005550.3;OTTHUMG00000152391
AC002115.5;OTTHUMG00000048109	AC002115.5;OTTHUMG00000048109
PXT1	PXT1
PSCA	PSCA
FARSA	FARSA
PRSS41	PRSS41
S1PR5	S1PR5
OTTHUMG00000021819;RP11-69A21.2	OTTHUMG00000021819;RP11-69A21.2
SLC22A24	SLC22A24
OTTHUMG00000158980;RP11-520D19.2	OTTHUMG00000158980;RP11-520D19.2
AC007383.4;GCSHP3;OTTHUMG00000154651	AC007383.4;GCSHP3;OTTHUMG00000154651
ANKFN1	ANKFN1
CLYBL-AS1	CLYBL-AS1
IGLV5-48	IGLV5-48
TPM4	TPM4
KLF13	KLF13
GPR42	GPR42
MIR2682	MIR2682
OTTHUMG00000019849;RP11-182N22.8	OTTHUMG00000019849;RP11-182N22.8
ANKRD16	ANKRD16
ILVBL	ILVBL
C7orf25	C7orf25
SNORA12	SNORA12
NXNL2	NXNL2
USP33	USP33
OTTHUMG00000157156;RP11-114L10.2	OTTHUMG00000157156;RP11-114L10.2
LOC100506029;LOC100506051;OTTHUMG00000010831;RP11-421L21.3	LOC100506029;LOC100506051;OTTHUMG00000010831;RP11-421L21.3
FZD10	FZD10
MIR3659	MIR3659
OTTHUMG00000156028;RP11-44M6.1	OTTHUMG00000156028;RP11-44M6.1
AC022201.4;OTTHUMG00000153164	AC022201.4;OTTHUMG00000153164
SLC24A4	SLC24A4
CSN2	CSN2
GATM	GATM
CTD-2044J15.1;OTTHUMG00000161705	CTD-2044J15.1;OTTHUMG00000161705
AC106053.1;OTTHUMG00000151764	AC106053.1;OTTHUMG00000151764
OTTHUMG00000160613;RP11-290F5.1	OTTHUMG00000160613;RP11-290F5.1
OTTHUMG00000160312;RP11-308K2.1	OTTHUMG00000160312;RP11-308K2.1
TRGV10	TRGV10
MIR154	MIR154
OTTHUMG00000031858;RP5-839B4.8	OTTHUMG00000031858;RP5-839B4.8
NOS2P3	NOS2P3
RPLP2;SNORA52	RPLP2;SNORA52
OTTHUMG00000164265;RP11-61G23.2	OTTHUMG00000164265;RP11-61G23.2
TMEM143	TMEM143
LCE3A	LCE3A
CATSPERB	CATSPERB
CTA-299D3.8;LOC284933;OTTHUMG00000150309	CTA-299D3.8;LOC284933;OTTHUMG00000150309
OR4F6	OR4F6
OTTHUMG00000041346;RP11-347K2.1	OTTHUMG00000041346;RP11-347K2.1
OTTHUMG00000041349;RP11-153F1.2	OTTHUMG00000041349;RP11-153F1.2
LOC100505532	LOC100505532
EFCAB9	EFCAB9
AC034228.4;OTTHUMG00000059641	AC034228.4;OTTHUMG00000059641
SEC31A	SEC31A
AC133919.6;LOC100130015;OTTHUMG00000154575	AC133919.6;LOC100130015;OTTHUMG00000154575
AC074363.1;OTTHUMG00000154028	AC074363.1;OTTHUMG00000154028
ZBTB49	ZBTB49
OTTHUMG00000160485;RP11-213G21.2	OTTHUMG00000160485;RP11-213G21.2
LAIR2	LAIR2
ARPC1B	ARPC1B
AGPAT4	AGPAT4
TTTY9A;TTTY9B	TTTY9A;TTTY9B
TTTY9A;TTTY9B	TTTY9A;TTTY9B
IFNA14	IFNA14
LINC00705	LINC00705
C1orf115	C1orf115
OTTHUMG00000000478;RP5-884C9.2	OTTHUMG00000000478;RP5-884C9.2
EIF4E2	EIF4E2
OTTHUMG00000035229;RP11-545I10.2	OTTHUMG00000035229;RP11-545I10.2
DRAM1	DRAM1
TGIF2LX	TGIF2LX
OTTHUMG00000163223;RP11-325L7.2	OTTHUMG00000163223;RP11-325L7.2
NUFIP1	NUFIP1
HMGN5	HMGN5
OR11H4	OR11H4
FAM198A	FAM198A
HLA-DQB1;OTTHUMG00000140106;XXbac-BPG254F23.6	HLA-DQB1;OTTHUMG00000140106;XXbac-BPG254F23.6
PBX2	PBX2
PBX2	PBX2
SNORD121A	SNORD121A
LOC100509303;OTTHUMG00000036133;RP11-385M4.1	LOC100509303;OTTHUMG00000036133;RP11-385M4.1
OTTHUMG00000019057;RP11-324O2.3	OTTHUMG00000019057;RP11-324O2.3
CARNS1	CARNS1
ADIRF;C10orf116	ADIRF;C10orf116
TRIM11	TRIM11
OTTHUMG00000020588;RP11-477J21.6	OTTHUMG00000020588;RP11-477J21.6
OTTHUMG00000035686;RP11-452J13.1	OTTHUMG00000035686;RP11-452J13.1
LXN	LXN
LOC100287163;ZNF717	LOC100287163;ZNF717
KRTAP10-12	KRTAP10-12
AP000431.1;OTTHUMG00000074542	AP000431.1;OTTHUMG00000074542
PF4V1	PF4V1
AC104113.3;OTTHUMG00000153833	AC104113.3;OTTHUMG00000153833
CTD-2313F11.1;OTTHUMG00000162200	CTD-2313F11.1;OTTHUMG00000162200
MIR4499	MIR4499
OTTHUMG00000031988;RP11-97N19.2	OTTHUMG00000031988;RP11-97N19.2
LCP2	LCP2
FLJ45825	FLJ45825
AC010132.10;OTTHUMG00000155178	AC010132.10;OTTHUMG00000155178
PRAMEF10	PRAMEF10
NOVA2	NOVA2
NFE2L3	NFE2L3
SPPL2C	SPPL2C
A2MP1	A2MP1
MIR1183	MIR1183
OTTHUMG00000159446;RP11-1000B6.2	OTTHUMG00000159446;RP11-1000B6.2
MTERFD2	MTERFD2
RHOXF2;RHOXF2B	RHOXF2;RHOXF2B
HEATR3	HEATR3
AC010731.2;OTTHUMG00000154728	AC010731.2;OTTHUMG00000154728
CLDN8	CLDN8
AC009095.4;OTTHUMG00000150496	AC009095.4;OTTHUMG00000150496
TELO2	TELO2
LOC643201;OTTHUMG00000163191;RP11-844P9.2	LOC643201;OTTHUMG00000163191;RP11-844P9.2
OTTHUMG00000032154;RP4-610C12.1	OTTHUMG00000032154;RP4-610C12.1
LSAMP-AS2	LSAMP-AS2
ING1	ING1
NDRG4	NDRG4
HIPK4	HIPK4
SNORD66	SNORD66
IER5L	IER5L
CTC-235G5.3;OTTHUMG00000162399	CTC-235G5.3;OTTHUMG00000162399
ZNF888	ZNF888
MORN2	MORN2
RPP25L	RPP25L
KIAA0825	KIAA0825
PFDN5	PFDN5
OTTHUMG00000000421;RP11-133O22.6	OTTHUMG00000000421;RP11-133O22.6
MYLK3	MYLK3
SOX30	SOX30
AC092619.1;LOC151171;OTTHUMG00000152849	AC092619.1;LOC151171;OTTHUMG00000152849
HIST1H1T	HIST1H1T
CYP1B1	CYP1B1
AC073635.5;OTTHUMG00000155740	AC073635.5;OTTHUMG00000155740
OTTHUMG00000163713;RP11-108A14.1	OTTHUMG00000163713;RP11-108A14.1
FAM221A	FAM221A
ACSL5	ACSL5
GUCA1B	GUCA1B
LOC100128573	LOC100128573
ATF3	ATF3
LOC100128028;OTTHUMG00000032629;RP11-465L10.10	LOC100128028;OTTHUMG00000032629;RP11-465L10.10
MIR1252	MIR1252
BCAN	BCAN
TRAV14DV4	TRAV14DV4
OTTHUMG00000161256;RP11-366M4.13	OTTHUMG00000161256;RP11-366M4.13
MIR506	MIR506
ERVK3-1	ERVK3-1
OTTHUMG00000020831;RP11-323H21.3	OTTHUMG00000020831;RP11-323H21.3
AC011901.2;OTTHUMG00000153822	AC011901.2;OTTHUMG00000153822
OTTHUMG00000015046;RP11-554D15.3	OTTHUMG00000015046;RP11-554D15.3
OTTHUMG00000158840;RP11-354H21.1	OTTHUMG00000158840;RP11-354H21.1
PAN3-AS1	PAN3-AS1
MIR4439	MIR4439
TRAJ61	TRAJ61
OTTHUMG00000041460;RP11-384C4.6	OTTHUMG00000041460;RP11-384C4.6
CADM2-AS1	CADM2-AS1
TCP10;TCP10L2	TCP10;TCP10L2
MAP2K5	MAP2K5
MED27	MED27
AC096570.1;OTTHUMG00000151816	AC096570.1;OTTHUMG00000151816
PACRGL	PACRGL
LACE1	LACE1
MIR548D1	MIR548D1
MIR548AD	MIR548AD
SNORD13	SNORD13
RN7SL1	RN7SL1
MCOLN1	MCOLN1
COPS8	COPS8
PTX3	PTX3
SAMD15	SAMD15
HAUS4;MIR4707	HAUS4;MIR4707
OTTHUMG00000162401;RP11-466P24.6	OTTHUMG00000162401;RP11-466P24.6
AC011284.3;OTTHUMG00000151734	AC011284.3;OTTHUMG00000151734
LOC100303749	LOC100303749
IPO7	IPO7
ASAH2	ASAH2
SYNPO2L	SYNPO2L
OTTHUMG00000161494;RP11-1079K10.5	OTTHUMG00000161494;RP11-1079K10.5
SLC39A2	SLC39A2
TRGV3	TRGV3
AC051649.16;OTTHUMG00000150032	AC051649.16;OTTHUMG00000150032
TAF1B	TAF1B
BARHL2	BARHL2
MIR515-1;MIR515-2	MIR515-1;MIR515-2
MIR515-1;MIR515-2	MIR515-1;MIR515-2
SIGLEC6	SIGLEC6
OTTHUMG00000035319;RCSD1;RP3-455J7.4	OTTHUMG00000035319;RCSD1;RP3-455J7.4
CBLB	CBLB
CTD-2263F21.1;OTTHUMG00000162102	CTD-2263F21.1;OTTHUMG00000162102
HLA-E	HLA-E
HLA-E	HLA-E
HLA-E	HLA-E
CTD-2297D10.2;OTTHUMG00000161668	CTD-2297D10.2;OTTHUMG00000161668
FGF14-AS2	FGF14-AS2
OTTHUMG00000156951;RP11-328J2.1	OTTHUMG00000156951;RP11-328J2.1
LINC00339	LINC00339
MAB21L1;MIR548F5	MAB21L1;MIR548F5
CDSN	CDSN
OR51M1	OR51M1
AC015936.3;OTTHUMG00000154265	AC015936.3;OTTHUMG00000154265
CLPB	CLPB
RNU5A-7P	RNU5A-7P
AP000946.2;OTTHUMG00000074607	AP000946.2;OTTHUMG00000074607
SLC46A3	SLC46A3
LOC101060567;PEX11B	LOC101060567;PEX11B
OTTHUMG00000163290;RP11-779O18.1	OTTHUMG00000163290;RP11-779O18.1
OTTHUMG00000008925;RP11-334A14.8	OTTHUMG00000008925;RP11-334A14.8
ACPT	ACPT
PIP5K1P1	PIP5K1P1
AP000320.6;OTTHUMG00000086192	AP000320.6;OTTHUMG00000086192
PSG1	PSG1
CTSG	CTSG
KRTAP5-11	KRTAP5-11
ZBED3-AS1	ZBED3-AS1
PTGER1	PTGER1
OTTHUMG00000159539;RP11-758P17.3	OTTHUMG00000159539;RP11-758P17.3
MYLK2	MYLK2
HDAC5	HDAC5
OR11A1;OR5V1	OR11A1;OR5V1
OR1E2	OR1E2
MIR9-1	MIR9-1
OTTHUMG00000163701;RP11-6N13.1	OTTHUMG00000163701;RP11-6N13.1
OTTHUMG00000020208;RP11-440G5.2	OTTHUMG00000020208;RP11-440G5.2
RGS14	RGS14
MIR4744	MIR4744
SPDYA	SPDYA
MIR3177	MIR3177
MT1X	MT1X
CLEC2B	CLEC2B
AFF4	AFF4
CECR6	CECR6
TMPRSS11E	TMPRSS11E
OTTHUMG00000009217;RP3-380B4.1	OTTHUMG00000009217;RP3-380B4.1
OTTHUMG00000018782;RP11-162K11.4	OTTHUMG00000018782;RP11-162K11.4
KBTBD13	KBTBD13
GOLGA5	GOLGA5
OTTHUMG00000016605;RP11-165I9.8	OTTHUMG00000016605;RP11-165I9.8
AC147651.5;OTTHUMG00000151415	AC147651.5;OTTHUMG00000151415
CRCT1	CRCT1
AC002472.11;OTTHUMG00000150899	AC002472.11;OTTHUMG00000150899
DEFA1;DEFA1B;DEFA3	DEFA1;DEFA1B;DEFA3
LMCD1	LMCD1
OTTHUMG00000045406;XXyac-YX65C7_A.3	OTTHUMG00000045406;XXyac-YX65C7_A.3
FLJ37035;OTTHUMG00000019231;RP11-383C5.4	FLJ37035;OTTHUMG00000019231;RP11-383C5.4
FAM124B	FAM124B
LOC100507462	LOC100507462
AC019349.5;OTTHUMG00000133684	AC019349.5;OTTHUMG00000133684
C2orf71	C2orf71
MIR2114	MIR2114
C6orf136	C6orf136
OR1S1	OR1S1
SH2D1A	SH2D1A
PDZK1	PDZK1
RFPL4AL1	RFPL4AL1
FAM174A	FAM174A
NAB2	NAB2
ATP9B	ATP9B
MIR548Q	MIR548Q
LINC00352	LINC00352
HCG20	HCG20
FBP1	FBP1
RNU5F-1	RNU5F-1
LIME1	LIME1
C16orf82	C16orf82
OTTHUMG00000020418;RP11-217B7.2	OTTHUMG00000020418;RP11-217B7.2
AC073283.7;OTTHUMG00000153134	AC073283.7;OTTHUMG00000153134
MOB1B	MOB1B
RPLP0P2	RPLP0P2
WNT6	WNT6
MCMDC2	MCMDC2
OTTHUMG00000017360;RP11-65D24.2	OTTHUMG00000017360;RP11-65D24.2
CHRM3-AS1	CHRM3-AS1
CD48	CD48
DGAT2L6	DGAT2L6
EPG5	EPG5
ZBTB38	ZBTB38
MEA1	MEA1
NUP210L	NUP210L
AC010745.2;OTTHUMG00000151750	AC010745.2;OTTHUMG00000151750
AC092625.1;OTTHUMG00000153807	AC092625.1;OTTHUMG00000153807
TUBBP5	TUBBP5
FABP3P2	FABP3P2
ZSCAN5A	ZSCAN5A
OTTHUMG00000008195;RP11-296A18.3	OTTHUMG00000008195;RP11-296A18.3
CTR9	CTR9
TMEM63C	TMEM63C
C18orf63	C18orf63
EPPIN;EPPIN-WFDC6	EPPIN;EPPIN-WFDC6
DUS3L	DUS3L
FLJ34503;OTTHUMG00000133566;RP11-544L8__B.4	FLJ34503;OTTHUMG00000133566;RP11-544L8__B.4
LOC100506091;OTTHUMG00000014223;RP11-203H2.2	LOC100506091;OTTHUMG00000014223;RP11-203H2.2
FAM172BP	FAM172BP
SMC3	SMC3
OXT	OXT
C2orf82	C2orf82
NRIP2	NRIP2
UNC5B	UNC5B
PRKAA1	PRKAA1
AC092535.3;FLJ35816;OTTHUMG00000118999	AC092535.3;FLJ35816;OTTHUMG00000118999
AJ009632.3;OTTHUMG00000078773	AJ009632.3;OTTHUMG00000078773
PVRL1	PVRL1
KIAA1949;OTTHUMG00000031537;PPP1R18	KIAA1949;OTTHUMG00000031537;PPP1R18
LINC00467	LINC00467
AC027763.2;LOC100506713;OTTHUMG00000132903	AC027763.2;LOC100506713;OTTHUMG00000132903
KIF19	KIF19
OTTHUMG00000160251;RP11-448G15.1	OTTHUMG00000160251;RP11-448G15.1
TMEM115	TMEM115
CLCN3	CLCN3
PRC1-AS1	PRC1-AS1
C4A-AS1	C4A-AS1
C4B-AS1	C4B-AS1
OTTHUMG00000137633;XXbac-BPG116M5.15	OTTHUMG00000137633;XXbac-BPG116M5.15
OTTHUMG00000149049;XXbac-BPG116M5.16	OTTHUMG00000149049;XXbac-BPG116M5.16
OTTHUMG00000149558;XXbac-BPG116M5.16	OTTHUMG00000149558;XXbac-BPG116M5.16
OTTHUMG00000137498;XXbac-BPG116M5.16	OTTHUMG00000137498;XXbac-BPG116M5.16
OTTHUMG00000137660;XXbac-BPG116M5.15	OTTHUMG00000137660;XXbac-BPG116M5.15
OTTHUMG00000137666;XXbac-BPG116M5.16	OTTHUMG00000137666;XXbac-BPG116M5.16
OTTHUMG00000157235;RP11-114M1.1	OTTHUMG00000157235;RP11-114M1.1
LOC100131691	LOC100131691
OTTHUMG00000010769;RP11-413P11.1	OTTHUMG00000010769;RP11-413P11.1
IRS2	IRS2
LOC149086;OTTHUMG00000003880;RP11-439L8.3	LOC149086;OTTHUMG00000003880;RP11-439L8.3
SAP30BP	SAP30BP
ACAP2	ACAP2
LOC401324	LOC401324
MIR4282	MIR4282
MOCS3	MOCS3
TRAJ19	TRAJ19
LEUTX	LEUTX
LOC728024	LOC728024
OTTHUMG00000035690;RP11-21J7.1	OTTHUMG00000035690;RP11-21J7.1
LINC00613	LINC00613
SDAD1	SDAD1
LINC00052	LINC00052
OR4C5	OR4C5
ZNF182	ZNF182
MIR572	MIR572
MBNL2	MBNL2
THAP7-AS1	THAP7-AS1
PRKACG	PRKACG
WNT5A	WNT5A
AC007879.4;OTTHUMG00000154724	AC007879.4;OTTHUMG00000154724
OTTHUMG00000020591;RP11-162D16.2	OTTHUMG00000020591;RP11-162D16.2
TPI1	TPI1
CYP17A1	CYP17A1
SLC2A1	SLC2A1
OTTHUMG00000041299;RP11-66D17.5	OTTHUMG00000041299;RP11-66D17.5
OR2W1	OR2W1
OR2W1	OR2W1
OR2W1	OR2W1
OR2W1	OR2W1
OR2W1	OR2W1
OR2W1	OR2W1
OR2W1	OR2W1
OR2W1	OR2W1
PPP6C	PPP6C
TUBA8	TUBA8
OTTHUMG00000159120;RP11-521D12.2	OTTHUMG00000159120;RP11-521D12.2
DEFB114	DEFB114
NPHP4	NPHP4
OTTHUMG00000163188;RP11-843P14.1	OTTHUMG00000163188;RP11-843P14.1
CXorf64	CXorf64
PSORS1C2	PSORS1C2
AC010872.1;OTTHUMG00000151794	AC010872.1;OTTHUMG00000151794
SRCAP	SRCAP
AC102948.2;OTTHUMG00000132354	AC102948.2;OTTHUMG00000132354
MIR4717	MIR4717
DENND6A	DENND6A
OTTHUMG00000005740;RP4-622L5.7	OTTHUMG00000005740;RP4-622L5.7
OTTHUMG00000000825;RP1-283E3.4	OTTHUMG00000000825;RP1-283E3.4
OTTHUMG00000159017;RP11-460N16.1	OTTHUMG00000159017;RP11-460N16.1
GPANK1	GPANK1
BAT4;GPANK1;OTTHUMG00000149284	BAT4;GPANK1;OTTHUMG00000149284
BAT4;GPANK1;OTTHUMG00000149515	BAT4;GPANK1;OTTHUMG00000149515
FAM226A;FAM226B	FAM226A;FAM226B
FBXW4	FBXW4
FXR2	FXR2
OTTHUMG00000164729;RP11-347C18.3	OTTHUMG00000164729;RP11-347C18.3
INMT	INMT
OTTHUMG00000164842;RP11-417F21.1	OTTHUMG00000164842;RP11-417F21.1
OR2T12	OR2T12
RNU7-35P	RNU7-35P
OTTHUMG00000164654;RP11-44N12.2	OTTHUMG00000164654;RP11-44N12.2
HRASLS2	HRASLS2
AC002511.2;OTTHUMG00000048096	AC002511.2;OTTHUMG00000048096
MCF2L	MCF2L
ARL2BP	ARL2BP
LOC100133461;OTTHUMG00000159968;RP3-513G18.2	LOC100133461;OTTHUMG00000159968;RP3-513G18.2
DLEU7-AS1	DLEU7-AS1
AC092839.3;OTTHUMG00000152417	AC092839.3;OTTHUMG00000152417
ZNF598	ZNF598
CHD1	CHD1
LOC101060141;TPRG1	LOC101060141;TPRG1
CTC-558O2.2;OTTHUMG00000163057	CTC-558O2.2;OTTHUMG00000163057
SOX3	SOX3
CTC-340D7.1;OTTHUMG00000162332	CTC-340D7.1;OTTHUMG00000162332
CBX1	CBX1
LMX1B	LMX1B
FZD9	FZD9
MIR2117	MIR2117
OTTHUMG00000156144;RP11-372H2.1	OTTHUMG00000156144;RP11-372H2.1
AC009110.1;OTTHUMG00000150106	AC009110.1;OTTHUMG00000150106
GATA5	GATA5
OTTHUMG00000158994;RP11-789F5.1	OTTHUMG00000158994;RP11-789F5.1
PDHA2	PDHA2
AC139666.1;LINC00885;OTTHUMG00000155713	AC139666.1;LINC00885;OTTHUMG00000155713
OTTHUMG00000002621;RP5-930J4.2	OTTHUMG00000002621;RP5-930J4.2
OR8J1	OR8J1
OTTHUMG00000066821;PGM5P2;RP11-87H9.3	OTTHUMG00000066821;PGM5P2;RP11-87H9.3
CSRP2BP;PET117	CSRP2BP;PET117
PNPT1	PNPT1
RGS21	RGS21
IL17REL	IL17REL
BTBD7	BTBD7
TRNP1	TRNP1
CSTL1	CSTL1
C1orf134;RSG1	C1orf134;RSG1
OTTHUMG00000156107;RP11-143P4.2	OTTHUMG00000156107;RP11-143P4.2
OTTHUMG00000015729;RP1-20N2.6	OTTHUMG00000015729;RP1-20N2.6
AC104781.1;OTTHUMG00000152469	AC104781.1;OTTHUMG00000152469
CCL16	CCL16
PTPRD	PTPRD
OTTHUMG00000158425;RP11-286H14.8	OTTHUMG00000158425;RP11-286H14.8
FAM71B	FAM71B
SNORD113-5	SNORD113-5
OTTHUMG00000161887;RP11-730N24.2	OTTHUMG00000161887;RP11-730N24.2
OTTHUMG00000017664;RP11-397O4.1	OTTHUMG00000017664;RP11-397O4.1
RNA5SP108	RNA5SP108
MIR3160-2	MIR3160-2
TM6SF2	TM6SF2
CPO	CPO
GPS2;NEURL4	GPS2;NEURL4
PIPSL	PIPSL
OTTHUMG00000011012;RP11-356N1.2	OTTHUMG00000011012;RP11-356N1.2
ESPN	ESPN
LRRC10	LRRC10
LOC100507109	LOC100507109
OTTHUMG00000159742;RP11-167H9.4	OTTHUMG00000159742;RP11-167H9.4
OTTHUMG00000016583;RP11-169O17.5	OTTHUMG00000016583;RP11-169O17.5
DDA1	DDA1
OTTHUMG00000159418;RP11-201E8.1	OTTHUMG00000159418;RP11-201E8.1
SPNS2	SPNS2
OTTHUMG00000156924;RP11-166O4.5	OTTHUMG00000156924;RP11-166O4.5
AC090696.2;OTTHUMG00000128937	AC090696.2;OTTHUMG00000128937
LINC00538	LINC00538
TRIM17	TRIM17
ABCA5	ABCA5
RAB5A	RAB5A
CTC-575N7.1;OTTHUMG00000163042	CTC-575N7.1;OTTHUMG00000163042
PSMC4	PSMC4
HRH3	HRH3
ZNF702P	ZNF702P
BRIX1	BRIX1
MIR3158-1	MIR3158-1
AC008753.4;OTTHUMG00000060779	AC008753.4;OTTHUMG00000060779
HIST1H2AD;HIST1H3A;HIST1H3B;HIST1H3C;HIST1H3D;HIST1H3E;HIST1H3F;HIST1H3G;HIST1H3H;HIST1H3I;HIST1H3J	HIST1H2AD;HIST1H3A;HIST1H3B;HIST1H3C;HIST1H3D;HIST1H3E;HIST1H3F;HIST1H3G;HIST1H3H;HIST1H3I;HIST1H3J
AC074117.10;OTTHUMG00000151914	AC074117.10;OTTHUMG00000151914
TMEM95	TMEM95
PSMC3	PSMC3
RBM15	RBM15
DPEP2	DPEP2
MIR376A1	MIR376A1
VLDLR	VLDLR
DNAJC3-AS1	DNAJC3-AS1
OTTHUMG00000151090;RP1-56J10.8	OTTHUMG00000151090;RP1-56J10.8
LOC100506851;OTTHUMG00000015079;RP1-232L24.3	LOC100506851;OTTHUMG00000015079;RP1-232L24.3
ICOS	ICOS
ASIC1	ASIC1
C17orf105	C17orf105
OR9Q2	OR9Q2
APOA2	APOA2
ZPBP2	ZPBP2
MIR5095	MIR5095
MIR3065;MIR338	MIR3065;MIR338
OTTHUMG00000041185;RP11-448G4.4	OTTHUMG00000041185;RP11-448G4.4
BTG3	BTG3
OTTHUMG00000162518;RP11-5N11.7	OTTHUMG00000162518;RP11-5N11.7
AP2B1	AP2B1
MIR4303	MIR4303
OTTHUMG00000164338;RP11-705O24.3	OTTHUMG00000164338;RP11-705O24.3
SETDB1	SETDB1
AC007319.1;OTTHUMG00000154263	AC007319.1;OTTHUMG00000154263
MIR1302-3	MIR1302-3
ATP5J2-PTCD1;PTCD1	ATP5J2-PTCD1;PTCD1
AC074286.1;LOC100130691;OTTHUMG00000132531	AC074286.1;LOC100130691;OTTHUMG00000132531
OTTHUMG00000158788;PRICKLE2-AS1;RP11-129B22.1	OTTHUMG00000158788;PRICKLE2-AS1;RP11-129B22.1
OTTHUMG00000137369;RP1-309F20.3	OTTHUMG00000137369;RP1-309F20.3
SNAP29	SNAP29
CRHR1-IT1	CRHR1-IT1
STIP1	STIP1
TRBV6-6	TRBV6-6
PARD3-AS1	PARD3-AS1
AP001610.5;OTTHUMG00000086754	AP001610.5;OTTHUMG00000086754
TAP1	TAP1
TAP1	TAP1
TEF	TEF
SYCE2	SYCE2
FAM92A1	FAM92A1
OR7G1	OR7G1
PRSS48	PRSS48
TRGV2	TRGV2
CATSPER2	CATSPER2
AP001442.2;OTTHUMG00000078483	AP001442.2;OTTHUMG00000078483
TBC1D14	TBC1D14
RNU7-79P	RNU7-79P
ENHO	ENHO
AC024132.1;OTTHUMG00000150675	AC024132.1;OTTHUMG00000150675
PC	PC
CST2	CST2
OTTHUMG00000017564;RP11-482E14.2	OTTHUMG00000017564;RP11-482E14.2
HIST1H4A;HIST1H4B;HIST1H4C;HIST1H4D;HIST1H4E;HIST1H4F;HIST1H4H;HIST1H4I;HIST1H4J;HIST1H4K;HIST1H4L;HIST2H4A;HIST2H4B;HIST4H4	HIST1H4A;HIST1H4B;HIST1H4C;HIST1H4D;HIST1H4E;HIST1H4F;HIST1H4H;HIST1H4I;HIST1H4J;HIST1H4K;HIST1H4L;HIST2H4A;HIST2H4B;HIST4H4
AC068610.5;OTTHUMG00000133696	AC068610.5;OTTHUMG00000133696
HCAR3	HCAR3
ATP5J	ATP5J
PCED1B	PCED1B
CSN1S2AP	CSN1S2AP
MIR631;NEIL1	MIR631;NEIL1
RWDD2A	RWDD2A
C1QTNF1	C1QTNF1
IGKV1-5	IGKV1-5
FLJ25363;OTTHUMG00000159217;RP11-702L6.4	FLJ25363;OTTHUMG00000159217;RP11-702L6.4
ZNF660	ZNF660
ASPRV1	ASPRV1
FEM1B	FEM1B
LOC100128076	LOC100128076
AP000855.4;OTTHUMG00000074551	AP000855.4;OTTHUMG00000074551
IRF2BPL	IRF2BPL
C1orf198	C1orf198
TYK2	TYK2
OTTHUMG00000008631;RP11-91A18.4	OTTHUMG00000008631;RP11-91A18.4
PGPEP1	PGPEP1
ARHGAP18	ARHGAP18
RTN4R	RTN4R
C2	C2
OTTHUMG00000158710;RP11-14D22.2	OTTHUMG00000158710;RP11-14D22.2
HAUS1	HAUS1
AP001962.3;OTTHUMG00000161551	AP001962.3;OTTHUMG00000161551
OTTHUMG00000161136;RP11-55L3.1	OTTHUMG00000161136;RP11-55L3.1
CLCN7	CLCN7
AC142293.3;OTTHUMG00000160824	AC142293.3;OTTHUMG00000160824
C7	C7
GPR33	GPR33
AC069394.1;OTTHUMG00000153616	AC069394.1;OTTHUMG00000153616
AC005355.3;OTTHUMG00000163058	AC005355.3;OTTHUMG00000163058
OTTHUMG00000162044;RP11-330H6.5;TLR9;TWF2	OTTHUMG00000162044;RP11-330H6.5;TLR9;TWF2
OTTHUMG00000041221;RP11-285F7.2	OTTHUMG00000041221;RP11-285F7.2
RNA5SP217	RNA5SP217
MIR4278	MIR4278
C7orf66	C7orf66
NPHP3-AS1;OTTHUMG00000159854;RP11-39E4.1	NPHP3-AS1;OTTHUMG00000159854;RP11-39E4.1
OTTHUMG00000058148;RP11-38P6.1	OTTHUMG00000058148;RP11-38P6.1
DNAAF2	DNAAF2
GRIA1	GRIA1
ZP1	ZP1
OTTHUMG00000164084;RP11-930P14.1	OTTHUMG00000164084;RP11-930P14.1
SNF8	SNF8
ZNF19	ZNF19
SLIRP	SLIRP
OTTHUMG00000019457;RP11-509J21.1	OTTHUMG00000019457;RP11-509J21.1
IGLV3-12	IGLV3-12
OTTHUMG00000036058;RP11-203F10.5	OTTHUMG00000036058;RP11-203F10.5
TPD52L3	TPD52L3
OTTHUMG00000156243;RP11-89N17.3	OTTHUMG00000156243;RP11-89N17.3
PLEKHA2	PLEKHA2
PRUNE2	PRUNE2
MYO19	MYO19
OTTHUMG00000000647;RP1-37J18.2	OTTHUMG00000000647;RP1-37J18.2
ZNF487P	ZNF487P
PAQR9	PAQR9
MAPKAPK5-AS1	MAPKAPK5-AS1
OTTHUMG00000007306;RP11-656D10.5	OTTHUMG00000007306;RP11-656D10.5
OTTHUMG00000164213;RP11-109P6.2	OTTHUMG00000164213;RP11-109P6.2
OTTHUMG00000161146;RP11-318I4.1	OTTHUMG00000161146;RP11-318I4.1
HCG17	HCG17
ZNF652	ZNF652
FCGR2C	FCGR2C
NXPH4	NXPH4
ICAM1	ICAM1
LCE3D	LCE3D
SLC25A5	SLC25A5
EXTL3-AS1	EXTL3-AS1
ETV7	ETV7
MIR3941	MIR3941
PPP5C	PPP5C
AL450226.2;OTTHUMG00000132218	AL450226.2;OTTHUMG00000132218
GPIHBP1	GPIHBP1
ZNF684	ZNF684
OTTHUMG00000161392;RP11-563M4.1	OTTHUMG00000161392;RP11-563M4.1
TENM1	TENM1
MIR1283-2	MIR1283-2
CCNYL3	CCNYL3
TRIM16	TRIM16
NLRP7	NLRP7
ERICH2	ERICH2
LOC100129617	LOC100129617
TAP1	TAP1
TAP1	TAP1
TAP1	TAP1
HDDC3	HDDC3
LOC100131138	LOC100131138
CXCR2	CXCR2
TDRD1	TDRD1
XKR9	XKR9
CXCL14	CXCL14
NKX2-3	NKX2-3
NTRK3-AS1	NTRK3-AS1
GJB6	GJB6
HHIPL2	HHIPL2
IGHV1-46	IGHV1-46
AC016725.4;LOC100129961;OTTHUMG00000154855	AC016725.4;LOC100129961;OTTHUMG00000154855
LOC100506912;OTTHUMG00000020156;XXyac-YM21GA2.4	LOC100506912;OTTHUMG00000020156;XXyac-YM21GA2.4
RN7SK	RN7SK
NCR2	NCR2
APOBEC3C	APOBEC3C
AC128709.2;OTTHUMG00000155482	AC128709.2;OTTHUMG00000155482
FAM83F	FAM83F
RBM45	RBM45
MIR3134;PTBP3	MIR3134;PTBP3
IBTK	IBTK
SLC7A10	SLC7A10
AC073072.5;LOC541472;OTTHUMG00000152547	AC073072.5;LOC541472;OTTHUMG00000152547
CMA1	CMA1
OTTHUMG00000009528;RP11-276H7.2	OTTHUMG00000009528;RP11-276H7.2
SIRT4	SIRT4
C16orf52;LOC101060634	C16orf52;LOC101060634
KRTAP1-3	KRTAP1-3
OTTHUMG00000032039;RP5-828K20.2	OTTHUMG00000032039;RP5-828K20.2
LOC100422737;OTTHUMG00000015305;RP1-60O19.1	LOC100422737;OTTHUMG00000015305;RP1-60O19.1
KRT73	KRT73
IGHV1-69	IGHV1-69
LINC00322	LINC00322
TMPRSS4	TMPRSS4
GMCL1P1	GMCL1P1
OTTHUMG00000085417;RP11-423O2.7	OTTHUMG00000085417;RP11-423O2.7
KCNJ2	KCNJ2
C1orf54	C1orf54
AHCTF1	AHCTF1
SOX2-OT	SOX2-OT
NEK8	NEK8
ASAP2	ASAP2
NARF	NARF
PLEKHG6	PLEKHG6
CFI	CFI
AP1AR	AP1AR
RIT1	RIT1
TRBC2;TRBJ2-1;TRBJ2-2;TRBJ2-3;TRBJ2-4;TRBJ2-5;TRBJ2-6;TRBJ2-7;TRBV20-1;TRBV23-1;TRBV24-1;TRBV28	TRBC2;TRBJ2-1;TRBJ2-2;TRBJ2-3;TRBJ2-4;TRBJ2-5;TRBJ2-6;TRBJ2-7;TRBV20-1;TRBV23-1;TRBV24-1;TRBV28
AP006285.6;LOC100505570;OTTHUMG00000057556	AP006285.6;LOC100505570;OTTHUMG00000057556
TNF	TNF
OTTHUMG00000032760;RP4-715N11.2	OTTHUMG00000032760;RP4-715N11.2
HNRNPH2;RPL36A-HNRNPH2	HNRNPH2;RPL36A-HNRNPH2
OTTHUMG00000161626;RP11-84N19.1	OTTHUMG00000161626;RP11-84N19.1
KRTCAP2	KRTCAP2
MIR1972-1;MIR1972-2	MIR1972-1;MIR1972-2
MIR1972-1;MIR1972-2	MIR1972-1;MIR1972-2
ZNF284	ZNF284
OTTHUMG00000163813;RP11-94H18.2	OTTHUMG00000163813;RP11-94H18.2
PEX13	PEX13
C15orf62	C15orf62
CCDC88B	CCDC88B
AC004009.2;OTTHUMG00000064693	AC004009.2;OTTHUMG00000064693
LINC00358	LINC00358
CTD-2026D20.2;OTTHUMG00000164768	CTD-2026D20.2;OTTHUMG00000164768
GIP	GIP
FANCF	FANCF
OPA3	OPA3
CBR3-AS1	CBR3-AS1
GCOM2	GCOM2
OTTHUMG00000163668;RP11-115J16.2	OTTHUMG00000163668;RP11-115J16.2
GPNMB	GPNMB
OTTHUMG00000008263;RP5-997D24.3	OTTHUMG00000008263;RP5-997D24.3
OPN1LW	OPN1LW
AC142528.1;OTTHUMG00000151471	AC142528.1;OTTHUMG00000151471
WNT8A	WNT8A
EAF1-AS1	EAF1-AS1
CSRNP1	CSRNP1
CTD-3046C4.1;OTTHUMG00000164394	CTD-3046C4.1;OTTHUMG00000164394
AC073626.2;OTTHUMG00000133704	AC073626.2;OTTHUMG00000133704
KIAA2026	KIAA2026
ABHD17C	ABHD17C
DPPA5	DPPA5
C20orf82;ISM1;OTTHUMG00000031902	C20orf82;ISM1;OTTHUMG00000031902
AF196970.3;OTTHUMG00000021501	AF196970.3;OTTHUMG00000021501
LINC00534	LINC00534
RUVBL1	RUVBL1
MIR2392	MIR2392
ALX1	ALX1
OTTHUMG00000041437;RP11-136B18.2	OTTHUMG00000041437;RP11-136B18.2
MS4A6A	MS4A6A
KRBA2	KRBA2
SPRR2C	SPRR2C
OTTHUMG00000161216;RP11-553P9.3	OTTHUMG00000161216;RP11-553P9.3
RBPJ	RBPJ
OTTHUMG00000159128;RP11-656A15.1	OTTHUMG00000159128;RP11-656A15.1
OTTHUMG00000019602;RP11-570H19.2	OTTHUMG00000019602;RP11-570H19.2
OTTHUMG00000160100;RP11-669M16.2	OTTHUMG00000160100;RP11-669M16.2
SMCR9	SMCR9
AC073842.19;OTTHUMG00000154845	AC073842.19;OTTHUMG00000154845
SP4	SP4
B3GALTL	B3GALTL
OTTHUMG00000161991;RP5-875H18.4	OTTHUMG00000161991;RP5-875H18.4
DKFZP667F0711	DKFZP667F0711
DEFB113	DEFB113
IFITM10	IFITM10
OTTHUMG00000021363;RP13-43E11.1	OTTHUMG00000021363;RP13-43E11.1
OTTHUMG00000163717;RP11-618M23.2	OTTHUMG00000163717;RP11-618M23.2
EPS15	EPS15
RNA5SP275	RNA5SP275
CLDN25	CLDN25
LINC00596	LINC00596
OTTHUMG00000019460;RP11-509J21.4	OTTHUMG00000019460;RP11-509J21.4
ECHDC1	ECHDC1
OTTHUMG00000020116;RP11-380F14.2	OTTHUMG00000020116;RP11-380F14.2
RAB11B-AS1	RAB11B-AS1
LOC100507646	LOC100507646
EFEMP2	EFEMP2
MCHR1	MCHR1
PDLIM5	PDLIM5
OR7D4	OR7D4
ARMC8	ARMC8
KCNJ6-IT1	KCNJ6-IT1
CTD-2218K11.2;OTTHUMG00000162559	CTD-2218K11.2;OTTHUMG00000162559
IGKV6D-21	IGKV6D-21
RN7SKP2	RN7SKP2
FAM86B2	FAM86B2
TULP2	TULP2
LOC1720	LOC1720
OR52E6	OR52E6
AC005740.5;OTTHUMG00000165057	AC005740.5;OTTHUMG00000165057
LHX1	LHX1
AC103881.1;OTTHUMG00000153708	AC103881.1;OTTHUMG00000153708
OTTHUMG00000159391;RP11-88H10.2	OTTHUMG00000159391;RP11-88H10.2
OTTHUMG00000032680;RP1-66N13.1	OTTHUMG00000032680;RP1-66N13.1
C6orf7;OTTHUMG00000015082;RP1-159G19.1	C6orf7;OTTHUMG00000015082;RP1-159G19.1
ERVK13-1	ERVK13-1
OTTHUMG00000010865;RP11-202K23.1	OTTHUMG00000010865;RP11-202K23.1
OTTHUMG00000021379;RP11-524P6.1	OTTHUMG00000021379;RP11-524P6.1
MYEOV2	MYEOV2
OR2A14	OR2A14
OTTHUMG00000016756;RP11-349O10.1	OTTHUMG00000016756;RP11-349O10.1
OTTHUMG00000162693;RP1-247F3.1	OTTHUMG00000162693;RP1-247F3.1
THEMIS	THEMIS
PLXNB2	PLXNB2
MORN5	MORN5
LY6G6D;LY6G6F	LY6G6D;LY6G6F
OR2L5	OR2L5
HNRNPK;MIR7-1	HNRNPK;MIR7-1
SLC17A3	SLC17A3
PSORS1C2	PSORS1C2
PSORS1C2	PSORS1C2
KRTAP15-1	KRTAP15-1
KIAA1949;OTTHUMG00000148752;PPP1R18	KIAA1949;OTTHUMG00000148752;PPP1R18
KIAA1949;OTTHUMG00000148941;PPP1R18	KIAA1949;OTTHUMG00000148941;PPP1R18
WFDC8	WFDC8
MIR548F3	MIR548F3
OTTHUMG00000161799;RP13-487K5.1	OTTHUMG00000161799;RP13-487K5.1
OTTHUMG00000162051;OTTHUMG00000162054;RP11-1C1.4;RP11-1C1.6	OTTHUMG00000162051;OTTHUMG00000162054;RP11-1C1.4;RP11-1C1.6
MIR217	MIR217
OR52A5	OR52A5
OR4A47	OR4A47
PANK1	PANK1
ULBP1	ULBP1
ZMYM5	ZMYM5
ACD	ACD
OTTHUMG00000021722;RP11-368D24__A.1	OTTHUMG00000021722;RP11-368D24__A.1
SEL1L	SEL1L
PRO0611	PRO0611
ZNF793	ZNF793
AC023347.1;OTTHUMG00000153374	AC023347.1;OTTHUMG00000153374
KIAA1949;OTTHUMG00000149220;PPP1R18	KIAA1949;OTTHUMG00000149220;PPP1R18
KIAA1949;OTTHUMG00000149456;PPP1R18	KIAA1949;OTTHUMG00000149456;PPP1R18
OTTHUMG00000031478;RP11-544M22.8	OTTHUMG00000031478;RP11-544M22.8
SKA2	SKA2
MBL2	MBL2
MIR519D	MIR519D
EEPD1	EEPD1
DCST2	DCST2
AL845154.2;OTTHUMG00000017405	AL845154.2;OTTHUMG00000017405
ZNF735	ZNF735
SNORA48	SNORA48
C2	C2
C2	C2
PNMAL2	PNMAL2
OTTHUMG00000157277;RP11-325F22.2	OTTHUMG00000157277;RP11-325F22.2
SNORD11B	SNORD11B
MIR513A1	MIR513A1
MIR4777	MIR4777
OTTHUMG00000032099;RP4-564O4.1	OTTHUMG00000032099;RP4-564O4.1
OTTHUMG00000158757;RP11-290K4.2	OTTHUMG00000158757;RP11-290K4.2
TCEB3	TCEB3
AC106873.4;OTTHUMG00000150015	AC106873.4;OTTHUMG00000150015
AC084149.1;OTTHUMG00000152841	AC084149.1;OTTHUMG00000152841
OTTHUMG00000163796;RP11-486M23.2	OTTHUMG00000163796;RP11-486M23.2
KLK1	KLK1
AC074091.13;OTTHUMG00000151945	AC074091.13;OTTHUMG00000151945
PRSS22	PRSS22
AC007879.6;OTTHUMG00000154784	AC007879.6;OTTHUMG00000154784
LOC100507389;OTTHUMG00000159310;RP11-372E1.4	LOC100507389;OTTHUMG00000159310;RP11-372E1.4
BLNK	BLNK
LOC100291105;OTTHUMG00000134335;RP4-800J21.3	LOC100291105;OTTHUMG00000134335;RP4-800J21.3
PRAMEF5;PRAMEF6	PRAMEF5;PRAMEF6
SLC25A46	SLC25A46
OTTHUMG00000036359;RP1-272L16.1	OTTHUMG00000036359;RP1-272L16.1
INTS6-AS1	INTS6-AS1
GOLIM4	GOLIM4
FOXS1	FOXS1
STYXL1	STYXL1
CCNYL2	CCNYL2
OTTHUMG00000017769;RP11-139J15.5	OTTHUMG00000017769;RP11-139J15.5
PRMT2	PRMT2
PBX2	PBX2
AC004988.1;OTTHUMG00000155092	AC004988.1;OTTHUMG00000155092
LAMA2	LAMA2
PSMG1	PSMG1
MKL1	MKL1
OTTHUMG00000021533;RP11-348F1.3	OTTHUMG00000021533;RP11-348F1.3
SNORD116-25	SNORD116-25
RFPL1S	RFPL1S
TMEM71	TMEM71
CRYAA	CRYAA
MECR	MECR
AP001619.3;OTTHUMG00000086778	AP001619.3;OTTHUMG00000086778
OTTHUMG00000018329;RP11-428G2.1	OTTHUMG00000018329;RP11-428G2.1
METTL24	METTL24
TXNDC11	TXNDC11
OTTHUMG00000161238;RP11-775H9.1	OTTHUMG00000161238;RP11-775H9.1
MUC21	MUC21
OTTHUMG00000021238;RP11-147O5.1	OTTHUMG00000021238;RP11-147O5.1
OTTHUMG00000032391;RP5-977B1.7	OTTHUMG00000032391;RP5-977B1.7
ANXA2R	ANXA2R
PRF1	PRF1
DESI2	DESI2
KRTAP27-1	KRTAP27-1
LOC100507513	LOC100507513
KRTAP26-1	KRTAP26-1
ZNF512	ZNF512
C1orf131	C1orf131
LRRC4	LRRC4
AP001171.1;OTTHUMG00000074606	AP001171.1;OTTHUMG00000074606
OTTHUMG00000162564;RP11-241G9.3	OTTHUMG00000162564;RP11-241G9.3
CDSN	CDSN
CNPY4	CNPY4
GABRB3	GABRB3
LRRC33	LRRC33
OR8K3	OR8K3
PEX5L-AS1	PEX5L-AS1
DSEL	DSEL
AP000355.2;OTTHUMG00000150750	AP000355.2;OTTHUMG00000150750
PIGS	PIGS
AC008067.2;OTTHUMG00000152911	AC008067.2;OTTHUMG00000152911
OTTHUMG00000040115;RP11-38C18.3	OTTHUMG00000040115;RP11-38C18.3
LINC00163	LINC00163
GPHB5	GPHB5
ZPLD1	ZPLD1
MIR4436A	MIR4436A
EIF4EBP1	EIF4EBP1
CLPSL1	CLPSL1
TAX1BP1	TAX1BP1
FGF12-AS1	FGF12-AS1
CTD-2012I17.1;OTTHUMG00000161215	CTD-2012I17.1;OTTHUMG00000161215
AC002398.5;OTTHUMG00000048120	AC002398.5;OTTHUMG00000048120
BDKRB1	BDKRB1
PRSS44	PRSS44
KCNC4-AS1	KCNC4-AS1
PTGER3	PTGER3
LUST	LUST
LOC100506352	LOC100506352
LINC00269	LINC00269
IGHV1-45	IGHV1-45
TMPRSS4-AS1	TMPRSS4-AS1
RNU7-66P	RNU7-66P
SH2D6	SH2D6
GADL1	GADL1
SCARNA21	SCARNA21
GALNT6	GALNT6
THG1L	THG1L
ZRANB3	ZRANB3
TIE1	TIE1
ABHD15	ABHD15
OSTM1	OSTM1
OTTHUMG00000032644;RP5-998H6.2	OTTHUMG00000032644;RP5-998H6.2
MIR1197	MIR1197
OTTHUMG00000161869;RP11-321E2.4	OTTHUMG00000161869;RP11-321E2.4
OTTHUMG00000011763;RP5-1028L10.2	OTTHUMG00000011763;RP5-1028L10.2
CYR61	CYR61
ZC3H18	ZC3H18
CABYR	CABYR
AC009970.1;OTTHUMG00000152622	AC009970.1;OTTHUMG00000152622
WBSCR22	WBSCR22
OTTHUMG00000019256;RP11-264E18.1	OTTHUMG00000019256;RP11-264E18.1
C2CD4A	C2CD4A
CCDC111	CCDC111
OTTHUMG00000034494;RP11-96K19.2	OTTHUMG00000034494;RP11-96K19.2
TMCO4	TMCO4
TMF1	TMF1
OTTHUMG00000015418;RP3-399L15.1	OTTHUMG00000015418;RP3-399L15.1
CCDC65	CCDC65
ITPRIP	ITPRIP
CD1B	CD1B
CTAGE4;CTAGE9	CTAGE4;CTAGE9
RNU6-50	RNU6-50
CRYGB	CRYGB
RAB39B	RAB39B
AC092198.1;LOC100506641;OTTHUMG00000024099	AC092198.1;LOC100506641;OTTHUMG00000024099
FBXL7	FBXL7
MEIS1-AS1;MEIS1-AS2	MEIS1-AS1;MEIS1-AS2
OTTHUMG00000163548;RP11-96G10.1	OTTHUMG00000163548;RP11-96G10.1
ZFPM1	ZFPM1
AC115115.2;OTTHUMG00000153288;ZC3H6	AC115115.2;OTTHUMG00000153288;ZC3H6
AC012593.1;OTTHUMG00000152143	AC012593.1;OTTHUMG00000152143
SUMO1P3	SUMO1P3
MIR4636	MIR4636
TSPAN15	TSPAN15
TSC1	TSC1
OTTHUMG00000161780;RP11-171N4.4	OTTHUMG00000161780;RP11-171N4.4
STX19	STX19
MIR4306	MIR4306
LINC00083	LINC00083
SH3BP1	SH3BP1
CTD-2331D11.2;OTTHUMG00000162576	CTD-2331D11.2;OTTHUMG00000162576
CCDC170	CCDC170
KLK14	KLK14
TRAPPC6A	TRAPPC6A
CYP2D7P1	CYP2D7P1
OTTHUMG00000160063;RP11-61G19.1	OTTHUMG00000160063;RP11-61G19.1
DEFB106A;DEFB106B	DEFB106A;DEFB106B
FBXO46	FBXO46
CTD-2350J17.1;OTTHUMG00000161797	CTD-2350J17.1;OTTHUMG00000161797
ZNF555	ZNF555
BIN1	BIN1
OTTHUMG00000017146;RP11-452B18.2	OTTHUMG00000017146;RP11-452B18.2
OTTHUMG00000020246;RP11-165J3.6	OTTHUMG00000020246;RP11-165J3.6
MIR320C1	MIR320C1
AC122136.2;OTTHUMG00000154837	AC122136.2;OTTHUMG00000154837
OR6C75	OR6C75
PPM1G	PPM1G
PLEKHH2	PLEKHH2
SEMA5A	SEMA5A
KU-MEL-3;OTTHUMG00000014166;RP4-529N6.1	KU-MEL-3;OTTHUMG00000014166;RP4-529N6.1
AC129929.5;OTTHUMG00000009760	AC129929.5;OTTHUMG00000009760
DHX35	DHX35
OTTHUMG00000014348;RP1-209A6.1	OTTHUMG00000014348;RP1-209A6.1
OTTHUMG00000162372;RP11-1018N14.1	OTTHUMG00000162372;RP11-1018N14.1
NFATC4	NFATC4
KRTAP12-3	KRTAP12-3
OR8J3	OR8J3
LOC100130480	LOC100130480
RBMS3-AS2	RBMS3-AS2
SRRD	SRRD
OTTHUMG00000009452;RP11-262K1.1	OTTHUMG00000009452;RP11-262K1.1
CLEC6A	CLEC6A
OR4C46	OR4C46
OTTHUMG00000014887;RP11-411K7.1	OTTHUMG00000014887;RP11-411K7.1
UPP2-IT1	UPP2-IT1
ZNF784	ZNF784
CTC-329D1.2;OTTHUMG00000163370	CTC-329D1.2;OTTHUMG00000163370
AC004012.1;OTTHUMG00000154143	AC004012.1;OTTHUMG00000154143
GNAZ	GNAZ
FRMD6-AS1	FRMD6-AS1
OSR2	OSR2
OTTHUMG00000032918;RP5-908M14.5	OTTHUMG00000032918;RP5-908M14.5
ALG11;UTP14C	ALG11;UTP14C
ME1	ME1
MIR548E	MIR548E
OTTHUMG00000011641;RP11-195M16.1	OTTHUMG00000011641;RP11-195M16.1
HPYR1	HPYR1
OTTHUMG00000035305;RP11-276H7.3	OTTHUMG00000035305;RP11-276H7.3
MAGI2-IT1	MAGI2-IT1
WBP1	WBP1
AP000477.3;OTTHUMG00000078273	AP000477.3;OTTHUMG00000078273
IL12RB2	IL12RB2
EFCAB3	EFCAB3
AC006038.4;OTTHUMG00000152656	AC006038.4;OTTHUMG00000152656
AC100848.1;OTTHUMG00000060638	AC100848.1;OTTHUMG00000060638
TMCO3	TMCO3
LINC00665	LINC00665
CD200R1	CD200R1
MIR3115	MIR3115
OTTHUMG00000017840;RP11-128B16.3	OTTHUMG00000017840;RP11-128B16.3
HCG27	HCG27
ST6GALNAC5	ST6GALNAC5
OTTHUMG00000015439;RP11-259P20.1	OTTHUMG00000015439;RP11-259P20.1
VEGFC	VEGFC
OTTHUMG00000019116;RP11-501J20.2	OTTHUMG00000019116;RP11-501J20.2
AC012358.7;OTTHUMG00000152548	AC012358.7;OTTHUMG00000152548
ZNF323;ZSCAN31	ZNF323;ZSCAN31
MIR3120	MIR3120
AC007679.3;OTTHUMG00000154652	AC007679.3;OTTHUMG00000154652
AGK	AGK
EVA1C	EVA1C
LOC202781	LOC202781
CDX4	CDX4
DCUN1D5	DCUN1D5
C6orf47	C6orf47
ZNF33B	ZNF33B
OTTHUMG00000161211;RP11-710F7.3	OTTHUMG00000161211;RP11-710F7.3
CXCL5	CXCL5
FRYL	FRYL
SLC22A31	SLC22A31
MIR1269A	MIR1269A
AC018878.3;OTTHUMG00000153153	AC018878.3;OTTHUMG00000153153
OTTHUMG00000018853;RP11-452K12.7	OTTHUMG00000018853;RP11-452K12.7
AC104777.3;OTTHUMG00000153758	AC104777.3;OTTHUMG00000153758
MIR33A	MIR33A
PISRT1	PISRT1
IL24	IL24
LA16c-23H5.4;OTTHUMG00000030075	LA16c-23H5.4;OTTHUMG00000030075
AC012485.2;OTTHUMG00000152883	AC012485.2;OTTHUMG00000152883
OTTHUMG00000162219;RP11-159F24.5	OTTHUMG00000162219;RP11-159F24.5
OTTHUMG00000017112;RP11-318G21.2	OTTHUMG00000017112;RP11-318G21.2
ZEB2;ZEB2-AS1	ZEB2;ZEB2-AS1
SLC39A7	SLC39A7
CT47A1;CT47A10;CT47A11;CT47A12;CT47A2;CT47A3;CT47A4;CT47A5;CT47A6;CT47A7;CT47A8;CT47A9	CT47A1;CT47A10;CT47A11;CT47A12;CT47A2;CT47A3;CT47A4;CT47A5;CT47A6;CT47A7;CT47A8;CT47A9
GNRHR	GNRHR
AC010894.5;OTTHUMG00000154149	AC010894.5;OTTHUMG00000154149
TNKS	TNKS
APOBEC3F	APOBEC3F
RHBG	RHBG
NXPH3	NXPH3
TMEM72	TMEM72
STRN4	STRN4
KCNJ6	KCNJ6
LOC154872	LOC154872
WIPF3	WIPF3
DDX18	DDX18
OR52E2	OR52E2
PEX3	PEX3
SIRT2	SIRT2
LOC100131094	LOC100131094
NR4A2	NR4A2
AC112721.2;OTTHUMG00000152980	AC112721.2;OTTHUMG00000152980
OTTHUMG00000035544;RP11-316I3.1	OTTHUMG00000035544;RP11-316I3.1
AC104024.1;OTTHUMG00000059261	AC104024.1;OTTHUMG00000059261
CHCHD4	CHCHD4
OTTHUMG00000037279;RP1-144F13.3	OTTHUMG00000037279;RP1-144F13.3
AP000330.8;LOC100506385;OTTHUMG00000086233	AP000330.8;LOC100506385;OTTHUMG00000086233
COX11P1	COX11P1
ANTXR2	ANTXR2
CDSN	CDSN
MOB3A	MOB3A
WDPCP	WDPCP
GIMAP2	GIMAP2
OTTHUMG00000163152;RP11-6N13.4	OTTHUMG00000163152;RP11-6N13.4
BPIFB1	BPIFB1
DEFB127	DEFB127
HIST1H2BI	HIST1H2BI
KCNMB3	KCNMB3
OTTHUMG00000159200;RP11-285B24.1	OTTHUMG00000159200;RP11-285B24.1
CTC-498M16.2;OTTHUMG00000162703	CTC-498M16.2;OTTHUMG00000162703
OR2J3	OR2J3
OR2J3	OR2J3
OR2J3	OR2J3
OR2J3	OR2J3
OR2J3	OR2J3
OR2J3	OR2J3
INSM2	INSM2
PDGFB	PDGFB
OTTHUMG00000164271;RP11-756K15.2	OTTHUMG00000164271;RP11-756K15.2
ANGPTL3	ANGPTL3
AC007317.1;OTTHUMG00000152401	AC007317.1;OTTHUMG00000152401
OTTHUMG00000159952;RP11-166D18.1	OTTHUMG00000159952;RP11-166D18.1
CUL4B	CUL4B
OTTHUMG00000164885;RP11-58O3.2	OTTHUMG00000164885;RP11-58O3.2
OTTHUMG00000018428;RP11-472G21.2	OTTHUMG00000018428;RP11-472G21.2
TMEM167B	TMEM167B
HNF4G	HNF4G
OTUD4	OTUD4
LOC399829;OTTHUMG00000157745;RP13-137A17.6	LOC399829;OTTHUMG00000157745;RP13-137A17.6
FAM23B;OTTHUMG00000017755;TMEM236	FAM23B;OTTHUMG00000017755;TMEM236
RNU7-58P	RNU7-58P
C6orf205;MUC21;OTTHUMG00000149232	C6orf205;MUC21;OTTHUMG00000149232
RNA5SP201	RNA5SP201
FASLG	FASLG
GNG12-AS1	GNG12-AS1
PCBD1	PCBD1
LOC100996378	LOC100996378
RNA5SP294	RNA5SP294
LOC100652999	LOC100652999
NLRP6	NLRP6
SYNCRIP	SYNCRIP
OTTHUMG00000020155;XXyac-YM21GA2.3	OTTHUMG00000020155;XXyac-YM21GA2.3
C2	C2
CHRNB4	CHRNB4
PLB1	PLB1
NLRC5	NLRC5
AC017074.1;OTTHUMG00000153381	AC017074.1;OTTHUMG00000153381
TMEM180	TMEM180
FGF6	FGF6
OTTHUMG00000163741;RP11-386D6.2	OTTHUMG00000163741;RP11-386D6.2
MRGPRD	MRGPRD
DEFA4	DEFA4
OTTHUMG00000013300;RP11-111F5.3	OTTHUMG00000013300;RP11-111F5.3
DIDO1	DIDO1
OTTHUMG00000008300;RP5-1198O20.4	OTTHUMG00000008300;RP5-1198O20.4
OTTHUMG00000032924;RP11-93B14.4	OTTHUMG00000032924;RP11-93B14.4
OTTHUMG00000004418;RP1-187B23.1	OTTHUMG00000004418;RP1-187B23.1
GABRA5	GABRA5
OTTHUMG00000008362;RP4-705F19.1	OTTHUMG00000008362;RP4-705F19.1
MIR362	MIR362
TMOD3	TMOD3
SYNRG	SYNRG
NHSL2	NHSL2
HARBI1	HARBI1
CXXC1	CXXC1
C3orf18	C3orf18
MIR4540	MIR4540
C2orf74;KIAA1841	C2orf74;KIAA1841
OTTHUMG00000042107;RP11-288L9.4	OTTHUMG00000042107;RP11-288L9.4
RASA3-IT1	RASA3-IT1
LOC101060308;PRAMEF23;PRAMEF5;PRAMEF6	LOC101060308;PRAMEF23;PRAMEF5;PRAMEF6
GABRA4	GABRA4
OR4K15	OR4K15
CCM2	CCM2
AC073641.2;OTTHUMG00000153359	AC073641.2;OTTHUMG00000153359
IGKV1-9	IGKV1-9
ZRANB2-AS2	ZRANB2-AS2
OTTHUMG00000021092;RP11-733O18.1	OTTHUMG00000021092;RP11-733O18.1
C3orf33	C3orf33
AC012499.1;OTTHUMG00000154189	AC012499.1;OTTHUMG00000154189
MIR4484	MIR4484
SNORD123	SNORD123
DEFB115	DEFB115
OTTHUMG00000159221;RP11-119D18.1	OTTHUMG00000159221;RP11-119D18.1
MIR593	MIR593
PYY	PYY
LOC100996496;SFPQ	LOC100996496;SFPQ
OTTHUMG00000002437;RP11-422P22.1	OTTHUMG00000002437;RP11-422P22.1
OTTHUMG00000009163;RP11-266I14.3;TCTEX1D1	OTTHUMG00000009163;RP11-266I14.3;TCTEX1D1
GPAM	GPAM
SSSCA1-AS1	SSSCA1-AS1
LINC00508	LINC00508
TAP1	TAP1
TAP1	TAP1
XXYLT1-AS2	XXYLT1-AS2
IGLV3-1	IGLV3-1
AC022311.1;LOC727982;OTTHUMG00000151581	AC022311.1;LOC727982;OTTHUMG00000151581
AC009950.2;OTTHUMG00000154963	AC009950.2;OTTHUMG00000154963
MZF1	MZF1
MEX3C	MEX3C
IL1RAP	IL1RAP
GABARAP	GABARAP
OR1B1	OR1B1
PCDH18	PCDH18
KRTAP3-1	KRTAP3-1
AFAP1L2	AFAP1L2
NOTO	NOTO
CSNK2B	CSNK2B
C4orf36;LOC100506746	C4orf36;LOC100506746
CST9L	CST9L
TAZ	TAZ
TAMM41	TAMM41
RGS20	RGS20
WDR52	WDR52
COX6C	COX6C
MAB21L3	MAB21L3
SNX8	SNX8
AC018495.3;OTTHUMG00000155454	AC018495.3;OTTHUMG00000155454
SENP8	SENP8
GPR171	GPR171
AP5S1	AP5S1
RING1	RING1
RING1	RING1
RING1	RING1
LOC100507652;OTTHUMG00000008244;RP11-90C4.2	LOC100507652;OTTHUMG00000008244;RP11-90C4.2
AC009965.2;OTTHUMG00000154540	AC009965.2;OTTHUMG00000154540
OTTHUMG00000022524;RP1-137H15.2	OTTHUMG00000022524;RP1-137H15.2
OR10J1	OR10J1
OTTHUMG00000041669;RP4-681L3.2	OTTHUMG00000041669;RP4-681L3.2
LOC100505666;OTTHUMG00000041316;RP11-307C12.11	LOC100505666;OTTHUMG00000041316;RP11-307C12.11
SMIM10	SMIM10
SCARNA10	SCARNA10
C1QTNF9-AS1	C1QTNF9-AS1
DUSP7	DUSP7
CPXM1	CPXM1
RNF39	RNF39
OTTHUMG00000163804;RP11-981G7.3	OTTHUMG00000163804;RP11-981G7.3
TNRC6B	TNRC6B
CTD-2544N14.3;OTTHUMG00000164094	CTD-2544N14.3;OTTHUMG00000164094
OR52N1	OR52N1
PTP4A3	PTP4A3
TRMT61B	TRMT61B
MRPS7	MRPS7
DNAJB5	DNAJB5
OR7E14P	OR7E14P
YIF1A	YIF1A
AC007040.8;OTTHUMG00000153726	AC007040.8;OTTHUMG00000153726
OR2B11	OR2B11
MSRB3	MSRB3
PRKRA	PRKRA
DLL3	DLL3
FAM53B	FAM53B
ACCSL	ACCSL
MIR3650	MIR3650
OTTHUMG00000032045;RP11-216C10.1	OTTHUMG00000032045;RP11-216C10.1
OTTHUMG00000164519;RP11-6I2.4	OTTHUMG00000164519;RP11-6I2.4
BX004987.3;OTTHUMG00000013469	BX004987.3;OTTHUMG00000013469
TTC34	TTC34
LOC100216545;OTTHUMG00000157280;RP11-325F22.4	LOC100216545;OTTHUMG00000157280;RP11-325F22.4
OTTHUMG00000161098;RP11-340B18.1	OTTHUMG00000161098;RP11-340B18.1
APP	APP
LOC728228;OTTHUMG00000031776;RP4-779E11.3	LOC728228;OTTHUMG00000031776;RP4-779E11.3
OTTHUMG00000164505;RP11-6I2.3	OTTHUMG00000164505;RP11-6I2.3
OTTHUMG00000037717;RP11-3L21.2	OTTHUMG00000037717;RP11-3L21.2
FAM138C	FAM138C
SNRPC	SNRPC
NR2E3	NR2E3
MIR2276	MIR2276
STAT5A	STAT5A
CLDND1	CLDND1
PRAMEF4	PRAMEF4
RIBC2	RIBC2
LIMS1	LIMS1
TXK	TXK
AC004901.1;OTTHUMG00000155476	AC004901.1;OTTHUMG00000155476
SUMO3	SUMO3
MRPS28	MRPS28
ZNF629	ZNF629
INSL4	INSL4
OTTHUMG00000160318;RP11-123O22.1	OTTHUMG00000160318;RP11-123O22.1
GOLGA4	GOLGA4
C2orf73	C2orf73
SLC25A51P1	SLC25A51P1
TRBV5-1	TRBV5-1
FLJ10038	FLJ10038
OR5AK4P	OR5AK4P
OTTHUMG00000160761;RP13-577H12.2	OTTHUMG00000160761;RP13-577H12.2
CTC-498J12.1;OTTHUMG00000162382	CTC-498J12.1;OTTHUMG00000162382
OTTHUMG00000002707;RP3-340N1.6	OTTHUMG00000002707;RP3-340N1.6
LOC100507012;OTTHUMG00000161193;RP11-168E14.1	LOC100507012;OTTHUMG00000161193;RP11-168E14.1
LOC100506053;OTTHUMG00000156695;RP11-1217F2.15	LOC100506053;OTTHUMG00000156695;RP11-1217F2.15
BANF2	BANF2
OTTHUMG00000151249;RP3-400N23.6	OTTHUMG00000151249;RP3-400N23.6
GSTM3	GSTM3
OTTHUMG00000032377;RP11-234K24.3	OTTHUMG00000032377;RP11-234K24.3
FAM120AOS	FAM120AOS
HOXB-AS3	HOXB-AS3
OTTHUMG00000031781;RP11-307O10.1	OTTHUMG00000031781;RP11-307O10.1
PIH1D3	PIH1D3
XIRP2-AS1	XIRP2-AS1
SLC35D3	SLC35D3
ZNF57	ZNF57
LOC100507489;OTTHUMG00000015718;RP11-439L18.3	LOC100507489;OTTHUMG00000015718;RP11-439L18.3
MACROD2-IT1	MACROD2-IT1
GALNT10	GALNT10
AC006369.2;OTTHUMG00000152557	AC006369.2;OTTHUMG00000152557
KIAA1949;OTTHUMG00000004836;PPP1R18	KIAA1949;OTTHUMG00000004836;PPP1R18
MIR4773-1	MIR4773-1
POMP	POMP
EIF1AX-AS1	EIF1AX-AS1
OTTHUMG00000161766;RP11-521E5.1	OTTHUMG00000161766;RP11-521E5.1
ZNF432	ZNF432
NOXA1	NOXA1
NTN4	NTN4
MOGAT3	MOGAT3
TRAV8-3	TRAV8-3
CHST8	CHST8
CYP8B1	CYP8B1
LOC100507266;OTTHUMG00000159923;RP11-323F5.2	LOC100507266;OTTHUMG00000159923;RP11-323F5.2
AC084149.2;OTTHUMG00000152843	AC084149.2;OTTHUMG00000152843
TAS2R16	TAS2R16
IGFL2	IGFL2
BPIFA4P	BPIFA4P
CTAG1A;CTAG1B	CTAG1A;CTAG1B
OTTHUMG00000160309;RP11-217E13.1	OTTHUMG00000160309;RP11-217E13.1
CYP3A7;CYP3A7-CYP3AP1	CYP3A7;CYP3A7-CYP3AP1
MIR610	MIR610
DPP4	DPP4
LOC100506238	LOC100506238
OTTHUMG00000160928;RP11-120A1.1	OTTHUMG00000160928;RP11-120A1.1
MSRB1	MSRB1
AC073133.2;OTTHUMG00000151447	AC073133.2;OTTHUMG00000151447
OTTHUMG00000017095;RP11-20O12.1	OTTHUMG00000017095;RP11-20O12.1
ART1	ART1
OTTHUMG00000162154;RP11-94C24.8	OTTHUMG00000162154;RP11-94C24.8
USP17L24;USP17L25;USP17L26;USP17L27;USP17L28;USP17L29;USP17L30	USP17L24;USP17L25;USP17L26;USP17L27;USP17L28;USP17L29;USP17L30
USP17;USP17L24;USP17L25;USP17L26;USP17L27;USP17L28;USP17L29;USP17L30	USP17;USP17L24;USP17L25;USP17L26;USP17L27;USP17L28;USP17L29;USP17L30
USP17L24;USP17L25;USP17L26;USP17L27;USP17L28;USP17L29;USP17L30	USP17L24;USP17L25;USP17L26;USP17L27;USP17L28;USP17L29;USP17L30
USP17L24;USP17L25;USP17L26;USP17L27;USP17L28;USP17L29;USP17L30	USP17L24;USP17L25;USP17L26;USP17L27;USP17L28;USP17L29;USP17L30
USP17L24;USP17L25;USP17L26;USP17L27;USP17L28;USP17L29;USP17L30	USP17L24;USP17L25;USP17L26;USP17L27;USP17L28;USP17L29;USP17L30
USP17;USP17L24;USP17L25;USP17L26;USP17L27;USP17L28;USP17L29;USP17L30	USP17;USP17L24;USP17L25;USP17L26;USP17L27;USP17L28;USP17L29;USP17L30
VWA2	VWA2
RNF175	RNF175
NOP10	NOP10
OTTHUMG00000037755;RP5-956O18.2	OTTHUMG00000037755;RP5-956O18.2
LINC00971;OTTHUMG00000158981;RP11-735B13.1	LINC00971;OTTHUMG00000158981;RP11-735B13.1
LINC00694	LINC00694
SERTAD4	SERTAD4
OTTHUMG00000161558;RP11-153M7.5	OTTHUMG00000161558;RP11-153M7.5
SLC39A7	SLC39A7
SLC39A7	SLC39A7
SLC39A7	SLC39A7
SLC39A7	SLC39A7
SLC39A7	SLC39A7
IRF1	IRF1
AC003092.2;OTTHUMG00000155769	AC003092.2;OTTHUMG00000155769
MIR4791	MIR4791
CCKAR	CCKAR
OR5M8	OR5M8
FAM9C	FAM9C
OXSM	OXSM
COG5	COG5
HSD17B7P2	HSD17B7P2
HCG11	HCG11
LOC154449;OTTHUMG00000016075;RP5-1086L22.1	LOC154449;OTTHUMG00000016075;RP5-1086L22.1
AC010872.2;OTTHUMG00000151795;TDRD15	AC010872.2;OTTHUMG00000151795;TDRD15
C1R	C1R
CTD-2247C11.2;OTTHUMG00000161648	CTD-2247C11.2;OTTHUMG00000161648
KMO	KMO
CNNM2	CNNM2
MTAP	MTAP
SMIM3	SMIM3
DCAF13P3	DCAF13P3
OTTHUMG00000028603;RP11-544M22.1	OTTHUMG00000028603;RP11-544M22.1
BAD	BAD
RAB44	RAB44
OTTHUMG00000018809;RP11-310E22.4	OTTHUMG00000018809;RP11-310E22.4
ZDHHC6	ZDHHC6
CXorf67	CXorf67
GPR85	GPR85
AP000459.7;OTTHUMG00000078245	AP000459.7;OTTHUMG00000078245
LOC100507531	LOC100507531
OXNAD1	OXNAD1
WDR7	WDR7
NFU1	NFU1
IGKV1D-43	IGKV1D-43
SNORD117	SNORD117
SNORD117	SNORD117
SNORD117	SNORD117
SNORD117	SNORD117
SNORD117	SNORD117
SNORD117	SNORD117
SNORD117	SNORD117
SNORD117	SNORD117
SP140	SP140
AP001062.8;C21orf2;OTTHUMG00000086918	AP001062.8;C21orf2;OTTHUMG00000086918
CCL5	CCL5
UBE3A	UBE3A
TUBA3FP	TUBA3FP
CTD-2201E9.1;OTTHUMG00000161718	CTD-2201E9.1;OTTHUMG00000161718
GORAB	GORAB
RIPPLY1	RIPPLY1
MTRF1L	MTRF1L
ABLIM1	ABLIM1
SULT1C2P1	SULT1C2P1
MIR585	MIR585
DPPA3P2	DPPA3P2
OTTHUMG00000164667;RP11-31K23.2	OTTHUMG00000164667;RP11-31K23.2
PNPLA5	PNPLA5
INTS4L2	INTS4L2
TEX264	TEX264
OTTHUMG00000161390;RP11-342A1.1	OTTHUMG00000161390;RP11-342A1.1
NHLRC1	NHLRC1
MYL6	MYL6
OTTHUMG00000161589;RP11-6L6.5	OTTHUMG00000161589;RP11-6L6.5
ABCE1	ABCE1
TMEM8C	TMEM8C
LOC100653336;OTTHUMG00000019423;RP11-143M1.2	LOC100653336;OTTHUMG00000019423;RP11-143M1.2
NAPA-AS1	NAPA-AS1
SMC5-AS1	SMC5-AS1
GS1-39E22.1;OTTHUMG00000165056	GS1-39E22.1;OTTHUMG00000165056
SSBP4	SSBP4
KIAA0907	KIAA0907
LOC100505495	LOC100505495
IL1A	IL1A
BIRC6-AS1	BIRC6-AS1
PHIP	PHIP
AC007390.6;OTTHUMG00000152168	AC007390.6;OTTHUMG00000152168
OR1N1	OR1N1
ACADS	ACADS
C10orf54	C10orf54
FER1L6-AS2	FER1L6-AS2
OR13A1	OR13A1
PINK1	PINK1
CBX3	CBX3
FCRL6	FCRL6
TMEM236	TMEM236
AC009299.2;OTTHUMG00000151884	AC009299.2;OTTHUMG00000151884
CYB5R3	CYB5R3
MT4	MT4
LIMS3;LIMS3L	LIMS3;LIMS3L
SSR2	SSR2
KLHL34	KLHL34
NOTCH2	NOTCH2
LINC00959;OTTHUMG00000019268;RP11-500G10.1	LINC00959;OTTHUMG00000019268;RP11-500G10.1
OTTHUMG00000159264;RP11-506M12.1	OTTHUMG00000159264;RP11-506M12.1
AC092669.3;OTTHUMG00000152809	AC092669.3;OTTHUMG00000152809
OR1J1	OR1J1
GPD1L	GPD1L
OTTHUMG00000008098;RP4-533D7.5	OTTHUMG00000008098;RP4-533D7.5
TEX33	TEX33
OTTHUMG00000163251;RP11-436H11.4	OTTHUMG00000163251;RP11-436H11.4
RNU7-81P	RNU7-81P
VSIG4	VSIG4
OTTHUMG00000160584;RP11-463J17.1	OTTHUMG00000160584;RP11-463J17.1
AC108868.5;OTTHUMG00000153181	AC108868.5;OTTHUMG00000153181
MIR107;OTTHUMG00000018724;RP11-80H5.8	MIR107;OTTHUMG00000018724;RP11-80H5.8
C20orf201	C20orf201
PLAC1	PLAC1
LOXL2	LOXL2
ALKBH4	ALKBH4
FRMD8	FRMD8
LGSN	LGSN
GLT8D2	GLT8D2
OTTHUMG00000021872;RP11-212D3.4	OTTHUMG00000021872;RP11-212D3.4
MIB2	MIB2
ATP6V1G3	ATP6V1G3
GTPBP5;MTG2	GTPBP5;MTG2
FAM212B	FAM212B
TMEM45B	TMEM45B
MIR4760	MIR4760
OR4K1	OR4K1
OTTHUMG00000164345;RP11-577N1.1	OTTHUMG00000164345;RP11-577N1.1
OTTHUMG00000164086;RP11-495O10.1	OTTHUMG00000164086;RP11-495O10.1
FBXO3	FBXO3
NR5A1	NR5A1
RGL4	RGL4
FTLP10	FTLP10
AMDHD1	AMDHD1
GAGE13;GAGE2A;GAGE2E;GAGE8	GAGE13;GAGE2A;GAGE2E;GAGE8
OTTHUMG00000021366;RP5-1172N10.2	OTTHUMG00000021366;RP5-1172N10.2
LOC100288814	LOC100288814
FAM74A6	FAM74A6
OTTHUMG00000150168;RP4-760C5.5	OTTHUMG00000150168;RP4-760C5.5
PRKX-AS1	PRKX-AS1
OTTHUMG00000035438;RP11-243J18.2	OTTHUMG00000035438;RP11-243J18.2
ZNF326	ZNF326
B3GNT1	B3GNT1
GALR3	GALR3
OTTHUMG00000161536;RP11-597D13.1	OTTHUMG00000161536;RP11-597D13.1
MIR3169	MIR3169
THSD4	THSD4
CTD-2331D11.3;OTTHUMG00000162575	CTD-2331D11.3;OTTHUMG00000162575
OTTHUMG00000014248;RP11-637O19.2	OTTHUMG00000014248;RP11-637O19.2
OTTHUMG00000150889;RP1-222E13.10;RRP7B	OTTHUMG00000150889;RP1-222E13.10;RRP7B
FBXO16	FBXO16
MIR589	MIR589
CBLN4	CBLN4
WRNIP1	WRNIP1
PTTG2	PTTG2
TOR1B	TOR1B
OTTHUMG00000162407;RP11-317O24.1	OTTHUMG00000162407;RP11-317O24.1
MAP9	MAP9
OTTHUMG00000162701;RP11-1E3.1	OTTHUMG00000162701;RP11-1E3.1
WNT9A	WNT9A
AC016747.3;LOC339803;OTTHUMG00000152156	AC016747.3;LOC339803;OTTHUMG00000152156
OTTHUMG00000057435;RP4-568F9.6	OTTHUMG00000057435;RP4-568F9.6
OTTHUMG00000015860;RP11-475C16.2	OTTHUMG00000015860;RP11-475C16.2
C15ORF37;C15orf37	C15ORF37;C15orf37
SNORD41	SNORD41
ATP6AP1	ATP6AP1
OTTHUMG00000164799;RP11-318M2.3	OTTHUMG00000164799;RP11-318M2.3
OTTHUMG00000012031;RP11-27K13.3	OTTHUMG00000012031;RP11-27K13.3
CTD-3064M3.1;LOC731779;OTTHUMG00000164482	CTD-3064M3.1;LOC731779;OTTHUMG00000164482
LOC100133050	LOC100133050
OTTHUMG00000157190;RP5-1121A15.3	OTTHUMG00000157190;RP5-1121A15.3
OTTHUMG00000067122;RP11-347J14.8	OTTHUMG00000067122;RP11-347J14.8
OTTHUMG00000018174;RP11-534L6.2	OTTHUMG00000018174;RP11-534L6.2
CYAT1;IGLC1;IGLC2;IGLC3;IGLJ1;IGLJ2;IGLJ3;IGLL5;IGLV1-36;IGLV1-40;IGLV1-44;IGLV1-47;IGLV1-50;IGLV1-51;IGLV2-11;IGLV2-14;IGLV2-23;IGLV2-8;IGLV3-10;IGLV3-19;IGLV3-21;IGLV5-45;IGLV5-52;IGLV8-61;LOC96610;MIR650	CYAT1;IGLC1;IGLC2;IGLC3;IGLJ1;IGLJ2;IGLJ3;IGLL5;IGLV1-36;IGLV1-40;IGLV1-44;IGLV1-47;IGLV1-50;IGLV1-51;IGLV2-11;IGLV2-14;IGLV2-23;IGLV2-8;IGLV3-10;IGLV3-19;IGLV3-21;IGLV5-45;IGLV5-52;IGLV8-61;LOC96610;MIR650
IFNL3	IFNL3
RFX5	RFX5
FAM19A3	FAM19A3
LOC100506059	LOC100506059
GAK	GAK
AC135178.7;OTTHUMG00000132865	AC135178.7;OTTHUMG00000132865
SLC2A1-AS1	SLC2A1-AS1
PPP2R3A	PPP2R3A
LOC101060308;PRAMEF23;PRAMEF5;PRAMEF6	LOC101060308;PRAMEF23;PRAMEF5;PRAMEF6
AC009365.4;LOC100506937;OTTHUMG00000155197	AC009365.4;LOC100506937;OTTHUMG00000155197
MYF6	MYF6
PRODH	PRODH
ZFP37	ZFP37
LOC440335	LOC440335
CSRP1	CSRP1
POU4F2	POU4F2
DLC1	DLC1
IDO1	IDO1
DPCR1	DPCR1
OTTHUMG00000164908;RP11-946L20.2	OTTHUMG00000164908;RP11-946L20.2
CMBL	CMBL
THRA	THRA
KBTBD8	KBTBD8
OTTHUMG00000164551;RP11-941H19.3	OTTHUMG00000164551;RP11-941H19.3
CLYBL-AS2	CLYBL-AS2
AC012075.2;LOC100507201;OTTHUMG00000152947	AC012075.2;LOC100507201;OTTHUMG00000152947
CTB-26E19.1;OTTHUMG00000163611	CTB-26E19.1;OTTHUMG00000163611
OVOL1	OVOL1
CTD-3184A7.4;LOC100505771;OTTHUMG00000032983	CTD-3184A7.4;LOC100505771;OTTHUMG00000032983
BTLA	BTLA
TCF20	TCF20
KRTAP10-3	KRTAP10-3
OTTHUMG00000015347;RP5-919F19.5	OTTHUMG00000015347;RP5-919F19.5
ASB11	ASB11
AC009502.4;OTTHUMG00000150131	AC009502.4;OTTHUMG00000150131
CTC-436K13.6;OTTHUMG00000163530	CTC-436K13.6;OTTHUMG00000163530
CCDC12	CCDC12
OTTHUMG00000020030;RP11-197P3.5	OTTHUMG00000020030;RP11-197P3.5
WISP3	WISP3
YIPF6	YIPF6
FAM71D	FAM71D
RERG	RERG
NLRP10	NLRP10
KHDRBS2	KHDRBS2
C4orf52;SMIM20	C4orf52;SMIM20
PHOX2A	PHOX2A
CTC-313D10.1;OTTHUMG00000162872	CTC-313D10.1;OTTHUMG00000162872
LOC100996630;OTTHUMG00000010911;RP4-586O15.1	LOC100996630;OTTHUMG00000010911;RP4-586O15.1
HDLBP	HDLBP
HSCB	HSCB
PSMA2	PSMA2
RNA5-8SP7	RNA5-8SP7
MIR4442;TOP2B	MIR4442;TOP2B
BPY2;BPY2B;BPY2C	BPY2;BPY2B;BPY2C
BBS7	BBS7
CDRT7	CDRT7
OTTHUMG00000015300;RP11-404H14.1	OTTHUMG00000015300;RP11-404H14.1
GPRC5C	GPRC5C
OR5B12	OR5B12
KIF4B	KIF4B
FOXI2	FOXI2
RABL6	RABL6
C17orf72	C17orf72
KPRP	KPRP
ZNF638;ZNF638-IT1	ZNF638;ZNF638-IT1
OTTHUMG00000017817;RP11-371A19.2	OTTHUMG00000017817;RP11-371A19.2
PAQR8	PAQR8
ZNF235	ZNF235
ITCH-IT1	ITCH-IT1
AC002480.4;OTTHUMG00000152531	AC002480.4;OTTHUMG00000152531
RPS2P7	RPS2P7
OTTHUMG00000011003;RP11-251P6.1	OTTHUMG00000011003;RP11-251P6.1
OTTHUMG00000035458;RP11-382D12.1	OTTHUMG00000035458;RP11-382D12.1
OTTHUMG00000020329;RP11-244N9.6	OTTHUMG00000020329;RP11-244N9.6
MYO1H	MYO1H
LOC613037;NPIPB4;OTTHUMG00000163556;RP11-347C12.1	LOC613037;NPIPB4;OTTHUMG00000163556;RP11-347C12.1
OTTHUMG00000021384;RP3-326I13.1	OTTHUMG00000021384;RP3-326I13.1
OTTHUMG00000014978;RP11-542F9.1	OTTHUMG00000014978;RP11-542F9.1
PLK5	PLK5
ZFP69;ZNF642	ZFP69;ZNF642
PNN	PNN
INTS4L1	INTS4L1
OR5D14	OR5D14
C11orf58	C11orf58
RAB8B	RAB8B
MOBP	MOBP
OTTHUMG00000019477;RP11-125K10.5	OTTHUMG00000019477;RP11-125K10.5
PPP1R21	PPP1R21
PLAC9	PLAC9
PAPOLB	PAPOLB
OTTHUMG00000164166;RP11-343P9.1	OTTHUMG00000164166;RP11-343P9.1
OTTHUMG00000163254;RP11-436H11.5	OTTHUMG00000163254;RP11-436H11.5
AC002454.1;OTTHUMG00000155818	AC002454.1;OTTHUMG00000155818
N6AMT1	N6AMT1
FAM19A5	FAM19A5
OTTHUMG00000020399;RP11-341A22.2	OTTHUMG00000020399;RP11-341A22.2
ZNF709	ZNF709
ZNF738	ZNF738
OTTHUMG00000017366;RP11-315H15.1	OTTHUMG00000017366;RP11-315H15.1
AC004967.5;OCM2;OTTHUMG00000154162	AC004967.5;OCM2;OTTHUMG00000154162
LOC100272217	LOC100272217
AC092661.1;OTTHUMG00000059450	AC092661.1;OTTHUMG00000059450
ZNF425	ZNF425
ZSWIM8	ZSWIM8
OTTHUMG00000162696;RP11-203H19.2	OTTHUMG00000162696;RP11-203H19.2
DCSTAMP	DCSTAMP
OR51H1P	OR51H1P
SLFN14	SLFN14
EPB41	EPB41
TSPAN2	TSPAN2
VTRNA1-3	VTRNA1-3
OR5AP2	OR5AP2
PITPNA-AS1	PITPNA-AS1
COL10A1	COL10A1
OTTHUMG00000019222;RP11-298J20.4;ZRANB1	OTTHUMG00000019222;RP11-298J20.4;ZRANB1
RHOC	RHOC
C6orf170	C6orf170
ZCCHC12	ZCCHC12
PRKCD	PRKCD
SPOP	SPOP
OTTHUMG00000156569;RP11-358M3.1	OTTHUMG00000156569;RP11-358M3.1
RAB18	RAB18
LOC283683	LOC283683
OTTHUMG00000020098;RP11-15B24.5	OTTHUMG00000020098;RP11-15B24.5
BTN3A2	BTN3A2
BAG5	BAG5
AP001625.5;OTTHUMG00000086812	AP001625.5;OTTHUMG00000086812
CTD-2154H6.1;OTTHUMG00000162785	CTD-2154H6.1;OTTHUMG00000162785
RDH10	RDH10
OTTHUMG00000164669;RP11-706C16.5	OTTHUMG00000164669;RP11-706C16.5
ARHGEF37	ARHGEF37
ITPRIPL2	ITPRIPL2
OTTHUMG00000161149;RP11-399F2.2	OTTHUMG00000161149;RP11-399F2.2
OR10C1	OR10C1
OR10C1	OR10C1
OR10C1	OR10C1
OR10C1	OR10C1
MAGEC2	MAGEC2
PRRT3-AS1	PRRT3-AS1
RNU7-19P	RNU7-19P
TCF25	TCF25
TMPRSS5	TMPRSS5
FSTL1;MIR198	FSTL1;MIR198
OTTHUMG00000020457;RP11-505C13.1	OTTHUMG00000020457;RP11-505C13.1
OTTHUMG00000014090;RP11-495P10.6	OTTHUMG00000014090;RP11-495P10.6
RGS3	RGS3
MFSD7	MFSD7
WWC1	WWC1
IGKV2D-28	IGKV2D-28
TMPRSS11GP	TMPRSS11GP
CPNE4	CPNE4
LOC645188;OTTHUMG00000022567;RP1-171K16.5	LOC645188;OTTHUMG00000022567;RP1-171K16.5
OR1L6	OR1L6
PNISR	PNISR
PACSIN3	PACSIN3
RNU7-25P	RNU7-25P
IFNK	IFNK
DDX49	DDX49
OR2T11	OR2T11
CTD-2130F23.1;OTTHUMG00000162105	CTD-2130F23.1;OTTHUMG00000162105
BVES-AS1	BVES-AS1
AC079117.1;OTTHUMG00000152840	AC079117.1;OTTHUMG00000152840
CHRFAM7A	CHRFAM7A
ROCK1	ROCK1
SHISA4	SHISA4
OTTHUMG00000160773;RP11-440I14.2	OTTHUMG00000160773;RP11-440I14.2
KIR2DL4	KIR2DL4
CMTM2	CMTM2
OR4C45	OR4C45
OTTHUMG00000161140;RP11-311D14.2	OTTHUMG00000161140;RP11-311D14.2
AC011753.5;OTTHUMG00000154962	AC011753.5;OTTHUMG00000154962
HECTD1	HECTD1
GS1-519E5.1;OTTHUMG00000021115	GS1-519E5.1;OTTHUMG00000021115
GLUD1	GLUD1
TMEM247	TMEM247
MIR548D2	MIR548D2
ZNF100	ZNF100
OTTHUMG00000019273;RP11-540N6.1	OTTHUMG00000019273;RP11-540N6.1
MIR548T	MIR548T
MIR4475	MIR4475
IGKV1D-37	IGKV1D-37
CTC-205M6.1;OTTHUMG00000162253	CTC-205M6.1;OTTHUMG00000162253
PDLIM2	PDLIM2
CALU	CALU
CLEC5A	CLEC5A
RNA5SP503	RNA5SP503
OTTHUMG00000160178;RP11-452J21.2	OTTHUMG00000160178;RP11-452J21.2
DAW1;WDR69	DAW1;WDR69
OTTHUMG00000134329;XXbac-BPG296P20.15	OTTHUMG00000134329;XXbac-BPG296P20.15
OTTHUMG00000148970;XXbac-BPG296P20.15	OTTHUMG00000148970;XXbac-BPG296P20.15
OTTHUMG00000149255;XXbac-BPG296P20.15	OTTHUMG00000149255;XXbac-BPG296P20.15
OTTHUMG00000149485;XXbac-BPG296P20.15	OTTHUMG00000149485;XXbac-BPG296P20.15
OTTHUMG00000004870;XXbac-BPG296P20.15	OTTHUMG00000004870;XXbac-BPG296P20.15
E2F6	E2F6
BRD2	BRD2
MIR4738	MIR4738
DRD3	DRD3
CYP2J2	CYP2J2
AC073928.2;OTTHUMG00000153651	AC073928.2;OTTHUMG00000153651
TACR1	TACR1
USP17L23	USP17L23
SNORD116-23	SNORD116-23
LOC100996549;OTTHUMG00000159119;RP11-521D12.5	LOC100996549;OTTHUMG00000159119;RP11-521D12.5
PDAP1	PDAP1
ADIPOR1	ADIPOR1
SPATA9	SPATA9
MIR597	MIR597
POGK	POGK
AC064865.1;OTTHUMG00000153704	AC064865.1;OTTHUMG00000153704
SLC6A4	SLC6A4
AL109763.1;OTTHUMG00000074548	AL109763.1;OTTHUMG00000074548
OTTHUMG00000164770;RP13-923O23.6	OTTHUMG00000164770;RP13-923O23.6
PLK3	PLK3
PCBP4	PCBP4
SRSF11	SRSF11
LRIG1	LRIG1
IGHV4-28;LOC100653243;LOC642131	IGHV4-28;LOC100653243;LOC642131
AP002856.7;OTTHUMG00000150045	AP002856.7;OTTHUMG00000150045
OTTHUMG00000017241;RP11-120E13.1	OTTHUMG00000017241;RP11-120E13.1
TAP1	TAP1
P4HTM	P4HTM
AL050303.7;OTTHUMG00000074200	AL050303.7;OTTHUMG00000074200
CNGB3	CNGB3
MYO1D	MYO1D
FAHD2CP	FAHD2CP
AFF2	AFF2
OTTHUMG00000157001;RP4-745K6.1	OTTHUMG00000157001;RP4-745K6.1
MIR329-2	MIR329-2
MTHFD2L	MTHFD2L
OTTHUMG00000017314;RP11-123H22.1	OTTHUMG00000017314;RP11-123H22.1
C6orf15	C6orf15
TRPV5	TRPV5
FAM99B	FAM99B
AC018359.1;OTTHUMG00000155767	AC018359.1;OTTHUMG00000155767
RAB4B	RAB4B
OOSP1	OOSP1
FHDC1	FHDC1
OTTHUMG00000165067;RP11-382A18.2	OTTHUMG00000165067;RP11-382A18.2
C2orf15;MRPL30	C2orf15;MRPL30
GPR180	GPR180
OTTHUMG00000000451;RP11-195F19.9	OTTHUMG00000000451;RP11-195F19.9
APOL4	APOL4
LINC00278	LINC00278
DCAKD	DCAKD
OTTHUMG00000158362;RP11-889D3.2	OTTHUMG00000158362;RP11-889D3.2
THSD1	THSD1
CCDC13	CCDC13
AL109767.1;OTTHUMG00000150112	AL109767.1;OTTHUMG00000150112
GLUD2	GLUD2
SF1	SF1
C2orf54	C2orf54
OTTHUMG00000150941;RP1-85F18.5	OTTHUMG00000150941;RP1-85F18.5
RNA5SP236	RNA5SP236
FFAR4	FFAR4
OTTHUMG00000151204;RP3-412A9.10	OTTHUMG00000151204;RP3-412A9.10
MMP25	MMP25
GAN	GAN
ATG16L1	ATG16L1
FAM124A	FAM124A
OTTHUMG00000161218;RP11-780O17.1	OTTHUMG00000161218;RP11-780O17.1
ZFX-AS1	ZFX-AS1
LOC339568;OTTHUMG00000032466;RP4-705O1.1	LOC339568;OTTHUMG00000032466;RP4-705O1.1
UNC93A	UNC93A
OTTHUMG00000157116;RP11-332K15.1	OTTHUMG00000157116;RP11-332K15.1
PGCP1	PGCP1
LINC00702	LINC00702
PROX1-AS1	PROX1-AS1
RTFDC1	RTFDC1
OR51D1	OR51D1
PA2G4P4	PA2G4P4
OR2T3	OR2T3
OTTHUMG00000164396;RP11-45K10.2	OTTHUMG00000164396;RP11-45K10.2
LEPREL1	LEPREL1
LOC100507516;OTTHUMG00000164264;RP11-400K9.4	LOC100507516;OTTHUMG00000164264;RP11-400K9.4
OTTHUMG00000033149;RP11-77M5.1	OTTHUMG00000033149;RP11-77M5.1
C17orf59	C17orf59
OTTHUMG00000020570;RP11-360A18.1	OTTHUMG00000020570;RP11-360A18.1
OTTHUMG00000040116;RP11-525G13.2	OTTHUMG00000040116;RP11-525G13.2
PCGEM1	PCGEM1
GSC2	GSC2
SLC22A17	SLC22A17
AC112715.2;OTTHUMG00000153019	AC112715.2;OTTHUMG00000153019
RPUSD1	RPUSD1
NCOR1P1	NCOR1P1
PKHD1L1	PKHD1L1
RPL36AP33	RPL36AP33
OTTHUMG00000019022;RP11-163F15.1	OTTHUMG00000019022;RP11-163F15.1
HCG20	HCG20
HCG20	HCG20
C21orf88	C21orf88
IFNA6	IFNA6
OTTHUMG00000037823;RP11-66A2.1	OTTHUMG00000037823;RP11-66A2.1
CLTC	CLTC
HSPA4L	HSPA4L
CTB-77H17.1;OTTHUMG00000162965	CTB-77H17.1;OTTHUMG00000162965
CST9LP1	CST9LP1
TMEM237	TMEM237
NFKBIA	NFKBIA
OTTHUMG00000009842;RP5-837I24.4	OTTHUMG00000009842;RP5-837I24.4
KRT36	KRT36
NDFIP2-AS1	NDFIP2-AS1
OTTHUMG00000161345;RP11-793B23.1	OTTHUMG00000161345;RP11-793B23.1
MIR1270-1;MIR1270-2	MIR1270-1;MIR1270-2
MIR1270-1;MIR1270-2	MIR1270-1;MIR1270-2
OR51G2	OR51G2
TMEM173	TMEM173
LINC00640	LINC00640
TRMT10C	TRMT10C
TRAP1	TRAP1
OTTHUMG00000016801;RP11-187A9.3	OTTHUMG00000016801;RP11-187A9.3
STRC	STRC
AF015720.3;OTTHUMG00000086462	AF015720.3;OTTHUMG00000086462
OR4D10	OR4D10
OTTHUMG00000014922;RP11-343D24.2	OTTHUMG00000014922;RP11-343D24.2
MIR141	MIR141
AC007099.1;OTTHUMG00000152941	AC007099.1;OTTHUMG00000152941
MAP3K19	MAP3K19
LOC440600;OTTHUMG00000011283;RP5-1074L1.1	LOC440600;OTTHUMG00000011283;RP5-1074L1.1
LINC00690	LINC00690
EREG	EREG
SRSF7	SRSF7
CEL	CEL
NHP2L1	NHP2L1
OTTHUMG00000015931;RP11-125D12.2	OTTHUMG00000015931;RP11-125D12.2
SMAD1	SMAD1
CTD-2037L6.2;OTTHUMG00000162196	CTD-2037L6.2;OTTHUMG00000162196
GLYCTK-AS1	GLYCTK-AS1
ROCK1P1	ROCK1P1
DCUN1D2-AS1	DCUN1D2-AS1
PSORS1C2	PSORS1C2
CH25H	CH25H
OTTHUMG00000150319;RP13-455A7.1	OTTHUMG00000150319;RP13-455A7.1
LOC100506122;OTTHUMG00000160875;RP11-344G13.1	LOC100506122;OTTHUMG00000160875;RP11-344G13.1
C10orf2	C10orf2
SLC25A18	SLC25A18
FANK1-AS1	FANK1-AS1
OR11H12	OR11H12
FCGR1C	FCGR1C
KIF21A	KIF21A
C4orf51	C4orf51
LOC100289019;OTTHUMG00000020737;RP11-395P17.3	LOC100289019;OTTHUMG00000020737;RP11-395P17.3
PCDHB14	PCDHB14
QPCTL	QPCTL
LOC100505596;OTTHUMG00000162046;RP11-292D4.1	LOC100505596;OTTHUMG00000162046;RP11-292D4.1
MIR4451	MIR4451
OTTHUMG00000000507;RP5-887A10.1	OTTHUMG00000000507;RP5-887A10.1
P2RY10	P2RY10
SCYL3	SCYL3
PPP2R4	PPP2R4
AC005160.3;OTTHUMG00000155093	AC005160.3;OTTHUMG00000155093
AC104699.1;OTTHUMG00000155125	AC104699.1;OTTHUMG00000155125
HMGN3	HMGN3
PRAMEF10	PRAMEF10
MIR4786	MIR4786
AY269186.1;OTTHUMG00000154851	AY269186.1;OTTHUMG00000154851
AC012074.2;OTTHUMG00000152130	AC012074.2;OTTHUMG00000152130
COPS5	COPS5
OTTHUMG00000160261;RP11-231L11.3	OTTHUMG00000160261;RP11-231L11.3
VDAC3	VDAC3
KRT35	KRT35
E2F3	E2F3
OTTHUMG00000041431;RP5-940F7.2	OTTHUMG00000041431;RP5-940F7.2
SPDYE7P	SPDYE7P
TBL1XR1-AS1	TBL1XR1-AS1
AC073321.4;OTTHUMG00000155344	AC073321.4;OTTHUMG00000155344
AC012457.2;OTTHUMG00000152010	AC012457.2;OTTHUMG00000152010
TTC25	TTC25
FAM214B	FAM214B
OTTHUMG00000140137;RP5-963E22.4	OTTHUMG00000140137;RP5-963E22.4
OTTHUMG00000024005;RP11-404F10.2	OTTHUMG00000024005;RP11-404F10.2
KRTAP8-1	KRTAP8-1
IFFO2	IFFO2
AP1B1P1;OTTHUMG00000073689;RP1-127L4.7	AP1B1P1;OTTHUMG00000073689;RP1-127L4.7
OTTHUMG00000162861;RP11-278J6.2	OTTHUMG00000162861;RP11-278J6.2
RRP8	RRP8
HSFY1P1	HSFY1P1
OTTHUMG00000009114;RP4-630A11.3	OTTHUMG00000009114;RP4-630A11.3
FGF12-AS3	FGF12-AS3
MIR548F4	MIR548F4
GPR146;LOC100505551;LOC100505568	GPR146;LOC100505551;LOC100505568
SLC27A1	SLC27A1
OTTHUMG00000008243;RP11-90C4.1	OTTHUMG00000008243;RP11-90C4.1
ADAMTS12	ADAMTS12
OR10V2P	OR10V2P
CPNE8	CPNE8
OTTHUMG00000014979;RP11-406O16.1	OTTHUMG00000014979;RP11-406O16.1
CTD-2316B1.2;OTTHUMG00000162593	CTD-2316B1.2;OTTHUMG00000162593
RRP15	RRP15
C1orf61	C1orf61
CTC-448D22.1;OTTHUMG00000162962	CTC-448D22.1;OTTHUMG00000162962
MIR4697;MIR4697HG	MIR4697;MIR4697HG
MIR4471	MIR4471
MIR1322	MIR1322
CTA-833B7.2;OTTHUMG00000150550	CTA-833B7.2;OTTHUMG00000150550
CDO1	CDO1
CCL1	CCL1
RNY5P3	RNY5P3
AC090505.1;OTTHUMG00000156017	AC090505.1;OTTHUMG00000156017
CDH8	CDH8
IGLV3-22	IGLV3-22
LOC100270804	LOC100270804
OTTHUMG00000163842;RP11-582J16.3	OTTHUMG00000163842;RP11-582J16.3
CYP2B6	CYP2B6
ANKRD33B	ANKRD33B
OTTHUMG00000157169;RP11-3B12.2	OTTHUMG00000157169;RP11-3B12.2
AC010226.4;OTTHUMG00000155201	AC010226.4;OTTHUMG00000155201
AC008268.1;OTTHUMG00000155185	AC008268.1;OTTHUMG00000155185
RB1	RB1
DGAT2L7P	DGAT2L7P
OR13C8	OR13C8
MAS1L	MAS1L
MAS1L	MAS1L
MAS1L	MAS1L
MAS1L	MAS1L
MAS1L	MAS1L
MAS1L	MAS1L
MAS1L	MAS1L
MAS1L	MAS1L
ZBTB6	ZBTB6
OTTHUMG00000019010;RP11-483B5.3;SORCS3-AS1	OTTHUMG00000019010;RP11-483B5.3;SORCS3-AS1
RNA5SP328	RNA5SP328
UGT2B10	UGT2B10
AC005753.1;OTTHUMG00000162830	AC005753.1;OTTHUMG00000162830
ZCCHC18	ZCCHC18
CTC-756D1.2;OTTHUMG00000163862	CTC-756D1.2;OTTHUMG00000163862
RNF208	RNF208
MIR329-1	MIR329-1
AC006041.1;OTTHUMG00000152394	AC006041.1;OTTHUMG00000152394
MIR129-2	MIR129-2
FLG2	FLG2
LINC00307	LINC00307
PATE2	PATE2
LOC100507557;OTTHUMG00000015748;RP11-545I5.3	LOC100507557;OTTHUMG00000015748;RP11-545I5.3
OR51F2	OR51F2
ARHGEF9-IT1	ARHGEF9-IT1
PTH	PTH
FAM132B	FAM132B
OTTHUMG00000002044;RP4-704D23.1	OTTHUMG00000002044;RP4-704D23.1
OTTHUMG00000015885;RP11-518I13.1	OTTHUMG00000015885;RP11-518I13.1
GZMK	GZMK
LOC100130452	LOC100130452
OTTHUMG00000137386;RP11-164D18.2	OTTHUMG00000137386;RP11-164D18.2
ODF3L1	ODF3L1
MIR513A2	MIR513A2
AC079922.3;FLJ42351;OTTHUMG00000153299	AC079922.3;FLJ42351;OTTHUMG00000153299
PPBP	PPBP
ZNF782	ZNF782
MRPS31	MRPS31
AC079305.8;OTTHUMG00000154102	AC079305.8;OTTHUMG00000154102
BEND7	BEND7
GTDC1	GTDC1
IGKV1-27	IGKV1-27
ST6GALNAC6	ST6GALNAC6
SNORA58	SNORA58
PRSS37	PRSS37
POM121	POM121
OTTHUMG00000017831;RP11-80K21.3	OTTHUMG00000017831;RP11-80K21.3
PCDHGA5	PCDHGA5
ARX	ARX
UBL7	UBL7
OTTHUMG00000019542;RP11-134K1.3	OTTHUMG00000019542;RP11-134K1.3
DEFB132	DEFB132
OTTHUMG00000133695;RP4-530I15.9	OTTHUMG00000133695;RP4-530I15.9
CTD-2227C6.2;OTTHUMG00000162781	CTD-2227C6.2;OTTHUMG00000162781
KCNK16	KCNK16
OR4F17	OR4F17
ETV3L	ETV3L
OTTHUMG00000164463;RP11-21C17.1	OTTHUMG00000164463;RP11-21C17.1
MIR4326	MIR4326
SCEL-AS1	SCEL-AS1
GALC	GALC
PRELID2	PRELID2
LOC100133746	LOC100133746
PHF2P2	PHF2P2
POLR2I	POLR2I
LINC00633	LINC00633
AC003664.1;OTTHUMG00000058770	AC003664.1;OTTHUMG00000058770
LHX1	LHX1
OTTHUMG00000160909;RP11-625I7.1	OTTHUMG00000160909;RP11-625I7.1
NGDN	NGDN
ST18	ST18
MIR4727	MIR4727
ANXA2P1	ANXA2P1
CHST4	CHST4
GPX6	GPX6
NCOR1	NCOR1
LOC728138	LOC728138
AXIN1	AXIN1
AC022816.2;OTTHUMG00000058811	AC022816.2;OTTHUMG00000058811
AC093642.6;OTTHUMG00000151385	AC093642.6;OTTHUMG00000151385
SYTL4	SYTL4
KRTAP24-1	KRTAP24-1
MMP17	MMP17
COPS2	COPS2
DLG5-AS1;OTTHUMG00000018547;RP11-126H7.3	DLG5-AS1;OTTHUMG00000018547;RP11-126H7.3
SPINK14	SPINK14
LOC100507166	LOC100507166
ATG16L2	ATG16L2
KIAA1522	KIAA1522
LINC00378	LINC00378
CEBPA-AS1	CEBPA-AS1
OTTHUMG00000020110;RP11-575L7.4	OTTHUMG00000020110;RP11-575L7.4
C19orf40	C19orf40
SH3RF3	SH3RF3
SLC29A4	SLC29A4
FTSJ2	FTSJ2
MIR450B	MIR450B
EXOC2	EXOC2
OR6S1	OR6S1
CPEB1	CPEB1
TPTE2P6	TPTE2P6
IL4	IL4
SRSF8	SRSF8
CTB-109A12.1;OTTHUMG00000163480	CTB-109A12.1;OTTHUMG00000163480
GPR83	GPR83
OTTHUMG00000009266;RP11-181B18.1	OTTHUMG00000009266;RP11-181B18.1
HTR1F	HTR1F
TRBV23OR9-2	TRBV23OR9-2
PHF1	PHF1
LINC00529	LINC00529
BOLA2;BOLA2B;LOC101060252	BOLA2;BOLA2B;LOC101060252
OTTHUMG00000134272;XXbac-BPG181B23.4	OTTHUMG00000134272;XXbac-BPG181B23.4
OMA1	OMA1
OTTHUMG00000163549;RP11-167P20.1	OTTHUMG00000163549;RP11-167P20.1
AC092168.2;OTTHUMG00000153029	AC092168.2;OTTHUMG00000153029
OTTHUMG00000162998;RP11-284A20.3	OTTHUMG00000162998;RP11-284A20.3
RHOJ	RHOJ
ZNF22	ZNF22
GBP2	GBP2
AMELY	AMELY
AC079630.2;OTTHUMG00000059745	AC079630.2;OTTHUMG00000059745
SUCLA2-AS1	SUCLA2-AS1
CPE	CPE
AC063980.1;OTTHUMG00000163220	AC063980.1;OTTHUMG00000163220
CEP164P1	CEP164P1
GTPBP4	GTPBP4
KRTAP13-1	KRTAP13-1
OTTHUMG00000020024;RP11-171A24.2	OTTHUMG00000020024;RP11-171A24.2
OTTHUMG00000017631;RP5-1031D4.2	OTTHUMG00000017631;RP5-1031D4.2
OTTHUMG00000160124;RP11-539L10.2	OTTHUMG00000160124;RP11-539L10.2
C6orf100	C6orf100
C6orf100	C6orf100
NUDT2	NUDT2
OTTHUMG00000150697;Z83851.4	OTTHUMG00000150697;Z83851.4
C5orf47	C5orf47
AC007952.4;OTTHUMG00000178492	AC007952.4;OTTHUMG00000178492
KLF16	KLF16
FRMD6-AS2	FRMD6-AS2
AC011897.2;OTTHUMG00000151715	AC011897.2;OTTHUMG00000151715
MIR208B	MIR208B
OTTHUMG00000161342;RP11-223C24.1	OTTHUMG00000161342;RP11-223C24.1
CDHR4	CDHR4
OR5D16	OR5D16
GRTP1-AS1	GRTP1-AS1
ABHD1	ABHD1
EPX	EPX
OTTHUMG00000016859;RP11-154C3.2	OTTHUMG00000016859;RP11-154C3.2
OTTHUMG00000019234;RP11-383C5.7	OTTHUMG00000019234;RP11-383C5.7
DOCK3	DOCK3
C3orf75;ELP6	C3orf75;ELP6
PDP2	PDP2
OTTHUMG00000163748;RP11-108E14.1	OTTHUMG00000163748;RP11-108E14.1
ACOX1	ACOX1
ZNF320	ZNF320
MIR940	MIR940
CCDC90B	CCDC90B
OTTHUMG00000037944;RP5-827C21.2	OTTHUMG00000037944;RP5-827C21.2
OTTHUMG00000022269;RP5-1139I1.2	OTTHUMG00000022269;RP5-1139I1.2
OTTHUMG00000015687;RP1-225E12.2	OTTHUMG00000015687;RP1-225E12.2
MIR4795	MIR4795
PRB4	PRB4
LCE2C	LCE2C
MED19	MED19
SNORD116-16	SNORD116-16
ENO4;OTTHUMG00000019112;RP11-539I5.2	ENO4;OTTHUMG00000019112;RP11-539I5.2
AC008703.1;LOC285627;OTTHUMG00000163542	AC008703.1;LOC285627;OTTHUMG00000163542
OTTHUMG00000162954;RP11-2N5.2	OTTHUMG00000162954;RP11-2N5.2
ZDBF2	ZDBF2
CRELD2	CRELD2
CHCHD3	CHCHD3
C8orf87	C8orf87
MIR4423	MIR4423
MGC72080	MGC72080
KRTAP9-9	KRTAP9-9
LOC100506834;OTTHUMG00000020143;RP11-276H19.1	LOC100506834;OTTHUMG00000020143;RP11-276H19.1
LRRC53	LRRC53
OTTHUMG00000009769;RP4-601K24.1	OTTHUMG00000009769;RP4-601K24.1
TMEM177	TMEM177
LTV1	LTV1
ADAMTS20	ADAMTS20
MDGA1	MDGA1
LYRM7	LYRM7
OTTHUMG00000162638;RP11-158I23.1	OTTHUMG00000162638;RP11-158I23.1
OR10G3	OR10G3
OTTHUMG00000019290;RP11-432J24.5	OTTHUMG00000019290;RP11-432J24.5
ZAR1L	ZAR1L
S100A6	S100A6
MIR4310	MIR4310
OTTHUMG00000159720;RP11-469L4.1	OTTHUMG00000159720;RP11-469L4.1
SLC15A5	SLC15A5
CYSLTR1	CYSLTR1
OTTHUMG00000032248;RP11-49G10.3	OTTHUMG00000032248;RP11-49G10.3
ZNF224	ZNF224
LOC284648	LOC284648
KRT33A	KRT33A
OTTHUMG00000163720;RP11-618M23.5	OTTHUMG00000163720;RP11-618M23.5
MIR4460	MIR4460
KRTAP19-6	KRTAP19-6
LINC00327	LINC00327
ZNF658	ZNF658
OTTHUMG00000164757;RP11-737F9.2	OTTHUMG00000164757;RP11-737F9.2
OR2AE1	OR2AE1
FOLR3	FOLR3
TIA1	TIA1
NICN1-AS1	NICN1-AS1
OTTHUMG00000015106;RP11-445L13__B.3	OTTHUMG00000015106;RP11-445L13__B.3
SNAI1	SNAI1
FAM89B	FAM89B
AC004895.4;OTTHUMG00000151887	AC004895.4;OTTHUMG00000151887
CCDC24	CCDC24
PSORS1C3	PSORS1C3
OTTHUMG00000165002;RP11-959I15.4	OTTHUMG00000165002;RP11-959I15.4
GPR114	GPR114
GGTLC1	GGTLC1
AF238380.5;OTTHUMG00000024154;USP27X-AS1	AF238380.5;OTTHUMG00000024154;USP27X-AS1
MUTYH	MUTYH
VSTM5	VSTM5
LINC00371	LINC00371
NOX4	NOX4
OTOP3	OTOP3
LOC100505676;OTTHUMG00000164956;RP11-346I3.4	LOC100505676;OTTHUMG00000164956;RP11-346I3.4
SPAG8	SPAG8
OTTHUMG00000160615;RP11-273B19.2	OTTHUMG00000160615;RP11-273B19.2
AC005154.9;OTTHUMG00000152804	AC005154.9;OTTHUMG00000152804
DIO2-AS1	DIO2-AS1
AC013733.4;OTTHUMG00000154316	AC013733.4;OTTHUMG00000154316
OTTHUMG00000156628;RP11-797H7.5	OTTHUMG00000156628;RP11-797H7.5
OTTHUMG00000040729;RP11-467I20.6	OTTHUMG00000040729;RP11-467I20.6
MIR550B1	MIR550B1
ARHGAP23	ARHGAP23
MRPS34	MRPS34
CCDC103	CCDC103
MIR22;MIR22HG	MIR22;MIR22HG
OR5M11	OR5M11
MIR451B	MIR451B
GS1-204I12.2;OTTHUMG00000035578	GS1-204I12.2;OTTHUMG00000035578
STT3A-AS1	STT3A-AS1
NTF4	NTF4
OR14I1	OR14I1
OTTHUMG00000163557;RP11-80G7.1	OTTHUMG00000163557;RP11-80G7.1
OTTHUMG00000160241;RP11-608B3.1	OTTHUMG00000160241;RP11-608B3.1
MIR99B	MIR99B
ANKRD28	ANKRD28
OTTHUMG00000014751;RP11-344J7.2	OTTHUMG00000014751;RP11-344J7.2
OTTHUMG00000005710;RP11-399E6.1	OTTHUMG00000005710;RP11-399E6.1
OTTHUMG00000015398;RP11-437J19.1	OTTHUMG00000015398;RP11-437J19.1
ANKRD1	ANKRD1
PBLD	PBLD
MAGEB5	MAGEB5
CTC-329D1.3;OTTHUMG00000163574	CTC-329D1.3;OTTHUMG00000163574
AC004448.2;OTTHUMG00000059602	AC004448.2;OTTHUMG00000059602
ZNF415	ZNF415
OTTHUMG00000037499;RP1-92O14.6	OTTHUMG00000037499;RP1-92O14.6
AC011343.1;OTTHUMG00000163544	AC011343.1;OTTHUMG00000163544
AKR1B10	AKR1B10
CLDN11	CLDN11
CTA-929C8.6;LOC100507657;OTTHUMG00000150947	CTA-929C8.6;LOC100507657;OTTHUMG00000150947
ZNF226	ZNF226
NAA38	NAA38
SYT1	SYT1
ANKRA2	ANKRA2
TM2D1	TM2D1
EFNB3	EFNB3
ALKBH5;LOC100652858;LOC100653189	ALKBH5;LOC100652858;LOC100653189
SAP25	SAP25
CTAGE15;CTAGE4;CTAGE6;CTAGE8	CTAGE15;CTAGE4;CTAGE6;CTAGE8
KRTAP9-8	KRTAP9-8
JOSD2	JOSD2
LTA	LTA
LTA	LTA
LTA	LTA
CLTA	CLTA
MTMR7	MTMR7
FLJ41941;OTTHUMG00000153506;XXbac-B476C20.17	FLJ41941;OTTHUMG00000153506;XXbac-B476C20.17
CNOT10-AS1	CNOT10-AS1
AC007879.2;AC007879.3;OTTHUMG00000154725;OTTHUMG00000154732	AC007879.2;AC007879.3;OTTHUMG00000154725;OTTHUMG00000154732
OTTHUMG00000164544;RP11-3N13.2	OTTHUMG00000164544;RP11-3N13.2
AC104076.3;OTTHUMG00000154204	AC104076.3;OTTHUMG00000154204
PAEP	PAEP
OTTHUMG00000163999;RP11-150O12.4	OTTHUMG00000163999;RP11-150O12.4
EPHA4	EPHA4
FAM96A	FAM96A
PDZD8	PDZD8
MIR539	MIR539
ZBTB7C	ZBTB7C
VIPR1-AS1	VIPR1-AS1
AC018693.6;OTTHUMG00000153519	AC018693.6;OTTHUMG00000153519
EIF3K	EIF3K
MIR1288	MIR1288
LINC00967;OTTHUMG00000164475;RP11-366K18.3	LINC00967;OTTHUMG00000164475;RP11-366K18.3
C1orf141	C1orf141
OTTHUMG00000017756;RP11-457D2.3	OTTHUMG00000017756;RP11-457D2.3
JMJD4	JMJD4
DHRS4;DHRS4L2	DHRS4;DHRS4L2
DSTNP4	DSTNP4
AC066593.1;LOC389023;OTTHUMG00000153346	AC066593.1;LOC389023;OTTHUMG00000153346
SNORA68	SNORA68
CHD6	CHD6
OTTHUMG00000159256;RP5-1096J16.1	OTTHUMG00000159256;RP5-1096J16.1
MIR1202	MIR1202
GNL2	GNL2
VNN1	VNN1
HLA-DQB1;OTTHUMG00000140108;XXbac-BPG254F23.6	HLA-DQB1;OTTHUMG00000140108;XXbac-BPG254F23.6
GS1-122H1.2;OTTHUMG00000037403	GS1-122H1.2;OTTHUMG00000037403
AC107079.1;OTTHUMG00000153018	AC107079.1;OTTHUMG00000153018
AC008132.13;OTTHUMG00000150176	AC008132.13;OTTHUMG00000150176
PPP1R12C	PPP1R12C
CTD-2199O4.1;OTTHUMG00000161773	CTD-2199O4.1;OTTHUMG00000161773
PYDC2	PYDC2
OTTHUMG00000160487;RP11-386B13.3	OTTHUMG00000160487;RP11-386B13.3
C2CD2	C2CD2
LY96	LY96
LRRC7	LRRC7
FCER1A	FCER1A
OTTHUMG00000020721;RP11-203J24.8	OTTHUMG00000020721;RP11-203J24.8
OTTHUMG00000020550;RP11-284G10.1	OTTHUMG00000020550;RP11-284G10.1
OTTHUMG00000041089;RP11-78B10.2	OTTHUMG00000041089;RP11-78B10.2
AC068542.1;OTTHUMG00000153281	AC068542.1;OTTHUMG00000153281
OTTHUMG00000015099;RP5-991C6.3	OTTHUMG00000015099;RP5-991C6.3
RNA5SP76	RNA5SP76
GCSH;LOC101060817	GCSH;LOC101060817
FBP2	FBP2
OTTHUMG00000021161;RP1-122K4.2	OTTHUMG00000021161;RP1-122K4.2
OTTHUMG00000016461;RP11-38M15.3	OTTHUMG00000016461;RP11-38M15.3
OTTHUMG00000039465;RP11-286M16.1	OTTHUMG00000039465;RP11-286M16.1
KRTAP6-2	KRTAP6-2
RHBDF2	RHBDF2
AK9;AKD1	AK9;AKD1
MSC	MSC
KLHL36	KLHL36
KCNK1	KCNK1
SMAD3	SMAD3
IGHV2OR16-5	IGHV2OR16-5
CTD-2023N9.1;OTTHUMG00000162323	CTD-2023N9.1;OTTHUMG00000162323
OTTHUMG00000020029;RP11-197P3.4	OTTHUMG00000020029;RP11-197P3.4
GUCA2B	GUCA2B
LOC284912;MB	LOC284912;MB
DHX36	DHX36
OTTHUMG00000016089;XX-C2158C12.2	OTTHUMG00000016089;XX-C2158C12.2
PLCL2-AS1	PLCL2-AS1
OTTHUMG00000014027;RP11-29H23.4	OTTHUMG00000014027;RP11-29H23.4
SRP54	SRP54
DNLZ	DNLZ
AC141930.2;OTTHUMG00000151384	AC141930.2;OTTHUMG00000151384
AC098872.3;OTTHUMG00000154310	AC098872.3;OTTHUMG00000154310
OTTHUMG00000156971;RP5-857K21.15	OTTHUMG00000156971;RP5-857K21.15
UBE2L6	UBE2L6
MIR802	MIR802
RNU7-63P	RNU7-63P
PNP	PNP
MIR508	MIR508
CTD-2377D24.4;OTTHUMG00000159903	CTD-2377D24.4;OTTHUMG00000159903
BHLHE40	BHLHE40
ZNF552	ZNF552
SDHAF2	SDHAF2
MS4A6E	MS4A6E
TAAR8	TAAR8
RAB11A	RAB11A
CXCL2	CXCL2
OTTHUMG00000017482;RP11-85G21.1	OTTHUMG00000017482;RP11-85G21.1
BPHL	BPHL
SNORD121B	SNORD121B
OTTHUMG00000162637;RP11-79P5.8	OTTHUMG00000162637;RP11-79P5.8
OTTHUMG00000150946;RP1-213J1P__B.2	OTTHUMG00000150946;RP1-213J1P__B.2
CCL18;LOC101060271	CCL18;LOC101060271
OTTHUMG00000015715;RP1-67K17.3	OTTHUMG00000015715;RP1-67K17.3
RAB43	RAB43
OTTHUMG00000163457;RP11-1252I4.2	OTTHUMG00000163457;RP11-1252I4.2
SOCS4	SOCS4
ENPEP	ENPEP
FKBP10	FKBP10
LOC100506035;OTTHUMG00000160884;RP11-234K19.2	LOC100506035;OTTHUMG00000160884;RP11-234K19.2
RING1	RING1
RING1	RING1
FAM179B	FAM179B
OTTHUMG00000016043;RP11-503C24.4	OTTHUMG00000016043;RP11-503C24.4
OTTHUMG00000032921;RP13-30A9.1	OTTHUMG00000032921;RP13-30A9.1
OTTHUMG00000017899;RP11-14C22.3	OTTHUMG00000017899;RP11-14C22.3
AC004053.1;OTTHUMG00000160977	AC004053.1;OTTHUMG00000160977
AGO2;EIF2C2;OTTHUMG00000164220;RP11-642A1.2	AGO2;EIF2C2;OTTHUMG00000164220;RP11-642A1.2
CTC-276P9.1;OTTHUMG00000163077	CTC-276P9.1;OTTHUMG00000163077
MIR3187	MIR3187
HLA-DQB1;OTTHUMG00000140110;XXbac-BPG254F23.6	HLA-DQB1;OTTHUMG00000140110;XXbac-BPG254F23.6
ZNF879	ZNF879
OTTHUMG00000133761;XXbac-BPG181B23.4	OTTHUMG00000133761;XXbac-BPG181B23.4
IER3IP1	IER3IP1
OTTHUMG00000161883;RP11-567N4.3	OTTHUMG00000161883;RP11-567N4.3
EPDR1	EPDR1
NADKD1-AS1	NADKD1-AS1
AC003104.1;OTTHUMG00000132657	AC003104.1;OTTHUMG00000132657
WAC	WAC
TSPYL2	TSPYL2
OR13C4	OR13C4
OTTHUMG00000021315;RP1-146A15.1	OTTHUMG00000021315;RP1-146A15.1
ST8SIA5	ST8SIA5
LOC100996348;OTTHUMG00000164943;RP11-317J10.2	LOC100996348;OTTHUMG00000164943;RP11-317J10.2
MIR1263	MIR1263
AF127936.5;OTTHUMG00000074319	AF127936.5;OTTHUMG00000074319
CSNK2B	CSNK2B
SGSM1	SGSM1
AC008281.1;OTTHUMG00000059377	AC008281.1;OTTHUMG00000059377
DET1	DET1
XYLB	XYLB
NUPL1	NUPL1
CTD-2116N24.1;OTTHUMG00000162104	CTD-2116N24.1;OTTHUMG00000162104
AMPH	AMPH
KXD1	KXD1
OTTHUMG00000150921;RP4-669P10.16	OTTHUMG00000150921;RP4-669P10.16
SNRPG	SNRPG
NKG7	NKG7
OTTHUMG00000161553;RP11-364L4.3	OTTHUMG00000161553;RP11-364L4.3
DEFB134	DEFB134
OTTHUMG00000011762;RP5-1028L10.1	OTTHUMG00000011762;RP5-1028L10.1
OTTHUMG00000156326;RP11-24F11.2	OTTHUMG00000156326;RP11-24F11.2
ZNF516	ZNF516
GLI2	GLI2
TMEM160	TMEM160
HUNK	HUNK
CTD-2185K10.1;OTTHUMG00000159199	CTD-2185K10.1;OTTHUMG00000159199
LINC00921;ZNF263	LINC00921;ZNF263
OTTHUMG00000158541;RP3-454G6.2	OTTHUMG00000158541;RP3-454G6.2
OTTHUMG00000037825;RP11-66A2.2	OTTHUMG00000037825;RP11-66A2.2
OTTHUMG00000162669;RP11-116A1.1	OTTHUMG00000162669;RP11-116A1.1
OTTHUMG00000005714;RP11-399E6.4	OTTHUMG00000005714;RP11-399E6.4
RHBDL1	RHBDL1
