ACTB	GABARAPL2
ACTB	PSMC4
ACTB	TNFRSF1A
ACTB	UQCRC1
ACTB	MAPK13
ACTB	MAPK12
ACTB	XBP1
ACTB	PSMA3
ACTB	TUBB1
ACTB	DCTN6
ACTB	PSMA2
ACTB	PFN1
ACTB	MAPK14
ACTB	TARDBP
ACTB	TUBA4A
ACTB	FUS
ACTB	ACTR10
ACTB	EIF2S1
ACTB	DCTN3
ACTB	TUBB2B
ACTB	ATP5F1B
ACTB	PIK3C3
ACTB	NDUFS3
ACTB	TUBB4A
ACTB	PSMD3
ACTB	SDHA
ACTB	NDUFA9
ACTB	UQCRC2
ACTB	TP53
ACTB	SOD1
ACTB	RAB5A
ACTB	SLC1A2
ACTB	NRG1
ACTB	ACTR1B
ACTB	GRIN2C
ACTB	BAX
ACTB	GRIA2
ACTB	NDUFB8
ACTB	DCTN5
ACTB	GABARAP
ACTB	EIF2AK3
ACTB	CYCS
ACTB	CASP3
ACTB	NEFH
ACTB	TUBA3E
ACTB	TUBB6
ACTB	TUBB3
ACTB	PFN4
ACTB	HSPA5
ACTB	ULK1
ACTB	TUBA3D
ACTB	NOS2
ACTB	TBK1
ACTB	CASP9
ACTB	GRIN2A
ACTB	TUBA8
ACTB	MAPK11
ACTB	ATF4
ACTB	TUBA1B
ACTB	TUBB
ACTB	TUBB4B
ACTB	HNRNPA1
ACTB	ERBB4
ACTB	MAP2K3
ACTB	HNRNPA2B1
ACTB	PFN3
ACTB	VCP
ACTB	MAP3K5
ACTB	MTOR
ACTB	GPX6
ACTB	GPX7
ACTB	DCTN1
ACTB	BECN1
ACTB	PRKN
ACTB	ATF6
ACTB	SDHC
ACTB	ACTR1A
ACTB	PSMA7
ACTB	GRIN1
ACTB	ITPR3
ACTB	PINK1
ACTB	SDHB
ACTB	BCL2L1
ACTB	COX4I2
ACTB	HDAC6
ACTB	TUBB2A
ACTB	TUBAL3
ACTB	GPX3
ACTB	GPX2
ACTB	SQSTM1
ACTB	VDAC1
ACTB	BCL2
ACTB	ATP5F1A
ACTB	GPX5
ACTB	TNF
ACTB	ERN1
ACTB	DCTN2
ACTB	GABARAPL1
ACTB	PSMA1
ACTB	DCTN4
ACTB	GPX8
ACTB	GRIA1
ACTB	CASP1
ACTB	TUBA1A
ACTB	TUBA1C
ACTB	APAF1
ACTB	DDIT3
ACTB	COX4I1
ACTB	ACTG1
ACTB	GRIN2B
ACTB	NOS1
ACTB	NEFL
ACTB	PSMB3
ACTG1	PFN1
ACTG1	TRAF2
ACTG1	TUBA4A
ACTG1	ACTR10
ACTG1	TUBB2B
ACTG1	ATP5F1B
ACTG1	ACTR1B
ACTG1	DCTN5
ACTG1	CYCS
ACTG1	CASP3
ACTG1	TUBA3E
ACTG1	TUBB6
ACTG1	PFN4
ACTG1	HSPA5
ACTG1	TUBA8
ACTG1	TUBA1B
ACTG1	TUBB
ACTG1	TUBB4B
ACTG1	ATP5F1C
ACTG1	PFN3
ACTG1	VCP
ACTG1	DCTN1
ACTG1	ACTR1A
ACTG1	NDUFA8
ACTG1	TUBB2A
ACTG1	TUBAL3
ACTG1	ATP5F1A
ACTG1	DCTN2
ACTG1	DCTN4
ACTG1	TUBA1A
ACTG1	TUBA1C
ACTG1	ACTB
ACTR10	DCTN6
ACTR10	TUBB4B
ACTR10	PFN4
ACTR10	KLC2
ACTR10	KLC4
ACTR10	ACTG1
ACTR10	KIF5A
ACTR10	KLC3
ACTR10	KIF5B
ACTR10	KLC1
ACTR10	SOD1
ACTR10	HAP1
ACTR10	ACTB
ACTR10	ACTR1B
ACTR10	DCTN3
ACTR10	DCTN2
ACTR10	DCTN1
ACTR10	DCTN5
ACTR10	DCTN4
ACTR10	ACTR1A
ACTR1A	DCTN6
ACTR1A	PFN1
ACTR1A	ACTR10
ACTR1A	DCTN3
ACTR1A	KLC4
ACTR1A	SOD1
ACTR1A	ACTR1B
ACTR1A	DCTN5
ACTR1A	RAB8A
ACTR1A	KIF5B
ACTR1A	PFN4
ACTR1A	HAP1
ACTR1A	TUBB4B
ACTR1A	VCP
ACTR1A	DCTN1
ACTR1A	DNAH10
ACTR1A	OPTN
ACTR1A	KIF5A
ACTR1A	KLC3
ACTR1A	KLC2
ACTR1A	ACTG1
ACTR1A	KLC1
ACTR1A	ACTB
ACTR1A	DCTN4
ACTR1A	DCTN2
ACTR1B	DCTN6
ACTR1B	ACTR10
ACTR1B	DCTN3
ACTR1B	SOD1
ACTR1B	TUBA1C
ACTR1B	ACTG1
ACTR1B	PFN4
ACTR1B	UQCRH
ACTR1B	ACTB
ACTR1B	HAP1
ACTR1B	ACTR1A
ACTR1B	DCTN5
ACTR1B	DCTN1
ACTR1B	DCTN2
ACTR1B	DCTN4
ADRM1	PSMA4
ADRM1	PSMC4
ADRM1	PSMD8
ADRM1	PSMA3
ADRM1	PSMD7
ADRM1	PSMA2
ADRM1	EIF2S1
ADRM1	PSMB7
ADRM1	PSMC1
ADRM1	PSMA6
ADRM1	PSMD11
ADRM1	PSMB1
ADRM1	PSMD3
ADRM1	SOD1
ADRM1	PSMB6
ADRM1	PSMA5
ADRM1	PSMB4
ADRM1	PSMD1
ADRM1	PSMD2
ADRM1	PSMC5
ADRM1	PSMA8
ADRM1	UBQLN2
ADRM1	UBQLN3
ADRM1	PSMD12
ADRM1	VCP
ADRM1	PSMB5
ADRM1	PRKN
ADRM1	UBQLN4
ADRM1	PSMD4
ADRM1	PSMA7
ADRM1	PSMB2
ADRM1	UBQLN1
ADRM1	PSMD14
ADRM1	PSMC2
ADRM1	PSMA1
ADRM1	PSMD9
ADRM1	PSMB3
ADRM1	PSMC3
ADRM1	PSMC6
ALS2	SETX
ALS2	PFN1
ALS2	FIG4
ALS2	TARDBP
ALS2	TUBA4A
ALS2	FUS
ALS2	SPG11
ALS2	CHMP2B
ALS2	ANG
ALS2	HNRNPA1
ALS2	RANBP2
ALS2	SQSTM1
ALS2	TBK1
ALS2	KIF5A
ALS2	SIGMAR1
ALS2	VCP
ALS2	UBQLN2
ALS2	NEFH
ALS2	ATXN2
ALS2	OPTN
ALS2	DCTN1
ALS2	C9orf72
ALS2	VAPB
ALS2	SOD1
ALS2	RAB5A
ALYREF	NUP107
ALYREF	NUP155
ALYREF	TARDBP
ALYREF	NUP85
ALYREF	FUS
ALYREF	NUP210
ALYREF	NXT1
ALYREF	NUP133
ALYREF	NUP54
ALYREF	RANBP2
ALYREF	NUP205
ALYREF	NUP35
ALYREF	GLE1
ALYREF	NUP93
ALYREF	NUP98
ALYREF	SRSF7
ALYREF	HNRNPA1
ALYREF	NUP43
ALYREF	NUP50
ALYREF	HNRNPA2B1
ALYREF	HNRNPA1L2
ALYREF	NUP214
ALYREF	TPR
ALYREF	NDC1
ALYREF	NUP188
ALYREF	SRSF3
ALYREF	NCBP1
ALYREF	NUP160
ALYREF	NUP58
ALYREF	SEC13
ALYREF	SQSTM1
ALYREF	HNRNPA3
ALYREF	NXF3
ALYREF	POM121
ALYREF	RAE1
ALYREF	SEH1L
ALYREF	POM121C
ALYREF	NUP37
ALYREF	NUP88
ALYREF	NUP62
ALYREF	C9orf72
ALYREF	NUP153
ALYREF	NXF5
ALYREF	NXF1
ANG	SETX
ANG	TARDBP
ANG	FUS
ANG	ALS2
ANG	TP53
ANG	SOD1
ANG	UBQLN2
ANG	ATXN2
ANG	OPTN
ANG	C9orf72
ANXA11	TARDBP
ANXA11	TUBA4A
ANXA11	FUS
ANXA11	UBQLN2
ANXA11	VCP
ANXA11	ANXA7
ANXA11	C9orf72
ANXA7	TP53
ANXA7	CYCS
ANXA7	NDUFV1
ANXA7	BCL2
ANXA7	ANXA11
APAF1	TNFRSF1A
APAF1	TRAF2
APAF1	TP53
APAF1	BAX
APAF1	CYCS
APAF1	CASP3
APAF1	CYC1
APAF1	BID
APAF1	HSPA5
APAF1	CASP9
APAF1	HNRNPA1
APAF1	HNRNPA2B1
APAF1	MAP3K5
APAF1	MTOR
APAF1	GPX6
APAF1	GPX7
APAF1	BECN1
APAF1	PSMA7
APAF1	BCL2L1
APAF1	GPX3
APAF1	GPX2
APAF1	SQSTM1
APAF1	BAD
APAF1	VDAC1
APAF1	BCL2
APAF1	GPX5
APAF1	TNF
APAF1	NDUFA5
APAF1	GPX8
APAF1	CASP1
APAF1	ACTB
ATF4	XBP1
ATF4	TRAF2
ATF4	EIF2S1
ATF4	TP53
ATF4	BAX
ATF4	EIF2AK3
ATF4	CYCS
ATF4	CASP3
ATF4	HSPA5
ATF4	ULK1
ATF4	CASP9
ATF4	TNF
ATF4	PINK1
ATF4	SQSTM1
ATF4	BECN1
ATF4	MAP3K5
ATF4	ACTB
ATF4	MTOR
ATF4	BCL2
ATF4	ERN1
ATF4	ATF6
ATF4	DDIT3
ATF6	XBP1
ATF6	MAPK14
ATF6	TRAF2
ATF6	EIF2S1
ATF6	DERL1
ATF6	PIK3C3
ATF6	WIPI1
ATF6	TP53
ATF6	SOD1
ATF6	SIGMAR1
ATF6	BAX
ATF6	EIF2AK3
ATF6	CYCS
ATF6	CASP3
ATF6	HSPA5
ATF6	CASP9
ATF6	ATF4
ATF6	VCP
ATF6	MAP3K5
ATF6	MTOR
ATF6	BECN1
ATF6	PINK1
ATF6	CASP1
ATF6	SQSTM1
ATF6	BCL2L1
ATF6	TNF
ATF6	ITPR3
ATF6	ACTB
ATF6	BCL2
ATF6	ERN1
ATF6	VAPB
ATF6	DDIT3
ATG101	RB1CC1
ATG101	GABARAPL2
ATG101	ATG14
ATG101	PIK3C3
ATG101	WIPI1
ATG101	NRBF2
ATG101	WIPI2
ATG101	WDR41
ATG101	RAB8A
ATG101	GABARAP
ATG101	ULK1
ATG101	BCL2
ATG101	PSMD4
ATG101	PINK1
ATG101	OPTN
ATG101	ATG2B
ATG101	SQSTM1
ATG101	ATG2A
ATG101	GABARAPL1
ATG101	SMCR8
ATG101	MTOR
ATG101	C9orf72
ATG101	PIK3R4
ATG101	BECN1
ATG101	ULK2
ATG14	RB1CC1
ATG14	GABARAPL2
ATG14	CASP3
ATG14	PRKN
ATG14	PINK1
ATG14	OPTN
ATG14	MTOR
ATG14	BCL2L1
ATG14	RAB5A
ATG14	ATG2B
ATG14	ATG2A
ATG14	SQSTM1
ATG14	WIPI1
ATG14	BCL2
ATG14	WIPI2
ATG14	ULK2
ATG14	GABARAP
ATG14	GABARAPL1
ATG14	ATG101
ATG14	PIK3R4
ATG14	NRBF2
ATG14	ULK1
ATG14	PIK3C3
ATG14	BECN1
ATG2A	RB1CC1
ATG2A	GABARAPL2
ATG2A	ATG14
ATG2A	PIK3C3
ATG2A	WIPI1
ATG2A	WIPI2
ATG2A	GABARAP
ATG2A	ULK1
ATG2A	ATG101
ATG2A	PIK3R4
ATG2A	ATG2B
ATG2A	BECN1
ATG2A	SQSTM1
ATG2A	TOMM40
ATG2A	GABARAPL1
ATG2A	ULK2
ATG2B	RB1CC1
ATG2B	GABARAPL2
ATG2B	ATG14
ATG2B	PIK3C3
ATG2B	WIPI1
ATG2B	WIPI2
ATG2B	GABARAP
ATG2B	ULK1
ATG2B	ATG101
ATG2B	PIK3R4
ATG2B	SQSTM1
ATG2B	BECN1
ATG2B	GABARAPL1
ATG2B	ATG2A
ATG2B	ULK2
ATP5F1A	NDUFB4
ATP5F1A	UQCRC1
ATP5F1A	ATP5F1D
ATP5F1A	PSMD7
ATP5F1A	COX6A1
ATP5F1A	NDUFS7
ATP5F1A	ATP5F1E
ATP5F1A	NDUFA2
ATP5F1A	NDUFA10
ATP5F1A	COX5B
ATP5F1A	NDUFB5
ATP5F1A	PSMD11
ATP5F1A	ATP5F1B
ATP5F1A	NDUFS3
ATP5F1A	SDHA
ATP5F1A	NDUFA9
ATP5F1A	UQCRC2
ATP5F1A	NDUFB10
ATP5F1A	SOD1
ATP5F1A	PSMA5
ATP5F1A	NDUFS6
ATP5F1A	NDUFB9
ATP5F1A	NDUFC2
ATP5F1A	ATP5MC3
ATP5F1A	COX6A2
ATP5F1A	ATP5PO
ATP5F1A	NDUFS4
ATP5F1A	NDUFB8
ATP5F1A	ATP5PD
ATP5F1A	UQCRFS1
ATP5F1A	CYCS
ATP5F1A	UQCRH
ATP5F1A	NDUFS8
ATP5F1A	CYC1
ATP5F1A	COX5A
ATP5F1A	COX8A
ATP5F1A	HSPA5
ATP5F1A	NDUFV2
ATP5F1A	NDUFA12
ATP5F1A	UQCR10
ATP5F1A	NDUFA4
ATP5F1A	NDUFV3
ATP5F1A	ATP5F1C
ATP5F1A	VCP
ATP5F1A	MTOR
ATP5F1A	SDHC
ATP5F1A	NDUFS2
ATP5F1A	ATP5PB
ATP5F1A	COX7A2
ATP5F1A	NDUFA1
ATP5F1A	NDUFS5
ATP5F1A	NDUFA8
ATP5F1A	SDHB
ATP5F1A	SDHD
ATP5F1A	COX4I2
ATP5F1A	UQCRQ
ATP5F1A	NDUFB6
ATP5F1A	ATP5MC1
ATP5F1A	VDAC1
ATP5F1A	NDUFB3
ATP5F1A	TUBA1C
ATP5F1A	NDUFB2
ATP5F1A	PSMD14
ATP5F1A	COX7B
ATP5F1A	ACTG1
ATP5F1A	UQCR11
ATP5F1A	TOMM40
ATP5F1A	COX6B1
ATP5F1A	NDUFA13
ATP5F1A	COX7C
ATP5F1A	ACTB
ATP5F1A	COX6C
ATP5F1A	NDUFA6
ATP5F1A	NDUFA5
ATP5F1A	NDUFAB1
ATP5F1A	UQCRB
ATP5F1A	COX4I1
ATP5F1A	NDUFV1
ATP5F1A	NDUFS1
ATP5F1A	ATP5MC2
ATP5F1A	ATP5PF
ATP5F1B	NDUFB4
ATP5F1B	UQCRC1
ATP5F1B	ATP5F1D
ATP5F1B	PSMA3
ATP5F1B	COX6A1
ATP5F1B	NDUFS7
ATP5F1B	ATP5F1E
ATP5F1B	NDUFA2
ATP5F1B	NDUFA10
ATP5F1B	FUS
ATP5F1B	COX5B
ATP5F1B	NDUFB5
ATP5F1B	COX6B2
ATP5F1B	SDHC
ATP5F1B	PSMA1
ATP5F1B	NDUFA1
ATP5F1B	PSMB6
ATP5F1B	NDUFV3
ATP5F1B	COX7B
ATP5F1B	TUBA1A
ATP5F1B	TUBB4B
ATP5F1B	NDUFA7
ATP5F1B	COX6A2
ATP5F1B	NDUFA6
ATP5F1B	NDUFA3
ATP5F1B	SDHD
ATP5F1B	TUBA1C
ATP5F1B	ACTG1
ATP5F1B	TUBA1B
ATP5F1B	NDUFB6
ATP5F1B	UQCR10
ATP5F1B	COX6C
ATP5F1B	NDUFS4
ATP5F1B	NDUFS5
ATP5F1B	NDUFC2
ATP5F1B	TUBB
ATP5F1B	NDUFA8
ATP5F1B	HSPA5
ATP5F1B	UQCR11
ATP5F1B	COX8A
ATP5F1B	UQCRH
ATP5F1B	NDUFA4
ATP5F1B	NDUFA5
ATP5F1B	NDUFB3
ATP5F1B	NDUFB10
ATP5F1B	VCP
ATP5F1B	CYCS
ATP5F1B	NDUFV2
ATP5F1B	NDUFB9
ATP5F1B	COX7C
ATP5F1B	ACTB
ATP5F1B	COX7A2
ATP5F1B	NDUFS6
ATP5F1B	COX6B1
ATP5F1B	UQCRQ
ATP5F1B	NDUFA13
ATP5F1B	NDUFAB1
ATP5F1B	UQCRB
ATP5F1B	TOMM40
ATP5F1B	NDUFS8
ATP5F1B	NDUFA12
ATP5F1B	NDUFS3
ATP5F1B	COX4I2
ATP5F1B	SDHB
ATP5F1B	NDUFB8
ATP5F1B	VDAC1
ATP5F1B	NDUFV1
ATP5F1B	UQCRFS1
ATP5F1B	SDHA
ATP5F1B	UQCRC2
ATP5F1B	NDUFA9
ATP5F1B	COX4I1
ATP5F1B	COX5A
ATP5F1B	NDUFS2
ATP5F1B	CYC1
ATP5F1B	NDUFS1
ATP5F1B	ATP5MC2
ATP5F1B	ATP5MC3
ATP5F1B	ATP5MC1
ATP5F1B	ATP5F1A
ATP5F1B	ATP5PD
ATP5F1B	ATP5PF
ATP5F1B	ATP5PO
ATP5F1B	ATP5PB
ATP5F1B	ATP5F1C
ATP5F1C	NDUFB4
ATP5F1C	UQCRC1
ATP5F1C	ATP5F1D
ATP5F1C	NDUFB7
ATP5F1C	PSMA2
ATP5F1C	COX6A1
ATP5F1C	NDUFS7
ATP5F1C	ATP5F1E
ATP5F1C	NDUFA2
ATP5F1C	NDUFA10
ATP5F1C	COX5B
ATP5F1C	NDUFB5
ATP5F1C	PSMA6
ATP5F1C	ATP5F1B
ATP5F1C	NDUFS3
ATP5F1C	SDHA
ATP5F1C	NDUFA9
ATP5F1C	UQCRC2
ATP5F1C	NDUFB10
ATP5F1C	SOD1
ATP5F1C	NDUFS6
ATP5F1C	NDUFB9
ATP5F1C	NDUFC2
ATP5F1C	ATP5MC3
ATP5F1C	COX6A2
ATP5F1C	ATP5PO
ATP5F1C	NDUFS4
ATP5F1C	NDUFB8
ATP5F1C	NDUFA7
ATP5F1C	ATP5PD
ATP5F1C	UQCRFS1
ATP5F1C	CYCS
ATP5F1C	UQCRH
ATP5F1C	NDUFS8
ATP5F1C	CYC1
ATP5F1C	COX5A
ATP5F1C	NDUFV2
ATP5F1C	NDUFA12
ATP5F1C	UQCR10
ATP5F1C	NDUFA4
ATP5F1C	NDUFV3
ATP5F1C	NDUFB1
ATP5F1C	COX7A2L
ATP5F1C	UQCR11
ATP5F1C	NDUFA3
ATP5F1C	NDUFA11
ATP5F1C	NDUFA1
ATP5F1C	COX6B2
ATP5F1C	COX7B
ATP5F1C	ACTG1
ATP5F1C	NDUFS5
ATP5F1C	COX6B1
ATP5F1C	COX7A2
ATP5F1C	VDAC1
ATP5F1C	NDUFB3
ATP5F1C	NDUFA6
ATP5F1C	SDHD
ATP5F1C	COX6C
ATP5F1C	SDHC
ATP5F1C	COX4I2
ATP5F1C	NDUFA8
ATP5F1C	NDUFA5
ATP5F1C	COX7C
ATP5F1C	NDUFA13
ATP5F1C	NDUFAB1
ATP5F1C	COX4I1
ATP5F1C	UQCRQ
ATP5F1C	NDUFB6
ATP5F1C	NDUFV1
ATP5F1C	NDUFS2
ATP5F1C	NDUFS1
ATP5F1C	UQCRB
ATP5F1C	SDHB
ATP5F1C	ATP5MC2
ATP5F1C	ATP5PB
ATP5F1C	ATP5F1A
ATP5F1C	ATP5PF
ATP5F1C	ATP5MC1
ATP5F1D	NDUFB4
ATP5F1D	UQCRC1
ATP5F1D	UQCRHL
ATP5F1D	NDUFA1
ATP5F1D	NDUFS5
ATP5F1D	NDUFA4
ATP5F1D	COX7A2
ATP5F1D	NDUFV3
ATP5F1D	VDAC1
ATP5F1D	CYCS
ATP5F1D	NDUFA6
ATP5F1D	NDUFA2
ATP5F1D	COX8A
ATP5F1D	NDUFS1
ATP5F1D	SDHD
ATP5F1D	COX6B2
ATP5F1D	UQCRH
ATP5F1D	NDUFA5
ATP5F1D	NDUFS4
ATP5F1D	SDHC
ATP5F1D	NDUFA12
ATP5F1D	NDUFA3
ATP5F1D	NDUFC2
ATP5F1D	NDUFA9
ATP5F1D	NDUFA11
ATP5F1D	COX6A2
ATP5F1D	COX6A1
ATP5F1D	COX6C
ATP5F1D	COX6B1
ATP5F1D	UQCRC2
ATP5F1D	NDUFA8
ATP5F1D	SDHA
ATP5F1D	NDUFA10
ATP5F1D	UQCR10
ATP5F1D	COX4I2
ATP5F1D	NDUFB6
ATP5F1D	COX7C
ATP5F1D	NDUFB5
ATP5F1D	NDUFS2
ATP5F1D	NDUFA7
ATP5F1D	NDUFS6
ATP5F1D	NDUFB9
ATP5F1D	UQCR11
ATP5F1D	NDUFAB1
ATP5F1D	NDUFB10
ATP5F1D	UQCRB
ATP5F1D	SDHB
ATP5F1D	COX4I1
ATP5F1D	NDUFA13
ATP5F1D	NDUFB8
ATP5F1D	UQCRQ
ATP5F1D	NDUFV2
ATP5F1D	NDUFS3
ATP5F1D	UQCRFS1
ATP5F1D	NDUFB7
ATP5F1D	COX5B
ATP5F1D	NDUFV1
ATP5F1D	NDUFS8
ATP5F1D	COX5A
ATP5F1D	CYC1
ATP5F1D	NDUFS7
ATP5F1D	ATP5MC2
ATP5F1D	ATP5F1A
ATP5F1D	ATP5PD
ATP5F1D	ATP5MC1
ATP5F1D	ATP5MC3
ATP5F1D	ATP5PF
ATP5F1D	ATP5F1B
ATP5F1D	ATP5PO
ATP5F1D	ATP5PB
ATP5F1D	ATP5F1E
ATP5F1D	ATP5F1C
ATP5F1E	NDUFB4
ATP5F1E	UQCRC1
ATP5F1E	ATP5F1D
ATP5F1E	NDUFB7
ATP5F1E	TUBB1
ATP5F1E	COX6A1
ATP5F1E	NDUFS7
ATP5F1E	NDUFS8
ATP5F1E	COX7A2L
ATP5F1E	NUP35
ATP5F1E	NDUFS2
ATP5F1E	SDHA
ATP5F1E	NDUFC1
ATP5F1E	COX7B2
ATP5F1E	NDUFS3
ATP5F1E	NDUFS1
ATP5F1E	VAPB
ATP5F1E	NDUFV1
ATP5F1E	COX6B2
ATP5F1E	UQCRFS1
ATP5F1E	COX8A
ATP5F1E	NDUFC2
ATP5F1E	SDHD
ATP5F1E	NDUFB6
ATP5F1E	NDUFA11
ATP5F1E	NDUFA8
ATP5F1E	SDHB
ATP5F1E	COX6A2
ATP5F1E	NDUFS4
ATP5F1E	NDUFAB1
ATP5F1E	NDUFV2
ATP5F1E	CYC1
ATP5F1E	COX5A
ATP5F1E	NDUFB3
ATP5F1E	NDUFA12
ATP5F1E	COX6B1
ATP5F1E	NDUFA4
ATP5F1E	COX7B
ATP5F1E	NDUFB5
ATP5F1E	NDUFB8
ATP5F1E	NDUFB2
ATP5F1E	COX4I1
ATP5F1E	TUBB
ATP5F1E	UQCRB
ATP5F1E	NDUFS5
ATP5F1E	COX7A2
ATP5F1E	UQCRHL
ATP5F1E	NDUFV3
ATP5F1E	NDUFA3
ATP5F1E	NDUFA7
ATP5F1E	COX6C
ATP5F1E	NDUFS6
ATP5F1E	NDUFA13
ATP5F1E	NDUFB10
ATP5F1E	NDUFA6
ATP5F1E	NDUFA5
ATP5F1E	COX5B
ATP5F1E	NDUFB9
ATP5F1E	NDUFA1
ATP5F1E	NDUFA2
ATP5F1E	UQCRQ
ATP5F1E	UQCRH
ATP5F1E	UQCR11
ATP5F1E	COX7C
ATP5F1E	UQCR10
ATP5F1E	ATP5MC2
ATP5F1E	ATP5MC3
ATP5F1E	ATP5MC1
ATP5F1E	ATP5PO
ATP5F1E	ATP5F1B
ATP5F1E	ATP5F1C
ATP5F1E	ATP5PB
ATP5F1E	ATP5PD
ATP5F1E	ATP5F1A
ATP5F1E	ATP5PF
ATP5MC1	NDUFB4
ATP5MC1	UQCRC1
ATP5MC1	ATP5F1D
ATP5MC1	NDUFB7
ATP5MC1	COX6A1
ATP5MC1	NDUFS7
ATP5MC1	ATP5F1E
ATP5MC1	NDUFA2
ATP5MC1	NDUFA10
ATP5MC1	COX5B
ATP5MC1	NDUFB5
ATP5MC1	ATP5F1B
ATP5MC1	NDUFS3
ATP5MC1	SDHA
ATP5MC1	NDUFA9
ATP5MC1	UQCRC2
ATP5MC1	NDUFB10
ATP5MC1	PSMB6
ATP5MC1	NDUFS6
ATP5MC1	NDUFB9
ATP5MC1	NDUFC2
ATP5MC1	ATP5MC3
ATP5MC1	COX6A2
ATP5MC1	ATP5PO
ATP5MC1	NDUFS4
ATP5MC1	NDUFB8
ATP5MC1	NDUFA7
ATP5MC1	ATP5PD
ATP5MC1	UQCRFS1
ATP5MC1	CYCS
ATP5MC1	UQCRH
ATP5MC1	NDUFS8
ATP5MC1	CYC1
ATP5MC1	COX5A
ATP5MC1	COX8A
ATP5MC1	NDUFV2
ATP5MC1	NDUFA12
ATP5MC1	UQCR10
ATP5MC1	NDUFA4
ATP5MC1	NDUFV3
ATP5MC1	ATP5F1C
ATP5MC1	MTOR
ATP5MC1	PSMB5
ATP5MC1	SDHC
ATP5MC1	NDUFS2
ATP5MC1	ATP5PB
ATP5MC1	COX7A2
ATP5MC1	NDUFA1
ATP5MC1	NDUFS5
ATP5MC1	NDUFA8
ATP5MC1	SDHB
ATP5MC1	SDHD
ATP5MC1	COX4I2
ATP5MC1	UQCRQ
ATP5MC1	NDUFB6
ATP5MC1	COX7B2
ATP5MC1	NDUFB2
ATP5MC1	NDUFA6
ATP5MC1	UQCRB
ATP5MC1	NDUFS1
ATP5MC1	NDUFA5
ATP5MC1	COX6B2
ATP5MC1	NDUFB1
ATP5MC1	NDUFB3
ATP5MC1	COX7C
ATP5MC1	NDUFC1
ATP5MC1	COX7B
ATP5MC1	VDAC1
ATP5MC1	NDUFA3
ATP5MC1	COX4I1
ATP5MC1	TOMM40
ATP5MC1	COX6B1
ATP5MC1	NDUFV1
ATP5MC1	COX6C
ATP5MC1	NDUFA11
ATP5MC1	NDUFA13
ATP5MC1	UQCR11
ATP5MC1	NDUFAB1
ATP5MC1	ATP5MC2
ATP5MC1	ATP5PF
ATP5MC1	ATP5F1A
ATP5MC2	NDUFB4
ATP5MC2	UQCRC1
ATP5MC2	ATP5F1D
ATP5MC2	NDUFB7
ATP5MC2	COX6A1
ATP5MC2	NDUFS7
ATP5MC2	ATP5F1E
ATP5MC2	NDUFA2
ATP5MC2	NDUFA10
ATP5MC2	COX5B
ATP5MC2	NDUFB5
ATP5MC2	ATP5F1B
ATP5MC2	NDUFS3
ATP5MC2	SDHA
ATP5MC2	NDUFA9
ATP5MC2	UQCRC2
ATP5MC2	NDUFB10
ATP5MC2	NDUFS6
ATP5MC2	NDUFB9
ATP5MC2	NDUFC2
ATP5MC2	ATP5MC3
ATP5MC2	COX6A2
ATP5MC2	ATP5PO
ATP5MC2	NDUFS4
ATP5MC2	NDUFB8
ATP5MC2	NDUFA7
ATP5MC2	ATP5PD
ATP5MC2	UQCRFS1
ATP5MC2	CYCS
ATP5MC2	UQCRH
ATP5MC2	NDUFS8
ATP5MC2	CYC1
ATP5MC2	COX5A
ATP5MC2	COX8A
ATP5MC2	NDUFV2
ATP5MC2	NDUFA12
ATP5MC2	UQCR10
ATP5MC2	NDUFA4
ATP5MC2	ATP5F1C
ATP5MC2	SDHC
ATP5MC2	NDUFS2
ATP5MC2	ATP5PB
ATP5MC2	COX7A2
ATP5MC2	NDUFS5
ATP5MC2	NDUFA8
ATP5MC2	SDHB
ATP5MC2	COX4I2
ATP5MC2	UQCRQ
ATP5MC2	NDUFB6
ATP5MC2	ATP5MC1
ATP5MC2	ATP5F1A
ATP5MC2	NDUFA11
ATP5MC2	ATP5PF
ATP5MC2	NDUFB3
ATP5MC2	NDUFA5
ATP5MC2	NDUFA3
ATP5MC2	NDUFA13
ATP5MC2	COX7C
ATP5MC2	COX6C
ATP5MC2	UQCRB
ATP5MC2	NDUFC1
ATP5MC2	COX4I1
ATP5MC2	NDUFAB1
ATP5MC2	COX6B1
ATP5MC2	UQCR11
ATP5MC2	COX6B2
ATP5MC2	NDUFB1
ATP5MC2	COX7B
ATP5MC2	NDUFV1
ATP5MC3	NDUFB4
ATP5MC3	UQCRC1
ATP5MC3	ATP5F1D
ATP5MC3	NDUFB7
ATP5MC3	COX6A1
ATP5MC3	NDUFS7
ATP5MC3	ATP5F1E
ATP5MC3	NDUFA2
ATP5MC3	NDUFA10
ATP5MC3	COX5B
ATP5MC3	NDUFB5
ATP5MC3	ATP5F1B
ATP5MC3	NDUFS3
ATP5MC3	SDHA
ATP5MC3	NDUFA9
ATP5MC3	UQCRC2
ATP5MC3	NDUFB10
ATP5MC3	NDUFS6
ATP5MC3	NDUFB9
ATP5MC3	NDUFC2
ATP5MC3	COX8A
ATP5MC3	COX7A2L
ATP5MC3	COX4I2
ATP5MC3	NDUFA7
ATP5MC3	NDUFB2
ATP5MC3	SDHD
ATP5MC3	NDUFB1
ATP5MC3	NDUFA13
ATP5MC3	NDUFA4
ATP5MC3	HSPA5
ATP5MC3	NDUFS1
ATP5MC3	NDUFV1
ATP5MC3	NDUFS5
ATP5MC3	NDUFA11
ATP5MC3	NDUFA5
ATP5MC3	NDUFA6
ATP5MC3	SDHC
ATP5MC3	SDHB
ATP5MC3	NDUFA1
ATP5MC3	COX6C
ATP5MC3	COX4I1
ATP5MC3	UQCRB
ATP5MC3	COX7C
ATP5MC3	NDUFB6
ATP5MC3	COX7B
ATP5MC3	CYCS
ATP5MC3	COX6A2
ATP5MC3	UQCRH
ATP5MC3	NDUFA8
ATP5MC3	NDUFS4
ATP5MC3	NDUFB3
ATP5MC3	UQCR11
ATP5MC3	NDUFC1
ATP5MC3	NDUFS8
ATP5MC3	UQCR10
ATP5MC3	NDUFS2
ATP5MC3	COX6B2
ATP5MC3	NDUFA12
ATP5MC3	NDUFB8
ATP5MC3	NDUFAB1
ATP5MC3	COX6B1
ATP5MC3	UQCRQ
ATP5MC3	NDUFV2
ATP5MC3	CYC1
ATP5MC3	COX7A2
ATP5MC3	COX5A
ATP5MC3	UQCRFS1
ATP5MC3	ATP5PO
ATP5MC3	ATP5PF
ATP5MC3	ATP5MC2
ATP5MC3	ATP5PD
ATP5MC3	ATP5F1A
ATP5MC3	ATP5MC1
ATP5MC3	ATP5F1C
ATP5MC3	ATP5PB
ATP5PB	NDUFB4
ATP5PB	UQCRC1
ATP5PB	ATP5F1D
ATP5PB	NDUFB7
ATP5PB	COX6A1
ATP5PB	NDUFS7
ATP5PB	ATP5F1E
ATP5PB	NDUFA2
ATP5PB	NDUFA10
ATP5PB	COX5B
ATP5PB	NDUFB5
ATP5PB	ATP5F1B
ATP5PB	NDUFS3
ATP5PB	SDHA
ATP5PB	NDUFA9
ATP5PB	UQCRC2
ATP5PB	NDUFB10
ATP5PB	NDUFS6
ATP5PB	NDUFB9
ATP5PB	NDUFC2
ATP5PB	ATP5MC3
ATP5PB	COX6A2
ATP5PB	ATP5PO
ATP5PB	NDUFS4
ATP5PB	NDUFB8
ATP5PB	NDUFA7
ATP5PB	ATP5PD
ATP5PB	UQCRFS1
ATP5PB	CYCS
ATP5PB	UQCRH
ATP5PB	NDUFS8
ATP5PB	CYC1
ATP5PB	COX5A
ATP5PB	COX8A
ATP5PB	NDUFV2
ATP5PB	NDUFA12
ATP5PB	UQCR10
ATP5PB	NDUFA4
ATP5PB	NDUFV3
ATP5PB	ATP5F1C
ATP5PB	SDHC
ATP5PB	NDUFS2
ATP5PB	NDUFB2
ATP5PB	NDUFA4L2
ATP5PB	NDUFB1
ATP5PB	UQCR11
ATP5PB	COX6B2
ATP5PB	NDUFA1
ATP5PB	NDUFC1
ATP5PB	NDUFA11
ATP5PB	NDUFA3
ATP5PB	COX7B
ATP5PB	COX7A2
ATP5PB	VDAC1
ATP5PB	UQCRHL
ATP5PB	NDUFS5
ATP5PB	COX6B1
ATP5PB	NDUFA6
ATP5PB	NDUFA13
ATP5PB	SDHB
ATP5PB	NDUFV1
ATP5PB	COX6C
ATP5PB	NDUFA8
ATP5PB	NDUFAB1
ATP5PB	NDUFB3
ATP5PB	UQCRQ
ATP5PB	SDHD
ATP5PB	COX7C
ATP5PB	NDUFS1
ATP5PB	NDUFA5
ATP5PB	COX4I2
ATP5PB	NDUFB6
ATP5PB	COX4I1
ATP5PB	UQCRB
ATP5PB	ATP5MC2
ATP5PB	ATP5F1A
ATP5PB	ATP5PF
ATP5PB	ATP5MC1
ATP5PD	NDUFB4
ATP5PD	UQCRC1
ATP5PD	ATP5F1D
ATP5PD	NDUFB7
ATP5PD	PSMA3
ATP5PD	COX6A1
ATP5PD	NDUFS7
ATP5PD	ATP5F1E
ATP5PD	NDUFA2
ATP5PD	NDUFA10
ATP5PD	COX5B
ATP5PD	NDUFB5
ATP5PD	ATP5F1B
ATP5PD	PSMB1
ATP5PD	NDUFS3
ATP5PD	SDHA
ATP5PD	NDUFA9
ATP5PD	UQCRC2
ATP5PD	NDUFB10
ATP5PD	SOD1
ATP5PD	NDUFS6
ATP5PD	NDUFB9
ATP5PD	NDUFC2
ATP5PD	ATP5MC3
ATP5PD	COX6A2
ATP5PD	ATP5PO
ATP5PD	NDUFS4
ATP5PD	NDUFB8
ATP5PD	NDUFA7
ATP5PD	PSMC5
ATP5PD	NDUFB2
ATP5PD	COX7A2L
ATP5PD	COX8A
ATP5PD	NDUFA11
ATP5PD	NDUFC1
ATP5PD	COX7B2
ATP5PD	NDUFB1
ATP5PD	CYCS
ATP5PD	NDUFS1
ATP5PD	NDUFA3
ATP5PD	NDUFA4L2
ATP5PD	NDUFA1
ATP5PD	VDAC1
ATP5PD	NDUFAB1
ATP5PD	COX7B
ATP5PD	CYC1
ATP5PD	COX6B2
ATP5PD	NDUFS2
ATP5PD	NDUFV1
ATP5PD	SDHD
ATP5PD	NDUFS8
ATP5PD	UQCRHL
ATP5PD	NDUFV3
ATP5PD	SDHC
ATP5PD	COX4I2
ATP5PD	NDUFS5
ATP5PD	NDUFA4
ATP5PD	COX6B1
ATP5PD	UQCRFS1
ATP5PD	NDUFV2
ATP5PD	UQCRH
ATP5PD	NDUFA13
ATP5PD	SDHB
ATP5PD	COX7A2
ATP5PD	NDUFB6
ATP5PD	NDUFB3
ATP5PD	UQCR11
ATP5PD	NDUFA6
ATP5PD	NDUFA5
ATP5PD	COX4I1
ATP5PD	UQCR10
ATP5PD	COX7C
ATP5PD	NDUFA12
ATP5PD	UQCRQ
ATP5PD	NDUFA8
ATP5PD	COX6C
ATP5PD	UQCRB
ATP5PD	COX5A
ATP5PD	ATP5MC2
ATP5PD	ATP5PB
ATP5PD	ATP5F1C
ATP5PD	ATP5PF
ATP5PD	ATP5MC1
ATP5PD	ATP5F1A
ATP5PF	NDUFB4
ATP5PF	UQCRC1
ATP5PF	ATP5F1D
ATP5PF	NDUFB7
ATP5PF	COX6A1
ATP5PF	NDUFS7
ATP5PF	ATP5F1E
ATP5PF	NDUFA2
ATP5PF	NDUFA10
ATP5PF	COX5B
ATP5PF	NDUFB5
ATP5PF	ATP5F1B
ATP5PF	NDUFS3
ATP5PF	SDHA
ATP5PF	NDUFA9
ATP5PF	UQCRC2
ATP5PF	NDUFB10
ATP5PF	NDUFS6
ATP5PF	NDUFB9
ATP5PF	NDUFC2
ATP5PF	ATP5MC3
ATP5PF	COX6A2
ATP5PF	ATP5PO
ATP5PF	NDUFS4
ATP5PF	NDUFB8
ATP5PF	NDUFA7
ATP5PF	ATP5PD
ATP5PF	UQCRFS1
ATP5PF	CYCS
ATP5PF	UQCRH
ATP5PF	NDUFS8
ATP5PF	CYC1
ATP5PF	COX5A
ATP5PF	COX8A
ATP5PF	NDUFV2
ATP5PF	NDUFA12
ATP5PF	UQCR10
ATP5PF	NDUFA4
ATP5PF	NDUFV3
ATP5PF	ATP5F1C
ATP5PF	SDHC
ATP5PF	NDUFS2
ATP5PF	ATP5PB
ATP5PF	COX7A2
ATP5PF	NDUFA1
ATP5PF	NDUFS5
ATP5PF	NDUFA8
ATP5PF	SDHB
ATP5PF	SDHD
ATP5PF	COX4I2
ATP5PF	COX7A2L
ATP5PF	UQCRQ
ATP5PF	NDUFB6
ATP5PF	ATP5MC1
ATP5PF	NDUFA4L2
ATP5PF	VDAC1
ATP5PF	ATP5F1A
ATP5PF	NDUFA11
ATP5PF	NDUFV1
ATP5PF	NDUFA3
ATP5PF	NDUFC1
ATP5PF	NDUFS1
ATP5PF	COX6B2
ATP5PF	NDUFB2
ATP5PF	NDUFB1
ATP5PF	UQCRHL
ATP5PF	COX7B
ATP5PF	COX4I1
ATP5PF	NDUFAB1
ATP5PF	COX6B1
ATP5PF	COX6C
ATP5PF	NDUFA13
ATP5PF	UQCRB
ATP5PF	UQCR11
ATP5PF	NDUFB3
ATP5PF	NDUFA6
ATP5PF	COX7C
ATP5PF	NDUFA5
ATP5PF	ATP5MC2
ATP5PO	NDUFB4
ATP5PO	UQCRC1
ATP5PO	ATP5F1D
ATP5PO	NDUFB7
ATP5PO	COX6A1
ATP5PO	NDUFS7
ATP5PO	ATP5F1E
ATP5PO	NDUFA2
ATP5PO	NDUFA10
ATP5PO	COX5B
ATP5PO	NDUFB5
ATP5PO	ATP5F1B
ATP5PO	NDUFS3
ATP5PO	SDHA
ATP5PO	NDUFA9
ATP5PO	UQCRC2
ATP5PO	NDUFB10
ATP5PO	TP53
ATP5PO	SOD1
ATP5PO	NDUFS6
ATP5PO	NDUFB9
ATP5PO	NDUFC2
ATP5PO	ATP5MC3
ATP5PO	COX6A2
ATP5PO	NDUFB1
ATP5PO	NDUFA11
ATP5PO	COX8A
ATP5PO	NDUFA7
ATP5PO	NDUFA3
ATP5PO	NDUFA4L2
ATP5PO	NDUFB2
ATP5PO	NDUFC1
ATP5PO	BCL2L1
ATP5PO	CYCS
ATP5PO	UQCR11
ATP5PO	NDUFA1
ATP5PO	VDAC1
ATP5PO	NDUFA13
ATP5PO	SDHC
ATP5PO	COX7B
ATP5PO	UQCRH
ATP5PO	COX6B1
ATP5PO	COX4I2
ATP5PO	NDUFS1
ATP5PO	NDUFV1
ATP5PO	NDUFB3
ATP5PO	UQCR10
ATP5PO	NDUFAB1
ATP5PO	NDUFS8
ATP5PO	NDUFA4
ATP5PO	SDHD
ATP5PO	NDUFA6
ATP5PO	COX7A2
ATP5PO	COX6C
ATP5PO	NDUFS5
ATP5PO	SDHB
ATP5PO	NDUFA8
ATP5PO	COX4I1
ATP5PO	NDUFS2
ATP5PO	NDUFB6
ATP5PO	NDUFB8
ATP5PO	UQCRQ
ATP5PO	NDUFA5
ATP5PO	NDUFA12
ATP5PO	CYC1
ATP5PO	NDUFV2
ATP5PO	COX7C
ATP5PO	UQCRFS1
ATP5PO	UQCRB
ATP5PO	COX5A
ATP5PO	NDUFS4
ATP5PO	ATP5MC2
ATP5PO	ATP5MC1
ATP5PO	ATP5PF
ATP5PO	ATP5F1A
ATP5PO	ATP5PD
ATP5PO	ATP5PB
ATP5PO	ATP5F1C
ATXN2	SETX
ATXN2	PFN1
ATXN2	FIG4
ATXN2	TARDBP
ATXN2	TUBA4A
ATXN2	FUS
ATXN2	EIF2S1
ATXN2	SPG11
ATXN2	CHMP2B
ATXN2	ALS2
ATXN2	SOD1
ATXN2	SIGMAR1
ATXN2	WDR41
ATXN2	GLE1
ATXN2	CASP3
ATXN2	NEFH
ATXN2	TBK1
ATXN2	ANG
ATXN2	HNRNPA1
ATXN2	UBQLN2
ATXN2	HNRNPA2B1
ATXN2	VCP
ATXN2	DCTN1
ATXN2	PRKN
ATXN2	UBQLN4
ATXN2	ITPR3
ATXN2	PINK1
ATXN2	OPTN
ATXN2	SQSTM1
ATXN2	HNRNPA3
ATXN2	ATXN2L
ATXN2	SMCR8
ATXN2	KIF5A
ATXN2	VAPB
ATXN2	C9orf72
ATXN2L	TARDBP
ATXN2L	FUS
ATXN2L	ITPR3
ATXN2L	NCBP1
ATXN2L	POM121C
ATXN2L	ATXN2
BAD	TNFRSF1A
BAD	PPP3R1
BAD	TP53
BAD	BAX
BAD	CYCS
BAD	CASP3
BAD	BID
BAD	ULK1
BAD	CASP9
BAD	NDUFA12
BAD	MTOR
BAD	BECN1
BAD	BCL2L1
BAD	APAF1
BAD	PPP3CB
BAD	PPP3CA
BAD	PPP3R2
BAD	PPP3CC
BAD	BCL2
BAX	TNFRSF1A
BAX	XBP1
BAX	TRAF2
BAX	TP53
BAX	ATF4
BAX	EIF2AK3
BAX	ATF6
BAX	CASP1
BAX	HSPA5
BAX	TNF
BAX	GPX3
BAX	GPX2
BAX	GPX6
BAX	GPX8
BAX	GPX7
BAX	GPX5
BAX	MTOR
BAX	TOMM40L
BAX	DDIT3
BAX	ACTB
BAX	MAP3K5
BAX	TOMM40
BAX	BECN1
BAX	ERN1
BAX	CASP9
BAX	BAD
BAX	CASP3
BAX	APAF1
BAX	PRKN
BAX	VDAC1
BAX	CYCS
BAX	BID
BAX	BCL2
BAX	BCL2L1
BCL2	RB1CC1
BCL2	GABARAPL2
BCL2	TNFRSF1A
BCL2	MAPK13
BCL2	MAPK12
BCL2	XBP1
BCL2	MAPK14
BCL2	PPP3R1
BCL2	ATG14
BCL2	TRAF2
BCL2	EIF2S1
BCL2	PIK3C3
BCL2	DAXX
BCL2	TP53
BCL2	SOD1
BCL2	SIGMAR1
BCL2	BAX
BCL2	GABARAP
BCL2	EIF2AK3
BCL2	CYCS
BCL2	CASP3
BCL2	BID
BCL2	HSPA5
BCL2	ULK1
BCL2	NOS2
BCL2	CASP9
BCL2	MAPK11
BCL2	ATF4
BCL2	ATG101
BCL2	NDUFA4
BCL2	ERBB4
BCL2	PIK3R4
BCL2	MAP3K5
BCL2	MTOR
BCL2	GPX6
BCL2	GPX7
BCL2	BECN1
BCL2	PRKN
BCL2	ATF6
BCL2	SDHC
BCL2	TOMM40L
BCL2	ANXA7
BCL2	ITPR3
BCL2	PINK1
BCL2	SDHB
BCL2	BCL2L1
BCL2	HDAC6
BCL2	GPX3
BCL2	GPX2
BCL2	SQSTM1
BCL2	BAD
BCL2	PPP3CA
BCL2	VDAC1
BCL2	GABARAPL1
BCL2	NOS1
BCL2	COX4I1
BCL2	TOMM40
BCL2	GPX5
BCL2	GPX8
BCL2	ERN1
BCL2	CASP1
BCL2	ACTB
BCL2	TNF
BCL2	DDIT3
BCL2	APAF1
BCL2L1	RB1CC1
BCL2L1	GABARAPL2
BCL2L1	TNFRSF1A
BCL2L1	XBP1
BCL2L1	MAPK14
BCL2L1	ATG14
BCL2L1	EIF2S1
BCL2L1	PIK3C3
BCL2L1	DAXX
BCL2L1	TP53
BCL2L1	ATP5PO
BCL2L1	BAX
BCL2L1	EIF2AK3
BCL2L1	CYCS
BCL2L1	CASP3
BCL2L1	BID
BCL2L1	HSPA5
BCL2L1	ULK1
BCL2L1	CASP9
BCL2L1	MAP2K3
BCL2L1	PIK3R4
BCL2L1	MAP3K5
BCL2L1	MTOR
BCL2L1	GPX6
BCL2L1	GPX7
BCL2L1	BECN1
BCL2L1	PRKN
BCL2L1	ATF6
BCL2L1	SDHC
BCL2L1	ITPR3
BCL2L1	PINK1
BCL2L1	SDHB
BCL2L1	HDAC6
BCL2L1	GABARAPL1
BCL2L1	GPX3
BCL2L1	GPX5
BCL2L1	GPX2
BCL2L1	SQSTM1
BCL2L1	GPX8
BCL2L1	DDIT3
BCL2L1	ERN1
BCL2L1	COX4I1
BCL2L1	CASP1
BCL2L1	ACTB
BCL2L1	TNF
BCL2L1	APAF1
BCL2L1	VDAC1
BCL2L1	BCL2
BCL2L1	BAD
BECN1	RB1CC1
BECN1	GABARAPL2
BECN1	XBP1
BECN1	PFN1
BECN1	ATG14
BECN1	TRAF2
BECN1	EIF2S1
BECN1	PIK3C3
BECN1	WIPI1
BECN1	TP53
BECN1	SOD1
BECN1	RAB5A
BECN1	NRBF2
BECN1	WIPI2
BECN1	BAX
BECN1	GABARAP
BECN1	EIF2AK3
BECN1	CYCS
BECN1	CASP3
BECN1	HSPA5
BECN1	ULK1
BECN1	TBK1
BECN1	CASP9
BECN1	ATF4
BECN1	ATG101
BECN1	MAP2K3
BECN1	PIK3R4
BECN1	MAP3K5
BECN1	ATG2B
BECN1	MTOR
BECN1	GPX6
BECN1	GPX7
BECN1	GPX5
BECN1	GPX3
BECN1	GPX8
BECN1	GPX2
BECN1	BAD
BECN1	COX4I1
BECN1	APAF1
BECN1	HDAC6
BECN1	DDIT3
BECN1	OPTN
BECN1	VDAC1
BECN1	TNF
BECN1	CASP1
BECN1	ERN1
BECN1	ATG2A
BECN1	ATF6
BECN1	ACTB
BECN1	SQSTM1
BECN1	ITPR3
BECN1	GABARAPL1
BECN1	PRKN
BECN1	PINK1
BECN1	ULK2
BECN1	BCL2L1
BECN1	BCL2
BID	TNFRSF1A
BID	TP53
BID	BAX
BID	CYCS
BID	CASP3
BID	TNF
BID	APAF1
BID	CASP9
BID	BAD
BID	CASP1
BID	BCL2
BID	BCL2L1
C9orf72	RB1CC1
C9orf72	SETX
C9orf72	PFN1
C9orf72	FIG4
C9orf72	TARDBP
C9orf72	TUBA4A
C9orf72	FUS
C9orf72	TANK
C9orf72	SPG11
C9orf72	CHMP2B
C9orf72	ALS2
C9orf72	SOD1
C9orf72	SIGMAR1
C9orf72	SLC1A2
C9orf72	WDR41
C9orf72	RAB8A
C9orf72	GLE1
C9orf72	NEFH
C9orf72	ULK1
C9orf72	TBK1
C9orf72	ANG
C9orf72	ATG101
C9orf72	HNRNPA1
C9orf72	UBQLN2
C9orf72	HNRNPA2B1
C9orf72	UBQLN3
C9orf72	VCP
C9orf72	DCTN1
C9orf72	PRKN
C9orf72	UBQLN4
C9orf72	RAB39B
C9orf72	PINK1
C9orf72	UBQLN1
C9orf72	OPTN
C9orf72	SQSTM1
C9orf72	HNRNPA3
C9orf72	ULK2
C9orf72	SMCR8
C9orf72	RAB1A
C9orf72	ANXA11
C9orf72	TNF
C9orf72	KIF5A
C9orf72	VAPB
C9orf72	ALYREF
C9orf72	ATXN2
C9orf72	NUP62
C9orf72	NEFL
CASP1	TNFRSF1A
CASP1	XBP1
CASP1	MAPK14
CASP1	TRAF2
CASP1	TANK
CASP1	TP53
CASP1	SOD1
CASP1	BAX
CASP1	EIF2AK3
CASP1	CYCS
CASP1	CASP3
CASP1	BID
CASP1	HSPA5
CASP1	NOS2
CASP1	TBK1
CASP1	CASP9
CASP1	MAP3K5
CASP1	MTOR
CASP1	GPX6
CASP1	GPX7
CASP1	BECN1
CASP1	PRKN
CASP1	ATF6
CASP1	PINK1
CASP1	BCL2L1
CASP1	TNFRSF1B
CASP1	GPX3
CASP1	GPX2
CASP1	SQSTM1
CASP1	BCL2
CASP1	GPX5
CASP1	TNF
CASP1	ERN1
CASP1	GPX8
CASP1	DDIT3
CASP1	ACTB
CASP1	APAF1
CASP3	GABARAPL2
CASP3	TNFRSF1A
CASP3	MAPK13
CASP3	MAPK12
CASP3	XBP1
CASP3	MAPK14
CASP3	TARDBP
CASP3	ATG14
CASP3	TRAF2
CASP3	EIF2S1
CASP3	PIK3C3
CASP3	TP53
CASP3	SOD1
CASP3	SLC1A2
CASP3	BAX
CASP3	EIF2AK3
CASP3	CYCS
CASP3	ATXN2
CASP3	COX4I2
CASP3	ERBB4
CASP3	GRIN2B
CASP3	NDUFS1
CASP3	GABARAPL1
CASP3	ITPR3
CASP3	MAP2K3
CASP3	TUBB3
CASP3	ULK1
CASP3	NOS1
CASP3	HDAC6
CASP3	TBK1
CASP3	NOS2
CASP3	SDHC
CASP3	PRKN
CASP3	BAD
CASP3	PINK1
CASP3	ATF4
CASP3	SQSTM1
CASP3	MAPK11
CASP3	MAP3K5
CASP3	CASP1
CASP3	ERN1
CASP3	MTOR
CASP3	VDAC1
CASP3	DDIT3
CASP3	ATF6
CASP3	GPX3
CASP3	GPX5
CASP3	GPX6
CASP3	GPX2
CASP3	GPX8
CASP3	GPX7
CASP3	HSPA5
CASP3	COX4I1
CASP3	BID
CASP3	ACTG1
CASP3	BECN1
CASP3	TNF
CASP3	BCL2L1
CASP3	BCL2
CASP3	ACTB
CASP3	CASP9
CASP3	APAF1
CASP9	TNFRSF1A
CASP9	XBP1
CASP9	MAPK14
CASP9	TRAF2
CASP9	EIF2S1
CASP9	TP53
CASP9	SOD1
CASP9	BAX
CASP9	EIF2AK3
CASP9	CYCS
CASP9	CASP3
CASP9	BID
CASP9	HSPA5
CASP9	PPP3CB
CASP9	PPP3CA
CASP9	PINK1
CASP9	ATF4
CASP9	HNRNPA2B1
CASP9	VDAC1
CASP9	BAD
CASP9	GPX3
CASP9	GPX6
CASP9	GPX5
CASP9	GPX7
CASP9	DDIT3
CASP9	ERN1
CASP9	GPX8
CASP9	GPX2
CASP9	MAP3K5
CASP9	SQSTM1
CASP9	ATF6
CASP9	COX4I1
CASP9	CASP1
CASP9	MTOR
CASP9	TNF
CASP9	ACTB
CASP9	BECN1
CASP9	BCL2
CASP9	BCL2L1
CASP9	APAF1
CAT	SDHA
CAT	CYCS
CAT	SDHB
CAT	GPX2
CAT	GPX5
CAT	GPX6
CAT	GPX3
CAT	GPX7
CAT	GPX8
CAT	SOD1
CCS	NEFM
CCS	SOD1
CCS	SLC1A2
CCS	NEFH
CCS	GPX6
CCS	GPX7
CCS	GPX3
CCS	GPX2
CCS	RAE1
CCS	GPX5
CCS	GPX8
CCS	NEFL
CHMP2B	GABARAPL2
CHMP2B	TUBB1
CHMP2B	SETX
CHMP2B	PFN1
CHMP2B	FIG4
CHMP2B	TARDBP
CHMP2B	TUBA4A
CHMP2B	FUS
CHMP2B	TUBB2B
CHMP2B	SPG11
CHMP2B	PRKN
CHMP2B	HNRNPA2B1
CHMP2B	SMCR8
CHMP2B	WDR41
CHMP2B	NEFH
CHMP2B	HNRNPA1
CHMP2B	TUBA1B
CHMP2B	GABARAP
CHMP2B	TUBB4A
CHMP2B	TUBB2A
CHMP2B	TUBB4B
CHMP2B	TUBB6
CHMP2B	HDAC6
CHMP2B	TUBB3
CHMP2B	TUBA1A
CHMP2B	GABARAPL1
CHMP2B	SIGMAR1
CHMP2B	TUBA3D
CHMP2B	TUBA3E
CHMP2B	TUBA8
CHMP2B	RAB5A
CHMP2B	TUBA1C
CHMP2B	TUBAL3
CHMP2B	SOD1
CHMP2B	DCTN1
CHMP2B	OPTN
CHMP2B	ATXN2
CHMP2B	TBK1
CHMP2B	VAPB
CHMP2B	UBQLN2
CHMP2B	SQSTM1
CHMP2B	ALS2
CHMP2B	C9orf72
CHMP2B	VCP
COX4I1	NDUFB4
COX4I1	UQCRC1
COX4I1	ATP5F1D
COX4I1	NDUFB7
COX4I1	COX6A1
COX4I1	NDUFS7
COX4I1	ATP5F1E
COX4I1	NDUFA2
COX4I1	NDUFA10
COX4I1	COX5B
COX4I1	NDUFB5
COX4I1	ATP5F1B
COX4I1	NDUFS3
COX4I1	SDHA
COX4I1	NDUFA9
COX4I1	UQCRC2
COX4I1	NDUFB10
COX4I1	TP53
COX4I1	SOD1
COX4I1	PSMB6
COX4I1	NDUFS6
COX4I1	NDUFB9
COX4I1	NDUFC2
COX4I1	ATP5MC3
COX4I1	COX6A2
COX4I1	ATP5PO
COX4I1	COX7A1
COX4I1	NDUFS4
COX4I1	NDUFB8
COX4I1	NDUFA7
COX4I1	ATP5PD
COX4I1	UQCRFS1
COX4I1	CYCS
COX4I1	UQCRH
COX4I1	CASP3
COX4I1	NDUFS8
COX4I1	CYC1
COX4I1	COX5A
COX4I1	COX8A
COX4I1	HSPA5
COX4I1	NDUFV2
COX4I1	CASP9
COX4I1	NDUFA12
COX4I1	UQCR10
COX4I1	NDUFA4
COX4I1	COX8C
COX4I1	NDUFV3
COX4I1	ATP5F1C
COX4I1	GPX7
COX4I1	BECN1
COX4I1	PRKN
COX4I1	SDHC
COX4I1	NDUFS2
COX4I1	ATP5PB
COX4I1	COX7A2
COX4I1	NDUFA1
COX4I1	NDUFS5
COX4I1	NDUFA8
COX4I1	PINK1
COX4I1	SDHB
COX4I1	SDHD
COX4I1	BCL2L1
COX4I1	COX4I2
COX4I1	COX7A2L
COX4I1	UQCRQ
COX4I1	NDUFB6
COX4I1	SQSTM1
COX4I1	ATP5MC1
COX4I1	NDUFA4L2
COX4I1	VDAC1
COX4I1	COX7B2
COX4I1	BCL2
COX4I1	ATP5F1A
COX4I1	NDUFA11
COX4I1	ATP5PF
COX4I1	NDUFS1
COX4I1	NDUFB3
COX4I1	TOMM40
COX4I1	NDUFA5
COX4I1	NDUFA3
COX4I1	NDUFB2
COX4I1	NDUFA13
COX4I1	COX7C
COX4I1	COX6C
COX4I1	UQCRB
COX4I1	NDUFC1
COX4I1	DDIT3
COX4I1	ATP5MC2
COX4I1	ACTB
COX4I1	COX6B2
COX4I1	NDUFB1
COX4I1	UQCRHL
COX4I1	NDUFAB1
COX4I1	NDUFA6
COX4I1	NDUFV1
COX4I1	UQCR11
COX4I1	COX7B
COX4I1	COX6B1
COX4I2	NDUFB4
COX4I2	UQCRC1
COX4I2	ATP5F1D
COX4I2	NDUFB7
COX4I2	COX6A1
COX4I2	NDUFS7
COX4I2	NDUFA2
COX4I2	NDUFA10
COX4I2	COX5B
COX4I2	NDUFB5
COX4I2	ATP5F1B
COX4I2	NDUFS3
COX4I2	SDHA
COX4I2	NDUFA9
COX4I2	UQCRC2
COX4I2	NDUFB10
COX4I2	NDUFS6
COX4I2	NDUFB9
COX4I2	NDUFC2
COX4I2	ATP5MC3
COX4I2	COX6A2
COX4I2	ATP5PO
COX4I2	COX7A1
COX4I2	NDUFS4
COX4I2	NDUFB8
COX4I2	NDUFA7
COX4I2	ATP5PD
COX4I2	UQCRFS1
COX4I2	CYCS
COX4I2	UQCRH
COX4I2	CASP3
COX4I2	NDUFS8
COX4I2	CYC1
COX4I2	COX5A
COX4I2	COX8A
COX4I2	NDUFV2
COX4I2	NDUFA12
COX4I2	UQCR10
COX4I2	NDUFA4
COX4I2	COX8C
COX4I2	ATP5F1C
COX4I2	SDHC
COX4I2	NDUFS2
COX4I2	ATP5PB
COX4I2	COX7A2
COX4I2	NDUFA1
COX4I2	NDUFS5
COX4I2	NDUFA8
COX4I2	PINK1
COX4I2	SDHB
COX4I2	SDHD
COX4I2	ATP5MC2
COX4I2	ATP5MC1
COX4I2	NDUFA11
COX4I2	ACTB
COX4I2	DDIT3
COX4I2	NDUFB3
COX4I2	NDUFA5
COX4I2	NDUFAB1
COX4I2	NDUFA3
COX4I2	NDUFA6
COX4I2	NDUFS1
COX4I2	ATP5PF
COX4I2	VDAC1
COX4I2	NDUFB6
COX4I2	NDUFV1
COX4I2	NDUFA4L2
COX4I2	COX7A2L
COX4I2	COX7B2
COX4I2	ATP5F1A
COX4I2	COX4I1
COX4I2	NDUFA13
COX4I2	COX7B
COX4I2	UQCRHL
COX4I2	COX6B2
COX4I2	UQCR11
COX4I2	COX6B1
COX4I2	COX6C
COX4I2	UQCRB
COX4I2	COX7C
COX4I2	UQCRQ
COX5A	NDUFB4
COX5A	UQCRC1
COX5A	ATP5F1D
COX5A	NDUFB7
COX5A	COX6A1
COX5A	NDUFS7
COX5A	ATP5F1E
COX5A	NDUFA2
COX5A	NDUFA10
COX5A	COX5B
COX5A	NDUFB5
COX5A	ATP5F1B
COX5A	NDUFS3
COX5A	SDHA
COX5A	NDUFA9
COX5A	UQCRC2
COX5A	NDUFB10
COX5A	SOD1
COX5A	NDUFS6
COX5A	NDUFB9
COX5A	NDUFC2
COX5A	ATP5MC3
COX5A	COX6A2
COX5A	ATP5PO
COX5A	COX7A1
COX5A	NDUFS4
COX5A	NDUFB8
COX5A	NDUFA7
COX5A	ATP5PD
COX5A	UQCRFS1
COX5A	CYCS
COX5A	UQCRH
COX5A	NDUFS8
COX5A	CYC1
COX5A	DDIT3
COX5A	COX8C
COX5A	NDUFA4L2
COX5A	ATP5MC2
COX5A	VDAC1
COX5A	COX7B2
COX5A	ATP5MC1
COX5A	NDUFB2
COX5A	SDHC
COX5A	UQCRHL
COX5A	NDUFA3
COX5A	NDUFB1
COX5A	NDUFC1
COX5A	SDHD
COX5A	NDUFA11
COX5A	NDUFV3
COX5A	NDUFA1
COX5A	ATP5PF
COX5A	SDHB
COX5A	NDUFB3
COX5A	NDUFS5
COX5A	NDUFS1
COX5A	COX7A2L
COX5A	ATP5PB
COX5A	ATP5F1A
COX5A	NDUFS2
COX5A	NDUFA5
COX5A	NDUFA13
COX5A	NDUFAB1
COX5A	NDUFV1
COX5A	NDUFA6
COX5A	COX6B2
COX5A	ATP5F1C
COX5A	NDUFA8
COX5A	COX7A2
COX5A	NDUFB6
COX5A	NDUFV2
COX5A	COX7B
COX5A	COX8A
COX5A	NDUFA4
COX5A	NDUFA12
COX5A	UQCR11
COX5A	COX6C
COX5A	COX4I2
COX5A	COX4I1
COX5A	COX7C
COX5A	COX6B1
COX5A	UQCR10
COX5A	UQCRQ
COX5A	UQCRB
COX5B	NDUFB4
COX5B	UQCRC1
COX5B	ATP5F1D
COX5B	NDUFB7
COX5B	COX6A1
COX5B	NDUFS7
COX5B	ATP5F1E
COX5B	NDUFA2
COX5B	NDUFA10
COX5B	TOMM40
COX5B	PSMB6
COX5B	SOD1
COX5B	VDAC1
COX5B	DDIT3
COX5B	COX8C
COX5B	NDUFA4L2
COX5B	ATP5MC2
COX5B	ATP5MC3
COX5B	ATP5PF
COX5B	ATP5MC1
COX5B	ATP5PB
COX5B	SDHC
COX5B	ATP5F1B
COX5B	NDUFV3
COX5B	ATP5F1A
COX5B	SDHA
COX5B	NDUFC1
COX5B	ATP5F1C
COX5B	NDUFAB1
COX5B	SDHD
COX5B	NDUFB1
COX5B	COX7B2
COX5B	NDUFS1
COX5B	NDUFA3
COX5B	NDUFS5
COX5B	NDUFA1
COX5B	NDUFB2
COX5B	COX7A2L
COX5B	SDHB
COX5B	NDUFC2
COX5B	ATP5PO
COX5B	NDUFS4
COX5B	NDUFB6
COX5B	NDUFB3
COX5B	ATP5PD
COX5B	NDUFB10
COX5B	NDUFV1
COX5B	UQCRHL
COX5B	NDUFA7
COX5B	COX6B2
COX5B	NDUFA6
COX5B	NDUFS2
COX5B	NDUFS3
COX5B	NDUFA5
COX5B	NDUFA9
COX5B	NDUFV2
COX5B	NDUFA12
COX5B	NDUFB9
COX5B	NDUFB8
COX5B	NDUFB5
COX5B	NDUFA8
COX5B	NDUFA11
COX5B	CYCS
COX5B	COX4I2
COX5B	NDUFS6
COX5B	NDUFA13
COX5B	NDUFA4
COX5B	COX7A1
COX5B	NDUFS8
COX5B	COX7A2
COX5B	UQCRH
COX5B	COX7C
COX5B	UQCR10
COX5B	UQCR11
COX5B	COX8A
COX5B	COX6B1
COX5B	UQCRFS1
COX5B	UQCRC2
COX5B	CYC1
COX5B	COX4I1
COX5B	COX6C
COX5B	COX6A2
COX5B	UQCRB
COX5B	COX7B
COX5B	UQCRQ
COX5B	COX5A
COX6A1	NDUFB4
COX6A1	UQCRC1
COX6A1	ATP5F1D
COX6A1	NDUFB7
COX6A1	DDIT3
COX6A1	ATP5F1A
COX6A1	NDUFB1
COX6A1	SDHA
COX6A1	NDUFC1
COX6A1	NDUFS1
COX6A1	NDUFB2
COX6A1	ATP5F1B
COX6A1	SDHC
COX6A1	NDUFS2
COX6A1	NDUFA10
COX6A1	SDHD
COX6A1	NDUFA3
COX6A1	NDUFV1
COX6A1	NDUFA9
COX6A1	NDUFV3
COX6A1	SDHB
COX6A1	NDUFS4
COX6A1	ATP5MC1
COX6A1	ATP5PF
COX6A1	NDUFAB1
COX6A1	NDUFA4L2
COX6A1	NDUFB3
COX6A1	NDUFA7
COX6A1	ATP5MC3
COX6A1	ATP5MC2
COX6A1	ATP5F1E
COX6A1	ATP5PO
COX6A1	COX8C
COX6A1	ATP5PB
COX6A1	NDUFA11
COX6A1	NDUFA1
COX6A1	NDUFC2
COX6A1	NDUFB5
COX6A1	NDUFS3
COX6A1	NDUFV2
COX6A1	NDUFS7
COX6A1	NDUFB6
COX6A1	ATP5F1C
COX6A1	NDUFA2
COX6A1	NDUFB10
COX6A1	COX7B2
COX6A1	NDUFA6
COX6A1	NDUFA8
COX6A1	NDUFS8
COX6A1	NDUFA13
COX6A1	NDUFS6
COX6A1	NDUFA5
COX6A1	NDUFB9
COX6A1	NDUFA12
COX6A1	NDUFB8
COX6A1	ATP5PD
COX6A1	NDUFS5
COX6A1	CYCS
COX6A1	COX6A2
COX6A1	UQCRHL
COX6A1	COX6B2
COX6A1	UQCRH
COX6A1	UQCR11
COX6A1	COX7A1
COX6A1	UQCRC2
COX6A1	COX7A2L
COX6A1	CYC1
COX6A1	UQCRFS1
COX6A1	UQCR10
COX6A1	COX4I2
COX6A1	UQCRQ
COX6A1	COX7B
COX6A1	UQCRB
COX6A1	COX7A2
COX6A1	COX8A
COX6A1	NDUFA4
COX6A1	COX5B
COX6A1	COX6C
COX6A1	COX4I1
COX6A1	COX7C
COX6A1	COX6B1
COX6A1	COX5A
COX6A2	NDUFB4
COX6A2	UQCRC1
COX6A2	ATP5F1D
COX6A2	NDUFB7
COX6A2	COX6A1
COX6A2	NDUFS7
COX6A2	ATP5F1E
COX6A2	NDUFA2
COX6A2	NDUFA10
COX6A2	COX5B
COX6A2	NDUFB5
COX6A2	ATP5F1B
COX6A2	NDUFS3
COX6A2	SDHA
COX6A2	NDUFA9
COX6A2	UQCRC2
COX6A2	NDUFB10
COX6A2	NDUFS6
COX6A2	NDUFB9
COX6A2	NDUFC2
COX6A2	ATP5MC3
COX6A2	DDIT3
COX6A2	ATP5F1A
COX6A2	SDHD
COX6A2	SDHB
COX6A2	ATP5PO
COX6A2	SDHC
COX6A2	ATP5PF
COX6A2	ATP5MC2
COX6A2	NDUFA4L2
COX6A2	ATP5PB
COX6A2	ATP5MC1
COX6A2	ATP5F1C
COX6A2	COX8C
COX6A2	CYCS
COX6A2	NDUFB2
COX6A2	COX7A2L
COX6A2	COX7B2
COX6A2	COX7A2
COX6A2	ATP5PD
COX6A2	NDUFC1
COX6A2	NDUFV3
COX6A2	NDUFB1
COX6A2	NDUFB3
COX6A2	NDUFA3
COX6A2	COX8A
COX6A2	NDUFS1
COX6A2	NDUFA7
COX6A2	NDUFA11
COX6A2	NDUFA1
COX6A2	UQCRHL
COX6A2	NDUFS2
COX6A2	NDUFAB1
COX6A2	NDUFS8
COX6A2	NDUFV1
COX6A2	NDUFV2
COX6A2	NDUFA13
COX6A2	NDUFB6
COX6A2	NDUFA4
COX6A2	NDUFS4
COX6A2	NDUFS5
COX6A2	NDUFB8
COX6A2	NDUFA6
COX6A2	NDUFA8
COX6A2	NDUFA5
COX6A2	NDUFA12
COX6A2	COX6B2
COX6A2	UQCRH
COX6A2	COX7B
COX6A2	COX4I2
COX6A2	UQCR11
COX6A2	COX6C
COX6A2	UQCRFS1
COX6A2	CYC1
COX6A2	COX7A1
COX6A2	UQCRQ
COX6A2	COX4I1
COX6A2	UQCRB
COX6A2	UQCR10
COX6A2	COX5A
COX6A2	COX7C
COX6A2	COX6B1
COX6B1	NDUFB4
COX6B1	UQCRC1
COX6B1	ATP5F1D
COX6B1	NDUFB7
COX6B1	COX6A1
COX6B1	NDUFS7
COX6B1	ATP5F1E
COX6B1	NDUFA2
COX6B1	NDUFA10
COX6B1	COX5B
COX6B1	NDUFB5
COX6B1	ATP5F1B
COX6B1	NDUFS3
COX6B1	SDHA
COX6B1	NDUFA9
COX6B1	UQCRC2
COX6B1	NDUFB10
COX6B1	PSMB6
COX6B1	NDUFS6
COX6B1	NDUFB9
COX6B1	NDUFC2
COX6B1	ATP5MC3
COX6B1	COX6A2
COX6B1	ATP5PO
COX6B1	COX7A1
COX6B1	NDUFS4
COX6B1	NDUFB8
COX6B1	NDUFA7
COX6B1	ATP5PD
COX6B1	UQCRFS1
COX6B1	CYCS
COX6B1	UQCRH
COX6B1	NDUFS8
COX6B1	CYC1
COX6B1	COX5A
COX6B1	COX8A
COX6B1	NDUFV2
COX6B1	NDUFA12
COX6B1	UQCR10
COX6B1	NDUFA4
COX6B1	COX8C
COX6B1	NDUFV3
COX6B1	ATP5F1C
COX6B1	SDHC
COX6B1	NDUFS2
COX6B1	ATP5PB
COX6B1	COX7A2
COX6B1	NDUFA1
COX6B1	NDUFS5
COX6B1	NDUFA8
COX6B1	SDHB
COX6B1	SDHD
COX6B1	COX4I2
COX6B1	COX7A2L
COX6B1	UQCRQ
COX6B1	NDUFB6
COX6B1	ATP5MC1
COX6B1	NDUFA4L2
COX6B1	COX7B2
COX6B1	ATP5F1A
COX6B1	NDUFA11
COX6B1	ATP5PF
COX6B1	NDUFS1
COX6B1	NDUFB3
COX6B1	NDUFA5
COX6B1	NDUFA3
COX6B1	NDUFB2
COX6B1	NDUFA13
COX6B1	COX7C
COX6B1	COX6C
COX6B1	UQCRB
COX6B1	NDUFC1
COX6B1	DDIT3
COX6B1	COX4I1
COX6B1	NDUFAB1
COX6B1	ATP5MC2
COX6B1	UQCRHL
COX6B1	COX6B2
COX6B1	NDUFB1
COX6B1	NDUFV1
COX6B1	NDUFA6
COX6B1	COX7B
COX6B1	UQCR11
COX6B2	NDUFB4
COX6B2	UQCRC1
COX6B2	ATP5F1D
COX6B2	NDUFB7
COX6B2	COX6A1
COX6B2	NDUFS7
COX6B2	ATP5F1E
COX6B2	NDUFA2
COX6B2	NDUFA10
COX6B2	COX5B
COX6B2	NDUFB5
COX6B2	ATP5F1B
COX6B2	NDUFS3
COX6B2	NDUFA9
COX6B2	UQCRC2
COX6B2	NDUFB10
COX6B2	NDUFS6
COX6B2	NDUFB9
COX6B2	NDUFC2
COX6B2	ATP5MC3
COX6B2	COX6A2
COX6B2	COX7A1
COX6B2	NDUFS4
COX6B2	NDUFB8
COX6B2	NDUFA7
COX6B2	ATP5PD
COX6B2	UQCRFS1
COX6B2	CYCS
COX6B2	UQCRH
COX6B2	NDUFS8
COX6B2	CYC1
COX6B2	COX5A
COX6B2	COX8A
COX6B2	NDUFV2
COX6B2	NDUFA12
COX6B2	UQCR10
COX6B2	NDUFA4
COX6B2	COX8C
COX6B2	NDUFV3
COX6B2	ATP5F1C
COX6B2	SDHC
COX6B2	NDUFS2
COX6B2	ATP5PB
COX6B2	COX7A2
COX6B2	NDUFA1
COX6B2	NDUFS5
COX6B2	NDUFA8
COX6B2	SDHB
COX6B2	SDHD
COX6B2	COX4I2
COX6B2	COX7A2L
COX6B2	UQCRQ
COX6B2	NDUFB6
COX6B2	ATP5MC1
COX6B2	NDUFA4L2
COX6B2	COX7B2
COX6B2	NDUFA11
COX6B2	ATP5PF
COX6B2	NDUFS1
COX6B2	NDUFB3
COX6B2	NDUFA5
COX6B2	NDUFA3
COX6B2	NDUFA13
COX6B2	COX7C
COX6B2	COX6C
COX6B2	UQCRB
COX6B2	DDIT3
COX6B2	COX4I1
COX6B2	NDUFAB1
COX6B2	COX6B1
COX6B2	UQCR11
COX6B2	ATP5MC2
COX6B2	NDUFV1
COX6B2	NDUFA6
COX6B2	COX7B
COX6B2	UQCRHL
COX6C	NDUFB4
COX6C	UQCRC1
COX6C	ATP5F1D
COX6C	NDUFB7
COX6C	COX6A1
COX6C	NDUFS7
COX6C	ATP5F1E
COX6C	NDUFA2
COX6C	NDUFA10
COX6C	COX5B
COX6C	NDUFB5
COX6C	ATP5F1B
COX6C	NDUFS3
COX6C	NDUFA9
COX6C	UQCRC2
COX6C	NDUFB10
COX6C	NDUFS6
COX6C	NDUFB9
COX6C	NDUFC2
COX6C	ATP5MC3
COX6C	COX6A2
COX6C	ATP5PO
COX6C	COX7A1
COX6C	NDUFS4
COX6C	NDUFB8
COX6C	NDUFA7
COX6C	ATP5PD
COX6C	UQCRFS1
COX6C	CYCS
COX6C	UQCRH
COX6C	NDUFS8
COX6C	CYC1
COX6C	COX5A
COX6C	COX8A
COX6C	NDUFV2
COX6C	NDUFA12
COX6C	UQCR10
COX6C	NDUFA4
COX6C	COX8C
COX6C	NDUFV3
COX6C	ATP5F1C
COX6C	SDHC
COX6C	NDUFS2
COX6C	ATP5PB
COX6C	COX7A2
COX6C	NDUFA1
COX6C	NDUFS5
COX6C	NDUFA8
COX6C	SDHB
COX6C	SDHD
COX6C	COX4I2
COX6C	COX7A2L
COX6C	UQCRQ
COX6C	NDUFB6
COX6C	ATP5MC1
COX6C	NDUFA4L2
COX6C	COX7B2
COX6C	ATP5F1A
COX6C	NDUFA11
COX6C	ATP5PF
COX6C	NDUFS1
COX6C	NDUFB3
COX6C	NDUFA5
COX6C	NDUFA3
COX6C	NDUFB2
COX6C	NDUFA13
COX6C	COX7C
COX6C	ATP5MC2
COX6C	NDUFV1
COX6C	NDUFAB1
COX6C	NDUFB1
COX6C	NDUFC1
COX6C	NDUFA6
COX6C	COX6B2
COX6C	UQCRHL
COX6C	UQCRB
COX6C	UQCR11
COX6C	COX4I1
COX6C	COX6B1
COX6C	COX7B
COX7A1	NDUFB4
COX7A1	UQCRC1
COX7A1	NDUFB7
COX7A1	COX6A1
COX7A1	NDUFS7
COX7A1	NDUFA2
COX7A1	NDUFA10
COX7A1	COX5B
COX7A1	NDUFB5
COX7A1	NDUFS3
COX7A1	NDUFA9
COX7A1	UQCRC2
COX7A1	NDUFB10
COX7A1	NDUFS6
COX7A1	NDUFB9
COX7A1	NDUFC2
COX7A1	COX6A2
COX7A1	NDUFA4L2
COX7A1	COX8C
COX7A1	CYCS
COX7A1	COX8A
COX7A1	COX7B2
COX7A1	COX6B2
COX7A1	UQCRHL
COX7A1	NDUFA4
COX7A1	NDUFB2
COX7A1	NDUFB1
COX7A1	NDUFA7
COX7A1	NDUFS5
COX7A1	NDUFS8
COX7A1	NDUFA12
COX7A1	NDUFA13
COX7A1	NDUFC1
COX7A1	NDUFS2
COX7A1	NDUFV2
COX7A1	NDUFA6
COX7A1	NDUFS4
COX7A1	NDUFA8
COX7A1	NDUFA3
COX7A1	NDUFAB1
COX7A1	NDUFV1
COX7A1	NDUFS1
COX7A1	NDUFA11
COX7A1	NDUFA5
COX7A1	NDUFB3
COX7A1	NDUFV3
COX7A1	COX4I2
COX7A1	NDUFB6
COX7A1	COX7A2L
COX7A1	NDUFA1
COX7A1	NDUFB8
COX7A1	COX7A2
COX7A1	COX6C
COX7A1	COX7B
COX7A1	UQCRH
COX7A1	CYC1
COX7A1	UQCRFS1
COX7A1	UQCRQ
COX7A1	UQCR10
COX7A1	COX4I1
COX7A1	COX5A
COX7A1	COX7C
COX7A1	UQCRB
COX7A1	COX6B1
COX7A1	UQCR11
COX7A2	NDUFB4
COX7A2	UQCRC1
COX7A2	ATP5F1D
COX7A2	NDUFB7
COX7A2	PSMA3
COX7A2	PSMA2
COX7A2	COX6A1
COX7A2	NDUFS7
COX7A2	ATP5F1E
COX7A2	NDUFA2
COX7A2	NDUFA10
COX7A2	COX5B
COX7A2	NDUFB5
COX7A2	PSMA6
COX7A2	ATP5F1B
COX7A2	PSMB1
COX7A2	NDUFS3
COX7A2	SDHA
COX7A2	NDUFA9
COX7A2	UQCRC2
COX7A2	NDUFB10
COX7A2	PSMB6
COX7A2	NDUFS6
COX7A2	NDUFB9
COX7A2	NDUFC2
COX7A2	ATP5MC3
COX7A2	COX6A2
COX7A2	ATP5PO
COX7A2	COX7A1
COX7A2	NDUFS4
COX7A2	NDUFB8
COX7A2	NDUFA7
COX7A2	ATP5PD
COX7A2	UQCRFS1
COX7A2	CYCS
COX7A2	UQCRH
COX7A2	NDUFS8
COX7A2	CYC1
COX7A2	COX5A
COX7A2	COX8A
COX7A2	NDUFV2
COX7A2	NDUFA12
COX7A2	UQCR10
COX7A2	NDUFA4
COX7A2	COX8C
COX7A2	NDUFV3
COX7A2	ATP5F1C
COX7A2	SDHC
COX7A2	NDUFS2
COX7A2	ATP5PB
COX7A2	NDUFS1
COX7A2	NDUFV1
COX7A2	SDHD
COX7A2	SDHB
COX7A2	ATP5MC2
COX7A2	NDUFB1
COX7A2	NDUFA3
COX7A2	ATP5F1A
COX7A2	NDUFB2
COX7A2	NDUFA11
COX7A2	NDUFC1
COX7A2	NDUFA13
COX7A2	NDUFA8
COX7A2	NDUFB3
COX7A2	COX6B2
COX7A2	NDUFA4L2
COX7A2	ATP5MC1
COX7A2	NDUFA5
COX7A2	NDUFS5
COX7A2	NDUFAB1
COX7A2	UQCRHL
COX7A2	NDUFA1
COX7A2	UQCRB
COX7A2	NDUFA6
COX7A2	COX4I2
COX7A2	NDUFB6
COX7A2	ATP5PF
COX7A2	COX7B2
COX7A2	COX7A2L
COX7A2	UQCR11
COX7A2	UQCRQ
COX7A2	COX7B
COX7A2	COX4I1
COX7A2	COX7C
COX7A2	COX6C
COX7A2	COX6B1
COX7A2L	NDUFB4
COX7A2L	UQCRC1
COX7A2L	COX6A1
COX7A2L	NDUFS7
COX7A2L	ATP5F1E
COX7A2L	COX5B
COX7A2L	NDUFB5
COX7A2L	GRIN2D
COX7A2L	NDUFS3
COX7A2L	NDUFA9
COX7A2L	UQCRC2
COX7A2L	ATP5MC3
COX7A2L	COX6A2
COX7A2L	COX7A1
COX7A2L	NDUFS4
COX7A2L	NDUFB8
COX7A2L	ATP5PD
COX7A2L	UQCRFS1
COX7A2L	CYCS
COX7A2L	UQCRH
COX7A2L	NDUFS8
COX7A2L	CYC1
COX7A2L	COX5A
COX7A2L	COX8A
COX7A2L	UQCR10
COX7A2L	NDUFA4
COX7A2L	COX8C
COX7A2L	ATP5F1C
COX7A2L	NDUFS2
COX7A2L	COX7A2
COX7A2L	NDUFS5
COX7A2L	COX4I2
COX7A2L	NDUFA11
COX7A2L	NDUFA4L2
COX7A2L	ATP5PF
COX7A2L	NDUFS1
COX7A2L	NDUFA3
COX7A2L	NDUFV1
COX7A2L	UQCRHL
COX7A2L	COX6B2
COX7A2L	UQCR11
COX7A2L	COX7B2
COX7A2L	COX7B
COX7A2L	UQCRQ
COX7A2L	UQCRB
COX7A2L	COX6B1
COX7A2L	COX6C
COX7A2L	COX4I1
COX7A2L	COX7C
COX7B	NDUFB4
COX7B	UQCRC1
COX7B	NDUFB7
COX7B	COX6A1
COX7B	NDUFS7
COX7B	ATP5F1E
COX7B	NDUFA2
COX7B	NDUFA10
COX7B	COX5B
COX7B	NDUFB5
COX7B	ATP5F1B
COX7B	NDUFS3
COX7B	SDHA
COX7B	NDUFA9
COX7B	UQCRC2
COX7B	NDUFB10
COX7B	NDUFS6
COX7B	NDUFB9
COX7B	NDUFC2
COX7B	ATP5MC3
COX7B	COX6A2
COX7B	ATP5PO
COX7B	COX7A1
COX7B	NDUFS4
COX7B	NDUFB8
COX7B	NDUFA7
COX7B	ATP5PD
COX7B	UQCRFS1
COX7B	CYCS
COX7B	UQCRH
COX7B	NDUFS8
COX7B	CYC1
COX7B	COX5A
COX7B	COX8A
COX7B	NDUFV2
COX7B	NDUFA12
COX7B	UQCR10
COX7B	NDUFA4
COX7B	COX8C
COX7B	NDUFV3
COX7B	ATP5F1C
COX7B	NDUFS2
COX7B	ATP5PB
COX7B	COX7A2
COX7B	NDUFA1
COX7B	NDUFS5
COX7B	NDUFA8
COX7B	SDHB
COX7B	SDHD
COX7B	COX4I2
COX7B	COX7A2L
COX7B	UQCRQ
COX7B	NDUFB6
COX7B	ATP5MC1
COX7B	NDUFA4L2
COX7B	COX7B2
COX7B	ATP5F1A
COX7B	NDUFA11
COX7B	ATP5PF
COX7B	NDUFS1
COX7B	NDUFB3
COX7B	NDUFA5
COX7B	NDUFA3
COX7B	NDUFB2
COX7B	NDUFA13
COX7B	COX7C
COX7B	COX6C
COX7B	UQCRB
COX7B	NDUFC1
COX7B	COX4I1
COX7B	NDUFAB1
COX7B	COX6B1
COX7B	UQCR11
COX7B	COX6B2
COX7B	NDUFA6
COX7B	NDUFB1
COX7B	UQCRHL
COX7B	ATP5MC2
COX7B	NDUFV1
COX7B2	NDUFB4
COX7B2	UQCRC1
COX7B2	NDUFB7
COX7B2	COX6A1
COX7B2	ATP5F1E
COX7B2	NDUFA2
COX7B2	NDUFA10
COX7B2	COX5B
COX7B2	NDUFB5
COX7B2	NDUFS3
COX7B2	UQCRC2
COX7B2	NDUFB10
COX7B2	NDUFS6
COX7B2	NDUFB9
COX7B2	NDUFC2
COX7B2	COX6A2
COX7B2	COX7A1
COX7B2	NDUFS4
COX7B2	NDUFB8
COX7B2	ATP5PD
COX7B2	UQCRFS1
COX7B2	CYCS
COX7B2	UQCRH
COX7B2	CYC1
COX7B2	COX5A
COX7B2	COX8A
COX7B2	NDUFV2
COX7B2	NDUFA12
COX7B2	UQCR10
COX7B2	NDUFA4
COX7B2	COX8C
COX7B2	NDUFS2
COX7B2	COX7A2
COX7B2	NDUFA1
COX7B2	NDUFS5
COX7B2	NDUFA8
COX7B2	COX4I2
COX7B2	COX7A2L
COX7B2	UQCRQ
COX7B2	NDUFB6
COX7B2	ATP5MC1
COX7B2	NDUFA4L2
COX7B2	NDUFA13
COX7B2	NDUFAB1
COX7B2	NDUFA11
COX7B2	NDUFB1
COX7B2	NDUFA5
COX7B2	NDUFB3
COX7B2	NDUFA3
COX7B2	NDUFA6
COX7B2	NDUFC1
COX7B2	COX6B2
COX7B2	UQCR11
COX7B2	UQCRHL
COX7B2	UQCRB
COX7B2	COX7B
COX7B2	COX7C
COX7B2	COX6B1
COX7B2	COX4I1
COX7B2	COX6C
COX7C	NDUFB4
COX7C	UQCRC1
COX7C	ATP5F1D
COX7C	NDUFB7
COX7C	COX6A1
COX7C	NDUFS7
COX7C	ATP5F1E
COX7C	NDUFA2
COX7C	NDUFA10
COX7C	COX5B
COX7C	NDUFB5
COX7C	PSMA6
COX7C	ATP5F1B
COX7C	NDUFS3
COX7C	SDHA
COX7C	NDUFA9
COX7C	UQCRC2
COX7C	NDUFB10
COX7C	SOD1
COX7C	NDUFS6
COX7C	NDUFB9
COX7C	NDUFC2
COX7C	ATP5MC3
COX7C	COX6A2
COX7C	ATP5PO
COX7C	COX7A1
COX7C	NDUFS4
COX7C	NDUFB8
COX7C	NDUFA7
COX7C	ATP5PD
COX7C	UQCRFS1
COX7C	CYCS
COX7C	UQCRH
COX7C	NDUFS8
COX7C	CYC1
COX7C	COX5A
COX7C	COX8A
COX7C	NDUFV2
COX7C	NDUFA12
COX7C	UQCR10
COX7C	NDUFA4
COX7C	COX8C
COX7C	NDUFV3
COX7C	ATP5F1C
COX7C	SDHC
COX7C	NDUFS2
COX7C	ATP5PB
COX7C	COX7A2
COX7C	NDUFA1
COX7C	NDUFS5
COX7C	NDUFA8
COX7C	SDHB
COX7C	SDHD
COX7C	COX4I2
COX7C	COX7A2L
COX7C	UQCRQ
COX7C	NDUFB6
COX7C	ATP5MC1
COX7C	NDUFA4L2
COX7C	VDAC1
COX7C	COX7B2
COX7C	ATP5F1A
COX7C	NDUFA11
COX7C	ATP5PF
COX7C	NDUFS1
COX7C	NDUFB3
COX7C	NDUFA5
COX7C	NDUFA3
COX7C	NDUFB2
COX7C	NDUFA13
COX7C	DDIT3
COX7C	ATP5MC2
COX7C	NDUFV1
COX7C	NDUFAB1
COX7C	NDUFB1
COX7C	NDUFC1
COX7C	UQCRHL
COX7C	COX6B2
COX7C	NDUFA6
COX7C	UQCR11
COX7C	COX6B1
COX7C	COX4I1
COX7C	COX6C
COX7C	UQCRB
COX7C	COX7B
COX8A	NDUFB4
COX8A	UQCRC1
COX8A	ATP5F1D
COX8A	NDUFB7
COX8A	COX6A1
COX8A	NDUFS7
COX8A	ATP5F1E
COX8A	NDUFA2
COX8A	NDUFA10
COX8A	COX5B
COX8A	NDUFB5
COX8A	ATP5F1B
COX8A	NDUFS3
COX8A	SDHA
COX8A	UQCRC2
COX8A	NDUFB10
COX8A	NDUFS6
COX8A	NDUFB9
COX8A	NDUFC2
COX8A	ATP5MC3
COX8A	COX6A2
COX8A	ATP5PO
COX8A	COX7A1
COX8A	NDUFB8
COX8A	NDUFA7
COX8A	ATP5PD
COX8A	UQCRFS1
COX8A	CYCS
COX8A	UQCRH
COX8A	NDUFS8
COX8A	CYC1
COX8A	COX5A
COX8A	ATP5PB
COX8A	NDUFS2
COX8A	SDHB
COX8A	ATP5F1A
COX8A	SDHC
COX8A	NDUFC1
COX8A	ATP5MC2
COX8A	NDUFB6
COX8A	NDUFV1
COX8A	NDUFS5
COX8A	ATP5PF
COX8A	NDUFA13
COX8A	NDUFA6
COX8A	NDUFA8
COX8A	NDUFA12
COX8A	NDUFB3
COX8A	ATP5MC1
COX8A	NDUFA3
COX8A	NDUFA1
COX8A	COX6B2
COX8A	NDUFAB1
COX8A	UQCRHL
COX8A	NDUFA11
COX8A	NDUFB2
COX8A	UQCRB
COX8A	NDUFA4L2
COX8A	COX7B2
COX8A	UQCR10
COX8A	UQCRQ
COX8A	UQCR11
COX8A	COX4I2
COX8A	COX7A2L
COX8A	COX8C
COX8A	COX7A2
COX8A	NDUFA4
COX8A	COX4I1
COX8A	COX7B
COX8A	COX7C
COX8A	COX6C
COX8A	COX6B1
COX8C	UQCRC1
COX8C	COX6A1
COX8C	COX5B
COX8C	UQCRC2
COX8C	COX6A2
COX8C	COX7A1
COX8C	UQCRFS1
COX8C	UQCRH
COX8C	CYC1
COX8C	COX5A
COX8C	COX8A
COX8C	UQCR10
COX8C	NDUFA4
COX8C	UQCRHL
COX8C	UQCRB
COX8C	COX7A2L
COX8C	UQCRQ
COX8C	NDUFA4L2
COX8C	UQCR11
COX8C	COX6B2
COX8C	COX7B
COX8C	COX6C
COX8C	COX6B1
COX8C	COX7C
COX8C	COX7B2
COX8C	COX4I1
COX8C	COX4I2
COX8C	COX7A2
CYC1	NDUFB4
CYC1	UQCRC1
CYC1	ATP5F1D
CYC1	NDUFB7
CYC1	COX6A1
CYC1	NDUFS7
CYC1	ATP5F1E
CYC1	NDUFA2
CYC1	NDUFA10
CYC1	COX5B
CYC1	NDUFB5
CYC1	ATP5F1B
CYC1	NDUFS3
CYC1	SDHA
CYC1	NDUFA9
CYC1	UQCRC2
CYC1	NDUFB10
CYC1	PSMB6
CYC1	NDUFS6
CYC1	NDUFB9
CYC1	SIGMAR1
CYC1	NDUFC2
CYC1	ATP5MC3
CYC1	COX6A2
CYC1	ATP5PO
CYC1	COX7A1
CYC1	NDUFS4
CYC1	NDUFB8
CYC1	NDUFA7
CYC1	ATP5PD
CYC1	UQCRFS1
CYC1	CYCS
CYC1	UQCRH
CYC1	NDUFS8
CYC1	DDIT3
CYC1	ATP5PF
CYC1	COX8C
CYC1	NDUFA4L2
CYC1	APAF1
CYC1	ATP5MC2
CYC1	COX7A2
CYC1	COX8A
CYC1	COX7B2
CYC1	NDUFA4
CYC1	NDUFB2
CYC1	VDAC1
CYC1	NDUFC1
CYC1	NDUFA1
CYC1	SDHD
CYC1	NDUFV3
CYC1	TOMM40
CYC1	NDUFA3
CYC1	NDUFB1
CYC1	COX7A2L
CYC1	ATP5PB
CYC1	SDHC
CYC1	NDUFB3
CYC1	NDUFS5
CYC1	COX6B2
CYC1	ATP5MC1
CYC1	NDUFA11
CYC1	COX6C
CYC1	ATP5F1C
CYC1	NDUFB6
CYC1	COX7B
CYC1	SDHB
CYC1	NDUFAB1
CYC1	UQCRHL
CYC1	ATP5F1A
CYC1	COX4I2
CYC1	COX6B1
CYC1	NDUFA13
CYC1	NDUFA6
CYC1	COX7C
CYC1	NDUFA5
CYC1	NDUFA8
CYC1	NDUFA12
CYC1	UQCR11
CYC1	UQCR10
CYC1	NDUFS2
CYC1	NDUFV1
CYC1	COX4I1
CYC1	UQCRB
CYC1	UQCRQ
CYC1	COX5A
CYC1	NDUFS1
CYC1	NDUFV2
CYCS	GABARAPL2
CYCS	TNFRSF1A
CYCS	UQCRC1
CYCS	MAPK13
CYCS	ATP5F1D
CYCS	MAPK12
CYCS	XBP1
CYCS	PSMA2
CYCS	COX6A1
CYCS	MAPK14
CYCS	NDUFS7
CYCS	TARDBP
CYCS	CAT
CYCS	TRAF2
CYCS	NDUFA2
CYCS	NDUFA10
CYCS	EIF2S1
CYCS	COX5B
CYCS	NDUFB5
CYCS	ATP5F1B
CYCS	PIK3C3
CYCS	NDUFS3
CYCS	SDHA
CYCS	NDUFA9
CYCS	UQCRC2
CYCS	TP53
CYCS	SOD1
CYCS	NDUFS6
CYCS	NDUFB9
CYCS	ATP5MC3
CYCS	COX6A2
CYCS	ATP5PO
CYCS	COX7A1
CYCS	BAX
CYCS	NDUFS4
CYCS	NDUFB8
CYCS	ATP5PD
CYCS	UQCRFS1
CYCS	GABARAP
CYCS	EIF2AK3
CYCS	ULK1
CYCS	PSMD2
CYCS	MAPK11
CYCS	ATF4
CYCS	ANXA7
CYCS	NDUFA13
CYCS	NOS2
CYCS	ATP5PF
CYCS	NDUFB6
CYCS	COX7A2
CYCS	ATP5PB
CYCS	VCP
CYCS	COX7B2
CYCS	NDUFA6
CYCS	ATP5MC2
CYCS	BAD
CYCS	SQSTM1
CYCS	NDUFA11
CYCS	ACTG1
CYCS	NDUFB1
CYCS	COX7A2L
CYCS	GABARAPL1
CYCS	NDUFAB1
CYCS	NOS1
CYCS	TOMM40
CYCS	NDUFV1
CYCS	ATP5MC1
CYCS	ATF6
CYCS	NDUFA8
CYCS	MCU
CYCS	DDIT3
CYCS	ATP5F1A
CYCS	MAP3K5
CYCS	MTOR
CYCS	ATP5F1C
CYCS	PRKN
CYCS	PSMD14
CYCS	BID
CYCS	ERN1
CYCS	COX8A
CYCS	GPX2
CYCS	GPX3
CYCS	GPX5
CYCS	GPX6
CYCS	HSPA5
CYCS	COX6B2
CYCS	UQCR11
CYCS	NDUFA12
CYCS	GPX8
CYCS	GPX7
CYCS	BECN1
CYCS	NDUFV2
CYCS	NDUFS2
CYCS	CASP1
CYCS	NDUFS1
CYCS	UQCRHL
CYCS	NDUFA4
CYCS	PINK1
CYCS	TNF
CYCS	NDUFS8
CYCS	NDUFA5
CYCS	COX7C
CYCS	COX7B
CYCS	ACTB
CYCS	SDHD
CYCS	SDHB
CYCS	COX6C
CYCS	COX6B1
CYCS	UQCRH
CYCS	UQCRQ
CYCS	SDHC
CYCS	COX5A
CYCS	COX4I2
CYCS	UQCR10
CYCS	COX4I1
CYCS	ITPR3
CYCS	UQCRB
CYCS	VDAC1
CYCS	BCL2
CYCS	CASP3
CYCS	BCL2L1
CYCS	CYC1
CYCS	APAF1
CYCS	CASP9
DAXX	TNFRSF1A
DAXX	TRAF2
DAXX	SQSTM1
DAXX	BCL2L1
DAXX	RANBP2
DAXX	BCL2
DAXX	NOS1
DAXX	SOD1
DAXX	TNFRSF1B
DAXX	TP53
DAXX	MAP3K5
DCTN1	XBP1
DCTN1	DCTN6
DCTN1	SETX
DCTN1	PFN1
DCTN1	FIG4
DCTN1	TARDBP
DCTN1	NUP85
DCTN1	TUBA4A
DCTN1	FUS
DCTN1	ACTR10
DCTN1	DCTN3
DCTN1	KLC4
DCTN1	SPG11
DCTN1	CHMP2B
DCTN1	ALS2
DCTN1	SOD1
DCTN1	RAB5A
DCTN1	SIGMAR1
DCTN1	RANBP2
DCTN1	ACTR1B
DCTN1	DCTN5
DCTN1	RAB8A
DCTN1	KIF5B
DCTN1	EIF2AK3
DCTN1	NEFH
DCTN1	TUBA3D
DCTN1	TBK1
DCTN1	HAP1
DCTN1	HNRNPA1
DCTN1	UBQLN2
DCTN1	VCP
DCTN1	PSMD14
DCTN1	DNAI1
DCTN1	TNF
DCTN1	ACTG1
DCTN1	GABARAPL1
DCTN1	TPR
DCTN1	ATXN2
DCTN1	DNAI2
DCTN1	KIF5C
DCTN1	C9orf72
DCTN1	KLC3
DCTN1	HDAC6
DCTN1	KLC2
DCTN1	SQSTM1
DCTN1	VAPB
DCTN1	KLC1
DCTN1	OPTN
DCTN1	KIF5A
DCTN1	ACTB
DCTN1	DCTN2
DCTN1	ACTR1A
DCTN1	DCTN4
DCTN2	DCTN6
DCTN2	NUP85
DCTN2	ACTR10
DCTN2	DCTN3
DCTN2	KLC4
DCTN2	SOD1
DCTN2	ACTR1B
DCTN2	DCTN5
DCTN2	RAB8A
DCTN2	KIF5B
DCTN2	UQCRH
DCTN2	HAP1
DCTN2	TUBB4B
DCTN2	DCTN1
DCTN2	NDUFS2
DCTN2	PSMD4
DCTN2	ACTR1A
DCTN2	OPTN
DCTN2	SQSTM1
DCTN2	KLC3
DCTN2	KLC2
DCTN2	DNAI2
DCTN2	NEFL
DCTN2	DNAH10
DCTN2	PSMC3
DCTN2	ACTG1
DCTN2	KLC1
DCTN2	KIF5A
DCTN2	ACTB
DCTN2	DCTN4
DCTN3	DCTN6
DCTN3	ACTR10
DCTN3	UQCRH
DCTN3	OPTN
DCTN3	KLC3
DCTN3	RAB8A
DCTN3	KLC4
DCTN3	KLC2
DCTN3	KLC1
DCTN3	KIF5B
DCTN3	KIF5A
DCTN3	SOD1
DCTN3	HAP1
DCTN3	ACTB
DCTN3	ACTR1B
DCTN3	DCTN4
DCTN3	DCTN5
DCTN3	ACTR1A
DCTN3	DCTN2
DCTN3	DCTN1
DCTN4	DCTN6
DCTN4	ACTR10
DCTN4	DCTN3
DCTN4	KLC4
DCTN4	SOD1
DCTN4	RAB5A
DCTN4	ACTR1B
DCTN4	DCTN5
DCTN4	KIF5B
DCTN4	HAP1
DCTN4	DCTN1
DCTN4	ACTR1A
DCTN4	KLC3
DCTN4	KLC2
DCTN4	DCTN2
DCTN4	KIF5A
DCTN4	KLC1
DCTN4	ACTG1
DCTN4	ACTB
DCTN5	DCTN6
DCTN5	ACTR10
DCTN5	DCTN3
DCTN5	KLC4
DCTN5	SOD1
DCTN5	ACTR1B
DCTN5	ACTG1
DCTN5	UQCRH
DCTN5	KLC3
DCTN5	KLC2
DCTN5	KLC1
DCTN5	KIF5A
DCTN5	KIF5B
DCTN5	NDUFAB1
DCTN5	HAP1
DCTN5	ACTB
DCTN5	ACTR1A
DCTN5	DCTN4
DCTN5	DCTN2
DCTN5	DCTN1
DCTN6	KIF5A
DCTN6	KLC4
DCTN6	KLC2
DCTN6	KIF5B
DCTN6	KLC1
DCTN6	UQCRH
DCTN6	KLC3
DCTN6	SOD1
DCTN6	HAP1
DCTN6	ACTB
DCTN6	ACTR1B
DCTN6	DCTN1
DCTN6	ACTR10
DCTN6	DCTN2
DCTN6	DCTN5
DCTN6	DCTN4
DCTN6	DCTN3
DCTN6	ACTR1A
DDIT3	MAPK13
DDIT3	MAPK12
DDIT3	XBP1
DDIT3	COX6A1
DDIT3	MAPK14
DDIT3	TRAF2
DDIT3	FUS
DDIT3	EIF2S1
DDIT3	COX5B
DDIT3	UQCRC2
DDIT3	TP53
DDIT3	COX6A2
DDIT3	BAX
DDIT3	EIF2AK3
DDIT3	CYCS
DDIT3	CASP3
DDIT3	CYC1
DDIT3	COX5A
DDIT3	HSPA5
DDIT3	CASP9
DDIT3	UQCR10
DDIT3	MAPK11
DDIT3	ATF4
DDIT3	MAP3K5
DDIT3	MTOR
DDIT3	BECN1
DDIT3	PRKN
DDIT3	ATF6
DDIT3	ITPR3
DDIT3	BCL2L1
DDIT3	COX4I2
DDIT3	HDAC6
DDIT3	UQCRQ
DDIT3	SQSTM1
DDIT3	BCL2
DDIT3	TNF
DDIT3	ERN1
DDIT3	COX7C
DDIT3	UQCRB
DDIT3	CASP1
DDIT3	COX6B2
DDIT3	COX6B1
DDIT3	COX4I1
DDIT3	ACTB
DERL1	XBP1
DERL1	UBQLN1
DERL1	MAP3K5
DERL1	ATF6
DERL1	ERN1
DERL1	PSMC1
DERL1	SOD1
DERL1	HSPA5
DERL1	VCP
DNAH1	DNAL4
DNAH1	DNAH3
DNAH1	DNAH9
DNAH1	DNAH5
DNAH1	SOD1
DNAH1	DNALI1
DNAH1	DNAH7
DNAH1	DNAH12
DNAH1	DNAH8
DNAH1	DNAH6
DNAH1	DNAH17
DNAH1	DNAH14
DNAH1	DNAI2
DNAH1	DNAL1
DNAH1	DNAI1
DNAH1	DNAH2
DNAH10	DNAL4
DNAH10	SOD1
DNAH10	DNALI1
DNAH10	DNAH12
DNAH10	ACTR1A
DNAH10	DNAH14
DNAH10	DNAI2
DNAH10	DCTN2
DNAH10	DNAI1
DNAH11	DNAL4
DNAH11	DNAH5
DNAH11	SOD1
DNAH11	DNALI1
DNAH11	DNAH12
DNAH11	DNAH8
DNAH11	DNAH17
DNAH11	DNAH14
DNAH11	DNAI2
DNAH11	DNAI1
DNAH12	DNAL4
DNAH12	DNAH3
DNAH12	DNAH9
DNAH12	DNAH5
DNAH12	SOD1
DNAH12	DNALI1
DNAH12	DNAH7
DNAH12	DNAH11
DNAH12	DNAH10
DNAH12	DNAL1
DNAH12	DNAH17
DNAH12	DNAH8
DNAH12	DNAH2
DNAH12	DNAI2
DNAH12	DNAI1
DNAH12	DNAH14
DNAH12	DNAH1
DNAH12	DNAH6
DNAH14	DNAL4
DNAH14	DNAH3
DNAH14	DNAH9
DNAH14	DNAH5
DNAH14	SOD1
DNAH14	DNAH7
DNAH14	DNAH12
DNAH14	DNAH8
DNAH14	DNAH6
DNAH14	DNAH17
DNAH14	DNAH10
DNAH14	DNAH11
DNAH14	DNAL1
DNAH14	DNAH2
DNAH14	DNAI2
DNAH14	DNAI1
DNAH14	DNAH1
DNAH17	DNAL4
DNAH17	DNAH3
DNAH17	DNAH5
DNAH17	SOD1
DNAH17	DNALI1
DNAH17	DNAH7
DNAH17	DNAH12
DNAH17	DNAH8
DNAH17	DNAH6
DNAH17	DNAH11
DNAH17	DNAH14
DNAH17	DNAL1
DNAH17	DNAI1
DNAH17	DNAI2
DNAH17	DNAH2
DNAH17	DNAH1
DNAH2	DNAL4
DNAH2	DNAH3
DNAH2	DNAH9
DNAH2	DNAH5
DNAH2	SOD1
DNAH2	DNALI1
DNAH2	DNAH7
DNAH2	DNAH12
DNAH2	DNAH8
DNAH2	DNAH6
DNAH2	DNAH17
DNAH2	DNAH14
DNAH2	DNAI2
DNAH2	DNAH1
DNAH2	DNAL1
DNAH2	DNAI1
DNAH3	DNAL4
DNAH3	DNAH9
DNAH3	DNAH6
DNAH3	DNALI1
DNAH3	DNAH14
DNAH3	DNAH12
DNAH3	DNAH5
DNAH3	SOD1
DNAH3	DNAL1
DNAH3	DNAI1
DNAH3	DNAI2
DNAH3	DNAH7
DNAH3	DNAH1
DNAH3	DNAH17
DNAH3	DNAH8
DNAH3	DNAH2
DNAH5	DNAL4
DNAH5	TUBA4A
DNAH5	DNAH3
DNAH5	DNAH9
DNAH5	NRG2
DNAH5	DNAH6
DNAH5	DNAH11
DNAH5	SOD1
DNAH5	DNAH2
DNAH5	DNAH1
DNAH5	DNAH8
DNAH5	DNAH7
DNAH5	DNAH17
DNAH5	DNAH14
DNAH5	DNAH12
DNAH5	DNAL1
DNAH5	DNALI1
DNAH5	DNAI1
DNAH5	DNAI2
DNAH6	DNAL4
DNAH6	DNAH3
DNAH6	DNAH9
DNAH6	DNAH5
DNAH6	SOD1
DNAH6	DNALI1
DNAH6	DNAH7
DNAH6	DNAH12
DNAH6	DNAH8
DNAH6	DNAH17
DNAH6	DNAH2
DNAH6	DNAH1
DNAH6	DNAL1
DNAH6	DNAH14
DNAH6	DNAI2
DNAH6	DNAI1
DNAH7	DNAL4
DNAH7	DNAH3
DNAH7	DNAH9
DNAH7	DNAH5
DNAH7	SOD1
DNAH7	DNALI1
DNAH7	DNAH6
DNAH7	DNAH14
DNAH7	DNAH12
DNAH7	DNAL1
DNAH7	DNAI2
DNAH7	DNAH1
DNAH7	DNAH17
DNAH7	DNAH8
DNAH7	DNAI1
DNAH7	DNAH2
DNAH8	DNAL4
DNAH8	DNAH3
DNAH8	DNAH9
DNAH8	DNAH5
DNAH8	UQCRC2
DNAH8	SOD1
DNAH8	DNALI1
DNAH8	DNAH7
DNAH8	DNAH12
DNAH8	DNAH6
DNAH8	DNAH14
DNAH8	DNAH11
DNAH8	DNAL1
DNAH8	DNAI1
DNAH8	DNAI2
DNAH8	DNAH2
DNAH8	DNAH1
DNAH8	DNAH17
DNAH9	DNAL4
DNAH9	DNAH3
DNAH9	DNAH1
DNAH9	DNAH2
DNAH9	DNAH8
DNAH9	DNAH6
DNAH9	DNAH7
DNAH9	DNAH14
DNAH9	DNAL1
DNAH9	SOD1
DNAH9	DNAH5
DNAH9	DNALI1
DNAH9	DNAH12
DNAH9	DNAI1
DNAH9	DNAI2
DNAI1	DNAL4
DNAI1	DNAH3
DNAI1	DNAH9
DNAI1	DNAH5
DNAI1	SOD1
DNAI1	DNALI1
DNAI1	DNAH7
DNAI1	DNAH12
DNAI1	DNAH8
DNAI1	TUBB
DNAI1	DCTN1
DNAI1	TUBB2A
DNAI1	DNAH6
DNAI1	DNAH17
DNAI1	DNAH14
DNAI1	DNAI2
DNAI1	DNAH1
DNAI1	DNAL1
DNAI1	DNAH2
DNAI1	DNAH11
DNAI1	DNAH10
DNAI2	DNAL4
DNAI2	DNAH3
DNAI2	DNAH9
DNAI2	DNAH5
DNAI2	SOD1
DNAI2	DNALI1
DNAI2	KIF5B
DNAI2	DNAH7
DNAI2	DNAH12
DNAI2	DNAH8
DNAI2	DCTN1
DNAI2	DNAH6
DNAI2	DNAH17
DNAI2	DNAH14
DNAI2	KIF5A
DNAI2	DCTN2
DNAI2	DNAH10
DNAI2	DNAL1
DNAI2	DNAH2
DNAI2	DNAH1
DNAI2	DNAI1
DNAI2	DNAH11
DNAL1	DNAL4
DNAL1	NUP210
DNAL1	DNAH3
DNAL1	DNAH9
DNAL1	DNAH5
DNAL1	SOD1
DNAL1	DNALI1
DNAL1	DNAH7
DNAL1	DNAH12
DNAL1	DNAH8
DNAL1	DNAH6
DNAL1	DNAH17
DNAL1	DNAH14
DNAL1	DNAI2
DNAL1	DNAH1
DNAL1	DNAI1
DNAL1	DNAH2
DNAL4	NUP133
DNAL4	DNAH6
DNAL4	DNAH12
DNAL4	DNAH8
DNAL4	DNAH1
DNAL4	DNAH14
DNAL4	DNAL1
DNAL4	NUP98
DNAL4	DNAH17
DNAL4	DNAH5
DNAL4	NUP214
DNAL4	DNAH11
DNAL4	DNAH2
DNAL4	DNAH10
DNAL4	DNAH7
DNAL4	DNAH3
DNAL4	SOD1
DNAL4	DNAH9
DNAL4	DNALI1
DNAL4	DNAI1
DNAL4	DNAI2
DNALI1	DNAL4
DNALI1	DNAH3
DNALI1	DNAH9
DNALI1	DNAH5
DNALI1	SOD1
DNALI1	DNAH10
DNALI1	DNAH8
DNALI1	DNAL1
DNALI1	DNAH12
DNALI1	DNAH17
DNALI1	DNAH2
DNALI1	DNAH6
DNALI1	DNAH1
DNALI1	DNAH7
DNALI1	DNAH11
DNALI1	DNAI1
DNALI1	DNAI2
EIF2AK3	XBP1
EIF2AK3	TRAF2
EIF2AK3	EIF2S1
EIF2AK3	TP53
EIF2AK3	RANBP2
EIF2AK3	BAX
EIF2AK3	KIF5B
EIF2AK3	GPX2
EIF2AK3	PINK1
EIF2AK3	GPX7
EIF2AK3	CASP1
EIF2AK3	ITPR3
EIF2AK3	ERN1
EIF2AK3	KLC1
EIF2AK3	DCTN1
EIF2AK3	TPR
EIF2AK3	MTOR
EIF2AK3	BCL2L1
EIF2AK3	BECN1
EIF2AK3	MAP3K5
EIF2AK3	CYCS
EIF2AK3	CASP9
EIF2AK3	TNF
EIF2AK3	SQSTM1
EIF2AK3	BCL2
EIF2AK3	ACTB
EIF2AK3	CASP3
EIF2AK3	DDIT3
EIF2AK3	ATF6
EIF2AK3	ATF4
EIF2AK3	HSPA5
EIF2S1	GABARAPL2
EIF2S1	PSMA4
EIF2S1	PSMC4
EIF2S1	XBP1
EIF2S1	PSMA3
EIF2S1	PSMD7
EIF2S1	PSMA2
EIF2S1	TARDBP
EIF2S1	TNF
EIF2S1	PSMB7
EIF2S1	UBQLN3
EIF2S1	PSMB2
EIF2S1	GABARAPL1
EIF2S1	BCL2L1
EIF2S1	PSMD4
EIF2S1	UBQLN4
EIF2S1	SQSTM1
EIF2S1	ADRM1
EIF2S1	TP53
EIF2S1	UBQLN2
EIF2S1	HNRNPA2B1
EIF2S1	VCP
EIF2S1	UBQLN1
EIF2S1	CASP9
EIF2S1	PSMA1
EIF2S1	MAP3K5
EIF2S1	PSMA7
EIF2S1	CYCS
EIF2S1	PSMA6
EIF2S1	PSMC3
EIF2S1	HNRNPA1
EIF2S1	BECN1
EIF2S1	ATXN2
EIF2S1	PSMD1
EIF2S1	BCL2
EIF2S1	ACTB
EIF2S1	PSMD2
EIF2S1	PSMC1
EIF2S1	PSMC6
EIF2S1	PSMD11
EIF2S1	CASP3
EIF2S1	PSMC5
EIF2S1	PSMD12
EIF2S1	PSMC2
EIF2S1	PSMA5
EIF2S1	MTOR
EIF2S1	ERN1
EIF2S1	ATF6
EIF2S1	HSPA5
EIF2S1	DDIT3
EIF2S1	ATF4
EIF2S1	EIF2AK3
EIF2S1	PSMD14
ERBB4	GRIN2D
ERBB4	TP53
ERBB4	NRG1
ERBB4	GRIN2C
ERBB4	CASP3
ERBB4	GRIN2A
ERBB4	NOS1
ERBB4	MTOR
ERBB4	ACTB
ERBB4	PPP3CC
ERBB4	NEFL
ERBB4	BCL2
ERBB4	GRIN1
ERBB4	GRIN2B
ERBB4	NRG3
ERBB4	NRG2
ERBB4	NRG4
ERN1	TNFRSF1A
ERN1	XBP1
ERN1	TRAF2
ERN1	EIF2S1
ERN1	TANK
ERN1	DERL1
ERN1	TP53
ERN1	SIGMAR1
ERN1	BAX
ERN1	EIF2AK3
ERN1	CYCS
ERN1	CASP3
ERN1	HSPA5
ERN1	CASP9
ERN1	ATF4
ERN1	MAP3K5
ERN1	MTOR
ERN1	BECN1
ERN1	ATF6
ERN1	ITPR3
ERN1	BCL2L1
ERN1	OPTN
ERN1	SQSTM1
ERN1	VDAC1
ERN1	BCL2
ERN1	TNF
ERN1	CASP1
ERN1	ACTB
ERN1	DDIT3
FIG4	SETX
FIG4	PFN1
FIG4	TBK1
FIG4	PIK3R4
FIG4	SLC1A2
FIG4	KIF5A
FIG4	HNRNPA1
FIG4	WIPI2
FIG4	SIGMAR1
FIG4	VCP
FIG4	C9orf72
FIG4	SPG11
FIG4	NEFH
FIG4	ATXN2
FIG4	UBQLN2
FIG4	FUS
FIG4	OPTN
FIG4	SOD1
FIG4	SQSTM1
FIG4	CHMP2B
FIG4	DCTN1
FIG4	TARDBP
FIG4	VAPB
FIG4	ALS2
FIG4	WIPI1
FIG4	PIK3C3
FUS	NEFM
FUS	SETX
FUS	PFN1
FUS	FIG4
FUS	TARDBP
FUS	TUBA4A
FUS	NXT1
FUS	ANXA11
FUS	KIF5B
FUS	GLE1
FUS	SLC1A2
FUS	ALYREF
FUS	HDAC6
FUS	PINK1
FUS	ACTB
FUS	ATXN2L
FUS	NCBP1
FUS	KIF5A
FUS	NXF1
FUS	TNF
FUS	DDIT3
FUS	PRKN
FUS	ANG
FUS	TP53
FUS	SIGMAR1
FUS	SPG11
FUS	TBK1
FUS	NEFL
FUS	SRSF7
FUS	ATP5F1B
FUS	DCTN1
FUS	CHMP2B
FUS	SQSTM1
FUS	NEFH
FUS	ALS2
FUS	SRSF3
FUS	VCP
FUS	VAPB
FUS	ATXN2
FUS	C9orf72
FUS	HNRNPA3
FUS	OPTN
FUS	UBQLN2
FUS	HNRNPA1
FUS	HNRNPA2B1
FUS	SOD1
GABARAP	RB1CC1
GABARAP	GABARAPL2
GABARAP	ATG14
GABARAP	TUBA4A
GABARAP	PIK3C3
GABARAP	WIPI1
GABARAP	CHMP2B
GABARAP	RAB5A
GABARAP	NRBF2
GABARAP	WIPI2
GABARAP	HSPA5
GABARAP	VDAC1
GABARAP	HDAC6
GABARAP	TBK1
GABARAP	CYCS
GABARAP	ACTB
GABARAP	UBQLN1
GABARAP	KIF5A
GABARAP	PRKN
GABARAP	BCL2
GABARAP	MTOR
GABARAP	PSMD4
GABARAP	PINK1
GABARAP	ATG2B
GABARAP	ATG101
GABARAP	PIK3R4
GABARAP	ATG2A
GABARAP	ULK2
GABARAP	GABARAPL1
GABARAP	BECN1
GABARAP	ULK1
GABARAP	OPTN
GABARAP	SQSTM1
GABARAPL1	RB1CC1
GABARAPL1	GABARAPL2
GABARAPL1	ATG14
GABARAPL1	TUBA4A
GABARAPL1	EIF2S1
GABARAPL1	PIK3C3
GABARAPL1	WIPI1
GABARAPL1	CHMP2B
GABARAPL1	TP53
GABARAPL1	RAB5A
GABARAPL1	NRBF2
GABARAPL1	WIPI2
GABARAPL1	WDR41
GABARAPL1	GABARAP
GABARAPL1	CYCS
GABARAPL1	CASP3
GABARAPL1	HSPA5
GABARAPL1	ULK1
GABARAPL1	TBK1
GABARAPL1	ATG101
GABARAPL1	UBQLN2
GABARAPL1	PIK3R4
GABARAPL1	VCP
GABARAPL1	ATG2B
GABARAPL1	MTOR
GABARAPL1	DCTN1
GABARAPL1	BECN1
GABARAPL1	PRKN
GABARAPL1	PSMD4
GABARAPL1	PINK1
GABARAPL1	BCL2L1
GABARAPL1	UBQLN1
GABARAPL1	HDAC6
GABARAPL1	ATG2A
GABARAPL1	OPTN
GABARAPL1	SQSTM1
GABARAPL1	VDAC1
GABARAPL1	ULK2
GABARAPL1	BCL2
GABARAPL1	RAB1A
GABARAPL1	ACTB
GABARAPL2	RB1CC1
GABARAPL2	NRBF2
GABARAPL2	WDR41
GABARAPL2	EIF2S1
GABARAPL2	CASP3
GABARAPL2	GRIA2
GABARAPL2	HDAC6
GABARAPL2	VCP
GABARAPL2	BCL2L1
GABARAPL2	VDAC1
GABARAPL2	HSPA5
GABARAPL2	TBK1
GABARAPL2	TP53
GABARAPL2	ACTB
GABARAPL2	BCL2
GABARAPL2	CHMP2B
GABARAPL2	CYCS
GABARAPL2	RAB5A
GABARAPL2	PRKN
GABARAPL2	ATG2B
GABARAPL2	TUBA4A
GABARAPL2	RAB1A
GABARAPL2	UBQLN2
GABARAPL2	MTOR
GABARAPL2	PINK1
GABARAPL2	ATG2A
GABARAPL2	UBQLN1
GABARAPL2	ATG101
GABARAPL2	WIPI1
GABARAPL2	PIK3R4
GABARAPL2	ULK2
GABARAPL2	WIPI2
GABARAPL2	PSMD4
GABARAPL2	GABARAPL1
GABARAPL2	GABARAP
GABARAPL2	PIK3C3
GABARAPL2	BECN1
GABARAPL2	ATG14
GABARAPL2	ULK1
GABARAPL2	OPTN
GABARAPL2	SQSTM1
GLE1	SETX
GLE1	NUP107
GLE1	NUP155
GLE1	TARDBP
GLE1	NUP85
GLE1	FUS
GLE1	NUP210
GLE1	NXT1
GLE1	NUP133
GLE1	NUP54
GLE1	RANBP2
GLE1	NUP205
GLE1	NUP35
GLE1	NXF3
GLE1	ATXN2
GLE1	SRSF7
GLE1	SRSF3
GLE1	NDC1
GLE1	C9orf72
GLE1	HNRNPA2B1
GLE1	HNRNPA1
GLE1	NUP37
GLE1	NUP43
GLE1	NUP50
GLE1	NUP188
GLE1	POM121
GLE1	SEC13
GLE1	NCBP1
GLE1	TPR
GLE1	NUP160
GLE1	POM121C
GLE1	ALYREF
GLE1	NUP58
GLE1	NUP93
GLE1	SEH1L
GLE1	NUP98
GLE1	NUP153
GLE1	NUP62
GLE1	NXF1
GLE1	NUP88
GLE1	RAE1
GLE1	NUP214
GPX2	CAT
GPX2	SDHA
GPX2	TP53
GPX2	SOD1
GPX2	BAX
GPX2	EIF2AK3
GPX2	CYCS
GPX2	CASP3
GPX2	HSPA5
GPX2	NOS2
GPX2	CASP9
GPX2	MAP3K5
GPX2	MTOR
GPX2	GPX6
GPX2	GPX7
GPX2	BECN1
GPX2	PRKN
GPX2	PINK1
GPX2	BCL2L1
GPX2	GPX3
GPX2	CASP1
GPX2	APAF1
GPX2	NOS1
GPX2	CCS
GPX2	ACTB
GPX2	TNF
GPX2	BCL2
GPX2	GPX5
GPX2	GPX8
GPX3	CAT
GPX3	TP53
GPX3	SOD1
GPX3	BAX
GPX3	CYCS
GPX3	CASP3
GPX3	HSPA5
GPX3	NOS2
GPX3	CASP9
GPX3	MAP3K5
GPX3	MTOR
GPX3	GPX6
GPX3	GPX7
GPX3	BECN1
GPX3	PINK1
GPX3	BCL2L1
GPX3	CASP1
GPX3	APAF1
GPX3	NOS1
GPX3	ACTB
GPX3	CCS
GPX3	BCL2
GPX3	TNF
GPX3	GPX5
GPX3	GPX2
GPX3	GPX8
GPX5	CAT
GPX5	SDHA
GPX5	TP53
GPX5	SOD1
GPX5	BAX
GPX5	CYCS
GPX5	CASP3
GPX5	HSPA5
GPX5	NOS2
GPX5	CASP9
GPX5	TUBB
GPX5	MAP3K5
GPX5	MTOR
GPX5	GPX6
GPX5	GPX7
GPX5	BECN1
GPX5	PINK1
GPX5	BCL2L1
GPX5	GPX3
GPX5	GPX2
GPX5	BCL2
GPX5	CASP1
GPX5	APAF1
GPX5	NOS1
GPX5	CCS
GPX5	ACTB
GPX5	TNF
GPX5	GPX8
GPX6	CAT
GPX6	SDHA
GPX6	TP53
GPX6	SOD1
GPX6	BAX
GPX6	CYCS
GPX6	CASP3
GPX6	HSPA5
GPX6	NOS2
GPX6	CASP9
GPX6	MAP3K5
GPX6	MTOR
GPX6	CASP1
GPX6	BECN1
GPX6	APAF1
GPX6	PINK1
GPX6	BCL2L1
GPX6	NOS1
GPX6	CCS
GPX6	ACTB
GPX6	BCL2
GPX6	TNF
GPX6	GPX5
GPX6	GPX3
GPX6	GPX2
GPX6	GPX7
GPX6	GPX8
GPX7	CAT
GPX7	SDHA
GPX7	TP53
GPX7	SOD1
GPX7	BAX
GPX7	EIF2AK3
GPX7	CYCS
GPX7	CASP3
GPX7	HSPA5
GPX7	NOS2
GPX7	CASP9
GPX7	MAP3K5
GPX7	MTOR
GPX7	GPX6
GPX7	PRKN
GPX7	CASP1
GPX7	COX4I1
GPX7	APAF1
GPX7	BECN1
GPX7	PINK1
GPX7	BCL2L1
GPX7	NOS1
GPX7	ACTB
GPX7	CCS
GPX7	TNF
GPX7	BCL2
GPX7	GPX8
GPX7	GPX5
GPX7	GPX3
GPX7	GPX2
GPX8	CAT
GPX8	SDHA
GPX8	TP53
GPX8	SOD1
GPX8	BAX
GPX8	CYCS
GPX8	CASP3
GPX8	HSPA5
GPX8	NOS2
GPX8	CASP9
GPX8	MAP3K5
GPX8	MTOR
GPX8	GPX6
GPX8	GPX7
GPX8	BECN1
GPX8	PRKN
GPX8	PINK1
GPX8	BCL2L1
GPX8	GPX3
GPX8	GPX2
GPX8	BCL2
GPX8	GPX5
GPX8	TNF
GPX8	CASP1
GPX8	APAF1
GPX8	NOS1
GPX8	CCS
GPX8	ACTB
GRIA1	GRIN2D
GRIA1	TUBB4A
GRIA1	SLC1A2
GRIA1	GRIN2C
GRIA1	GRIA2
GRIA1	KIF5B
GRIA1	TUBB3
GRIA1	GRIN2A
GRIA1	HNRNPA1
GRIA1	MTOR
GRIA1	GRIN1
GRIA1	TUBB2A
GRIA1	SEC13
GRIA1	KIF5C
GRIA1	KIF5A
GRIA1	ACTB
GRIA1	NEFL
GRIA1	GRIN2B
GRIA2	GABARAPL2
GRIA2	TARDBP
GRIA2	GRIN2D
GRIA2	SOD1
GRIA2	SLC1A2
GRIA2	GRIN2C
GRIA2	RAB39B
GRIA2	ACTB
GRIA2	NEFL
GRIA2	KIF5B
GRIA2	KIF5A
GRIA2	GRIN2B
GRIA2	KIF5C
GRIA2	GRIN1
GRIA2	GRIN2A
GRIA2	GRIA1
GRIN1	GRIN2D
GRIN1	SLC1A2
GRIN1	NRG1
GRIN1	GRIN2C
GRIN1	GRIA2
GRIN1	GRIN2A
GRIN1	ERBB4
GRIN1	ACTB
GRIN1	NEFL
GRIN1	GRIA1
GRIN1	NOS1
GRIN1	GRIN2B
GRIN2A	GRIN2D
GRIN2A	SLC1A2
GRIN2A	NRG1
GRIN2A	GRIN2C
GRIN2A	GRIA2
GRIN2A	TOMM40
GRIN2A	ACTB
GRIN2A	NEFL
GRIN2A	ERBB4
GRIN2A	GRIA1
GRIN2A	NOS1
GRIN2A	GRIN1
GRIN2A	GRIN2B
GRIN2B	GRIN2D
GRIN2B	SIGMAR1
GRIN2B	SLC1A2
GRIN2B	NRG1
GRIN2B	GRIN2C
GRIN2B	GRIA2
GRIN2B	CASP3
GRIN2B	GRIN2A
GRIN2B	ERBB4
GRIN2B	MTOR
GRIN2B	PRKN
GRIN2B	GRIN1
GRIN2B	GRIA1
GRIN2B	NEFL
GRIN2B	ACTB
GRIN2B	NOS1
GRIN2C	GRIN2D
GRIN2C	SLC1A2
GRIN2C	NRG1
GRIN2C	NRG3
GRIN2C	ACTB
GRIN2C	NRG4
GRIN2C	NRG2
GRIN2C	NEFL
GRIN2C	ERBB4
GRIN2C	GRIA2
GRIN2C	GRIA1
GRIN2C	NOS1
GRIN2C	GRIN2A
GRIN2C	GRIN2B
GRIN2C	GRIN1
GRIN2D	HAP1
GRIN2D	ERBB4
GRIN2D	SLC1A2
GRIN2D	NRG1
GRIN2D	NEFL
GRIN2D	GRIA2
GRIN2D	GRIA1
GRIN2D	COX7A2L
GRIN2D	NOS1
GRIN2D	GRIN2B
GRIN2D	GRIN2A
GRIN2D	GRIN2C
GRIN2D	GRIN1
HAP1	DCTN6
HAP1	ACTR10
HAP1	DCTN3
HAP1	KLC4
HAP1	GRIN2D
HAP1	SOD1
HAP1	ACTR1B
HAP1	DCTN5
HAP1	KIF5B
HAP1	KIF5A
HAP1	KIF5C
HAP1	DCTN4
HAP1	DCTN2
HAP1	ACTR1A
HAP1	KLC1
HAP1	KLC3
HAP1	KLC2
HAP1	DCTN1
HDAC6	GABARAPL2
HDAC6	TARDBP
HDAC6	TUBA4A
HDAC6	FUS
HDAC6	PIK3C3
HDAC6	CHMP2B
HDAC6	TP53
HDAC6	SOD1
HDAC6	GABARAP
HDAC6	CASP3
HDAC6	TUBA3E
HDAC6	HSPA5
HDAC6	ULK1
HDAC6	TUBA3D
HDAC6	TUBA8
HDAC6	TUBA1B
HDAC6	TUBB
HDAC6	TUBB4B
HDAC6	UBQLN2
HDAC6	VCP
HDAC6	MTOR
HDAC6	DCTN1
HDAC6	BECN1
HDAC6	PRKN
HDAC6	PINK1
HDAC6	BCL2L1
HDAC6	TNF
HDAC6	GABARAPL1
HDAC6	DDIT3
HDAC6	PSMC2
HDAC6	BCL2
HDAC6	VDAC1
HDAC6	TUBAL3
HDAC6	TUBB2A
HDAC6	TUBA1C
HDAC6	ACTB
HDAC6	TUBA1A
HDAC6	SQSTM1
HNRNPA1	PSMA3
HNRNPA1	SETX
HNRNPA1	PFN1
HNRNPA1	MAPK14
HNRNPA1	FIG4
HNRNPA1	TARDBP
HNRNPA1	TUBA4A
HNRNPA1	FUS
HNRNPA1	EIF2S1
HNRNPA1	SPG11
HNRNPA1	PSMB1
HNRNPA1	CHMP2B
HNRNPA1	ALS2
HNRNPA1	TP53
HNRNPA1	SOD1
HNRNPA1	NUP205
HNRNPA1	GLE1
HNRNPA1	NUP98
HNRNPA1	HSPA5
HNRNPA1	SRSF7
HNRNPA1	TBK1
HNRNPA1	NUP62
HNRNPA1	NUP153
HNRNPA1	TNF
HNRNPA1	APAF1
HNRNPA1	GRIA1
HNRNPA1	PRKN
HNRNPA1	HNRNPA1L2
HNRNPA1	SQSTM1
HNRNPA1	VAPB
HNRNPA1	OPTN
HNRNPA1	UBQLN1
HNRNPA1	NXF1
HNRNPA1	PSMD9
HNRNPA1	RAE1
HNRNPA1	DCTN1
HNRNPA1	VCP
HNRNPA1	ACTB
HNRNPA1	ATXN2
HNRNPA1	C9orf72
HNRNPA1	UBQLN2
HNRNPA1	NCBP1
HNRNPA1	HNRNPA3
HNRNPA1	ALYREF
HNRNPA1	SRSF3
HNRNPA1	HNRNPA2B1
HNRNPA1L2	HNRNPA1
HNRNPA1L2	UBQLN2
HNRNPA1L2	HNRNPA3
HNRNPA1L2	ALYREF
HNRNPA1L2	RAB1A
HNRNPA2B1	PSMA4
HNRNPA2B1	PSMC4
HNRNPA2B1	PSMA3
HNRNPA2B1	SETX
HNRNPA2B1	PFN1
HNRNPA2B1	TARDBP
HNRNPA2B1	FUS
HNRNPA2B1	EIF2S1
HNRNPA2B1	PSMA6
HNRNPA2B1	PSMB1
HNRNPA2B1	CHMP2B
HNRNPA2B1	TP53
HNRNPA2B1	SOD1
HNRNPA2B1	GLE1
HNRNPA2B1	HSPA5
HNRNPA2B1	SRSF7
HNRNPA2B1	TBK1
HNRNPA2B1	CASP9
HNRNPA2B1	HNRNPA1
HNRNPA2B1	UBQLN2
HNRNPA2B1	VAPB
HNRNPA2B1	OPTN
HNRNPA2B1	PSMA1
HNRNPA2B1	PSMA7
HNRNPA2B1	APAF1
HNRNPA2B1	TPR
HNRNPA2B1	NCBP1
HNRNPA2B1	SQSTM1
HNRNPA2B1	NXF1
HNRNPA2B1	ACTB
HNRNPA2B1	C9orf72
HNRNPA2B1	ATXN2
HNRNPA2B1	VCP
HNRNPA2B1	ALYREF
HNRNPA2B1	HNRNPA3
HNRNPA2B1	SRSF3
HNRNPA3	TARDBP
HNRNPA3	FUS
HNRNPA3	HSPA5
HNRNPA3	SRSF7
HNRNPA3	HNRNPA1
HNRNPA3	UBQLN2
HNRNPA3	HNRNPA2B1
HNRNPA3	HNRNPA1L2
HNRNPA3	SRSF3
HNRNPA3	ATXN2
HNRNPA3	C9orf72
HNRNPA3	ALYREF
HSPA5	GABARAPL2
HSPA5	TNFRSF1A
HSPA5	MAPK13
HSPA5	MAPK12
HSPA5	XBP1
HSPA5	TUBB1
HSPA5	PSMA2
HSPA5	NUP107
HSPA5	MAPK14
HSPA5	NUP155
HSPA5	TARDBP
HSPA5	NUP85
HSPA5	TRAF2
HSPA5	TUBA4A
HSPA5	NUP210
HSPA5	EIF2S1
HSPA5	DERL1
HSPA5	TUBB2B
HSPA5	NUP133
HSPA5	ATP5F1B
HSPA5	PIK3C3
HSPA5	TUBB4A
HSPA5	NUP54
HSPA5	TP53
HSPA5	SOD1
HSPA5	SIGMAR1
HSPA5	RANBP2
HSPA5	ATP5MC3
HSPA5	NUP205
HSPA5	BAX
HSPA5	NUP35
HSPA5	GABARAP
HSPA5	EIF2AK3
HSPA5	CYCS
HSPA5	PSMD1
HSPA5	NUP93
HSPA5	CASP3
HSPA5	NUP98
HSPA5	TUBA3E
HSPA5	TUBB6
HSPA5	TUBB3
HSPA5	NUP188
HSPA5	NDC1
HSPA5	SEH1L
HSPA5	SDHB
HSPA5	NUP58
HSPA5	UBQLN2
HSPA5	NUP43
HSPA5	NUP160
HSPA5	RAB1A
HSPA5	NUP214
HSPA5	NUP50
HSPA5	TPR
HSPA5	PINK1
HSPA5	HNRNPA2B1
HSPA5	COX4I1
HSPA5	RAE1
HSPA5	GPX6
HSPA5	NUP153
HSPA5	GPX5
HSPA5	GPX8
HSPA5	GPX2
HSPA5	GPX3
HSPA5	NUP37
HSPA5	GABARAPL1
HSPA5	PSMD14
HSPA5	POM121
HSPA5	POM121C
HSPA5	CASP1
HSPA5	ACTG1
HSPA5	APAF1
HSPA5	PSMC6
HSPA5	PRKN
HSPA5	HNRNPA3
HSPA5	PSMB2
HSPA5	NUP62
HSPA5	TUBAL3
HSPA5	MTOR
HSPA5	TUBA8
HSPA5	TUBA3D
HSPA5	MAPK11
HSPA5	UBQLN4
HSPA5	HNRNPA1
HSPA5	BCL2L1
HSPA5	TUBA1C
HSPA5	TUBB2A
HSPA5	TUBA1B
HSPA5	SEC13
HSPA5	TUBB
HSPA5	GPX7
HSPA5	NUP88
HSPA5	ATP5F1A
HSPA5	TNF
HSPA5	CASP9
HSPA5	HDAC6
HSPA5	TUBA1A
HSPA5	MAP3K5
HSPA5	ITPR3
HSPA5	BCL2
HSPA5	TUBB4B
HSPA5	BECN1
HSPA5	ACTB
HSPA5	VDAC1
HSPA5	DDIT3
HSPA5	VCP
HSPA5	SQSTM1
HSPA5	ATF4
HSPA5	ATF6
HSPA5	ERN1
ITPR3	XBP1
ITPR3	PPP3R1
ITPR3	NDUFA2
ITPR3	NDUFA10
ITPR3	SIGMAR1
ITPR3	EIF2AK3
ITPR3	CYCS
ITPR3	CASP3
ITPR3	HSPA5
ITPR3	NDUFA4
ITPR3	VCP
ITPR3	BECN1
ITPR3	ATF6
ITPR3	MCU
ITPR3	ACTB
ITPR3	DDIT3
ITPR3	PPP3CB
ITPR3	PPP3CA
ITPR3	PINK1
ITPR3	ERN1
ITPR3	VAPB
ITPR3	ATXN2L
ITPR3	ATXN2
ITPR3	NOS1
ITPR3	BCL2L1
ITPR3	BCL2
ITPR3	VDAC1
KIF5A	DCTN6
KIF5A	NEFM
KIF5A	SETX
KIF5A	PFN1
KIF5A	FIG4
KIF5A	TARDBP
KIF5A	TUBA4A
KIF5A	FUS
KIF5A	ACTR10
KIF5A	DCTN3
KIF5A	KLC4
KIF5A	TUBB2B
KIF5A	SPG11
KIF5A	TUBB4A
KIF5A	ALS2
KIF5A	SOD1
KIF5A	SLC1A2
KIF5A	GRIA2
KIF5A	DCTN5
KIF5A	GABARAP
KIF5A	KIF5B
KIF5A	NEFH
KIF5A	TUBB6
KIF5A	TUBB3
KIF5A	TBK1
KIF5A	HAP1
KIF5A	UBQLN2
KIF5A	VCP
KIF5A	DCTN1
KIF5A	ACTR1A
KIF5A	OPTN
KIF5A	TUBB2A
KIF5A	KLC3
KIF5A	KIF5C
KIF5A	KLC2
KIF5A	DNAI2
KIF5A	DCTN2
KIF5A	ATXN2
KIF5A	VAPB
KIF5A	C9orf72
KIF5A	DCTN4
KIF5A	GRIA1
KIF5A	TUBA1A
KIF5A	NEFL
KIF5A	KLC1
KIF5B	DCTN6
KIF5B	NEFM
KIF5B	FUS
KIF5B	ACTR10
KIF5B	DCTN3
KIF5B	KLC4
KIF5B	TUBB2B
KIF5B	RAB5A
KIF5B	RANBP2
KIF5B	GRIA2
KIF5B	DCTN5
KIF5B	TUBB3
KIF5B	HAP1
KIF5B	TUBB
KIF5B	DNAI2
KIF5B	NDUFA6
KIF5B	NUP153
KIF5B	EIF2AK3
KIF5B	ACTR1A
KIF5B	TPR
KIF5B	DCTN4
KIF5B	DCTN2
KIF5B	SQSTM1
KIF5B	GRIA1
KIF5B	DCTN1
KIF5B	NEFL
KIF5B	NEFH
KIF5B	TUBA1B
KIF5B	TUBB2A
KIF5B	TUBA1A
KIF5B	KIF5C
KIF5B	KIF5A
KIF5B	KLC3
KIF5B	KLC2
KIF5B	KLC1
KIF5C	NEFM
KIF5C	TARDBP
KIF5C	TUBA4A
KIF5C	KLC4
KIF5C	TUBB2B
KIF5C	TUBB4A
KIF5C	RANBP2
KIF5C	GRIA2
KIF5C	KIF5B
KIF5C	NEFH
KIF5C	TUBB6
KIF5C	TUBB3
KIF5C	TUBA8
KIF5C	HAP1
KIF5C	TUBB
KIF5C	TUBB4B
KIF5C	DCTN1
KIF5C	TUBB2A
KIF5C	KLC3
KIF5C	GRIA1
KIF5C	NEFL
KIF5C	TUBA1A
KIF5C	KIF5A
KIF5C	KLC2
KIF5C	KLC1
KLC1	DCTN6
KLC1	NEFM
KLC1	ACTR10
KLC1	DCTN3
KLC1	KLC4
KLC1	RANBP2
KLC1	NRG1
KLC1	DCTN5
KLC1	KIF5B
KLC1	EIF2AK3
KLC1	NEFH
KLC1	HAP1
KLC1	TUBB4B
KLC1	DCTN1
KLC1	TPR
KLC1	ACTR1A
KLC1	SQSTM1
KLC1	KLC3
KLC1	KIF5C
KLC1	KLC2
KLC1	DCTN2
KLC1	KIF5A
KLC1	DCTN4
KLC1	NEFL
KLC2	DCTN6
KLC2	NEFM
KLC2	ACTR10
KLC2	DCTN3
KLC2	KLC4
KLC2	NRG1
KLC2	DCTN5
KLC2	KIF5B
KLC2	NEFH
KLC2	HAP1
KLC2	MTOR
KLC2	DCTN1
KLC2	ACTR1A
KLC2	KLC3
KLC2	KIF5C
KLC2	DCTN4
KLC2	DCTN2
KLC2	NEFL
KLC2	KLC1
KLC2	KIF5A
KLC3	DCTN6
KLC3	NEFM
KLC3	ACTR10
KLC3	DCTN3
KLC3	KLC4
KLC3	NRG1
KLC3	DCTN5
KLC3	KIF5B
KLC3	NEFH
KLC3	HAP1
KLC3	DCTN1
KLC3	ACTR1A
KLC3	DCTN4
KLC3	DCTN2
KLC3	NEFL
KLC3	KLC2
KLC3	KLC1
KLC3	KIF5C
KLC3	KIF5A
KLC4	DCTN6
KLC4	NEFM
KLC4	ACTR10
KLC4	DCTN3
KLC4	NRG1
KLC4	DCTN4
KLC4	DCTN5
KLC4	MTOR
KLC4	ACTR1A
KLC4	DCTN2
KLC4	DCTN1
KLC4	HAP1
KLC4	NEFH
KLC4	NEFL
KLC4	KLC3
KLC4	KLC2
KLC4	KLC1
KLC4	KIF5A
KLC4	KIF5C
KLC4	KIF5B
MAP2K3	MAPK13
MAP2K3	MAPK12
MAP2K3	MAPK14
MAP2K3	TRAF2
MAP2K3	TP53
MAP2K3	CASP3
MAP2K3	MAPK11
MAP2K3	ACTB
MAP2K3	BCL2L1
MAP2K3	TNF
MAP2K3	BECN1
MAP2K3	MAP3K5
MAP2K3	MAP2K6
MAP2K6	MAPK13
MAP2K6	MAPK12
MAP2K6	MAPK14
MAP2K6	TRAF2
MAP2K6	TP53
MAP2K6	MAPK11
MAP2K6	MAP2K3
MAP2K6	MAP3K5
MAP3K5	RB1CC1
MAP3K5	PSMC4
MAP3K5	TNFRSF1A
MAP3K5	MAPK13
MAP3K5	MAPK12
MAP3K5	XBP1
MAP3K5	MAPK14
MAP3K5	PPP3R1
MAP3K5	TRAF2
MAP3K5	EIF2S1
MAP3K5	DERL1
MAP3K5	DAXX
MAP3K5	TP53
MAP3K5	SOD1
MAP3K5	BAX
MAP3K5	EIF2AK3
MAP3K5	CYCS
MAP3K5	CASP3
MAP3K5	HSPA5
MAP3K5	CASP9
MAP3K5	MAPK11
MAP3K5	ATF4
MAP3K5	MAP2K3
MAP3K5	MTOR
MAP3K5	GPX6
MAP3K5	GPX5
MAP3K5	GPX7
MAP3K5	GPX8
MAP3K5	GPX3
MAP3K5	GPX2
MAP3K5	BECN1
MAP3K5	ACTB
MAP3K5	APAF1
MAP3K5	PPP3CA
MAP3K5	CASP1
MAP3K5	BCL2L1
MAP3K5	DDIT3
MAP3K5	TNF
MAP3K5	NOS1
MAP3K5	ATF6
MAP3K5	BCL2
MAP3K5	MAP2K6
MAP3K5	ERN1
MAPK11	MAPK13
MAPK11	MAPK12
MAPK11	NEFM
MAPK11	MAPK14
MAPK11	TP53
MAPK11	CYCS
MAPK11	CASP3
MAPK11	NEFH
MAPK11	HSPA5
MAPK11	MTOR
MAPK11	ACTB
MAPK11	SQSTM1
MAPK11	TNF
MAPK11	BCL2
MAPK11	NEFL
MAPK11	MAP3K5
MAPK11	DDIT3
MAPK11	MAP2K3
MAPK11	MAP2K6
MAPK12	MAPK13
MAPK12	BCL2
MAPK12	CYCS
MAPK12	ACTB
MAPK12	CASP3
MAPK12	SQSTM1
MAPK12	HSPA5
MAPK12	MAPK14
MAPK12	TNF
MAPK12	MTOR
MAPK12	MAPK11
MAPK12	NEFM
MAPK12	NEFH
MAPK12	NEFL
MAPK12	DDIT3
MAPK12	MAP3K5
MAPK12	TP53
MAPK12	MAP2K3
MAPK12	MAP2K6
MAPK13	CYCS
MAPK13	ACTB
MAPK13	MTOR
MAPK13	CASP3
MAPK13	HSPA5
MAPK13	MAPK14
MAPK13	TNF
MAPK13	BCL2
MAPK13	SQSTM1
MAPK13	MAPK11
MAPK13	NEFM
MAPK13	NEFL
MAPK13	NEFH
MAPK13	MAPK12
MAPK13	DDIT3
MAPK13	MAP3K5
MAPK13	TP53
MAPK13	MAP2K3
MAPK13	MAP2K6
MAPK14	TNFRSF1A
MAPK14	MAPK13
MAPK14	MAPK12
MAPK14	NEFM
MAPK14	HSPA5
MAPK14	NOS2
MAPK14	HNRNPA1
MAPK14	PPP3R1
MAPK14	CYCS
MAPK14	ATF6
MAPK14	PPP3CC
MAPK14	PPP3CB
MAPK14	MTOR
MAPK14	CASP1
MAPK14	ACTB
MAPK14	SOD1
MAPK14	PPP3CA
MAPK14	MAPK11
MAPK14	CASP9
MAPK14	SQSTM1
MAPK14	BCL2
MAPK14	BCL2L1
MAPK14	CASP3
MAPK14	TNF
MAPK14	NEFL
MAPK14	NEFH
MAPK14	MAP3K5
MAPK14	DDIT3
MAPK14	TP53
MAPK14	MAP2K6
MAPK14	MAP2K3
MCU	NDUFB7
MCU	NDUFA9
MCU	NDUFB10
MCU	SIGMAR1
MCU	CYCS
MCU	NDUFA13
MCU	VAPB
MCU	PINK1
MCU	ITPR3
MCU	VDAC1
MTOR	RB1CC1
MTOR	GABARAPL2
MTOR	MAPK13
MTOR	MAPK12
MTOR	XBP1
MTOR	PFN1
MTOR	MAPK14
MTOR	ATG14
MTOR	TRAF2
MTOR	EIF2S1
MTOR	KLC4
MTOR	PIK3C3
MTOR	WIPI1
MTOR	TUBB4A
MTOR	TP53
MTOR	SOD1
MTOR	RAB5A
MTOR	WIPI2
MTOR	BAX
MTOR	GABARAP
MTOR	EIF2AK3
MTOR	CYCS
MTOR	PSMC5
MTOR	CASP3
MTOR	PFN4
MTOR	HSPA5
MTOR	ULK1
MTOR	TBK1
MTOR	CASP9
MTOR	MAPK11
MTOR	ATF4
MTOR	TUBA1B
MTOR	ATG101
MTOR	TUBB
MTOR	ERBB4
MTOR	PIK3R4
MTOR	PFN3
MTOR	VCP
MTOR	MAP3K5
MTOR	VDAC1
MTOR	GRIN2B
MTOR	BAD
MTOR	ATP5F1A
MTOR	ATP5MC1
MTOR	GPX3
MTOR	GPX8
MTOR	GPX5
MTOR	GPX2
MTOR	GPX6
MTOR	GPX7
MTOR	CASP1
MTOR	HDAC6
MTOR	GRIA1
MTOR	NCBP1
MTOR	SEH1L
MTOR	APAF1
MTOR	RAB1A
MTOR	KLC2
MTOR	ATF6
MTOR	DDIT3
MTOR	ERN1
MTOR	PINK1
MTOR	UBQLN1
MTOR	SEC13
MTOR	TNF
MTOR	GABARAPL1
MTOR	ACTB
MTOR	BCL2
MTOR	PRKN
MTOR	BCL2L1
MTOR	BECN1
MTOR	SQSTM1
MTOR	ULK2
MTOR	PSMD14
MTOR	PSMC6
NCBP1	SETX
NCBP1	NUP107
NCBP1	NUP155
NCBP1	TARDBP
NCBP1	NUP85
NCBP1	FUS
NCBP1	NUP210
NCBP1	NXT1
NCBP1	NUP133
NCBP1	NUP54
NCBP1	RANBP2
NCBP1	NUP205
NCBP1	NUP35
NCBP1	GLE1
NCBP1	NUP93
NCBP1	NUP98
NCBP1	SRSF7
NCBP1	HNRNPA1
NCBP1	NUP43
NCBP1	NUP50
NCBP1	HNRNPA2B1
NCBP1	NUP214
NCBP1	MTOR
NCBP1	TPR
NCBP1	NDC1
NCBP1	NUP188
NCBP1	SRSF3
NCBP1	ATXN2L
NCBP1	SEC13
NCBP1	NUP37
NCBP1	POM121
NCBP1	POM121C
NCBP1	SEH1L
NCBP1	NUP62
NCBP1	NUP58
NCBP1	NUP88
NCBP1	NUP153
NCBP1	NUP160
NCBP1	RAE1
NCBP1	NXF1
NCBP1	ALYREF
NDC1	NUP107
NDC1	NUP155
NDC1	NUP85
NDC1	NUP210
NDC1	NXT1
NDC1	NUP133
NDC1	NUP54
NDC1	RANBP2
NDC1	NUP205
NDC1	NUP35
NDC1	GLE1
NDC1	NUP93
NDC1	NUP98
NDC1	HSPA5
NDC1	SRSF7
NDC1	NUP43
NDC1	NUP50
NDC1	NUP214
NDC1	TPR
NDC1	SRSF3
NDC1	ALYREF
NDC1	NXF1
NDC1	NCBP1
NDC1	POM121C
NDC1	POM121
NDC1	RAE1
NDC1	SEC13
NDC1	NUP153
NDC1	NUP160
NDC1	NUP58
NDC1	NUP37
NDC1	NUP88
NDC1	NUP188
NDC1	NUP62
NDC1	SEH1L
NDUFA1	NDUFB4
NDUFA1	UQCRC1
NDUFA1	ATP5F1D
NDUFA1	NDUFB7
NDUFA1	COX6A1
NDUFA1	NDUFS7
NDUFA1	TARDBP
NDUFA1	ATP5F1E
NDUFA1	NDUFA2
NDUFA1	NDUFA10
NDUFA1	COX5B
NDUFA1	NDUFB5
NDUFA1	ATP5F1B
NDUFA1	NDUFS3
NDUFA1	SDHA
NDUFA1	NDUFA9
NDUFA1	UQCRC2
NDUFA1	NDUFB10
NDUFA1	NDUFS6
NDUFA1	NDUFB9
NDUFA1	NDUFC2
NDUFA1	ATP5MC3
NDUFA1	COX6A2
NDUFA1	ATP5PO
NDUFA1	COX7A1
NDUFA1	NDUFS4
NDUFA1	NDUFB8
NDUFA1	NDUFA7
NDUFA1	ATP5PD
NDUFA1	UQCRFS1
NDUFA1	UQCRH
NDUFA1	NDUFS8
NDUFA1	CYC1
NDUFA1	COX5A
NDUFA1	COX8A
NDUFA1	NDUFV2
NDUFA1	NDUFA12
NDUFA1	UQCR10
NDUFA1	NDUFA4
NDUFA1	NDUFV3
NDUFA1	ATP5F1C
NDUFA1	SDHC
NDUFA1	NDUFS2
NDUFA1	ATP5PB
NDUFA1	COX7A2
NDUFA1	COX6B2
NDUFA1	SDHD
NDUFA1	ATP5F1A
NDUFA1	UQCRHL
NDUFA1	COX4I2
NDUFA1	ATP5MC1
NDUFA1	COX7B2
NDUFA1	SDHB
NDUFA1	PINK1
NDUFA1	NDUFA4L2
NDUFA1	COX6C
NDUFA1	ATP5PF
NDUFA1	COX4I1
NDUFA1	UQCRB
NDUFA1	UQCR11
NDUFA1	COX6B1
NDUFA1	UQCRQ
NDUFA1	COX7B
NDUFA1	COX7C
NDUFA1	NDUFC1
NDUFA1	NDUFA6
NDUFA1	NDUFB6
NDUFA1	NDUFA5
NDUFA1	NDUFB1
NDUFA1	NDUFB2
NDUFA1	NDUFS5
NDUFA1	NDUFA8
NDUFA1	NDUFA3
NDUFA1	NDUFV1
NDUFA1	NDUFA13
NDUFA1	NDUFS1
NDUFA1	NDUFAB1
NDUFA1	NDUFA11
NDUFA1	NDUFB3
NDUFA10	NDUFB4
NDUFA10	UQCRC1
NDUFA10	ATP5F1D
NDUFA10	NDUFB7
NDUFA10	COX6A1
NDUFA10	NDUFS7
NDUFA10	TARDBP
NDUFA10	NDUFA2
NDUFA10	SDHD
NDUFA10	ITPR3
NDUFA10	ATP5MC1
NDUFA10	CYCS
NDUFA10	COX8A
NDUFA10	ATP5MC3
NDUFA10	ATP5MC2
NDUFA10	UQCRHL
NDUFA10	COX7B2
NDUFA10	ATP5PF
NDUFA10	COX6B2
NDUFA10	ATP5PO
NDUFA10	NDUFA4L2
NDUFA10	SDHC
NDUFA10	COX7A2
NDUFA10	ATP5PD
NDUFA10	SDHB
NDUFA10	COX6C
NDUFA10	ATP5PB
NDUFA10	ATP5F1A
NDUFA10	SDHA
NDUFA10	PINK1
NDUFA10	COX4I2
NDUFA10	COX7A1
NDUFA10	UQCR10
NDUFA10	COX7C
NDUFA10	COX7B
NDUFA10	ATP5F1C
NDUFA10	UQCR11
NDUFA10	COX6A2
NDUFA10	UQCRH
NDUFA10	ATP5F1B
NDUFA10	COX6B1
NDUFA10	UQCRQ
NDUFA10	UQCRB
NDUFA10	UQCRFS1
NDUFA10	COX4I1
NDUFA10	CYC1
NDUFA10	COX5A
NDUFA10	COX5B
NDUFA10	UQCRC2
NDUFA10	NDUFA4
NDUFA10	NDUFB1
NDUFA10	NDUFC1
NDUFA10	NDUFB3
NDUFA10	NDUFS1
NDUFA10	NDUFAB1
NDUFA10	NDUFV2
NDUFA10	NDUFC2
NDUFA10	NDUFA13
NDUFA10	NDUFB5
NDUFA10	NDUFB2
NDUFA10	NDUFA12
NDUFA10	NDUFA9
NDUFA10	NDUFA5
NDUFA10	NDUFB8
NDUFA10	NDUFA6
NDUFA10	NDUFS6
NDUFA10	NDUFA1
NDUFA10	NDUFA11
NDUFA10	NDUFS4
NDUFA10	NDUFA7
NDUFA10	NDUFS3
NDUFA10	NDUFV1
NDUFA10	NDUFA3
NDUFA10	NDUFB9
NDUFA10	NDUFA8
NDUFA10	NDUFS2
NDUFA10	NDUFS5
NDUFA10	NDUFB10
NDUFA10	NDUFV3
NDUFA10	NDUFB6
NDUFA10	NDUFS8
NDUFA11	NDUFB4
NDUFA11	UQCRC1
NDUFA11	ATP5F1D
NDUFA11	NDUFB7
NDUFA11	COX6A1
NDUFA11	NDUFS7
NDUFA11	TARDBP
NDUFA11	ATP5F1E
NDUFA11	NDUFA2
NDUFA11	NDUFA10
NDUFA11	COX5B
NDUFA11	NDUFB5
NDUFA11	NDUFS3
NDUFA11	SDHA
NDUFA11	NDUFA9
NDUFA11	UQCRC2
NDUFA11	NDUFB10
NDUFA11	PSMB6
NDUFA11	NDUFS6
NDUFA11	NDUFB9
NDUFA11	NDUFC2
NDUFA11	ATP5MC3
NDUFA11	COX6A2
NDUFA11	ATP5PO
NDUFA11	COX7A1
NDUFA11	NDUFS4
NDUFA11	NDUFB8
NDUFA11	NDUFA7
NDUFA11	ATP5PD
NDUFA11	UQCRFS1
NDUFA11	CYCS
NDUFA11	UQCRH
NDUFA11	NDUFS8
NDUFA11	CYC1
NDUFA11	COX5A
NDUFA11	COX8A
NDUFA11	NDUFV2
NDUFA11	NDUFA12
NDUFA11	UQCR10
NDUFA11	NDUFA4
NDUFA11	NDUFV3
NDUFA11	ATP5F1C
NDUFA11	SDHC
NDUFA11	NDUFS2
NDUFA11	ATP5PB
NDUFA11	COX7A2
NDUFA11	NDUFA1
NDUFA11	NDUFS5
NDUFA11	NDUFA8
NDUFA11	PINK1
NDUFA11	SDHB
NDUFA11	SDHD
NDUFA11	COX4I2
NDUFA11	COX7A2L
NDUFA11	UQCRQ
NDUFA11	NDUFB6
NDUFA11	ATP5MC1
NDUFA11	NDUFA4L2
NDUFA11	COX7B2
NDUFA11	COX6B2
NDUFA11	ATP5MC2
NDUFA11	ATP5PF
NDUFA11	COX6C
NDUFA11	COX4I1
NDUFA11	COX6B1
NDUFA11	COX7C
NDUFA11	COX7B
NDUFA11	UQCRB
NDUFA11	UQCR11
NDUFA11	NDUFB2
NDUFA11	NDUFB1
NDUFA11	NDUFC1
NDUFA11	NDUFA6
NDUFA11	NDUFA5
NDUFA11	NDUFAB1
NDUFA11	NDUFS1
NDUFA11	NDUFB3
NDUFA11	NDUFA3
NDUFA11	NDUFV1
NDUFA11	NDUFA13
NDUFA12	NDUFB4
NDUFA12	UQCRC1
NDUFA12	ATP5F1D
NDUFA12	NDUFB7
NDUFA12	COX6A1
NDUFA12	NDUFS7
NDUFA12	TARDBP
NDUFA12	ATP5F1E
NDUFA12	NDUFA2
NDUFA12	NDUFA10
NDUFA12	COX5B
NDUFA12	NDUFB5
NDUFA12	ATP5F1B
NDUFA12	NDUFS3
NDUFA12	SDHA
NDUFA12	NDUFA9
NDUFA12	UQCRC2
NDUFA12	NDUFB10
NDUFA12	NDUFS6
NDUFA12	NDUFB9
NDUFA12	NDUFC2
NDUFA12	ATP5MC3
NDUFA12	COX6A2
NDUFA12	ATP5PO
NDUFA12	COX7A1
NDUFA12	NDUFS4
NDUFA12	NDUFB8
NDUFA12	NDUFA7
NDUFA12	ATP5PD
NDUFA12	UQCRFS1
NDUFA12	CYCS
NDUFA12	UQCRH
NDUFA12	NDUFS8
NDUFA12	CYC1
NDUFA12	COX5A
NDUFA12	COX8A
NDUFA12	NDUFV2
NDUFA12	ATP5MC2
NDUFA12	ATP5MC1
NDUFA12	COX7B2
NDUFA12	BAD
NDUFA12	PINK1
NDUFA12	ATP5F1A
NDUFA12	COX6B2
NDUFA12	COX4I2
NDUFA12	COX7A2
NDUFA12	NDUFA4L2
NDUFA12	SDHB
NDUFA12	SDHD
NDUFA12	COX7B
NDUFA12	UQCRHL
NDUFA12	ATP5PB
NDUFA12	SDHC
NDUFA12	ATP5F1C
NDUFA12	COX6C
NDUFA12	COX4I1
NDUFA12	COX6B1
NDUFA12	COX7C
NDUFA12	ATP5PF
NDUFA12	UQCR11
NDUFA12	UQCRQ
NDUFA12	NDUFB2
NDUFA12	NDUFB1
NDUFA12	NDUFA4
NDUFA12	NDUFA13
NDUFA12	NDUFB3
NDUFA12	NDUFAB1
NDUFA12	NDUFS1
NDUFA12	NDUFC1
NDUFA12	NDUFA5
NDUFA12	NDUFA6
NDUFA12	UQCRB
NDUFA12	NDUFV1
NDUFA12	NDUFA3
NDUFA12	NDUFA1
NDUFA12	NDUFA11
NDUFA12	NDUFB6
NDUFA12	NDUFA8
NDUFA12	UQCR10
NDUFA12	NDUFS2
NDUFA12	NDUFS5
NDUFA12	NDUFV3
NDUFA13	NDUFB4
NDUFA13	UQCRC1
NDUFA13	ATP5F1D
NDUFA13	NDUFB7
NDUFA13	COX6A1
NDUFA13	NDUFS7
NDUFA13	TARDBP
NDUFA13	ATP5F1E
NDUFA13	NDUFA2
NDUFA13	NDUFA10
NDUFA13	COX5B
NDUFA13	NDUFB5
NDUFA13	ATP5F1B
NDUFA13	NDUFS3
NDUFA13	SDHA
NDUFA13	NDUFA9
NDUFA13	UQCRC2
NDUFA13	NDUFB10
NDUFA13	PSMB6
NDUFA13	NDUFS6
NDUFA13	NDUFB9
NDUFA13	NDUFC2
NDUFA13	ATP5MC3
NDUFA13	COX6A2
NDUFA13	ATP5PO
NDUFA13	COX7A1
NDUFA13	NDUFS4
NDUFA13	NDUFB8
NDUFA13	NDUFA7
NDUFA13	ATP5PD
NDUFA13	UQCRFS1
NDUFA13	CYCS
NDUFA13	UQCRH
NDUFA13	NDUFS8
NDUFA13	CYC1
NDUFA13	COX5A
NDUFA13	COX8A
NDUFA13	NDUFV2
NDUFA13	NDUFA12
NDUFA13	UQCR10
NDUFA13	NDUFA4
NDUFA13	NDUFV3
NDUFA13	ATP5F1C
NDUFA13	SDHC
NDUFA13	NDUFS2
NDUFA13	ATP5PB
NDUFA13	COX7A2
NDUFA13	NDUFA1
NDUFA13	NDUFS5
NDUFA13	MCU
NDUFA13	NDUFA8
NDUFA13	PINK1
NDUFA13	SDHB
NDUFA13	SDHD
NDUFA13	COX4I2
NDUFA13	UQCRQ
NDUFA13	NDUFB6
NDUFA13	ATP5MC1
NDUFA13	NDUFA4L2
NDUFA13	VDAC1
NDUFA13	COX7B2
NDUFA13	ATP5F1A
NDUFA13	NDUFA11
NDUFA13	ATP5PF
NDUFA13	NDUFS1
NDUFA13	NDUFB3
NDUFA13	NDUFA5
NDUFA13	NDUFA3
NDUFA13	NDUFB2
NDUFA13	ATP5MC2
NDUFA13	COX6B2
NDUFA13	UQCRHL
NDUFA13	COX6C
NDUFA13	COX7B
NDUFA13	COX6B1
NDUFA13	COX7C
NDUFA13	UQCRB
NDUFA13	COX4I1
NDUFA13	UQCR11
NDUFA13	NDUFC1
NDUFA13	NDUFB1
NDUFA13	NDUFV1
NDUFA13	NDUFAB1
NDUFA13	NDUFA6
NDUFA2	NDUFB4
NDUFA2	UQCRC1
NDUFA2	ATP5F1D
NDUFA2	NDUFB7
NDUFA2	COX6A1
NDUFA2	NDUFS7
NDUFA2	TARDBP
NDUFA2	ATP5F1E
NDUFA2	ITPR3
NDUFA2	TOMM40
NDUFA2	ATP5MC2
NDUFA2	ATP5MC3
NDUFA2	COX7B2
NDUFA2	COX4I2
NDUFA2	ATP5F1B
NDUFA2	ATP5F1A
NDUFA2	COX8A
NDUFA2	CYCS
NDUFA2	ATP5MC1
NDUFA2	ATP5PO
NDUFA2	PINK1
NDUFA2	ATP5PB
NDUFA2	ATP5PF
NDUFA2	NDUFA4L2
NDUFA2	ATP5F1C
NDUFA2	COX6B2
NDUFA2	SDHA
NDUFA2	COX7A1
NDUFA2	COX7A2
NDUFA2	SDHC
NDUFA2	COX6A2
NDUFA2	COX7B
NDUFA2	COX6C
NDUFA2	SDHB
NDUFA2	COX5A
NDUFA2	UQCRC2
NDUFA2	UQCRHL
NDUFA2	ATP5PD
NDUFA2	COX4I1
NDUFA2	COX6B1
NDUFA2	SDHD
NDUFA2	COX7C
NDUFA2	UQCR11
NDUFA2	COX5B
NDUFA2	CYC1
NDUFA2	UQCRH
NDUFA2	UQCRB
NDUFA2	UQCRFS1
NDUFA2	UQCRQ
NDUFA2	NDUFB1
NDUFA2	NDUFS8
NDUFA2	NDUFA10
NDUFA2	NDUFB6
NDUFA2	UQCR10
NDUFA2	NDUFS2
NDUFA2	NDUFS5
NDUFA2	NDUFA8
NDUFA2	NDUFV3
NDUFA2	NDUFB10
NDUFA2	NDUFA3
NDUFA2	NDUFB9
NDUFA2	NDUFV1
NDUFA2	NDUFS3
NDUFA2	NDUFA11
NDUFA2	NDUFA1
NDUFA2	NDUFA7
NDUFA2	NDUFS4
NDUFA2	NDUFA5
NDUFA2	NDUFA9
NDUFA2	NDUFA6
NDUFA2	NDUFS6
NDUFA2	NDUFB8
NDUFA2	NDUFA12
NDUFA2	NDUFB2
NDUFA2	NDUFC2
NDUFA2	NDUFA13
NDUFA2	NDUFB5
NDUFA2	NDUFA4
NDUFA2	NDUFS1
NDUFA2	NDUFAB1
NDUFA2	NDUFV2
NDUFA2	NDUFB3
NDUFA2	NDUFC1
NDUFA3	NDUFB4
NDUFA3	UQCRC1
NDUFA3	ATP5F1D
NDUFA3	NDUFB7
NDUFA3	COX6A1
NDUFA3	NDUFS7
NDUFA3	TARDBP
NDUFA3	ATP5F1E
NDUFA3	NDUFA2
NDUFA3	NDUFA10
NDUFA3	COX5B
NDUFA3	NDUFB5
NDUFA3	ATP5F1B
NDUFA3	NDUFS3
NDUFA3	SDHA
NDUFA3	NDUFA9
NDUFA3	UQCRC2
NDUFA3	NDUFB10
NDUFA3	NDUFS6
NDUFA3	NDUFB9
NDUFA3	NDUFC2
NDUFA3	COX6A2
NDUFA3	ATP5PO
NDUFA3	COX7A1
NDUFA3	NDUFS4
NDUFA3	NDUFB8
NDUFA3	NDUFA7
NDUFA3	ATP5PD
NDUFA3	UQCRFS1
NDUFA3	UQCRH
NDUFA3	NDUFS8
NDUFA3	CYC1
NDUFA3	COX5A
NDUFA3	COX8A
NDUFA3	NDUFV2
NDUFA3	NDUFA12
NDUFA3	UQCR10
NDUFA3	NDUFA4
NDUFA3	NDUFV3
NDUFA3	ATP5F1C
NDUFA3	SDHC
NDUFA3	NDUFS2
NDUFA3	ATP5PB
NDUFA3	COX7A2
NDUFA3	NDUFA1
NDUFA3	NDUFS5
NDUFA3	NDUFA8
NDUFA3	PINK1
NDUFA3	SDHB
NDUFA3	SDHD
NDUFA3	COX4I2
NDUFA3	COX7A2L
NDUFA3	UQCRQ
NDUFA3	NDUFB6
NDUFA3	ATP5MC1
NDUFA3	NDUFA4L2
NDUFA3	COX7B2
NDUFA3	NDUFA11
NDUFA3	ATP5PF
NDUFA3	NDUFS1
NDUFA3	NDUFB3
NDUFA3	NDUFA5
NDUFA3	ATP5MC2
NDUFA3	COX6B2
NDUFA3	UQCRHL
NDUFA3	COX6C
NDUFA3	UQCRB
NDUFA3	COX7B
NDUFA3	COX4I1
NDUFA3	COX7C
NDUFA3	COX6B1
NDUFA3	UQCR11
NDUFA3	NDUFB2
NDUFA3	NDUFB1
NDUFA3	NDUFA13
NDUFA3	NDUFAB1
NDUFA3	NDUFC1
NDUFA3	NDUFA6
NDUFA3	NDUFV1
NDUFA4	NDUFB4
NDUFA4	UQCRC1
NDUFA4	ATP5F1D
NDUFA4	NDUFB7
NDUFA4	COX6A1
NDUFA4	NDUFS7
NDUFA4	TARDBP
NDUFA4	ATP5F1E
NDUFA4	NDUFA2
NDUFA4	NDUFA10
NDUFA4	COX5B
NDUFA4	NDUFB5
NDUFA4	PSMA6
NDUFA4	ATP5F1B
NDUFA4	NDUFS3
NDUFA4	SDHA
NDUFA4	NDUFA9
NDUFA4	UQCRC2
NDUFA4	NDUFB10
NDUFA4	NDUFS6
NDUFA4	NDUFB9
NDUFA4	NDUFC2
NDUFA4	ATP5MC3
NDUFA4	COX6A2
NDUFA4	ATP5PO
NDUFA4	COX7A1
NDUFA4	NDUFS4
NDUFA4	NDUFB8
NDUFA4	NDUFA7
NDUFA4	ATP5PD
NDUFA4	UQCRFS1
NDUFA4	CYCS
NDUFA4	UQCRH
NDUFA4	NDUFS8
NDUFA4	CYC1
NDUFA4	COX5A
NDUFA4	COX8A
NDUFA4	NDUFV2
NDUFA4	NDUFA12
NDUFA4	UQCR10
NDUFA4	BCL2
NDUFA4	ITPR3
NDUFA4	TOMM40
NDUFA4	SDHC
NDUFA4	ATP5MC2
NDUFA4	ATP5MC1
NDUFA4	COX6B2
NDUFA4	SDHB
NDUFA4	COX8C
NDUFA4	SDHD
NDUFA4	COX7B2
NDUFA4	ATP5F1A
NDUFA4	ATP5PB
NDUFA4	ATP5F1C
NDUFA4	COX4I2
NDUFA4	PINK1
NDUFA4	UQCRHL
NDUFA4	NDUFA4L2
NDUFA4	COX7A2L
NDUFA4	UQCRB
NDUFA4	UQCR11
NDUFA4	ATP5PF
NDUFA4	NDUFV3
NDUFA4	NDUFA11
NDUFA4	UQCRQ
NDUFA4	NDUFS5
NDUFA4	NDUFC1
NDUFA4	NDUFS1
NDUFA4	NDUFB1
NDUFA4	NDUFA3
NDUFA4	NDUFV1
NDUFA4	NDUFS2
NDUFA4	NDUFA8
NDUFA4	NDUFA13
NDUFA4	COX4I1
NDUFA4	NDUFAB1
NDUFA4	NDUFB2
NDUFA4	NDUFB6
NDUFA4	NDUFB3
NDUFA4	NDUFA1
NDUFA4	NDUFA5
NDUFA4	COX7A2
NDUFA4	COX7B
NDUFA4	COX6C
NDUFA4	COX6B1
NDUFA4	COX7C
NDUFA4	NDUFA6
NDUFA4L2	NDUFB4
NDUFA4L2	UQCRC1
NDUFA4L2	NDUFB7
NDUFA4L2	COX6A1
NDUFA4L2	NDUFS7
NDUFA4L2	TARDBP
NDUFA4L2	NDUFA2
NDUFA4L2	NDUFA10
NDUFA4L2	COX5B
NDUFA4L2	NDUFB5
NDUFA4L2	NDUFS3
NDUFA4L2	NDUFA9
NDUFA4L2	UQCRC2
NDUFA4L2	NDUFB10
NDUFA4L2	NDUFS6
NDUFA4L2	NDUFB9
NDUFA4L2	NDUFC2
NDUFA4L2	COX6A2
NDUFA4L2	ATP5PO
NDUFA4L2	COX7A1
NDUFA4L2	NDUFS4
NDUFA4L2	NDUFB8
NDUFA4L2	NDUFA7
NDUFA4L2	ATP5PD
NDUFA4L2	UQCRFS1
NDUFA4L2	UQCRH
NDUFA4L2	NDUFS8
NDUFA4L2	CYC1
NDUFA4L2	COX5A
NDUFA4L2	COX8A
NDUFA4L2	NDUFV2
NDUFA4L2	NDUFA12
NDUFA4L2	UQCR10
NDUFA4L2	NDUFA4
NDUFA4L2	COX8C
NDUFA4L2	NDUFV3
NDUFA4L2	NDUFS2
NDUFA4L2	ATP5PB
NDUFA4L2	COX7A2
NDUFA4L2	NDUFA1
NDUFA4L2	NDUFS5
NDUFA4L2	NDUFA8
NDUFA4L2	PINK1
NDUFA4L2	SDHD
NDUFA4L2	COX4I2
NDUFA4L2	COX7A2L
NDUFA4L2	UQCRQ
NDUFA4L2	NDUFB6
NDUFA4L2	COX6B2
NDUFA4L2	NDUFA11
NDUFA4L2	NDUFS1
NDUFA4L2	NDUFB2
NDUFA4L2	NDUFAB1
NDUFA4L2	NDUFV1
NDUFA4L2	NDUFC1
NDUFA4L2	NDUFA3
NDUFA4L2	COX6B1
NDUFA4L2	COX7B
NDUFA4L2	NDUFB3
NDUFA4L2	COX7B2
NDUFA4L2	NDUFA13
NDUFA4L2	COX4I1
NDUFA4L2	NDUFA6
NDUFA4L2	NDUFA5
NDUFA4L2	ATP5PF
NDUFA4L2	UQCRHL
NDUFA4L2	COX7C
NDUFA4L2	UQCRB
NDUFA4L2	COX6C
NDUFA4L2	UQCR11
NDUFA5	NDUFB4
NDUFA5	UQCRC1
NDUFA5	ATP5F1D
NDUFA5	NDUFB7
NDUFA5	COX6A1
NDUFA5	NDUFS7
NDUFA5	TARDBP
NDUFA5	ATP5F1E
NDUFA5	NDUFA2
NDUFA5	NDUFA10
NDUFA5	COX5B
NDUFA5	NDUFB5
NDUFA5	ATP5F1B
NDUFA5	NDUFS3
NDUFA5	SDHA
NDUFA5	NDUFA9
NDUFA5	UQCRC2
NDUFA5	NDUFB10
NDUFA5	NDUFS6
NDUFA5	NDUFB9
NDUFA5	NDUFC2
NDUFA5	ATP5MC3
NDUFA5	COX6A2
NDUFA5	ATP5PO
NDUFA5	COX7A1
NDUFA5	NDUFS4
NDUFA5	NDUFB8
NDUFA5	NDUFA7
NDUFA5	ATP5PD
NDUFA5	UQCRFS1
NDUFA5	CYCS
NDUFA5	UQCRH
NDUFA5	NDUFS8
NDUFA5	CYC1
NDUFA5	COX5A
NDUFA5	NDUFV2
NDUFA5	NDUFA12
NDUFA5	UQCR10
NDUFA5	NDUFA4
NDUFA5	NDUFV3
NDUFA5	ATP5F1C
NDUFA5	SDHC
NDUFA5	NDUFS2
NDUFA5	ATP5PB
NDUFA5	COX7A2
NDUFA5	NDUFA1
NDUFA5	NDUFS5
NDUFA5	NDUFA8
NDUFA5	PINK1
NDUFA5	SDHB
NDUFA5	SDHD
NDUFA5	COX4I2
NDUFA5	UQCRQ
NDUFA5	NDUFB6
NDUFA5	ATP5MC1
NDUFA5	NDUFA4L2
NDUFA5	VDAC1
NDUFA5	COX7B2
NDUFA5	ATP5F1A
NDUFA5	NDUFA11
NDUFA5	ATP5PF
NDUFA5	NDUFS1
NDUFA5	NDUFB3
NDUFA5	ATP5MC2
NDUFA5	APAF1
NDUFA5	COX6B2
NDUFA5	COX6C
NDUFA5	COX7B
NDUFA5	COX4I1
NDUFA5	COX6B1
NDUFA5	UQCR11
NDUFA5	UQCRHL
NDUFA5	COX7C
NDUFA5	NDUFB1
NDUFA5	NDUFB2
NDUFA5	NDUFA3
NDUFA5	NDUFV1
NDUFA5	UQCRB
NDUFA5	NDUFA6
NDUFA5	NDUFC1
NDUFA5	NDUFAB1
NDUFA5	NDUFA13
NDUFA6	NDUFB4
NDUFA6	UQCRC1
NDUFA6	ATP5F1D
NDUFA6	NDUFB7
NDUFA6	COX6A1
NDUFA6	NDUFS7
NDUFA6	TARDBP
NDUFA6	ATP5F1E
NDUFA6	NDUFA2
NDUFA6	NDUFA10
NDUFA6	COX5B
NDUFA6	NDUFB5
NDUFA6	ATP5F1B
NDUFA6	NDUFS3
NDUFA6	SDHA
NDUFA6	NDUFA9
NDUFA6	UQCRC2
NDUFA6	NDUFB10
NDUFA6	NDUFS6
NDUFA6	NDUFB9
NDUFA6	NDUFC2
NDUFA6	ATP5MC3
NDUFA6	COX6A2
NDUFA6	ATP5PO
NDUFA6	COX7A1
NDUFA6	NDUFS4
NDUFA6	NDUFB8
NDUFA6	NDUFA7
NDUFA6	ATP5PD
NDUFA6	UQCRFS1
NDUFA6	KIF5B
NDUFA6	CYCS
NDUFA6	UQCRH
NDUFA6	NDUFS8
NDUFA6	CYC1
NDUFA6	COX5A
NDUFA6	COX8A
NDUFA6	NDUFV2
NDUFA6	NDUFA12
NDUFA6	UQCR10
NDUFA6	NDUFA4
NDUFA6	NDUFV3
NDUFA6	ATP5F1C
NDUFA6	SDHC
NDUFA6	NDUFS2
NDUFA6	UBQLN4
NDUFA6	ATP5PB
NDUFA6	COX7A2
NDUFA6	NDUFA1
NDUFA6	NDUFS5
NDUFA6	NDUFA8
NDUFA6	PINK1
NDUFA6	SDHB
NDUFA6	SDHD
NDUFA6	COX4I2
NDUFA6	UQCRQ
NDUFA6	NDUFB6
NDUFA6	ATP5MC1
NDUFA6	NDUFA4L2
NDUFA6	COX7B2
NDUFA6	ATP5F1A
NDUFA6	NDUFA11
NDUFA6	ATP5PF
NDUFA6	NDUFS1
NDUFA6	NDUFB3
NDUFA6	NDUFA5
NDUFA6	NDUFA3
NDUFA6	NDUFB2
NDUFA6	NDUFA13
NDUFA6	COX7C
NDUFA6	COX6C
NDUFA6	UQCRB
NDUFA6	NDUFC1
NDUFA6	COX4I1
NDUFA6	NDUFAB1
NDUFA6	COX6B1
NDUFA6	UQCR11
NDUFA6	COX6B2
NDUFA6	COX7B
NDUFA6	UQCRHL
NDUFA6	NDUFV1
NDUFA6	NDUFB1
NDUFA7	NDUFB4
NDUFA7	UQCRC1
NDUFA7	ATP5F1D
NDUFA7	NDUFB7
NDUFA7	COX6A1
NDUFA7	NDUFS7
NDUFA7	TARDBP
NDUFA7	ATP5F1E
NDUFA7	NDUFA2
NDUFA7	NDUFA10
NDUFA7	COX5B
NDUFA7	NDUFB5
NDUFA7	ATP5F1B
NDUFA7	NDUFS3
NDUFA7	NDUFA9
NDUFA7	UQCRC2
NDUFA7	NDUFB10
NDUFA7	NDUFS6
NDUFA7	NDUFB9
NDUFA7	NDUFC2
NDUFA7	ATP5MC3
NDUFA7	COX6A2
NDUFA7	ATP5PO
NDUFA7	COX7A1
NDUFA7	NDUFS4
NDUFA7	NDUFB8
NDUFA7	ATP5MC2
NDUFA7	SDHC
NDUFA7	COX6B2
NDUFA7	SDHD
NDUFA7	COX8A
NDUFA7	ATP5PB
NDUFA7	ATP5MC1
NDUFA7	COX4I2
NDUFA7	SDHB
NDUFA7	UQCRHL
NDUFA7	COX7A2
NDUFA7	PINK1
NDUFA7	ATP5F1C
NDUFA7	NDUFA4L2
NDUFA7	COX6C
NDUFA7	ATP5PD
NDUFA7	ATP5PF
NDUFA7	COX4I1
NDUFA7	UQCRFS1
NDUFA7	CYC1
NDUFA7	COX7B
NDUFA7	COX6B1
NDUFA7	UQCRB
NDUFA7	COX5A
NDUFA7	UQCRH
NDUFA7	UQCRQ
NDUFA7	COX7C
NDUFA7	UQCR11
NDUFA7	UQCR10
NDUFA7	NDUFA4
NDUFA7	NDUFB1
NDUFA7	NDUFV1
NDUFA7	NDUFA3
NDUFA7	NDUFA11
NDUFA7	NDUFA1
NDUFA7	NDUFB6
NDUFA7	NDUFS8
NDUFA7	NDUFA8
NDUFA7	NDUFS5
NDUFA7	NDUFS2
NDUFA7	NDUFV3
NDUFA7	NDUFA13
NDUFA7	NDUFB3
NDUFA7	NDUFAB1
NDUFA7	NDUFS1
NDUFA7	NDUFV2
NDUFA7	NDUFC1
NDUFA7	NDUFA5
NDUFA7	NDUFA6
NDUFA7	NDUFB2
NDUFA7	NDUFA12
NDUFA8	NDUFB4
NDUFA8	UQCRC1
NDUFA8	ATP5F1D
NDUFA8	NDUFB7
NDUFA8	COX6A1
NDUFA8	NDUFS7
NDUFA8	TARDBP
NDUFA8	ATP5F1E
NDUFA8	NDUFA2
NDUFA8	NDUFA10
NDUFA8	COX5B
NDUFA8	NDUFB5
NDUFA8	ATP5F1B
NDUFA8	NDUFS3
NDUFA8	SDHA
NDUFA8	NDUFA9
NDUFA8	UQCRC2
NDUFA8	NDUFB10
NDUFA8	PSMB6
NDUFA8	NDUFS6
NDUFA8	NDUFB9
NDUFA8	NDUFC2
NDUFA8	ATP5MC3
NDUFA8	COX6A2
NDUFA8	ATP5PO
NDUFA8	COX7A1
NDUFA8	NDUFS4
NDUFA8	NDUFB8
NDUFA8	NDUFA7
NDUFA8	ATP5PD
NDUFA8	UQCRFS1
NDUFA8	CYCS
NDUFA8	UQCRH
NDUFA8	NDUFS8
NDUFA8	CYC1
NDUFA8	COX5A
NDUFA8	COX8A
NDUFA8	NDUFV2
NDUFA8	NDUFA12
NDUFA8	UQCR10
NDUFA8	NDUFA4
NDUFA8	NDUFV3
NDUFA8	ATP5F1C
NDUFA8	SDHC
NDUFA8	NDUFS2
NDUFA8	ATP5PB
NDUFA8	COX7A2
NDUFA8	NDUFA1
NDUFA8	NDUFS5
NDUFA8	ACTG1
NDUFA8	PSMC6
NDUFA8	COX7B2
NDUFA8	VDAC1
NDUFA8	ATP5MC2
NDUFA8	ATP5F1A
NDUFA8	NDUFA4L2
NDUFA8	ATP5PF
NDUFA8	PINK1
NDUFA8	COX6B2
NDUFA8	COX4I2
NDUFA8	ATP5MC1
NDUFA8	COX6C
NDUFA8	COX7B
NDUFA8	COX7C
NDUFA8	SDHD
NDUFA8	SDHB
NDUFA8	UQCRHL
NDUFA8	COX6B1
NDUFA8	COX4I1
NDUFA8	UQCR11
NDUFA8	UQCRQ
NDUFA8	NDUFB2
NDUFA8	NDUFC1
NDUFA8	NDUFV1
NDUFA8	NDUFA3
NDUFA8	NDUFA11
NDUFA8	NDUFB1
NDUFA8	NDUFB6
NDUFA8	NDUFA13
NDUFA8	NDUFB3
NDUFA8	NDUFS1
NDUFA8	NDUFAB1
NDUFA8	NDUFA5
NDUFA8	NDUFA6
NDUFA8	UQCRB
NDUFA9	NDUFB4
NDUFA9	UQCRC1
NDUFA9	ATP5F1D
NDUFA9	NDUFB7
NDUFA9	COX6A1
NDUFA9	NDUFS7
NDUFA9	TARDBP
NDUFA9	NDUFA2
NDUFA9	NDUFA10
NDUFA9	COX5B
NDUFA9	NDUFB5
NDUFA9	ATP5F1B
NDUFA9	NDUFS3
NDUFA9	SDHA
NDUFA9	ACTB
NDUFA9	ATP5MC2
NDUFA9	TOMM40
NDUFA9	COX6B2
NDUFA9	COX7A2L
NDUFA9	COX7A2
NDUFA9	NDUFA4L2
NDUFA9	ATP5PF
NDUFA9	ATP5MC3
NDUFA9	CYCS
NDUFA9	ATP5MC1
NDUFA9	MCU
NDUFA9	PINK1
NDUFA9	VDAC1
NDUFA9	ATP5PO
NDUFA9	UQCRHL
NDUFA9	COX6C
NDUFA9	ATP5PD
NDUFA9	ATP5PB
NDUFA9	SDHD
NDUFA9	COX7B
NDUFA9	SDHC
NDUFA9	COX4I2
NDUFA9	COX7A1
NDUFA9	COX6B1
NDUFA9	ATP5F1C
NDUFA9	COX6A2
NDUFA9	UQCR11
NDUFA9	COX7C
NDUFA9	ATP5F1A
NDUFA9	SDHB
NDUFA9	UQCRH
NDUFA9	UQCRQ
NDUFA9	NDUFA4
NDUFA9	UQCRB
NDUFA9	COX5A
NDUFA9	NDUFC1
NDUFA9	COX4I1
NDUFA9	NDUFB2
NDUFA9	UQCRC2
NDUFA9	CYC1
NDUFA9	NDUFA1
NDUFA9	NDUFV3
NDUFA9	NDUFB10
NDUFA9	NDUFS2
NDUFA9	NDUFS5
NDUFA9	UQCR10
NDUFA9	NDUFA8
NDUFA9	NDUFS8
NDUFA9	NDUFB6
NDUFA9	NDUFB1
NDUFA9	NDUFA7
NDUFA9	NDUFS4
NDUFA9	NDUFA11
NDUFA9	NDUFB9
NDUFA9	NDUFA3
NDUFA9	NDUFV1
NDUFA9	UQCRFS1
NDUFA9	NDUFA12
NDUFA9	NDUFB8
NDUFA9	NDUFS6
NDUFA9	NDUFA6
NDUFA9	NDUFA5
NDUFA9	NDUFV2
NDUFA9	NDUFAB1
NDUFA9	NDUFS1
NDUFA9	NDUFB3
NDUFA9	NDUFC2
NDUFA9	NDUFA13
NDUFAB1	NDUFB4
NDUFAB1	UQCRC1
NDUFAB1	ATP5F1D
NDUFAB1	NDUFB7
NDUFAB1	COX6A1
NDUFAB1	NDUFS7
NDUFAB1	TARDBP
NDUFAB1	ATP5F1E
NDUFAB1	NDUFA2
NDUFAB1	NDUFA10
NDUFAB1	COX5B
NDUFAB1	NDUFB5
NDUFAB1	ATP5F1B
NDUFAB1	NDUFS3
NDUFAB1	SDHA
NDUFAB1	NDUFA9
NDUFAB1	UQCRC2
NDUFAB1	NDUFB10
NDUFAB1	SOD1
NDUFAB1	PSMA5
NDUFAB1	NDUFS6
NDUFAB1	NDUFB9
NDUFAB1	NDUFC2
NDUFAB1	ATP5MC3
NDUFAB1	COX6A2
NDUFAB1	ATP5PO
NDUFAB1	COX7A1
NDUFAB1	NDUFS4
NDUFAB1	NDUFB8
NDUFAB1	DCTN5
NDUFAB1	NDUFA7
NDUFAB1	ATP5PD
NDUFAB1	UQCRFS1
NDUFAB1	CYCS
NDUFAB1	UQCRH
NDUFAB1	NDUFS8
NDUFAB1	CYC1
NDUFAB1	COX5A
NDUFAB1	COX8A
NDUFAB1	NDUFV2
NDUFAB1	NDUFA12
NDUFAB1	UQCR10
NDUFAB1	NDUFA4
NDUFAB1	NDUFV3
NDUFAB1	ATP5F1C
NDUFAB1	SDHC
NDUFAB1	NDUFS2
NDUFAB1	ATP5PB
NDUFAB1	COX7A2
NDUFAB1	NDUFA1
NDUFAB1	NDUFS5
NDUFAB1	NDUFA8
NDUFAB1	PINK1
NDUFAB1	SDHB
NDUFAB1	SDHD
NDUFAB1	COX4I2
NDUFAB1	UQCRQ
NDUFAB1	NDUFB6
NDUFAB1	ATP5MC1
NDUFAB1	NDUFA4L2
NDUFAB1	COX7B2
NDUFAB1	ATP5F1A
NDUFAB1	PSMD14
NDUFAB1	NDUFA11
NDUFAB1	ATP5PF
NDUFAB1	NDUFS1
NDUFAB1	NDUFB3
NDUFAB1	NDUFA5
NDUFAB1	NDUFA3
NDUFAB1	NDUFB2
NDUFAB1	NDUFA13
NDUFAB1	COX7C
NDUFAB1	COX6C
NDUFAB1	UQCRB
NDUFAB1	NDUFC1
NDUFAB1	COX4I1
NDUFAB1	ATP5MC2
NDUFAB1	COX6B2
NDUFAB1	UQCRHL
NDUFAB1	COX7B
NDUFAB1	UQCR11
NDUFAB1	COX6B1
NDUFAB1	NDUFA6
NDUFAB1	NDUFV1
NDUFAB1	NDUFB1
NDUFB1	NDUFB4
NDUFB1	UQCRC1
NDUFB1	NDUFB7
NDUFB1	COX6A1
NDUFB1	NDUFS7
NDUFB1	TARDBP
NDUFB1	NDUFA2
NDUFB1	NDUFA10
NDUFB1	COX5B
NDUFB1	NDUFB5
NDUFB1	NDUFS3
NDUFB1	SDHA
NDUFB1	NDUFA9
NDUFB1	UQCRC2
NDUFB1	NDUFB10
NDUFB1	NDUFS6
NDUFB1	NDUFB9
NDUFB1	NDUFC2
NDUFB1	ATP5MC3
NDUFB1	COX6A2
NDUFB1	ATP5PO
NDUFB1	COX7A1
NDUFB1	NDUFS4
NDUFB1	NDUFB8
NDUFB1	NDUFA7
NDUFB1	ATP5PD
NDUFB1	UQCRFS1
NDUFB1	CYCS
NDUFB1	UQCRH
NDUFB1	NDUFS8
NDUFB1	CYC1
NDUFB1	COX5A
NDUFB1	NDUFV2
NDUFB1	NDUFA12
NDUFB1	UQCR10
NDUFB1	NDUFA4
NDUFB1	NDUFV3
NDUFB1	ATP5F1C
NDUFB1	NDUFS2
NDUFB1	ATP5PB
NDUFB1	COX7A2
NDUFB1	NDUFA1
NDUFB1	NDUFS5
NDUFB1	NDUFA8
NDUFB1	PINK1
NDUFB1	SDHB
NDUFB1	UQCRQ
NDUFB1	NDUFB6
NDUFB1	ATP5MC1
NDUFB1	COX7B2
NDUFB1	NDUFA11
NDUFB1	ATP5PF
NDUFB1	NDUFS1
NDUFB1	NDUFB3
NDUFB1	NDUFA5
NDUFB1	NDUFA3
NDUFB1	NDUFB2
NDUFB1	NDUFA13
NDUFB1	COX7C
NDUFB1	COX6C
NDUFB1	UQCRB
NDUFB1	NDUFC1
NDUFB1	COX4I1
NDUFB1	NDUFAB1
NDUFB1	COX6B1
NDUFB1	UQCR11
NDUFB1	NDUFA6
NDUFB1	ATP5MC2
NDUFB1	COX7B
NDUFB1	NDUFV1
NDUFB10	NDUFB4
NDUFB10	UQCRC1
NDUFB10	ATP5F1D
NDUFB10	NDUFB7
NDUFB10	COX6A1
NDUFB10	NDUFS7
NDUFB10	TARDBP
NDUFB10	ATP5F1E
NDUFB10	NDUFA2
NDUFB10	NDUFA10
NDUFB10	COX5B
NDUFB10	NDUFB5
NDUFB10	ATP5F1B
NDUFB10	NDUFS3
NDUFB10	SDHA
NDUFB10	NDUFA9
NDUFB10	UQCRC2
NDUFB10	PSMC5
NDUFB10	MCU
NDUFB10	VDAC1
NDUFB10	COX8A
NDUFB10	COX7B2
NDUFB10	COX6B2
NDUFB10	ATP5MC3
NDUFB10	COX7A2
NDUFB10	ATP5MC1
NDUFB10	ATP5MC2
NDUFB10	ATP5F1A
NDUFB10	NDUFA4L2
NDUFB10	PINK1
NDUFB10	SDHC
NDUFB10	ATP5PB
NDUFB10	SDHD
NDUFB10	ATP5F1C
NDUFB10	ATP5PF
NDUFB10	SDHB
NDUFB10	COX7A1
NDUFB10	ATP5PO
NDUFB10	UQCRHL
NDUFB10	COX4I2
NDUFB10	COX7B
NDUFB10	COX6C
NDUFB10	COX6B1
NDUFB10	COX6A2
NDUFB10	COX7C
NDUFB10	ATP5PD
NDUFB10	UQCRQ
NDUFB10	UQCR11
NDUFB10	UQCRFS1
NDUFB10	NDUFA4
NDUFB10	UQCRH
NDUFB10	COX5A
NDUFB10	COX4I1
NDUFB10	UQCRB
NDUFB10	CYC1
NDUFB10	UQCR10
NDUFB10	NDUFC1
NDUFB10	NDUFV3
NDUFB10	NDUFS2
NDUFB10	NDUFS5
NDUFB10	NDUFA8
NDUFB10	NDUFS8
NDUFB10	NDUFB6
NDUFB10	NDUFB1
NDUFB10	NDUFA7
NDUFB10	NDUFS4
NDUFB10	NDUFA1
NDUFB10	NDUFA11
NDUFB10	NDUFB9
NDUFB10	NDUFA3
NDUFB10	NDUFV1
NDUFB10	NDUFA12
NDUFB10	NDUFB2
NDUFB10	NDUFB8
NDUFB10	NDUFS6
NDUFB10	NDUFA6
NDUFB10	NDUFA5
NDUFB10	NDUFV2
NDUFB10	NDUFAB1
NDUFB10	NDUFS1
NDUFB10	NDUFB3
NDUFB10	NDUFC2
NDUFB10	NDUFA13
NDUFB2	NDUFB4
NDUFB2	UQCRC1
NDUFB2	NDUFB7
NDUFB2	COX6A1
NDUFB2	NDUFS7
NDUFB2	TARDBP
NDUFB2	ATP5F1E
NDUFB2	NDUFA2
NDUFB2	NDUFA10
NDUFB2	COX5B
NDUFB2	NDUFB5
NDUFB2	NDUFS3
NDUFB2	NDUFA9
NDUFB2	UQCRC2
NDUFB2	NDUFB10
NDUFB2	NDUFS6
NDUFB2	NDUFB9
NDUFB2	NDUFC2
NDUFB2	ATP5MC3
NDUFB2	COX6A2
NDUFB2	ATP5PO
NDUFB2	COX7A1
NDUFB2	NDUFS4
NDUFB2	NDUFB8
NDUFB2	NDUFA7
NDUFB2	ATP5PD
NDUFB2	UQCRFS1
NDUFB2	UQCRH
NDUFB2	NDUFS8
NDUFB2	CYC1
NDUFB2	COX5A
NDUFB2	COX8A
NDUFB2	NDUFV2
NDUFB2	NDUFA12
NDUFB2	UQCR10
NDUFB2	NDUFA4
NDUFB2	NDUFV3
NDUFB2	NDUFS2
NDUFB2	ATP5PB
NDUFB2	COX7A2
NDUFB2	NDUFA1
NDUFB2	NDUFS5
NDUFB2	NDUFA8
NDUFB2	PINK1
NDUFB2	UQCRQ
NDUFB2	NDUFB6
NDUFB2	ATP5MC1
NDUFB2	NDUFA4L2
NDUFB2	ATP5F1A
NDUFB2	NDUFA11
NDUFB2	ATP5PF
NDUFB2	NDUFS1
NDUFB2	NDUFB3
NDUFB2	NDUFA5
NDUFB2	NDUFA3
NDUFB2	COX6C
NDUFB2	COX6B1
NDUFB2	COX4I1
NDUFB2	UQCRB
NDUFB2	UQCR11
NDUFB2	COX7B
NDUFB2	COX7C
NDUFB2	NDUFV1
NDUFB2	NDUFA13
NDUFB2	NDUFB1
NDUFB2	NDUFC1
NDUFB2	NDUFA6
NDUFB2	NDUFAB1
NDUFB3	PSMA4
NDUFB3	NDUFB4
NDUFB3	UQCRC1
NDUFB3	NDUFB7
NDUFB3	COX6A1
NDUFB3	NDUFS7
NDUFB3	TARDBP
NDUFB3	ATP5F1E
NDUFB3	NDUFA2
NDUFB3	NDUFA10
NDUFB3	COX5B
NDUFB3	NDUFB5
NDUFB3	ATP5F1B
NDUFB3	NDUFS3
NDUFB3	SDHA
NDUFB3	NDUFA9
NDUFB3	UQCRC2
NDUFB3	NDUFB10
NDUFB3	NDUFS6
NDUFB3	NDUFB9
NDUFB3	NDUFC2
NDUFB3	ATP5MC3
NDUFB3	COX6A2
NDUFB3	ATP5PO
NDUFB3	COX7A1
NDUFB3	NDUFS4
NDUFB3	NDUFB8
NDUFB3	NDUFA7
NDUFB3	ATP5PD
NDUFB3	UQCRFS1
NDUFB3	UQCRH
NDUFB3	NDUFS8
NDUFB3	CYC1
NDUFB3	COX5A
NDUFB3	COX8A
NDUFB3	NDUFV2
NDUFB3	NDUFA12
NDUFB3	UQCR10
NDUFB3	NDUFA4
NDUFB3	NDUFV3
NDUFB3	ATP5F1C
NDUFB3	SDHC
NDUFB3	NDUFS2
NDUFB3	ATP5PB
NDUFB3	COX7A2
NDUFB3	NDUFA1
NDUFB3	NDUFS5
NDUFB3	NDUFA8
NDUFB3	PINK1
NDUFB3	SDHB
NDUFB3	SDHD
NDUFB3	COX4I2
NDUFB3	UQCRQ
NDUFB3	NDUFB6
NDUFB3	ATP5MC1
NDUFB3	NDUFA4L2
NDUFB3	COX7B2
NDUFB3	ATP5F1A
NDUFB3	NDUFA11
NDUFB3	ATP5PF
NDUFB3	NDUFS1
NDUFB3	ATP5MC2
NDUFB3	COX6B2
NDUFB3	UQCRHL
NDUFB3	COX4I1
NDUFB3	COX6B1
NDUFB3	UQCR11
NDUFB3	COX7B
NDUFB3	COX6C
NDUFB3	COX7C
NDUFB3	UQCRB
NDUFB3	NDUFA5
NDUFB3	NDUFA6
NDUFB3	NDUFB2
NDUFB3	NDUFA13
NDUFB3	NDUFAB1
NDUFB3	NDUFC1
NDUFB3	NDUFB1
NDUFB3	NDUFA3
NDUFB3	NDUFV1
NDUFB4	COX7A2L
NDUFB4	VDAC1
NDUFB4	COX8A
NDUFB4	SDHA
NDUFB4	ATP5F1A
NDUFB4	ATP5MC2
NDUFB4	COX7B2
NDUFB4	ATP5F1E
NDUFB4	COX4I2
NDUFB4	UQCRHL
NDUFB4	COX6B2
NDUFB4	ATP5MC1
NDUFB4	ATP5F1B
NDUFB4	ATP5MC3
NDUFB4	ATP5F1D
NDUFB4	TARDBP
NDUFB4	ATP5PB
NDUFB4	COX7A2
NDUFB4	SDHB
NDUFB4	PINK1
NDUFB4	SDHC
NDUFB4	ATP5F1C
NDUFB4	COX6A1
NDUFB4	NDUFA4L2
NDUFB4	SDHD
NDUFB4	ATP5PD
NDUFB4	ATP5PO
NDUFB4	ATP5PF
NDUFB4	COX7B
NDUFB4	CYC1
NDUFB4	COX6A2
NDUFB4	COX7A1
NDUFB4	COX4I1
NDUFB4	UQCRC2
NDUFB4	UQCRH
NDUFB4	COX6B1
NDUFB4	UQCRC1
NDUFB4	UQCR11
NDUFB4	UQCRFS1
NDUFB4	COX5B
NDUFB4	COX7C
NDUFB4	COX6C
NDUFB4	COX5A
NDUFB4	NDUFA4
NDUFB4	UQCR10
NDUFB4	UQCRB
NDUFB4	UQCRQ
NDUFB4	NDUFB5
NDUFB4	NDUFA13
NDUFB4	NDUFC2
NDUFB4	NDUFB3
NDUFB4	NDUFAB1
NDUFB4	NDUFS1
NDUFB4	NDUFV2
NDUFB4	NDUFC1
NDUFB4	NDUFA9
NDUFB4	NDUFA5
NDUFB4	NDUFB8
NDUFB4	NDUFA6
NDUFB4	NDUFS6
NDUFB4	NDUFB2
NDUFB4	NDUFA12
NDUFB4	NDUFS3
NDUFB4	NDUFV1
NDUFB4	NDUFA3
NDUFB4	NDUFB9
NDUFB4	NDUFA1
NDUFB4	NDUFA11
NDUFB4	NDUFB7
NDUFB4	NDUFS4
NDUFB4	NDUFA7
NDUFB4	NDUFB1
NDUFB4	NDUFS7
NDUFB4	NDUFB6
NDUFB4	NDUFA10
NDUFB4	NDUFS8
NDUFB4	NDUFA8
NDUFB4	NDUFA2
NDUFB4	NDUFS5
NDUFB4	NDUFS2
NDUFB4	NDUFB10
NDUFB4	NDUFV3
NDUFB5	NDUFB4
NDUFB5	UQCRC1
NDUFB5	ATP5F1D
NDUFB5	NDUFB7
NDUFB5	PSMA3
NDUFB5	COX6A1
NDUFB5	NDUFS7
NDUFB5	TARDBP
NDUFB5	ATP5F1E
NDUFB5	NDUFA2
NDUFB5	NDUFA10
NDUFB5	COX5B
NDUFB5	SDHA
NDUFB5	COX8A
NDUFB5	COX7A2L
NDUFB5	COX6B2
NDUFB5	CYCS
NDUFB5	COX4I2
NDUFB5	COX7B2
NDUFB5	PINK1
NDUFB5	ATP5MC2
NDUFB5	ATP5F1B
NDUFB5	UQCRHL
NDUFB5	ATP5MC1
NDUFB5	ATP5MC3
NDUFB5	NDUFA4L2
NDUFB5	SDHB
NDUFB5	SDHC
NDUFB5	ATP5F1A
NDUFB5	ATP5PO
NDUFB5	COX7A2
NDUFB5	COX7A1
NDUFB5	ATP5PF
NDUFB5	ATP5F1C
NDUFB5	COX6A2
NDUFB5	SDHD
NDUFB5	CYC1
NDUFB5	COX6B1
NDUFB5	COX4I1
NDUFB5	ATP5PB
NDUFB5	ATP5PD
NDUFB5	UQCR11
NDUFB5	COX7B
NDUFB5	COX7C
NDUFB5	UQCRC2
NDUFB5	UQCRH
NDUFB5	UQCRFS1
NDUFB5	COX6C
NDUFB5	UQCRQ
NDUFB5	UQCRB
NDUFB5	UQCR10
NDUFB5	COX5A
NDUFB5	NDUFA4
NDUFB5	NDUFB2
NDUFB5	NDUFA8
NDUFB5	NDUFS5
NDUFB5	NDUFS2
NDUFB5	NDUFB10
NDUFB5	NDUFV3
NDUFB5	NDUFB1
NDUFB5	NDUFB6
NDUFB5	NDUFS8
NDUFB5	NDUFA11
NDUFB5	NDUFA1
NDUFB5	NDUFS4
NDUFB5	NDUFA7
NDUFB5	NDUFV1
NDUFB5	NDUFS3
NDUFB5	NDUFB9
NDUFB5	NDUFA3
NDUFB5	NDUFA12
NDUFB5	NDUFA9
NDUFB5	NDUFA5
NDUFB5	NDUFS6
NDUFB5	NDUFA6
NDUFB5	NDUFB8
NDUFB5	NDUFB3
NDUFB5	NDUFV2
NDUFB5	NDUFS1
NDUFB5	NDUFAB1
NDUFB5	NDUFC1
NDUFB5	NDUFA13
NDUFB5	NDUFC2
NDUFB6	NDUFB4
NDUFB6	UQCRC1
NDUFB6	ATP5F1D
NDUFB6	NDUFB7
NDUFB6	COX6A1
NDUFB6	NDUFS7
NDUFB6	TARDBP
NDUFB6	ATP5F1E
NDUFB6	NDUFA2
NDUFB6	NDUFA10
NDUFB6	COX5B
NDUFB6	NDUFB5
NDUFB6	ATP5F1B
NDUFB6	NDUFS3
NDUFB6	SDHA
NDUFB6	NDUFA9
NDUFB6	UQCRC2
NDUFB6	NDUFB10
NDUFB6	NDUFS6
NDUFB6	NDUFB9
NDUFB6	NDUFC2
NDUFB6	ATP5MC3
NDUFB6	COX6A2
NDUFB6	ATP5PO
NDUFB6	COX7A1
NDUFB6	NDUFS4
NDUFB6	NDUFB8
NDUFB6	NDUFA7
NDUFB6	ATP5PD
NDUFB6	UQCRFS1
NDUFB6	CYCS
NDUFB6	UQCRH
NDUFB6	NDUFS8
NDUFB6	CYC1
NDUFB6	COX5A
NDUFB6	COX8A
NDUFB6	NDUFV2
NDUFB6	NDUFA12
NDUFB6	UQCR10
NDUFB6	NDUFA4
NDUFB6	NDUFV3
NDUFB6	ATP5F1C
NDUFB6	SDHC
NDUFB6	NDUFS2
NDUFB6	ATP5PB
NDUFB6	COX7A2
NDUFB6	NDUFA1
NDUFB6	NDUFS5
NDUFB6	NDUFA8
NDUFB6	PINK1
NDUFB6	SDHB
NDUFB6	SDHD
NDUFB6	COX4I2
NDUFB6	UQCRQ
NDUFB6	VDAC1
NDUFB6	COX7B2
NDUFB6	ATP5MC2
NDUFB6	UQCRHL
NDUFB6	ATP5F1A
NDUFB6	ATP5MC1
NDUFB6	NDUFA4L2
NDUFB6	COX6B2
NDUFB6	COX6C
NDUFB6	COX7B
NDUFB6	UQCR11
NDUFB6	COX4I1
NDUFB6	COX6B1
NDUFB6	COX7C
NDUFB6	ATP5PF
NDUFB6	UQCRB
NDUFB6	NDUFB2
NDUFB6	NDUFC1
NDUFB6	NDUFB1
NDUFB6	NDUFA11
NDUFB6	NDUFA3
NDUFB6	NDUFV1
NDUFB6	NDUFA6
NDUFB6	NDUFA5
NDUFB6	NDUFAB1
NDUFB6	NDUFS1
NDUFB6	NDUFB3
NDUFB6	NDUFA13
NDUFB7	NDUFB4
NDUFB7	UQCRC1
NDUFB7	ATP5F1D
NDUFB7	COX7B2
NDUFB7	MCU
NDUFB7	PSMB6
NDUFB7	SDHA
NDUFB7	ATP5MC2
NDUFB7	ATP5MC3
NDUFB7	COX7A2
NDUFB7	TARDBP
NDUFB7	ATP5F1E
NDUFB7	PINK1
NDUFB7	ATP5PO
NDUFB7	COX4I2
NDUFB7	ATP5MC1
NDUFB7	NDUFA4L2
NDUFB7	SDHD
NDUFB7	COX6A1
NDUFB7	COX8A
NDUFB7	ATP5F1C
NDUFB7	COX6B2
NDUFB7	SDHC
NDUFB7	ATP5PF
NDUFB7	ATP5PB
NDUFB7	COX6C
NDUFB7	SDHB
NDUFB7	ATP5PD
NDUFB7	COX7A1
NDUFB7	COX7B
NDUFB7	UQCRHL
NDUFB7	COX6A2
NDUFB7	UQCRC2
NDUFB7	COX4I1
NDUFB7	COX6B1
NDUFB7	COX7C
NDUFB7	NDUFA4
NDUFB7	COX5A
NDUFB7	UQCRB
NDUFB7	COX5B
NDUFB7	CYC1
NDUFB7	UQCRFS1
NDUFB7	UQCRH
NDUFB7	UQCR11
NDUFB7	UQCR10
NDUFB7	NDUFB1
NDUFB7	NDUFC1
NDUFB7	NDUFA7
NDUFB7	NDUFS4
NDUFB7	NDUFA1
NDUFB7	NDUFA11
NDUFB7	NDUFA3
NDUFB7	NDUFB9
NDUFB7	NDUFS3
NDUFB7	NDUFV1
NDUFB7	NDUFV3
NDUFB7	NDUFB10
NDUFB7	NDUFS2
NDUFB7	NDUFS5
NDUFB7	NDUFA2
NDUFB7	NDUFA8
NDUFB7	NDUFS8
NDUFB7	NDUFA10
NDUFB7	NDUFB6
NDUFB7	NDUFS7
NDUFB7	NDUFAB1
NDUFB7	NDUFS1
NDUFB7	NDUFV2
NDUFB7	NDUFB3
NDUFB7	UQCRQ
NDUFB7	NDUFC2
NDUFB7	NDUFA13
NDUFB7	NDUFB5
NDUFB7	NDUFA12
NDUFB7	NDUFB2
NDUFB7	NDUFB8
NDUFB7	NDUFA6
NDUFB7	NDUFS6
NDUFB7	NDUFA5
NDUFB7	NDUFA9
NDUFB8	NDUFB4
NDUFB8	UQCRC1
NDUFB8	ATP5F1D
NDUFB8	NDUFB7
NDUFB8	COX6A1
NDUFB8	NDUFS7
NDUFB8	TARDBP
NDUFB8	ATP5F1E
NDUFB8	NDUFA2
NDUFB8	NDUFA10
NDUFB8	COX5B
NDUFB8	NDUFB5
NDUFB8	ATP5F1B
NDUFB8	NDUFS3
NDUFB8	SDHA
NDUFB8	NDUFA9
NDUFB8	UQCRC2
NDUFB8	NDUFB10
NDUFB8	PSMB6
NDUFB8	NDUFS6
NDUFB8	NDUFB9
NDUFB8	NDUFC2
NDUFB8	ATP5MC3
NDUFB8	COX6A2
NDUFB8	ATP5PO
NDUFB8	PSMB4
NDUFB8	COX7A1
NDUFB8	NDUFS4
NDUFB8	COX7A2L
NDUFB8	COX7B2
NDUFB8	ACTB
NDUFB8	ATP5MC2
NDUFB8	CYCS
NDUFB8	TOMM40
NDUFB8	VDAC1
NDUFB8	COX6B2
NDUFB8	PINK1
NDUFB8	ATP5PB
NDUFB8	NDUFA4L2
NDUFB8	COX8A
NDUFB8	ATP5PF
NDUFB8	COX4I2
NDUFB8	COX7A2
NDUFB8	COX7B
NDUFB8	UQCRHL
NDUFB8	ATP5MC1
NDUFB8	ATP5F1C
NDUFB8	COX6C
NDUFB8	ATP5PD
NDUFB8	ATP5F1A
NDUFB8	SDHC
NDUFB8	COX7C
NDUFB8	COX6B1
NDUFB8	SDHD
NDUFB8	UQCRH
NDUFB8	COX4I1
NDUFB8	UQCR11
NDUFB8	UQCRB
NDUFB8	CYC1
NDUFB8	NDUFB1
NDUFB8	COX5A
NDUFB8	NDUFA4
NDUFB8	UQCR10
NDUFB8	UQCRQ
NDUFB8	SDHB
NDUFB8	UQCRFS1
NDUFB8	NDUFC1
NDUFB8	NDUFB3
NDUFB8	NDUFS1
NDUFB8	NDUFAB1
NDUFB8	NDUFV2
NDUFB8	NDUFA13
NDUFB8	NDUFB2
NDUFB8	NDUFA12
NDUFB8	NDUFA6
NDUFB8	NDUFA5
NDUFB8	NDUFA7
NDUFB8	NDUFA11
NDUFB8	NDUFA1
NDUFB8	NDUFV1
NDUFB8	NDUFA3
NDUFB8	NDUFV3
NDUFB8	NDUFA8
NDUFB8	NDUFS2
NDUFB8	NDUFS5
NDUFB8	NDUFB6
NDUFB8	NDUFS8
NDUFB9	NDUFB4
NDUFB9	UQCRC1
NDUFB9	ATP5F1D
NDUFB9	NDUFB7
NDUFB9	COX6A1
NDUFB9	NDUFS7
NDUFB9	TARDBP
NDUFB9	ATP5F1E
NDUFB9	NDUFA2
NDUFB9	NDUFA10
NDUFB9	COX5B
NDUFB9	NDUFB5
NDUFB9	ATP5F1B
NDUFB9	NDUFS3
NDUFB9	SDHA
NDUFB9	NDUFA9
NDUFB9	UQCRC2
NDUFB9	NDUFB10
NDUFB9	PSMB6
NDUFB9	NDUFS6
NDUFB9	CYCS
NDUFB9	ATP5MC2
NDUFB9	COX8A
NDUFB9	VDAC1
NDUFB9	PINK1
NDUFB9	COX7B2
NDUFB9	ATP5MC1
NDUFB9	COX6B2
NDUFB9	ATP5MC3
NDUFB9	ATP5F1A
NDUFB9	ATP5PB
NDUFB9	NDUFA4L2
NDUFB9	SDHC
NDUFB9	ATP5PO
NDUFB9	COX4I2
NDUFB9	COX7A1
NDUFB9	ATP5PF
NDUFB9	UQCRHL
NDUFB9	SDHD
NDUFB9	COX7A2
NDUFB9	COX6A2
NDUFB9	SDHB
NDUFB9	ATP5F1C
NDUFB9	COX7B
NDUFB9	COX4I1
NDUFB9	COX6C
NDUFB9	ATP5PD
NDUFB9	COX7C
NDUFB9	UQCR11
NDUFB9	COX6B1
NDUFB9	NDUFA4
NDUFB9	COX5A
NDUFB9	UQCRH
NDUFB9	UQCRQ
NDUFB9	CYC1
NDUFB9	NDUFC1
NDUFB9	UQCRB
NDUFB9	UQCR10
NDUFB9	NDUFB1
NDUFB9	NDUFB3
NDUFB9	NDUFV2
NDUFB9	NDUFAB1
NDUFB9	NDUFS1
NDUFB9	NDUFA13
NDUFB9	NDUFC2
NDUFB9	NDUFB2
NDUFB9	NDUFA12
NDUFB9	NDUFA5
NDUFB9	NDUFB8
NDUFB9	NDUFA6
NDUFB9	NDUFA1
NDUFB9	NDUFA11
NDUFB9	NDUFS4
NDUFB9	NDUFA7
NDUFB9	UQCRFS1
NDUFB9	NDUFV1
NDUFB9	NDUFA3
NDUFB9	NDUFA8
NDUFB9	NDUFS5
NDUFB9	NDUFS2
NDUFB9	NDUFV3
NDUFB9	NDUFB6
NDUFB9	NDUFS8
NDUFC1	NDUFB4
NDUFC1	UQCRC1
NDUFC1	NDUFB7
NDUFC1	COX6A1
NDUFC1	NDUFS7
NDUFC1	TARDBP
NDUFC1	ATP5F1E
NDUFC1	NDUFA2
NDUFC1	NDUFA10
NDUFC1	COX5B
NDUFC1	NDUFB5
NDUFC1	NDUFS3
NDUFC1	NDUFA9
NDUFC1	UQCRC2
NDUFC1	NDUFB10
NDUFC1	NDUFS6
NDUFC1	NDUFB9
NDUFC1	NDUFC2
NDUFC1	ATP5MC3
NDUFC1	COX6A2
NDUFC1	ATP5PO
NDUFC1	COX7A1
NDUFC1	NDUFS4
NDUFC1	NDUFB8
NDUFC1	NDUFA7
NDUFC1	ATP5PD
NDUFC1	UQCRFS1
NDUFC1	UQCRH
NDUFC1	NDUFS8
NDUFC1	CYC1
NDUFC1	COX5A
NDUFC1	COX8A
NDUFC1	NDUFV2
NDUFC1	NDUFA12
NDUFC1	UQCR10
NDUFC1	NDUFA4
NDUFC1	NDUFV3
NDUFC1	NDUFS2
NDUFC1	ATP5PB
NDUFC1	COX7A2
NDUFC1	NDUFA1
NDUFC1	NDUFS5
NDUFC1	NDUFA8
NDUFC1	PINK1
NDUFC1	SDHD
NDUFC1	UQCRQ
NDUFC1	NDUFB6
NDUFC1	ATP5MC1
NDUFC1	NDUFA4L2
NDUFC1	COX7B2
NDUFC1	NDUFA11
NDUFC1	ATP5PF
NDUFC1	NDUFS1
NDUFC1	NDUFB3
NDUFC1	NDUFA5
NDUFC1	NDUFA3
NDUFC1	NDUFB2
NDUFC1	NDUFA13
NDUFC1	COX7C
NDUFC1	COX6C
NDUFC1	UQCRB
NDUFC1	ATP5MC2
NDUFC1	COX4I1
NDUFC1	COX6B1
NDUFC1	COX7B
NDUFC1	UQCR11
NDUFC1	NDUFB1
NDUFC1	NDUFV1
NDUFC1	NDUFA6
NDUFC1	NDUFAB1
NDUFC2	NDUFB4
NDUFC2	UQCRC1
NDUFC2	ATP5F1D
NDUFC2	NDUFB7
NDUFC2	COX6A1
NDUFC2	NDUFS7
NDUFC2	TARDBP
NDUFC2	ATP5F1E
NDUFC2	NDUFA2
NDUFC2	NDUFA10
NDUFC2	COX5B
NDUFC2	NDUFB5
NDUFC2	ATP5F1B
NDUFC2	NDUFS3
NDUFC2	SDHA
NDUFC2	NDUFA9
NDUFC2	UQCRC2
NDUFC2	NDUFB10
NDUFC2	NDUFS6
NDUFC2	NDUFB9
NDUFC2	ATP5MC2
NDUFC2	ATP5F1A
NDUFC2	COX8A
NDUFC2	COX7B2
NDUFC2	UQCRHL
NDUFC2	ATP5MC1
NDUFC2	COX6B2
NDUFC2	ATP5MC3
NDUFC2	ATP5PO
NDUFC2	ATP5F1C
NDUFC2	PINK1
NDUFC2	SDHC
NDUFC2	SDHD
NDUFC2	NDUFA4L2
NDUFC2	SDHB
NDUFC2	ATP5PB
NDUFC2	COX4I2
NDUFC2	ATP5PF
NDUFC2	COX7A2
NDUFC2	ATP5PD
NDUFC2	COX7A1
NDUFC2	COX6C
NDUFC2	COX7B
NDUFC2	COX6A2
NDUFC2	CYC1
NDUFC2	COX6B1
NDUFC2	COX4I1
NDUFC2	UQCRH
NDUFC2	COX7C
NDUFC2	UQCRFS1
NDUFC2	UQCRB
NDUFC2	UQCR10
NDUFC2	COX5A
NDUFC2	UQCRQ
NDUFC2	UQCR11
NDUFC2	NDUFA4
NDUFC2	NDUFB2
NDUFC2	NDUFS1
NDUFC2	NDUFV3
NDUFC2	NDUFA3
NDUFC2	NDUFA1
NDUFC2	NDUFA11
NDUFC2	NDUFA5
NDUFC2	NDUFB8
NDUFC2	NDUFA6
NDUFC2	NDUFA12
NDUFC2	NDUFA13
NDUFC2	NDUFB3
NDUFC2	NDUFAB1
NDUFC2	NDUFV2
NDUFC2	NDUFC1
NDUFC2	NDUFB1
NDUFC2	NDUFB6
NDUFC2	NDUFS8
NDUFC2	NDUFA8
NDUFC2	NDUFS5
NDUFC2	NDUFS2
NDUFC2	NDUFV1
NDUFC2	NDUFS4
NDUFC2	NDUFA7
NDUFS1	NDUFB4
NDUFS1	UQCRC1
NDUFS1	ATP5F1D
NDUFS1	NDUFB7
NDUFS1	COX6A1
NDUFS1	NDUFS7
NDUFS1	TARDBP
NDUFS1	ATP5F1E
NDUFS1	NDUFA2
NDUFS1	NDUFA10
NDUFS1	COX5B
NDUFS1	NDUFB5
NDUFS1	ATP5F1B
NDUFS1	NDUFS3
NDUFS1	SDHA
NDUFS1	NDUFA9
NDUFS1	UQCRC2
NDUFS1	NDUFB10
NDUFS1	SOD1
NDUFS1	NDUFS6
NDUFS1	NDUFB9
NDUFS1	NDUFC2
NDUFS1	ATP5MC3
NDUFS1	COX6A2
NDUFS1	ATP5PO
NDUFS1	COX7A1
NDUFS1	NDUFS4
NDUFS1	NDUFB8
NDUFS1	NDUFA7
NDUFS1	ATP5PD
NDUFS1	UQCRFS1
NDUFS1	CYCS
NDUFS1	UQCRH
NDUFS1	CASP3
NDUFS1	NDUFS8
NDUFS1	CYC1
NDUFS1	COX5A
NDUFS1	NDUFV2
NDUFS1	NDUFA12
NDUFS1	UQCR10
NDUFS1	NDUFA4
NDUFS1	NDUFV3
NDUFS1	ATP5F1C
NDUFS1	SDHC
NDUFS1	NDUFS2
NDUFS1	ATP5PB
NDUFS1	COX7A2
NDUFS1	NDUFA1
NDUFS1	NDUFS5
NDUFS1	NDUFA8
NDUFS1	PINK1
NDUFS1	SDHB
NDUFS1	SDHD
NDUFS1	COX4I2
NDUFS1	COX7A2L
NDUFS1	UQCRQ
NDUFS1	NDUFB6
NDUFS1	ATP5MC1
NDUFS1	NDUFA4L2
NDUFS1	VDAC1
NDUFS1	ATP5F1A
NDUFS1	NDUFA11
NDUFS1	ATP5PF
NDUFS1	TOMM40
NDUFS1	COX6B2
NDUFS1	COX6C
NDUFS1	COX7C
NDUFS1	UQCR11
NDUFS1	UQCRHL
NDUFS1	COX7B
NDUFS1	COX4I1
NDUFS1	COX6B1
NDUFS1	NDUFB2
NDUFS1	NDUFB1
NDUFS1	NDUFC1
NDUFS1	UQCRB
NDUFS1	NDUFV1
NDUFS1	NDUFA3
NDUFS1	NDUFB3
NDUFS1	NDUFAB1
NDUFS1	NDUFA13
NDUFS1	NDUFA6
NDUFS1	NDUFA5
NDUFS2	NDUFB4
NDUFS2	UQCRC1
NDUFS2	ATP5F1D
NDUFS2	NDUFB7
NDUFS2	COX6A1
NDUFS2	NDUFS7
NDUFS2	TARDBP
NDUFS2	ATP5F1E
NDUFS2	NDUFA2
NDUFS2	NDUFA10
NDUFS2	COX5B
NDUFS2	NDUFB5
NDUFS2	ATP5F1B
NDUFS2	NDUFS3
NDUFS2	SDHA
NDUFS2	NDUFA9
NDUFS2	UQCRC2
NDUFS2	NDUFB10
NDUFS2	NDUFS6
NDUFS2	NDUFB9
NDUFS2	NDUFC2
NDUFS2	ATP5MC3
NDUFS2	COX6A2
NDUFS2	ATP5PO
NDUFS2	COX7A1
NDUFS2	NDUFS4
NDUFS2	NDUFB8
NDUFS2	NDUFA7
NDUFS2	ATP5PD
NDUFS2	UQCRFS1
NDUFS2	CYCS
NDUFS2	UQCRH
NDUFS2	NDUFS8
NDUFS2	CYC1
NDUFS2	COX5A
NDUFS2	COX8A
NDUFS2	NDUFV2
NDUFS2	NDUFA12
NDUFS2	UQCR10
NDUFS2	NDUFA4
NDUFS2	TUBB4B
NDUFS2	NDUFV3
NDUFS2	ATP5F1C
NDUFS2	SDHC
NDUFS2	TOMM40L
NDUFS2	COX7B2
NDUFS2	DCTN2
NDUFS2	VDAC1
NDUFS2	COX7A2L
NDUFS2	TOMM40
NDUFS2	COX7A2
NDUFS2	ATP5PF
NDUFS2	ATP5MC2
NDUFS2	ATP5MC1
NDUFS2	COX6B2
NDUFS2	PINK1
NDUFS2	NDUFA4L2
NDUFS2	COX6C
NDUFS2	ATP5PB
NDUFS2	COX7B
NDUFS2	SDHD
NDUFS2	COX4I2
NDUFS2	UQCR11
NDUFS2	UQCRHL
NDUFS2	COX7C
NDUFS2	COX6B1
NDUFS2	ATP5F1A
NDUFS2	UQCRQ
NDUFS2	COX4I1
NDUFS2	NDUFB2
NDUFS2	NDUFB1
NDUFS2	NDUFC1
NDUFS2	SDHB
NDUFS2	UQCRB
NDUFS2	NDUFA13
NDUFS2	NDUFB3
NDUFS2	NDUFAB1
NDUFS2	NDUFS1
NDUFS2	NDUFA6
NDUFS2	NDUFA5
NDUFS2	NDUFV1
NDUFS2	NDUFA3
NDUFS2	NDUFA1
NDUFS2	NDUFA11
NDUFS2	NDUFB6
NDUFS2	NDUFA8
NDUFS2	NDUFS5
NDUFS3	NDUFB4
NDUFS3	UQCRC1
NDUFS3	ATP5F1D
NDUFS3	NDUFB7
NDUFS3	COX6A1
NDUFS3	NDUFS7
NDUFS3	TARDBP
NDUFS3	ATP5F1E
NDUFS3	NDUFA2
NDUFS3	NDUFA10
NDUFS3	COX5B
NDUFS3	NDUFB5
NDUFS3	ATP5F1B
NDUFS3	RAB1A
NDUFS3	PRKN
NDUFS3	ACTB
NDUFS3	VCP
NDUFS3	COX7B2
NDUFS3	COX7A2L
NDUFS3	PSMC3
NDUFS3	TOMM40
NDUFS3	PSMB6
NDUFS3	COX8A
NDUFS3	COX6B2
NDUFS3	COX7A2
NDUFS3	CYCS
NDUFS3	ATP5MC2
NDUFS3	NDUFA4L2
NDUFS3	ATP5MC3
NDUFS3	VDAC1
NDUFS3	PINK1
NDUFS3	COX4I2
NDUFS3	COX6C
NDUFS3	ATP5MC1
NDUFS3	COX7A1
NDUFS3	ATP5PB
NDUFS3	UQCRHL
NDUFS3	ATP5PF
NDUFS3	COX7B
NDUFS3	SDHC
NDUFS3	UQCR11
NDUFS3	COX6A2
NDUFS3	SDHD
NDUFS3	ATP5F1A
NDUFS3	COX7C
NDUFS3	COX6B1
NDUFS3	ATP5PD
NDUFS3	ATP5PO
NDUFS3	ATP5F1C
NDUFS3	UQCRQ
NDUFS3	UQCRH
NDUFS3	NDUFA4
NDUFS3	SDHA
NDUFS3	COX4I1
NDUFS3	UQCR10
NDUFS3	UQCRC2
NDUFS3	COX5A
NDUFS3	SDHB
NDUFS3	NDUFB2
NDUFS3	NDUFC1
NDUFS3	UQCRB
NDUFS3	NDUFB1
NDUFS3	UQCRFS1
NDUFS3	NDUFV1
NDUFS3	NDUFA3
NDUFS3	NDUFB9
NDUFS3	NDUFA1
NDUFS3	NDUFA11
NDUFS3	CYC1
NDUFS3	NDUFS4
NDUFS3	NDUFA7
NDUFS3	NDUFB6
NDUFS3	NDUFS8
NDUFS3	NDUFA8
NDUFS3	NDUFS5
NDUFS3	NDUFS2
NDUFS3	NDUFB10
NDUFS3	NDUFV3
NDUFS3	NDUFA13
NDUFS3	NDUFC2
NDUFS3	NDUFB3
NDUFS3	NDUFAB1
NDUFS3	NDUFS1
NDUFS3	NDUFV2
NDUFS3	NDUFA9
NDUFS3	NDUFA5
NDUFS3	NDUFB8
NDUFS3	NDUFA6
NDUFS3	NDUFS6
NDUFS3	NDUFA12
NDUFS4	NDUFB4
NDUFS4	UQCRC1
NDUFS4	ATP5F1D
NDUFS4	NDUFB7
NDUFS4	COX6A1
NDUFS4	NDUFS7
NDUFS4	TARDBP
NDUFS4	ATP5F1E
NDUFS4	NDUFA2
NDUFS4	NDUFA10
NDUFS4	COX5B
NDUFS4	NDUFB5
NDUFS4	ATP5F1B
NDUFS4	NDUFS3
NDUFS4	SDHA
NDUFS4	NDUFA9
NDUFS4	UQCRC2
NDUFS4	NDUFB10
NDUFS4	NDUFS6
NDUFS4	NDUFB9
NDUFS4	NDUFC2
NDUFS4	ATP5MC3
NDUFS4	COX6A2
NDUFS4	ATP5PO
NDUFS4	COX7A1
NDUFS4	PPP3CC
NDUFS4	TOMM40
NDUFS4	ATP5MC1
NDUFS4	COX7B2
NDUFS4	ATP5MC2
NDUFS4	VDAC1
NDUFS4	COX4I2
NDUFS4	CYCS
NDUFS4	COX6B2
NDUFS4	ATP5F1A
NDUFS4	NDUFA4L2
NDUFS4	PINK1
NDUFS4	COX7A2
NDUFS4	ATP5PF
NDUFS4	SDHD
NDUFS4	ATP5PB
NDUFS4	SDHB
NDUFS4	SDHC
NDUFS4	ATP5F1C
NDUFS4	COX6C
NDUFS4	COX7B
NDUFS4	UQCRHL
NDUFS4	UQCR11
NDUFS4	ATP5PD
NDUFS4	COX6B1
NDUFS4	COX4I1
NDUFS4	COX5A
NDUFS4	UQCRQ
NDUFS4	NDUFA4
NDUFS4	COX7C
NDUFS4	NDUFB2
NDUFS4	NDUFB1
NDUFS4	UQCRH
NDUFS4	COX7A2L
NDUFS4	NDUFC1
NDUFS4	UQCR10
NDUFS4	NDUFA13
NDUFS4	NDUFV2
NDUFS4	NDUFS1
NDUFS4	NDUFAB1
NDUFS4	NDUFB3
NDUFS4	NDUFB8
NDUFS4	NDUFA6
NDUFS4	NDUFA5
NDUFS4	NDUFA12
NDUFS4	UQCRB
NDUFS4	NDUFA3
NDUFS4	NDUFV1
NDUFS4	UQCRFS1
NDUFS4	NDUFA7
NDUFS4	CYC1
NDUFS4	NDUFA1
NDUFS4	NDUFA11
NDUFS4	NDUFS8
NDUFS4	NDUFB6
NDUFS4	NDUFV3
NDUFS4	NDUFS5
NDUFS4	NDUFS2
NDUFS4	NDUFA8
NDUFS5	PSMA4
NDUFS5	NDUFB4
NDUFS5	UQCRC1
NDUFS5	ATP5F1D
NDUFS5	NDUFB7
NDUFS5	COX6A1
NDUFS5	NDUFS7
NDUFS5	TARDBP
NDUFS5	ATP5F1E
NDUFS5	NDUFA2
NDUFS5	NDUFA10
NDUFS5	COX5B
NDUFS5	NDUFB5
NDUFS5	ATP5F1B
NDUFS5	NDUFS3
NDUFS5	SDHA
NDUFS5	NDUFA9
NDUFS5	UQCRC2
NDUFS5	NDUFB10
NDUFS5	SOD1
NDUFS5	NDUFS6
NDUFS5	NDUFB9
NDUFS5	NDUFC2
NDUFS5	ATP5MC3
NDUFS5	COX6A2
NDUFS5	ATP5PO
NDUFS5	COX7A1
NDUFS5	NDUFS4
NDUFS5	NDUFB8
NDUFS5	NDUFA7
NDUFS5	ATP5PD
NDUFS5	UQCRFS1
NDUFS5	UQCRH
NDUFS5	NDUFS8
NDUFS5	CYC1
NDUFS5	COX5A
NDUFS5	COX8A
NDUFS5	NDUFV2
NDUFS5	NDUFA12
NDUFS5	UQCR10
NDUFS5	NDUFA4
NDUFS5	NDUFV3
NDUFS5	ATP5F1C
NDUFS5	SDHC
NDUFS5	NDUFS2
NDUFS5	ATP5PB
NDUFS5	COX7A2
NDUFS5	NDUFA1
NDUFS5	ATP5F1A
NDUFS5	COX7B2
NDUFS5	NDUFA4L2
NDUFS5	COX6B2
NDUFS5	ATP5MC2
NDUFS5	ATP5MC1
NDUFS5	SDHD
NDUFS5	PINK1
NDUFS5	COX4I2
NDUFS5	UQCRHL
NDUFS5	ATP5PF
NDUFS5	SDHB
NDUFS5	COX7B
NDUFS5	COX6B1
NDUFS5	COX4I1
NDUFS5	COX6C
NDUFS5	UQCRB
NDUFS5	COX7C
NDUFS5	UQCR11
NDUFS5	UQCRQ
NDUFS5	NDUFC1
NDUFS5	NDUFB2
NDUFS5	COX7A2L
NDUFS5	NDUFB1
NDUFS5	NDUFAB1
NDUFS5	NDUFS1
NDUFS5	NDUFB3
NDUFS5	NDUFA13
NDUFS5	NDUFA5
NDUFS5	NDUFA6
NDUFS5	NDUFA11
NDUFS5	NDUFA3
NDUFS5	NDUFV1
NDUFS5	NDUFA8
NDUFS5	NDUFB6
NDUFS6	NDUFB4
NDUFS6	UQCRC1
NDUFS6	ATP5F1D
NDUFS6	NDUFB7
NDUFS6	COX6A1
NDUFS6	NDUFS7
NDUFS6	TARDBP
NDUFS6	ATP5F1E
NDUFS6	NDUFA2
NDUFS6	NDUFA10
NDUFS6	COX5B
NDUFS6	NDUFB5
NDUFS6	ATP5F1B
NDUFS6	NDUFS3
NDUFS6	SDHA
NDUFS6	NDUFA9
NDUFS6	UQCRC2
NDUFS6	NDUFB10
NDUFS6	ATP5F1A
NDUFS6	ATP5MC2
NDUFS6	COX8A
NDUFS6	COX6B2
NDUFS6	COX7B2
NDUFS6	ATP5PB
NDUFS6	CYCS
NDUFS6	ATP5MC3
NDUFS6	ATP5MC1
NDUFS6	NDUFA4L2
NDUFS6	PINK1
NDUFS6	ATP5PF
NDUFS6	COX7A2
NDUFS6	COX4I2
NDUFS6	ATP5PO
NDUFS6	ATP5F1C
NDUFS6	COX7A1
NDUFS6	SDHC
NDUFS6	SDHB
NDUFS6	ATP5PD
NDUFS6	COX6C
NDUFS6	COX7B
NDUFS6	SDHD
NDUFS6	COX6B1
NDUFS6	COX6A2
NDUFS6	UQCRHL
NDUFS6	COX4I1
NDUFS6	UQCR11
NDUFS6	COX5A
NDUFS6	NDUFA4
NDUFS6	COX7C
NDUFS6	UQCRH
NDUFS6	UQCRB
NDUFS6	NDUFB2
NDUFS6	UQCRQ
NDUFS6	NDUFB1
NDUFS6	CYC1
NDUFS6	NDUFA12
NDUFS6	NDUFA5
NDUFS6	NDUFB8
NDUFS6	NDUFA6
NDUFS6	NDUFB3
NDUFS6	NDUFS1
NDUFS6	NDUFAB1
NDUFS6	NDUFV2
NDUFS6	NDUFC1
NDUFS6	NDUFA13
NDUFS6	NDUFC2
NDUFS6	NDUFA8
NDUFS6	UQCR10
NDUFS6	NDUFS5
NDUFS6	NDUFS2
NDUFS6	NDUFV3
NDUFS6	NDUFB6
NDUFS6	NDUFS8
NDUFS6	NDUFA1
NDUFS6	NDUFA11
NDUFS6	NDUFS4
NDUFS6	NDUFA7
NDUFS6	UQCRFS1
NDUFS6	NDUFV1
NDUFS6	NDUFA3
NDUFS6	NDUFB9
NDUFS7	NDUFB4
NDUFS7	UQCRC1
NDUFS7	ATP5F1D
NDUFS7	NDUFB7
NDUFS7	COX6A1
NDUFS7	COX7A2L
NDUFS7	NDUFA4L2
NDUFS7	COX7A2
NDUFS7	ATP5PF
NDUFS7	CYCS
NDUFS7	ATP5F1E
NDUFS7	COX8A
NDUFS7	ATP5MC3
NDUFS7	ATP5F1B
NDUFS7	ATP5PO
NDUFS7	ATP5MC2
NDUFS7	UQCRHL
NDUFS7	COX6B2
NDUFS7	TARDBP
NDUFS7	ATP5F1A
NDUFS7	PINK1
NDUFS7	SDHD
NDUFS7	ATP5F1C
NDUFS7	ATP5PB
NDUFS7	COX6C
NDUFS7	COX4I2
NDUFS7	ATP5MC1
NDUFS7	ATP5PD
NDUFS7	SDHC
NDUFS7	COX7A1
NDUFS7	COX7B
NDUFS7	COX7C
NDUFS7	COX6B1
NDUFS7	COX6A2
NDUFS7	UQCRH
NDUFS7	COX4I1
NDUFS7	SDHB
NDUFS7	UQCRB
NDUFS7	UQCRC2
NDUFS7	NDUFA4
NDUFS7	COX5A
NDUFS7	UQCR10
NDUFS7	COX5B
NDUFS7	SDHA
NDUFS7	UQCRQ
NDUFS7	UQCRFS1
NDUFS7	NDUFB2
NDUFS7	UQCR11
NDUFS7	NDUFB1
NDUFS7	NDUFC1
NDUFS7	CYC1
NDUFS7	NDUFA12
NDUFS7	NDUFA9
NDUFS7	NDUFA5
NDUFS7	NDUFB8
NDUFS7	NDUFA6
NDUFS7	NDUFS6
NDUFS7	NDUFB3
NDUFS7	NDUFAB1
NDUFS7	NDUFS1
NDUFS7	NDUFV2
NDUFS7	NDUFC2
NDUFS7	NDUFA13
NDUFS7	NDUFB5
NDUFS7	NDUFA8
NDUFS7	NDUFS2
NDUFS7	NDUFS5
NDUFS7	NDUFA2
NDUFS7	NDUFB10
NDUFS7	NDUFV3
NDUFS7	NDUFB6
NDUFS7	NDUFS8
NDUFS7	NDUFA10
NDUFS7	NDUFA1
NDUFS7	NDUFA11
NDUFS7	NDUFS4
NDUFS7	NDUFA7
NDUFS7	NDUFS3
NDUFS7	NDUFV1
NDUFS7	NDUFA3
NDUFS7	NDUFB9
NDUFS8	NDUFB4
NDUFS8	UQCRC1
NDUFS8	ATP5F1D
NDUFS8	NDUFB7
NDUFS8	COX6A1
NDUFS8	NDUFS7
NDUFS8	TARDBP
NDUFS8	ATP5F1E
NDUFS8	NDUFA2
NDUFS8	NDUFA10
NDUFS8	COX5B
NDUFS8	NDUFB5
NDUFS8	ATP5F1B
NDUFS8	NDUFS3
NDUFS8	SDHA
NDUFS8	NDUFA9
NDUFS8	UQCRC2
NDUFS8	NDUFB10
NDUFS8	NDUFS6
NDUFS8	NDUFB9
NDUFS8	NDUFC2
NDUFS8	ATP5MC3
NDUFS8	COX6A2
NDUFS8	ATP5PO
NDUFS8	COX7A1
NDUFS8	NDUFS4
NDUFS8	NDUFB8
NDUFS8	NDUFA7
NDUFS8	ATP5PD
NDUFS8	UQCRFS1
NDUFS8	CYCS
NDUFS8	UQCRH
NDUFS8	COX7A2L
NDUFS8	VDAC1
NDUFS8	TOMM40
NDUFS8	RAB1A
NDUFS8	ATP5PF
NDUFS8	ATP5PB
NDUFS8	COX6B2
NDUFS8	COX7A2
NDUFS8	ATP5MC2
NDUFS8	PINK1
NDUFS8	NDUFA4L2
NDUFS8	COX8A
NDUFS8	ATP5MC1
NDUFS8	ATP5F1A
NDUFS8	COX6C
NDUFS8	COX4I2
NDUFS8	COX7B
NDUFS8	ATP5F1C
NDUFS8	COX7C
NDUFS8	UQCRHL
NDUFS8	COX6B1
NDUFS8	UQCR11
NDUFS8	COX4I1
NDUFS8	SDHD
NDUFS8	SDHC
NDUFS8	NDUFA4
NDUFS8	COX5A
NDUFS8	NDUFB1
NDUFS8	NDUFB2
NDUFS8	NDUFC1
NDUFS8	UQCR10
NDUFS8	SDHB
NDUFS8	UQCRB
NDUFS8	UQCRQ
NDUFS8	NDUFB6
NDUFS8	NDUFA8
NDUFS8	NDUFS2
NDUFS8	NDUFS5
NDUFS8	NDUFV3
NDUFS8	NDUFV1
NDUFS8	NDUFA3
NDUFS8	NDUFA1
NDUFS8	NDUFA11
NDUFS8	CYC1
NDUFS8	NDUFA5
NDUFS8	NDUFA6
NDUFS8	NDUFA12
NDUFS8	NDUFA13
NDUFS8	NDUFB3
NDUFS8	NDUFS1
NDUFS8	NDUFAB1
NDUFS8	NDUFV2
NDUFV1	NDUFB4
NDUFV1	UQCRC1
NDUFV1	ATP5F1D
NDUFV1	NDUFB7
NDUFV1	COX6A1
NDUFV1	NDUFS7
NDUFV1	TARDBP
NDUFV1	ATP5F1E
NDUFV1	NDUFA2
NDUFV1	NDUFA10
NDUFV1	COX5B
NDUFV1	NDUFB5
NDUFV1	ATP5F1B
NDUFV1	NDUFS3
NDUFV1	SDHA
NDUFV1	NDUFA9
NDUFV1	UQCRC2
NDUFV1	NDUFB10
NDUFV1	NDUFS6
NDUFV1	NDUFB9
NDUFV1	NDUFC2
NDUFV1	ATP5MC3
NDUFV1	COX6A2
NDUFV1	ATP5PO
NDUFV1	COX7A1
NDUFV1	NDUFS4
NDUFV1	NDUFB8
NDUFV1	NDUFA7
NDUFV1	ATP5PD
NDUFV1	UQCRFS1
NDUFV1	CYCS
NDUFV1	UQCRH
NDUFV1	PSMC5
NDUFV1	NDUFS8
NDUFV1	CYC1
NDUFV1	COX5A
NDUFV1	COX8A
NDUFV1	NDUFV2
NDUFV1	NDUFA12
NDUFV1	UQCR10
NDUFV1	NDUFA4
NDUFV1	NDUFV3
NDUFV1	ATP5F1C
NDUFV1	SDHC
NDUFV1	NDUFS2
NDUFV1	ATP5PB
NDUFV1	COX7A2
NDUFV1	NDUFA1
NDUFV1	ANXA7
NDUFV1	NDUFS5
NDUFV1	NDUFA8
NDUFV1	PINK1
NDUFV1	SDHB
NDUFV1	SDHD
NDUFV1	COX4I2
NDUFV1	COX7A2L
NDUFV1	UQCRQ
NDUFV1	NDUFB6
NDUFV1	ATP5MC1
NDUFV1	NDUFA4L2
NDUFV1	VDAC1
NDUFV1	ATP5F1A
NDUFV1	NDUFA11
NDUFV1	ATP5PF
NDUFV1	NDUFS1
NDUFV1	NDUFB3
NDUFV1	TOMM40
NDUFV1	NDUFA5
NDUFV1	NDUFA3
NDUFV1	NDUFB2
NDUFV1	NDUFA13
NDUFV1	COX7C
NDUFV1	COX6C
NDUFV1	UQCRB
NDUFV1	NDUFC1
NDUFV1	COX4I1
NDUFV1	NDUFAB1
NDUFV1	COX6B1
NDUFV1	UQCR11
NDUFV1	COX6B2
NDUFV1	PSMC3
NDUFV1	NDUFA6
NDUFV1	NDUFB1
NDUFV1	UQCRHL
NDUFV1	COX7B
NDUFV1	ATP5MC2
NDUFV2	NDUFB4
NDUFV2	UQCRC1
NDUFV2	ATP5F1D
NDUFV2	NDUFB7
NDUFV2	PSMA3
NDUFV2	PSMA2
NDUFV2	COX6A1
NDUFV2	NDUFS7
NDUFV2	TARDBP
NDUFV2	ATP5F1E
NDUFV2	NDUFA2
NDUFV2	NDUFA10
NDUFV2	COX5B
NDUFV2	NDUFB5
NDUFV2	ATP5F1B
NDUFV2	NDUFS3
NDUFV2	SDHA
NDUFV2	NDUFA9
NDUFV2	UQCRC2
NDUFV2	NDUFB10
NDUFV2	NDUFS6
NDUFV2	NDUFB9
NDUFV2	NDUFC2
NDUFV2	ATP5MC3
NDUFV2	COX6A2
NDUFV2	ATP5PO
NDUFV2	COX7A1
NDUFV2	NDUFS4
NDUFV2	NDUFB8
NDUFV2	NDUFA7
NDUFV2	ATP5PD
NDUFV2	UQCRFS1
NDUFV2	CYCS
NDUFV2	UQCRH
NDUFV2	NDUFS8
NDUFV2	CYC1
NDUFV2	COX5A
NDUFV2	COX7B2
NDUFV2	PSMD4
NDUFV2	PSMA1
NDUFV2	VDAC1
NDUFV2	ATP5MC2
NDUFV2	ATP5MC1
NDUFV2	NDUFA4L2
NDUFV2	PINK1
NDUFV2	COX6B2
NDUFV2	COX7A2
NDUFV2	COX4I2
NDUFV2	COX6C
NDUFV2	ATP5F1A
NDUFV2	ATP5PF
NDUFV2	UQCR11
NDUFV2	COX7B
NDUFV2	ATP5PB
NDUFV2	UQCRHL
NDUFV2	SDHD
NDUFV2	COX7C
NDUFV2	ATP5F1C
NDUFV2	COX6B1
NDUFV2	COX4I1
NDUFV2	SDHC
NDUFV2	NDUFA4
NDUFV2	UQCRQ
NDUFV2	UQCR10
NDUFV2	NDUFB2
NDUFV2	NDUFB1
NDUFV2	NDUFB6
NDUFV2	NDUFA8
NDUFV2	NDUFS5
NDUFV2	NDUFS2
NDUFV2	NDUFV3
NDUFV2	NDUFV1
NDUFV2	NDUFA3
NDUFV2	NDUFA11
NDUFV2	NDUFA1
NDUFV2	NDUFA5
NDUFV2	NDUFA6
NDUFV2	SDHB
NDUFV2	UQCRB
NDUFV2	NDUFA12
NDUFV2	NDUFA13
NDUFV2	NDUFB3
NDUFV2	NDUFS1
NDUFV2	NDUFAB1
NDUFV2	NDUFC1
NDUFV3	NDUFB4
NDUFV3	UQCRC1
NDUFV3	ATP5F1D
NDUFV3	NDUFB7
NDUFV3	COX6A1
NDUFV3	NDUFS7
NDUFV3	TARDBP
NDUFV3	ATP5F1E
NDUFV3	NDUFA2
NDUFV3	NDUFA10
NDUFV3	COX5B
NDUFV3	NDUFB5
NDUFV3	ATP5F1B
NDUFV3	NDUFS3
NDUFV3	SDHA
NDUFV3	NDUFA9
NDUFV3	UQCRC2
NDUFV3	NDUFB10
NDUFV3	NDUFS6
NDUFV3	NDUFB9
NDUFV3	NDUFC2
NDUFV3	COX6A2
NDUFV3	COX7A1
NDUFV3	NDUFS4
NDUFV3	NDUFB8
NDUFV3	NDUFA7
NDUFV3	ATP5PD
NDUFV3	UQCRFS1
NDUFV3	UQCRH
NDUFV3	NDUFS8
NDUFV3	CYC1
NDUFV3	COX5A
NDUFV3	NDUFV2
NDUFV3	NDUFA12
NDUFV3	UQCR10
NDUFV3	NDUFA4
NDUFV3	COX6B2
NDUFV3	ATP5MC1
NDUFV3	ATP5PB
NDUFV3	ATP5F1C
NDUFV3	COX7A2
NDUFV3	ATP5F1A
NDUFV3	ATP5PF
NDUFV3	NDUFA4L2
NDUFV3	UQCRHL
NDUFV3	PINK1
NDUFV3	COX6C
NDUFV3	UQCRB
NDUFV3	UQCRQ
NDUFV3	COX7B
NDUFV3	COX6B1
NDUFV3	COX4I1
NDUFV3	UQCR11
NDUFV3	COX7C
NDUFV3	NDUFB1
NDUFV3	NDUFB2
NDUFV3	NDUFA6
NDUFV3	NDUFA5
NDUFV3	NDUFA13
NDUFV3	NDUFC1
NDUFV3	NDUFS1
NDUFV3	NDUFAB1
NDUFV3	NDUFB3
NDUFV3	NDUFB6
NDUFV3	NDUFS2
NDUFV3	NDUFS5
NDUFV3	NDUFA8
NDUFV3	NDUFA3
NDUFV3	NDUFV1
NDUFV3	NDUFA1
NDUFV3	NDUFA11
NEFH	MAPK13
NEFH	MAPK12
NEFH	NEFM
NEFH	SETX
NEFH	PFN1
NEFH	MAPK14
NEFH	FIG4
NEFH	TARDBP
NEFH	TUBA4A
NEFH	FUS
NEFH	PRPH
NEFH	KLC4
NEFH	SPG11
NEFH	CHMP2B
NEFH	ALS2
NEFH	SOD1
NEFH	SLC1A2
NEFH	KIF5B
NEFH	ACTB
NEFH	PRKN
NEFH	VCP
NEFH	ATXN2
NEFH	NOS1
NEFH	CCS
NEFH	UBQLN2
NEFH	TUBB3
NEFH	C9orf72
NEFH	OPTN
NEFH	DCTN1
NEFH	VAPB
NEFH	MAPK11
NEFH	KLC3
NEFH	KLC2
NEFH	KLC1
NEFH	KIF5C
NEFH	KIF5A
NEFH	NEFL
NEFL	MAPK13
NEFL	MAPK12
NEFL	NEFM
NEFL	MAPK14
NEFL	TARDBP
NEFL	FUS
NEFL	PRPH
NEFL	KLC4
NEFL	GRIN2D
NEFL	SOD1
NEFL	SLC1A2
NEFL	NRG1
NEFL	GRIN2C
NEFL	GRIA2
NEFL	KIF5B
NEFL	NEFH
NEFL	TUBB3
NEFL	GRIN2A
NEFL	MAPK11
NEFL	ERBB4
NEFL	GRIN1
NEFL	KLC3
NEFL	KIF5C
NEFL	TNF
NEFL	KLC2
NEFL	DCTN2
NEFL	KIF5A
NEFL	KLC1
NEFL	GRIA1
NEFL	CCS
NEFL	GRIN2B
NEFL	NOS1
NEFL	ACTB
NEFL	C9orf72
NEFM	MAPK13
NEFM	MAPK12
NEFM	TARDBP
NEFM	CCS
NEFM	SQSTM1
NEFM	TUBB3
NEFM	FUS
NEFM	SLC1A2
NEFM	SOD1
NEFM	PRPH
NEFM	MAPK11
NEFM	MAPK14
NEFM	KLC4
NEFM	KLC3
NEFM	KLC2
NEFM	KLC1
NEFM	KIF5A
NEFM	KIF5B
NEFM	KIF5C
NEFM	NEFH
NEFM	NEFL
NOS1	GRIN2D
NOS1	DAXX
NOS1	SOD1
NOS1	GRIN2C
NOS1	UQCRFS1
NOS1	CYCS
NOS1	CASP3
NOS1	NEFH
NOS1	NOS2
NOS1	GRIN2A
NOS1	ERBB4
NOS1	MAP3K5
NOS1	GPX6
NOS1	GPX7
NOS1	GRIN1
NOS1	ITPR3
NOS1	GPX3
NOS1	GPX2
NOS1	VDAC1
NOS1	BCL2
NOS1	GPX5
NOS1	TNF
NOS1	GPX8
NOS1	GRIN2B
NOS1	NEFL
NOS1	ACTB
NOS2	MAPK14
NOS2	TP53
NOS2	SOD1
NOS2	UQCRFS1
NOS2	CYCS
NOS2	CASP3
NOS2	CASP1
NOS2	BCL2
NOS2	GPX7
NOS2	GPX8
NOS2	GPX6
NOS2	GPX5
NOS2	GPX2
NOS2	GPX3
NOS2	ACTB
NOS2	TNF
NOS2	NOS1
NRBF2	RB1CC1
NRBF2	GABARAPL2
NRBF2	ATG14
NRBF2	PIK3C3
NRBF2	WIPI1
NRBF2	GABARAP
NRBF2	GABARAPL1
NRBF2	SQSTM1
NRBF2	WIPI2
NRBF2	ULK2
NRBF2	ATG101
NRBF2	BECN1
NRBF2	ULK1
NRBF2	PIK3R4
NRG1	KLC4
NRG1	GRIN2D
NRG1	KLC2
NRG1	KLC3
NRG1	KLC1
NRG1	PPP3CC
NRG1	ACTB
NRG1	GRIN1
NRG1	NEFL
NRG1	GRIN2A
NRG1	GRIN2B
NRG1	GRIN2C
NRG1	NRG2
NRG1	NRG3
NRG1	NRG4
NRG1	ERBB4
NRG2	DNAH5
NRG2	NRG1
NRG2	GRIN2C
NRG2	ERBB4
NRG2	NRG3
NRG2	NRG4
NRG3	NRG1
NRG3	GRIN2C
NRG3	ERBB4
NRG3	NRG2
NRG3	NRG4
NRG4	NRG1
NRG4	GRIN2C
NRG4	ERBB4
NRG4	NRG2
NRG4	NRG3
NUP107	TARDBP
NUP107	HSPA5
NUP107	SRSF3
NUP107	NUP210L
NUP107	SRSF7
NUP107	NXF5
NUP107	NXF3
NUP107	ALYREF
NUP107	NXT1
NUP107	NCBP1
NUP107	RAE1
NUP107	POM121
NUP107	NXF1
NUP107	POM121C
NUP107	GLE1
NUP107	TPR
NUP107	NDC1
NUP107	NUP50
NUP107	NUP188
NUP107	NUP210
NUP107	NUP88
NUP107	NUP35
NUP107	NUP58
NUP107	NUP62
NUP107	NUP54
NUP107	RANBP2
NUP107	NUP214
NUP107	SEH1L
NUP107	NUP155
NUP107	NUP205
NUP107	NUP37
NUP107	NUP93
NUP107	NUP160
NUP107	NUP85
NUP107	SEC13
NUP107	NUP133
NUP107	NUP43
NUP107	NUP98
NUP107	NUP153
NUP133	DNAL4
NUP133	NUP107
NUP133	NUP155
NUP133	NUP85
NUP133	NUP210
NUP133	NXT1
NUP133	HSPA5
NUP133	SRSF7
NUP133	SRSF3
NUP133	NUP210L
NUP133	ALYREF
NUP133	NCBP1
NUP133	POM121C
NUP133	NXF1
NUP133	RAE1
NUP133	TPR
NUP133	POM121
NUP133	GLE1
NUP133	NUP50
NUP133	NDC1
NUP133	NUP188
NUP133	NUP35
NUP133	NUP88
NUP133	NUP58
NUP133	NUP62
NUP133	NUP54
NUP133	RANBP2
NUP133	NUP205
NUP133	NUP93
NUP133	NUP153
NUP133	NUP37
NUP133	NUP160
NUP133	SEC13
NUP133	NUP43
NUP133	NUP98
NUP133	NUP214
NUP133	SEH1L
NUP153	NXT2
NUP153	NUP107
NUP153	NUP155
NUP153	NUP85
NUP153	NUP210
NUP153	NXT1
NUP153	NUP133
NUP153	NUP54
NUP153	RANBP2
NUP153	NUP205
NUP153	NUP35
NUP153	KIF5B
NUP153	GLE1
NUP153	NUP93
NUP153	NUP98
NUP153	HSPA5
NUP153	SRSF7
NUP153	HNRNPA1
NUP153	NUP43
NUP153	NUP50
NUP153	NUP214
NUP153	TPR
NUP153	NDC1
NUP153	NUP188
NUP153	SRSF3
NUP153	NCBP1
NUP153	NUP160
NUP153	NUP58
NUP153	SEC13
NUP153	NXF3
NUP153	POM121
NUP153	RAE1
NUP153	SEH1L
NUP153	ALYREF
NUP153	NXF5
NUP153	NXF1
NUP153	POM121C
NUP153	NUP37
NUP153	NUP88
NUP153	NUP62
NUP155	NUP107
NUP155	SRSF7
NUP155	SRSF3
NUP155	HSPA5
NUP155	NUP210L
NUP155	NCBP1
NUP155	NXT1
NUP155	ALYREF
NUP155	NXF1
NUP155	POM121C
NUP155	RAE1
NUP155	TPR
NUP155	POM121
NUP155	NUP50
NUP155	NUP37
NUP155	GLE1
NUP155	NUP210
NUP155	NDC1
NUP155	NUP160
NUP155	NUP43
NUP155	NUP88
NUP155	SEC13
NUP155	NUP153
NUP155	NUP62
NUP155	NUP58
NUP155	NUP214
NUP155	NUP85
NUP155	NUP133
NUP155	NUP54
NUP155	NUP188
NUP155	SEH1L
NUP155	NUP205
NUP155	RANBP2
NUP155	NUP93
NUP155	NUP35
NUP155	NUP98
NUP160	NUP107
NUP160	NUP155
NUP160	NUP85
NUP160	NUP210
NUP160	NXT1
NUP160	NUP133
NUP160	NUP54
NUP160	RANBP2
NUP160	NUP205
NUP160	NUP35
NUP160	GLE1
NUP160	NUP93
NUP160	NUP98
NUP160	HSPA5
NUP160	SRSF7
NUP160	NUP43
NUP160	NUP50
NUP160	NUP214
NUP160	TPR
NUP160	NUP210L
NUP160	NDC1
NUP160	NUP188
NUP160	SRSF3
NUP160	NCBP1
NUP160	PSMC3
NUP160	ALYREF
NUP160	NXF1
NUP160	RAE1
NUP160	POM121C
NUP160	POM121
NUP160	NUP58
NUP160	NUP62
NUP160	NUP88
NUP160	NUP153
NUP160	SEC13
NUP160	NUP37
NUP160	SEH1L
NUP188	NUP107
NUP188	NUP155
NUP188	NUP85
NUP188	NUP210
NUP188	NXT1
NUP188	NUP133
NUP188	NUP54
NUP188	RANBP2
NUP188	NUP205
NUP188	NUP35
NUP188	GLE1
NUP188	NUP93
NUP188	NUP98
NUP188	HSPA5
NUP188	SRSF7
NUP188	NUP43
NUP188	NUP50
NUP188	NUP214
NUP188	TPR
NUP188	NDC1
NUP188	SRSF3
NUP188	ALYREF
NUP188	NCBP1
NUP188	POM121
NUP188	POM121C
NUP188	NXF1
NUP188	RAE1
NUP188	SEC13
NUP188	NUP153
NUP188	NUP62
NUP188	NUP37
NUP188	NUP58
NUP188	NUP160
NUP188	SEH1L
NUP188	NUP88
NUP205	NUP107
NUP205	NUP155
NUP205	NUP85
NUP205	NUP210
NUP205	NXT1
NUP205	NUP133
NUP205	NUP54
NUP205	RANBP2
NUP205	HSPA5
NUP205	SRSF7
NUP205	HNRNPA1
NUP205	SRSF3
NUP205	VCP
NUP205	NUP210L
NUP205	ALYREF
NUP205	NCBP1
NUP205	NXF1
NUP205	GLE1
NUP205	RAE1
NUP205	POM121
NUP205	POM121C
NUP205	NUP50
NUP205	TPR
NUP205	NUP37
NUP205	NDC1
NUP205	NUP43
NUP205	NUP153
NUP205	SEC13
NUP205	NUP88
NUP205	NUP98
NUP205	NUP58
NUP205	NUP160
NUP205	NUP62
NUP205	NUP214
NUP205	NUP93
NUP205	NUP35
NUP205	SEH1L
NUP205	NUP188
NUP210	NUP107
NUP210	NUP155
NUP210	NUP85
NUP210	SRSF7
NUP210	SRSF3
NUP210	NCBP1
NUP210	HSPA5
NUP210	ALYREF
NUP210	NXT1
NUP210	NXF1
NUP210	DNAL1
NUP210	POM121
NUP210	GLE1
NUP210	POM121C
NUP210	RAE1
NUP210	TPR
NUP210	NUP210L
NUP210	NUP50
NUP210	SEC13
NUP210	NUP58
NUP210	NUP54
NUP210	NUP153
NUP210	NUP37
NUP210	NUP98
NUP210	NUP133
NUP210	NUP160
NUP210	NUP43
NUP210	NUP62
NUP210	NUP88
NUP210	NDC1
NUP210	NUP214
NUP210	NUP35
NUP210	NUP205
NUP210	NUP188
NUP210	NUP93
NUP210	SEH1L
NUP210	RANBP2
NUP210L	NUP107
NUP210L	NUP155
NUP210L	NUP85
NUP210L	NUP210
NUP210L	NUP133
NUP210L	NUP54
NUP210L	NUP205
NUP210L	NUP35
NUP210L	NUP93
NUP210L	NUP98
NUP210L	NUP214
NUP210L	POM121C
NUP210L	NUP160
NUP214	DNAL4
NUP214	NXT2
NUP214	NUP107
NUP214	NUP155
NUP214	NUP85
NUP214	NUP210
NUP214	NXT1
NUP214	NUP133
NUP214	NUP54
NUP214	RANBP2
NUP214	NUP205
NUP214	NUP35
NUP214	GLE1
NUP214	NUP93
NUP214	NUP98
NUP214	HSPA5
NUP214	SRSF7
NUP214	NUP43
NUP214	NUP50
NUP214	NUP210L
NUP214	UBQLN4
NUP214	SRSF3
NUP214	NXF5
NUP214	NCBP1
NUP214	ALYREF
NUP214	NXF3
NUP214	POM121
NUP214	POM121C
NUP214	TPR
NUP214	NUP37
NUP214	NDC1
NUP214	NUP160
NUP214	NUP188
NUP214	RAE1
NUP214	NUP153
NUP214	NXF1
NUP214	SEC13
NUP214	NUP58
NUP214	SEH1L
NUP214	NUP62
NUP214	NUP88
NUP35	NXT2
NUP35	NUP107
NUP35	NUP155
NUP35	ATP5F1E
NUP35	NUP85
NUP35	NUP210
NUP35	NXT1
NUP35	NUP133
NUP35	NUP54
NUP35	RANBP2
NUP35	NUP205
NUP35	HSPA5
NUP35	PSMB3
NUP35	SRSF7
NUP35	SRSF3
NUP35	NUP210L
NUP35	ALYREF
NUP35	NCBP1
NUP35	NXF1
NUP35	POM121C
NUP35	POM121
NUP35	GLE1
NUP35	TPR
NUP35	RAE1
NUP35	NUP50
NUP35	SEC13
NUP35	NUP160
NUP35	NUP58
NUP35	NUP37
NUP35	NUP43
NUP35	NUP214
NUP35	SEH1L
NUP35	NUP153
NUP35	NUP62
NUP35	NUP88
NUP35	NUP98
NUP35	NUP93
NUP35	NDC1
NUP35	NUP188
NUP37	NUP107
NUP37	NUP155
NUP37	NUP85
NUP37	NUP210
NUP37	NXT1
NUP37	NUP133
NUP37	NUP54
NUP37	RANBP2
NUP37	NUP205
NUP37	NUP35
NUP37	GLE1
NUP37	NUP93
NUP37	NUP98
NUP37	HSPA5
NUP37	SRSF7
NUP37	NUP43
NUP37	NUP50
NUP37	NUP214
NUP37	TPR
NUP37	NDC1
NUP37	NUP188
NUP37	SRSF3
NUP37	NCBP1
NUP37	NUP160
NUP37	NUP58
NUP37	SEC13
NUP37	POM121
NUP37	RAE1
NUP37	SEH1L
NUP37	ALYREF
NUP37	NXF1
NUP37	NUP153
NUP37	POM121C
NUP37	NUP62
NUP37	NUP88
NUP43	NUP107
NUP43	NUP155
NUP43	NUP85
NUP43	NUP210
NUP43	NXT1
NUP43	NUP133
NUP43	NUP54
NUP43	RANBP2
NUP43	NUP205
NUP43	NUP35
NUP43	GLE1
NUP43	NUP93
NUP43	NUP98
NUP43	HSPA5
NUP43	SRSF7
NUP43	SRSF3
NUP43	ALYREF
NUP43	NCBP1
NUP43	NXF1
NUP43	POM121C
NUP43	POM121
NUP43	RAE1
NUP43	TPR
NUP43	NUP58
NUP43	NDC1
NUP43	NUP153
NUP43	NUP50
NUP43	NUP62
NUP43	NUP188
NUP43	NUP214
NUP43	NUP88
NUP43	NUP160
NUP43	NUP37
NUP43	SEC13
NUP43	SEH1L
NUP50	NUP107
NUP50	NUP155
NUP50	TARDBP
NUP50	NUP85
NUP50	NUP210
NUP50	NXT1
NUP50	NUP133
NUP50	NUP54
NUP50	RANBP2
NUP50	NUP205
NUP50	NUP35
NUP50	GLE1
NUP50	NUP93
NUP50	NUP98
NUP50	HSPA5
NUP50	SRSF7
NUP50	NUP43
NUP50	SRSF3
NUP50	ALYREF
NUP50	POM121C
NUP50	POM121
NUP50	NCBP1
NUP50	NXF1
NUP50	SEC13
NUP50	NDC1
NUP50	NUP37
NUP50	RAE1
NUP50	NUP160
NUP50	NUP58
NUP50	NUP188
NUP50	NUP62
NUP50	SEH1L
NUP50	NUP214
NUP50	NUP88
NUP50	TPR
NUP50	NUP153
NUP54	NXT2
NUP54	NUP107
NUP54	NUP155
NUP54	NUP85
NUP54	NUP210
NUP54	NXT1
NUP54	NUP133
NUP54	NUP210L
NUP54	HSPA5
NUP54	SRSF7
NUP54	SRSF3
NUP54	NCBP1
NUP54	ALYREF
NUP54	NXF1
NUP54	TPR
NUP54	POM121C
NUP54	POM121
NUP54	RAE1
NUP54	GLE1
NUP54	NUP50
NUP54	NDC1
NUP54	NUP37
NUP54	NUP160
NUP54	NUP188
NUP54	NUP153
NUP54	SEC13
NUP54	NUP88
NUP54	NUP43
NUP54	SEH1L
NUP54	NUP35
NUP54	NUP214
NUP54	NUP98
NUP54	RANBP2
NUP54	NUP58
NUP54	NUP93
NUP54	NUP205
NUP54	NUP62
NUP58	NUP107
NUP58	NUP155
NUP58	NUP85
NUP58	NUP210
NUP58	NXT1
NUP58	NUP133
NUP58	NUP54
NUP58	RANBP2
NUP58	NUP205
NUP58	NUP35
NUP58	GLE1
NUP58	NUP93
NUP58	NUP98
NUP58	HSPA5
NUP58	SRSF7
NUP58	NUP43
NUP58	NUP50
NUP58	NUP214
NUP58	TPR
NUP58	NDC1
NUP58	NUP188
NUP58	SRSF3
NUP58	NCBP1
NUP58	NUP160
NUP58	NXF5
NUP58	NXF3
NUP58	ALYREF
NUP58	POM121C
NUP58	RAE1
NUP58	NXF1
NUP58	POM121
NUP58	NUP153
NUP58	NUP37
NUP58	SEC13
NUP58	SEH1L
NUP58	NUP88
NUP58	NUP62
NUP62	NXT2
NUP62	NUP107
NUP62	NUP155
NUP62	TARDBP
NUP62	NUP85
NUP62	NUP210
NUP62	NXT1
NUP62	NUP133
NUP62	NUP54
NUP62	SOD1
NUP62	RANBP2
NUP62	NUP205
NUP62	NUP35
NUP62	GLE1
NUP62	NUP93
NUP62	NUP98
NUP62	HSPA5
NUP62	SRSF7
NUP62	HNRNPA1
NUP62	NUP43
NUP62	NUP50
NUP62	NUP214
NUP62	TPR
NUP62	NDC1
NUP62	NUP188
NUP62	SRSF3
NUP62	NCBP1
NUP62	NUP160
NUP62	NUP58
NUP62	SEC13
NUP62	NXF3
NUP62	POM121
NUP62	RAE1
NUP62	SEH1L
NUP62	ALYREF
NUP62	NXF5
NUP62	NXF1
NUP62	NUP153
NUP62	NUP37
NUP62	NUP88
NUP62	C9orf72
NUP62	POM121C
NUP85	NUP107
NUP85	NUP155
NUP85	SRSF3
NUP85	SRSF7
NUP85	HSPA5
NUP85	NXF5
NUP85	NUP210L
NUP85	NXF3
NUP85	DCTN2
NUP85	DCTN1
NUP85	NCBP1
NUP85	ALYREF
NUP85	NXT1
NUP85	POM121C
NUP85	GLE1
NUP85	NXF1
NUP85	POM121
NUP85	RAE1
NUP85	TPR
NUP85	NUP50
NUP85	NDC1
NUP85	NUP210
NUP85	NUP58
NUP85	NUP188
NUP85	RANBP2
NUP85	NUP153
NUP85	NUP35
NUP85	NUP62
NUP85	NUP54
NUP85	NUP205
NUP85	NUP88
NUP85	SEH1L
NUP85	NUP214
NUP85	NUP98
NUP85	NUP133
NUP85	NUP43
NUP85	SEC13
NUP85	NUP93
NUP85	NUP160
NUP85	NUP37
NUP88	NUP107
NUP88	NUP155
NUP88	NUP85
NUP88	NUP210
NUP88	NXT1
NUP88	NUP133
NUP88	NUP54
NUP88	RANBP2
NUP88	NUP205
NUP88	NUP35
NUP88	GLE1
NUP88	NUP93
NUP88	NUP98
NUP88	HSPA5
NUP88	SRSF7
NUP88	NUP43
NUP88	NUP50
NUP88	NUP214
NUP88	TPR
NUP88	NDC1
NUP88	NUP188
NUP88	SRSF3
NUP88	NCBP1
NUP88	NUP160
NUP88	NUP58
NUP88	SEC13
NUP88	POM121
NUP88	RAE1
NUP88	SEH1L
NUP88	ALYREF
NUP88	NXF1
NUP88	NUP153
NUP88	NUP37
NUP88	POM121C
NUP88	NUP62
NUP93	NUP107
NUP93	NUP155
NUP93	NUP85
NUP93	NUP210
NUP93	NXT1
NUP93	NUP133
NUP93	NUP54
NUP93	RANBP2
NUP93	NUP205
NUP93	NUP35
NUP93	GLE1
NUP93	NXF5
NUP93	HSPA5
NUP93	NUP210L
NUP93	SRSF3
NUP93	SRSF7
NUP93	NCBP1
NUP93	ALYREF
NUP93	NXF1
NUP93	POM121C
NUP93	RAE1
NUP93	POM121
NUP93	TPR
NUP93	NUP50
NUP93	NUP37
NUP93	NUP160
NUP93	NUP43
NUP93	NUP88
NUP93	NUP153
NUP93	SEC13
NUP93	NDC1
NUP93	NUP98
NUP93	NUP58
NUP93	SEH1L
NUP93	NUP62
NUP93	NUP188
NUP93	NUP214
NUP98	DNAL4
NUP98	NXT2
NUP98	NUP107
NUP98	NUP155
NUP98	TARDBP
NUP98	NUP85
NUP98	NUP210
NUP98	NXT1
NUP98	NUP133
NUP98	NUP54
NUP98	RANBP2
NUP98	NUP205
NUP98	NUP35
NUP98	GLE1
NUP98	NUP93
NUP98	NUP210L
NUP98	HSPA5
NUP98	HNRNPA1
NUP98	SRSF7
NUP98	SRSF3
NUP98	POM121
NUP98	POM121C
NUP98	NXF5
NUP98	NCBP1
NUP98	ALYREF
NUP98	NXF3
NUP98	NDC1
NUP98	NUP50
NUP98	NUP188
NUP98	NUP58
NUP98	TPR
NUP98	NXF1
NUP98	NUP62
NUP98	SEH1L
NUP98	NUP214
NUP98	NUP88
NUP98	NUP153
NUP98	NUP43
NUP98	SEC13
NUP98	RAE1
NUP98	NUP37
NUP98	NUP160
NXF1	NXT2
NXF1	NUP107
NXF1	NUP155
NXF1	TARDBP
NXF1	NUP85
NXF1	FUS
NXF1	NUP210
NXF1	NXT1
NXF1	NUP133
NXF1	NUP54
NXF1	RANBP2
NXF1	NUP205
NXF1	NUP35
NXF1	GLE1
NXF1	NUP93
NXF1	NUP98
NXF1	SRSF7
NXF1	HNRNPA1
NXF1	NUP43
NXF1	NUP50
NXF1	HNRNPA2B1
NXF1	NUP214
NXF1	TPR
NXF1	NDC1
NXF1	NUP188
NXF1	SRSF3
NXF1	NCBP1
NXF1	NUP160
NXF1	NUP58
NXF1	SEC13
NXF1	NXF3
NXF1	POM121
NXF1	RAE1
NXF1	SEH1L
NXF1	ALYREF
NXF1	NXF5
NXF1	NUP37
NXF1	POM121C
NXF1	NUP88
NXF1	NUP62
NXF1	NUP153
NXF3	NXT2
NXF3	NUP107
NXF3	NUP85
NXF3	NXT1
NXF3	GLE1
NXF3	NUP98
NXF3	SRSF7
NXF3	NUP214
NXF3	TPR
NXF3	SRSF3
NXF3	NUP58
NXF3	NXF1
NXF3	NUP153
NXF3	NUP62
NXF3	RAE1
NXF3	ALYREF
NXF5	NXT2
NXF5	NUP107
NXF5	NUP85
NXF5	NXT1
NXF5	NUP93
NXF5	NUP98
NXF5	SRSF7
NXF5	NUP214
NXF5	TPR
NXF5	SRSF3
NXF5	NUP58
NXF5	RAE1
NXF5	ALYREF
NXF5	NXF1
NXF5	NUP153
NXF5	NUP62
NXT1	NXT2
NXT1	NUP107
NXT1	NUP155
NXT1	NUP85
NXT1	FUS
NXT1	NUP210
NXT1	NCBP1
NXT1	NDC1
NXT1	POM121
NXT1	POM121C
NXT1	SEC13
NXT1	NUP188
NXT1	SEH1L
NXT1	NUP205
NXT1	SRSF7
NXT1	NUP160
NXT1	NUP58
NXT1	NUP37
NXT1	NUP133
NXT1	NUP93
NXT1	NUP50
NXT1	NUP43
NXT1	NUP88
NXT1	NUP35
NXT1	SRSF3
NXT1	TPR
NXT1	NUP54
NXT1	GLE1
NXT1	RANBP2
NXT1	NUP153
NXT1	RAE1
NXT1	ALYREF
NXT1	NUP98
NXT1	NUP214
NXT1	NUP62
NXT1	NXF5
NXT1	NXF3
NXT1	NXF1
NXT2	RANBP2
NXT2	NUP54
NXT2	NUP35
NXT2	NUP98
NXT2	NUP153
NXT2	NUP214
NXT2	NUP62
NXT2	NXT1
NXT2	NXF5
NXT2	NXF1
NXT2	NXF3
OPTN	RB1CC1
OPTN	GABARAPL2
OPTN	TNFRSF1A
OPTN	SETX
OPTN	PFN1
OPTN	FIG4
OPTN	TARDBP
OPTN	ATG14
OPTN	TRAF2
OPTN	TUBA4A
OPTN	FUS
OPTN	TANK
OPTN	DCTN3
OPTN	SPG11
OPTN	PIK3C3
OPTN	WIPI1
OPTN	CHMP2B
OPTN	TUBB4A
OPTN	ALS2
OPTN	TP53
OPTN	SOD1
OPTN	RAB5A
OPTN	SIGMAR1
OPTN	WIPI2
OPTN	WDR41
OPTN	RAB8A
OPTN	GABARAP
OPTN	NEFH
OPTN	ULK1
OPTN	TBK1
OPTN	ANG
OPTN	ATG101
OPTN	TUBB
OPTN	TUBB4B
OPTN	HNRNPA1
OPTN	UBQLN2
OPTN	HNRNPA2B1
OPTN	UBQLN3
OPTN	PIK3R4
OPTN	VCP
OPTN	DCTN1
OPTN	BECN1
OPTN	PRKN
OPTN	UBQLN4
OPTN	RAB39B
OPTN	ACTR1A
OPTN	PINK1
OPTN	UBQLN1
OPTN	KIF5A
OPTN	SMCR8
OPTN	VDAC1
OPTN	TUBA1A
OPTN	TOMM40
OPTN	DCTN2
OPTN	ERN1
OPTN	ATXN2
OPTN	C9orf72
OPTN	VAPB
OPTN	TNF
OPTN	SQSTM1
OPTN	GABARAPL1
PFN1	SETX
PFN1	TUBA1C
PFN1	SIGMAR1
PFN1	HNRNPA2B1
PFN1	TBK1
PFN1	SQSTM1
PFN1	MTOR
PFN1	SPG11
PFN1	ACTR1A
PFN1	FIG4
PFN1	KIF5A
PFN1	CHMP2B
PFN1	TUBB
PFN1	ALS2
PFN1	OPTN
PFN1	ATXN2
PFN1	HNRNPA1
PFN1	VAPB
PFN1	DCTN1
PFN1	NEFH
PFN1	BECN1
PFN1	TARDBP
PFN1	FUS
PFN1	C9orf72
PFN1	SOD1
PFN1	UBQLN2
PFN1	TUBA4A
PFN1	VCP
PFN1	PFN3
PFN1	PFN4
PFN1	ACTG1
PFN1	ACTB
PFN3	PFN1
PFN3	PFN4
PFN3	MTOR
PFN3	VCP
PFN3	ACTG1
PFN3	ACTB
PFN4	PFN1
PFN4	ACTR10
PFN4	ACTR1B
PFN4	MTOR
PFN4	ACTR1A
PFN4	VCP
PFN4	PFN3
PFN4	ACTG1
PFN4	ACTB
PIK3C3	RB1CC1
PIK3C3	GABARAPL2
PIK3C3	FIG4
PIK3C3	ATG14
PIK3C3	HDAC6
PIK3C3	ATF6
PIK3C3	CYCS
PIK3C3	TBK1
PIK3C3	ACTB
PIK3C3	CASP3
PIK3C3	TP53
PIK3C3	OPTN
PIK3C3	MTOR
PIK3C3	ATG2B
PIK3C3	ATG2A
PIK3C3	PRKN
PIK3C3	PINK1
PIK3C3	PSMD4
PIK3C3	BCL2L1
PIK3C3	SQSTM1
PIK3C3	HSPA5
PIK3C3	WIPI1
PIK3C3	WIPI2
PIK3C3	BCL2
PIK3C3	GABARAPL1
PIK3C3	ATG101
PIK3C3	GABARAP
PIK3C3	ULK2
PIK3C3	BECN1
PIK3C3	ULK1
PIK3C3	RAB5A
PIK3C3	NRBF2
PIK3C3	PIK3R4
PIK3R4	RB1CC1
PIK3R4	GABARAPL2
PIK3R4	FIG4
PIK3R4	ATG14
PIK3R4	PIK3C3
PIK3R4	WIPI1
PIK3R4	RAB5A
PIK3R4	NRBF2
PIK3R4	WIPI2
PIK3R4	GABARAP
PIK3R4	ULK1
PIK3R4	ATG101
PIK3R4	BCL2L1
PIK3R4	OPTN
PIK3R4	PINK1
PIK3R4	ATG2B
PIK3R4	ATG2A
PIK3R4	BCL2
PIK3R4	MTOR
PIK3R4	SQSTM1
PIK3R4	GABARAPL1
PIK3R4	ULK2
PIK3R4	BECN1
PINK1	RB1CC1
PINK1	GABARAPL2
PINK1	NDUFB4
PINK1	NDUFB7
PINK1	XBP1
PINK1	NDUFS7
PINK1	TARDBP
PINK1	ATG14
PINK1	NDUFA2
PINK1	NDUFA10
PINK1	FUS
PINK1	NDUFB5
PINK1	SPG11
PINK1	PIK3C3
PINK1	WIPI1
PINK1	NDUFS3
PINK1	SDHA
PINK1	NDUFA9
PINK1	UQCRC2
PINK1	NDUFB10
PINK1	TP53
PINK1	SOD1
PINK1	NDUFS6
PINK1	NDUFB9
PINK1	NDUFC2
PINK1	WIPI2
PINK1	NDUFS4
PINK1	NDUFB8
PINK1	RAB8A
PINK1	NDUFA7
PINK1	GABARAP
PINK1	EIF2AK3
PINK1	CYCS
PINK1	PSMD1
PINK1	PSMD2
PINK1	CASP3
PINK1	NDUFS8
PINK1	HSPA5
PINK1	ULK1
PINK1	NDUFV2
PINK1	TBK1
PINK1	CASP9
PINK1	NDUFA12
PINK1	ATF4
PINK1	ATG101
PINK1	NDUFA4
PINK1	UBQLN2
PINK1	NDUFV3
PINK1	PIK3R4
PINK1	VCP
PINK1	MTOR
PINK1	GPX6
PINK1	GPX7
PINK1	BECN1
PINK1	PRKN
PINK1	ATF6
PINK1	NDUFS2
PINK1	RAB39B
PINK1	NDUFA1
PINK1	NDUFS5
PINK1	MCU
PINK1	NDUFA8
PINK1	ITPR3
PINK1	TNF
PINK1	CASP1
PINK1	GPX2
PINK1	VAPB
PINK1	GPX5
PINK1	GPX8
PINK1	UBQLN1
PINK1	GPX3
PINK1	C9orf72
PINK1	ULK2
PINK1	HDAC6
PINK1	COX4I2
PINK1	ACTB
PINK1	ATXN2
PINK1	BCL2
PINK1	NDUFAB1
PINK1	NDUFB1
PINK1	NDUFA11
PINK1	NDUFC1
PINK1	NDUFB3
PINK1	COX4I1
PINK1	NDUFB2
PINK1	NDUFB6
PINK1	NDUFA6
PINK1	NDUFA3
PINK1	NDUFA4L2
PINK1	NDUFA13
PINK1	NDUFA5
PINK1	GABARAPL1
PINK1	NDUFV1
PINK1	NDUFS1
PINK1	OPTN
PINK1	TOMM40
PINK1	VDAC1
PINK1	SQSTM1
PINK1	BCL2L1
POM121	NUP107
POM121	NUP155
POM121	NUP85
POM121	NUP210
POM121	NXT1
POM121	NUP133
POM121	NUP54
POM121	RANBP2
POM121	NUP205
POM121	NUP35
POM121	GLE1
POM121	NUP93
POM121	NUP98
POM121	HSPA5
POM121	SRSF7
POM121	NUP43
POM121	NUP50
POM121	NUP214
POM121	TPR
POM121	NDC1
POM121	NUP188
POM121	SRSF3
POM121	NCBP1
POM121	NUP160
POM121	NUP58
POM121	SEC13
POM121	ALYREF
POM121	NUP37
POM121	NUP88
POM121	NXF1
POM121	NUP62
POM121	NUP153
POM121	RAE1
POM121	SEH1L
POM121	POM121L2
POM121	POM121C
POM121C	NUP107
POM121C	NUP155
POM121C	NUP85
POM121C	NUP210
POM121C	NXT1
POM121C	NUP133
POM121C	NUP54
POM121C	RANBP2
POM121C	NUP205
POM121C	NUP35
POM121C	GLE1
POM121C	NUP93
POM121C	NUP98
POM121C	HSPA5
POM121C	SRSF7
POM121C	NUP43
POM121C	NUP50
POM121C	NUP214
POM121C	TPR
POM121C	NUP210L
POM121C	NDC1
POM121C	NUP188
POM121C	SRSF3
POM121C	NCBP1
POM121C	NUP160
POM121C	NUP58
POM121C	SEC13
POM121C	POM121
POM121C	ATXN2L
POM121C	RAE1
POM121C	SEH1L
POM121C	POM121L2
POM121C	ALYREF
POM121C	NXF1
POM121C	NUP153
POM121C	NUP37
POM121C	NUP88
POM121C	NUP62
POM121L2	POM121
POM121L2	POM121C
PPP3CA	MAPK14
PPP3CA	PPP3R1
PPP3CA	TARDBP
PPP3CA	SOD1
PPP3CA	CASP9
PPP3CA	MAP3K5
PPP3CA	ITPR3
PPP3CA	SEC13
PPP3CA	BAD
PPP3CA	PPP3CB
PPP3CA	BCL2
PPP3CA	PPP3CC
PPP3CA	PPP3R2
PPP3CB	MAPK14
PPP3CB	PPP3R1
PPP3CB	TARDBP
PPP3CB	SOD1
PPP3CB	CASP9
PPP3CB	ITPR3
PPP3CB	BAD
PPP3CB	PPP3R2
PPP3CB	PPP3CA
PPP3CB	PPP3CC
PPP3CC	MAPK14
PPP3CC	PPP3R1
PPP3CC	TARDBP
PPP3CC	SOD1
PPP3CC	NRG1
PPP3CC	NDUFS4
PPP3CC	ERBB4
PPP3CC	BAD
PPP3CC	PPP3CB
PPP3CC	PPP3CA
PPP3CC	PPP3R2
PPP3R1	PSMC4
PPP3R1	MAPK14
PPP3R1	MAP3K5
PPP3R1	BCL2
PPP3R1	ITPR3
PPP3R1	BAD
PPP3R1	TARDBP
PPP3R1	SOD1
PPP3R1	PPP3R2
PPP3R1	PPP3CC
PPP3R1	PPP3CB
PPP3R1	PPP3CA
PPP3R2	PPP3R1
PPP3R2	TARDBP
PPP3R2	SOD1
PPP3R2	BAD
PPP3R2	PPP3CB
PPP3R2	PPP3CA
PPP3R2	PPP3CC
PRKN	RB1CC1
PRKN	GABARAPL2
PRKN	PSMA4
PRKN	PSMC4
PRKN	UQCRC1
PRKN	PSMD8
PRKN	XBP1
PRKN	PSMA3
PRKN	PSMD7
PRKN	PSMA2
PRKN	TARDBP
PRKN	ATG14
PRKN	TRAF2
PRKN	TUBA4A
PRKN	FUS
PRKN	PSMB7
PRKN	PSMC1
PRKN	PSMA6
PRKN	PSMD11
PRKN	SPG11
PRKN	PIK3C3
PRKN	WIPI1
PRKN	PSMB1
PRKN	NDUFS3
PRKN	CHMP2B
PRKN	PSMD3
PRKN	TP53
PRKN	SOD1
PRKN	PSMB6
PRKN	PSMA5
PRKN	RANBP2
PRKN	WIPI2
PRKN	PSMB4
PRKN	BAX
PRKN	GABARAP
PRKN	CYCS
PRKN	PSMD1
PRKN	PSMD2
PRKN	PSMC5
PRKN	CASP3
PRKN	PSMA8
PRKN	NEFH
PRKN	TUBA3E
PRKN	HSPA5
PRKN	ULK1
PRKN	TUBA3D
PRKN	TBK1
PRKN	TUBA8
PRKN	TUBA1B
PRKN	TUBB
PRKN	HNRNPA1
PRKN	UBQLN2
PRKN	UBQLN3
PRKN	PSMD12
PRKN	VCP
PRKN	MTOR
PRKN	GPX7
PRKN	BECN1
PRKN	PSMB5
PRKN	GPX2
PRKN	GPX8
PRKN	CASP1
PRKN	ULK2
PRKN	DDIT3
PRKN	TUBAL3
PRKN	UBQLN4
PRKN	RAB39B
PRKN	COX4I1
PRKN	C9orf72
PRKN	TUBA1C
PRKN	UBQLN1
PRKN	GABARAPL1
PRKN	TUBA1A
PRKN	ATXN2
PRKN	BCL2
PRKN	ACTB
PRKN	GRIN2B
PRKN	BCL2L1
PRKN	PSMB3
PRKN	PSMC6
PRKN	PSMB2
PRKN	TOMM40
PRKN	OPTN
PRKN	PSMD9
PRKN	PSMD14
PRKN	PSMA1
PRKN	PSMC2
PRKN	PSMC3
PRKN	PSMA7
PRKN	HDAC6
PRKN	ADRM1
PRKN	PSMD4
PRKN	VDAC1
PRKN	SQSTM1
PRKN	PINK1
PRPH	NEFM
PRPH	NEFL
PRPH	NEFH
PSMA1	PSMA4
PSMA1	PSMC4
PSMA1	PSMD8
PSMA1	PSMA3
PSMA1	PSMD7
PSMA1	PSMA2
PSMA1	TRAF2
PSMA1	EIF2S1
PSMA1	PSMB7
PSMA1	PSMC1
PSMA1	PSMA6
PSMA1	PSMD11
PSMA1	ATP5F1B
PSMA1	PSMB1
PSMA1	PSMD3
PSMA1	TP53
PSMA1	SOD1
PSMA1	PSMB6
PSMA1	PSMA5
PSMA1	PSMB4
PSMA1	PSMD1
PSMA1	PSMD2
PSMA1	PSMC5
PSMA1	PSMA8
PSMA1	NDUFV2
PSMA1	TUBB4B
PSMA1	HNRNPA2B1
PSMA1	PSMD12
PSMA1	VCP
PSMA1	PSMB5
PSMA1	PRKN
PSMA1	UBQLN4
PSMA1	PSMD4
PSMA1	PSMA7
PSMA1	PSMB2
PSMA1	TNFRSF1B
PSMA1	SEC13
PSMA1	PSMD14
PSMA1	PSMC2
PSMA1	TNF
PSMA1	ACTB
PSMA1	ADRM1
PSMA1	PSMC6
PSMA1	PSMB3
PSMA1	PSMC3
PSMA2	PSMA4
PSMA2	PSMC4
PSMA2	PSMD8
PSMA2	PSMA3
PSMA2	PSMD7
PSMA2	TNFRSF1B
PSMA2	NDUFV2
PSMA2	TRAF2
PSMA2	COX7A2
PSMA2	ATP5F1C
PSMA2	TNF
PSMA2	UBQLN1
PSMA2	TP53
PSMA2	PSMD9
PSMA2	UBQLN2
PSMA2	ACTB
PSMA2	CYCS
PSMA2	HSPA5
PSMA2	EIF2S1
PSMA2	SOD1
PSMA2	PRKN
PSMA2	VCP
PSMA2	ADRM1
PSMA2	PSMA8
PSMA2	PSMB1
PSMA2	PSMD12
PSMA2	PSMA6
PSMA2	PSMA5
PSMA2	PSMD2
PSMA2	PSMD1
PSMA2	PSMC1
PSMA2	PSMD14
PSMA2	PSMB2
PSMA2	PSMB3
PSMA2	PSMC6
PSMA2	PSMC3
PSMA2	PSMC5
PSMA2	PSMD11
PSMA2	PSMD4
PSMA2	PSMC2
PSMA2	PSMA7
PSMA2	PSMD3
PSMA2	PSMB4
PSMA2	PSMB5
PSMA2	PSMB7
PSMA2	PSMA1
PSMA2	PSMB6
PSMA3	PSMA4
PSMA3	PSMC4
PSMA3	PSMD8
PSMA3	UBQLN1
PSMA3	COX7A2
PSMA3	VDAC1
PSMA3	TNFRSF1B
PSMA3	TRAF2
PSMA3	ACTB
PSMA3	TARDBP
PSMA3	UQCRB
PSMA3	ATP5PD
PSMA3	TUBB4B
PSMA3	ATP5F1B
PSMA3	SRSF3
PSMA3	TNF
PSMA3	TP53
PSMA3	NDUFV2
PSMA3	HNRNPA1
PSMA3	HNRNPA2B1
PSMA3	NDUFB5
PSMA3	EIF2S1
PSMA3	SOD1
PSMA3	VCP
PSMA3	PRKN
PSMA3	PSMD9
PSMA3	ADRM1
PSMA3	PSMA8
PSMA3	UBQLN4
PSMA3	PSMD3
PSMA3	PSMC5
PSMA3	PSMC6
PSMA3	PSMB3
PSMA3	PSMD14
PSMA3	PSMC1
PSMA3	PSMD1
PSMA3	PSMB2
PSMA3	PSMA5
PSMA3	PSMD2
PSMA3	PSMD7
PSMA3	PSMB1
PSMA3	PSMA6
PSMA3	PSMD12
PSMA3	PSMA1
PSMA3	PSMB6
PSMA3	PSMB4
PSMA3	PSMB5
PSMA3	PSMB7
PSMA3	PSMA2
PSMA3	PSMC2
PSMA3	PSMA7
PSMA3	PSMD4
PSMA3	PSMC3
PSMA3	PSMD11
PSMA4	UQCRQ
PSMA4	TNFRSF1B
PSMA4	NDUFS5
PSMA4	UBQLN1
PSMA4	TNF
PSMA4	NDUFB3
PSMA4	HNRNPA2B1
PSMA4	TRAF2
PSMA4	TP53
PSMA4	EIF2S1
PSMA4	PSMD9
PSMA4	SOD1
PSMA4	VCP
PSMA4	PRKN
PSMA4	ADRM1
PSMA4	PSMA8
PSMA4	UBQLN4
PSMA4	PSMD3
PSMA4	PSMD8
PSMA4	PSMC6
PSMA4	PSMB3
PSMA4	PSMA3
PSMA4	PSMC1
PSMA4	PSMD14
PSMA4	PSMD1
PSMA4	PSMB2
PSMA4	PSMA5
PSMA4	PSMD2
PSMA4	PSMD7
PSMA4	PSMB1
PSMA4	PSMA6
PSMA4	PSMD12
PSMA4	PSMA1
PSMA4	PSMB6
PSMA4	PSMB4
PSMA4	PSMB5
PSMA4	PSMB7
PSMA4	PSMA2
PSMA4	PSMD4
PSMA4	PSMC2
PSMA4	PSMA7
PSMA4	PSMC3
PSMA4	PSMC4
PSMA4	PSMC5
PSMA4	PSMD11
PSMA5	PSMA4
PSMA5	PSMC4
PSMA5	PSMD8
PSMA5	PSMA3
PSMA5	PSMD7
PSMA5	PSMA2
PSMA5	TRAF2
PSMA5	EIF2S1
PSMA5	PSMB7
PSMA5	PSMC1
PSMA5	PSMA6
PSMA5	PSMD11
PSMA5	PSMB1
PSMA5	PSMD3
PSMA5	TP53
PSMA5	SOD1
PSMA5	PSMB6
PSMA5	UBQLN1
PSMA5	SEC13
PSMA5	TNF
PSMA5	ATP5F1A
PSMA5	TNFRSF1B
PSMA5	NDUFAB1
PSMA5	PSMD9
PSMA5	VCP
PSMA5	PRKN
PSMA5	ADRM1
PSMA5	UBQLN4
PSMA5	PSMA8
PSMA5	PSMD2
PSMA5	PSMD12
PSMA5	PSMC6
PSMA5	PSMB3
PSMA5	PSMD1
PSMA5	PSMD14
PSMA5	PSMB2
PSMA5	PSMC2
PSMA5	PSMA7
PSMA5	PSMD4
PSMA5	PSMC5
PSMA5	PSMC3
PSMA5	PSMA1
PSMA5	PSMB4
PSMA5	PSMB5
PSMA6	PSMA4
PSMA6	PSMC4
PSMA6	PSMD8
PSMA6	PSMA3
PSMA6	PSMD7
PSMA6	PSMA2
PSMA6	TARDBP
PSMA6	TRAF2
PSMA6	EIF2S1
PSMA6	PSMB7
PSMA6	PSMC1
PSMA6	VDAC1
PSMA6	TNFRSF1B
PSMA6	HNRNPA2B1
PSMA6	UQCRQ
PSMA6	COX7C
PSMA6	TNF
PSMA6	PSMD9
PSMA6	TP53
PSMA6	SRSF3
PSMA6	NDUFA4
PSMA6	TUBB4B
PSMA6	UBQLN1
PSMA6	COX7A2
PSMA6	ATP5F1C
PSMA6	SQSTM1
PSMA6	UBQLN2
PSMA6	SOD1
PSMA6	VCP
PSMA6	PRKN
PSMA6	ADRM1
PSMA6	PSMA8
PSMA6	UBQLN4
PSMA6	PSMD3
PSMA6	PSMD2
PSMA6	PSMB2
PSMA6	PSMD1
PSMA6	PSMD14
PSMA6	PSMC6
PSMA6	PSMB3
PSMA6	PSMD12
PSMA6	PSMB1
PSMA6	PSMA5
PSMA6	PSMB5
PSMA6	PSMB4
PSMA6	PSMB6
PSMA6	PSMA1
PSMA6	PSMD11
PSMA6	PSMC3
PSMA6	PSMC5
PSMA6	PSMD4
PSMA6	PSMA7
PSMA6	PSMC2
PSMA7	PSMA4
PSMA7	PSMC4
PSMA7	PSMD8
PSMA7	PSMA3
PSMA7	PSMD7
PSMA7	PSMA2
PSMA7	TRAF2
PSMA7	EIF2S1
PSMA7	PSMB7
PSMA7	PSMC1
PSMA7	PSMA6
PSMA7	PSMD11
PSMA7	PSMB1
PSMA7	PSMD3
PSMA7	TP53
PSMA7	SOD1
PSMA7	PSMB6
PSMA7	PSMA5
PSMA7	RANBP2
PSMA7	PSMB4
PSMA7	PSMD1
PSMA7	PSMD2
PSMA7	PSMC5
PSMA7	PSMA8
PSMA7	HNRNPA2B1
PSMA7	PSMD12
PSMA7	VCP
PSMA7	PSMB5
PSMA7	PRKN
PSMA7	UBQLN4
PSMA7	PSMD4
PSMA7	SQSTM1
PSMA7	TNFRSF1B
PSMA7	UBQLN1
PSMA7	VDAC1
PSMA7	PSMD9
PSMA7	TNF
PSMA7	ACTB
PSMA7	APAF1
PSMA7	ADRM1
PSMA7	PSMC3
PSMA7	PSMD14
PSMA7	PSMB3
PSMA7	PSMC6
PSMA7	PSMB2
PSMA7	PSMA1
PSMA7	PSMC2
PSMA8	PSMA4
PSMA8	PSMC4
PSMA8	PSMD8
PSMA8	PSMA3
PSMA8	PSMD7
PSMA8	PSMA2
PSMA8	TRAF2
PSMA8	PSMB7
PSMA8	PSMC1
PSMA8	PSMA6
PSMA8	PSMD11
PSMA8	PSMB1
PSMA8	PSMD3
PSMA8	TP53
PSMA8	SOD1
PSMA8	PSMB6
PSMA8	PSMA5
PSMA8	PSMB4
PSMA8	PSMD1
PSMA8	PSMD2
PSMA8	PSMC5
PSMA8	TNF
PSMA8	TNFRSF1B
PSMA8	PSMD9
PSMA8	VCP
PSMA8	PRKN
PSMA8	ADRM1
PSMA8	PSMD12
PSMA8	PSMC6
PSMA8	PSMD14
PSMA8	PSMC3
PSMA8	PSMA7
PSMA8	PSMC2
PSMA8	PSMD4
PSMA8	PSMB5
PSMA8	UBQLN4
PSMA8	PSMB3
PSMA8	PSMB2
PSMA8	PSMA1
PSMB1	PSMA4
PSMB1	PSMC4
PSMB1	PSMD8
PSMB1	PSMA3
PSMB1	PSMD7
PSMB1	PSMA2
PSMB1	TRAF2
PSMB1	PSMB7
PSMB1	PSMC1
PSMB1	PSMA6
PSMB1	PSMD11
PSMB1	HNRNPA2B1
PSMB1	ATP5PD
PSMB1	SEC13
PSMB1	TNFRSF1B
PSMB1	TNF
PSMB1	TP53
PSMB1	COX7A2
PSMB1	HNRNPA1
PSMB1	PSMD9
PSMB1	VCP
PSMB1	PRKN
PSMB1	SOD1
PSMB1	ADRM1
PSMB1	UBQLN4
PSMB1	PSMA8
PSMB1	PSMC5
PSMB1	PSMD12
PSMB1	PSMA5
PSMB1	PSMD2
PSMB1	PSMD14
PSMB1	PSMD1
PSMB1	PSMB2
PSMB1	PSMB3
PSMB1	PSMC6
PSMB1	PSMC3
PSMB1	PSMD3
PSMB1	PSMA7
PSMB1	PSMC2
PSMB1	PSMD4
PSMB1	PSMB5
PSMB1	PSMB4
PSMB1	PSMA1
PSMB1	PSMB6
PSMB2	PSMA4
PSMB2	PSMC4
PSMB2	PSMD8
PSMB2	PSMA3
PSMB2	PSMD7
PSMB2	PSMA2
PSMB2	TRAF2
PSMB2	EIF2S1
PSMB2	PSMB7
PSMB2	PSMC1
PSMB2	PSMA6
PSMB2	PSMD11
PSMB2	PSMB1
PSMB2	PSMD3
PSMB2	TP53
PSMB2	SOD1
PSMB2	PSMB6
PSMB2	PSMA5
PSMB2	PSMB4
PSMB2	PSMD1
PSMB2	PSMD2
PSMB2	PSMC5
PSMB2	PSMA8
PSMB2	HSPA5
PSMB2	TUBA8
PSMB2	TUBB
PSMB2	PSMD12
PSMB2	VCP
PSMB2	PSMB5
PSMB2	PRKN
PSMB2	PSMD4
PSMB2	PSMA7
PSMB2	SEC13
PSMB2	TNFRSF1B
PSMB2	TNF
PSMB2	PSMD9
PSMB2	ADRM1
PSMB2	PSMC3
PSMB2	PSMC2
PSMB2	PSMA1
PSMB2	PSMD14
PSMB2	PSMB3
PSMB2	PSMC6
PSMB3	PSMA4
PSMB3	PSMC4
PSMB3	PSMD8
PSMB3	PSMA3
PSMB3	PSMD7
PSMB3	PSMA2
PSMB3	TRAF2
PSMB3	PSMB7
PSMB3	PSMC1
PSMB3	PSMA6
PSMB3	PSMD11
PSMB3	PSMB1
PSMB3	PSMD3
PSMB3	TP53
PSMB3	SOD1
PSMB3	PSMB6
PSMB3	PSMA5
PSMB3	PSMB4
PSMB3	NUP35
PSMB3	PSMD1
PSMB3	PSMD2
PSMB3	PSMC5
PSMB3	PSMA8
PSMB3	PSMD12
PSMB3	VCP
PSMB3	PSMB5
PSMB3	PRKN
PSMB3	UBQLN4
PSMB3	PSMD4
PSMB3	PSMA7
PSMB3	PSMB2
PSMB3	TNFRSF1B
PSMB3	UQCRQ
PSMB3	PSMD14
PSMB3	PSMC2
PSMB3	TNF
PSMB3	PSMA1
PSMB3	PSMD9
PSMB3	ADRM1
PSMB3	PSMC3
PSMB3	ACTB
PSMB3	PSMC6
PSMB4	PSMA4
PSMB4	PSMC4
PSMB4	PSMD8
PSMB4	PSMA3
PSMB4	PSMD7
PSMB4	PSMA2
PSMB4	TRAF2
PSMB4	PSMB7
PSMB4	PSMC1
PSMB4	PSMA6
PSMB4	PSMD11
PSMB4	PSMB1
PSMB4	PSMD3
PSMB4	TP53
PSMB4	SOD1
PSMB4	PSMB6
PSMB4	PSMA5
PSMB4	TNFRSF1B
PSMB4	NDUFB8
PSMB4	TNF
PSMB4	PSMD9
PSMB4	VCP
PSMB4	PRKN
PSMB4	ADRM1
PSMB4	PSMC5
PSMB4	PSMC3
PSMB4	PSMD2
PSMB4	PSMA8
PSMB4	PSMD1
PSMB4	PSMA7
PSMB4	PSMC2
PSMB4	PSMD4
PSMB4	PSMA1
PSMB4	PSMB5
PSMB4	PSMD12
PSMB4	PSMB3
PSMB4	PSMC6
PSMB4	PSMD14
PSMB4	PSMB2
PSMB5	PSMA4
PSMB5	PSMC4
PSMB5	PSMD8
PSMB5	PSMA3
PSMB5	PSMD7
PSMB5	PSMA2
PSMB5	TRAF2
PSMB5	PSMB7
PSMB5	PSMC1
PSMB5	PSMA6
PSMB5	PSMD11
PSMB5	PSMB1
PSMB5	PSMD3
PSMB5	TP53
PSMB5	SOD1
PSMB5	PSMB6
PSMB5	PSMA5
PSMB5	PSMB4
PSMB5	PSMD1
PSMB5	PSMD2
PSMB5	PSMC5
PSMB5	PSMA8
PSMB5	PSMD12
PSMB5	VCP
PSMB5	TNFRSF1B
PSMB5	ATP5MC1
PSMB5	TNF
PSMB5	SQSTM1
PSMB5	PSMD9
PSMB5	PRKN
PSMB5	ADRM1
PSMB5	UBQLN4
PSMB5	PSMD4
PSMB5	PSMD14
PSMB5	PSMA1
PSMB5	PSMC3
PSMB5	PSMC2
PSMB5	PSMA7
PSMB5	PSMB2
PSMB5	PSMB3
PSMB5	PSMC6
PSMB6	PSMA4
PSMB6	PSMC4
PSMB6	PSMD8
PSMB6	NDUFB7
PSMB6	PSMA3
PSMB6	PSMD7
PSMB6	PSMA2
PSMB6	TRAF2
PSMB6	COX5B
PSMB6	PSMB7
PSMB6	PSMC1
PSMB6	PSMA6
PSMB6	PSMD11
PSMB6	ATP5F1B
PSMB6	PSMB1
PSMB6	NDUFS3
PSMB6	PSMD3
PSMB6	TP53
PSMB6	SOD1
PSMB6	COX4I1
PSMB6	NDUFA8
PSMB6	SDHB
PSMB6	CYC1
PSMB6	COX7A2
PSMB6	NDUFB9
PSMB6	TNFRSF1B
PSMB6	UQCRQ
PSMB6	ATP5MC1
PSMB6	COX6B1
PSMB6	PSMD9
PSMB6	NDUFA13
PSMB6	NDUFA11
PSMB6	TNF
PSMB6	NDUFB8
PSMB6	VCP
PSMB6	PRKN
PSMB6	ADRM1
PSMB6	PSMC5
PSMB6	PSMD2
PSMB6	PSMD12
PSMB6	PSMD1
PSMB6	PSMC2
PSMB6	PSMC3
PSMB6	PSMA7
PSMB6	PSMD4
PSMB6	PSMA1
PSMB6	PSMB5
PSMB6	PSMB4
PSMB6	PSMA5
PSMB6	PSMA8
PSMB6	PSMC6
PSMB6	PSMB3
PSMB6	PSMB2
PSMB6	PSMD14
PSMB7	PSMA4
PSMB7	PSMC4
PSMB7	PSMD8
PSMB7	PSMA3
PSMB7	PSMD7
PSMB7	PSMA2
PSMB7	TRAF2
PSMB7	EIF2S1
PSMB7	TNFRSF1B
PSMB7	TNF
PSMB7	SEC13
PSMB7	PSMD9
PSMB7	TP53
PSMB7	VCP
PSMB7	SOD1
PSMB7	PRKN
PSMB7	ADRM1
PSMB7	PSMC5
PSMB7	PSMC1
PSMB7	PSMD1
PSMB7	PSMB5
PSMB7	PSMB4
PSMB7	PSMA1
PSMB7	PSMB6
PSMB7	PSMC3
PSMB7	PSMD11
PSMB7	PSMD3
PSMB7	PSMA7
PSMB7	PSMC2
PSMB7	PSMD4
PSMB7	PSMD14
PSMB7	PSMB2
PSMB7	PSMC6
PSMB7	PSMB3
PSMB7	PSMA8
PSMB7	PSMB1
PSMB7	PSMA6
PSMB7	PSMD12
PSMB7	PSMA5
PSMB7	PSMD2
PSMC1	PSMA4
PSMC1	PSMC4
PSMC1	PSMD8
PSMC1	PSMA3
PSMC1	PSMD7
PSMC1	PSMA2
PSMC1	TRAF2
PSMC1	EIF2S1
PSMC1	PSMB7
PSMC1	DERL1
PSMC1	TNFRSF1B
PSMC1	TNF
PSMC1	UBQLN1
PSMC1	SEC13
PSMC1	UBQLN2
PSMC1	TP53
PSMC1	SOD1
PSMC1	VCP
PSMC1	PRKN
PSMC1	PSMD9
PSMC1	PSMA8
PSMC1	UBQLN4
PSMC1	PSMD1
PSMC1	PSMD14
PSMC1	PSMB2
PSMC1	PSMC6
PSMC1	PSMB3
PSMC1	PSMB1
PSMC1	PSMD12
PSMC1	PSMA6
PSMC1	PSMA5
PSMC1	PSMD2
PSMC1	PSMB4
PSMC1	PSMB5
PSMC1	PSMA1
PSMC1	ADRM1
PSMC1	PSMB6
PSMC1	PSMC3
PSMC1	PSMC5
PSMC1	PSMD11
PSMC1	PSMD4
PSMC1	PSMC2
PSMC1	PSMA7
PSMC1	PSMD3
PSMC2	PSMA4
PSMC2	PSMC4
PSMC2	PSMD8
PSMC2	PSMA3
PSMC2	PSMD7
PSMC2	PSMA2
PSMC2	TRAF2
PSMC2	EIF2S1
PSMC2	PSMB7
PSMC2	PSMC1
PSMC2	PSMA6
PSMC2	PSMD11
PSMC2	PSMB1
PSMC2	PSMD3
PSMC2	SDHA
PSMC2	TP53
PSMC2	SOD1
PSMC2	PSMB6
PSMC2	PSMA5
PSMC2	PSMB4
PSMC2	PSMD1
PSMC2	PSMD2
PSMC2	PSMC5
PSMC2	PSMA8
PSMC2	TUBA1B
PSMC2	UBQLN2
PSMC2	UBQLN3
PSMC2	PSMD12
PSMC2	VCP
PSMC2	PSMB5
PSMC2	PRKN
PSMC2	UBQLN4
PSMC2	PSMD4
PSMC2	PSMA7
PSMC2	PSMB2
PSMC2	TNFRSF1B
PSMC2	UBQLN1
PSMC2	HDAC6
PSMC2	SEC13
PSMC2	SQSTM1
PSMC2	PSMD14
PSMC2	TNF
PSMC2	PSMD9
PSMC2	PSMC6
PSMC2	PSMB3
PSMC2	PSMA1
PSMC2	ADRM1
PSMC2	PSMC3
PSMC3	PSMA4
PSMC3	PSMC4
PSMC3	UQCRC1
PSMC3	PSMD8
PSMC3	PSMA3
PSMC3	PSMD7
PSMC3	PSMA2
PSMC3	TRAF2
PSMC3	EIF2S1
PSMC3	PSMB7
PSMC3	PSMC1
PSMC3	PSMA6
PSMC3	PSMD11
PSMC3	PSMB1
PSMC3	NDUFS3
PSMC3	PSMD3
PSMC3	TP53
PSMC3	SOD1
PSMC3	PSMB6
PSMC3	PSMA5
PSMC3	PSMB4
PSMC3	PSMD1
PSMC3	PSMD2
PSMC3	PSMC5
PSMC3	PSMA8
PSMC3	PSMD12
PSMC3	VCP
PSMC3	PSMB5
PSMC3	PRKN
PSMC3	UBQLN4
PSMC3	PSMD4
PSMC3	PSMA7
PSMC3	PSMB2
PSMC3	TNFRSF1B
PSMC3	NUP160
PSMC3	PSMD14
PSMC3	PSMC2
PSMC3	TNF
PSMC3	DCTN2
PSMC3	PSMA1
PSMC3	PSMD9
PSMC3	ADRM1
PSMC3	NDUFV1
PSMC3	PSMC6
PSMC3	PSMB3
PSMC4	PSMA4
PSMC4	MAP3K5
PSMC4	TUBA4A
PSMC4	TARDBP
PSMC4	TRAF2
PSMC4	ACTB
PSMC4	TNFRSF1B
PSMC4	HNRNPA2B1
PSMC4	TNF
PSMC4	PPP3R1
PSMC4	TP53
PSMC4	UBQLN1
PSMC4	UBQLN2
PSMC4	EIF2S1
PSMC4	PRKN
PSMC4	SOD1
PSMC4	VCP
PSMC4	PSMD9
PSMC4	PSMA8
PSMC4	PSMA3
PSMC4	PSMB7
PSMC4	PSMB6
PSMC4	PSMA7
PSMC4	PSMB2
PSMC4	PSMD1
PSMC4	PSMD14
PSMC4	PSMC1
PSMC4	PSMC6
PSMC4	PSMB3
PSMC4	PSMD8
PSMC4	PSMD12
PSMC4	PSMA6
PSMC4	PSMD7
PSMC4	PSMB1
PSMC4	PSMD2
PSMC4	PSMA5
PSMC4	PSMB4
PSMC4	PSMB5
PSMC4	ADRM1
PSMC4	PSMA1
PSMC4	PSMD11
PSMC4	PSMC5
PSMC4	PSMC3
PSMC4	PSMC2
PSMC4	PSMD4
PSMC4	PSMA2
PSMC4	PSMD3
PSMC5	PSMA4
PSMC5	PSMC4
PSMC5	PSMD8
PSMC5	PSMA3
PSMC5	PSMD7
PSMC5	PSMA2
PSMC5	TRAF2
PSMC5	EIF2S1
PSMC5	PSMB7
PSMC5	PSMC1
PSMC5	PSMA6
PSMC5	PSMD11
PSMC5	PSMB1
PSMC5	PSMD3
PSMC5	NDUFB10
PSMC5	TP53
PSMC5	SOD1
PSMC5	PSMB6
PSMC5	PSMA5
PSMC5	WIPI2
PSMC5	PSMB4
PSMC5	ATP5PD
PSMC5	PSMD1
PSMC5	PSMD2
PSMC5	TNFRSF1B
PSMC5	TNF
PSMC5	NDUFV1
PSMC5	VCP
PSMC5	PRKN
PSMC5	PSMA8
PSMC5	PSMD9
PSMC5	MTOR
PSMC5	UBQLN4
PSMC5	PSMA7
PSMC5	PSMA1
PSMC5	ADRM1
PSMC5	PSMB3
PSMC5	PSMC3
PSMC5	PSMD4
PSMC5	PSMC2
PSMC5	PSMB5
PSMC5	PSMD12
PSMC5	PSMD14
PSMC5	PSMB2
PSMC5	PSMC6
PSMC6	PSMA4
PSMC6	PSMC4
PSMC6	PSMD8
PSMC6	PSMA3
PSMC6	PSMD7
PSMC6	PSMA2
PSMC6	TRAF2
PSMC6	EIF2S1
PSMC6	PSMB7
PSMC6	PSMC1
PSMC6	PSMA6
PSMC6	PSMD11
PSMC6	PSMB1
PSMC6	PSMD3
PSMC6	TP53
PSMC6	SOD1
PSMC6	PSMB6
PSMC6	PSMA5
PSMC6	PSMB4
PSMC6	PSMD1
PSMC6	PSMD2
PSMC6	PSMC5
PSMC6	PSMA8
PSMC6	HSPA5
PSMC6	PSMD12
PSMC6	VCP
PSMC6	MTOR
PSMC6	PSMB5
PSMC6	PRKN
PSMC6	UBQLN4
PSMC6	PSMD4
PSMC6	PSMA7
PSMC6	PSMB2
PSMC6	NDUFA8
PSMC6	TNFRSF1B
PSMC6	PSMD14
PSMC6	PSMC2
PSMC6	TNF
PSMC6	PSMA1
PSMC6	PSMD9
PSMC6	ADRM1
PSMC6	PSMC3
PSMC6	PSMB3
PSMD1	PSMA4
PSMD1	PSMC4
PSMD1	PSMD8
PSMD1	PSMA3
PSMD1	PSMD7
PSMD1	PSMA2
PSMD1	TARDBP
PSMD1	TRAF2
PSMD1	EIF2S1
PSMD1	PSMB7
PSMD1	PSMC1
PSMD1	PSMA6
PSMD1	PSMD11
PSMD1	PSMB1
PSMD1	PSMD3
PSMD1	TP53
PSMD1	SOD1
PSMD1	PSMB6
PSMD1	PSMA5
PSMD1	RANBP2
PSMD1	PSMB4
PSMD1	TNFRSF1B
PSMD1	UBQLN1
PSMD1	TNF
PSMD1	HSPA5
PSMD1	PINK1
PSMD1	VCP
PSMD1	PRKN
PSMD1	PSMA8
PSMD1	PSMD9
PSMD1	UBQLN4
PSMD1	PSMB5
PSMD1	PSMA7
PSMD1	PSMB3
PSMD1	PSMA1
PSMD1	ADRM1
PSMD1	PSMC2
PSMD1	PSMD4
PSMD1	PSMC5
PSMD1	PSMC3
PSMD1	PSMC6
PSMD1	PSMD14
PSMD1	PSMB2
PSMD1	PSMD2
PSMD1	PSMD12
PSMD11	PSMA4
PSMD11	PSMC4
PSMD11	PSMD8
PSMD11	PSMA3
PSMD11	PSMD7
PSMD11	PSMA2
PSMD11	TRAF2
PSMD11	EIF2S1
PSMD11	PSMB7
PSMD11	PSMC1
PSMD11	PSMA6
PSMD11	TNFRSF1B
PSMD11	WIPI2
PSMD11	TNF
PSMD11	TP53
PSMD11	ATP5F1A
PSMD11	UBQLN2
PSMD11	UBQLN1
PSMD11	SOD1
PSMD11	UQCRFS1
PSMD11	VCP
PSMD11	PRKN
PSMD11	PSMA8
PSMD11	PSMD9
PSMD11	PSMB5
PSMD11	PSMB6
PSMD11	UBQLN4
PSMD11	PSMA7
PSMD11	PSMB3
PSMD11	PSMA1
PSMD11	PSMC6
PSMD11	PSMD14
PSMD11	PSMD1
PSMD11	PSMB2
PSMD11	PSMA5
PSMD11	PSMD2
PSMD11	PSMB1
PSMD11	PSMD12
PSMD11	ADRM1
PSMD11	PSMB4
PSMD11	PSMD3
PSMD11	PSMD4
PSMD11	PSMC2
PSMD11	PSMC3
PSMD11	PSMC5
PSMD12	PSMA4
PSMD12	PSMC4
PSMD12	PSMD8
PSMD12	PSMA3
PSMD12	PSMD7
PSMD12	PSMA2
PSMD12	TRAF2
PSMD12	EIF2S1
PSMD12	PSMB7
PSMD12	PSMC1
PSMD12	PSMA6
PSMD12	PSMD11
PSMD12	PSMB1
PSMD12	PSMD3
PSMD12	TP53
PSMD12	SOD1
PSMD12	PSMB6
PSMD12	PSMA5
PSMD12	PSMB4
PSMD12	PSMD1
PSMD12	PSMD2
PSMD12	PSMC5
PSMD12	PSMA8
PSMD12	UBQLN2
PSMD12	TNFRSF1B
PSMD12	TNF
PSMD12	UBQLN1
PSMD12	PRKN
PSMD12	VCP
PSMD12	PSMD9
PSMD12	UBQLN4
PSMD12	PSMB5
PSMD12	PSMA7
PSMD12	PSMB3
PSMD12	PSMA1
PSMD12	ADRM1
PSMD12	PSMC2
PSMD12	PSMD4
PSMD12	PSMC3
PSMD12	PSMC6
PSMD12	PSMD14
PSMD12	PSMB2
PSMD14	PSMA4
PSMD14	PSMC4
PSMD14	PSMD8
PSMD14	PSMA3
PSMD14	PSMD7
PSMD14	PSMA2
PSMD14	TRAF2
PSMD14	EIF2S1
PSMD14	PSMB7
PSMD14	PSMC1
PSMD14	PSMA6
PSMD14	PSMD11
PSMD14	PSMB1
PSMD14	PSMD3
PSMD14	TP53
PSMD14	SOD1
PSMD14	PSMB6
PSMD14	PSMA5
PSMD14	PSMB4
PSMD14	CYCS
PSMD14	PSMD1
PSMD14	PSMD2
PSMD14	PSMC5
PSMD14	PSMA8
PSMD14	HSPA5
PSMD14	UBQLN2
PSMD14	UBQLN3
PSMD14	PSMD12
PSMD14	VCP
PSMD14	MTOR
PSMD14	DCTN1
PSMD14	PSMB5
PSMD14	PRKN
PSMD14	UBQLN4
PSMD14	PSMD4
PSMD14	PSMA7
PSMD14	PSMB2
PSMD14	TNFRSF1B
PSMD14	UBQLN1
PSMD14	SEC13
PSMD14	SQSTM1
PSMD14	RAE1
PSMD14	ATP5F1A
PSMD14	RAB1A
PSMD14	TNF
PSMD14	NDUFAB1
PSMD14	PSMD9
PSMD14	PSMC2
PSMD14	PSMC3
PSMD14	ADRM1
PSMD14	PSMA1
PSMD14	PSMC6
PSMD14	PSMB3
PSMD2	PSMA4
PSMD2	PSMC4
PSMD2	TNFRSF1A
PSMD2	PSMD8
PSMD2	PSMA3
PSMD2	PSMD7
PSMD2	PSMA2
PSMD2	TRAF2
PSMD2	EIF2S1
PSMD2	PSMB7
PSMD2	PSMC1
PSMD2	PSMA6
PSMD2	PSMD11
PSMD2	PSMB1
PSMD2	PSMD3
PSMD2	TP53
PSMD2	SOD1
PSMD2	PSMB6
PSMD2	PSMA5
PSMD2	PSMB4
PSMD2	CYCS
PSMD2	PSMD1
PSMD2	TNFRSF1B
PSMD2	SQSTM1
PSMD2	UBQLN3
PSMD2	TNF
PSMD2	PINK1
PSMD2	UBQLN4
PSMD2	UBQLN2
PSMD2	UBQLN1
PSMD2	PRKN
PSMD2	VCP
PSMD2	PSMA8
PSMD2	PSMD9
PSMD2	PSMB5
PSMD2	PSMB3
PSMD2	PSMA7
PSMD2	PSMD12
PSMD2	PSMC6
PSMD2	PSMD14
PSMD2	PSMB2
PSMD2	PSMD4
PSMD2	PSMC2
PSMD2	PSMC3
PSMD2	PSMC5
PSMD2	PSMA1
PSMD2	ADRM1
PSMD3	PSMA4
PSMD3	PSMC4
PSMD3	PSMD8
PSMD3	PSMA3
PSMD3	PSMD7
PSMD3	PSMA2
PSMD3	TRAF2
PSMD3	PSMB7
PSMD3	PSMC1
PSMD3	PSMA6
PSMD3	PSMD11
PSMD3	PSMB1
PSMD3	TNFRSF1B
PSMD3	UBQLN3
PSMD3	TNF
PSMD3	TP53
PSMD3	ACTB
PSMD3	TOMM40
PSMD3	UBQLN2
PSMD3	SOD1
PSMD3	UBQLN1
PSMD3	VCP
PSMD3	PRKN
PSMD3	PSMA8
PSMD3	PSMD9
PSMD3	PSMB5
PSMD3	PSMB6
PSMD3	PSMA7
PSMD3	UBQLN4
PSMD3	PSMA1
PSMD3	PSMB4
PSMD3	PSMB2
PSMD3	ADRM1
PSMD3	PSMD4
PSMD3	PSMC2
PSMD3	PSMC3
PSMD3	PSMC5
PSMD3	PSMC6
PSMD3	PSMB3
PSMD3	PSMD1
PSMD3	PSMD14
PSMD3	PSMD2
PSMD3	PSMA5
PSMD3	PSMD12
PSMD4	GABARAPL2
PSMD4	PSMA4
PSMD4	PSMC4
PSMD4	UQCRC1
PSMD4	PSMD8
PSMD4	PSMA3
PSMD4	PSMD7
PSMD4	PSMA2
PSMD4	TRAF2
PSMD4	EIF2S1
PSMD4	PSMB7
PSMD4	PSMC1
PSMD4	PSMA6
PSMD4	PSMD11
PSMD4	PIK3C3
PSMD4	PSMB1
PSMD4	PSMD3
PSMD4	TP53
PSMD4	SOD1
PSMD4	PSMB6
PSMD4	PSMA5
PSMD4	PSMB4
PSMD4	GABARAP
PSMD4	PSMD1
PSMD4	PSMD2
PSMD4	PSMC5
PSMD4	PSMA8
PSMD4	NDUFV2
PSMD4	ATG101
PSMD4	UBQLN2
PSMD4	UBQLN3
PSMD4	PSMD12
PSMD4	VCP
PSMD4	PSMB5
PSMD4	PRKN
PSMD4	UBQLN4
PSMD4	TNFRSF1B
PSMD4	DCTN2
PSMD4	TNF
PSMD4	SQSTM1
PSMD4	GABARAPL1
PSMD4	PSMD9
PSMD4	UBQLN1
PSMD4	PSMB2
PSMD4	PSMD14
PSMD4	PSMC6
PSMD4	PSMB3
PSMD4	PSMC3
PSMD4	PSMC2
PSMD4	PSMA7
PSMD4	ADRM1
PSMD4	PSMA1
PSMD7	PSMA4
PSMD7	PSMC4
PSMD7	PSMD8
PSMD7	PSMA3
PSMD7	TNFRSF1B
PSMD7	TRAF2
PSMD7	TNF
PSMD7	ATP5F1A
PSMD7	TP53
PSMD7	EIF2S1
PSMD7	UBQLN2
PSMD7	UBQLN1
PSMD7	SOD1
PSMD7	VCP
PSMD7	PRKN
PSMD7	PSMD9
PSMD7	PSMA8
PSMD7	PSMB6
PSMD7	PSMB5
PSMD7	PSMA7
PSMD7	PSMA6
PSMD7	ADRM1
PSMD7	PSMA1
PSMD7	PSMB7
PSMD7	PSMB4
PSMD7	PSMD4
PSMD7	PSMC2
PSMD7	PSMD3
PSMD7	PSMA2
PSMD7	PSMD11
PSMD7	PSMC3
PSMD7	PSMC5
PSMD7	PSMB3
PSMD7	PSMC6
PSMD7	PSMB2
PSMD7	PSMD1
PSMD7	PSMC1
PSMD7	PSMD14
PSMD7	PSMD2
PSMD7	PSMA5
PSMD7	PSMD12
PSMD7	PSMB1
PSMD8	PSMA4
PSMD8	PSMC4
PSMD8	TNFRSF1B
PSMD8	TNF
PSMD8	TRAF2
PSMD8	UBQLN3
PSMD8	TP53
PSMD8	UBQLN2
PSMD8	UBQLN1
PSMD8	SOD1
PSMD8	VCP
PSMD8	PRKN
PSMD8	PSMA8
PSMD8	PSMD9
PSMD8	PSMB5
PSMD8	PSMB7
PSMD8	UBQLN4
PSMD8	PSMA7
PSMD8	PSMB1
PSMD8	PSMA6
PSMD8	PSMA5
PSMD8	PSMC1
PSMD8	PSMD14
PSMD8	PSMD1
PSMD8	PSMB2
PSMD8	PSMC6
PSMD8	PSMB3
PSMD8	PSMA3
PSMD8	PSMD7
PSMD8	PSMD12
PSMD8	PSMD2
PSMD8	PSMB4
PSMD8	PSMA1
PSMD8	PSMB6
PSMD8	ADRM1
PSMD8	PSMC3
PSMD8	PSMC5
PSMD8	PSMD11
PSMD8	PSMD3
PSMD8	PSMA2
PSMD8	PSMD4
PSMD8	PSMC2
PSMD9	PSMA4
PSMD9	PSMC4
PSMD9	PSMD8
PSMD9	PSMA3
PSMD9	PSMD7
PSMD9	PSMA2
PSMD9	TRAF2
PSMD9	PSMB7
PSMD9	PSMC1
PSMD9	PSMA6
PSMD9	PSMD11
PSMD9	PSMB1
PSMD9	PSMD3
PSMD9	TP53
PSMD9	SOD1
PSMD9	PSMB6
PSMD9	PSMA5
PSMD9	PSMB4
PSMD9	PSMD1
PSMD9	PSMD2
PSMD9	PSMC5
PSMD9	PSMA8
PSMD9	HNRNPA1
PSMD9	PSMD12
PSMD9	VCP
PSMD9	PSMB5
PSMD9	PRKN
PSMD9	PSMD4
PSMD9	PSMA7
PSMD9	PSMB2
PSMD9	TNFRSF1B
PSMD9	UBQLN1
PSMD9	PSMD14
PSMD9	PSMC2
PSMD9	TNF
PSMD9	PSMB3
PSMD9	ADRM1
PSMD9	PSMC6
PSMD9	PSMC3
RAB1A	RB1CC1
RAB1A	GABARAPL2
RAB1A	NDUFS3
RAB1A	RAB5A
RAB1A	WDR41
RAB1A	RAB8A
RAB1A	NDUFS8
RAB1A	HSPA5
RAB1A	ULK1
RAB1A	HNRNPA1L2
RAB1A	MTOR
RAB1A	SEC13
RAB1A	SMCR8
RAB1A	PSMD14
RAB1A	GABARAPL1
RAB1A	C9orf72
RAB39B	GRIA2
RAB39B	WDR41
RAB39B	RAB8A
RAB39B	PRKN
RAB39B	PINK1
RAB39B	OPTN
RAB39B	SQSTM1
RAB39B	SMCR8
RAB39B	C9orf72
RAB5A	RB1CC1
RAB5A	GABARAPL2
RAB5A	ATG14
RAB5A	SPG11
RAB5A	PIK3C3
RAB5A	WIPI1
RAB5A	CHMP2B
RAB5A	ALS2
RAB5A	OPTN
RAB5A	DCTN1
RAB5A	MTOR
RAB5A	WIPI2
RAB5A	ULK1
RAB5A	GABARAP
RAB5A	ACTB
RAB5A	SQSTM1
RAB5A	RAB1A
RAB5A	TNF
RAB5A	DCTN4
RAB5A	RAB8A
RAB5A	WDR41
RAB5A	GABARAPL1
RAB5A	SMCR8
RAB5A	KIF5B
RAB5A	PIK3R4
RAB5A	BECN1
RAB8A	TUBA4A
RAB8A	DCTN3
RAB8A	TUBB4A
RAB8A	RAB5A
RAB8A	WDR41
RAB8A	PINK1
RAB8A	ATG101
RAB8A	TUBB4B
RAB8A	TUBB
RAB8A	ACTR1A
RAB8A	TUBA1A
RAB8A	TBK1
RAB8A	DCTN2
RAB8A	DCTN1
RAB8A	RAB1A
RAB8A	RAB39B
RAB8A	SQSTM1
RAB8A	SMCR8
RAB8A	C9orf72
RAB8A	OPTN
RAE1	NUP107
RAE1	NUP155
RAE1	NUP85
RAE1	NUP210
RAE1	NXT1
RAE1	NUP133
RAE1	NUP54
RAE1	RANBP2
RAE1	NUP205
RAE1	NUP35
RAE1	GLE1
RAE1	NUP93
RAE1	NUP98
RAE1	HSPA5
RAE1	SRSF7
RAE1	HNRNPA1
RAE1	NUP43
RAE1	NUP50
RAE1	NUP214
RAE1	TPR
RAE1	NDC1
RAE1	NUP188
RAE1	SRSF3
RAE1	NCBP1
RAE1	NUP160
RAE1	NUP58
RAE1	SEC13
RAE1	NXF3
RAE1	POM121
RAE1	PSMD14
RAE1	CCS
RAE1	NUP37
RAE1	POM121C
RAE1	NUP62
RAE1	NUP88
RAE1	ALYREF
RAE1	NXF5
RAE1	SEH1L
RAE1	NUP153
RAE1	NXF1
RANBP2	NXT2
RANBP2	NUP107
RANBP2	NUP155
RANBP2	NUP85
RANBP2	NUP210
RANBP2	NXT1
RANBP2	NUP133
RANBP2	ALS2
RANBP2	NUP54
RANBP2	DAXX
RANBP2	TP53
RANBP2	PSMD1
RANBP2	EIF2AK3
RANBP2	SRSF7
RANBP2	PSMA7
RANBP2	SQSTM1
RANBP2	SRSF3
RANBP2	HSPA5
RANBP2	NCBP1
RANBP2	DCTN1
RANBP2	ALYREF
RANBP2	PRKN
RANBP2	KLC1
RANBP2	GLE1
RANBP2	RAE1
RANBP2	POM121C
RANBP2	POM121
RANBP2	NUP50
RANBP2	NXF1
RANBP2	NDC1
RANBP2	NUP37
RANBP2	SEC13
RANBP2	NUP58
RANBP2	NUP43
RANBP2	NUP188
RANBP2	TPR
RANBP2	KIF5B
RANBP2	KIF5C
RANBP2	NUP160
RANBP2	SEH1L
RANBP2	NUP205
RANBP2	NUP153
RANBP2	NUP62
RANBP2	NUP35
RANBP2	NUP93
RANBP2	NUP214
RANBP2	NUP88
RANBP2	NUP98
RB1CC1	BCL2L1
RB1CC1	RAB1A
RB1CC1	RAB5A
RB1CC1	PRKN
RB1CC1	BCL2
RB1CC1	WDR41
RB1CC1	TRAF2
RB1CC1	VAPB
RB1CC1	ATG2B
RB1CC1	PINK1
RB1CC1	ATG2A
RB1CC1	WIPI1
RB1CC1	SMCR8
RB1CC1	TBK1
RB1CC1	MAP3K5
RB1CC1	SQSTM1
RB1CC1	WIPI2
RB1CC1	GABARAPL2
RB1CC1	GABARAPL1
RB1CC1	OPTN
RB1CC1	GABARAP
RB1CC1	MTOR
RB1CC1	C9orf72
RB1CC1	TP53
RB1CC1	PIK3R4
RB1CC1	PIK3C3
RB1CC1	BECN1
RB1CC1	ULK2
RB1CC1	ULK1
RB1CC1	ATG14
RB1CC1	NRBF2
RB1CC1	ATG101
SDHA	NDUFB4
SDHA	UQCRC1
SDHA	ATP5F1D
SDHA	NDUFB7
SDHA	COX6A1
SDHA	NDUFS7
SDHA	CAT
SDHA	ATP5F1E
SDHA	NDUFA2
SDHA	NDUFA10
SDHA	COX5B
SDHA	NDUFB5
SDHA	ATP5F1B
SDHA	NDUFS3
SDHA	COX7B
SDHA	PINK1
SDHA	NDUFB1
SDHA	COX7A2
SDHA	GPX6
SDHA	TUBB2A
SDHA	GPX2
SDHA	PSMC2
SDHA	GPX5
SDHA	TOMM40
SDHA	GPX7
SDHA	GPX8
SDHA	NDUFA3
SDHA	COX6A2
SDHA	COX7C
SDHA	NDUFC2
SDHA	NDUFA4
SDHA	NDUFA11
SDHA	TUBB
SDHA	TP53
SDHA	COX8A
SDHA	ATP5MC2
SDHA	ATP5PF
SDHA	NDUFB10
SDHA	NDUFB3
SDHA	ATP5MC3
SDHA	COX6B1
SDHA	NDUFV3
SDHA	ATP5MC1
SDHA	NDUFS5
SDHA	UQCR11
SDHA	NDUFAB1
SDHA	ATP5PD
SDHA	NDUFB9
SDHA	NDUFB6
SDHA	NDUFA1
SDHA	ATP5PO
SDHA	ACTB
SDHA	UQCR10
SDHA	UQCRQ
SDHA	ATP5F1C
SDHA	ATP5PB
SDHA	UQCRHL
SDHA	NDUFA6
SDHA	NDUFA13
SDHA	VDAC1
SDHA	NDUFA12
SDHA	NDUFA5
SDHA	NDUFA8
SDHA	COX5A
SDHA	NDUFS6
SDHA	COX4I2
SDHA	UQCRH
SDHA	NDUFS4
SDHA	UQCRB
SDHA	COX4I1
SDHA	CYCS
SDHA	NDUFB8
SDHA	CYC1
SDHA	ATP5F1A
SDHA	NDUFA9
SDHA	NDUFV2
SDHA	UQCRC2
SDHA	UQCRFS1
SDHA	NDUFS1
SDHA	NDUFS2
SDHA	SDHD
SDHA	NDUFS8
SDHA	NDUFV1
SDHA	SDHB
SDHA	SDHC
SDHB	NDUFB4
SDHB	UQCRC1
SDHB	ATP5F1D
SDHB	NDUFB7
SDHB	COX6A1
SDHB	NDUFS7
SDHB	CAT
SDHB	ATP5F1E
SDHB	NDUFA2
SDHB	NDUFA10
SDHB	COX5B
SDHB	NDUFB5
SDHB	ATP5F1B
SDHB	NDUFS3
SDHB	SDHA
SDHB	NDUFA9
SDHB	UQCRC2
SDHB	NDUFB10
SDHB	TP53
SDHB	PSMB6
SDHB	NDUFS6
SDHB	NDUFB9
SDHB	NDUFC2
SDHB	ATP5MC3
SDHB	COX6A2
SDHB	ATP5PO
SDHB	NDUFS4
SDHB	NDUFB8
SDHB	NDUFA7
SDHB	ATP5PD
SDHB	UQCRFS1
SDHB	CYCS
SDHB	UQCRH
SDHB	NDUFS8
SDHB	CYC1
SDHB	COX5A
SDHB	TUBB3
SDHB	COX8A
SDHB	HSPA5
SDHB	NDUFV2
SDHB	NDUFA12
SDHB	UQCR10
SDHB	NDUFA4
SDHB	ATP5F1C
SDHB	SDHC
SDHB	NDUFS2
SDHB	ATP5PB
SDHB	COX7A2
SDHB	NDUFA1
SDHB	NDUFS5
SDHB	NDUFA8
SDHB	TNF
SDHB	TOMM40
SDHB	BCL2L1
SDHB	COX6B2
SDHB	ATP5MC2
SDHB	UQCRHL
SDHB	COX6C
SDHB	COX7B
SDHB	BCL2
SDHB	ATP5MC1
SDHB	NDUFB1
SDHB	ACTB
SDHB	NDUFAB1
SDHB	NDUFA3
SDHB	ATP5PF
SDHB	COX7C
SDHB	VDAC1
SDHB	NDUFA5
SDHB	UQCR11
SDHB	NDUFB3
SDHB	COX6B1
SDHB	NDUFA11
SDHB	COX4I2
SDHB	NDUFA13
SDHB	NDUFB6
SDHB	NDUFA6
SDHB	UQCRQ
SDHB	COX4I1
SDHB	ATP5F1A
SDHB	UQCRB
SDHB	NDUFV1
SDHB	NDUFS1
SDHB	SDHD
SDHC	NDUFB4
SDHC	UQCRC1
SDHC	ATP5F1D
SDHC	NDUFB7
SDHC	COX6A1
SDHC	NDUFS7
SDHC	NDUFA2
SDHC	NDUFA10
SDHC	COX5B
SDHC	NDUFB5
SDHC	ATP5F1B
SDHC	NDUFS3
SDHC	SDHA
SDHC	NDUFA9
SDHC	UQCRC2
SDHC	NDUFB10
SDHC	TP53
SDHC	NDUFS6
SDHC	NDUFB9
SDHC	NDUFC2
SDHC	ATP5MC3
SDHC	COX6A2
SDHC	ATP5PO
SDHC	NDUFS4
SDHC	NDUFB8
SDHC	NDUFA7
SDHC	ATP5PD
SDHC	UQCRFS1
SDHC	CYCS
SDHC	UQCRH
SDHC	CASP3
SDHC	NDUFS8
SDHC	CYC1
SDHC	COX5A
SDHC	COX8A
SDHC	NDUFV2
SDHC	NDUFA12
SDHC	UQCR10
SDHC	NDUFA4
SDHC	ATP5F1C
SDHC	BCL2L1
SDHC	COX7A2
SDHC	VDAC1
SDHC	COX6B2
SDHC	NDUFA3
SDHC	ATP5MC2
SDHC	TNF
SDHC	ATP5MC1
SDHC	NDUFAB1
SDHC	BCL2
SDHC	COX6C
SDHC	COX6B1
SDHC	UQCR11
SDHC	NDUFA11
SDHC	ATP5PF
SDHC	NDUFA1
SDHC	NDUFB3
SDHC	NDUFS5
SDHC	COX7C
SDHC	COX4I2
SDHC	ATP5PB
SDHC	UQCRHL
SDHC	COX4I1
SDHC	ACTB
SDHC	ATP5F1A
SDHC	NDUFA13
SDHC	NDUFB6
SDHC	NDUFV1
SDHC	NDUFA6
SDHC	NDUFA5
SDHC	UQCRB
SDHC	NDUFA8
SDHC	NDUFS1
SDHC	UQCRQ
SDHC	NDUFS2
SDHC	SDHB
SDHC	SDHD
SDHD	NDUFB4
SDHD	UQCRC1
SDHD	ATP5F1D
SDHD	NDUFB7
SDHD	COX6A1
SDHD	NDUFS7
SDHD	ATP5F1E
SDHD	NDUFA2
SDHD	NDUFA10
SDHD	COX5B
SDHD	NDUFB5
SDHD	ATP5F1B
SDHD	NDUFS3
SDHD	SDHA
SDHD	NDUFA9
SDHD	UQCRC2
SDHD	NDUFB10
SDHD	NDUFS6
SDHD	NDUFB9
SDHD	NDUFC2
SDHD	ATP5MC3
SDHD	COX6A2
SDHD	ATP5PO
SDHD	NDUFS4
SDHD	NDUFB8
SDHD	NDUFA7
SDHD	ATP5PD
SDHD	UQCRFS1
SDHD	CYCS
SDHD	UQCRH
SDHD	NDUFS8
SDHD	CYC1
SDHD	COX5A
SDHD	NDUFV2
SDHD	NDUFA12
SDHD	UQCR10
SDHD	NDUFA4
SDHD	ATP5F1C
SDHD	SDHC
SDHD	NDUFS2
SDHD	ATP5PB
SDHD	COX7A2
SDHD	NDUFA1
SDHD	NDUFS5
SDHD	NDUFA8
SDHD	SDHB
SDHD	COX6B2
SDHD	NDUFA3
SDHD	NDUFA4L2
SDHD	NDUFC1
SDHD	COX7B
SDHD	ATP5MC1
SDHD	VDAC1
SDHD	UQCR11
SDHD	NDUFA11
SDHD	ATP5PF
SDHD	NDUFB3
SDHD	COX6C
SDHD	NDUFAB1
SDHD	COX6B1
SDHD	COX7C
SDHD	NDUFV1
SDHD	NDUFA13
SDHD	UQCRHL
SDHD	COX4I2
SDHD	COX4I1
SDHD	ATP5F1A
SDHD	NDUFB6
SDHD	NDUFA5
SDHD	NDUFS1
SDHD	UQCRB
SDHD	NDUFA6
SDHD	UQCRQ
SEC13	NUP107
SEC13	NUP155
SEC13	NUP85
SEC13	NUP210
SEC13	NXT1
SEC13	PSMB7
SEC13	PSMC1
SEC13	NUP133
SEC13	PSMB1
SEC13	NUP54
SEC13	PSMA5
SEC13	RANBP2
SEC13	NUP205
SEC13	NUP35
SEC13	GLE1
SEC13	NUP93
SEC13	NUP98
SEC13	HSPA5
SEC13	SRSF7
SEC13	NUP43
SEC13	NUP50
SEC13	VCP
SEC13	NUP214
SEC13	MTOR
SEC13	TPR
SEC13	NDC1
SEC13	NUP188
SEC13	PSMB2
SEC13	SRSF3
SEC13	NCBP1
SEC13	NUP160
SEC13	NUP58
SEC13	PSMC2
SEC13	PSMD14
SEC13	PSMA1
SEC13	TNF
SEC13	GRIA1
SEC13	ALYREF
SEC13	PPP3CA
SEC13	NXF1
SEC13	RAB1A
SEC13	RAE1
SEC13	POM121C
SEC13	POM121
SEC13	NUP153
SEC13	NUP88
SEC13	NUP62
SEC13	SEH1L
SEC13	NUP37
SEH1L	NUP107
SEH1L	NUP155
SEH1L	NUP85
SEH1L	NUP210
SEH1L	NXT1
SEH1L	NUP133
SEH1L	NUP54
SEH1L	RANBP2
SEH1L	NUP205
SEH1L	NUP35
SEH1L	GLE1
SEH1L	NUP93
SEH1L	NUP98
SEH1L	HSPA5
SEH1L	SRSF7
SEH1L	NUP43
SEH1L	NUP50
SEH1L	NUP214
SEH1L	MTOR
SEH1L	TPR
SEH1L	NDC1
SEH1L	NUP188
SEH1L	SRSF3
SEH1L	NCBP1
SEH1L	NUP160
SEH1L	NUP58
SEH1L	SEC13
SEH1L	POM121
SEH1L	RAE1
SEH1L	ALYREF
SEH1L	NXF1
SEH1L	POM121C
SEH1L	NUP153
SEH1L	NUP62
SEH1L	NUP88
SEH1L	NUP37
SETX	TUBA4A
SETX	TBK1
SETX	KIF5A
SETX	GLE1
SETX	SQSTM1
SETX	HNRNPA2B1
SETX	NCBP1
SETX	PFN1
SETX	HNRNPA1
SETX	CHMP2B
SETX	VCP
SETX	ANG
SETX	NEFH
SETX	UBQLN2
SETX	SIGMAR1
SETX	C9orf72
SETX	OPTN
SETX	SOD1
SETX	SPG11
SETX	DCTN1
SETX	ATXN2
SETX	FIG4
SETX	TARDBP
SETX	VAPB
SETX	FUS
SETX	ALS2
SIGMAR1	XBP1
SIGMAR1	SETX
SIGMAR1	PFN1
SIGMAR1	FIG4
SIGMAR1	TARDBP
SIGMAR1	FUS
SIGMAR1	SPG11
SIGMAR1	CHMP2B
SIGMAR1	ALS2
SIGMAR1	SOD1
SIGMAR1	OPTN
SIGMAR1	CYC1
SIGMAR1	GRIN2B
SIGMAR1	ATXN2
SIGMAR1	ATF6
SIGMAR1	DCTN1
SIGMAR1	VCP
SIGMAR1	UBQLN2
SIGMAR1	BCL2
SIGMAR1	C9orf72
SIGMAR1	MCU
SIGMAR1	ERN1
SIGMAR1	VAPB
SIGMAR1	VDAC1
SIGMAR1	ITPR3
SIGMAR1	HSPA5
SLC1A2	NEFM
SLC1A2	FIG4
SLC1A2	TARDBP
SLC1A2	FUS
SLC1A2	GRIN2D
SLC1A2	SOD1
SLC1A2	CCS
SLC1A2	NEFL
SLC1A2	ACTB
SLC1A2	C9orf72
SLC1A2	TNF
SLC1A2	KIF5A
SLC1A2	NEFH
SLC1A2	GRIN2C
SLC1A2	CASP3
SLC1A2	GRIN1
SLC1A2	GRIA2
SLC1A2	GRIA1
SLC1A2	GRIN2B
SLC1A2	GRIN2A
SMCR8	RB1CC1
SMCR8	TARDBP
SMCR8	TANK
SMCR8	CHMP2B
SMCR8	RAB5A
SMCR8	WDR41
SMCR8	RAB8A
SMCR8	ULK1
SMCR8	TBK1
SMCR8	ATG101
SMCR8	UBQLN2
SMCR8	RAB39B
SMCR8	OPTN
SMCR8	SQSTM1
SMCR8	ULK2
SMCR8	ATXN2
SMCR8	RAB1A
SMCR8	C9orf72
SOD1	PSMA4
SOD1	PSMC4
SOD1	PSMD8
SOD1	XBP1
SOD1	DNAL4
SOD1	PSMA3
SOD1	PSMD7
SOD1	DCTN6
SOD1	NEFM
SOD1	PSMA2
SOD1	SETX
SOD1	PFN1
SOD1	MAPK14
SOD1	FIG4
SOD1	PPP3R1
SOD1	TARDBP
SOD1	CAT
SOD1	TUBA4A
SOD1	FUS
SOD1	ACTR10
SOD1	COX5B
SOD1	PSMB7
SOD1	DERL1
SOD1	DCTN3
SOD1	PSMC1
SOD1	DNAH3
SOD1	PSMA6
SOD1	PSMD11
SOD1	SPG11
SOD1	PSMB1
SOD1	DNAH9
SOD1	CHMP2B
SOD1	ALS2
SOD1	PSMD3
SOD1	DNAH5
SOD1	DAXX
SOD1	TP53
SOD1	COX5A
SOD1	CASP1
SOD1	COX7C
SOD1	ATF6
SOD1	ATP5F1C
SOD1	NDUFAB1
SOD1	MTOR
SOD1	NDUFS5
SOD1	ATP5PD
SOD1	NDUFS1
SOD1	CASP9
SOD1	UBQLN1
SOD1	NUP62
SOD1	NOS2
SOD1	ATP5PO
SOD1	KIF5A
SOD1	GRIA2
SOD1	HNRNPA2B1
SOD1	COX4I1
SOD1	ATP5F1A
SOD1	HNRNPA1
SOD1	HDAC6
SOD1	SIGMAR1
SOD1	TNF
SOD1	TBK1
SOD1	PRKN
SOD1	CASP3
SOD1	ANG
SOD1	DNAI1
SOD1	DNAH8
SOD1	DNAH12
SOD1	DNAH17
SOD1	DNAI2
SOD1	DNAH1
SOD1	DNAH10
SOD1	DNAH6
SOD1	DNAH14
SOD1	DNALI1
SOD1	DNAH7
SOD1	PINK1
SOD1	BECN1
SOD1	DCTN5
SOD1	ACTB
SOD1	DCTN4
SOD1	ATXN2
SOD1	ACTR1A
SOD1	DNAL1
SOD1	ACTR1B
SOD1	DNAH2
SOD1	NOS1
SOD1	DNAH11
SOD1	PSMD12
SOD1	HAP1
SOD1	CYCS
SOD1	PSMA8
SOD1	PSMD1
SOD1	PSMC6
SOD1	PSMC5
SOD1	PSMD9
SOD1	MAP3K5
SOD1	PSMC2
SOD1	PSMB4
SOD1	PSMA7
SOD1	PSMB5
SOD1	SLC1A2
SOD1	PSMB2
SOD1	PSMB3
SOD1	UQCRFS1
SOD1	PSMB6
SOD1	DCTN2
SOD1	PSMA5
SOD1	PSMA1
SOD1	PSMD14
SOD1	VCP
SOD1	NEFH
SOD1	PSMD4
SOD1	PSMC3
SOD1	ADRM1
SOD1	PSMD2
SOD1	UBQLN2
SOD1	VAPB
SOD1	DCTN1
SOD1	GPX5
SOD1	GPX6
SOD1	GPX2
SOD1	GPX3
SOD1	GPX8
SOD1	GPX7
SOD1	C9orf72
SOD1	TOMM40L
SOD1	PPP3CC
SOD1	PPP3R2
SOD1	PPP3CB
SOD1	SQSTM1
SOD1	TOMM40
SOD1	OPTN
SOD1	PPP3CA
SOD1	HSPA5
SOD1	NEFL
SOD1	VDAC1
SOD1	BCL2
SOD1	CCS
SPG11	SETX
SPG11	PFN1
SPG11	FIG4
SPG11	TARDBP
SPG11	TUBA4A
SPG11	FUS
SPG11	HNRNPA1
SPG11	SQSTM1
SPG11	TBK1
SPG11	NEFH
SPG11	RAB5A
SPG11	PINK1
SPG11	SOD1
SPG11	PRKN
SPG11	CHMP2B
SPG11	SIGMAR1
SPG11	DCTN1
SPG11	OPTN
SPG11	VCP
SPG11	C9orf72
SPG11	KIF5A
SPG11	VAPB
SPG11	UBQLN2
SPG11	ATXN2
SPG11	ALS2
SQSTM1	RB1CC1
SQSTM1	GABARAPL2
SQSTM1	MAPK13
SQSTM1	MAPK12
SQSTM1	XBP1
SQSTM1	NEFM
SQSTM1	SETX
SQSTM1	PFN1
SQSTM1	MAPK14
SQSTM1	FIG4
SQSTM1	TARDBP
SQSTM1	ATG14
SQSTM1	TRAF2
SQSTM1	TUBA4A
SQSTM1	FUS
SQSTM1	EIF2S1
SQSTM1	TANK
SQSTM1	PSMA6
SQSTM1	SPG11
SQSTM1	PIK3C3
SQSTM1	WIPI1
SQSTM1	CHMP2B
SQSTM1	ALS2
SQSTM1	DAXX
SQSTM1	TP53
SQSTM1	SOD1
SQSTM1	RAB5A
SQSTM1	NRBF2
SQSTM1	RANBP2
SQSTM1	WIPI2
SQSTM1	WDR41
SQSTM1	RAB8A
SQSTM1	GABARAP
SQSTM1	KIF5B
SQSTM1	EIF2AK3
SQSTM1	CYCS
SQSTM1	PSMD2
SQSTM1	CASP3
SQSTM1	HSPA5
SQSTM1	ULK1
SQSTM1	TBK1
SQSTM1	CASP9
SQSTM1	MAPK11
SQSTM1	ATF4
SQSTM1	ATG101
SQSTM1	TUBB
SQSTM1	HNRNPA1
SQSTM1	UBQLN2
SQSTM1	HNRNPA2B1
SQSTM1	PIK3R4
SQSTM1	VCP
SQSTM1	ATG2B
SQSTM1	MTOR
SQSTM1	DCTN1
SQSTM1	BECN1
SQSTM1	PSMB5
SQSTM1	PRKN
SQSTM1	TPR
SQSTM1	ATF6
SQSTM1	PSMD4
SQSTM1	RAB39B
SQSTM1	PSMA7
SQSTM1	PINK1
SQSTM1	BCL2L1
SQSTM1	UBQLN1
SQSTM1	HDAC6
SQSTM1	ATG2A
SQSTM1	OPTN
SQSTM1	ALYREF
SQSTM1	PSMD14
SQSTM1	DDIT3
SQSTM1	CASP1
SQSTM1	APAF1
SQSTM1	DCTN2
SQSTM1	TOMM40
SQSTM1	COX4I1
SQSTM1	ATXN2
SQSTM1	KLC1
SQSTM1	SMCR8
SQSTM1	PSMC2
SQSTM1	TUBA1A
SQSTM1	VAPB
SQSTM1	TNF
SQSTM1	ERN1
SQSTM1	ACTB
SQSTM1	ULK2
SQSTM1	BCL2
SQSTM1	C9orf72
SQSTM1	VDAC1
SQSTM1	GABARAPL1
SRSF3	PSMA3
SRSF3	NUP107
SRSF3	NUP155
SRSF3	TARDBP
SRSF3	NUP85
SRSF3	FUS
SRSF3	NUP210
SRSF3	NXT1
SRSF3	NUP133
SRSF3	PSMA6
SRSF3	NUP54
SRSF3	TP53
SRSF3	RANBP2
SRSF3	NUP205
SRSF3	NUP35
SRSF3	GLE1
SRSF3	NUP93
SRSF3	NUP98
SRSF3	SRSF7
SRSF3	HNRNPA1
SRSF3	NUP43
SRSF3	NUP50
SRSF3	HNRNPA2B1
SRSF3	NUP214
SRSF3	TPR
SRSF3	NDC1
SRSF3	NUP188
SRSF3	POM121
SRSF3	POM121C
SRSF3	NUP58
SRSF3	SEC13
SRSF3	NUP160
SRSF3	NUP88
SRSF3	NUP37
SRSF3	NUP62
SRSF3	NUP153
SRSF3	SEH1L
SRSF3	RAE1
SRSF3	NXF5
SRSF3	NXF3
SRSF3	NCBP1
SRSF3	HNRNPA3
SRSF3	ALYREF
SRSF3	NXF1
SRSF7	NUP107
SRSF7	NUP155
SRSF7	TARDBP
SRSF7	NUP85
SRSF7	FUS
SRSF7	NUP210
SRSF7	NXT1
SRSF7	NUP133
SRSF7	NUP54
SRSF7	RANBP2
SRSF7	NUP205
SRSF7	NUP35
SRSF7	GLE1
SRSF7	NUP93
SRSF7	NUP98
SRSF7	POM121
SRSF7	POM121C
SRSF7	NUP58
SRSF7	NDC1
SRSF7	NUP188
SRSF7	NUP62
SRSF7	NUP50
SRSF7	NUP88
SRSF7	NUP214
SRSF7	SEC13
SRSF7	NUP153
SRSF7	NUP160
SRSF7	SEH1L
SRSF7	NUP37
SRSF7	TPR
SRSF7	NUP43
SRSF7	RAE1
SRSF7	NXF3
SRSF7	NXF5
SRSF7	NCBP1
SRSF7	HNRNPA3
SRSF7	HNRNPA2B1
SRSF7	ALYREF
SRSF7	NXF1
SRSF7	HNRNPA1
SRSF7	SRSF3
TANK	TNFRSF1A
TANK	TRAF2
TANK	CASP1
TANK	ERN1
TANK	WDR41
TANK	TNFRSF1B
TANK	C9orf72
TANK	SQSTM1
TANK	SMCR8
TANK	OPTN
TANK	TNF
TANK	TBK1
TARDBP	PSMC4
TARDBP	NDUFB4
TARDBP	NDUFB7
TARDBP	XBP1
TARDBP	PSMA3
TARDBP	NEFM
TARDBP	SETX
TARDBP	PFN1
TARDBP	NUP107
TARDBP	FIG4
TARDBP	NDUFS7
TARDBP	PPP3R1
TARDBP	CYCS
TARDBP	NUP62
TARDBP	ANXA11
TARDBP	NXF1
TARDBP	PSMD1
TARDBP	NUP50
TARDBP	NCBP1
TARDBP	HSPA5
TARDBP	PSMA6
TARDBP	TPR
TARDBP	CASP3
TARDBP	SMCR8
TARDBP	NUP98
TARDBP	KIF5C
TARDBP	WDR41
TARDBP	TUBB
TARDBP	ACTB
TARDBP	TUBA4A
TARDBP	ANG
TARDBP	GRIA2
TARDBP	ATXN2L
TARDBP	VDAC1
TARDBP	EIF2S1
TARDBP	SPG11
TARDBP	SIGMAR1
TARDBP	PINK1
TARDBP	NDUFA11
TARDBP	NDUFB2
TARDBP	NDUFA4L2
TARDBP	NDUFA3
TARDBP	NDUFV3
TARDBP	NDUFS5
TARDBP	NDUFB3
TARDBP	NDUFC2
TARDBP	NDUFA13
TARDBP	NDUFS6
TARDBP	NDUFA9
TARDBP	NDUFA1
TARDBP	NDUFB10
TARDBP	NDUFA8
TARDBP	NDUFAB1
TARDBP	NDUFA2
TARDBP	NDUFC1
TARDBP	NDUFA7
TARDBP	NDUFB1
TARDBP	NDUFA12
TARDBP	NDUFA6
TARDBP	NDUFA4
TARDBP	KIF5A
TARDBP	NDUFB8
TARDBP	NDUFV1
TARDBP	NDUFS1
TARDBP	NDUFB5
TARDBP	NDUFB6
TARDBP	NDUFS8
TARDBP	NDUFS4
TARDBP	NDUFB9
TARDBP	GLE1
TARDBP	NDUFV2
TARDBP	NDUFA5
TARDBP	NDUFS2
TARDBP	NDUFS3
TARDBP	NDUFA10
TARDBP	SLC1A2
TARDBP	UBQLN4
TARDBP	TBK1
TARDBP	UBQLN3
TARDBP	NEFH
TARDBP	SRSF7
TARDBP	NEFL
TARDBP	DCTN1
TARDBP	ALYREF
TARDBP	ALS2
TARDBP	UBQLN1
TARDBP	CHMP2B
TARDBP	VAPB
TARDBP	PPP3R2
TARDBP	PPP3CB
TARDBP	HNRNPA3
TARDBP	PPP3CA
TARDBP	SRSF3
TARDBP	PPP3CC
TARDBP	C9orf72
TARDBP	SQSTM1
TARDBP	OPTN
TARDBP	VCP
TARDBP	UBQLN2
TARDBP	HDAC6
TARDBP	PRKN
TARDBP	SOD1
TARDBP	ATXN2
TARDBP	HNRNPA1
TARDBP	HNRNPA2B1
TARDBP	FUS
TBK1	RB1CC1
TBK1	GABARAPL2
TBK1	TNFRSF1A
TBK1	SETX
TBK1	PFN1
TBK1	FIG4
TBK1	TARDBP
TBK1	TRAF2
TBK1	TUBA4A
TBK1	FUS
TBK1	TANK
TBK1	SPG11
TBK1	PIK3C3
TBK1	CHMP2B
TBK1	ALS2
TBK1	TP53
TBK1	SOD1
TBK1	WIPI2
TBK1	WDR41
TBK1	RAB8A
TBK1	GABARAP
TBK1	CASP3
TBK1	ULK1
TBK1	HNRNPA1
TBK1	KIF5A
TBK1	DCTN1
TBK1	GABARAPL1
TBK1	VAPB
TBK1	ATXN2
TBK1	ACTB
TBK1	PINK1
TBK1	CASP1
TBK1	PRKN
TBK1	BECN1
TBK1	VCP
TBK1	MTOR
TBK1	HNRNPA2B1
TBK1	UBQLN2
TBK1	C9orf72
TBK1	SMCR8
TBK1	SQSTM1
TBK1	TNF
TBK1	OPTN
TNF	PSMA4
TNF	PSMC4
TNF	TNFRSF1A
TNF	MAPK13
TNF	PSMD8
TNF	MAPK12
TNF	XBP1
TNF	PSMA3
TNF	PSMD7
TNF	PSMA2
TNF	MAPK14
TNF	TRAF2
TNF	FUS
TNF	EIF2S1
TNF	TANK
TNF	PSMB7
TNF	PSMC1
TNF	PSMA6
TNF	PSMD11
TNF	PSMB1
TNF	PSMD3
TNF	TP53
TNF	SOD1
TNF	PSMB6
TNF	PSMA5
TNF	RAB5A
TNF	SLC1A2
TNF	PSMB4
TNF	BAX
TNF	EIF2AK3
TNF	CYCS
TNF	PSMD1
TNF	PSMD2
TNF	PSMC5
TNF	CASP3
TNF	PSMA8
TNF	BID
TNF	HSPA5
TNF	NOS2
TNF	TBK1
TNF	CASP9
TNF	MAPK11
TNF	ATF4
TNF	TUBA1B
TNF	HNRNPA1
TNF	MAP2K3
TNF	PSMD12
TNF	MAP3K5
TNF	MTOR
TNF	GPX6
TNF	GPX7
TNF	DCTN1
TNF	BECN1
TNF	PSMB5
TNF	ATF6
TNF	SDHC
TNF	PSMD4
TNF	PSMA7
TNF	PSMB2
TNF	PINK1
TNF	SDHB
TNF	BCL2L1
TNF	TNFRSF1B
TNF	HDAC6
TNF	OPTN
TNF	SEC13
TNF	GPX3
TNF	GPX2
TNF	SQSTM1
TNF	BCL2
TNF	PSMD14
TNF	PSMC2
TNF	GPX5
TNF	PSMB3
TNF	PSMC6
TNF	NEFL
TNF	PSMA1
TNF	PSMC3
TNF	C9orf72
TNF	DDIT3
TNF	NOS1
TNF	PSMD9
TNF	APAF1
TNF	GPX8
TNF	ACTB
TNF	ERN1
TNF	CASP1
TNFRSF1A	BAX
TNFRSF1A	HSPA5
TNFRSF1A	MAPK14
TNFRSF1A	BAD
TNFRSF1A	ACTB
TNFRSF1A	APAF1
TNFRSF1A	BCL2L1
TNFRSF1A	CYCS
TNFRSF1A	ERN1
TNFRSF1A	CASP9
TNFRSF1A	BCL2
TNFRSF1A	PSMD2
TNFRSF1A	MAP3K5
TNFRSF1A	OPTN
TNFRSF1A	CASP1
TNFRSF1A	TP53
TNFRSF1A	BID
TNFRSF1A	CASP3
TNFRSF1A	DAXX
TNFRSF1A	TANK
TNFRSF1A	TBK1
TNFRSF1A	TNF
TNFRSF1A	TRAF2
TNFRSF1A	TNFRSF1B
TNFRSF1B	PSMA4
TNFRSF1B	PSMC4
TNFRSF1B	TNFRSF1A
TNFRSF1B	PSMD8
TNFRSF1B	PSMA3
TNFRSF1B	PSMD7
TNFRSF1B	PSMA2
TNFRSF1B	TRAF2
TNFRSF1B	TANK
TNFRSF1B	PSMB7
TNFRSF1B	PSMC1
TNFRSF1B	PSMA6
TNFRSF1B	PSMD11
TNFRSF1B	PSMB1
TNFRSF1B	PSMD3
TNFRSF1B	DAXX
TNFRSF1B	PSMB6
TNFRSF1B	PSMA5
TNFRSF1B	PSMB4
TNFRSF1B	PSMD1
TNFRSF1B	PSMD2
TNFRSF1B	PSMC5
TNFRSF1B	PSMA8
TNFRSF1B	PSMD12
TNFRSF1B	PSMB5
TNFRSF1B	PSMD4
TNFRSF1B	PSMA7
TNFRSF1B	PSMB2
TNFRSF1B	PSMD14
TNFRSF1B	PSMC2
TNFRSF1B	PSMD9
TNFRSF1B	PSMA1
TNFRSF1B	PSMC6
TNFRSF1B	CASP1
TNFRSF1B	PSMB3
TNFRSF1B	PSMC3
TNFRSF1B	TNF
TOMM40	UQCRC1
TOMM40	NDUFA2
TOMM40	COX5B
TOMM40	ATP5F1B
TOMM40	NDUFS3
TOMM40	PSMD3
TOMM40	SDHA
TOMM40	NDUFA9
TOMM40	UQCRC2
TOMM40	SOD1
TOMM40	BAX
TOMM40	NDUFS4
TOMM40	NDUFB8
TOMM40	UQCRFS1
TOMM40	CYCS
TOMM40	NDUFS8
TOMM40	CYC1
TOMM40	GRIN2A
TOMM40	NDUFA4
TOMM40	VCP
TOMM40	PRKN
TOMM40	TOMM40L
TOMM40	NDUFS2
TOMM40	PINK1
TOMM40	SDHB
TOMM40	ATG2A
TOMM40	UQCRQ
TOMM40	OPTN
TOMM40	SQSTM1
TOMM40	ATP5MC1
TOMM40	VDAC1
TOMM40	BCL2
TOMM40	ATP5F1A
TOMM40	NDUFS1
TOMM40	NDUFV1
TOMM40	COX4I1
TOMM40L	SOD1
TOMM40L	BAX
TOMM40L	BCL2
TOMM40L	NDUFS2
TOMM40L	VDAC1
TOMM40L	TOMM40
TP53	RB1CC1
TP53	GABARAPL2
TP53	PSMA4
TP53	PSMC4
TP53	TNFRSF1A
TP53	MAPK13
TP53	PSMD8
TP53	MAPK12
TP53	XBP1
TP53	PSMA3
TP53	PSMD7
TP53	PSMA2
TP53	MAPK14
TP53	TRAF2
TP53	TUBA4A
TP53	FUS
TP53	EIF2S1
TP53	PSMB7
TP53	PSMC1
TP53	PSMA6
TP53	PSMD11
TP53	PIK3C3
TP53	PSMB1
TP53	PSMD3
TP53	SDHA
TP53	DAXX
TP53	SRSF3
TP53	ANXA7
TP53	MAP2K6
TP53	NOS2
TP53	GABARAPL1
TP53	PSMA8
TP53	TBK1
TP53	ATF4
TP53	TPR
TP53	PSMC6
TP53	PSMD12
TP53	PSMC2
TP53	BAD
TP53	PSMB4
TP53	PSMB2
TP53	ATP5PO
TP53	PSMA5
TP53	PSMB6
TP53	OPTN
TP53	HNRNPA2B1
TP53	PSMA1
TP53	COX4I1
TP53	PINK1
TP53	ATF6
TP53	PSMD9
TP53	TUBB4B
TP53	SOD1
TP53	SDHB
TP53	ULK1
TP53	PSMB5
TP53	TUBB3
TP53	HNRNPA1
TP53	TUBA1C
TP53	PSMD14
TP53	PSMC3
TP53	PSMD1
TP53	MAP3K5
TP53	HDAC6
TP53	GPX6
TP53	GPX5
TP53	PSMB3
TP53	GPX7
TP53	GPX3
TP53	GPX8
TP53	SDHC
TP53	ERN1
TP53	EIF2AK3
TP53	PSMA7
TP53	DDIT3
TP53	ANG
TP53	VCP
TP53	TUBB2A
TP53	MAP2K3
TP53	TUBB
TP53	ERBB4
TP53	PRKN
TP53	VDAC1
TP53	PSMD2
TP53	GPX2
TP53	RANBP2
TP53	HSPA5
TP53	BID
TP53	TNF
TP53	MTOR
TP53	CASP1
TP53	ACTB
TP53	PSMD4
TP53	SQSTM1
TP53	PSMC5
TP53	CYCS
TP53	BECN1
TP53	CASP9
TP53	CASP3
TP53	MAPK11
TP53	APAF1
TP53	BAX
TP53	BCL2
TP53	BCL2L1
TPR	NUP107
TPR	NUP155
TPR	TARDBP
TPR	NUP85
TPR	NUP210
TPR	NXT1
TPR	NUP133
TPR	NUP54
TPR	TP53
TPR	RANBP2
TPR	NUP205
TPR	NUP35
TPR	KIF5B
TPR	EIF2AK3
TPR	GLE1
TPR	NUP93
TPR	NUP98
TPR	HSPA5
TPR	SRSF7
TPR	NUP43
TPR	NUP50
TPR	HNRNPA2B1
TPR	NUP214
TPR	DCTN1
TPR	NXF3
TPR	SQSTM1
TPR	NXF5
TPR	KLC1
TPR	SRSF3
TPR	NCBP1
TPR	POM121
TPR	POM121C
TPR	NUP58
TPR	NUP37
TPR	NUP160
TPR	NDC1
TPR	ALYREF
TPR	SEC13
TPR	NUP188
TPR	NUP62
TPR	NXF1
TPR	RAE1
TPR	NUP88
TPR	SEH1L
TPR	NUP153
TRAF2	RB1CC1
TRAF2	PSMA4
TRAF2	PSMC4
TRAF2	TNFRSF1A
TRAF2	PSMD8
TRAF2	XBP1
TRAF2	PSMA3
TRAF2	PSMD7
TRAF2	PSMA2
TRAF2	TUBB
TRAF2	ATF4
TRAF2	PSMC6
TRAF2	PSMA8
TRAF2	PSMC5
TRAF2	PSMC3
TRAF2	PSMB4
TRAF2	PSMC1
TRAF2	PSMD4
TRAF2	VDAC1
TRAF2	PSMA5
TRAF2	PSMC2
TRAF2	PSMD1
TRAF2	PSMD3
TRAF2	PSMA7
TRAF2	PSMB7
TRAF2	PSMD12
TRAF2	CYCS
TRAF2	PSMB5
TRAF2	PSMB6
TRAF2	PSMB2
TRAF2	PSMA1
TRAF2	PSMD14
TRAF2	PSMD9
TRAF2	PSMB1
TRAF2	PSMD11
TRAF2	APAF1
TRAF2	PSMA6
TRAF2	CASP9
TRAF2	PSMB3
TRAF2	EIF2AK3
TRAF2	ULK1
TRAF2	BCL2
TRAF2	TP53
TRAF2	DDIT3
TRAF2	DAXX
TRAF2	CASP1
TRAF2	ATF6
TRAF2	MTOR
TRAF2	CASP3
TRAF2	BAX
TRAF2	HSPA5
TRAF2	PSMD2
TRAF2	ACTG1
TRAF2	OPTN
TRAF2	PRKN
TRAF2	MAP2K6
TRAF2	MAP2K3
TRAF2	SQSTM1
TRAF2	TANK
TRAF2	TNFRSF1B
TRAF2	BECN1
TRAF2	TBK1
TRAF2	TNF
TRAF2	ERN1
TRAF2	MAP3K5
TUBA1A	TUBB1
TUBA1A	TUBA4A
TUBA1A	TUBB2B
TUBA1A	ATP5F1B
TUBA1A	CHMP2B
TUBA1A	TUBB4A
TUBA1A	RAB8A
TUBA1A	KIF5B
TUBA1A	TUBA3E
TUBA1A	TUBB6
TUBA1A	TUBB3
TUBA1A	HSPA5
TUBA1A	TUBA3D
TUBA1A	TUBA8
TUBA1A	TUBA1B
TUBA1A	TUBB
TUBA1A	TUBB4B
TUBA1A	PRKN
TUBA1A	HDAC6
TUBA1A	OPTN
TUBA1A	TUBB2A
TUBA1A	TUBAL3
TUBA1A	SQSTM1
TUBA1A	VDAC1
TUBA1A	KIF5C
TUBA1A	KIF5A
TUBA1A	TUBA1C
TUBA1A	ACTG1
TUBA1A	ACTB
TUBA1B	TUBB1
TUBA1B	TUBA4A
TUBA1B	TUBB2B
TUBA1B	ATP5F1B
TUBA1B	CHMP2B
TUBA1B	TUBB4A
TUBA1B	KIF5B
TUBA1B	TUBA3E
TUBA1B	TUBB6
TUBA1B	TUBB3
TUBA1B	HSPA5
TUBA1B	TUBA3D
TUBA1B	TUBA8
TUBA1B	PSMC2
TUBA1B	TUBAL3
TUBA1B	TNF
TUBA1B	PRKN
TUBA1B	VCP
TUBA1B	VDAC1
TUBA1B	ACTG1
TUBA1B	ACTB
TUBA1B	HDAC6
TUBA1B	TUBA1A
TUBA1B	TUBA1C
TUBA1B	MTOR
TUBA1B	TUBB4B
TUBA1B	TUBB
TUBA1B	TUBB2A
TUBA1C	TUBB1
TUBA1C	PFN1
TUBA1C	TUBA4A
TUBA1C	TUBB2B
TUBA1C	ATP5F1B
TUBA1C	CHMP2B
TUBA1C	TUBB4A
TUBA1C	TP53
TUBA1C	ACTR1B
TUBA1C	TUBA3E
TUBA1C	TUBB6
TUBA1C	TUBB3
TUBA1C	HSPA5
TUBA1C	TUBA3D
TUBA1C	TUBA8
TUBA1C	TUBA1B
TUBA1C	TUBB
TUBA1C	TUBB4B
TUBA1C	VCP
TUBA1C	PRKN
TUBA1C	HDAC6
TUBA1C	TUBB2A
TUBA1C	TUBAL3
TUBA1C	VDAC1
TUBA1C	ATP5F1A
TUBA1C	TUBA1A
TUBA1C	ACTG1
TUBA1C	ACTB
TUBA3D	TUBB1
TUBA3D	TUBA4A
TUBA3D	TUBB2B
TUBA3D	CHMP2B
TUBA3D	TUBB4A
TUBA3D	TUBA3E
TUBA3D	TUBB6
TUBA3D	TUBB3
TUBA3D	HSPA5
TUBA3D	TUBAL3
TUBA3D	TUBA8
TUBA3D	TUBA1B
TUBA3D	DCTN1
TUBA3D	VDAC1
TUBA3D	PRKN
TUBA3D	TUBA1C
TUBA3D	HDAC6
TUBA3D	TUBA1A
TUBA3D	ACTB
TUBA3D	TUBB4B
TUBA3D	TUBB2A
TUBA3D	TUBB
TUBA3E	TUBB1
TUBA3E	TUBA4A
TUBA3E	TUBB2B
TUBA3E	CHMP2B
TUBA3E	TUBB4A
TUBA3E	TUBA1C
TUBA3E	TUBA1B
TUBA3E	TUBA1A
TUBA3E	TUBAL3
TUBA3E	TUBA8
TUBA3E	TUBA3D
TUBA3E	PRKN
TUBA3E	VDAC1
TUBA3E	ACTG1
TUBA3E	HSPA5
TUBA3E	HDAC6
TUBA3E	ACTB
TUBA3E	TUBB3
TUBA3E	TUBB4B
TUBA3E	TUBB6
TUBA3E	TUBB2A
TUBA3E	TUBB
TUBA4A	GABARAPL2
TUBA4A	PSMC4
TUBA4A	TUBB1
TUBA4A	SETX
TUBA4A	PFN1
TUBA4A	TARDBP
TUBA4A	TUBA3E
TUBA4A	SQSTM1
TUBA4A	HNRNPA1
TUBA4A	SPG11
TUBA4A	DNAH5
TUBA4A	ATXN2
TUBA4A	KIF5C
TUBA4A	TUBA8
TUBA4A	ANXA11
TUBA4A	TBK1
TUBA4A	FUS
TUBA4A	VAPB
TUBA4A	VDAC1
TUBA4A	ALS2
TUBA4A	PRKN
TUBA4A	ACTG1
TUBA4A	TUBAL3
TUBA4A	C9orf72
TUBA4A	RAB8A
TUBA4A	DCTN1
TUBA4A	HSPA5
TUBA4A	UBQLN2
TUBA4A	TP53
TUBA4A	HDAC6
TUBA4A	VCP
TUBA4A	NEFH
TUBA4A	GABARAPL1
TUBA4A	KIF5A
TUBA4A	GABARAP
TUBA4A	TUBA1B
TUBA4A	SOD1
TUBA4A	CHMP2B
TUBA4A	OPTN
TUBA4A	TUBA1C
TUBA4A	ACTB
TUBA4A	TUBA3D
TUBA4A	TUBA1A
TUBA4A	TUBB2B
TUBA4A	TUBB6
TUBA4A	TUBB4A
TUBA4A	TUBB4B
TUBA4A	TUBB3
TUBA4A	TUBB
TUBA4A	TUBB2A
TUBA8	TUBB1
TUBA8	TUBA4A
TUBA8	TUBB2B
TUBA8	CHMP2B
TUBA8	TUBB4A
TUBA8	TUBA3E
TUBA8	TUBB6
TUBA8	TUBB3
TUBA8	HSPA5
TUBA8	TUBA3D
TUBA8	PSMB2
TUBA8	TUBA1B
TUBA8	TUBA1C
TUBA8	TUBAL3
TUBA8	TUBA1A
TUBA8	PRKN
TUBA8	VDAC1
TUBA8	ACTB
TUBA8	ACTG1
TUBA8	KIF5C
TUBA8	HDAC6
TUBA8	TUBB4B
TUBA8	TUBB
TUBA8	TUBB2A
TUBAL3	TUBB1
TUBAL3	TUBA4A
TUBAL3	TUBB2B
TUBAL3	CHMP2B
TUBAL3	TUBB4A
TUBAL3	TUBA3E
TUBAL3	TUBB6
TUBAL3	TUBB3
TUBAL3	HSPA5
TUBAL3	TUBA3D
TUBAL3	TUBA8
TUBAL3	TUBA1B
TUBAL3	TUBB
TUBAL3	TUBB4B
TUBAL3	PRKN
TUBAL3	HDAC6
TUBAL3	TUBB2A
TUBAL3	TUBA1C
TUBAL3	VDAC1
TUBAL3	TUBA1A
TUBAL3	ACTG1
TUBAL3	ACTB
TUBB	UQCRC1
TUBB	PFN1
TUBB	TARDBP
TUBB	ATP5F1E
TUBB	TRAF2
TUBB	TUBA4A
TUBB	ATP5F1B
TUBB	TUBB4A
TUBB	SDHA
TUBB	TP53
TUBB	RAB8A
TUBB	KIF5B
TUBB	TUBA3E
TUBB	HSPA5
TUBB	TUBA3D
TUBB	TUBA8
TUBB	TUBA1B
TUBB	SQSTM1
TUBB	GPX5
TUBB	PSMB2
TUBB	PRKN
TUBB	DNAI1
TUBB	KIF5C
TUBB	HDAC6
TUBB	OPTN
TUBB	VCP
TUBB	ACTG1
TUBB	TUBB2A
TUBB	ACTB
TUBB	TUBAL3
TUBB	TUBB4B
TUBB	TUBA1C
TUBB	MTOR
TUBB	TUBA1A
TUBB1	TUBB4A
TUBB1	TUBB6
TUBB1	VAPB
TUBB1	TUBB4B
TUBB1	HSPA5
TUBB1	TUBB2A
TUBB1	CHMP2B
TUBB1	TUBB2B
TUBB1	TUBB3
TUBB1	ACTB
TUBB1	ATP5F1E
TUBB1	TUBA1C
TUBB1	TUBA3D
TUBB1	TUBA3E
TUBB1	TUBA8
TUBB1	TUBA1A
TUBB1	TUBAL3
TUBB1	TUBA4A
TUBB1	TUBA1B
TUBB2A	UQCRC1
TUBB2A	TUBB1
TUBB2A	TUBA4A
TUBB2A	TUBB2B
TUBB2A	CHMP2B
TUBB2A	TUBB4A
TUBB2A	SDHA
TUBB2A	TP53
TUBB2A	KIF5B
TUBB2A	TUBA3E
TUBB2A	TUBB6
TUBB2A	TUBB3
TUBB2A	HSPA5
TUBB2A	TUBA3D
TUBB2A	TUBA8
TUBB2A	TUBA1B
TUBB2A	TUBB
TUBB2A	TUBB4B
TUBB2A	HDAC6
TUBB2A	GRIA1
TUBB2A	KIF5A
TUBB2A	DNAI1
TUBB2A	KIF5C
TUBB2A	ACTG1
TUBB2A	ACTB
TUBB2A	TUBAL3
TUBB2A	TUBA1C
TUBB2A	TUBA1A
TUBB2B	TUBB1
TUBB2B	TUBA4A
TUBB2B	TUBB6
TUBB2B	TUBB4A
TUBB2B	ACTG1
TUBB2B	HSPA5
TUBB2B	CHMP2B
TUBB2B	ACTB
TUBB2B	TUBB3
TUBB2B	TUBB4B
TUBB2B	KIF5A
TUBB2B	TUBB2A
TUBB2B	KIF5B
TUBB2B	TUBA3D
TUBB2B	TUBAL3
TUBB2B	TUBA8
TUBB2B	TUBA3E
TUBB2B	KIF5C
TUBB2B	TUBA1C
TUBB2B	TUBA1A
TUBB2B	TUBA1B
TUBB3	TUBB1
TUBB3	NEFM
TUBB3	TUBA4A
TUBB3	TUBB2B
TUBB3	CHMP2B
TUBB3	TUBB4A
TUBB3	TP53
TUBB3	KIF5B
TUBB3	CASP3
TUBB3	NEFH
TUBB3	TUBA3E
TUBB3	TUBB6
TUBB3	SDHB
TUBB3	GRIA1
TUBB3	KIF5A
TUBB3	VCP
TUBB3	HSPA5
TUBB3	NEFL
TUBB3	KIF5C
TUBB3	TUBB4B
TUBB3	ACTB
TUBB3	TUBB2A
TUBB3	TUBA8
TUBB3	TUBA3D
TUBB3	TUBAL3
TUBB3	TUBA1C
TUBB3	TUBA1A
TUBB3	TUBA1B
TUBB4A	TUBB1
TUBB4A	TUBA4A
TUBB4A	TUBB2B
TUBB4A	CHMP2B
TUBB4A	TUBB
TUBB4A	GRIA1
TUBB4A	OPTN
TUBB4A	RAB8A
TUBB4A	TUBB6
TUBB4A	KIF5A
TUBB4A	HSPA5
TUBB4A	KIF5C
TUBB4A	TUBB3
TUBB4A	TUBB2A
TUBB4A	ACTB
TUBB4A	TUBB4B
TUBB4A	TUBAL3
TUBB4A	TUBA3D
TUBB4A	TUBA8
TUBB4A	TUBA3E
TUBB4A	TUBA1B
TUBB4A	TUBA1C
TUBB4A	TUBA1A
TUBB4A	MTOR
TUBB4B	PSMA3
TUBB4B	TUBB1
TUBB4B	TUBA4A
TUBB4B	ACTR10
TUBB4B	TUBB2B
TUBB4B	PSMA6
TUBB4B	ATP5F1B
TUBB4B	CHMP2B
TUBB4B	TUBB4A
TUBB4B	TP53
TUBB4B	RAB8A
TUBB4B	TUBA3E
TUBB4B	TUBB6
TUBB4B	TUBB3
TUBB4B	HSPA5
TUBB4B	TUBA3D
TUBB4B	TUBA8
TUBB4B	TUBA1B
TUBB4B	TUBB
TUBB4B	HDAC6
TUBB4B	NDUFS2
TUBB4B	KIF5C
TUBB4B	ACTR1A
TUBB4B	PSMA1
TUBB4B	KLC1
TUBB4B	OPTN
TUBB4B	ACTG1
TUBB4B	DCTN2
TUBB4B	VCP
TUBB4B	ACTB
TUBB4B	TUBB2A
TUBB4B	TUBAL3
TUBB4B	TUBA1C
TUBB4B	TUBA1A
TUBB6	TUBB1
TUBB6	TUBA4A
TUBB6	TUBB2B
TUBB6	CHMP2B
TUBB6	TUBB4A
TUBB6	TUBA3E
TUBB6	KIF5A
TUBB6	ACTG1
TUBB6	KIF5C
TUBB6	TUBB4B
TUBB6	HSPA5
TUBB6	TUBB3
TUBB6	TUBB2A
TUBB6	ACTB
TUBB6	TUBA3D
TUBB6	TUBA8
TUBB6	TUBAL3
TUBB6	TUBA1C
TUBB6	TUBA1A
TUBB6	TUBA1B
UBQLN1	GABARAPL2
UBQLN1	PSMA4
UBQLN1	PSMC4
UBQLN1	PSMD8
UBQLN1	PSMA3
UBQLN1	PSMD7
UBQLN1	PSMA2
UBQLN1	TARDBP
UBQLN1	EIF2S1
UBQLN1	DERL1
UBQLN1	PSMC1
UBQLN1	PSMA6
UBQLN1	PSMD11
UBQLN1	PSMD3
UBQLN1	SOD1
UBQLN1	PSMA5
UBQLN1	GABARAP
UBQLN1	PSMD1
UBQLN1	PSMD2
UBQLN1	HNRNPA1
UBQLN1	UBQLN2
UBQLN1	PSMD12
UBQLN1	VCP
UBQLN1	MTOR
UBQLN1	PRKN
UBQLN1	UBQLN4
UBQLN1	PSMD4
UBQLN1	PSMA7
UBQLN1	PINK1
UBQLN1	C9orf72
UBQLN1	PSMD9
UBQLN1	SQSTM1
UBQLN1	GABARAPL1
UBQLN1	OPTN
UBQLN1	PSMC2
UBQLN1	PSMD14
UBQLN1	ADRM1
UBQLN2	GABARAPL2
UBQLN2	PSMC4
UBQLN2	PSMD8
UBQLN2	PSMD7
UBQLN2	PSMA2
UBQLN2	SETX
UBQLN2	PFN1
UBQLN2	FIG4
UBQLN2	TARDBP
UBQLN2	TUBA4A
UBQLN2	FUS
UBQLN2	EIF2S1
UBQLN2	PSMC1
UBQLN2	PSMA6
UBQLN2	PSMD11
UBQLN2	SPG11
UBQLN2	CHMP2B
UBQLN2	ALS2
UBQLN2	PSMD3
UBQLN2	SOD1
UBQLN2	SIGMAR1
UBQLN2	WDR41
UBQLN2	PSMD2
UBQLN2	NEFH
UBQLN2	HSPA5
UBQLN2	TBK1
UBQLN2	ANG
UBQLN2	HNRNPA1
UBQLN2	SMCR8
UBQLN2	ANXA11
UBQLN2	HNRNPA1L2
UBQLN2	UBQLN1
UBQLN2	KIF5A
UBQLN2	PINK1
UBQLN2	HDAC6
UBQLN2	UBQLN4
UBQLN2	PRKN
UBQLN2	HNRNPA3
UBQLN2	HNRNPA2B1
UBQLN2	PSMC2
UBQLN2	GABARAPL1
UBQLN2	DCTN1
UBQLN2	PSMD12
UBQLN2	VAPB
UBQLN2	PSMD14
UBQLN2	ATXN2
UBQLN2	SQSTM1
UBQLN2	C9orf72
UBQLN2	VCP
UBQLN2	OPTN
UBQLN2	PSMD4
UBQLN2	ADRM1
UBQLN3	PSMD8
UBQLN3	TARDBP
UBQLN3	EIF2S1
UBQLN3	PSMD3
UBQLN3	PSMD2
UBQLN3	C9orf72
UBQLN3	PSMC2
UBQLN3	VCP
UBQLN3	PRKN
UBQLN3	PSMD14
UBQLN3	ADRM1
UBQLN3	OPTN
UBQLN3	PSMD4
UBQLN4	PSMA4
UBQLN4	PSMD8
UBQLN4	PSMA3
UBQLN4	TARDBP
UBQLN4	EIF2S1
UBQLN4	PSMC1
UBQLN4	PSMA6
UBQLN4	PSMD11
UBQLN4	PSMB1
UBQLN4	PSMD3
UBQLN4	PSMA5
UBQLN4	PSMD1
UBQLN4	PSMD2
UBQLN4	PSMC5
UBQLN4	PSMA8
UBQLN4	HSPA5
UBQLN4	UBQLN2
UBQLN4	PSMD12
UBQLN4	VCP
UBQLN4	NUP214
UBQLN4	PSMB5
UBQLN4	PRKN
UBQLN4	C9orf72
UBQLN4	NDUFA6
UBQLN4	ATXN2
UBQLN4	OPTN
UBQLN4	ADRM1
UBQLN4	UBQLN1
UBQLN4	PSMB3
UBQLN4	PSMA7
UBQLN4	PSMC6
UBQLN4	PSMA1
UBQLN4	PSMC3
UBQLN4	PSMC2
UBQLN4	PSMD14
UBQLN4	PSMD4
ULK1	RB1CC1
ULK1	GABARAPL2
ULK1	ATG14
ULK1	TRAF2
ULK1	PIK3C3
ULK1	WIPI1
ULK1	TP53
ULK1	RAB5A
ULK1	NRBF2
ULK1	WIPI2
ULK1	GABARAP
ULK1	CYCS
ULK1	CASP3
ULK1	ATF4
ULK1	ACTB
ULK1	BAD
ULK1	BCL2L1
ULK1	HDAC6
ULK1	PINK1
ULK1	PRKN
ULK1	BCL2
ULK1	TBK1
ULK1	OPTN
ULK1	RAB1A
ULK1	SQSTM1
ULK1	SMCR8
ULK1	ATG2B
ULK1	C9orf72
ULK1	ATG2A
ULK1	GABARAPL1
ULK1	ULK2
ULK1	PIK3R4
ULK1	BECN1
ULK1	MTOR
ULK1	ATG101
ULK2	RB1CC1
ULK2	GABARAPL2
ULK2	ATG14
ULK2	PIK3C3
ULK2	WIPI1
ULK2	NRBF2
ULK2	WIPI2
ULK2	GABARAP
ULK2	ULK1
ULK2	ATG101
ULK2	PIK3R4
ULK2	ATG2B
ULK2	MTOR
ULK2	BECN1
ULK2	PRKN
ULK2	PINK1
ULK2	ATG2A
ULK2	SQSTM1
ULK2	C9orf72
ULK2	SMCR8
ULK2	GABARAPL1
UQCR10	NDUFB4
UQCR10	UQCRC1
UQCR10	ATP5F1D
UQCR10	NDUFB7
UQCR10	COX6A1
UQCR10	NDUFS7
UQCR10	ATP5F1E
UQCR10	NDUFA2
UQCR10	NDUFA10
UQCR10	COX5B
UQCR10	NDUFB5
UQCR10	ATP5F1B
UQCR10	NDUFS3
UQCR10	SDHA
UQCR10	NDUFA9
UQCR10	UQCRC2
UQCR10	NDUFB10
UQCR10	NDUFS6
UQCR10	NDUFB9
UQCR10	NDUFC2
UQCR10	ATP5MC3
UQCR10	COX6A2
UQCR10	ATP5PO
UQCR10	COX7A1
UQCR10	NDUFS4
UQCR10	NDUFB8
UQCR10	NDUFA7
UQCR10	ATP5PD
UQCR10	UQCRFS1
UQCR10	CYCS
UQCR10	UQCRH
UQCR10	NDUFS8
UQCR10	CYC1
UQCR10	COX5A
UQCR10	COX8A
UQCR10	NDUFV2
UQCR10	NDUFA12
UQCR10	DDIT3
UQCR10	ATP5MC2
UQCR10	COX8C
UQCR10	ATP5F1A
UQCR10	ATP5PB
UQCR10	ATP5F1C
UQCR10	ATP5MC1
UQCR10	ATP5PF
UQCR10	NDUFA4L2
UQCR10	COX7A2L
UQCR10	COX7A2
UQCR10	COX7B2
UQCR10	SDHB
UQCR10	SDHC
UQCR10	SDHD
UQCR10	NDUFB2
UQCR10	NDUFV3
UQCR10	NDUFC1
UQCR10	NDUFA4
UQCR10	NDUFB1
UQCR10	COX6B2
UQCR10	NDUFA1
UQCR10	COX4I2
UQCR10	NDUFA3
UQCR10	NDUFB3
UQCR10	NDUFAB1
UQCR10	NDUFB6
UQCR10	NDUFS5
UQCR10	NDUFS1
UQCR10	COX7B
UQCR10	NDUFS2
UQCR10	NDUFV1
UQCR10	NDUFA13
UQCR10	COX4I1
UQCR10	COX6C
UQCR10	UQCRHL
UQCR10	NDUFA8
UQCR10	COX6B1
UQCR10	UQCR11
UQCR10	COX7C
UQCR10	NDUFA11
UQCR10	UQCRB
UQCR10	NDUFA6
UQCR10	NDUFA5
UQCR10	UQCRQ
UQCR11	NDUFB4
UQCR11	UQCRC1
UQCR11	ATP5F1D
UQCR11	NDUFB7
UQCR11	COX6A1
UQCR11	NDUFS7
UQCR11	ATP5F1E
UQCR11	NDUFA2
UQCR11	NDUFA10
UQCR11	COX5B
UQCR11	NDUFB5
UQCR11	ATP5F1B
UQCR11	NDUFS3
UQCR11	SDHA
UQCR11	NDUFA9
UQCR11	UQCRC2
UQCR11	NDUFB10
UQCR11	NDUFS6
UQCR11	NDUFB9
UQCR11	NDUFC2
UQCR11	ATP5MC3
UQCR11	COX6A2
UQCR11	ATP5PO
UQCR11	COX7A1
UQCR11	NDUFS4
UQCR11	NDUFB8
UQCR11	NDUFA7
UQCR11	ATP5PD
UQCR11	UQCRFS1
UQCR11	CYCS
UQCR11	UQCRH
UQCR11	NDUFS8
UQCR11	CYC1
UQCR11	COX5A
UQCR11	COX8A
UQCR11	NDUFV2
UQCR11	NDUFA12
UQCR11	UQCR10
UQCR11	NDUFA4
UQCR11	COX8C
UQCR11	NDUFV3
UQCR11	ATP5F1C
UQCR11	SDHC
UQCR11	NDUFS2
UQCR11	ATP5PB
UQCR11	COX7A2
UQCR11	NDUFA1
UQCR11	NDUFS5
UQCR11	NDUFA8
UQCR11	SDHB
UQCR11	SDHD
UQCR11	COX4I2
UQCR11	COX7A2L
UQCR11	UQCRQ
UQCR11	NDUFB6
UQCR11	ATP5MC1
UQCR11	NDUFA4L2
UQCR11	COX7B2
UQCR11	ATP5F1A
UQCR11	NDUFA11
UQCR11	ATP5PF
UQCR11	NDUFS1
UQCR11	NDUFB3
UQCR11	NDUFA5
UQCR11	NDUFA3
UQCR11	NDUFB2
UQCR11	NDUFA13
UQCR11	COX7C
UQCR11	COX6C
UQCR11	UQCRB
UQCR11	NDUFC1
UQCR11	COX4I1
UQCR11	NDUFAB1
UQCR11	COX6B1
UQCR11	ATP5MC2
UQCR11	COX6B2
UQCR11	NDUFB1
UQCR11	COX7B
UQCR11	NDUFA6
UQCR11	NDUFV1
UQCR11	UQCRHL
UQCRB	NDUFB4
UQCRB	UQCRC1
UQCRB	ATP5F1D
UQCRB	NDUFB7
UQCRB	PSMA3
UQCRB	COX6A1
UQCRB	NDUFS7
UQCRB	ATP5F1E
UQCRB	NDUFA2
UQCRB	NDUFA10
UQCRB	COX5B
UQCRB	NDUFB5
UQCRB	ATP5F1B
UQCRB	NDUFS3
UQCRB	SDHA
UQCRB	NDUFA9
UQCRB	UQCRC2
UQCRB	NDUFB10
UQCRB	NDUFS6
UQCRB	NDUFB9
UQCRB	NDUFC2
UQCRB	ATP5MC3
UQCRB	COX6A2
UQCRB	ATP5PO
UQCRB	COX7A1
UQCRB	NDUFS4
UQCRB	NDUFB8
UQCRB	NDUFA7
UQCRB	ATP5PD
UQCRB	UQCRFS1
UQCRB	CYCS
UQCRB	UQCRH
UQCRB	NDUFS8
UQCRB	CYC1
UQCRB	COX5A
UQCRB	COX8A
UQCRB	NDUFV2
UQCRB	NDUFA12
UQCRB	UQCR10
UQCRB	NDUFA4
UQCRB	COX8C
UQCRB	NDUFV3
UQCRB	ATP5F1C
UQCRB	SDHC
UQCRB	NDUFS2
UQCRB	ATP5PB
UQCRB	COX7A2
UQCRB	NDUFA1
UQCRB	NDUFS5
UQCRB	NDUFA8
UQCRB	SDHB
UQCRB	SDHD
UQCRB	COX4I2
UQCRB	COX7A2L
UQCRB	UQCRQ
UQCRB	NDUFB6
UQCRB	ATP5MC1
UQCRB	NDUFA4L2
UQCRB	VDAC1
UQCRB	COX7B2
UQCRB	ATP5F1A
UQCRB	NDUFA11
UQCRB	ATP5PF
UQCRB	NDUFS1
UQCRB	NDUFB3
UQCRB	NDUFA5
UQCRB	NDUFA3
UQCRB	NDUFB2
UQCRB	NDUFA13
UQCRB	COX7C
UQCRB	COX6C
UQCRB	DDIT3
UQCRB	ATP5MC2
UQCRB	NDUFC1
UQCRB	NDUFB1
UQCRB	NDUFAB1
UQCRB	COX6B2
UQCRB	COX7B
UQCRB	UQCRHL
UQCRB	COX4I1
UQCRB	NDUFA6
UQCRB	NDUFV1
UQCRB	UQCR11
UQCRB	COX6B1
UQCRC1	NDUFB4
UQCRC1	TUBB
UQCRC1	ACTB
UQCRC1	TUBB2A
UQCRC1	PRKN
UQCRC1	TOMM40
UQCRC1	ATP5F1E
UQCRC1	ATP5MC2
UQCRC1	PSMC3
UQCRC1	ATP5MC3
UQCRC1	COX8C
UQCRC1	ATP5PF
UQCRC1	ATP5MC1
UQCRC1	VDAC1
UQCRC1	NDUFA4L2
UQCRC1	SDHC
UQCRC1	SDHD
UQCRC1	PSMD4
UQCRC1	ATP5PO
UQCRC1	COX7B2
UQCRC1	COX8A
UQCRC1	COX7A2
UQCRC1	ATP5PD
UQCRC1	NDUFB2
UQCRC1	COX6B2
UQCRC1	NDUFA4
UQCRC1	NDUFB1
UQCRC1	NDUFC1
UQCRC1	ATP5PB
UQCRC1	NDUFA1
UQCRC1	CYCS
UQCRC1	COX7A2L
UQCRC1	NDUFV3
UQCRC1	SDHB
UQCRC1	NDUFA3
UQCRC1	NDUFB3
UQCRC1	NDUFC2
UQCRC1	NDUFB6
UQCRC1	NDUFA7
UQCRC1	ATP5F1C
UQCRC1	COX6C
UQCRC1	NDUFB5
UQCRC1	COX4I2
UQCRC1	ATP5F1D
UQCRC1	SDHA
UQCRC1	NDUFA11
UQCRC1	ATP5F1B
UQCRC1	ATP5F1A
UQCRC1	COX7B
UQCRC1	NDUFB8
UQCRC1	NDUFA13
UQCRC1	NDUFAB1
UQCRC1	NDUFB10
UQCRC1	NDUFA6
UQCRC1	UQCRHL
UQCRC1	COX6B1
UQCRC1	COX6A1
UQCRC1	NDUFS6
UQCRC1	NDUFB7
UQCRC1	NDUFA8
UQCRC1	NDUFA2
UQCRC1	NDUFA5
UQCRC1	NDUFS4
UQCRC1	COX7C
UQCRC1	COX6A2
UQCRC1	NDUFS3
UQCRC1	NDUFA10
UQCRC1	NDUFB9
UQCRC1	NDUFV2
UQCRC1	NDUFS7
UQCRC1	COX7A1
UQCRC1	NDUFS8
UQCRC1	COX4I1
UQCRC1	NDUFA9
UQCRC1	NDUFS1
UQCRC1	UQCR10
UQCRC1	NDUFS5
UQCRC1	NDUFS2
UQCRC1	UQCR11
UQCRC1	UQCRH
UQCRC1	UQCRFS1
UQCRC1	NDUFV1
UQCRC1	COX5B
UQCRC1	UQCRC2
UQCRC1	CYC1
UQCRC1	UQCRB
UQCRC1	NDUFA12
UQCRC1	UQCRQ
UQCRC1	COX5A
UQCRC2	NDUFB4
UQCRC2	UQCRC1
UQCRC2	ATP5F1D
UQCRC2	NDUFB7
UQCRC2	COX6A1
UQCRC2	NDUFS7
UQCRC2	NDUFA2
UQCRC2	NDUFA10
UQCRC2	COX5B
UQCRC2	NDUFB5
UQCRC2	ATP5F1B
UQCRC2	NDUFS3
UQCRC2	SDHA
UQCRC2	NDUFA9
UQCRC2	DNAH8
UQCRC2	ATP5MC2
UQCRC2	VCP
UQCRC2	PINK1
UQCRC2	DDIT3
UQCRC2	TOMM40
UQCRC2	ACTB
UQCRC2	ATP5MC1
UQCRC2	COX8C
UQCRC2	ATP5MC3
UQCRC2	NDUFA4L2
UQCRC2	COX8A
UQCRC2	VDAC1
UQCRC2	COX7B2
UQCRC2	SDHC
UQCRC2	ATP5PF
UQCRC2	COX7A2
UQCRC2	NDUFB2
UQCRC2	NDUFC1
UQCRC2	ATP5PD
UQCRC2	NDUFB1
UQCRC2	NDUFA11
UQCRC2	NDUFV3
UQCRC2	NDUFA3
UQCRC2	NDUFC2
UQCRC2	COX7A2L
UQCRC2	NDUFA1
UQCRC2	NDUFA7
UQCRC2	CYCS
UQCRC2	NDUFB6
UQCRC2	NDUFS5
UQCRC2	NDUFA13
UQCRC2	COX6B2
UQCRC2	NDUFB3
UQCRC2	NDUFS6
UQCRC2	SDHD
UQCRC2	COX6C
UQCRC2	NDUFB10
UQCRC2	NDUFA6
UQCRC2	NDUFAB1
UQCRC2	ATP5PB
UQCRC2	ATP5PO
UQCRC2	NDUFB9
UQCRC2	COX7B
UQCRC2	NDUFA4
UQCRC2	ATP5F1C
UQCRC2	NDUFA12
UQCRC2	COX7A1
UQCRC2	ATP5F1A
UQCRC2	NDUFS8
UQCRC2	NDUFA8
UQCRC2	NDUFA5
UQCRC2	COX4I2
UQCRC2	UQCRHL
UQCRC2	NDUFS2
UQCRC2	COX6A2
UQCRC2	NDUFV2
UQCRC2	NDUFS4
UQCRC2	COX6B1
UQCRC2	SDHB
UQCRC2	NDUFV1
UQCRC2	NDUFS1
UQCRC2	NDUFB8
UQCRC2	UQCRFS1
UQCRC2	CYC1
UQCRC2	COX4I1
UQCRC2	COX7C
UQCRC2	UQCR10
UQCRC2	UQCR11
UQCRC2	UQCRH
UQCRC2	UQCRQ
UQCRC2	COX5A
UQCRC2	UQCRB
UQCRFS1	NDUFB4
UQCRFS1	UQCRC1
UQCRFS1	ATP5F1D
UQCRFS1	NDUFB7
UQCRFS1	COX6A1
UQCRFS1	NDUFS7
UQCRFS1	ATP5F1E
UQCRFS1	NDUFA2
UQCRFS1	NDUFA10
UQCRFS1	COX5B
UQCRFS1	NDUFB5
UQCRFS1	PSMD11
UQCRFS1	ATP5F1B
UQCRFS1	NDUFS3
UQCRFS1	SDHA
UQCRFS1	NDUFA9
UQCRFS1	UQCRC2
UQCRFS1	NDUFB10
UQCRFS1	SOD1
UQCRFS1	NDUFS6
UQCRFS1	NDUFB9
UQCRFS1	NDUFC2
UQCRFS1	ATP5MC3
UQCRFS1	COX6A2
UQCRFS1	ATP5PO
UQCRFS1	COX7A1
UQCRFS1	NDUFS4
UQCRFS1	NDUFB8
UQCRFS1	NDUFA7
UQCRFS1	ATP5PD
UQCRFS1	NOS2
UQCRFS1	NOS1
UQCRFS1	TOMM40
UQCRFS1	COX8C
UQCRFS1	VDAC1
UQCRFS1	COX8A
UQCRFS1	NDUFA4L2
UQCRFS1	COX7B2
UQCRFS1	ATP5PF
UQCRFS1	COX7A2
UQCRFS1	NDUFB2
UQCRFS1	NDUFC1
UQCRFS1	NDUFA1
UQCRFS1	NDUFV3
UQCRFS1	NDUFB1
UQCRFS1	NDUFA3
UQCRFS1	COX7A2L
UQCRFS1	ATP5MC2
UQCRFS1	ATP5F1A
UQCRFS1	COX6B2
UQCRFS1	SDHC
UQCRFS1	SDHD
UQCRFS1	ATP5MC1
UQCRFS1	ATP5PB
UQCRFS1	ATP5F1C
UQCRFS1	COX7B
UQCRFS1	NDUFA4
UQCRFS1	COX6C
UQCRFS1	NDUFB3
UQCRFS1	UQCRHL
UQCRFS1	NDUFB6
UQCRFS1	COX4I2
UQCRFS1	NDUFAB1
UQCRFS1	COX6B1
UQCRFS1	NDUFA8
UQCRFS1	SDHB
UQCRFS1	NDUFS1
UQCRFS1	NDUFV2
UQCRFS1	COX5A
UQCRFS1	UQCRQ
UQCRFS1	NDUFA13
UQCRFS1	NDUFA12
UQCRFS1	UQCRB
UQCRFS1	NDUFA6
UQCRFS1	CYCS
UQCRFS1	NDUFA5
UQCRFS1	NDUFA11
UQCRFS1	CYC1
UQCRFS1	COX4I1
UQCRFS1	NDUFV1
UQCRFS1	UQCRH
UQCRFS1	UQCR10
UQCRFS1	NDUFS2
UQCRFS1	NDUFS5
UQCRFS1	UQCR11
UQCRFS1	NDUFS8
UQCRFS1	COX7C
UQCRH	NDUFB4
UQCRH	UQCRC1
UQCRH	ATP5F1D
UQCRH	NDUFB7
UQCRH	DCTN6
UQCRH	COX6A1
UQCRH	NDUFS7
UQCRH	ATP5F1E
UQCRH	NDUFA2
UQCRH	NDUFA10
UQCRH	COX5B
UQCRH	NDUFB5
UQCRH	DCTN3
UQCRH	ATP5F1B
UQCRH	NDUFS3
UQCRH	SDHA
UQCRH	NDUFA9
UQCRH	UQCRC2
UQCRH	NDUFB10
UQCRH	NDUFS6
UQCRH	NDUFB9
UQCRH	NDUFC2
UQCRH	ATP5MC3
UQCRH	COX6A2
UQCRH	ACTR1B
UQCRH	ATP5PO
UQCRH	COX7A1
UQCRH	NDUFS4
UQCRH	NDUFB8
UQCRH	DCTN5
UQCRH	NDUFA7
UQCRH	ATP5PD
UQCRH	UQCRFS1
UQCRH	CYCS
UQCRH	DCTN2
UQCRH	ATP5MC2
UQCRH	ATP5MC1
UQCRH	ATP5F1A
UQCRH	COX8C
UQCRH	ATP5F1C
UQCRH	SDHB
UQCRH	ATP5PB
UQCRH	SDHD
UQCRH	NDUFA4L2
UQCRH	SDHC
UQCRH	COX8A
UQCRH	ATP5PF
UQCRH	COX7B2
UQCRH	COX6B2
UQCRH	UQCRHL
UQCRH	NDUFB2
UQCRH	COX7A2
UQCRH	NDUFA4
UQCRH	NDUFC1
UQCRH	NDUFB1
UQCRH	COX7A2L
UQCRH	NDUFA3
UQCRH	NDUFA1
UQCRH	NDUFB6
UQCRH	NDUFV3
UQCRH	NDUFA11
UQCRH	NDUFB3
UQCRH	NDUFAB1
UQCRH	COX4I2
UQCRH	COX6C
UQCRH	NDUFS5
UQCRH	COX7B
UQCRH	NDUFV1
UQCRH	NDUFA13
UQCRH	COX6B1
UQCRH	NDUFS2
UQCRH	NDUFS1
UQCRH	NDUFS8
UQCRH	NDUFV2
UQCRH	COX5A
UQCRH	NDUFA8
UQCRH	COX4I1
UQCRH	COX7C
UQCRH	NDUFA12
UQCRH	NDUFA6
UQCRH	CYC1
UQCRH	UQCR11
UQCRH	UQCR10
UQCRH	UQCRQ
UQCRH	NDUFA5
UQCRH	UQCRB
UQCRHL	NDUFB4
UQCRHL	UQCRC1
UQCRHL	ATP5F1D
UQCRHL	NDUFB7
UQCRHL	COX6A1
UQCRHL	NDUFS7
UQCRHL	ATP5F1E
UQCRHL	NDUFA2
UQCRHL	NDUFA10
UQCRHL	COX5B
UQCRHL	NDUFB5
UQCRHL	NDUFS3
UQCRHL	SDHA
UQCRHL	NDUFA9
UQCRHL	UQCRC2
UQCRHL	NDUFB10
UQCRHL	NDUFS6
UQCRHL	NDUFB9
UQCRHL	NDUFC2
UQCRHL	COX6A2
UQCRHL	COX7A1
UQCRHL	NDUFS4
UQCRHL	NDUFB8
UQCRHL	NDUFA7
UQCRHL	ATP5PD
UQCRHL	UQCRFS1
UQCRHL	CYCS
UQCRHL	UQCRH
UQCRHL	NDUFS8
UQCRHL	CYC1
UQCRHL	COX5A
UQCRHL	COX8A
UQCRHL	NDUFV2
UQCRHL	NDUFA12
UQCRHL	UQCR10
UQCRHL	NDUFA4
UQCRHL	COX8C
UQCRHL	NDUFV3
UQCRHL	SDHC
UQCRHL	NDUFS2
UQCRHL	ATP5PB
UQCRHL	COX7A2
UQCRHL	NDUFA1
UQCRHL	NDUFS5
UQCRHL	NDUFA8
UQCRHL	SDHB
UQCRHL	SDHD
UQCRHL	COX4I2
UQCRHL	COX7A2L
UQCRHL	UQCRQ
UQCRHL	NDUFB6
UQCRHL	NDUFA4L2
UQCRHL	COX7B2
UQCRHL	ATP5PF
UQCRHL	NDUFS1
UQCRHL	NDUFB3
UQCRHL	NDUFA5
UQCRHL	NDUFA3
UQCRHL	NDUFA13
UQCRHL	COX7C
UQCRHL	COX6C
UQCRHL	UQCRB
UQCRHL	COX4I1
UQCRHL	NDUFAB1
UQCRHL	COX6B1
UQCRHL	UQCR11
UQCRHL	COX6B2
UQCRHL	NDUFA6
UQCRHL	COX7B
UQCRHL	NDUFV1
UQCRQ	PSMA4
UQCRQ	NDUFB4
UQCRQ	UQCRC1
UQCRQ	ATP5F1D
UQCRQ	NDUFB7
UQCRQ	COX6A1
UQCRQ	NDUFS7
UQCRQ	ATP5F1E
UQCRQ	NDUFA2
UQCRQ	NDUFA10
UQCRQ	COX5B
UQCRQ	NDUFB5
UQCRQ	PSMA6
UQCRQ	ATP5F1B
UQCRQ	NDUFS3
UQCRQ	SDHA
UQCRQ	NDUFA9
UQCRQ	UQCRC2
UQCRQ	NDUFB10
UQCRQ	PSMB6
UQCRQ	NDUFS6
UQCRQ	NDUFB9
UQCRQ	NDUFC2
UQCRQ	ATP5MC3
UQCRQ	COX6A2
UQCRQ	ATP5PO
UQCRQ	COX7A1
UQCRQ	NDUFS4
UQCRQ	NDUFB8
UQCRQ	NDUFA7
UQCRQ	ATP5PD
UQCRQ	UQCRFS1
UQCRQ	CYCS
UQCRQ	UQCRH
UQCRQ	NDUFS8
UQCRQ	CYC1
UQCRQ	COX5A
UQCRQ	COX8A
UQCRQ	NDUFV2
UQCRQ	NDUFA12
UQCRQ	UQCR10
UQCRQ	NDUFA4
UQCRQ	COX8C
UQCRQ	NDUFV3
UQCRQ	ATP5F1C
UQCRQ	SDHC
UQCRQ	NDUFS2
UQCRQ	ATP5PB
UQCRQ	COX7A2
UQCRQ	NDUFA1
UQCRQ	NDUFS5
UQCRQ	NDUFA8
UQCRQ	SDHB
UQCRQ	SDHD
UQCRQ	COX4I2
UQCRQ	COX7A2L
UQCRQ	PSMB3
UQCRQ	TOMM40
UQCRQ	DDIT3
UQCRQ	ATP5F1A
UQCRQ	NDUFA4L2
UQCRQ	ATP5MC2
UQCRQ	ATP5MC1
UQCRQ	ATP5PF
UQCRQ	NDUFB1
UQCRQ	COX7B2
UQCRQ	NDUFB2
UQCRQ	COX6B2
UQCRQ	NDUFS1
UQCRQ	NDUFC1
UQCRQ	NDUFA3
UQCRQ	NDUFAB1
UQCRQ	NDUFB3
UQCRQ	NDUFB6
UQCRQ	COX7B
UQCRQ	NDUFV1
UQCRQ	NDUFA5
UQCRQ	NDUFA13
UQCRQ	NDUFA11
UQCRQ	NDUFA6
UQCRQ	COX6C
UQCRQ	UQCRHL
UQCRQ	COX4I1
UQCRQ	UQCR11
UQCRQ	COX6B1
UQCRQ	COX7C
UQCRQ	UQCRB
VAPB	RB1CC1
VAPB	XBP1
VAPB	TUBB1
VAPB	SETX
VAPB	PFN1
VAPB	FIG4
VAPB	TARDBP
VAPB	ATP5F1E
VAPB	TUBA4A
VAPB	FUS
VAPB	SPG11
VAPB	CHMP2B
VAPB	ALS2
VAPB	SOD1
VAPB	SIGMAR1
VAPB	NEFH
VAPB	TBK1
VAPB	HNRNPA1
VAPB	UBQLN2
VAPB	HNRNPA2B1
VAPB	VCP
VAPB	DCTN1
VAPB	ATF6
VAPB	MCU
VAPB	ITPR3
VAPB	PINK1
VAPB	OPTN
VAPB	SQSTM1
VAPB	VDAC1
VAPB	KIF5A
VAPB	ATXN2
VAPB	C9orf72
VCP	GABARAPL2
VCP	PSMA4
VCP	PSMC4
VCP	PSMD8
VCP	PSMA3
VCP	PSMD7
VCP	PSMA2
VCP	SETX
VCP	PFN1
VCP	FIG4
VCP	TARDBP
VCP	TUBA4A
VCP	FUS
VCP	EIF2S1
VCP	PSMB7
VCP	DERL1
VCP	PSMC1
VCP	PSMA6
VCP	PSMD11
VCP	SPG11
VCP	ATP5F1B
VCP	PSMB1
VCP	NDUFS3
VCP	CHMP2B
VCP	ALS2
VCP	PSMD3
VCP	UQCRC2
VCP	TP53
VCP	SOD1
VCP	PSMB6
VCP	PSMA5
VCP	SIGMAR1
VCP	NUP205
VCP	WIPI2
VCP	PSMB4
VCP	CYCS
VCP	PSMD1
VCP	PSMD2
VCP	PSMC5
VCP	PSMA8
VCP	NEFH
VCP	TUBB3
VCP	PFN4
VCP	HSPA5
VCP	TBK1
VCP	TUBA1B
VCP	TUBB
VCP	TUBB4B
VCP	HNRNPA1
VCP	UBQLN2
VCP	HNRNPA2B1
VCP	UBQLN3
VCP	PSMD12
VCP	PFN3
VCP	TOMM40
VCP	ANXA11
VCP	TUBA1C
VCP	VDAC1
VCP	KIF5A
VCP	GABARAPL1
VCP	MTOR
VCP	ATP5F1A
VCP	ACTR1A
VCP	ITPR3
VCP	ACTG1
VCP	UBQLN4
VCP	ADRM1
VCP	ATF6
VCP	PSMC6
VCP	ATXN2
VCP	PSMB3
VCP	PSMB5
VCP	PSMD9
VCP	SEC13
VCP	ACTB
VCP	PSMA7
VCP	PINK1
VCP	VAPB
VCP	PSMC3
VCP	PSMA1
VCP	OPTN
VCP	PSMC2
VCP	C9orf72
VCP	SQSTM1
VCP	PSMB2
VCP	DCTN1
VCP	PSMD14
VCP	PRKN
VCP	PSMD4
VCP	UBQLN1
VCP	HDAC6
VDAC1	GABARAPL2
VDAC1	NDUFB4
VDAC1	UQCRC1
VDAC1	ATP5F1D
VDAC1	XBP1
VDAC1	PSMA3
VDAC1	TARDBP
VDAC1	TRAF2
VDAC1	TUBA4A
VDAC1	COX5B
VDAC1	PSMA6
VDAC1	ATP5F1B
VDAC1	NDUFS3
VDAC1	SDHA
VDAC1	NDUFA9
VDAC1	UQCRC2
VDAC1	NDUFB10
VDAC1	TP53
VDAC1	SOD1
VDAC1	NDUFB9
VDAC1	SIGMAR1
VDAC1	ATP5PO
VDAC1	BAX
VDAC1	NDUFS4
VDAC1	NDUFB8
VDAC1	ATP5PD
VDAC1	UQCRFS1
VDAC1	GABARAP
VDAC1	CYCS
VDAC1	CASP3
VDAC1	NDUFS8
VDAC1	CYC1
VDAC1	COX5A
VDAC1	TUBA3E
VDAC1	HSPA5
VDAC1	TUBA3D
VDAC1	NDUFV2
VDAC1	CASP9
VDAC1	TUBA8
VDAC1	TUBA1B
VDAC1	ATP5F1C
VDAC1	VCP
VDAC1	MTOR
VDAC1	BECN1
VDAC1	PRKN
VDAC1	SDHC
VDAC1	TOMM40L
VDAC1	NDUFS2
VDAC1	ATP5PB
VDAC1	PSMA7
VDAC1	MCU
VDAC1	NDUFA8
VDAC1	ITPR3
VDAC1	PINK1
VDAC1	SDHB
VDAC1	SDHD
VDAC1	BCL2L1
VDAC1	COX4I2
VDAC1	HDAC6
VDAC1	OPTN
VDAC1	NDUFB6
VDAC1	TUBAL3
VDAC1	SQSTM1
VDAC1	ATP5MC1
VDAC1	COX7C
VDAC1	GABARAPL1
VDAC1	APAF1
VDAC1	NDUFA5
VDAC1	NOS1
VDAC1	TUBA1C
VDAC1	ATP5PF
VDAC1	NDUFV1
VDAC1	TUBA1A
VDAC1	UQCRB
VDAC1	VAPB
VDAC1	ERN1
VDAC1	NDUFA13
VDAC1	NDUFS1
VDAC1	COX4I1
VDAC1	ACTB
VDAC1	ATP5F1A
VDAC1	TOMM40
VDAC1	BCL2
WDR41	RB1CC1
WDR41	GABARAPL2
WDR41	TARDBP
WDR41	TANK
WDR41	CHMP2B
WDR41	RAB5A
WDR41	ATXN2
WDR41	UBQLN2
WDR41	GABARAPL1
WDR41	TBK1
WDR41	SQSTM1
WDR41	OPTN
WDR41	RAB1A
WDR41	ATG101
WDR41	RAB8A
WDR41	RAB39B
WDR41	SMCR8
WDR41	C9orf72
WIPI1	RB1CC1
WIPI1	GABARAPL2
WIPI1	XBP1
WIPI1	FIG4
WIPI1	ATG14
WIPI1	PIK3C3
WIPI1	PRKN
WIPI1	ATF6
WIPI1	NRBF2
WIPI1	RAB5A
WIPI1	PINK1
WIPI1	OPTN
WIPI1	MTOR
WIPI1	SQSTM1
WIPI1	PIK3R4
WIPI1	GABARAP
WIPI1	GABARAPL1
WIPI1	ATG101
WIPI1	ULK2
WIPI1	BECN1
WIPI1	ULK1
WIPI1	WIPI2
WIPI1	ATG2B
WIPI1	ATG2A
WIPI2	RB1CC1
WIPI2	GABARAPL2
WIPI2	FIG4
WIPI2	ATG14
WIPI2	PSMD11
WIPI2	PIK3C3
WIPI2	WIPI1
WIPI2	RAB5A
WIPI2	NRBF2
WIPI2	PRKN
WIPI2	PSMC5
WIPI2	VCP
WIPI2	PINK1
WIPI2	SQSTM1
WIPI2	MTOR
WIPI2	OPTN
WIPI2	TBK1
WIPI2	ATG101
WIPI2	PIK3R4
WIPI2	GABARAP
WIPI2	GABARAPL1
WIPI2	ULK2
WIPI2	BECN1
WIPI2	ULK1
WIPI2	ATG2B
WIPI2	ATG2A
XBP1	TARDBP
XBP1	PINK1
XBP1	BAX
XBP1	CASP1
XBP1	PRKN
XBP1	SQSTM1
XBP1	BCL2L1
XBP1	ITPR3
XBP1	SOD1
XBP1	TP53
XBP1	CYCS
XBP1	CASP9
XBP1	TNF
XBP1	MTOR
XBP1	TRAF2
XBP1	VDAC1
XBP1	VAPB
XBP1	BECN1
XBP1	SIGMAR1
XBP1	ACTB
XBP1	DERL1
XBP1	BCL2
XBP1	CASP3
XBP1	MAP3K5
XBP1	DCTN1
XBP1	WIPI1
XBP1	EIF2S1
XBP1	EIF2AK3
XBP1	ATF4
XBP1	HSPA5
XBP1	DDIT3
XBP1	ERN1
XBP1	ATF6
