#node1	node2	node1_string_id	node2_string_id	neighborhood_on_chromosome	gene_fusion	phylogenetic_cooccurrence	homology	coexpression	experimentally_determined_interaction	database_annotated	automated_textmining	combined_score
ACTG1	PFN1	9606.ENSP00000458162	9606.ENSP00000225655	0	0	0	0	0.252	0.301	0.9	0.871	0.992
ACTG1	CASP3	9606.ENSP00000458162	9606.ENSP00000311032	0	0	0	0	0.049	0.095	0.9	0.209	0.922
ACTG1	HSPA5	9606.ENSP00000458162	9606.ENSP00000324173	0	0	0	0	0.123	0.158	0	0.346	0.475
ACTG1	TUBB	9606.ENSP00000458162	9606.ENSP00000339001	0	0	0	0	0.258	0.129	0	0.677	0.773
ACTG1	DCTN2	9606.ENSP00000458162	9606.ENSP00000408910	0	0	0	0	0.067	0.495	0	0.179	0.58
ALYREF	NUP107	9606.ENSP00000421592	9606.ENSP00000229179	0	0	0	0	0.106	0	0.5	0.273	0.647
ALYREF	NUP155	9606.ENSP00000421592	9606.ENSP00000231498	0	0	0	0	0.129	0.185	0.5	0.127	0.649
ALYREF	NUP85	9606.ENSP00000421592	9606.ENSP00000245544	0	0	0	0	0.153	0.079	0.5	0.072	0.589
ALYREF	FUS	9606.ENSP00000421592	9606.ENSP00000254108	0	0	0	0.612	0.184	0.186	0	0.243	0.453
ALYREF	NUP210	9606.ENSP00000421592	9606.ENSP00000254508	0	0	0	0	0.049	0	0.5	0.118	0.543
ALYREF	NUP54	9606.ENSP00000421592	9606.ENSP00000264883	0	0	0	0	0.14	0	0.5	0.145	0.6
ALYREF	NUP205	9606.ENSP00000421592	9606.ENSP00000285968	0	0	0	0	0.067	0	0.5	0.168	0.578
ALYREF	NUP35	9606.ENSP00000421592	9606.ENSP00000295119	0	0	0	0	0.162	0	0.5	0	0.563
ALYREF	GLE1	9606.ENSP00000421592	9606.ENSP00000308622	0	0	0	0	0.43	0	0.4	0.575	0.842
ALYREF	NUP98	9606.ENSP00000421592	9606.ENSP00000316032	0	0	0	0	0.202	0.128	0.5	0.341	0.74
ALYREF	SRSF7	9606.ENSP00000421592	9606.ENSP00000325905	0	0	0	0	0.547	0.616	0.5	0.579	0.958
ALYREF	NUP43	9606.ENSP00000421592	9606.ENSP00000342262	0	0	0	0	0.178	0	0.5	0.099	0.597
ALYREF	NUP50	9606.ENSP00000421592	9606.ENSP00000345895	0	0	0	0	0.16	0	0.5	0.281	0.672
ALYREF	HNRNPA2B1	9606.ENSP00000421592	9606.ENSP00000346694	0	0	0.348	0	0.667	0.133	0	0.425	0.877
ALYREF	NUP188	9606.ENSP00000421592	9606.ENSP00000361658	0	0	0	0	0.06	0	0.5	0	0.509
ALYREF	SRSF3	9606.ENSP00000421592	9606.ENSP00000362820	0	0	0	0	0.709	0	0.5	0.687	0.95
ALYREF	NUP160	9606.ENSP00000421592	9606.ENSP00000367721	0	0	0	0	0.07	0	0.5	0.194	0.592
ALYREF	SEC13	9606.ENSP00000421592	9606.ENSP00000373312	0	0	0	0	0.124	0	0.5	0	0.543
ALYREF	SQSTM1	9606.ENSP00000421592	9606.ENSP00000374455	0	0	0	0	0.055	0	0	0.405	0.414
ALYREF	NUP37	9606.ENSP00000421592	9606.ENSP00000448054	0	0	0	0	0.172	0.102	0.5	0.104	0.622
ALYREF	NUP88	9606.ENSP00000421592	9606.ENSP00000458954	0	0	0	0	0.08	0	0.5	0.25	0.625
ALYREF	NUP62	9606.ENSP00000421592	9606.ENSP00000471191	0	0	0	0	0.137	0	0.5	0.313	0.677
ALYREF	NUP153	9606.ENSP00000421592	9606.ENSP00000444029	0	0	0	0	0.061	0.094	0.5	0.395	0.708
ANXA11	FUS	9606.ENSP00000398610	9606.ENSP00000254108	0	0	0	0	0.049	0	0	0.404	0.409
ANXA11	ANXA7	9606.ENSP00000398610	9606.ENSP00000362010	0	0	0.08	0.919	0.092	0	0.9	0.157	0.92
ANXA7	TP53	9606.ENSP00000362010	9606.ENSP00000269305	0	0	0	0	0	0.229	0	0.266	0.409
ANXA7	BCL2	9606.ENSP00000362010	9606.ENSP00000381185	0	0	0	0	0.059	0	0	0.473	0.483
ANXA7	ANXA11	9606.ENSP00000362010	9606.ENSP00000398610	0	0	0.08	0.919	0.092	0	0.9	0.157	0.92
APAF1	TP53	9606.ENSP00000448165	9606.ENSP00000269305	0	0	0	0	0.067	0.164	0.75	0.885	0.974
APAF1	CASP3	9606.ENSP00000448165	9606.ENSP00000311032	0	0	0	0	0.056	0.794	0.9	0.986	0.999
APAF1	CYC1	9606.ENSP00000448165	9606.ENSP00000317159	0	0	0	0	0.042	0.287	0	0.569	0.68
APAF1	BID	9606.ENSP00000448165	9606.ENSP00000318822	0	0	0	0	0.049	0	0	0.607	0.61
APAF1	HSPA5	9606.ENSP00000448165	9606.ENSP00000324173	0	0	0	0	0.082	0	0	0.451	0.475
APAF1	HNRNPA2B1	9606.ENSP00000448165	9606.ENSP00000346694	0	0	0	0	0.073	0.104	0	0.408	0.466
APAF1	MAP3K5	9606.ENSP00000448165	9606.ENSP00000351908	0	0	0	0	0.049	0	0	0.453	0.458
APAF1	GPX7	9606.ENSP00000448165	9606.ENSP00000354677	0	0	0	0	0	0	0	0.444	0.444
APAF1	BCL2L1	9606.ENSP00000448165	9606.ENSP00000365230	0	0	0	0	0.049	0.639	0	0.991	0.996
APAF1	SQSTM1	9606.ENSP00000448165	9606.ENSP00000374455	0	0	0	0	0.062	0.292	0	0.266	0.47
APAF1	BCL2	9606.ENSP00000448165	9606.ENSP00000381185	0	0	0	0	0.049	0.294	0	0.991	0.993
APAF1	GPX8	9606.ENSP00000448165	9606.ENSP00000423822	0	0	0	0	0	0	0	0.444	0.444
ATF4	XBP1	9606.ENSP00000336790	9606.ENSP00000216037	0	0	0	0	0.221	0.098	0	0.892	0.917
ATF4	TP53	9606.ENSP00000336790	9606.ENSP00000269305	0	0	0	0	0	0	0	0.45	0.45
ATF4	EIF2AK3	9606.ENSP00000336790	9606.ENSP00000307235	0	0	0	0	0.057	0	0.9	0.927	0.992
ATF4	CASP3	9606.ENSP00000336790	9606.ENSP00000311032	0	0	0	0	0	0	0	0.602	0.602
ATF4	HSPA5	9606.ENSP00000336790	9606.ENSP00000324173	0	0	0	0	0.1	0	0.75	0.897	0.975
ATF4	ULK1	9606.ENSP00000336790	9606.ENSP00000324560	0	0	0	0	0.082	0	0	0.379	0.406
ATF4	SQSTM1	9606.ENSP00000336790	9606.ENSP00000374455	0	0	0	0	0.101	0	0	0.417	0.453
ATF4	MAP3K5	9606.ENSP00000336790	9606.ENSP00000351908	0	0	0	0	0	0	0	0.513	0.513
ATF4	BCL2	9606.ENSP00000336790	9606.ENSP00000381185	0	0	0	0	0	0	0	0.597	0.597
ATF4	ERN1	9606.ENSP00000336790	9606.ENSP00000401445	0	0	0	0	0.056	0	0	0.833	0.835
ATF4	ATF6	9606.ENSP00000336790	9606.ENSP00000356919	0	0	0	0	0	0	0	0.942	0.942
ATF4	DDIT3	9606.ENSP00000336790	9606.ENSP00000448665	0	0	0	0	0.187	0.526	0.9	0.925	0.996
ATF6	XBP1	9606.ENSP00000356919	9606.ENSP00000216037	0	0	0	0	0.049	0.574	0.75	0.99	0.998
ATF6	DERL1	9606.ENSP00000356919	9606.ENSP00000259512	0	0	0	0	0.134	0.096	0	0.425	0.511
ATF6	PIK3C3	9606.ENSP00000356919	9606.ENSP00000262039	0	0	0	0	0.14	0	0	0.365	0.431
ATF6	WIPI1	9606.ENSP00000356919	9606.ENSP00000262139	0	0	0	0	0.06	0	0	0.411	0.422
ATF6	TP53	9606.ENSP00000356919	9606.ENSP00000269305	0	0	0	0	0.049	0	0	0.506	0.51
ATF6	SOD1	9606.ENSP00000356919	9606.ENSP00000270142	0	0	0	0	0.049	0	0	0.419	0.423
ATF6	EIF2AK3	9606.ENSP00000356919	9606.ENSP00000307235	0	0	0	0	0.042	0.292	0	0.97	0.978
ATF6	CASP3	9606.ENSP00000356919	9606.ENSP00000311032	0	0	0	0	0.049	0	0	0.735	0.737
ATF6	HSPA5	9606.ENSP00000356919	9606.ENSP00000324173	0	0	0	0	0.074	0.301	0.9	0.999	0.999
ATF6	ATF4	9606.ENSP00000356919	9606.ENSP00000336790	0	0	0	0	0	0	0	0.942	0.942
ATF6	MAP3K5	9606.ENSP00000356919	9606.ENSP00000351908	0	0	0	0	0.063	0	0	0.706	0.712
ATF6	SQSTM1	9606.ENSP00000356919	9606.ENSP00000374455	0	0	0	0	0.047	0	0	0.468	0.471
ATF6	BCL2L1	9606.ENSP00000356919	9606.ENSP00000365230	0	0	0	0	0.049	0	0	0.5	0.504
ATF6	ITPR3	9606.ENSP00000356919	9606.ENSP00000363435	0	0	0	0	0	0	0	0.537	0.537
ATF6	BCL2	9606.ENSP00000356919	9606.ENSP00000381185	0	0	0	0	0	0	0	0.716	0.716
ATF6	ERN1	9606.ENSP00000356919	9606.ENSP00000401445	0	0	0	0	0.044	0.292	0	0.968	0.976
ATF6	DDIT3	9606.ENSP00000356919	9606.ENSP00000448665	0	0	0	0	0.086	0	0.9	0.893	0.989
ATG14	RB1CC1	9606.ENSP00000247178	9606.ENSP00000025008	0	0	0	0	0.174	0.994	0.9	0.913	0.999
ATG14	GABARAPL2	9606.ENSP00000247178	9606.ENSP00000037243	0	0	0	0	0.06	0.513	0.9	0.895	0.994
ATG14	CASP3	9606.ENSP00000247178	9606.ENSP00000311032	0	0	0	0	0.055	0	0	0.396	0.405
ATG14	OPTN	9606.ENSP00000247178	9606.ENSP00000368022	0	0	0	0	0.063	0.292	0	0.507	0.644
ATG14	BCL2L1	9606.ENSP00000247178	9606.ENSP00000365230	0	0	0	0	0	0	0	0.691	0.691
ATG14	SQSTM1	9606.ENSP00000247178	9606.ENSP00000374455	0	0	0	0	0	0	0	0.822	0.822
ATG14	WIPI1	9606.ENSP00000247178	9606.ENSP00000262139	0	0	0	0	0.042	0.195	0	0.867	0.889
ATG14	BCL2	9606.ENSP00000247178	9606.ENSP00000381185	0	0	0	0	0	0	0	0.929	0.929
ATG14	WIPI2	9606.ENSP00000247178	9606.ENSP00000288828	0	0	0	0	0.085	0	0.5	0.869	0.935
ATG14	GABARAPL1	9606.ENSP00000247178	9606.ENSP00000411256	0	0	0	0	0.085	0.602	0.9	0.831	0.993
ATG14	PIK3R4	9606.ENSP00000247178	9606.ENSP00000349205	0	0	0	0	0.049	0.994	0.8	0.999	0.999
ATG14	ULK1	9606.ENSP00000247178	9606.ENSP00000324560	0	0	0	0	0.044	0.994	0.9	0.904	0.999
ATG14	PIK3C3	9606.ENSP00000247178	9606.ENSP00000262039	0	0	0	0	0.061	0.994	0.8	0.999	0.999
BCL2	RB1CC1	9606.ENSP00000381185	9606.ENSP00000025008	0	0	0	0	0	0	0	0.529	0.529
BCL2	GABARAPL2	9606.ENSP00000381185	9606.ENSP00000037243	0	0	0	0	0.052	0	0	0.522	0.528
BCL2	MAPK12	9606.ENSP00000381185	9606.ENSP00000215659	0	0	0	0	0.055	0	0	0.412	0.421
BCL2	XBP1	9606.ENSP00000381185	9606.ENSP00000216037	0	0	0	0	0.079	0	0	0.652	0.666
BCL2	PPP3R1	9606.ENSP00000381185	9606.ENSP00000234310	0	0	0	0	0.049	0.301	0	0.222	0.438
BCL2	ATG14	9606.ENSP00000381185	9606.ENSP00000247178	0	0	0	0	0	0	0	0.929	0.929
BCL2	PIK3C3	9606.ENSP00000381185	9606.ENSP00000262039	0	0	0	0	0.05	0.069	0	0.975	0.976
BCL2	DAXX	9606.ENSP00000381185	9606.ENSP00000266000	0	0	0	0	0.083	0	0	0.538	0.558
BCL2	TP53	9606.ENSP00000381185	9606.ENSP00000269305	0	0	0	0	0.103	0.869	0.9	0.999	0.999
BCL2	SOD1	9606.ENSP00000381185	9606.ENSP00000270142	0	0	0	0	0	0.329	0.9	0.976	0.998
BCL2	EIF2AK3	9606.ENSP00000381185	9606.ENSP00000307235	0	0	0	0	0.073	0	0	0.72	0.729
BCL2	CASP3	9606.ENSP00000381185	9606.ENSP00000311032	0	0	0	0	0.098	0.354	0	0.98	0.987
BCL2	BID	9606.ENSP00000381185	9606.ENSP00000318822	0	0	0	0	0.055	0.872	0.9	0.92	0.998
BCL2	HSPA5	9606.ENSP00000381185	9606.ENSP00000324173	0	0	0	0	0	0	0	0.738	0.738
BCL2	ULK1	9606.ENSP00000381185	9606.ENSP00000324560	0	0	0	0	0	0	0	0.577	0.577
BCL2	ATF4	9606.ENSP00000381185	9606.ENSP00000336790	0	0	0	0	0	0	0	0.597	0.597
BCL2	NDUFA4	9606.ENSP00000381185	9606.ENSP00000339720	0	0	0	0	0	0	0	0.423	0.422
BCL2	ERBB4	9606.ENSP00000381185	9606.ENSP00000342235	0	0	0	0	0.053	0	0	0.655	0.66
BCL2	PIK3R4	9606.ENSP00000381185	9606.ENSP00000349205	0	0	0	0	0	0	0	0.692	0.692
BCL2	MAP3K5	9606.ENSP00000381185	9606.ENSP00000351908	0	0	0	0	0.107	0	0	0.736	0.755
BCL2	GPX7	9606.ENSP00000381185	9606.ENSP00000354677	0	0	0	0	0	0	0	0.731	0.731
BCL2	ATF6	9606.ENSP00000381185	9606.ENSP00000356919	0	0	0	0	0	0	0	0.716	0.716
BCL2	SDHC	9606.ENSP00000381185	9606.ENSP00000356953	0	0	0	0	0	0	0	0.512	0.512
BCL2	ANXA7	9606.ENSP00000381185	9606.ENSP00000362010	0	0	0	0	0.059	0	0	0.473	0.483
BCL2	ITPR3	9606.ENSP00000381185	9606.ENSP00000363435	0	0	0	0	0.043	0.292	0	0.991	0.993
BCL2	BCL2L1	9606.ENSP00000381185	9606.ENSP00000365230	0	0	0	0.894	0	0.863	0.9	0.984	0.999
BCL2	HDAC6	9606.ENSP00000381185	9606.ENSP00000365804	0	0	0	0	0.052	0	0	0.473	0.479
BCL2	SQSTM1	9606.ENSP00000381185	9606.ENSP00000374455	0	0	0	0	0	0.51	0	0.633	0.812
BCL2	GABARAPL1	9606.ENSP00000381185	9606.ENSP00000411256	0	0	0	0	0.052	0	0	0.529	0.535
BCL2	TOMM40	9606.ENSP00000381185	9606.ENSP00000410339	0	0	0	0	0	0	0.54	0.247	0.639
BCL2	GPX8	9606.ENSP00000381185	9606.ENSP00000423822	0	0	0	0	0	0	0	0.734	0.734
BCL2	ERN1	9606.ENSP00000381185	9606.ENSP00000401445	0	0	0	0	0.055	0	0	0.777	0.781
BCL2	DDIT3	9606.ENSP00000381185	9606.ENSP00000448665	0	0	0	0	0.067	0	0.9	0.724	0.972
BCL2	APAF1	9606.ENSP00000381185	9606.ENSP00000448165	0	0	0	0	0.049	0.294	0	0.991	0.993
BCL2L1	RB1CC1	9606.ENSP00000365230	9606.ENSP00000025008	0	0	0	0	0.067	0	0	0.406	0.422
BCL2L1	GABARAPL2	9606.ENSP00000365230	9606.ENSP00000037243	0	0	0	0	0.119	0	0	0.412	0.46
BCL2L1	XBP1	9606.ENSP00000365230	9606.ENSP00000216037	0	0	0	0	0.057	0	0	0.475	0.484
BCL2L1	ATG14	9606.ENSP00000365230	9606.ENSP00000247178	0	0	0	0	0	0	0	0.691	0.691
BCL2L1	PIK3C3	9606.ENSP00000365230	9606.ENSP00000262039	0	0	0	0	0.049	0.069	0	0.762	0.771
BCL2L1	DAXX	9606.ENSP00000365230	9606.ENSP00000266000	0	0	0	0	0.049	0	0	0.505	0.509
BCL2L1	TP53	9606.ENSP00000365230	9606.ENSP00000269305	0	0	0	0	0.074	0.986	0	0.998	0.999
BCL2L1	EIF2AK3	9606.ENSP00000365230	9606.ENSP00000307235	0	0	0	0	0.055	0	0	0.581	0.587
BCL2L1	CASP3	9606.ENSP00000365230	9606.ENSP00000311032	0	0	0	0	0.044	0.209	0	0.94	0.95
BCL2L1	BID	9606.ENSP00000365230	9606.ENSP00000318822	0	0	0	0	0.055	0.99	0.9	0.616	0.999
BCL2L1	HSPA5	9606.ENSP00000365230	9606.ENSP00000324173	0	0	0	0	0.042	0	0	0.571	0.571
BCL2L1	ULK1	9606.ENSP00000365230	9606.ENSP00000324560	0	0	0	0	0.06	0	0	0.428	0.44
BCL2L1	PIK3R4	9606.ENSP00000365230	9606.ENSP00000349205	0	0	0	0	0.049	0	0	0.42	0.425
BCL2L1	MAP3K5	9606.ENSP00000365230	9606.ENSP00000351908	0	0	0	0	0.052	0	0	0.537	0.543
BCL2L1	GPX7	9606.ENSP00000365230	9606.ENSP00000354677	0	0	0	0	0	0	0	0.499	0.499
BCL2L1	ATF6	9606.ENSP00000365230	9606.ENSP00000356919	0	0	0	0	0.049	0	0	0.5	0.504
BCL2L1	SDHC	9606.ENSP00000365230	9606.ENSP00000356953	0	0	0	0	0.101	0	0	0.36	0.4
BCL2L1	ITPR3	9606.ENSP00000365230	9606.ENSP00000363435	0	0	0	0	0.072	0	0	0.94	0.942
BCL2L1	HDAC6	9606.ENSP00000365230	9606.ENSP00000365804	0	0	0	0	0.065	0	0	0.402	0.417
BCL2L1	GABARAPL1	9606.ENSP00000365230	9606.ENSP00000411256	0	0	0	0	0.082	0	0	0.413	0.439
BCL2L1	SQSTM1	9606.ENSP00000365230	9606.ENSP00000374455	0	0	0	0	0.061	0	0	0.475	0.485
BCL2L1	GPX8	9606.ENSP00000365230	9606.ENSP00000423822	0	0	0	0	0	0	0	0.498	0.498
BCL2L1	DDIT3	9606.ENSP00000365230	9606.ENSP00000448665	0	0	0	0	0.067	0	0	0.507	0.52
BCL2L1	ERN1	9606.ENSP00000365230	9606.ENSP00000401445	0	0	0	0	0.055	0	0	0.515	0.522
BCL2L1	APAF1	9606.ENSP00000365230	9606.ENSP00000448165	0	0	0	0	0.049	0.639	0	0.991	0.996
BCL2L1	BCL2	9606.ENSP00000365230	9606.ENSP00000381185	0	0	0	0.894	0	0.863	0.9	0.984	0.999
BID	TP53	9606.ENSP00000318822	9606.ENSP00000269305	0	0	0	0	0	0	0.75	0.449	0.856
BID	CASP3	9606.ENSP00000318822	9606.ENSP00000311032	0	0	0	0	0.125	0.516	0	0.623	0.827
BID	APAF1	9606.ENSP00000318822	9606.ENSP00000448165	0	0	0	0	0.049	0	0	0.607	0.61
BID	BCL2	9606.ENSP00000318822	9606.ENSP00000381185	0	0	0	0	0.055	0.872	0.9	0.92	0.998
BID	BCL2L1	9606.ENSP00000318822	9606.ENSP00000365230	0	0	0	0	0.055	0.99	0.9	0.616	0.999
CASP3	GABARAPL2	9606.ENSP00000311032	9606.ENSP00000037243	0	0	0	0	0.042	0	0	0.427	0.428
CASP3	MAPK12	9606.ENSP00000311032	9606.ENSP00000215659	0	0	0	0	0.058	0.045	0	0.469	0.481
CASP3	XBP1	9606.ENSP00000311032	9606.ENSP00000216037	0	0	0	0	0.051	0	0	0.703	0.706
CASP3	ATG14	9606.ENSP00000311032	9606.ENSP00000247178	0	0	0	0	0.055	0	0	0.396	0.405
CASP3	PIK3C3	9606.ENSP00000311032	9606.ENSP00000262039	0	0	0	0	0.056	0	0	0.481	0.489
CASP3	TP53	9606.ENSP00000311032	9606.ENSP00000269305	0	0	0	0	0.093	0.292	0	0.937	0.956
CASP3	SOD1	9606.ENSP00000311032	9606.ENSP00000270142	0	0	0	0	0.044	0.07	0	0.611	0.624
CASP3	SLC1A2	9606.ENSP00000311032	9606.ENSP00000278379	0	0	0	0	0	0.095	0	0.557	0.581
CASP3	EIF2AK3	9606.ENSP00000311032	9606.ENSP00000307235	0	0	0	0	0.069	0	0	0.769	0.776
CASP3	ERBB4	9606.ENSP00000311032	9606.ENSP00000342235	0	0	0	0	0.054	0	0	0.399	0.407
CASP3	NDUFS1	9606.ENSP00000311032	9606.ENSP00000392709	0	0	0	0	0.042	0.295	0	0.223	0.429
CASP3	GABARAPL1	9606.ENSP00000311032	9606.ENSP00000411256	0	0	0	0	0.043	0	0	0.436	0.437
CASP3	ITPR3	9606.ENSP00000311032	9606.ENSP00000363435	0	0	0	0	0.042	0	0	0.437	0.438
CASP3	ULK1	9606.ENSP00000311032	9606.ENSP00000324560	0	0	0	0	0	0.066	0	0.449	0.464
CASP3	HDAC6	9606.ENSP00000311032	9606.ENSP00000365804	0	0	0	0	0.042	0	0	0.494	0.494
CASP3	TBK1	9606.ENSP00000311032	9606.ENSP00000329967	0	0	0	0	0.228	0.094	0	0.382	0.53
CASP3	SDHC	9606.ENSP00000311032	9606.ENSP00000356953	0	0	0	0	0.042	0	0	0.543	0.543
CASP3	ATF4	9606.ENSP00000311032	9606.ENSP00000336790	0	0	0	0	0	0	0	0.602	0.602
CASP3	SQSTM1	9606.ENSP00000311032	9606.ENSP00000374455	0	0	0	0	0	0.046	0	0.67	0.672
CASP3	MAP3K5	9606.ENSP00000311032	9606.ENSP00000351908	0	0	0	0	0.113	0	0	0.674	0.699
CASP3	ERN1	9606.ENSP00000311032	9606.ENSP00000401445	0	0	0	0	0.059	0.067	0	0.7	0.714
CASP3	DDIT3	9606.ENSP00000311032	9606.ENSP00000448665	0	0	0	0	0	0	0	0.734	0.734
CASP3	ATF6	9606.ENSP00000311032	9606.ENSP00000356919	0	0	0	0	0.049	0	0	0.735	0.737
CASP3	GPX8	9606.ENSP00000311032	9606.ENSP00000423822	0	0	0	0	0.052	0	0	0.771	0.773
CASP3	GPX7	9606.ENSP00000311032	9606.ENSP00000354677	0	0	0	0	0.057	0	0	0.768	0.773
CASP3	HSPA5	9606.ENSP00000311032	9606.ENSP00000324173	0	0	0	0	0.044	0.069	0	0.786	0.793
CASP3	BID	9606.ENSP00000311032	9606.ENSP00000318822	0	0	0	0	0.125	0.516	0	0.623	0.827
CASP3	ACTG1	9606.ENSP00000311032	9606.ENSP00000458162	0	0	0	0	0.049	0.095	0.9	0.209	0.922
CASP3	BCL2L1	9606.ENSP00000311032	9606.ENSP00000365230	0	0	0	0	0.044	0.209	0	0.94	0.95
CASP3	BCL2	9606.ENSP00000311032	9606.ENSP00000381185	0	0	0	0	0.098	0.354	0	0.98	0.987
CASP3	APAF1	9606.ENSP00000311032	9606.ENSP00000448165	0	0	0	0	0.056	0.794	0.9	0.986	0.999
CAT	GPX7	9606.ENSP00000241052	9606.ENSP00000354677	0.057	0	0	0	0.203	0.128	0	0.496	0.625
CAT	GPX8	9606.ENSP00000241052	9606.ENSP00000423822	0.057	0	0	0	0.203	0.128	0	0.497	0.626
CAT	SOD1	9606.ENSP00000241052	9606.ENSP00000270142	0.115	0	0	0	0.155	0.25	0.792	0.425	0.92
COX6A1	UQCRC1	9606.ENSP00000229379	9606.ENSP00000203407	0	0	0	0	0.347	0.896	0.624	0.619	0.989
COX6A1	DDIT3	9606.ENSP00000229379	9606.ENSP00000448665	0	0	0	0	0.187	0.17	0.216	0.116	0.47
COX6A1	NDUFB1	9606.ENSP00000229379	9606.ENSP00000483888	0	0	0	0	0.178	0.258	0	0.275	0.52
COX6A1	NDUFS1	9606.ENSP00000229379	9606.ENSP00000392709	0	0	0	0	0.085	0.301	0	0.354	0.551
COX6A1	NDUFB2	9606.ENSP00000229379	9606.ENSP00000419087	0	0	0	0	0.335	0	0	0.354	0.552
COX6A1	SDHC	9606.ENSP00000229379	9606.ENSP00000356953	0	0	0	0	0.352	0	0	0.369	0.574
COX6A1	NDUFA10	9606.ENSP00000229379	9606.ENSP00000252711	0	0	0	0	0.128	0.353	0	0.341	0.596
COX6A1	NDUFA3	9606.ENSP00000229379	9606.ENSP00000418438	0	0	0	0	0.254	0.258	0	0.352	0.61
COX6A1	NDUFA9	9606.ENSP00000229379	9606.ENSP00000266544	0	0	0	0	0.335	0.228	0	0.352	0.638
COX6A1	NDUFA4L2	9606.ENSP00000229379	9606.ENSP00000377411	0	0	0	0	0.187	0	0.54	0.238	0.69
COX6A1	NDUFB3	9606.ENSP00000229379	9606.ENSP00000407336	0	0	0	0	0.266	0.258	0	0.488	0.697
COX6A1	NDUFA1	9606.ENSP00000229379	9606.ENSP00000360492	0	0	0	0	0.398	0.258	0	0.47	0.742
COX6A1	NDUFA2	9606.ENSP00000229379	9606.ENSP00000252102	0	0	0	0	0.43	0.353	0	0.456	0.782
COX6A1	NDUFB10	9606.ENSP00000229379	9606.ENSP00000268668	0	0	0	0	0.544	0.399	0	0.356	0.808
COX6A1	NDUFS6	9606.ENSP00000229379	9606.ENSP00000274137	0	0	0	0	0.613	0.351	0	0.412	0.839
COX6A1	NDUFA12	9606.ENSP00000229379	9606.ENSP00000330737	0	0	0	0	0.645	0.314	0	0.486	0.864
COX6A1	UQCRHL	9606.ENSP00000229379	9606.ENSP00000485401	0	0	0	0	0.389	0.603	0.649	0.449	0.946
COX6A1	UQCR11	9606.ENSP00000229379	9606.ENSP00000467262	0	0	0	0	0.494	0.789	0.54	0.489	0.971
COX6A1	CYC1	9606.ENSP00000229379	9606.ENSP00000317159	0	0	0	0	0.606	0.831	0.624	0.495	0.985
COX6A1	UQCR10	9606.ENSP00000229379	9606.ENSP00000332887	0	0	0	0	0.875	0.821	0.632	0.505	0.995
COX6A1	UQCRB	9606.ENSP00000229379	9606.ENSP00000430494	0	0	0	0	0.825	0.907	0.681	0.592	0.997
COX6A1	NDUFA4	9606.ENSP00000229379	9606.ENSP00000339720	0	0	0	0	0.398	0.838	0.8	0.914	0.998
COX6A1	COX6B1	9606.ENSP00000229379	9606.ENSP00000466818	0	0	0	0	0.626	0.982	0.851	0.984	0.999
COX6B1	UQCRC1	9606.ENSP00000466818	9606.ENSP00000203407	0	0	0	0	0.337	0.917	0.623	0.545	0.989
COX6B1	COX6A1	9606.ENSP00000466818	9606.ENSP00000229379	0	0	0	0	0.626	0.982	0.851	0.984	0.999
COX6B1	NDUFA2	9606.ENSP00000466818	9606.ENSP00000252102	0	0	0	0	0.754	0.874	0	0.466	0.982
COX6B1	NDUFA10	9606.ENSP00000466818	9606.ENSP00000252711	0	0	0	0	0.216	0.895	0	0.423	0.948
COX6B1	NDUFA9	9606.ENSP00000466818	9606.ENSP00000266544	0	0	0	0	0.242	0.862	0	0.398	0.931
COX6B1	NDUFB10	9606.ENSP00000466818	9606.ENSP00000268668	0	0	0	0	0.303	0.851	0	0.507	0.944
COX6B1	PSMB6	9606.ENSP00000466818	9606.ENSP00000270586	0	0	0	0	0.492	0	0	0.047	0.495
COX6B1	NDUFS6	9606.ENSP00000466818	9606.ENSP00000274137	0	0	0	0	0.384	0.865	0	0.489	0.954
COX6B1	CYC1	9606.ENSP00000466818	9606.ENSP00000317159	0	0	0	0	0.484	0.955	0.658	0.396	0.994
COX6B1	NDUFA12	9606.ENSP00000466818	9606.ENSP00000330737	0	0	0	0	0.734	0.873	0	0.359	0.976
COX6B1	UQCR10	9606.ENSP00000466818	9606.ENSP00000332887	0	0	0	0	0.776	0.967	0.658	0.769	0.999
COX6B1	NDUFA4	9606.ENSP00000466818	9606.ENSP00000339720	0	0	0	0	0.498	0.919	0.8	0.911	0.999
COX6B1	SDHC	9606.ENSP00000466818	9606.ENSP00000356953	0	0	0	0	0.328	0	0	0.364	0.554
COX6B1	NDUFA1	9606.ENSP00000466818	9606.ENSP00000360492	0	0	0	0	0.789	0.845	0	0.433	0.979
COX6B1	NDUFA4L2	9606.ENSP00000466818	9606.ENSP00000377411	0	0	0	0	0.184	0.048	0.54	0.136	0.65
COX6B1	NDUFS1	9606.ENSP00000466818	9606.ENSP00000392709	0	0	0	0	0.13	0.896	0	0.706	0.971
COX6B1	NDUFB3	9606.ENSP00000466818	9606.ENSP00000407336	0	0	0	0	0.512	0.845	0	0.419	0.952
COX6B1	NDUFA3	9606.ENSP00000466818	9606.ENSP00000418438	0	0	0	0	0.703	0.851	0	0.478	0.974
COX6B1	NDUFB2	9606.ENSP00000466818	9606.ENSP00000419087	0	0	0	0	0.307	0.8	0	0.328	0.898
COX6B1	UQCRB	9606.ENSP00000466818	9606.ENSP00000430494	0	0	0	0	0.767	0.98	0.716	0.602	0.999
COX6B1	DDIT3	9606.ENSP00000466818	9606.ENSP00000448665	0	0	0	0	0.087	0.254	0.198	0.1	0.442
COX6B1	UQCRHL	9606.ENSP00000466818	9606.ENSP00000485401	0	0	0	0	0.305	0.516	0.691	0.167	0.902
COX6B1	NDUFB1	9606.ENSP00000466818	9606.ENSP00000483888	0	0	0	0	0.261	0.845	0	0.557	0.944
COX6B1	UQCR11	9606.ENSP00000466818	9606.ENSP00000467262	0	0	0	0	0.668	0.946	0.54	0.678	0.997
CYC1	UQCRC1	9606.ENSP00000317159	9606.ENSP00000203407	0	0	0	0	0.917	0.992	0.889	0.944	0.999
CYC1	COX6A1	9606.ENSP00000317159	9606.ENSP00000229379	0	0	0	0	0.606	0.831	0.624	0.495	0.985
CYC1	NDUFA2	9606.ENSP00000317159	9606.ENSP00000252102	0	0	0	0	0.473	0.988	0.172	0.091	0.994
CYC1	NDUFA10	9606.ENSP00000317159	9606.ENSP00000252711	0	0	0	0	0.675	0.898	0	0.467	0.98
CYC1	NDUFA9	9606.ENSP00000317159	9606.ENSP00000266544	0	0	0	0	0.858	0.97	0.434	0.424	0.998
CYC1	NDUFB10	9606.ENSP00000317159	9606.ENSP00000268668	0	0	0	0	0.528	0.987	0	0.331	0.995
CYC1	PSMB6	9606.ENSP00000317159	9606.ENSP00000270586	0	0	0	0	0.412	0	0	0.08	0.435
CYC1	NDUFS6	9606.ENSP00000317159	9606.ENSP00000274137	0	0	0	0	0.799	0.988	0	0.29	0.998
CYC1	DDIT3	9606.ENSP00000317159	9606.ENSP00000448665	0	0	0	0	0.092	0.253	0.147	0.11	0.416
CYC1	NDUFA4L2	9606.ENSP00000317159	9606.ENSP00000377411	0	0	0	0	0.107	0.053	0.54	0.151	0.625
CYC1	APAF1	9606.ENSP00000317159	9606.ENSP00000448165	0	0	0	0	0.042	0.287	0	0.569	0.68
CYC1	NDUFA4	9606.ENSP00000317159	9606.ENSP00000339720	0	0	0	0	0.145	0.338	0.54	0.287	0.789
CYC1	NDUFB2	9606.ENSP00000317159	9606.ENSP00000419087	0	0	0	0	0.088	0.8	0	0.065	0.814
CYC1	NDUFA1	9606.ENSP00000317159	9606.ENSP00000360492	0	0	0	0	0.14	0.83	0	0.205	0.873
CYC1	TOMM40	9606.ENSP00000317159	9606.ENSP00000410339	0	0	0	0	0.586	0.237	0.5	0.396	0.892
CYC1	NDUFA3	9606.ENSP00000317159	9606.ENSP00000418438	0	0	0	0	0.224	0.867	0	0.123	0.901
CYC1	NDUFB1	9606.ENSP00000317159	9606.ENSP00000483888	0	0	0	0	0.185	0.855	0	0.243	0.903
CYC1	SDHC	9606.ENSP00000317159	9606.ENSP00000356953	0.044	0	0	0	0.838	0.079	0.172	0.45	0.923
CYC1	NDUFB3	9606.ENSP00000317159	9606.ENSP00000407336	0	0	0	0	0.272	0.866	0	0.34	0.93
CYC1	UQCRHL	9606.ENSP00000317159	9606.ENSP00000485401	0	0	0	0	0.682	0.836	0.744	0.185	0.987
CYC1	COX6B1	9606.ENSP00000317159	9606.ENSP00000466818	0	0	0	0	0.484	0.955	0.658	0.396	0.994
CYC1	NDUFA12	9606.ENSP00000317159	9606.ENSP00000330737	0	0	0	0	0.678	0.993	0.172	0.196	0.998
CYC1	UQCR11	9606.ENSP00000317159	9606.ENSP00000467262	0	0	0	0	0.692	0.987	0.851	0.471	0.999
CYC1	UQCR10	9606.ENSP00000317159	9606.ENSP00000332887	0	0	0	0	0.879	0.997	0.907	0.84	0.999
CYC1	UQCRB	9606.ENSP00000317159	9606.ENSP00000430494	0	0	0	0	0.953	0.997	0.907	0.978	0.999
CYC1	NDUFS1	9606.ENSP00000317159	9606.ENSP00000392709	0	0	0	0	0.925	0.989	0.809	0.543	0.999
DAXX	SQSTM1	9606.ENSP00000266000	9606.ENSP00000374455	0	0	0	0	0.042	0.325	0	0.16	0.41
DAXX	BCL2L1	9606.ENSP00000266000	9606.ENSP00000365230	0	0	0	0	0.049	0	0	0.505	0.509
DAXX	BCL2	9606.ENSP00000266000	9606.ENSP00000381185	0	0	0	0	0.083	0	0	0.538	0.558
DAXX	SOD1	9606.ENSP00000266000	9606.ENSP00000270142	0	0	0	0	0.047	0.045	0	0.609	0.613
DAXX	TP53	9606.ENSP00000266000	9606.ENSP00000269305	0	0	0	0	0.122	0.895	0.9	0.952	0.999
DAXX	MAP3K5	9606.ENSP00000266000	9606.ENSP00000351908	0	0	0	0	0	0.858	0.9	0.993	0.999
DCTN2	NUP85	9606.ENSP00000408910	9606.ENSP00000245544	0	0	0	0	0.054	0	0	0.49	0.496
DCTN2	KLC4	9606.ENSP00000408910	9606.ENSP00000259708	0	0	0	0	0.049	0.073	0.5	0.432	0.716
DCTN2	SOD1	9606.ENSP00000408910	9606.ENSP00000270142	0	0	0	0	0.054	0.191	0.65	0.162	0.745
DCTN2	OPTN	9606.ENSP00000408910	9606.ENSP00000368022	0	0	0	0	0.049	0	0.5	0.101	0.535
DCTN2	SQSTM1	9606.ENSP00000408910	9606.ENSP00000374455	0	0	0	0	0.119	0	0	0.43	0.476
DCTN2	NEFL	9606.ENSP00000408910	9606.ENSP00000482169	0	0	0	0	0	0.073	0	0.386	0.406
DCTN2	PSMC3	9606.ENSP00000408910	9606.ENSP00000481029	0	0	0	0	0.214	0	0	0.33	0.451
DCTN2	ACTG1	9606.ENSP00000408910	9606.ENSP00000458162	0	0	0	0	0.067	0.495	0	0.179	0.58
DDIT3	MAPK12	9606.ENSP00000448665	9606.ENSP00000215659	0	0	0	0	0.074	0.08	0.9	0.218	0.924
DDIT3	XBP1	9606.ENSP00000448665	9606.ENSP00000216037	0	0	0	0	0.074	0.071	0.9	0.885	0.988
DDIT3	COX6A1	9606.ENSP00000448665	9606.ENSP00000229379	0	0	0	0	0.187	0.17	0.216	0.116	0.47
DDIT3	FUS	9606.ENSP00000448665	9606.ENSP00000254108	0	0	0	0	0.055	0.3	0	0.324	0.514
DDIT3	TP53	9606.ENSP00000448665	9606.ENSP00000269305	0	0	0	0	0	0	0	0.69	0.69
DDIT3	EIF2AK3	9606.ENSP00000448665	9606.ENSP00000307235	0	0	0	0	0.073	0	0	0.88	0.884
DDIT3	CASP3	9606.ENSP00000448665	9606.ENSP00000311032	0	0	0	0	0	0	0	0.734	0.734
DDIT3	CYC1	9606.ENSP00000448665	9606.ENSP00000317159	0	0	0	0	0.092	0.253	0.147	0.11	0.416
DDIT3	HSPA5	9606.ENSP00000448665	9606.ENSP00000324173	0	0	0	0	0.057	0.294	0	0.891	0.921
DDIT3	UQCR10	9606.ENSP00000448665	9606.ENSP00000332887	0	0	0	0	0.189	0.252	0.147	0.089	0.465
DDIT3	ATF4	9606.ENSP00000448665	9606.ENSP00000336790	0	0	0	0	0.187	0.526	0.9	0.925	0.996
DDIT3	MAP3K5	9606.ENSP00000448665	9606.ENSP00000351908	0	0	0	0	0.087	0	0	0.603	0.622
DDIT3	ATF6	9606.ENSP00000448665	9606.ENSP00000356919	0	0	0	0	0.086	0	0.9	0.893	0.989
DDIT3	ITPR3	9606.ENSP00000448665	9606.ENSP00000363435	0	0	0	0	0	0	0	0.463	0.463
DDIT3	BCL2L1	9606.ENSP00000448665	9606.ENSP00000365230	0	0	0	0	0.067	0	0	0.507	0.52
DDIT3	HDAC6	9606.ENSP00000448665	9606.ENSP00000365804	0	0	0	0	0.103	0.314	0	0.201	0.465
DDIT3	SQSTM1	9606.ENSP00000448665	9606.ENSP00000374455	0	0	0	0	0.088	0	0	0.411	0.44
DDIT3	BCL2	9606.ENSP00000448665	9606.ENSP00000381185	0	0	0	0	0.067	0	0.9	0.724	0.972
DDIT3	ERN1	9606.ENSP00000448665	9606.ENSP00000401445	0	0	0	0	0.084	0.053	0	0.881	0.887
DDIT3	UQCRB	9606.ENSP00000448665	9606.ENSP00000430494	0	0	0	0	0.19	0.245	0.147	0.128	0.484
DDIT3	COX6B1	9606.ENSP00000448665	9606.ENSP00000466818	0	0	0	0	0.087	0.254	0.198	0.1	0.442
DERL1	XBP1	9606.ENSP00000259512	9606.ENSP00000216037	0	0	0	0	0.102	0.292	0	0.498	0.653
DERL1	UBQLN1	9606.ENSP00000259512	9606.ENSP00000365576	0	0	0	0	0.144	0	0	0.336	0.407
DERL1	MAP3K5	9606.ENSP00000259512	9606.ENSP00000351908	0	0	0	0	0	0	0	0.415	0.414
DERL1	ATF6	9606.ENSP00000259512	9606.ENSP00000356919	0	0	0	0	0.134	0.096	0	0.425	0.511
DERL1	ERN1	9606.ENSP00000259512	9606.ENSP00000401445	0	0	0	0	0.06	0.304	0	0.412	0.582
DERL1	SOD1	9606.ENSP00000259512	9606.ENSP00000270142	0	0	0	0	0.049	0	0.9	0.655	0.964
DERL1	HSPA5	9606.ENSP00000259512	9606.ENSP00000324173	0	0	0	0	0.131	0.954	0	0.6	0.982
DNAH1	SOD1	9606.ENSP00000401514	9606.ENSP00000270142	0	0	0	0	0	0	0.65	0	0.65
DNAH1	DNALI1	9606.ENSP00000401514	9606.ENSP00000296218	0	0	0.251	0	0.056	0	0	0.528	0.637
DNAH1	DNAH7	9606.ENSP00000401514	9606.ENSP00000311273	0	0	0.077	0.91	0.077	0	0.9	0.084	0.911
DNAH1	DNAH6	9606.ENSP00000401514	9606.ENSP00000374045	0	0	0.07	0.874	0.097	0	0.36	0.241	0.538
DNAH1	DNAH14	9606.ENSP00000401514	9606.ENSP00000383737	0	0.079	0	0	0	0	0.36	0.934	0.957
DNAH11	SOD1	9606.ENSP00000475939	9606.ENSP00000270142	0	0	0	0	0	0	0.65	0.093	0.668
DNAH11	DNALI1	9606.ENSP00000475939	9606.ENSP00000296218	0	0	0.251	0	0.06	0	0	0.61	0.702
DNAH11	DNAH14	9606.ENSP00000475939	9606.ENSP00000383737	0	0.077	0	0	0.087	0	0	0.399	0.45
DNAH14	SOD1	9606.ENSP00000383737	9606.ENSP00000270142	0	0	0	0	0	0	0.65	0	0.65
DNAH14	DNAH7	9606.ENSP00000383737	9606.ENSP00000311273	0	0.105	0	0	0	0	0.36	0.348	0.594
DNAH14	DNAH6	9606.ENSP00000383737	9606.ENSP00000374045	0	0.089	0	0.57	0.047	0	0.36	0.428	0.639
DNAH14	DNAH11	9606.ENSP00000383737	9606.ENSP00000475939	0	0.077	0	0	0.087	0	0	0.399	0.45
DNAH14	DNAH1	9606.ENSP00000383737	9606.ENSP00000401514	0	0.079	0	0	0	0	0.36	0.934	0.957
DNAH6	SOD1	9606.ENSP00000374045	9606.ENSP00000270142	0	0	0	0	0	0	0.65	0	0.65
DNAH6	DNALI1	9606.ENSP00000374045	9606.ENSP00000296218	0	0	0.216	0	0.144	0	0	0.497	0.633
DNAH6	DNAH7	9606.ENSP00000374045	9606.ENSP00000311273	0	0	0	0.875	0.247	0	0.36	0.205	0.583
DNAH6	DNAH1	9606.ENSP00000374045	9606.ENSP00000401514	0	0	0.07	0.874	0.097	0	0.36	0.241	0.538
DNAH6	DNAH14	9606.ENSP00000374045	9606.ENSP00000383737	0	0.089	0	0.57	0.047	0	0.36	0.428	0.639
DNAH7	SOD1	9606.ENSP00000311273	9606.ENSP00000270142	0	0	0	0	0	0	0.65	0	0.65
DNAH7	DNALI1	9606.ENSP00000311273	9606.ENSP00000296218	0	0	0.275	0	0.107	0	0	0.528	0.668
DNAH7	DNAH6	9606.ENSP00000311273	9606.ENSP00000374045	0	0	0	0.875	0.247	0	0.36	0.205	0.583
DNAH7	DNAH14	9606.ENSP00000311273	9606.ENSP00000383737	0	0.105	0	0	0	0	0.36	0.348	0.594
DNAH7	DNAH1	9606.ENSP00000311273	9606.ENSP00000401514	0	0	0.077	0.91	0.077	0	0.9	0.084	0.911
DNALI1	SOD1	9606.ENSP00000296218	9606.ENSP00000270142	0	0	0	0	0.042	0	0.65	0	0.65
DNALI1	DNAH6	9606.ENSP00000296218	9606.ENSP00000374045	0	0	0.216	0	0.144	0	0	0.497	0.633
DNALI1	DNAH1	9606.ENSP00000296218	9606.ENSP00000401514	0	0	0.251	0	0.056	0	0	0.528	0.637
DNALI1	DNAH7	9606.ENSP00000296218	9606.ENSP00000311273	0	0	0.275	0	0.107	0	0	0.528	0.668
DNALI1	DNAH11	9606.ENSP00000296218	9606.ENSP00000475939	0	0	0.251	0	0.06	0	0	0.61	0.702
EIF2AK3	XBP1	9606.ENSP00000307235	9606.ENSP00000216037	0	0	0	0	0.202	0	0	0.891	0.909
EIF2AK3	TP53	9606.ENSP00000307235	9606.ENSP00000269305	0	0	0	0	0.087	0	0	0.609	0.627
EIF2AK3	GPX7	9606.ENSP00000307235	9606.ENSP00000354677	0	0	0	0	0.052	0	0	0.402	0.409
EIF2AK3	ITPR3	9606.ENSP00000307235	9606.ENSP00000363435	0	0	0	0	0.049	0	0	0.454	0.458
EIF2AK3	ERN1	9606.ENSP00000307235	9606.ENSP00000401445	0	0	0	0.549	0.128	0	0	0.495	0.541
EIF2AK3	BCL2L1	9606.ENSP00000307235	9606.ENSP00000365230	0	0	0	0	0.055	0	0	0.581	0.587
EIF2AK3	MAP3K5	9606.ENSP00000307235	9606.ENSP00000351908	0	0	0	0	0.077	0	0	0.584	0.6
EIF2AK3	SQSTM1	9606.ENSP00000307235	9606.ENSP00000374455	0	0	0	0	0	0	0.5	0.475	0.726
EIF2AK3	BCL2	9606.ENSP00000307235	9606.ENSP00000381185	0	0	0	0	0.073	0	0	0.72	0.729
EIF2AK3	CASP3	9606.ENSP00000307235	9606.ENSP00000311032	0	0	0	0	0.069	0	0	0.769	0.776
EIF2AK3	DDIT3	9606.ENSP00000307235	9606.ENSP00000448665	0	0	0	0	0.073	0	0	0.88	0.884
EIF2AK3	ATF6	9606.ENSP00000307235	9606.ENSP00000356919	0	0	0	0	0.042	0.292	0	0.97	0.978
EIF2AK3	ATF4	9606.ENSP00000307235	9606.ENSP00000336790	0	0	0	0	0.057	0	0.9	0.927	0.992
EIF2AK3	HSPA5	9606.ENSP00000307235	9606.ENSP00000324173	0	0	0	0	0.088	0.823	0.9	0.999	0.999
ERBB4	TP53	9606.ENSP00000342235	9606.ENSP00000269305	0	0	0	0	0	0.292	0	0.629	0.726
ERBB4	NRG1	9606.ENSP00000342235	9606.ENSP00000287842	0	0	0	0	0	0.978	0.9	0.999	0.999
ERBB4	CASP3	9606.ENSP00000342235	9606.ENSP00000311032	0	0	0	0	0.054	0	0	0.399	0.407
ERBB4	NEFL	9606.ENSP00000342235	9606.ENSP00000482169	0	0	0	0	0.097	0.075	0.4	0.104	0.491
ERBB4	BCL2	9606.ENSP00000342235	9606.ENSP00000381185	0	0	0	0	0.053	0	0	0.655	0.66
ERBB4	NRG3	9606.ENSP00000342235	9606.ENSP00000361214	0	0	0	0	0.109	0	0.9	0.998	0.999
ERN1	XBP1	9606.ENSP00000401445	9606.ENSP00000216037	0	0	0	0	0.074	0.079	0.9	0.975	0.997
ERN1	TANK	9606.ENSP00000401445	9606.ENSP00000259075	0	0	0	0	0	0.084	0	0.407	0.433
ERN1	DERL1	9606.ENSP00000401445	9606.ENSP00000259512	0	0	0	0	0.06	0.304	0	0.412	0.582
ERN1	TP53	9606.ENSP00000401445	9606.ENSP00000269305	0	0	0	0	0	0.292	0	0.492	0.625
ERN1	EIF2AK3	9606.ENSP00000401445	9606.ENSP00000307235	0	0	0	0.549	0.128	0	0	0.495	0.541
ERN1	CASP3	9606.ENSP00000401445	9606.ENSP00000311032	0	0	0	0	0.059	0.067	0	0.7	0.714
ERN1	HSPA5	9606.ENSP00000401445	9606.ENSP00000324173	0	0	0	0	0.057	0.912	0.9	0.999	0.999
ERN1	ATF4	9606.ENSP00000401445	9606.ENSP00000336790	0	0	0	0	0.056	0	0	0.833	0.835
ERN1	MAP3K5	9606.ENSP00000401445	9606.ENSP00000351908	0	0	0	0.55	0.069	0.686	0.9	0.988	0.999
ERN1	ATF6	9606.ENSP00000401445	9606.ENSP00000356919	0	0	0	0	0.044	0.292	0	0.968	0.976
ERN1	ITPR3	9606.ENSP00000401445	9606.ENSP00000363435	0	0	0	0	0.049	0	0	0.741	0.743
ERN1	BCL2L1	9606.ENSP00000401445	9606.ENSP00000365230	0	0	0	0	0.055	0	0	0.515	0.522
ERN1	OPTN	9606.ENSP00000401445	9606.ENSP00000368022	0	0	0	0	0.076	0.072	0	0.507	0.54
ERN1	SQSTM1	9606.ENSP00000401445	9606.ENSP00000374455	0	0	0	0	0.049	0.099	0	0.691	0.712
ERN1	BCL2	9606.ENSP00000401445	9606.ENSP00000381185	0	0	0	0	0.055	0	0	0.777	0.781
ERN1	DDIT3	9606.ENSP00000401445	9606.ENSP00000448665	0	0	0	0	0.084	0.053	0	0.881	0.887
FUS	NEFM	9606.ENSP00000254108	9606.ENSP00000221166	0	0	0	0	0	0	0	0.544	0.544
FUS	PFN1	9606.ENSP00000254108	9606.ENSP00000225655	0	0	0	0	0.065	0.134	0	0.623	0.668
FUS	ANXA11	9606.ENSP00000254108	9606.ENSP00000398610	0	0	0	0	0.049	0	0	0.404	0.409
FUS	GLE1	9606.ENSP00000254108	9606.ENSP00000308622	0	0	0	0	0.108	0	0	0.404	0.445
FUS	SLC1A2	9606.ENSP00000254108	9606.ENSP00000278379	0	0	0	0	0	0	0	0.446	0.446
FUS	ALYREF	9606.ENSP00000254108	9606.ENSP00000421592	0	0	0	0.612	0.184	0.186	0	0.243	0.453
FUS	HDAC6	9606.ENSP00000254108	9606.ENSP00000365804	0	0	0	0	0.072	0.132	0	0.39	0.466
FUS	DDIT3	9606.ENSP00000254108	9606.ENSP00000448665	0	0	0	0	0.055	0.3	0	0.324	0.514
FUS	TP53	9606.ENSP00000254108	9606.ENSP00000269305	0	0	0	0	0.077	0.163	0	0.448	0.536
FUS	SPG11	9606.ENSP00000254108	9606.ENSP00000261866	0	0	0	0	0.054	0	0	0.598	0.603
FUS	TBK1	9606.ENSP00000254108	9606.ENSP00000329967	0	0	0	0	0.076	0	0	0.604	0.618
FUS	NEFL	9606.ENSP00000254108	9606.ENSP00000482169	0	0	0	0	0	0	0	0.67	0.67
FUS	SRSF7	9606.ENSP00000254108	9606.ENSP00000325905	0	0	0	0	0.15	0.214	0.4	0.31	0.686
FUS	SQSTM1	9606.ENSP00000254108	9606.ENSP00000374455	0	0	0	0	0.042	0.292	0	0.722	0.795
FUS	NEFH	9606.ENSP00000254108	9606.ENSP00000311997	0	0	0	0	0.044	0	0	0.798	0.798
FUS	SRSF3	9606.ENSP00000254108	9606.ENSP00000362820	0	0	0	0	0.215	0.205	0.4	0.594	0.827
FUS	OPTN	9606.ENSP00000254108	9606.ENSP00000368022	0	0	0	0	0.042	0.192	0	0.939	0.948
FUS	HNRNPA2B1	9606.ENSP00000254108	9606.ENSP00000346694	0	0	0	0.578	0.387	0.589	0.4	0.943	0.99
FUS	SOD1	9606.ENSP00000254108	9606.ENSP00000270142	0	0	0	0	0.087	0	0	0.992	0.992
GABARAPL1	RB1CC1	9606.ENSP00000411256	9606.ENSP00000025008	0	0	0	0	0.109	0.567	0	0.922	0.967
GABARAPL1	GABARAPL2	9606.ENSP00000411256	9606.ENSP00000037243	0	0	0.071	0.937	0.073	0.204	0.9	0.411	0.952
GABARAPL1	ATG14	9606.ENSP00000411256	9606.ENSP00000247178	0	0	0	0	0.085	0.602	0.9	0.831	0.993
GABARAPL1	PIK3C3	9606.ENSP00000411256	9606.ENSP00000262039	0	0	0	0	0	0	0.9	0.852	0.984
GABARAPL1	WIPI1	9606.ENSP00000411256	9606.ENSP00000262139	0	0	0	0	0.263	0.096	0	0.839	0.884
GABARAPL1	TP53	9606.ENSP00000411256	9606.ENSP00000269305	0	0	0	0	0	0	0	0.419	0.418
GABARAPL1	WIPI2	9606.ENSP00000411256	9606.ENSP00000288828	0	0	0	0	0.196	0.096	0.5	0.775	0.907
GABARAPL1	CASP3	9606.ENSP00000411256	9606.ENSP00000311032	0	0	0	0	0.043	0	0	0.436	0.437
GABARAPL1	HSPA5	9606.ENSP00000411256	9606.ENSP00000324173	0	0	0	0	0.066	0.12	0	0.388	0.454
GABARAPL1	ULK1	9606.ENSP00000411256	9606.ENSP00000324560	0	0	0	0	0.19	0.83	0	0.943	0.991
GABARAPL1	TBK1	9606.ENSP00000411256	9606.ENSP00000329967	0	0	0	0	0.056	0.07	0	0.459	0.483
GABARAPL1	PIK3R4	9606.ENSP00000411256	9606.ENSP00000349205	0	0	0	0	0.056	0	0.5	0.828	0.912
GABARAPL1	BCL2L1	9606.ENSP00000411256	9606.ENSP00000365230	0	0	0	0	0.082	0	0	0.413	0.439
GABARAPL1	UBQLN1	9606.ENSP00000411256	9606.ENSP00000365576	0	0	0	0	0.106	0.052	0	0.679	0.704
GABARAPL1	HDAC6	9606.ENSP00000411256	9606.ENSP00000365804	0	0	0	0	0.063	0.071	0	0.419	0.451
GABARAPL1	OPTN	9606.ENSP00000411256	9606.ENSP00000368022	0	0	0	0	0.132	0.425	0.9	0.975	0.998
GABARAPL1	SQSTM1	9606.ENSP00000411256	9606.ENSP00000374455	0	0	0	0	0.127	0.827	0.9	0.996	0.999
GABARAPL1	BCL2	9606.ENSP00000411256	9606.ENSP00000381185	0	0	0	0	0.052	0	0	0.529	0.535
GABARAPL2	RB1CC1	9606.ENSP00000037243	9606.ENSP00000025008	0	0	0	0	0.057	0.375	0	0.928	0.953
GABARAPL2	CASP3	9606.ENSP00000037243	9606.ENSP00000311032	0	0	0	0	0.042	0	0	0.427	0.428
GABARAPL2	GRIA2	9606.ENSP00000037243	9606.ENSP00000296526	0	0	0	0	0.059	0	0	0.429	0.439
GABARAPL2	HDAC6	9606.ENSP00000037243	9606.ENSP00000365804	0	0	0	0	0.059	0.069	0	0.418	0.446
GABARAPL2	BCL2L1	9606.ENSP00000037243	9606.ENSP00000365230	0	0	0	0	0.119	0	0	0.412	0.46
GABARAPL2	HSPA5	9606.ENSP00000037243	9606.ENSP00000324173	0	0	0	0	0.06	0.186	0	0.374	0.48
GABARAPL2	TBK1	9606.ENSP00000037243	9606.ENSP00000329967	0	0	0	0	0.049	0.07	0	0.461	0.482
GABARAPL2	TP53	9606.ENSP00000037243	9606.ENSP00000269305	0	0	0	0	0	0.164	0	0.417	0.491
GABARAPL2	BCL2	9606.ENSP00000037243	9606.ENSP00000381185	0	0	0	0	0.052	0	0	0.522	0.528
GABARAPL2	UBQLN1	9606.ENSP00000037243	9606.ENSP00000365576	0	0	0	0	0.125	0.052	0	0.686	0.717
GABARAPL2	WIPI1	9606.ENSP00000037243	9606.ENSP00000262139	0	0	0	0	0.201	0.096	0	0.834	0.87
GABARAPL2	PIK3R4	9606.ENSP00000037243	9606.ENSP00000349205	0	0	0	0	0.063	0	0.5	0.828	0.912
GABARAPL2	WIPI2	9606.ENSP00000037243	9606.ENSP00000288828	0	0	0	0	0.206	0.096	0.5	0.852	0.94
GABARAPL2	GABARAPL1	9606.ENSP00000037243	9606.ENSP00000411256	0	0	0.071	0.937	0.073	0.204	0.9	0.411	0.952
GABARAPL2	PIK3C3	9606.ENSP00000037243	9606.ENSP00000262039	0	0	0	0	0.044	0	0.9	0.852	0.984
GABARAPL2	ATG14	9606.ENSP00000037243	9606.ENSP00000247178	0	0	0	0	0.06	0.513	0.9	0.895	0.994
GABARAPL2	ULK1	9606.ENSP00000037243	9606.ENSP00000324560	0	0	0	0	0.146	0.868	0	0.981	0.997
GABARAPL2	OPTN	9606.ENSP00000037243	9606.ENSP00000368022	0	0	0	0	0.162	0.425	0.9	0.975	0.998
GABARAPL2	SQSTM1	9606.ENSP00000037243	9606.ENSP00000374455	0	0	0	0	0.089	0.892	0.9	0.996	0.999
GLE1	NUP107	9606.ENSP00000308622	9606.ENSP00000229179	0	0	0	0	0.076	0.686	0.4	0.71	0.942
GLE1	NUP155	9606.ENSP00000308622	9606.ENSP00000231498	0	0	0	0	0.106	0.772	0.4	0.92	0.988
GLE1	NUP85	9606.ENSP00000308622	9606.ENSP00000245544	0	0	0	0	0.201	0.422	0.4	0.667	0.895
GLE1	FUS	9606.ENSP00000308622	9606.ENSP00000254108	0	0	0	0	0.108	0	0	0.404	0.445
GLE1	NUP210	9606.ENSP00000308622	9606.ENSP00000254508	0	0	0.207	0	0.049	0	0.4	0.462	0.724
GLE1	NUP54	9606.ENSP00000308622	9606.ENSP00000264883	0	0	0	0	0.167	0.642	0.4	0.626	0.924
GLE1	NUP205	9606.ENSP00000308622	9606.ENSP00000285968	0	0	0	0	0.098	0.427	0.4	0.667	0.883
GLE1	NUP35	9606.ENSP00000308622	9606.ENSP00000295119	0	0	0	0	0.138	0.361	0.4	0.632	0.862
GLE1	SRSF7	9606.ENSP00000308622	9606.ENSP00000325905	0	0	0	0	0.393	0	0	0.165	0.471
GLE1	SRSF3	9606.ENSP00000308622	9606.ENSP00000362820	0	0	0	0	0.428	0	0	0.157	0.497
GLE1	HNRNPA2B1	9606.ENSP00000308622	9606.ENSP00000346694	0	0	0	0	0.498	0	0	0.302	0.634
GLE1	NUP37	9606.ENSP00000308622	9606.ENSP00000448054	0	0	0	0	0.138	0.052	0.4	0.505	0.725
GLE1	NUP43	9606.ENSP00000308622	9606.ENSP00000342262	0	0	0	0	0.141	0	0.4	0.525	0.733
GLE1	NUP50	9606.ENSP00000308622	9606.ENSP00000345895	0	0	0	0	0.171	0	0.4	0.53	0.746
GLE1	NUP188	9606.ENSP00000308622	9606.ENSP00000361658	0	0	0	0	0.141	0	0.4	0.553	0.749
GLE1	SEC13	9606.ENSP00000308622	9606.ENSP00000373312	0	0	0	0	0.108	0	0.4	0.591	0.762
GLE1	NUP160	9606.ENSP00000308622	9606.ENSP00000367721	0	0	0	0	0.142	0	0.4	0.677	0.819
GLE1	ALYREF	9606.ENSP00000308622	9606.ENSP00000421592	0	0	0	0	0.43	0	0.4	0.575	0.842
GLE1	NUP98	9606.ENSP00000308622	9606.ENSP00000316032	0	0	0	0	0.141	0.59	0.4	0.652	0.916
GLE1	NUP153	9606.ENSP00000308622	9606.ENSP00000444029	0	0	0	0	0.067	0.626	0.4	0.679	0.924
GLE1	NUP62	9606.ENSP00000308622	9606.ENSP00000471191	0	0	0	0	0.067	0.622	0.4	0.689	0.925
GLE1	NUP88	9606.ENSP00000308622	9606.ENSP00000458954	0	0	0	0	0.082	0.412	0.4	0.852	0.945
GPX7	CAT	9606.ENSP00000354677	9606.ENSP00000241052	0.057	0	0	0	0.203	0.128	0	0.496	0.625
GPX7	TP53	9606.ENSP00000354677	9606.ENSP00000269305	0	0	0	0	0.043	0	0	0.605	0.606
GPX7	SOD1	9606.ENSP00000354677	9606.ENSP00000270142	0	0	0	0	0.126	0.091	0.301	0.828	0.891
GPX7	EIF2AK3	9606.ENSP00000354677	9606.ENSP00000307235	0	0	0	0	0.052	0	0	0.402	0.409
GPX7	CASP3	9606.ENSP00000354677	9606.ENSP00000311032	0	0	0	0	0.057	0	0	0.768	0.773
GPX7	HSPA5	9606.ENSP00000354677	9606.ENSP00000324173	0	0	0	0	0	0.292	0	0.464	0.604
GPX7	MAP3K5	9606.ENSP00000354677	9606.ENSP00000351908	0	0	0	0	0	0	0	0.418	0.418
GPX7	APAF1	9606.ENSP00000354677	9606.ENSP00000448165	0	0	0	0	0	0	0	0.444	0.444
GPX7	BCL2L1	9606.ENSP00000354677	9606.ENSP00000365230	0	0	0	0	0	0	0	0.499	0.499
GPX7	BCL2	9606.ENSP00000354677	9606.ENSP00000381185	0	0	0	0	0	0	0	0.731	0.731
GPX7	GPX8	9606.ENSP00000354677	9606.ENSP00000423822	0	0	0.068	0.945	0.146	0	0.9	0.082	0.917
GPX8	CAT	9606.ENSP00000423822	9606.ENSP00000241052	0.057	0	0	0	0.203	0.128	0	0.497	0.626
GPX8	TP53	9606.ENSP00000423822	9606.ENSP00000269305	0	0	0	0	0.062	0	0	0.609	0.618
GPX8	SOD1	9606.ENSP00000423822	9606.ENSP00000270142	0	0	0	0	0.126	0.091	0.301	0.826	0.89
GPX8	CASP3	9606.ENSP00000423822	9606.ENSP00000311032	0	0	0	0	0.052	0	0	0.771	0.773
GPX8	HSPA5	9606.ENSP00000423822	9606.ENSP00000324173	0	0	0	0	0	0	0	0.449	0.449
GPX8	MAP3K5	9606.ENSP00000423822	9606.ENSP00000351908	0	0	0	0	0	0	0	0.418	0.418
GPX8	GPX7	9606.ENSP00000423822	9606.ENSP00000354677	0	0	0.068	0.945	0.146	0	0.9	0.082	0.917
GPX8	BCL2L1	9606.ENSP00000423822	9606.ENSP00000365230	0	0	0	0	0	0	0	0.498	0.498
GPX8	BCL2	9606.ENSP00000423822	9606.ENSP00000381185	0	0	0	0	0	0	0	0.734	0.734
GPX8	APAF1	9606.ENSP00000423822	9606.ENSP00000448165	0	0	0	0	0	0	0	0.444	0.444
GRIA1	SLC1A2	9606.ENSP00000428994	9606.ENSP00000278379	0	0	0	0	0.186	0	0	0.631	0.687
GRIA1	GRIA2	9606.ENSP00000428994	9606.ENSP00000296526	0	0	0.052	0.973	0.261	0.98	0.9	0.982	0.999
GRIA1	SEC13	9606.ENSP00000428994	9606.ENSP00000373312	0	0	0	0	0	0	0.5	0	0.499
GRIA1	NEFL	9606.ENSP00000428994	9606.ENSP00000482169	0	0	0	0	0.17	0	0.5	0.25	0.661
GRIA2	GABARAPL2	9606.ENSP00000296526	9606.ENSP00000037243	0	0	0	0	0.059	0	0	0.429	0.439
GRIA2	SOD1	9606.ENSP00000296526	9606.ENSP00000270142	0	0	0	0	0	0	0	0.479	0.479
GRIA2	SLC1A2	9606.ENSP00000296526	9606.ENSP00000278379	0	0	0	0	0.267	0	0	0.587	0.685
GRIA2	NEFL	9606.ENSP00000296526	9606.ENSP00000482169	0	0	0	0	0.189	0	0.5	0.251	0.669
GRIA2	GRIA1	9606.ENSP00000296526	9606.ENSP00000428994	0	0	0.052	0.973	0.261	0.98	0.9	0.982	0.999
HDAC6	GABARAPL2	9606.ENSP00000365804	9606.ENSP00000037243	0	0	0	0	0.059	0.069	0	0.418	0.446
HDAC6	FUS	9606.ENSP00000365804	9606.ENSP00000254108	0	0	0	0	0.072	0.132	0	0.39	0.466
HDAC6	PIK3C3	9606.ENSP00000365804	9606.ENSP00000262039	0	0	0	0	0.095	0	0	0.37	0.406
HDAC6	TP53	9606.ENSP00000365804	9606.ENSP00000269305	0	0	0	0	0.074	0	0	0.587	0.602
HDAC6	SOD1	9606.ENSP00000365804	9606.ENSP00000270142	0	0	0	0	0.048	0.297	0	0.399	0.563
HDAC6	CASP3	9606.ENSP00000365804	9606.ENSP00000311032	0	0	0	0	0.042	0	0	0.494	0.494
HDAC6	HSPA5	9606.ENSP00000365804	9606.ENSP00000324173	0	0	0	0	0.042	0.39	0	0.543	0.71
HDAC6	ULK1	9606.ENSP00000365804	9606.ENSP00000324560	0	0	0	0	0.049	0.312	0	0.345	0.534
HDAC6	TUBB	9606.ENSP00000365804	9606.ENSP00000339001	0	0	0	0	0.053	0.429	0	0.202	0.531
HDAC6	BCL2L1	9606.ENSP00000365804	9606.ENSP00000365230	0	0	0	0	0.065	0	0	0.402	0.417
HDAC6	GABARAPL1	9606.ENSP00000365804	9606.ENSP00000411256	0	0	0	0	0.063	0.071	0	0.419	0.451
HDAC6	DDIT3	9606.ENSP00000365804	9606.ENSP00000448665	0	0	0	0	0.103	0.314	0	0.201	0.465
HDAC6	BCL2	9606.ENSP00000365804	9606.ENSP00000381185	0	0	0	0	0.052	0	0	0.473	0.479
HDAC6	SQSTM1	9606.ENSP00000365804	9606.ENSP00000374455	0	0	0	0	0.046	0.82	0	0.891	0.979
HNRNPA2B1	PSMA4	9606.ENSP00000346694	9606.ENSP00000044462	0	0	0	0	0.336	0.171	0	0.078	0.449
HNRNPA2B1	PSMC4	9606.ENSP00000346694	9606.ENSP00000157812	0	0	0	0	0.112	0.071	0	0.382	0.446
HNRNPA2B1	PFN1	9606.ENSP00000346694	9606.ENSP00000225655	0	0	0	0	0.096	0	0	0.406	0.44
HNRNPA2B1	FUS	9606.ENSP00000346694	9606.ENSP00000254108	0	0	0	0.578	0.387	0.589	0.4	0.943	0.99
HNRNPA2B1	TP53	9606.ENSP00000346694	9606.ENSP00000269305	0	0	0	0	0.057	0.196	0	0.393	0.499
HNRNPA2B1	SOD1	9606.ENSP00000346694	9606.ENSP00000270142	0	0	0	0	0.132	0	0	0.428	0.483
HNRNPA2B1	GLE1	9606.ENSP00000346694	9606.ENSP00000308622	0	0	0	0	0.498	0	0	0.302	0.634
HNRNPA2B1	HSPA5	9606.ENSP00000346694	9606.ENSP00000324173	0	0	0	0	0.128	0.168	0	0.273	0.427
HNRNPA2B1	SRSF7	9606.ENSP00000346694	9606.ENSP00000325905	0	0	0	0	0.722	0.125	0.4	0.682	0.947
HNRNPA2B1	TBK1	9606.ENSP00000346694	9606.ENSP00000329967	0	0	0	0	0.093	0.071	0	0.749	0.77
HNRNPA2B1	OPTN	9606.ENSP00000346694	9606.ENSP00000368022	0	0	0	0	0.055	0	0	0.399	0.408
HNRNPA2B1	APAF1	9606.ENSP00000346694	9606.ENSP00000448165	0	0	0	0	0.073	0.104	0	0.408	0.466
HNRNPA2B1	SQSTM1	9606.ENSP00000346694	9606.ENSP00000374455	0	0	0	0	0.042	0.211	0	0.406	0.512
HNRNPA2B1	ALYREF	9606.ENSP00000346694	9606.ENSP00000421592	0	0	0.348	0	0.667	0.133	0	0.425	0.877
HNRNPA2B1	SRSF3	9606.ENSP00000346694	9606.ENSP00000362820	0	0	0	0	0.806	0.274	0.4	0.755	0.976
HSPA5	GABARAPL2	9606.ENSP00000324173	9606.ENSP00000037243	0	0	0	0	0.06	0.186	0	0.374	0.48
HSPA5	MAPK12	9606.ENSP00000324173	9606.ENSP00000215659	0	0	0	0	0.109	0.091	0	0.48	0.542
HSPA5	XBP1	9606.ENSP00000324173	9606.ENSP00000216037	0	0	0	0	0.228	0.345	0	0.964	0.98
HSPA5	TUBB1	9606.ENSP00000324173	9606.ENSP00000217133	0	0	0	0	0.369	0.131	0	0.137	0.485
HSPA5	PSMA2	9606.ENSP00000324173	9606.ENSP00000223321	0	0	0	0	0.094	0.439	0	0.223	0.571
HSPA5	NUP107	9606.ENSP00000324173	9606.ENSP00000229179	0	0	0	0	0.062	0.071	0.4	0.047	0.435
HSPA5	NUP155	9606.ENSP00000324173	9606.ENSP00000231498	0	0	0	0	0.087	0	0.4	0.055	0.437
HSPA5	NUP85	9606.ENSP00000324173	9606.ENSP00000245544	0	0	0	0	0.118	0	0.4	0.051	0.454
HSPA5	NUP210	9606.ENSP00000324173	9606.ENSP00000254508	0	0	0	0	0.086	0.166	0.4	0.053	0.509
HSPA5	DERL1	9606.ENSP00000324173	9606.ENSP00000259512	0	0	0	0	0.131	0.954	0	0.6	0.982
HSPA5	PIK3C3	9606.ENSP00000324173	9606.ENSP00000262039	0	0	0	0	0.042	0.295	0	0.817	0.865
HSPA5	NUP54	9606.ENSP00000324173	9606.ENSP00000264883	0	0	0	0	0.068	0.071	0.4	0	0.435
HSPA5	TP53	9606.ENSP00000324173	9606.ENSP00000269305	0	0	0	0	0.05	0.593	0	0.582	0.824
HSPA5	SOD1	9606.ENSP00000324173	9606.ENSP00000270142	0	0	0	0	0.093	0.236	0.9	0.691	0.975
HSPA5	NUP205	9606.ENSP00000324173	9606.ENSP00000285968	0	0	0	0	0.045	0.071	0.4	0	0.421
HSPA5	NUP35	9606.ENSP00000324173	9606.ENSP00000295119	0	0	0	0	0.042	0	0.4	0	0.4
HSPA5	EIF2AK3	9606.ENSP00000324173	9606.ENSP00000307235	0	0	0	0	0.088	0.823	0.9	0.999	0.999
HSPA5	CASP3	9606.ENSP00000324173	9606.ENSP00000311032	0	0	0	0	0.044	0.069	0	0.786	0.793
HSPA5	NUP98	9606.ENSP00000324173	9606.ENSP00000316032	0	0	0	0	0.081	0.101	0.4	0	0.461
HSPA5	NUP188	9606.ENSP00000324173	9606.ENSP00000361658	0	0	0	0	0.042	0	0.4	0	0.4
HSPA5	NUP43	9606.ENSP00000324173	9606.ENSP00000342262	0	0	0	0	0.042	0	0.4	0.061	0.413
HSPA5	NUP160	9606.ENSP00000324173	9606.ENSP00000367721	0	0	0	0	0.044	0	0.4	0.064	0.416
HSPA5	NUP50	9606.ENSP00000324173	9606.ENSP00000345895	0	0	0	0	0.057	0	0.4	0.058	0.421
HSPA5	HNRNPA2B1	9606.ENSP00000324173	9606.ENSP00000346694	0	0	0	0	0.128	0.168	0	0.273	0.427
HSPA5	NUP153	9606.ENSP00000324173	9606.ENSP00000444029	0	0	0	0	0.044	0.094	0.4	0.056	0.443
HSPA5	GPX8	9606.ENSP00000324173	9606.ENSP00000423822	0	0	0	0	0	0	0	0.449	0.449
HSPA5	NUP37	9606.ENSP00000324173	9606.ENSP00000448054	0	0	0	0	0.042	0.103	0.4	0.064	0.452
HSPA5	GABARAPL1	9606.ENSP00000324173	9606.ENSP00000411256	0	0	0	0	0.066	0.12	0	0.388	0.454
HSPA5	PSMD14	9606.ENSP00000324173	9606.ENSP00000386541	0	0	0	0	0.155	0.277	0	0.181	0.456
HSPA5	ACTG1	9606.ENSP00000324173	9606.ENSP00000458162	0	0	0	0	0.123	0.158	0	0.346	0.475
HSPA5	APAF1	9606.ENSP00000324173	9606.ENSP00000448165	0	0	0	0	0.082	0	0	0.451	0.475
HSPA5	NUP62	9606.ENSP00000324173	9606.ENSP00000471191	0	0	0	0	0.042	0.167	0.4	0.097	0.509
HSPA5	UBQLN4	9606.ENSP00000324173	9606.ENSP00000357292	0	0	0	0	0.074	0.466	0	0.17	0.554
HSPA5	BCL2L1	9606.ENSP00000324173	9606.ENSP00000365230	0	0	0	0	0.042	0	0	0.571	0.571
HSPA5	SEC13	9606.ENSP00000324173	9606.ENSP00000373312	0	0	0	0	0.094	0	0.4	0.31	0.592
HSPA5	TUBB	9606.ENSP00000324173	9606.ENSP00000339001	0	0	0	0	0.378	0.131	0	0.307	0.593
HSPA5	GPX7	9606.ENSP00000324173	9606.ENSP00000354677	0	0	0	0	0	0.292	0	0.464	0.604
HSPA5	NUP88	9606.ENSP00000324173	9606.ENSP00000458954	0	0	0	0	0.045	0	0.4	0.397	0.624
HSPA5	HDAC6	9606.ENSP00000324173	9606.ENSP00000365804	0	0	0	0	0.042	0.39	0	0.543	0.71
HSPA5	MAP3K5	9606.ENSP00000324173	9606.ENSP00000351908	0	0	0	0	0	0	0	0.723	0.723
HSPA5	ITPR3	9606.ENSP00000324173	9606.ENSP00000363435	0	0	0	0	0.042	0	0	0.728	0.728
HSPA5	BCL2	9606.ENSP00000324173	9606.ENSP00000381185	0	0	0	0	0	0	0	0.738	0.738
HSPA5	DDIT3	9606.ENSP00000324173	9606.ENSP00000448665	0	0	0	0	0.057	0.294	0	0.891	0.921
HSPA5	SQSTM1	9606.ENSP00000324173	9606.ENSP00000374455	0	0	0	0	0.049	0.821	0	0.708	0.946
HSPA5	ATF4	9606.ENSP00000324173	9606.ENSP00000336790	0	0	0	0	0.1	0	0.75	0.897	0.975
HSPA5	ATF6	9606.ENSP00000324173	9606.ENSP00000356919	0	0	0	0	0.074	0.301	0.9	0.999	0.999
HSPA5	ERN1	9606.ENSP00000324173	9606.ENSP00000401445	0	0	0	0	0.057	0.912	0.9	0.999	0.999
ITPR3	XBP1	9606.ENSP00000363435	9606.ENSP00000216037	0	0	0	0	0.044	0	0	0.501	0.502
ITPR3	PPP3R1	9606.ENSP00000363435	9606.ENSP00000234310	0	0	0	0	0.044	0.045	0.5	0.148	0.559
ITPR3	NDUFA2	9606.ENSP00000363435	9606.ENSP00000252102	0	0	0	0	0.042	0	0	0.404	0.404
ITPR3	NDUFA10	9606.ENSP00000363435	9606.ENSP00000252711	0	0	0	0	0.042	0	0	0.412	0.412
ITPR3	EIF2AK3	9606.ENSP00000363435	9606.ENSP00000307235	0	0	0	0	0.049	0	0	0.454	0.458
ITPR3	CASP3	9606.ENSP00000363435	9606.ENSP00000311032	0	0	0	0	0.042	0	0	0.437	0.438
ITPR3	HSPA5	9606.ENSP00000363435	9606.ENSP00000324173	0	0	0	0	0.042	0	0	0.728	0.728
ITPR3	NDUFA4	9606.ENSP00000363435	9606.ENSP00000339720	0	0	0	0	0.042	0	0	0.426	0.426
ITPR3	ATF6	9606.ENSP00000363435	9606.ENSP00000356919	0	0	0	0	0	0	0	0.537	0.537
ITPR3	MCU	9606.ENSP00000363435	9606.ENSP00000362144	0	0	0	0	0.049	0	0	0.883	0.884
ITPR3	DDIT3	9606.ENSP00000363435	9606.ENSP00000448665	0	0	0	0	0	0	0	0.463	0.463
ITPR3	ERN1	9606.ENSP00000363435	9606.ENSP00000401445	0	0	0	0	0.049	0	0	0.741	0.743
ITPR3	BCL2L1	9606.ENSP00000363435	9606.ENSP00000365230	0	0	0	0	0.072	0	0	0.94	0.942
ITPR3	BCL2	9606.ENSP00000363435	9606.ENSP00000381185	0	0	0	0	0.043	0.292	0	0.991	0.993
KLC4	NEFM	9606.ENSP00000259708	9606.ENSP00000221166	0	0	0	0	0	0.099	0.9	0.098	0.911
KLC4	NRG1	9606.ENSP00000259708	9606.ENSP00000287842	0	0	0	0	0	0.054	0	0.43	0.437
KLC4	DCTN2	9606.ENSP00000259708	9606.ENSP00000408910	0	0	0	0	0.049	0.073	0.5	0.432	0.716
KLC4	NEFH	9606.ENSP00000259708	9606.ENSP00000311997	0	0	0	0	0	0.099	0.9	0.137	0.915
KLC4	NEFL	9606.ENSP00000259708	9606.ENSP00000482169	0	0	0	0	0	0.099	0.9	0.159	0.917
MAP2K6	MAPK12	9606.ENSP00000468348	9606.ENSP00000215659	0	0	0.15	0.611	0.055	0.666	0.9	0.386	0.98
MAP2K6	TP53	9606.ENSP00000468348	9606.ENSP00000269305	0	0	0	0	0.103	0	0	0.378	0.418
MAP2K6	MAP3K5	9606.ENSP00000468348	9606.ENSP00000351908	0	0	0	0.64	0.082	0.842	0.9	0.605	0.993
MAP3K5	RB1CC1	9606.ENSP00000351908	9606.ENSP00000025008	0	0	0	0	0.05	0.301	0	0.879	0.912
MAP3K5	PSMC4	9606.ENSP00000351908	9606.ENSP00000157812	0	0	0	0	0	0.292	0	0.187	0.4
MAP3K5	MAPK12	9606.ENSP00000351908	9606.ENSP00000215659	0	0	0	0.646	0.065	0.071	0.9	0.245	0.925
MAP3K5	XBP1	9606.ENSP00000351908	9606.ENSP00000216037	0	0	0	0	0	0	0	0.758	0.758
MAP3K5	PPP3R1	9606.ENSP00000351908	9606.ENSP00000234310	0	0	0	0	0.067	0.301	0	0.181	0.42
MAP3K5	DERL1	9606.ENSP00000351908	9606.ENSP00000259512	0	0	0	0	0	0	0	0.415	0.414
MAP3K5	DAXX	9606.ENSP00000351908	9606.ENSP00000266000	0	0	0	0	0	0.858	0.9	0.993	0.999
MAP3K5	TP53	9606.ENSP00000351908	9606.ENSP00000269305	0	0	0	0	0	0	0	0.597	0.597
MAP3K5	SOD1	9606.ENSP00000351908	9606.ENSP00000270142	0	0	0	0	0	0	0	0.721	0.721
MAP3K5	EIF2AK3	9606.ENSP00000351908	9606.ENSP00000307235	0	0	0	0	0.077	0	0	0.584	0.6
MAP3K5	CASP3	9606.ENSP00000351908	9606.ENSP00000311032	0	0	0	0	0.113	0	0	0.674	0.699
MAP3K5	HSPA5	9606.ENSP00000351908	9606.ENSP00000324173	0	0	0	0	0	0	0	0.723	0.723
MAP3K5	ATF4	9606.ENSP00000351908	9606.ENSP00000336790	0	0	0	0	0	0	0	0.513	0.513
MAP3K5	GPX7	9606.ENSP00000351908	9606.ENSP00000354677	0	0	0	0	0	0	0	0.418	0.418
MAP3K5	GPX8	9606.ENSP00000351908	9606.ENSP00000423822	0	0	0	0	0	0	0	0.418	0.418
MAP3K5	APAF1	9606.ENSP00000351908	9606.ENSP00000448165	0	0	0	0	0.049	0	0	0.453	0.458
MAP3K5	BCL2L1	9606.ENSP00000351908	9606.ENSP00000365230	0	0	0	0	0.052	0	0	0.537	0.543
MAP3K5	DDIT3	9606.ENSP00000351908	9606.ENSP00000448665	0	0	0	0	0.087	0	0	0.603	0.622
MAP3K5	ATF6	9606.ENSP00000351908	9606.ENSP00000356919	0	0	0	0	0.063	0	0	0.706	0.712
MAP3K5	BCL2	9606.ENSP00000351908	9606.ENSP00000381185	0	0	0	0	0.107	0	0	0.736	0.755
MAP3K5	MAP2K6	9606.ENSP00000351908	9606.ENSP00000468348	0	0	0	0.64	0.082	0.842	0.9	0.605	0.993
MAP3K5	ERN1	9606.ENSP00000351908	9606.ENSP00000401445	0	0	0	0.55	0.069	0.686	0.9	0.988	0.999
MAPK12	BCL2	9606.ENSP00000215659	9606.ENSP00000381185	0	0	0	0	0.055	0	0	0.412	0.421
MAPK12	CASP3	9606.ENSP00000215659	9606.ENSP00000311032	0	0	0	0	0.058	0.045	0	0.469	0.481
MAPK12	SQSTM1	9606.ENSP00000215659	9606.ENSP00000374455	0	0	0	0	0.07	0.068	0	0.456	0.487
MAPK12	HSPA5	9606.ENSP00000215659	9606.ENSP00000324173	0	0	0	0	0.109	0.091	0	0.48	0.542
MAPK12	NEFM	9606.ENSP00000215659	9606.ENSP00000221166	0	0	0	0	0.062	0.068	0.9	0.069	0.907
MAPK12	NEFH	9606.ENSP00000215659	9606.ENSP00000311997	0	0	0	0	0.063	0.068	0.9	0.095	0.91
MAPK12	NEFL	9606.ENSP00000215659	9606.ENSP00000482169	0	0	0	0	0.062	0.068	0.9	0.094	0.91
MAPK12	DDIT3	9606.ENSP00000215659	9606.ENSP00000448665	0	0	0	0	0.074	0.08	0.9	0.218	0.924
MAPK12	MAP3K5	9606.ENSP00000215659	9606.ENSP00000351908	0	0	0	0.646	0.065	0.071	0.9	0.245	0.925
MAPK12	TP53	9606.ENSP00000215659	9606.ENSP00000269305	0	0	0	0	0.052	0.046	0.9	0.473	0.946
MAPK12	MAP2K6	9606.ENSP00000215659	9606.ENSP00000468348	0	0	0.15	0.611	0.055	0.666	0.9	0.386	0.98
MCU	NDUFA9	9606.ENSP00000362144	9606.ENSP00000266544	0	0	0	0	0.073	0.669	0	0.135	0.711
MCU	NDUFB10	9606.ENSP00000362144	9606.ENSP00000268668	0	0	0	0	0.056	0	0	0.414	0.423
MCU	ITPR3	9606.ENSP00000362144	9606.ENSP00000363435	0	0	0	0	0.049	0	0	0.883	0.884
NDUFA1	UQCRC1	9606.ENSP00000360492	9606.ENSP00000203407	0	0	0	0	0.129	0.844	0	0.473	0.922
NDUFA1	COX6A1	9606.ENSP00000360492	9606.ENSP00000229379	0	0	0	0	0.398	0.258	0	0.47	0.742
NDUFA1	NDUFA2	9606.ENSP00000360492	9606.ENSP00000252102	0	0	0	0	0.598	0.915	0.967	0.9	0.999
NDUFA1	NDUFA10	9606.ENSP00000360492	9606.ENSP00000252711	0	0	0	0	0.067	0.914	0.967	0.805	0.999
NDUFA1	NDUFA9	9606.ENSP00000360492	9606.ENSP00000266544	0	0	0	0	0.165	0.936	0.944	0.601	0.998
NDUFA1	NDUFB10	9606.ENSP00000360492	9606.ENSP00000268668	0	0	0	0	0.302	0.941	0.967	0.584	0.999
NDUFA1	NDUFS6	9606.ENSP00000360492	9606.ENSP00000274137	0	0	0	0	0.629	0.943	0.967	0.894	0.999
NDUFA1	CYC1	9606.ENSP00000360492	9606.ENSP00000317159	0	0	0	0	0.14	0.83	0	0.205	0.873
NDUFA1	NDUFA12	9606.ENSP00000360492	9606.ENSP00000330737	0	0	0	0	0.496	0.938	0.967	0.709	0.999
NDUFA1	UQCR10	9606.ENSP00000360492	9606.ENSP00000332887	0	0	0	0	0.756	0.83	0	0.526	0.978
NDUFA1	NDUFA4	9606.ENSP00000360492	9606.ENSP00000339720	0	0	0	0	0.579	0	0.944	0.808	0.995
NDUFA1	SDHC	9606.ENSP00000360492	9606.ENSP00000356953	0	0	0	0	0.198	0	0	0.528	0.605
NDUFA1	UQCRHL	9606.ENSP00000360492	9606.ENSP00000485401	0	0	0	0	0.304	0.252	0	0.109	0.496
NDUFA1	NDUFA4L2	9606.ENSP00000360492	9606.ENSP00000377411	0	0	0	0	0.297	0	0.467	0.29	0.71
NDUFA1	UQCRB	9606.ENSP00000360492	9606.ENSP00000430494	0	0	0	0	0.486	0.812	0	0.508	0.948
NDUFA1	UQCR11	9606.ENSP00000360492	9606.ENSP00000467262	0	0	0	0	0.676	0.83	0	0.575	0.974
NDUFA1	COX6B1	9606.ENSP00000360492	9606.ENSP00000466818	0	0	0	0	0.789	0.845	0	0.433	0.979
NDUFA1	NDUFB1	9606.ENSP00000360492	9606.ENSP00000483888	0	0	0	0	0.522	0.94	0.9	0.788	0.999
NDUFA1	NDUFB2	9606.ENSP00000360492	9606.ENSP00000419087	0	0	0	0	0.455	0.919	0.967	0.592	0.999
NDUFA1	NDUFA3	9606.ENSP00000360492	9606.ENSP00000418438	0	0	0	0	0.493	0.92	0.967	0.756	0.999
NDUFA1	NDUFS1	9606.ENSP00000360492	9606.ENSP00000392709	0	0	0	0	0.049	0.939	0.967	0.818	0.999
NDUFA1	NDUFB3	9606.ENSP00000360492	9606.ENSP00000407336	0	0	0	0	0.848	0.92	0.967	0.768	0.999
NDUFA10	UQCRC1	9606.ENSP00000252711	9606.ENSP00000203407	0	0	0	0	0.924	0.867	0.134	0.671	0.996
NDUFA10	COX6A1	9606.ENSP00000252711	9606.ENSP00000229379	0	0	0	0	0.128	0.353	0	0.341	0.596
NDUFA10	NDUFA2	9606.ENSP00000252711	9606.ENSP00000252102	0	0	0	0	0.226	0.998	0.967	0.947	0.999
NDUFA10	ITPR3	9606.ENSP00000252711	9606.ENSP00000363435	0	0	0	0	0.042	0	0	0.412	0.412
NDUFA10	UQCRHL	9606.ENSP00000252711	9606.ENSP00000485401	0	0	0	0	0.124	0.312	0.163	0.115	0.493
NDUFA10	NDUFA4L2	9606.ENSP00000252711	9606.ENSP00000377411	0	0	0	0	0.106	0.07	0.467	0.142	0.569
NDUFA10	SDHC	9606.ENSP00000252711	9606.ENSP00000356953	0	0	0	0	0.473	0	0	0.266	0.597
NDUFA10	UQCR10	9606.ENSP00000252711	9606.ENSP00000332887	0	0	0	0	0.208	0.866	0	0.146	0.902
NDUFA10	UQCR11	9606.ENSP00000252711	9606.ENSP00000467262	0	0	0	0	0.304	0.844	0	0.321	0.92
NDUFA10	COX6B1	9606.ENSP00000252711	9606.ENSP00000466818	0	0	0	0	0.216	0.895	0	0.423	0.948
NDUFA10	UQCRB	9606.ENSP00000252711	9606.ENSP00000430494	0	0	0	0	0.245	0.922	0	0.306	0.956
NDUFA10	CYC1	9606.ENSP00000252711	9606.ENSP00000317159	0	0	0	0	0.675	0.898	0	0.467	0.98
NDUFA10	NDUFA4	9606.ENSP00000252711	9606.ENSP00000339720	0	0	0	0	0.166	0.251	0.944	0.698	0.988
NDUFA10	NDUFB1	9606.ENSP00000252711	9606.ENSP00000483888	0	0	0	0	0.099	0.894	0.9	0.536	0.995
NDUFA10	NDUFB3	9606.ENSP00000252711	9606.ENSP00000407336	0	0	0	0	0.216	0.936	0.967	0.709	0.999
NDUFA10	NDUFS1	9606.ENSP00000252711	9606.ENSP00000392709	0	0	0	0	0.496	0.95	0.967	0.881	0.999
NDUFA10	NDUFB2	9606.ENSP00000252711	9606.ENSP00000419087	0	0	0	0	0.151	0.813	0.967	0.918	0.999
NDUFA10	NDUFA12	9606.ENSP00000252711	9606.ENSP00000330737	0	0	0	0	0.35	0.937	0.967	0.559	0.999
NDUFA10	NDUFA9	9606.ENSP00000252711	9606.ENSP00000266544	0	0	0	0	0.867	0.998	0.944	0.886	0.999
NDUFA10	NDUFS6	9606.ENSP00000252711	9606.ENSP00000274137	0	0	0	0	0.351	0.918	0.967	0.711	0.999
NDUFA10	NDUFA1	9606.ENSP00000252711	9606.ENSP00000360492	0	0	0	0	0.067	0.914	0.967	0.805	0.999
NDUFA10	NDUFA3	9606.ENSP00000252711	9606.ENSP00000418438	0	0	0	0	0.167	0.921	0.967	0.678	0.999
NDUFA10	NDUFB10	9606.ENSP00000252711	9606.ENSP00000268668	0	0	0	0	0.528	0.957	0.967	0.98	0.999
NDUFA12	UQCRC1	9606.ENSP00000330737	9606.ENSP00000203407	0	0	0	0	0.328	0.999	0	0.41	0.999
NDUFA12	COX6A1	9606.ENSP00000330737	9606.ENSP00000229379	0	0	0	0	0.645	0.314	0	0.486	0.864
NDUFA12	NDUFA2	9606.ENSP00000330737	9606.ENSP00000252102	0	0	0	0	0.965	0.998	0.967	0.814	0.999
NDUFA12	NDUFA10	9606.ENSP00000330737	9606.ENSP00000252711	0	0	0	0	0.35	0.937	0.967	0.559	0.999
NDUFA12	NDUFA9	9606.ENSP00000330737	9606.ENSP00000266544	0	0	0	0	0.896	0.999	0.944	0.66	0.999
NDUFA12	NDUFB10	9606.ENSP00000330737	9606.ENSP00000268668	0	0	0	0	0.862	0.998	0.967	0.765	0.999
NDUFA12	NDUFS6	9606.ENSP00000330737	9606.ENSP00000274137	0	0	0	0	0.949	0.999	0.967	0.828	0.999
NDUFA12	CYC1	9606.ENSP00000330737	9606.ENSP00000317159	0	0	0	0	0.678	0.993	0.172	0.196	0.998
NDUFA12	NDUFA4L2	9606.ENSP00000330737	9606.ENSP00000377411	0	0	0	0	0.823	0.051	0.467	0.185	0.917
NDUFA12	UQCRHL	9606.ENSP00000330737	9606.ENSP00000485401	0	0	0	0	0.703	0.761	0.163	0.166	0.943
NDUFA12	SDHC	9606.ENSP00000330737	9606.ENSP00000356953	0	0	0	0	0.941	0	0	0.205	0.951
NDUFA12	COX6B1	9606.ENSP00000330737	9606.ENSP00000466818	0	0	0	0	0.734	0.873	0	0.359	0.976
NDUFA12	UQCR11	9606.ENSP00000330737	9606.ENSP00000467262	0	0	0	0	0.945	0.83	0	0.467	0.994
NDUFA12	NDUFB2	9606.ENSP00000330737	9606.ENSP00000419087	0	0	0	0	0.262	0.812	0.967	0.365	0.996
NDUFA12	NDUFB1	9606.ENSP00000330737	9606.ENSP00000483888	0	0	0	0	0.609	0.894	0.9	0.479	0.997
NDUFA12	NDUFA4	9606.ENSP00000330737	9606.ENSP00000339720	0	0	0	0	0.895	0.736	0.944	0.745	0.999
NDUFA12	NDUFB3	9606.ENSP00000330737	9606.ENSP00000407336	0	0	0	0	0.966	0.998	0.967	0.606	0.999
NDUFA12	NDUFS1	9606.ENSP00000330737	9606.ENSP00000392709	0	0	0	0	0.715	0.999	0.967	0.885	0.999
NDUFA12	UQCRB	9606.ENSP00000330737	9606.ENSP00000430494	0	0	0	0	0.973	0.981	0.172	0.342	0.999
NDUFA12	NDUFA3	9606.ENSP00000330737	9606.ENSP00000418438	0	0	0	0	0.546	0.894	0.967	0.635	0.999
NDUFA12	NDUFA1	9606.ENSP00000330737	9606.ENSP00000360492	0	0	0	0	0.496	0.938	0.967	0.709	0.999
NDUFA12	UQCR10	9606.ENSP00000330737	9606.ENSP00000332887	0	0	0	0	0.961	0.967	0	0.446	0.999
NDUFA2	UQCRC1	9606.ENSP00000252102	9606.ENSP00000203407	0	0	0	0	0.246	0.964	0.154	0.706	0.992
NDUFA2	COX6A1	9606.ENSP00000252102	9606.ENSP00000229379	0	0	0	0	0.43	0.353	0	0.456	0.782
NDUFA2	ITPR3	9606.ENSP00000252102	9606.ENSP00000363435	0	0	0	0	0.042	0	0	0.404	0.404
NDUFA2	TOMM40	9606.ENSP00000252102	9606.ENSP00000410339	0	0	0	0	0.111	0.361	0	0.091	0.439
NDUFA2	NDUFA4L2	9606.ENSP00000252102	9606.ENSP00000377411	0	0	0	0	0.328	0.047	0.467	0.332	0.741
NDUFA2	SDHC	9606.ENSP00000252102	9606.ENSP00000356953	0	0	0	0	0.873	0	0	0.304	0.908
NDUFA2	UQCRHL	9606.ENSP00000252102	9606.ENSP00000485401	0	0	0	0	0.821	0.799	0.237	0.194	0.974
NDUFA2	COX6B1	9606.ENSP00000252102	9606.ENSP00000466818	0	0	0	0	0.754	0.874	0	0.466	0.982
NDUFA2	UQCR11	9606.ENSP00000252102	9606.ENSP00000467262	0	0	0	0	0.935	0.83	0	0.51	0.994
NDUFA2	CYC1	9606.ENSP00000252102	9606.ENSP00000317159	0	0	0	0	0.473	0.988	0.172	0.091	0.994
NDUFA2	UQCRB	9606.ENSP00000252102	9606.ENSP00000430494	0	0	0	0	0.86	0.967	0.284	0.382	0.997
NDUFA2	NDUFB1	9606.ENSP00000252102	9606.ENSP00000483888	0	0	0	0	0.999	0.894	0.9	0.92	0.999
NDUFA2	NDUFA10	9606.ENSP00000252102	9606.ENSP00000252711	0	0	0	0	0.226	0.998	0.967	0.947	0.999
NDUFA2	UQCR10	9606.ENSP00000252102	9606.ENSP00000332887	0	0	0	0	0.955	0.967	0.284	0.464	0.999
NDUFA2	NDUFB10	9606.ENSP00000252102	9606.ENSP00000268668	0	0	0	0	0.606	0.998	0.967	0.868	0.999
NDUFA2	NDUFA3	9606.ENSP00000252102	9606.ENSP00000418438	0	0	0	0	0.823	0.912	0.967	0.937	0.999
NDUFA2	NDUFA1	9606.ENSP00000252102	9606.ENSP00000360492	0	0	0	0	0.598	0.915	0.967	0.9	0.999
NDUFA2	NDUFA9	9606.ENSP00000252102	9606.ENSP00000266544	0	0	0	0	0.72	0.999	0.944	0.925	0.999
NDUFA2	NDUFS6	9606.ENSP00000252102	9606.ENSP00000274137	0	0	0	0	0.954	0.998	0.967	0.949	0.999
NDUFA2	NDUFA12	9606.ENSP00000252102	9606.ENSP00000330737	0	0	0	0	0.965	0.998	0.967	0.814	0.999
NDUFA2	NDUFB2	9606.ENSP00000252102	9606.ENSP00000419087	0	0	0	0	0.785	0.812	0.967	0.817	0.999
NDUFA2	NDUFA4	9606.ENSP00000252102	9606.ENSP00000339720	0	0	0	0	0.468	0.994	0.944	0.963	0.999
NDUFA2	NDUFS1	9606.ENSP00000252102	9606.ENSP00000392709	0	0	0	0	0.715	0.999	0.967	0.989	0.999
NDUFA2	NDUFB3	9606.ENSP00000252102	9606.ENSP00000407336	0	0	0	0	0.922	0.998	0.967	0.92	0.999
NDUFA3	UQCRC1	9606.ENSP00000418438	9606.ENSP00000203407	0	0	0	0	0.297	0.867	0	0.403	0.939
NDUFA3	COX6A1	9606.ENSP00000418438	9606.ENSP00000229379	0	0	0	0	0.254	0.258	0	0.352	0.61
NDUFA3	NDUFA2	9606.ENSP00000418438	9606.ENSP00000252102	0	0	0	0	0.823	0.912	0.967	0.937	0.999
NDUFA3	NDUFA10	9606.ENSP00000418438	9606.ENSP00000252711	0	0	0	0	0.167	0.921	0.967	0.678	0.999
NDUFA3	NDUFA9	9606.ENSP00000418438	9606.ENSP00000266544	0	0	0	0	0.441	0.929	0.944	0.665	0.999
NDUFA3	NDUFB10	9606.ENSP00000418438	9606.ENSP00000268668	0	0	0	0	0.428	0.894	0.967	0.545	0.999
NDUFA3	NDUFS6	9606.ENSP00000418438	9606.ENSP00000274137	0	0	0	0	0.683	0.928	0.967	0.505	0.999
NDUFA3	CYC1	9606.ENSP00000418438	9606.ENSP00000317159	0	0	0	0	0.224	0.867	0	0.123	0.901
NDUFA3	NDUFA12	9606.ENSP00000418438	9606.ENSP00000330737	0	0	0	0	0.546	0.894	0.967	0.635	0.999
NDUFA3	UQCR10	9606.ENSP00000418438	9606.ENSP00000332887	0	0	0	0	0.729	0.871	0	0.449	0.979
NDUFA3	NDUFA4	9606.ENSP00000418438	9606.ENSP00000339720	0	0	0	0	0.258	0.091	0.944	0.69	0.986
NDUFA3	SDHC	9606.ENSP00000418438	9606.ENSP00000356953	0	0	0	0	0.304	0	0	0.228	0.44
NDUFA3	NDUFA1	9606.ENSP00000418438	9606.ENSP00000360492	0	0	0	0	0.493	0.92	0.967	0.756	0.999
NDUFA3	NDUFA4L2	9606.ENSP00000418438	9606.ENSP00000377411	0	0	0	0	0.194	0.091	0.467	0.186	0.639
NDUFA3	NDUFS1	9606.ENSP00000418438	9606.ENSP00000392709	0	0	0	0	0.164	0.918	0.967	0.598	0.999
NDUFA3	NDUFB3	9606.ENSP00000418438	9606.ENSP00000407336	0	0	0	0	0.585	0.935	0.967	0.72	0.999
NDUFA3	UQCRHL	9606.ENSP00000418438	9606.ENSP00000485401	0	0	0	0	0.291	0.38	0	0.102	0.57
NDUFA3	UQCRB	9606.ENSP00000418438	9606.ENSP00000430494	0	0	0	0	0.278	0.826	0	0.312	0.906
NDUFA3	COX6B1	9606.ENSP00000418438	9606.ENSP00000466818	0	0	0	0	0.703	0.851	0	0.478	0.974
NDUFA3	UQCR11	9606.ENSP00000418438	9606.ENSP00000467262	0	0	0	0	0.925	0.83	0	0.575	0.994
NDUFA3	NDUFB2	9606.ENSP00000418438	9606.ENSP00000419087	0	0	0	0	0.198	0.812	0.967	0.37	0.996
NDUFA3	NDUFB1	9606.ENSP00000418438	9606.ENSP00000483888	0	0	0	0	0.25	0.894	0.9	0.552	0.996
NDUFA4	UQCRC1	9606.ENSP00000339720	9606.ENSP00000203407	0	0	0	0	0.157	0.244	0.54	0.669	0.89
NDUFA4	COX6A1	9606.ENSP00000339720	9606.ENSP00000229379	0	0	0	0	0.398	0.838	0.8	0.914	0.998
NDUFA4	NDUFA2	9606.ENSP00000339720	9606.ENSP00000252102	0	0	0	0	0.468	0.994	0.944	0.963	0.999
NDUFA4	NDUFA10	9606.ENSP00000339720	9606.ENSP00000252711	0	0	0	0	0.166	0.251	0.944	0.698	0.988
NDUFA4	NDUFA9	9606.ENSP00000339720	9606.ENSP00000266544	0	0	0	0	0.248	0.33	0.933	0.697	0.988
NDUFA4	NDUFB10	9606.ENSP00000339720	9606.ENSP00000268668	0	0	0	0	0.401	0.252	0.944	0.633	0.989
NDUFA4	NDUFS6	9606.ENSP00000339720	9606.ENSP00000274137	0	0	0	0	0.334	0.244	0.944	0.637	0.988
NDUFA4	CYC1	9606.ENSP00000339720	9606.ENSP00000317159	0	0	0	0	0.145	0.338	0.54	0.287	0.789
NDUFA4	NDUFA12	9606.ENSP00000339720	9606.ENSP00000330737	0	0	0	0	0.895	0.736	0.944	0.745	0.999
NDUFA4	UQCR10	9606.ENSP00000339720	9606.ENSP00000332887	0	0	0	0	0.823	0.088	0.54	0.539	0.961
NDUFA4	BCL2	9606.ENSP00000339720	9606.ENSP00000381185	0	0	0	0	0	0	0	0.423	0.422
NDUFA4	ITPR3	9606.ENSP00000339720	9606.ENSP00000363435	0	0	0	0	0.042	0	0	0.426	0.426
NDUFA4	TOMM40	9606.ENSP00000339720	9606.ENSP00000410339	0	0	0	0	0.047	0.33	0	0.182	0.432
NDUFA4	SDHC	9606.ENSP00000339720	9606.ENSP00000356953	0	0	0	0	0.205	0	0	0.341	0.454
NDUFA4	UQCRHL	9606.ENSP00000339720	9606.ENSP00000485401	0	0	0	0	0.522	0.092	0.54	0.308	0.843
NDUFA4	NDUFA4L2	9606.ENSP00000339720	9606.ENSP00000377411	0	0	0.059	0.952	0	0	0.9	0.063	0.904
NDUFA4	UQCRB	9606.ENSP00000339720	9606.ENSP00000430494	0	0	0	0	0.694	0.225	0.54	0.527	0.941
NDUFA4	UQCR11	9606.ENSP00000339720	9606.ENSP00000467262	0	0	0	0	0.784	0	0.54	0.618	0.958
NDUFA4	NDUFS1	9606.ENSP00000339720	9606.ENSP00000392709	0	0	0	0	0.063	0.249	0.944	0.632	0.983
NDUFA4	NDUFB1	9606.ENSP00000339720	9606.ENSP00000483888	0	0	0	0	0.309	0.228	0.9	0.75	0.984
NDUFA4	NDUFA3	9606.ENSP00000339720	9606.ENSP00000418438	0	0	0	0	0.258	0.091	0.944	0.69	0.986
NDUFA4	NDUFB2	9606.ENSP00000339720	9606.ENSP00000419087	0	0	0	0	0.499	0	0.944	0.671	0.99
NDUFA4	NDUFB3	9606.ENSP00000339720	9606.ENSP00000407336	0	0	0	0	0.604	0.228	0.944	0.739	0.994
NDUFA4	NDUFA1	9606.ENSP00000339720	9606.ENSP00000360492	0	0	0	0	0.579	0	0.944	0.808	0.995
NDUFA4	COX6B1	9606.ENSP00000339720	9606.ENSP00000466818	0	0	0	0	0.498	0.919	0.8	0.911	0.999
NDUFA4L2	UQCRC1	9606.ENSP00000377411	9606.ENSP00000203407	0	0	0	0	0.105	0.061	0.54	0.244	0.669
NDUFA4L2	COX6A1	9606.ENSP00000377411	9606.ENSP00000229379	0	0	0	0	0.187	0	0.54	0.238	0.69
NDUFA4L2	NDUFA2	9606.ENSP00000377411	9606.ENSP00000252102	0	0	0	0	0.328	0.047	0.467	0.332	0.741
NDUFA4L2	NDUFA10	9606.ENSP00000377411	9606.ENSP00000252711	0	0	0	0	0.106	0.07	0.467	0.142	0.569
NDUFA4L2	NDUFA9	9606.ENSP00000377411	9606.ENSP00000266544	0	0	0	0	0.186	0	0.362	0.294	0.601
NDUFA4L2	NDUFB10	9606.ENSP00000377411	9606.ENSP00000268668	0	0	0	0	0.313	0.071	0.467	0.154	0.673
NDUFA4L2	NDUFS6	9606.ENSP00000377411	9606.ENSP00000274137	0	0	0	0	0.297	0.065	0.467	0.166	0.668
NDUFA4L2	CYC1	9606.ENSP00000377411	9606.ENSP00000317159	0	0	0	0	0.107	0.053	0.54	0.151	0.625
NDUFA4L2	NDUFA12	9606.ENSP00000377411	9606.ENSP00000330737	0	0	0	0	0.823	0.051	0.467	0.185	0.917
NDUFA4L2	UQCR10	9606.ENSP00000377411	9606.ENSP00000332887	0	0	0	0	0.689	0.088	0.54	0.212	0.883
NDUFA4L2	NDUFA4	9606.ENSP00000377411	9606.ENSP00000339720	0	0	0.059	0.952	0	0	0.9	0.063	0.904
NDUFA4L2	NDUFA1	9606.ENSP00000377411	9606.ENSP00000360492	0	0	0	0	0.297	0	0.467	0.29	0.71
NDUFA4L2	NDUFS1	9606.ENSP00000377411	9606.ENSP00000392709	0	0	0	0	0	0.071	0.467	0.159	0.547
NDUFA4L2	NDUFB2	9606.ENSP00000377411	9606.ENSP00000419087	0	0	0	0	0.058	0	0.467	0.175	0.549
NDUFA4L2	NDUFA3	9606.ENSP00000377411	9606.ENSP00000418438	0	0	0	0	0.194	0.091	0.467	0.186	0.639
NDUFA4L2	COX6B1	9606.ENSP00000377411	9606.ENSP00000466818	0	0	0	0	0.184	0.048	0.54	0.136	0.65
NDUFA4L2	NDUFB3	9606.ENSP00000377411	9606.ENSP00000407336	0	0	0	0	0.328	0	0.467	0.172	0.677
NDUFA4L2	UQCRHL	9606.ENSP00000377411	9606.ENSP00000485401	0	0	0	0	0.522	0.092	0.54	0.273	0.835
NDUFA4L2	UQCRB	9606.ENSP00000377411	9606.ENSP00000430494	0	0	0	0	0.613	0	0.54	0.22	0.849
NDUFA4L2	UQCR11	9606.ENSP00000377411	9606.ENSP00000467262	0	0	0	0	0.692	0	0.54	0.345	0.899
NDUFA9	UQCRC1	9606.ENSP00000266544	9606.ENSP00000203407	0	0	0	0	0.863	0.935	0.154	0.806	0.998
NDUFA9	COX6A1	9606.ENSP00000266544	9606.ENSP00000229379	0	0	0	0	0.335	0.228	0	0.352	0.638
NDUFA9	NDUFA2	9606.ENSP00000266544	9606.ENSP00000252102	0	0	0	0	0.72	0.999	0.944	0.925	0.999
NDUFA9	NDUFA10	9606.ENSP00000266544	9606.ENSP00000252711	0	0	0	0	0.867	0.998	0.944	0.886	0.999
NDUFA9	TOMM40	9606.ENSP00000266544	9606.ENSP00000410339	0	0	0	0	0.14	0.162	0	0.271	0.429
NDUFA9	NDUFA4L2	9606.ENSP00000266544	9606.ENSP00000377411	0	0	0	0	0.186	0	0.362	0.294	0.601
NDUFA9	MCU	9606.ENSP00000266544	9606.ENSP00000362144	0	0	0	0	0.073	0.669	0	0.135	0.711
NDUFA9	UQCRHL	9606.ENSP00000266544	9606.ENSP00000485401	0	0	0	0	0.399	0.536	0.285	0	0.783
NDUFA9	SDHC	9606.ENSP00000266544	9606.ENSP00000356953	0	0	0	0	0.837	0.15	0	0.35	0.902
NDUFA9	COX6B1	9606.ENSP00000266544	9606.ENSP00000466818	0	0	0	0	0.242	0.862	0	0.398	0.931
NDUFA9	UQCR11	9606.ENSP00000266544	9606.ENSP00000467262	0	0	0	0	0.537	0.841	0	0.241	0.939
NDUFA9	NDUFA4	9606.ENSP00000266544	9606.ENSP00000339720	0	0	0	0	0.248	0.33	0.933	0.697	0.988
NDUFA9	UQCRB	9606.ENSP00000266544	9606.ENSP00000430494	0	0	0	0	0.672	0.945	0.218	0.341	0.989
NDUFA9	NDUFB2	9606.ENSP00000266544	9606.ENSP00000419087	0	0	0	0	0.199	0.841	0.944	0.495	0.995
NDUFA9	CYC1	9606.ENSP00000266544	9606.ENSP00000317159	0	0	0	0	0.858	0.97	0.434	0.424	0.998
NDUFA9	NDUFA1	9606.ENSP00000266544	9606.ENSP00000360492	0	0	0	0	0.165	0.936	0.944	0.601	0.998
NDUFA9	NDUFB10	9606.ENSP00000266544	9606.ENSP00000268668	0	0	0	0	0.622	0.999	0.944	0.881	0.999
NDUFA9	UQCR10	9606.ENSP00000266544	9606.ENSP00000332887	0	0	0	0	0.786	0.998	0.154	0.448	0.999
NDUFA9	NDUFB1	9606.ENSP00000266544	9606.ENSP00000483888	0	0	0	0	0.248	0.977	0.9	0.506	0.999
NDUFA9	NDUFA3	9606.ENSP00000266544	9606.ENSP00000418438	0	0	0	0	0.441	0.929	0.944	0.665	0.999
NDUFA9	NDUFA12	9606.ENSP00000266544	9606.ENSP00000330737	0	0	0	0	0.896	0.999	0.944	0.66	0.999
NDUFA9	NDUFS6	9606.ENSP00000266544	9606.ENSP00000274137	0	0	0	0	0.83	0.999	0.944	0.695	0.999
NDUFA9	NDUFS1	9606.ENSP00000266544	9606.ENSP00000392709	0	0	0	0	0.883	0.999	0.944	0.934	0.999
NDUFA9	NDUFB3	9606.ENSP00000266544	9606.ENSP00000407336	0	0	0	0	0.598	0.999	0.944	0.657	0.999
NDUFB1	UQCRC1	9606.ENSP00000483888	9606.ENSP00000203407	0	0	0	0	0.11	0.856	0	0.231	0.893
NDUFB1	COX6A1	9606.ENSP00000483888	9606.ENSP00000229379	0	0	0	0	0.178	0.258	0	0.275	0.52
NDUFB1	NDUFA2	9606.ENSP00000483888	9606.ENSP00000252102	0	0	0	0	0.999	0.894	0.9	0.92	0.999
NDUFB1	NDUFA10	9606.ENSP00000483888	9606.ENSP00000252711	0	0	0	0	0.099	0.894	0.9	0.536	0.995
NDUFB1	NDUFA9	9606.ENSP00000483888	9606.ENSP00000266544	0	0	0	0	0.248	0.977	0.9	0.506	0.999
NDUFB1	NDUFB10	9606.ENSP00000483888	9606.ENSP00000268668	0	0	0	0	0.263	0.962	0.9	0.892	0.999
NDUFB1	NDUFS6	9606.ENSP00000483888	9606.ENSP00000274137	0	0	0	0	0.356	0.943	0.9	0.654	0.998
NDUFB1	CYC1	9606.ENSP00000483888	9606.ENSP00000317159	0	0	0	0	0.185	0.855	0	0.243	0.903
NDUFB1	NDUFA12	9606.ENSP00000483888	9606.ENSP00000330737	0	0	0	0	0.609	0.894	0.9	0.479	0.997
NDUFB1	UQCR10	9606.ENSP00000483888	9606.ENSP00000332887	0	0	0	0	0.439	0.855	0	0.616	0.966
NDUFB1	NDUFA4	9606.ENSP00000483888	9606.ENSP00000339720	0	0	0	0	0.309	0.228	0.9	0.75	0.984
NDUFB1	NDUFA1	9606.ENSP00000483888	9606.ENSP00000360492	0	0	0	0	0.522	0.94	0.9	0.788	0.999
NDUFB1	NDUFS1	9606.ENSP00000483888	9606.ENSP00000392709	0	0	0	0	0.222	0.894	0.9	0.642	0.996
NDUFB1	NDUFB3	9606.ENSP00000483888	9606.ENSP00000407336	0	0	0	0	0.56	0.941	0.9	0.683	0.999
NDUFB1	NDUFA3	9606.ENSP00000483888	9606.ENSP00000418438	0	0	0	0	0.25	0.894	0.9	0.552	0.996
NDUFB1	NDUFB2	9606.ENSP00000483888	9606.ENSP00000419087	0	0	0	0	0.782	0.87	0.9	0.48	0.998
NDUFB1	UQCRB	9606.ENSP00000483888	9606.ENSP00000430494	0	0	0	0	0.548	0.859	0	0.432	0.96
NDUFB1	COX6B1	9606.ENSP00000483888	9606.ENSP00000466818	0	0	0	0	0.261	0.845	0	0.557	0.944
NDUFB1	UQCR11	9606.ENSP00000483888	9606.ENSP00000467262	0	0	0	0	0.438	0.83	0	0.626	0.961
NDUFB10	UQCRC1	9606.ENSP00000268668	9606.ENSP00000203407	0	0	0	0	0.468	0.948	0.154	0.492	0.986
NDUFB10	COX6A1	9606.ENSP00000268668	9606.ENSP00000229379	0	0	0	0	0.544	0.399	0	0.356	0.808
NDUFB10	NDUFA2	9606.ENSP00000268668	9606.ENSP00000252102	0	0	0	0	0.606	0.998	0.967	0.868	0.999
NDUFB10	NDUFA10	9606.ENSP00000268668	9606.ENSP00000252711	0	0	0	0	0.528	0.957	0.967	0.98	0.999
NDUFB10	NDUFA9	9606.ENSP00000268668	9606.ENSP00000266544	0	0	0	0	0.622	0.999	0.944	0.881	0.999
NDUFB10	PSMC5	9606.ENSP00000268668	9606.ENSP00000310572	0	0	0	0	0.42	0	0	0	0.42
NDUFB10	MCU	9606.ENSP00000268668	9606.ENSP00000362144	0	0	0	0	0.056	0	0	0.414	0.423
NDUFB10	NDUFA4L2	9606.ENSP00000268668	9606.ENSP00000377411	0	0	0	0	0.313	0.071	0.467	0.154	0.673
NDUFB10	SDHC	9606.ENSP00000268668	9606.ENSP00000356953	0	0	0	0	0.456	0	0	0.453	0.689
NDUFB10	UQCRHL	9606.ENSP00000268668	9606.ENSP00000485401	0	0	0	0	0.555	0.772	0.163	0.06	0.909
NDUFB10	COX6B1	9606.ENSP00000268668	9606.ENSP00000466818	0	0	0	0	0.303	0.851	0	0.507	0.944
NDUFB10	UQCR11	9606.ENSP00000268668	9606.ENSP00000467262	0	0	0	0	0.839	0.83	0	0.447	0.983
NDUFB10	NDUFA4	9606.ENSP00000268668	9606.ENSP00000339720	0	0	0	0	0.401	0.252	0.944	0.633	0.989
NDUFB10	UQCRB	9606.ENSP00000268668	9606.ENSP00000430494	0	0	0	0	0.737	0.966	0	0.417	0.994
NDUFB10	CYC1	9606.ENSP00000268668	9606.ENSP00000317159	0	0	0	0	0.528	0.987	0	0.331	0.995
NDUFB10	UQCR10	9606.ENSP00000268668	9606.ENSP00000332887	0	0	0	0	0.859	0.967	0	0.375	0.996
NDUFB10	NDUFB1	9606.ENSP00000268668	9606.ENSP00000483888	0	0	0	0	0.263	0.962	0.9	0.892	0.999
NDUFB10	NDUFA1	9606.ENSP00000268668	9606.ENSP00000360492	0	0	0	0	0.302	0.941	0.967	0.584	0.999
NDUFB10	NDUFA3	9606.ENSP00000268668	9606.ENSP00000418438	0	0	0	0	0.428	0.894	0.967	0.545	0.999
NDUFB10	NDUFA12	9606.ENSP00000268668	9606.ENSP00000330737	0	0	0	0	0.862	0.998	0.967	0.765	0.999
NDUFB10	NDUFB2	9606.ENSP00000268668	9606.ENSP00000419087	0	0	0	0	0.221	0.812	0.967	0.917	0.999
NDUFB10	NDUFS6	9606.ENSP00000268668	9606.ENSP00000274137	0	0	0	0	0.866	0.996	0.967	0.686	0.999
NDUFB10	NDUFS1	9606.ENSP00000268668	9606.ENSP00000392709	0	0	0	0	0.224	0.994	0.967	0.81	0.999
NDUFB10	NDUFB3	9606.ENSP00000268668	9606.ENSP00000407336	0	0	0	0	0.584	0.993	0.967	0.757	0.999
NDUFB2	UQCRC1	9606.ENSP00000419087	9606.ENSP00000203407	0	0	0	0	0.133	0.8	0	0.29	0.866
NDUFB2	COX6A1	9606.ENSP00000419087	9606.ENSP00000229379	0	0	0	0	0.335	0	0	0.354	0.552
NDUFB2	NDUFA2	9606.ENSP00000419087	9606.ENSP00000252102	0	0	0	0	0.785	0.812	0.967	0.817	0.999
NDUFB2	NDUFA10	9606.ENSP00000419087	9606.ENSP00000252711	0	0	0	0	0.151	0.813	0.967	0.918	0.999
NDUFB2	NDUFA9	9606.ENSP00000419087	9606.ENSP00000266544	0	0	0	0	0.199	0.841	0.944	0.495	0.995
NDUFB2	NDUFB10	9606.ENSP00000419087	9606.ENSP00000268668	0	0	0	0	0.221	0.812	0.967	0.917	0.999
NDUFB2	NDUFS6	9606.ENSP00000419087	9606.ENSP00000274137	0	0	0	0	0.184	0.812	0.967	0.617	0.997
NDUFB2	CYC1	9606.ENSP00000419087	9606.ENSP00000317159	0	0	0	0	0.088	0.8	0	0.065	0.814
NDUFB2	NDUFA12	9606.ENSP00000419087	9606.ENSP00000330737	0	0	0	0	0.262	0.812	0.967	0.365	0.996
NDUFB2	UQCR10	9606.ENSP00000419087	9606.ENSP00000332887	0	0	0	0	0.49	0.8	0	0.324	0.925
NDUFB2	NDUFA4	9606.ENSP00000419087	9606.ENSP00000339720	0	0	0	0	0.499	0	0.944	0.671	0.99
NDUFB2	NDUFA1	9606.ENSP00000419087	9606.ENSP00000360492	0	0	0	0	0.455	0.919	0.967	0.592	0.999
NDUFB2	NDUFA4L2	9606.ENSP00000419087	9606.ENSP00000377411	0	0	0	0	0.058	0	0.467	0.175	0.549
NDUFB2	NDUFS1	9606.ENSP00000419087	9606.ENSP00000392709	0	0	0	0	0.056	0.812	0.967	0.376	0.995
NDUFB2	NDUFB3	9606.ENSP00000419087	9606.ENSP00000407336	0	0	0	0	0.348	0.907	0.967	0.845	0.999
NDUFB2	NDUFA3	9606.ENSP00000419087	9606.ENSP00000418438	0	0	0	0	0.198	0.812	0.967	0.37	0.996
NDUFB2	COX6B1	9606.ENSP00000419087	9606.ENSP00000466818	0	0	0	0	0.307	0.8	0	0.328	0.898
NDUFB2	UQCRB	9606.ENSP00000419087	9606.ENSP00000430494	0	0	0	0	0.249	0.834	0	0.36	0.913
NDUFB2	UQCR11	9606.ENSP00000419087	9606.ENSP00000467262	0	0	0	0	0.549	0.8	0	0.357	0.937
NDUFB2	NDUFB1	9606.ENSP00000419087	9606.ENSP00000483888	0	0	0	0	0.782	0.87	0.9	0.48	0.998
NDUFB3	PSMA4	9606.ENSP00000407336	9606.ENSP00000044462	0	0	0	0	0.437	0	0	0.045	0.439
NDUFB3	UQCRC1	9606.ENSP00000407336	9606.ENSP00000203407	0	0	0	0	0.186	0.856	0.154	0.469	0.94
NDUFB3	COX6A1	9606.ENSP00000407336	9606.ENSP00000229379	0	0	0	0	0.266	0.258	0	0.488	0.697
NDUFB3	NDUFA2	9606.ENSP00000407336	9606.ENSP00000252102	0	0	0	0	0.922	0.998	0.967	0.92	0.999
NDUFB3	NDUFA10	9606.ENSP00000407336	9606.ENSP00000252711	0	0	0	0	0.216	0.936	0.967	0.709	0.999
NDUFB3	NDUFA9	9606.ENSP00000407336	9606.ENSP00000266544	0	0	0	0	0.598	0.999	0.944	0.657	0.999
NDUFB3	NDUFB10	9606.ENSP00000407336	9606.ENSP00000268668	0	0	0	0	0.584	0.993	0.967	0.757	0.999
NDUFB3	NDUFS6	9606.ENSP00000407336	9606.ENSP00000274137	0	0	0	0	0.75	0.995	0.967	0.89	0.999
NDUFB3	CYC1	9606.ENSP00000407336	9606.ENSP00000317159	0	0	0	0	0.272	0.866	0	0.34	0.93
NDUFB3	NDUFA12	9606.ENSP00000407336	9606.ENSP00000330737	0	0	0	0	0.966	0.998	0.967	0.606	0.999
NDUFB3	UQCR10	9606.ENSP00000407336	9606.ENSP00000332887	0	0	0	0	0.775	0.855	0	0.439	0.98
NDUFB3	NDUFA4	9606.ENSP00000407336	9606.ENSP00000339720	0	0	0	0	0.604	0.228	0.944	0.739	0.994
NDUFB3	SDHC	9606.ENSP00000407336	9606.ENSP00000356953	0	0	0	0	0.49	0.091	0	0.282	0.638
NDUFB3	NDUFA1	9606.ENSP00000407336	9606.ENSP00000360492	0	0	0	0	0.848	0.92	0.967	0.768	0.999
NDUFB3	NDUFA4L2	9606.ENSP00000407336	9606.ENSP00000377411	0	0	0	0	0.328	0	0.467	0.172	0.677
NDUFB3	NDUFS1	9606.ENSP00000407336	9606.ENSP00000392709	0	0	0	0	0.436	0.993	0.967	0.853	0.999
NDUFB3	UQCRHL	9606.ENSP00000407336	9606.ENSP00000485401	0	0	0	0	0.544	0.312	0.163	0.1	0.732
NDUFB3	COX6B1	9606.ENSP00000407336	9606.ENSP00000466818	0	0	0	0	0.512	0.845	0	0.419	0.952
NDUFB3	UQCR11	9606.ENSP00000407336	9606.ENSP00000467262	0	0	0	0	0.611	0.83	0	0.431	0.959
NDUFB3	UQCRB	9606.ENSP00000407336	9606.ENSP00000430494	0	0	0	0	0.823	0.826	0	0.432	0.981
NDUFB3	NDUFB2	9606.ENSP00000407336	9606.ENSP00000419087	0	0	0	0	0.348	0.907	0.967	0.845	0.999
NDUFB3	NDUFB1	9606.ENSP00000407336	9606.ENSP00000483888	0	0	0	0	0.56	0.941	0.9	0.683	0.999
NDUFB3	NDUFA3	9606.ENSP00000407336	9606.ENSP00000418438	0	0	0	0	0.585	0.935	0.967	0.72	0.999
NDUFS1	UQCRC1	9606.ENSP00000392709	9606.ENSP00000203407	0	0	0	0	0.707	0.969	0.216	0.796	0.998
NDUFS1	COX6A1	9606.ENSP00000392709	9606.ENSP00000229379	0	0	0	0	0.085	0.301	0	0.354	0.551
NDUFS1	NDUFA2	9606.ENSP00000392709	9606.ENSP00000252102	0	0	0	0	0.715	0.999	0.967	0.989	0.999
NDUFS1	NDUFA10	9606.ENSP00000392709	9606.ENSP00000252711	0	0	0	0	0.496	0.95	0.967	0.881	0.999
NDUFS1	NDUFA9	9606.ENSP00000392709	9606.ENSP00000266544	0	0	0	0	0.883	0.999	0.944	0.934	0.999
NDUFS1	NDUFB10	9606.ENSP00000392709	9606.ENSP00000268668	0	0	0	0	0.224	0.994	0.967	0.81	0.999
NDUFS1	SOD1	9606.ENSP00000392709	9606.ENSP00000270142	0	0	0	0	0.062	0	0	0.433	0.446
NDUFS1	NDUFS6	9606.ENSP00000392709	9606.ENSP00000274137	0	0	0	0	0.656	0.999	0.967	0.984	0.999
NDUFS1	CASP3	9606.ENSP00000392709	9606.ENSP00000311032	0	0	0	0	0.042	0.295	0	0.223	0.429
NDUFS1	CYC1	9606.ENSP00000392709	9606.ENSP00000317159	0	0	0	0	0.925	0.989	0.809	0.543	0.999
NDUFS1	NDUFA12	9606.ENSP00000392709	9606.ENSP00000330737	0	0	0	0	0.715	0.999	0.967	0.885	0.999
NDUFS1	UQCR10	9606.ENSP00000392709	9606.ENSP00000332887	0	0	0	0	0.248	0.967	0.172	0.56	0.99
NDUFS1	NDUFA4	9606.ENSP00000392709	9606.ENSP00000339720	0	0	0	0	0.063	0.249	0.944	0.632	0.983
NDUFS1	SDHC	9606.ENSP00000392709	9606.ENSP00000356953	0	0	0	0	0.839	0	0	0.541	0.923
NDUFS1	NDUFA1	9606.ENSP00000392709	9606.ENSP00000360492	0	0	0	0	0.049	0.939	0.967	0.818	0.999
NDUFS1	NDUFA4L2	9606.ENSP00000392709	9606.ENSP00000377411	0	0	0	0	0	0.071	0.467	0.159	0.547
NDUFS1	TOMM40	9606.ENSP00000392709	9606.ENSP00000410339	0	0	0	0	0.067	0.226	0	0.256	0.416
NDUFS1	UQCR11	9606.ENSP00000392709	9606.ENSP00000467262	0	0	0	0	0.116	0.83	0	0.6	0.934
NDUFS1	UQCRHL	9606.ENSP00000392709	9606.ENSP00000485401	0	0	0	0	0.555	0.766	0.406	0.08	0.935
NDUFS1	COX6B1	9606.ENSP00000392709	9606.ENSP00000466818	0	0	0	0	0.13	0.896	0	0.706	0.971
NDUFS1	NDUFB2	9606.ENSP00000392709	9606.ENSP00000419087	0	0	0	0	0.056	0.812	0.967	0.376	0.995
NDUFS1	NDUFB1	9606.ENSP00000392709	9606.ENSP00000483888	0	0	0	0	0.222	0.894	0.9	0.642	0.996
NDUFS1	UQCRB	9606.ENSP00000392709	9606.ENSP00000430494	0	0	0	0	0.866	0.979	0.284	0.555	0.998
NDUFS1	NDUFA3	9606.ENSP00000392709	9606.ENSP00000418438	0	0	0	0	0.164	0.918	0.967	0.598	0.999
NDUFS1	NDUFB3	9606.ENSP00000392709	9606.ENSP00000407336	0	0	0	0	0.436	0.993	0.967	0.853	0.999
NDUFS6	UQCRC1	9606.ENSP00000274137	9606.ENSP00000203407	0	0	0	0	0.516	0.966	0	0.478	0.99
NDUFS6	COX6A1	9606.ENSP00000274137	9606.ENSP00000229379	0	0	0	0	0.613	0.351	0	0.412	0.839
NDUFS6	NDUFA2	9606.ENSP00000274137	9606.ENSP00000252102	0	0	0	0	0.954	0.998	0.967	0.949	0.999
NDUFS6	NDUFA10	9606.ENSP00000274137	9606.ENSP00000252711	0	0	0	0	0.351	0.918	0.967	0.711	0.999
NDUFS6	NDUFA9	9606.ENSP00000274137	9606.ENSP00000266544	0	0	0	0	0.83	0.999	0.944	0.695	0.999
NDUFS6	NDUFB10	9606.ENSP00000274137	9606.ENSP00000268668	0	0	0	0	0.866	0.996	0.967	0.686	0.999
NDUFS6	NDUFA4L2	9606.ENSP00000274137	9606.ENSP00000377411	0	0	0	0	0.297	0.065	0.467	0.166	0.668
NDUFS6	SDHC	9606.ENSP00000274137	9606.ENSP00000356953	0	0	0	0	0.842	0	0	0.236	0.874
NDUFS6	COX6B1	9606.ENSP00000274137	9606.ENSP00000466818	0	0	0	0	0.384	0.865	0	0.489	0.954
NDUFS6	UQCRHL	9606.ENSP00000274137	9606.ENSP00000485401	0	0	0	0	0.824	0.771	0.163	0.085	0.965
NDUFS6	UQCR11	9606.ENSP00000274137	9606.ENSP00000467262	0	0	0	0	0.85	0.83	0	0.515	0.986
NDUFS6	NDUFA4	9606.ENSP00000274137	9606.ENSP00000339720	0	0	0	0	0.334	0.244	0.944	0.637	0.988
NDUFS6	UQCRB	9606.ENSP00000274137	9606.ENSP00000430494	0	0	0	0	0.861	0.959	0	0.464	0.996
NDUFS6	NDUFB2	9606.ENSP00000274137	9606.ENSP00000419087	0	0	0	0	0.184	0.812	0.967	0.617	0.997
NDUFS6	NDUFB1	9606.ENSP00000274137	9606.ENSP00000483888	0	0	0	0	0.356	0.943	0.9	0.654	0.998
NDUFS6	CYC1	9606.ENSP00000274137	9606.ENSP00000317159	0	0	0	0	0.799	0.988	0	0.29	0.998
NDUFS6	NDUFA12	9606.ENSP00000274137	9606.ENSP00000330737	0	0	0	0	0.949	0.999	0.967	0.828	0.999
NDUFS6	NDUFB3	9606.ENSP00000274137	9606.ENSP00000407336	0	0	0	0	0.75	0.995	0.967	0.89	0.999
NDUFS6	NDUFS1	9606.ENSP00000274137	9606.ENSP00000392709	0	0	0	0	0.656	0.999	0.967	0.984	0.999
NDUFS6	UQCR10	9606.ENSP00000274137	9606.ENSP00000332887	0	0	0	0	0.954	0.959	0	0.506	0.999
NDUFS6	NDUFA1	9606.ENSP00000274137	9606.ENSP00000360492	0	0	0	0	0.629	0.943	0.967	0.894	0.999
NDUFS6	NDUFA3	9606.ENSP00000274137	9606.ENSP00000418438	0	0	0	0	0.683	0.928	0.967	0.505	0.999
NEFH	MAPK12	9606.ENSP00000311997	9606.ENSP00000215659	0	0	0	0	0.063	0.068	0.9	0.095	0.91
NEFH	NEFM	9606.ENSP00000311997	9606.ENSP00000221166	0	0	0	0.813	0.179	0.487	0	0.985	0.993
NEFH	PFN1	9606.ENSP00000311997	9606.ENSP00000225655	0	0	0	0	0	0.057	0	0.616	0.622
NEFH	FUS	9606.ENSP00000311997	9606.ENSP00000254108	0	0	0	0	0.044	0	0	0.798	0.798
NEFH	PRPH	9606.ENSP00000311997	9606.ENSP00000257860	0	0	0	0.809	0.042	0.045	0.9	0.076	0.904
NEFH	KLC4	9606.ENSP00000311997	9606.ENSP00000259708	0	0	0	0	0	0.099	0.9	0.137	0.915
NEFH	SPG11	9606.ENSP00000311997	9606.ENSP00000261866	0	0	0	0	0	0	0	0.484	0.484
NEFH	SOD1	9606.ENSP00000311997	9606.ENSP00000270142	0	0	0	0	0.048	0.045	0	0.784	0.786
NEFH	SLC1A2	9606.ENSP00000311997	9606.ENSP00000278379	0	0	0	0	0.1	0	0	0.515	0.545
NEFH	OPTN	9606.ENSP00000311997	9606.ENSP00000368022	0	0	0	0	0	0	0	0.595	0.595
NEFH	NEFL	9606.ENSP00000311997	9606.ENSP00000482169	0	0	0	0.803	0.253	0.639	0	0.988	0.996
NEFL	MAPK12	9606.ENSP00000482169	9606.ENSP00000215659	0	0	0	0	0.062	0.068	0.9	0.094	0.91
NEFL	NEFM	9606.ENSP00000482169	9606.ENSP00000221166	0	0	0	0.885	0.849	0.835	0	0.988	0.999
NEFL	FUS	9606.ENSP00000482169	9606.ENSP00000254108	0	0	0	0	0	0	0	0.67	0.67
NEFL	PRPH	9606.ENSP00000482169	9606.ENSP00000257860	0	0	0	0.887	0	0.045	0.9	0.058	0.902
NEFL	KLC4	9606.ENSP00000482169	9606.ENSP00000259708	0	0	0	0	0	0.099	0.9	0.159	0.917
NEFL	SOD1	9606.ENSP00000482169	9606.ENSP00000270142	0	0	0	0	0.042	0.045	0.9	0.775	0.976
NEFL	SLC1A2	9606.ENSP00000482169	9606.ENSP00000278379	0	0	0	0	0.134	0	0	0.351	0.414
NEFL	NRG1	9606.ENSP00000482169	9606.ENSP00000287842	0	0	0	0	0.073	0.098	0.4	0.195	0.542
NEFL	GRIA2	9606.ENSP00000482169	9606.ENSP00000296526	0	0	0	0	0.189	0	0.5	0.251	0.669
NEFL	NEFH	9606.ENSP00000482169	9606.ENSP00000311997	0	0	0	0.803	0.253	0.639	0	0.988	0.996
NEFL	ERBB4	9606.ENSP00000482169	9606.ENSP00000342235	0	0	0	0	0.097	0.075	0.4	0.104	0.491
NEFL	DCTN2	9606.ENSP00000482169	9606.ENSP00000408910	0	0	0	0	0	0.073	0	0.386	0.406
NEFL	GRIA1	9606.ENSP00000482169	9606.ENSP00000428994	0	0	0	0	0.17	0	0.5	0.25	0.661
NEFM	MAPK12	9606.ENSP00000221166	9606.ENSP00000215659	0	0	0	0	0.062	0.068	0.9	0.069	0.907
NEFM	SQSTM1	9606.ENSP00000221166	9606.ENSP00000374455	0	0	0	0	0	0.139	0	0.448	0.504
NEFM	FUS	9606.ENSP00000221166	9606.ENSP00000254108	0	0	0	0	0	0	0	0.544	0.544
NEFM	SLC1A2	9606.ENSP00000221166	9606.ENSP00000278379	0	0	0	0	0.154	0	0	0.513	0.571
NEFM	SOD1	9606.ENSP00000221166	9606.ENSP00000270142	0	0	0	0	0.042	0.045	0	0.676	0.677
NEFM	PRPH	9606.ENSP00000221166	9606.ENSP00000257860	0	0	0	0.877	0.06	0.045	0.9	0.063	0.904
NEFM	KLC4	9606.ENSP00000221166	9606.ENSP00000259708	0	0	0	0	0	0.099	0.9	0.098	0.911
NEFM	NEFH	9606.ENSP00000221166	9606.ENSP00000311997	0	0	0	0.813	0.179	0.487	0	0.985	0.993
NEFM	NEFL	9606.ENSP00000221166	9606.ENSP00000482169	0	0	0	0.885	0.849	0.835	0	0.988	0.999
NRG1	KLC4	9606.ENSP00000287842	9606.ENSP00000259708	0	0	0	0	0	0.054	0	0.43	0.437
NRG1	NEFL	9606.ENSP00000287842	9606.ENSP00000482169	0	0	0	0	0.073	0.098	0.4	0.195	0.542
NRG1	NRG3	9606.ENSP00000287842	9606.ENSP00000361214	0	0	0	0.583	0.044	0	0.9	0.384	0.936
NRG1	ERBB4	9606.ENSP00000287842	9606.ENSP00000342235	0	0	0	0	0	0.978	0.9	0.999	0.999
NRG3	NRG1	9606.ENSP00000361214	9606.ENSP00000287842	0	0	0	0.583	0.044	0	0.9	0.384	0.936
NRG3	ERBB4	9606.ENSP00000361214	9606.ENSP00000342235	0	0	0	0	0.109	0	0.9	0.998	0.999
NUP107	HSPA5	9606.ENSP00000229179	9606.ENSP00000324173	0	0	0	0	0.062	0.071	0.4	0.047	0.435
NUP107	SRSF3	9606.ENSP00000229179	9606.ENSP00000362820	0	0	0	0	0.137	0	0.4	0.075	0.479
NUP107	SRSF7	9606.ENSP00000229179	9606.ENSP00000325905	0	0	0	0	0.178	0	0.4	0.077	0.505
NUP107	ALYREF	9606.ENSP00000229179	9606.ENSP00000421592	0	0	0	0	0.106	0	0.5	0.273	0.647
NUP107	GLE1	9606.ENSP00000229179	9606.ENSP00000308622	0	0	0	0	0.076	0.686	0.4	0.71	0.942
NUP107	NUP50	9606.ENSP00000229179	9606.ENSP00000345895	0	0	0	0	0.196	0.625	0.5	0.854	0.975
NUP107	NUP188	9606.ENSP00000229179	9606.ENSP00000361658	0	0	0	0	0.147	0.879	0.5	0.773	0.986
NUP107	NUP210	9606.ENSP00000229179	9606.ENSP00000254508	0	0	0	0	0.091	0.887	0.5	0.793	0.988
NUP107	NUP88	9606.ENSP00000229179	9606.ENSP00000458954	0	0	0	0	0.279	0.893	0.5	0.867	0.994
NUP107	NUP35	9606.ENSP00000229179	9606.ENSP00000295119	0	0	0	0	0.254	0.892	0.5	0.876	0.994
NUP107	NUP62	9606.ENSP00000229179	9606.ENSP00000471191	0	0	0	0	0.128	0.955	0.5	0.9	0.997
NUP107	NUP54	9606.ENSP00000229179	9606.ENSP00000264883	0	0	0	0	0.237	0.979	0.5	0.825	0.998
NUP107	NUP155	9606.ENSP00000229179	9606.ENSP00000231498	0	0	0	0	0.329	0.981	0.5	0.908	0.999
NUP107	NUP205	9606.ENSP00000229179	9606.ENSP00000285968	0	0	0	0	0.48	0.989	0.5	0.954	0.999
NUP107	NUP37	9606.ENSP00000229179	9606.ENSP00000448054	0	0	0	0	0.482	0.998	0.9	0.999	0.999
NUP107	NUP160	9606.ENSP00000229179	9606.ENSP00000367721	0	0	0	0	0.596	0.999	0.9	0.999	0.999
NUP107	NUP85	9606.ENSP00000229179	9606.ENSP00000245544	0	0	0	0	0.45	0.998	0.9	0.999	0.999
NUP107	SEC13	9606.ENSP00000229179	9606.ENSP00000373312	0	0	0	0	0.105	0.999	0.9	0.997	0.999
NUP107	NUP43	9606.ENSP00000229179	9606.ENSP00000342262	0	0	0	0	0.354	0.998	0.9	0.996	0.999
NUP107	NUP98	9606.ENSP00000229179	9606.ENSP00000316032	0	0	0	0	0.26	0.997	0.9	0.998	0.999
NUP107	NUP153	9606.ENSP00000229179	9606.ENSP00000444029	0	0	0	0	0.085	0.93	0.5	0.975	0.999
NUP153	NXT2	9606.ENSP00000444029	9606.ENSP00000218004	0	0	0	0	0	0	0	0.693	0.693
NUP153	NUP107	9606.ENSP00000444029	9606.ENSP00000229179	0	0	0	0	0.085	0.93	0.5	0.975	0.999
NUP153	NUP155	9606.ENSP00000444029	9606.ENSP00000231498	0	0	0	0	0.161	0.692	0.8	0.946	0.996
NUP153	NUP85	9606.ENSP00000444029	9606.ENSP00000245544	0	0	0	0	0.074	0.801	0.8	0.834	0.993
NUP153	NUP210	9606.ENSP00000444029	9606.ENSP00000254508	0	0	0	0	0.061	0.42	0.8	0.788	0.973
NUP153	NUP54	9606.ENSP00000444029	9606.ENSP00000264883	0	0	0	0	0.209	0.825	0.5	0.79	0.983
NUP153	NUP205	9606.ENSP00000444029	9606.ENSP00000285968	0	0	0	0	0.48	0.773	0.8	0.837	0.995
NUP153	NUP35	9606.ENSP00000444029	9606.ENSP00000295119	0	0	0	0	0.08	0.619	0.8	0.939	0.995
NUP153	GLE1	9606.ENSP00000444029	9606.ENSP00000308622	0	0	0	0	0.067	0.626	0.4	0.679	0.924
NUP153	NUP98	9606.ENSP00000444029	9606.ENSP00000316032	0	0	0	0	0.638	0.418	0.9	0.993	0.999
NUP153	HSPA5	9606.ENSP00000444029	9606.ENSP00000324173	0	0	0	0	0.044	0.094	0.4	0.056	0.443
NUP153	SRSF7	9606.ENSP00000444029	9606.ENSP00000325905	0	0	0	0	0.079	0	0.4	0.146	0.487
NUP153	NUP43	9606.ENSP00000444029	9606.ENSP00000342262	0	0	0	0	0.063	0.735	0.8	0.686	0.982
NUP153	NUP50	9606.ENSP00000444029	9606.ENSP00000345895	0	0	0	0	0.08	0.896	0.8	0.996	0.999
NUP153	NUP188	9606.ENSP00000444029	9606.ENSP00000361658	0	0	0	0	0.19	0.348	0.8	0.74	0.968
NUP153	SRSF3	9606.ENSP00000444029	9606.ENSP00000362820	0	0	0	0	0.126	0	0.4	0.201	0.544
NUP153	NUP160	9606.ENSP00000444029	9606.ENSP00000367721	0	0	0	0	0.366	0.66	0.5	0.972	0.996
NUP153	SEC13	9606.ENSP00000444029	9606.ENSP00000373312	0	0	0	0	0.058	0.457	0.5	0.812	0.945
NUP153	ALYREF	9606.ENSP00000444029	9606.ENSP00000421592	0	0	0	0	0.061	0.094	0.5	0.395	0.708
NUP153	NUP37	9606.ENSP00000444029	9606.ENSP00000448054	0	0	0	0	0.08	0.427	0.5	0.788	0.936
NUP153	NUP88	9606.ENSP00000444029	9606.ENSP00000458954	0	0	0	0	0.083	0.42	0.8	0.962	0.995
NUP153	NUP62	9606.ENSP00000444029	9606.ENSP00000471191	0	0	0	0	0.105	0.428	0.5	0.989	0.996
NUP155	NUP107	9606.ENSP00000231498	9606.ENSP00000229179	0	0	0	0	0.329	0.981	0.5	0.908	0.999
NUP155	SRSF7	9606.ENSP00000231498	9606.ENSP00000325905	0	0	0	0	0.072	0	0.4	0	0.419
NUP155	SRSF3	9606.ENSP00000231498	9606.ENSP00000362820	0	0	0	0	0.08	0	0.4	0	0.424
NUP155	HSPA5	9606.ENSP00000231498	9606.ENSP00000324173	0	0	0	0	0.087	0	0.4	0.055	0.437
NUP155	ALYREF	9606.ENSP00000231498	9606.ENSP00000421592	0	0	0	0	0.129	0.185	0.5	0.127	0.649
NUP155	NUP50	9606.ENSP00000231498	9606.ENSP00000345895	0	0	0	0	0.232	0.073	0.8	0.797	0.967
NUP155	NUP37	9606.ENSP00000231498	9606.ENSP00000448054	0	0	0	0	0.192	0.826	0.5	0.831	0.986
NUP155	GLE1	9606.ENSP00000231498	9606.ENSP00000308622	0	0	0	0	0.106	0.772	0.4	0.92	0.988
NUP155	NUP210	9606.ENSP00000231498	9606.ENSP00000254508	0	0	0	0	0.095	0.825	0.8	0.756	0.991
NUP155	NUP160	9606.ENSP00000231498	9606.ENSP00000367721	0	0	0	0	0.353	0.927	0.5	0.811	0.994
NUP155	NUP43	9606.ENSP00000231498	9606.ENSP00000342262	0	0	0	0	0.508	0.826	0.8	0.736	0.994
NUP155	NUP88	9606.ENSP00000231498	9606.ENSP00000458954	0	0	0	0	0.085	0.835	0.8	0.858	0.995
NUP155	SEC13	9606.ENSP00000231498	9606.ENSP00000373312	0	0	0	0	0.058	0.967	0.5	0.771	0.996
NUP155	NUP153	9606.ENSP00000231498	9606.ENSP00000444029	0	0	0	0	0.161	0.692	0.8	0.946	0.996
NUP155	NUP62	9606.ENSP00000231498	9606.ENSP00000471191	0	0	0	0	0.14	0.953	0.5	0.871	0.997
NUP155	NUP85	9606.ENSP00000231498	9606.ENSP00000245544	0	0	0	0	0.16	0.97	0.8	0.797	0.998
NUP155	NUP54	9606.ENSP00000231498	9606.ENSP00000264883	0	0	0	0	0.136	0.994	0.5	0.732	0.999
NUP155	NUP188	9606.ENSP00000231498	9606.ENSP00000361658	0	0	0	0	0.264	0.883	0.8	0.989	0.999
NUP155	NUP205	9606.ENSP00000231498	9606.ENSP00000285968	0	0	0	0	0.754	0.995	0.8	0.996	0.999
NUP155	NUP35	9606.ENSP00000231498	9606.ENSP00000295119	0	0	0	0	0.143	0.895	0.9	0.996	0.999
NUP155	NUP98	9606.ENSP00000231498	9606.ENSP00000316032	0	0	0	0	0.149	0.992	0.5	0.962	0.999
NUP160	NUP107	9606.ENSP00000367721	9606.ENSP00000229179	0	0	0	0	0.596	0.999	0.9	0.999	0.999
NUP160	NUP155	9606.ENSP00000367721	9606.ENSP00000231498	0	0	0	0	0.353	0.927	0.5	0.811	0.994
NUP160	NUP85	9606.ENSP00000367721	9606.ENSP00000245544	0	0	0	0	0.274	0.974	0.9	0.998	0.999
NUP160	NUP210	9606.ENSP00000367721	9606.ENSP00000254508	0	0	0	0	0.171	0.813	0.5	0.816	0.983
NUP160	NUP54	9606.ENSP00000367721	9606.ENSP00000264883	0	0	0	0	0.29	0.8	0.5	0.765	0.981
NUP160	NUP205	9606.ENSP00000367721	9606.ENSP00000285968	0	0	0	0	0.813	0.886	0.5	0.811	0.997
NUP160	NUP35	9606.ENSP00000367721	9606.ENSP00000295119	0	0	0	0	0.182	0.821	0.5	0.811	0.984
NUP160	GLE1	9606.ENSP00000367721	9606.ENSP00000308622	0	0	0	0	0.142	0	0.4	0.677	0.819
NUP160	NUP98	9606.ENSP00000367721	9606.ENSP00000316032	0	0	0	0	0.243	0.932	0.9	0.998	0.999
NUP160	HSPA5	9606.ENSP00000367721	9606.ENSP00000324173	0	0	0	0	0.044	0	0.4	0.064	0.416
NUP160	SRSF7	9606.ENSP00000367721	9606.ENSP00000325905	0	0	0	0	0.137	0	0.4	0.099	0.493
NUP160	NUP43	9606.ENSP00000367721	9606.ENSP00000342262	0	0	0	0	0.166	0.998	0.9	0.997	0.999
NUP160	NUP50	9606.ENSP00000367721	9606.ENSP00000345895	0	0	0	0	0.106	0.45	0.5	0.771	0.936
NUP160	NUP188	9606.ENSP00000367721	9606.ENSP00000361658	0	0	0	0	0.385	0.8	0.5	0.865	0.99
NUP160	SRSF3	9606.ENSP00000367721	9606.ENSP00000362820	0	0	0	0	0.145	0	0.4	0.055	0.472
NUP160	PSMC3	9606.ENSP00000367721	9606.ENSP00000481029	0	0	0	0	0.062	0	0	0.493	0.504
NUP160	ALYREF	9606.ENSP00000367721	9606.ENSP00000421592	0	0	0	0	0.07	0	0.5	0.194	0.592
NUP160	NUP62	9606.ENSP00000367721	9606.ENSP00000471191	0	0	0	0	0.133	0.83	0.5	0.794	0.982
NUP160	NUP88	9606.ENSP00000367721	9606.ENSP00000458954	0	0	0	0	0.179	0.826	0.5	0.858	0.988
NUP160	NUP153	9606.ENSP00000367721	9606.ENSP00000444029	0	0	0	0	0.366	0.66	0.5	0.972	0.996
NUP160	SEC13	9606.ENSP00000367721	9606.ENSP00000373312	0	0	0	0	0.08	0.998	0.9	0.996	0.999
NUP160	NUP37	9606.ENSP00000367721	9606.ENSP00000448054	0	0	0	0	0.127	0.953	0.9	0.997	0.999
NUP188	NUP107	9606.ENSP00000361658	9606.ENSP00000229179	0	0	0	0	0.147	0.879	0.5	0.773	0.986
NUP188	NUP155	9606.ENSP00000361658	9606.ENSP00000231498	0	0	0	0	0.264	0.883	0.8	0.989	0.999
NUP188	NUP85	9606.ENSP00000361658	9606.ENSP00000245544	0	0	0	0	0.183	0.8	0.8	0.788	0.992
NUP188	NUP210	9606.ENSP00000361658	9606.ENSP00000254508	0	0	0	0	0.122	0.8	0.8	0.819	0.992
NUP188	NUP54	9606.ENSP00000361658	9606.ENSP00000264883	0	0	0	0	0.072	0.879	0.5	0.701	0.981
NUP188	NUP205	9606.ENSP00000361658	9606.ENSP00000285968	0	0	0	0	0.582	0.914	0.8	0.994	0.999
NUP188	NUP35	9606.ENSP00000361658	9606.ENSP00000295119	0	0	0	0	0.063	0.866	0.8	0.996	0.999
NUP188	GLE1	9606.ENSP00000361658	9606.ENSP00000308622	0	0	0	0	0.141	0	0.4	0.553	0.749
NUP188	NUP98	9606.ENSP00000361658	9606.ENSP00000316032	0	0	0	0	0.343	0.8	0.5	0.75	0.981
NUP188	HSPA5	9606.ENSP00000361658	9606.ENSP00000324173	0	0	0	0	0.042	0	0.4	0	0.4
NUP188	SRSF7	9606.ENSP00000361658	9606.ENSP00000325905	0	0	0	0	0.067	0	0.4	0	0.416
NUP188	NUP43	9606.ENSP00000361658	9606.ENSP00000342262	0	0	0	0	0.107	0.8	0.8	0.749	0.989
NUP188	NUP50	9606.ENSP00000361658	9606.ENSP00000345895	0	0	0	0	0.125	0	0.8	0.7	0.943
NUP188	SRSF3	9606.ENSP00000361658	9606.ENSP00000362820	0	0	0	0	0.058	0	0.4	0	0.41
NUP188	ALYREF	9606.ENSP00000361658	9606.ENSP00000421592	0	0	0	0	0.06	0	0.5	0	0.509
NUP188	SEC13	9606.ENSP00000361658	9606.ENSP00000373312	0	0	0	0	0.062	0.8	0.5	0.66	0.963
NUP188	NUP153	9606.ENSP00000361658	9606.ENSP00000444029	0	0	0	0	0.19	0.348	0.8	0.74	0.968
NUP188	NUP62	9606.ENSP00000361658	9606.ENSP00000471191	0	0	0	0	0.074	0.825	0.5	0.82	0.983
NUP188	NUP37	9606.ENSP00000361658	9606.ENSP00000448054	0	0	0	0	0.063	0.8	0.5	0.844	0.983
NUP188	NUP160	9606.ENSP00000361658	9606.ENSP00000367721	0	0	0	0	0.385	0.8	0.5	0.865	0.99
NUP188	NUP88	9606.ENSP00000361658	9606.ENSP00000458954	0	0	0	0	0.097	0.8	0.8	0.809	0.992
NUP205	NUP107	9606.ENSP00000285968	9606.ENSP00000229179	0	0	0	0	0.48	0.989	0.5	0.954	0.999
NUP205	NUP155	9606.ENSP00000285968	9606.ENSP00000231498	0	0	0	0	0.754	0.995	0.8	0.996	0.999
NUP205	NUP85	9606.ENSP00000285968	9606.ENSP00000245544	0	0	0	0	0.219	0.968	0.8	0.807	0.998
NUP205	NUP210	9606.ENSP00000285968	9606.ENSP00000254508	0	0	0	0	0.191	0.8	0.8	0.766	0.991
NUP205	NUP54	9606.ENSP00000285968	9606.ENSP00000264883	0	0	0	0	0.129	0.994	0.5	0.816	0.999
NUP205	HSPA5	9606.ENSP00000285968	9606.ENSP00000324173	0	0	0	0	0.045	0.071	0.4	0	0.421
NUP205	SRSF7	9606.ENSP00000285968	9606.ENSP00000325905	0	0	0	0	0.075	0	0.4	0	0.421
NUP205	SRSF3	9606.ENSP00000285968	9606.ENSP00000362820	0	0	0	0	0.086	0	0.4	0.079	0.451
NUP205	ALYREF	9606.ENSP00000285968	9606.ENSP00000421592	0	0	0	0	0.067	0	0.5	0.168	0.578
NUP205	GLE1	9606.ENSP00000285968	9606.ENSP00000308622	0	0	0	0	0.098	0.427	0.4	0.667	0.883
NUP205	NUP50	9606.ENSP00000285968	9606.ENSP00000345895	0	0	0	0	0.112	0	0.8	0.776	0.956
NUP205	NUP37	9606.ENSP00000285968	9606.ENSP00000448054	0	0	0	0	0.194	0.826	0.5	0.797	0.983
NUP205	NUP43	9606.ENSP00000285968	9606.ENSP00000342262	0	0	0	0	0.183	0.886	0.8	0.808	0.995
NUP205	NUP153	9606.ENSP00000285968	9606.ENSP00000444029	0	0	0	0	0.48	0.773	0.8	0.837	0.995
NUP205	SEC13	9606.ENSP00000285968	9606.ENSP00000373312	0	0	0	0	0.067	0.954	0.5	0.816	0.995
NUP205	NUP88	9606.ENSP00000285968	9606.ENSP00000458954	0	0	0	0	0.082	0.826	0.8	0.875	0.995
NUP205	NUP98	9606.ENSP00000285968	9606.ENSP00000316032	0	0	0	0	0.227	0.946	0.5	0.847	0.996
NUP205	NUP160	9606.ENSP00000285968	9606.ENSP00000367721	0	0	0	0	0.813	0.886	0.5	0.811	0.997
NUP205	NUP62	9606.ENSP00000285968	9606.ENSP00000471191	0	0	0	0	0.167	0.977	0.5	0.849	0.998
NUP205	NUP35	9606.ENSP00000285968	9606.ENSP00000295119	0	0	0	0	0.181	0.866	0.8	0.996	0.999
NUP205	NUP188	9606.ENSP00000285968	9606.ENSP00000361658	0	0	0	0	0.582	0.914	0.8	0.994	0.999
NUP210	NUP107	9606.ENSP00000254508	9606.ENSP00000229179	0	0	0	0	0.091	0.887	0.5	0.793	0.988
NUP210	NUP155	9606.ENSP00000254508	9606.ENSP00000231498	0	0	0	0	0.095	0.825	0.8	0.756	0.991
NUP210	NUP85	9606.ENSP00000254508	9606.ENSP00000245544	0	0	0	0	0.123	0.8	0.8	0.716	0.988
NUP210	SRSF7	9606.ENSP00000254508	9606.ENSP00000325905	0	0	0	0	0.049	0	0.4	0	0.405
NUP210	SRSF3	9606.ENSP00000254508	9606.ENSP00000362820	0	0	0	0	0.049	0	0.4	0	0.405
NUP210	HSPA5	9606.ENSP00000254508	9606.ENSP00000324173	0	0	0	0	0.086	0.166	0.4	0.053	0.509
NUP210	ALYREF	9606.ENSP00000254508	9606.ENSP00000421592	0	0	0	0	0.049	0	0.5	0.118	0.543
NUP210	GLE1	9606.ENSP00000254508	9606.ENSP00000308622	0	0	0.207	0	0.049	0	0.4	0.462	0.724
NUP210	NUP50	9606.ENSP00000254508	9606.ENSP00000345895	0	0	0	0	0.077	0	0.8	0.758	0.951
NUP210	SEC13	9606.ENSP00000254508	9606.ENSP00000373312	0	0	0	0	0.054	0.8	0.5	0.571	0.954
NUP210	NUP54	9606.ENSP00000254508	9606.ENSP00000264883	0	0	0	0	0.056	0.8	0.5	0.696	0.967
NUP210	NUP153	9606.ENSP00000254508	9606.ENSP00000444029	0	0	0	0	0.061	0.42	0.8	0.788	0.973
NUP210	NUP37	9606.ENSP00000254508	9606.ENSP00000448054	0	0	0	0	0.054	0.8	0.5	0.772	0.975
NUP210	NUP98	9606.ENSP00000254508	9606.ENSP00000316032	0	0	0	0	0.067	0.814	0.5	0.755	0.976
NUP210	NUP160	9606.ENSP00000254508	9606.ENSP00000367721	0	0	0	0	0.171	0.813	0.5	0.816	0.983
NUP210	NUP43	9606.ENSP00000254508	9606.ENSP00000342262	0	0	0	0	0.049	0.8	0.8	0.643	0.984
NUP210	NUP62	9606.ENSP00000254508	9606.ENSP00000471191	0	0	0	0	0.049	0.8	0.5	0.853	0.984
NUP210	NUP88	9606.ENSP00000254508	9606.ENSP00000458954	0	0	0	0	0.047	0.8	0.8	0.655	0.985
NUP210	NUP35	9606.ENSP00000254508	9606.ENSP00000295119	0	0	0	0	0.047	0.823	0.8	0.78	0.991
NUP210	NUP205	9606.ENSP00000254508	9606.ENSP00000285968	0	0	0	0	0.191	0.8	0.8	0.766	0.991
NUP210	NUP188	9606.ENSP00000254508	9606.ENSP00000361658	0	0	0	0	0.122	0.8	0.8	0.819	0.992
NUP35	NXT2	9606.ENSP00000295119	9606.ENSP00000218004	0	0	0	0	0.121	0	0.54	0.078	0.595
NUP35	NUP107	9606.ENSP00000295119	9606.ENSP00000229179	0	0	0	0	0.254	0.892	0.5	0.876	0.994
NUP35	NUP155	9606.ENSP00000295119	9606.ENSP00000231498	0	0	0	0	0.143	0.895	0.9	0.996	0.999
NUP35	NUP85	9606.ENSP00000295119	9606.ENSP00000245544	0	0	0	0	0.249	0.8	0.8	0.794	0.993
NUP35	NUP210	9606.ENSP00000295119	9606.ENSP00000254508	0	0	0	0	0.047	0.823	0.8	0.78	0.991
NUP35	NUP54	9606.ENSP00000295119	9606.ENSP00000264883	0	0	0	0	0.332	0.866	0.54	0.852	0.993
NUP35	NUP205	9606.ENSP00000295119	9606.ENSP00000285968	0	0	0	0	0.181	0.866	0.8	0.996	0.999
NUP35	HSPA5	9606.ENSP00000295119	9606.ENSP00000324173	0	0	0	0	0.042	0	0.4	0	0.4
NUP35	PSMB3	9606.ENSP00000295119	9606.ENSP00000483688	0	0	0	0	0.082	0.096	0	0.346	0.41
NUP35	SRSF7	9606.ENSP00000295119	9606.ENSP00000325905	0	0	0	0	0.185	0	0.4	0	0.49
NUP35	SRSF3	9606.ENSP00000295119	9606.ENSP00000362820	0	0	0	0	0.187	0.08	0.4	0	0.512
NUP35	ALYREF	9606.ENSP00000295119	9606.ENSP00000421592	0	0	0	0	0.162	0	0.5	0	0.563
NUP35	GLE1	9606.ENSP00000295119	9606.ENSP00000308622	0	0	0	0	0.138	0.361	0.4	0.632	0.862
NUP35	NUP50	9606.ENSP00000295119	9606.ENSP00000345895	0	0	0	0	0.135	0.359	0.8	0.733	0.966
NUP35	SEC13	9606.ENSP00000295119	9606.ENSP00000373312	0	0	0	0	0.082	0.813	0.5	0.709	0.971
NUP35	NUP160	9606.ENSP00000295119	9606.ENSP00000367721	0	0	0	0	0.182	0.821	0.5	0.811	0.984
NUP35	NUP37	9606.ENSP00000295119	9606.ENSP00000448054	0	0	0	0	0.393	0.811	0.5	0.858	0.99
NUP35	NUP43	9606.ENSP00000295119	9606.ENSP00000342262	0	0	0	0	0.31	0.8	0.8	0.756	0.992
NUP35	NUP153	9606.ENSP00000295119	9606.ENSP00000444029	0	0	0	0	0.08	0.619	0.8	0.939	0.995
NUP35	NUP62	9606.ENSP00000295119	9606.ENSP00000471191	0	0	0	0	0.067	0.866	0.54	0.932	0.995
NUP35	NUP88	9606.ENSP00000295119	9606.ENSP00000458954	0	0	0	0	0.106	0.866	0.8	0.854	0.996
NUP35	NUP98	9606.ENSP00000295119	9606.ENSP00000316032	0	0	0	0	0.13	0.874	0.54	0.952	0.997
NUP35	NUP188	9606.ENSP00000295119	9606.ENSP00000361658	0	0	0	0	0.063	0.866	0.8	0.996	0.999
NUP37	NUP107	9606.ENSP00000448054	9606.ENSP00000229179	0	0	0	0	0.482	0.998	0.9	0.999	0.999
NUP37	NUP155	9606.ENSP00000448054	9606.ENSP00000231498	0	0	0	0	0.192	0.826	0.5	0.831	0.986
NUP37	NUP85	9606.ENSP00000448054	9606.ENSP00000245544	0	0	0	0	0.217	0.998	0.9	0.997	0.999
NUP37	NUP210	9606.ENSP00000448054	9606.ENSP00000254508	0	0	0	0	0.054	0.8	0.5	0.772	0.975
NUP37	NUP54	9606.ENSP00000448054	9606.ENSP00000264883	0	0	0	0	0.181	0.8	0.5	0.662	0.968
NUP37	NUP205	9606.ENSP00000448054	9606.ENSP00000285968	0	0	0	0	0.194	0.826	0.5	0.797	0.983
NUP37	NUP35	9606.ENSP00000448054	9606.ENSP00000295119	0	0	0	0	0.393	0.811	0.5	0.858	0.99
NUP37	GLE1	9606.ENSP00000448054	9606.ENSP00000308622	0	0	0	0	0.138	0.052	0.4	0.505	0.725
NUP37	NUP98	9606.ENSP00000448054	9606.ENSP00000316032	0	0	0	0	0.083	0.884	0.9	0.997	0.999
NUP37	HSPA5	9606.ENSP00000448054	9606.ENSP00000324173	0	0	0	0	0.042	0.103	0.4	0.064	0.452
NUP37	SRSF7	9606.ENSP00000448054	9606.ENSP00000325905	0	0	0	0	0.177	0	0.4	0.075	0.503
NUP37	NUP43	9606.ENSP00000448054	9606.ENSP00000342262	0	0	0	0	0.848	0.998	0.9	0.997	0.999
NUP37	NUP50	9606.ENSP00000448054	9606.ENSP00000345895	0	0	0	0	0.085	0	0.5	0.776	0.888
NUP37	NUP188	9606.ENSP00000448054	9606.ENSP00000361658	0	0	0	0	0.063	0.8	0.5	0.844	0.983
NUP37	SRSF3	9606.ENSP00000448054	9606.ENSP00000362820	0	0	0	0	0.193	0	0.4	0.056	0.503
NUP37	NUP160	9606.ENSP00000448054	9606.ENSP00000367721	0	0	0	0	0.127	0.953	0.9	0.997	0.999
NUP37	SEC13	9606.ENSP00000448054	9606.ENSP00000373312	0	0	0	0	0.099	0.998	0.9	0.998	0.999
NUP37	ALYREF	9606.ENSP00000448054	9606.ENSP00000421592	0	0	0	0	0.172	0.102	0.5	0.104	0.622
NUP37	NUP153	9606.ENSP00000448054	9606.ENSP00000444029	0	0	0	0	0.08	0.427	0.5	0.788	0.936
NUP37	NUP62	9606.ENSP00000448054	9606.ENSP00000471191	0	0	0	0	0.06	0.83	0.5	0.786	0.98
NUP37	NUP88	9606.ENSP00000448054	9606.ENSP00000458954	0	0	0	0	0.145	0.826	0.5	0.793	0.982
NUP43	NUP107	9606.ENSP00000342262	9606.ENSP00000229179	0	0	0	0	0.354	0.998	0.9	0.996	0.999
NUP43	NUP155	9606.ENSP00000342262	9606.ENSP00000231498	0	0	0	0	0.508	0.826	0.8	0.736	0.994
NUP43	NUP85	9606.ENSP00000342262	9606.ENSP00000245544	0	0	0	0	0.294	0.999	0.9	0.997	0.999
NUP43	NUP210	9606.ENSP00000342262	9606.ENSP00000254508	0	0	0	0	0.049	0.8	0.8	0.643	0.984
NUP43	NUP54	9606.ENSP00000342262	9606.ENSP00000264883	0	0	0	0	0.228	0.826	0.5	0.815	0.986
NUP43	NUP205	9606.ENSP00000342262	9606.ENSP00000285968	0	0	0	0	0.183	0.886	0.8	0.808	0.995
NUP43	NUP35	9606.ENSP00000342262	9606.ENSP00000295119	0	0	0	0	0.31	0.8	0.8	0.756	0.992
NUP43	GLE1	9606.ENSP00000342262	9606.ENSP00000308622	0	0	0	0	0.141	0	0.4	0.525	0.733
NUP43	NUP98	9606.ENSP00000342262	9606.ENSP00000316032	0	0	0	0	0.11	0.972	0.9	0.995	0.999
NUP43	HSPA5	9606.ENSP00000342262	9606.ENSP00000324173	0	0	0	0	0.042	0	0.4	0.061	0.413
NUP43	SRSF7	9606.ENSP00000342262	9606.ENSP00000325905	0	0	0	0	0.253	0.15	0.4	0	0.585
NUP43	SRSF3	9606.ENSP00000342262	9606.ENSP00000362820	0	0	0	0	0.198	0.155	0.4	0	0.558
NUP43	ALYREF	9606.ENSP00000342262	9606.ENSP00000421592	0	0	0	0	0.178	0	0.5	0.099	0.597
NUP43	NUP153	9606.ENSP00000342262	9606.ENSP00000444029	0	0	0	0	0.063	0.735	0.8	0.686	0.982
NUP43	NUP50	9606.ENSP00000342262	9606.ENSP00000345895	0	0	0	0	0.163	0.605	0.8	0.789	0.984
NUP43	NUP62	9606.ENSP00000342262	9606.ENSP00000471191	0	0	0	0	0.149	0.855	0.5	0.783	0.984
NUP43	NUP188	9606.ENSP00000342262	9606.ENSP00000361658	0	0	0	0	0.107	0.8	0.8	0.749	0.989
NUP43	NUP88	9606.ENSP00000342262	9606.ENSP00000458954	0	0	0	0	0.135	0.847	0.8	0.728	0.991
NUP43	NUP160	9606.ENSP00000342262	9606.ENSP00000367721	0	0	0	0	0.166	0.998	0.9	0.997	0.999
NUP43	NUP37	9606.ENSP00000342262	9606.ENSP00000448054	0	0	0	0	0.848	0.998	0.9	0.997	0.999
NUP43	SEC13	9606.ENSP00000342262	9606.ENSP00000373312	0	0	0	0	0.185	0.968	0.9	0.995	0.999
NUP50	NUP107	9606.ENSP00000345895	9606.ENSP00000229179	0	0	0	0	0.196	0.625	0.5	0.854	0.975
NUP50	NUP155	9606.ENSP00000345895	9606.ENSP00000231498	0	0	0	0	0.232	0.073	0.8	0.797	0.967
NUP50	NUP85	9606.ENSP00000345895	9606.ENSP00000245544	0	0	0	0	0.182	0.517	0.8	0.764	0.978
NUP50	NUP210	9606.ENSP00000345895	9606.ENSP00000254508	0	0	0	0	0.077	0	0.8	0.758	0.951
NUP50	NUP54	9606.ENSP00000345895	9606.ENSP00000264883	0	0	0	0	0.158	0	0.5	0.838	0.926
NUP50	NUP205	9606.ENSP00000345895	9606.ENSP00000285968	0	0	0	0	0.112	0	0.8	0.776	0.956
NUP50	NUP35	9606.ENSP00000345895	9606.ENSP00000295119	0	0	0	0	0.135	0.359	0.8	0.733	0.966
NUP50	GLE1	9606.ENSP00000345895	9606.ENSP00000308622	0	0	0	0	0.171	0	0.4	0.53	0.746
NUP50	NUP98	9606.ENSP00000345895	9606.ENSP00000316032	0	0	0	0	0.167	0.162	0.5	0.872	0.949
NUP50	HSPA5	9606.ENSP00000345895	9606.ENSP00000324173	0	0	0	0	0.057	0	0.4	0.058	0.421
NUP50	SRSF7	9606.ENSP00000345895	9606.ENSP00000325905	0	0	0	0	0.097	0	0.4	0	0.435
NUP50	NUP43	9606.ENSP00000345895	9606.ENSP00000342262	0	0	0	0	0.163	0.605	0.8	0.789	0.984
NUP50	SRSF3	9606.ENSP00000345895	9606.ENSP00000362820	0	0	0	0	0.164	0	0.4	0	0.476
NUP50	ALYREF	9606.ENSP00000345895	9606.ENSP00000421592	0	0	0	0	0.16	0	0.5	0.281	0.672
NUP50	SEC13	9606.ENSP00000345895	9606.ENSP00000373312	0	0	0	0	0.058	0	0.5	0.687	0.839
NUP50	NUP37	9606.ENSP00000345895	9606.ENSP00000448054	0	0	0	0	0.085	0	0.5	0.776	0.888
NUP50	NUP160	9606.ENSP00000345895	9606.ENSP00000367721	0	0	0	0	0.106	0.45	0.5	0.771	0.936
NUP50	NUP188	9606.ENSP00000345895	9606.ENSP00000361658	0	0	0	0	0.125	0	0.8	0.7	0.943
NUP50	NUP62	9606.ENSP00000345895	9606.ENSP00000471191	0	0	0	0	0.291	0	0.5	0.895	0.959
NUP50	NUP88	9606.ENSP00000345895	9606.ENSP00000458954	0	0	0	0	0.139	0	0.8	0.868	0.975
NUP50	NUP153	9606.ENSP00000345895	9606.ENSP00000444029	0	0	0	0	0.08	0.896	0.8	0.996	0.999
NUP54	NXT2	9606.ENSP00000264883	9606.ENSP00000218004	0	0	0	0	0.087	0	0.54	0.095	0.587
NUP54	NUP107	9606.ENSP00000264883	9606.ENSP00000229179	0	0	0	0	0.237	0.979	0.5	0.825	0.998
NUP54	NUP155	9606.ENSP00000264883	9606.ENSP00000231498	0	0	0	0	0.136	0.994	0.5	0.732	0.999
NUP54	NUP85	9606.ENSP00000264883	9606.ENSP00000245544	0	0	0	0	0.205	0.962	0.5	0.821	0.996
NUP54	NUP210	9606.ENSP00000264883	9606.ENSP00000254508	0	0	0	0	0.056	0.8	0.5	0.696	0.967
NUP54	HSPA5	9606.ENSP00000264883	9606.ENSP00000324173	0	0	0	0	0.068	0.071	0.4	0	0.435
NUP54	SRSF7	9606.ENSP00000264883	9606.ENSP00000325905	0	0	0	0	0.197	0	0.4	0	0.497
NUP54	SRSF3	9606.ENSP00000264883	9606.ENSP00000362820	0	0	0	0	0.259	0	0.4	0	0.536
NUP54	ALYREF	9606.ENSP00000264883	9606.ENSP00000421592	0	0	0	0	0.14	0	0.5	0.145	0.6
NUP54	GLE1	9606.ENSP00000264883	9606.ENSP00000308622	0	0	0	0	0.167	0.642	0.4	0.626	0.924
NUP54	NUP50	9606.ENSP00000264883	9606.ENSP00000345895	0	0	0	0	0.158	0	0.5	0.838	0.926
NUP54	NUP37	9606.ENSP00000264883	9606.ENSP00000448054	0	0	0	0	0.181	0.8	0.5	0.662	0.968
NUP54	NUP160	9606.ENSP00000264883	9606.ENSP00000367721	0	0	0	0	0.29	0.8	0.5	0.765	0.981
NUP54	NUP188	9606.ENSP00000264883	9606.ENSP00000361658	0	0	0	0	0.072	0.879	0.5	0.701	0.981
NUP54	NUP153	9606.ENSP00000264883	9606.ENSP00000444029	0	0	0	0	0.209	0.825	0.5	0.79	0.983
NUP54	SEC13	9606.ENSP00000264883	9606.ENSP00000373312	0	0	0	0	0.127	0.922	0.5	0.608	0.984
NUP54	NUP88	9606.ENSP00000264883	9606.ENSP00000458954	0	0	0	0	0.117	0.8	0.5	0.849	0.984
NUP54	NUP43	9606.ENSP00000264883	9606.ENSP00000342262	0	0	0	0	0.228	0.826	0.5	0.815	0.986
NUP54	NUP35	9606.ENSP00000264883	9606.ENSP00000295119	0	0	0	0	0.332	0.866	0.54	0.852	0.993
NUP54	NUP98	9606.ENSP00000264883	9606.ENSP00000316032	0	0	0	0	0.208	0.992	0.5	0.85	0.999
NUP54	NUP205	9606.ENSP00000264883	9606.ENSP00000285968	0	0	0	0	0.129	0.994	0.5	0.816	0.999
NUP54	NUP62	9606.ENSP00000264883	9606.ENSP00000471191	0	0	0	0	0.091	0.996	0.9	0.998	0.999
NUP62	NXT2	9606.ENSP00000471191	9606.ENSP00000218004	0	0	0	0	0	0.091	0.54	0.723	0.874
NUP62	NUP107	9606.ENSP00000471191	9606.ENSP00000229179	0	0	0	0	0.128	0.955	0.5	0.9	0.997
NUP62	NUP155	9606.ENSP00000471191	9606.ENSP00000231498	0	0	0	0	0.14	0.953	0.5	0.871	0.997
NUP62	NUP85	9606.ENSP00000471191	9606.ENSP00000245544	0	0	0	0	0.298	0.935	0.5	0.805	0.995
NUP62	NUP210	9606.ENSP00000471191	9606.ENSP00000254508	0	0	0	0	0.049	0.8	0.5	0.853	0.984
NUP62	NUP54	9606.ENSP00000471191	9606.ENSP00000264883	0	0	0	0	0.091	0.996	0.9	0.998	0.999
NUP62	SOD1	9606.ENSP00000471191	9606.ENSP00000270142	0	0	0	0	0.054	0	0	0.457	0.464
NUP62	NUP205	9606.ENSP00000471191	9606.ENSP00000285968	0	0	0	0	0.167	0.977	0.5	0.849	0.998
NUP62	NUP35	9606.ENSP00000471191	9606.ENSP00000295119	0	0	0	0	0.067	0.866	0.54	0.932	0.995
NUP62	GLE1	9606.ENSP00000471191	9606.ENSP00000308622	0	0	0	0	0.067	0.622	0.4	0.689	0.925
NUP62	NUP98	9606.ENSP00000471191	9606.ENSP00000316032	0	0	0	0	0.128	0.923	0.5	0.969	0.998
NUP62	HSPA5	9606.ENSP00000471191	9606.ENSP00000324173	0	0	0	0	0.042	0.167	0.4	0.097	0.509
NUP62	SRSF7	9606.ENSP00000471191	9606.ENSP00000325905	0	0	0	0	0.076	0	0.4	0	0.421
NUP62	NUP43	9606.ENSP00000471191	9606.ENSP00000342262	0	0	0	0	0.149	0.855	0.5	0.783	0.984
NUP62	NUP50	9606.ENSP00000471191	9606.ENSP00000345895	0	0	0	0	0.291	0	0.5	0.895	0.959
NUP62	NUP188	9606.ENSP00000471191	9606.ENSP00000361658	0	0	0	0	0.074	0.825	0.5	0.82	0.983
NUP62	SRSF3	9606.ENSP00000471191	9606.ENSP00000362820	0	0	0	0	0.084	0	0.4	0.222	0.535
NUP62	NUP160	9606.ENSP00000471191	9606.ENSP00000367721	0	0	0	0	0.133	0.83	0.5	0.794	0.982
NUP62	SEC13	9606.ENSP00000471191	9606.ENSP00000373312	0	0	0	0	0.058	0.923	0.5	0.685	0.987
NUP62	ALYREF	9606.ENSP00000471191	9606.ENSP00000421592	0	0	0	0	0.137	0	0.5	0.313	0.677
NUP62	NUP153	9606.ENSP00000471191	9606.ENSP00000444029	0	0	0	0	0.105	0.428	0.5	0.989	0.996
NUP62	NUP37	9606.ENSP00000471191	9606.ENSP00000448054	0	0	0	0	0.06	0.83	0.5	0.786	0.98
NUP62	NUP88	9606.ENSP00000471191	9606.ENSP00000458954	0	0	0	0	0.128	0.98	0.5	0.976	0.999
NUP85	NUP107	9606.ENSP00000245544	9606.ENSP00000229179	0	0	0	0	0.45	0.998	0.9	0.999	0.999
NUP85	NUP155	9606.ENSP00000245544	9606.ENSP00000231498	0	0	0	0	0.16	0.97	0.8	0.797	0.998
NUP85	SRSF3	9606.ENSP00000245544	9606.ENSP00000362820	0	0	0	0	0.085	0	0.4	0	0.427
NUP85	SRSF7	9606.ENSP00000245544	9606.ENSP00000325905	0	0	0	0	0.081	0	0.4	0.064	0.439
NUP85	HSPA5	9606.ENSP00000245544	9606.ENSP00000324173	0	0	0	0	0.118	0	0.4	0.051	0.454
NUP85	DCTN2	9606.ENSP00000245544	9606.ENSP00000408910	0	0	0	0	0.054	0	0	0.49	0.496
NUP85	ALYREF	9606.ENSP00000245544	9606.ENSP00000421592	0	0	0	0	0.153	0.079	0.5	0.072	0.589
NUP85	GLE1	9606.ENSP00000245544	9606.ENSP00000308622	0	0	0	0	0.201	0.422	0.4	0.667	0.895
NUP85	NUP50	9606.ENSP00000245544	9606.ENSP00000345895	0	0	0	0	0.182	0.517	0.8	0.764	0.978
NUP85	NUP210	9606.ENSP00000245544	9606.ENSP00000254508	0	0	0	0	0.123	0.8	0.8	0.716	0.988
NUP85	NUP188	9606.ENSP00000245544	9606.ENSP00000361658	0	0	0	0	0.183	0.8	0.8	0.788	0.992
NUP85	NUP153	9606.ENSP00000245544	9606.ENSP00000444029	0	0	0	0	0.074	0.801	0.8	0.834	0.993
NUP85	NUP35	9606.ENSP00000245544	9606.ENSP00000295119	0	0	0	0	0.249	0.8	0.8	0.794	0.993
NUP85	NUP62	9606.ENSP00000245544	9606.ENSP00000471191	0	0	0	0	0.298	0.935	0.5	0.805	0.995
NUP85	NUP54	9606.ENSP00000245544	9606.ENSP00000264883	0	0	0	0	0.205	0.962	0.5	0.821	0.996
NUP85	NUP205	9606.ENSP00000245544	9606.ENSP00000285968	0	0	0	0	0.219	0.968	0.8	0.807	0.998
NUP85	NUP88	9606.ENSP00000245544	9606.ENSP00000458954	0	0	0	0	0.239	0.877	0.8	0.948	0.998
NUP85	NUP98	9606.ENSP00000245544	9606.ENSP00000316032	0	0	0	0	0.142	0.996	0.9	0.995	0.999
NUP85	NUP43	9606.ENSP00000245544	9606.ENSP00000342262	0	0	0	0	0.294	0.999	0.9	0.997	0.999
NUP85	SEC13	9606.ENSP00000245544	9606.ENSP00000373312	0	0	0	0	0.06	0.998	0.9	0.997	0.999
NUP85	NUP160	9606.ENSP00000245544	9606.ENSP00000367721	0	0	0	0	0.274	0.974	0.9	0.998	0.999
NUP85	NUP37	9606.ENSP00000245544	9606.ENSP00000448054	0	0	0	0	0.217	0.998	0.9	0.997	0.999
NUP88	NUP107	9606.ENSP00000458954	9606.ENSP00000229179	0	0	0	0	0.279	0.893	0.5	0.867	0.994
NUP88	NUP155	9606.ENSP00000458954	9606.ENSP00000231498	0	0	0	0	0.085	0.835	0.8	0.858	0.995
NUP88	NUP85	9606.ENSP00000458954	9606.ENSP00000245544	0	0	0	0	0.239	0.877	0.8	0.948	0.998
NUP88	NUP210	9606.ENSP00000458954	9606.ENSP00000254508	0	0	0	0	0.047	0.8	0.8	0.655	0.985
NUP88	NUP54	9606.ENSP00000458954	9606.ENSP00000264883	0	0	0	0	0.117	0.8	0.5	0.849	0.984
NUP88	NUP205	9606.ENSP00000458954	9606.ENSP00000285968	0	0	0	0	0.082	0.826	0.8	0.875	0.995
NUP88	NUP35	9606.ENSP00000458954	9606.ENSP00000295119	0	0	0	0	0.106	0.866	0.8	0.854	0.996
NUP88	GLE1	9606.ENSP00000458954	9606.ENSP00000308622	0	0	0	0	0.082	0.412	0.4	0.852	0.945
NUP88	NUP98	9606.ENSP00000458954	9606.ENSP00000316032	0	0	0	0	0.12	0.966	0.5	0.978	0.999
NUP88	HSPA5	9606.ENSP00000458954	9606.ENSP00000324173	0	0	0	0	0.045	0	0.4	0.397	0.624
NUP88	SRSF7	9606.ENSP00000458954	9606.ENSP00000325905	0	0	0	0	0.128	0	0.4	0	0.454
NUP88	NUP43	9606.ENSP00000458954	9606.ENSP00000342262	0	0	0	0	0.135	0.847	0.8	0.728	0.991
NUP88	NUP50	9606.ENSP00000458954	9606.ENSP00000345895	0	0	0	0	0.139	0	0.8	0.868	0.975
NUP88	NUP188	9606.ENSP00000458954	9606.ENSP00000361658	0	0	0	0	0.097	0.8	0.8	0.809	0.992
NUP88	SRSF3	9606.ENSP00000458954	9606.ENSP00000362820	0	0	0	0	0.102	0	0.4	0.125	0.487
NUP88	NUP160	9606.ENSP00000458954	9606.ENSP00000367721	0	0	0	0	0.179	0.826	0.5	0.858	0.988
NUP88	SEC13	9606.ENSP00000458954	9606.ENSP00000373312	0	0	0	0	0.06	0.826	0.5	0.76	0.977
NUP88	ALYREF	9606.ENSP00000458954	9606.ENSP00000421592	0	0	0	0	0.08	0	0.5	0.25	0.625
NUP88	NUP153	9606.ENSP00000458954	9606.ENSP00000444029	0	0	0	0	0.083	0.42	0.8	0.962	0.995
NUP88	NUP37	9606.ENSP00000458954	9606.ENSP00000448054	0	0	0	0	0.145	0.826	0.5	0.793	0.982
NUP88	NUP62	9606.ENSP00000458954	9606.ENSP00000471191	0	0	0	0	0.128	0.98	0.5	0.976	0.999
NUP98	NXT2	9606.ENSP00000316032	9606.ENSP00000218004	0	0	0	0	0	0	0	0.61	0.61
NUP98	NUP107	9606.ENSP00000316032	9606.ENSP00000229179	0	0	0	0	0.26	0.997	0.9	0.998	0.999
NUP98	NUP155	9606.ENSP00000316032	9606.ENSP00000231498	0	0	0	0	0.149	0.992	0.5	0.962	0.999
NUP98	NUP85	9606.ENSP00000316032	9606.ENSP00000245544	0	0	0	0	0.142	0.996	0.9	0.995	0.999
NUP98	NUP210	9606.ENSP00000316032	9606.ENSP00000254508	0	0	0	0	0.067	0.814	0.5	0.755	0.976
NUP98	NUP54	9606.ENSP00000316032	9606.ENSP00000264883	0	0	0	0	0.208	0.992	0.5	0.85	0.999
NUP98	NUP205	9606.ENSP00000316032	9606.ENSP00000285968	0	0	0	0	0.227	0.946	0.5	0.847	0.996
NUP98	NUP35	9606.ENSP00000316032	9606.ENSP00000295119	0	0	0	0	0.13	0.874	0.54	0.952	0.997
NUP98	GLE1	9606.ENSP00000316032	9606.ENSP00000308622	0	0	0	0	0.141	0.59	0.4	0.652	0.916
NUP98	HSPA5	9606.ENSP00000316032	9606.ENSP00000324173	0	0	0	0	0.081	0.101	0.4	0	0.461
NUP98	SRSF7	9606.ENSP00000316032	9606.ENSP00000325905	0	0	0	0	0.214	0	0.4	0.11	0.543
NUP98	SRSF3	9606.ENSP00000316032	9606.ENSP00000362820	0	0	0	0	0.21	0	0.4	0.208	0.591
NUP98	ALYREF	9606.ENSP00000316032	9606.ENSP00000421592	0	0	0	0	0.202	0.128	0.5	0.341	0.74
NUP98	NUP50	9606.ENSP00000316032	9606.ENSP00000345895	0	0	0	0	0.167	0.162	0.5	0.872	0.949
NUP98	NUP188	9606.ENSP00000316032	9606.ENSP00000361658	0	0	0	0	0.343	0.8	0.5	0.75	0.981
NUP98	NUP62	9606.ENSP00000316032	9606.ENSP00000471191	0	0	0	0	0.128	0.923	0.5	0.969	0.998
NUP98	NUP88	9606.ENSP00000316032	9606.ENSP00000458954	0	0	0	0	0.12	0.966	0.5	0.978	0.999
NUP98	NUP153	9606.ENSP00000316032	9606.ENSP00000444029	0	0	0	0	0.638	0.418	0.9	0.993	0.999
NUP98	NUP43	9606.ENSP00000316032	9606.ENSP00000342262	0	0	0	0	0.11	0.972	0.9	0.995	0.999
NUP98	SEC13	9606.ENSP00000316032	9606.ENSP00000373312	0	0	0	0	0.097	0.997	0.9	0.997	0.999
NUP98	NUP37	9606.ENSP00000316032	9606.ENSP00000448054	0	0	0	0	0.083	0.884	0.9	0.997	0.999
NUP98	NUP160	9606.ENSP00000316032	9606.ENSP00000367721	0	0	0	0	0.243	0.932	0.9	0.998	0.999
NXT2	NUP54	9606.ENSP00000218004	9606.ENSP00000264883	0	0	0	0	0.087	0	0.54	0.095	0.587
NXT2	NUP35	9606.ENSP00000218004	9606.ENSP00000295119	0	0	0	0	0.121	0	0.54	0.078	0.595
NXT2	NUP98	9606.ENSP00000218004	9606.ENSP00000316032	0	0	0	0	0	0	0	0.61	0.61
NXT2	NUP153	9606.ENSP00000218004	9606.ENSP00000444029	0	0	0	0	0	0	0	0.693	0.693
NXT2	NUP62	9606.ENSP00000218004	9606.ENSP00000471191	0	0	0	0	0	0.091	0.54	0.723	0.874
OPTN	RB1CC1	9606.ENSP00000368022	9606.ENSP00000025008	0	0	0	0	0.074	0.926	0	0.583	0.969
OPTN	GABARAPL2	9606.ENSP00000368022	9606.ENSP00000037243	0	0	0	0	0.162	0.425	0.9	0.975	0.998
OPTN	PFN1	9606.ENSP00000368022	9606.ENSP00000225655	0	0	0	0	0.049	0	0	0.58	0.583
OPTN	ATG14	9606.ENSP00000368022	9606.ENSP00000247178	0	0	0	0	0.063	0.292	0	0.507	0.644
OPTN	FUS	9606.ENSP00000368022	9606.ENSP00000254108	0	0	0	0	0.042	0.192	0	0.939	0.948
OPTN	TANK	9606.ENSP00000368022	9606.ENSP00000259075	0	0	0	0	0.115	0.045	0.9	0.433	0.945
OPTN	SPG11	9606.ENSP00000368022	9606.ENSP00000261866	0	0	0	0	0.061	0	0	0.592	0.6
OPTN	PIK3C3	9606.ENSP00000368022	9606.ENSP00000262039	0	0	0	0	0.049	0.076	0	0.541	0.561
OPTN	WIPI1	9606.ENSP00000368022	9606.ENSP00000262139	0	0	0	0	0.049	0.195	0	0.51	0.592
OPTN	TP53	9606.ENSP00000368022	9606.ENSP00000269305	0	0	0	0	0	0	0	0.498	0.497
OPTN	SOD1	9606.ENSP00000368022	9606.ENSP00000270142	0	0	0	0	0.082	0.51	0	0.872	0.937
OPTN	WIPI2	9606.ENSP00000368022	9606.ENSP00000288828	0	0	0	0	0.049	0.51	0	0.502	0.747
OPTN	NEFH	9606.ENSP00000368022	9606.ENSP00000311997	0	0	0	0	0	0	0	0.595	0.595
OPTN	ULK1	9606.ENSP00000368022	9606.ENSP00000324560	0	0	0	0	0	0.292	0	0.577	0.687
OPTN	TBK1	9606.ENSP00000368022	9606.ENSP00000329967	0	0	0	0	0.072	0.991	0.9	0.994	0.999
OPTN	TUBB	9606.ENSP00000368022	9606.ENSP00000339001	0	0	0	0	0.056	0	0.5	0.09	0.533
OPTN	HNRNPA2B1	9606.ENSP00000368022	9606.ENSP00000346694	0	0	0	0	0.055	0	0	0.399	0.408
OPTN	UBQLN3	9606.ENSP00000368022	9606.ENSP00000347997	0	0	0	0	0.06	0.247	0	0.504	0.618
OPTN	PIK3R4	9606.ENSP00000368022	9606.ENSP00000349205	0	0	0	0	0.042	0	0	0.447	0.447
OPTN	UBQLN4	9606.ENSP00000368022	9606.ENSP00000357292	0	0	0	0	0.06	0.247	0	0.521	0.631
OPTN	UBQLN1	9606.ENSP00000368022	9606.ENSP00000365576	0	0	0	0	0.086	0.365	0	0.595	0.744
OPTN	TOMM40	9606.ENSP00000368022	9606.ENSP00000410339	0	0	0	0	0.042	0.384	0	0.245	0.515
OPTN	DCTN2	9606.ENSP00000368022	9606.ENSP00000408910	0	0	0	0	0.049	0	0.5	0.101	0.535
OPTN	ERN1	9606.ENSP00000368022	9606.ENSP00000401445	0	0	0	0	0.076	0.072	0	0.507	0.54
OPTN	SQSTM1	9606.ENSP00000368022	9606.ENSP00000374455	0	0	0	0	0.058	0.438	0	0.991	0.994
OPTN	GABARAPL1	9606.ENSP00000368022	9606.ENSP00000411256	0	0	0	0	0.132	0.425	0.9	0.975	0.998
PFN1	HNRNPA2B1	9606.ENSP00000225655	9606.ENSP00000346694	0	0	0	0	0.096	0	0	0.406	0.44
PFN1	TBK1	9606.ENSP00000225655	9606.ENSP00000329967	0	0	0	0	0.042	0.058	0	0.435	0.446
PFN1	SQSTM1	9606.ENSP00000225655	9606.ENSP00000374455	0	0	0	0	0.042	0	0	0.463	0.463
PFN1	SPG11	9606.ENSP00000225655	9606.ENSP00000261866	0	0	0	0	0.042	0	0	0.476	0.476
PFN1	TUBB	9606.ENSP00000225655	9606.ENSP00000339001	0	0	0	0	0.299	0.069	0	0.317	0.515
PFN1	OPTN	9606.ENSP00000225655	9606.ENSP00000368022	0	0	0	0	0.049	0	0	0.58	0.583
PFN1	NEFH	9606.ENSP00000225655	9606.ENSP00000311997	0	0	0	0	0	0.057	0	0.616	0.622
PFN1	FUS	9606.ENSP00000225655	9606.ENSP00000254108	0	0	0	0	0.065	0.134	0	0.623	0.668
PFN1	SOD1	9606.ENSP00000225655	9606.ENSP00000270142	0	0	0	0	0.067	0.208	0	0.596	0.675
PFN1	ACTG1	9606.ENSP00000225655	9606.ENSP00000458162	0	0	0	0	0.252	0.301	0.9	0.871	0.992
PIK3C3	RB1CC1	9606.ENSP00000262039	9606.ENSP00000025008	0	0	0	0	0.074	0	0.9	0.895	0.989
PIK3C3	GABARAPL2	9606.ENSP00000262039	9606.ENSP00000037243	0	0	0	0	0.044	0	0.9	0.852	0.984
PIK3C3	ATG14	9606.ENSP00000262039	9606.ENSP00000247178	0	0	0	0	0.061	0.994	0.8	0.999	0.999
PIK3C3	HDAC6	9606.ENSP00000262039	9606.ENSP00000365804	0	0	0	0	0.095	0	0	0.37	0.406
PIK3C3	ATF6	9606.ENSP00000262039	9606.ENSP00000356919	0	0	0	0	0.14	0	0	0.365	0.431
PIK3C3	TBK1	9606.ENSP00000262039	9606.ENSP00000329967	0	0	0	0	0.108	0.053	0	0.397	0.446
PIK3C3	CASP3	9606.ENSP00000262039	9606.ENSP00000311032	0	0	0	0	0.056	0	0	0.481	0.489
PIK3C3	TP53	9606.ENSP00000262039	9606.ENSP00000269305	0	0	0	0	0.049	0.164	0	0.473	0.544
PIK3C3	OPTN	9606.ENSP00000262039	9606.ENSP00000368022	0	0	0	0	0.049	0.076	0	0.541	0.561
PIK3C3	BCL2L1	9606.ENSP00000262039	9606.ENSP00000365230	0	0	0	0	0.049	0.069	0	0.762	0.771
PIK3C3	SQSTM1	9606.ENSP00000262039	9606.ENSP00000374455	0	0	0	0	0.042	0	0	0.811	0.812
PIK3C3	HSPA5	9606.ENSP00000262039	9606.ENSP00000324173	0	0	0	0	0.042	0.295	0	0.817	0.865
PIK3C3	WIPI1	9606.ENSP00000262039	9606.ENSP00000262139	0	0	0	0	0.06	0	0	0.9	0.902
PIK3C3	WIPI2	9606.ENSP00000262039	9606.ENSP00000288828	0	0	0	0	0.057	0	0.5	0.944	0.971
PIK3C3	BCL2	9606.ENSP00000262039	9606.ENSP00000381185	0	0	0	0	0.05	0.069	0	0.975	0.976
PIK3C3	GABARAPL1	9606.ENSP00000262039	9606.ENSP00000411256	0	0	0	0	0	0	0.9	0.852	0.984
PIK3C3	ULK1	9606.ENSP00000262039	9606.ENSP00000324560	0	0	0	0	0	0.84	0.9	0.962	0.999
PIK3C3	PIK3R4	9606.ENSP00000262039	9606.ENSP00000349205	0	0	0	0	0.158	0.997	0.967	0.999	0.999
PIK3R4	RB1CC1	9606.ENSP00000349205	9606.ENSP00000025008	0	0	0	0	0.056	0	0.9	0.872	0.986
PIK3R4	GABARAPL2	9606.ENSP00000349205	9606.ENSP00000037243	0	0	0	0	0.063	0	0.5	0.828	0.912
PIK3R4	ATG14	9606.ENSP00000349205	9606.ENSP00000247178	0	0	0	0	0.049	0.994	0.8	0.999	0.999
PIK3R4	PIK3C3	9606.ENSP00000349205	9606.ENSP00000262039	0	0	0	0	0.158	0.997	0.967	0.999	0.999
PIK3R4	WIPI1	9606.ENSP00000349205	9606.ENSP00000262139	0	0	0	0	0	0	0	0.815	0.815
PIK3R4	WIPI2	9606.ENSP00000349205	9606.ENSP00000288828	0	0	0	0	0.058	0	0.5	0.79	0.892
PIK3R4	ULK1	9606.ENSP00000349205	9606.ENSP00000324560	0	0	0	0	0	0.84	0.9	0.851	0.997
PIK3R4	BCL2L1	9606.ENSP00000349205	9606.ENSP00000365230	0	0	0	0	0.049	0	0	0.42	0.425
PIK3R4	OPTN	9606.ENSP00000349205	9606.ENSP00000368022	0	0	0	0	0.042	0	0	0.447	0.447
PIK3R4	BCL2	9606.ENSP00000349205	9606.ENSP00000381185	0	0	0	0	0	0	0	0.692	0.692
PIK3R4	SQSTM1	9606.ENSP00000349205	9606.ENSP00000374455	0	0	0	0	0.042	0	0	0.793	0.793
PIK3R4	GABARAPL1	9606.ENSP00000349205	9606.ENSP00000411256	0	0	0	0	0.056	0	0.5	0.828	0.912
PPP3R1	PSMC4	9606.ENSP00000234310	9606.ENSP00000157812	0	0	0	0	0.069	0.058	0	0.476	0.501
PPP3R1	MAP3K5	9606.ENSP00000234310	9606.ENSP00000351908	0	0	0	0	0.067	0.301	0	0.181	0.42
PPP3R1	BCL2	9606.ENSP00000234310	9606.ENSP00000381185	0	0	0	0	0.049	0.301	0	0.222	0.438
PPP3R1	ITPR3	9606.ENSP00000234310	9606.ENSP00000363435	0	0	0	0	0.044	0.045	0.5	0.148	0.559
PPP3R1	SOD1	9606.ENSP00000234310	9606.ENSP00000270142	0	0	0	0	0.044	0.068	0.9	0.174	0.916
PRPH	NEFM	9606.ENSP00000257860	9606.ENSP00000221166	0	0	0	0.877	0.06	0.045	0.9	0.063	0.904
PRPH	NEFL	9606.ENSP00000257860	9606.ENSP00000482169	0	0	0	0.887	0	0.045	0.9	0.058	0.902
PRPH	NEFH	9606.ENSP00000257860	9606.ENSP00000311997	0	0	0	0.809	0.042	0.045	0.9	0.076	0.904
PSMA2	PSMA4	9606.ENSP00000223321	9606.ENSP00000044462	0	0	0	0.852	0.959	0.999	0.9	0.631	0.999
PSMA2	PSMC4	9606.ENSP00000223321	9606.ENSP00000157812	0	0.002	0	0	0.438	0.999	0	0.693	0.999
PSMA2	PSMD8	9606.ENSP00000223321	9606.ENSP00000215071	0	0	0	0	0.786	0.992	0	0.528	0.999
PSMA2	UBQLN1	9606.ENSP00000223321	9606.ENSP00000365576	0	0	0	0	0.283	0.162	0	0.19	0.471
PSMA2	TP53	9606.ENSP00000223321	9606.ENSP00000269305	0	0	0	0	0	0	0.4	0.166	0.478
PSMA2	HSPA5	9606.ENSP00000223321	9606.ENSP00000324173	0	0	0	0	0.094	0.439	0	0.223	0.571
PSMA2	SOD1	9606.ENSP00000223321	9606.ENSP00000270142	0	0	0	0	0.215	0.074	0.65	0.114	0.744
PSMA2	PSMD14	9606.ENSP00000223321	9606.ENSP00000386541	0	0	0	0	0.839	0.997	0.8	0.637	0.999
PSMA2	PSMB3	9606.ENSP00000223321	9606.ENSP00000483688	0	0	0	0	0.961	0.999	0.9	0.881	0.999
PSMA2	PSMC3	9606.ENSP00000223321	9606.ENSP00000481029	0	0.003	0	0	0.474	0.994	0.8	0.665	0.999
PSMA2	PSMC5	9606.ENSP00000223321	9606.ENSP00000310572	0	0.003	0	0	0.477	0.999	0	0.694	0.999
PSMA2	PSMD11	9606.ENSP00000223321	9606.ENSP00000261712	0	0	0	0	0.779	0.997	0.8	0.604	0.999
PSMA2	PSMB5	9606.ENSP00000223321	9606.ENSP00000355325	0	0	0	0	0.509	0.999	0.9	0.692	0.999
PSMA2	PSMB6	9606.ENSP00000223321	9606.ENSP00000270586	0	0	0	0	0.895	0.999	0.9	0.812	0.999
PSMA4	UBQLN1	9606.ENSP00000044462	9606.ENSP00000365576	0	0	0	0	0.25	0.132	0	0.176	0.417
PSMA4	NDUFB3	9606.ENSP00000044462	9606.ENSP00000407336	0	0	0	0	0.437	0	0	0.045	0.439
PSMA4	HNRNPA2B1	9606.ENSP00000044462	9606.ENSP00000346694	0	0	0	0	0.336	0.171	0	0.078	0.449
PSMA4	TP53	9606.ENSP00000044462	9606.ENSP00000269305	0	0	0	0	0	0	0.4	0.147	0.466
PSMA4	SOD1	9606.ENSP00000044462	9606.ENSP00000270142	0	0	0	0	0.259	0	0.65	0.097	0.745
PSMA4	UBQLN4	9606.ENSP00000044462	9606.ENSP00000357292	0	0	0	0	0.087	0.994	0	0.202	0.995
PSMA4	PSMD8	9606.ENSP00000044462	9606.ENSP00000215071	0	0	0	0	0.876	0.995	0	0.529	0.999
PSMA4	PSMB3	9606.ENSP00000044462	9606.ENSP00000483688	0	0	0	0	0.931	0.997	0.9	0.89	0.999
PSMA4	PSMD14	9606.ENSP00000044462	9606.ENSP00000386541	0	0	0	0	0.886	0.997	0	0.574	0.999
PSMA4	PSMB6	9606.ENSP00000044462	9606.ENSP00000270586	0	0	0	0	0.784	0.999	0.9	0.852	0.999
PSMA4	PSMB5	9606.ENSP00000044462	9606.ENSP00000355325	0	0	0	0	0.473	0.999	0.9	0.78	0.999
PSMA4	PSMA2	9606.ENSP00000044462	9606.ENSP00000223321	0	0	0	0.852	0.959	0.999	0.9	0.631	0.999
PSMA4	PSMC3	9606.ENSP00000044462	9606.ENSP00000481029	0.057	0	0	0	0.526	0.989	0	0.889	0.999
PSMA4	PSMC4	9606.ENSP00000044462	9606.ENSP00000157812	0.057	0	0	0	0.716	0.993	0	0.643	0.999
PSMA4	PSMC5	9606.ENSP00000044462	9606.ENSP00000310572	0	0	0	0	0.509	0.999	0	0.726	0.999
PSMA4	PSMD11	9606.ENSP00000044462	9606.ENSP00000261712	0	0	0	0	0.663	0.998	0	0.616	0.999
PSMB3	PSMA4	9606.ENSP00000483688	9606.ENSP00000044462	0	0	0	0	0.931	0.997	0.9	0.89	0.999
PSMB3	PSMC4	9606.ENSP00000483688	9606.ENSP00000157812	0.057	0	0	0	0.871	0.993	0	0.747	0.999
PSMB3	PSMD8	9606.ENSP00000483688	9606.ENSP00000215071	0	0	0	0	0.9	0.994	0	0.592	0.999
PSMB3	PSMA2	9606.ENSP00000483688	9606.ENSP00000223321	0	0	0	0	0.961	0.999	0.9	0.881	0.999
PSMB3	PSMD11	9606.ENSP00000483688	9606.ENSP00000261712	0	0	0	0	0.458	0.994	0	0.623	0.998
PSMB3	TP53	9606.ENSP00000483688	9606.ENSP00000269305	0	0	0	0	0	0.292	0.4	0.147	0.605
PSMB3	SOD1	9606.ENSP00000483688	9606.ENSP00000270142	0	0	0	0	0.226	0	0.65	0.103	0.735
PSMB3	PSMB6	9606.ENSP00000483688	9606.ENSP00000270586	0	0	0	0.648	0.899	0.999	0.9	0.694	0.999
PSMB3	NUP35	9606.ENSP00000483688	9606.ENSP00000295119	0	0	0	0	0.082	0.096	0	0.346	0.41
PSMB3	PSMC5	9606.ENSP00000483688	9606.ENSP00000310572	0	0	0	0	0.464	0.995	0	0.585	0.998
PSMB3	PSMB5	9606.ENSP00000483688	9606.ENSP00000355325	0	0	0	0.631	0.718	0.999	0.9	0.486	0.999
PSMB3	UBQLN4	9606.ENSP00000483688	9606.ENSP00000357292	0	0	0	0	0.075	0.994	0	0.067	0.994
PSMB3	PSMD14	9606.ENSP00000483688	9606.ENSP00000386541	0	0	0	0	0.479	0.997	0	0.618	0.999
PSMB3	PSMC3	9606.ENSP00000483688	9606.ENSP00000481029	0.057	0	0	0	0.538	0.994	0	0.777	0.999
PSMB5	PSMA4	9606.ENSP00000355325	9606.ENSP00000044462	0	0	0	0	0.473	0.999	0.9	0.78	0.999
PSMB5	PSMC4	9606.ENSP00000355325	9606.ENSP00000157812	0.057	0	0	0	0.57	0.999	0	0.693	0.999
PSMB5	PSMD8	9606.ENSP00000355325	9606.ENSP00000215071	0	0	0	0	0.47	0.974	0	0.406	0.991
PSMB5	PSMA2	9606.ENSP00000355325	9606.ENSP00000223321	0	0	0	0	0.509	0.999	0.9	0.692	0.999
PSMB5	PSMD11	9606.ENSP00000355325	9606.ENSP00000261712	0	0	0	0	0.323	0.978	0	0.66	0.994
PSMB5	TP53	9606.ENSP00000355325	9606.ENSP00000269305	0	0	0	0	0	0	0.4	0.269	0.542
PSMB5	SOD1	9606.ENSP00000355325	9606.ENSP00000270142	0	0	0	0	0.183	0	0.65	0.125	0.728
PSMB5	PSMB6	9606.ENSP00000355325	9606.ENSP00000270586	0	0	0.107	0.738	0.783	0.999	0.9	0.973	0.999
PSMB5	PSMC5	9606.ENSP00000355325	9606.ENSP00000310572	0	0	0	0	0.443	0.999	0	0.68	0.999
PSMB5	SQSTM1	9606.ENSP00000355325	9606.ENSP00000374455	0	0	0	0	0.054	0.307	0	0.307	0.506
PSMB5	UBQLN4	9606.ENSP00000355325	9606.ENSP00000357292	0	0	0	0	0.071	0.994	0	0.067	0.994
PSMB5	PSMD14	9606.ENSP00000355325	9606.ENSP00000386541	0	0	0	0	0.445	0.995	0	0.626	0.998
PSMB5	PSMC3	9606.ENSP00000355325	9606.ENSP00000481029	0.057	0	0	0	0.453	0.999	0	0.788	0.999
PSMB5	PSMB3	9606.ENSP00000355325	9606.ENSP00000483688	0	0	0	0.631	0.718	0.999	0.9	0.486	0.999
PSMB6	PSMA4	9606.ENSP00000270586	9606.ENSP00000044462	0	0	0	0	0.784	0.999	0.9	0.852	0.999
PSMB6	PSMC4	9606.ENSP00000270586	9606.ENSP00000157812	0	0	0	0	0.682	0.988	0	0.684	0.998
PSMB6	PSMD8	9606.ENSP00000270586	9606.ENSP00000215071	0	0	0	0	0.808	0.986	0	0.705	0.999
PSMB6	PSMA2	9606.ENSP00000270586	9606.ENSP00000223321	0	0	0	0	0.895	0.999	0.9	0.812	0.999
PSMB6	PSMD11	9606.ENSP00000270586	9606.ENSP00000261712	0	0	0	0	0.538	0.975	0	0.62	0.995
PSMB6	TP53	9606.ENSP00000270586	9606.ENSP00000269305	0	0	0	0	0	0	0.4	0.184	0.489
PSMB6	SOD1	9606.ENSP00000270586	9606.ENSP00000270142	0	0	0	0	0.241	0.074	0.65	0.07	0.741
PSMB6	CYC1	9606.ENSP00000270586	9606.ENSP00000317159	0	0	0	0	0.412	0	0	0.08	0.435
PSMB6	COX6B1	9606.ENSP00000270586	9606.ENSP00000466818	0	0	0	0	0.492	0	0	0.047	0.495
PSMB6	PSMC5	9606.ENSP00000270586	9606.ENSP00000310572	0	0	0	0	0.401	0.978	0	0.755	0.996
PSMB6	PSMC3	9606.ENSP00000270586	9606.ENSP00000481029	0	0	0	0	0.64	0.99	0	0.681	0.998
PSMB6	PSMB5	9606.ENSP00000270586	9606.ENSP00000355325	0	0	0.107	0.738	0.783	0.999	0.9	0.973	0.999
PSMB6	PSMB3	9606.ENSP00000270586	9606.ENSP00000483688	0	0	0	0.648	0.899	0.999	0.9	0.694	0.999
PSMB6	PSMD14	9606.ENSP00000270586	9606.ENSP00000386541	0	0	0	0	0.524	0.995	0	0.7	0.999
PSMC3	PSMA4	9606.ENSP00000481029	9606.ENSP00000044462	0.057	0	0	0	0.526	0.989	0	0.889	0.999
PSMC3	PSMC4	9606.ENSP00000481029	9606.ENSP00000157812	0	0	0.087	0.899	0.916	0.999	0.72	0.83	0.999
PSMC3	UQCRC1	9606.ENSP00000481029	9606.ENSP00000203407	0	0	0	0	0.505	0	0	0.183	0.579
PSMC3	PSMD8	9606.ENSP00000481029	9606.ENSP00000215071	0	0	0	0	0.91	0.999	0.72	0.744	0.999
PSMC3	PSMA2	9606.ENSP00000481029	9606.ENSP00000223321	0	0.003	0	0	0.474	0.994	0.8	0.665	0.999
PSMC3	PSMD11	9606.ENSP00000481029	9606.ENSP00000261712	0	0	0	0	0.816	0.997	0.8	0.782	0.999
PSMC3	TP53	9606.ENSP00000481029	9606.ENSP00000269305	0	0	0	0	0.042	0.224	0.4	0.166	0.578
PSMC3	SOD1	9606.ENSP00000481029	9606.ENSP00000270142	0	0	0	0	0.106	0.071	0.65	0.429	0.812
PSMC3	PSMB6	9606.ENSP00000481029	9606.ENSP00000270586	0	0	0	0	0.64	0.99	0	0.681	0.998
PSMC3	PSMC5	9606.ENSP00000481029	9606.ENSP00000310572	0	0	0.083	0.908	0.959	0.998	0.72	0.589	0.999
PSMC3	PSMB5	9606.ENSP00000481029	9606.ENSP00000355325	0.057	0	0	0	0.453	0.999	0	0.788	0.999
PSMC3	UBQLN4	9606.ENSP00000481029	9606.ENSP00000357292	0	0	0	0	0.092	0.994	0	0.131	0.995
PSMC3	NUP160	9606.ENSP00000481029	9606.ENSP00000367721	0	0	0	0	0.062	0	0	0.493	0.504
PSMC3	PSMD14	9606.ENSP00000481029	9606.ENSP00000386541	0.044	0	0	0	0.938	0.997	0.8	0.676	0.999
PSMC3	DCTN2	9606.ENSP00000481029	9606.ENSP00000408910	0	0	0	0	0.214	0	0	0.33	0.451
PSMC3	PSMB3	9606.ENSP00000481029	9606.ENSP00000483688	0.057	0	0	0	0.538	0.994	0	0.777	0.999
PSMC4	PSMA4	9606.ENSP00000157812	9606.ENSP00000044462	0.057	0	0	0	0.716	0.993	0	0.643	0.999
PSMC4	MAP3K5	9606.ENSP00000157812	9606.ENSP00000351908	0	0	0	0	0	0.292	0	0.187	0.4
PSMC4	HNRNPA2B1	9606.ENSP00000157812	9606.ENSP00000346694	0	0	0	0	0.112	0.071	0	0.382	0.446
PSMC4	PPP3R1	9606.ENSP00000157812	9606.ENSP00000234310	0	0	0	0	0.069	0.058	0	0.476	0.501
PSMC4	TP53	9606.ENSP00000157812	9606.ENSP00000269305	0	0	0	0	0.055	0	0.4	0.221	0.519
PSMC4	UBQLN1	9606.ENSP00000157812	9606.ENSP00000365576	0	0	0	0	0.114	0.309	0	0.376	0.585
PSMC4	SOD1	9606.ENSP00000157812	9606.ENSP00000270142	0	0	0	0	0.106	0.074	0.65	0.484	0.83
PSMC4	PSMB6	9606.ENSP00000157812	9606.ENSP00000270586	0	0	0	0	0.682	0.988	0	0.684	0.998
PSMC4	PSMD14	9606.ENSP00000157812	9606.ENSP00000386541	0.044	0	0	0	0.886	0.999	0.72	0.866	0.999
PSMC4	PSMB3	9606.ENSP00000157812	9606.ENSP00000483688	0.057	0	0	0	0.871	0.993	0	0.747	0.999
PSMC4	PSMD8	9606.ENSP00000157812	9606.ENSP00000215071	0	0	0	0	0.861	0.999	0.72	0.871	0.999
PSMC4	PSMB5	9606.ENSP00000157812	9606.ENSP00000355325	0.057	0	0	0	0.57	0.999	0	0.693	0.999
PSMC4	PSMD11	9606.ENSP00000157812	9606.ENSP00000261712	0	0	0	0	0.701	0.997	0.72	0.897	0.999
PSMC4	PSMC5	9606.ENSP00000157812	9606.ENSP00000310572	0	0	0.079	0.907	0.946	0.999	0.72	0.648	0.999
PSMC4	PSMC3	9606.ENSP00000157812	9606.ENSP00000481029	0	0	0.087	0.899	0.916	0.999	0.72	0.83	0.999
PSMC4	PSMA2	9606.ENSP00000157812	9606.ENSP00000223321	0	0.002	0	0	0.438	0.999	0	0.693	0.999
PSMC5	PSMA4	9606.ENSP00000310572	9606.ENSP00000044462	0	0	0	0	0.509	0.999	0	0.726	0.999
PSMC5	PSMC4	9606.ENSP00000310572	9606.ENSP00000157812	0	0	0.079	0.907	0.946	0.999	0.72	0.648	0.999
PSMC5	PSMD8	9606.ENSP00000310572	9606.ENSP00000215071	0	0	0	0	0.573	0.998	0.72	0.697	0.999
PSMC5	PSMA2	9606.ENSP00000310572	9606.ENSP00000223321	0	0.003	0	0	0.477	0.999	0	0.694	0.999
PSMC5	PSMD11	9606.ENSP00000310572	9606.ENSP00000261712	0	0	0	0	0.713	0.999	0.72	0.749	0.999
PSMC5	NDUFB10	9606.ENSP00000310572	9606.ENSP00000268668	0	0	0	0	0.42	0	0	0	0.42
PSMC5	TP53	9606.ENSP00000310572	9606.ENSP00000269305	0	0	0	0	0	0.51	0.4	0.697	0.903
PSMC5	SOD1	9606.ENSP00000310572	9606.ENSP00000270142	0	0	0	0	0.127	0.072	0.65	0.063	0.698
PSMC5	PSMB6	9606.ENSP00000310572	9606.ENSP00000270586	0	0	0	0	0.401	0.978	0	0.755	0.996
PSMC5	WIPI2	9606.ENSP00000310572	9606.ENSP00000288828	0	0	0	0	0.056	0.378	0	0.08	0.412
PSMC5	UBQLN4	9606.ENSP00000310572	9606.ENSP00000357292	0	0	0	0	0.088	0.994	0	0.155	0.995
PSMC5	PSMB3	9606.ENSP00000310572	9606.ENSP00000483688	0	0	0	0	0.464	0.995	0	0.585	0.998
PSMC5	PSMC3	9606.ENSP00000310572	9606.ENSP00000481029	0	0	0.083	0.908	0.959	0.998	0.72	0.589	0.999
PSMC5	PSMB5	9606.ENSP00000310572	9606.ENSP00000355325	0	0	0	0	0.443	0.999	0	0.68	0.999
PSMC5	PSMD14	9606.ENSP00000310572	9606.ENSP00000386541	0	0	0	0	0.879	0.999	0.72	0.714	0.999
PSMD11	PSMA4	9606.ENSP00000261712	9606.ENSP00000044462	0	0	0	0	0.663	0.998	0	0.616	0.999
PSMD11	PSMC4	9606.ENSP00000261712	9606.ENSP00000157812	0	0	0	0	0.701	0.997	0.72	0.897	0.999
PSMD11	PSMD8	9606.ENSP00000261712	9606.ENSP00000215071	0	0	0	0	0.87	0.998	0.72	0.996	0.999
PSMD11	PSMA2	9606.ENSP00000261712	9606.ENSP00000223321	0	0	0	0	0.779	0.997	0.8	0.604	0.999
PSMD11	WIPI2	9606.ENSP00000261712	9606.ENSP00000288828	0	0	0	0	0.113	0.378	0	0	0.425
PSMD11	TP53	9606.ENSP00000261712	9606.ENSP00000269305	0	0	0	0	0	0.043	0.4	0.226	0.517
PSMD11	UBQLN1	9606.ENSP00000261712	9606.ENSP00000365576	0	0	0	0	0.135	0.277	0	0.403	0.594
PSMD11	SOD1	9606.ENSP00000261712	9606.ENSP00000270142	0	0	0	0	0.075	0.074	0.65	0.15	0.711
PSMD11	PSMB5	9606.ENSP00000261712	9606.ENSP00000355325	0	0	0	0	0.323	0.978	0	0.66	0.994
PSMD11	PSMB6	9606.ENSP00000261712	9606.ENSP00000270586	0	0	0	0	0.538	0.975	0	0.62	0.995
PSMD11	UBQLN4	9606.ENSP00000261712	9606.ENSP00000357292	0	0	0	0	0.082	0.995	0	0.197	0.996
PSMD11	PSMB3	9606.ENSP00000261712	9606.ENSP00000483688	0	0	0	0	0.458	0.994	0	0.623	0.998
PSMD11	PSMD14	9606.ENSP00000261712	9606.ENSP00000386541	0	0	0	0	0.892	0.999	0.8	0.995	0.999
PSMD11	PSMC3	9606.ENSP00000261712	9606.ENSP00000481029	0	0	0	0	0.816	0.997	0.8	0.782	0.999
PSMD11	PSMC5	9606.ENSP00000261712	9606.ENSP00000310572	0	0	0	0	0.713	0.999	0.72	0.749	0.999
PSMD14	PSMA4	9606.ENSP00000386541	9606.ENSP00000044462	0	0	0	0	0.886	0.997	0	0.574	0.999
PSMD14	PSMC4	9606.ENSP00000386541	9606.ENSP00000157812	0.044	0	0	0	0.886	0.999	0.72	0.866	0.999
PSMD14	PSMD8	9606.ENSP00000386541	9606.ENSP00000215071	0	0	0	0	0.785	0.997	0.72	0.997	0.999
PSMD14	PSMA2	9606.ENSP00000386541	9606.ENSP00000223321	0	0	0	0	0.839	0.997	0.8	0.637	0.999
PSMD14	PSMD11	9606.ENSP00000386541	9606.ENSP00000261712	0	0	0	0	0.892	0.999	0.8	0.995	0.999
PSMD14	TP53	9606.ENSP00000386541	9606.ENSP00000269305	0	0	0	0	0	0	0.4	0.31	0.568
PSMD14	SOD1	9606.ENSP00000386541	9606.ENSP00000270142	0	0	0	0	0.218	0.125	0.65	0.145	0.768
PSMD14	PSMB6	9606.ENSP00000386541	9606.ENSP00000270586	0	0	0	0	0.524	0.995	0	0.7	0.999
PSMD14	PSMC5	9606.ENSP00000386541	9606.ENSP00000310572	0	0	0	0	0.879	0.999	0.72	0.714	0.999
PSMD14	HSPA5	9606.ENSP00000386541	9606.ENSP00000324173	0	0	0	0	0.155	0.277	0	0.181	0.456
PSMD14	UBQLN3	9606.ENSP00000386541	9606.ENSP00000347997	0	0	0	0	0.103	0.314	0	0.307	0.536
PSMD14	PSMB5	9606.ENSP00000386541	9606.ENSP00000355325	0	0	0	0	0.445	0.995	0	0.626	0.998
PSMD14	UBQLN4	9606.ENSP00000386541	9606.ENSP00000357292	0	0	0	0	0.12	0.995	0	0.32	0.997
PSMD14	UBQLN1	9606.ENSP00000386541	9606.ENSP00000365576	0	0	0	0	0.177	0.702	0	0.609	0.896
PSMD14	SEC13	9606.ENSP00000386541	9606.ENSP00000373312	0	0	0	0	0.345	0.113	0	0.055	0.403
PSMD14	SQSTM1	9606.ENSP00000386541	9606.ENSP00000374455	0	0	0	0	0.042	0.225	0	0.279	0.418
PSMD14	PSMC3	9606.ENSP00000386541	9606.ENSP00000481029	0.044	0	0	0	0.938	0.997	0.8	0.676	0.999
PSMD14	PSMB3	9606.ENSP00000386541	9606.ENSP00000483688	0	0	0	0	0.479	0.997	0	0.618	0.999
PSMD8	PSMA4	9606.ENSP00000215071	9606.ENSP00000044462	0	0	0	0	0.876	0.995	0	0.529	0.999
PSMD8	PSMC4	9606.ENSP00000215071	9606.ENSP00000157812	0	0	0	0	0.861	0.999	0.72	0.871	0.999
PSMD8	UBQLN3	9606.ENSP00000215071	9606.ENSP00000347997	0	0	0	0	0.055	0.275	0	0.229	0.425
PSMD8	TP53	9606.ENSP00000215071	9606.ENSP00000269305	0	0	0	0	0	0	0.4	0.137	0.46
PSMD8	UBQLN1	9606.ENSP00000215071	9606.ENSP00000365576	0	0	0	0	0.113	0.275	0	0.486	0.64
PSMD8	SOD1	9606.ENSP00000215071	9606.ENSP00000270142	0	0	0	0	0.103	0	0.65	0.095	0.691
PSMD8	PSMB5	9606.ENSP00000215071	9606.ENSP00000355325	0	0	0	0	0.47	0.974	0	0.406	0.991
PSMD8	UBQLN4	9606.ENSP00000215071	9606.ENSP00000357292	0	0	0	0	0.076	0.995	0	0.214	0.996
PSMD8	PSMD14	9606.ENSP00000215071	9606.ENSP00000386541	0	0	0	0	0.785	0.997	0.72	0.997	0.999
PSMD8	PSMB3	9606.ENSP00000215071	9606.ENSP00000483688	0	0	0	0	0.9	0.994	0	0.592	0.999
PSMD8	PSMB6	9606.ENSP00000215071	9606.ENSP00000270586	0	0	0	0	0.808	0.986	0	0.705	0.999
PSMD8	PSMC3	9606.ENSP00000215071	9606.ENSP00000481029	0	0	0	0	0.91	0.999	0.72	0.744	0.999
PSMD8	PSMC5	9606.ENSP00000215071	9606.ENSP00000310572	0	0	0	0	0.573	0.998	0.72	0.697	0.999
PSMD8	PSMD11	9606.ENSP00000215071	9606.ENSP00000261712	0	0	0	0	0.87	0.998	0.72	0.996	0.999
PSMD8	PSMA2	9606.ENSP00000215071	9606.ENSP00000223321	0	0	0	0	0.786	0.992	0	0.528	0.999
RB1CC1	BCL2L1	9606.ENSP00000025008	9606.ENSP00000365230	0	0	0	0	0.067	0	0	0.406	0.422
RB1CC1	BCL2	9606.ENSP00000025008	9606.ENSP00000381185	0	0	0	0	0	0	0	0.529	0.529
RB1CC1	WIPI1	9606.ENSP00000025008	9606.ENSP00000262139	0	0	0	0	0.063	0.093	0	0.863	0.873
RB1CC1	TBK1	9606.ENSP00000025008	9606.ENSP00000329967	0	0	0	0	0.242	0.591	0	0.642	0.879
RB1CC1	MAP3K5	9606.ENSP00000025008	9606.ENSP00000351908	0	0	0	0	0.05	0.301	0	0.879	0.912
RB1CC1	SQSTM1	9606.ENSP00000025008	9606.ENSP00000374455	0	0	0	0	0.049	0.41	0	0.859	0.914
RB1CC1	WIPI2	9606.ENSP00000025008	9606.ENSP00000288828	0	0	0	0	0.049	0.211	0	0.914	0.93
RB1CC1	GABARAPL2	9606.ENSP00000025008	9606.ENSP00000037243	0	0	0	0	0.057	0.375	0	0.928	0.953
RB1CC1	GABARAPL1	9606.ENSP00000025008	9606.ENSP00000411256	0	0	0	0	0.109	0.567	0	0.922	0.967
RB1CC1	OPTN	9606.ENSP00000025008	9606.ENSP00000368022	0	0	0	0	0.074	0.926	0	0.583	0.969
RB1CC1	TP53	9606.ENSP00000025008	9606.ENSP00000269305	0	0	0	0	0	0.51	0	0.969	0.984
RB1CC1	PIK3R4	9606.ENSP00000025008	9606.ENSP00000349205	0	0	0	0	0.056	0	0.9	0.872	0.986
RB1CC1	PIK3C3	9606.ENSP00000025008	9606.ENSP00000262039	0	0	0	0	0.074	0	0.9	0.895	0.989
RB1CC1	ULK1	9606.ENSP00000025008	9606.ENSP00000324560	0	0	0	0	0.07	0.995	0.9	0.998	0.999
RB1CC1	ATG14	9606.ENSP00000025008	9606.ENSP00000247178	0	0	0	0	0.174	0.994	0.9	0.913	0.999
SDHC	UQCRC1	9606.ENSP00000356953	9606.ENSP00000203407	0	0	0	0	0.461	0	0.163	0.406	0.709
SDHC	COX6A1	9606.ENSP00000356953	9606.ENSP00000229379	0	0	0	0	0.352	0	0	0.369	0.574
SDHC	NDUFA2	9606.ENSP00000356953	9606.ENSP00000252102	0	0	0	0	0.873	0	0	0.304	0.908
SDHC	NDUFA10	9606.ENSP00000356953	9606.ENSP00000252711	0	0	0	0	0.473	0	0	0.266	0.597
SDHC	NDUFA9	9606.ENSP00000356953	9606.ENSP00000266544	0	0	0	0	0.837	0.15	0	0.35	0.902
SDHC	NDUFB10	9606.ENSP00000356953	9606.ENSP00000268668	0	0	0	0	0.456	0	0	0.453	0.689
SDHC	TP53	9606.ENSP00000356953	9606.ENSP00000269305	0	0	0	0	0	0	0	0.622	0.622
SDHC	NDUFS6	9606.ENSP00000356953	9606.ENSP00000274137	0	0	0	0	0.842	0	0	0.236	0.874
SDHC	CASP3	9606.ENSP00000356953	9606.ENSP00000311032	0	0	0	0	0.042	0	0	0.543	0.543
SDHC	CYC1	9606.ENSP00000356953	9606.ENSP00000317159	0.044	0	0	0	0.838	0.079	0.172	0.45	0.923
SDHC	NDUFA12	9606.ENSP00000356953	9606.ENSP00000330737	0	0	0	0	0.941	0	0	0.205	0.951
SDHC	UQCR10	9606.ENSP00000356953	9606.ENSP00000332887	0	0	0	0	0.84	0	0.172	0.456	0.922
SDHC	NDUFA4	9606.ENSP00000356953	9606.ENSP00000339720	0	0	0	0	0.205	0	0	0.341	0.454
SDHC	BCL2L1	9606.ENSP00000356953	9606.ENSP00000365230	0	0	0	0	0.101	0	0	0.36	0.4
SDHC	NDUFA3	9606.ENSP00000356953	9606.ENSP00000418438	0	0	0	0	0.304	0	0	0.228	0.44
SDHC	BCL2	9606.ENSP00000356953	9606.ENSP00000381185	0	0	0	0	0	0	0	0.512	0.512
SDHC	COX6B1	9606.ENSP00000356953	9606.ENSP00000466818	0	0	0	0	0.328	0	0	0.364	0.554
SDHC	UQCR11	9606.ENSP00000356953	9606.ENSP00000467262	0	0	0	0	0.405	0	0	0.286	0.557
SDHC	NDUFA1	9606.ENSP00000356953	9606.ENSP00000360492	0	0	0	0	0.198	0	0	0.528	0.605
SDHC	NDUFB3	9606.ENSP00000356953	9606.ENSP00000407336	0	0	0	0	0.49	0.091	0	0.282	0.638
SDHC	UQCRHL	9606.ENSP00000356953	9606.ENSP00000485401	0	0	0	0	0.68	0	0	0.156	0.718
SDHC	UQCRB	9606.ENSP00000356953	9606.ENSP00000430494	0	0	0	0	0.851	0	0.172	0.323	0.909
SDHC	NDUFS1	9606.ENSP00000356953	9606.ENSP00000392709	0	0	0	0	0.839	0	0	0.541	0.923
SEC13	NUP107	9606.ENSP00000373312	9606.ENSP00000229179	0	0	0	0	0.105	0.999	0.9	0.997	0.999
SEC13	NUP155	9606.ENSP00000373312	9606.ENSP00000231498	0	0	0	0	0.058	0.967	0.5	0.771	0.996
SEC13	NUP85	9606.ENSP00000373312	9606.ENSP00000245544	0	0	0	0	0.06	0.998	0.9	0.997	0.999
SEC13	NUP210	9606.ENSP00000373312	9606.ENSP00000254508	0	0	0	0	0.054	0.8	0.5	0.571	0.954
SEC13	NUP54	9606.ENSP00000373312	9606.ENSP00000264883	0	0	0	0	0.127	0.922	0.5	0.608	0.984
SEC13	NUP205	9606.ENSP00000373312	9606.ENSP00000285968	0	0	0	0	0.067	0.954	0.5	0.816	0.995
SEC13	NUP35	9606.ENSP00000373312	9606.ENSP00000295119	0	0	0	0	0.082	0.813	0.5	0.709	0.971
SEC13	GLE1	9606.ENSP00000373312	9606.ENSP00000308622	0	0	0	0	0.108	0	0.4	0.591	0.762
SEC13	NUP98	9606.ENSP00000373312	9606.ENSP00000316032	0	0	0	0	0.097	0.997	0.9	0.997	0.999
SEC13	HSPA5	9606.ENSP00000373312	9606.ENSP00000324173	0	0	0	0	0.094	0	0.4	0.31	0.592
SEC13	SRSF7	9606.ENSP00000373312	9606.ENSP00000325905	0	0	0	0	0.172	0	0.4	0	0.481
SEC13	NUP43	9606.ENSP00000373312	9606.ENSP00000342262	0	0	0	0	0.185	0.968	0.9	0.995	0.999
SEC13	NUP50	9606.ENSP00000373312	9606.ENSP00000345895	0	0	0	0	0.058	0	0.5	0.687	0.839
SEC13	NUP188	9606.ENSP00000373312	9606.ENSP00000361658	0	0	0	0	0.062	0.8	0.5	0.66	0.963
SEC13	SRSF3	9606.ENSP00000373312	9606.ENSP00000362820	0	0	0	0	0.139	0	0.4	0	0.461
SEC13	NUP160	9606.ENSP00000373312	9606.ENSP00000367721	0	0	0	0	0.08	0.998	0.9	0.996	0.999
SEC13	PSMD14	9606.ENSP00000373312	9606.ENSP00000386541	0	0	0	0	0.345	0.113	0	0.055	0.403
SEC13	GRIA1	9606.ENSP00000373312	9606.ENSP00000428994	0	0	0	0	0	0	0.5	0	0.499
SEC13	ALYREF	9606.ENSP00000373312	9606.ENSP00000421592	0	0	0	0	0.124	0	0.5	0	0.543
SEC13	NUP153	9606.ENSP00000373312	9606.ENSP00000444029	0	0	0	0	0.058	0.457	0.5	0.812	0.945
SEC13	NUP88	9606.ENSP00000373312	9606.ENSP00000458954	0	0	0	0	0.06	0.826	0.5	0.76	0.977
SEC13	NUP62	9606.ENSP00000373312	9606.ENSP00000471191	0	0	0	0	0.058	0.923	0.5	0.685	0.987
SEC13	NUP37	9606.ENSP00000373312	9606.ENSP00000448054	0	0	0	0	0.099	0.998	0.9	0.998	0.999
SLC1A2	NEFM	9606.ENSP00000278379	9606.ENSP00000221166	0	0	0	0	0.154	0	0	0.513	0.571
SLC1A2	FUS	9606.ENSP00000278379	9606.ENSP00000254108	0	0	0	0	0	0	0	0.446	0.446
SLC1A2	SOD1	9606.ENSP00000278379	9606.ENSP00000270142	0	0	0	0	0	0	0	0.731	0.731
SLC1A2	NEFL	9606.ENSP00000278379	9606.ENSP00000482169	0	0	0	0	0.134	0	0	0.351	0.414
SLC1A2	NEFH	9606.ENSP00000278379	9606.ENSP00000311997	0	0	0	0	0.1	0	0	0.515	0.545
SLC1A2	CASP3	9606.ENSP00000278379	9606.ENSP00000311032	0	0	0	0	0	0.095	0	0.557	0.581
SLC1A2	GRIA2	9606.ENSP00000278379	9606.ENSP00000296526	0	0	0	0	0.267	0	0	0.587	0.685
SLC1A2	GRIA1	9606.ENSP00000278379	9606.ENSP00000428994	0	0	0	0	0.186	0	0	0.631	0.687
SOD1	PSMA4	9606.ENSP00000270142	9606.ENSP00000044462	0	0	0	0	0.259	0	0.65	0.097	0.745
SOD1	PSMC4	9606.ENSP00000270142	9606.ENSP00000157812	0	0	0	0	0.106	0.074	0.65	0.484	0.83
SOD1	PSMD8	9606.ENSP00000270142	9606.ENSP00000215071	0	0	0	0	0.103	0	0.65	0.095	0.691
SOD1	XBP1	9606.ENSP00000270142	9606.ENSP00000216037	0	0	0	0	0.085	0	0	0.505	0.528
SOD1	NEFM	9606.ENSP00000270142	9606.ENSP00000221166	0	0	0	0	0.042	0.045	0	0.676	0.677
SOD1	PSMA2	9606.ENSP00000270142	9606.ENSP00000223321	0	0	0	0	0.215	0.074	0.65	0.114	0.744
SOD1	PFN1	9606.ENSP00000270142	9606.ENSP00000225655	0	0	0	0	0.067	0.208	0	0.596	0.675
SOD1	PPP3R1	9606.ENSP00000270142	9606.ENSP00000234310	0	0	0	0	0.044	0.068	0.9	0.174	0.916
SOD1	CAT	9606.ENSP00000270142	9606.ENSP00000241052	0.115	0	0	0	0.155	0.25	0.792	0.425	0.92
SOD1	FUS	9606.ENSP00000270142	9606.ENSP00000254108	0	0	0	0	0.087	0	0	0.992	0.992
SOD1	DERL1	9606.ENSP00000270142	9606.ENSP00000259512	0	0	0	0	0.049	0	0.9	0.655	0.964
SOD1	PSMD11	9606.ENSP00000270142	9606.ENSP00000261712	0	0	0	0	0.075	0.074	0.65	0.15	0.711
SOD1	SPG11	9606.ENSP00000270142	9606.ENSP00000261866	0	0	0	0	0.042	0	0	0.584	0.584
SOD1	DAXX	9606.ENSP00000270142	9606.ENSP00000266000	0	0	0	0	0.047	0.045	0	0.609	0.613
SOD1	TP53	9606.ENSP00000270142	9606.ENSP00000269305	0	0	0	0	0	0	0	0.514	0.514
SOD1	ATF6	9606.ENSP00000270142	9606.ENSP00000356919	0	0	0	0	0.049	0	0	0.419	0.423
SOD1	NDUFS1	9606.ENSP00000270142	9606.ENSP00000392709	0	0	0	0	0.062	0	0	0.433	0.446
SOD1	UBQLN1	9606.ENSP00000270142	9606.ENSP00000365576	0	0	0	0	0.086	0.169	0	0.337	0.453
SOD1	NUP62	9606.ENSP00000270142	9606.ENSP00000471191	0	0	0	0	0.054	0	0	0.457	0.464
SOD1	GRIA2	9606.ENSP00000270142	9606.ENSP00000296526	0	0	0	0	0	0	0	0.479	0.479
SOD1	HNRNPA2B1	9606.ENSP00000270142	9606.ENSP00000346694	0	0	0	0	0.132	0	0	0.428	0.483
SOD1	HDAC6	9606.ENSP00000270142	9606.ENSP00000365804	0	0	0	0	0.048	0.297	0	0.399	0.563
SOD1	TBK1	9606.ENSP00000270142	9606.ENSP00000329967	0	0	0	0	0.049	0.049	0	0.587	0.594
SOD1	CASP3	9606.ENSP00000270142	9606.ENSP00000311032	0	0	0	0	0.044	0.07	0	0.611	0.624
SOD1	DNAH1	9606.ENSP00000270142	9606.ENSP00000401514	0	0	0	0	0	0	0.65	0	0.65
SOD1	DNAH6	9606.ENSP00000270142	9606.ENSP00000374045	0	0	0	0	0	0	0.65	0	0.65
SOD1	DNAH14	9606.ENSP00000270142	9606.ENSP00000383737	0	0	0	0	0	0	0.65	0	0.65
SOD1	DNALI1	9606.ENSP00000270142	9606.ENSP00000296218	0	0	0	0	0.042	0	0.65	0	0.65
SOD1	DNAH7	9606.ENSP00000270142	9606.ENSP00000311273	0	0	0	0	0	0	0.65	0	0.65
SOD1	DNAH11	9606.ENSP00000270142	9606.ENSP00000475939	0	0	0	0	0	0	0.65	0.093	0.668
SOD1	PSMC5	9606.ENSP00000270142	9606.ENSP00000310572	0	0	0	0	0.127	0.072	0.65	0.063	0.698
SOD1	MAP3K5	9606.ENSP00000270142	9606.ENSP00000351908	0	0	0	0	0	0	0	0.721	0.721
SOD1	PSMB5	9606.ENSP00000270142	9606.ENSP00000355325	0	0	0	0	0.183	0	0.65	0.125	0.728
SOD1	SLC1A2	9606.ENSP00000270142	9606.ENSP00000278379	0	0	0	0	0	0	0	0.731	0.731
SOD1	PSMB3	9606.ENSP00000270142	9606.ENSP00000483688	0	0	0	0	0.226	0	0.65	0.103	0.735
SOD1	PSMB6	9606.ENSP00000270142	9606.ENSP00000270586	0	0	0	0	0.241	0.074	0.65	0.07	0.741
SOD1	DCTN2	9606.ENSP00000270142	9606.ENSP00000408910	0	0	0	0	0.054	0.191	0.65	0.162	0.745
SOD1	PSMD14	9606.ENSP00000270142	9606.ENSP00000386541	0	0	0	0	0.218	0.125	0.65	0.145	0.768
SOD1	NEFH	9606.ENSP00000270142	9606.ENSP00000311997	0	0	0	0	0.048	0.045	0	0.784	0.786
SOD1	PSMC3	9606.ENSP00000270142	9606.ENSP00000481029	0	0	0	0	0.106	0.071	0.65	0.429	0.812
SOD1	GPX8	9606.ENSP00000270142	9606.ENSP00000423822	0	0	0	0	0.126	0.091	0.301	0.826	0.89
SOD1	GPX7	9606.ENSP00000270142	9606.ENSP00000354677	0	0	0	0	0.126	0.091	0.301	0.828	0.891
SOD1	SQSTM1	9606.ENSP00000270142	9606.ENSP00000374455	0	0	0	0	0.053	0.251	0	0.884	0.91
SOD1	TOMM40	9606.ENSP00000270142	9606.ENSP00000410339	0	0	0	0	0.054	0	0.9	0.254	0.923
SOD1	OPTN	9606.ENSP00000270142	9606.ENSP00000368022	0	0	0	0	0.082	0.51	0	0.872	0.937
SOD1	HSPA5	9606.ENSP00000270142	9606.ENSP00000324173	0	0	0	0	0.093	0.236	0.9	0.691	0.975
SOD1	NEFL	9606.ENSP00000270142	9606.ENSP00000482169	0	0	0	0	0.042	0.045	0.9	0.775	0.976
SOD1	BCL2	9606.ENSP00000270142	9606.ENSP00000381185	0	0	0	0	0	0.329	0.9	0.976	0.998
SPG11	PFN1	9606.ENSP00000261866	9606.ENSP00000225655	0	0	0	0	0.042	0	0	0.476	0.476
SPG11	FUS	9606.ENSP00000261866	9606.ENSP00000254108	0	0	0	0	0.054	0	0	0.598	0.603
SPG11	SQSTM1	9606.ENSP00000261866	9606.ENSP00000374455	0	0	0	0	0.042	0	0	0.432	0.432
SPG11	TBK1	9606.ENSP00000261866	9606.ENSP00000329967	0	0	0	0	0.135	0	0	0.388	0.448
SPG11	NEFH	9606.ENSP00000261866	9606.ENSP00000311997	0	0	0	0	0	0	0	0.484	0.484
SPG11	SOD1	9606.ENSP00000261866	9606.ENSP00000270142	0	0	0	0	0.042	0	0	0.584	0.584
SPG11	OPTN	9606.ENSP00000261866	9606.ENSP00000368022	0	0	0	0	0.061	0	0	0.592	0.6
SQSTM1	RB1CC1	9606.ENSP00000374455	9606.ENSP00000025008	0	0	0	0	0.049	0.41	0	0.859	0.914
SQSTM1	GABARAPL2	9606.ENSP00000374455	9606.ENSP00000037243	0	0	0	0	0.089	0.892	0.9	0.996	0.999
SQSTM1	MAPK12	9606.ENSP00000374455	9606.ENSP00000215659	0	0	0	0	0.07	0.068	0	0.456	0.487
SQSTM1	XBP1	9606.ENSP00000374455	9606.ENSP00000216037	0	0	0	0	0.044	0	0	0.454	0.456
SQSTM1	NEFM	9606.ENSP00000374455	9606.ENSP00000221166	0	0	0	0	0	0.139	0	0.448	0.504
SQSTM1	PFN1	9606.ENSP00000374455	9606.ENSP00000225655	0	0	0	0	0.042	0	0	0.463	0.463
SQSTM1	ATG14	9606.ENSP00000374455	9606.ENSP00000247178	0	0	0	0	0	0	0	0.822	0.822
SQSTM1	FUS	9606.ENSP00000374455	9606.ENSP00000254108	0	0	0	0	0.042	0.292	0	0.722	0.795
SQSTM1	TANK	9606.ENSP00000374455	9606.ENSP00000259075	0	0	0	0	0	0	0.9	0.261	0.922
SQSTM1	SPG11	9606.ENSP00000374455	9606.ENSP00000261866	0	0	0	0	0.042	0	0	0.432	0.432
SQSTM1	PIK3C3	9606.ENSP00000374455	9606.ENSP00000262039	0	0	0	0	0.042	0	0	0.811	0.812
SQSTM1	WIPI1	9606.ENSP00000374455	9606.ENSP00000262139	0	0	0	0	0.056	0.128	0	0.659	0.694
SQSTM1	DAXX	9606.ENSP00000374455	9606.ENSP00000266000	0	0	0	0	0.042	0.325	0	0.16	0.41
SQSTM1	TP53	9606.ENSP00000374455	9606.ENSP00000269305	0	0	0	0	0	0.776	0	0.579	0.901
SQSTM1	SOD1	9606.ENSP00000374455	9606.ENSP00000270142	0	0	0	0	0.053	0.251	0	0.884	0.91
SQSTM1	WIPI2	9606.ENSP00000374455	9606.ENSP00000288828	0	0	0	0	0.047	0.128	0	0.656	0.689
SQSTM1	EIF2AK3	9606.ENSP00000374455	9606.ENSP00000307235	0	0	0	0	0	0	0.5	0.475	0.726
SQSTM1	CASP3	9606.ENSP00000374455	9606.ENSP00000311032	0	0	0	0	0	0.046	0	0.67	0.672
SQSTM1	HSPA5	9606.ENSP00000374455	9606.ENSP00000324173	0	0	0	0	0.049	0.821	0	0.708	0.946
SQSTM1	ULK1	9606.ENSP00000374455	9606.ENSP00000324560	0	0	0	0	0.063	0.793	0	0.808	0.959
SQSTM1	TBK1	9606.ENSP00000374455	9606.ENSP00000329967	0	0	0	0	0.056	0.759	0.9	0.821	0.995
SQSTM1	ATF4	9606.ENSP00000374455	9606.ENSP00000336790	0	0	0	0	0.101	0	0	0.417	0.453
SQSTM1	TUBB	9606.ENSP00000374455	9606.ENSP00000339001	0	0	0	0	0	0.204	0	0.281	0.403
SQSTM1	HNRNPA2B1	9606.ENSP00000374455	9606.ENSP00000346694	0	0	0	0	0.042	0.211	0	0.406	0.512
SQSTM1	PIK3R4	9606.ENSP00000374455	9606.ENSP00000349205	0	0	0	0	0.042	0	0	0.793	0.793
SQSTM1	PSMB5	9606.ENSP00000374455	9606.ENSP00000355325	0	0	0	0	0.054	0.307	0	0.307	0.506
SQSTM1	ATF6	9606.ENSP00000374455	9606.ENSP00000356919	0	0	0	0	0.047	0	0	0.468	0.471
SQSTM1	BCL2L1	9606.ENSP00000374455	9606.ENSP00000365230	0	0	0	0	0.061	0	0	0.475	0.485
SQSTM1	UBQLN1	9606.ENSP00000374455	9606.ENSP00000365576	0	0	0	0	0.079	0.143	0	0.435	0.515
SQSTM1	HDAC6	9606.ENSP00000374455	9606.ENSP00000365804	0	0	0	0	0.046	0.82	0	0.891	0.979
SQSTM1	OPTN	9606.ENSP00000374455	9606.ENSP00000368022	0	0	0	0	0.058	0.438	0	0.991	0.994
SQSTM1	ALYREF	9606.ENSP00000374455	9606.ENSP00000421592	0	0	0	0	0.055	0	0	0.405	0.414
SQSTM1	PSMD14	9606.ENSP00000374455	9606.ENSP00000386541	0	0	0	0	0.042	0.225	0	0.279	0.418
SQSTM1	DDIT3	9606.ENSP00000374455	9606.ENSP00000448665	0	0	0	0	0.088	0	0	0.411	0.44
SQSTM1	APAF1	9606.ENSP00000374455	9606.ENSP00000448165	0	0	0	0	0.062	0.292	0	0.266	0.47
SQSTM1	DCTN2	9606.ENSP00000374455	9606.ENSP00000408910	0	0	0	0	0.119	0	0	0.43	0.476
SQSTM1	TOMM40	9606.ENSP00000374455	9606.ENSP00000410339	0	0	0	0	0.047	0.314	0	0.27	0.481
SQSTM1	ERN1	9606.ENSP00000374455	9606.ENSP00000401445	0	0	0	0	0.049	0.099	0	0.691	0.712
SQSTM1	BCL2	9606.ENSP00000374455	9606.ENSP00000381185	0	0	0	0	0	0.51	0	0.633	0.812
SQSTM1	GABARAPL1	9606.ENSP00000374455	9606.ENSP00000411256	0	0	0	0	0.127	0.827	0.9	0.996	0.999
SRSF3	NUP107	9606.ENSP00000362820	9606.ENSP00000229179	0	0	0	0	0.137	0	0.4	0.075	0.479
SRSF3	NUP155	9606.ENSP00000362820	9606.ENSP00000231498	0	0	0	0	0.08	0	0.4	0	0.424
SRSF3	NUP85	9606.ENSP00000362820	9606.ENSP00000245544	0	0	0	0	0.085	0	0.4	0	0.427
SRSF3	FUS	9606.ENSP00000362820	9606.ENSP00000254108	0	0	0	0	0.215	0.205	0.4	0.594	0.827
SRSF3	NUP210	9606.ENSP00000362820	9606.ENSP00000254508	0	0	0	0	0.049	0	0.4	0	0.405
SRSF3	NUP54	9606.ENSP00000362820	9606.ENSP00000264883	0	0	0	0	0.259	0	0.4	0	0.536
SRSF3	TP53	9606.ENSP00000362820	9606.ENSP00000269305	0	0	0	0	0.067	0	0	0.391	0.407
SRSF3	NUP205	9606.ENSP00000362820	9606.ENSP00000285968	0	0	0	0	0.086	0	0.4	0.079	0.451
SRSF3	NUP35	9606.ENSP00000362820	9606.ENSP00000295119	0	0	0	0	0.187	0.08	0.4	0	0.512
SRSF3	GLE1	9606.ENSP00000362820	9606.ENSP00000308622	0	0	0	0	0.428	0	0	0.157	0.497
SRSF3	NUP98	9606.ENSP00000362820	9606.ENSP00000316032	0	0	0	0	0.21	0	0.4	0.208	0.591
SRSF3	SRSF7	9606.ENSP00000362820	9606.ENSP00000325905	0	0	0	0.924	0.827	0.627	0.9	0.603	0.997
SRSF3	NUP43	9606.ENSP00000362820	9606.ENSP00000342262	0	0	0	0	0.198	0.155	0.4	0	0.558
SRSF3	NUP50	9606.ENSP00000362820	9606.ENSP00000345895	0	0	0	0	0.164	0	0.4	0	0.476
SRSF3	HNRNPA2B1	9606.ENSP00000362820	9606.ENSP00000346694	0	0	0	0	0.806	0.274	0.4	0.755	0.976
SRSF3	NUP188	9606.ENSP00000362820	9606.ENSP00000361658	0	0	0	0	0.058	0	0.4	0	0.41
SRSF3	SEC13	9606.ENSP00000362820	9606.ENSP00000373312	0	0	0	0	0.139	0	0.4	0	0.461
SRSF3	NUP160	9606.ENSP00000362820	9606.ENSP00000367721	0	0	0	0	0.145	0	0.4	0.055	0.472
SRSF3	NUP88	9606.ENSP00000362820	9606.ENSP00000458954	0	0	0	0	0.102	0	0.4	0.125	0.487
SRSF3	NUP37	9606.ENSP00000362820	9606.ENSP00000448054	0	0	0	0	0.193	0	0.4	0.056	0.503
SRSF3	NUP62	9606.ENSP00000362820	9606.ENSP00000471191	0	0	0	0	0.084	0	0.4	0.222	0.535
SRSF3	NUP153	9606.ENSP00000362820	9606.ENSP00000444029	0	0	0	0	0.126	0	0.4	0.201	0.544
SRSF3	ALYREF	9606.ENSP00000362820	9606.ENSP00000421592	0	0	0	0	0.709	0	0.5	0.687	0.95
SRSF7	NUP107	9606.ENSP00000325905	9606.ENSP00000229179	0	0	0	0	0.178	0	0.4	0.077	0.505
SRSF7	NUP155	9606.ENSP00000325905	9606.ENSP00000231498	0	0	0	0	0.072	0	0.4	0	0.419
SRSF7	NUP85	9606.ENSP00000325905	9606.ENSP00000245544	0	0	0	0	0.081	0	0.4	0.064	0.439
SRSF7	FUS	9606.ENSP00000325905	9606.ENSP00000254108	0	0	0	0	0.15	0.214	0.4	0.31	0.686
SRSF7	NUP210	9606.ENSP00000325905	9606.ENSP00000254508	0	0	0	0	0.049	0	0.4	0	0.405
SRSF7	NUP54	9606.ENSP00000325905	9606.ENSP00000264883	0	0	0	0	0.197	0	0.4	0	0.497
SRSF7	NUP205	9606.ENSP00000325905	9606.ENSP00000285968	0	0	0	0	0.075	0	0.4	0	0.421
SRSF7	NUP35	9606.ENSP00000325905	9606.ENSP00000295119	0	0	0	0	0.185	0	0.4	0	0.49
SRSF7	GLE1	9606.ENSP00000325905	9606.ENSP00000308622	0	0	0	0	0.393	0	0	0.165	0.471
SRSF7	NUP98	9606.ENSP00000325905	9606.ENSP00000316032	0	0	0	0	0.214	0	0.4	0.11	0.543
SRSF7	NUP188	9606.ENSP00000325905	9606.ENSP00000361658	0	0	0	0	0.067	0	0.4	0	0.416
SRSF7	NUP62	9606.ENSP00000325905	9606.ENSP00000471191	0	0	0	0	0.076	0	0.4	0	0.421
SRSF7	NUP50	9606.ENSP00000325905	9606.ENSP00000345895	0	0	0	0	0.097	0	0.4	0	0.435
SRSF7	NUP88	9606.ENSP00000325905	9606.ENSP00000458954	0	0	0	0	0.128	0	0.4	0	0.454
SRSF7	SEC13	9606.ENSP00000325905	9606.ENSP00000373312	0	0	0	0	0.172	0	0.4	0	0.481
SRSF7	NUP153	9606.ENSP00000325905	9606.ENSP00000444029	0	0	0	0	0.079	0	0.4	0.146	0.487
SRSF7	NUP160	9606.ENSP00000325905	9606.ENSP00000367721	0	0	0	0	0.137	0	0.4	0.099	0.493
SRSF7	NUP37	9606.ENSP00000325905	9606.ENSP00000448054	0	0	0	0	0.177	0	0.4	0.075	0.503
SRSF7	NUP43	9606.ENSP00000325905	9606.ENSP00000342262	0	0	0	0	0.253	0.15	0.4	0	0.585
SRSF7	HNRNPA2B1	9606.ENSP00000325905	9606.ENSP00000346694	0	0	0	0	0.722	0.125	0.4	0.682	0.947
SRSF7	ALYREF	9606.ENSP00000325905	9606.ENSP00000421592	0	0	0	0	0.547	0.616	0.5	0.579	0.958
SRSF7	SRSF3	9606.ENSP00000325905	9606.ENSP00000362820	0	0	0	0.924	0.827	0.627	0.9	0.603	0.997
TANK	ERN1	9606.ENSP00000259075	9606.ENSP00000401445	0	0	0	0	0	0.084	0	0.407	0.433
TANK	SQSTM1	9606.ENSP00000259075	9606.ENSP00000374455	0	0	0	0	0	0	0.9	0.261	0.922
TANK	OPTN	9606.ENSP00000259075	9606.ENSP00000368022	0	0	0	0	0.115	0.045	0.9	0.433	0.945
TANK	TBK1	9606.ENSP00000259075	9606.ENSP00000329967	0	0	0	0	0.162	0.994	0.8	0.997	0.999
TBK1	RB1CC1	9606.ENSP00000329967	9606.ENSP00000025008	0	0	0	0	0.242	0.591	0	0.642	0.879
TBK1	GABARAPL2	9606.ENSP00000329967	9606.ENSP00000037243	0	0	0	0	0.049	0.07	0	0.461	0.482
TBK1	PFN1	9606.ENSP00000329967	9606.ENSP00000225655	0	0	0	0	0.042	0.058	0	0.435	0.446
TBK1	FUS	9606.ENSP00000329967	9606.ENSP00000254108	0	0	0	0	0.076	0	0	0.604	0.618
TBK1	TANK	9606.ENSP00000329967	9606.ENSP00000259075	0	0	0	0	0.162	0.994	0.8	0.997	0.999
TBK1	SPG11	9606.ENSP00000329967	9606.ENSP00000261866	0	0	0	0	0.135	0	0	0.388	0.448
TBK1	PIK3C3	9606.ENSP00000329967	9606.ENSP00000262039	0	0	0	0	0.108	0.053	0	0.397	0.446
TBK1	TP53	9606.ENSP00000329967	9606.ENSP00000269305	0	0	0	0	0.077	0	0	0.421	0.443
TBK1	SOD1	9606.ENSP00000329967	9606.ENSP00000270142	0	0	0	0	0.049	0.049	0	0.587	0.594
TBK1	WIPI2	9606.ENSP00000329967	9606.ENSP00000288828	0	0	0	0	0.075	0	0	0.766	0.775
TBK1	CASP3	9606.ENSP00000329967	9606.ENSP00000311032	0	0	0	0	0.228	0.094	0	0.382	0.53
TBK1	ULK1	9606.ENSP00000329967	9606.ENSP00000324560	0	0	0	0.578	0.042	0.51	0	0.225	0.604
TBK1	GABARAPL1	9606.ENSP00000329967	9606.ENSP00000411256	0	0	0	0	0.056	0.07	0	0.459	0.483
TBK1	HNRNPA2B1	9606.ENSP00000329967	9606.ENSP00000346694	0	0	0	0	0.093	0.071	0	0.749	0.77
TBK1	SQSTM1	9606.ENSP00000329967	9606.ENSP00000374455	0	0	0	0	0.056	0.759	0.9	0.821	0.995
TBK1	OPTN	9606.ENSP00000329967	9606.ENSP00000368022	0	0	0	0	0.072	0.991	0.9	0.994	0.999
TOMM40	UQCRC1	9606.ENSP00000410339	9606.ENSP00000203407	0	0	0	0	0.252	0	0	0.362	0.503
TOMM40	NDUFA2	9606.ENSP00000410339	9606.ENSP00000252102	0	0	0	0	0.111	0.361	0	0.091	0.439
TOMM40	NDUFA9	9606.ENSP00000410339	9606.ENSP00000266544	0	0	0	0	0.14	0.162	0	0.271	0.429
TOMM40	SOD1	9606.ENSP00000410339	9606.ENSP00000270142	0	0	0	0	0.054	0	0.9	0.254	0.923
TOMM40	CYC1	9606.ENSP00000410339	9606.ENSP00000317159	0	0	0	0	0.586	0.237	0.5	0.396	0.892
TOMM40	NDUFA4	9606.ENSP00000410339	9606.ENSP00000339720	0	0	0	0	0.047	0.33	0	0.182	0.432
TOMM40	OPTN	9606.ENSP00000410339	9606.ENSP00000368022	0	0	0	0	0.042	0.384	0	0.245	0.515
TOMM40	SQSTM1	9606.ENSP00000410339	9606.ENSP00000374455	0	0	0	0	0.047	0.314	0	0.27	0.481
TOMM40	BCL2	9606.ENSP00000410339	9606.ENSP00000381185	0	0	0	0	0	0	0.54	0.247	0.639
TOMM40	NDUFS1	9606.ENSP00000410339	9606.ENSP00000392709	0	0	0	0	0.067	0.226	0	0.256	0.416
TP53	RB1CC1	9606.ENSP00000269305	9606.ENSP00000025008	0	0	0	0	0	0.51	0	0.969	0.984
TP53	GABARAPL2	9606.ENSP00000269305	9606.ENSP00000037243	0	0	0	0	0	0.164	0	0.417	0.491
TP53	PSMA4	9606.ENSP00000269305	9606.ENSP00000044462	0	0	0	0	0	0	0.4	0.147	0.466
TP53	PSMC4	9606.ENSP00000269305	9606.ENSP00000157812	0	0	0	0	0.055	0	0.4	0.221	0.519
TP53	PSMD8	9606.ENSP00000269305	9606.ENSP00000215071	0	0	0	0	0	0	0.4	0.137	0.46
TP53	MAPK12	9606.ENSP00000269305	9606.ENSP00000215659	0	0	0	0	0.052	0.046	0.9	0.473	0.946
TP53	XBP1	9606.ENSP00000269305	9606.ENSP00000216037	0	0	0	0	0.042	0	0	0.529	0.529
TP53	PSMA2	9606.ENSP00000269305	9606.ENSP00000223321	0	0	0	0	0	0	0.4	0.166	0.478
TP53	FUS	9606.ENSP00000269305	9606.ENSP00000254108	0	0	0	0	0.077	0.163	0	0.448	0.536
TP53	PSMD11	9606.ENSP00000269305	9606.ENSP00000261712	0	0	0	0	0	0.043	0.4	0.226	0.517
TP53	PIK3C3	9606.ENSP00000269305	9606.ENSP00000262039	0	0	0	0	0.049	0.164	0	0.473	0.544
TP53	DAXX	9606.ENSP00000269305	9606.ENSP00000266000	0	0	0	0	0.122	0.895	0.9	0.952	0.999
TP53	SRSF3	9606.ENSP00000269305	9606.ENSP00000362820	0	0	0	0	0.067	0	0	0.391	0.407
TP53	ANXA7	9606.ENSP00000269305	9606.ENSP00000362010	0	0	0	0	0	0.229	0	0.266	0.409
TP53	MAP2K6	9606.ENSP00000269305	9606.ENSP00000468348	0	0	0	0	0.103	0	0	0.378	0.418
TP53	GABARAPL1	9606.ENSP00000269305	9606.ENSP00000411256	0	0	0	0	0	0	0	0.419	0.418
TP53	TBK1	9606.ENSP00000269305	9606.ENSP00000329967	0	0	0	0	0.077	0	0	0.421	0.443
TP53	ATF4	9606.ENSP00000269305	9606.ENSP00000336790	0	0	0	0	0	0	0	0.45	0.45
TP53	PSMB6	9606.ENSP00000269305	9606.ENSP00000270586	0	0	0	0	0	0	0.4	0.184	0.489
TP53	OPTN	9606.ENSP00000269305	9606.ENSP00000368022	0	0	0	0	0	0	0	0.498	0.497
TP53	HNRNPA2B1	9606.ENSP00000269305	9606.ENSP00000346694	0	0	0	0	0.057	0.196	0	0.393	0.499
TP53	ATF6	9606.ENSP00000269305	9606.ENSP00000356919	0	0	0	0	0.049	0	0	0.506	0.51
TP53	SOD1	9606.ENSP00000269305	9606.ENSP00000270142	0	0	0	0	0	0	0	0.514	0.514
TP53	ULK1	9606.ENSP00000269305	9606.ENSP00000324560	0	0	0	0	0	0.164	0	0.474	0.541
TP53	PSMB5	9606.ENSP00000269305	9606.ENSP00000355325	0	0	0	0	0	0	0.4	0.269	0.542
TP53	PSMD14	9606.ENSP00000269305	9606.ENSP00000386541	0	0	0	0	0	0	0.4	0.31	0.568
TP53	PSMC3	9606.ENSP00000269305	9606.ENSP00000481029	0	0	0	0	0.042	0.224	0.4	0.166	0.578
TP53	MAP3K5	9606.ENSP00000269305	9606.ENSP00000351908	0	0	0	0	0	0	0	0.597	0.597
TP53	HDAC6	9606.ENSP00000269305	9606.ENSP00000365804	0	0	0	0	0.074	0	0	0.587	0.602
TP53	PSMB3	9606.ENSP00000269305	9606.ENSP00000483688	0	0	0	0	0	0.292	0.4	0.147	0.605
TP53	GPX7	9606.ENSP00000269305	9606.ENSP00000354677	0	0	0	0	0.043	0	0	0.605	0.606
TP53	GPX8	9606.ENSP00000269305	9606.ENSP00000423822	0	0	0	0	0.062	0	0	0.609	0.618
TP53	SDHC	9606.ENSP00000269305	9606.ENSP00000356953	0	0	0	0	0	0	0	0.622	0.622
TP53	ERN1	9606.ENSP00000269305	9606.ENSP00000401445	0	0	0	0	0	0.292	0	0.492	0.625
TP53	EIF2AK3	9606.ENSP00000269305	9606.ENSP00000307235	0	0	0	0	0.087	0	0	0.609	0.627
TP53	DDIT3	9606.ENSP00000269305	9606.ENSP00000448665	0	0	0	0	0	0	0	0.69	0.69
TP53	TUBB	9606.ENSP00000269305	9606.ENSP00000339001	0	0	0	0	0.115	0.605	0	0.273	0.723
TP53	ERBB4	9606.ENSP00000269305	9606.ENSP00000342235	0	0	0	0	0	0.292	0	0.629	0.726
TP53	HSPA5	9606.ENSP00000269305	9606.ENSP00000324173	0	0	0	0	0.05	0.593	0	0.582	0.824
TP53	BID	9606.ENSP00000269305	9606.ENSP00000318822	0	0	0	0	0	0	0.75	0.449	0.856
TP53	SQSTM1	9606.ENSP00000269305	9606.ENSP00000374455	0	0	0	0	0	0.776	0	0.579	0.901
TP53	PSMC5	9606.ENSP00000269305	9606.ENSP00000310572	0	0	0	0	0	0.51	0.4	0.697	0.903
TP53	CASP3	9606.ENSP00000269305	9606.ENSP00000311032	0	0	0	0	0.093	0.292	0	0.937	0.956
TP53	APAF1	9606.ENSP00000269305	9606.ENSP00000448165	0	0	0	0	0.067	0.164	0.75	0.885	0.974
TP53	BCL2	9606.ENSP00000269305	9606.ENSP00000381185	0	0	0	0	0.103	0.869	0.9	0.999	0.999
TP53	BCL2L1	9606.ENSP00000269305	9606.ENSP00000365230	0	0	0	0	0.074	0.986	0	0.998	0.999
TUBB	UQCRC1	9606.ENSP00000339001	9606.ENSP00000203407	0	0	0	0	0.11	0	0	0.364	0.411
TUBB	PFN1	9606.ENSP00000339001	9606.ENSP00000225655	0	0	0	0	0.299	0.069	0	0.317	0.515
TUBB	TP53	9606.ENSP00000339001	9606.ENSP00000269305	0	0	0	0	0.115	0.605	0	0.273	0.723
TUBB	HSPA5	9606.ENSP00000339001	9606.ENSP00000324173	0	0	0	0	0.378	0.131	0	0.307	0.593
TUBB	SQSTM1	9606.ENSP00000339001	9606.ENSP00000374455	0	0	0	0	0	0.204	0	0.281	0.403
TUBB	HDAC6	9606.ENSP00000339001	9606.ENSP00000365804	0	0	0	0	0.053	0.429	0	0.202	0.531
TUBB	OPTN	9606.ENSP00000339001	9606.ENSP00000368022	0	0	0	0	0.056	0	0.5	0.09	0.533
TUBB	ACTG1	9606.ENSP00000339001	9606.ENSP00000458162	0	0	0	0	0.258	0.129	0	0.677	0.773
TUBB1	HSPA5	9606.ENSP00000217133	9606.ENSP00000324173	0	0	0	0	0.369	0.131	0	0.137	0.485
UBQLN1	GABARAPL2	9606.ENSP00000365576	9606.ENSP00000037243	0	0	0	0	0.125	0.052	0	0.686	0.717
UBQLN1	PSMA4	9606.ENSP00000365576	9606.ENSP00000044462	0	0	0	0	0.25	0.132	0	0.176	0.417
UBQLN1	PSMC4	9606.ENSP00000365576	9606.ENSP00000157812	0	0	0	0	0.114	0.309	0	0.376	0.585
UBQLN1	PSMD8	9606.ENSP00000365576	9606.ENSP00000215071	0	0	0	0	0.113	0.275	0	0.486	0.64
UBQLN1	PSMA2	9606.ENSP00000365576	9606.ENSP00000223321	0	0	0	0	0.283	0.162	0	0.19	0.471
UBQLN1	DERL1	9606.ENSP00000365576	9606.ENSP00000259512	0	0	0	0	0.144	0	0	0.336	0.407
UBQLN1	PSMD11	9606.ENSP00000365576	9606.ENSP00000261712	0	0	0	0	0.135	0.277	0	0.403	0.594
UBQLN1	SOD1	9606.ENSP00000365576	9606.ENSP00000270142	0	0	0	0	0.086	0.169	0	0.337	0.453
UBQLN1	UBQLN4	9606.ENSP00000365576	9606.ENSP00000357292	0	0	0.059	0.961	0.109	0.628	0	0.391	0.785
UBQLN1	SQSTM1	9606.ENSP00000365576	9606.ENSP00000374455	0	0	0	0	0.079	0.143	0	0.435	0.515
UBQLN1	GABARAPL1	9606.ENSP00000365576	9606.ENSP00000411256	0	0	0	0	0.106	0.052	0	0.679	0.704
UBQLN1	OPTN	9606.ENSP00000365576	9606.ENSP00000368022	0	0	0	0	0.086	0.365	0	0.595	0.744
UBQLN1	PSMD14	9606.ENSP00000365576	9606.ENSP00000386541	0	0	0	0	0.177	0.702	0	0.609	0.896
UBQLN3	PSMD8	9606.ENSP00000347997	9606.ENSP00000215071	0	0	0	0	0.055	0.275	0	0.229	0.425
UBQLN3	PSMD14	9606.ENSP00000347997	9606.ENSP00000386541	0	0	0	0	0.103	0.314	0	0.307	0.536
UBQLN3	OPTN	9606.ENSP00000347997	9606.ENSP00000368022	0	0	0	0	0.06	0.247	0	0.504	0.618
UBQLN4	PSMA4	9606.ENSP00000357292	9606.ENSP00000044462	0	0	0	0	0.087	0.994	0	0.202	0.995
UBQLN4	PSMD8	9606.ENSP00000357292	9606.ENSP00000215071	0	0	0	0	0.076	0.995	0	0.214	0.996
UBQLN4	PSMD11	9606.ENSP00000357292	9606.ENSP00000261712	0	0	0	0	0.082	0.995	0	0.197	0.996
UBQLN4	PSMC5	9606.ENSP00000357292	9606.ENSP00000310572	0	0	0	0	0.088	0.994	0	0.155	0.995
UBQLN4	HSPA5	9606.ENSP00000357292	9606.ENSP00000324173	0	0	0	0	0.074	0.466	0	0.17	0.554
UBQLN4	PSMB5	9606.ENSP00000357292	9606.ENSP00000355325	0	0	0	0	0.071	0.994	0	0.067	0.994
UBQLN4	OPTN	9606.ENSP00000357292	9606.ENSP00000368022	0	0	0	0	0.06	0.247	0	0.521	0.631
UBQLN4	UBQLN1	9606.ENSP00000357292	9606.ENSP00000365576	0	0	0.059	0.961	0.109	0.628	0	0.391	0.785
UBQLN4	PSMB3	9606.ENSP00000357292	9606.ENSP00000483688	0	0	0	0	0.075	0.994	0	0.067	0.994
UBQLN4	PSMC3	9606.ENSP00000357292	9606.ENSP00000481029	0	0	0	0	0.092	0.994	0	0.131	0.995
UBQLN4	PSMD14	9606.ENSP00000357292	9606.ENSP00000386541	0	0	0	0	0.12	0.995	0	0.32	0.997
ULK1	RB1CC1	9606.ENSP00000324560	9606.ENSP00000025008	0	0	0	0	0.07	0.995	0.9	0.998	0.999
ULK1	GABARAPL2	9606.ENSP00000324560	9606.ENSP00000037243	0	0	0	0	0.146	0.868	0	0.981	0.997
ULK1	ATG14	9606.ENSP00000324560	9606.ENSP00000247178	0	0	0	0	0.044	0.994	0.9	0.904	0.999
ULK1	PIK3C3	9606.ENSP00000324560	9606.ENSP00000262039	0	0	0	0	0	0.84	0.9	0.962	0.999
ULK1	WIPI1	9606.ENSP00000324560	9606.ENSP00000262139	0	0	0	0	0.07	0.747	0	0.9	0.974
ULK1	TP53	9606.ENSP00000324560	9606.ENSP00000269305	0	0	0	0	0	0.164	0	0.474	0.541
ULK1	WIPI2	9606.ENSP00000324560	9606.ENSP00000288828	0	0	0	0	0.113	0.747	0	0.772	0.944
ULK1	CASP3	9606.ENSP00000324560	9606.ENSP00000311032	0	0	0	0	0	0.066	0	0.449	0.464
ULK1	ATF4	9606.ENSP00000324560	9606.ENSP00000336790	0	0	0	0	0.082	0	0	0.379	0.406
ULK1	BCL2L1	9606.ENSP00000324560	9606.ENSP00000365230	0	0	0	0	0.06	0	0	0.428	0.44
ULK1	HDAC6	9606.ENSP00000324560	9606.ENSP00000365804	0	0	0	0	0.049	0.312	0	0.345	0.534
ULK1	BCL2	9606.ENSP00000324560	9606.ENSP00000381185	0	0	0	0	0	0	0	0.577	0.577
ULK1	TBK1	9606.ENSP00000324560	9606.ENSP00000329967	0	0	0	0.578	0.042	0.51	0	0.225	0.604
ULK1	OPTN	9606.ENSP00000324560	9606.ENSP00000368022	0	0	0	0	0	0.292	0	0.577	0.687
ULK1	SQSTM1	9606.ENSP00000324560	9606.ENSP00000374455	0	0	0	0	0.063	0.793	0	0.808	0.959
ULK1	GABARAPL1	9606.ENSP00000324560	9606.ENSP00000411256	0	0	0	0	0.19	0.83	0	0.943	0.991
ULK1	PIK3R4	9606.ENSP00000324560	9606.ENSP00000349205	0	0	0	0	0	0.84	0.9	0.851	0.997
UQCR10	UQCRC1	9606.ENSP00000332887	9606.ENSP00000203407	0	0	0	0	0.403	0.999	0.975	0.829	0.999
UQCR10	COX6A1	9606.ENSP00000332887	9606.ENSP00000229379	0	0	0	0	0.875	0.821	0.632	0.505	0.995
UQCR10	NDUFA2	9606.ENSP00000332887	9606.ENSP00000252102	0	0	0	0	0.955	0.967	0.284	0.464	0.999
UQCR10	NDUFA10	9606.ENSP00000332887	9606.ENSP00000252711	0	0	0	0	0.208	0.866	0	0.146	0.902
UQCR10	NDUFA9	9606.ENSP00000332887	9606.ENSP00000266544	0	0	0	0	0.786	0.998	0.154	0.448	0.999
UQCR10	NDUFB10	9606.ENSP00000332887	9606.ENSP00000268668	0	0	0	0	0.859	0.967	0	0.375	0.996
UQCR10	NDUFS6	9606.ENSP00000332887	9606.ENSP00000274137	0	0	0	0	0.954	0.959	0	0.506	0.999
UQCR10	CYC1	9606.ENSP00000332887	9606.ENSP00000317159	0	0	0	0	0.879	0.997	0.907	0.84	0.999
UQCR10	NDUFA12	9606.ENSP00000332887	9606.ENSP00000330737	0	0	0	0	0.961	0.967	0	0.446	0.999
UQCR10	DDIT3	9606.ENSP00000332887	9606.ENSP00000448665	0	0	0	0	0.189	0.252	0.147	0.089	0.465
UQCR10	NDUFA4L2	9606.ENSP00000332887	9606.ENSP00000377411	0	0	0	0	0.689	0.088	0.54	0.212	0.883
UQCR10	SDHC	9606.ENSP00000332887	9606.ENSP00000356953	0	0	0	0	0.84	0	0.172	0.456	0.922
UQCR10	NDUFB2	9606.ENSP00000332887	9606.ENSP00000419087	0	0	0	0	0.49	0.8	0	0.324	0.925
UQCR10	NDUFA4	9606.ENSP00000332887	9606.ENSP00000339720	0	0	0	0	0.823	0.088	0.54	0.539	0.961
UQCR10	NDUFB1	9606.ENSP00000332887	9606.ENSP00000483888	0	0	0	0	0.439	0.855	0	0.616	0.966
UQCR10	NDUFA1	9606.ENSP00000332887	9606.ENSP00000360492	0	0	0	0	0.756	0.83	0	0.526	0.978
UQCR10	NDUFA3	9606.ENSP00000332887	9606.ENSP00000418438	0	0	0	0	0.729	0.871	0	0.449	0.979
UQCR10	NDUFB3	9606.ENSP00000332887	9606.ENSP00000407336	0	0	0	0	0.775	0.855	0	0.439	0.98
UQCR10	NDUFS1	9606.ENSP00000332887	9606.ENSP00000392709	0	0	0	0	0.248	0.967	0.172	0.56	0.99
UQCR10	UQCRHL	9606.ENSP00000332887	9606.ENSP00000485401	0	0	0	0	0.827	0.84	0.944	0.277	0.998
UQCR10	COX6B1	9606.ENSP00000332887	9606.ENSP00000466818	0	0	0	0	0.776	0.967	0.658	0.769	0.999
UQCR10	UQCR11	9606.ENSP00000332887	9606.ENSP00000467262	0	0	0	0	0.977	0.994	0.967	0.833	0.999
UQCR10	UQCRB	9606.ENSP00000332887	9606.ENSP00000430494	0	0	0	0	0.971	0.996	0.979	0.945	0.999
UQCR11	UQCRC1	9606.ENSP00000467262	9606.ENSP00000203407	0	0	0	0	0.669	0.994	0.967	0.752	0.999
UQCR11	COX6A1	9606.ENSP00000467262	9606.ENSP00000229379	0	0	0	0	0.494	0.789	0.54	0.489	0.971
UQCR11	NDUFA2	9606.ENSP00000467262	9606.ENSP00000252102	0	0	0	0	0.935	0.83	0	0.51	0.994
UQCR11	NDUFA10	9606.ENSP00000467262	9606.ENSP00000252711	0	0	0	0	0.304	0.844	0	0.321	0.92
UQCR11	NDUFA9	9606.ENSP00000467262	9606.ENSP00000266544	0	0	0	0	0.537	0.841	0	0.241	0.939
UQCR11	NDUFB10	9606.ENSP00000467262	9606.ENSP00000268668	0	0	0	0	0.839	0.83	0	0.447	0.983
UQCR11	NDUFS6	9606.ENSP00000467262	9606.ENSP00000274137	0	0	0	0	0.85	0.83	0	0.515	0.986
UQCR11	CYC1	9606.ENSP00000467262	9606.ENSP00000317159	0	0	0	0	0.692	0.987	0.851	0.471	0.999
UQCR11	NDUFA12	9606.ENSP00000467262	9606.ENSP00000330737	0	0	0	0	0.945	0.83	0	0.467	0.994
UQCR11	UQCR10	9606.ENSP00000467262	9606.ENSP00000332887	0	0	0	0	0.977	0.994	0.967	0.833	0.999
UQCR11	NDUFA4	9606.ENSP00000467262	9606.ENSP00000339720	0	0	0	0	0.784	0	0.54	0.618	0.958
UQCR11	SDHC	9606.ENSP00000467262	9606.ENSP00000356953	0	0	0	0	0.405	0	0	0.286	0.557
UQCR11	NDUFA1	9606.ENSP00000467262	9606.ENSP00000360492	0	0	0	0	0.676	0.83	0	0.575	0.974
UQCR11	NDUFA4L2	9606.ENSP00000467262	9606.ENSP00000377411	0	0	0	0	0.692	0	0.54	0.345	0.899
UQCR11	NDUFS1	9606.ENSP00000467262	9606.ENSP00000392709	0	0	0	0	0.116	0.83	0	0.6	0.934
UQCR11	NDUFB3	9606.ENSP00000467262	9606.ENSP00000407336	0	0	0	0	0.611	0.83	0	0.431	0.959
UQCR11	NDUFA3	9606.ENSP00000467262	9606.ENSP00000418438	0	0	0	0	0.925	0.83	0	0.575	0.994
UQCR11	NDUFB2	9606.ENSP00000467262	9606.ENSP00000419087	0	0	0	0	0.549	0.8	0	0.357	0.937
UQCR11	UQCRB	9606.ENSP00000467262	9606.ENSP00000430494	0	0	0	0	0.56	0.982	0.967	0.787	0.999
UQCR11	COX6B1	9606.ENSP00000467262	9606.ENSP00000466818	0	0	0	0	0.668	0.946	0.54	0.678	0.997
UQCR11	NDUFB1	9606.ENSP00000467262	9606.ENSP00000483888	0	0	0	0	0.438	0.83	0	0.626	0.961
UQCR11	UQCRHL	9606.ENSP00000467262	9606.ENSP00000485401	0	0	0	0	0.4	0.826	0.944	0.183	0.994
UQCRB	UQCRC1	9606.ENSP00000430494	9606.ENSP00000203407	0	0	0	0	0.74	0.999	0.975	0.964	0.999
UQCRB	COX6A1	9606.ENSP00000430494	9606.ENSP00000229379	0	0	0	0	0.825	0.907	0.681	0.592	0.997
UQCRB	NDUFA2	9606.ENSP00000430494	9606.ENSP00000252102	0	0	0	0	0.86	0.967	0.284	0.382	0.997
UQCRB	NDUFA10	9606.ENSP00000430494	9606.ENSP00000252711	0	0	0	0	0.245	0.922	0	0.306	0.956
UQCRB	NDUFA9	9606.ENSP00000430494	9606.ENSP00000266544	0	0	0	0	0.672	0.945	0.218	0.341	0.989
UQCRB	NDUFB10	9606.ENSP00000430494	9606.ENSP00000268668	0	0	0	0	0.737	0.966	0	0.417	0.994
UQCRB	NDUFS6	9606.ENSP00000430494	9606.ENSP00000274137	0	0	0	0	0.861	0.959	0	0.464	0.996
UQCRB	CYC1	9606.ENSP00000430494	9606.ENSP00000317159	0	0	0	0	0.953	0.997	0.907	0.978	0.999
UQCRB	NDUFA12	9606.ENSP00000430494	9606.ENSP00000330737	0	0	0	0	0.973	0.981	0.172	0.342	0.999
UQCRB	UQCR10	9606.ENSP00000430494	9606.ENSP00000332887	0	0	0	0	0.971	0.996	0.979	0.945	0.999
UQCRB	NDUFA4	9606.ENSP00000430494	9606.ENSP00000339720	0	0	0	0	0.694	0.225	0.54	0.527	0.941
UQCRB	SDHC	9606.ENSP00000430494	9606.ENSP00000356953	0	0	0	0	0.851	0	0.172	0.323	0.909
UQCRB	NDUFA1	9606.ENSP00000430494	9606.ENSP00000360492	0	0	0	0	0.486	0.812	0	0.508	0.948
UQCRB	NDUFA4L2	9606.ENSP00000430494	9606.ENSP00000377411	0	0	0	0	0.613	0	0.54	0.22	0.849
UQCRB	NDUFS1	9606.ENSP00000430494	9606.ENSP00000392709	0	0	0	0	0.866	0.979	0.284	0.555	0.998
UQCRB	NDUFB3	9606.ENSP00000430494	9606.ENSP00000407336	0	0	0	0	0.823	0.826	0	0.432	0.981
UQCRB	NDUFA3	9606.ENSP00000430494	9606.ENSP00000418438	0	0	0	0	0.278	0.826	0	0.312	0.906
UQCRB	NDUFB2	9606.ENSP00000430494	9606.ENSP00000419087	0	0	0	0	0.249	0.834	0	0.36	0.913
UQCRB	DDIT3	9606.ENSP00000430494	9606.ENSP00000448665	0	0	0	0	0.19	0.245	0.147	0.128	0.484
UQCRB	NDUFB1	9606.ENSP00000430494	9606.ENSP00000483888	0	0	0	0	0.548	0.859	0	0.432	0.96
UQCRB	UQCRHL	9606.ENSP00000430494	9606.ENSP00000485401	0	0	0	0	0.748	0.839	0.944	0.342	0.998
UQCRB	UQCR11	9606.ENSP00000430494	9606.ENSP00000467262	0	0	0	0	0.56	0.982	0.967	0.787	0.999
UQCRB	COX6B1	9606.ENSP00000430494	9606.ENSP00000466818	0	0	0	0	0.767	0.98	0.716	0.602	0.999
UQCRC1	TUBB	9606.ENSP00000203407	9606.ENSP00000339001	0	0	0	0	0.11	0	0	0.364	0.411
UQCRC1	TOMM40	9606.ENSP00000203407	9606.ENSP00000410339	0	0	0	0	0.252	0	0	0.362	0.503
UQCRC1	PSMC3	9606.ENSP00000203407	9606.ENSP00000481029	0	0	0	0	0.505	0	0	0.183	0.579
UQCRC1	NDUFA4L2	9606.ENSP00000203407	9606.ENSP00000377411	0	0	0	0	0.105	0.061	0.54	0.244	0.669
UQCRC1	SDHC	9606.ENSP00000203407	9606.ENSP00000356953	0	0	0	0	0.461	0	0.163	0.406	0.709
UQCRC1	NDUFB2	9606.ENSP00000203407	9606.ENSP00000419087	0	0	0	0	0.133	0.8	0	0.29	0.866
UQCRC1	NDUFA4	9606.ENSP00000203407	9606.ENSP00000339720	0	0	0	0	0.157	0.244	0.54	0.669	0.89
UQCRC1	NDUFB1	9606.ENSP00000203407	9606.ENSP00000483888	0	0	0	0	0.11	0.856	0	0.231	0.893
UQCRC1	NDUFA1	9606.ENSP00000203407	9606.ENSP00000360492	0	0	0	0	0.129	0.844	0	0.473	0.922
UQCRC1	NDUFA3	9606.ENSP00000203407	9606.ENSP00000418438	0	0	0	0	0.297	0.867	0	0.403	0.939
UQCRC1	NDUFB3	9606.ENSP00000203407	9606.ENSP00000407336	0	0	0	0	0.186	0.856	0.154	0.469	0.94
UQCRC1	NDUFB10	9606.ENSP00000203407	9606.ENSP00000268668	0	0	0	0	0.468	0.948	0.154	0.492	0.986
UQCRC1	UQCRHL	9606.ENSP00000203407	9606.ENSP00000485401	0	0	0	0	0.116	0.759	0.944	0.132	0.988
UQCRC1	COX6B1	9606.ENSP00000203407	9606.ENSP00000466818	0	0	0	0	0.337	0.917	0.623	0.545	0.989
UQCRC1	COX6A1	9606.ENSP00000203407	9606.ENSP00000229379	0	0	0	0	0.347	0.896	0.624	0.619	0.989
UQCRC1	NDUFS6	9606.ENSP00000203407	9606.ENSP00000274137	0	0	0	0	0.516	0.966	0	0.478	0.99
UQCRC1	NDUFA2	9606.ENSP00000203407	9606.ENSP00000252102	0	0	0	0	0.246	0.964	0.154	0.706	0.992
UQCRC1	NDUFA10	9606.ENSP00000203407	9606.ENSP00000252711	0	0	0	0	0.924	0.867	0.134	0.671	0.996
UQCRC1	NDUFA9	9606.ENSP00000203407	9606.ENSP00000266544	0	0	0	0	0.863	0.935	0.154	0.806	0.998
UQCRC1	NDUFS1	9606.ENSP00000203407	9606.ENSP00000392709	0	0	0	0	0.707	0.969	0.216	0.796	0.998
UQCRC1	UQCR10	9606.ENSP00000203407	9606.ENSP00000332887	0	0	0	0	0.403	0.999	0.975	0.829	0.999
UQCRC1	UQCR11	9606.ENSP00000203407	9606.ENSP00000467262	0	0	0	0	0.669	0.994	0.967	0.752	0.999
UQCRC1	CYC1	9606.ENSP00000203407	9606.ENSP00000317159	0	0	0	0	0.917	0.992	0.889	0.944	0.999
UQCRC1	UQCRB	9606.ENSP00000203407	9606.ENSP00000430494	0	0	0	0	0.74	0.999	0.975	0.964	0.999
UQCRC1	NDUFA12	9606.ENSP00000203407	9606.ENSP00000330737	0	0	0	0	0.328	0.999	0	0.41	0.999
UQCRHL	UQCRC1	9606.ENSP00000485401	9606.ENSP00000203407	0	0	0	0	0.116	0.759	0.944	0.132	0.988
UQCRHL	COX6A1	9606.ENSP00000485401	9606.ENSP00000229379	0	0	0	0	0.389	0.603	0.649	0.449	0.946
UQCRHL	NDUFA2	9606.ENSP00000485401	9606.ENSP00000252102	0	0	0	0	0.821	0.799	0.237	0.194	0.974
UQCRHL	NDUFA10	9606.ENSP00000485401	9606.ENSP00000252711	0	0	0	0	0.124	0.312	0.163	0.115	0.493
UQCRHL	NDUFA9	9606.ENSP00000485401	9606.ENSP00000266544	0	0	0	0	0.399	0.536	0.285	0	0.783
UQCRHL	NDUFB10	9606.ENSP00000485401	9606.ENSP00000268668	0	0	0	0	0.555	0.772	0.163	0.06	0.909
UQCRHL	NDUFS6	9606.ENSP00000485401	9606.ENSP00000274137	0	0	0	0	0.824	0.771	0.163	0.085	0.965
UQCRHL	CYC1	9606.ENSP00000485401	9606.ENSP00000317159	0	0	0	0	0.682	0.836	0.744	0.185	0.987
UQCRHL	NDUFA12	9606.ENSP00000485401	9606.ENSP00000330737	0	0	0	0	0.703	0.761	0.163	0.166	0.943
UQCRHL	UQCR10	9606.ENSP00000485401	9606.ENSP00000332887	0	0	0	0	0.827	0.84	0.944	0.277	0.998
UQCRHL	NDUFA4	9606.ENSP00000485401	9606.ENSP00000339720	0	0	0	0	0.522	0.092	0.54	0.308	0.843
UQCRHL	SDHC	9606.ENSP00000485401	9606.ENSP00000356953	0	0	0	0	0.68	0	0	0.156	0.718
UQCRHL	NDUFA1	9606.ENSP00000485401	9606.ENSP00000360492	0	0	0	0	0.304	0.252	0	0.109	0.496
UQCRHL	NDUFA4L2	9606.ENSP00000485401	9606.ENSP00000377411	0	0	0	0	0.522	0.092	0.54	0.273	0.835
UQCRHL	NDUFS1	9606.ENSP00000485401	9606.ENSP00000392709	0	0	0	0	0.555	0.766	0.406	0.08	0.935
UQCRHL	NDUFB3	9606.ENSP00000485401	9606.ENSP00000407336	0	0	0	0	0.544	0.312	0.163	0.1	0.732
UQCRHL	NDUFA3	9606.ENSP00000485401	9606.ENSP00000418438	0	0	0	0	0.291	0.38	0	0.102	0.57
UQCRHL	UQCRB	9606.ENSP00000485401	9606.ENSP00000430494	0	0	0	0	0.748	0.839	0.944	0.342	0.998
UQCRHL	COX6B1	9606.ENSP00000485401	9606.ENSP00000466818	0	0	0	0	0.305	0.516	0.691	0.167	0.902
UQCRHL	UQCR11	9606.ENSP00000485401	9606.ENSP00000467262	0	0	0	0	0.4	0.826	0.944	0.183	0.994
WIPI1	RB1CC1	9606.ENSP00000262139	9606.ENSP00000025008	0	0	0	0	0.063	0.093	0	0.863	0.873
WIPI1	GABARAPL2	9606.ENSP00000262139	9606.ENSP00000037243	0	0	0	0	0.201	0.096	0	0.834	0.87
WIPI1	XBP1	9606.ENSP00000262139	9606.ENSP00000216037	0	0	0	0	0.044	0	0.75	0.286	0.814
WIPI1	ATG14	9606.ENSP00000262139	9606.ENSP00000247178	0	0	0	0	0.042	0.195	0	0.867	0.889
WIPI1	PIK3C3	9606.ENSP00000262139	9606.ENSP00000262039	0	0	0	0	0.06	0	0	0.9	0.902
WIPI1	ATF6	9606.ENSP00000262139	9606.ENSP00000356919	0	0	0	0	0.06	0	0	0.411	0.422
WIPI1	OPTN	9606.ENSP00000262139	9606.ENSP00000368022	0	0	0	0	0.049	0.195	0	0.51	0.592
WIPI1	SQSTM1	9606.ENSP00000262139	9606.ENSP00000374455	0	0	0	0	0.056	0.128	0	0.659	0.694
WIPI1	PIK3R4	9606.ENSP00000262139	9606.ENSP00000349205	0	0	0	0	0	0	0	0.815	0.815
WIPI1	GABARAPL1	9606.ENSP00000262139	9606.ENSP00000411256	0	0	0	0	0.263	0.096	0	0.839	0.884
WIPI1	ULK1	9606.ENSP00000262139	9606.ENSP00000324560	0	0	0	0	0.07	0.747	0	0.9	0.974
WIPI1	WIPI2	9606.ENSP00000262139	9606.ENSP00000288828	0	0	0.064	0.949	0.044	0	0.9	0.769	0.976
WIPI2	RB1CC1	9606.ENSP00000288828	9606.ENSP00000025008	0	0	0	0	0.049	0.211	0	0.914	0.93
WIPI2	GABARAPL2	9606.ENSP00000288828	9606.ENSP00000037243	0	0	0	0	0.206	0.096	0.5	0.852	0.94
WIPI2	ATG14	9606.ENSP00000288828	9606.ENSP00000247178	0	0	0	0	0.085	0	0.5	0.869	0.935
WIPI2	PSMD11	9606.ENSP00000288828	9606.ENSP00000261712	0	0	0	0	0.113	0.378	0	0	0.425
WIPI2	PIK3C3	9606.ENSP00000288828	9606.ENSP00000262039	0	0	0	0	0.057	0	0.5	0.944	0.971
WIPI2	WIPI1	9606.ENSP00000288828	9606.ENSP00000262139	0	0	0.064	0.949	0.044	0	0.9	0.769	0.976
WIPI2	PSMC5	9606.ENSP00000288828	9606.ENSP00000310572	0	0	0	0	0.056	0.378	0	0.08	0.412
WIPI2	SQSTM1	9606.ENSP00000288828	9606.ENSP00000374455	0	0	0	0	0.047	0.128	0	0.656	0.689
WIPI2	OPTN	9606.ENSP00000288828	9606.ENSP00000368022	0	0	0	0	0.049	0.51	0	0.502	0.747
WIPI2	TBK1	9606.ENSP00000288828	9606.ENSP00000329967	0	0	0	0	0.075	0	0	0.766	0.775
WIPI2	PIK3R4	9606.ENSP00000288828	9606.ENSP00000349205	0	0	0	0	0.058	0	0.5	0.79	0.892
WIPI2	GABARAPL1	9606.ENSP00000288828	9606.ENSP00000411256	0	0	0	0	0.196	0.096	0.5	0.775	0.907
WIPI2	ULK1	9606.ENSP00000288828	9606.ENSP00000324560	0	0	0	0	0.113	0.747	0	0.772	0.944
XBP1	SQSTM1	9606.ENSP00000216037	9606.ENSP00000374455	0	0	0	0	0.044	0	0	0.454	0.456
XBP1	BCL2L1	9606.ENSP00000216037	9606.ENSP00000365230	0	0	0	0	0.057	0	0	0.475	0.484
XBP1	ITPR3	9606.ENSP00000216037	9606.ENSP00000363435	0	0	0	0	0.044	0	0	0.501	0.502
XBP1	SOD1	9606.ENSP00000216037	9606.ENSP00000270142	0	0	0	0	0.085	0	0	0.505	0.528
XBP1	TP53	9606.ENSP00000216037	9606.ENSP00000269305	0	0	0	0	0.042	0	0	0.529	0.529
XBP1	DERL1	9606.ENSP00000216037	9606.ENSP00000259512	0	0	0	0	0.102	0.292	0	0.498	0.653
XBP1	BCL2	9606.ENSP00000216037	9606.ENSP00000381185	0	0	0	0	0.079	0	0	0.652	0.666
XBP1	CASP3	9606.ENSP00000216037	9606.ENSP00000311032	0	0	0	0	0.051	0	0	0.703	0.706
XBP1	MAP3K5	9606.ENSP00000216037	9606.ENSP00000351908	0	0	0	0	0	0	0	0.758	0.758
XBP1	WIPI1	9606.ENSP00000216037	9606.ENSP00000262139	0	0	0	0	0.044	0	0.75	0.286	0.814
XBP1	EIF2AK3	9606.ENSP00000216037	9606.ENSP00000307235	0	0	0	0	0.202	0	0	0.891	0.909
XBP1	ATF4	9606.ENSP00000216037	9606.ENSP00000336790	0	0	0	0	0.221	0.098	0	0.892	0.917
XBP1	HSPA5	9606.ENSP00000216037	9606.ENSP00000324173	0	0	0	0	0.228	0.345	0	0.964	0.98
XBP1	DDIT3	9606.ENSP00000216037	9606.ENSP00000448665	0	0	0	0	0.074	0.071	0.9	0.885	0.988
XBP1	ERN1	9606.ENSP00000216037	9606.ENSP00000401445	0	0	0	0	0.074	0.079	0.9	0.975	0.997
XBP1	ATF6	9606.ENSP00000216037	9606.ENSP00000356919	0	0	0	0	0.049	0.574	0.75	0.99	0.998
