#category	term ID	term description	observed gene count	background gene count	strength	signal	false discovery rate	matching proteins in your network (IDs)	matching proteins in your network (labels)
GO Process	GO:0007160	Cell-matrix adhesion	8	136	1.07	0.54	0.0099	9606.ENSP00000222573,9606.ENSP00000226218,9606.ENSP00000264828,9606.ENSP00000310036,9606.ENSP00000379975,9606.ENSP00000380948,9606.ENSP00000407685,9606.ENSP00000452786	ITGB8,VTN,COL5A3,CD34,ILK,ITGB2,TNXB,ITGB3
GO Process	GO:0050896	Response to stimulus	63	7835	0.2	0.31	0.0116	9606.ENSP00000046794,9606.ENSP00000173229,9606.ENSP00000222573,9606.ENSP00000226218,9606.ENSP00000236959,9606.ENSP00000245907,9606.ENSP00000248594,9606.ENSP00000249330,9606.ENSP00000264637,9606.ENSP00000264832,9606.ENSP00000266041,9606.ENSP00000266254,9606.ENSP00000268182,9606.ENSP00000300060,9606.ENSP00000300648,9606.ENSP00000310036,9606.ENSP00000311469,9606.ENSP00000327323,9606.ENSP00000330737,9606.ENSP00000340019,9606.ENSP00000349577,9606.ENSP00000349748,9606.ENSP00000351646,9606.ENSP00000352071,9606.ENSP00000357055,9606.ENSP00000359258,9606.ENSP00000359497,9606.ENSP00000360141,9606.ENSP00000363017,9606.ENSP00000363868,9606.ENSP00000364114,9606.ENSP00000365402,9606.ENSP00000367851,9606.ENSP00000369739,9606.ENSP00000370635,9606.ENSP00000371152,9606.ENSP00000373477,9606.ENSP00000378131,9606.ENSP00000378786,9606.ENSP00000379038,9606.ENSP00000379845,9606.ENSP00000379975,9606.ENSP00000380948,9606.ENSP00000380958,9606.ENSP00000381340,9606.ENSP00000381581,9606.ENSP00000381601,9606.ENSP00000385035,9606.ENSP00000385451,9606.ENSP00000389631,9606.ENSP00000392147,9606.ENSP00000408526,9606.ENSP00000411355,9606.ENSP00000416561,9606.ENSP00000417864,9606.ENSP00000424846,9606.ENSP00000436126,9606.ENSP00000450540,9606.ENSP00000452786,9606.ENSP00000480132,9606.ENSP00000482841,9606.ENSP00000497382,9606.ENSP00000498358	LCP2,NTN1,ITGB8,VTN,ATIC,C3,PTPN12,VGF,THRA,ICAM1,ITIH4,TTLL1,IQGAP1,ANPEP,GCN1,CD34,GSTM1,THNSL2,NDUFA12,HSPD1,PRODH,SFPQ,STIP1,CD163,PEA15,GCLM,GBP2,GNAS,RPA2,ABCA1,HLA-DRB5,HLA-C,CYBB,BPHL,SLC39A14,ASAH1,GPX3,CFI,HLA-DRA,TYMP,ABAT,ILK,ITGB2,MBP,GGT5,LCP1,MX1,C1S,MDK,ARPC1B,PPP6C,IMPA1,PTPRC,CFB,ANP32A,SH3BP2,SAA2,SERPINA3,ITGB3,NCAM1,CRABP2,CD53,FECH
GO Process	GO:0006955	Immune response	21	1321	0.5	0.4	0.0124	9606.ENSP00000046794,9606.ENSP00000222573,9606.ENSP00000226218,9606.ENSP00000245907,9606.ENSP00000264832,9606.ENSP00000266254,9606.ENSP00000340019,9606.ENSP00000349748,9606.ENSP00000359497,9606.ENSP00000364114,9606.ENSP00000365402,9606.ENSP00000367851,9606.ENSP00000378131,9606.ENSP00000378786,9606.ENSP00000380958,9606.ENSP00000381581,9606.ENSP00000381601,9606.ENSP00000385035,9606.ENSP00000385451,9606.ENSP00000392147,9606.ENSP00000416561	LCP2,ITGB8,VTN,C3,ICAM1,TTLL1,HSPD1,SFPQ,GBP2,HLA-DRB5,HLA-C,CYBB,CFI,HLA-DRA,MBP,LCP1,MX1,C1S,MDK,PPP6C,CFB
GO Process	GO:0019752	Carboxylic acid metabolic process	16	819	0.59	0.42	0.0144	9606.ENSP00000236959,9606.ENSP00000245907,9606.ENSP00000311469,9606.ENSP00000314649,9606.ENSP00000327323,9606.ENSP00000349577,9606.ENSP00000350314,9606.ENSP00000359151,9606.ENSP00000359258,9606.ENSP00000365462,9606.ENSP00000369739,9606.ENSP00000371152,9606.ENSP00000379845,9606.ENSP00000381340,9606.ENSP00000407685,9606.ENSP00000482841	ATIC,C3,GSTM1,ALDH5A1,THNSL2,PRODH,BCO2,DBT,GCLM,PCCA,BPHL,ASAH1,ABAT,GGT5,TNXB,CRABP2
GO Process	GO:0033627	Cell adhesion mediated by integrin	5	42	1.37	0.53	0.0144	9606.ENSP00000222573,9606.ENSP00000226218,9606.ENSP00000264832,9606.ENSP00000380948,9606.ENSP00000452786	ITGB8,VTN,ICAM1,ITGB2,ITGB3
GO Process	GO:0044281	Small molecule metabolic process	23	1645	0.44	0.38	0.0145	9606.ENSP00000236959,9606.ENSP00000245907,9606.ENSP00000311469,9606.ENSP00000314649,9606.ENSP00000322706,9606.ENSP00000327323,9606.ENSP00000330737,9606.ENSP00000349577,9606.ENSP00000350314,9606.ENSP00000359151,9606.ENSP00000359258,9606.ENSP00000363868,9606.ENSP00000365462,9606.ENSP00000369739,9606.ENSP00000370635,9606.ENSP00000371152,9606.ENSP00000379038,9606.ENSP00000379845,9606.ENSP00000381340,9606.ENSP00000407685,9606.ENSP00000408526,9606.ENSP00000482841,9606.ENSP00000491537	ATIC,C3,GSTM1,ALDH5A1,HMGCS1,THNSL2,NDUFA12,PRODH,BCO2,DBT,GCLM,ABCA1,PCCA,BPHL,SLC39A14,ASAH1,TYMP,ABAT,GGT5,TNXB,IMPA1,CRABP2,FDFT1
GO Process	GO:0002376	Immune system process	26	2121	0.39	0.34	0.0213	9606.ENSP00000046794,9606.ENSP00000222573,9606.ENSP00000226218,9606.ENSP00000245907,9606.ENSP00000264637,9606.ENSP00000264832,9606.ENSP00000266254,9606.ENSP00000310036,9606.ENSP00000340019,9606.ENSP00000349748,9606.ENSP00000359497,9606.ENSP00000364114,9606.ENSP00000365402,9606.ENSP00000367851,9606.ENSP00000372155,9606.ENSP00000378131,9606.ENSP00000378786,9606.ENSP00000380948,9606.ENSP00000380958,9606.ENSP00000381581,9606.ENSP00000381601,9606.ENSP00000385035,9606.ENSP00000385451,9606.ENSP00000392147,9606.ENSP00000411355,9606.ENSP00000416561	LCP2,ITGB8,VTN,C3,THRA,ICAM1,TTLL1,CD34,HSPD1,SFPQ,GBP2,HLA-DRB5,HLA-C,CYBB,PSME1,CFI,HLA-DRA,ITGB2,MBP,LCP1,MX1,C1S,MDK,PPP6C,PTPRC,CFB
GO Process	GO:0006520	Cellular amino acid metabolic process	9	290	0.79	0.4	0.0272	9606.ENSP00000314649,9606.ENSP00000327323,9606.ENSP00000349577,9606.ENSP00000359151,9606.ENSP00000359258,9606.ENSP00000365462,9606.ENSP00000369739,9606.ENSP00000379845,9606.ENSP00000381340	ALDH5A1,THNSL2,PRODH,DBT,GCLM,PCCA,BPHL,ABAT,GGT5
GO Process	GO:0006950	Response to stress	34	3358	0.3	0.29	0.0336	9606.ENSP00000245907,9606.ENSP00000249330,9606.ENSP00000264637,9606.ENSP00000266041,9606.ENSP00000300648,9606.ENSP00000310036,9606.ENSP00000311469,9606.ENSP00000330737,9606.ENSP00000340019,9606.ENSP00000349577,9606.ENSP00000349748,9606.ENSP00000352071,9606.ENSP00000359258,9606.ENSP00000359497,9606.ENSP00000360141,9606.ENSP00000363017,9606.ENSP00000363868,9606.ENSP00000365402,9606.ENSP00000367851,9606.ENSP00000373477,9606.ENSP00000378131,9606.ENSP00000379845,9606.ENSP00000379975,9606.ENSP00000380948,9606.ENSP00000381340,9606.ENSP00000381601,9606.ENSP00000385035,9606.ENSP00000385451,9606.ENSP00000392147,9606.ENSP00000411355,9606.ENSP00000416561,9606.ENSP00000436126,9606.ENSP00000450540,9606.ENSP00000452786	C3,VGF,THRA,ITIH4,GCN1,CD34,GSTM1,NDUFA12,HSPD1,PRODH,SFPQ,CD163,GCLM,GBP2,GNAS,RPA2,ABCA1,HLA-C,CYBB,GPX3,CFI,ABAT,ILK,ITGB2,GGT5,MX1,C1S,MDK,PPP6C,PTPRC,CFB,SAA2,SERPINA3,ITGB3
GO Process	GO:0045766	Positive regulation of angiogenesis	7	166	0.92	0.39	0.0336	9606.ENSP00000222573,9606.ENSP00000245907,9606.ENSP00000310036,9606.ENSP00000367851,9606.ENSP00000380948,9606.ENSP00000385451,9606.ENSP00000452786	ITGB8,C3,CD34,CYBB,ITGB2,MDK,ITGB3
GO Function	GO:0005515	Protein binding	63	7242	0.24	0.44	0.00028	9606.ENSP00000222573,9606.ENSP00000226218,9606.ENSP00000236959,9606.ENSP00000245907,9606.ENSP00000248594,9606.ENSP00000249330,9606.ENSP00000260665,9606.ENSP00000264613,9606.ENSP00000264637,9606.ENSP00000264828,9606.ENSP00000264832,9606.ENSP00000266254,9606.ENSP00000268182,9606.ENSP00000298159,9606.ENSP00000300648,9606.ENSP00000310036,9606.ENSP00000311469,9606.ENSP00000314649,9606.ENSP00000322706,9606.ENSP00000327323,9606.ENSP00000340019,9606.ENSP00000345107,9606.ENSP00000348128,9606.ENSP00000349748,9606.ENSP00000351646,9606.ENSP00000352071,9606.ENSP00000359151,9606.ENSP00000359258,9606.ENSP00000359497,9606.ENSP00000360141,9606.ENSP00000363017,9606.ENSP00000363868,9606.ENSP00000365402,9606.ENSP00000365462,9606.ENSP00000367851,9606.ENSP00000371152,9606.ENSP00000373477,9606.ENSP00000377195,9606.ENSP00000378786,9606.ENSP00000379038,9606.ENSP00000379372,9606.ENSP00000379845,9606.ENSP00000379975,9606.ENSP00000380948,9606.ENSP00000380958,9606.ENSP00000381581,9606.ENSP00000381601,9606.ENSP00000385035,9606.ENSP00000385451,9606.ENSP00000389631,9606.ENSP00000407685,9606.ENSP00000408526,9606.ENSP00000411355,9606.ENSP00000416561,9606.ENSP00000417864,9606.ENSP00000420588,9606.ENSP00000424846,9606.ENSP00000432768,9606.ENSP00000452786,9606.ENSP00000460236,9606.ENSP00000482841,9606.ENSP00000497382,9606.ENSP00000498358	ITGB8,VTN,ATIC,C3,PTPN12,VGF,LRPPRC,CP,THRA,COL5A3,ICAM1,TTLL1,IQGAP1,CFL2,GCN1,CD34,GSTM1,ALDH5A1,HMGCS1,THNSL2,HSPD1,C2orf88,SVIL,SFPQ,STIP1,CD163,DBT,GCLM,GBP2,GNAS,RPA2,ABCA1,HLA-C,PCCA,CYBB,ASAH1,GPX3,DBN1,HLA-DRA,TYMP,GTF2A2,ABAT,ILK,ITGB2,MBP,LCP1,MX1,C1S,MDK,ARPC1B,TNXB,IMPA1,PTPRC,CFB,ANP32A,TFAM,SH3BP2,CKAP5,ITGB3,SPON1,CRABP2,CD53,FECH
GO Function	GO:0044877	Protein-containing complex binding	23	1261	0.56	0.63	0.00028	9606.ENSP00000222573,9606.ENSP00000226218,9606.ENSP00000264637,9606.ENSP00000264828,9606.ENSP00000264832,9606.ENSP00000268182,9606.ENSP00000298159,9606.ENSP00000300648,9606.ENSP00000340019,9606.ENSP00000348128,9606.ENSP00000359258,9606.ENSP00000360141,9606.ENSP00000364114,9606.ENSP00000377195,9606.ENSP00000378786,9606.ENSP00000379212,9606.ENSP00000380948,9606.ENSP00000381581,9606.ENSP00000389631,9606.ENSP00000407685,9606.ENSP00000411355,9606.ENSP00000432768,9606.ENSP00000452786	ITGB8,VTN,THRA,COL5A3,ICAM1,IQGAP1,CFL2,GCN1,HSPD1,SVIL,GCLM,GNAS,HLA-DRB5,DBN1,HLA-DRA,PODN,ITGB2,LCP1,ARPC1B,TNXB,PTPRC,CKAP5,ITGB3
GO Function	GO:0005488	Binding	84	12838	0.11	0.27	0.0176	9606.ENSP00000222573,9606.ENSP00000226218,9606.ENSP00000236959,9606.ENSP00000245907,9606.ENSP00000248594,9606.ENSP00000249330,9606.ENSP00000260665,9606.ENSP00000264613,9606.ENSP00000264637,9606.ENSP00000264828,9606.ENSP00000264832,9606.ENSP00000266022,9606.ENSP00000266254,9606.ENSP00000268182,9606.ENSP00000296220,9606.ENSP00000298159,9606.ENSP00000300060,9606.ENSP00000300648,9606.ENSP00000310036,9606.ENSP00000310623,9606.ENSP00000311469,9606.ENSP00000314649,9606.ENSP00000317780,9606.ENSP00000322706,9606.ENSP00000327323,9606.ENSP00000339157,9606.ENSP00000340019,9606.ENSP00000345107,9606.ENSP00000348128,9606.ENSP00000349577,9606.ENSP00000349748,9606.ENSP00000350314,9606.ENSP00000351646,9606.ENSP00000352071,9606.ENSP00000359151,9606.ENSP00000359258,9606.ENSP00000359497,9606.ENSP00000360141,9606.ENSP00000363017,9606.ENSP00000363868,9606.ENSP00000364114,9606.ENSP00000365402,9606.ENSP00000365462,9606.ENSP00000367851,9606.ENSP00000371152,9606.ENSP00000373477,9606.ENSP00000377195,9606.ENSP00000378131,9606.ENSP00000378786,9606.ENSP00000379038,9606.ENSP00000379212,9606.ENSP00000379372,9606.ENSP00000379845,9606.ENSP00000379975,9606.ENSP00000380948,9606.ENSP00000380958,9606.ENSP00000381581,9606.ENSP00000381601,9606.ENSP00000385035,9606.ENSP00000385451,9606.ENSP00000385757,9606.ENSP00000389631,9606.ENSP00000392147,9606.ENSP00000399259,9606.ENSP00000407685,9606.ENSP00000408526,9606.ENSP00000410242,9606.ENSP00000411355,9606.ENSP00000416561,9606.ENSP00000417864,9606.ENSP00000420588,9606.ENSP00000424846,9606.ENSP00000432768,9606.ENSP00000446955,9606.ENSP00000450540,9606.ENSP00000452786,9606.ENSP00000460236,9606.ENSP00000473980,9606.ENSP00000478303,9606.ENSP00000480132,9606.ENSP00000482841,9606.ENSP00000491537,9606.ENSP00000497382,9606.ENSP00000498358	ITGB8,VTN,ATIC,C3,PTPN12,VGF,LRPPRC,CP,THRA,COL5A3,ICAM1,RBM6,TTLL1,IQGAP1,OSBPL11,CFL2,ANPEP,GCN1,CD34,ISCU,GSTM1,ALDH5A1,COX5A,HMGCS1,THNSL2,CPM,HSPD1,C2orf88,SVIL,PRODH,SFPQ,BCO2,STIP1,CD163,DBT,GCLM,GBP2,GNAS,RPA2,ABCA1,HLA-DRB5,HLA-C,PCCA,CYBB,ASAH1,GPX3,DBN1,CFI,HLA-DRA,TYMP,PODN,GTF2A2,ABAT,ILK,ITGB2,MBP,LCP1,MX1,C1S,MDK,BLVRA,ARPC1B,PPP6C,FCHSD1,TNXB,IMPA1,IGF2BP2,PTPRC,CFB,ANP32A,TFAM,SH3BP2,CKAP5,MYL6,SERPINA3,ITGB3,SPON1,MRPL37,POLR2E,NCAM1,CRABP2,FDFT1,CD53,FECH
GO Function	GO:1901681	Sulfur compound binding	9	272	0.82	0.44	0.0176	9606.ENSP00000226218,9606.ENSP00000264828,9606.ENSP00000310036,9606.ENSP00000311469,9606.ENSP00000359151,9606.ENSP00000365462,9606.ENSP00000385451,9606.ENSP00000407685,9606.ENSP00000411355	VTN,COL5A3,CD34,GSTM1,DBT,PCCA,MDK,TNXB,PTPRC
GO Function	GO:0005178	Integrin binding	7	159	0.94	0.45	0.0197	9606.ENSP00000222573,9606.ENSP00000226218,9606.ENSP00000264832,9606.ENSP00000380948,9606.ENSP00000381581,9606.ENSP00000407685,9606.ENSP00000452786	ITGB8,VTN,ICAM1,ITGB2,LCP1,TNXB,ITGB3
GO Function	GO:0050839	Cell adhesion molecule binding	12	560	0.63	0.39	0.0233	9606.ENSP00000222573,9606.ENSP00000226218,9606.ENSP00000236959,9606.ENSP00000264832,9606.ENSP00000268182,9606.ENSP00000300648,9606.ENSP00000377195,9606.ENSP00000380948,9606.ENSP00000381581,9606.ENSP00000407685,9606.ENSP00000432768,9606.ENSP00000452786	ITGB8,VTN,ATIC,ICAM1,IQGAP1,GCN1,DBN1,ITGB2,LCP1,TNXB,CKAP5,ITGB3
GO Component	GO:0070062	Extracellular exosome	35	2096	0.52	0.84	1.43e-07	9606.ENSP00000011473,9606.ENSP00000222573,9606.ENSP00000226218,9606.ENSP00000236959,9606.ENSP00000245907,9606.ENSP00000257860,9606.ENSP00000264613,9606.ENSP00000264832,9606.ENSP00000266041,9606.ENSP00000268182,9606.ENSP00000298159,9606.ENSP00000300060,9606.ENSP00000339157,9606.ENSP00000340019,9606.ENSP00000360141,9606.ENSP00000364114,9606.ENSP00000365402,9606.ENSP00000371152,9606.ENSP00000372155,9606.ENSP00000373477,9606.ENSP00000378131,9606.ENSP00000378786,9606.ENSP00000380948,9606.ENSP00000381581,9606.ENSP00000385757,9606.ENSP00000389631,9606.ENSP00000407685,9606.ENSP00000411355,9606.ENSP00000416561,9606.ENSP00000436126,9606.ENSP00000446955,9606.ENSP00000450540,9606.ENSP00000452786,9606.ENSP00000482841,9606.ENSP00000497382	SYPL1,ITGB8,VTN,ATIC,C3,PRPH,CP,ICAM1,ITIH4,IQGAP1,CFL2,ANPEP,CPM,HSPD1,GNAS,HLA-DRB5,HLA-C,ASAH1,PSME1,GPX3,CFI,HLA-DRA,ITGB2,LCP1,BLVRA,ARPC1B,TNXB,PTPRC,CFB,SAA2,MYL6,SERPINA3,ITGB3,CRABP2,CD53
GO Component	GO:0005576	Extracellular region	48	4175	0.36	0.64	7.42e-07	9606.ENSP00000011473,9606.ENSP00000173229,9606.ENSP00000222573,9606.ENSP00000226218,9606.ENSP00000236959,9606.ENSP00000245907,9606.ENSP00000249330,9606.ENSP00000257860,9606.ENSP00000264613,9606.ENSP00000264828,9606.ENSP00000264832,9606.ENSP00000266041,9606.ENSP00000266254,9606.ENSP00000268182,9606.ENSP00000298159,9606.ENSP00000300060,9606.ENSP00000310036,9606.ENSP00000311469,9606.ENSP00000327323,9606.ENSP00000339157,9606.ENSP00000340019,9606.ENSP00000352071,9606.ENSP00000360141,9606.ENSP00000364114,9606.ENSP00000365402,9606.ENSP00000371152,9606.ENSP00000372155,9606.ENSP00000373477,9606.ENSP00000378131,9606.ENSP00000378786,9606.ENSP00000379212,9606.ENSP00000380948,9606.ENSP00000381581,9606.ENSP00000385035,9606.ENSP00000385451,9606.ENSP00000385757,9606.ENSP00000389631,9606.ENSP00000407685,9606.ENSP00000411355,9606.ENSP00000416561,9606.ENSP00000436126,9606.ENSP00000446955,9606.ENSP00000450540,9606.ENSP00000452786,9606.ENSP00000460236,9606.ENSP00000480132,9606.ENSP00000482841,9606.ENSP00000497382	SYPL1,NTN1,ITGB8,VTN,ATIC,C3,VGF,PRPH,CP,COL5A3,ICAM1,ITIH4,TTLL1,IQGAP1,CFL2,ANPEP,CD34,GSTM1,THNSL2,CPM,HSPD1,CD163,GNAS,HLA-DRB5,HLA-C,ASAH1,PSME1,GPX3,CFI,HLA-DRA,PODN,ITGB2,LCP1,C1S,MDK,BLVRA,ARPC1B,TNXB,PTPRC,CFB,SAA2,MYL6,SERPINA3,ITGB3,SPON1,NCAM1,CRABP2,CD53
GO Component	GO:0005615	Extracellular space	41	3247	0.4	0.66	1.43e-06	9606.ENSP00000011473,9606.ENSP00000222573,9606.ENSP00000226218,9606.ENSP00000236959,9606.ENSP00000245907,9606.ENSP00000249330,9606.ENSP00000257860,9606.ENSP00000264613,9606.ENSP00000264828,9606.ENSP00000264832,9606.ENSP00000266041,9606.ENSP00000268182,9606.ENSP00000298159,9606.ENSP00000300060,9606.ENSP00000327323,9606.ENSP00000339157,9606.ENSP00000340019,9606.ENSP00000360141,9606.ENSP00000364114,9606.ENSP00000365402,9606.ENSP00000371152,9606.ENSP00000372155,9606.ENSP00000373477,9606.ENSP00000378131,9606.ENSP00000378786,9606.ENSP00000379212,9606.ENSP00000380948,9606.ENSP00000381581,9606.ENSP00000385035,9606.ENSP00000385757,9606.ENSP00000389631,9606.ENSP00000407685,9606.ENSP00000411355,9606.ENSP00000416561,9606.ENSP00000436126,9606.ENSP00000446955,9606.ENSP00000450540,9606.ENSP00000452786,9606.ENSP00000460236,9606.ENSP00000482841,9606.ENSP00000497382	SYPL1,ITGB8,VTN,ATIC,C3,VGF,PRPH,CP,COL5A3,ICAM1,ITIH4,IQGAP1,CFL2,ANPEP,THNSL2,CPM,HSPD1,GNAS,HLA-DRB5,HLA-C,ASAH1,PSME1,GPX3,CFI,HLA-DRA,PODN,ITGB2,LCP1,C1S,BLVRA,ARPC1B,TNXB,PTPRC,CFB,SAA2,MYL6,SERPINA3,ITGB3,SPON1,CRABP2,CD53
GO Component	GO:0031982	Vesicle	43	3957	0.33	0.54	3.78e-05	9606.ENSP00000011473,9606.ENSP00000222573,9606.ENSP00000226218,9606.ENSP00000236959,9606.ENSP00000245907,9606.ENSP00000249330,9606.ENSP00000257860,9606.ENSP00000264613,9606.ENSP00000264832,9606.ENSP00000266041,9606.ENSP00000268182,9606.ENSP00000296220,9606.ENSP00000298159,9606.ENSP00000300060,9606.ENSP00000339157,9606.ENSP00000340019,9606.ENSP00000352071,9606.ENSP00000359497,9606.ENSP00000360141,9606.ENSP00000363868,9606.ENSP00000364114,9606.ENSP00000365402,9606.ENSP00000367851,9606.ENSP00000370635,9606.ENSP00000371152,9606.ENSP00000372155,9606.ENSP00000373477,9606.ENSP00000378131,9606.ENSP00000378786,9606.ENSP00000380948,9606.ENSP00000381581,9606.ENSP00000385757,9606.ENSP00000389631,9606.ENSP00000399259,9606.ENSP00000407685,9606.ENSP00000411355,9606.ENSP00000416561,9606.ENSP00000436126,9606.ENSP00000446955,9606.ENSP00000450540,9606.ENSP00000452786,9606.ENSP00000482841,9606.ENSP00000497382	SYPL1,ITGB8,VTN,ATIC,C3,VGF,PRPH,CP,ICAM1,ITIH4,IQGAP1,OSBPL11,CFL2,ANPEP,CPM,HSPD1,CD163,GBP2,GNAS,ABCA1,HLA-DRB5,HLA-C,CYBB,SLC39A14,ASAH1,PSME1,GPX3,CFI,HLA-DRA,ITGB2,LCP1,BLVRA,ARPC1B,FCHSD1,TNXB,PTPRC,CFB,SAA2,MYL6,SERPINA3,ITGB3,CRABP2,CD53
GO Component	GO:0005759	Mitochondrial matrix	14	494	0.75	0.83	5.93e-05	9606.ENSP00000260665,9606.ENSP00000310623,9606.ENSP00000314649,9606.ENSP00000340019,9606.ENSP00000349577,9606.ENSP00000350314,9606.ENSP00000359151,9606.ENSP00000365462,9606.ENSP00000376184,9606.ENSP00000377486,9606.ENSP00000379845,9606.ENSP00000420588,9606.ENSP00000473980,9606.ENSP00000498358	LRPPRC,ISCU,ALDH5A1,HSPD1,PRODH,BCO2,DBT,PCCA,BDH1,MRPL19,ABAT,TFAM,MRPL37,FECH
GO Component	GO:0098552	Side of membrane	15	611	0.69	0.76	0.00011	9606.ENSP00000264832,9606.ENSP00000268182,9606.ENSP00000300060,9606.ENSP00000310036,9606.ENSP00000352071,9606.ENSP00000360141,9606.ENSP00000363868,9606.ENSP00000364114,9606.ENSP00000365402,9606.ENSP00000376184,9606.ENSP00000378786,9606.ENSP00000380948,9606.ENSP00000411355,9606.ENSP00000452786,9606.ENSP00000480132	ICAM1,IQGAP1,ANPEP,CD34,CD163,GNAS,ABCA1,HLA-DRB5,HLA-C,BDH1,HLA-DRA,ITGB2,PTPRC,ITGB3,NCAM1
GO Component	GO:0005737	Cytoplasm	83	12056	0.14	0.38	0.00018	9606.ENSP00000011473,9606.ENSP00000046794,9606.ENSP00000173229,9606.ENSP00000226218,9606.ENSP00000236959,9606.ENSP00000245907,9606.ENSP00000248594,9606.ENSP00000249330,9606.ENSP00000257860,9606.ENSP00000260665,9606.ENSP00000263578,9606.ENSP00000264613,9606.ENSP00000264637,9606.ENSP00000264828,9606.ENSP00000266041,9606.ENSP00000266254,9606.ENSP00000268182,9606.ENSP00000296220,9606.ENSP00000298159,9606.ENSP00000300060,9606.ENSP00000300648,9606.ENSP00000310036,9606.ENSP00000310623,9606.ENSP00000311469,9606.ENSP00000314649,9606.ENSP00000317780,9606.ENSP00000322706,9606.ENSP00000330737,9606.ENSP00000340019,9606.ENSP00000348128,9606.ENSP00000349577,9606.ENSP00000349748,9606.ENSP00000350314,9606.ENSP00000351646,9606.ENSP00000352071,9606.ENSP00000357055,9606.ENSP00000359151,9606.ENSP00000359258,9606.ENSP00000359497,9606.ENSP00000360141,9606.ENSP00000363868,9606.ENSP00000364114,9606.ENSP00000365402,9606.ENSP00000365462,9606.ENSP00000367851,9606.ENSP00000369739,9606.ENSP00000370635,9606.ENSP00000371152,9606.ENSP00000372155,9606.ENSP00000376184,9606.ENSP00000377195,9606.ENSP00000377486,9606.ENSP00000378786,9606.ENSP00000379038,9606.ENSP00000379212,9606.ENSP00000379845,9606.ENSP00000379975,9606.ENSP00000380948,9606.ENSP00000380958,9606.ENSP00000381581,9606.ENSP00000381601,9606.ENSP00000385451,9606.ENSP00000385757,9606.ENSP00000389631,9606.ENSP00000392147,9606.ENSP00000399259,9606.ENSP00000408526,9606.ENSP00000410242,9606.ENSP00000411355,9606.ENSP00000417864,9606.ENSP00000420588,9606.ENSP00000432768,9606.ENSP00000446955,9606.ENSP00000450540,9606.ENSP00000452786,9606.ENSP00000460236,9606.ENSP00000473980,9606.ENSP00000478303,9606.ENSP00000480132,9606.ENSP00000482841,9606.ENSP00000491537,9606.ENSP00000497382,9606.ENSP00000498358	SYPL1,LCP2,NTN1,VTN,ATIC,C3,PTPN12,VGF,PRPH,LRPPRC,FOXRED1,CP,THRA,COL5A3,ITIH4,TTLL1,IQGAP1,OSBPL11,CFL2,ANPEP,GCN1,CD34,ISCU,GSTM1,ALDH5A1,COX5A,HMGCS1,NDUFA12,HSPD1,SVIL,PRODH,SFPQ,BCO2,STIP1,CD163,PEA15,DBT,GCLM,GBP2,GNAS,ABCA1,HLA-DRB5,HLA-C,PCCA,CYBB,BPHL,SLC39A14,ASAH1,PSME1,BDH1,DBN1,MRPL19,HLA-DRA,TYMP,PODN,ABAT,ILK,ITGB2,MBP,LCP1,MX1,MDK,BLVRA,ARPC1B,PPP6C,FCHSD1,IMPA1,IGF2BP2,PTPRC,ANP32A,TFAM,CKAP5,MYL6,SERPINA3,ITGB3,SPON1,MRPL37,POLR2E,NCAM1,CRABP2,FDFT1,CD53,FECH
GO Component	GO:0009986	Cell surface	17	894	0.58	0.62	0.00047	9606.ENSP00000222573,9606.ENSP00000245907,9606.ENSP00000264832,9606.ENSP00000300060,9606.ENSP00000310036,9606.ENSP00000339157,9606.ENSP00000340019,9606.ENSP00000352071,9606.ENSP00000363868,9606.ENSP00000365402,9606.ENSP00000378786,9606.ENSP00000380948,9606.ENSP00000380958,9606.ENSP00000411355,9606.ENSP00000452786,9606.ENSP00000480132,9606.ENSP00000497382	ITGB8,C3,ICAM1,ANPEP,CD34,CPM,HSPD1,CD163,ABCA1,HLA-C,HLA-DRA,ITGB2,MBP,PTPRC,ITGB3,NCAM1,CD53
GO Component	GO:0072562	Blood microparticle	7	118	1.07	0.82	0.00053	9606.ENSP00000226218,9606.ENSP00000245907,9606.ENSP00000264613,9606.ENSP00000266041,9606.ENSP00000385035,9606.ENSP00000416561,9606.ENSP00000450540	VTN,C3,CP,ITIH4,C1S,CFB,SERPINA3
GO Component	GO:0005925	Focal adhesion	11	416	0.72	0.62	0.0015	9606.ENSP00000222573,9606.ENSP00000248594,9606.ENSP00000264832,9606.ENSP00000268182,9606.ENSP00000348128,9606.ENSP00000379975,9606.ENSP00000380948,9606.ENSP00000381581,9606.ENSP00000389631,9606.ENSP00000411355,9606.ENSP00000452786	ITGB8,PTPN12,ICAM1,IQGAP1,SVIL,ILK,ITGB2,LCP1,ARPC1B,PTPRC,ITGB3
GO Component	GO:0030141	Secretory granule	15	873	0.53	0.48	0.0041	9606.ENSP00000011473,9606.ENSP00000245907,9606.ENSP00000249330,9606.ENSP00000266041,9606.ENSP00000268182,9606.ENSP00000300060,9606.ENSP00000340019,9606.ENSP00000365402,9606.ENSP00000367851,9606.ENSP00000371152,9606.ENSP00000380948,9606.ENSP00000411355,9606.ENSP00000450540,9606.ENSP00000452786,9606.ENSP00000497382	SYPL1,C3,VGF,ITIH4,IQGAP1,ANPEP,HSPD1,HLA-C,CYBB,ASAH1,ITGB2,PTPRC,SERPINA3,ITGB3,CD53
GO Component	GO:0030667	Secretory granule membrane	9	308	0.76	0.56	0.0041	9606.ENSP00000249330,9606.ENSP00000268182,9606.ENSP00000300060,9606.ENSP00000365402,9606.ENSP00000367851,9606.ENSP00000380948,9606.ENSP00000411355,9606.ENSP00000452786,9606.ENSP00000497382	VGF,IQGAP1,ANPEP,HLA-C,CYBB,ITGB2,PTPRC,ITGB3,CD53
GO Component	GO:0098576	Lumenal side of membrane	4	32	1.4	0.67	0.0041	9606.ENSP00000364114,9606.ENSP00000365402,9606.ENSP00000376184,9606.ENSP00000378786	HLA-DRB5,HLA-C,BDH1,HLA-DRA
GO Component	GO:0043227	Membrane-bounded organelle	84	13188	0.1	0.3	0.0055	9606.ENSP00000011473,9606.ENSP00000173229,9606.ENSP00000222573,9606.ENSP00000226218,9606.ENSP00000236959,9606.ENSP00000245907,9606.ENSP00000248594,9606.ENSP00000249330,9606.ENSP00000257860,9606.ENSP00000260665,9606.ENSP00000263578,9606.ENSP00000264613,9606.ENSP00000264637,9606.ENSP00000264828,9606.ENSP00000264832,9606.ENSP00000266022,9606.ENSP00000266041,9606.ENSP00000266254,9606.ENSP00000268182,9606.ENSP00000296220,9606.ENSP00000298159,9606.ENSP00000300060,9606.ENSP00000310036,9606.ENSP00000310623,9606.ENSP00000314649,9606.ENSP00000317780,9606.ENSP00000330737,9606.ENSP00000339157,9606.ENSP00000340019,9606.ENSP00000348128,9606.ENSP00000349577,9606.ENSP00000349748,9606.ENSP00000350314,9606.ENSP00000351646,9606.ENSP00000352071,9606.ENSP00000357055,9606.ENSP00000359151,9606.ENSP00000359497,9606.ENSP00000360141,9606.ENSP00000363017,9606.ENSP00000363868,9606.ENSP00000364114,9606.ENSP00000365402,9606.ENSP00000365462,9606.ENSP00000367851,9606.ENSP00000369739,9606.ENSP00000370635,9606.ENSP00000371152,9606.ENSP00000372155,9606.ENSP00000373477,9606.ENSP00000376184,9606.ENSP00000377486,9606.ENSP00000378131,9606.ENSP00000378786,9606.ENSP00000379372,9606.ENSP00000379845,9606.ENSP00000379975,9606.ENSP00000380948,9606.ENSP00000380958,9606.ENSP00000381581,9606.ENSP00000381601,9606.ENSP00000385757,9606.ENSP00000389631,9606.ENSP00000392147,9606.ENSP00000399259,9606.ENSP00000407685,9606.ENSP00000410242,9606.ENSP00000411355,9606.ENSP00000416561,9606.ENSP00000417864,9606.ENSP00000420588,9606.ENSP00000432768,9606.ENSP00000436126,9606.ENSP00000446955,9606.ENSP00000450540,9606.ENSP00000452786,9606.ENSP00000460236,9606.ENSP00000473980,9606.ENSP00000478303,9606.ENSP00000480132,9606.ENSP00000482841,9606.ENSP00000491537,9606.ENSP00000497382,9606.ENSP00000498358	SYPL1,NTN1,ITGB8,VTN,ATIC,C3,PTPN12,VGF,PRPH,LRPPRC,FOXRED1,CP,THRA,COL5A3,ICAM1,RBM6,ITIH4,TTLL1,IQGAP1,OSBPL11,CFL2,ANPEP,CD34,ISCU,ALDH5A1,COX5A,NDUFA12,CPM,HSPD1,SVIL,PRODH,SFPQ,BCO2,STIP1,CD163,PEA15,DBT,GBP2,GNAS,RPA2,ABCA1,HLA-DRB5,HLA-C,PCCA,CYBB,BPHL,SLC39A14,ASAH1,PSME1,GPX3,BDH1,MRPL19,CFI,HLA-DRA,GTF2A2,ABAT,ILK,ITGB2,MBP,LCP1,MX1,BLVRA,ARPC1B,PPP6C,FCHSD1,TNXB,IGF2BP2,PTPRC,CFB,ANP32A,TFAM,CKAP5,SAA2,MYL6,SERPINA3,ITGB3,SPON1,MRPL37,POLR2E,NCAM1,CRABP2,FDFT1,CD53,FECH
GO Component	GO:0009897	External side of plasma membrane	9	388	0.66	0.41	0.0182	9606.ENSP00000264832,9606.ENSP00000300060,9606.ENSP00000310036,9606.ENSP00000352071,9606.ENSP00000363868,9606.ENSP00000380948,9606.ENSP00000411355,9606.ENSP00000452786,9606.ENSP00000480132	ICAM1,ANPEP,CD34,CD163,ABCA1,ITGB2,PTPRC,ITGB3,NCAM1
GO Component	GO:0015629	Actin cytoskeleton	10	482	0.62	0.4	0.0182	9606.ENSP00000173229,9606.ENSP00000248594,9606.ENSP00000268182,9606.ENSP00000298159,9606.ENSP00000348128,9606.ENSP00000377195,9606.ENSP00000381581,9606.ENSP00000389631,9606.ENSP00000399259,9606.ENSP00000446955	NTN1,PTPN12,IQGAP1,CFL2,SVIL,DBN1,LCP1,ARPC1B,FCHSD1,MYL6
GO Component	GO:0043226	Organelle	86	14017	0.09	0.26	0.0182	9606.ENSP00000011473,9606.ENSP00000173229,9606.ENSP00000222573,9606.ENSP00000226218,9606.ENSP00000236959,9606.ENSP00000245907,9606.ENSP00000248594,9606.ENSP00000249330,9606.ENSP00000257860,9606.ENSP00000260665,9606.ENSP00000263578,9606.ENSP00000264613,9606.ENSP00000264637,9606.ENSP00000264828,9606.ENSP00000264832,9606.ENSP00000266022,9606.ENSP00000266041,9606.ENSP00000266254,9606.ENSP00000268182,9606.ENSP00000296220,9606.ENSP00000298159,9606.ENSP00000300060,9606.ENSP00000300648,9606.ENSP00000310036,9606.ENSP00000310623,9606.ENSP00000314649,9606.ENSP00000317780,9606.ENSP00000330737,9606.ENSP00000339157,9606.ENSP00000340019,9606.ENSP00000348128,9606.ENSP00000349577,9606.ENSP00000349748,9606.ENSP00000350314,9606.ENSP00000351646,9606.ENSP00000352071,9606.ENSP00000357055,9606.ENSP00000359151,9606.ENSP00000359497,9606.ENSP00000360141,9606.ENSP00000363017,9606.ENSP00000363868,9606.ENSP00000364114,9606.ENSP00000365402,9606.ENSP00000365462,9606.ENSP00000367851,9606.ENSP00000369739,9606.ENSP00000370635,9606.ENSP00000371152,9606.ENSP00000372155,9606.ENSP00000373477,9606.ENSP00000376184,9606.ENSP00000377195,9606.ENSP00000377486,9606.ENSP00000378131,9606.ENSP00000378786,9606.ENSP00000379372,9606.ENSP00000379845,9606.ENSP00000379975,9606.ENSP00000380948,9606.ENSP00000380958,9606.ENSP00000381581,9606.ENSP00000381601,9606.ENSP00000385757,9606.ENSP00000389631,9606.ENSP00000392147,9606.ENSP00000399259,9606.ENSP00000407685,9606.ENSP00000410242,9606.ENSP00000411355,9606.ENSP00000416561,9606.ENSP00000417864,9606.ENSP00000420588,9606.ENSP00000432768,9606.ENSP00000436126,9606.ENSP00000446955,9606.ENSP00000450540,9606.ENSP00000452786,9606.ENSP00000460236,9606.ENSP00000473980,9606.ENSP00000478303,9606.ENSP00000480132,9606.ENSP00000482841,9606.ENSP00000491537,9606.ENSP00000497382,9606.ENSP00000498358	SYPL1,NTN1,ITGB8,VTN,ATIC,C3,PTPN12,VGF,PRPH,LRPPRC,FOXRED1,CP,THRA,COL5A3,ICAM1,RBM6,ITIH4,TTLL1,IQGAP1,OSBPL11,CFL2,ANPEP,GCN1,CD34,ISCU,ALDH5A1,COX5A,NDUFA12,CPM,HSPD1,SVIL,PRODH,SFPQ,BCO2,STIP1,CD163,PEA15,DBT,GBP2,GNAS,RPA2,ABCA1,HLA-DRB5,HLA-C,PCCA,CYBB,BPHL,SLC39A14,ASAH1,PSME1,GPX3,BDH1,DBN1,MRPL19,CFI,HLA-DRA,GTF2A2,ABAT,ILK,ITGB2,MBP,LCP1,MX1,BLVRA,ARPC1B,PPP6C,FCHSD1,TNXB,IGF2BP2,PTPRC,CFB,ANP32A,TFAM,CKAP5,SAA2,MYL6,SERPINA3,ITGB3,SPON1,MRPL37,POLR2E,NCAM1,CRABP2,FDFT1,CD53,FECH
GO Component	GO:0098636	Protein complex involved in cell adhesion	4	52	1.18	0.49	0.0182	9606.ENSP00000222573,9606.ENSP00000226218,9606.ENSP00000380948,9606.ENSP00000452786	ITGB8,VTN,ITGB2,ITGB3
GO Component	GO:0062023	Collagen-containing extracellular matrix	9	407	0.64	0.4	0.0213	9606.ENSP00000173229,9606.ENSP00000226218,9606.ENSP00000264828,9606.ENSP00000264832,9606.ENSP00000266041,9606.ENSP00000379212,9606.ENSP00000407685,9606.ENSP00000450540,9606.ENSP00000480132	NTN1,VTN,COL5A3,ICAM1,ITIH4,PODN,TNXB,SERPINA3,NCAM1
GO Component	GO:0071062	alphav-beta3 integrin-vitronectin complex	2	3	2.12	0.5	0.0213	9606.ENSP00000226218,9606.ENSP00000452786	VTN,ITGB3
GO Component	GO:0042611	MHC protein complex	3	24	1.4	0.46	0.0256	9606.ENSP00000364114,9606.ENSP00000365402,9606.ENSP00000378786	HLA-DRB5,HLA-C,HLA-DRA
GO Component	GO:0032991	Protein-containing complex	44	5506	0.2	0.28	0.0260	9606.ENSP00000046794,9606.ENSP00000222573,9606.ENSP00000226218,9606.ENSP00000245907,9606.ENSP00000260665,9606.ENSP00000263578,9606.ENSP00000264637,9606.ENSP00000264828,9606.ENSP00000268182,9606.ENSP00000300648,9606.ENSP00000310036,9606.ENSP00000310623,9606.ENSP00000317780,9606.ENSP00000330737,9606.ENSP00000340019,9606.ENSP00000349748,9606.ENSP00000351646,9606.ENSP00000357055,9606.ENSP00000359151,9606.ENSP00000359258,9606.ENSP00000360141,9606.ENSP00000363017,9606.ENSP00000364114,9606.ENSP00000365402,9606.ENSP00000365462,9606.ENSP00000367851,9606.ENSP00000372155,9606.ENSP00000377486,9606.ENSP00000378131,9606.ENSP00000378786,9606.ENSP00000379372,9606.ENSP00000379845,9606.ENSP00000380948,9606.ENSP00000380958,9606.ENSP00000385035,9606.ENSP00000389631,9606.ENSP00000416561,9606.ENSP00000420588,9606.ENSP00000432768,9606.ENSP00000436126,9606.ENSP00000446955,9606.ENSP00000452786,9606.ENSP00000473980,9606.ENSP00000478303	LCP2,ITGB8,VTN,C3,LRPPRC,FOXRED1,THRA,COL5A3,IQGAP1,GCN1,CD34,ISCU,COX5A,NDUFA12,HSPD1,SFPQ,STIP1,PEA15,DBT,GCLM,GNAS,RPA2,HLA-DRB5,HLA-C,PCCA,CYBB,PSME1,MRPL19,CFI,HLA-DRA,GTF2A2,ABAT,ITGB2,MBP,C1S,ARPC1B,CFB,TFAM,CKAP5,SAA2,MYL6,ITGB3,MRPL37,POLR2E
GO Component	GO:0031090	Organelle membrane	33	3673	0.25	0.29	0.0273	9606.ENSP00000011473,9606.ENSP00000249330,9606.ENSP00000260665,9606.ENSP00000263578,9606.ENSP00000264613,9606.ENSP00000268182,9606.ENSP00000296220,9606.ENSP00000300060,9606.ENSP00000317780,9606.ENSP00000330737,9606.ENSP00000340019,9606.ENSP00000349577,9606.ENSP00000352071,9606.ENSP00000359497,9606.ENSP00000360141,9606.ENSP00000363868,9606.ENSP00000364114,9606.ENSP00000365402,9606.ENSP00000367851,9606.ENSP00000369739,9606.ENSP00000370635,9606.ENSP00000376184,9606.ENSP00000377486,9606.ENSP00000378786,9606.ENSP00000380948,9606.ENSP00000381601,9606.ENSP00000411355,9606.ENSP00000452786,9606.ENSP00000473980,9606.ENSP00000480132,9606.ENSP00000491537,9606.ENSP00000497382,9606.ENSP00000498358	SYPL1,VGF,LRPPRC,FOXRED1,CP,IQGAP1,OSBPL11,ANPEP,COX5A,NDUFA12,HSPD1,PRODH,CD163,GBP2,GNAS,ABCA1,HLA-DRB5,HLA-C,CYBB,BPHL,SLC39A14,BDH1,MRPL19,HLA-DRA,ITGB2,MX1,PTPRC,ITGB3,MRPL37,NCAM1,FDFT1,CD53,FECH
GO Component	GO:0071556	Integral component of lumenal side of endoplasmic reticulum membrane	3	26	1.36	0.44	0.0285	9606.ENSP00000364114,9606.ENSP00000365402,9606.ENSP00000378786	HLA-DRB5,HLA-C,HLA-DRA
GO Component	GO:0031012	Extracellular matrix	10	552	0.56	0.34	0.0335	9606.ENSP00000173229,9606.ENSP00000226218,9606.ENSP00000264828,9606.ENSP00000264832,9606.ENSP00000266041,9606.ENSP00000379212,9606.ENSP00000407685,9606.ENSP00000450540,9606.ENSP00000460236,9606.ENSP00000480132	NTN1,VTN,COL5A3,ICAM1,ITIH4,PODN,TNXB,SERPINA3,SPON1,NCAM1
GO Component	GO:0008305	Integrin complex	3	30	1.3	0.41	0.0368	9606.ENSP00000222573,9606.ENSP00000380948,9606.ENSP00000452786	ITGB8,ITGB2,ITGB3
GO Component	GO:0019866	Organelle inner membrane	10	566	0.55	0.33	0.0370	9606.ENSP00000260665,9606.ENSP00000263578,9606.ENSP00000317780,9606.ENSP00000330737,9606.ENSP00000340019,9606.ENSP00000349577,9606.ENSP00000376184,9606.ENSP00000377486,9606.ENSP00000473980,9606.ENSP00000498358	LRPPRC,FOXRED1,COX5A,NDUFA12,HSPD1,PRODH,BDH1,MRPL19,MRPL37,FECH
GO Component	GO:0002102	Podosome	3	31	1.28	0.41	0.0379	9606.ENSP00000248594,9606.ENSP00000348128,9606.ENSP00000381581	PTPN12,SVIL,LCP1
GO Component	GO:0005739	Mitochondrion	19	1681	0.35	0.29	0.0389	9606.ENSP00000260665,9606.ENSP00000263578,9606.ENSP00000310623,9606.ENSP00000314649,9606.ENSP00000317780,9606.ENSP00000330737,9606.ENSP00000340019,9606.ENSP00000349577,9606.ENSP00000350314,9606.ENSP00000359151,9606.ENSP00000365462,9606.ENSP00000369739,9606.ENSP00000376184,9606.ENSP00000377486,9606.ENSP00000379845,9606.ENSP00000392147,9606.ENSP00000420588,9606.ENSP00000473980,9606.ENSP00000498358	LRPPRC,FOXRED1,ISCU,ALDH5A1,COX5A,NDUFA12,HSPD1,PRODH,BCO2,DBT,PCCA,BPHL,BDH1,MRPL19,ABAT,PPP6C,TFAM,MRPL37,FECH
STRING clusters	CL:19590	Integrin domain superfamily	5	24	1.62	0.82	0.0014	9606.ENSP00000222573,9606.ENSP00000226218,9606.ENSP00000264832,9606.ENSP00000380948,9606.ENSP00000452786	ITGB8,VTN,ICAM1,ITGB2,ITGB3
STRING clusters	CL:9656	Mixed, incl. Glutathione metabolism, and Detoxification of Reactive Oxygen Species	7	93	1.18	0.74	0.0016	9606.ENSP00000264613,9606.ENSP00000300060,9606.ENSP00000311469,9606.ENSP00000359258,9606.ENSP00000373477,9606.ENSP00000381340,9606.ENSP00000385757	CP,ANPEP,GSTM1,GCLM,GPX3,GGT5,BLVRA
STRING clusters	CL:18849	Initial triggering of complement, and Regulation of complement activation	4	31	1.41	0.5	0.0179	9606.ENSP00000245907,9606.ENSP00000378131,9606.ENSP00000385035,9606.ENSP00000416561	C3,CFI,C1S,CFB
STRING clusters	CL:19458	Collagen formation, and Protein complex involved in cell adhesion	6	119	1.0	0.45	0.0223	9606.ENSP00000222573,9606.ENSP00000226218,9606.ENSP00000264828,9606.ENSP00000264832,9606.ENSP00000380948,9606.ENSP00000452786	ITGB8,VTN,COL5A3,ICAM1,ITGB2,ITGB3
STRING clusters	CL:9810	Glutathione synthesis and recycling	3	12	1.7	0.46	0.0269	9606.ENSP00000300060,9606.ENSP00000359258,9606.ENSP00000381340	ANPEP,GCLM,GGT5
STRING clusters	CL:17810	Mixed, incl. Actin filament organization, and CDC42 GTPase cycle	7	193	0.86	0.4	0.0300	9606.ENSP00000248594,9606.ENSP00000268182,9606.ENSP00000298159,9606.ENSP00000377195,9606.ENSP00000379975,9606.ENSP00000381581,9606.ENSP00000389631	PTPN12,IQGAP1,CFL2,DBN1,ILK,LCP1,ARPC1B
STRING clusters	CL:19591	Integrin domain superfamily	3	17	1.55	0.38	0.0496	9606.ENSP00000222573,9606.ENSP00000226218,9606.ENSP00000452786	ITGB8,VTN,ITGB3
KEGG	hsa05150	Staphylococcus aureus infection	8	86	1.27	1.29	7.70e-06	9606.ENSP00000245907,9606.ENSP00000264832,9606.ENSP00000364114,9606.ENSP00000378131,9606.ENSP00000378786,9606.ENSP00000380948,9606.ENSP00000385035,9606.ENSP00000416561	C3,ICAM1,HLA-DRB5,CFI,HLA-DRA,ITGB2,C1S,CFB
KEGG	hsa04514	Cell adhesion molecules	9	138	1.11	1.19	8.84e-06	9606.ENSP00000222573,9606.ENSP00000264832,9606.ENSP00000310036,9606.ENSP00000364114,9606.ENSP00000365402,9606.ENSP00000378786,9606.ENSP00000380948,9606.ENSP00000411355,9606.ENSP00000480132	ITGB8,ICAM1,CD34,HLA-DRB5,HLA-C,HLA-DRA,ITGB2,PTPRC,NCAM1
KEGG	hsa04610	Complement and coagulation cascades	6	82	1.16	0.84	0.00058	9606.ENSP00000226218,9606.ENSP00000245907,9606.ENSP00000378131,9606.ENSP00000380948,9606.ENSP00000385035,9606.ENSP00000416561	VTN,C3,CFI,ITGB2,C1S,CFB
KEGG	hsa00480	Glutathione metabolism	5	52	1.28	0.85	0.00071	9606.ENSP00000300060,9606.ENSP00000311469,9606.ENSP00000359258,9606.ENSP00000373477,9606.ENSP00000381340	ANPEP,GSTM1,GCLM,GPX3,GGT5
KEGG	hsa00650	Butanoate metabolism	4	27	1.47	0.88	0.00071	9606.ENSP00000314649,9606.ENSP00000322706,9606.ENSP00000376184,9606.ENSP00000379845	ALDH5A1,HMGCS1,BDH1,ABAT
KEGG	hsa01100	Metabolic pathways	21	1435	0.46	0.54	0.00071	9606.ENSP00000236959,9606.ENSP00000300060,9606.ENSP00000311469,9606.ENSP00000314649,9606.ENSP00000317780,9606.ENSP00000322706,9606.ENSP00000330737,9606.ENSP00000349577,9606.ENSP00000359151,9606.ENSP00000359258,9606.ENSP00000365462,9606.ENSP00000371152,9606.ENSP00000373477,9606.ENSP00000376184,9606.ENSP00000379038,9606.ENSP00000379845,9606.ENSP00000381340,9606.ENSP00000385757,9606.ENSP00000408526,9606.ENSP00000491537,9606.ENSP00000498358	ATIC,ANPEP,GSTM1,ALDH5A1,COX5A,HMGCS1,NDUFA12,PRODH,DBT,GCLM,PCCA,ASAH1,GPX3,BDH1,TYMP,ABAT,GGT5,BLVRA,IMPA1,FDFT1,FECH
KEGG	hsa04145	Phagosome	7	141	0.99	0.77	0.00071	9606.ENSP00000245907,9606.ENSP00000364114,9606.ENSP00000365402,9606.ENSP00000367851,9606.ENSP00000378786,9606.ENSP00000380948,9606.ENSP00000452786	C3,HLA-DRB5,HLA-C,CYBB,HLA-DRA,ITGB2,ITGB3
KEGG	hsa05416	Viral myocarditis	5	55	1.26	0.84	0.00071	9606.ENSP00000264832,9606.ENSP00000364114,9606.ENSP00000365402,9606.ENSP00000378786,9606.ENSP00000380948	ICAM1,HLA-DRB5,HLA-C,HLA-DRA,ITGB2
KEGG	hsa05140	Leishmaniasis	5	69	1.16	0.76	0.0013	9606.ENSP00000245907,9606.ENSP00000364114,9606.ENSP00000367851,9606.ENSP00000378786,9606.ENSP00000380948	C3,HLA-DRB5,CYBB,HLA-DRA,ITGB2
KEGG	hsa04940	Type I diabetes mellitus	4	38	1.32	0.75	0.0019	9606.ENSP00000340019,9606.ENSP00000364114,9606.ENSP00000365402,9606.ENSP00000378786	HSPD1,HLA-DRB5,HLA-C,HLA-DRA
KEGG	hsa04216	Ferroptosis	4	41	1.29	0.73	0.0023	9606.ENSP00000264613,9606.ENSP00000359258,9606.ENSP00000367851,9606.ENSP00000370635	CP,GCLM,CYBB,SLC39A14
KEGG	hsa00280	Valine, leucine and isoleucine degradation	4	46	1.24	0.68	0.0032	9606.ENSP00000322706,9606.ENSP00000359151,9606.ENSP00000365462,9606.ENSP00000379845	HMGCS1,DBT,PCCA,ABAT
KEGG	hsa04640	Hematopoietic cell lineage	5	90	1.04	0.65	0.0032	9606.ENSP00000300060,9606.ENSP00000310036,9606.ENSP00000364114,9606.ENSP00000378786,9606.ENSP00000452786	ANPEP,CD34,HLA-DRB5,HLA-DRA,ITGB3
KEGG	hsa04612	Antigen processing and presentation	4	64	1.09	0.55	0.0090	9606.ENSP00000364114,9606.ENSP00000365402,9606.ENSP00000372155,9606.ENSP00000378786	HLA-DRB5,HLA-C,PSME1,HLA-DRA
KEGG	hsa04650	Natural killer cell mediated cytotoxicity	5	120	0.92	0.52	0.0092	9606.ENSP00000046794,9606.ENSP00000264832,9606.ENSP00000365402,9606.ENSP00000380948,9606.ENSP00000424846	LCP2,ICAM1,HLA-C,ITGB2,SH3BP2
KEGG	hsa05133	Pertussis	4	73	1.04	0.51	0.0126	9606.ENSP00000245907,9606.ENSP00000298159,9606.ENSP00000380948,9606.ENSP00000385035	C3,CFL2,ITGB2,C1S
KEGG	hsa00640	Propanoate metabolism	3	33	1.26	0.52	0.0146	9606.ENSP00000359151,9606.ENSP00000365462,9606.ENSP00000379845	DBT,PCCA,ABAT
KEGG	hsa04810	Regulation of actin cytoskeleton	6	209	0.76	0.45	0.0146	9606.ENSP00000222573,9606.ENSP00000268182,9606.ENSP00000298159,9606.ENSP00000380948,9606.ENSP00000389631,9606.ENSP00000452786	ITGB8,IQGAP1,CFL2,ITGB2,ARPC1B,ITGB3
KEGG	hsa05330	Allograft rejection	3	34	1.24	0.51	0.0147	9606.ENSP00000364114,9606.ENSP00000365402,9606.ENSP00000378786	HLA-DRB5,HLA-C,HLA-DRA
KEGG	hsa05323	Rheumatoid arthritis	4	83	0.98	0.48	0.0160	9606.ENSP00000264832,9606.ENSP00000364114,9606.ENSP00000378786,9606.ENSP00000380948	ICAM1,HLA-DRB5,HLA-DRA,ITGB2
KEGG	hsa05332	Graft-versus-host disease	3	36	1.22	0.5	0.0160	9606.ENSP00000364114,9606.ENSP00000365402,9606.ENSP00000378786	HLA-DRB5,HLA-C,HLA-DRA
KEGG	hsa04512	ECM-receptor interaction	4	88	0.96	0.46	0.0179	9606.ENSP00000222573,9606.ENSP00000226218,9606.ENSP00000407685,9606.ENSP00000452786	ITGB8,VTN,TNXB,ITGB3
KEGG	hsa00860	Porphyrin and chlorophyll metabolism	3	41	1.16	0.47	0.0200	9606.ENSP00000264613,9606.ENSP00000385757,9606.ENSP00000498358	CP,BLVRA,FECH
KEGG	hsa05165	Human papillomavirus infection	7	324	0.63	0.4	0.0200	9606.ENSP00000222573,9606.ENSP00000226218,9606.ENSP00000360141,9606.ENSP00000365402,9606.ENSP00000381601,9606.ENSP00000407685,9606.ENSP00000452786	ITGB8,VTN,GNAS,HLA-C,MX1,TNXB,ITGB3
KEGG	hsa05322	Systemic lupus erythematosus	4	94	0.93	0.45	0.0200	9606.ENSP00000245907,9606.ENSP00000364114,9606.ENSP00000378786,9606.ENSP00000385035	C3,HLA-DRB5,HLA-DRA,C1S
KEGG	hsa00072	Synthesis and degradation of ketone bodies	2	10	1.6	0.49	0.0204	9606.ENSP00000322706,9606.ENSP00000376184	HMGCS1,BDH1
KEGG	hsa05152	Tuberculosis	5	165	0.78	0.42	0.0204	9606.ENSP00000245907,9606.ENSP00000340019,9606.ENSP00000364114,9606.ENSP00000378786,9606.ENSP00000380948	C3,HSPD1,HLA-DRB5,HLA-DRA,ITGB2
KEGG	hsa05320	Autoimmune thyroid disease	3	48	1.09	0.44	0.0255	9606.ENSP00000364114,9606.ENSP00000365402,9606.ENSP00000378786	HLA-DRB5,HLA-C,HLA-DRA
KEGG	hsa05134	Legionellosis	3	55	1.04	0.4	0.0355	9606.ENSP00000245907,9606.ENSP00000340019,9606.ENSP00000380948	C3,HSPD1,ITGB2
KEGG	hsa04510	Focal adhesion	5	195	0.71	0.36	0.0372	9606.ENSP00000222573,9606.ENSP00000226218,9606.ENSP00000379975,9606.ENSP00000407685,9606.ENSP00000452786	ITGB8,VTN,ILK,TNXB,ITGB3
KEGG	hsa05166	Human T-cell leukemia virus 1 infection	5	210	0.68	0.33	0.0489	9606.ENSP00000264832,9606.ENSP00000364114,9606.ENSP00000365402,9606.ENSP00000378786,9606.ENSP00000380948	ICAM1,HLA-DRB5,HLA-C,HLA-DRA,ITGB2
Reactome	HSA-168256	Immune System	27	1979	0.43	0.46	0.0027	9606.ENSP00000046794,9606.ENSP00000226218,9606.ENSP00000245907,9606.ENSP00000248594,9606.ENSP00000264832,9606.ENSP00000268182,9606.ENSP00000300060,9606.ENSP00000310036,9606.ENSP00000359497,9606.ENSP00000364114,9606.ENSP00000365402,9606.ENSP00000367851,9606.ENSP00000371152,9606.ENSP00000372155,9606.ENSP00000378131,9606.ENSP00000378786,9606.ENSP00000380948,9606.ENSP00000381581,9606.ENSP00000381601,9606.ENSP00000385035,9606.ENSP00000389631,9606.ENSP00000411355,9606.ENSP00000416561,9606.ENSP00000450540,9606.ENSP00000478303,9606.ENSP00000480132,9606.ENSP00000497382	LCP2,VTN,C3,PTPN12,ICAM1,IQGAP1,ANPEP,CD34,GBP2,HLA-DRB5,HLA-C,CYBB,ASAH1,PSME1,CFI,HLA-DRA,ITGB2,LCP1,MX1,C1S,ARPC1B,PTPRC,CFB,SERPINA3,POLR2E,NCAM1,CD53
Reactome	HSA-168249	Innate Immune System	18	1041	0.54	0.47	0.0052	9606.ENSP00000046794,9606.ENSP00000226218,9606.ENSP00000245907,9606.ENSP00000268182,9606.ENSP00000300060,9606.ENSP00000365402,9606.ENSP00000367851,9606.ENSP00000371152,9606.ENSP00000372155,9606.ENSP00000378131,9606.ENSP00000380948,9606.ENSP00000385035,9606.ENSP00000389631,9606.ENSP00000411355,9606.ENSP00000416561,9606.ENSP00000450540,9606.ENSP00000478303,9606.ENSP00000497382	LCP2,VTN,C3,IQGAP1,ANPEP,HLA-C,CYBB,ASAH1,PSME1,CFI,ITGB2,C1S,ARPC1B,PTPRC,CFB,SERPINA3,POLR2E,CD53
Reactome	HSA-216083	Integrin cell surface interactions	6	85	1.15	0.62	0.0052	9606.ENSP00000222573,9606.ENSP00000226218,9606.ENSP00000264828,9606.ENSP00000264832,9606.ENSP00000380948,9606.ENSP00000452786	ITGB8,VTN,COL5A3,ICAM1,ITGB2,ITGB3
Reactome	HSA-877300	Interferon gamma signaling	6	90	1.12	0.61	0.0052	9606.ENSP00000264832,9606.ENSP00000359497,9606.ENSP00000364114,9606.ENSP00000365402,9606.ENSP00000378786,9606.ENSP00000480132	ICAM1,GBP2,HLA-DRB5,HLA-C,HLA-DRA,NCAM1
Reactome	HSA-977606	Regulation of Complement cascade	5	49	1.31	0.64	0.0052	9606.ENSP00000226218,9606.ENSP00000245907,9606.ENSP00000378131,9606.ENSP00000385035,9606.ENSP00000416561	VTN,C3,CFI,C1S,CFB
Reactome	HSA-3000178	ECM proteoglycans	5	76	1.12	0.48	0.0175	9606.ENSP00000226218,9606.ENSP00000264828,9606.ENSP00000407685,9606.ENSP00000452786,9606.ENSP00000480132	VTN,COL5A3,TNXB,ITGB3,NCAM1
Reactome	HSA-9711123	Cellular response to chemical stress	7	195	0.85	0.44	0.0199	9606.ENSP00000260665,9606.ENSP00000317780,9606.ENSP00000359258,9606.ENSP00000367851,9606.ENSP00000372155,9606.ENSP00000373477,9606.ENSP00000385757	LRPPRC,COX5A,GCLM,CYBB,PSME1,GPX3,BLVRA
Reactome	HSA-913531	Interferon Signaling	7	199	0.85	0.44	0.0200	9606.ENSP00000264832,9606.ENSP00000359497,9606.ENSP00000364114,9606.ENSP00000365402,9606.ENSP00000378786,9606.ENSP00000381601,9606.ENSP00000480132	ICAM1,GBP2,HLA-DRB5,HLA-C,HLA-DRA,MX1,NCAM1
Reactome	HSA-1430728	Metabolism	24	2092	0.36	0.33	0.0209	9606.ENSP00000236959,9606.ENSP00000260665,9606.ENSP00000268182,9606.ENSP00000310623,9606.ENSP00000311469,9606.ENSP00000317780,9606.ENSP00000322706,9606.ENSP00000330737,9606.ENSP00000350314,9606.ENSP00000359151,9606.ENSP00000359258,9606.ENSP00000360141,9606.ENSP00000363868,9606.ENSP00000365462,9606.ENSP00000369739,9606.ENSP00000371152,9606.ENSP00000372155,9606.ENSP00000376184,9606.ENSP00000379038,9606.ENSP00000381340,9606.ENSP00000385757,9606.ENSP00000408526,9606.ENSP00000491537,9606.ENSP00000498358	ATIC,LRPPRC,IQGAP1,ISCU,GSTM1,COX5A,HMGCS1,NDUFA12,BCO2,DBT,GCLM,GNAS,ABCA1,PCCA,BPHL,ASAH1,PSME1,BDH1,TYMP,GGT5,BLVRA,IMPA1,FDFT1,FECH
Reactome	HSA-1643685	Disease	21	1702	0.39	0.34	0.0212	9606.ENSP00000236959,9606.ENSP00000245907,9606.ENSP00000248594,9606.ENSP00000264613,9606.ENSP00000268182,9606.ENSP00000310623,9606.ENSP00000349748,9606.ENSP00000352071,9606.ENSP00000359258,9606.ENSP00000360141,9606.ENSP00000363017,9606.ENSP00000363868,9606.ENSP00000365402,9606.ENSP00000365462,9606.ENSP00000372155,9606.ENSP00000379372,9606.ENSP00000381340,9606.ENSP00000389631,9606.ENSP00000452786,9606.ENSP00000460236,9606.ENSP00000478303	ATIC,C3,PTPN12,CP,IQGAP1,ISCU,SFPQ,CD163,GCLM,GNAS,RPA2,ABCA1,HLA-C,PCCA,PSME1,GTF2A2,GGT5,ARPC1B,ITGB3,SPON1,POLR2E
Reactome	HSA-1474244	Extracellular matrix organization	8	300	0.72	0.39	0.0281	9606.ENSP00000222573,9606.ENSP00000226218,9606.ENSP00000264828,9606.ENSP00000264832,9606.ENSP00000380948,9606.ENSP00000407685,9606.ENSP00000452786,9606.ENSP00000480132	ITGB8,VTN,COL5A3,ICAM1,ITGB2,TNXB,ITGB3,NCAM1
Reactome	HSA-202427	Phosphorylation of CD3 and TCR zeta chains	3	19	1.5	0.45	0.0281	9606.ENSP00000364114,9606.ENSP00000378786,9606.ENSP00000411355	HLA-DRB5,HLA-DRA,PTPRC
Reactome	HSA-6798695	Neutrophil degranulation	10	476	0.62	0.37	0.0281	9606.ENSP00000245907,9606.ENSP00000268182,9606.ENSP00000300060,9606.ENSP00000365402,9606.ENSP00000367851,9606.ENSP00000371152,9606.ENSP00000380948,9606.ENSP00000411355,9606.ENSP00000450540,9606.ENSP00000497382	C3,IQGAP1,ANPEP,HLA-C,CYBB,ASAH1,ITGB2,PTPRC,SERPINA3,CD53
Reactome	HSA-916853	Degradation of GABA	2	2	2.3	0.47	0.0281	9606.ENSP00000314649,9606.ENSP00000379845	ALDH5A1,ABAT
Reactome	HSA-166663	Initial triggering of complement	3	24	1.4	0.39	0.0464	9606.ENSP00000245907,9606.ENSP00000385035,9606.ENSP00000416561	C3,C1S,CFB
Reactome	HSA-202403	TCR signaling	5	114	0.94	0.36	0.0464	9606.ENSP00000046794,9606.ENSP00000364114,9606.ENSP00000372155,9606.ENSP00000378786,9606.ENSP00000411355	LCP2,HLA-DRB5,PSME1,HLA-DRA,PTPRC
WikiPathways	WP100	Glutathione metabolism	5	17	1.77	1.26	3.98e-05	9606.ENSP00000300060,9606.ENSP00000311469,9606.ENSP00000359258,9606.ENSP00000373477,9606.ENSP00000381340	ANPEP,GSTM1,GCLM,GPX3,GGT5
WikiPathways	WP2806	Complement system	8	96	1.22	1.12	3.98e-05	9606.ENSP00000226218,9606.ENSP00000245907,9606.ENSP00000264832,9606.ENSP00000378131,9606.ENSP00000380948,9606.ENSP00000385035,9606.ENSP00000416561,9606.ENSP00000452786	VTN,C3,ICAM1,CFI,ITGB2,C1S,CFB,ITGB3
WikiPathways	WP5090	Complement system in neuronal development and plasticity	8	105	1.18	1.1	3.98e-05	9606.ENSP00000226218,9606.ENSP00000245907,9606.ENSP00000378131,9606.ENSP00000380948,9606.ENSP00000380958,9606.ENSP00000385035,9606.ENSP00000416561,9606.ENSP00000452786	VTN,C3,CFI,ITGB2,MBP,C1S,CFB,ITGB3
WikiPathways	WP5115	Network map of SARS-CoV-2 signaling pathway	9	218	0.91	0.79	0.00040	9606.ENSP00000266041,9606.ENSP00000352071,9606.ENSP00000364114,9606.ENSP00000378131,9606.ENSP00000378786,9606.ENSP00000381601,9606.ENSP00000385035,9606.ENSP00000416561,9606.ENSP00000436126	ITIH4,CD163,HLA-DRB5,CFI,HLA-DRA,MX1,C1S,CFB,SAA2
WikiPathways	WP4313	Ferroptosis	5	64	1.19	0.66	0.0038	9606.ENSP00000264613,9606.ENSP00000359258,9606.ENSP00000367851,9606.ENSP00000370635,9606.ENSP00000491537	CP,GCLM,CYBB,SLC39A14,FDFT1
WikiPathways	WP176	Folate metabolism	5	67	1.17	0.65	0.0039	9606.ENSP00000264832,9606.ENSP00000363868,9606.ENSP00000373477,9606.ENSP00000436126,9606.ENSP00000450540	ICAM1,ABCA1,GPX3,SAA2,SERPINA3
WikiPathways	WP15	Selenium micronutrient network	5	84	1.07	0.54	0.0094	9606.ENSP00000264832,9606.ENSP00000363868,9606.ENSP00000373477,9606.ENSP00000436126,9606.ENSP00000450540	ICAM1,ABCA1,GPX3,SAA2,SERPINA3
WikiPathways	WP4493	Cells and molecules involved in local acute inflammatory response 	3	17	1.55	0.55	0.0127	9606.ENSP00000245907,9606.ENSP00000264832,9606.ENSP00000380948	C3,ICAM1,ITGB2
WikiPathways	WP1533	Vitamin B12 metabolism	4	50	1.2	0.52	0.0133	9606.ENSP00000264832,9606.ENSP00000363868,9606.ENSP00000436126,9606.ENSP00000450540	ICAM1,ABCA1,SAA2,SERPINA3
WikiPathways	WP545	Complement activation	3	22	1.43	0.49	0.0201	9606.ENSP00000245907,9606.ENSP00000385035,9606.ENSP00000416561	C3,C1S,CFB
WikiPathways	WP558	Complement and coagulation cascades	4	58	1.14	0.47	0.0201	9606.ENSP00000245907,9606.ENSP00000378131,9606.ENSP00000385035,9606.ENSP00000416561	C3,CFI,C1S,CFB
WikiPathways	WP306	Focal adhesion	6	195	0.79	0.38	0.0333	9606.ENSP00000222573,9606.ENSP00000226218,9606.ENSP00000264828,9606.ENSP00000379975,9606.ENSP00000407685,9606.ENSP00000452786	ITGB8,VTN,COL5A3,ILK,TNXB,ITGB3
WikiPathways	WP4217	Ebola virus infection in host	5	129	0.89	0.39	0.0333	9606.ENSP00000268182,9606.ENSP00000364114,9606.ENSP00000365402,9606.ENSP00000378786,9606.ENSP00000452786	IQGAP1,HLA-DRB5,HLA-C,HLA-DRA,ITGB3
WikiPathways	WP5195	Disorders in ketolysis	2	5	1.9	0.44	0.0333	9606.ENSP00000322706,9606.ENSP00000376184	HMGCS1,BDH1
DISEASES	DOID:0014667	Disease of metabolism	22	1076	0.61	0.72	8.27e-05	9606.ENSP00000245907,9606.ENSP00000260665,9606.ENSP00000263578,9606.ENSP00000264613,9606.ENSP00000314649,9606.ENSP00000317780,9606.ENSP00000330737,9606.ENSP00000349577,9606.ENSP00000359151,9606.ENSP00000360141,9606.ENSP00000363868,9606.ENSP00000365462,9606.ENSP00000370635,9606.ENSP00000371152,9606.ENSP00000373477,9606.ENSP00000377195,9606.ENSP00000379038,9606.ENSP00000379845,9606.ENSP00000410242,9606.ENSP00000436126,9606.ENSP00000450540,9606.ENSP00000498358	C3,LRPPRC,FOXRED1,CP,ALDH5A1,COX5A,NDUFA12,PRODH,DBT,GNAS,ABCA1,PCCA,SLC39A14,ASAH1,GPX3,DBN1,TYMP,ABAT,IGF2BP2,SAA2,SERPINA3,FECH
DISEASES	DOID:655	Inherited metabolic disorder	20	949	0.62	0.71	0.00013	9606.ENSP00000245907,9606.ENSP00000260665,9606.ENSP00000263578,9606.ENSP00000264613,9606.ENSP00000314649,9606.ENSP00000317780,9606.ENSP00000330737,9606.ENSP00000349577,9606.ENSP00000359151,9606.ENSP00000360141,9606.ENSP00000363868,9606.ENSP00000365462,9606.ENSP00000370635,9606.ENSP00000371152,9606.ENSP00000379038,9606.ENSP00000379845,9606.ENSP00000410242,9606.ENSP00000436126,9606.ENSP00000450540,9606.ENSP00000498358	C3,LRPPRC,FOXRED1,CP,ALDH5A1,COX5A,NDUFA12,PRODH,DBT,GNAS,ABCA1,PCCA,SLC39A14,ASAH1,TYMP,ABAT,IGF2BP2,SAA2,SERPINA3,FECH
DISEASES	DOID:612	Primary immunodeficiency disease	14	470	0.77	0.77	0.00020	9606.ENSP00000245907,9606.ENSP00000264832,9606.ENSP00000340019,9606.ENSP00000364114,9606.ENSP00000365402,9606.ENSP00000367851,9606.ENSP00000378131,9606.ENSP00000378786,9606.ENSP00000380948,9606.ENSP00000380958,9606.ENSP00000389631,9606.ENSP00000411355,9606.ENSP00000416561,9606.ENSP00000436126	C3,ICAM1,HSPD1,HLA-DRB5,HLA-C,CYBB,CFI,HLA-DRA,ITGB2,MBP,ARPC1B,PTPRC,CFB,SAA2
DISEASES	DOID:2914	Immune system disease	15	675	0.65	0.57	0.0019	9606.ENSP00000245907,9606.ENSP00000264832,9606.ENSP00000340019,9606.ENSP00000364114,9606.ENSP00000365402,9606.ENSP00000367851,9606.ENSP00000378131,9606.ENSP00000378786,9606.ENSP00000380948,9606.ENSP00000380958,9606.ENSP00000389631,9606.ENSP00000411355,9606.ENSP00000416561,9606.ENSP00000436126,9606.ENSP00000480132	C3,ICAM1,HSPD1,HLA-DRB5,HLA-C,CYBB,CFI,HLA-DRA,ITGB2,MBP,ARPC1B,PTPRC,CFB,SAA2,NCAM1
DISEASES	DOID:4	Disease	53	6291	0.22	0.34	0.0070	9606.ENSP00000173229,9606.ENSP00000236959,9606.ENSP00000245907,9606.ENSP00000257860,9606.ENSP00000260665,9606.ENSP00000263578,9606.ENSP00000264613,9606.ENSP00000264637,9606.ENSP00000264832,9606.ENSP00000266041,9606.ENSP00000298159,9606.ENSP00000300060,9606.ENSP00000310036,9606.ENSP00000310623,9606.ENSP00000311469,9606.ENSP00000314649,9606.ENSP00000317780,9606.ENSP00000330737,9606.ENSP00000340019,9606.ENSP00000348128,9606.ENSP00000349577,9606.ENSP00000359151,9606.ENSP00000360141,9606.ENSP00000363868,9606.ENSP00000364114,9606.ENSP00000365402,9606.ENSP00000365462,9606.ENSP00000367851,9606.ENSP00000370635,9606.ENSP00000371152,9606.ENSP00000373477,9606.ENSP00000376184,9606.ENSP00000377195,9606.ENSP00000378131,9606.ENSP00000378786,9606.ENSP00000379038,9606.ENSP00000379212,9606.ENSP00000379845,9606.ENSP00000380948,9606.ENSP00000380958,9606.ENSP00000381601,9606.ENSP00000385035,9606.ENSP00000389631,9606.ENSP00000407685,9606.ENSP00000410242,9606.ENSP00000411355,9606.ENSP00000416561,9606.ENSP00000424846,9606.ENSP00000436126,9606.ENSP00000450540,9606.ENSP00000452786,9606.ENSP00000480132,9606.ENSP00000498358	NTN1,ATIC,C3,PRPH,LRPPRC,FOXRED1,CP,THRA,ICAM1,ITIH4,CFL2,ANPEP,CD34,ISCU,GSTM1,ALDH5A1,COX5A,NDUFA12,HSPD1,SVIL,PRODH,DBT,GNAS,ABCA1,HLA-DRB5,HLA-C,PCCA,CYBB,SLC39A14,ASAH1,GPX3,BDH1,DBN1,CFI,HLA-DRA,TYMP,PODN,ABAT,ITGB2,MBP,MX1,C1S,ARPC1B,TNXB,IGF2BP2,PTPRC,CFB,SH3BP2,SAA2,SERPINA3,ITGB3,NCAM1,FECH
DISEASES	DOID:0080301	Atypical hemolytic-uremic syndrome	3	11	1.73	0.46	0.0282	9606.ENSP00000245907,9606.ENSP00000378131,9606.ENSP00000416561	C3,CFI,CFB
DISEASES	DOID:65	Connective tissue disease	14	774	0.56	0.36	0.0282	9606.ENSP00000264832,9606.ENSP00000310036,9606.ENSP00000360141,9606.ENSP00000364114,9606.ENSP00000365402,9606.ENSP00000367851,9606.ENSP00000378786,9606.ENSP00000385035,9606.ENSP00000407685,9606.ENSP00000411355,9606.ENSP00000424846,9606.ENSP00000436126,9606.ENSP00000450540,9606.ENSP00000452786	ICAM1,CD34,GNAS,HLA-DRB5,HLA-C,CYBB,HLA-DRA,C1S,TNXB,PTPRC,SH3BP2,SAA2,SERPINA3,ITGB3
DISEASES	DOID:12554	Hemolytic-uremic syndrome	3	14	1.63	0.42	0.0373	9606.ENSP00000245907,9606.ENSP00000378131,9606.ENSP00000416561	C3,CFI,CFB
DISEASES	DOID:17	Musculoskeletal system disease	17	1154	0.47	0.32	0.0373	9606.ENSP00000264832,9606.ENSP00000298159,9606.ENSP00000310036,9606.ENSP00000348128,9606.ENSP00000360141,9606.ENSP00000364114,9606.ENSP00000365402,9606.ENSP00000367851,9606.ENSP00000378786,9606.ENSP00000379038,9606.ENSP00000385035,9606.ENSP00000407685,9606.ENSP00000411355,9606.ENSP00000424846,9606.ENSP00000436126,9606.ENSP00000450540,9606.ENSP00000452786	ICAM1,CFL2,CD34,SVIL,GNAS,HLA-DRB5,HLA-C,CYBB,HLA-DRA,TYMP,C1S,TNXB,PTPRC,SH3BP2,SAA2,SERPINA3,ITGB3
DISEASES	DOID:37	Skin disease	11	518	0.63	0.35	0.0373	9606.ENSP00000245907,9606.ENSP00000264832,9606.ENSP00000310036,9606.ENSP00000311469,9606.ENSP00000364114,9606.ENSP00000365402,9606.ENSP00000367851,9606.ENSP00000378786,9606.ENSP00000385035,9606.ENSP00000424846,9606.ENSP00000498358	C3,ICAM1,CD34,GSTM1,HLA-DRB5,HLA-C,CYBB,HLA-DRA,C1S,SH3BP2,FECH
DISEASES	DOID:0080001	Bone disease	11	540	0.61	0.34	0.0405	9606.ENSP00000310036,9606.ENSP00000360141,9606.ENSP00000365402,9606.ENSP00000367851,9606.ENSP00000385035,9606.ENSP00000407685,9606.ENSP00000411355,9606.ENSP00000424846,9606.ENSP00000436126,9606.ENSP00000450540,9606.ENSP00000452786	CD34,GNAS,HLA-C,CYBB,C1S,TNXB,PTPRC,SH3BP2,SAA2,SERPINA3,ITGB3
DISEASES	DOID:0060094	Bone benign neoplasm	3	17	1.55	0.38	0.0498	9606.ENSP00000310036,9606.ENSP00000360141,9606.ENSP00000424846	CD34,GNAS,SH3BP2
TISSUES	BTO:0000759	Liver	52	2125	0.69	1.54	4.62e-21	9606.ENSP00000236959,9606.ENSP00000245907,9606.ENSP00000260665,9606.ENSP00000263578,9606.ENSP00000264613,9606.ENSP00000264832,9606.ENSP00000268182,9606.ENSP00000298159,9606.ENSP00000300060,9606.ENSP00000300648,9606.ENSP00000310623,9606.ENSP00000311469,9606.ENSP00000314649,9606.ENSP00000317780,9606.ENSP00000322706,9606.ENSP00000340019,9606.ENSP00000349748,9606.ENSP00000350314,9606.ENSP00000351646,9606.ENSP00000352071,9606.ENSP00000357055,9606.ENSP00000359151,9606.ENSP00000359258,9606.ENSP00000360141,9606.ENSP00000363868,9606.ENSP00000365402,9606.ENSP00000365462,9606.ENSP00000367851,9606.ENSP00000370635,9606.ENSP00000371152,9606.ENSP00000372155,9606.ENSP00000376184,9606.ENSP00000378131,9606.ENSP00000378786,9606.ENSP00000379038,9606.ENSP00000379845,9606.ENSP00000380948,9606.ENSP00000381340,9606.ENSP00000381581,9606.ENSP00000385035,9606.ENSP00000385757,9606.ENSP00000407685,9606.ENSP00000411355,9606.ENSP00000416561,9606.ENSP00000417864,9606.ENSP00000432768,9606.ENSP00000436126,9606.ENSP00000446955,9606.ENSP00000450540,9606.ENSP00000480132,9606.ENSP00000491537,9606.ENSP00000498358	ATIC,C3,LRPPRC,FOXRED1,CP,ICAM1,IQGAP1,CFL2,ANPEP,GCN1,ISCU,GSTM1,ALDH5A1,COX5A,HMGCS1,HSPD1,SFPQ,BCO2,STIP1,CD163,PEA15,DBT,GCLM,GNAS,ABCA1,HLA-C,PCCA,CYBB,SLC39A14,ASAH1,PSME1,BDH1,CFI,HLA-DRA,TYMP,ABAT,ITGB2,GGT5,LCP1,C1S,BLVRA,TNXB,PTPRC,CFB,ANP32A,CKAP5,SAA2,MYL6,SERPINA3,NCAM1,FDFT1,FECH
TISSUES	BTO:0001491	Viscus	74	5378	0.44	0.96	2.19e-19	9606.ENSP00000011473,9606.ENSP00000046794,9606.ENSP00000236959,9606.ENSP00000245907,9606.ENSP00000248594,9606.ENSP00000260665,9606.ENSP00000263578,9606.ENSP00000264613,9606.ENSP00000264637,9606.ENSP00000264832,9606.ENSP00000266022,9606.ENSP00000268182,9606.ENSP00000298159,9606.ENSP00000300060,9606.ENSP00000300648,9606.ENSP00000310623,9606.ENSP00000311469,9606.ENSP00000314649,9606.ENSP00000317780,9606.ENSP00000322706,9606.ENSP00000330737,9606.ENSP00000340019,9606.ENSP00000348128,9606.ENSP00000349577,9606.ENSP00000349748,9606.ENSP00000350314,9606.ENSP00000351646,9606.ENSP00000352071,9606.ENSP00000357055,9606.ENSP00000359151,9606.ENSP00000359258,9606.ENSP00000360141,9606.ENSP00000363017,9606.ENSP00000363868,9606.ENSP00000364114,9606.ENSP00000365402,9606.ENSP00000365462,9606.ENSP00000367851,9606.ENSP00000370635,9606.ENSP00000371152,9606.ENSP00000372155,9606.ENSP00000373477,9606.ENSP00000376184,9606.ENSP00000378131,9606.ENSP00000378786,9606.ENSP00000379038,9606.ENSP00000379212,9606.ENSP00000379845,9606.ENSP00000379975,9606.ENSP00000380948,9606.ENSP00000380958,9606.ENSP00000381340,9606.ENSP00000381581,9606.ENSP00000385035,9606.ENSP00000385451,9606.ENSP00000385757,9606.ENSP00000392147,9606.ENSP00000399259,9606.ENSP00000407685,9606.ENSP00000408526,9606.ENSP00000410242,9606.ENSP00000411355,9606.ENSP00000416561,9606.ENSP00000417864,9606.ENSP00000432768,9606.ENSP00000436126,9606.ENSP00000446955,9606.ENSP00000450540,9606.ENSP00000452786,9606.ENSP00000480132,9606.ENSP00000482841,9606.ENSP00000491537,9606.ENSP00000497382,9606.ENSP00000498358	SYPL1,LCP2,ATIC,C3,PTPN12,LRPPRC,FOXRED1,CP,THRA,ICAM1,RBM6,IQGAP1,CFL2,ANPEP,GCN1,ISCU,GSTM1,ALDH5A1,COX5A,HMGCS1,NDUFA12,HSPD1,SVIL,PRODH,SFPQ,BCO2,STIP1,CD163,PEA15,DBT,GCLM,GNAS,RPA2,ABCA1,HLA-DRB5,HLA-C,PCCA,CYBB,SLC39A14,ASAH1,PSME1,GPX3,BDH1,CFI,HLA-DRA,TYMP,PODN,ABAT,ILK,ITGB2,MBP,GGT5,LCP1,C1S,MDK,BLVRA,PPP6C,FCHSD1,TNXB,IMPA1,IGF2BP2,PTPRC,CFB,ANP32A,CKAP5,SAA2,MYL6,SERPINA3,ITGB3,NCAM1,CRABP2,FDFT1,CD53,FECH
TISSUES	BTO:0000345	Digestive gland	56	2881	0.59	1.26	5.65e-19	9606.ENSP00000011473,9606.ENSP00000236959,9606.ENSP00000245907,9606.ENSP00000260665,9606.ENSP00000263578,9606.ENSP00000264613,9606.ENSP00000264832,9606.ENSP00000266022,9606.ENSP00000268182,9606.ENSP00000298159,9606.ENSP00000300060,9606.ENSP00000300648,9606.ENSP00000310623,9606.ENSP00000311469,9606.ENSP00000314649,9606.ENSP00000317780,9606.ENSP00000322706,9606.ENSP00000340019,9606.ENSP00000349748,9606.ENSP00000350314,9606.ENSP00000351646,9606.ENSP00000352071,9606.ENSP00000357055,9606.ENSP00000359151,9606.ENSP00000359258,9606.ENSP00000360141,9606.ENSP00000363868,9606.ENSP00000365402,9606.ENSP00000365462,9606.ENSP00000367851,9606.ENSP00000370635,9606.ENSP00000371152,9606.ENSP00000372155,9606.ENSP00000373477,9606.ENSP00000376184,9606.ENSP00000378131,9606.ENSP00000378786,9606.ENSP00000379038,9606.ENSP00000379845,9606.ENSP00000380948,9606.ENSP00000381340,9606.ENSP00000381581,9606.ENSP00000385035,9606.ENSP00000385757,9606.ENSP00000407685,9606.ENSP00000410242,9606.ENSP00000411355,9606.ENSP00000416561,9606.ENSP00000417864,9606.ENSP00000432768,9606.ENSP00000436126,9606.ENSP00000446955,9606.ENSP00000450540,9606.ENSP00000480132,9606.ENSP00000491537,9606.ENSP00000498358	SYPL1,ATIC,C3,LRPPRC,FOXRED1,CP,ICAM1,RBM6,IQGAP1,CFL2,ANPEP,GCN1,ISCU,GSTM1,ALDH5A1,COX5A,HMGCS1,HSPD1,SFPQ,BCO2,STIP1,CD163,PEA15,DBT,GCLM,GNAS,ABCA1,HLA-C,PCCA,CYBB,SLC39A14,ASAH1,PSME1,GPX3,BDH1,CFI,HLA-DRA,TYMP,ABAT,ITGB2,GGT5,LCP1,C1S,BLVRA,TNXB,IGF2BP2,PTPRC,CFB,ANP32A,CKAP5,SAA2,MYL6,SERPINA3,NCAM1,FDFT1,FECH
TISSUES	BTO:0004850	Bone marrow cell	18	198	1.26	2.69	1.64e-14	9606.ENSP00000226218,9606.ENSP00000245907,9606.ENSP00000264613,9606.ENSP00000264832,9606.ENSP00000266041,9606.ENSP00000300060,9606.ENSP00000310036,9606.ENSP00000352071,9606.ENSP00000371152,9606.ENSP00000378131,9606.ENSP00000380948,9606.ENSP00000385035,9606.ENSP00000385451,9606.ENSP00000407685,9606.ENSP00000416561,9606.ENSP00000450540,9606.ENSP00000452786,9606.ENSP00000480132	VTN,C3,CP,ICAM1,ITIH4,ANPEP,CD34,CD163,ASAH1,CFI,ITGB2,C1S,MDK,TNXB,CFB,SERPINA3,ITGB3,NCAM1
TISSUES	BTO:0000392	Plasma cell	17	171	1.3	2.75	2.71e-14	9606.ENSP00000226218,9606.ENSP00000245907,9606.ENSP00000264613,9606.ENSP00000264832,9606.ENSP00000266041,9606.ENSP00000300060,9606.ENSP00000352071,9606.ENSP00000371152,9606.ENSP00000378131,9606.ENSP00000380948,9606.ENSP00000385035,9606.ENSP00000385451,9606.ENSP00000407685,9606.ENSP00000416561,9606.ENSP00000450540,9606.ENSP00000452786,9606.ENSP00000480132	VTN,C3,CP,ICAM1,ITIH4,ANPEP,CD163,ASAH1,CFI,ITGB2,C1S,MDK,TNXB,CFB,SERPINA3,ITGB3,NCAM1
TISSUES	BTO:0000141	Bone marrow	23	528	0.94	1.82	1.15e-12	9606.ENSP00000226218,9606.ENSP00000245907,9606.ENSP00000264613,9606.ENSP00000264832,9606.ENSP00000266041,9606.ENSP00000268182,9606.ENSP00000298159,9606.ENSP00000300060,9606.ENSP00000310036,9606.ENSP00000352071,9606.ENSP00000360141,9606.ENSP00000370635,9606.ENSP00000371152,9606.ENSP00000378131,9606.ENSP00000380948,9606.ENSP00000385035,9606.ENSP00000385451,9606.ENSP00000407685,9606.ENSP00000411355,9606.ENSP00000416561,9606.ENSP00000450540,9606.ENSP00000452786,9606.ENSP00000480132	VTN,C3,CP,ICAM1,ITIH4,IQGAP1,CFL2,ANPEP,CD34,CD163,GNAS,SLC39A14,ASAH1,CFI,ITGB2,C1S,MDK,TNXB,PTPRC,CFB,SERPINA3,ITGB3,NCAM1
TISSUES	BTO:0000522	Gland	73	7004	0.32	0.7	4.69e-12	9606.ENSP00000011473,9606.ENSP00000046794,9606.ENSP00000226218,9606.ENSP00000236959,9606.ENSP00000245907,9606.ENSP00000248594,9606.ENSP00000260665,9606.ENSP00000263578,9606.ENSP00000264613,9606.ENSP00000264637,9606.ENSP00000264832,9606.ENSP00000266022,9606.ENSP00000268182,9606.ENSP00000298159,9606.ENSP00000300060,9606.ENSP00000300648,9606.ENSP00000310623,9606.ENSP00000311469,9606.ENSP00000314649,9606.ENSP00000317780,9606.ENSP00000322706,9606.ENSP00000330737,9606.ENSP00000340019,9606.ENSP00000348128,9606.ENSP00000349577,9606.ENSP00000349748,9606.ENSP00000350314,9606.ENSP00000351646,9606.ENSP00000352071,9606.ENSP00000357055,9606.ENSP00000359151,9606.ENSP00000359258,9606.ENSP00000359497,9606.ENSP00000360141,9606.ENSP00000363017,9606.ENSP00000363868,9606.ENSP00000365402,9606.ENSP00000365462,9606.ENSP00000367851,9606.ENSP00000370635,9606.ENSP00000371152,9606.ENSP00000372155,9606.ENSP00000373477,9606.ENSP00000376184,9606.ENSP00000377195,9606.ENSP00000378131,9606.ENSP00000378786,9606.ENSP00000379038,9606.ENSP00000379212,9606.ENSP00000379845,9606.ENSP00000380948,9606.ENSP00000380958,9606.ENSP00000381340,9606.ENSP00000381581,9606.ENSP00000385035,9606.ENSP00000385451,9606.ENSP00000385757,9606.ENSP00000392147,9606.ENSP00000399259,9606.ENSP00000407685,9606.ENSP00000408526,9606.ENSP00000410242,9606.ENSP00000411355,9606.ENSP00000416561,9606.ENSP00000417864,9606.ENSP00000432768,9606.ENSP00000436126,9606.ENSP00000446955,9606.ENSP00000450540,9606.ENSP00000452786,9606.ENSP00000480132,9606.ENSP00000491537,9606.ENSP00000498358	SYPL1,LCP2,VTN,ATIC,C3,PTPN12,LRPPRC,FOXRED1,CP,THRA,ICAM1,RBM6,IQGAP1,CFL2,ANPEP,GCN1,ISCU,GSTM1,ALDH5A1,COX5A,HMGCS1,NDUFA12,HSPD1,SVIL,PRODH,SFPQ,BCO2,STIP1,CD163,PEA15,DBT,GCLM,GBP2,GNAS,RPA2,ABCA1,HLA-C,PCCA,CYBB,SLC39A14,ASAH1,PSME1,GPX3,BDH1,DBN1,CFI,HLA-DRA,TYMP,PODN,ABAT,ITGB2,MBP,GGT5,LCP1,C1S,MDK,BLVRA,PPP6C,FCHSD1,TNXB,IMPA1,IGF2BP2,PTPRC,CFB,ANP32A,CKAP5,SAA2,MYL6,SERPINA3,ITGB3,NCAM1,FDFT1,FECH
TISSUES	BTO:0000089	Blood	36	1824	0.59	1.08	7.98e-11	9606.ENSP00000046794,9606.ENSP00000226218,9606.ENSP00000245907,9606.ENSP00000248594,9606.ENSP00000260665,9606.ENSP00000264832,9606.ENSP00000300060,9606.ENSP00000300648,9606.ENSP00000310036,9606.ENSP00000314649,9606.ENSP00000327323,9606.ENSP00000340019,9606.ENSP00000348128,9606.ENSP00000349748,9606.ENSP00000363868,9606.ENSP00000364114,9606.ENSP00000365402,9606.ENSP00000367851,9606.ENSP00000371152,9606.ENSP00000372155,9606.ENSP00000373477,9606.ENSP00000377195,9606.ENSP00000378786,9606.ENSP00000380948,9606.ENSP00000381581,9606.ENSP00000385035,9606.ENSP00000389631,9606.ENSP00000407685,9606.ENSP00000411355,9606.ENSP00000416561,9606.ENSP00000420588,9606.ENSP00000432768,9606.ENSP00000446955,9606.ENSP00000452786,9606.ENSP00000480132,9606.ENSP00000498358	LCP2,VTN,C3,PTPN12,LRPPRC,ICAM1,ANPEP,GCN1,CD34,ALDH5A1,THNSL2,HSPD1,SVIL,SFPQ,ABCA1,HLA-DRB5,HLA-C,CYBB,ASAH1,PSME1,GPX3,DBN1,HLA-DRA,ITGB2,LCP1,C1S,ARPC1B,TNXB,PTPRC,CFB,TFAM,CKAP5,MYL6,ITGB3,NCAM1,FECH
TISSUES	BTO:0001489	Whole body	95	13099	0.16	0.5	2.25e-10	9606.ENSP00000011473,9606.ENSP00000046794,9606.ENSP00000173229,9606.ENSP00000222573,9606.ENSP00000226218,9606.ENSP00000236959,9606.ENSP00000245907,9606.ENSP00000248594,9606.ENSP00000249330,9606.ENSP00000257860,9606.ENSP00000260665,9606.ENSP00000263578,9606.ENSP00000264613,9606.ENSP00000264637,9606.ENSP00000264828,9606.ENSP00000264832,9606.ENSP00000266022,9606.ENSP00000266041,9606.ENSP00000266254,9606.ENSP00000268182,9606.ENSP00000298159,9606.ENSP00000300060,9606.ENSP00000300648,9606.ENSP00000310036,9606.ENSP00000310623,9606.ENSP00000311469,9606.ENSP00000314649,9606.ENSP00000317780,9606.ENSP00000322706,9606.ENSP00000327323,9606.ENSP00000330737,9606.ENSP00000339157,9606.ENSP00000340019,9606.ENSP00000345107,9606.ENSP00000348128,9606.ENSP00000349577,9606.ENSP00000349748,9606.ENSP00000350314,9606.ENSP00000351646,9606.ENSP00000352071,9606.ENSP00000357055,9606.ENSP00000359151,9606.ENSP00000359258,9606.ENSP00000359497,9606.ENSP00000360141,9606.ENSP00000363017,9606.ENSP00000363868,9606.ENSP00000364114,9606.ENSP00000365402,9606.ENSP00000365462,9606.ENSP00000367851,9606.ENSP00000370635,9606.ENSP00000371152,9606.ENSP00000372155,9606.ENSP00000373477,9606.ENSP00000376184,9606.ENSP00000377195,9606.ENSP00000378131,9606.ENSP00000378786,9606.ENSP00000379038,9606.ENSP00000379212,9606.ENSP00000379372,9606.ENSP00000379845,9606.ENSP00000379975,9606.ENSP00000380948,9606.ENSP00000380958,9606.ENSP00000381340,9606.ENSP00000381581,9606.ENSP00000381601,9606.ENSP00000385035,9606.ENSP00000385451,9606.ENSP00000385757,9606.ENSP00000389631,9606.ENSP00000392147,9606.ENSP00000399259,9606.ENSP00000407685,9606.ENSP00000408526,9606.ENSP00000410242,9606.ENSP00000411355,9606.ENSP00000416561,9606.ENSP00000417864,9606.ENSP00000420588,9606.ENSP00000424846,9606.ENSP00000432768,9606.ENSP00000436126,9606.ENSP00000446955,9606.ENSP00000450540,9606.ENSP00000452786,9606.ENSP00000473980,9606.ENSP00000478303,9606.ENSP00000480132,9606.ENSP00000482841,9606.ENSP00000491537,9606.ENSP00000497382,9606.ENSP00000498358	SYPL1,LCP2,NTN1,ITGB8,VTN,ATIC,C3,PTPN12,VGF,PRPH,LRPPRC,FOXRED1,CP,THRA,COL5A3,ICAM1,RBM6,ITIH4,TTLL1,IQGAP1,CFL2,ANPEP,GCN1,CD34,ISCU,GSTM1,ALDH5A1,COX5A,HMGCS1,THNSL2,NDUFA12,CPM,HSPD1,C2orf88,SVIL,PRODH,SFPQ,BCO2,STIP1,CD163,PEA15,DBT,GCLM,GBP2,GNAS,RPA2,ABCA1,HLA-DRB5,HLA-C,PCCA,CYBB,SLC39A14,ASAH1,PSME1,GPX3,BDH1,DBN1,CFI,HLA-DRA,TYMP,PODN,GTF2A2,ABAT,ILK,ITGB2,MBP,GGT5,LCP1,MX1,C1S,MDK,BLVRA,ARPC1B,PPP6C,FCHSD1,TNXB,IMPA1,IGF2BP2,PTPRC,CFB,ANP32A,TFAM,SH3BP2,CKAP5,SAA2,MYL6,SERPINA3,ITGB3,MRPL37,POLR2E,NCAM1,CRABP2,FDFT1,CD53,FECH
TISSUES	BTO:0001488	Endocrine gland	67	6403	0.32	0.68	2.41e-10	9606.ENSP00000011473,9606.ENSP00000226218,9606.ENSP00000236959,9606.ENSP00000245907,9606.ENSP00000248594,9606.ENSP00000260665,9606.ENSP00000263578,9606.ENSP00000264613,9606.ENSP00000264637,9606.ENSP00000264832,9606.ENSP00000266022,9606.ENSP00000268182,9606.ENSP00000298159,9606.ENSP00000300060,9606.ENSP00000300648,9606.ENSP00000310623,9606.ENSP00000311469,9606.ENSP00000314649,9606.ENSP00000317780,9606.ENSP00000322706,9606.ENSP00000330737,9606.ENSP00000340019,9606.ENSP00000348128,9606.ENSP00000349748,9606.ENSP00000350314,9606.ENSP00000351646,9606.ENSP00000352071,9606.ENSP00000357055,9606.ENSP00000359151,9606.ENSP00000359258,9606.ENSP00000359497,9606.ENSP00000360141,9606.ENSP00000363868,9606.ENSP00000365402,9606.ENSP00000365462,9606.ENSP00000367851,9606.ENSP00000370635,9606.ENSP00000371152,9606.ENSP00000372155,9606.ENSP00000373477,9606.ENSP00000376184,9606.ENSP00000377195,9606.ENSP00000378131,9606.ENSP00000378786,9606.ENSP00000379038,9606.ENSP00000379212,9606.ENSP00000379845,9606.ENSP00000380948,9606.ENSP00000380958,9606.ENSP00000381340,9606.ENSP00000381581,9606.ENSP00000385035,9606.ENSP00000385757,9606.ENSP00000392147,9606.ENSP00000407685,9606.ENSP00000408526,9606.ENSP00000410242,9606.ENSP00000411355,9606.ENSP00000416561,9606.ENSP00000417864,9606.ENSP00000432768,9606.ENSP00000436126,9606.ENSP00000446955,9606.ENSP00000450540,9606.ENSP00000480132,9606.ENSP00000491537,9606.ENSP00000498358	SYPL1,VTN,ATIC,C3,PTPN12,LRPPRC,FOXRED1,CP,THRA,ICAM1,RBM6,IQGAP1,CFL2,ANPEP,GCN1,ISCU,GSTM1,ALDH5A1,COX5A,HMGCS1,NDUFA12,HSPD1,SVIL,SFPQ,BCO2,STIP1,CD163,PEA15,DBT,GCLM,GBP2,GNAS,ABCA1,HLA-C,PCCA,CYBB,SLC39A14,ASAH1,PSME1,GPX3,BDH1,DBN1,CFI,HLA-DRA,TYMP,PODN,ABAT,ITGB2,MBP,GGT5,LCP1,C1S,BLVRA,PPP6C,TNXB,IMPA1,IGF2BP2,PTPRC,CFB,ANP32A,CKAP5,SAA2,MYL6,SERPINA3,NCAM1,FDFT1,FECH
TISSUES	BTO:0000570	Hematopoietic system	42	2755	0.48	0.87	1.34e-09	9606.ENSP00000046794,9606.ENSP00000226218,9606.ENSP00000245907,9606.ENSP00000248594,9606.ENSP00000260665,9606.ENSP00000264832,9606.ENSP00000266022,9606.ENSP00000300060,9606.ENSP00000300648,9606.ENSP00000310036,9606.ENSP00000314649,9606.ENSP00000327323,9606.ENSP00000340019,9606.ENSP00000348128,9606.ENSP00000349748,9606.ENSP00000352071,9606.ENSP00000359497,9606.ENSP00000363868,9606.ENSP00000364114,9606.ENSP00000365402,9606.ENSP00000367851,9606.ENSP00000371152,9606.ENSP00000372155,9606.ENSP00000373477,9606.ENSP00000377195,9606.ENSP00000378786,9606.ENSP00000380948,9606.ENSP00000381581,9606.ENSP00000385035,9606.ENSP00000389631,9606.ENSP00000407685,9606.ENSP00000411355,9606.ENSP00000416561,9606.ENSP00000417864,9606.ENSP00000420588,9606.ENSP00000424846,9606.ENSP00000432768,9606.ENSP00000446955,9606.ENSP00000452786,9606.ENSP00000480132,9606.ENSP00000497382,9606.ENSP00000498358	LCP2,VTN,C3,PTPN12,LRPPRC,ICAM1,RBM6,ANPEP,GCN1,CD34,ALDH5A1,THNSL2,HSPD1,SVIL,SFPQ,CD163,GBP2,ABCA1,HLA-DRB5,HLA-C,CYBB,ASAH1,PSME1,GPX3,DBN1,HLA-DRA,ITGB2,LCP1,C1S,ARPC1B,TNXB,PTPRC,CFB,ANP32A,TFAM,SH3BP2,CKAP5,MYL6,ITGB3,NCAM1,CD53,FECH
TISSUES	BTO:0001486	Skeletal system	29	1307	0.64	1.1	1.47e-09	9606.ENSP00000226218,9606.ENSP00000245907,9606.ENSP00000264613,9606.ENSP00000264832,9606.ENSP00000266041,9606.ENSP00000268182,9606.ENSP00000298159,9606.ENSP00000300060,9606.ENSP00000300648,9606.ENSP00000310036,9606.ENSP00000349748,9606.ENSP00000352071,9606.ENSP00000360141,9606.ENSP00000370635,9606.ENSP00000371152,9606.ENSP00000377195,9606.ENSP00000378131,9606.ENSP00000380948,9606.ENSP00000385035,9606.ENSP00000385451,9606.ENSP00000385757,9606.ENSP00000407685,9606.ENSP00000411355,9606.ENSP00000416561,9606.ENSP00000432768,9606.ENSP00000450540,9606.ENSP00000452786,9606.ENSP00000473980,9606.ENSP00000480132	VTN,C3,CP,ICAM1,ITIH4,IQGAP1,CFL2,ANPEP,GCN1,CD34,SFPQ,CD163,GNAS,SLC39A14,ASAH1,DBN1,CFI,ITGB2,C1S,MDK,BLVRA,TNXB,PTPRC,CFB,CKAP5,SERPINA3,ITGB3,MRPL37,NCAM1
TISSUES	BTO:0000042	Animal	97	15148	0.11	0.42	4.72e-07	9606.ENSP00000011473,9606.ENSP00000046794,9606.ENSP00000173229,9606.ENSP00000222573,9606.ENSP00000226218,9606.ENSP00000236959,9606.ENSP00000245907,9606.ENSP00000248594,9606.ENSP00000249330,9606.ENSP00000257860,9606.ENSP00000260665,9606.ENSP00000263578,9606.ENSP00000264613,9606.ENSP00000264637,9606.ENSP00000264828,9606.ENSP00000264832,9606.ENSP00000266022,9606.ENSP00000266041,9606.ENSP00000266254,9606.ENSP00000268182,9606.ENSP00000296220,9606.ENSP00000298159,9606.ENSP00000300060,9606.ENSP00000300648,9606.ENSP00000310036,9606.ENSP00000310623,9606.ENSP00000311469,9606.ENSP00000314649,9606.ENSP00000317780,9606.ENSP00000322706,9606.ENSP00000327323,9606.ENSP00000330737,9606.ENSP00000339157,9606.ENSP00000340019,9606.ENSP00000345107,9606.ENSP00000348128,9606.ENSP00000349577,9606.ENSP00000349748,9606.ENSP00000350314,9606.ENSP00000351646,9606.ENSP00000352071,9606.ENSP00000357055,9606.ENSP00000359151,9606.ENSP00000359258,9606.ENSP00000359497,9606.ENSP00000360141,9606.ENSP00000363017,9606.ENSP00000363868,9606.ENSP00000364114,9606.ENSP00000365402,9606.ENSP00000365462,9606.ENSP00000367851,9606.ENSP00000370635,9606.ENSP00000371152,9606.ENSP00000372155,9606.ENSP00000373477,9606.ENSP00000376184,9606.ENSP00000377195,9606.ENSP00000377486,9606.ENSP00000378131,9606.ENSP00000378786,9606.ENSP00000379038,9606.ENSP00000379212,9606.ENSP00000379372,9606.ENSP00000379845,9606.ENSP00000379975,9606.ENSP00000380948,9606.ENSP00000380958,9606.ENSP00000381340,9606.ENSP00000381581,9606.ENSP00000381601,9606.ENSP00000385035,9606.ENSP00000385451,9606.ENSP00000385757,9606.ENSP00000389631,9606.ENSP00000392147,9606.ENSP00000399259,9606.ENSP00000407685,9606.ENSP00000408526,9606.ENSP00000410242,9606.ENSP00000411355,9606.ENSP00000416561,9606.ENSP00000417864,9606.ENSP00000420588,9606.ENSP00000424846,9606.ENSP00000432768,9606.ENSP00000436126,9606.ENSP00000446955,9606.ENSP00000450540,9606.ENSP00000452786,9606.ENSP00000473980,9606.ENSP00000478303,9606.ENSP00000480132,9606.ENSP00000482841,9606.ENSP00000491537,9606.ENSP00000497382,9606.ENSP00000498358	SYPL1,LCP2,NTN1,ITGB8,VTN,ATIC,C3,PTPN12,VGF,PRPH,LRPPRC,FOXRED1,CP,THRA,COL5A3,ICAM1,RBM6,ITIH4,TTLL1,IQGAP1,OSBPL11,CFL2,ANPEP,GCN1,CD34,ISCU,GSTM1,ALDH5A1,COX5A,HMGCS1,THNSL2,NDUFA12,CPM,HSPD1,C2orf88,SVIL,PRODH,SFPQ,BCO2,STIP1,CD163,PEA15,DBT,GCLM,GBP2,GNAS,RPA2,ABCA1,HLA-DRB5,HLA-C,PCCA,CYBB,SLC39A14,ASAH1,PSME1,GPX3,BDH1,DBN1,MRPL19,CFI,HLA-DRA,TYMP,PODN,GTF2A2,ABAT,ILK,ITGB2,MBP,GGT5,LCP1,MX1,C1S,MDK,BLVRA,ARPC1B,PPP6C,FCHSD1,TNXB,IMPA1,IGF2BP2,PTPRC,CFB,ANP32A,TFAM,SH3BP2,CKAP5,SAA2,MYL6,SERPINA3,ITGB3,MRPL37,POLR2E,NCAM1,CRABP2,FDFT1,CD53,FECH
TISSUES	BTO:0003091	Urogenital system	60	7090	0.23	0.45	9.60e-05	9606.ENSP00000011473,9606.ENSP00000173229,9606.ENSP00000222573,9606.ENSP00000226218,9606.ENSP00000236959,9606.ENSP00000245907,9606.ENSP00000248594,9606.ENSP00000260665,9606.ENSP00000263578,9606.ENSP00000264637,9606.ENSP00000264832,9606.ENSP00000266022,9606.ENSP00000268182,9606.ENSP00000298159,9606.ENSP00000300648,9606.ENSP00000310036,9606.ENSP00000311469,9606.ENSP00000322706,9606.ENSP00000330737,9606.ENSP00000339157,9606.ENSP00000340019,9606.ENSP00000345107,9606.ENSP00000348128,9606.ENSP00000349577,9606.ENSP00000351646,9606.ENSP00000357055,9606.ENSP00000359151,9606.ENSP00000359497,9606.ENSP00000360141,9606.ENSP00000363017,9606.ENSP00000365402,9606.ENSP00000365462,9606.ENSP00000371152,9606.ENSP00000373477,9606.ENSP00000377195,9606.ENSP00000378786,9606.ENSP00000379038,9606.ENSP00000379212,9606.ENSP00000379975,9606.ENSP00000380958,9606.ENSP00000381340,9606.ENSP00000381581,9606.ENSP00000381601,9606.ENSP00000385035,9606.ENSP00000385451,9606.ENSP00000385757,9606.ENSP00000392147,9606.ENSP00000408526,9606.ENSP00000411355,9606.ENSP00000417864,9606.ENSP00000424846,9606.ENSP00000432768,9606.ENSP00000446955,9606.ENSP00000450540,9606.ENSP00000452786,9606.ENSP00000473980,9606.ENSP00000480132,9606.ENSP00000482841,9606.ENSP00000491537,9606.ENSP00000498358	SYPL1,NTN1,ITGB8,VTN,ATIC,C3,PTPN12,LRPPRC,FOXRED1,THRA,ICAM1,RBM6,IQGAP1,CFL2,GCN1,CD34,GSTM1,HMGCS1,NDUFA12,CPM,HSPD1,C2orf88,SVIL,PRODH,STIP1,PEA15,DBT,GBP2,GNAS,RPA2,HLA-C,PCCA,ASAH1,GPX3,DBN1,HLA-DRA,TYMP,PODN,ILK,MBP,GGT5,LCP1,MX1,C1S,MDK,BLVRA,PPP6C,IMPA1,PTPRC,ANP32A,SH3BP2,CKAP5,MYL6,SERPINA3,ITGB3,MRPL37,NCAM1,CRABP2,FDFT1,FECH
TISSUES	BTO:0000574	Hematopoietic cell	19	1019	0.57	0.67	0.00012	9606.ENSP00000260665,9606.ENSP00000300648,9606.ENSP00000310036,9606.ENSP00000314649,9606.ENSP00000327323,9606.ENSP00000340019,9606.ENSP00000349748,9606.ENSP00000363868,9606.ENSP00000373477,9606.ENSP00000380948,9606.ENSP00000381581,9606.ENSP00000385035,9606.ENSP00000407685,9606.ENSP00000411355,9606.ENSP00000420588,9606.ENSP00000432768,9606.ENSP00000446955,9606.ENSP00000480132,9606.ENSP00000498358	LRPPRC,GCN1,CD34,ALDH5A1,THNSL2,HSPD1,SFPQ,ABCA1,GPX3,ITGB2,LCP1,C1S,TNXB,PTPRC,TFAM,CKAP5,MYL6,NCAM1,FECH
TISSUES	BTO:0000203	Respiratory system	25	1707	0.46	0.6	0.00013	9606.ENSP00000011473,9606.ENSP00000046794,9606.ENSP00000226218,9606.ENSP00000245907,9606.ENSP00000264613,9606.ENSP00000264832,9606.ENSP00000266022,9606.ENSP00000322706,9606.ENSP00000339157,9606.ENSP00000340019,9606.ENSP00000351646,9606.ENSP00000357055,9606.ENSP00000360141,9606.ENSP00000363017,9606.ENSP00000365402,9606.ENSP00000372155,9606.ENSP00000373477,9606.ENSP00000378786,9606.ENSP00000379038,9606.ENSP00000379372,9606.ENSP00000380958,9606.ENSP00000385035,9606.ENSP00000446955,9606.ENSP00000478303,9606.ENSP00000491537	SYPL1,LCP2,VTN,C3,CP,ICAM1,RBM6,HMGCS1,CPM,HSPD1,STIP1,PEA15,GNAS,RPA2,HLA-C,PSME1,GPX3,HLA-DRA,TYMP,GTF2A2,MBP,C1S,MYL6,POLR2E,FDFT1
TISSUES	BTO:0000753	Lymphoid tissue	24	1600	0.47	0.61	0.00014	9606.ENSP00000260665,9606.ENSP00000264832,9606.ENSP00000266022,9606.ENSP00000300648,9606.ENSP00000314649,9606.ENSP00000327323,9606.ENSP00000340019,9606.ENSP00000349748,9606.ENSP00000352071,9606.ENSP00000359497,9606.ENSP00000365402,9606.ENSP00000372155,9606.ENSP00000373477,9606.ENSP00000378786,9606.ENSP00000380948,9606.ENSP00000381581,9606.ENSP00000385035,9606.ENSP00000411355,9606.ENSP00000420588,9606.ENSP00000424846,9606.ENSP00000432768,9606.ENSP00000446955,9606.ENSP00000480132,9606.ENSP00000497382	LRPPRC,ICAM1,RBM6,GCN1,ALDH5A1,THNSL2,HSPD1,SFPQ,CD163,GBP2,HLA-C,PSME1,GPX3,HLA-DRA,ITGB2,LCP1,C1S,PTPRC,TFAM,SH3BP2,CKAP5,MYL6,NCAM1,CD53
TISSUES	BTO:0000763	Lung	22	1395	0.5	0.61	0.00019	9606.ENSP00000226218,9606.ENSP00000245907,9606.ENSP00000264832,9606.ENSP00000266022,9606.ENSP00000322706,9606.ENSP00000339157,9606.ENSP00000340019,9606.ENSP00000351646,9606.ENSP00000357055,9606.ENSP00000360141,9606.ENSP00000363017,9606.ENSP00000365402,9606.ENSP00000372155,9606.ENSP00000373477,9606.ENSP00000378786,9606.ENSP00000379038,9606.ENSP00000379372,9606.ENSP00000380958,9606.ENSP00000385035,9606.ENSP00000446955,9606.ENSP00000478303,9606.ENSP00000491537	VTN,C3,ICAM1,RBM6,HMGCS1,CPM,HSPD1,STIP1,PEA15,GNAS,RPA2,HLA-C,PSME1,GPX3,HLA-DRA,TYMP,GTF2A2,MBP,C1S,MYL6,POLR2E,FDFT1
TISSUES	BTO:0000284	Organism form	31	2542	0.38	0.53	0.00020	9606.ENSP00000236959,9606.ENSP00000257860,9606.ENSP00000260665,9606.ENSP00000266022,9606.ENSP00000266041,9606.ENSP00000268182,9606.ENSP00000298159,9606.ENSP00000300060,9606.ENSP00000310036,9606.ENSP00000322706,9606.ENSP00000339157,9606.ENSP00000340019,9606.ENSP00000348128,9606.ENSP00000360141,9606.ENSP00000365402,9606.ENSP00000365462,9606.ENSP00000372155,9606.ENSP00000373477,9606.ENSP00000379038,9606.ENSP00000379975,9606.ENSP00000380958,9606.ENSP00000381340,9606.ENSP00000381581,9606.ENSP00000385757,9606.ENSP00000392147,9606.ENSP00000411355,9606.ENSP00000446955,9606.ENSP00000452786,9606.ENSP00000482841,9606.ENSP00000491537,9606.ENSP00000498358	ATIC,PRPH,LRPPRC,RBM6,ITIH4,IQGAP1,CFL2,ANPEP,CD34,HMGCS1,CPM,HSPD1,SVIL,GNAS,HLA-C,PCCA,PSME1,GPX3,TYMP,ILK,MBP,GGT5,LCP1,BLVRA,PPP6C,PTPRC,MYL6,ITGB3,CRABP2,FDFT1,FECH
TISSUES	BTO:0003092	Urinary system	20	1249	0.5	0.58	0.00043	9606.ENSP00000264637,9606.ENSP00000264832,9606.ENSP00000330737,9606.ENSP00000340019,9606.ENSP00000348128,9606.ENSP00000349577,9606.ENSP00000359151,9606.ENSP00000360141,9606.ENSP00000363017,9606.ENSP00000365462,9606.ENSP00000373477,9606.ENSP00000379212,9606.ENSP00000380958,9606.ENSP00000385451,9606.ENSP00000392147,9606.ENSP00000408526,9606.ENSP00000417864,9606.ENSP00000450540,9606.ENSP00000480132,9606.ENSP00000491537	THRA,ICAM1,NDUFA12,HSPD1,SVIL,PRODH,DBT,GNAS,RPA2,PCCA,GPX3,PODN,MBP,MDK,PPP6C,IMPA1,ANP32A,SERPINA3,NCAM1,FDFT1
TISSUES	BTO:0001244	Urinary tract	20	1258	0.5	0.57	0.00046	9606.ENSP00000264637,9606.ENSP00000264832,9606.ENSP00000330737,9606.ENSP00000340019,9606.ENSP00000348128,9606.ENSP00000349577,9606.ENSP00000359151,9606.ENSP00000360141,9606.ENSP00000363017,9606.ENSP00000365462,9606.ENSP00000373477,9606.ENSP00000379212,9606.ENSP00000380958,9606.ENSP00000385451,9606.ENSP00000392147,9606.ENSP00000408526,9606.ENSP00000417864,9606.ENSP00000450540,9606.ENSP00000480132,9606.ENSP00000491537	THRA,ICAM1,NDUFA12,HSPD1,SVIL,PRODH,DBT,GNAS,RPA2,PCCA,GPX3,PODN,MBP,MDK,PPP6C,IMPA1,ANP32A,SERPINA3,NCAM1,FDFT1
TISSUES	BTO:0000775	Lymphocyte	14	698	0.6	0.58	0.0012	9606.ENSP00000260665,9606.ENSP00000300648,9606.ENSP00000314649,9606.ENSP00000327323,9606.ENSP00000340019,9606.ENSP00000349748,9606.ENSP00000373477,9606.ENSP00000380948,9606.ENSP00000381581,9606.ENSP00000411355,9606.ENSP00000420588,9606.ENSP00000432768,9606.ENSP00000446955,9606.ENSP00000480132	LRPPRC,GCN1,ALDH5A1,THNSL2,HSPD1,SFPQ,GPX3,ITGB2,LCP1,PTPRC,TFAM,CKAP5,MYL6,NCAM1
TISSUES	BTO:0001484	Nervous system	51	6016	0.23	0.39	0.0012	9606.ENSP00000011473,9606.ENSP00000173229,9606.ENSP00000222573,9606.ENSP00000226218,9606.ENSP00000236959,9606.ENSP00000248594,9606.ENSP00000249330,9606.ENSP00000257860,9606.ENSP00000260665,9606.ENSP00000263578,9606.ENSP00000264613,9606.ENSP00000264637,9606.ENSP00000266022,9606.ENSP00000266254,9606.ENSP00000298159,9606.ENSP00000310623,9606.ENSP00000314649,9606.ENSP00000317780,9606.ENSP00000322706,9606.ENSP00000340019,9606.ENSP00000349577,9606.ENSP00000349748,9606.ENSP00000351646,9606.ENSP00000357055,9606.ENSP00000359497,9606.ENSP00000360141,9606.ENSP00000365402,9606.ENSP00000367851,9606.ENSP00000370635,9606.ENSP00000371152,9606.ENSP00000373477,9606.ENSP00000377195,9606.ENSP00000378131,9606.ENSP00000379845,9606.ENSP00000379975,9606.ENSP00000380958,9606.ENSP00000381340,9606.ENSP00000381581,9606.ENSP00000385035,9606.ENSP00000385451,9606.ENSP00000385757,9606.ENSP00000392147,9606.ENSP00000408526,9606.ENSP00000417864,9606.ENSP00000424846,9606.ENSP00000432768,9606.ENSP00000436126,9606.ENSP00000446955,9606.ENSP00000450540,9606.ENSP00000480132,9606.ENSP00000491537	SYPL1,NTN1,ITGB8,VTN,ATIC,PTPN12,VGF,PRPH,LRPPRC,FOXRED1,CP,THRA,RBM6,TTLL1,CFL2,ISCU,ALDH5A1,COX5A,HMGCS1,HSPD1,PRODH,SFPQ,STIP1,PEA15,GBP2,GNAS,HLA-C,CYBB,SLC39A14,ASAH1,GPX3,DBN1,CFI,ABAT,ILK,MBP,GGT5,LCP1,C1S,MDK,BLVRA,PPP6C,IMPA1,ANP32A,SH3BP2,CKAP5,SAA2,MYL6,SERPINA3,NCAM1,FDFT1
TISSUES	BTO:0000132	Blood platelet	10	363	0.74	0.62	0.0015	9606.ENSP00000046794,9606.ENSP00000226218,9606.ENSP00000245907,9606.ENSP00000248594,9606.ENSP00000340019,9606.ENSP00000348128,9606.ENSP00000371152,9606.ENSP00000377195,9606.ENSP00000389631,9606.ENSP00000452786	LCP2,VTN,C3,PTPN12,HSPD1,SVIL,ASAH1,DBN1,ARPC1B,ITGB3
TISSUES	BTO:0000751	Leukocyte	16	924	0.54	0.54	0.0015	9606.ENSP00000260665,9606.ENSP00000300648,9606.ENSP00000314649,9606.ENSP00000327323,9606.ENSP00000340019,9606.ENSP00000349748,9606.ENSP00000373477,9606.ENSP00000380948,9606.ENSP00000381581,9606.ENSP00000385035,9606.ENSP00000407685,9606.ENSP00000411355,9606.ENSP00000420588,9606.ENSP00000432768,9606.ENSP00000446955,9606.ENSP00000480132	LRPPRC,GCN1,ALDH5A1,THNSL2,HSPD1,SFPQ,GPX3,ITGB2,LCP1,C1S,TNXB,PTPRC,TFAM,CKAP5,MYL6,NCAM1
TISSUES	BTO:0000562	Heart	14	738	0.58	0.55	0.0018	9606.ENSP00000245907,9606.ENSP00000260665,9606.ENSP00000264828,9606.ENSP00000264832,9606.ENSP00000310036,9606.ENSP00000310623,9606.ENSP00000311469,9606.ENSP00000317780,9606.ENSP00000340019,9606.ENSP00000350314,9606.ENSP00000357055,9606.ENSP00000373477,9606.ENSP00000376184,9606.ENSP00000478303	C3,LRPPRC,COL5A3,ICAM1,CD34,ISCU,GSTM1,COX5A,HSPD1,BCO2,PEA15,GPX3,BDH1,POLR2E
TISSUES	BTO:0000511	Gastrointestinal tract	23	1816	0.4	0.45	0.0024	9606.ENSP00000236959,9606.ENSP00000245907,9606.ENSP00000248594,9606.ENSP00000300060,9606.ENSP00000311469,9606.ENSP00000340019,9606.ENSP00000351646,9606.ENSP00000357055,9606.ENSP00000360141,9606.ENSP00000364114,9606.ENSP00000365402,9606.ENSP00000370635,9606.ENSP00000371152,9606.ENSP00000373477,9606.ENSP00000378786,9606.ENSP00000379975,9606.ENSP00000381340,9606.ENSP00000385035,9606.ENSP00000392147,9606.ENSP00000416561,9606.ENSP00000446955,9606.ENSP00000482841,9606.ENSP00000491537	ATIC,C3,PTPN12,ANPEP,GSTM1,HSPD1,STIP1,PEA15,GNAS,HLA-DRB5,HLA-C,SLC39A14,ASAH1,GPX3,HLA-DRA,ILK,GGT5,C1S,PPP6C,CFB,MYL6,CRABP2,FDFT1
TISSUES	BTO:0000174	Embryonic structure	27	2369	0.36	0.43	0.0025	9606.ENSP00000236959,9606.ENSP00000257860,9606.ENSP00000260665,9606.ENSP00000266022,9606.ENSP00000268182,9606.ENSP00000298159,9606.ENSP00000300060,9606.ENSP00000310036,9606.ENSP00000322706,9606.ENSP00000339157,9606.ENSP00000340019,9606.ENSP00000348128,9606.ENSP00000360141,9606.ENSP00000365402,9606.ENSP00000372155,9606.ENSP00000373477,9606.ENSP00000379038,9606.ENSP00000379975,9606.ENSP00000380958,9606.ENSP00000381340,9606.ENSP00000381581,9606.ENSP00000392147,9606.ENSP00000411355,9606.ENSP00000446955,9606.ENSP00000452786,9606.ENSP00000482841,9606.ENSP00000491537	ATIC,PRPH,LRPPRC,RBM6,IQGAP1,CFL2,ANPEP,CD34,HMGCS1,CPM,HSPD1,SVIL,GNAS,HLA-C,PSME1,GPX3,TYMP,ILK,MBP,GGT5,LCP1,PPP6C,PTPRC,MYL6,ITGB3,CRABP2,FDFT1
TISSUES	BTO:0000282	Head	53	6642	0.2	0.36	0.0031	9606.ENSP00000011473,9606.ENSP00000173229,9606.ENSP00000222573,9606.ENSP00000226218,9606.ENSP00000236959,9606.ENSP00000248594,9606.ENSP00000257860,9606.ENSP00000260665,9606.ENSP00000263578,9606.ENSP00000264637,9606.ENSP00000266022,9606.ENSP00000266254,9606.ENSP00000298159,9606.ENSP00000310623,9606.ENSP00000314649,9606.ENSP00000317780,9606.ENSP00000322706,9606.ENSP00000327323,9606.ENSP00000340019,9606.ENSP00000349577,9606.ENSP00000349748,9606.ENSP00000351646,9606.ENSP00000357055,9606.ENSP00000360141,9606.ENSP00000365402,9606.ENSP00000365462,9606.ENSP00000367851,9606.ENSP00000370635,9606.ENSP00000371152,9606.ENSP00000373477,9606.ENSP00000377195,9606.ENSP00000378131,9606.ENSP00000378786,9606.ENSP00000379212,9606.ENSP00000379845,9606.ENSP00000379975,9606.ENSP00000380958,9606.ENSP00000381340,9606.ENSP00000381581,9606.ENSP00000385035,9606.ENSP00000385451,9606.ENSP00000385757,9606.ENSP00000392147,9606.ENSP00000408526,9606.ENSP00000417864,9606.ENSP00000420588,9606.ENSP00000424846,9606.ENSP00000436126,9606.ENSP00000446955,9606.ENSP00000450540,9606.ENSP00000480132,9606.ENSP00000482841,9606.ENSP00000491537	SYPL1,NTN1,ITGB8,VTN,ATIC,PTPN12,PRPH,LRPPRC,FOXRED1,THRA,RBM6,TTLL1,CFL2,ISCU,ALDH5A1,COX5A,HMGCS1,THNSL2,HSPD1,PRODH,SFPQ,STIP1,PEA15,GNAS,HLA-C,PCCA,CYBB,SLC39A14,ASAH1,GPX3,DBN1,CFI,HLA-DRA,PODN,ABAT,ILK,MBP,GGT5,LCP1,C1S,MDK,BLVRA,PPP6C,IMPA1,ANP32A,TFAM,SH3BP2,SAA2,MYL6,SERPINA3,NCAM1,CRABP2,FDFT1
TISSUES	BTO:0000580	Blood cancer cell	18	1234	0.46	0.47	0.0032	9606.ENSP00000046794,9606.ENSP00000260665,9606.ENSP00000264832,9606.ENSP00000268182,9606.ENSP00000298159,9606.ENSP00000300648,9606.ENSP00000310623,9606.ENSP00000322706,9606.ENSP00000340019,9606.ENSP00000349748,9606.ENSP00000351646,9606.ENSP00000380948,9606.ENSP00000380958,9606.ENSP00000411355,9606.ENSP00000417864,9606.ENSP00000432768,9606.ENSP00000446955,9606.ENSP00000452786	LCP2,LRPPRC,ICAM1,IQGAP1,CFL2,GCN1,ISCU,HMGCS1,HSPD1,SFPQ,STIP1,ITGB2,MBP,PTPRC,ANP32A,CKAP5,MYL6,ITGB3
TISSUES	BTO:0000058	Alimentary canal	24	2021	0.37	0.42	0.0038	9606.ENSP00000236959,9606.ENSP00000245907,9606.ENSP00000248594,9606.ENSP00000260665,9606.ENSP00000300060,9606.ENSP00000311469,9606.ENSP00000340019,9606.ENSP00000351646,9606.ENSP00000357055,9606.ENSP00000360141,9606.ENSP00000364114,9606.ENSP00000365402,9606.ENSP00000370635,9606.ENSP00000371152,9606.ENSP00000373477,9606.ENSP00000378786,9606.ENSP00000379975,9606.ENSP00000381340,9606.ENSP00000385035,9606.ENSP00000392147,9606.ENSP00000416561,9606.ENSP00000446955,9606.ENSP00000482841,9606.ENSP00000491537	ATIC,C3,PTPN12,LRPPRC,ANPEP,GSTM1,HSPD1,STIP1,PEA15,GNAS,HLA-DRB5,HLA-C,SLC39A14,ASAH1,GPX3,HLA-DRA,ILK,GGT5,C1S,PPP6C,CFB,MYL6,CRABP2,FDFT1
TISSUES	BTO:0000227	Central nervous system	48	5825	0.21	0.35	0.0042	9606.ENSP00000011473,9606.ENSP00000173229,9606.ENSP00000222573,9606.ENSP00000226218,9606.ENSP00000236959,9606.ENSP00000257860,9606.ENSP00000260665,9606.ENSP00000263578,9606.ENSP00000264613,9606.ENSP00000264637,9606.ENSP00000266022,9606.ENSP00000266254,9606.ENSP00000298159,9606.ENSP00000310623,9606.ENSP00000314649,9606.ENSP00000317780,9606.ENSP00000322706,9606.ENSP00000340019,9606.ENSP00000349577,9606.ENSP00000349748,9606.ENSP00000351646,9606.ENSP00000357055,9606.ENSP00000359497,9606.ENSP00000360141,9606.ENSP00000365402,9606.ENSP00000367851,9606.ENSP00000370635,9606.ENSP00000371152,9606.ENSP00000373477,9606.ENSP00000377195,9606.ENSP00000378131,9606.ENSP00000379845,9606.ENSP00000379975,9606.ENSP00000380958,9606.ENSP00000381340,9606.ENSP00000381581,9606.ENSP00000385035,9606.ENSP00000385451,9606.ENSP00000385757,9606.ENSP00000392147,9606.ENSP00000408526,9606.ENSP00000417864,9606.ENSP00000424846,9606.ENSP00000436126,9606.ENSP00000446955,9606.ENSP00000450540,9606.ENSP00000480132,9606.ENSP00000491537	SYPL1,NTN1,ITGB8,VTN,ATIC,PRPH,LRPPRC,FOXRED1,CP,THRA,RBM6,TTLL1,CFL2,ISCU,ALDH5A1,COX5A,HMGCS1,HSPD1,PRODH,SFPQ,STIP1,PEA15,GBP2,GNAS,HLA-C,CYBB,SLC39A14,ASAH1,GPX3,DBN1,CFI,ABAT,ILK,MBP,GGT5,LCP1,C1S,MDK,BLVRA,PPP6C,IMPA1,ANP32A,SH3BP2,SAA2,MYL6,SERPINA3,NCAM1,FDFT1
TISSUES	BTO:0000081	Reproductive system	51	6444	0.2	0.34	0.0058	9606.ENSP00000011473,9606.ENSP00000173229,9606.ENSP00000222573,9606.ENSP00000226218,9606.ENSP00000236959,9606.ENSP00000245907,9606.ENSP00000248594,9606.ENSP00000260665,9606.ENSP00000263578,9606.ENSP00000264637,9606.ENSP00000266022,9606.ENSP00000268182,9606.ENSP00000298159,9606.ENSP00000300648,9606.ENSP00000310036,9606.ENSP00000311469,9606.ENSP00000322706,9606.ENSP00000339157,9606.ENSP00000340019,9606.ENSP00000345107,9606.ENSP00000351646,9606.ENSP00000357055,9606.ENSP00000359497,9606.ENSP00000360141,9606.ENSP00000365402,9606.ENSP00000365462,9606.ENSP00000371152,9606.ENSP00000373477,9606.ENSP00000377195,9606.ENSP00000378786,9606.ENSP00000379038,9606.ENSP00000379212,9606.ENSP00000379975,9606.ENSP00000381340,9606.ENSP00000381581,9606.ENSP00000381601,9606.ENSP00000385035,9606.ENSP00000385451,9606.ENSP00000385757,9606.ENSP00000392147,9606.ENSP00000411355,9606.ENSP00000424846,9606.ENSP00000432768,9606.ENSP00000446955,9606.ENSP00000450540,9606.ENSP00000452786,9606.ENSP00000473980,9606.ENSP00000480132,9606.ENSP00000482841,9606.ENSP00000491537,9606.ENSP00000498358	SYPL1,NTN1,ITGB8,VTN,ATIC,C3,PTPN12,LRPPRC,FOXRED1,THRA,RBM6,IQGAP1,CFL2,GCN1,CD34,GSTM1,HMGCS1,CPM,HSPD1,C2orf88,STIP1,PEA15,GBP2,GNAS,HLA-C,PCCA,ASAH1,GPX3,DBN1,HLA-DRA,TYMP,PODN,ILK,GGT5,LCP1,MX1,C1S,MDK,BLVRA,PPP6C,PTPRC,SH3BP2,CKAP5,MYL6,SERPINA3,ITGB3,MRPL37,NCAM1,CRABP2,FDFT1,FECH
TISSUES	BTO:0001690	B-cell lymphoma cell	6	139	0.93	0.57	0.0058	9606.ENSP00000260665,9606.ENSP00000300648,9606.ENSP00000340019,9606.ENSP00000351646,9606.ENSP00000417864,9606.ENSP00000446955	LRPPRC,GCN1,HSPD1,STIP1,ANP32A,MYL6
TISSUES	BTO:0001485	Muscular system	17	1220	0.44	0.41	0.0079	9606.ENSP00000260665,9606.ENSP00000264637,9606.ENSP00000298159,9606.ENSP00000300648,9606.ENSP00000349748,9606.ENSP00000360141,9606.ENSP00000372155,9606.ENSP00000373477,9606.ENSP00000377195,9606.ENSP00000380948,9606.ENSP00000385757,9606.ENSP00000411355,9606.ENSP00000417864,9606.ENSP00000452786,9606.ENSP00000473980,9606.ENSP00000480132,9606.ENSP00000491537	LRPPRC,THRA,CFL2,GCN1,SFPQ,GNAS,PSME1,GPX3,DBN1,ITGB2,BLVRA,PTPRC,ANP32A,ITGB3,MRPL37,NCAM1,FDFT1
TISSUES	BTO:0000142	Brain	46	5733	0.2	0.31	0.0121	9606.ENSP00000011473,9606.ENSP00000173229,9606.ENSP00000222573,9606.ENSP00000226218,9606.ENSP00000236959,9606.ENSP00000257860,9606.ENSP00000260665,9606.ENSP00000263578,9606.ENSP00000264637,9606.ENSP00000266022,9606.ENSP00000266254,9606.ENSP00000298159,9606.ENSP00000310623,9606.ENSP00000314649,9606.ENSP00000317780,9606.ENSP00000322706,9606.ENSP00000340019,9606.ENSP00000349577,9606.ENSP00000349748,9606.ENSP00000351646,9606.ENSP00000357055,9606.ENSP00000360141,9606.ENSP00000365402,9606.ENSP00000367851,9606.ENSP00000370635,9606.ENSP00000371152,9606.ENSP00000373477,9606.ENSP00000377195,9606.ENSP00000378131,9606.ENSP00000379845,9606.ENSP00000379975,9606.ENSP00000380958,9606.ENSP00000381340,9606.ENSP00000381581,9606.ENSP00000385035,9606.ENSP00000385451,9606.ENSP00000385757,9606.ENSP00000392147,9606.ENSP00000408526,9606.ENSP00000417864,9606.ENSP00000424846,9606.ENSP00000436126,9606.ENSP00000446955,9606.ENSP00000450540,9606.ENSP00000480132,9606.ENSP00000491537	SYPL1,NTN1,ITGB8,VTN,ATIC,PRPH,LRPPRC,FOXRED1,THRA,RBM6,TTLL1,CFL2,ISCU,ALDH5A1,COX5A,HMGCS1,HSPD1,PRODH,SFPQ,STIP1,PEA15,GNAS,HLA-C,CYBB,SLC39A14,ASAH1,GPX3,DBN1,CFI,ABAT,ILK,MBP,GGT5,LCP1,C1S,MDK,BLVRA,PPP6C,IMPA1,ANP32A,SH3BP2,SAA2,MYL6,SERPINA3,NCAM1,FDFT1
TISSUES	BTO:0000083	Female reproductive system	48	6111	0.19	0.31	0.0129	9606.ENSP00000011473,9606.ENSP00000222573,9606.ENSP00000226218,9606.ENSP00000236959,9606.ENSP00000245907,9606.ENSP00000248594,9606.ENSP00000260665,9606.ENSP00000263578,9606.ENSP00000264637,9606.ENSP00000266022,9606.ENSP00000268182,9606.ENSP00000298159,9606.ENSP00000300648,9606.ENSP00000310036,9606.ENSP00000311469,9606.ENSP00000322706,9606.ENSP00000339157,9606.ENSP00000340019,9606.ENSP00000345107,9606.ENSP00000351646,9606.ENSP00000357055,9606.ENSP00000360141,9606.ENSP00000365402,9606.ENSP00000365462,9606.ENSP00000371152,9606.ENSP00000373477,9606.ENSP00000377195,9606.ENSP00000378786,9606.ENSP00000379038,9606.ENSP00000379212,9606.ENSP00000379975,9606.ENSP00000381340,9606.ENSP00000381581,9606.ENSP00000381601,9606.ENSP00000385035,9606.ENSP00000385451,9606.ENSP00000385757,9606.ENSP00000392147,9606.ENSP00000411355,9606.ENSP00000432768,9606.ENSP00000446955,9606.ENSP00000450540,9606.ENSP00000452786,9606.ENSP00000473980,9606.ENSP00000480132,9606.ENSP00000482841,9606.ENSP00000491537,9606.ENSP00000498358	SYPL1,ITGB8,VTN,ATIC,C3,PTPN12,LRPPRC,FOXRED1,THRA,RBM6,IQGAP1,CFL2,GCN1,CD34,GSTM1,HMGCS1,CPM,HSPD1,C2orf88,STIP1,PEA15,GNAS,HLA-C,PCCA,ASAH1,GPX3,DBN1,HLA-DRA,TYMP,PODN,ILK,GGT5,LCP1,MX1,C1S,MDK,BLVRA,PPP6C,PTPRC,CKAP5,MYL6,SERPINA3,ITGB3,MRPL37,NCAM1,CRABP2,FDFT1,FECH
TISSUES	BTO:0000671	Kidney	15	1039	0.46	0.39	0.0130	9606.ENSP00000264637,9606.ENSP00000264832,9606.ENSP00000330737,9606.ENSP00000340019,9606.ENSP00000348128,9606.ENSP00000349577,9606.ENSP00000359151,9606.ENSP00000360141,9606.ENSP00000363017,9606.ENSP00000365462,9606.ENSP00000373477,9606.ENSP00000380958,9606.ENSP00000385451,9606.ENSP00000417864,9606.ENSP00000480132	THRA,ICAM1,NDUFA12,HSPD1,SVIL,PRODH,DBT,GNAS,RPA2,PCCA,GPX3,MBP,MDK,ANP32A,NCAM1
TISSUES	BTO:0003099	Internal female genital organ	28	2804	0.3	0.34	0.0130	9606.ENSP00000236959,9606.ENSP00000245907,9606.ENSP00000260665,9606.ENSP00000268182,9606.ENSP00000298159,9606.ENSP00000300648,9606.ENSP00000310036,9606.ENSP00000322706,9606.ENSP00000339157,9606.ENSP00000340019,9606.ENSP00000360141,9606.ENSP00000365402,9606.ENSP00000365462,9606.ENSP00000373477,9606.ENSP00000378786,9606.ENSP00000379038,9606.ENSP00000379975,9606.ENSP00000381581,9606.ENSP00000381601,9606.ENSP00000385035,9606.ENSP00000385451,9606.ENSP00000411355,9606.ENSP00000432768,9606.ENSP00000446955,9606.ENSP00000452786,9606.ENSP00000480132,9606.ENSP00000482841,9606.ENSP00000491537	ATIC,C3,LRPPRC,IQGAP1,CFL2,GCN1,CD34,HMGCS1,CPM,HSPD1,GNAS,HLA-C,PCCA,GPX3,HLA-DRA,TYMP,ILK,LCP1,MX1,C1S,MDK,PTPRC,CKAP5,MYL6,ITGB3,NCAM1,CRABP2,FDFT1
TISSUES	BTO:0002312	Mature cell	2	3	2.12	0.56	0.0135	9606.ENSP00000310036,9606.ENSP00000411355	CD34,PTPRC
TISSUES	BTO:0000088	Cardiovascular system	15	1057	0.45	0.38	0.0148	9606.ENSP00000245907,9606.ENSP00000260665,9606.ENSP00000264828,9606.ENSP00000264832,9606.ENSP00000310036,9606.ENSP00000310623,9606.ENSP00000311469,9606.ENSP00000317780,9606.ENSP00000340019,9606.ENSP00000350314,9606.ENSP00000357055,9606.ENSP00000373477,9606.ENSP00000376184,9606.ENSP00000478303,9606.ENSP00000491537	C3,LRPPRC,COL5A3,ICAM1,CD34,ISCU,GSTM1,COX5A,HSPD1,BCO2,PEA15,GPX3,BDH1,POLR2E,FDFT1
TISSUES	BTO:0000449	Fetus	17	1318	0.41	0.36	0.0164	9606.ENSP00000236959,9606.ENSP00000260665,9606.ENSP00000268182,9606.ENSP00000298159,9606.ENSP00000310036,9606.ENSP00000322706,9606.ENSP00000339157,9606.ENSP00000360141,9606.ENSP00000365402,9606.ENSP00000373477,9606.ENSP00000379038,9606.ENSP00000379975,9606.ENSP00000381581,9606.ENSP00000411355,9606.ENSP00000446955,9606.ENSP00000452786,9606.ENSP00000482841	ATIC,LRPPRC,IQGAP1,CFL2,CD34,HMGCS1,CPM,GNAS,HLA-C,GPX3,TYMP,ILK,LCP1,PTPRC,MYL6,ITGB3,CRABP2
TISSUES	BTO:0000667	Keratinocyte	5	113	0.94	0.47	0.0164	9606.ENSP00000236959,9606.ENSP00000351646,9606.ENSP00000359497,9606.ENSP00000372155,9606.ENSP00000452786	ATIC,STIP1,GBP2,PSME1,ITGB3
TISSUES	BTO:0000887	Muscle	15	1070	0.45	0.37	0.0164	9606.ENSP00000260665,9606.ENSP00000264637,9606.ENSP00000298159,9606.ENSP00000300648,9606.ENSP00000349748,9606.ENSP00000360141,9606.ENSP00000372155,9606.ENSP00000373477,9606.ENSP00000377195,9606.ENSP00000380948,9606.ENSP00000385757,9606.ENSP00000452786,9606.ENSP00000473980,9606.ENSP00000480132,9606.ENSP00000491537	LRPPRC,THRA,CFL2,GCN1,SFPQ,GNAS,PSME1,GPX3,DBN1,ITGB2,BLVRA,ITGB3,MRPL37,NCAM1,FDFT1
TISSUES	BTO:0000187	Myeloblast	2	4	2.0	0.52	0.0181	9606.ENSP00000300060,9606.ENSP00000310036	ANPEP,CD34
TISSUES	BTO:0000648	Intestine	17	1349	0.4	0.35	0.0198	9606.ENSP00000245907,9606.ENSP00000248594,9606.ENSP00000300060,9606.ENSP00000311469,9606.ENSP00000340019,9606.ENSP00000360141,9606.ENSP00000365402,9606.ENSP00000370635,9606.ENSP00000373477,9606.ENSP00000378786,9606.ENSP00000379975,9606.ENSP00000381340,9606.ENSP00000385035,9606.ENSP00000392147,9606.ENSP00000416561,9606.ENSP00000446955,9606.ENSP00000482841	C3,PTPN12,ANPEP,GSTM1,HSPD1,GNAS,HLA-C,SLC39A14,GPX3,HLA-DRA,ILK,GGT5,C1S,PPP6C,CFB,MYL6,CRABP2
TISSUES	BTO:0000255	Brain cell line	6	188	0.8	0.43	0.0201	9606.ENSP00000340019,9606.ENSP00000349748,9606.ENSP00000351646,9606.ENSP00000357055,9606.ENSP00000377195,9606.ENSP00000482841	HSPD1,SFPQ,STIP1,PEA15,DBN1,CRABP2
TISSUES	BTO:0003952	Mesenchymal stromal cell	2	5	1.9	0.48	0.0234	9606.ENSP00000310036,9606.ENSP00000411355	CD34,PTPRC
TISSUES	BTO:0000829	Marrow	2	6	1.82	0.45	0.0305	9606.ENSP00000310036,9606.ENSP00000411355	CD34,PTPRC
TISSUES	BTO:0003080	Pleural fluid	2	6	1.82	0.45	0.0305	9606.ENSP00000310036,9606.ENSP00000480132	CD34,NCAM1
TISSUES	BTO:0003494	Peripheral blood cell	2	7	1.75	0.42	0.0371	9606.ENSP00000310036,9606.ENSP00000411355	CD34,PTPRC
COMPARTMENTS	GOCC:0005576	Extracellular region	37	2079	0.55	0.94	5.44e-09	9606.ENSP00000173229,9606.ENSP00000222573,9606.ENSP00000226218,9606.ENSP00000245907,9606.ENSP00000249330,9606.ENSP00000264613,9606.ENSP00000264828,9606.ENSP00000264832,9606.ENSP00000266041,9606.ENSP00000298159,9606.ENSP00000300060,9606.ENSP00000310036,9606.ENSP00000311469,9606.ENSP00000327323,9606.ENSP00000339157,9606.ENSP00000340019,9606.ENSP00000349577,9606.ENSP00000352071,9606.ENSP00000363868,9606.ENSP00000364114,9606.ENSP00000365402,9606.ENSP00000371152,9606.ENSP00000373477,9606.ENSP00000378131,9606.ENSP00000378786,9606.ENSP00000379212,9606.ENSP00000380948,9606.ENSP00000385035,9606.ENSP00000385451,9606.ENSP00000407685,9606.ENSP00000411355,9606.ENSP00000416561,9606.ENSP00000436126,9606.ENSP00000450540,9606.ENSP00000452786,9606.ENSP00000480132,9606.ENSP00000497382	NTN1,ITGB8,VTN,C3,VGF,CP,COL5A3,ICAM1,ITIH4,CFL2,ANPEP,CD34,GSTM1,THNSL2,CPM,HSPD1,PRODH,CD163,ABCA1,HLA-DRB5,HLA-C,ASAH1,GPX3,CFI,HLA-DRA,PODN,ITGB2,C1S,MDK,TNXB,PTPRC,CFB,SAA2,SERPINA3,ITGB3,NCAM1,CD53
COMPARTMENTS	GOCC:0005737	Cytoplasm	73	8195	0.25	0.55	1.00e-07	9606.ENSP00000046794,9606.ENSP00000173229,9606.ENSP00000236959,9606.ENSP00000245907,9606.ENSP00000248594,9606.ENSP00000249330,9606.ENSP00000260665,9606.ENSP00000263578,9606.ENSP00000264613,9606.ENSP00000264637,9606.ENSP00000264828,9606.ENSP00000266041,9606.ENSP00000268182,9606.ENSP00000296220,9606.ENSP00000298159,9606.ENSP00000300060,9606.ENSP00000300648,9606.ENSP00000310036,9606.ENSP00000310623,9606.ENSP00000311469,9606.ENSP00000314649,9606.ENSP00000317780,9606.ENSP00000322706,9606.ENSP00000330737,9606.ENSP00000340019,9606.ENSP00000348128,9606.ENSP00000349577,9606.ENSP00000350314,9606.ENSP00000351646,9606.ENSP00000352071,9606.ENSP00000357055,9606.ENSP00000359151,9606.ENSP00000359258,9606.ENSP00000359497,9606.ENSP00000360141,9606.ENSP00000363868,9606.ENSP00000364114,9606.ENSP00000365402,9606.ENSP00000365462,9606.ENSP00000367851,9606.ENSP00000369739,9606.ENSP00000370635,9606.ENSP00000371152,9606.ENSP00000372155,9606.ENSP00000373477,9606.ENSP00000376184,9606.ENSP00000377195,9606.ENSP00000377486,9606.ENSP00000378786,9606.ENSP00000379212,9606.ENSP00000379845,9606.ENSP00000379975,9606.ENSP00000380948,9606.ENSP00000380958,9606.ENSP00000381581,9606.ENSP00000381601,9606.ENSP00000385757,9606.ENSP00000392147,9606.ENSP00000408526,9606.ENSP00000410242,9606.ENSP00000411355,9606.ENSP00000417864,9606.ENSP00000420588,9606.ENSP00000432768,9606.ENSP00000446955,9606.ENSP00000450540,9606.ENSP00000452786,9606.ENSP00000473980,9606.ENSP00000480132,9606.ENSP00000482841,9606.ENSP00000491537,9606.ENSP00000497382,9606.ENSP00000498358	LCP2,NTN1,ATIC,C3,PTPN12,VGF,LRPPRC,FOXRED1,CP,THRA,COL5A3,ITIH4,IQGAP1,OSBPL11,CFL2,ANPEP,GCN1,CD34,ISCU,GSTM1,ALDH5A1,COX5A,HMGCS1,NDUFA12,HSPD1,SVIL,PRODH,BCO2,STIP1,CD163,PEA15,DBT,GCLM,GBP2,GNAS,ABCA1,HLA-DRB5,HLA-C,PCCA,CYBB,BPHL,SLC39A14,ASAH1,PSME1,GPX3,BDH1,DBN1,MRPL19,HLA-DRA,PODN,ABAT,ILK,ITGB2,MBP,LCP1,MX1,BLVRA,PPP6C,IMPA1,IGF2BP2,PTPRC,ANP32A,TFAM,CKAP5,MYL6,SERPINA3,ITGB3,MRPL37,NCAM1,CRABP2,FDFT1,CD53,FECH
COMPARTMENTS	GOCC:1903561	Extracellular vesicle	18	500	0.86	1.24	1.00e-07	9606.ENSP00000222573,9606.ENSP00000226218,9606.ENSP00000245907,9606.ENSP00000264613,9606.ENSP00000264832,9606.ENSP00000266041,9606.ENSP00000298159,9606.ENSP00000300060,9606.ENSP00000340019,9606.ENSP00000365402,9606.ENSP00000371152,9606.ENSP00000373477,9606.ENSP00000380948,9606.ENSP00000411355,9606.ENSP00000436126,9606.ENSP00000450540,9606.ENSP00000452786,9606.ENSP00000497382	ITGB8,VTN,C3,CP,ICAM1,ITIH4,CFL2,ANPEP,HSPD1,HLA-C,ASAH1,GPX3,ITGB2,PTPRC,SAA2,SERPINA3,ITGB3,CD53
COMPARTMENTS	GOCC:0065010	Extracellular membrane-bounded organelle	17	473	0.85	1.23	1.46e-07	9606.ENSP00000226218,9606.ENSP00000245907,9606.ENSP00000264613,9606.ENSP00000264832,9606.ENSP00000266041,9606.ENSP00000298159,9606.ENSP00000300060,9606.ENSP00000340019,9606.ENSP00000365402,9606.ENSP00000371152,9606.ENSP00000373477,9606.ENSP00000380948,9606.ENSP00000411355,9606.ENSP00000436126,9606.ENSP00000450540,9606.ENSP00000452786,9606.ENSP00000497382	VTN,C3,CP,ICAM1,ITIH4,CFL2,ANPEP,HSPD1,HLA-C,ASAH1,GPX3,ITGB2,PTPRC,SAA2,SERPINA3,ITGB3,CD53
COMPARTMENTS	GOCC:0070062	Extracellular exosome	16	428	0.87	1.22	2.47e-07	9606.ENSP00000222573,9606.ENSP00000226218,9606.ENSP00000245907,9606.ENSP00000264613,9606.ENSP00000264832,9606.ENSP00000266041,9606.ENSP00000298159,9606.ENSP00000300060,9606.ENSP00000340019,9606.ENSP00000365402,9606.ENSP00000371152,9606.ENSP00000373477,9606.ENSP00000380948,9606.ENSP00000411355,9606.ENSP00000452786,9606.ENSP00000497382	ITGB8,VTN,C3,CP,ICAM1,ITIH4,CFL2,ANPEP,HSPD1,HLA-C,ASAH1,GPX3,ITGB2,PTPRC,ITGB3,CD53
COMPARTMENTS	GOCC:0005615	Extracellular space	23	1027	0.65	0.95	4.81e-07	9606.ENSP00000222573,9606.ENSP00000226218,9606.ENSP00000245907,9606.ENSP00000249330,9606.ENSP00000264613,9606.ENSP00000264832,9606.ENSP00000266041,9606.ENSP00000298159,9606.ENSP00000300060,9606.ENSP00000340019,9606.ENSP00000363868,9606.ENSP00000365402,9606.ENSP00000371152,9606.ENSP00000373477,9606.ENSP00000379212,9606.ENSP00000380948,9606.ENSP00000385035,9606.ENSP00000411355,9606.ENSP00000416561,9606.ENSP00000436126,9606.ENSP00000450540,9606.ENSP00000452786,9606.ENSP00000497382	ITGB8,VTN,C3,VGF,CP,ICAM1,ITIH4,CFL2,ANPEP,HSPD1,ABCA1,HLA-C,ASAH1,GPX3,PODN,ITGB2,C1S,PTPRC,CFB,SAA2,SERPINA3,ITGB3,CD53
COMPARTMENTS	GOCC:0110165	Cellular anatomical entity	93	14060	0.12	0.41	5.35e-06	9606.ENSP00000011473,9606.ENSP00000046794,9606.ENSP00000173229,9606.ENSP00000222573,9606.ENSP00000226218,9606.ENSP00000236959,9606.ENSP00000245907,9606.ENSP00000248594,9606.ENSP00000249330,9606.ENSP00000257860,9606.ENSP00000260665,9606.ENSP00000263578,9606.ENSP00000264613,9606.ENSP00000264637,9606.ENSP00000264828,9606.ENSP00000264832,9606.ENSP00000266022,9606.ENSP00000266041,9606.ENSP00000268182,9606.ENSP00000296220,9606.ENSP00000298159,9606.ENSP00000300060,9606.ENSP00000300648,9606.ENSP00000310036,9606.ENSP00000310623,9606.ENSP00000311469,9606.ENSP00000314649,9606.ENSP00000317780,9606.ENSP00000322706,9606.ENSP00000327323,9606.ENSP00000330737,9606.ENSP00000339157,9606.ENSP00000340019,9606.ENSP00000348128,9606.ENSP00000349577,9606.ENSP00000349748,9606.ENSP00000350314,9606.ENSP00000351646,9606.ENSP00000352071,9606.ENSP00000357055,9606.ENSP00000359151,9606.ENSP00000359258,9606.ENSP00000359497,9606.ENSP00000360141,9606.ENSP00000363017,9606.ENSP00000363868,9606.ENSP00000364114,9606.ENSP00000365402,9606.ENSP00000365462,9606.ENSP00000367851,9606.ENSP00000369739,9606.ENSP00000370635,9606.ENSP00000371152,9606.ENSP00000372155,9606.ENSP00000373477,9606.ENSP00000376184,9606.ENSP00000377195,9606.ENSP00000377486,9606.ENSP00000378131,9606.ENSP00000378786,9606.ENSP00000379212,9606.ENSP00000379372,9606.ENSP00000379845,9606.ENSP00000379975,9606.ENSP00000380948,9606.ENSP00000380958,9606.ENSP00000381340,9606.ENSP00000381581,9606.ENSP00000381601,9606.ENSP00000385035,9606.ENSP00000385451,9606.ENSP00000385757,9606.ENSP00000389631,9606.ENSP00000392147,9606.ENSP00000407685,9606.ENSP00000408526,9606.ENSP00000410242,9606.ENSP00000411355,9606.ENSP00000416561,9606.ENSP00000417864,9606.ENSP00000420588,9606.ENSP00000432768,9606.ENSP00000436126,9606.ENSP00000446955,9606.ENSP00000450540,9606.ENSP00000452786,9606.ENSP00000473980,9606.ENSP00000478303,9606.ENSP00000480132,9606.ENSP00000482841,9606.ENSP00000491537,9606.ENSP00000497382,9606.ENSP00000498358	SYPL1,LCP2,NTN1,ITGB8,VTN,ATIC,C3,PTPN12,VGF,PRPH,LRPPRC,FOXRED1,CP,THRA,COL5A3,ICAM1,RBM6,ITIH4,IQGAP1,OSBPL11,CFL2,ANPEP,GCN1,CD34,ISCU,GSTM1,ALDH5A1,COX5A,HMGCS1,THNSL2,NDUFA12,CPM,HSPD1,SVIL,PRODH,SFPQ,BCO2,STIP1,CD163,PEA15,DBT,GCLM,GBP2,GNAS,RPA2,ABCA1,HLA-DRB5,HLA-C,PCCA,CYBB,BPHL,SLC39A14,ASAH1,PSME1,GPX3,BDH1,DBN1,MRPL19,CFI,HLA-DRA,PODN,GTF2A2,ABAT,ILK,ITGB2,MBP,GGT5,LCP1,MX1,C1S,MDK,BLVRA,ARPC1B,PPP6C,TNXB,IMPA1,IGF2BP2,PTPRC,CFB,ANP32A,TFAM,CKAP5,SAA2,MYL6,SERPINA3,ITGB3,MRPL37,POLR2E,NCAM1,CRABP2,FDFT1,CD53,FECH
COMPARTMENTS	GOCC:0098552	Side of membrane	11	264	0.92	0.97	3.33e-05	9606.ENSP00000268182,9606.ENSP00000310036,9606.ENSP00000352071,9606.ENSP00000360141,9606.ENSP00000364114,9606.ENSP00000365402,9606.ENSP00000376184,9606.ENSP00000378786,9606.ENSP00000380948,9606.ENSP00000411355,9606.ENSP00000480132	IQGAP1,CD34,CD163,GNAS,HLA-DRB5,HLA-C,BDH1,HLA-DRA,ITGB2,PTPRC,NCAM1
COMPARTMENTS	GOCC:0005622	Intracellular	81	11512	0.15	0.39	0.00013	9606.ENSP00000046794,9606.ENSP00000173229,9606.ENSP00000236959,9606.ENSP00000245907,9606.ENSP00000248594,9606.ENSP00000249330,9606.ENSP00000257860,9606.ENSP00000260665,9606.ENSP00000263578,9606.ENSP00000264613,9606.ENSP00000264637,9606.ENSP00000264828,9606.ENSP00000266022,9606.ENSP00000266041,9606.ENSP00000268182,9606.ENSP00000296220,9606.ENSP00000298159,9606.ENSP00000300060,9606.ENSP00000300648,9606.ENSP00000310036,9606.ENSP00000310623,9606.ENSP00000311469,9606.ENSP00000314649,9606.ENSP00000317780,9606.ENSP00000322706,9606.ENSP00000330737,9606.ENSP00000340019,9606.ENSP00000348128,9606.ENSP00000349577,9606.ENSP00000349748,9606.ENSP00000350314,9606.ENSP00000351646,9606.ENSP00000352071,9606.ENSP00000357055,9606.ENSP00000359151,9606.ENSP00000359258,9606.ENSP00000359497,9606.ENSP00000360141,9606.ENSP00000363017,9606.ENSP00000363868,9606.ENSP00000364114,9606.ENSP00000365402,9606.ENSP00000365462,9606.ENSP00000367851,9606.ENSP00000369739,9606.ENSP00000370635,9606.ENSP00000371152,9606.ENSP00000372155,9606.ENSP00000373477,9606.ENSP00000376184,9606.ENSP00000377195,9606.ENSP00000377486,9606.ENSP00000378786,9606.ENSP00000379038,9606.ENSP00000379212,9606.ENSP00000379372,9606.ENSP00000379845,9606.ENSP00000379975,9606.ENSP00000380948,9606.ENSP00000380958,9606.ENSP00000381581,9606.ENSP00000381601,9606.ENSP00000385757,9606.ENSP00000389631,9606.ENSP00000392147,9606.ENSP00000408526,9606.ENSP00000410242,9606.ENSP00000411355,9606.ENSP00000417864,9606.ENSP00000420588,9606.ENSP00000432768,9606.ENSP00000446955,9606.ENSP00000450540,9606.ENSP00000452786,9606.ENSP00000473980,9606.ENSP00000478303,9606.ENSP00000480132,9606.ENSP00000482841,9606.ENSP00000491537,9606.ENSP00000497382,9606.ENSP00000498358	LCP2,NTN1,ATIC,C3,PTPN12,VGF,PRPH,LRPPRC,FOXRED1,CP,THRA,COL5A3,RBM6,ITIH4,IQGAP1,OSBPL11,CFL2,ANPEP,GCN1,CD34,ISCU,GSTM1,ALDH5A1,COX5A,HMGCS1,NDUFA12,HSPD1,SVIL,PRODH,SFPQ,BCO2,STIP1,CD163,PEA15,DBT,GCLM,GBP2,GNAS,RPA2,ABCA1,HLA-DRB5,HLA-C,PCCA,CYBB,BPHL,SLC39A14,ASAH1,PSME1,GPX3,BDH1,DBN1,MRPL19,HLA-DRA,TYMP,PODN,GTF2A2,ABAT,ILK,ITGB2,MBP,LCP1,MX1,BLVRA,ARPC1B,PPP6C,IMPA1,IGF2BP2,PTPRC,ANP32A,TFAM,CKAP5,MYL6,SERPINA3,ITGB3,MRPL37,POLR2E,NCAM1,CRABP2,FDFT1,CD53,FECH
COMPARTMENTS	GOCC:0005759	Mitochondrial matrix	12	379	0.8	0.81	0.00013	9606.ENSP00000260665,9606.ENSP00000314649,9606.ENSP00000340019,9606.ENSP00000349577,9606.ENSP00000359151,9606.ENSP00000365462,9606.ENSP00000376184,9606.ENSP00000377486,9606.ENSP00000379845,9606.ENSP00000420588,9606.ENSP00000473980,9606.ENSP00000498358	LRPPRC,ALDH5A1,HSPD1,PRODH,DBT,PCCA,BDH1,MRPL19,ABAT,TFAM,MRPL37,FECH
COMPARTMENTS	GOCC:0043226	Organelle	75	10113	0.17	0.41	0.00013	9606.ENSP00000173229,9606.ENSP00000222573,9606.ENSP00000226218,9606.ENSP00000245907,9606.ENSP00000248594,9606.ENSP00000249330,9606.ENSP00000257860,9606.ENSP00000260665,9606.ENSP00000263578,9606.ENSP00000264613,9606.ENSP00000264637,9606.ENSP00000264828,9606.ENSP00000264832,9606.ENSP00000266022,9606.ENSP00000266041,9606.ENSP00000268182,9606.ENSP00000296220,9606.ENSP00000298159,9606.ENSP00000300060,9606.ENSP00000300648,9606.ENSP00000310036,9606.ENSP00000310623,9606.ENSP00000314649,9606.ENSP00000317780,9606.ENSP00000330737,9606.ENSP00000340019,9606.ENSP00000348128,9606.ENSP00000349577,9606.ENSP00000349748,9606.ENSP00000350314,9606.ENSP00000351646,9606.ENSP00000352071,9606.ENSP00000357055,9606.ENSP00000359151,9606.ENSP00000359497,9606.ENSP00000360141,9606.ENSP00000363017,9606.ENSP00000363868,9606.ENSP00000364114,9606.ENSP00000365402,9606.ENSP00000365462,9606.ENSP00000367851,9606.ENSP00000369739,9606.ENSP00000370635,9606.ENSP00000371152,9606.ENSP00000372155,9606.ENSP00000373477,9606.ENSP00000376184,9606.ENSP00000377195,9606.ENSP00000377486,9606.ENSP00000378786,9606.ENSP00000379372,9606.ENSP00000379845,9606.ENSP00000379975,9606.ENSP00000380948,9606.ENSP00000380958,9606.ENSP00000381581,9606.ENSP00000381601,9606.ENSP00000389631,9606.ENSP00000410242,9606.ENSP00000411355,9606.ENSP00000417864,9606.ENSP00000420588,9606.ENSP00000432768,9606.ENSP00000436126,9606.ENSP00000446955,9606.ENSP00000450540,9606.ENSP00000452786,9606.ENSP00000473980,9606.ENSP00000478303,9606.ENSP00000480132,9606.ENSP00000482841,9606.ENSP00000491537,9606.ENSP00000497382,9606.ENSP00000498358	NTN1,ITGB8,VTN,C3,PTPN12,VGF,PRPH,LRPPRC,FOXRED1,CP,THRA,COL5A3,ICAM1,RBM6,ITIH4,IQGAP1,OSBPL11,CFL2,ANPEP,GCN1,CD34,ISCU,ALDH5A1,COX5A,NDUFA12,HSPD1,SVIL,PRODH,SFPQ,BCO2,STIP1,CD163,PEA15,DBT,GBP2,GNAS,RPA2,ABCA1,HLA-DRB5,HLA-C,PCCA,CYBB,BPHL,SLC39A14,ASAH1,PSME1,GPX3,BDH1,DBN1,MRPL19,HLA-DRA,GTF2A2,ABAT,ILK,ITGB2,MBP,LCP1,MX1,ARPC1B,IGF2BP2,PTPRC,ANP32A,TFAM,CKAP5,SAA2,MYL6,SERPINA3,ITGB3,MRPL37,POLR2E,NCAM1,CRABP2,FDFT1,CD53,FECH
COMPARTMENTS	GOCC:0009986	Cell surface	12	438	0.74	0.7	0.00045	9606.ENSP00000222573,9606.ENSP00000264832,9606.ENSP00000310036,9606.ENSP00000339157,9606.ENSP00000340019,9606.ENSP00000352071,9606.ENSP00000365402,9606.ENSP00000378786,9606.ENSP00000380948,9606.ENSP00000411355,9606.ENSP00000452786,9606.ENSP00000480132	ITGB8,ICAM1,CD34,CPM,HSPD1,CD163,HLA-C,HLA-DRA,ITGB2,PTPRC,ITGB3,NCAM1
COMPARTMENTS	GOCC:0072562	Blood microparticle	7	118	1.07	0.83	0.00051	9606.ENSP00000226218,9606.ENSP00000245907,9606.ENSP00000264613,9606.ENSP00000266041,9606.ENSP00000385035,9606.ENSP00000416561,9606.ENSP00000450540	VTN,C3,CP,ITIH4,C1S,CFB,SERPINA3
COMPARTMENTS	GOCC:0098636	Protein complex involved in cell adhesion	6	85	1.15	0.79	0.00097	9606.ENSP00000222573,9606.ENSP00000226218,9606.ENSP00000264832,9606.ENSP00000380948,9606.ENSP00000407685,9606.ENSP00000452786	ITGB8,VTN,ICAM1,ITGB2,TNXB,ITGB3
COMPARTMENTS	GOCC:0008305	Integrin complex	5	50	1.3	0.8	0.0012	9606.ENSP00000222573,9606.ENSP00000226218,9606.ENSP00000264832,9606.ENSP00000380948,9606.ENSP00000452786	ITGB8,VTN,ICAM1,ITGB2,ITGB3
COMPARTMENTS	GOCC:0043229	Intracellular organelle	70	9609	0.16	0.36	0.0012	9606.ENSP00000173229,9606.ENSP00000245907,9606.ENSP00000248594,9606.ENSP00000249330,9606.ENSP00000257860,9606.ENSP00000260665,9606.ENSP00000263578,9606.ENSP00000264613,9606.ENSP00000264637,9606.ENSP00000264828,9606.ENSP00000266022,9606.ENSP00000266041,9606.ENSP00000268182,9606.ENSP00000296220,9606.ENSP00000298159,9606.ENSP00000300060,9606.ENSP00000300648,9606.ENSP00000310036,9606.ENSP00000310623,9606.ENSP00000314649,9606.ENSP00000317780,9606.ENSP00000330737,9606.ENSP00000340019,9606.ENSP00000348128,9606.ENSP00000349577,9606.ENSP00000349748,9606.ENSP00000350314,9606.ENSP00000351646,9606.ENSP00000352071,9606.ENSP00000357055,9606.ENSP00000359151,9606.ENSP00000359497,9606.ENSP00000360141,9606.ENSP00000363017,9606.ENSP00000363868,9606.ENSP00000364114,9606.ENSP00000365402,9606.ENSP00000365462,9606.ENSP00000367851,9606.ENSP00000369739,9606.ENSP00000370635,9606.ENSP00000371152,9606.ENSP00000373477,9606.ENSP00000376184,9606.ENSP00000377195,9606.ENSP00000377486,9606.ENSP00000378786,9606.ENSP00000379372,9606.ENSP00000379845,9606.ENSP00000379975,9606.ENSP00000380948,9606.ENSP00000380958,9606.ENSP00000381581,9606.ENSP00000381601,9606.ENSP00000389631,9606.ENSP00000410242,9606.ENSP00000411355,9606.ENSP00000417864,9606.ENSP00000420588,9606.ENSP00000432768,9606.ENSP00000446955,9606.ENSP00000450540,9606.ENSP00000452786,9606.ENSP00000473980,9606.ENSP00000478303,9606.ENSP00000480132,9606.ENSP00000482841,9606.ENSP00000491537,9606.ENSP00000497382,9606.ENSP00000498358	NTN1,C3,PTPN12,VGF,PRPH,LRPPRC,FOXRED1,CP,THRA,COL5A3,RBM6,ITIH4,IQGAP1,OSBPL11,CFL2,ANPEP,GCN1,CD34,ISCU,ALDH5A1,COX5A,NDUFA12,HSPD1,SVIL,PRODH,SFPQ,BCO2,STIP1,CD163,PEA15,DBT,GBP2,GNAS,RPA2,ABCA1,HLA-DRB5,HLA-C,PCCA,CYBB,BPHL,SLC39A14,ASAH1,GPX3,BDH1,DBN1,MRPL19,HLA-DRA,GTF2A2,ABAT,ILK,ITGB2,MBP,LCP1,MX1,ARPC1B,IGF2BP2,PTPRC,ANP32A,TFAM,CKAP5,MYL6,SERPINA3,ITGB3,MRPL37,POLR2E,NCAM1,CRABP2,FDFT1,CD53,FECH
COMPARTMENTS	GOCC:0005739	Mitochondrion	18	1182	0.48	0.47	0.0032	9606.ENSP00000260665,9606.ENSP00000263578,9606.ENSP00000310623,9606.ENSP00000314649,9606.ENSP00000317780,9606.ENSP00000330737,9606.ENSP00000340019,9606.ENSP00000349577,9606.ENSP00000350314,9606.ENSP00000359151,9606.ENSP00000365462,9606.ENSP00000369739,9606.ENSP00000376184,9606.ENSP00000377486,9606.ENSP00000379845,9606.ENSP00000420588,9606.ENSP00000473980,9606.ENSP00000498358	LRPPRC,FOXRED1,ISCU,ALDH5A1,COX5A,NDUFA12,HSPD1,PRODH,BCO2,DBT,PCCA,BPHL,BDH1,MRPL19,ABAT,TFAM,MRPL37,FECH
COMPARTMENTS	GOCC:0031226	Intrinsic component of plasma membrane	15	851	0.54	0.5	0.0032	9606.ENSP00000222573,9606.ENSP00000226218,9606.ENSP00000245907,9606.ENSP00000264832,9606.ENSP00000310036,9606.ENSP00000352071,9606.ENSP00000363868,9606.ENSP00000365402,9606.ENSP00000367851,9606.ENSP00000370635,9606.ENSP00000378786,9606.ENSP00000380948,9606.ENSP00000381340,9606.ENSP00000411355,9606.ENSP00000452786	ITGB8,VTN,C3,ICAM1,CD34,CD163,ABCA1,HLA-C,CYBB,SLC39A14,HLA-DRA,ITGB2,GGT5,PTPRC,ITGB3
COMPARTMENTS	GOCC:0032991	Protein-containing complex	46	5325	0.24	0.37	0.0032	9606.ENSP00000046794,9606.ENSP00000222573,9606.ENSP00000226218,9606.ENSP00000245907,9606.ENSP00000263578,9606.ENSP00000264828,9606.ENSP00000264832,9606.ENSP00000298159,9606.ENSP00000300648,9606.ENSP00000310036,9606.ENSP00000310623,9606.ENSP00000314649,9606.ENSP00000317780,9606.ENSP00000330737,9606.ENSP00000340019,9606.ENSP00000351646,9606.ENSP00000352071,9606.ENSP00000357055,9606.ENSP00000359151,9606.ENSP00000359258,9606.ENSP00000360141,9606.ENSP00000363017,9606.ENSP00000363868,9606.ENSP00000364114,9606.ENSP00000365402,9606.ENSP00000367851,9606.ENSP00000372155,9606.ENSP00000373477,9606.ENSP00000377486,9606.ENSP00000378786,9606.ENSP00000379372,9606.ENSP00000379845,9606.ENSP00000380948,9606.ENSP00000380958,9606.ENSP00000385035,9606.ENSP00000389631,9606.ENSP00000407685,9606.ENSP00000411355,9606.ENSP00000416561,9606.ENSP00000420588,9606.ENSP00000432768,9606.ENSP00000436126,9606.ENSP00000446955,9606.ENSP00000452786,9606.ENSP00000473980,9606.ENSP00000478303	LCP2,ITGB8,VTN,C3,FOXRED1,COL5A3,ICAM1,CFL2,GCN1,CD34,ISCU,ALDH5A1,COX5A,NDUFA12,HSPD1,STIP1,CD163,PEA15,DBT,GCLM,GNAS,RPA2,ABCA1,HLA-DRB5,HLA-C,CYBB,PSME1,GPX3,MRPL19,HLA-DRA,GTF2A2,ABAT,ITGB2,MBP,C1S,ARPC1B,TNXB,PTPRC,CFB,TFAM,CKAP5,SAA2,MYL6,ITGB3,MRPL37,POLR2E
COMPARTMENTS	GOCC:0098576	Lumenal side of membrane	4	31	1.41	0.7	0.0032	9606.ENSP00000364114,9606.ENSP00000365402,9606.ENSP00000376184,9606.ENSP00000378786	HLA-DRB5,HLA-C,BDH1,HLA-DRA
COMPARTMENTS	GOCC:0031982	Vesicle	25	2125	0.37	0.41	0.0043	9606.ENSP00000222573,9606.ENSP00000226218,9606.ENSP00000245907,9606.ENSP00000249330,9606.ENSP00000264613,9606.ENSP00000264832,9606.ENSP00000266041,9606.ENSP00000298159,9606.ENSP00000300060,9606.ENSP00000340019,9606.ENSP00000352071,9606.ENSP00000363868,9606.ENSP00000364114,9606.ENSP00000365402,9606.ENSP00000367851,9606.ENSP00000370635,9606.ENSP00000371152,9606.ENSP00000373477,9606.ENSP00000378786,9606.ENSP00000380948,9606.ENSP00000411355,9606.ENSP00000436126,9606.ENSP00000450540,9606.ENSP00000452786,9606.ENSP00000497382	ITGB8,VTN,C3,VGF,CP,ICAM1,ITIH4,CFL2,ANPEP,HSPD1,CD163,ABCA1,HLA-DRB5,HLA-C,CYBB,SLC39A14,ASAH1,GPX3,HLA-DRA,ITGB2,PTPRC,SAA2,SERPINA3,ITGB3,CD53
COMPARTMENTS	GOCC:0005887	Integral component of plasma membrane	14	792	0.55	0.48	0.0045	9606.ENSP00000222573,9606.ENSP00000226218,9606.ENSP00000245907,9606.ENSP00000264832,9606.ENSP00000310036,9606.ENSP00000352071,9606.ENSP00000363868,9606.ENSP00000365402,9606.ENSP00000367851,9606.ENSP00000370635,9606.ENSP00000378786,9606.ENSP00000380948,9606.ENSP00000411355,9606.ENSP00000452786	ITGB8,VTN,C3,ICAM1,CD34,CD163,ABCA1,HLA-C,CYBB,SLC39A14,HLA-DRA,ITGB2,PTPRC,ITGB3
COMPARTMENTS	GOCC:0031224	Intrinsic component of membrane	21	1606	0.42	0.43	0.0045	9606.ENSP00000222573,9606.ENSP00000226218,9606.ENSP00000245907,9606.ENSP00000263578,9606.ENSP00000264832,9606.ENSP00000310036,9606.ENSP00000330737,9606.ENSP00000340019,9606.ENSP00000352071,9606.ENSP00000360141,9606.ENSP00000363868,9606.ENSP00000364114,9606.ENSP00000365402,9606.ENSP00000367851,9606.ENSP00000370635,9606.ENSP00000378786,9606.ENSP00000380948,9606.ENSP00000381340,9606.ENSP00000411355,9606.ENSP00000452786,9606.ENSP00000480132	ITGB8,VTN,C3,FOXRED1,ICAM1,CD34,NDUFA12,HSPD1,CD163,GNAS,ABCA1,HLA-DRB5,HLA-C,CYBB,SLC39A14,HLA-DRA,ITGB2,GGT5,PTPRC,ITGB3,NCAM1
COMPARTMENTS	GOCC:0005925	Focal adhesion	8	269	0.77	0.52	0.0067	9606.ENSP00000264832,9606.ENSP00000268182,9606.ENSP00000348128,9606.ENSP00000379975,9606.ENSP00000381581,9606.ENSP00000389631,9606.ENSP00000411355,9606.ENSP00000452786	ICAM1,IQGAP1,SVIL,ILK,LCP1,ARPC1B,PTPRC,ITGB3
COMPARTMENTS	GOCC:0043227	Membrane-bounded organelle	65	9083	0.15	0.31	0.0067	9606.ENSP00000173229,9606.ENSP00000222573,9606.ENSP00000226218,9606.ENSP00000245907,9606.ENSP00000249330,9606.ENSP00000260665,9606.ENSP00000263578,9606.ENSP00000264613,9606.ENSP00000264637,9606.ENSP00000264828,9606.ENSP00000264832,9606.ENSP00000266022,9606.ENSP00000266041,9606.ENSP00000268182,9606.ENSP00000296220,9606.ENSP00000298159,9606.ENSP00000300060,9606.ENSP00000310036,9606.ENSP00000310623,9606.ENSP00000314649,9606.ENSP00000317780,9606.ENSP00000330737,9606.ENSP00000340019,9606.ENSP00000348128,9606.ENSP00000349577,9606.ENSP00000349748,9606.ENSP00000350314,9606.ENSP00000351646,9606.ENSP00000352071,9606.ENSP00000359151,9606.ENSP00000359497,9606.ENSP00000360141,9606.ENSP00000363017,9606.ENSP00000363868,9606.ENSP00000364114,9606.ENSP00000365402,9606.ENSP00000365462,9606.ENSP00000367851,9606.ENSP00000369739,9606.ENSP00000370635,9606.ENSP00000371152,9606.ENSP00000372155,9606.ENSP00000373477,9606.ENSP00000376184,9606.ENSP00000377486,9606.ENSP00000378786,9606.ENSP00000379372,9606.ENSP00000379845,9606.ENSP00000379975,9606.ENSP00000380948,9606.ENSP00000381601,9606.ENSP00000411355,9606.ENSP00000417864,9606.ENSP00000420588,9606.ENSP00000432768,9606.ENSP00000436126,9606.ENSP00000450540,9606.ENSP00000452786,9606.ENSP00000473980,9606.ENSP00000478303,9606.ENSP00000480132,9606.ENSP00000482841,9606.ENSP00000491537,9606.ENSP00000497382,9606.ENSP00000498358	NTN1,ITGB8,VTN,C3,VGF,LRPPRC,FOXRED1,CP,THRA,COL5A3,ICAM1,RBM6,ITIH4,IQGAP1,OSBPL11,CFL2,ANPEP,CD34,ISCU,ALDH5A1,COX5A,NDUFA12,HSPD1,SVIL,PRODH,SFPQ,BCO2,STIP1,CD163,DBT,GBP2,GNAS,RPA2,ABCA1,HLA-DRB5,HLA-C,PCCA,CYBB,BPHL,SLC39A14,ASAH1,PSME1,GPX3,BDH1,MRPL19,HLA-DRA,GTF2A2,ABAT,ILK,ITGB2,MX1,PTPRC,ANP32A,TFAM,CKAP5,SAA2,SERPINA3,ITGB3,MRPL37,POLR2E,NCAM1,CRABP2,FDFT1,CD53,FECH
COMPARTMENTS	GOCC:0015629	Actin cytoskeleton	9	363	0.69	0.48	0.0085	9606.ENSP00000173229,9606.ENSP00000248594,9606.ENSP00000268182,9606.ENSP00000298159,9606.ENSP00000348128,9606.ENSP00000377195,9606.ENSP00000381581,9606.ENSP00000389631,9606.ENSP00000446955	NTN1,PTPN12,IQGAP1,CFL2,SVIL,DBN1,LCP1,ARPC1B,MYL6
COMPARTMENTS	GOCC:0005829	Cytosol	30	3054	0.29	0.34	0.0131	9606.ENSP00000046794,9606.ENSP00000236959,9606.ENSP00000248594,9606.ENSP00000264637,9606.ENSP00000268182,9606.ENSP00000300648,9606.ENSP00000310623,9606.ENSP00000311469,9606.ENSP00000322706,9606.ENSP00000330737,9606.ENSP00000340019,9606.ENSP00000348128,9606.ENSP00000351646,9606.ENSP00000352071,9606.ENSP00000357055,9606.ENSP00000359258,9606.ENSP00000359497,9606.ENSP00000360141,9606.ENSP00000372155,9606.ENSP00000379975,9606.ENSP00000380958,9606.ENSP00000381581,9606.ENSP00000381601,9606.ENSP00000385757,9606.ENSP00000392147,9606.ENSP00000410242,9606.ENSP00000432768,9606.ENSP00000446955,9606.ENSP00000480132,9606.ENSP00000482841	LCP2,ATIC,PTPN12,THRA,IQGAP1,GCN1,ISCU,GSTM1,HMGCS1,NDUFA12,HSPD1,SVIL,STIP1,CD163,PEA15,GCLM,GBP2,GNAS,PSME1,ILK,MBP,LCP1,MX1,BLVRA,PPP6C,IGF2BP2,CKAP5,MYL6,NCAM1,CRABP2
COMPARTMENTS	GOCC:0016021	Integral component of membrane	19	1507	0.4	0.37	0.0135	9606.ENSP00000222573,9606.ENSP00000226218,9606.ENSP00000245907,9606.ENSP00000263578,9606.ENSP00000264832,9606.ENSP00000310036,9606.ENSP00000330737,9606.ENSP00000340019,9606.ENSP00000352071,9606.ENSP00000363868,9606.ENSP00000364114,9606.ENSP00000365402,9606.ENSP00000367851,9606.ENSP00000370635,9606.ENSP00000378786,9606.ENSP00000380948,9606.ENSP00000411355,9606.ENSP00000452786,9606.ENSP00000480132	ITGB8,VTN,C3,FOXRED1,ICAM1,CD34,NDUFA12,HSPD1,CD163,ABCA1,HLA-DRB5,HLA-C,CYBB,SLC39A14,HLA-DRA,ITGB2,PTPRC,ITGB3,NCAM1
COMPARTMENTS	GOCC:0098797	Plasma membrane protein complex	12	682	0.54	0.41	0.0135	9606.ENSP00000222573,9606.ENSP00000226218,9606.ENSP00000245907,9606.ENSP00000264832,9606.ENSP00000360141,9606.ENSP00000363868,9606.ENSP00000364114,9606.ENSP00000365402,9606.ENSP00000367851,9606.ENSP00000378786,9606.ENSP00000380948,9606.ENSP00000452786	ITGB8,VTN,C3,ICAM1,GNAS,ABCA1,HLA-DRB5,HLA-C,CYBB,HLA-DRA,ITGB2,ITGB3
COMPARTMENTS	GOCC:0009897	External side of plasma membrane	5	102	0.99	0.49	0.0144	9606.ENSP00000310036,9606.ENSP00000352071,9606.ENSP00000380948,9606.ENSP00000411355,9606.ENSP00000480132	CD34,CD163,ITGB2,PTPRC,NCAM1
COMPARTMENTS	GOCC:0034687	Integrin alphaL-beta2 complex	2	3	2.12	0.53	0.0171	9606.ENSP00000264832,9606.ENSP00000380948	ICAM1,ITGB2
COMPARTMENTS	GOCC:0042611	MHC protein complex	3	22	1.43	0.51	0.0171	9606.ENSP00000364114,9606.ENSP00000365402,9606.ENSP00000378786	HLA-DRB5,HLA-C,HLA-DRA
COMPARTMENTS	GOCC:0071062	alphav-beta3 integrin-vitronectin complex	2	3	2.12	0.53	0.0171	9606.ENSP00000226218,9606.ENSP00000452786	VTN,ITGB3
COMPARTMENTS	GOCC:0002102	Podosome	3	25	1.38	0.47	0.0232	9606.ENSP00000248594,9606.ENSP00000348128,9606.ENSP00000381581	PTPN12,SVIL,LCP1
COMPARTMENTS	GOCC:0032144	4-aminobutyrate transaminase complex	2	4	2.0	0.49	0.0232	9606.ENSP00000314649,9606.ENSP00000379845	ALDH5A1,ABAT
COMPARTMENTS	GOCC:0071556	Integral component of lumenal side of endoplasmic reticulum membrane	3	26	1.36	0.46	0.0244	9606.ENSP00000364114,9606.ENSP00000365402,9606.ENSP00000378786	HLA-DRB5,HLA-C,HLA-DRA
COMPARTMENTS	GOCC:0071944	Cell periphery	34	3860	0.24	0.29	0.0244	9606.ENSP00000011473,9606.ENSP00000046794,9606.ENSP00000222573,9606.ENSP00000226218,9606.ENSP00000236959,9606.ENSP00000245907,9606.ENSP00000264828,9606.ENSP00000264832,9606.ENSP00000268182,9606.ENSP00000298159,9606.ENSP00000300060,9606.ENSP00000310036,9606.ENSP00000340019,9606.ENSP00000348128,9606.ENSP00000352071,9606.ENSP00000360141,9606.ENSP00000363868,9606.ENSP00000364114,9606.ENSP00000365402,9606.ENSP00000367851,9606.ENSP00000370635,9606.ENSP00000373477,9606.ENSP00000377195,9606.ENSP00000378786,9606.ENSP00000379975,9606.ENSP00000380948,9606.ENSP00000381340,9606.ENSP00000381581,9606.ENSP00000407685,9606.ENSP00000411355,9606.ENSP00000432768,9606.ENSP00000452786,9606.ENSP00000480132,9606.ENSP00000497382	SYPL1,LCP2,ITGB8,VTN,ATIC,C3,COL5A3,ICAM1,IQGAP1,CFL2,ANPEP,CD34,HSPD1,SVIL,CD163,GNAS,ABCA1,HLA-DRB5,HLA-C,CYBB,SLC39A14,GPX3,DBN1,HLA-DRA,ILK,ITGB2,GGT5,LCP1,TNXB,PTPRC,CKAP5,ITGB3,NCAM1,CD53
COMPARTMENTS	GOCC:0098796	Membrane protein complex	17	1353	0.4	0.33	0.0244	9606.ENSP00000222573,9606.ENSP00000226218,9606.ENSP00000245907,9606.ENSP00000263578,9606.ENSP00000264832,9606.ENSP00000310036,9606.ENSP00000317780,9606.ENSP00000330737,9606.ENSP00000340019,9606.ENSP00000360141,9606.ENSP00000363868,9606.ENSP00000364114,9606.ENSP00000365402,9606.ENSP00000367851,9606.ENSP00000378786,9606.ENSP00000380948,9606.ENSP00000452786	ITGB8,VTN,C3,FOXRED1,ICAM1,CD34,COX5A,NDUFA12,HSPD1,GNAS,ABCA1,HLA-DRB5,HLA-C,CYBB,HLA-DRA,ITGB2,ITGB3
COMPARTMENTS	GOCC:0034683	Integrin alphav-beta3 complex	2	5	1.9	0.46	0.0280	9606.ENSP00000226218,9606.ENSP00000452786	VTN,ITGB3
COMPARTMENTS	GOCC:1990204	Oxidoreductase complex	6	197	0.78	0.39	0.0293	9606.ENSP00000263578,9606.ENSP00000310623,9606.ENSP00000330737,9606.ENSP00000359151,9606.ENSP00000367851,9606.ENSP00000373477	FOXRED1,ISCU,NDUFA12,DBT,CYBB,GPX3
COMPARTMENTS	GOCC:0062023	Collagen-containing extracellular matrix	6	198	0.78	0.39	0.0294	9606.ENSP00000173229,9606.ENSP00000226218,9606.ENSP00000264828,9606.ENSP00000264832,9606.ENSP00000407685,9606.ENSP00000480132	NTN1,VTN,COL5A3,ICAM1,TNXB,NCAM1
COMPARTMENTS	GOCC:0099513	Polymeric cytoskeletal fiber	8	382	0.62	0.34	0.0388	9606.ENSP00000257860,9606.ENSP00000260665,9606.ENSP00000268182,9606.ENSP00000298159,9606.ENSP00000310036,9606.ENSP00000348128,9606.ENSP00000380958,9606.ENSP00000381581	PRPH,LRPPRC,IQGAP1,CFL2,CD34,SVIL,MBP,LCP1
COMPARTMENTS	GOCC:0031090	Organelle membrane	23	2290	0.3	0.28	0.0436	9606.ENSP00000260665,9606.ENSP00000263578,9606.ENSP00000264613,9606.ENSP00000300060,9606.ENSP00000317780,9606.ENSP00000330737,9606.ENSP00000349577,9606.ENSP00000352071,9606.ENSP00000360141,9606.ENSP00000363868,9606.ENSP00000364114,9606.ENSP00000365402,9606.ENSP00000367851,9606.ENSP00000370635,9606.ENSP00000376184,9606.ENSP00000378786,9606.ENSP00000380948,9606.ENSP00000381601,9606.ENSP00000411355,9606.ENSP00000452786,9606.ENSP00000491537,9606.ENSP00000497382,9606.ENSP00000498358	LRPPRC,FOXRED1,CP,ANPEP,COX5A,NDUFA12,PRODH,CD163,GNAS,ABCA1,HLA-DRB5,HLA-C,CYBB,SLC39A14,BDH1,HLA-DRA,ITGB2,MX1,PTPRC,ITGB3,FDFT1,CD53,FECH
COMPARTMENTS	GOCC:0034668	Integrin alpha4-beta1 complex	2	7	1.75	0.4	0.0436	9606.ENSP00000264832,9606.ENSP00000380948	ICAM1,ITGB2
COMPARTMENTS	GOCC:0001772	Immunological synapse	3	36	1.22	0.38	0.0466	9606.ENSP00000264832,9606.ENSP00000378786,9606.ENSP00000497382	ICAM1,HLA-DRA,CD53
UniProt Keywords	KW-0011	Acute phase	4	19	1.62	0.74	0.0028	9606.ENSP00000266041,9606.ENSP00000352071,9606.ENSP00000436126,9606.ENSP00000450540	ITIH4,CD163,SAA2,SERPINA3
UniProt Keywords	KW-0809	Transit peptide	13	545	0.68	0.56	0.0028	9606.ENSP00000260665,9606.ENSP00000310623,9606.ENSP00000314649,9606.ENSP00000317780,9606.ENSP00000340019,9606.ENSP00000359151,9606.ENSP00000365462,9606.ENSP00000376184,9606.ENSP00000377486,9606.ENSP00000379845,9606.ENSP00000420588,9606.ENSP00000473980,9606.ENSP00000498358	LRPPRC,ISCU,ALDH5A1,COX5A,HSPD1,DBT,PCCA,BDH1,MRPL19,ABAT,TFAM,MRPL37,FECH
UniProt Keywords	KW-0945	Host-virus interaction	12	540	0.65	0.51	0.0045	9606.ENSP00000264832,9606.ENSP00000268182,9606.ENSP00000300060,9606.ENSP00000340019,9606.ENSP00000365402,9606.ENSP00000378131,9606.ENSP00000378786,9606.ENSP00000379372,9606.ENSP00000411355,9606.ENSP00000452786,9606.ENSP00000478303,9606.ENSP00000480132	ICAM1,IQGAP1,ANPEP,HSPD1,HLA-C,CFI,HLA-DRA,GTF2A2,PTPRC,ITGB3,POLR2E,NCAM1
UniProt Keywords	KW-1068	Hemolytic uremic syndrome	3	10	1.78	0.66	0.0056	9606.ENSP00000245907,9606.ENSP00000378131,9606.ENSP00000416561	C3,CFI,CFB
UniProt Keywords	KW-0007	Acetylation	33	3362	0.29	0.35	0.0091	9606.ENSP00000236959,9606.ENSP00000248594,9606.ENSP00000260665,9606.ENSP00000268182,9606.ENSP00000296220,9606.ENSP00000298159,9606.ENSP00000300648,9606.ENSP00000314649,9606.ENSP00000317780,9606.ENSP00000322706,9606.ENSP00000330737,9606.ENSP00000340019,9606.ENSP00000349748,9606.ENSP00000351646,9606.ENSP00000359151,9606.ENSP00000359258,9606.ENSP00000363017,9606.ENSP00000365462,9606.ENSP00000369739,9606.ENSP00000376184,9606.ENSP00000377195,9606.ENSP00000379845,9606.ENSP00000379975,9606.ENSP00000380958,9606.ENSP00000381581,9606.ENSP00000381601,9606.ENSP00000385757,9606.ENSP00000392147,9606.ENSP00000410242,9606.ENSP00000432768,9606.ENSP00000446955,9606.ENSP00000478303,9606.ENSP00000498358	ATIC,PTPN12,LRPPRC,IQGAP1,OSBPL11,CFL2,GCN1,ALDH5A1,COX5A,HMGCS1,NDUFA12,HSPD1,SFPQ,STIP1,DBT,GCLM,RPA2,PCCA,BPHL,BDH1,DBN1,ABAT,ILK,MBP,LCP1,MX1,BLVRA,PPP6C,IGF2BP2,CKAP5,MYL6,POLR2E,FECH
UniProt Keywords	KW-0496	Mitochondrion	17	1181	0.46	0.41	0.0096	9606.ENSP00000260665,9606.ENSP00000263578,9606.ENSP00000310623,9606.ENSP00000314649,9606.ENSP00000317780,9606.ENSP00000330737,9606.ENSP00000340019,9606.ENSP00000350314,9606.ENSP00000359151,9606.ENSP00000365462,9606.ENSP00000376184,9606.ENSP00000377486,9606.ENSP00000379845,9606.ENSP00000392147,9606.ENSP00000420588,9606.ENSP00000473980,9606.ENSP00000498358	LRPPRC,FOXRED1,ISCU,ALDH5A1,COX5A,NDUFA12,HSPD1,BCO2,DBT,PCCA,BDH1,MRPL19,ABAT,PPP6C,TFAM,MRPL37,FECH
UniProt Keywords	KW-0732	Signal	32	3277	0.29	0.35	0.0097	9606.ENSP00000173229,9606.ENSP00000222573,9606.ENSP00000226218,9606.ENSP00000245907,9606.ENSP00000249330,9606.ENSP00000264613,9606.ENSP00000264828,9606.ENSP00000264832,9606.ENSP00000266041,9606.ENSP00000310036,9606.ENSP00000339157,9606.ENSP00000352071,9606.ENSP00000364114,9606.ENSP00000365402,9606.ENSP00000369739,9606.ENSP00000370635,9606.ENSP00000371152,9606.ENSP00000373477,9606.ENSP00000378131,9606.ENSP00000378786,9606.ENSP00000379212,9606.ENSP00000380948,9606.ENSP00000385035,9606.ENSP00000385451,9606.ENSP00000407685,9606.ENSP00000411355,9606.ENSP00000416561,9606.ENSP00000436126,9606.ENSP00000450540,9606.ENSP00000452786,9606.ENSP00000460236,9606.ENSP00000480132	NTN1,ITGB8,VTN,C3,VGF,CP,COL5A3,ICAM1,ITIH4,CD34,CPM,CD163,HLA-DRB5,HLA-C,BPHL,SLC39A14,ASAH1,GPX3,CFI,HLA-DRA,PODN,ITGB2,C1S,MDK,TNXB,PTPRC,CFB,SAA2,SERPINA3,ITGB3,SPON1,NCAM1
UniProt Keywords	KW-0913	Age-related macular degeneration	3	16	1.57	0.58	0.0097	9606.ENSP00000245907,9606.ENSP00000378131,9606.ENSP00000416561	C3,CFI,CFB
UniProt Keywords	KW-1274	Primary mitochondrial disease	6	157	0.88	0.49	0.0126	9606.ENSP00000260665,9606.ENSP00000263578,9606.ENSP00000317780,9606.ENSP00000330737,9606.ENSP00000379038,9606.ENSP00000420588	LRPPRC,FOXRED1,COX5A,NDUFA12,TYMP,TFAM
UniProt Keywords	KW-0399	Innate immunity	8	329	0.68	0.41	0.0195	9606.ENSP00000245907,9606.ENSP00000349748,9606.ENSP00000365402,9606.ENSP00000378131,9606.ENSP00000381601,9606.ENSP00000385035,9606.ENSP00000392147,9606.ENSP00000416561	C3,SFPQ,HLA-C,CFI,MX1,C1S,PPP6C,CFB
UniProt Keywords	KW-0391	Immunity	10	537	0.57	0.37	0.0246	9606.ENSP00000245907,9606.ENSP00000349748,9606.ENSP00000364114,9606.ENSP00000365402,9606.ENSP00000378131,9606.ENSP00000378786,9606.ENSP00000381601,9606.ENSP00000385035,9606.ENSP00000392147,9606.ENSP00000416561	C3,SFPQ,HLA-DRB5,HLA-C,CFI,HLA-DRA,MX1,C1S,PPP6C,CFB
UniProt Keywords	KW-0401	Integrin	3	26	1.36	0.46	0.0246	9606.ENSP00000222573,9606.ENSP00000380948,9606.ENSP00000452786	ITGB8,ITGB2,ITGB3
UniProt Keywords	KW-1183	Host cell receptor for virus entry	4	68	1.07	0.44	0.0246	9606.ENSP00000264832,9606.ENSP00000300060,9606.ENSP00000452786,9606.ENSP00000480132	ICAM1,ANPEP,ITGB3,NCAM1
UniProt Keywords	KW-0180	Complement pathway	3	30	1.3	0.44	0.0285	9606.ENSP00000245907,9606.ENSP00000378131,9606.ENSP00000385035	C3,CFI,C1S
UniProt Keywords	KW-0130	Cell adhesion	9	478	0.57	0.35	0.0335	9606.ENSP00000222573,9606.ENSP00000226218,9606.ENSP00000264832,9606.ENSP00000310036,9606.ENSP00000380948,9606.ENSP00000407685,9606.ENSP00000452786,9606.ENSP00000460236,9606.ENSP00000480132	ITGB8,VTN,ICAM1,CD34,ITGB2,TNXB,ITGB3,SPON1,NCAM1
UniProt Keywords	KW-0964	Secreted	20	1839	0.34	0.3	0.0335	9606.ENSP00000173229,9606.ENSP00000226218,9606.ENSP00000245907,9606.ENSP00000249330,9606.ENSP00000264613,9606.ENSP00000264828,9606.ENSP00000266041,9606.ENSP00000327323,9606.ENSP00000352071,9606.ENSP00000371152,9606.ENSP00000373477,9606.ENSP00000378131,9606.ENSP00000379212,9606.ENSP00000385451,9606.ENSP00000407685,9606.ENSP00000416561,9606.ENSP00000436126,9606.ENSP00000450540,9606.ENSP00000460236,9606.ENSP00000480132	NTN1,VTN,C3,VGF,CP,COL5A3,ITIH4,THNSL2,CD163,ASAH1,GPX3,CFI,PODN,MDK,TNXB,CFB,SAA2,SERPINA3,SPON1,NCAM1
UniProt Keywords	KW-0317	Glutathione biosynthesis	2	7	1.75	0.43	0.0344	9606.ENSP00000359258,9606.ENSP00000381340	GCLM,GGT5
SMART	SM00187	Integrin beta subunits (N-terminal portion of extracellular region)	3	8	1.87	0.53	0.0160	9606.ENSP00000222573,9606.ENSP00000380948,9606.ENSP00000452786	ITGB8,ITGB2,ITGB3
